f_vco,kvco_target,kind,center,span,rbw,averages,freq,level_dbm
1000000000.0,1146905830.5499647,spectrum,31250000.0,5000000.0,5000.0,20,28750000.0,-57.7648468
1000000000.0,1146905830.5499647,spectrum,31250000.0,5000000.0,5000.0,20,28752500.0,-58.95184708
1000000000.0,1146905830.5499647,spectrum,31250000.0,5000000.0,5000.0,20,28755000.0,-61.88137817
1000000000.0,1146905830.5499647,spectrum,31250000.0,5000000.0,5000.0,20,28757500.0,-59.23664856
1000000000.0,1146905830.5499647,spectrum,31250000.0,5000000.0,5000.0,20,28760000.0,-57.68289566
1000000000.0,1146905830.5499647,spectrum,31250000.0,5000000.0,5000.0,20,28762500.0,-56.27450562
1000000000.0,1146905830.5499647,spectrum,31250000.0,5000000.0,5000.0,20,28765000.0,-57.08800888
1000000000.0,1146905830.5499647,spectrum,31250000.0,5000000.0,5000.0,20,28767500.0,-59.4138031
1000000000.0,1146905830.5499647,spectrum,31250000.0,5000000.0,5000.0,20,28770000.0,-60.20394135
1000000000.0,1146905830.5499647,spectrum,31250000.0,5000000.0,5000.0,20,28772500.0,-60.72834396
1000000000.0,1146905830.5499647,spectrum,31250000.0,5000000.0,5000.0,20,28775000.0,-57.78717041
1000000000.0,1146905830.5499647,spectrum,31250000.0,5000000.0,5000.0,20,28777500.0,-52.45827103
1000000000.0,1146905830.5499647,spectrum,31250000.0,5000000.0,5000.0,20,28780000.0,-51.81895065
1000000000.0,1146905830.5499647,spectrum,31250000.0,5000000.0,5000.0,20,28782500.0,-57.21586609
1000000000.0,1146905830.5499647,spectrum,31250000.0,5000000.0,5000.0,20,28785000.0,-57.24710846
1000000000.0,1146905830.5499647,spectrum,31250000.0,5000000.0,5000.0,20,28787500.0,-57.07403946
1000000000.0,1146905830.5499647,spectrum,31250000.0,5000000.0,5000.0,20,28790000.0,-58.62632751
1000000000.0,1146905830.5499647,spectrum,31250000.0,5000000.0,5000.0,20,28792500.0,-59.16061401
1000000000.0,1146905830.5499647,spectrum,31250000.0,5000000.0,5000.0,20,28795000.0,-61.64123535
1000000000.0,1146905830.5499647,spectrum,31250000.0,5000000.0,5000.0,20,28797500.0,-59.35210037
1000000000.0,1146905830.5499647,spectrum,31250000.0,5000000.0,5000.0,20,28800000.0,-59.35181808
1000000000.0,1146905830.5499647,spectrum,31250000.0,5000000.0,5000.0,20,28802500.0,-59.5969162
1000000000.0,1146905830.5499647,spectrum,31250000.0,5000000.0,5000.0,20,28805000.0,-56.59474182
1000000000.0,1146905830.5499647,spectrum,31250000.0,5000000.0,5000.0,20,28807500.0,-56.63924408
1000000000.0,1146905830.5499647,spectrum,31250000.0,5000000.0,5000.0,20,28810000.0,-55.74728012
1000000000.0,1146905830.5499647,spectrum,31250000.0,5000000.0,5000.0,20,28812500.0,-55.81800461
1000000000.0,1146905830.5499647,spectrum,31250000.0,5000000.0,5000.0,20,28815000.0,-56.13072968
1000000000.0,1146905830.5499647,spectrum,31250000.0,5000000.0,5000.0,20,28817500.0,-57.78694916
1000000000.0,1146905830.5499647,spectrum,31250000.0,5000000.0,5000.0,20,28820000.0,-59.25524902
1000000000.0,1146905830.5499647,spectrum,31250000.0,5000000.0,5000.0,20,28822500.0,-58.91880035
1000000000.0,1146905830.5499647,spectrum,31250000.0,5000000.0,5000.0,20,28825000.0,-58.97867584
1000000000.0,1146905830.5499647,spectrum,31250000.0,5000000.0,5000.0,20,28827500.0,-60.38480759
1000000000.0,1146905830.5499647,spectrum,31250000.0,5000000.0,5000.0,20,28830000.0,-60.59321976
1000000000.0,1146905830.5499647,spectrum,31250000.0,5000000.0,5000.0,20,28832500.0,-59.5151825
1000000000.0,1146905830.5499647,spectrum,31250000.0,5000000.0,5000.0,20,28835000.0,-57.67654419
1000000000.0,1146905830.5499647,spectrum,31250000.0,5000000.0,5000.0,20,28837500.0,-57.71446228
1000000000.0,1146905830.5499647,spectrum,31250000.0,5000000.0,5000.0,20,28840000.0,-57.37957382
1000000000.0,1146905830.5499647,spectrum,31250000.0,5000000.0,5000.0,20,28842500.0,-57.33494949
1000000000.0,1146905830.5499647,spectrum,31250000.0,5000000.0,5000.0,20,28845000.0,-57.16614532
1000000000.0,1146905830.5499647,spectrum,31250000.0,5000000.0,5000.0,20,28847500.0,-55.52005005
1000000000.0,1146905830.5499647,spectrum,31250000.0,5000000.0,5000.0,20,28850000.0,-51.22538757
1000000000.0,1146905830.5499647,spectrum,31250000.0,5000000.0,5000.0,20,28852500.0,-50.53391266
1000000000.0,1146905830.5499647,spectrum,31250000.0,5000000.0,5000.0,20,28855000.0,-54.02355194
1000000000.0,1146905830.5499647,spectrum,31250000.0,5000000.0,5000.0,20,28857500.0,-55.97134399
1000000000.0,1146905830.5499647,spectrum,31250000.0,5000000.0,5000.0,20,28860000.0,-57.4750824
1000000000.0,1146905830.5499647,spectrum,31250000.0,5000000.0,5000.0,20,28862500.0,-57.17172623
1000000000.0,1146905830.5499647,spectrum,31250000.0,5000000.0,5000.0,20,28865000.0,-50.27941132
1000000000.0,1146905830.5499647,spectrum,31250000.0,5000000.0,5000.0,20,28867500.0,-48.7532196
1000000000.0,1146905830.5499647,spectrum,31250000.0,5000000.0,5000.0,20,28870000.0,-52.69988632
1000000000.0,1146905830.5499647,spectrum,31250000.0,5000000.0,5000.0,20,28872500.0,-58.83401108
1000000000.0,1146905830.5499647,spectrum,31250000.0,5000000.0,5000.0,20,28875000.0,-58.88703918
1000000000.0,1146905830.5499647,spectrum,31250000.0,5000000.0,5000.0,20,28877500.0,-59.75148773
1000000000.0,1146905830.5499647,spectrum,31250000.0,5000000.0,5000.0,20,28880000.0,-59.76651001
1000000000.0,1146905830.5499647,spectrum,31250000.0,5000000.0,5000.0,20,28882500.0,-58.93191528
1000000000.0,1146905830.5499647,spectrum,31250000.0,5000000.0,5000.0,20,28885000.0,-57.63139343
1000000000.0,1146905830.5499647,spectrum,31250000.0,5000000.0,5000.0,20,28887500.0,-57.87167358
1000000000.0,1146905830.5499647,spectrum,31250000.0,5000000.0,5000.0,20,28890000.0,-57.33290863
1000000000.0,1146905830.5499647,spectrum,31250000.0,5000000.0,5000.0,20,28892500.0,-56.20228195
1000000000.0,1146905830.5499647,spectrum,31250000.0,5000000.0,5000.0,20,28895000.0,-56.73059464
1000000000.0,1146905830.5499647,spectrum,31250000.0,5000000.0,5000.0,20,28897500.0,-57.81204605
1000000000.0,1146905830.5499647,spectrum,31250000.0,5000000.0,5000.0,20,28900000.0,-56.89081573
1000000000.0,1146905830.5499647,spectrum,31250000.0,5000000.0,5000.0,20,28902500.0,-56.88570786
1000000000.0,1146905830.5499647,spectrum,31250000.0,5000000.0,5000.0,20,28905000.0,-57.0218277
1000000000.0,1146905830.5499647,spectrum,31250000.0,5000000.0,5000.0,20,28907500.0,-57.23579025
1000000000.0,1146905830.5499647,spectrum,31250000.0,5000000.0,5000.0,20,28910000.0,-57.91999054
1000000000.0,1146905830.5499647,spectrum,31250000.0,5000000.0,5000.0,20,28912500.0,-57.56624603
1000000000.0,1146905830.5499647,spectrum,31250000.0,5000000.0,5000.0,20,28915000.0,-58.41498184
1000000000.0,1146905830.5499647,spectrum,31250000.0,5000000.0,5000.0,20,28917500.0,-53.32049561
1000000000.0,1146905830.5499647,spectrum,31250000.0,5000000.0,5000.0,20,28920000.0,-48.78607559
1000000000.0,1146905830.5499647,spectrum,31250000.0,5000000.0,5000.0,20,28922500.0,-49.83158112
1000000000.0,1146905830.5499647,spectrum,31250000.0,5000000.0,5000.0,20,28925000.0,-54.77910233
1000000000.0,1146905830.5499647,spectrum,31250000.0,5000000.0,5000.0,20,28927500.0,-57.09552002
1000000000.0,1146905830.5499647,spectrum,31250000.0,5000000.0,5000.0,20,28930000.0,-56.94652176
1000000000.0,1146905830.5499647,spectrum,31250000.0,5000000.0,5000.0,20,28932500.0,-58.25328827
1000000000.0,1146905830.5499647,spectrum,31250000.0,5000000.0,5000.0,20,28935000.0,-57.14931107
1000000000.0,1146905830.5499647,spectrum,31250000.0,5000000.0,5000.0,20,28937500.0,-55.77238464
1000000000.0,1146905830.5499647,spectrum,31250000.0,5000000.0,5000.0,20,28940000.0,-55.46784592
1000000000.0,1146905830.5499647,spectrum,31250000.0,5000000.0,5000.0,20,28942500.0,-54.73420715
1000000000.0,1146905830.5499647,spectrum,31250000.0,5000000.0,5000.0,20,28945000.0,-53.78278351
1000000000.0,1146905830.5499647,spectrum,31250000.0,5000000.0,5000.0,20,28947500.0,-53.62780762
1000000000.0,1146905830.5499647,spectrum,31250000.0,5000000.0,5000.0,20,28950000.0,-55.06075668
1000000000.0,1146905830.5499647,spectrum,31250000.0,5000000.0,5000.0,20,28952500.0,-57.32035828
1000000000.0,1146905830.5499647,spectrum,31250000.0,5000000.0,5000.0,20,28955000.0,-57.89842224
1000000000.0,1146905830.5499647,spectrum,31250000.0,5000000.0,5000.0,20,28957500.0,-55.89863586
1000000000.0,1146905830.5499647,spectrum,31250000.0,5000000.0,5000.0,20,28960000.0,-56.32083893
1000000000.0,1146905830.5499647,spectrum,31250000.0,5000000.0,5000.0,20,28962500.0,-57.29103088
1000000000.0,1146905830.5499647,spectrum,31250000.0,5000000.0,5000.0,20,28965000.0,-56.9473877
1000000000.0,1146905830.5499647,spectrum,31250000.0,5000000.0,5000.0,20,28967500.0,-56.64559937
1000000000.0,1146905830.5499647,spectrum,31250000.0,5000000.0,5000.0,20,28970000.0,-55.05607986
1000000000.0,1146905830.5499647,spectrum,31250000.0,5000000.0,5000.0,20,28972500.0,-56.25123978
1000000000.0,1146905830.5499647,spectrum,31250000.0,5000000.0,5000.0,20,28975000.0,-56.56042099
1000000000.0,1146905830.5499647,spectrum,31250000.0,5000000.0,5000.0,20,28977500.0,-55.81021118
1000000000.0,1146905830.5499647,spectrum,31250000.0,5000000.0,5000.0,20,28980000.0,-57.08596802
1000000000.0,1146905830.5499647,spectrum,31250000.0,5000000.0,5000.0,20,28982500.0,-53.61811447
1000000000.0,1146905830.5499647,spectrum,31250000.0,5000000.0,5000.0,20,28985000.0,-54.45761108
1000000000.0,1146905830.5499647,spectrum,31250000.0,5000000.0,5000.0,20,28987500.0,-53.64589691
1000000000.0,1146905830.5499647,spectrum,31250000.0,5000000.0,5000.0,20,28990000.0,-52.19347763
1000000000.0,1146905830.5499647,spectrum,31250000.0,5000000.0,5000.0,20,28992500.0,-51.74074173
1000000000.0,1146905830.5499647,spectrum,31250000.0,5000000.0,5000.0,20,28995000.0,-52.12606812
1000000000.0,1146905830.5499647,spectrum,31250000.0,5000000.0,5000.0,20,28997500.0,-52.92633438
1000000000.0,1146905830.5499647,spectrum,31250000.0,5000000.0,5000.0,20,29000000.0,-52.67027664
1000000000.0,1146905830.5499647,spectrum,31250000.0,5000000.0,5000.0,20,29002500.0,-53.32024384
1000000000.0,1146905830.5499647,spectrum,31250000.0,5000000.0,5000.0,20,29005000.0,-55.78710556
1000000000.0,1146905830.5499647,spectrum,31250000.0,5000000.0,5000.0,20,29007500.0,-54.77502441
1000000000.0,1146905830.5499647,spectrum,31250000.0,5000000.0,5000.0,20,29010000.0,-55.10027695
1000000000.0,1146905830.5499647,spectrum,31250000.0,5000000.0,5000.0,20,29012500.0,-53.55213165
1000000000.0,1146905830.5499647,spectrum,31250000.0,5000000.0,5000.0,20,29015000.0,-53.0344429
1000000000.0,1146905830.5499647,spectrum,31250000.0,5000000.0,5000.0,20,29017500.0,-54.11532593
1000000000.0,1146905830.5499647,spectrum,31250000.0,5000000.0,5000.0,20,29020000.0,-52.174263
1000000000.0,1146905830.5499647,spectrum,31250000.0,5000000.0,5000.0,20,29022500.0,-51.69622421
1000000000.0,1146905830.5499647,spectrum,31250000.0,5000000.0,5000.0,20,29025000.0,-50.9951973
1000000000.0,1146905830.5499647,spectrum,31250000.0,5000000.0,5000.0,20,29027500.0,-49.73021698
1000000000.0,1146905830.5499647,spectrum,31250000.0,5000000.0,5000.0,20,29030000.0,-48.53129959
1000000000.0,1146905830.5499647,spectrum,31250000.0,5000000.0,5000.0,20,29032500.0,-49.5718956
1000000000.0,1146905830.5499647,spectrum,31250000.0,5000000.0,5000.0,20,29035000.0,-50.44923782
1000000000.0,1146905830.5499647,spectrum,31250000.0,5000000.0,5000.0,20,29037500.0,-50.28001785
1000000000.0,1146905830.5499647,spectrum,31250000.0,5000000.0,5000.0,20,29040000.0,-49.79592514
1000000000.0,1146905830.5499647,spectrum,31250000.0,5000000.0,5000.0,20,29042500.0,-50.3645401
1000000000.0,1146905830.5499647,spectrum,31250000.0,5000000.0,5000.0,20,29045000.0,-51.66234207
1000000000.0,1146905830.5499647,spectrum,31250000.0,5000000.0,5000.0,20,29047500.0,-51.35397339
1000000000.0,1146905830.5499647,spectrum,31250000.0,5000000.0,5000.0,20,29050000.0,-51.65684128
1000000000.0,1146905830.5499647,spectrum,31250000.0,5000000.0,5000.0,20,29052500.0,-53.48795319
1000000000.0,1146905830.5499647,spectrum,31250000.0,5000000.0,5000.0,20,29055000.0,-53.28508377
1000000000.0,1146905830.5499647,spectrum,31250000.0,5000000.0,5000.0,20,29057500.0,-53.14279175
1000000000.0,1146905830.5499647,spectrum,31250000.0,5000000.0,5000.0,20,29060000.0,-49.76385117
1000000000.0,1146905830.5499647,spectrum,31250000.0,5000000.0,5000.0,20,29062500.0,-48.17719269
1000000000.0,1146905830.5499647,spectrum,31250000.0,5000000.0,5000.0,20,29065000.0,-47.92090988
1000000000.0,1146905830.5499647,spectrum,31250000.0,5000000.0,5000.0,20,29067500.0,-49.94525909
1000000000.0,1146905830.5499647,spectrum,31250000.0,5000000.0,5000.0,20,29070000.0,-50.53598404
1000000000.0,1146905830.5499647,spectrum,31250000.0,5000000.0,5000.0,20,29072500.0,-49.07498169
1000000000.0,1146905830.5499647,spectrum,31250000.0,5000000.0,5000.0,20,29075000.0,-48.29864502
1000000000.0,1146905830.5499647,spectrum,31250000.0,5000000.0,5000.0,20,29077500.0,-46.87698746
1000000000.0,1146905830.5499647,spectrum,31250000.0,5000000.0,5000.0,20,29080000.0,-45.99334335
1000000000.0,1146905830.5499647,spectrum,31250000.0,5000000.0,5000.0,20,29082500.0,-46.05406189
1000000000.0,1146905830.5499647,spectrum,31250000.0,5000000.0,5000.0,20,29085000.0,-47.77623367
1000000000.0,1146905830.5499647,spectrum,31250000.0,5000000.0,5000.0,20,29087500.0,-48.54205704
1000000000.0,1146905830.5499647,spectrum,31250000.0,5000000.0,5000.0,20,29090000.0,-49.92711639
1000000000.0,1146905830.5499647,spectrum,31250000.0,5000000.0,5000.0,20,29092500.0,-51.98973846
1000000000.0,1146905830.5499647,spectrum,31250000.0,5000000.0,5000.0,20,29095000.0,-49.83546066
1000000000.0,1146905830.5499647,spectrum,31250000.0,5000000.0,5000.0,20,29097500.0,-45.42738724
1000000000.0,1146905830.5499647,spectrum,31250000.0,5000000.0,5000.0,20,29100000.0,-43.61443329
1000000000.0,1146905830.5499647,spectrum,31250000.0,5000000.0,5000.0,20,29102500.0,-44.83918381
1000000000.0,1146905830.5499647,spectrum,31250000.0,5000000.0,5000.0,20,29105000.0,-47.10831833
1000000000.0,1146905830.5499647,spectrum,31250000.0,5000000.0,5000.0,20,29107500.0,-48.22393799
1000000000.0,1146905830.5499647,spectrum,31250000.0,5000000.0,5000.0,20,29110000.0,-49.54309464
1000000000.0,1146905830.5499647,spectrum,31250000.0,5000000.0,5000.0,20,29112500.0,-47.81624985
1000000000.0,1146905830.5499647,spectrum,31250000.0,5000000.0,5000.0,20,29115000.0,-47.58927536
1000000000.0,1146905830.5499647,spectrum,31250000.0,5000000.0,5000.0,20,29117500.0,-48.34812927
1000000000.0,1146905830.5499647,spectrum,31250000.0,5000000.0,5000.0,20,29120000.0,-48.46709824
1000000000.0,1146905830.5499647,spectrum,31250000.0,5000000.0,5000.0,20,29122500.0,-45.39538193
1000000000.0,1146905830.5499647,spectrum,31250000.0,5000000.0,5000.0,20,29125000.0,-45.01282501
1000000000.0,1146905830.5499647,spectrum,31250000.0,5000000.0,5000.0,20,29127500.0,-45.07107162
1000000000.0,1146905830.5499647,spectrum,31250000.0,5000000.0,5000.0,20,29130000.0,-40.2623558
1000000000.0,1146905830.5499647,spectrum,31250000.0,5000000.0,5000.0,20,29132500.0,-38.80842209
1000000000.0,1146905830.5499647,spectrum,31250000.0,5000000.0,5000.0,20,29135000.0,-42.0491066
1000000000.0,1146905830.5499647,spectrum,31250000.0,5000000.0,5000.0,20,29137500.0,-44.29768753
1000000000.0,1146905830.5499647,spectrum,31250000.0,5000000.0,5000.0,20,29140000.0,-45.80823517
1000000000.0,1146905830.5499647,spectrum,31250000.0,5000000.0,5000.0,20,29142500.0,-47.63015747
1000000000.0,1146905830.5499647,spectrum,31250000.0,5000000.0,5000.0,20,29145000.0,-47.23470688
1000000000.0,1146905830.5499647,spectrum,31250000.0,5000000.0,5000.0,20,29147500.0,-47.51678848
1000000000.0,1146905830.5499647,spectrum,31250000.0,5000000.0,5000.0,20,29150000.0,-47.30945969
1000000000.0,1146905830.5499647,spectrum,31250000.0,5000000.0,5000.0,20,29152500.0,-45.27806091
1000000000.0,1146905830.5499647,spectrum,31250000.0,5000000.0,5000.0,20,29155000.0,-44.24501038
1000000000.0,1146905830.5499647,spectrum,31250000.0,5000000.0,5000.0,20,29157500.0,-44.92602921
1000000000.0,1146905830.5499647,spectrum,31250000.0,5000000.0,5000.0,20,29160000.0,-47.54344177
1000000000.0,1146905830.5499647,spectrum,31250000.0,5000000.0,5000.0,20,29162500.0,-46.96315002
1000000000.0,1146905830.5499647,spectrum,31250000.0,5000000.0,5000.0,20,29165000.0,-46.34865952
1000000000.0,1146905830.5499647,spectrum,31250000.0,5000000.0,5000.0,20,29167500.0,-46.85152435
1000000000.0,1146905830.5499647,spectrum,31250000.0,5000000.0,5000.0,20,29170000.0,-46.73778152
1000000000.0,1146905830.5499647,spectrum,31250000.0,5000000.0,5000.0,20,29172500.0,-45.04812241
1000000000.0,1146905830.5499647,spectrum,31250000.0,5000000.0,5000.0,20,29175000.0,-44.71580887
1000000000.0,1146905830.5499647,spectrum,31250000.0,5000000.0,5000.0,20,29177500.0,-47.06166458
1000000000.0,1146905830.5499647,spectrum,31250000.0,5000000.0,5000.0,20,29180000.0,-47.25500107
1000000000.0,1146905830.5499647,spectrum,31250000.0,5000000.0,5000.0,20,29182500.0,-47.80120468
1000000000.0,1146905830.5499647,spectrum,31250000.0,5000000.0,5000.0,20,29185000.0,-45.87797546
1000000000.0,1146905830.5499647,spectrum,31250000.0,5000000.0,5000.0,20,29187500.0,-47.6077919
1000000000.0,1146905830.5499647,spectrum,31250000.0,5000000.0,5000.0,20,29190000.0,-46.78414536
1000000000.0,1146905830.5499647,spectrum,31250000.0,5000000.0,5000.0,20,29192500.0,-47.19114304
1000000000.0,1146905830.5499647,spectrum,31250000.0,5000000.0,5000.0,20,29195000.0,-46.1544075
1000000000.0,1146905830.5499647,spectrum,31250000.0,5000000.0,5000.0,20,29197500.0,-47.46398163
1000000000.0,1146905830.5499647,spectrum,31250000.0,5000000.0,5000.0,20,29200000.0,-47.51483917
1000000000.0,1146905830.5499647,spectrum,31250000.0,5000000.0,5000.0,20,29202500.0,-46.25402069
1000000000.0,1146905830.5499647,spectrum,31250000.0,5000000.0,5000.0,20,29205000.0,-45.22877884
1000000000.0,1146905830.5499647,spectrum,31250000.0,5000000.0,5000.0,20,29207500.0,-47.11865997
1000000000.0,1146905830.5499647,spectrum,31250000.0,5000000.0,5000.0,20,29210000.0,-46.80294418
1000000000.0,1146905830.5499647,spectrum,31250000.0,5000000.0,5000.0,20,29212500.0,-46.25317764
1000000000.0,1146905830.5499647,spectrum,31250000.0,5000000.0,5000.0,20,29215000.0,-44.27789688
1000000000.0,1146905830.5499647,spectrum,31250000.0,5000000.0,5000.0,20,29217500.0,-43.48861694
1000000000.0,1146905830.5499647,spectrum,31250000.0,5000000.0,5000.0,20,29220000.0,-43.5097084
1000000000.0,1146905830.5499647,spectrum,31250000.0,5000000.0,5000.0,20,29222500.0,-44.82219315
1000000000.0,1146905830.5499647,spectrum,31250000.0,5000000.0,5000.0,20,29225000.0,-47.61361694
1000000000.0,1146905830.5499647,spectrum,31250000.0,5000000.0,5000.0,20,29227500.0,-49.18980026
1000000000.0,1146905830.5499647,spectrum,31250000.0,5000000.0,5000.0,20,29230000.0,-48.52363586
1000000000.0,1146905830.5499647,spectrum,31250000.0,5000000.0,5000.0,20,29232500.0,-46.78326416
1000000000.0,1146905830.5499647,spectrum,31250000.0,5000000.0,5000.0,20,29235000.0,-46.68989563
1000000000.0,1146905830.5499647,spectrum,31250000.0,5000000.0,5000.0,20,29237500.0,-47.30899048
1000000000.0,1146905830.5499647,spectrum,31250000.0,5000000.0,5000.0,20,29240000.0,-48.9347229
1000000000.0,1146905830.5499647,spectrum,31250000.0,5000000.0,5000.0,20,29242500.0,-50.5
1000000000.0,1146905830.5499647,spectrum,31250000.0,5000000.0,5000.0,20,29245000.0,-48.88129807
1000000000.0,1146905830.5499647,spectrum,31250000.0,5000000.0,5000.0,20,29247500.0,-47.41226578
1000000000.0,1146905830.5499647,spectrum,31250000.0,5000000.0,5000.0,20,29250000.0,-47.60712433
1000000000.0,1146905830.5499647,spectrum,31250000.0,5000000.0,5000.0,20,29252500.0,-47.64675903
1000000000.0,1146905830.5499647,spectrum,31250000.0,5000000.0,5000.0,20,29255000.0,-48.36188126
1000000000.0,1146905830.5499647,spectrum,31250000.0,5000000.0,5000.0,20,29257500.0,-46.25762177
1000000000.0,1146905830.5499647,spectrum,31250000.0,5000000.0,5000.0,20,29260000.0,-45.87752533
1000000000.0,1146905830.5499647,spectrum,31250000.0,5000000.0,5000.0,20,29262500.0,-46.8012619
1000000000.0,1146905830.5499647,spectrum,31250000.0,5000000.0,5000.0,20,29265000.0,-47.53422165
1000000000.0,1146905830.5499647,spectrum,31250000.0,5000000.0,5000.0,20,29267500.0,-49.49980164
1000000000.0,1146905830.5499647,spectrum,31250000.0,5000000.0,5000.0,20,29270000.0,-50.4793663
1000000000.0,1146905830.5499647,spectrum,31250000.0,5000000.0,5000.0,20,29272500.0,-48.99466324
1000000000.0,1146905830.5499647,spectrum,31250000.0,5000000.0,5000.0,20,29275000.0,-49.07474518
1000000000.0,1146905830.5499647,spectrum,31250000.0,5000000.0,5000.0,20,29277500.0,-41.99135971
1000000000.0,1146905830.5499647,spectrum,31250000.0,5000000.0,5000.0,20,29280000.0,-40.76985931
1000000000.0,1146905830.5499647,spectrum,31250000.0,5000000.0,5000.0,20,29282500.0,-45.90943527
1000000000.0,1146905830.5499647,spectrum,31250000.0,5000000.0,5000.0,20,29285000.0,-51.59090042
1000000000.0,1146905830.5499647,spectrum,31250000.0,5000000.0,5000.0,20,29287500.0,-50.74031448
1000000000.0,1146905830.5499647,spectrum,31250000.0,5000000.0,5000.0,20,29290000.0,-51.99761581
1000000000.0,1146905830.5499647,spectrum,31250000.0,5000000.0,5000.0,20,29292500.0,-50.71669388
1000000000.0,1146905830.5499647,spectrum,31250000.0,5000000.0,5000.0,20,29295000.0,-48.45270538
1000000000.0,1146905830.5499647,spectrum,31250000.0,5000000.0,5000.0,20,29297500.0,-45.60741043
1000000000.0,1146905830.5499647,spectrum,31250000.0,5000000.0,5000.0,20,29300000.0,-44.23101044
1000000000.0,1146905830.5499647,spectrum,31250000.0,5000000.0,5000.0,20,29302500.0,-47.45204926
1000000000.0,1146905830.5499647,spectrum,31250000.0,5000000.0,5000.0,20,29305000.0,-50.36429214
1000000000.0,1146905830.5499647,spectrum,31250000.0,5000000.0,5000.0,20,29307500.0,-48.58044815
1000000000.0,1146905830.5499647,spectrum,31250000.0,5000000.0,5000.0,20,29310000.0,-47.21736145
1000000000.0,1146905830.5499647,spectrum,31250000.0,5000000.0,5000.0,20,29312500.0,-48.41462326
1000000000.0,1146905830.5499647,spectrum,31250000.0,5000000.0,5000.0,20,29315000.0,-50.67061996
1000000000.0,1146905830.5499647,spectrum,31250000.0,5000000.0,5000.0,20,29317500.0,-52.15532684
1000000000.0,1146905830.5499647,spectrum,31250000.0,5000000.0,5000.0,20,29320000.0,-49.96926498
1000000000.0,1146905830.5499647,spectrum,31250000.0,5000000.0,5000.0,20,29322500.0,-50.69393921
1000000000.0,1146905830.5499647,spectrum,31250000.0,5000000.0,5000.0,20,29325000.0,-52.116642
1000000000.0,1146905830.5499647,spectrum,31250000.0,5000000.0,5000.0,20,29327500.0,-52.41513824
1000000000.0,1146905830.5499647,spectrum,31250000.0,5000000.0,5000.0,20,29330000.0,-50.80384827
1000000000.0,1146905830.5499647,spectrum,31250000.0,5000000.0,5000.0,20,29332500.0,-51.01288223
1000000000.0,1146905830.5499647,spectrum,31250000.0,5000000.0,5000.0,20,29335000.0,-51.88117218
1000000000.0,1146905830.5499647,spectrum,31250000.0,5000000.0,5000.0,20,29337500.0,-52.91040802
1000000000.0,1146905830.5499647,spectrum,31250000.0,5000000.0,5000.0,20,29340000.0,-52.50472641
1000000000.0,1146905830.5499647,spectrum,31250000.0,5000000.0,5000.0,20,29342500.0,-52.56022263
1000000000.0,1146905830.5499647,spectrum,31250000.0,5000000.0,5000.0,20,29345000.0,-54.50320435
1000000000.0,1146905830.5499647,spectrum,31250000.0,5000000.0,5000.0,20,29347500.0,-53.88150406
1000000000.0,1146905830.5499647,spectrum,31250000.0,5000000.0,5000.0,20,29350000.0,-53.53836441
1000000000.0,1146905830.5499647,spectrum,31250000.0,5000000.0,5000.0,20,29352500.0,-52.23865891
1000000000.0,1146905830.5499647,spectrum,31250000.0,5000000.0,5000.0,20,29355000.0,-52.14538956
1000000000.0,1146905830.5499647,spectrum,31250000.0,5000000.0,5000.0,20,29357500.0,-52.4548378
1000000000.0,1146905830.5499647,spectrum,31250000.0,5000000.0,5000.0,20,29360000.0,-50.87376404
1000000000.0,1146905830.5499647,spectrum,31250000.0,5000000.0,5000.0,20,29362500.0,-49.46962738
1000000000.0,1146905830.5499647,spectrum,31250000.0,5000000.0,5000.0,20,29365000.0,-48.76438141
1000000000.0,1146905830.5499647,spectrum,31250000.0,5000000.0,5000.0,20,29367500.0,-48.14838409
1000000000.0,1146905830.5499647,spectrum,31250000.0,5000000.0,5000.0,20,29370000.0,-49.23685074
1000000000.0,1146905830.5499647,spectrum,31250000.0,5000000.0,5000.0,20,29372500.0,-50.99632263
1000000000.0,1146905830.5499647,spectrum,31250000.0,5000000.0,5000.0,20,29375000.0,-48.79248428
1000000000.0,1146905830.5499647,spectrum,31250000.0,5000000.0,5000.0,20,29377500.0,-51.12594604
1000000000.0,1146905830.5499647,spectrum,31250000.0,5000000.0,5000.0,20,29380000.0,-52.97857666
1000000000.0,1146905830.5499647,spectrum,31250000.0,5000000.0,5000.0,20,29382500.0,-50.56504059
1000000000.0,1146905830.5499647,spectrum,31250000.0,5000000.0,5000.0,20,29385000.0,-50.79136276
1000000000.0,1146905830.5499647,spectrum,31250000.0,5000000.0,5000.0,20,29387500.0,-51.94735718
1000000000.0,1146905830.5499647,spectrum,31250000.0,5000000.0,5000.0,20,29390000.0,-51.46488571
1000000000.0,1146905830.5499647,spectrum,31250000.0,5000000.0,5000.0,20,29392500.0,-51.21943665
1000000000.0,1146905830.5499647,spectrum,31250000.0,5000000.0,5000.0,20,29395000.0,-49.98513031
1000000000.0,1146905830.5499647,spectrum,31250000.0,5000000.0,5000.0,20,29397500.0,-49.27202988
1000000000.0,1146905830.5499647,spectrum,31250000.0,5000000.0,5000.0,20,29400000.0,-50.74298859
1000000000.0,1146905830.5499647,spectrum,31250000.0,5000000.0,5000.0,20,29402500.0,-49.05289459
1000000000.0,1146905830.5499647,spectrum,31250000.0,5000000.0,5000.0,20,29405000.0,-50.64120865
1000000000.0,1146905830.5499647,spectrum,31250000.0,5000000.0,5000.0,20,29407500.0,-51.80239868
1000000000.0,1146905830.5499647,spectrum,31250000.0,5000000.0,5000.0,20,29410000.0,-49.7388382
1000000000.0,1146905830.5499647,spectrum,31250000.0,5000000.0,5000.0,20,29412500.0,-48.63641357
1000000000.0,1146905830.5499647,spectrum,31250000.0,5000000.0,5000.0,20,29415000.0,-49.55265427
1000000000.0,1146905830.5499647,spectrum,31250000.0,5000000.0,5000.0,20,29417500.0,-50.07746124
1000000000.0,1146905830.5499647,spectrum,31250000.0,5000000.0,5000.0,20,29420000.0,-50.25181198
1000000000.0,1146905830.5499647,spectrum,31250000.0,5000000.0,5000.0,20,29422500.0,-51.14902496
1000000000.0,1146905830.5499647,spectrum,31250000.0,5000000.0,5000.0,20,29425000.0,-50.87859726
1000000000.0,1146905830.5499647,spectrum,31250000.0,5000000.0,5000.0,20,29427500.0,-51.1892128
1000000000.0,1146905830.5499647,spectrum,31250000.0,5000000.0,5000.0,20,29430000.0,-50.94219208
1000000000.0,1146905830.5499647,spectrum,31250000.0,5000000.0,5000.0,20,29432500.0,-49.67857742
1000000000.0,1146905830.5499647,spectrum,31250000.0,5000000.0,5000.0,20,29435000.0,-49.13337708
1000000000.0,1146905830.5499647,spectrum,31250000.0,5000000.0,5000.0,20,29437500.0,-48.80282593
1000000000.0,1146905830.5499647,spectrum,31250000.0,5000000.0,5000.0,20,29440000.0,-48.10685349
1000000000.0,1146905830.5499647,spectrum,31250000.0,5000000.0,5000.0,20,29442500.0,-48.45425415
1000000000.0,1146905830.5499647,spectrum,31250000.0,5000000.0,5000.0,20,29445000.0,-50.38263321
1000000000.0,1146905830.5499647,spectrum,31250000.0,5000000.0,5000.0,20,29447500.0,-51.67467117
1000000000.0,1146905830.5499647,spectrum,31250000.0,5000000.0,5000.0,20,29450000.0,-49.03630447
1000000000.0,1146905830.5499647,spectrum,31250000.0,5000000.0,5000.0,20,29452500.0,-49.76931763
1000000000.0,1146905830.5499647,spectrum,31250000.0,5000000.0,5000.0,20,29455000.0,-49.52177429
1000000000.0,1146905830.5499647,spectrum,31250000.0,5000000.0,5000.0,20,29457500.0,-46.66840363
1000000000.0,1146905830.5499647,spectrum,31250000.0,5000000.0,5000.0,20,29460000.0,-46.60158157
1000000000.0,1146905830.5499647,spectrum,31250000.0,5000000.0,5000.0,20,29462500.0,-51.0030632
1000000000.0,1146905830.5499647,spectrum,31250000.0,5000000.0,5000.0,20,29465000.0,-50.69324112
1000000000.0,1146905830.5499647,spectrum,31250000.0,5000000.0,5000.0,20,29467500.0,-51.03500748
1000000000.0,1146905830.5499647,spectrum,31250000.0,5000000.0,5000.0,20,29470000.0,-50.3177681
1000000000.0,1146905830.5499647,spectrum,31250000.0,5000000.0,5000.0,20,29472500.0,-51.04779053
1000000000.0,1146905830.5499647,spectrum,31250000.0,5000000.0,5000.0,20,29475000.0,-53.68520737
1000000000.0,1146905830.5499647,spectrum,31250000.0,5000000.0,5000.0,20,29477500.0,-51.95673752
1000000000.0,1146905830.5499647,spectrum,31250000.0,5000000.0,5000.0,20,29480000.0,-49.64952469
1000000000.0,1146905830.5499647,spectrum,31250000.0,5000000.0,5000.0,20,29482500.0,-44.31411362
1000000000.0,1146905830.5499647,spectrum,31250000.0,5000000.0,5000.0,20,29485000.0,-42.68800735
1000000000.0,1146905830.5499647,spectrum,31250000.0,5000000.0,5000.0,20,29487500.0,-46.32442856
1000000000.0,1146905830.5499647,spectrum,31250000.0,5000000.0,5000.0,20,29490000.0,-53.48576736
1000000000.0,1146905830.5499647,spectrum,31250000.0,5000000.0,5000.0,20,29492500.0,-52.22809219
1000000000.0,1146905830.5499647,spectrum,31250000.0,5000000.0,5000.0,20,29495000.0,-52.37288666
1000000000.0,1146905830.5499647,spectrum,31250000.0,5000000.0,5000.0,20,29497500.0,-56.21184158
1000000000.0,1146905830.5499647,spectrum,31250000.0,5000000.0,5000.0,20,29500000.0,-54.12246323
1000000000.0,1146905830.5499647,spectrum,31250000.0,5000000.0,5000.0,20,29502500.0,-54.16312027
1000000000.0,1146905830.5499647,spectrum,31250000.0,5000000.0,5000.0,20,29505000.0,-56.43529892
1000000000.0,1146905830.5499647,spectrum,31250000.0,5000000.0,5000.0,20,29507500.0,-57.41173553
1000000000.0,1146905830.5499647,spectrum,31250000.0,5000000.0,5000.0,20,29510000.0,-56.3793869
1000000000.0,1146905830.5499647,spectrum,31250000.0,5000000.0,5000.0,20,29512500.0,-56.66619492
1000000000.0,1146905830.5499647,spectrum,31250000.0,5000000.0,5000.0,20,29515000.0,-58.07950211
1000000000.0,1146905830.5499647,spectrum,31250000.0,5000000.0,5000.0,20,29517500.0,-57.68648911
1000000000.0,1146905830.5499647,spectrum,31250000.0,5000000.0,5000.0,20,29520000.0,-56.79626465
1000000000.0,1146905830.5499647,spectrum,31250000.0,5000000.0,5000.0,20,29522500.0,-58.22412491
1000000000.0,1146905830.5499647,spectrum,31250000.0,5000000.0,5000.0,20,29525000.0,-56.67612839
1000000000.0,1146905830.5499647,spectrum,31250000.0,5000000.0,5000.0,20,29527500.0,-56.21633148
1000000000.0,1146905830.5499647,spectrum,31250000.0,5000000.0,5000.0,20,29530000.0,-55.75611496
1000000000.0,1146905830.5499647,spectrum,31250000.0,5000000.0,5000.0,20,29532500.0,-55.23244095
1000000000.0,1146905830.5499647,spectrum,31250000.0,5000000.0,5000.0,20,29535000.0,-53.11557388
1000000000.0,1146905830.5499647,spectrum,31250000.0,5000000.0,5000.0,20,29537500.0,-54.53127289
1000000000.0,1146905830.5499647,spectrum,31250000.0,5000000.0,5000.0,20,29540000.0,-56.55786514
1000000000.0,1146905830.5499647,spectrum,31250000.0,5000000.0,5000.0,20,29542500.0,-54.39028168
1000000000.0,1146905830.5499647,spectrum,31250000.0,5000000.0,5000.0,20,29545000.0,-53.45087433
1000000000.0,1146905830.5499647,spectrum,31250000.0,5000000.0,5000.0,20,29547500.0,-54.10214615
1000000000.0,1146905830.5499647,spectrum,31250000.0,5000000.0,5000.0,20,29550000.0,-52.91742325
1000000000.0,1146905830.5499647,spectrum,31250000.0,5000000.0,5000.0,20,29552500.0,-51.38500977
1000000000.0,1146905830.5499647,spectrum,31250000.0,5000000.0,5000.0,20,29555000.0,-51.82479858
1000000000.0,1146905830.5499647,spectrum,31250000.0,5000000.0,5000.0,20,29557500.0,-53.60892868
1000000000.0,1146905830.5499647,spectrum,31250000.0,5000000.0,5000.0,20,29560000.0,-52.92178726
1000000000.0,1146905830.5499647,spectrum,31250000.0,5000000.0,5000.0,20,29562500.0,-55.03265381
1000000000.0,1146905830.5499647,spectrum,31250000.0,5000000.0,5000.0,20,29565000.0,-53.21775818
1000000000.0,1146905830.5499647,spectrum,31250000.0,5000000.0,5000.0,20,29567500.0,-53.9291954
1000000000.0,1146905830.5499647,spectrum,31250000.0,5000000.0,5000.0,20,29570000.0,-54.16330338
1000000000.0,1146905830.5499647,spectrum,31250000.0,5000000.0,5000.0,20,29572500.0,-54.05849457
1000000000.0,1146905830.5499647,spectrum,31250000.0,5000000.0,5000.0,20,29575000.0,-51.97385406
1000000000.0,1146905830.5499647,spectrum,31250000.0,5000000.0,5000.0,20,29577500.0,-51.95965195
1000000000.0,1146905830.5499647,spectrum,31250000.0,5000000.0,5000.0,20,29580000.0,-49.83824158
1000000000.0,1146905830.5499647,spectrum,31250000.0,5000000.0,5000.0,20,29582500.0,-49.38851166
1000000000.0,1146905830.5499647,spectrum,31250000.0,5000000.0,5000.0,20,29585000.0,-49.24119568
1000000000.0,1146905830.5499647,spectrum,31250000.0,5000000.0,5000.0,20,29587500.0,-50.80931091
1000000000.0,1146905830.5499647,spectrum,31250000.0,5000000.0,5000.0,20,29590000.0,-51.7211113
1000000000.0,1146905830.5499647,spectrum,31250000.0,5000000.0,5000.0,20,29592500.0,-53.36867905
1000000000.0,1146905830.5499647,spectrum,31250000.0,5000000.0,5000.0,20,29595000.0,-51.427845
1000000000.0,1146905830.5499647,spectrum,31250000.0,5000000.0,5000.0,20,29597500.0,-51.97336578
1000000000.0,1146905830.5499647,spectrum,31250000.0,5000000.0,5000.0,20,29600000.0,-51.19260406
1000000000.0,1146905830.5499647,spectrum,31250000.0,5000000.0,5000.0,20,29602500.0,-51.08506012
1000000000.0,1146905830.5499647,spectrum,31250000.0,5000000.0,5000.0,20,29605000.0,-50.92747879
1000000000.0,1146905830.5499647,spectrum,31250000.0,5000000.0,5000.0,20,29607500.0,-51.88179016
1000000000.0,1146905830.5499647,spectrum,31250000.0,5000000.0,5000.0,20,29610000.0,-52.32507706
1000000000.0,1146905830.5499647,spectrum,31250000.0,5000000.0,5000.0,20,29612500.0,-54.24954605
1000000000.0,1146905830.5499647,spectrum,31250000.0,5000000.0,5000.0,20,29615000.0,-53.93336487
1000000000.0,1146905830.5499647,spectrum,31250000.0,5000000.0,5000.0,20,29617500.0,-54.52026367
1000000000.0,1146905830.5499647,spectrum,31250000.0,5000000.0,5000.0,20,29620000.0,-53.33167267
1000000000.0,1146905830.5499647,spectrum,31250000.0,5000000.0,5000.0,20,29622500.0,-54.36389542
1000000000.0,1146905830.5499647,spectrum,31250000.0,5000000.0,5000.0,20,29625000.0,-54.948452
1000000000.0,1146905830.5499647,spectrum,31250000.0,5000000.0,5000.0,20,29627500.0,-54.50275421
1000000000.0,1146905830.5499647,spectrum,31250000.0,5000000.0,5000.0,20,29630000.0,-54.19375992
1000000000.0,1146905830.5499647,spectrum,31250000.0,5000000.0,5000.0,20,29632500.0,-53.83293152
1000000000.0,1146905830.5499647,spectrum,31250000.0,5000000.0,5000.0,20,29635000.0,-50.63769913
1000000000.0,1146905830.5499647,spectrum,31250000.0,5000000.0,5000.0,20,29637500.0,-48.86787415
1000000000.0,1146905830.5499647,spectrum,31250000.0,5000000.0,5000.0,20,29640000.0,-50.9597435
1000000000.0,1146905830.5499647,spectrum,31250000.0,5000000.0,5000.0,20,29642500.0,-55.41080475
1000000000.0,1146905830.5499647,spectrum,31250000.0,5000000.0,5000.0,20,29645000.0,-52.22826004
1000000000.0,1146905830.5499647,spectrum,31250000.0,5000000.0,5000.0,20,29647500.0,-43.00874329
1000000000.0,1146905830.5499647,spectrum,31250000.0,5000000.0,5000.0,20,29650000.0,-38.40936661
1000000000.0,1146905830.5499647,spectrum,31250000.0,5000000.0,5000.0,20,29652500.0,-39.70612717
1000000000.0,1146905830.5499647,spectrum,31250000.0,5000000.0,5000.0,20,29655000.0,-47.03860092
1000000000.0,1146905830.5499647,spectrum,31250000.0,5000000.0,5000.0,20,29657500.0,-52.80069351
1000000000.0,1146905830.5499647,spectrum,31250000.0,5000000.0,5000.0,20,29660000.0,-48.2380867
1000000000.0,1146905830.5499647,spectrum,31250000.0,5000000.0,5000.0,20,29662500.0,-49.1862793
1000000000.0,1146905830.5499647,spectrum,31250000.0,5000000.0,5000.0,20,29665000.0,-54.38375473
1000000000.0,1146905830.5499647,spectrum,31250000.0,5000000.0,5000.0,20,29667500.0,-54.14439392
1000000000.0,1146905830.5499647,spectrum,31250000.0,5000000.0,5000.0,20,29670000.0,-55.23194885
1000000000.0,1146905830.5499647,spectrum,31250000.0,5000000.0,5000.0,20,29672500.0,-54.32288361
1000000000.0,1146905830.5499647,spectrum,31250000.0,5000000.0,5000.0,20,29675000.0,-53.96204758
1000000000.0,1146905830.5499647,spectrum,31250000.0,5000000.0,5000.0,20,29677500.0,-54.74958038
1000000000.0,1146905830.5499647,spectrum,31250000.0,5000000.0,5000.0,20,29680000.0,-55.91167068
1000000000.0,1146905830.5499647,spectrum,31250000.0,5000000.0,5000.0,20,29682500.0,-54.84869385
1000000000.0,1146905830.5499647,spectrum,31250000.0,5000000.0,5000.0,20,29685000.0,-50.90659332
1000000000.0,1146905830.5499647,spectrum,31250000.0,5000000.0,5000.0,20,29687500.0,-49.97983551
1000000000.0,1146905830.5499647,spectrum,31250000.0,5000000.0,5000.0,20,29690000.0,-52.37057114
1000000000.0,1146905830.5499647,spectrum,31250000.0,5000000.0,5000.0,20,29692500.0,-55.26452637
1000000000.0,1146905830.5499647,spectrum,31250000.0,5000000.0,5000.0,20,29695000.0,-57.7159996
1000000000.0,1146905830.5499647,spectrum,31250000.0,5000000.0,5000.0,20,29697500.0,-56.78712463
1000000000.0,1146905830.5499647,spectrum,31250000.0,5000000.0,5000.0,20,29700000.0,-56.40353775
1000000000.0,1146905830.5499647,spectrum,31250000.0,5000000.0,5000.0,20,29702500.0,-56.1944809
1000000000.0,1146905830.5499647,spectrum,31250000.0,5000000.0,5000.0,20,29705000.0,-56.21453476
1000000000.0,1146905830.5499647,spectrum,31250000.0,5000000.0,5000.0,20,29707500.0,-54.57555771
1000000000.0,1146905830.5499647,spectrum,31250000.0,5000000.0,5000.0,20,29710000.0,-54.48379898
1000000000.0,1146905830.5499647,spectrum,31250000.0,5000000.0,5000.0,20,29712500.0,-56.04501343
1000000000.0,1146905830.5499647,spectrum,31250000.0,5000000.0,5000.0,20,29715000.0,-54.00717163
1000000000.0,1146905830.5499647,spectrum,31250000.0,5000000.0,5000.0,20,29717500.0,-54.60520935
1000000000.0,1146905830.5499647,spectrum,31250000.0,5000000.0,5000.0,20,29720000.0,-56.29115295
1000000000.0,1146905830.5499647,spectrum,31250000.0,5000000.0,5000.0,20,29722500.0,-59.49856949
1000000000.0,1146905830.5499647,spectrum,31250000.0,5000000.0,5000.0,20,29725000.0,-56.84991074
1000000000.0,1146905830.5499647,spectrum,31250000.0,5000000.0,5000.0,20,29727500.0,-55.50197983
1000000000.0,1146905830.5499647,spectrum,31250000.0,5000000.0,5000.0,20,29730000.0,-55.18813324
1000000000.0,1146905830.5499647,spectrum,31250000.0,5000000.0,5000.0,20,29732500.0,-55.24592209
1000000000.0,1146905830.5499647,spectrum,31250000.0,5000000.0,5000.0,20,29735000.0,-56.45897293
1000000000.0,1146905830.5499647,spectrum,31250000.0,5000000.0,5000.0,20,29737500.0,-56.9271431
1000000000.0,1146905830.5499647,spectrum,31250000.0,5000000.0,5000.0,20,29740000.0,-56.17611694
1000000000.0,1146905830.5499647,spectrum,31250000.0,5000000.0,5000.0,20,29742500.0,-57.08236694
1000000000.0,1146905830.5499647,spectrum,31250000.0,5000000.0,5000.0,20,29745000.0,-56.94527435
1000000000.0,1146905830.5499647,spectrum,31250000.0,5000000.0,5000.0,20,29747500.0,-55.96425247
1000000000.0,1146905830.5499647,spectrum,31250000.0,5000000.0,5000.0,20,29750000.0,-56.76010132
1000000000.0,1146905830.5499647,spectrum,31250000.0,5000000.0,5000.0,20,29752500.0,-58.02496338
1000000000.0,1146905830.5499647,spectrum,31250000.0,5000000.0,5000.0,20,29755000.0,-56.01159668
1000000000.0,1146905830.5499647,spectrum,31250000.0,5000000.0,5000.0,20,29757500.0,-54.67076874
1000000000.0,1146905830.5499647,spectrum,31250000.0,5000000.0,5000.0,20,29760000.0,-54.57352829
1000000000.0,1146905830.5499647,spectrum,31250000.0,5000000.0,5000.0,20,29762500.0,-53.74212646
1000000000.0,1146905830.5499647,spectrum,31250000.0,5000000.0,5000.0,20,29765000.0,-53.83283234
1000000000.0,1146905830.5499647,spectrum,31250000.0,5000000.0,5000.0,20,29767500.0,-55.30747223
1000000000.0,1146905830.5499647,spectrum,31250000.0,5000000.0,5000.0,20,29770000.0,-57.39290237
1000000000.0,1146905830.5499647,spectrum,31250000.0,5000000.0,5000.0,20,29772500.0,-56.45783997
1000000000.0,1146905830.5499647,spectrum,31250000.0,5000000.0,5000.0,20,29775000.0,-54.98476028
1000000000.0,1146905830.5499647,spectrum,31250000.0,5000000.0,5000.0,20,29777500.0,-54.1023407
1000000000.0,1146905830.5499647,spectrum,31250000.0,5000000.0,5000.0,20,29780000.0,-54.85427856
1000000000.0,1146905830.5499647,spectrum,31250000.0,5000000.0,5000.0,20,29782500.0,-55.5625
1000000000.0,1146905830.5499647,spectrum,31250000.0,5000000.0,5000.0,20,29785000.0,-56.07380676
1000000000.0,1146905830.5499647,spectrum,31250000.0,5000000.0,5000.0,20,29787500.0,-53.86339951
1000000000.0,1146905830.5499647,spectrum,31250000.0,5000000.0,5000.0,20,29790000.0,-52.9160614
1000000000.0,1146905830.5499647,spectrum,31250000.0,5000000.0,5000.0,20,29792500.0,-54.1934967
1000000000.0,1146905830.5499647,spectrum,31250000.0,5000000.0,5000.0,20,29795000.0,-55.829319
1000000000.0,1146905830.5499647,spectrum,31250000.0,5000000.0,5000.0,20,29797500.0,-54.5193367
1000000000.0,1146905830.5499647,spectrum,31250000.0,5000000.0,5000.0,20,29800000.0,-54.18906784
1000000000.0,1146905830.5499647,spectrum,31250000.0,5000000.0,5000.0,20,29802500.0,-55.21928024
1000000000.0,1146905830.5499647,spectrum,31250000.0,5000000.0,5000.0,20,29805000.0,-56.34261322
1000000000.0,1146905830.5499647,spectrum,31250000.0,5000000.0,5000.0,20,29807500.0,-55.8554306
1000000000.0,1146905830.5499647,spectrum,31250000.0,5000000.0,5000.0,20,29810000.0,-55.40138245
1000000000.0,1146905830.5499647,spectrum,31250000.0,5000000.0,5000.0,20,29812500.0,-50.7574501
1000000000.0,1146905830.5499647,spectrum,31250000.0,5000000.0,5000.0,20,29815000.0,-45.03429031
1000000000.0,1146905830.5499647,spectrum,31250000.0,5000000.0,5000.0,20,29817500.0,-44.82984543
1000000000.0,1146905830.5499647,spectrum,31250000.0,5000000.0,5000.0,20,29820000.0,-49.69363403
1000000000.0,1146905830.5499647,spectrum,31250000.0,5000000.0,5000.0,20,29822500.0,-52.3848114
1000000000.0,1146905830.5499647,spectrum,31250000.0,5000000.0,5000.0,20,29825000.0,-54.43254471
1000000000.0,1146905830.5499647,spectrum,31250000.0,5000000.0,5000.0,20,29827500.0,-53.71279526
1000000000.0,1146905830.5499647,spectrum,31250000.0,5000000.0,5000.0,20,29830000.0,-55.12028885
1000000000.0,1146905830.5499647,spectrum,31250000.0,5000000.0,5000.0,20,29832500.0,-50.61684418
1000000000.0,1146905830.5499647,spectrum,31250000.0,5000000.0,5000.0,20,29835000.0,-43.36841965
1000000000.0,1146905830.5499647,spectrum,31250000.0,5000000.0,5000.0,20,29837500.0,-40.64225006
1000000000.0,1146905830.5499647,spectrum,31250000.0,5000000.0,5000.0,20,29840000.0,-42.47642517
1000000000.0,1146905830.5499647,spectrum,31250000.0,5000000.0,5000.0,20,29842500.0,-49.50512314
1000000000.0,1146905830.5499647,spectrum,31250000.0,5000000.0,5000.0,20,29845000.0,-51.9338913
1000000000.0,1146905830.5499647,spectrum,31250000.0,5000000.0,5000.0,20,29847500.0,-52.95642471
1000000000.0,1146905830.5499647,spectrum,31250000.0,5000000.0,5000.0,20,29850000.0,-54.07092285
1000000000.0,1146905830.5499647,spectrum,31250000.0,5000000.0,5000.0,20,29852500.0,-55.65667343
1000000000.0,1146905830.5499647,spectrum,31250000.0,5000000.0,5000.0,20,29855000.0,-56.64312363
1000000000.0,1146905830.5499647,spectrum,31250000.0,5000000.0,5000.0,20,29857500.0,-51.24207306
1000000000.0,1146905830.5499647,spectrum,31250000.0,5000000.0,5000.0,20,29860000.0,-44.70248032
1000000000.0,1146905830.5499647,spectrum,31250000.0,5000000.0,5000.0,20,29862500.0,-43.43656921
1000000000.0,1146905830.5499647,spectrum,31250000.0,5000000.0,5000.0,20,29865000.0,-48.09777451
1000000000.0,1146905830.5499647,spectrum,31250000.0,5000000.0,5000.0,20,29867500.0,-53.97478485
1000000000.0,1146905830.5499647,spectrum,31250000.0,5000000.0,5000.0,20,29870000.0,-55.77948761
1000000000.0,1146905830.5499647,spectrum,31250000.0,5000000.0,5000.0,20,29872500.0,-56.15307236
1000000000.0,1146905830.5499647,spectrum,31250000.0,5000000.0,5000.0,20,29875000.0,-56.63694
1000000000.0,1146905830.5499647,spectrum,31250000.0,5000000.0,5000.0,20,29877500.0,-55.90400696
1000000000.0,1146905830.5499647,spectrum,31250000.0,5000000.0,5000.0,20,29880000.0,-56.96864319
1000000000.0,1146905830.5499647,spectrum,31250000.0,5000000.0,5000.0,20,29882500.0,-55.65539551
1000000000.0,1146905830.5499647,spectrum,31250000.0,5000000.0,5000.0,20,29885000.0,-55.63910675
1000000000.0,1146905830.5499647,spectrum,31250000.0,5000000.0,5000.0,20,29887500.0,-53.72981262
1000000000.0,1146905830.5499647,spectrum,31250000.0,5000000.0,5000.0,20,29890000.0,-53.22225571
1000000000.0,1146905830.5499647,spectrum,31250000.0,5000000.0,5000.0,20,29892500.0,-54.50883865
1000000000.0,1146905830.5499647,spectrum,31250000.0,5000000.0,5000.0,20,29895000.0,-54.5695343
1000000000.0,1146905830.5499647,spectrum,31250000.0,5000000.0,5000.0,20,29897500.0,-55.43773651
1000000000.0,1146905830.5499647,spectrum,31250000.0,5000000.0,5000.0,20,29900000.0,-56.7827301
1000000000.0,1146905830.5499647,spectrum,31250000.0,5000000.0,5000.0,20,29902500.0,-55.54774094
1000000000.0,1146905830.5499647,spectrum,31250000.0,5000000.0,5000.0,20,29905000.0,-55.48584366
1000000000.0,1146905830.5499647,spectrum,31250000.0,5000000.0,5000.0,20,29907500.0,-57.4228096
1000000000.0,1146905830.5499647,spectrum,31250000.0,5000000.0,5000.0,20,29910000.0,-55.00846863
1000000000.0,1146905830.5499647,spectrum,31250000.0,5000000.0,5000.0,20,29912500.0,-54.70293808
1000000000.0,1146905830.5499647,spectrum,31250000.0,5000000.0,5000.0,20,29915000.0,-55.21158981
1000000000.0,1146905830.5499647,spectrum,31250000.0,5000000.0,5000.0,20,29917500.0,-52.87958527
1000000000.0,1146905830.5499647,spectrum,31250000.0,5000000.0,5000.0,20,29920000.0,-53.44636917
1000000000.0,1146905830.5499647,spectrum,31250000.0,5000000.0,5000.0,20,29922500.0,-56.30499649
1000000000.0,1146905830.5499647,spectrum,31250000.0,5000000.0,5000.0,20,29925000.0,-58.57646942
1000000000.0,1146905830.5499647,spectrum,31250000.0,5000000.0,5000.0,20,29927500.0,-56.79328918
1000000000.0,1146905830.5499647,spectrum,31250000.0,5000000.0,5000.0,20,29930000.0,-57.57201004
1000000000.0,1146905830.5499647,spectrum,31250000.0,5000000.0,5000.0,20,29932500.0,-57.10192871
1000000000.0,1146905830.5499647,spectrum,31250000.0,5000000.0,5000.0,20,29935000.0,-54.00594711
1000000000.0,1146905830.5499647,spectrum,31250000.0,5000000.0,5000.0,20,29937500.0,-53.6304512
1000000000.0,1146905830.5499647,spectrum,31250000.0,5000000.0,5000.0,20,29940000.0,-53.2028389
1000000000.0,1146905830.5499647,spectrum,31250000.0,5000000.0,5000.0,20,29942500.0,-55.53403854
1000000000.0,1146905830.5499647,spectrum,31250000.0,5000000.0,5000.0,20,29945000.0,-58.96029282
1000000000.0,1146905830.5499647,spectrum,31250000.0,5000000.0,5000.0,20,29947500.0,-56.13784409
1000000000.0,1146905830.5499647,spectrum,31250000.0,5000000.0,5000.0,20,29950000.0,-55.98249817
1000000000.0,1146905830.5499647,spectrum,31250000.0,5000000.0,5000.0,20,29952500.0,-55.60757828
1000000000.0,1146905830.5499647,spectrum,31250000.0,5000000.0,5000.0,20,29955000.0,-55.36972046
1000000000.0,1146905830.5499647,spectrum,31250000.0,5000000.0,5000.0,20,29957500.0,-57.76776505
1000000000.0,1146905830.5499647,spectrum,31250000.0,5000000.0,5000.0,20,29960000.0,-58.75653839
1000000000.0,1146905830.5499647,spectrum,31250000.0,5000000.0,5000.0,20,29962500.0,-57.65823364
1000000000.0,1146905830.5499647,spectrum,31250000.0,5000000.0,5000.0,20,29965000.0,-57.12071991
1000000000.0,1146905830.5499647,spectrum,31250000.0,5000000.0,5000.0,20,29967500.0,-56.64862442
1000000000.0,1146905830.5499647,spectrum,31250000.0,5000000.0,5000.0,20,29970000.0,-56.7817955
1000000000.0,1146905830.5499647,spectrum,31250000.0,5000000.0,5000.0,20,29972500.0,-55.92131424
1000000000.0,1146905830.5499647,spectrum,31250000.0,5000000.0,5000.0,20,29975000.0,-54.51037216
1000000000.0,1146905830.5499647,spectrum,31250000.0,5000000.0,5000.0,20,29977500.0,-57.41217041
1000000000.0,1146905830.5499647,spectrum,31250000.0,5000000.0,5000.0,20,29980000.0,-58.39962006
1000000000.0,1146905830.5499647,spectrum,31250000.0,5000000.0,5000.0,20,29982500.0,-58.37336349
1000000000.0,1146905830.5499647,spectrum,31250000.0,5000000.0,5000.0,20,29985000.0,-57.25545502
1000000000.0,1146905830.5499647,spectrum,31250000.0,5000000.0,5000.0,20,29987500.0,-56.09067535
1000000000.0,1146905830.5499647,spectrum,31250000.0,5000000.0,5000.0,20,29990000.0,-54.82338333
1000000000.0,1146905830.5499647,spectrum,31250000.0,5000000.0,5000.0,20,29992500.0,-53.07625198
1000000000.0,1146905830.5499647,spectrum,31250000.0,5000000.0,5000.0,20,29995000.0,-52.17696381
1000000000.0,1146905830.5499647,spectrum,31250000.0,5000000.0,5000.0,20,29997500.0,-54.78406143
1000000000.0,1146905830.5499647,spectrum,31250000.0,5000000.0,5000.0,20,30000000.0,-57.31166077
1000000000.0,1146905830.5499647,spectrum,31250000.0,5000000.0,5000.0,20,30002500.0,-56.07527924
1000000000.0,1146905830.5499647,spectrum,31250000.0,5000000.0,5000.0,20,30005000.0,-55.11270523
1000000000.0,1146905830.5499647,spectrum,31250000.0,5000000.0,5000.0,20,30007500.0,-55.7544899
1000000000.0,1146905830.5499647,spectrum,31250000.0,5000000.0,5000.0,20,30010000.0,-53.85144043
1000000000.0,1146905830.5499647,spectrum,31250000.0,5000000.0,5000.0,20,30012500.0,-55.47395706
1000000000.0,1146905830.5499647,spectrum,31250000.0,5000000.0,5000.0,20,30015000.0,-56.27056885
1000000000.0,1146905830.5499647,spectrum,31250000.0,5000000.0,5000.0,20,30017500.0,-54.96336365
1000000000.0,1146905830.5499647,spectrum,31250000.0,5000000.0,5000.0,20,30020000.0,-55.34017181
1000000000.0,1146905830.5499647,spectrum,31250000.0,5000000.0,5000.0,20,30022500.0,-57.2922287
1000000000.0,1146905830.5499647,spectrum,31250000.0,5000000.0,5000.0,20,30025000.0,-58.08300781
1000000000.0,1146905830.5499647,spectrum,31250000.0,5000000.0,5000.0,20,30027500.0,-54.98239136
1000000000.0,1146905830.5499647,spectrum,31250000.0,5000000.0,5000.0,20,30030000.0,-55.53517151
1000000000.0,1146905830.5499647,spectrum,31250000.0,5000000.0,5000.0,20,30032500.0,-58.89450073
1000000000.0,1146905830.5499647,spectrum,31250000.0,5000000.0,5000.0,20,30035000.0,-54.5896225
1000000000.0,1146905830.5499647,spectrum,31250000.0,5000000.0,5000.0,20,30037500.0,-52.72578812
1000000000.0,1146905830.5499647,spectrum,31250000.0,5000000.0,5000.0,20,30040000.0,-50.9977951
1000000000.0,1146905830.5499647,spectrum,31250000.0,5000000.0,5000.0,20,30042500.0,-52.61035919
1000000000.0,1146905830.5499647,spectrum,31250000.0,5000000.0,5000.0,20,30045000.0,-53.7437439
1000000000.0,1146905830.5499647,spectrum,31250000.0,5000000.0,5000.0,20,30047500.0,-55.75575638
1000000000.0,1146905830.5499647,spectrum,31250000.0,5000000.0,5000.0,20,30050000.0,-55.57902527
1000000000.0,1146905830.5499647,spectrum,31250000.0,5000000.0,5000.0,20,30052500.0,-57.33433151
1000000000.0,1146905830.5499647,spectrum,31250000.0,5000000.0,5000.0,20,30055000.0,-57.70298386
1000000000.0,1146905830.5499647,spectrum,31250000.0,5000000.0,5000.0,20,30057500.0,-55.11262131
1000000000.0,1146905830.5499647,spectrum,31250000.0,5000000.0,5000.0,20,30060000.0,-54.54186249
1000000000.0,1146905830.5499647,spectrum,31250000.0,5000000.0,5000.0,20,30062500.0,-53.98017883
1000000000.0,1146905830.5499647,spectrum,31250000.0,5000000.0,5000.0,20,30065000.0,-55.05158234
1000000000.0,1146905830.5499647,spectrum,31250000.0,5000000.0,5000.0,20,30067500.0,-56.30091858
1000000000.0,1146905830.5499647,spectrum,31250000.0,5000000.0,5000.0,20,30070000.0,-56.66873169
1000000000.0,1146905830.5499647,spectrum,31250000.0,5000000.0,5000.0,20,30072500.0,-55.77843857
1000000000.0,1146905830.5499647,spectrum,31250000.0,5000000.0,5000.0,20,30075000.0,-53.33893585
1000000000.0,1146905830.5499647,spectrum,31250000.0,5000000.0,5000.0,20,30077500.0,-54.02410889
1000000000.0,1146905830.5499647,spectrum,31250000.0,5000000.0,5000.0,20,30080000.0,-55.26171494
1000000000.0,1146905830.5499647,spectrum,31250000.0,5000000.0,5000.0,20,30082500.0,-56.22011185
1000000000.0,1146905830.5499647,spectrum,31250000.0,5000000.0,5000.0,20,30085000.0,-57.54862595
1000000000.0,1146905830.5499647,spectrum,31250000.0,5000000.0,5000.0,20,30087500.0,-58.38254166
1000000000.0,1146905830.5499647,spectrum,31250000.0,5000000.0,5000.0,20,30090000.0,-58.6246109
1000000000.0,1146905830.5499647,spectrum,31250000.0,5000000.0,5000.0,20,30092500.0,-59.18991852
1000000000.0,1146905830.5499647,spectrum,31250000.0,5000000.0,5000.0,20,30095000.0,-59.37792587
1000000000.0,1146905830.5499647,spectrum,31250000.0,5000000.0,5000.0,20,30097500.0,-57.3243103
1000000000.0,1146905830.5499647,spectrum,31250000.0,5000000.0,5000.0,20,30100000.0,-54.64057922
1000000000.0,1146905830.5499647,spectrum,31250000.0,5000000.0,5000.0,20,30102500.0,-55.02796173
1000000000.0,1146905830.5499647,spectrum,31250000.0,5000000.0,5000.0,20,30105000.0,-56.81108093
1000000000.0,1146905830.5499647,spectrum,31250000.0,5000000.0,5000.0,20,30107500.0,-56.79742432
1000000000.0,1146905830.5499647,spectrum,31250000.0,5000000.0,5000.0,20,30110000.0,-56.63818741
1000000000.0,1146905830.5499647,spectrum,31250000.0,5000000.0,5000.0,20,30112500.0,-51.51370239
1000000000.0,1146905830.5499647,spectrum,31250000.0,5000000.0,5000.0,20,30115000.0,-43.19094086
1000000000.0,1146905830.5499647,spectrum,31250000.0,5000000.0,5000.0,20,30117500.0,-40.3537674
1000000000.0,1146905830.5499647,spectrum,31250000.0,5000000.0,5000.0,20,30120000.0,-43.28577042
1000000000.0,1146905830.5499647,spectrum,31250000.0,5000000.0,5000.0,20,30122500.0,-52.026474
1000000000.0,1146905830.5499647,spectrum,31250000.0,5000000.0,5000.0,20,30125000.0,-56.77886581
1000000000.0,1146905830.5499647,spectrum,31250000.0,5000000.0,5000.0,20,30127500.0,-54.71282578
1000000000.0,1146905830.5499647,spectrum,31250000.0,5000000.0,5000.0,20,30130000.0,-52.12738419
1000000000.0,1146905830.5499647,spectrum,31250000.0,5000000.0,5000.0,20,30132500.0,-52.50275421
1000000000.0,1146905830.5499647,spectrum,31250000.0,5000000.0,5000.0,20,30135000.0,-52.36771774
1000000000.0,1146905830.5499647,spectrum,31250000.0,5000000.0,5000.0,20,30137500.0,-51.23913574
1000000000.0,1146905830.5499647,spectrum,31250000.0,5000000.0,5000.0,20,30140000.0,-51.82078552
1000000000.0,1146905830.5499647,spectrum,31250000.0,5000000.0,5000.0,20,30142500.0,-53.85811615
1000000000.0,1146905830.5499647,spectrum,31250000.0,5000000.0,5000.0,20,30145000.0,-53.8285141
1000000000.0,1146905830.5499647,spectrum,31250000.0,5000000.0,5000.0,20,30147500.0,-52.38439178
1000000000.0,1146905830.5499647,spectrum,31250000.0,5000000.0,5000.0,20,30150000.0,-52.57745361
1000000000.0,1146905830.5499647,spectrum,31250000.0,5000000.0,5000.0,20,30152500.0,-52.44486237
1000000000.0,1146905830.5499647,spectrum,31250000.0,5000000.0,5000.0,20,30155000.0,-52.25888824
1000000000.0,1146905830.5499647,spectrum,31250000.0,5000000.0,5000.0,20,30157500.0,-52.61286163
1000000000.0,1146905830.5499647,spectrum,31250000.0,5000000.0,5000.0,20,30160000.0,-51.55538177
1000000000.0,1146905830.5499647,spectrum,31250000.0,5000000.0,5000.0,20,30162500.0,-49.55236435
1000000000.0,1146905830.5499647,spectrum,31250000.0,5000000.0,5000.0,20,30165000.0,-49.00263977
1000000000.0,1146905830.5499647,spectrum,31250000.0,5000000.0,5000.0,20,30167500.0,-45.67639923
1000000000.0,1146905830.5499647,spectrum,31250000.0,5000000.0,5000.0,20,30170000.0,-32.23215103
1000000000.0,1146905830.5499647,spectrum,31250000.0,5000000.0,5000.0,20,30172500.0,-24.04652786
1000000000.0,1146905830.5499647,spectrum,31250000.0,5000000.0,5000.0,20,30175000.0,-22.32086182
1000000000.0,1146905830.5499647,spectrum,31250000.0,5000000.0,5000.0,20,30177500.0,-26.59960937
1000000000.0,1146905830.5499647,spectrum,31250000.0,5000000.0,5000.0,20,30180000.0,-37.26995087
1000000000.0,1146905830.5499647,spectrum,31250000.0,5000000.0,5000.0,20,30182500.0,-46.8403511
1000000000.0,1146905830.5499647,spectrum,31250000.0,5000000.0,5000.0,20,30185000.0,-45.51807785
1000000000.0,1146905830.5499647,spectrum,31250000.0,5000000.0,5000.0,20,30187500.0,-41.05122757
1000000000.0,1146905830.5499647,spectrum,31250000.0,5000000.0,5000.0,20,30190000.0,-38.19625092
1000000000.0,1146905830.5499647,spectrum,31250000.0,5000000.0,5000.0,20,30192500.0,-40.57429504
1000000000.0,1146905830.5499647,spectrum,31250000.0,5000000.0,5000.0,20,30195000.0,-47.60740662
1000000000.0,1146905830.5499647,spectrum,31250000.0,5000000.0,5000.0,20,30197500.0,-49.96047211
1000000000.0,1146905830.5499647,spectrum,31250000.0,5000000.0,5000.0,20,30200000.0,-48.94923019
1000000000.0,1146905830.5499647,spectrum,31250000.0,5000000.0,5000.0,20,30202500.0,-49.32725906
1000000000.0,1146905830.5499647,spectrum,31250000.0,5000000.0,5000.0,20,30205000.0,-48.78451538
1000000000.0,1146905830.5499647,spectrum,31250000.0,5000000.0,5000.0,20,30207500.0,-48.41037369
1000000000.0,1146905830.5499647,spectrum,31250000.0,5000000.0,5000.0,20,30210000.0,-49.38806915
1000000000.0,1146905830.5499647,spectrum,31250000.0,5000000.0,5000.0,20,30212500.0,-50.19356155
1000000000.0,1146905830.5499647,spectrum,31250000.0,5000000.0,5000.0,20,30215000.0,-48.61590576
1000000000.0,1146905830.5499647,spectrum,31250000.0,5000000.0,5000.0,20,30217500.0,-49.06229401
1000000000.0,1146905830.5499647,spectrum,31250000.0,5000000.0,5000.0,20,30220000.0,-48.91544724
1000000000.0,1146905830.5499647,spectrum,31250000.0,5000000.0,5000.0,20,30222500.0,-46.358181
1000000000.0,1146905830.5499647,spectrum,31250000.0,5000000.0,5000.0,20,30225000.0,-46.46572113
1000000000.0,1146905830.5499647,spectrum,31250000.0,5000000.0,5000.0,20,30227500.0,-46.63718414
1000000000.0,1146905830.5499647,spectrum,31250000.0,5000000.0,5000.0,20,30230000.0,-43.70461273
1000000000.0,1146905830.5499647,spectrum,31250000.0,5000000.0,5000.0,20,30232500.0,-45.52648163
1000000000.0,1146905830.5499647,spectrum,31250000.0,5000000.0,5000.0,20,30235000.0,-47.5811882
1000000000.0,1146905830.5499647,spectrum,31250000.0,5000000.0,5000.0,20,30237500.0,-48.73052216
1000000000.0,1146905830.5499647,spectrum,31250000.0,5000000.0,5000.0,20,30240000.0,-50.27639389
1000000000.0,1146905830.5499647,spectrum,31250000.0,5000000.0,5000.0,20,30242500.0,-52.07832336
1000000000.0,1146905830.5499647,spectrum,31250000.0,5000000.0,5000.0,20,30245000.0,-54.10749054
1000000000.0,1146905830.5499647,spectrum,31250000.0,5000000.0,5000.0,20,30247500.0,-52.59248734
1000000000.0,1146905830.5499647,spectrum,31250000.0,5000000.0,5000.0,20,30250000.0,-52.01914215
1000000000.0,1146905830.5499647,spectrum,31250000.0,5000000.0,5000.0,20,30252500.0,-51.23850632
1000000000.0,1146905830.5499647,spectrum,31250000.0,5000000.0,5000.0,20,30255000.0,-51.59498596
1000000000.0,1146905830.5499647,spectrum,31250000.0,5000000.0,5000.0,20,30257500.0,-51.06389999
1000000000.0,1146905830.5499647,spectrum,31250000.0,5000000.0,5000.0,20,30260000.0,-50.51051331
1000000000.0,1146905830.5499647,spectrum,31250000.0,5000000.0,5000.0,20,30262500.0,-49.37614822
1000000000.0,1146905830.5499647,spectrum,31250000.0,5000000.0,5000.0,20,30265000.0,-51.14289093
1000000000.0,1146905830.5499647,spectrum,31250000.0,5000000.0,5000.0,20,30267500.0,-50.57922745
1000000000.0,1146905830.5499647,spectrum,31250000.0,5000000.0,5000.0,20,30270000.0,-50.44906616
1000000000.0,1146905830.5499647,spectrum,31250000.0,5000000.0,5000.0,20,30272500.0,-50.55147171
1000000000.0,1146905830.5499647,spectrum,31250000.0,5000000.0,5000.0,20,30275000.0,-51.05198669
1000000000.0,1146905830.5499647,spectrum,31250000.0,5000000.0,5000.0,20,30277500.0,-50.54701614
1000000000.0,1146905830.5499647,spectrum,31250000.0,5000000.0,5000.0,20,30280000.0,-47.67933273
1000000000.0,1146905830.5499647,spectrum,31250000.0,5000000.0,5000.0,20,30282500.0,-44.13977432
1000000000.0,1146905830.5499647,spectrum,31250000.0,5000000.0,5000.0,20,30285000.0,-45.00841522
1000000000.0,1146905830.5499647,spectrum,31250000.0,5000000.0,5000.0,20,30287500.0,-49.87739182
1000000000.0,1146905830.5499647,spectrum,31250000.0,5000000.0,5000.0,20,30290000.0,-50.35935211
1000000000.0,1146905830.5499647,spectrum,31250000.0,5000000.0,5000.0,20,30292500.0,-49.70227814
1000000000.0,1146905830.5499647,spectrum,31250000.0,5000000.0,5000.0,20,30295000.0,-49.91554642
1000000000.0,1146905830.5499647,spectrum,31250000.0,5000000.0,5000.0,20,30297500.0,-51.38510895
1000000000.0,1146905830.5499647,spectrum,31250000.0,5000000.0,5000.0,20,30300000.0,-51.11397934
1000000000.0,1146905830.5499647,spectrum,31250000.0,5000000.0,5000.0,20,30302500.0,-49.45031357
1000000000.0,1146905830.5499647,spectrum,31250000.0,5000000.0,5000.0,20,30305000.0,-50.00110626
1000000000.0,1146905830.5499647,spectrum,31250000.0,5000000.0,5000.0,20,30307500.0,-51.61040497
1000000000.0,1146905830.5499647,spectrum,31250000.0,5000000.0,5000.0,20,30310000.0,-53.80868912
1000000000.0,1146905830.5499647,spectrum,31250000.0,5000000.0,5000.0,20,30312500.0,-52.27134705
1000000000.0,1146905830.5499647,spectrum,31250000.0,5000000.0,5000.0,20,30315000.0,-53.27369308
1000000000.0,1146905830.5499647,spectrum,31250000.0,5000000.0,5000.0,20,30317500.0,-52.05385208
1000000000.0,1146905830.5499647,spectrum,31250000.0,5000000.0,5000.0,20,30320000.0,-53.18167114
1000000000.0,1146905830.5499647,spectrum,31250000.0,5000000.0,5000.0,20,30322500.0,-53.27924728
1000000000.0,1146905830.5499647,spectrum,31250000.0,5000000.0,5000.0,20,30325000.0,-53.59189987
1000000000.0,1146905830.5499647,spectrum,31250000.0,5000000.0,5000.0,20,30327500.0,-53.41159058
1000000000.0,1146905830.5499647,spectrum,31250000.0,5000000.0,5000.0,20,30330000.0,-53.34059143
1000000000.0,1146905830.5499647,spectrum,31250000.0,5000000.0,5000.0,20,30332500.0,-52.40317917
1000000000.0,1146905830.5499647,spectrum,31250000.0,5000000.0,5000.0,20,30335000.0,-53.59970474
1000000000.0,1146905830.5499647,spectrum,31250000.0,5000000.0,5000.0,20,30337500.0,-51.62922287
1000000000.0,1146905830.5499647,spectrum,31250000.0,5000000.0,5000.0,20,30340000.0,-50.66545105
1000000000.0,1146905830.5499647,spectrum,31250000.0,5000000.0,5000.0,20,30342500.0,-51.66296768
1000000000.0,1146905830.5499647,spectrum,31250000.0,5000000.0,5000.0,20,30345000.0,-53.00279617
1000000000.0,1146905830.5499647,spectrum,31250000.0,5000000.0,5000.0,20,30347500.0,-54.838871
1000000000.0,1146905830.5499647,spectrum,31250000.0,5000000.0,5000.0,20,30350000.0,-52.52365112
1000000000.0,1146905830.5499647,spectrum,31250000.0,5000000.0,5000.0,20,30352500.0,-47.2775383
1000000000.0,1146905830.5499647,spectrum,31250000.0,5000000.0,5000.0,20,30355000.0,-46.36355591
1000000000.0,1146905830.5499647,spectrum,31250000.0,5000000.0,5000.0,20,30357500.0,-49.58626175
1000000000.0,1146905830.5499647,spectrum,31250000.0,5000000.0,5000.0,20,30360000.0,-51.3557663
1000000000.0,1146905830.5499647,spectrum,31250000.0,5000000.0,5000.0,20,30362500.0,-52.69820786
1000000000.0,1146905830.5499647,spectrum,31250000.0,5000000.0,5000.0,20,30365000.0,-51.34438324
1000000000.0,1146905830.5499647,spectrum,31250000.0,5000000.0,5000.0,20,30367500.0,-53.13502884
1000000000.0,1146905830.5499647,spectrum,31250000.0,5000000.0,5000.0,20,30370000.0,-53.31001282
1000000000.0,1146905830.5499647,spectrum,31250000.0,5000000.0,5000.0,20,30372500.0,-51.78723907
1000000000.0,1146905830.5499647,spectrum,31250000.0,5000000.0,5000.0,20,30375000.0,-52.33277893
1000000000.0,1146905830.5499647,spectrum,31250000.0,5000000.0,5000.0,20,30377500.0,-54.52701569
1000000000.0,1146905830.5499647,spectrum,31250000.0,5000000.0,5000.0,20,30380000.0,-54.13739395
1000000000.0,1146905830.5499647,spectrum,31250000.0,5000000.0,5000.0,20,30382500.0,-52.87884521
1000000000.0,1146905830.5499647,spectrum,31250000.0,5000000.0,5000.0,20,30385000.0,-50.54405212
1000000000.0,1146905830.5499647,spectrum,31250000.0,5000000.0,5000.0,20,30387500.0,-49.15769958
1000000000.0,1146905830.5499647,spectrum,31250000.0,5000000.0,5000.0,20,30390000.0,-50.8586731
1000000000.0,1146905830.5499647,spectrum,31250000.0,5000000.0,5000.0,20,30392500.0,-52.25226212
1000000000.0,1146905830.5499647,spectrum,31250000.0,5000000.0,5000.0,20,30395000.0,-50.83823776
1000000000.0,1146905830.5499647,spectrum,31250000.0,5000000.0,5000.0,20,30397500.0,-50.45063019
1000000000.0,1146905830.5499647,spectrum,31250000.0,5000000.0,5000.0,20,30400000.0,-51.64305878
1000000000.0,1146905830.5499647,spectrum,31250000.0,5000000.0,5000.0,20,30402500.0,-53.39772415
1000000000.0,1146905830.5499647,spectrum,31250000.0,5000000.0,5000.0,20,30405000.0,-55.54136658
1000000000.0,1146905830.5499647,spectrum,31250000.0,5000000.0,5000.0,20,30407500.0,-51.20612717
1000000000.0,1146905830.5499647,spectrum,31250000.0,5000000.0,5000.0,20,30410000.0,-50.63311005
1000000000.0,1146905830.5499647,spectrum,31250000.0,5000000.0,5000.0,20,30412500.0,-51.18770981
1000000000.0,1146905830.5499647,spectrum,31250000.0,5000000.0,5000.0,20,30415000.0,-51.29335022
1000000000.0,1146905830.5499647,spectrum,31250000.0,5000000.0,5000.0,20,30417500.0,-52.52807617
1000000000.0,1146905830.5499647,spectrum,31250000.0,5000000.0,5000.0,20,30420000.0,-51.81559753
1000000000.0,1146905830.5499647,spectrum,31250000.0,5000000.0,5000.0,20,30422500.0,-50.75737381
1000000000.0,1146905830.5499647,spectrum,31250000.0,5000000.0,5000.0,20,30425000.0,-50.82352066
1000000000.0,1146905830.5499647,spectrum,31250000.0,5000000.0,5000.0,20,30427500.0,-52.29551697
1000000000.0,1146905830.5499647,spectrum,31250000.0,5000000.0,5000.0,20,30430000.0,-53.04291534
1000000000.0,1146905830.5499647,spectrum,31250000.0,5000000.0,5000.0,20,30432500.0,-51.1101532
1000000000.0,1146905830.5499647,spectrum,31250000.0,5000000.0,5000.0,20,30435000.0,-50.48079681
1000000000.0,1146905830.5499647,spectrum,31250000.0,5000000.0,5000.0,20,30437500.0,-51.54606628
1000000000.0,1146905830.5499647,spectrum,31250000.0,5000000.0,5000.0,20,30440000.0,-52.82735825
1000000000.0,1146905830.5499647,spectrum,31250000.0,5000000.0,5000.0,20,30442500.0,-51.84115219
1000000000.0,1146905830.5499647,spectrum,31250000.0,5000000.0,5000.0,20,30445000.0,-44.59067154
1000000000.0,1146905830.5499647,spectrum,31250000.0,5000000.0,5000.0,20,30447500.0,-36.55731201
1000000000.0,1146905830.5499647,spectrum,31250000.0,5000000.0,5000.0,20,30450000.0,-34.43432236
1000000000.0,1146905830.5499647,spectrum,31250000.0,5000000.0,5000.0,20,30452500.0,-38.65286636
1000000000.0,1146905830.5499647,spectrum,31250000.0,5000000.0,5000.0,20,30455000.0,-45.46869278
1000000000.0,1146905830.5499647,spectrum,31250000.0,5000000.0,5000.0,20,30457500.0,-48.71677017
1000000000.0,1146905830.5499647,spectrum,31250000.0,5000000.0,5000.0,20,30460000.0,-52.43144226
1000000000.0,1146905830.5499647,spectrum,31250000.0,5000000.0,5000.0,20,30462500.0,-49.24663925
1000000000.0,1146905830.5499647,spectrum,31250000.0,5000000.0,5000.0,20,30465000.0,-46.728302
1000000000.0,1146905830.5499647,spectrum,31250000.0,5000000.0,5000.0,20,30467500.0,-46.0156517
1000000000.0,1146905830.5499647,spectrum,31250000.0,5000000.0,5000.0,20,30470000.0,-47.61280441
1000000000.0,1146905830.5499647,spectrum,31250000.0,5000000.0,5000.0,20,30472500.0,-47.6875267
1000000000.0,1146905830.5499647,spectrum,31250000.0,5000000.0,5000.0,20,30475000.0,-49.08509445
1000000000.0,1146905830.5499647,spectrum,31250000.0,5000000.0,5000.0,20,30477500.0,-49.83148575
1000000000.0,1146905830.5499647,spectrum,31250000.0,5000000.0,5000.0,20,30480000.0,-51.38962173
1000000000.0,1146905830.5499647,spectrum,31250000.0,5000000.0,5000.0,20,30482500.0,-51.86040115
1000000000.0,1146905830.5499647,spectrum,31250000.0,5000000.0,5000.0,20,30485000.0,-51.01689911
1000000000.0,1146905830.5499647,spectrum,31250000.0,5000000.0,5000.0,20,30487500.0,-47.99082947
1000000000.0,1146905830.5499647,spectrum,31250000.0,5000000.0,5000.0,20,30490000.0,-48.53623962
1000000000.0,1146905830.5499647,spectrum,31250000.0,5000000.0,5000.0,20,30492500.0,-49.54752731
1000000000.0,1146905830.5499647,spectrum,31250000.0,5000000.0,5000.0,20,30495000.0,-50.14072418
1000000000.0,1146905830.5499647,spectrum,31250000.0,5000000.0,5000.0,20,30497500.0,-49.70246124
1000000000.0,1146905830.5499647,spectrum,31250000.0,5000000.0,5000.0,20,30500000.0,-50.88698196
1000000000.0,1146905830.5499647,spectrum,31250000.0,5000000.0,5000.0,20,30502500.0,-48.68836975
1000000000.0,1146905830.5499647,spectrum,31250000.0,5000000.0,5000.0,20,30505000.0,-45.87142944
1000000000.0,1146905830.5499647,spectrum,31250000.0,5000000.0,5000.0,20,30507500.0,-46.03577805
1000000000.0,1146905830.5499647,spectrum,31250000.0,5000000.0,5000.0,20,30510000.0,-47.15018845
1000000000.0,1146905830.5499647,spectrum,31250000.0,5000000.0,5000.0,20,30512500.0,-47.36024475
1000000000.0,1146905830.5499647,spectrum,31250000.0,5000000.0,5000.0,20,30515000.0,-48.46567154
1000000000.0,1146905830.5499647,spectrum,31250000.0,5000000.0,5000.0,20,30517500.0,-49.3820076
1000000000.0,1146905830.5499647,spectrum,31250000.0,5000000.0,5000.0,20,30520000.0,-51.7191391
1000000000.0,1146905830.5499647,spectrum,31250000.0,5000000.0,5000.0,20,30522500.0,-48.74989319
1000000000.0,1146905830.5499647,spectrum,31250000.0,5000000.0,5000.0,20,30525000.0,-47.30807495
1000000000.0,1146905830.5499647,spectrum,31250000.0,5000000.0,5000.0,20,30527500.0,-42.73981857
1000000000.0,1146905830.5499647,spectrum,31250000.0,5000000.0,5000.0,20,30530000.0,-34.06403732
1000000000.0,1146905830.5499647,spectrum,31250000.0,5000000.0,5000.0,20,30532500.0,-30.72263145
1000000000.0,1146905830.5499647,spectrum,31250000.0,5000000.0,5000.0,20,30535000.0,-33.54414368
1000000000.0,1146905830.5499647,spectrum,31250000.0,5000000.0,5000.0,20,30537500.0,-42.01819229
1000000000.0,1146905830.5499647,spectrum,31250000.0,5000000.0,5000.0,20,30540000.0,-39.01729584
1000000000.0,1146905830.5499647,spectrum,31250000.0,5000000.0,5000.0,20,30542500.0,-33.72714615
1000000000.0,1146905830.5499647,spectrum,31250000.0,5000000.0,5000.0,20,30545000.0,-34.87426758
1000000000.0,1146905830.5499647,spectrum,31250000.0,5000000.0,5000.0,20,30547500.0,-41.02853775
1000000000.0,1146905830.5499647,spectrum,31250000.0,5000000.0,5000.0,20,30550000.0,-47.26187897
1000000000.0,1146905830.5499647,spectrum,31250000.0,5000000.0,5000.0,20,30552500.0,-44.23146057
1000000000.0,1146905830.5499647,spectrum,31250000.0,5000000.0,5000.0,20,30555000.0,-40.22731781
1000000000.0,1146905830.5499647,spectrum,31250000.0,5000000.0,5000.0,20,30557500.0,-41.49784088
1000000000.0,1146905830.5499647,spectrum,31250000.0,5000000.0,5000.0,20,30560000.0,-48.75324631
1000000000.0,1146905830.5499647,spectrum,31250000.0,5000000.0,5000.0,20,30562500.0,-48.68315506
1000000000.0,1146905830.5499647,spectrum,31250000.0,5000000.0,5000.0,20,30565000.0,-47.81201935
1000000000.0,1146905830.5499647,spectrum,31250000.0,5000000.0,5000.0,20,30567500.0,-45.39220428
1000000000.0,1146905830.5499647,spectrum,31250000.0,5000000.0,5000.0,20,30570000.0,-45.04528046
1000000000.0,1146905830.5499647,spectrum,31250000.0,5000000.0,5000.0,20,30572500.0,-47.46538162
1000000000.0,1146905830.5499647,spectrum,31250000.0,5000000.0,5000.0,20,30575000.0,-47.63781357
1000000000.0,1146905830.5499647,spectrum,31250000.0,5000000.0,5000.0,20,30577500.0,-45.77596664
1000000000.0,1146905830.5499647,spectrum,31250000.0,5000000.0,5000.0,20,30580000.0,-46.51845169
1000000000.0,1146905830.5499647,spectrum,31250000.0,5000000.0,5000.0,20,30582500.0,-47.79549026
1000000000.0,1146905830.5499647,spectrum,31250000.0,5000000.0,5000.0,20,30585000.0,-50.48768234
1000000000.0,1146905830.5499647,spectrum,31250000.0,5000000.0,5000.0,20,30587500.0,-50.41339111
1000000000.0,1146905830.5499647,spectrum,31250000.0,5000000.0,5000.0,20,30590000.0,-48.84106064
1000000000.0,1146905830.5499647,spectrum,31250000.0,5000000.0,5000.0,20,30592500.0,-48.35832596
1000000000.0,1146905830.5499647,spectrum,31250000.0,5000000.0,5000.0,20,30595000.0,-48.63357162
1000000000.0,1146905830.5499647,spectrum,31250000.0,5000000.0,5000.0,20,30597500.0,-47.21657562
1000000000.0,1146905830.5499647,spectrum,31250000.0,5000000.0,5000.0,20,30600000.0,-45.8321228
1000000000.0,1146905830.5499647,spectrum,31250000.0,5000000.0,5000.0,20,30602500.0,-46.59480667
1000000000.0,1146905830.5499647,spectrum,31250000.0,5000000.0,5000.0,20,30605000.0,-46.46600723
1000000000.0,1146905830.5499647,spectrum,31250000.0,5000000.0,5000.0,20,30607500.0,-46.07278442
1000000000.0,1146905830.5499647,spectrum,31250000.0,5000000.0,5000.0,20,30610000.0,-45.48983383
1000000000.0,1146905830.5499647,spectrum,31250000.0,5000000.0,5000.0,20,30612500.0,-45.2540741
1000000000.0,1146905830.5499647,spectrum,31250000.0,5000000.0,5000.0,20,30615000.0,-46.09949112
1000000000.0,1146905830.5499647,spectrum,31250000.0,5000000.0,5000.0,20,30617500.0,-46.39204788
1000000000.0,1146905830.5499647,spectrum,31250000.0,5000000.0,5000.0,20,30620000.0,-46.6755867
1000000000.0,1146905830.5499647,spectrum,31250000.0,5000000.0,5000.0,20,30622500.0,-45.89903641
1000000000.0,1146905830.5499647,spectrum,31250000.0,5000000.0,5000.0,20,30625000.0,-45.48941422
1000000000.0,1146905830.5499647,spectrum,31250000.0,5000000.0,5000.0,20,30627500.0,-47.70452118
1000000000.0,1146905830.5499647,spectrum,31250000.0,5000000.0,5000.0,20,30630000.0,-48.8388443
1000000000.0,1146905830.5499647,spectrum,31250000.0,5000000.0,5000.0,20,30632500.0,-47.58705139
1000000000.0,1146905830.5499647,spectrum,31250000.0,5000000.0,5000.0,20,30635000.0,-50.31055069
1000000000.0,1146905830.5499647,spectrum,31250000.0,5000000.0,5000.0,20,30637500.0,-51.84773254
1000000000.0,1146905830.5499647,spectrum,31250000.0,5000000.0,5000.0,20,30640000.0,-47.87722015
1000000000.0,1146905830.5499647,spectrum,31250000.0,5000000.0,5000.0,20,30642500.0,-44.3988266
1000000000.0,1146905830.5499647,spectrum,31250000.0,5000000.0,5000.0,20,30645000.0,-45.07532501
1000000000.0,1146905830.5499647,spectrum,31250000.0,5000000.0,5000.0,20,30647500.0,-48.19766235
1000000000.0,1146905830.5499647,spectrum,31250000.0,5000000.0,5000.0,20,30650000.0,-51.42024994
1000000000.0,1146905830.5499647,spectrum,31250000.0,5000000.0,5000.0,20,30652500.0,-49.33095932
1000000000.0,1146905830.5499647,spectrum,31250000.0,5000000.0,5000.0,20,30655000.0,-49.04335022
1000000000.0,1146905830.5499647,spectrum,31250000.0,5000000.0,5000.0,20,30657500.0,-51.20215607
1000000000.0,1146905830.5499647,spectrum,31250000.0,5000000.0,5000.0,20,30660000.0,-52.77169037
1000000000.0,1146905830.5499647,spectrum,31250000.0,5000000.0,5000.0,20,30662500.0,-49.07715225
1000000000.0,1146905830.5499647,spectrum,31250000.0,5000000.0,5000.0,20,30665000.0,-48.19938278
1000000000.0,1146905830.5499647,spectrum,31250000.0,5000000.0,5000.0,20,30667500.0,-51.26955414
1000000000.0,1146905830.5499647,spectrum,31250000.0,5000000.0,5000.0,20,30670000.0,-49.09362411
1000000000.0,1146905830.5499647,spectrum,31250000.0,5000000.0,5000.0,20,30672500.0,-47.71661377
1000000000.0,1146905830.5499647,spectrum,31250000.0,5000000.0,5000.0,20,30675000.0,-47.88399887
1000000000.0,1146905830.5499647,spectrum,31250000.0,5000000.0,5000.0,20,30677500.0,-48.524189
1000000000.0,1146905830.5499647,spectrum,31250000.0,5000000.0,5000.0,20,30680000.0,-48.6629982
1000000000.0,1146905830.5499647,spectrum,31250000.0,5000000.0,5000.0,20,30682500.0,-48.44021225
1000000000.0,1146905830.5499647,spectrum,31250000.0,5000000.0,5000.0,20,30685000.0,-50.43228149
1000000000.0,1146905830.5499647,spectrum,31250000.0,5000000.0,5000.0,20,30687500.0,-52.09119797
1000000000.0,1146905830.5499647,spectrum,31250000.0,5000000.0,5000.0,20,30690000.0,-50.04661179
1000000000.0,1146905830.5499647,spectrum,31250000.0,5000000.0,5000.0,20,30692500.0,-48.68287659
1000000000.0,1146905830.5499647,spectrum,31250000.0,5000000.0,5000.0,20,30695000.0,-49.67980957
1000000000.0,1146905830.5499647,spectrum,31250000.0,5000000.0,5000.0,20,30697500.0,-51.15189362
1000000000.0,1146905830.5499647,spectrum,31250000.0,5000000.0,5000.0,20,30700000.0,-50.13159561
1000000000.0,1146905830.5499647,spectrum,31250000.0,5000000.0,5000.0,20,30702500.0,-51.94422913
1000000000.0,1146905830.5499647,spectrum,31250000.0,5000000.0,5000.0,20,30705000.0,-52.36542511
1000000000.0,1146905830.5499647,spectrum,31250000.0,5000000.0,5000.0,20,30707500.0,-49.75504303
1000000000.0,1146905830.5499647,spectrum,31250000.0,5000000.0,5000.0,20,30710000.0,-47.3028717
1000000000.0,1146905830.5499647,spectrum,31250000.0,5000000.0,5000.0,20,30712500.0,-48.32692719
1000000000.0,1146905830.5499647,spectrum,31250000.0,5000000.0,5000.0,20,30715000.0,-51.4859848
1000000000.0,1146905830.5499647,spectrum,31250000.0,5000000.0,5000.0,20,30717500.0,-52.28397369
1000000000.0,1146905830.5499647,spectrum,31250000.0,5000000.0,5000.0,20,30720000.0,-52.94686127
1000000000.0,1146905830.5499647,spectrum,31250000.0,5000000.0,5000.0,20,30722500.0,-53.11270142
1000000000.0,1146905830.5499647,spectrum,31250000.0,5000000.0,5000.0,20,30725000.0,-51.7671051
1000000000.0,1146905830.5499647,spectrum,31250000.0,5000000.0,5000.0,20,30727500.0,-52.7519455
1000000000.0,1146905830.5499647,spectrum,31250000.0,5000000.0,5000.0,20,30730000.0,-52.74703217
1000000000.0,1146905830.5499647,spectrum,31250000.0,5000000.0,5000.0,20,30732500.0,-53.52929687
1000000000.0,1146905830.5499647,spectrum,31250000.0,5000000.0,5000.0,20,30735000.0,-53.06373215
1000000000.0,1146905830.5499647,spectrum,31250000.0,5000000.0,5000.0,20,30737500.0,-54.21990967
1000000000.0,1146905830.5499647,spectrum,31250000.0,5000000.0,5000.0,20,30740000.0,-54.74625778
1000000000.0,1146905830.5499647,spectrum,31250000.0,5000000.0,5000.0,20,30742500.0,-55.46868134
1000000000.0,1146905830.5499647,spectrum,31250000.0,5000000.0,5000.0,20,30745000.0,-53.9787674
1000000000.0,1146905830.5499647,spectrum,31250000.0,5000000.0,5000.0,20,30747500.0,-53.27101898
1000000000.0,1146905830.5499647,spectrum,31250000.0,5000000.0,5000.0,20,30750000.0,-53.02700043
1000000000.0,1146905830.5499647,spectrum,31250000.0,5000000.0,5000.0,20,30752500.0,-53.79217911
1000000000.0,1146905830.5499647,spectrum,31250000.0,5000000.0,5000.0,20,30755000.0,-52.26444626
1000000000.0,1146905830.5499647,spectrum,31250000.0,5000000.0,5000.0,20,30757500.0,-52.15393066
1000000000.0,1146905830.5499647,spectrum,31250000.0,5000000.0,5000.0,20,30760000.0,-53.0406723
1000000000.0,1146905830.5499647,spectrum,31250000.0,5000000.0,5000.0,20,30762500.0,-53.86212158
1000000000.0,1146905830.5499647,spectrum,31250000.0,5000000.0,5000.0,20,30765000.0,-52.03411865
1000000000.0,1146905830.5499647,spectrum,31250000.0,5000000.0,5000.0,20,30767500.0,-53.40726089
1000000000.0,1146905830.5499647,spectrum,31250000.0,5000000.0,5000.0,20,30770000.0,-54.6099968
1000000000.0,1146905830.5499647,spectrum,31250000.0,5000000.0,5000.0,20,30772500.0,-55.11581039
1000000000.0,1146905830.5499647,spectrum,31250000.0,5000000.0,5000.0,20,30775000.0,-54.90122604
1000000000.0,1146905830.5499647,spectrum,31250000.0,5000000.0,5000.0,20,30777500.0,-55.13448334
1000000000.0,1146905830.5499647,spectrum,31250000.0,5000000.0,5000.0,20,30780000.0,-56.17704391
1000000000.0,1146905830.5499647,spectrum,31250000.0,5000000.0,5000.0,20,30782500.0,-54.39810181
1000000000.0,1146905830.5499647,spectrum,31250000.0,5000000.0,5000.0,20,30785000.0,-54.18140411
1000000000.0,1146905830.5499647,spectrum,31250000.0,5000000.0,5000.0,20,30787500.0,-54.44616318
1000000000.0,1146905830.5499647,spectrum,31250000.0,5000000.0,5000.0,20,30790000.0,-55.02267456
1000000000.0,1146905830.5499647,spectrum,31250000.0,5000000.0,5000.0,20,30792500.0,-53.93606949
1000000000.0,1146905830.5499647,spectrum,31250000.0,5000000.0,5000.0,20,30795000.0,-54.27306366
1000000000.0,1146905830.5499647,spectrum,31250000.0,5000000.0,5000.0,20,30797500.0,-55.44247437
1000000000.0,1146905830.5499647,spectrum,31250000.0,5000000.0,5000.0,20,30800000.0,-55.32229614
1000000000.0,1146905830.5499647,spectrum,31250000.0,5000000.0,5000.0,20,30802500.0,-55.61749649
1000000000.0,1146905830.5499647,spectrum,31250000.0,5000000.0,5000.0,20,30805000.0,-54.67225647
1000000000.0,1146905830.5499647,spectrum,31250000.0,5000000.0,5000.0,20,30807500.0,-54.0036087
1000000000.0,1146905830.5499647,spectrum,31250000.0,5000000.0,5000.0,20,30810000.0,-55.04350281
1000000000.0,1146905830.5499647,spectrum,31250000.0,5000000.0,5000.0,20,30812500.0,-54.28568268
1000000000.0,1146905830.5499647,spectrum,31250000.0,5000000.0,5000.0,20,30815000.0,-54.04933929
1000000000.0,1146905830.5499647,spectrum,31250000.0,5000000.0,5000.0,20,30817500.0,-56.98625183
1000000000.0,1146905830.5499647,spectrum,31250000.0,5000000.0,5000.0,20,30820000.0,-56.40626144
1000000000.0,1146905830.5499647,spectrum,31250000.0,5000000.0,5000.0,20,30822500.0,-55.1167984
1000000000.0,1146905830.5499647,spectrum,31250000.0,5000000.0,5000.0,20,30825000.0,-55.32590485
1000000000.0,1146905830.5499647,spectrum,31250000.0,5000000.0,5000.0,20,30827500.0,-54.4947052
1000000000.0,1146905830.5499647,spectrum,31250000.0,5000000.0,5000.0,20,30830000.0,-55.3298645
1000000000.0,1146905830.5499647,spectrum,31250000.0,5000000.0,5000.0,20,30832500.0,-56.33971786
1000000000.0,1146905830.5499647,spectrum,31250000.0,5000000.0,5000.0,20,30835000.0,-57.25423813
1000000000.0,1146905830.5499647,spectrum,31250000.0,5000000.0,5000.0,20,30837500.0,-57.59530258
1000000000.0,1146905830.5499647,spectrum,31250000.0,5000000.0,5000.0,20,30840000.0,-58.89410019
1000000000.0,1146905830.5499647,spectrum,31250000.0,5000000.0,5000.0,20,30842500.0,-57.66801071
1000000000.0,1146905830.5499647,spectrum,31250000.0,5000000.0,5000.0,20,30845000.0,-56.28320694
1000000000.0,1146905830.5499647,spectrum,31250000.0,5000000.0,5000.0,20,30847500.0,-57.8338356
1000000000.0,1146905830.5499647,spectrum,31250000.0,5000000.0,5000.0,20,30850000.0,-58.83064651
1000000000.0,1146905830.5499647,spectrum,31250000.0,5000000.0,5000.0,20,30852500.0,-57.65270233
1000000000.0,1146905830.5499647,spectrum,31250000.0,5000000.0,5000.0,20,30855000.0,-53.82057953
1000000000.0,1146905830.5499647,spectrum,31250000.0,5000000.0,5000.0,20,30857500.0,-51.03253937
1000000000.0,1146905830.5499647,spectrum,31250000.0,5000000.0,5000.0,20,30860000.0,-53.438797
1000000000.0,1146905830.5499647,spectrum,31250000.0,5000000.0,5000.0,20,30862500.0,-55.70212173
1000000000.0,1146905830.5499647,spectrum,31250000.0,5000000.0,5000.0,20,30865000.0,-55.48367691
1000000000.0,1146905830.5499647,spectrum,31250000.0,5000000.0,5000.0,20,30867500.0,-54.94306946
1000000000.0,1146905830.5499647,spectrum,31250000.0,5000000.0,5000.0,20,30870000.0,-56.8882637
1000000000.0,1146905830.5499647,spectrum,31250000.0,5000000.0,5000.0,20,30872500.0,-57.86315536
1000000000.0,1146905830.5499647,spectrum,31250000.0,5000000.0,5000.0,20,30875000.0,-57.12674713
1000000000.0,1146905830.5499647,spectrum,31250000.0,5000000.0,5000.0,20,30877500.0,-56.766922
1000000000.0,1146905830.5499647,spectrum,31250000.0,5000000.0,5000.0,20,30880000.0,-54.90006256
1000000000.0,1146905830.5499647,spectrum,31250000.0,5000000.0,5000.0,20,30882500.0,-56.54364777
1000000000.0,1146905830.5499647,spectrum,31250000.0,5000000.0,5000.0,20,30885000.0,-59.23421097
1000000000.0,1146905830.5499647,spectrum,31250000.0,5000000.0,5000.0,20,30887500.0,-53.77991104
1000000000.0,1146905830.5499647,spectrum,31250000.0,5000000.0,5000.0,20,30890000.0,-47.97902679
1000000000.0,1146905830.5499647,spectrum,31250000.0,5000000.0,5000.0,20,30892500.0,-47.82153702
1000000000.0,1146905830.5499647,spectrum,31250000.0,5000000.0,5000.0,20,30895000.0,-45.85577774
1000000000.0,1146905830.5499647,spectrum,31250000.0,5000000.0,5000.0,20,30897500.0,-46.55004883
1000000000.0,1146905830.5499647,spectrum,31250000.0,5000000.0,5000.0,20,30900000.0,-52.80370331
1000000000.0,1146905830.5499647,spectrum,31250000.0,5000000.0,5000.0,20,30902500.0,-55.09617996
1000000000.0,1146905830.5499647,spectrum,31250000.0,5000000.0,5000.0,20,30905000.0,-56.25293732
1000000000.0,1146905830.5499647,spectrum,31250000.0,5000000.0,5000.0,20,30907500.0,-56.45049667
1000000000.0,1146905830.5499647,spectrum,31250000.0,5000000.0,5000.0,20,30910000.0,-56.35569763
1000000000.0,1146905830.5499647,spectrum,31250000.0,5000000.0,5000.0,20,30912500.0,-54.53190994
1000000000.0,1146905830.5499647,spectrum,31250000.0,5000000.0,5000.0,20,30915000.0,-56.19085693
1000000000.0,1146905830.5499647,spectrum,31250000.0,5000000.0,5000.0,20,30917500.0,-58.49137497
1000000000.0,1146905830.5499647,spectrum,31250000.0,5000000.0,5000.0,20,30920000.0,-58.70669937
1000000000.0,1146905830.5499647,spectrum,31250000.0,5000000.0,5000.0,20,30922500.0,-57.90941238
1000000000.0,1146905830.5499647,spectrum,31250000.0,5000000.0,5000.0,20,30925000.0,-57.54271317
1000000000.0,1146905830.5499647,spectrum,31250000.0,5000000.0,5000.0,20,30927500.0,-57.86053467
1000000000.0,1146905830.5499647,spectrum,31250000.0,5000000.0,5000.0,20,30930000.0,-57.69695282
1000000000.0,1146905830.5499647,spectrum,31250000.0,5000000.0,5000.0,20,30932500.0,-58.05648804
1000000000.0,1146905830.5499647,spectrum,31250000.0,5000000.0,5000.0,20,30935000.0,-59.26107407
1000000000.0,1146905830.5499647,spectrum,31250000.0,5000000.0,5000.0,20,30937500.0,-59.1241951
1000000000.0,1146905830.5499647,spectrum,31250000.0,5000000.0,5000.0,20,30940000.0,-60.08815002
1000000000.0,1146905830.5499647,spectrum,31250000.0,5000000.0,5000.0,20,30942500.0,-61.66373062
1000000000.0,1146905830.5499647,spectrum,31250000.0,5000000.0,5000.0,20,30945000.0,-62.04545593
1000000000.0,1146905830.5499647,spectrum,31250000.0,5000000.0,5000.0,20,30947500.0,-59.39095688
1000000000.0,1146905830.5499647,spectrum,31250000.0,5000000.0,5000.0,20,30950000.0,-58.82204819
1000000000.0,1146905830.5499647,spectrum,31250000.0,5000000.0,5000.0,20,30952500.0,-59.71692276
1000000000.0,1146905830.5499647,spectrum,31250000.0,5000000.0,5000.0,20,30955000.0,-59.48276901
1000000000.0,1146905830.5499647,spectrum,31250000.0,5000000.0,5000.0,20,30957500.0,-60.00915527
1000000000.0,1146905830.5499647,spectrum,31250000.0,5000000.0,5000.0,20,30960000.0,-58.29627991
1000000000.0,1146905830.5499647,spectrum,31250000.0,5000000.0,5000.0,20,30962500.0,-58.82734299
1000000000.0,1146905830.5499647,spectrum,31250000.0,5000000.0,5000.0,20,30965000.0,-61.28202057
1000000000.0,1146905830.5499647,spectrum,31250000.0,5000000.0,5000.0,20,30967500.0,-59.28518295
1000000000.0,1146905830.5499647,spectrum,31250000.0,5000000.0,5000.0,20,30970000.0,-59.6690712
1000000000.0,1146905830.5499647,spectrum,31250000.0,5000000.0,5000.0,20,30972500.0,-56.55338287
1000000000.0,1146905830.5499647,spectrum,31250000.0,5000000.0,5000.0,20,30975000.0,-55.35403442
1000000000.0,1146905830.5499647,spectrum,31250000.0,5000000.0,5000.0,20,30977500.0,-58.46716309
1000000000.0,1146905830.5499647,spectrum,31250000.0,5000000.0,5000.0,20,30980000.0,-60.54459381
1000000000.0,1146905830.5499647,spectrum,31250000.0,5000000.0,5000.0,20,30982500.0,-61.29862213
1000000000.0,1146905830.5499647,spectrum,31250000.0,5000000.0,5000.0,20,30985000.0,-60.55582047
1000000000.0,1146905830.5499647,spectrum,31250000.0,5000000.0,5000.0,20,30987500.0,-59.72787857
1000000000.0,1146905830.5499647,spectrum,31250000.0,5000000.0,5000.0,20,30990000.0,-60.72487259
1000000000.0,1146905830.5499647,spectrum,31250000.0,5000000.0,5000.0,20,30992500.0,-60.74959946
1000000000.0,1146905830.5499647,spectrum,31250000.0,5000000.0,5000.0,20,30995000.0,-61.1515274
1000000000.0,1146905830.5499647,spectrum,31250000.0,5000000.0,5000.0,20,30997500.0,-61.04282761
1000000000.0,1146905830.5499647,spectrum,31250000.0,5000000.0,5000.0,20,31000000.0,-58.96955872
1000000000.0,1146905830.5499647,spectrum,31250000.0,5000000.0,5000.0,20,31002500.0,-60.87336349
1000000000.0,1146905830.5499647,spectrum,31250000.0,5000000.0,5000.0,20,31005000.0,-61.21498489
1000000000.0,1146905830.5499647,spectrum,31250000.0,5000000.0,5000.0,20,31007500.0,-60.78097153
1000000000.0,1146905830.5499647,spectrum,31250000.0,5000000.0,5000.0,20,31010000.0,-61.43024063
1000000000.0,1146905830.5499647,spectrum,31250000.0,5000000.0,5000.0,20,31012500.0,-60.72674179
1000000000.0,1146905830.5499647,spectrum,31250000.0,5000000.0,5000.0,20,31015000.0,-60.67568588
1000000000.0,1146905830.5499647,spectrum,31250000.0,5000000.0,5000.0,20,31017500.0,-60.9405098
1000000000.0,1146905830.5499647,spectrum,31250000.0,5000000.0,5000.0,20,31020000.0,-60.57711792
1000000000.0,1146905830.5499647,spectrum,31250000.0,5000000.0,5000.0,20,31022500.0,-59.97222137
1000000000.0,1146905830.5499647,spectrum,31250000.0,5000000.0,5000.0,20,31025000.0,-60.23427963
1000000000.0,1146905830.5499647,spectrum,31250000.0,5000000.0,5000.0,20,31027500.0,-62.13908386
1000000000.0,1146905830.5499647,spectrum,31250000.0,5000000.0,5000.0,20,31030000.0,-61.15571213
1000000000.0,1146905830.5499647,spectrum,31250000.0,5000000.0,5000.0,20,31032500.0,-61.52301788
1000000000.0,1146905830.5499647,spectrum,31250000.0,5000000.0,5000.0,20,31035000.0,-62.04675674
1000000000.0,1146905830.5499647,spectrum,31250000.0,5000000.0,5000.0,20,31037500.0,-62.10318756
1000000000.0,1146905830.5499647,spectrum,31250000.0,5000000.0,5000.0,20,31040000.0,-63.07714462
1000000000.0,1146905830.5499647,spectrum,31250000.0,5000000.0,5000.0,20,31042500.0,-63.3834877
1000000000.0,1146905830.5499647,spectrum,31250000.0,5000000.0,5000.0,20,31045000.0,-63.53171539
1000000000.0,1146905830.5499647,spectrum,31250000.0,5000000.0,5000.0,20,31047500.0,-61.89522171
1000000000.0,1146905830.5499647,spectrum,31250000.0,5000000.0,5000.0,20,31050000.0,-61.93764877
1000000000.0,1146905830.5499647,spectrum,31250000.0,5000000.0,5000.0,20,31052500.0,-64.49902344
1000000000.0,1146905830.5499647,spectrum,31250000.0,5000000.0,5000.0,20,31055000.0,-65.88520813
1000000000.0,1146905830.5499647,spectrum,31250000.0,5000000.0,5000.0,20,31057500.0,-62.65166473
1000000000.0,1146905830.5499647,spectrum,31250000.0,5000000.0,5000.0,20,31060000.0,-61.70048904
1000000000.0,1146905830.5499647,spectrum,31250000.0,5000000.0,5000.0,20,31062500.0,-61.30554199
1000000000.0,1146905830.5499647,spectrum,31250000.0,5000000.0,5000.0,20,31065000.0,-61.54340744
1000000000.0,1146905830.5499647,spectrum,31250000.0,5000000.0,5000.0,20,31067500.0,-59.09098053
1000000000.0,1146905830.5499647,spectrum,31250000.0,5000000.0,5000.0,20,31070000.0,-56.26006317
1000000000.0,1146905830.5499647,spectrum,31250000.0,5000000.0,5000.0,20,31072500.0,-59.46807098
1000000000.0,1146905830.5499647,spectrum,31250000.0,5000000.0,5000.0,20,31075000.0,-62.99424744
1000000000.0,1146905830.5499647,spectrum,31250000.0,5000000.0,5000.0,20,31077500.0,-61.42332077
1000000000.0,1146905830.5499647,spectrum,31250000.0,5000000.0,5000.0,20,31080000.0,-62.83362579
1000000000.0,1146905830.5499647,spectrum,31250000.0,5000000.0,5000.0,20,31082500.0,-62.61515045
1000000000.0,1146905830.5499647,spectrum,31250000.0,5000000.0,5000.0,20,31085000.0,-63.00909805
1000000000.0,1146905830.5499647,spectrum,31250000.0,5000000.0,5000.0,20,31087500.0,-63.11236191
1000000000.0,1146905830.5499647,spectrum,31250000.0,5000000.0,5000.0,20,31090000.0,-62.60289001
1000000000.0,1146905830.5499647,spectrum,31250000.0,5000000.0,5000.0,20,31092500.0,-63.50521088
1000000000.0,1146905830.5499647,spectrum,31250000.0,5000000.0,5000.0,20,31095000.0,-64.1476059
1000000000.0,1146905830.5499647,spectrum,31250000.0,5000000.0,5000.0,20,31097500.0,-65.27804565
1000000000.0,1146905830.5499647,spectrum,31250000.0,5000000.0,5000.0,20,31100000.0,-63.93107605
1000000000.0,1146905830.5499647,spectrum,31250000.0,5000000.0,5000.0,20,31102500.0,-63.16254425
1000000000.0,1146905830.5499647,spectrum,31250000.0,5000000.0,5000.0,20,31105000.0,-61.69334793
1000000000.0,1146905830.5499647,spectrum,31250000.0,5000000.0,5000.0,20,31107500.0,-62.13620758
1000000000.0,1146905830.5499647,spectrum,31250000.0,5000000.0,5000.0,20,31110000.0,-61.58462906
1000000000.0,1146905830.5499647,spectrum,31250000.0,5000000.0,5000.0,20,31112500.0,-59.16559982
1000000000.0,1146905830.5499647,spectrum,31250000.0,5000000.0,5000.0,20,31115000.0,-59.54959869
1000000000.0,1146905830.5499647,spectrum,31250000.0,5000000.0,5000.0,20,31117500.0,-60.28437805
1000000000.0,1146905830.5499647,spectrum,31250000.0,5000000.0,5000.0,20,31120000.0,-61.16951752
1000000000.0,1146905830.5499647,spectrum,31250000.0,5000000.0,5000.0,20,31122500.0,-61.89951324
1000000000.0,1146905830.5499647,spectrum,31250000.0,5000000.0,5000.0,20,31125000.0,-61.02988434
1000000000.0,1146905830.5499647,spectrum,31250000.0,5000000.0,5000.0,20,31127500.0,-60.82407761
1000000000.0,1146905830.5499647,spectrum,31250000.0,5000000.0,5000.0,20,31130000.0,-62.36697769
1000000000.0,1146905830.5499647,spectrum,31250000.0,5000000.0,5000.0,20,31132500.0,-62.68490219
1000000000.0,1146905830.5499647,spectrum,31250000.0,5000000.0,5000.0,20,31135000.0,-61.84585571
1000000000.0,1146905830.5499647,spectrum,31250000.0,5000000.0,5000.0,20,31137500.0,-63.49024963
1000000000.0,1146905830.5499647,spectrum,31250000.0,5000000.0,5000.0,20,31140000.0,-61.82220459
1000000000.0,1146905830.5499647,spectrum,31250000.0,5000000.0,5000.0,20,31142500.0,-60.32375717
1000000000.0,1146905830.5499647,spectrum,31250000.0,5000000.0,5000.0,20,31145000.0,-61.28702927
1000000000.0,1146905830.5499647,spectrum,31250000.0,5000000.0,5000.0,20,31147500.0,-61.99703598
1000000000.0,1146905830.5499647,spectrum,31250000.0,5000000.0,5000.0,20,31150000.0,-61.40338135
1000000000.0,1146905830.5499647,spectrum,31250000.0,5000000.0,5000.0,20,31152500.0,-60.66708374
1000000000.0,1146905830.5499647,spectrum,31250000.0,5000000.0,5000.0,20,31155000.0,-59.66864014
1000000000.0,1146905830.5499647,spectrum,31250000.0,5000000.0,5000.0,20,31157500.0,-59.98271561
1000000000.0,1146905830.5499647,spectrum,31250000.0,5000000.0,5000.0,20,31160000.0,-58.88521957
1000000000.0,1146905830.5499647,spectrum,31250000.0,5000000.0,5000.0,20,31162500.0,-60.03216934
1000000000.0,1146905830.5499647,spectrum,31250000.0,5000000.0,5000.0,20,31165000.0,-58.62887955
1000000000.0,1146905830.5499647,spectrum,31250000.0,5000000.0,5000.0,20,31167500.0,-59.19516373
1000000000.0,1146905830.5499647,spectrum,31250000.0,5000000.0,5000.0,20,31170000.0,-60.17000961
1000000000.0,1146905830.5499647,spectrum,31250000.0,5000000.0,5000.0,20,31172500.0,-59.63158798
1000000000.0,1146905830.5499647,spectrum,31250000.0,5000000.0,5000.0,20,31175000.0,-61.31750488
1000000000.0,1146905830.5499647,spectrum,31250000.0,5000000.0,5000.0,20,31177500.0,-60.89875412
1000000000.0,1146905830.5499647,spectrum,31250000.0,5000000.0,5000.0,20,31180000.0,-60.94371033
1000000000.0,1146905830.5499647,spectrum,31250000.0,5000000.0,5000.0,20,31182500.0,-60.77305222
1000000000.0,1146905830.5499647,spectrum,31250000.0,5000000.0,5000.0,20,31185000.0,-60.87744904
1000000000.0,1146905830.5499647,spectrum,31250000.0,5000000.0,5000.0,20,31187500.0,-60.72386169
1000000000.0,1146905830.5499647,spectrum,31250000.0,5000000.0,5000.0,20,31190000.0,-59.23006439
1000000000.0,1146905830.5499647,spectrum,31250000.0,5000000.0,5000.0,20,31192500.0,-58.20210266
1000000000.0,1146905830.5499647,spectrum,31250000.0,5000000.0,5000.0,20,31195000.0,-59.19111633
1000000000.0,1146905830.5499647,spectrum,31250000.0,5000000.0,5000.0,20,31197500.0,-58.53782654
1000000000.0,1146905830.5499647,spectrum,31250000.0,5000000.0,5000.0,20,31200000.0,-58.80973053
1000000000.0,1146905830.5499647,spectrum,31250000.0,5000000.0,5000.0,20,31202500.0,-57.84080124
1000000000.0,1146905830.5499647,spectrum,31250000.0,5000000.0,5000.0,20,31205000.0,-58.87921524
1000000000.0,1146905830.5499647,spectrum,31250000.0,5000000.0,5000.0,20,31207500.0,-58.72821045
1000000000.0,1146905830.5499647,spectrum,31250000.0,5000000.0,5000.0,20,31210000.0,-59.0437088
1000000000.0,1146905830.5499647,spectrum,31250000.0,5000000.0,5000.0,20,31212500.0,-59.74433136
1000000000.0,1146905830.5499647,spectrum,31250000.0,5000000.0,5000.0,20,31215000.0,-59.61443329
1000000000.0,1146905830.5499647,spectrum,31250000.0,5000000.0,5000.0,20,31217500.0,-59.87539291
1000000000.0,1146905830.5499647,spectrum,31250000.0,5000000.0,5000.0,20,31220000.0,-60.22159195
1000000000.0,1146905830.5499647,spectrum,31250000.0,5000000.0,5000.0,20,31222500.0,-59.0317421
1000000000.0,1146905830.5499647,spectrum,31250000.0,5000000.0,5000.0,20,31225000.0,-58.30130386
1000000000.0,1146905830.5499647,spectrum,31250000.0,5000000.0,5000.0,20,31227500.0,-59.0340004
1000000000.0,1146905830.5499647,spectrum,31250000.0,5000000.0,5000.0,20,31230000.0,-58.89435959
1000000000.0,1146905830.5499647,spectrum,31250000.0,5000000.0,5000.0,20,31232500.0,-57.46934509
1000000000.0,1146905830.5499647,spectrum,31250000.0,5000000.0,5000.0,20,31235000.0,-57.7039299
1000000000.0,1146905830.5499647,spectrum,31250000.0,5000000.0,5000.0,20,31237500.0,-57.5519104
1000000000.0,1146905830.5499647,spectrum,31250000.0,5000000.0,5000.0,20,31240000.0,-52.25375748
1000000000.0,1146905830.5499647,spectrum,31250000.0,5000000.0,5000.0,20,31242500.0,-24.4565258
1000000000.0,1146905830.5499647,spectrum,31250000.0,5000000.0,5000.0,20,31245000.0,-9.75895977
1000000000.0,1146905830.5499647,spectrum,31250000.0,5000000.0,5000.0,20,31247500.0,-2.851188183
1000000000.0,1146905830.5499647,spectrum,31250000.0,5000000.0,5000.0,20,31250000.0,-2.15318346
1000000000.0,1146905830.5499647,spectrum,31250000.0,5000000.0,5000.0,20,31252500.0,-7.531238556
1000000000.0,1146905830.5499647,spectrum,31250000.0,5000000.0,5000.0,20,31255000.0,-20.12693596
1000000000.0,1146905830.5499647,spectrum,31250000.0,5000000.0,5000.0,20,31257500.0,-44.42879105
1000000000.0,1146905830.5499647,spectrum,31250000.0,5000000.0,5000.0,20,31260000.0,-57.57684708
1000000000.0,1146905830.5499647,spectrum,31250000.0,5000000.0,5000.0,20,31262500.0,-57.7126503
1000000000.0,1146905830.5499647,spectrum,31250000.0,5000000.0,5000.0,20,31265000.0,-57.38623047
1000000000.0,1146905830.5499647,spectrum,31250000.0,5000000.0,5000.0,20,31267500.0,-59.42921829
1000000000.0,1146905830.5499647,spectrum,31250000.0,5000000.0,5000.0,20,31270000.0,-60.59233856
1000000000.0,1146905830.5499647,spectrum,31250000.0,5000000.0,5000.0,20,31272500.0,-58.96536255
1000000000.0,1146905830.5499647,spectrum,31250000.0,5000000.0,5000.0,20,31275000.0,-59.25353241
1000000000.0,1146905830.5499647,spectrum,31250000.0,5000000.0,5000.0,20,31277500.0,-59.27958679
1000000000.0,1146905830.5499647,spectrum,31250000.0,5000000.0,5000.0,20,31280000.0,-59.64673996
1000000000.0,1146905830.5499647,spectrum,31250000.0,5000000.0,5000.0,20,31282500.0,-60.01930618
1000000000.0,1146905830.5499647,spectrum,31250000.0,5000000.0,5000.0,20,31285000.0,-59.35906601
1000000000.0,1146905830.5499647,spectrum,31250000.0,5000000.0,5000.0,20,31287500.0,-58.53981781
1000000000.0,1146905830.5499647,spectrum,31250000.0,5000000.0,5000.0,20,31290000.0,-59.23667526
1000000000.0,1146905830.5499647,spectrum,31250000.0,5000000.0,5000.0,20,31292500.0,-59.99033356
1000000000.0,1146905830.5499647,spectrum,31250000.0,5000000.0,5000.0,20,31295000.0,-58.17805099
1000000000.0,1146905830.5499647,spectrum,31250000.0,5000000.0,5000.0,20,31297500.0,-58.31821442
1000000000.0,1146905830.5499647,spectrum,31250000.0,5000000.0,5000.0,20,31300000.0,-58.0088768
1000000000.0,1146905830.5499647,spectrum,31250000.0,5000000.0,5000.0,20,31302500.0,-58.24651337
1000000000.0,1146905830.5499647,spectrum,31250000.0,5000000.0,5000.0,20,31305000.0,-57.3658638
1000000000.0,1146905830.5499647,spectrum,31250000.0,5000000.0,5000.0,20,31307500.0,-58.25125504
1000000000.0,1146905830.5499647,spectrum,31250000.0,5000000.0,5000.0,20,31310000.0,-60.04307938
1000000000.0,1146905830.5499647,spectrum,31250000.0,5000000.0,5000.0,20,31312500.0,-61.06185913
1000000000.0,1146905830.5499647,spectrum,31250000.0,5000000.0,5000.0,20,31315000.0,-61.73760223
1000000000.0,1146905830.5499647,spectrum,31250000.0,5000000.0,5000.0,20,31317500.0,-61.99746323
1000000000.0,1146905830.5499647,spectrum,31250000.0,5000000.0,5000.0,20,31320000.0,-60.17365646
1000000000.0,1146905830.5499647,spectrum,31250000.0,5000000.0,5000.0,20,31322500.0,-59.29122925
1000000000.0,1146905830.5499647,spectrum,31250000.0,5000000.0,5000.0,20,31325000.0,-59.17285919
1000000000.0,1146905830.5499647,spectrum,31250000.0,5000000.0,5000.0,20,31327500.0,-58.78236389
1000000000.0,1146905830.5499647,spectrum,31250000.0,5000000.0,5000.0,20,31330000.0,-58.26467133
1000000000.0,1146905830.5499647,spectrum,31250000.0,5000000.0,5000.0,20,31332500.0,-58.29193878
1000000000.0,1146905830.5499647,spectrum,31250000.0,5000000.0,5000.0,20,31335000.0,-59.09213257
1000000000.0,1146905830.5499647,spectrum,31250000.0,5000000.0,5000.0,20,31337500.0,-57.6606369
1000000000.0,1146905830.5499647,spectrum,31250000.0,5000000.0,5000.0,20,31340000.0,-56.99927902
1000000000.0,1146905830.5499647,spectrum,31250000.0,5000000.0,5000.0,20,31342500.0,-56.33944321
1000000000.0,1146905830.5499647,spectrum,31250000.0,5000000.0,5000.0,20,31345000.0,-56.76876068
1000000000.0,1146905830.5499647,spectrum,31250000.0,5000000.0,5000.0,20,31347500.0,-59.57406616
1000000000.0,1146905830.5499647,spectrum,31250000.0,5000000.0,5000.0,20,31350000.0,-60.25175858
1000000000.0,1146905830.5499647,spectrum,31250000.0,5000000.0,5000.0,20,31352500.0,-59.35643387
1000000000.0,1146905830.5499647,spectrum,31250000.0,5000000.0,5000.0,20,31355000.0,-61.0379715
1000000000.0,1146905830.5499647,spectrum,31250000.0,5000000.0,5000.0,20,31357500.0,-60.7386322
1000000000.0,1146905830.5499647,spectrum,31250000.0,5000000.0,5000.0,20,31360000.0,-59.91960907
1000000000.0,1146905830.5499647,spectrum,31250000.0,5000000.0,5000.0,20,31362500.0,-60.39155579
1000000000.0,1146905830.5499647,spectrum,31250000.0,5000000.0,5000.0,20,31365000.0,-61.1545372
1000000000.0,1146905830.5499647,spectrum,31250000.0,5000000.0,5000.0,20,31367500.0,-60.03832245
1000000000.0,1146905830.5499647,spectrum,31250000.0,5000000.0,5000.0,20,31370000.0,-60.93431091
1000000000.0,1146905830.5499647,spectrum,31250000.0,5000000.0,5000.0,20,31372500.0,-60.73247528
1000000000.0,1146905830.5499647,spectrum,31250000.0,5000000.0,5000.0,20,31375000.0,-60.07621002
1000000000.0,1146905830.5499647,spectrum,31250000.0,5000000.0,5000.0,20,31377500.0,-60.99575043
1000000000.0,1146905830.5499647,spectrum,31250000.0,5000000.0,5000.0,20,31380000.0,-63.31903076
1000000000.0,1146905830.5499647,spectrum,31250000.0,5000000.0,5000.0,20,31382500.0,-62.36949158
1000000000.0,1146905830.5499647,spectrum,31250000.0,5000000.0,5000.0,20,31385000.0,-58.6013031
1000000000.0,1146905830.5499647,spectrum,31250000.0,5000000.0,5000.0,20,31387500.0,-59.30864716
1000000000.0,1146905830.5499647,spectrum,31250000.0,5000000.0,5000.0,20,31390000.0,-62.01259995
1000000000.0,1146905830.5499647,spectrum,31250000.0,5000000.0,5000.0,20,31392500.0,-61.04537201
1000000000.0,1146905830.5499647,spectrum,31250000.0,5000000.0,5000.0,20,31395000.0,-60.31946945
1000000000.0,1146905830.5499647,spectrum,31250000.0,5000000.0,5000.0,20,31397500.0,-60.09939194
1000000000.0,1146905830.5499647,spectrum,31250000.0,5000000.0,5000.0,20,31400000.0,-60.23094177
1000000000.0,1146905830.5499647,spectrum,31250000.0,5000000.0,5000.0,20,31402500.0,-60.91107941
1000000000.0,1146905830.5499647,spectrum,31250000.0,5000000.0,5000.0,20,31405000.0,-60.18380737
1000000000.0,1146905830.5499647,spectrum,31250000.0,5000000.0,5000.0,20,31407500.0,-61.29872894
1000000000.0,1146905830.5499647,spectrum,31250000.0,5000000.0,5000.0,20,31410000.0,-60.21216202
1000000000.0,1146905830.5499647,spectrum,31250000.0,5000000.0,5000.0,20,31412500.0,-58.74343872
1000000000.0,1146905830.5499647,spectrum,31250000.0,5000000.0,5000.0,20,31415000.0,-59.0575943
1000000000.0,1146905830.5499647,spectrum,31250000.0,5000000.0,5000.0,20,31417500.0,-60.97843933
1000000000.0,1146905830.5499647,spectrum,31250000.0,5000000.0,5000.0,20,31420000.0,-59.91958618
1000000000.0,1146905830.5499647,spectrum,31250000.0,5000000.0,5000.0,20,31422500.0,-59.65099335
1000000000.0,1146905830.5499647,spectrum,31250000.0,5000000.0,5000.0,20,31425000.0,-57.19382477
1000000000.0,1146905830.5499647,spectrum,31250000.0,5000000.0,5000.0,20,31427500.0,-54.25165939
1000000000.0,1146905830.5499647,spectrum,31250000.0,5000000.0,5000.0,20,31430000.0,-55.71960831
1000000000.0,1146905830.5499647,spectrum,31250000.0,5000000.0,5000.0,20,31432500.0,-58.37943649
1000000000.0,1146905830.5499647,spectrum,31250000.0,5000000.0,5000.0,20,31435000.0,-57.85493851
1000000000.0,1146905830.5499647,spectrum,31250000.0,5000000.0,5000.0,20,31437500.0,-57.17543411
1000000000.0,1146905830.5499647,spectrum,31250000.0,5000000.0,5000.0,20,31440000.0,-59.22074509
1000000000.0,1146905830.5499647,spectrum,31250000.0,5000000.0,5000.0,20,31442500.0,-59.39715958
1000000000.0,1146905830.5499647,spectrum,31250000.0,5000000.0,5000.0,20,31445000.0,-59.22650528
1000000000.0,1146905830.5499647,spectrum,31250000.0,5000000.0,5000.0,20,31447500.0,-60.79404831
1000000000.0,1146905830.5499647,spectrum,31250000.0,5000000.0,5000.0,20,31450000.0,-60.32093048
1000000000.0,1146905830.5499647,spectrum,31250000.0,5000000.0,5000.0,20,31452500.0,-61.41788864
1000000000.0,1146905830.5499647,spectrum,31250000.0,5000000.0,5000.0,20,31455000.0,-61.11085129
1000000000.0,1146905830.5499647,spectrum,31250000.0,5000000.0,5000.0,20,31457500.0,-60.42696381
1000000000.0,1146905830.5499647,spectrum,31250000.0,5000000.0,5000.0,20,31460000.0,-59.07248688
1000000000.0,1146905830.5499647,spectrum,31250000.0,5000000.0,5000.0,20,31462500.0,-61.02467728
1000000000.0,1146905830.5499647,spectrum,31250000.0,5000000.0,5000.0,20,31465000.0,-62.20672989
1000000000.0,1146905830.5499647,spectrum,31250000.0,5000000.0,5000.0,20,31467500.0,-60.26951981
1000000000.0,1146905830.5499647,spectrum,31250000.0,5000000.0,5000.0,20,31470000.0,-58.28260803
1000000000.0,1146905830.5499647,spectrum,31250000.0,5000000.0,5000.0,20,31472500.0,-60.26727676
1000000000.0,1146905830.5499647,spectrum,31250000.0,5000000.0,5000.0,20,31475000.0,-59.76403809
1000000000.0,1146905830.5499647,spectrum,31250000.0,5000000.0,5000.0,20,31477500.0,-61.00326538
1000000000.0,1146905830.5499647,spectrum,31250000.0,5000000.0,5000.0,20,31480000.0,-59.60289001
1000000000.0,1146905830.5499647,spectrum,31250000.0,5000000.0,5000.0,20,31482500.0,-58.47257996
1000000000.0,1146905830.5499647,spectrum,31250000.0,5000000.0,5000.0,20,31485000.0,-57.91653061
1000000000.0,1146905830.5499647,spectrum,31250000.0,5000000.0,5000.0,20,31487500.0,-58.80699539
1000000000.0,1146905830.5499647,spectrum,31250000.0,5000000.0,5000.0,20,31490000.0,-58.72038651
1000000000.0,1146905830.5499647,spectrum,31250000.0,5000000.0,5000.0,20,31492500.0,-58.67842865
1000000000.0,1146905830.5499647,spectrum,31250000.0,5000000.0,5000.0,20,31495000.0,-59.61246872
1000000000.0,1146905830.5499647,spectrum,31250000.0,5000000.0,5000.0,20,31497500.0,-58.4217186
1000000000.0,1146905830.5499647,spectrum,31250000.0,5000000.0,5000.0,20,31500000.0,-58.30499268
1000000000.0,1146905830.5499647,spectrum,31250000.0,5000000.0,5000.0,20,31502500.0,-59.32888794
1000000000.0,1146905830.5499647,spectrum,31250000.0,5000000.0,5000.0,20,31505000.0,-61.73822403
1000000000.0,1146905830.5499647,spectrum,31250000.0,5000000.0,5000.0,20,31507500.0,-60.10654831
1000000000.0,1146905830.5499647,spectrum,31250000.0,5000000.0,5000.0,20,31510000.0,-58.8654213
1000000000.0,1146905830.5499647,spectrum,31250000.0,5000000.0,5000.0,20,31512500.0,-59.34238815
1000000000.0,1146905830.5499647,spectrum,31250000.0,5000000.0,5000.0,20,31515000.0,-59.92918015
1000000000.0,1146905830.5499647,spectrum,31250000.0,5000000.0,5000.0,20,31517500.0,-59.83925629
1000000000.0,1146905830.5499647,spectrum,31250000.0,5000000.0,5000.0,20,31520000.0,-59.24943924
1000000000.0,1146905830.5499647,spectrum,31250000.0,5000000.0,5000.0,20,31522500.0,-54.72975922
1000000000.0,1146905830.5499647,spectrum,31250000.0,5000000.0,5000.0,20,31525000.0,-53.56896591
1000000000.0,1146905830.5499647,spectrum,31250000.0,5000000.0,5000.0,20,31527500.0,-56.85039139
1000000000.0,1146905830.5499647,spectrum,31250000.0,5000000.0,5000.0,20,31530000.0,-59.39609528
1000000000.0,1146905830.5499647,spectrum,31250000.0,5000000.0,5000.0,20,31532500.0,-58.60104752
1000000000.0,1146905830.5499647,spectrum,31250000.0,5000000.0,5000.0,20,31535000.0,-61.0695343
1000000000.0,1146905830.5499647,spectrum,31250000.0,5000000.0,5000.0,20,31537500.0,-62.67084503
1000000000.0,1146905830.5499647,spectrum,31250000.0,5000000.0,5000.0,20,31540000.0,-62.46648788
1000000000.0,1146905830.5499647,spectrum,31250000.0,5000000.0,5000.0,20,31542500.0,-60.09178162
1000000000.0,1146905830.5499647,spectrum,31250000.0,5000000.0,5000.0,20,31545000.0,-58.77225494
1000000000.0,1146905830.5499647,spectrum,31250000.0,5000000.0,5000.0,20,31547500.0,-58.38545227
1000000000.0,1146905830.5499647,spectrum,31250000.0,5000000.0,5000.0,20,31550000.0,-58.64564133
1000000000.0,1146905830.5499647,spectrum,31250000.0,5000000.0,5000.0,20,31552500.0,-58.22597504
1000000000.0,1146905830.5499647,spectrum,31250000.0,5000000.0,5000.0,20,31555000.0,-59.49790955
1000000000.0,1146905830.5499647,spectrum,31250000.0,5000000.0,5000.0,20,31557500.0,-60.56178284
1000000000.0,1146905830.5499647,spectrum,31250000.0,5000000.0,5000.0,20,31560000.0,-59.82556534
1000000000.0,1146905830.5499647,spectrum,31250000.0,5000000.0,5000.0,20,31562500.0,-59.02288437
1000000000.0,1146905830.5499647,spectrum,31250000.0,5000000.0,5000.0,20,31565000.0,-59.83888626
1000000000.0,1146905830.5499647,spectrum,31250000.0,5000000.0,5000.0,20,31567500.0,-58.48407745
1000000000.0,1146905830.5499647,spectrum,31250000.0,5000000.0,5000.0,20,31570000.0,-57.02138519
1000000000.0,1146905830.5499647,spectrum,31250000.0,5000000.0,5000.0,20,31572500.0,-56.87255096
1000000000.0,1146905830.5499647,spectrum,31250000.0,5000000.0,5000.0,20,31575000.0,-56.47151947
1000000000.0,1146905830.5499647,spectrum,31250000.0,5000000.0,5000.0,20,31577500.0,-57.76396179
1000000000.0,1146905830.5499647,spectrum,31250000.0,5000000.0,5000.0,20,31580000.0,-57.59040833
1000000000.0,1146905830.5499647,spectrum,31250000.0,5000000.0,5000.0,20,31582500.0,-57.19034958
1000000000.0,1146905830.5499647,spectrum,31250000.0,5000000.0,5000.0,20,31585000.0,-55.79252625
1000000000.0,1146905830.5499647,spectrum,31250000.0,5000000.0,5000.0,20,31587500.0,-54.82746506
1000000000.0,1146905830.5499647,spectrum,31250000.0,5000000.0,5000.0,20,31590000.0,-54.42897415
1000000000.0,1146905830.5499647,spectrum,31250000.0,5000000.0,5000.0,20,31592500.0,-57.69438553
1000000000.0,1146905830.5499647,spectrum,31250000.0,5000000.0,5000.0,20,31595000.0,-57.58127213
1000000000.0,1146905830.5499647,spectrum,31250000.0,5000000.0,5000.0,20,31597500.0,-56.42934418
1000000000.0,1146905830.5499647,spectrum,31250000.0,5000000.0,5000.0,20,31600000.0,-47.46358871
1000000000.0,1146905830.5499647,spectrum,31250000.0,5000000.0,5000.0,20,31602500.0,-44.60793686
1000000000.0,1146905830.5499647,spectrum,31250000.0,5000000.0,5000.0,20,31605000.0,-44.83028412
1000000000.0,1146905830.5499647,spectrum,31250000.0,5000000.0,5000.0,20,31607500.0,-44.1265564
1000000000.0,1146905830.5499647,spectrum,31250000.0,5000000.0,5000.0,20,31610000.0,-47.8357811
1000000000.0,1146905830.5499647,spectrum,31250000.0,5000000.0,5000.0,20,31612500.0,-55.3618927
1000000000.0,1146905830.5499647,spectrum,31250000.0,5000000.0,5000.0,20,31615000.0,-51.75188828
1000000000.0,1146905830.5499647,spectrum,31250000.0,5000000.0,5000.0,20,31617500.0,-48.38046265
1000000000.0,1146905830.5499647,spectrum,31250000.0,5000000.0,5000.0,20,31620000.0,-50.18344498
1000000000.0,1146905830.5499647,spectrum,31250000.0,5000000.0,5000.0,20,31622500.0,-56.17365265
1000000000.0,1146905830.5499647,spectrum,31250000.0,5000000.0,5000.0,20,31625000.0,-54.66400528
1000000000.0,1146905830.5499647,spectrum,31250000.0,5000000.0,5000.0,20,31627500.0,-53.67304993
1000000000.0,1146905830.5499647,spectrum,31250000.0,5000000.0,5000.0,20,31630000.0,-54.00237656
1000000000.0,1146905830.5499647,spectrum,31250000.0,5000000.0,5000.0,20,31632500.0,-56.07075882
1000000000.0,1146905830.5499647,spectrum,31250000.0,5000000.0,5000.0,20,31635000.0,-55.6942215
1000000000.0,1146905830.5499647,spectrum,31250000.0,5000000.0,5000.0,20,31637500.0,-53.86624908
1000000000.0,1146905830.5499647,spectrum,31250000.0,5000000.0,5000.0,20,31640000.0,-52.96367264
1000000000.0,1146905830.5499647,spectrum,31250000.0,5000000.0,5000.0,20,31642500.0,-54.68634796
1000000000.0,1146905830.5499647,spectrum,31250000.0,5000000.0,5000.0,20,31645000.0,-56.27958298
1000000000.0,1146905830.5499647,spectrum,31250000.0,5000000.0,5000.0,20,31647500.0,-55.71467209
1000000000.0,1146905830.5499647,spectrum,31250000.0,5000000.0,5000.0,20,31650000.0,-56.28268433
1000000000.0,1146905830.5499647,spectrum,31250000.0,5000000.0,5000.0,20,31652500.0,-56.39084244
1000000000.0,1146905830.5499647,spectrum,31250000.0,5000000.0,5000.0,20,31655000.0,-57.05565262
1000000000.0,1146905830.5499647,spectrum,31250000.0,5000000.0,5000.0,20,31657500.0,-56.66046524
1000000000.0,1146905830.5499647,spectrum,31250000.0,5000000.0,5000.0,20,31660000.0,-58.31793976
1000000000.0,1146905830.5499647,spectrum,31250000.0,5000000.0,5000.0,20,31662500.0,-57.20224762
1000000000.0,1146905830.5499647,spectrum,31250000.0,5000000.0,5000.0,20,31665000.0,-58.64051819
1000000000.0,1146905830.5499647,spectrum,31250000.0,5000000.0,5000.0,20,31667500.0,-58.16990662
1000000000.0,1146905830.5499647,spectrum,31250000.0,5000000.0,5000.0,20,31670000.0,-56.97216034
1000000000.0,1146905830.5499647,spectrum,31250000.0,5000000.0,5000.0,20,31672500.0,-55.00032806
1000000000.0,1146905830.5499647,spectrum,31250000.0,5000000.0,5000.0,20,31675000.0,-55.02587509
1000000000.0,1146905830.5499647,spectrum,31250000.0,5000000.0,5000.0,20,31677500.0,-57.11486053
1000000000.0,1146905830.5499647,spectrum,31250000.0,5000000.0,5000.0,20,31680000.0,-54.72583771
1000000000.0,1146905830.5499647,spectrum,31250000.0,5000000.0,5000.0,20,31682500.0,-54.91386414
1000000000.0,1146905830.5499647,spectrum,31250000.0,5000000.0,5000.0,20,31685000.0,-56.06246948
1000000000.0,1146905830.5499647,spectrum,31250000.0,5000000.0,5000.0,20,31687500.0,-56.44631958
1000000000.0,1146905830.5499647,spectrum,31250000.0,5000000.0,5000.0,20,31690000.0,-55.16047668
1000000000.0,1146905830.5499647,spectrum,31250000.0,5000000.0,5000.0,20,31692500.0,-53.26707077
1000000000.0,1146905830.5499647,spectrum,31250000.0,5000000.0,5000.0,20,31695000.0,-54.22991562
1000000000.0,1146905830.5499647,spectrum,31250000.0,5000000.0,5000.0,20,31697500.0,-54.2658577
1000000000.0,1146905830.5499647,spectrum,31250000.0,5000000.0,5000.0,20,31700000.0,-54.09432602
1000000000.0,1146905830.5499647,spectrum,31250000.0,5000000.0,5000.0,20,31702500.0,-53.98202515
1000000000.0,1146905830.5499647,spectrum,31250000.0,5000000.0,5000.0,20,31705000.0,-53.77518845
1000000000.0,1146905830.5499647,spectrum,31250000.0,5000000.0,5000.0,20,31707500.0,-53.71211243
1000000000.0,1146905830.5499647,spectrum,31250000.0,5000000.0,5000.0,20,31710000.0,-52.54471207
1000000000.0,1146905830.5499647,spectrum,31250000.0,5000000.0,5000.0,20,31712500.0,-52.69753265
1000000000.0,1146905830.5499647,spectrum,31250000.0,5000000.0,5000.0,20,31715000.0,-54.33972931
1000000000.0,1146905830.5499647,spectrum,31250000.0,5000000.0,5000.0,20,31717500.0,-52.40811157
1000000000.0,1146905830.5499647,spectrum,31250000.0,5000000.0,5000.0,20,31720000.0,-52.37185287
1000000000.0,1146905830.5499647,spectrum,31250000.0,5000000.0,5000.0,20,31722500.0,-55.11878204
1000000000.0,1146905830.5499647,spectrum,31250000.0,5000000.0,5000.0,20,31725000.0,-56.40003586
1000000000.0,1146905830.5499647,spectrum,31250000.0,5000000.0,5000.0,20,31727500.0,-56.06408691
1000000000.0,1146905830.5499647,spectrum,31250000.0,5000000.0,5000.0,20,31730000.0,-53.05612946
1000000000.0,1146905830.5499647,spectrum,31250000.0,5000000.0,5000.0,20,31732500.0,-51.37778854
1000000000.0,1146905830.5499647,spectrum,31250000.0,5000000.0,5000.0,20,31735000.0,-50.97708511
1000000000.0,1146905830.5499647,spectrum,31250000.0,5000000.0,5000.0,20,31737500.0,-53.0467453
1000000000.0,1146905830.5499647,spectrum,31250000.0,5000000.0,5000.0,20,31740000.0,-54.62253571
1000000000.0,1146905830.5499647,spectrum,31250000.0,5000000.0,5000.0,20,31742500.0,-54.50023651
1000000000.0,1146905830.5499647,spectrum,31250000.0,5000000.0,5000.0,20,31745000.0,-53.50461578
1000000000.0,1146905830.5499647,spectrum,31250000.0,5000000.0,5000.0,20,31747500.0,-53.64496613
1000000000.0,1146905830.5499647,spectrum,31250000.0,5000000.0,5000.0,20,31750000.0,-55.07587433
1000000000.0,1146905830.5499647,spectrum,31250000.0,5000000.0,5000.0,20,31752500.0,-55.12117767
1000000000.0,1146905830.5499647,spectrum,31250000.0,5000000.0,5000.0,20,31755000.0,-52.24750519
1000000000.0,1146905830.5499647,spectrum,31250000.0,5000000.0,5000.0,20,31757500.0,-52.01797867
1000000000.0,1146905830.5499647,spectrum,31250000.0,5000000.0,5000.0,20,31760000.0,-52.07998657
1000000000.0,1146905830.5499647,spectrum,31250000.0,5000000.0,5000.0,20,31762500.0,-51.38893127
1000000000.0,1146905830.5499647,spectrum,31250000.0,5000000.0,5000.0,20,31765000.0,-52.28491974
1000000000.0,1146905830.5499647,spectrum,31250000.0,5000000.0,5000.0,20,31767500.0,-52.11805725
1000000000.0,1146905830.5499647,spectrum,31250000.0,5000000.0,5000.0,20,31770000.0,-52.02275467
1000000000.0,1146905830.5499647,spectrum,31250000.0,5000000.0,5000.0,20,31772500.0,-49.65945053
1000000000.0,1146905830.5499647,spectrum,31250000.0,5000000.0,5000.0,20,31775000.0,-49.96349335
1000000000.0,1146905830.5499647,spectrum,31250000.0,5000000.0,5000.0,20,31777500.0,-51.2869873
1000000000.0,1146905830.5499647,spectrum,31250000.0,5000000.0,5000.0,20,31780000.0,-51.86990738
1000000000.0,1146905830.5499647,spectrum,31250000.0,5000000.0,5000.0,20,31782500.0,-48.0774765
1000000000.0,1146905830.5499647,spectrum,31250000.0,5000000.0,5000.0,20,31785000.0,-44.30181503
1000000000.0,1146905830.5499647,spectrum,31250000.0,5000000.0,5000.0,20,31787500.0,-43.95004272
1000000000.0,1146905830.5499647,spectrum,31250000.0,5000000.0,5000.0,20,31790000.0,-46.94182968
1000000000.0,1146905830.5499647,spectrum,31250000.0,5000000.0,5000.0,20,31792500.0,-49.62282562
1000000000.0,1146905830.5499647,spectrum,31250000.0,5000000.0,5000.0,20,31795000.0,-50.97979736
1000000000.0,1146905830.5499647,spectrum,31250000.0,5000000.0,5000.0,20,31797500.0,-52.32774353
1000000000.0,1146905830.5499647,spectrum,31250000.0,5000000.0,5000.0,20,31800000.0,-53.00967026
1000000000.0,1146905830.5499647,spectrum,31250000.0,5000000.0,5000.0,20,31802500.0,-50.99809265
1000000000.0,1146905830.5499647,spectrum,31250000.0,5000000.0,5000.0,20,31805000.0,-49.21178436
1000000000.0,1146905830.5499647,spectrum,31250000.0,5000000.0,5000.0,20,31807500.0,-48.3863945
1000000000.0,1146905830.5499647,spectrum,31250000.0,5000000.0,5000.0,20,31810000.0,-48.89073563
1000000000.0,1146905830.5499647,spectrum,31250000.0,5000000.0,5000.0,20,31812500.0,-47.09793091
1000000000.0,1146905830.5499647,spectrum,31250000.0,5000000.0,5000.0,20,31815000.0,-46.94189453
1000000000.0,1146905830.5499647,spectrum,31250000.0,5000000.0,5000.0,20,31817500.0,-49.23782349
1000000000.0,1146905830.5499647,spectrum,31250000.0,5000000.0,5000.0,20,31820000.0,-52.8323288
1000000000.0,1146905830.5499647,spectrum,31250000.0,5000000.0,5000.0,20,31822500.0,-50.42606735
1000000000.0,1146905830.5499647,spectrum,31250000.0,5000000.0,5000.0,20,31825000.0,-49.44019318
1000000000.0,1146905830.5499647,spectrum,31250000.0,5000000.0,5000.0,20,31827500.0,-48.93702698
1000000000.0,1146905830.5499647,spectrum,31250000.0,5000000.0,5000.0,20,31830000.0,-48.15190506
1000000000.0,1146905830.5499647,spectrum,31250000.0,5000000.0,5000.0,20,31832500.0,-47.82738495
1000000000.0,1146905830.5499647,spectrum,31250000.0,5000000.0,5000.0,20,31835000.0,-49.87569046
1000000000.0,1146905830.5499647,spectrum,31250000.0,5000000.0,5000.0,20,31837500.0,-51.77367401
1000000000.0,1146905830.5499647,spectrum,31250000.0,5000000.0,5000.0,20,31840000.0,-50.54698563
1000000000.0,1146905830.5499647,spectrum,31250000.0,5000000.0,5000.0,20,31842500.0,-51.04053879
1000000000.0,1146905830.5499647,spectrum,31250000.0,5000000.0,5000.0,20,31845000.0,-53.38480759
1000000000.0,1146905830.5499647,spectrum,31250000.0,5000000.0,5000.0,20,31847500.0,-53.14824677
1000000000.0,1146905830.5499647,spectrum,31250000.0,5000000.0,5000.0,20,31850000.0,-48.96945572
1000000000.0,1146905830.5499647,spectrum,31250000.0,5000000.0,5000.0,20,31852500.0,-45.17247772
1000000000.0,1146905830.5499647,spectrum,31250000.0,5000000.0,5000.0,20,31855000.0,-43.42453384
1000000000.0,1146905830.5499647,spectrum,31250000.0,5000000.0,5000.0,20,31857500.0,-45.12636566
1000000000.0,1146905830.5499647,spectrum,31250000.0,5000000.0,5000.0,20,31860000.0,-47.49226379
1000000000.0,1146905830.5499647,spectrum,31250000.0,5000000.0,5000.0,20,31862500.0,-48.35364914
1000000000.0,1146905830.5499647,spectrum,31250000.0,5000000.0,5000.0,20,31865000.0,-47.22571564
1000000000.0,1146905830.5499647,spectrum,31250000.0,5000000.0,5000.0,20,31867500.0,-47.75034332
1000000000.0,1146905830.5499647,spectrum,31250000.0,5000000.0,5000.0,20,31870000.0,-47.35062027
1000000000.0,1146905830.5499647,spectrum,31250000.0,5000000.0,5000.0,20,31872500.0,-48.72132111
1000000000.0,1146905830.5499647,spectrum,31250000.0,5000000.0,5000.0,20,31875000.0,-45.48574829
1000000000.0,1146905830.5499647,spectrum,31250000.0,5000000.0,5000.0,20,31877500.0,-43.82971954
1000000000.0,1146905830.5499647,spectrum,31250000.0,5000000.0,5000.0,20,31880000.0,-44.02361298
1000000000.0,1146905830.5499647,spectrum,31250000.0,5000000.0,5000.0,20,31882500.0,-45.95709229
1000000000.0,1146905830.5499647,spectrum,31250000.0,5000000.0,5000.0,20,31885000.0,-48.36966324
1000000000.0,1146905830.5499647,spectrum,31250000.0,5000000.0,5000.0,20,31887500.0,-49.40261078
1000000000.0,1146905830.5499647,spectrum,31250000.0,5000000.0,5000.0,20,31890000.0,-47.8895874
1000000000.0,1146905830.5499647,spectrum,31250000.0,5000000.0,5000.0,20,31892500.0,-50.13105392
1000000000.0,1146905830.5499647,spectrum,31250000.0,5000000.0,5000.0,20,31895000.0,-50.80319977
1000000000.0,1146905830.5499647,spectrum,31250000.0,5000000.0,5000.0,20,31897500.0,-49.3582077
1000000000.0,1146905830.5499647,spectrum,31250000.0,5000000.0,5000.0,20,31900000.0,-47.75039673
1000000000.0,1146905830.5499647,spectrum,31250000.0,5000000.0,5000.0,20,31902500.0,-46.60375595
1000000000.0,1146905830.5499647,spectrum,31250000.0,5000000.0,5000.0,20,31905000.0,-45.82344055
1000000000.0,1146905830.5499647,spectrum,31250000.0,5000000.0,5000.0,20,31907500.0,-47.18842697
1000000000.0,1146905830.5499647,spectrum,31250000.0,5000000.0,5000.0,20,31910000.0,-49.06721497
1000000000.0,1146905830.5499647,spectrum,31250000.0,5000000.0,5000.0,20,31912500.0,-49.16625977
1000000000.0,1146905830.5499647,spectrum,31250000.0,5000000.0,5000.0,20,31915000.0,-47.14107513
1000000000.0,1146905830.5499647,spectrum,31250000.0,5000000.0,5000.0,20,31917500.0,-47.40426636
1000000000.0,1146905830.5499647,spectrum,31250000.0,5000000.0,5000.0,20,31920000.0,-45.32632446
1000000000.0,1146905830.5499647,spectrum,31250000.0,5000000.0,5000.0,20,31922500.0,-44.77261353
1000000000.0,1146905830.5499647,spectrum,31250000.0,5000000.0,5000.0,20,31925000.0,-46.41519547
1000000000.0,1146905830.5499647,spectrum,31250000.0,5000000.0,5000.0,20,31927500.0,-44.88712311
1000000000.0,1146905830.5499647,spectrum,31250000.0,5000000.0,5000.0,20,31930000.0,-43.77474213
1000000000.0,1146905830.5499647,spectrum,31250000.0,5000000.0,5000.0,20,31932500.0,-45.66286087
1000000000.0,1146905830.5499647,spectrum,31250000.0,5000000.0,5000.0,20,31935000.0,-49.31188965
1000000000.0,1146905830.5499647,spectrum,31250000.0,5000000.0,5000.0,20,31937500.0,-48.92469025
1000000000.0,1146905830.5499647,spectrum,31250000.0,5000000.0,5000.0,20,31940000.0,-42.74254227
1000000000.0,1146905830.5499647,spectrum,31250000.0,5000000.0,5000.0,20,31942500.0,-39.56246185
1000000000.0,1146905830.5499647,spectrum,31250000.0,5000000.0,5000.0,20,31945000.0,-41.50507736
1000000000.0,1146905830.5499647,spectrum,31250000.0,5000000.0,5000.0,20,31947500.0,-45.45458221
1000000000.0,1146905830.5499647,spectrum,31250000.0,5000000.0,5000.0,20,31950000.0,-41.91180038
1000000000.0,1146905830.5499647,spectrum,31250000.0,5000000.0,5000.0,20,31952500.0,-33.81348038
1000000000.0,1146905830.5499647,spectrum,31250000.0,5000000.0,5000.0,20,31955000.0,-31.42557335
1000000000.0,1146905830.5499647,spectrum,31250000.0,5000000.0,5000.0,20,31957500.0,-34.6429863
1000000000.0,1146905830.5499647,spectrum,31250000.0,5000000.0,5000.0,20,31960000.0,-42.17388535
1000000000.0,1146905830.5499647,spectrum,31250000.0,5000000.0,5000.0,20,31962500.0,-34.68916702
1000000000.0,1146905830.5499647,spectrum,31250000.0,5000000.0,5000.0,20,31965000.0,-30.39595985
1000000000.0,1146905830.5499647,spectrum,31250000.0,5000000.0,5000.0,20,31967500.0,-31.90464211
1000000000.0,1146905830.5499647,spectrum,31250000.0,5000000.0,5000.0,20,31970000.0,-38.96303177
1000000000.0,1146905830.5499647,spectrum,31250000.0,5000000.0,5000.0,20,31972500.0,-46.80457306
1000000000.0,1146905830.5499647,spectrum,31250000.0,5000000.0,5000.0,20,31975000.0,-47.5658989
1000000000.0,1146905830.5499647,spectrum,31250000.0,5000000.0,5000.0,20,31977500.0,-48.71451569
1000000000.0,1146905830.5499647,spectrum,31250000.0,5000000.0,5000.0,20,31980000.0,-49.99634171
1000000000.0,1146905830.5499647,spectrum,31250000.0,5000000.0,5000.0,20,31982500.0,-50.57881546
1000000000.0,1146905830.5499647,spectrum,31250000.0,5000000.0,5000.0,20,31985000.0,-51.91157532
1000000000.0,1146905830.5499647,spectrum,31250000.0,5000000.0,5000.0,20,31987500.0,-50.69658661
1000000000.0,1146905830.5499647,spectrum,31250000.0,5000000.0,5000.0,20,31990000.0,-48.95528412
1000000000.0,1146905830.5499647,spectrum,31250000.0,5000000.0,5000.0,20,31992500.0,-49.45700073
1000000000.0,1146905830.5499647,spectrum,31250000.0,5000000.0,5000.0,20,31995000.0,-49.40734482
1000000000.0,1146905830.5499647,spectrum,31250000.0,5000000.0,5000.0,20,31997500.0,-49.62459183
1000000000.0,1146905830.5499647,spectrum,31250000.0,5000000.0,5000.0,20,32000000.0,-49.58376694
1000000000.0,1146905830.5499647,spectrum,31250000.0,5000000.0,5000.0,20,32002500.0,-48.40150833
1000000000.0,1146905830.5499647,spectrum,31250000.0,5000000.0,5000.0,20,32005000.0,-49.59863663
1000000000.0,1146905830.5499647,spectrum,31250000.0,5000000.0,5000.0,20,32007500.0,-50.16570282
1000000000.0,1146905830.5499647,spectrum,31250000.0,5000000.0,5000.0,20,32010000.0,-50.12652588
1000000000.0,1146905830.5499647,spectrum,31250000.0,5000000.0,5000.0,20,32012500.0,-48.8694191
1000000000.0,1146905830.5499647,spectrum,31250000.0,5000000.0,5000.0,20,32015000.0,-49.39215088
1000000000.0,1146905830.5499647,spectrum,31250000.0,5000000.0,5000.0,20,32017500.0,-48.2086525
1000000000.0,1146905830.5499647,spectrum,31250000.0,5000000.0,5000.0,20,32020000.0,-48.39144135
1000000000.0,1146905830.5499647,spectrum,31250000.0,5000000.0,5000.0,20,32022500.0,-50.26521683
1000000000.0,1146905830.5499647,spectrum,31250000.0,5000000.0,5000.0,20,32025000.0,-48.04276657
1000000000.0,1146905830.5499647,spectrum,31250000.0,5000000.0,5000.0,20,32027500.0,-47.05252457
1000000000.0,1146905830.5499647,spectrum,31250000.0,5000000.0,5000.0,20,32030000.0,-48.56704712
1000000000.0,1146905830.5499647,spectrum,31250000.0,5000000.0,5000.0,20,32032500.0,-50.71632767
1000000000.0,1146905830.5499647,spectrum,31250000.0,5000000.0,5000.0,20,32035000.0,-52.59681702
1000000000.0,1146905830.5499647,spectrum,31250000.0,5000000.0,5000.0,20,32037500.0,-52.47472
1000000000.0,1146905830.5499647,spectrum,31250000.0,5000000.0,5000.0,20,32040000.0,-50.77532959
1000000000.0,1146905830.5499647,spectrum,31250000.0,5000000.0,5000.0,20,32042500.0,-47.03513718
1000000000.0,1146905830.5499647,spectrum,31250000.0,5000000.0,5000.0,20,32045000.0,-38.81064987
1000000000.0,1146905830.5499647,spectrum,31250000.0,5000000.0,5000.0,20,32047500.0,-33.89151764
1000000000.0,1146905830.5499647,spectrum,31250000.0,5000000.0,5000.0,20,32050000.0,-34.78250885
1000000000.0,1146905830.5499647,spectrum,31250000.0,5000000.0,5000.0,20,32052500.0,-41.36643982
1000000000.0,1146905830.5499647,spectrum,31250000.0,5000000.0,5000.0,20,32055000.0,-48.86240768
1000000000.0,1146905830.5499647,spectrum,31250000.0,5000000.0,5000.0,20,32057500.0,-51.59295273
1000000000.0,1146905830.5499647,spectrum,31250000.0,5000000.0,5000.0,20,32060000.0,-51.91367722
1000000000.0,1146905830.5499647,spectrum,31250000.0,5000000.0,5000.0,20,32062500.0,-50.67639542
1000000000.0,1146905830.5499647,spectrum,31250000.0,5000000.0,5000.0,20,32065000.0,-52.62934875
1000000000.0,1146905830.5499647,spectrum,31250000.0,5000000.0,5000.0,20,32067500.0,-53.45926666
1000000000.0,1146905830.5499647,spectrum,31250000.0,5000000.0,5000.0,20,32070000.0,-52.13615799
1000000000.0,1146905830.5499647,spectrum,31250000.0,5000000.0,5000.0,20,32072500.0,-50.13934708
1000000000.0,1146905830.5499647,spectrum,31250000.0,5000000.0,5000.0,20,32075000.0,-50.70132065
1000000000.0,1146905830.5499647,spectrum,31250000.0,5000000.0,5000.0,20,32077500.0,-50.90891266
1000000000.0,1146905830.5499647,spectrum,31250000.0,5000000.0,5000.0,20,32080000.0,-50.44927216
1000000000.0,1146905830.5499647,spectrum,31250000.0,5000000.0,5000.0,20,32082500.0,-49.93899155
1000000000.0,1146905830.5499647,spectrum,31250000.0,5000000.0,5000.0,20,32085000.0,-49.60756683
1000000000.0,1146905830.5499647,spectrum,31250000.0,5000000.0,5000.0,20,32087500.0,-48.59530258
1000000000.0,1146905830.5499647,spectrum,31250000.0,5000000.0,5000.0,20,32090000.0,-50.33325195
1000000000.0,1146905830.5499647,spectrum,31250000.0,5000000.0,5000.0,20,32092500.0,-51.96598434
1000000000.0,1146905830.5499647,spectrum,31250000.0,5000000.0,5000.0,20,32095000.0,-50.99626923
1000000000.0,1146905830.5499647,spectrum,31250000.0,5000000.0,5000.0,20,32097500.0,-51.18814087
1000000000.0,1146905830.5499647,spectrum,31250000.0,5000000.0,5000.0,20,32100000.0,-51.44002151
1000000000.0,1146905830.5499647,spectrum,31250000.0,5000000.0,5000.0,20,32102500.0,-52.05223846
1000000000.0,1146905830.5499647,spectrum,31250000.0,5000000.0,5000.0,20,32105000.0,-53.20186234
1000000000.0,1146905830.5499647,spectrum,31250000.0,5000000.0,5000.0,20,32107500.0,-51.23348618
1000000000.0,1146905830.5499647,spectrum,31250000.0,5000000.0,5000.0,20,32110000.0,-51.95895767
1000000000.0,1146905830.5499647,spectrum,31250000.0,5000000.0,5000.0,20,32112500.0,-51.21497726
1000000000.0,1146905830.5499647,spectrum,31250000.0,5000000.0,5000.0,20,32115000.0,-52.44895935
1000000000.0,1146905830.5499647,spectrum,31250000.0,5000000.0,5000.0,20,32117500.0,-52.65577698
1000000000.0,1146905830.5499647,spectrum,31250000.0,5000000.0,5000.0,20,32120000.0,-53.00128937
1000000000.0,1146905830.5499647,spectrum,31250000.0,5000000.0,5000.0,20,32122500.0,-53.42149734
1000000000.0,1146905830.5499647,spectrum,31250000.0,5000000.0,5000.0,20,32125000.0,-52.87700653
1000000000.0,1146905830.5499647,spectrum,31250000.0,5000000.0,5000.0,20,32127500.0,-52.2798996
1000000000.0,1146905830.5499647,spectrum,31250000.0,5000000.0,5000.0,20,32130000.0,-54.49134827
1000000000.0,1146905830.5499647,spectrum,31250000.0,5000000.0,5000.0,20,32132500.0,-52.46987915
1000000000.0,1146905830.5499647,spectrum,31250000.0,5000000.0,5000.0,20,32135000.0,-50.7694664
1000000000.0,1146905830.5499647,spectrum,31250000.0,5000000.0,5000.0,20,32137500.0,-51.24560928
1000000000.0,1146905830.5499647,spectrum,31250000.0,5000000.0,5000.0,20,32140000.0,-49.34146881
1000000000.0,1146905830.5499647,spectrum,31250000.0,5000000.0,5000.0,20,32142500.0,-47.62363815
1000000000.0,1146905830.5499647,spectrum,31250000.0,5000000.0,5000.0,20,32145000.0,-47.3380394
1000000000.0,1146905830.5499647,spectrum,31250000.0,5000000.0,5000.0,20,32147500.0,-49.53210831
1000000000.0,1146905830.5499647,spectrum,31250000.0,5000000.0,5000.0,20,32150000.0,-53.20052719
1000000000.0,1146905830.5499647,spectrum,31250000.0,5000000.0,5000.0,20,32152500.0,-54.27783585
1000000000.0,1146905830.5499647,spectrum,31250000.0,5000000.0,5000.0,20,32155000.0,-54.33480072
1000000000.0,1146905830.5499647,spectrum,31250000.0,5000000.0,5000.0,20,32157500.0,-53.96623993
1000000000.0,1146905830.5499647,spectrum,31250000.0,5000000.0,5000.0,20,32160000.0,-53.42533875
1000000000.0,1146905830.5499647,spectrum,31250000.0,5000000.0,5000.0,20,32162500.0,-52.99794769
1000000000.0,1146905830.5499647,spectrum,31250000.0,5000000.0,5000.0,20,32165000.0,-52.66407013
1000000000.0,1146905830.5499647,spectrum,31250000.0,5000000.0,5000.0,20,32167500.0,-53.16688919
1000000000.0,1146905830.5499647,spectrum,31250000.0,5000000.0,5000.0,20,32170000.0,-54.37628174
1000000000.0,1146905830.5499647,spectrum,31250000.0,5000000.0,5000.0,20,32172500.0,-51.06251526
1000000000.0,1146905830.5499647,spectrum,31250000.0,5000000.0,5000.0,20,32175000.0,-49.8636055
1000000000.0,1146905830.5499647,spectrum,31250000.0,5000000.0,5000.0,20,32177500.0,-51.41230774
1000000000.0,1146905830.5499647,spectrum,31250000.0,5000000.0,5000.0,20,32180000.0,-53.73124695
1000000000.0,1146905830.5499647,spectrum,31250000.0,5000000.0,5000.0,20,32182500.0,-55.3812561
1000000000.0,1146905830.5499647,spectrum,31250000.0,5000000.0,5000.0,20,32185000.0,-53.56290054
1000000000.0,1146905830.5499647,spectrum,31250000.0,5000000.0,5000.0,20,32187500.0,-51.87217712
1000000000.0,1146905830.5499647,spectrum,31250000.0,5000000.0,5000.0,20,32190000.0,-49.80765152
1000000000.0,1146905830.5499647,spectrum,31250000.0,5000000.0,5000.0,20,32192500.0,-50.63376999
1000000000.0,1146905830.5499647,spectrum,31250000.0,5000000.0,5000.0,20,32195000.0,-49.77888489
1000000000.0,1146905830.5499647,spectrum,31250000.0,5000000.0,5000.0,20,32197500.0,-50.11278152
1000000000.0,1146905830.5499647,spectrum,31250000.0,5000000.0,5000.0,20,32200000.0,-52.02396393
1000000000.0,1146905830.5499647,spectrum,31250000.0,5000000.0,5000.0,20,32202500.0,-52.85615921
1000000000.0,1146905830.5499647,spectrum,31250000.0,5000000.0,5000.0,20,32205000.0,-54.71167374
1000000000.0,1146905830.5499647,spectrum,31250000.0,5000000.0,5000.0,20,32207500.0,-54.03563309
1000000000.0,1146905830.5499647,spectrum,31250000.0,5000000.0,5000.0,20,32210000.0,-50.88830948
1000000000.0,1146905830.5499647,spectrum,31250000.0,5000000.0,5000.0,20,32212500.0,-45.58055496
1000000000.0,1146905830.5499647,spectrum,31250000.0,5000000.0,5000.0,20,32215000.0,-44.77988052
1000000000.0,1146905830.5499647,spectrum,31250000.0,5000000.0,5000.0,20,32217500.0,-47.81961823
1000000000.0,1146905830.5499647,spectrum,31250000.0,5000000.0,5000.0,20,32220000.0,-51.33115387
1000000000.0,1146905830.5499647,spectrum,31250000.0,5000000.0,5000.0,20,32222500.0,-51.43357849
1000000000.0,1146905830.5499647,spectrum,31250000.0,5000000.0,5000.0,20,32225000.0,-52.02383041
1000000000.0,1146905830.5499647,spectrum,31250000.0,5000000.0,5000.0,20,32227500.0,-51.45092773
1000000000.0,1146905830.5499647,spectrum,31250000.0,5000000.0,5000.0,20,32230000.0,-51.64245224
1000000000.0,1146905830.5499647,spectrum,31250000.0,5000000.0,5000.0,20,32232500.0,-54.26426315
1000000000.0,1146905830.5499647,spectrum,31250000.0,5000000.0,5000.0,20,32235000.0,-52.70254517
1000000000.0,1146905830.5499647,spectrum,31250000.0,5000000.0,5000.0,20,32237500.0,-51.7288208
1000000000.0,1146905830.5499647,spectrum,31250000.0,5000000.0,5000.0,20,32240000.0,-52.56117249
1000000000.0,1146905830.5499647,spectrum,31250000.0,5000000.0,5000.0,20,32242500.0,-50.98165131
1000000000.0,1146905830.5499647,spectrum,31250000.0,5000000.0,5000.0,20,32245000.0,-51.35004807
1000000000.0,1146905830.5499647,spectrum,31250000.0,5000000.0,5000.0,20,32247500.0,-52.5234642
1000000000.0,1146905830.5499647,spectrum,31250000.0,5000000.0,5000.0,20,32250000.0,-52.02783966
1000000000.0,1146905830.5499647,spectrum,31250000.0,5000000.0,5000.0,20,32252500.0,-51.07754517
1000000000.0,1146905830.5499647,spectrum,31250000.0,5000000.0,5000.0,20,32255000.0,-51.51478195
1000000000.0,1146905830.5499647,spectrum,31250000.0,5000000.0,5000.0,20,32257500.0,-52.77319717
1000000000.0,1146905830.5499647,spectrum,31250000.0,5000000.0,5000.0,20,32260000.0,-52.46899414
1000000000.0,1146905830.5499647,spectrum,31250000.0,5000000.0,5000.0,20,32262500.0,-53.78809357
1000000000.0,1146905830.5499647,spectrum,31250000.0,5000000.0,5000.0,20,32265000.0,-46.02927399
1000000000.0,1146905830.5499647,spectrum,31250000.0,5000000.0,5000.0,20,32267500.0,-43.06955719
1000000000.0,1146905830.5499647,spectrum,31250000.0,5000000.0,5000.0,20,32270000.0,-45.14638901
1000000000.0,1146905830.5499647,spectrum,31250000.0,5000000.0,5000.0,20,32272500.0,-47.69261551
1000000000.0,1146905830.5499647,spectrum,31250000.0,5000000.0,5000.0,20,32275000.0,-46.41030502
1000000000.0,1146905830.5499647,spectrum,31250000.0,5000000.0,5000.0,20,32277500.0,-49.06166458
1000000000.0,1146905830.5499647,spectrum,31250000.0,5000000.0,5000.0,20,32280000.0,-50.22878265
1000000000.0,1146905830.5499647,spectrum,31250000.0,5000000.0,5000.0,20,32282500.0,-50.98815918
1000000000.0,1146905830.5499647,spectrum,31250000.0,5000000.0,5000.0,20,32285000.0,-51.50098038
1000000000.0,1146905830.5499647,spectrum,31250000.0,5000000.0,5000.0,20,32287500.0,-51.77006531
1000000000.0,1146905830.5499647,spectrum,31250000.0,5000000.0,5000.0,20,32290000.0,-51.34479523
1000000000.0,1146905830.5499647,spectrum,31250000.0,5000000.0,5000.0,20,32292500.0,-49.90454102
1000000000.0,1146905830.5499647,spectrum,31250000.0,5000000.0,5000.0,20,32295000.0,-48.36945724
1000000000.0,1146905830.5499647,spectrum,31250000.0,5000000.0,5000.0,20,32297500.0,-49.6650238
1000000000.0,1146905830.5499647,spectrum,31250000.0,5000000.0,5000.0,20,32300000.0,-49.66874695
1000000000.0,1146905830.5499647,spectrum,31250000.0,5000000.0,5000.0,20,32302500.0,-47.77900696
1000000000.0,1146905830.5499647,spectrum,31250000.0,5000000.0,5000.0,20,32305000.0,-40.04012299
1000000000.0,1146905830.5499647,spectrum,31250000.0,5000000.0,5000.0,20,32307500.0,-37.24341202
1000000000.0,1146905830.5499647,spectrum,31250000.0,5000000.0,5000.0,20,32310000.0,-40.1219101
1000000000.0,1146905830.5499647,spectrum,31250000.0,5000000.0,5000.0,20,32312500.0,-48.10090637
1000000000.0,1146905830.5499647,spectrum,31250000.0,5000000.0,5000.0,20,32315000.0,-53.60686111
1000000000.0,1146905830.5499647,spectrum,31250000.0,5000000.0,5000.0,20,32317500.0,-41.09006882
1000000000.0,1146905830.5499647,spectrum,31250000.0,5000000.0,5000.0,20,32320000.0,-28.46560097
1000000000.0,1146905830.5499647,spectrum,31250000.0,5000000.0,5000.0,20,32322500.0,-22.69800377
1000000000.0,1146905830.5499647,spectrum,31250000.0,5000000.0,5000.0,20,32325000.0,-23.00169373
1000000000.0,1146905830.5499647,spectrum,31250000.0,5000000.0,5000.0,20,32327500.0,-29.57927513
1000000000.0,1146905830.5499647,spectrum,31250000.0,5000000.0,5000.0,20,32330000.0,-43.50014114
1000000000.0,1146905830.5499647,spectrum,31250000.0,5000000.0,5000.0,20,32332500.0,-51.28284454
1000000000.0,1146905830.5499647,spectrum,31250000.0,5000000.0,5000.0,20,32335000.0,-49.96788788
1000000000.0,1146905830.5499647,spectrum,31250000.0,5000000.0,5000.0,20,32337500.0,-50.47353745
1000000000.0,1146905830.5499647,spectrum,31250000.0,5000000.0,5000.0,20,32340000.0,-52.55358124
1000000000.0,1146905830.5499647,spectrum,31250000.0,5000000.0,5000.0,20,32342500.0,-53.76998901
1000000000.0,1146905830.5499647,spectrum,31250000.0,5000000.0,5000.0,20,32345000.0,-52.80773926
1000000000.0,1146905830.5499647,spectrum,31250000.0,5000000.0,5000.0,20,32347500.0,-50.08123398
1000000000.0,1146905830.5499647,spectrum,31250000.0,5000000.0,5000.0,20,32350000.0,-50.73226166
1000000000.0,1146905830.5499647,spectrum,31250000.0,5000000.0,5000.0,20,32352500.0,-52.92351913
1000000000.0,1146905830.5499647,spectrum,31250000.0,5000000.0,5000.0,20,32355000.0,-58.42680359
1000000000.0,1146905830.5499647,spectrum,31250000.0,5000000.0,5000.0,20,32357500.0,-53.08463669
1000000000.0,1146905830.5499647,spectrum,31250000.0,5000000.0,5000.0,20,32360000.0,-51.56443024
1000000000.0,1146905830.5499647,spectrum,31250000.0,5000000.0,5000.0,20,32362500.0,-51.03657532
1000000000.0,1146905830.5499647,spectrum,31250000.0,5000000.0,5000.0,20,32365000.0,-52.67483521
1000000000.0,1146905830.5499647,spectrum,31250000.0,5000000.0,5000.0,20,32367500.0,-54.38566589
1000000000.0,1146905830.5499647,spectrum,31250000.0,5000000.0,5000.0,20,32370000.0,-55.09524155
1000000000.0,1146905830.5499647,spectrum,31250000.0,5000000.0,5000.0,20,32372500.0,-56.42792892
1000000000.0,1146905830.5499647,spectrum,31250000.0,5000000.0,5000.0,20,32375000.0,-51.45902634
1000000000.0,1146905830.5499647,spectrum,31250000.0,5000000.0,5000.0,20,32377500.0,-44.34973526
1000000000.0,1146905830.5499647,spectrum,31250000.0,5000000.0,5000.0,20,32380000.0,-40.21176147
1000000000.0,1146905830.5499647,spectrum,31250000.0,5000000.0,5000.0,20,32382500.0,-41.8984108
1000000000.0,1146905830.5499647,spectrum,31250000.0,5000000.0,5000.0,20,32385000.0,-49.52734375
1000000000.0,1146905830.5499647,spectrum,31250000.0,5000000.0,5000.0,20,32387500.0,-56.53912354
1000000000.0,1146905830.5499647,spectrum,31250000.0,5000000.0,5000.0,20,32390000.0,-56.36600494
1000000000.0,1146905830.5499647,spectrum,31250000.0,5000000.0,5000.0,20,32392500.0,-56.46875763
1000000000.0,1146905830.5499647,spectrum,31250000.0,5000000.0,5000.0,20,32395000.0,-58.28744888
1000000000.0,1146905830.5499647,spectrum,31250000.0,5000000.0,5000.0,20,32397500.0,-55.27890778
1000000000.0,1146905830.5499647,spectrum,31250000.0,5000000.0,5000.0,20,32400000.0,-55.9956665
1000000000.0,1146905830.5499647,spectrum,31250000.0,5000000.0,5000.0,20,32402500.0,-55.64561462
1000000000.0,1146905830.5499647,spectrum,31250000.0,5000000.0,5000.0,20,32405000.0,-55.91233063
1000000000.0,1146905830.5499647,spectrum,31250000.0,5000000.0,5000.0,20,32407500.0,-57.2508812
1000000000.0,1146905830.5499647,spectrum,31250000.0,5000000.0,5000.0,20,32410000.0,-60.27195358
1000000000.0,1146905830.5499647,spectrum,31250000.0,5000000.0,5000.0,20,32412500.0,-59.72132111
1000000000.0,1146905830.5499647,spectrum,31250000.0,5000000.0,5000.0,20,32415000.0,-58.62505722
1000000000.0,1146905830.5499647,spectrum,31250000.0,5000000.0,5000.0,20,32417500.0,-55.93463898
1000000000.0,1146905830.5499647,spectrum,31250000.0,5000000.0,5000.0,20,32420000.0,-52.67991257
1000000000.0,1146905830.5499647,spectrum,31250000.0,5000000.0,5000.0,20,32422500.0,-52.31875992
1000000000.0,1146905830.5499647,spectrum,31250000.0,5000000.0,5000.0,20,32425000.0,-55.22633743
1000000000.0,1146905830.5499647,spectrum,31250000.0,5000000.0,5000.0,20,32427500.0,-56.74182129
1000000000.0,1146905830.5499647,spectrum,31250000.0,5000000.0,5000.0,20,32430000.0,-57.47302246
1000000000.0,1146905830.5499647,spectrum,31250000.0,5000000.0,5000.0,20,32432500.0,-57.43213272
1000000000.0,1146905830.5499647,spectrum,31250000.0,5000000.0,5000.0,20,32435000.0,-55.37402344
1000000000.0,1146905830.5499647,spectrum,31250000.0,5000000.0,5000.0,20,32437500.0,-54.31078339
1000000000.0,1146905830.5499647,spectrum,31250000.0,5000000.0,5000.0,20,32440000.0,-56.04498291
1000000000.0,1146905830.5499647,spectrum,31250000.0,5000000.0,5000.0,20,32442500.0,-57.23741531
1000000000.0,1146905830.5499647,spectrum,31250000.0,5000000.0,5000.0,20,32445000.0,-58.17655945
1000000000.0,1146905830.5499647,spectrum,31250000.0,5000000.0,5000.0,20,32447500.0,-57.45114517
1000000000.0,1146905830.5499647,spectrum,31250000.0,5000000.0,5000.0,20,32450000.0,-54.9345932
1000000000.0,1146905830.5499647,spectrum,31250000.0,5000000.0,5000.0,20,32452500.0,-53.67663956
1000000000.0,1146905830.5499647,spectrum,31250000.0,5000000.0,5000.0,20,32455000.0,-52.54268646
1000000000.0,1146905830.5499647,spectrum,31250000.0,5000000.0,5000.0,20,32457500.0,-50.83362198
1000000000.0,1146905830.5499647,spectrum,31250000.0,5000000.0,5000.0,20,32460000.0,-51.74644089
1000000000.0,1146905830.5499647,spectrum,31250000.0,5000000.0,5000.0,20,32462500.0,-54.72423935
1000000000.0,1146905830.5499647,spectrum,31250000.0,5000000.0,5000.0,20,32465000.0,-56.23535156
1000000000.0,1146905830.5499647,spectrum,31250000.0,5000000.0,5000.0,20,32467500.0,-57.32206345
1000000000.0,1146905830.5499647,spectrum,31250000.0,5000000.0,5000.0,20,32470000.0,-55.34771729
1000000000.0,1146905830.5499647,spectrum,31250000.0,5000000.0,5000.0,20,32472500.0,-57.92831802
1000000000.0,1146905830.5499647,spectrum,31250000.0,5000000.0,5000.0,20,32475000.0,-58.41598129
1000000000.0,1146905830.5499647,spectrum,31250000.0,5000000.0,5000.0,20,32477500.0,-56.00588989
1000000000.0,1146905830.5499647,spectrum,31250000.0,5000000.0,5000.0,20,32480000.0,-53.71196747
1000000000.0,1146905830.5499647,spectrum,31250000.0,5000000.0,5000.0,20,32482500.0,-54.11972809
1000000000.0,1146905830.5499647,spectrum,31250000.0,5000000.0,5000.0,20,32485000.0,-54.0742836
1000000000.0,1146905830.5499647,spectrum,31250000.0,5000000.0,5000.0,20,32487500.0,-54.49256516
1000000000.0,1146905830.5499647,spectrum,31250000.0,5000000.0,5000.0,20,32490000.0,-54.94177628
1000000000.0,1146905830.5499647,spectrum,31250000.0,5000000.0,5000.0,20,32492500.0,-56.4528656
1000000000.0,1146905830.5499647,spectrum,31250000.0,5000000.0,5000.0,20,32495000.0,-56.17511749
1000000000.0,1146905830.5499647,spectrum,31250000.0,5000000.0,5000.0,20,32497500.0,-56.58879089
1000000000.0,1146905830.5499647,spectrum,31250000.0,5000000.0,5000.0,20,32500000.0,-53.31000137
1000000000.0,1146905830.5499647,spectrum,31250000.0,5000000.0,5000.0,20,32502500.0,-52.09113693
1000000000.0,1146905830.5499647,spectrum,31250000.0,5000000.0,5000.0,20,32505000.0,-52.77285004
1000000000.0,1146905830.5499647,spectrum,31250000.0,5000000.0,5000.0,20,32507500.0,-53.62255859
1000000000.0,1146905830.5499647,spectrum,31250000.0,5000000.0,5000.0,20,32510000.0,-55.40910339
1000000000.0,1146905830.5499647,spectrum,31250000.0,5000000.0,5000.0,20,32512500.0,-56.87483978
1000000000.0,1146905830.5499647,spectrum,31250000.0,5000000.0,5000.0,20,32515000.0,-57.52280807
1000000000.0,1146905830.5499647,spectrum,31250000.0,5000000.0,5000.0,20,32517500.0,-56.38521194
1000000000.0,1146905830.5499647,spectrum,31250000.0,5000000.0,5000.0,20,32520000.0,-55.95282364
1000000000.0,1146905830.5499647,spectrum,31250000.0,5000000.0,5000.0,20,32522500.0,-53.6523056
1000000000.0,1146905830.5499647,spectrum,31250000.0,5000000.0,5000.0,20,32525000.0,-54.01754761
1000000000.0,1146905830.5499647,spectrum,31250000.0,5000000.0,5000.0,20,32527500.0,-55.90517044
1000000000.0,1146905830.5499647,spectrum,31250000.0,5000000.0,5000.0,20,32530000.0,-56.67996216
1000000000.0,1146905830.5499647,spectrum,31250000.0,5000000.0,5000.0,20,32532500.0,-57.72515106
1000000000.0,1146905830.5499647,spectrum,31250000.0,5000000.0,5000.0,20,32535000.0,-56.87057877
1000000000.0,1146905830.5499647,spectrum,31250000.0,5000000.0,5000.0,20,32537500.0,-55.20843124
1000000000.0,1146905830.5499647,spectrum,31250000.0,5000000.0,5000.0,20,32540000.0,-53.74825668
1000000000.0,1146905830.5499647,spectrum,31250000.0,5000000.0,5000.0,20,32542500.0,-55.07442474
1000000000.0,1146905830.5499647,spectrum,31250000.0,5000000.0,5000.0,20,32545000.0,-55.99819565
1000000000.0,1146905830.5499647,spectrum,31250000.0,5000000.0,5000.0,20,32547500.0,-55.4683876
1000000000.0,1146905830.5499647,spectrum,31250000.0,5000000.0,5000.0,20,32550000.0,-54.99306107
1000000000.0,1146905830.5499647,spectrum,31250000.0,5000000.0,5000.0,20,32552500.0,-57.50060272
1000000000.0,1146905830.5499647,spectrum,31250000.0,5000000.0,5000.0,20,32555000.0,-54.48584366
1000000000.0,1146905830.5499647,spectrum,31250000.0,5000000.0,5000.0,20,32557500.0,-53.35543823
1000000000.0,1146905830.5499647,spectrum,31250000.0,5000000.0,5000.0,20,32560000.0,-54.13745499
1000000000.0,1146905830.5499647,spectrum,31250000.0,5000000.0,5000.0,20,32562500.0,-55.74004745
1000000000.0,1146905830.5499647,spectrum,31250000.0,5000000.0,5000.0,20,32565000.0,-56.03322601
1000000000.0,1146905830.5499647,spectrum,31250000.0,5000000.0,5000.0,20,32567500.0,-55.77508545
1000000000.0,1146905830.5499647,spectrum,31250000.0,5000000.0,5000.0,20,32570000.0,-57.49862289
1000000000.0,1146905830.5499647,spectrum,31250000.0,5000000.0,5000.0,20,32572500.0,-55.06072617
1000000000.0,1146905830.5499647,spectrum,31250000.0,5000000.0,5000.0,20,32575000.0,-53.43180466
1000000000.0,1146905830.5499647,spectrum,31250000.0,5000000.0,5000.0,20,32577500.0,-53.12134552
1000000000.0,1146905830.5499647,spectrum,31250000.0,5000000.0,5000.0,20,32580000.0,-53.15616226
1000000000.0,1146905830.5499647,spectrum,31250000.0,5000000.0,5000.0,20,32582500.0,-54.37189484
1000000000.0,1146905830.5499647,spectrum,31250000.0,5000000.0,5000.0,20,32585000.0,-53.85767365
1000000000.0,1146905830.5499647,spectrum,31250000.0,5000000.0,5000.0,20,32587500.0,-54.60614777
1000000000.0,1146905830.5499647,spectrum,31250000.0,5000000.0,5000.0,20,32590000.0,-55.31207657
1000000000.0,1146905830.5499647,spectrum,31250000.0,5000000.0,5000.0,20,32592500.0,-57.24368286
1000000000.0,1146905830.5499647,spectrum,31250000.0,5000000.0,5000.0,20,32595000.0,-55.62335205
1000000000.0,1146905830.5499647,spectrum,31250000.0,5000000.0,5000.0,20,32597500.0,-53.21157455
1000000000.0,1146905830.5499647,spectrum,31250000.0,5000000.0,5000.0,20,32600000.0,-52.84766006
1000000000.0,1146905830.5499647,spectrum,31250000.0,5000000.0,5000.0,20,32602500.0,-54.21094513
1000000000.0,1146905830.5499647,spectrum,31250000.0,5000000.0,5000.0,20,32605000.0,-55.59685898
1000000000.0,1146905830.5499647,spectrum,31250000.0,5000000.0,5000.0,20,32607500.0,-55.20543671
1000000000.0,1146905830.5499647,spectrum,31250000.0,5000000.0,5000.0,20,32610000.0,-54.3422699
1000000000.0,1146905830.5499647,spectrum,31250000.0,5000000.0,5000.0,20,32612500.0,-54.94675446
1000000000.0,1146905830.5499647,spectrum,31250000.0,5000000.0,5000.0,20,32615000.0,-55.28526306
1000000000.0,1146905830.5499647,spectrum,31250000.0,5000000.0,5000.0,20,32617500.0,-56.23824692
1000000000.0,1146905830.5499647,spectrum,31250000.0,5000000.0,5000.0,20,32620000.0,-56.24484634
1000000000.0,1146905830.5499647,spectrum,31250000.0,5000000.0,5000.0,20,32622500.0,-55.85634232
1000000000.0,1146905830.5499647,spectrum,31250000.0,5000000.0,5000.0,20,32625000.0,-54.77758408
1000000000.0,1146905830.5499647,spectrum,31250000.0,5000000.0,5000.0,20,32627500.0,-55.73849487
1000000000.0,1146905830.5499647,spectrum,31250000.0,5000000.0,5000.0,20,32630000.0,-55.75357437
1000000000.0,1146905830.5499647,spectrum,31250000.0,5000000.0,5000.0,20,32632500.0,-49.13859558
1000000000.0,1146905830.5499647,spectrum,31250000.0,5000000.0,5000.0,20,32635000.0,-43.31493378
1000000000.0,1146905830.5499647,spectrum,31250000.0,5000000.0,5000.0,20,32637500.0,-43.5194397
1000000000.0,1146905830.5499647,spectrum,31250000.0,5000000.0,5000.0,20,32640000.0,-49.68675995
1000000000.0,1146905830.5499647,spectrum,31250000.0,5000000.0,5000.0,20,32642500.0,-53.56189728
1000000000.0,1146905830.5499647,spectrum,31250000.0,5000000.0,5000.0,20,32645000.0,-54.42939758
1000000000.0,1146905830.5499647,spectrum,31250000.0,5000000.0,5000.0,20,32647500.0,-53.70827866
1000000000.0,1146905830.5499647,spectrum,31250000.0,5000000.0,5000.0,20,32650000.0,-53.55242157
1000000000.0,1146905830.5499647,spectrum,31250000.0,5000000.0,5000.0,20,32652500.0,-55.35774994
1000000000.0,1146905830.5499647,spectrum,31250000.0,5000000.0,5000.0,20,32655000.0,-51.32912064
1000000000.0,1146905830.5499647,spectrum,31250000.0,5000000.0,5000.0,20,32657500.0,-43.70710754
1000000000.0,1146905830.5499647,spectrum,31250000.0,5000000.0,5000.0,20,32660000.0,-40.45285416
1000000000.0,1146905830.5499647,spectrum,31250000.0,5000000.0,5000.0,20,32662500.0,-41.86945343
1000000000.0,1146905830.5499647,spectrum,31250000.0,5000000.0,5000.0,20,32665000.0,-48.01668167
1000000000.0,1146905830.5499647,spectrum,31250000.0,5000000.0,5000.0,20,32667500.0,-54.9889679
1000000000.0,1146905830.5499647,spectrum,31250000.0,5000000.0,5000.0,20,32670000.0,-52.86566162
1000000000.0,1146905830.5499647,spectrum,31250000.0,5000000.0,5000.0,20,32672500.0,-52.06361389
1000000000.0,1146905830.5499647,spectrum,31250000.0,5000000.0,5000.0,20,32675000.0,-52.36929703
1000000000.0,1146905830.5499647,spectrum,31250000.0,5000000.0,5000.0,20,32677500.0,-52.29499054
1000000000.0,1146905830.5499647,spectrum,31250000.0,5000000.0,5000.0,20,32680000.0,-46.04180527
1000000000.0,1146905830.5499647,spectrum,31250000.0,5000000.0,5000.0,20,32682500.0,-44.29211044
1000000000.0,1146905830.5499647,spectrum,31250000.0,5000000.0,5000.0,20,32685000.0,-48.45913696
1000000000.0,1146905830.5499647,spectrum,31250000.0,5000000.0,5000.0,20,32687500.0,-55.26360703
1000000000.0,1146905830.5499647,spectrum,31250000.0,5000000.0,5000.0,20,32690000.0,-55.45645905
1000000000.0,1146905830.5499647,spectrum,31250000.0,5000000.0,5000.0,20,32692500.0,-56.84870911
1000000000.0,1146905830.5499647,spectrum,31250000.0,5000000.0,5000.0,20,32695000.0,-57.88551331
1000000000.0,1146905830.5499647,spectrum,31250000.0,5000000.0,5000.0,20,32697500.0,-55.88895798
1000000000.0,1146905830.5499647,spectrum,31250000.0,5000000.0,5000.0,20,32700000.0,-55.08730698
1000000000.0,1146905830.5499647,spectrum,31250000.0,5000000.0,5000.0,20,32702500.0,-54.87927246
1000000000.0,1146905830.5499647,spectrum,31250000.0,5000000.0,5000.0,20,32705000.0,-53.3217926
1000000000.0,1146905830.5499647,spectrum,31250000.0,5000000.0,5000.0,20,32707500.0,-55.62709427
1000000000.0,1146905830.5499647,spectrum,31250000.0,5000000.0,5000.0,20,32710000.0,-57.53448486
1000000000.0,1146905830.5499647,spectrum,31250000.0,5000000.0,5000.0,20,32712500.0,-58.04310226
1000000000.0,1146905830.5499647,spectrum,31250000.0,5000000.0,5000.0,20,32715000.0,-57.39126968
1000000000.0,1146905830.5499647,spectrum,31250000.0,5000000.0,5000.0,20,32717500.0,-57.15027237
1000000000.0,1146905830.5499647,spectrum,31250000.0,5000000.0,5000.0,20,32720000.0,-56.69989014
1000000000.0,1146905830.5499647,spectrum,31250000.0,5000000.0,5000.0,20,32722500.0,-56.88331223
1000000000.0,1146905830.5499647,spectrum,31250000.0,5000000.0,5000.0,20,32725000.0,-55.58459091
1000000000.0,1146905830.5499647,spectrum,31250000.0,5000000.0,5000.0,20,32727500.0,-55.60917282
1000000000.0,1146905830.5499647,spectrum,31250000.0,5000000.0,5000.0,20,32730000.0,-56.16743851
1000000000.0,1146905830.5499647,spectrum,31250000.0,5000000.0,5000.0,20,32732500.0,-56.42915726
1000000000.0,1146905830.5499647,spectrum,31250000.0,5000000.0,5000.0,20,32735000.0,-55.79371643
1000000000.0,1146905830.5499647,spectrum,31250000.0,5000000.0,5000.0,20,32737500.0,-56.37368774
1000000000.0,1146905830.5499647,spectrum,31250000.0,5000000.0,5000.0,20,32740000.0,-56.32287979
1000000000.0,1146905830.5499647,spectrum,31250000.0,5000000.0,5000.0,20,32742500.0,-55.42045593
1000000000.0,1146905830.5499647,spectrum,31250000.0,5000000.0,5000.0,20,32745000.0,-58.06406403
1000000000.0,1146905830.5499647,spectrum,31250000.0,5000000.0,5000.0,20,32747500.0,-55.68195343
1000000000.0,1146905830.5499647,spectrum,31250000.0,5000000.0,5000.0,20,32750000.0,-53.19789886
1000000000.0,1146905830.5499647,spectrum,31250000.0,5000000.0,5000.0,20,32752500.0,-54.7044754
1000000000.0,1146905830.5499647,spectrum,31250000.0,5000000.0,5000.0,20,32755000.0,-55.47555542
1000000000.0,1146905830.5499647,spectrum,31250000.0,5000000.0,5000.0,20,32757500.0,-54.53863907
1000000000.0,1146905830.5499647,spectrum,31250000.0,5000000.0,5000.0,20,32760000.0,-55.06355667
1000000000.0,1146905830.5499647,spectrum,31250000.0,5000000.0,5000.0,20,32762500.0,-56.59686661
1000000000.0,1146905830.5499647,spectrum,31250000.0,5000000.0,5000.0,20,32765000.0,-55.99346924
1000000000.0,1146905830.5499647,spectrum,31250000.0,5000000.0,5000.0,20,32767500.0,-55.31356812
1000000000.0,1146905830.5499647,spectrum,31250000.0,5000000.0,5000.0,20,32770000.0,-54.12195969
1000000000.0,1146905830.5499647,spectrum,31250000.0,5000000.0,5000.0,20,32772500.0,-56.6990509
1000000000.0,1146905830.5499647,spectrum,31250000.0,5000000.0,5000.0,20,32775000.0,-58.32941055
1000000000.0,1146905830.5499647,spectrum,31250000.0,5000000.0,5000.0,20,32777500.0,-55.64483643
1000000000.0,1146905830.5499647,spectrum,31250000.0,5000000.0,5000.0,20,32780000.0,-53.91523743
1000000000.0,1146905830.5499647,spectrum,31250000.0,5000000.0,5000.0,20,32782500.0,-54.41355896
1000000000.0,1146905830.5499647,spectrum,31250000.0,5000000.0,5000.0,20,32785000.0,-54.84487534
1000000000.0,1146905830.5499647,spectrum,31250000.0,5000000.0,5000.0,20,32787500.0,-57.58805084
1000000000.0,1146905830.5499647,spectrum,31250000.0,5000000.0,5000.0,20,32790000.0,-56.36220932
1000000000.0,1146905830.5499647,spectrum,31250000.0,5000000.0,5000.0,20,32792500.0,-56.72327042
1000000000.0,1146905830.5499647,spectrum,31250000.0,5000000.0,5000.0,20,32795000.0,-57.15625381
1000000000.0,1146905830.5499647,spectrum,31250000.0,5000000.0,5000.0,20,32797500.0,-58.44635391
1000000000.0,1146905830.5499647,spectrum,31250000.0,5000000.0,5000.0,20,32800000.0,-56.19614792
1000000000.0,1146905830.5499647,spectrum,31250000.0,5000000.0,5000.0,20,32802500.0,-55.73952484
1000000000.0,1146905830.5499647,spectrum,31250000.0,5000000.0,5000.0,20,32805000.0,-55.75822449
1000000000.0,1146905830.5499647,spectrum,31250000.0,5000000.0,5000.0,20,32807500.0,-57.09658432
1000000000.0,1146905830.5499647,spectrum,31250000.0,5000000.0,5000.0,20,32810000.0,-54.94124603
1000000000.0,1146905830.5499647,spectrum,31250000.0,5000000.0,5000.0,20,32812500.0,-55.26649475
1000000000.0,1146905830.5499647,spectrum,31250000.0,5000000.0,5000.0,20,32815000.0,-56.00395966
1000000000.0,1146905830.5499647,spectrum,31250000.0,5000000.0,5000.0,20,32817500.0,-55.17486954
1000000000.0,1146905830.5499647,spectrum,31250000.0,5000000.0,5000.0,20,32820000.0,-56.62862778
1000000000.0,1146905830.5499647,spectrum,31250000.0,5000000.0,5000.0,20,32822500.0,-55.59916306
1000000000.0,1146905830.5499647,spectrum,31250000.0,5000000.0,5000.0,20,32825000.0,-55.13219833
1000000000.0,1146905830.5499647,spectrum,31250000.0,5000000.0,5000.0,20,32827500.0,-55.26091385
1000000000.0,1146905830.5499647,spectrum,31250000.0,5000000.0,5000.0,20,32830000.0,-57.26234436
1000000000.0,1146905830.5499647,spectrum,31250000.0,5000000.0,5000.0,20,32832500.0,-53.4120636
1000000000.0,1146905830.5499647,spectrum,31250000.0,5000000.0,5000.0,20,32835000.0,-48.23492432
1000000000.0,1146905830.5499647,spectrum,31250000.0,5000000.0,5000.0,20,32837500.0,-46.4462471
1000000000.0,1146905830.5499647,spectrum,31250000.0,5000000.0,5000.0,20,32840000.0,-49.92903519
1000000000.0,1146905830.5499647,spectrum,31250000.0,5000000.0,5000.0,20,32842500.0,-49.49421692
1000000000.0,1146905830.5499647,spectrum,31250000.0,5000000.0,5000.0,20,32845000.0,-41.19363403
1000000000.0,1146905830.5499647,spectrum,31250000.0,5000000.0,5000.0,20,32847500.0,-38.02898407
1000000000.0,1146905830.5499647,spectrum,31250000.0,5000000.0,5000.0,20,32850000.0,-40.93754196
1000000000.0,1146905830.5499647,spectrum,31250000.0,5000000.0,5000.0,20,32852500.0,-49.23220444
1000000000.0,1146905830.5499647,spectrum,31250000.0,5000000.0,5000.0,20,32855000.0,-51.7994194
1000000000.0,1146905830.5499647,spectrum,31250000.0,5000000.0,5000.0,20,32857500.0,-50.33000565
1000000000.0,1146905830.5499647,spectrum,31250000.0,5000000.0,5000.0,20,32860000.0,-48.88141632
1000000000.0,1146905830.5499647,spectrum,31250000.0,5000000.0,5000.0,20,32862500.0,-49.24676895
1000000000.0,1146905830.5499647,spectrum,31250000.0,5000000.0,5000.0,20,32865000.0,-52.20867538
1000000000.0,1146905830.5499647,spectrum,31250000.0,5000000.0,5000.0,20,32867500.0,-52.81567383
1000000000.0,1146905830.5499647,spectrum,31250000.0,5000000.0,5000.0,20,32870000.0,-52.58665466
1000000000.0,1146905830.5499647,spectrum,31250000.0,5000000.0,5000.0,20,32872500.0,-52.48467636
1000000000.0,1146905830.5499647,spectrum,31250000.0,5000000.0,5000.0,20,32875000.0,-52.69155884
1000000000.0,1146905830.5499647,spectrum,31250000.0,5000000.0,5000.0,20,32877500.0,-53.73428345
1000000000.0,1146905830.5499647,spectrum,31250000.0,5000000.0,5000.0,20,32880000.0,-54.17670822
1000000000.0,1146905830.5499647,spectrum,31250000.0,5000000.0,5000.0,20,32882500.0,-53.28699112
1000000000.0,1146905830.5499647,spectrum,31250000.0,5000000.0,5000.0,20,32885000.0,-53.87496567
1000000000.0,1146905830.5499647,spectrum,31250000.0,5000000.0,5000.0,20,32887500.0,-54.49931335
1000000000.0,1146905830.5499647,spectrum,31250000.0,5000000.0,5000.0,20,32890000.0,-52.20829773
1000000000.0,1146905830.5499647,spectrum,31250000.0,5000000.0,5000.0,20,32892500.0,-52.96892929
1000000000.0,1146905830.5499647,spectrum,31250000.0,5000000.0,5000.0,20,32895000.0,-52.10094833
1000000000.0,1146905830.5499647,spectrum,31250000.0,5000000.0,5000.0,20,32897500.0,-52.29725647
1000000000.0,1146905830.5499647,spectrum,31250000.0,5000000.0,5000.0,20,32900000.0,-52.1103096
1000000000.0,1146905830.5499647,spectrum,31250000.0,5000000.0,5000.0,20,32902500.0,-51.55855179
1000000000.0,1146905830.5499647,spectrum,31250000.0,5000000.0,5000.0,20,32905000.0,-52.92303085
1000000000.0,1146905830.5499647,spectrum,31250000.0,5000000.0,5000.0,20,32907500.0,-51.53277588
1000000000.0,1146905830.5499647,spectrum,31250000.0,5000000.0,5000.0,20,32910000.0,-49.65085983
1000000000.0,1146905830.5499647,spectrum,31250000.0,5000000.0,5000.0,20,32912500.0,-50.82451248
1000000000.0,1146905830.5499647,spectrum,31250000.0,5000000.0,5000.0,20,32915000.0,-51.02204895
1000000000.0,1146905830.5499647,spectrum,31250000.0,5000000.0,5000.0,20,32917500.0,-51.81433105
1000000000.0,1146905830.5499647,spectrum,31250000.0,5000000.0,5000.0,20,32920000.0,-53.39765167
1000000000.0,1146905830.5499647,spectrum,31250000.0,5000000.0,5000.0,20,32922500.0,-53.1843605
1000000000.0,1146905830.5499647,spectrum,31250000.0,5000000.0,5000.0,20,32925000.0,-50.9845314
1000000000.0,1146905830.5499647,spectrum,31250000.0,5000000.0,5000.0,20,32927500.0,-49.58705902
1000000000.0,1146905830.5499647,spectrum,31250000.0,5000000.0,5000.0,20,32930000.0,-49.13495636
1000000000.0,1146905830.5499647,spectrum,31250000.0,5000000.0,5000.0,20,32932500.0,-51.38657379
1000000000.0,1146905830.5499647,spectrum,31250000.0,5000000.0,5000.0,20,32935000.0,-53.47076035
1000000000.0,1146905830.5499647,spectrum,31250000.0,5000000.0,5000.0,20,32937500.0,-51.58355713
1000000000.0,1146905830.5499647,spectrum,31250000.0,5000000.0,5000.0,20,32940000.0,-52.8547821
1000000000.0,1146905830.5499647,spectrum,31250000.0,5000000.0,5000.0,20,32942500.0,-53.01853943
1000000000.0,1146905830.5499647,spectrum,31250000.0,5000000.0,5000.0,20,32945000.0,-52.71361542
1000000000.0,1146905830.5499647,spectrum,31250000.0,5000000.0,5000.0,20,32947500.0,-52.75595856
1000000000.0,1146905830.5499647,spectrum,31250000.0,5000000.0,5000.0,20,32950000.0,-51.60540009
1000000000.0,1146905830.5499647,spectrum,31250000.0,5000000.0,5000.0,20,32952500.0,-51.73331451
1000000000.0,1146905830.5499647,spectrum,31250000.0,5000000.0,5000.0,20,32955000.0,-53.1484108
1000000000.0,1146905830.5499647,spectrum,31250000.0,5000000.0,5000.0,20,32957500.0,-53.66202164
1000000000.0,1146905830.5499647,spectrum,31250000.0,5000000.0,5000.0,20,32960000.0,-53.51006699
1000000000.0,1146905830.5499647,spectrum,31250000.0,5000000.0,5000.0,20,32962500.0,-53.75131989
1000000000.0,1146905830.5499647,spectrum,31250000.0,5000000.0,5000.0,20,32965000.0,-54.46717453
1000000000.0,1146905830.5499647,spectrum,31250000.0,5000000.0,5000.0,20,32967500.0,-54.35054016
1000000000.0,1146905830.5499647,spectrum,31250000.0,5000000.0,5000.0,20,32970000.0,-55.56475449
1000000000.0,1146905830.5499647,spectrum,31250000.0,5000000.0,5000.0,20,32972500.0,-55.56294632
1000000000.0,1146905830.5499647,spectrum,31250000.0,5000000.0,5000.0,20,32975000.0,-55.70421982
1000000000.0,1146905830.5499647,spectrum,31250000.0,5000000.0,5000.0,20,32977500.0,-54.48173523
1000000000.0,1146905830.5499647,spectrum,31250000.0,5000000.0,5000.0,20,32980000.0,-54.88357162
1000000000.0,1146905830.5499647,spectrum,31250000.0,5000000.0,5000.0,20,32982500.0,-56.95202255
1000000000.0,1146905830.5499647,spectrum,31250000.0,5000000.0,5000.0,20,32985000.0,-57.41188431
1000000000.0,1146905830.5499647,spectrum,31250000.0,5000000.0,5000.0,20,32987500.0,-56.08707809
1000000000.0,1146905830.5499647,spectrum,31250000.0,5000000.0,5000.0,20,32990000.0,-57.10141373
1000000000.0,1146905830.5499647,spectrum,31250000.0,5000000.0,5000.0,20,32992500.0,-57.23983765
1000000000.0,1146905830.5499647,spectrum,31250000.0,5000000.0,5000.0,20,32995000.0,-56.70367813
1000000000.0,1146905830.5499647,spectrum,31250000.0,5000000.0,5000.0,20,32997500.0,-55.37465286
1000000000.0,1146905830.5499647,spectrum,31250000.0,5000000.0,5000.0,20,33000000.0,-55.61846542
1000000000.0,1146905830.5499647,spectrum,31250000.0,5000000.0,5000.0,20,33002500.0,-53.87613678
1000000000.0,1146905830.5499647,spectrum,31250000.0,5000000.0,5000.0,20,33005000.0,-52.73745346
1000000000.0,1146905830.5499647,spectrum,31250000.0,5000000.0,5000.0,20,33007500.0,-52.76145554
1000000000.0,1146905830.5499647,spectrum,31250000.0,5000000.0,5000.0,20,33010000.0,-48.41289139
1000000000.0,1146905830.5499647,spectrum,31250000.0,5000000.0,5000.0,20,33012500.0,-42.90332031
1000000000.0,1146905830.5499647,spectrum,31250000.0,5000000.0,5000.0,20,33015000.0,-43.62766647
1000000000.0,1146905830.5499647,spectrum,31250000.0,5000000.0,5000.0,20,33017500.0,-49.44005585
1000000000.0,1146905830.5499647,spectrum,31250000.0,5000000.0,5000.0,20,33020000.0,-51.19286346
1000000000.0,1146905830.5499647,spectrum,31250000.0,5000000.0,5000.0,20,33022500.0,-51.38427734
1000000000.0,1146905830.5499647,spectrum,31250000.0,5000000.0,5000.0,20,33025000.0,-51.41121292
1000000000.0,1146905830.5499647,spectrum,31250000.0,5000000.0,5000.0,20,33027500.0,-50.06129837
1000000000.0,1146905830.5499647,spectrum,31250000.0,5000000.0,5000.0,20,33030000.0,-49.66389084
1000000000.0,1146905830.5499647,spectrum,31250000.0,5000000.0,5000.0,20,33032500.0,-51.10071945
1000000000.0,1146905830.5499647,spectrum,31250000.0,5000000.0,5000.0,20,33035000.0,-51.395401
1000000000.0,1146905830.5499647,spectrum,31250000.0,5000000.0,5000.0,20,33037500.0,-51.14392853
1000000000.0,1146905830.5499647,spectrum,31250000.0,5000000.0,5000.0,20,33040000.0,-53.50601959
1000000000.0,1146905830.5499647,spectrum,31250000.0,5000000.0,5000.0,20,33042500.0,-49.38108063
1000000000.0,1146905830.5499647,spectrum,31250000.0,5000000.0,5000.0,20,33045000.0,-49.66085815
1000000000.0,1146905830.5499647,spectrum,31250000.0,5000000.0,5000.0,20,33047500.0,-51.60332489
1000000000.0,1146905830.5499647,spectrum,31250000.0,5000000.0,5000.0,20,33050000.0,-51.19677353
1000000000.0,1146905830.5499647,spectrum,31250000.0,5000000.0,5000.0,20,33052500.0,-51.0524025
1000000000.0,1146905830.5499647,spectrum,31250000.0,5000000.0,5000.0,20,33055000.0,-49.20096588
1000000000.0,1146905830.5499647,spectrum,31250000.0,5000000.0,5000.0,20,33057500.0,-50.03646088
1000000000.0,1146905830.5499647,spectrum,31250000.0,5000000.0,5000.0,20,33060000.0,-50.5110817
1000000000.0,1146905830.5499647,spectrum,31250000.0,5000000.0,5000.0,20,33062500.0,-50.01139069
1000000000.0,1146905830.5499647,spectrum,31250000.0,5000000.0,5000.0,20,33065000.0,-52.24859238
1000000000.0,1146905830.5499647,spectrum,31250000.0,5000000.0,5000.0,20,33067500.0,-51.36161804
1000000000.0,1146905830.5499647,spectrum,31250000.0,5000000.0,5000.0,20,33070000.0,-48.02708435
1000000000.0,1146905830.5499647,spectrum,31250000.0,5000000.0,5000.0,20,33072500.0,-47.14967346
1000000000.0,1146905830.5499647,spectrum,31250000.0,5000000.0,5000.0,20,33075000.0,-47.4039917
1000000000.0,1146905830.5499647,spectrum,31250000.0,5000000.0,5000.0,20,33077500.0,-48.64704895
1000000000.0,1146905830.5499647,spectrum,31250000.0,5000000.0,5000.0,20,33080000.0,-48.71952057
1000000000.0,1146905830.5499647,spectrum,31250000.0,5000000.0,5000.0,20,33082500.0,-48.13323212
1000000000.0,1146905830.5499647,spectrum,31250000.0,5000000.0,5000.0,20,33085000.0,-47.97572708
1000000000.0,1146905830.5499647,spectrum,31250000.0,5000000.0,5000.0,20,33087500.0,-49.32605743
1000000000.0,1146905830.5499647,spectrum,31250000.0,5000000.0,5000.0,20,33090000.0,-48.74710083
1000000000.0,1146905830.5499647,spectrum,31250000.0,5000000.0,5000.0,20,33092500.0,-50.86755753
1000000000.0,1146905830.5499647,spectrum,31250000.0,5000000.0,5000.0,20,33095000.0,-51.41379547
1000000000.0,1146905830.5499647,spectrum,31250000.0,5000000.0,5000.0,20,33097500.0,-50.08970261
1000000000.0,1146905830.5499647,spectrum,31250000.0,5000000.0,5000.0,20,33100000.0,-49.5261879
1000000000.0,1146905830.5499647,spectrum,31250000.0,5000000.0,5000.0,20,33102500.0,-47.4695015
1000000000.0,1146905830.5499647,spectrum,31250000.0,5000000.0,5000.0,20,33105000.0,-47.27176666
1000000000.0,1146905830.5499647,spectrum,31250000.0,5000000.0,5000.0,20,33107500.0,-49.02957535
1000000000.0,1146905830.5499647,spectrum,31250000.0,5000000.0,5000.0,20,33110000.0,-51.28994751
1000000000.0,1146905830.5499647,spectrum,31250000.0,5000000.0,5000.0,20,33112500.0,-50.72537231
1000000000.0,1146905830.5499647,spectrum,31250000.0,5000000.0,5000.0,20,33115000.0,-50.39572525
1000000000.0,1146905830.5499647,spectrum,31250000.0,5000000.0,5000.0,20,33117500.0,-49.37031937
1000000000.0,1146905830.5499647,spectrum,31250000.0,5000000.0,5000.0,20,33120000.0,-50.2109375
1000000000.0,1146905830.5499647,spectrum,31250000.0,5000000.0,5000.0,20,33122500.0,-51.22735977
1000000000.0,1146905830.5499647,spectrum,31250000.0,5000000.0,5000.0,20,33125000.0,-50.7528038
1000000000.0,1146905830.5499647,spectrum,31250000.0,5000000.0,5000.0,20,33127500.0,-49.81666565
1000000000.0,1146905830.5499647,spectrum,31250000.0,5000000.0,5000.0,20,33130000.0,-48.84978104
1000000000.0,1146905830.5499647,spectrum,31250000.0,5000000.0,5000.0,20,33132500.0,-50.00130081
1000000000.0,1146905830.5499647,spectrum,31250000.0,5000000.0,5000.0,20,33135000.0,-50.34996796
1000000000.0,1146905830.5499647,spectrum,31250000.0,5000000.0,5000.0,20,33137500.0,-51.89783478
1000000000.0,1146905830.5499647,spectrum,31250000.0,5000000.0,5000.0,20,33140000.0,-52.46230698
1000000000.0,1146905830.5499647,spectrum,31250000.0,5000000.0,5000.0,20,33142500.0,-51.47637939
1000000000.0,1146905830.5499647,spectrum,31250000.0,5000000.0,5000.0,20,33145000.0,-51.62106705
1000000000.0,1146905830.5499647,spectrum,31250000.0,5000000.0,5000.0,20,33147500.0,-50.57932663
1000000000.0,1146905830.5499647,spectrum,31250000.0,5000000.0,5000.0,20,33150000.0,-51.16877365
1000000000.0,1146905830.5499647,spectrum,31250000.0,5000000.0,5000.0,20,33152500.0,-52.00255585
1000000000.0,1146905830.5499647,spectrum,31250000.0,5000000.0,5000.0,20,33155000.0,-50.93330383
1000000000.0,1146905830.5499647,spectrum,31250000.0,5000000.0,5000.0,20,33157500.0,-51.13103485
1000000000.0,1146905830.5499647,spectrum,31250000.0,5000000.0,5000.0,20,33160000.0,-50.67287827
1000000000.0,1146905830.5499647,spectrum,31250000.0,5000000.0,5000.0,20,33162500.0,-50.02122498
1000000000.0,1146905830.5499647,spectrum,31250000.0,5000000.0,5000.0,20,33165000.0,-50.73149109
1000000000.0,1146905830.5499647,spectrum,31250000.0,5000000.0,5000.0,20,33167500.0,-49.91379547
1000000000.0,1146905830.5499647,spectrum,31250000.0,5000000.0,5000.0,20,33170000.0,-50.19829941
1000000000.0,1146905830.5499647,spectrum,31250000.0,5000000.0,5000.0,20,33172500.0,-49.32526779
1000000000.0,1146905830.5499647,spectrum,31250000.0,5000000.0,5000.0,20,33175000.0,-48.46278763
1000000000.0,1146905830.5499647,spectrum,31250000.0,5000000.0,5000.0,20,33177500.0,-48.4624176
1000000000.0,1146905830.5499647,spectrum,31250000.0,5000000.0,5000.0,20,33180000.0,-51.20852661
1000000000.0,1146905830.5499647,spectrum,31250000.0,5000000.0,5000.0,20,33182500.0,-51.26555252
1000000000.0,1146905830.5499647,spectrum,31250000.0,5000000.0,5000.0,20,33185000.0,-48.42339325
1000000000.0,1146905830.5499647,spectrum,31250000.0,5000000.0,5000.0,20,33187500.0,-47.03382111
1000000000.0,1146905830.5499647,spectrum,31250000.0,5000000.0,5000.0,20,33190000.0,-48.24816513
1000000000.0,1146905830.5499647,spectrum,31250000.0,5000000.0,5000.0,20,33192500.0,-48.58844757
1000000000.0,1146905830.5499647,spectrum,31250000.0,5000000.0,5000.0,20,33195000.0,-46.13969421
1000000000.0,1146905830.5499647,spectrum,31250000.0,5000000.0,5000.0,20,33197500.0,-42.43373871
1000000000.0,1146905830.5499647,spectrum,31250000.0,5000000.0,5000.0,20,33200000.0,-44.96422577
1000000000.0,1146905830.5499647,spectrum,31250000.0,5000000.0,5000.0,20,33202500.0,-47.75009918
1000000000.0,1146905830.5499647,spectrum,31250000.0,5000000.0,5000.0,20,33205000.0,-48.65914917
1000000000.0,1146905830.5499647,spectrum,31250000.0,5000000.0,5000.0,20,33207500.0,-50.33289337
1000000000.0,1146905830.5499647,spectrum,31250000.0,5000000.0,5000.0,20,33210000.0,-51.53931046
1000000000.0,1146905830.5499647,spectrum,31250000.0,5000000.0,5000.0,20,33212500.0,-51.3767662
1000000000.0,1146905830.5499647,spectrum,31250000.0,5000000.0,5000.0,20,33215000.0,-47.82127762
1000000000.0,1146905830.5499647,spectrum,31250000.0,5000000.0,5000.0,20,33217500.0,-42.04386139
1000000000.0,1146905830.5499647,spectrum,31250000.0,5000000.0,5000.0,20,33220000.0,-41.94516754
1000000000.0,1146905830.5499647,spectrum,31250000.0,5000000.0,5000.0,20,33222500.0,-47.12660599
1000000000.0,1146905830.5499647,spectrum,31250000.0,5000000.0,5000.0,20,33225000.0,-47.45911407
1000000000.0,1146905830.5499647,spectrum,31250000.0,5000000.0,5000.0,20,33227500.0,-46.85829544
1000000000.0,1146905830.5499647,spectrum,31250000.0,5000000.0,5000.0,20,33230000.0,-47.53405762
1000000000.0,1146905830.5499647,spectrum,31250000.0,5000000.0,5000.0,20,33232500.0,-48.58737946
1000000000.0,1146905830.5499647,spectrum,31250000.0,5000000.0,5000.0,20,33235000.0,-47.87723541
1000000000.0,1146905830.5499647,spectrum,31250000.0,5000000.0,5000.0,20,33237500.0,-46.85676575
1000000000.0,1146905830.5499647,spectrum,31250000.0,5000000.0,5000.0,20,33240000.0,-46.10357285
1000000000.0,1146905830.5499647,spectrum,31250000.0,5000000.0,5000.0,20,33242500.0,-46.15922165
1000000000.0,1146905830.5499647,spectrum,31250000.0,5000000.0,5000.0,20,33245000.0,-47.72962189
1000000000.0,1146905830.5499647,spectrum,31250000.0,5000000.0,5000.0,20,33247500.0,-47.20509338
1000000000.0,1146905830.5499647,spectrum,31250000.0,5000000.0,5000.0,20,33250000.0,-45.9329834
1000000000.0,1146905830.5499647,spectrum,31250000.0,5000000.0,5000.0,20,33252500.0,-45.8999939
1000000000.0,1146905830.5499647,spectrum,31250000.0,5000000.0,5000.0,20,33255000.0,-48.34197617
1000000000.0,1146905830.5499647,spectrum,31250000.0,5000000.0,5000.0,20,33257500.0,-47.00687408
1000000000.0,1146905830.5499647,spectrum,31250000.0,5000000.0,5000.0,20,33260000.0,-46.76516342
1000000000.0,1146905830.5499647,spectrum,31250000.0,5000000.0,5000.0,20,33262500.0,-48.8638916
1000000000.0,1146905830.5499647,spectrum,31250000.0,5000000.0,5000.0,20,33265000.0,-49.12308884
1000000000.0,1146905830.5499647,spectrum,31250000.0,5000000.0,5000.0,20,33267500.0,-46.08693695
1000000000.0,1146905830.5499647,spectrum,31250000.0,5000000.0,5000.0,20,33270000.0,-45.94941711
1000000000.0,1146905830.5499647,spectrum,31250000.0,5000000.0,5000.0,20,33272500.0,-45.16663742
1000000000.0,1146905830.5499647,spectrum,31250000.0,5000000.0,5000.0,20,33275000.0,-46.75859833
1000000000.0,1146905830.5499647,spectrum,31250000.0,5000000.0,5000.0,20,33277500.0,-46.05567169
1000000000.0,1146905830.5499647,spectrum,31250000.0,5000000.0,5000.0,20,33280000.0,-46.12540436
1000000000.0,1146905830.5499647,spectrum,31250000.0,5000000.0,5000.0,20,33282500.0,-45.18778992
1000000000.0,1146905830.5499647,spectrum,31250000.0,5000000.0,5000.0,20,33285000.0,-46.97807312
1000000000.0,1146905830.5499647,spectrum,31250000.0,5000000.0,5000.0,20,33287500.0,-46.13222885
1000000000.0,1146905830.5499647,spectrum,31250000.0,5000000.0,5000.0,20,33290000.0,-46.15096283
1000000000.0,1146905830.5499647,spectrum,31250000.0,5000000.0,5000.0,20,33292500.0,-45.23965454
1000000000.0,1146905830.5499647,spectrum,31250000.0,5000000.0,5000.0,20,33295000.0,-44.56287003
1000000000.0,1146905830.5499647,spectrum,31250000.0,5000000.0,5000.0,20,33297500.0,-45.76184082
1000000000.0,1146905830.5499647,spectrum,31250000.0,5000000.0,5000.0,20,33300000.0,-46.62438965
1000000000.0,1146905830.5499647,spectrum,31250000.0,5000000.0,5000.0,20,33302500.0,-46.94592285
1000000000.0,1146905830.5499647,spectrum,31250000.0,5000000.0,5000.0,20,33305000.0,-46.6532402
1000000000.0,1146905830.5499647,spectrum,31250000.0,5000000.0,5000.0,20,33307500.0,-46.12153244
1000000000.0,1146905830.5499647,spectrum,31250000.0,5000000.0,5000.0,20,33310000.0,-44.12281799
1000000000.0,1146905830.5499647,spectrum,31250000.0,5000000.0,5000.0,20,33312500.0,-45.2179985
1000000000.0,1146905830.5499647,spectrum,31250000.0,5000000.0,5000.0,20,33315000.0,-46.19734955
1000000000.0,1146905830.5499647,spectrum,31250000.0,5000000.0,5000.0,20,33317500.0,-45.72092056
1000000000.0,1146905830.5499647,spectrum,31250000.0,5000000.0,5000.0,20,33320000.0,-45.99460602
1000000000.0,1146905830.5499647,spectrum,31250000.0,5000000.0,5000.0,20,33322500.0,-45.74374008
1000000000.0,1146905830.5499647,spectrum,31250000.0,5000000.0,5000.0,20,33325000.0,-43.34300613
1000000000.0,1146905830.5499647,spectrum,31250000.0,5000000.0,5000.0,20,33327500.0,-42.94905472
1000000000.0,1146905830.5499647,spectrum,31250000.0,5000000.0,5000.0,20,33330000.0,-43.55099869
1000000000.0,1146905830.5499647,spectrum,31250000.0,5000000.0,5000.0,20,33332500.0,-44.06681442
1000000000.0,1146905830.5499647,spectrum,31250000.0,5000000.0,5000.0,20,33335000.0,-43.9181366
1000000000.0,1146905830.5499647,spectrum,31250000.0,5000000.0,5000.0,20,33337500.0,-44.61139297
1000000000.0,1146905830.5499647,spectrum,31250000.0,5000000.0,5000.0,20,33340000.0,-46.75815582
1000000000.0,1146905830.5499647,spectrum,31250000.0,5000000.0,5000.0,20,33342500.0,-46.33387756
1000000000.0,1146905830.5499647,spectrum,31250000.0,5000000.0,5000.0,20,33345000.0,-45.96669006
1000000000.0,1146905830.5499647,spectrum,31250000.0,5000000.0,5000.0,20,33347500.0,-46.66565704
1000000000.0,1146905830.5499647,spectrum,31250000.0,5000000.0,5000.0,20,33350000.0,-46.53430557
1000000000.0,1146905830.5499647,spectrum,31250000.0,5000000.0,5000.0,20,33352500.0,-46.64710999
1000000000.0,1146905830.5499647,spectrum,31250000.0,5000000.0,5000.0,20,33355000.0,-48.13799286
1000000000.0,1146905830.5499647,spectrum,31250000.0,5000000.0,5000.0,20,33357500.0,-45.84167099
1000000000.0,1146905830.5499647,spectrum,31250000.0,5000000.0,5000.0,20,33360000.0,-44.12553406
1000000000.0,1146905830.5499647,spectrum,31250000.0,5000000.0,5000.0,20,33362500.0,-41.03042984
1000000000.0,1146905830.5499647,spectrum,31250000.0,5000000.0,5000.0,20,33365000.0,-37.51317596
1000000000.0,1146905830.5499647,spectrum,31250000.0,5000000.0,5000.0,20,33367500.0,-37.8481102
1000000000.0,1146905830.5499647,spectrum,31250000.0,5000000.0,5000.0,20,33370000.0,-42.68648148
1000000000.0,1146905830.5499647,spectrum,31250000.0,5000000.0,5000.0,20,33372500.0,-46.53325272
1000000000.0,1146905830.5499647,spectrum,31250000.0,5000000.0,5000.0,20,33375000.0,-46.63164139
1000000000.0,1146905830.5499647,spectrum,31250000.0,5000000.0,5000.0,20,33377500.0,-47.76136017
1000000000.0,1146905830.5499647,spectrum,31250000.0,5000000.0,5000.0,20,33380000.0,-46.08692932
1000000000.0,1146905830.5499647,spectrum,31250000.0,5000000.0,5000.0,20,33382500.0,-45.78945923
1000000000.0,1146905830.5499647,spectrum,31250000.0,5000000.0,5000.0,20,33385000.0,-45.98543549
1000000000.0,1146905830.5499647,spectrum,31250000.0,5000000.0,5000.0,20,33387500.0,-46.11238861
1000000000.0,1146905830.5499647,spectrum,31250000.0,5000000.0,5000.0,20,33390000.0,-47.05127335
1000000000.0,1146905830.5499647,spectrum,31250000.0,5000000.0,5000.0,20,33392500.0,-47.74251556
1000000000.0,1146905830.5499647,spectrum,31250000.0,5000000.0,5000.0,20,33395000.0,-47.11072922
1000000000.0,1146905830.5499647,spectrum,31250000.0,5000000.0,5000.0,20,33397500.0,-46.46512222
1000000000.0,1146905830.5499647,spectrum,31250000.0,5000000.0,5000.0,20,33400000.0,-46.83317184
1000000000.0,1146905830.5499647,spectrum,31250000.0,5000000.0,5000.0,20,33402500.0,-48.35017395
1000000000.0,1146905830.5499647,spectrum,31250000.0,5000000.0,5000.0,20,33405000.0,-48.49633026
1000000000.0,1146905830.5499647,spectrum,31250000.0,5000000.0,5000.0,20,33407500.0,-49.48939514
1000000000.0,1146905830.5499647,spectrum,31250000.0,5000000.0,5000.0,20,33410000.0,-49.63046646
1000000000.0,1146905830.5499647,spectrum,31250000.0,5000000.0,5000.0,20,33412500.0,-50.36309433
1000000000.0,1146905830.5499647,spectrum,31250000.0,5000000.0,5000.0,20,33415000.0,-49.45703125
1000000000.0,1146905830.5499647,spectrum,31250000.0,5000000.0,5000.0,20,33417500.0,-47.34264374
1000000000.0,1146905830.5499647,spectrum,31250000.0,5000000.0,5000.0,20,33420000.0,-46.59183502
1000000000.0,1146905830.5499647,spectrum,31250000.0,5000000.0,5000.0,20,33422500.0,-48.3714447
1000000000.0,1146905830.5499647,spectrum,31250000.0,5000000.0,5000.0,20,33425000.0,-47.76913452
1000000000.0,1146905830.5499647,spectrum,31250000.0,5000000.0,5000.0,20,33427500.0,-47.58266449
1000000000.0,1146905830.5499647,spectrum,31250000.0,5000000.0,5000.0,20,33430000.0,-48.71271133
1000000000.0,1146905830.5499647,spectrum,31250000.0,5000000.0,5000.0,20,33432500.0,-50.25547409
1000000000.0,1146905830.5499647,spectrum,31250000.0,5000000.0,5000.0,20,33435000.0,-51.41731644
1000000000.0,1146905830.5499647,spectrum,31250000.0,5000000.0,5000.0,20,33437500.0,-49.33701706
1000000000.0,1146905830.5499647,spectrum,31250000.0,5000000.0,5000.0,20,33440000.0,-49.3748436
1000000000.0,1146905830.5499647,spectrum,31250000.0,5000000.0,5000.0,20,33442500.0,-49.87949371
1000000000.0,1146905830.5499647,spectrum,31250000.0,5000000.0,5000.0,20,33445000.0,-49.3285141
1000000000.0,1146905830.5499647,spectrum,31250000.0,5000000.0,5000.0,20,33447500.0,-48.94132233
1000000000.0,1146905830.5499647,spectrum,31250000.0,5000000.0,5000.0,20,33450000.0,-50.65912628
1000000000.0,1146905830.5499647,spectrum,31250000.0,5000000.0,5000.0,20,33452500.0,-51.19543839
1000000000.0,1146905830.5499647,spectrum,31250000.0,5000000.0,5000.0,20,33455000.0,-50.63011551
1000000000.0,1146905830.5499647,spectrum,31250000.0,5000000.0,5000.0,20,33457500.0,-50.56661224
1000000000.0,1146905830.5499647,spectrum,31250000.0,5000000.0,5000.0,20,33460000.0,-51.30134201
1000000000.0,1146905830.5499647,spectrum,31250000.0,5000000.0,5000.0,20,33462500.0,-53.09453964
1000000000.0,1146905830.5499647,spectrum,31250000.0,5000000.0,5000.0,20,33465000.0,-54.0967598
1000000000.0,1146905830.5499647,spectrum,31250000.0,5000000.0,5000.0,20,33467500.0,-54.10837555
1000000000.0,1146905830.5499647,spectrum,31250000.0,5000000.0,5000.0,20,33470000.0,-51.45043945
1000000000.0,1146905830.5499647,spectrum,31250000.0,5000000.0,5000.0,20,33472500.0,-50.39853287
1000000000.0,1146905830.5499647,spectrum,31250000.0,5000000.0,5000.0,20,33475000.0,-51.04141617
1000000000.0,1146905830.5499647,spectrum,31250000.0,5000000.0,5000.0,20,33477500.0,-51.84751129
1000000000.0,1146905830.5499647,spectrum,31250000.0,5000000.0,5000.0,20,33480000.0,-52.2923317
1000000000.0,1146905830.5499647,spectrum,31250000.0,5000000.0,5000.0,20,33482500.0,-52.34142685
1000000000.0,1146905830.5499647,spectrum,31250000.0,5000000.0,5000.0,20,33485000.0,-52.09515762
1000000000.0,1146905830.5499647,spectrum,31250000.0,5000000.0,5000.0,20,33487500.0,-51.99530792
1000000000.0,1146905830.5499647,spectrum,31250000.0,5000000.0,5000.0,20,33490000.0,-52.39577484
1000000000.0,1146905830.5499647,spectrum,31250000.0,5000000.0,5000.0,20,33492500.0,-53.13614273
1000000000.0,1146905830.5499647,spectrum,31250000.0,5000000.0,5000.0,20,33495000.0,-53.40317535
1000000000.0,1146905830.5499647,spectrum,31250000.0,5000000.0,5000.0,20,33497500.0,-52.54059219
1000000000.0,1146905830.5499647,spectrum,31250000.0,5000000.0,5000.0,20,33500000.0,-52.89232254
1000000000.0,1146905830.5499647,spectrum,31250000.0,5000000.0,5000.0,20,33502500.0,-51.01612854
1000000000.0,1146905830.5499647,spectrum,31250000.0,5000000.0,5000.0,20,33505000.0,-51.0447998
1000000000.0,1146905830.5499647,spectrum,31250000.0,5000000.0,5000.0,20,33507500.0,-51.5082016
1000000000.0,1146905830.5499647,spectrum,31250000.0,5000000.0,5000.0,20,33510000.0,-51.95823669
1000000000.0,1146905830.5499647,spectrum,31250000.0,5000000.0,5000.0,20,33512500.0,-53.87307739
1000000000.0,1146905830.5499647,spectrum,31250000.0,5000000.0,5000.0,20,33515000.0,-53.35783005
1000000000.0,1146905830.5499647,spectrum,31250000.0,5000000.0,5000.0,20,33517500.0,-53.04133987
1000000000.0,1146905830.5499647,spectrum,31250000.0,5000000.0,5000.0,20,33520000.0,-54.59264755
1000000000.0,1146905830.5499647,spectrum,31250000.0,5000000.0,5000.0,20,33522500.0,-54.12898636
1000000000.0,1146905830.5499647,spectrum,31250000.0,5000000.0,5000.0,20,33525000.0,-53.40224075
1000000000.0,1146905830.5499647,spectrum,31250000.0,5000000.0,5000.0,20,33527500.0,-53.94134521
1000000000.0,1146905830.5499647,spectrum,31250000.0,5000000.0,5000.0,20,33530000.0,-56.19573975
1000000000.0,1146905830.5499647,spectrum,31250000.0,5000000.0,5000.0,20,33532500.0,-53.58127594
1000000000.0,1146905830.5499647,spectrum,31250000.0,5000000.0,5000.0,20,33535000.0,-53.51848984
1000000000.0,1146905830.5499647,spectrum,31250000.0,5000000.0,5000.0,20,33537500.0,-54.82236862
1000000000.0,1146905830.5499647,spectrum,31250000.0,5000000.0,5000.0,20,33540000.0,-55.80752182
1000000000.0,1146905830.5499647,spectrum,31250000.0,5000000.0,5000.0,20,33542500.0,-57.23232651
1000000000.0,1146905830.5499647,spectrum,31250000.0,5000000.0,5000.0,20,33545000.0,-56.2990799
1000000000.0,1146905830.5499647,spectrum,31250000.0,5000000.0,5000.0,20,33547500.0,-56.43129349
1000000000.0,1146905830.5499647,spectrum,31250000.0,5000000.0,5000.0,20,33550000.0,-54.20353317
1000000000.0,1146905830.5499647,spectrum,31250000.0,5000000.0,5000.0,20,33552500.0,-54.04800797
1000000000.0,1146905830.5499647,spectrum,31250000.0,5000000.0,5000.0,20,33555000.0,-55.07797623
1000000000.0,1146905830.5499647,spectrum,31250000.0,5000000.0,5000.0,20,33557500.0,-55.6500473
1000000000.0,1146905830.5499647,spectrum,31250000.0,5000000.0,5000.0,20,33560000.0,-56.58146286
1000000000.0,1146905830.5499647,spectrum,31250000.0,5000000.0,5000.0,20,33562500.0,-56.64516449
1000000000.0,1146905830.5499647,spectrum,31250000.0,5000000.0,5000.0,20,33565000.0,-54.82593918
1000000000.0,1146905830.5499647,spectrum,31250000.0,5000000.0,5000.0,20,33567500.0,-55.96976852
1000000000.0,1146905830.5499647,spectrum,31250000.0,5000000.0,5000.0,20,33570000.0,-58.63562775
1000000000.0,1146905830.5499647,spectrum,31250000.0,5000000.0,5000.0,20,33572500.0,-55.80516815
1000000000.0,1146905830.5499647,spectrum,31250000.0,5000000.0,5000.0,20,33575000.0,-50.18004608
1000000000.0,1146905830.5499647,spectrum,31250000.0,5000000.0,5000.0,20,33577500.0,-47.79969788
1000000000.0,1146905830.5499647,spectrum,31250000.0,5000000.0,5000.0,20,33580000.0,-50.36135101
1000000000.0,1146905830.5499647,spectrum,31250000.0,5000000.0,5000.0,20,33582500.0,-56.32452774
1000000000.0,1146905830.5499647,spectrum,31250000.0,5000000.0,5000.0,20,33585000.0,-56.1580658
1000000000.0,1146905830.5499647,spectrum,31250000.0,5000000.0,5000.0,20,33587500.0,-57.05518723
1000000000.0,1146905830.5499647,spectrum,31250000.0,5000000.0,5000.0,20,33590000.0,-57.35978317
1000000000.0,1146905830.5499647,spectrum,31250000.0,5000000.0,5000.0,20,33592500.0,-57.08811569
1000000000.0,1146905830.5499647,spectrum,31250000.0,5000000.0,5000.0,20,33595000.0,-58.81667328
1000000000.0,1146905830.5499647,spectrum,31250000.0,5000000.0,5000.0,20,33597500.0,-56.93855667
1000000000.0,1146905830.5499647,spectrum,31250000.0,5000000.0,5000.0,20,33600000.0,-57.07908249
1000000000.0,1146905830.5499647,spectrum,31250000.0,5000000.0,5000.0,20,33602500.0,-57.1800766
1000000000.0,1146905830.5499647,spectrum,31250000.0,5000000.0,5000.0,20,33605000.0,-58.28631592
1000000000.0,1146905830.5499647,spectrum,31250000.0,5000000.0,5000.0,20,33607500.0,-57.05720139
1000000000.0,1146905830.5499647,spectrum,31250000.0,5000000.0,5000.0,20,33610000.0,-57.20615387
1000000000.0,1146905830.5499647,spectrum,31250000.0,5000000.0,5000.0,20,33612500.0,-58.71630096
1000000000.0,1146905830.5499647,spectrum,31250000.0,5000000.0,5000.0,20,33615000.0,-56.63602829
1000000000.0,1146905830.5499647,spectrum,31250000.0,5000000.0,5000.0,20,33617500.0,-57.4999733
1000000000.0,1146905830.5499647,spectrum,31250000.0,5000000.0,5000.0,20,33620000.0,-56.16968155
1000000000.0,1146905830.5499647,spectrum,31250000.0,5000000.0,5000.0,20,33622500.0,-55.53668213
1000000000.0,1146905830.5499647,spectrum,31250000.0,5000000.0,5000.0,20,33625000.0,-55.3874855
1000000000.0,1146905830.5499647,spectrum,31250000.0,5000000.0,5000.0,20,33627500.0,-53.25037384
1000000000.0,1146905830.5499647,spectrum,31250000.0,5000000.0,5000.0,20,33630000.0,-49.12023163
1000000000.0,1146905830.5499647,spectrum,31250000.0,5000000.0,5000.0,20,33632500.0,-50.20591354
1000000000.0,1146905830.5499647,spectrum,31250000.0,5000000.0,5000.0,20,33635000.0,-58.54631424
1000000000.0,1146905830.5499647,spectrum,31250000.0,5000000.0,5000.0,20,33637500.0,-59.29808044
1000000000.0,1146905830.5499647,spectrum,31250000.0,5000000.0,5000.0,20,33640000.0,-59.0334053
1000000000.0,1146905830.5499647,spectrum,31250000.0,5000000.0,5000.0,20,33642500.0,-56.14620209
1000000000.0,1146905830.5499647,spectrum,31250000.0,5000000.0,5000.0,20,33645000.0,-49.63745499
1000000000.0,1146905830.5499647,spectrum,31250000.0,5000000.0,5000.0,20,33647500.0,-48.39759827
1000000000.0,1146905830.5499647,spectrum,31250000.0,5000000.0,5000.0,20,33650000.0,-52.56919098
1000000000.0,1146905830.5499647,spectrum,31250000.0,5000000.0,5000.0,20,33652500.0,-58.19447708
1000000000.0,1146905830.5499647,spectrum,31250000.0,5000000.0,5000.0,20,33655000.0,-57.22519302
1000000000.0,1146905830.5499647,spectrum,31250000.0,5000000.0,5000.0,20,33657500.0,-57.97934341
1000000000.0,1146905830.5499647,spectrum,31250000.0,5000000.0,5000.0,20,33660000.0,-57.19139481
1000000000.0,1146905830.5499647,spectrum,31250000.0,5000000.0,5000.0,20,33662500.0,-56.56719208
1000000000.0,1146905830.5499647,spectrum,31250000.0,5000000.0,5000.0,20,33665000.0,-58.38846207
1000000000.0,1146905830.5499647,spectrum,31250000.0,5000000.0,5000.0,20,33667500.0,-58.06088257
1000000000.0,1146905830.5499647,spectrum,31250000.0,5000000.0,5000.0,20,33670000.0,-58.82960129
1000000000.0,1146905830.5499647,spectrum,31250000.0,5000000.0,5000.0,20,33672500.0,-57.48682404
1000000000.0,1146905830.5499647,spectrum,31250000.0,5000000.0,5000.0,20,33675000.0,-56.54916
1000000000.0,1146905830.5499647,spectrum,31250000.0,5000000.0,5000.0,20,33677500.0,-58.0132637
1000000000.0,1146905830.5499647,spectrum,31250000.0,5000000.0,5000.0,20,33680000.0,-57.30239487
1000000000.0,1146905830.5499647,spectrum,31250000.0,5000000.0,5000.0,20,33682500.0,-57.98257446
1000000000.0,1146905830.5499647,spectrum,31250000.0,5000000.0,5000.0,20,33685000.0,-58.0329361
1000000000.0,1146905830.5499647,spectrum,31250000.0,5000000.0,5000.0,20,33687500.0,-60.32653046
1000000000.0,1146905830.5499647,spectrum,31250000.0,5000000.0,5000.0,20,33690000.0,-57.8867569
1000000000.0,1146905830.5499647,spectrum,31250000.0,5000000.0,5000.0,20,33692500.0,-57.20513535
1000000000.0,1146905830.5499647,spectrum,31250000.0,5000000.0,5000.0,20,33695000.0,-57.42167282
1000000000.0,1146905830.5499647,spectrum,31250000.0,5000000.0,5000.0,20,33697500.0,-57.4376564
1000000000.0,1146905830.5499647,spectrum,31250000.0,5000000.0,5000.0,20,33700000.0,-56.91199875
1000000000.0,1146905830.5499647,spectrum,31250000.0,5000000.0,5000.0,20,33702500.0,-57.04405212
1000000000.0,1146905830.5499647,spectrum,31250000.0,5000000.0,5000.0,20,33705000.0,-57.24714661
1000000000.0,1146905830.5499647,spectrum,31250000.0,5000000.0,5000.0,20,33707500.0,-55.74885178
1000000000.0,1146905830.5499647,spectrum,31250000.0,5000000.0,5000.0,20,33710000.0,-55.80685043
1000000000.0,1146905830.5499647,spectrum,31250000.0,5000000.0,5000.0,20,33712500.0,-56.50973129
1000000000.0,1146905830.5499647,spectrum,31250000.0,5000000.0,5000.0,20,33715000.0,-56.81058884
1000000000.0,1146905830.5499647,spectrum,31250000.0,5000000.0,5000.0,20,33717500.0,-54.89973831
1000000000.0,1146905830.5499647,spectrum,31250000.0,5000000.0,5000.0,20,33720000.0,-54.85786438
1000000000.0,1146905830.5499647,spectrum,31250000.0,5000000.0,5000.0,20,33722500.0,-56.74056625
1000000000.0,1146905830.5499647,spectrum,31250000.0,5000000.0,5000.0,20,33725000.0,-58.76359177
1000000000.0,1146905830.5499647,spectrum,31250000.0,5000000.0,5000.0,20,33727500.0,-59.02045441
1000000000.0,1146905830.5499647,spectrum,31250000.0,5000000.0,5000.0,20,33730000.0,-57.38199997
1000000000.0,1146905830.5499647,spectrum,31250000.0,5000000.0,5000.0,20,33732500.0,-56.91497803
1000000000.0,1146905830.5499647,spectrum,31250000.0,5000000.0,5000.0,20,33735000.0,-57.32455826
1000000000.0,1146905830.5499647,spectrum,31250000.0,5000000.0,5000.0,20,33737500.0,-57.08013153
1000000000.0,1146905830.5499647,spectrum,31250000.0,5000000.0,5000.0,20,33740000.0,-58.22551346
1000000000.0,1146905830.5499647,spectrum,31250000.0,5000000.0,5000.0,20,33742500.0,-56.55273056
1000000000.0,1146905830.5499647,spectrum,31250000.0,5000000.0,5000.0,20,33745000.0,-55.69135284
1000000000.0,1146905830.5499647,spectrum,31250000.0,5000000.0,5000.0,20,33747500.0,-57.03955841
1000000000.0,1146905830.5499647,spectrum,31250000.0,5000000.0,5000.0,20,33750000.0,-59.02461624
1000000000.0,1146905830.5499647,phase_noise,31249980.1,2100.0,3.0,10,31248930.1,-94.52510071
1000000000.0,1146905830.5499647,phase_noise,31249980.1,2100.0,3.0,10,31248931.6,-93.54173279
1000000000.0,1146905830.5499647,phase_noise,31249980.1,2100.0,3.0,10,31248933.1,-93.25769806
1000000000.0,1146905830.5499647,phase_noise,31249980.1,2100.0,3.0,10,31248934.6,-96.26119995
1000000000.0,1146905830.5499647,phase_noise,31249980.1,2100.0,3.0,10,31248936.1,-94.52093506
1000000000.0,1146905830.5499647,phase_noise,31249980.1,2100.0,3.0,10,31248937.6,-94.30051422
1000000000.0,1146905830.5499647,phase_noise,31249980.1,2100.0,3.0,10,31248939.1,-95.7224884
1000000000.0,1146905830.5499647,phase_noise,31249980.1,2100.0,3.0,10,31248940.6,-93.93419647
1000000000.0,1146905830.5499647,phase_noise,31249980.1,2100.0,3.0,10,31248942.1,-94.93881989
1000000000.0,1146905830.5499647,phase_noise,31249980.1,2100.0,3.0,10,31248943.6,-94.90242767
1000000000.0,1146905830.5499647,phase_noise,31249980.1,2100.0,3.0,10,31248945.1,-93.26733398
1000000000.0,1146905830.5499647,phase_noise,31249980.1,2100.0,3.0,10,31248946.6,-93.0066452
1000000000.0,1146905830.5499647,phase_noise,31249980.1,2100.0,3.0,10,31248948.1,-92.44831848
1000000000.0,1146905830.5499647,phase_noise,31249980.1,2100.0,3.0,10,31248949.6,-93.47137451
1000000000.0,1146905830.5499647,phase_noise,31249980.1,2100.0,3.0,10,31248951.1,-98.0255127
1000000000.0,1146905830.5499647,phase_noise,31249980.1,2100.0,3.0,10,31248952.6,-97.6669693
1000000000.0,1146905830.5499647,phase_noise,31249980.1,2100.0,3.0,10,31248954.1,-97.94940186
1000000000.0,1146905830.5499647,phase_noise,31249980.1,2100.0,3.0,10,31248955.6,-98.1605072
1000000000.0,1146905830.5499647,phase_noise,31249980.1,2100.0,3.0,10,31248957.1,-93.25831604
1000000000.0,1146905830.5499647,phase_noise,31249980.1,2100.0,3.0,10,31248958.6,-93.77133179
1000000000.0,1146905830.5499647,phase_noise,31249980.1,2100.0,3.0,10,31248960.1,-94.27846527
1000000000.0,1146905830.5499647,phase_noise,31249980.1,2100.0,3.0,10,31248961.6,-94.70188141
1000000000.0,1146905830.5499647,phase_noise,31249980.1,2100.0,3.0,10,31248963.1,-93.5616684
1000000000.0,1146905830.5499647,phase_noise,31249980.1,2100.0,3.0,10,31248964.6,-93.53222656
1000000000.0,1146905830.5499647,phase_noise,31249980.1,2100.0,3.0,10,31248966.1,-96.23075867
1000000000.0,1146905830.5499647,phase_noise,31249980.1,2100.0,3.0,10,31248967.6,-92.34606171
1000000000.0,1146905830.5499647,phase_noise,31249980.1,2100.0,3.0,10,31248969.1,-92.22631836
1000000000.0,1146905830.5499647,phase_noise,31249980.1,2100.0,3.0,10,31248970.6,-93.34838104
1000000000.0,1146905830.5499647,phase_noise,31249980.1,2100.0,3.0,10,31248972.1,-94.00775146
1000000000.0,1146905830.5499647,phase_noise,31249980.1,2100.0,3.0,10,31248973.6,-93.30000305
1000000000.0,1146905830.5499647,phase_noise,31249980.1,2100.0,3.0,10,31248975.1,-93.26865387
1000000000.0,1146905830.5499647,phase_noise,31249980.1,2100.0,3.0,10,31248976.6,-93.08088684
1000000000.0,1146905830.5499647,phase_noise,31249980.1,2100.0,3.0,10,31248978.1,-91.90518951
1000000000.0,1146905830.5499647,phase_noise,31249980.1,2100.0,3.0,10,31248979.6,-91.14147949
1000000000.0,1146905830.5499647,phase_noise,31249980.1,2100.0,3.0,10,31248981.1,-92.53186798
1000000000.0,1146905830.5499647,phase_noise,31249980.1,2100.0,3.0,10,31248982.6,-93.86885071
1000000000.0,1146905830.5499647,phase_noise,31249980.1,2100.0,3.0,10,31248984.1,-94.26507568
1000000000.0,1146905830.5499647,phase_noise,31249980.1,2100.0,3.0,10,31248985.6,-94.90885162
1000000000.0,1146905830.5499647,phase_noise,31249980.1,2100.0,3.0,10,31248987.1,-94.61854553
1000000000.0,1146905830.5499647,phase_noise,31249980.1,2100.0,3.0,10,31248988.6,-96.38885498
1000000000.0,1146905830.5499647,phase_noise,31249980.1,2100.0,3.0,10,31248990.1,-94.61634827
1000000000.0,1146905830.5499647,phase_noise,31249980.1,2100.0,3.0,10,31248991.6,-94.92118835
1000000000.0,1146905830.5499647,phase_noise,31249980.1,2100.0,3.0,10,31248993.1,-98.50104523
1000000000.0,1146905830.5499647,phase_noise,31249980.1,2100.0,3.0,10,31248994.6,-96.37103271
1000000000.0,1146905830.5499647,phase_noise,31249980.1,2100.0,3.0,10,31248996.1,-94.06394958
1000000000.0,1146905830.5499647,phase_noise,31249980.1,2100.0,3.0,10,31248997.6,-95.75008392
1000000000.0,1146905830.5499647,phase_noise,31249980.1,2100.0,3.0,10,31248999.1,-94.35780334
1000000000.0,1146905830.5499647,phase_noise,31249980.1,2100.0,3.0,10,31249000.6,-94.86091614
1000000000.0,1146905830.5499647,phase_noise,31249980.1,2100.0,3.0,10,31249002.1,-93.57966614
1000000000.0,1146905830.5499647,phase_noise,31249980.1,2100.0,3.0,10,31249003.6,-91.61491394
1000000000.0,1146905830.5499647,phase_noise,31249980.1,2100.0,3.0,10,31249005.1,-93.40920258
1000000000.0,1146905830.5499647,phase_noise,31249980.1,2100.0,3.0,10,31249006.6,-94.64559937
1000000000.0,1146905830.5499647,phase_noise,31249980.1,2100.0,3.0,10,31249008.1,-95.42879486
1000000000.0,1146905830.5499647,phase_noise,31249980.1,2100.0,3.0,10,31249009.6,-96.01233673
1000000000.0,1146905830.5499647,phase_noise,31249980.1,2100.0,3.0,10,31249011.1,-92.93094635
1000000000.0,1146905830.5499647,phase_noise,31249980.1,2100.0,3.0,10,31249012.6,-92.48651886
1000000000.0,1146905830.5499647,phase_noise,31249980.1,2100.0,3.0,10,31249014.1,-94.76609802
1000000000.0,1146905830.5499647,phase_noise,31249980.1,2100.0,3.0,10,31249015.6,-93.00958252
1000000000.0,1146905830.5499647,phase_noise,31249980.1,2100.0,3.0,10,31249017.1,-92.20217133
1000000000.0,1146905830.5499647,phase_noise,31249980.1,2100.0,3.0,10,31249018.6,-90.96476746
1000000000.0,1146905830.5499647,phase_noise,31249980.1,2100.0,3.0,10,31249020.1,-93.87950134
1000000000.0,1146905830.5499647,phase_noise,31249980.1,2100.0,3.0,10,31249021.6,-93.03443146
1000000000.0,1146905830.5499647,phase_noise,31249980.1,2100.0,3.0,10,31249023.1,-91.62644958
1000000000.0,1146905830.5499647,phase_noise,31249980.1,2100.0,3.0,10,31249024.6,-92.55590057
1000000000.0,1146905830.5499647,phase_noise,31249980.1,2100.0,3.0,10,31249026.1,-94.48712921
1000000000.0,1146905830.5499647,phase_noise,31249980.1,2100.0,3.0,10,31249027.6,-100.6854248
1000000000.0,1146905830.5499647,phase_noise,31249980.1,2100.0,3.0,10,31249029.1,-94.84531403
1000000000.0,1146905830.5499647,phase_noise,31249980.1,2100.0,3.0,10,31249030.6,-96.97952271
1000000000.0,1146905830.5499647,phase_noise,31249980.1,2100.0,3.0,10,31249032.1,-94.80055237
1000000000.0,1146905830.5499647,phase_noise,31249980.1,2100.0,3.0,10,31249033.6,-94.48348236
1000000000.0,1146905830.5499647,phase_noise,31249980.1,2100.0,3.0,10,31249035.1,-94.45576477
1000000000.0,1146905830.5499647,phase_noise,31249980.1,2100.0,3.0,10,31249036.6,-93.111763
1000000000.0,1146905830.5499647,phase_noise,31249980.1,2100.0,3.0,10,31249038.1,-93.32154846
1000000000.0,1146905830.5499647,phase_noise,31249980.1,2100.0,3.0,10,31249039.6,-94.19647217
1000000000.0,1146905830.5499647,phase_noise,31249980.1,2100.0,3.0,10,31249041.1,-92.15640259
1000000000.0,1146905830.5499647,phase_noise,31249980.1,2100.0,3.0,10,31249042.6,-92.98191071
1000000000.0,1146905830.5499647,phase_noise,31249980.1,2100.0,3.0,10,31249044.1,-93.48001099
1000000000.0,1146905830.5499647,phase_noise,31249980.1,2100.0,3.0,10,31249045.6,-93.02440643
1000000000.0,1146905830.5499647,phase_noise,31249980.1,2100.0,3.0,10,31249047.1,-94.72335052
1000000000.0,1146905830.5499647,phase_noise,31249980.1,2100.0,3.0,10,31249048.6,-93.42289734
1000000000.0,1146905830.5499647,phase_noise,31249980.1,2100.0,3.0,10,31249050.1,-93.46722412
1000000000.0,1146905830.5499647,phase_noise,31249980.1,2100.0,3.0,10,31249051.6,-95.42089081
1000000000.0,1146905830.5499647,phase_noise,31249980.1,2100.0,3.0,10,31249053.1,-96.49420166
1000000000.0,1146905830.5499647,phase_noise,31249980.1,2100.0,3.0,10,31249054.6,-95.5846405
1000000000.0,1146905830.5499647,phase_noise,31249980.1,2100.0,3.0,10,31249056.1,-96.77790833
1000000000.0,1146905830.5499647,phase_noise,31249980.1,2100.0,3.0,10,31249057.6,-95.89266205
1000000000.0,1146905830.5499647,phase_noise,31249980.1,2100.0,3.0,10,31249059.1,-93.50013733
1000000000.0,1146905830.5499647,phase_noise,31249980.1,2100.0,3.0,10,31249060.6,-92.79058838
1000000000.0,1146905830.5499647,phase_noise,31249980.1,2100.0,3.0,10,31249062.1,-93.19304657
1000000000.0,1146905830.5499647,phase_noise,31249980.1,2100.0,3.0,10,31249063.6,-90.89916992
1000000000.0,1146905830.5499647,phase_noise,31249980.1,2100.0,3.0,10,31249065.1,-91.25728607
1000000000.0,1146905830.5499647,phase_noise,31249980.1,2100.0,3.0,10,31249066.6,-92.1394577
1000000000.0,1146905830.5499647,phase_noise,31249980.1,2100.0,3.0,10,31249068.1,-92.5390625
1000000000.0,1146905830.5499647,phase_noise,31249980.1,2100.0,3.0,10,31249069.6,-92.33566284
1000000000.0,1146905830.5499647,phase_noise,31249980.1,2100.0,3.0,10,31249071.1,-94.38405609
1000000000.0,1146905830.5499647,phase_noise,31249980.1,2100.0,3.0,10,31249072.6,-90.6911087
1000000000.0,1146905830.5499647,phase_noise,31249980.1,2100.0,3.0,10,31249074.1,-90.57454681
1000000000.0,1146905830.5499647,phase_noise,31249980.1,2100.0,3.0,10,31249075.6,-92.81999207
1000000000.0,1146905830.5499647,phase_noise,31249980.1,2100.0,3.0,10,31249077.1,-94.65454102
1000000000.0,1146905830.5499647,phase_noise,31249980.1,2100.0,3.0,10,31249078.6,-92.82650757
1000000000.0,1146905830.5499647,phase_noise,31249980.1,2100.0,3.0,10,31249080.1,-93.48810577
1000000000.0,1146905830.5499647,phase_noise,31249980.1,2100.0,3.0,10,31249081.6,-96.28754425
1000000000.0,1146905830.5499647,phase_noise,31249980.1,2100.0,3.0,10,31249083.1,-95.41226196
1000000000.0,1146905830.5499647,phase_noise,31249980.1,2100.0,3.0,10,31249084.6,-94.65914154
1000000000.0,1146905830.5499647,phase_noise,31249980.1,2100.0,3.0,10,31249086.1,-95.67623901
1000000000.0,1146905830.5499647,phase_noise,31249980.1,2100.0,3.0,10,31249087.6,-95.15040588
1000000000.0,1146905830.5499647,phase_noise,31249980.1,2100.0,3.0,10,31249089.1,-94.9150238
1000000000.0,1146905830.5499647,phase_noise,31249980.1,2100.0,3.0,10,31249090.6,-94.55027008
1000000000.0,1146905830.5499647,phase_noise,31249980.1,2100.0,3.0,10,31249092.1,-93.15524292
1000000000.0,1146905830.5499647,phase_noise,31249980.1,2100.0,3.0,10,31249093.6,-94.95147705
1000000000.0,1146905830.5499647,phase_noise,31249980.1,2100.0,3.0,10,31249095.1,-95.06454468
1000000000.0,1146905830.5499647,phase_noise,31249980.1,2100.0,3.0,10,31249096.6,-93.06211853
1000000000.0,1146905830.5499647,phase_noise,31249980.1,2100.0,3.0,10,31249098.1,-91.32813263
1000000000.0,1146905830.5499647,phase_noise,31249980.1,2100.0,3.0,10,31249099.6,-92.94634247
1000000000.0,1146905830.5499647,phase_noise,31249980.1,2100.0,3.0,10,31249101.1,-94.65784454
1000000000.0,1146905830.5499647,phase_noise,31249980.1,2100.0,3.0,10,31249102.6,-96.91585541
1000000000.0,1146905830.5499647,phase_noise,31249980.1,2100.0,3.0,10,31249104.1,-94.15485382
1000000000.0,1146905830.5499647,phase_noise,31249980.1,2100.0,3.0,10,31249105.6,-93.82841492
1000000000.0,1146905830.5499647,phase_noise,31249980.1,2100.0,3.0,10,31249107.1,-94.54434967
1000000000.0,1146905830.5499647,phase_noise,31249980.1,2100.0,3.0,10,31249108.6,-93.79811859
1000000000.0,1146905830.5499647,phase_noise,31249980.1,2100.0,3.0,10,31249110.1,-95.15979767
1000000000.0,1146905830.5499647,phase_noise,31249980.1,2100.0,3.0,10,31249111.6,-94.35366058
1000000000.0,1146905830.5499647,phase_noise,31249980.1,2100.0,3.0,10,31249113.1,-93.90606689
1000000000.0,1146905830.5499647,phase_noise,31249980.1,2100.0,3.0,10,31249114.6,-95.27735138
1000000000.0,1146905830.5499647,phase_noise,31249980.1,2100.0,3.0,10,31249116.1,-94.60297394
1000000000.0,1146905830.5499647,phase_noise,31249980.1,2100.0,3.0,10,31249117.6,-95.41765594
1000000000.0,1146905830.5499647,phase_noise,31249980.1,2100.0,3.0,10,31249119.1,-95.31936646
1000000000.0,1146905830.5499647,phase_noise,31249980.1,2100.0,3.0,10,31249120.6,-99.08217621
1000000000.0,1146905830.5499647,phase_noise,31249980.1,2100.0,3.0,10,31249122.1,-95.94646454
1000000000.0,1146905830.5499647,phase_noise,31249980.1,2100.0,3.0,10,31249123.6,-93.04979706
1000000000.0,1146905830.5499647,phase_noise,31249980.1,2100.0,3.0,10,31249125.1,-92.76896667
1000000000.0,1146905830.5499647,phase_noise,31249980.1,2100.0,3.0,10,31249126.6,-94.15661621
1000000000.0,1146905830.5499647,phase_noise,31249980.1,2100.0,3.0,10,31249128.1,-94.99536896
1000000000.0,1146905830.5499647,phase_noise,31249980.1,2100.0,3.0,10,31249129.6,-94.09970093
1000000000.0,1146905830.5499647,phase_noise,31249980.1,2100.0,3.0,10,31249131.1,-94.74274445
1000000000.0,1146905830.5499647,phase_noise,31249980.1,2100.0,3.0,10,31249132.6,-94.6134491
1000000000.0,1146905830.5499647,phase_noise,31249980.1,2100.0,3.0,10,31249134.1,-93.60231018
1000000000.0,1146905830.5499647,phase_noise,31249980.1,2100.0,3.0,10,31249135.6,-94.67795563
1000000000.0,1146905830.5499647,phase_noise,31249980.1,2100.0,3.0,10,31249137.1,-94.0259552
1000000000.0,1146905830.5499647,phase_noise,31249980.1,2100.0,3.0,10,31249138.6,-92.45999908
1000000000.0,1146905830.5499647,phase_noise,31249980.1,2100.0,3.0,10,31249140.1,-91.05488586
1000000000.0,1146905830.5499647,phase_noise,31249980.1,2100.0,3.0,10,31249141.6,-92.03453827
1000000000.0,1146905830.5499647,phase_noise,31249980.1,2100.0,3.0,10,31249143.1,-93.11969757
1000000000.0,1146905830.5499647,phase_noise,31249980.1,2100.0,3.0,10,31249144.6,-98.23756409
1000000000.0,1146905830.5499647,phase_noise,31249980.1,2100.0,3.0,10,31249146.1,-94.82479095
1000000000.0,1146905830.5499647,phase_noise,31249980.1,2100.0,3.0,10,31249147.6,-96.13987732
1000000000.0,1146905830.5499647,phase_noise,31249980.1,2100.0,3.0,10,31249149.1,-95.34627533
1000000000.0,1146905830.5499647,phase_noise,31249980.1,2100.0,3.0,10,31249150.6,-92.25080872
1000000000.0,1146905830.5499647,phase_noise,31249980.1,2100.0,3.0,10,31249152.1,-92.4992218
1000000000.0,1146905830.5499647,phase_noise,31249980.1,2100.0,3.0,10,31249153.6,-94.3923645
1000000000.0,1146905830.5499647,phase_noise,31249980.1,2100.0,3.0,10,31249155.1,-92.19156647
1000000000.0,1146905830.5499647,phase_noise,31249980.1,2100.0,3.0,10,31249156.6,-93.60255432
1000000000.0,1146905830.5499647,phase_noise,31249980.1,2100.0,3.0,10,31249158.1,-93.93904877
1000000000.0,1146905830.5499647,phase_noise,31249980.1,2100.0,3.0,10,31249159.6,-93.16171265
1000000000.0,1146905830.5499647,phase_noise,31249980.1,2100.0,3.0,10,31249161.1,-93.64751434
1000000000.0,1146905830.5499647,phase_noise,31249980.1,2100.0,3.0,10,31249162.6,-93.87902832
1000000000.0,1146905830.5499647,phase_noise,31249980.1,2100.0,3.0,10,31249164.1,-93.46908569
1000000000.0,1146905830.5499647,phase_noise,31249980.1,2100.0,3.0,10,31249165.6,-94.82424927
1000000000.0,1146905830.5499647,phase_noise,31249980.1,2100.0,3.0,10,31249167.1,-95.44268799
1000000000.0,1146905830.5499647,phase_noise,31249980.1,2100.0,3.0,10,31249168.6,-97.28472137
1000000000.0,1146905830.5499647,phase_noise,31249980.1,2100.0,3.0,10,31249170.1,-98.96594238
1000000000.0,1146905830.5499647,phase_noise,31249980.1,2100.0,3.0,10,31249171.6,-98.72027588
1000000000.0,1146905830.5499647,phase_noise,31249980.1,2100.0,3.0,10,31249173.1,-96.1313324
1000000000.0,1146905830.5499647,phase_noise,31249980.1,2100.0,3.0,10,31249174.6,-95.07680511
1000000000.0,1146905830.5499647,phase_noise,31249980.1,2100.0,3.0,10,31249176.1,-94.55472565
1000000000.0,1146905830.5499647,phase_noise,31249980.1,2100.0,3.0,10,31249177.6,-92.5246048
1000000000.0,1146905830.5499647,phase_noise,31249980.1,2100.0,3.0,10,31249179.1,-93.59511566
1000000000.0,1146905830.5499647,phase_noise,31249980.1,2100.0,3.0,10,31249180.6,-97.51145172
1000000000.0,1146905830.5499647,phase_noise,31249980.1,2100.0,3.0,10,31249182.1,-94.79074097
1000000000.0,1146905830.5499647,phase_noise,31249980.1,2100.0,3.0,10,31249183.6,-92.21853638
1000000000.0,1146905830.5499647,phase_noise,31249980.1,2100.0,3.0,10,31249185.1,-90.39116669
1000000000.0,1146905830.5499647,phase_noise,31249980.1,2100.0,3.0,10,31249186.6,-89.96060944
1000000000.0,1146905830.5499647,phase_noise,31249980.1,2100.0,3.0,10,31249188.1,-91.25775146
1000000000.0,1146905830.5499647,phase_noise,31249980.1,2100.0,3.0,10,31249189.6,-94.12238312
1000000000.0,1146905830.5499647,phase_noise,31249980.1,2100.0,3.0,10,31249191.1,-94.17329407
1000000000.0,1146905830.5499647,phase_noise,31249980.1,2100.0,3.0,10,31249192.6,-95.58317566
1000000000.0,1146905830.5499647,phase_noise,31249980.1,2100.0,3.0,10,31249194.1,-96.06185913
1000000000.0,1146905830.5499647,phase_noise,31249980.1,2100.0,3.0,10,31249195.6,-95.65946198
1000000000.0,1146905830.5499647,phase_noise,31249980.1,2100.0,3.0,10,31249197.1,-94.79575348
1000000000.0,1146905830.5499647,phase_noise,31249980.1,2100.0,3.0,10,31249198.6,-94.95005798
1000000000.0,1146905830.5499647,phase_noise,31249980.1,2100.0,3.0,10,31249200.1,-99.21150208
1000000000.0,1146905830.5499647,phase_noise,31249980.1,2100.0,3.0,10,31249201.6,-96.95969391
1000000000.0,1146905830.5499647,phase_noise,31249980.1,2100.0,3.0,10,31249203.1,-93.02909088
1000000000.0,1146905830.5499647,phase_noise,31249980.1,2100.0,3.0,10,31249204.6,-93.4289093
1000000000.0,1146905830.5499647,phase_noise,31249980.1,2100.0,3.0,10,31249206.1,-95.59379578
1000000000.0,1146905830.5499647,phase_noise,31249980.1,2100.0,3.0,10,31249207.6,-98.67260742
1000000000.0,1146905830.5499647,phase_noise,31249980.1,2100.0,3.0,10,31249209.1,-94.84973907
1000000000.0,1146905830.5499647,phase_noise,31249980.1,2100.0,3.0,10,31249210.6,-93.73149872
1000000000.0,1146905830.5499647,phase_noise,31249980.1,2100.0,3.0,10,31249212.1,-94.04936981
1000000000.0,1146905830.5499647,phase_noise,31249980.1,2100.0,3.0,10,31249213.6,-95.78665161
1000000000.0,1146905830.5499647,phase_noise,31249980.1,2100.0,3.0,10,31249215.1,-94.95330048
1000000000.0,1146905830.5499647,phase_noise,31249980.1,2100.0,3.0,10,31249216.6,-95.83442688
1000000000.0,1146905830.5499647,phase_noise,31249980.1,2100.0,3.0,10,31249218.1,-93.67745209
1000000000.0,1146905830.5499647,phase_noise,31249980.1,2100.0,3.0,10,31249219.6,-92.82431793
1000000000.0,1146905830.5499647,phase_noise,31249980.1,2100.0,3.0,10,31249221.1,-93.28623962
1000000000.0,1146905830.5499647,phase_noise,31249980.1,2100.0,3.0,10,31249222.6,-92.82312012
1000000000.0,1146905830.5499647,phase_noise,31249980.1,2100.0,3.0,10,31249224.1,-93.295578
1000000000.0,1146905830.5499647,phase_noise,31249980.1,2100.0,3.0,10,31249225.6,-92.94104767
1000000000.0,1146905830.5499647,phase_noise,31249980.1,2100.0,3.0,10,31249227.1,-93.31278229
1000000000.0,1146905830.5499647,phase_noise,31249980.1,2100.0,3.0,10,31249228.6,-91.95905304
1000000000.0,1146905830.5499647,phase_noise,31249980.1,2100.0,3.0,10,31249230.1,-90.54927826
1000000000.0,1146905830.5499647,phase_noise,31249980.1,2100.0,3.0,10,31249231.6,-91.16107178
1000000000.0,1146905830.5499647,phase_noise,31249980.1,2100.0,3.0,10,31249233.1,-92.07310486
1000000000.0,1146905830.5499647,phase_noise,31249980.1,2100.0,3.0,10,31249234.6,-92.07507324
1000000000.0,1146905830.5499647,phase_noise,31249980.1,2100.0,3.0,10,31249236.1,-93.3662262
1000000000.0,1146905830.5499647,phase_noise,31249980.1,2100.0,3.0,10,31249237.6,-93.55349731
1000000000.0,1146905830.5499647,phase_noise,31249980.1,2100.0,3.0,10,31249239.1,-93.07466125
1000000000.0,1146905830.5499647,phase_noise,31249980.1,2100.0,3.0,10,31249240.6,-95.33560181
1000000000.0,1146905830.5499647,phase_noise,31249980.1,2100.0,3.0,10,31249242.1,-94.9228363
1000000000.0,1146905830.5499647,phase_noise,31249980.1,2100.0,3.0,10,31249243.6,-92.50545502
1000000000.0,1146905830.5499647,phase_noise,31249980.1,2100.0,3.0,10,31249245.1,-92.42220306
1000000000.0,1146905830.5499647,phase_noise,31249980.1,2100.0,3.0,10,31249246.6,-92.86205292
1000000000.0,1146905830.5499647,phase_noise,31249980.1,2100.0,3.0,10,31249248.1,-93.59409332
1000000000.0,1146905830.5499647,phase_noise,31249980.1,2100.0,3.0,10,31249249.6,-94.37290192
1000000000.0,1146905830.5499647,phase_noise,31249980.1,2100.0,3.0,10,31249251.1,-94.50427246
1000000000.0,1146905830.5499647,phase_noise,31249980.1,2100.0,3.0,10,31249252.6,-94.03141785
1000000000.0,1146905830.5499647,phase_noise,31249980.1,2100.0,3.0,10,31249254.1,-95.12736511
1000000000.0,1146905830.5499647,phase_noise,31249980.1,2100.0,3.0,10,31249255.6,-97.33612061
1000000000.0,1146905830.5499647,phase_noise,31249980.1,2100.0,3.0,10,31249257.1,-94.32371521
1000000000.0,1146905830.5499647,phase_noise,31249980.1,2100.0,3.0,10,31249258.6,-93.94594574
1000000000.0,1146905830.5499647,phase_noise,31249980.1,2100.0,3.0,10,31249260.1,-94.8015976
1000000000.0,1146905830.5499647,phase_noise,31249980.1,2100.0,3.0,10,31249261.6,-93.58347321
1000000000.0,1146905830.5499647,phase_noise,31249980.1,2100.0,3.0,10,31249263.1,-92.69303894
1000000000.0,1146905830.5499647,phase_noise,31249980.1,2100.0,3.0,10,31249264.6,-93.08908081
1000000000.0,1146905830.5499647,phase_noise,31249980.1,2100.0,3.0,10,31249266.1,-92.19514465
1000000000.0,1146905830.5499647,phase_noise,31249980.1,2100.0,3.0,10,31249267.6,-95.38745117
1000000000.0,1146905830.5499647,phase_noise,31249980.1,2100.0,3.0,10,31249269.1,-97.51245117
1000000000.0,1146905830.5499647,phase_noise,31249980.1,2100.0,3.0,10,31249270.6,-94.11089325
1000000000.0,1146905830.5499647,phase_noise,31249980.1,2100.0,3.0,10,31249272.1,-91.89245605
1000000000.0,1146905830.5499647,phase_noise,31249980.1,2100.0,3.0,10,31249273.6,-91.34335327
1000000000.0,1146905830.5499647,phase_noise,31249980.1,2100.0,3.0,10,31249275.1,-92.0061264
1000000000.0,1146905830.5499647,phase_noise,31249980.1,2100.0,3.0,10,31249276.6,-92.45217896
1000000000.0,1146905830.5499647,phase_noise,31249980.1,2100.0,3.0,10,31249278.1,-91.36839294
1000000000.0,1146905830.5499647,phase_noise,31249980.1,2100.0,3.0,10,31249279.6,-90.16125488
1000000000.0,1146905830.5499647,phase_noise,31249980.1,2100.0,3.0,10,31249281.1,-90.50050354
1000000000.0,1146905830.5499647,phase_noise,31249980.1,2100.0,3.0,10,31249282.6,-90.71816254
1000000000.0,1146905830.5499647,phase_noise,31249980.1,2100.0,3.0,10,31249284.1,-90.44560242
1000000000.0,1146905830.5499647,phase_noise,31249980.1,2100.0,3.0,10,31249285.6,-91.1372757
1000000000.0,1146905830.5499647,phase_noise,31249980.1,2100.0,3.0,10,31249287.1,-95.30691528
1000000000.0,1146905830.5499647,phase_noise,31249980.1,2100.0,3.0,10,31249288.6,-95.83934021
1000000000.0,1146905830.5499647,phase_noise,31249980.1,2100.0,3.0,10,31249290.1,-93.54734039
1000000000.0,1146905830.5499647,phase_noise,31249980.1,2100.0,3.0,10,31249291.6,-91.79411316
1000000000.0,1146905830.5499647,phase_noise,31249980.1,2100.0,3.0,10,31249293.1,-92.01713562
1000000000.0,1146905830.5499647,phase_noise,31249980.1,2100.0,3.0,10,31249294.6,-92.76657104
1000000000.0,1146905830.5499647,phase_noise,31249980.1,2100.0,3.0,10,31249296.1,-91.97064209
1000000000.0,1146905830.5499647,phase_noise,31249980.1,2100.0,3.0,10,31249297.6,-93.253685
1000000000.0,1146905830.5499647,phase_noise,31249980.1,2100.0,3.0,10,31249299.1,-95.99215698
1000000000.0,1146905830.5499647,phase_noise,31249980.1,2100.0,3.0,10,31249300.6,-92.61220551
1000000000.0,1146905830.5499647,phase_noise,31249980.1,2100.0,3.0,10,31249302.1,-93.53215027
1000000000.0,1146905830.5499647,phase_noise,31249980.1,2100.0,3.0,10,31249303.6,-92.9458313
1000000000.0,1146905830.5499647,phase_noise,31249980.1,2100.0,3.0,10,31249305.1,-91.67726898
1000000000.0,1146905830.5499647,phase_noise,31249980.1,2100.0,3.0,10,31249306.6,-92.37550354
1000000000.0,1146905830.5499647,phase_noise,31249980.1,2100.0,3.0,10,31249308.1,-92.45031738
1000000000.0,1146905830.5499647,phase_noise,31249980.1,2100.0,3.0,10,31249309.6,-92.45478058
1000000000.0,1146905830.5499647,phase_noise,31249980.1,2100.0,3.0,10,31249311.1,-91.39735413
1000000000.0,1146905830.5499647,phase_noise,31249980.1,2100.0,3.0,10,31249312.6,-94.79652405
1000000000.0,1146905830.5499647,phase_noise,31249980.1,2100.0,3.0,10,31249314.1,-93.15739441
1000000000.0,1146905830.5499647,phase_noise,31249980.1,2100.0,3.0,10,31249315.6,-93.47662354
1000000000.0,1146905830.5499647,phase_noise,31249980.1,2100.0,3.0,10,31249317.1,-95.89914703
1000000000.0,1146905830.5499647,phase_noise,31249980.1,2100.0,3.0,10,31249318.6,-95.82421875
1000000000.0,1146905830.5499647,phase_noise,31249980.1,2100.0,3.0,10,31249320.1,-93.63336945
1000000000.0,1146905830.5499647,phase_noise,31249980.1,2100.0,3.0,10,31249321.6,-92.56676483
1000000000.0,1146905830.5499647,phase_noise,31249980.1,2100.0,3.0,10,31249323.1,-93.22662354
1000000000.0,1146905830.5499647,phase_noise,31249980.1,2100.0,3.0,10,31249324.6,-90.65142059
1000000000.0,1146905830.5499647,phase_noise,31249980.1,2100.0,3.0,10,31249326.1,-93.18534088
1000000000.0,1146905830.5499647,phase_noise,31249980.1,2100.0,3.0,10,31249327.6,-93.92514801
1000000000.0,1146905830.5499647,phase_noise,31249980.1,2100.0,3.0,10,31249329.1,-91.01554871
1000000000.0,1146905830.5499647,phase_noise,31249980.1,2100.0,3.0,10,31249330.6,-90.58612823
1000000000.0,1146905830.5499647,phase_noise,31249980.1,2100.0,3.0,10,31249332.1,-91.90939331
1000000000.0,1146905830.5499647,phase_noise,31249980.1,2100.0,3.0,10,31249333.6,-96.19166565
1000000000.0,1146905830.5499647,phase_noise,31249980.1,2100.0,3.0,10,31249335.1,-93.63518524
1000000000.0,1146905830.5499647,phase_noise,31249980.1,2100.0,3.0,10,31249336.6,-95.61697388
1000000000.0,1146905830.5499647,phase_noise,31249980.1,2100.0,3.0,10,31249338.1,-95.64142609
1000000000.0,1146905830.5499647,phase_noise,31249980.1,2100.0,3.0,10,31249339.6,-93.51556396
1000000000.0,1146905830.5499647,phase_noise,31249980.1,2100.0,3.0,10,31249341.1,-92.85460663
1000000000.0,1146905830.5499647,phase_noise,31249980.1,2100.0,3.0,10,31249342.6,-91.0944519
1000000000.0,1146905830.5499647,phase_noise,31249980.1,2100.0,3.0,10,31249344.1,-93.11603546
1000000000.0,1146905830.5499647,phase_noise,31249980.1,2100.0,3.0,10,31249345.6,-92.7744751
1000000000.0,1146905830.5499647,phase_noise,31249980.1,2100.0,3.0,10,31249347.1,-91.59927368
1000000000.0,1146905830.5499647,phase_noise,31249980.1,2100.0,3.0,10,31249348.6,-93.78782654
1000000000.0,1146905830.5499647,phase_noise,31249980.1,2100.0,3.0,10,31249350.1,-92.51178741
1000000000.0,1146905830.5499647,phase_noise,31249980.1,2100.0,3.0,10,31249351.6,-92.94249725
1000000000.0,1146905830.5499647,phase_noise,31249980.1,2100.0,3.0,10,31249353.1,-95.44610596
1000000000.0,1146905830.5499647,phase_noise,31249980.1,2100.0,3.0,10,31249354.6,-95.11142731
1000000000.0,1146905830.5499647,phase_noise,31249980.1,2100.0,3.0,10,31249356.1,-93.86468506
1000000000.0,1146905830.5499647,phase_noise,31249980.1,2100.0,3.0,10,31249357.6,-94.32894897
1000000000.0,1146905830.5499647,phase_noise,31249980.1,2100.0,3.0,10,31249359.1,-96.40892792
1000000000.0,1146905830.5499647,phase_noise,31249980.1,2100.0,3.0,10,31249360.6,-94.36014557
1000000000.0,1146905830.5499647,phase_noise,31249980.1,2100.0,3.0,10,31249362.1,-97.37120056
1000000000.0,1146905830.5499647,phase_noise,31249980.1,2100.0,3.0,10,31249363.6,-93.90131378
1000000000.0,1146905830.5499647,phase_noise,31249980.1,2100.0,3.0,10,31249365.1,-94.89453125
1000000000.0,1146905830.5499647,phase_noise,31249980.1,2100.0,3.0,10,31249366.6,-96.6624527
1000000000.0,1146905830.5499647,phase_noise,31249980.1,2100.0,3.0,10,31249368.1,-96.87574768
1000000000.0,1146905830.5499647,phase_noise,31249980.1,2100.0,3.0,10,31249369.6,-96.98591614
1000000000.0,1146905830.5499647,phase_noise,31249980.1,2100.0,3.0,10,31249371.1,-95.39630127
1000000000.0,1146905830.5499647,phase_noise,31249980.1,2100.0,3.0,10,31249372.6,-94.47550201
1000000000.0,1146905830.5499647,phase_noise,31249980.1,2100.0,3.0,10,31249374.1,-96.90670013
1000000000.0,1146905830.5499647,phase_noise,31249980.1,2100.0,3.0,10,31249375.6,-96.07885742
1000000000.0,1146905830.5499647,phase_noise,31249980.1,2100.0,3.0,10,31249377.1,-91.961586
1000000000.0,1146905830.5499647,phase_noise,31249980.1,2100.0,3.0,10,31249378.6,-87.30155945
1000000000.0,1146905830.5499647,phase_noise,31249980.1,2100.0,3.0,10,31249380.1,-86.57710266
1000000000.0,1146905830.5499647,phase_noise,31249980.1,2100.0,3.0,10,31249381.6,-93.07287598
1000000000.0,1146905830.5499647,phase_noise,31249980.1,2100.0,3.0,10,31249383.1,-97.73108673
1000000000.0,1146905830.5499647,phase_noise,31249980.1,2100.0,3.0,10,31249384.6,-97.81362152
1000000000.0,1146905830.5499647,phase_noise,31249980.1,2100.0,3.0,10,31249386.1,-96.31748962
1000000000.0,1146905830.5499647,phase_noise,31249980.1,2100.0,3.0,10,31249387.6,-94.97268677
1000000000.0,1146905830.5499647,phase_noise,31249980.1,2100.0,3.0,10,31249389.1,-95.87479401
1000000000.0,1146905830.5499647,phase_noise,31249980.1,2100.0,3.0,10,31249390.6,-94.4492569
1000000000.0,1146905830.5499647,phase_noise,31249980.1,2100.0,3.0,10,31249392.1,-93.50480652
1000000000.0,1146905830.5499647,phase_noise,31249980.1,2100.0,3.0,10,31249393.6,-94.8453064
1000000000.0,1146905830.5499647,phase_noise,31249980.1,2100.0,3.0,10,31249395.1,-97.83096313
1000000000.0,1146905830.5499647,phase_noise,31249980.1,2100.0,3.0,10,31249396.6,-94.47759247
1000000000.0,1146905830.5499647,phase_noise,31249980.1,2100.0,3.0,10,31249398.1,-95.84494781
1000000000.0,1146905830.5499647,phase_noise,31249980.1,2100.0,3.0,10,31249399.6,-95.37413025
1000000000.0,1146905830.5499647,phase_noise,31249980.1,2100.0,3.0,10,31249401.1,-96.69255066
1000000000.0,1146905830.5499647,phase_noise,31249980.1,2100.0,3.0,10,31249402.6,-97.19033051
1000000000.0,1146905830.5499647,phase_noise,31249980.1,2100.0,3.0,10,31249404.1,-98.25041199
1000000000.0,1146905830.5499647,phase_noise,31249980.1,2100.0,3.0,10,31249405.6,-95.47802734
1000000000.0,1146905830.5499647,phase_noise,31249980.1,2100.0,3.0,10,31249407.1,-98.35553741
1000000000.0,1146905830.5499647,phase_noise,31249980.1,2100.0,3.0,10,31249408.6,-98.64688873
1000000000.0,1146905830.5499647,phase_noise,31249980.1,2100.0,3.0,10,31249410.1,-93.47262573
1000000000.0,1146905830.5499647,phase_noise,31249980.1,2100.0,3.0,10,31249411.6,-94.00978088
1000000000.0,1146905830.5499647,phase_noise,31249980.1,2100.0,3.0,10,31249413.1,-93.28678894
1000000000.0,1146905830.5499647,phase_noise,31249980.1,2100.0,3.0,10,31249414.6,-92.83966064
1000000000.0,1146905830.5499647,phase_noise,31249980.1,2100.0,3.0,10,31249416.1,-91.36463928
1000000000.0,1146905830.5499647,phase_noise,31249980.1,2100.0,3.0,10,31249417.6,-90.32352448
1000000000.0,1146905830.5499647,phase_noise,31249980.1,2100.0,3.0,10,31249419.1,-87.49269104
1000000000.0,1146905830.5499647,phase_noise,31249980.1,2100.0,3.0,10,31249420.6,-88.70111084
1000000000.0,1146905830.5499647,phase_noise,31249980.1,2100.0,3.0,10,31249422.1,-92.89903259
1000000000.0,1146905830.5499647,phase_noise,31249980.1,2100.0,3.0,10,31249423.6,-95.14570618
1000000000.0,1146905830.5499647,phase_noise,31249980.1,2100.0,3.0,10,31249425.1,-93.78643799
1000000000.0,1146905830.5499647,phase_noise,31249980.1,2100.0,3.0,10,31249426.6,-92.26953125
1000000000.0,1146905830.5499647,phase_noise,31249980.1,2100.0,3.0,10,31249428.1,-91.20904541
1000000000.0,1146905830.5499647,phase_noise,31249980.1,2100.0,3.0,10,31249429.6,-92.25165558
1000000000.0,1146905830.5499647,phase_noise,31249980.1,2100.0,3.0,10,31249431.1,-94.90138245
1000000000.0,1146905830.5499647,phase_noise,31249980.1,2100.0,3.0,10,31249432.6,-93.91107178
1000000000.0,1146905830.5499647,phase_noise,31249980.1,2100.0,3.0,10,31249434.1,-93.93688202
1000000000.0,1146905830.5499647,phase_noise,31249980.1,2100.0,3.0,10,31249435.6,-93.85009766
1000000000.0,1146905830.5499647,phase_noise,31249980.1,2100.0,3.0,10,31249437.1,-95.06985474
1000000000.0,1146905830.5499647,phase_noise,31249980.1,2100.0,3.0,10,31249438.6,-97.21251678
1000000000.0,1146905830.5499647,phase_noise,31249980.1,2100.0,3.0,10,31249440.1,-96.15126038
1000000000.0,1146905830.5499647,phase_noise,31249980.1,2100.0,3.0,10,31249441.6,-94.11776733
1000000000.0,1146905830.5499647,phase_noise,31249980.1,2100.0,3.0,10,31249443.1,-93.21843719
1000000000.0,1146905830.5499647,phase_noise,31249980.1,2100.0,3.0,10,31249444.6,-94.12271118
1000000000.0,1146905830.5499647,phase_noise,31249980.1,2100.0,3.0,10,31249446.1,-93.56628418
1000000000.0,1146905830.5499647,phase_noise,31249980.1,2100.0,3.0,10,31249447.6,-93.40106201
1000000000.0,1146905830.5499647,phase_noise,31249980.1,2100.0,3.0,10,31249449.1,-92.61375427
1000000000.0,1146905830.5499647,phase_noise,31249980.1,2100.0,3.0,10,31249450.6,-95.81037903
1000000000.0,1146905830.5499647,phase_noise,31249980.1,2100.0,3.0,10,31249452.1,-95.67844391
1000000000.0,1146905830.5499647,phase_noise,31249980.1,2100.0,3.0,10,31249453.6,-93.33813477
1000000000.0,1146905830.5499647,phase_noise,31249980.1,2100.0,3.0,10,31249455.1,-93.00457764
1000000000.0,1146905830.5499647,phase_noise,31249980.1,2100.0,3.0,10,31249456.6,-93.03502655
1000000000.0,1146905830.5499647,phase_noise,31249980.1,2100.0,3.0,10,31249458.1,-94.49156189
1000000000.0,1146905830.5499647,phase_noise,31249980.1,2100.0,3.0,10,31249459.6,-94.57556152
1000000000.0,1146905830.5499647,phase_noise,31249980.1,2100.0,3.0,10,31249461.1,-95.01146698
1000000000.0,1146905830.5499647,phase_noise,31249980.1,2100.0,3.0,10,31249462.6,-92.85818481
1000000000.0,1146905830.5499647,phase_noise,31249980.1,2100.0,3.0,10,31249464.1,-92.95504761
1000000000.0,1146905830.5499647,phase_noise,31249980.1,2100.0,3.0,10,31249465.6,-92.12359619
1000000000.0,1146905830.5499647,phase_noise,31249980.1,2100.0,3.0,10,31249467.1,-90.53825378
1000000000.0,1146905830.5499647,phase_noise,31249980.1,2100.0,3.0,10,31249468.6,-90.51128387
1000000000.0,1146905830.5499647,phase_noise,31249980.1,2100.0,3.0,10,31249470.1,-90.9311676
1000000000.0,1146905830.5499647,phase_noise,31249980.1,2100.0,3.0,10,31249471.6,-93.05089569
1000000000.0,1146905830.5499647,phase_noise,31249980.1,2100.0,3.0,10,31249473.1,-97.55828094
1000000000.0,1146905830.5499647,phase_noise,31249980.1,2100.0,3.0,10,31249474.6,-97.70409393
1000000000.0,1146905830.5499647,phase_noise,31249980.1,2100.0,3.0,10,31249476.1,-90.94104004
1000000000.0,1146905830.5499647,phase_noise,31249980.1,2100.0,3.0,10,31249477.6,-79.27539825
1000000000.0,1146905830.5499647,phase_noise,31249980.1,2100.0,3.0,10,31249479.1,-73.50886536
1000000000.0,1146905830.5499647,phase_noise,31249980.1,2100.0,3.0,10,31249480.6,-74.307724
1000000000.0,1146905830.5499647,phase_noise,31249980.1,2100.0,3.0,10,31249482.1,-81.50187683
1000000000.0,1146905830.5499647,phase_noise,31249980.1,2100.0,3.0,10,31249483.6,-91.93524933
1000000000.0,1146905830.5499647,phase_noise,31249980.1,2100.0,3.0,10,31249485.1,-94.4210968
1000000000.0,1146905830.5499647,phase_noise,31249980.1,2100.0,3.0,10,31249486.6,-93.98101044
1000000000.0,1146905830.5499647,phase_noise,31249980.1,2100.0,3.0,10,31249488.1,-94.165802
1000000000.0,1146905830.5499647,phase_noise,31249980.1,2100.0,3.0,10,31249489.6,-96.16449738
1000000000.0,1146905830.5499647,phase_noise,31249980.1,2100.0,3.0,10,31249491.1,-94.78404999
1000000000.0,1146905830.5499647,phase_noise,31249980.1,2100.0,3.0,10,31249492.6,-94.07008362
1000000000.0,1146905830.5499647,phase_noise,31249980.1,2100.0,3.0,10,31249494.1,-93.80710602
1000000000.0,1146905830.5499647,phase_noise,31249980.1,2100.0,3.0,10,31249495.6,-96.10977173
1000000000.0,1146905830.5499647,phase_noise,31249980.1,2100.0,3.0,10,31249497.1,-93.26976776
1000000000.0,1146905830.5499647,phase_noise,31249980.1,2100.0,3.0,10,31249498.6,-92.55870819
1000000000.0,1146905830.5499647,phase_noise,31249980.1,2100.0,3.0,10,31249500.1,-94.28304291
1000000000.0,1146905830.5499647,phase_noise,31249980.1,2100.0,3.0,10,31249501.6,-95.25177765
1000000000.0,1146905830.5499647,phase_noise,31249980.1,2100.0,3.0,10,31249503.1,-94.12245941
1000000000.0,1146905830.5499647,phase_noise,31249980.1,2100.0,3.0,10,31249504.6,-92.47293091
1000000000.0,1146905830.5499647,phase_noise,31249980.1,2100.0,3.0,10,31249506.1,-93.48183441
1000000000.0,1146905830.5499647,phase_noise,31249980.1,2100.0,3.0,10,31249507.6,-94.92337036
1000000000.0,1146905830.5499647,phase_noise,31249980.1,2100.0,3.0,10,31249509.1,-96.37193298
1000000000.0,1146905830.5499647,phase_noise,31249980.1,2100.0,3.0,10,31249510.6,-94.59039307
1000000000.0,1146905830.5499647,phase_noise,31249980.1,2100.0,3.0,10,31249512.1,-92.59786987
1000000000.0,1146905830.5499647,phase_noise,31249980.1,2100.0,3.0,10,31249513.6,-91.55967712
1000000000.0,1146905830.5499647,phase_noise,31249980.1,2100.0,3.0,10,31249515.1,-91.21341705
1000000000.0,1146905830.5499647,phase_noise,31249980.1,2100.0,3.0,10,31249516.6,-91.42103577
1000000000.0,1146905830.5499647,phase_noise,31249980.1,2100.0,3.0,10,31249518.1,-94.76620483
1000000000.0,1146905830.5499647,phase_noise,31249980.1,2100.0,3.0,10,31249519.6,-93.22810364
1000000000.0,1146905830.5499647,phase_noise,31249980.1,2100.0,3.0,10,31249521.1,-97.12374878
1000000000.0,1146905830.5499647,phase_noise,31249980.1,2100.0,3.0,10,31249522.6,-98.12265778
1000000000.0,1146905830.5499647,phase_noise,31249980.1,2100.0,3.0,10,31249524.1,-94.85169983
1000000000.0,1146905830.5499647,phase_noise,31249980.1,2100.0,3.0,10,31249525.6,-96.57628632
1000000000.0,1146905830.5499647,phase_noise,31249980.1,2100.0,3.0,10,31249527.1,-96.12937927
1000000000.0,1146905830.5499647,phase_noise,31249980.1,2100.0,3.0,10,31249528.6,-96.21595001
1000000000.0,1146905830.5499647,phase_noise,31249980.1,2100.0,3.0,10,31249530.1,-93.72740173
1000000000.0,1146905830.5499647,phase_noise,31249980.1,2100.0,3.0,10,31249531.6,-93.258255
1000000000.0,1146905830.5499647,phase_noise,31249980.1,2100.0,3.0,10,31249533.1,-94.37789917
1000000000.0,1146905830.5499647,phase_noise,31249980.1,2100.0,3.0,10,31249534.6,-95.70954895
1000000000.0,1146905830.5499647,phase_noise,31249980.1,2100.0,3.0,10,31249536.1,-97.30331421
1000000000.0,1146905830.5499647,phase_noise,31249980.1,2100.0,3.0,10,31249537.6,-95.10106659
1000000000.0,1146905830.5499647,phase_noise,31249980.1,2100.0,3.0,10,31249539.1,-94.23477173
1000000000.0,1146905830.5499647,phase_noise,31249980.1,2100.0,3.0,10,31249540.6,-90.88308716
1000000000.0,1146905830.5499647,phase_noise,31249980.1,2100.0,3.0,10,31249542.1,-91.62441254
1000000000.0,1146905830.5499647,phase_noise,31249980.1,2100.0,3.0,10,31249543.6,-93.48386383
1000000000.0,1146905830.5499647,phase_noise,31249980.1,2100.0,3.0,10,31249545.1,-94.47686005
1000000000.0,1146905830.5499647,phase_noise,31249980.1,2100.0,3.0,10,31249546.6,-94.60668182
1000000000.0,1146905830.5499647,phase_noise,31249980.1,2100.0,3.0,10,31249548.1,-95.29193115
1000000000.0,1146905830.5499647,phase_noise,31249980.1,2100.0,3.0,10,31249549.6,-92.24729919
1000000000.0,1146905830.5499647,phase_noise,31249980.1,2100.0,3.0,10,31249551.1,-92.09512329
1000000000.0,1146905830.5499647,phase_noise,31249980.1,2100.0,3.0,10,31249552.6,-91.88859558
1000000000.0,1146905830.5499647,phase_noise,31249980.1,2100.0,3.0,10,31249554.1,-94.1340332
1000000000.0,1146905830.5499647,phase_noise,31249980.1,2100.0,3.0,10,31249555.6,-93.09047699
1000000000.0,1146905830.5499647,phase_noise,31249980.1,2100.0,3.0,10,31249557.1,-93.98570251
1000000000.0,1146905830.5499647,phase_noise,31249980.1,2100.0,3.0,10,31249558.6,-92.45752716
1000000000.0,1146905830.5499647,phase_noise,31249980.1,2100.0,3.0,10,31249560.1,-90.57385254
1000000000.0,1146905830.5499647,phase_noise,31249980.1,2100.0,3.0,10,31249561.6,-92.6590271
1000000000.0,1146905830.5499647,phase_noise,31249980.1,2100.0,3.0,10,31249563.1,-94.85224915
1000000000.0,1146905830.5499647,phase_noise,31249980.1,2100.0,3.0,10,31249564.6,-92.85536194
1000000000.0,1146905830.5499647,phase_noise,31249980.1,2100.0,3.0,10,31249566.1,-95.15490723
1000000000.0,1146905830.5499647,phase_noise,31249980.1,2100.0,3.0,10,31249567.6,-93.94759369
1000000000.0,1146905830.5499647,phase_noise,31249980.1,2100.0,3.0,10,31249569.1,-94.14363098
1000000000.0,1146905830.5499647,phase_noise,31249980.1,2100.0,3.0,10,31249570.6,-92.97468567
1000000000.0,1146905830.5499647,phase_noise,31249980.1,2100.0,3.0,10,31249572.1,-94.19940186
1000000000.0,1146905830.5499647,phase_noise,31249980.1,2100.0,3.0,10,31249573.6,-94.1027298
1000000000.0,1146905830.5499647,phase_noise,31249980.1,2100.0,3.0,10,31249575.1,-93.32358551
1000000000.0,1146905830.5499647,phase_noise,31249980.1,2100.0,3.0,10,31249576.6,-90.47078705
1000000000.0,1146905830.5499647,phase_noise,31249980.1,2100.0,3.0,10,31249578.1,-86.82849121
1000000000.0,1146905830.5499647,phase_noise,31249980.1,2100.0,3.0,10,31249579.6,-85.20669556
1000000000.0,1146905830.5499647,phase_noise,31249980.1,2100.0,3.0,10,31249581.1,-87.58518219
1000000000.0,1146905830.5499647,phase_noise,31249980.1,2100.0,3.0,10,31249582.6,-92.68045044
1000000000.0,1146905830.5499647,phase_noise,31249980.1,2100.0,3.0,10,31249584.1,-92.62879181
1000000000.0,1146905830.5499647,phase_noise,31249980.1,2100.0,3.0,10,31249585.6,-93.39979553
1000000000.0,1146905830.5499647,phase_noise,31249980.1,2100.0,3.0,10,31249587.1,-93.97554779
1000000000.0,1146905830.5499647,phase_noise,31249980.1,2100.0,3.0,10,31249588.6,-96.20301819
1000000000.0,1146905830.5499647,phase_noise,31249980.1,2100.0,3.0,10,31249590.1,-94.00074768
1000000000.0,1146905830.5499647,phase_noise,31249980.1,2100.0,3.0,10,31249591.6,-94.56516266
1000000000.0,1146905830.5499647,phase_noise,31249980.1,2100.0,3.0,10,31249593.1,-96.43173218
1000000000.0,1146905830.5499647,phase_noise,31249980.1,2100.0,3.0,10,31249594.6,-93.26016998
1000000000.0,1146905830.5499647,phase_noise,31249980.1,2100.0,3.0,10,31249596.1,-91.79043579
1000000000.0,1146905830.5499647,phase_noise,31249980.1,2100.0,3.0,10,31249597.6,-93.60578918
1000000000.0,1146905830.5499647,phase_noise,31249980.1,2100.0,3.0,10,31249599.1,-91.11941528
1000000000.0,1146905830.5499647,phase_noise,31249980.1,2100.0,3.0,10,31249600.6,-92.04426575
1000000000.0,1146905830.5499647,phase_noise,31249980.1,2100.0,3.0,10,31249602.1,-93.22914124
1000000000.0,1146905830.5499647,phase_noise,31249980.1,2100.0,3.0,10,31249603.6,-93.73277283
1000000000.0,1146905830.5499647,phase_noise,31249980.1,2100.0,3.0,10,31249605.1,-94.29998016
1000000000.0,1146905830.5499647,phase_noise,31249980.1,2100.0,3.0,10,31249606.6,-94.16235352
1000000000.0,1146905830.5499647,phase_noise,31249980.1,2100.0,3.0,10,31249608.1,-92.13359833
1000000000.0,1146905830.5499647,phase_noise,31249980.1,2100.0,3.0,10,31249609.6,-92.76248169
1000000000.0,1146905830.5499647,phase_noise,31249980.1,2100.0,3.0,10,31249611.1,-88.81474304
1000000000.0,1146905830.5499647,phase_noise,31249980.1,2100.0,3.0,10,31249612.6,-83.8608551
1000000000.0,1146905830.5499647,phase_noise,31249980.1,2100.0,3.0,10,31249614.1,-80.57732391
1000000000.0,1146905830.5499647,phase_noise,31249980.1,2100.0,3.0,10,31249615.6,-80.71994019
1000000000.0,1146905830.5499647,phase_noise,31249980.1,2100.0,3.0,10,31249617.1,-82.74354553
1000000000.0,1146905830.5499647,phase_noise,31249980.1,2100.0,3.0,10,31249618.6,-87.81758118
1000000000.0,1146905830.5499647,phase_noise,31249980.1,2100.0,3.0,10,31249620.1,-90.50022125
1000000000.0,1146905830.5499647,phase_noise,31249980.1,2100.0,3.0,10,31249621.6,-92.99887848
1000000000.0,1146905830.5499647,phase_noise,31249980.1,2100.0,3.0,10,31249623.1,-93.48830414
1000000000.0,1146905830.5499647,phase_noise,31249980.1,2100.0,3.0,10,31249624.6,-94.94300842
1000000000.0,1146905830.5499647,phase_noise,31249980.1,2100.0,3.0,10,31249626.1,-93.90525818
1000000000.0,1146905830.5499647,phase_noise,31249980.1,2100.0,3.0,10,31249627.6,-93.416008
1000000000.0,1146905830.5499647,phase_noise,31249980.1,2100.0,3.0,10,31249629.1,-96.68267059
1000000000.0,1146905830.5499647,phase_noise,31249980.1,2100.0,3.0,10,31249630.6,-96.21931458
1000000000.0,1146905830.5499647,phase_noise,31249980.1,2100.0,3.0,10,31249632.1,-96.18177032
1000000000.0,1146905830.5499647,phase_noise,31249980.1,2100.0,3.0,10,31249633.6,-97.15070343
1000000000.0,1146905830.5499647,phase_noise,31249980.1,2100.0,3.0,10,31249635.1,-95.25341034
1000000000.0,1146905830.5499647,phase_noise,31249980.1,2100.0,3.0,10,31249636.6,-94.76356506
1000000000.0,1146905830.5499647,phase_noise,31249980.1,2100.0,3.0,10,31249638.1,-95.49943542
1000000000.0,1146905830.5499647,phase_noise,31249980.1,2100.0,3.0,10,31249639.6,-93.87671661
1000000000.0,1146905830.5499647,phase_noise,31249980.1,2100.0,3.0,10,31249641.1,-94.47654724
1000000000.0,1146905830.5499647,phase_noise,31249980.1,2100.0,3.0,10,31249642.6,-93.2004776
1000000000.0,1146905830.5499647,phase_noise,31249980.1,2100.0,3.0,10,31249644.1,-93.35188293
1000000000.0,1146905830.5499647,phase_noise,31249980.1,2100.0,3.0,10,31249645.6,-92.68103027
1000000000.0,1146905830.5499647,phase_noise,31249980.1,2100.0,3.0,10,31249647.1,-91.74758911
1000000000.0,1146905830.5499647,phase_noise,31249980.1,2100.0,3.0,10,31249648.6,-93.09733582
1000000000.0,1146905830.5499647,phase_noise,31249980.1,2100.0,3.0,10,31249650.1,-92.70877838
1000000000.0,1146905830.5499647,phase_noise,31249980.1,2100.0,3.0,10,31249651.6,-89.57362366
1000000000.0,1146905830.5499647,phase_noise,31249980.1,2100.0,3.0,10,31249653.1,-88.07414246
1000000000.0,1146905830.5499647,phase_noise,31249980.1,2100.0,3.0,10,31249654.6,-86.00177765
1000000000.0,1146905830.5499647,phase_noise,31249980.1,2100.0,3.0,10,31249656.1,-87.7175827
1000000000.0,1146905830.5499647,phase_noise,31249980.1,2100.0,3.0,10,31249657.6,-90.16360474
1000000000.0,1146905830.5499647,phase_noise,31249980.1,2100.0,3.0,10,31249659.1,-91.1455307
1000000000.0,1146905830.5499647,phase_noise,31249980.1,2100.0,3.0,10,31249660.6,-93.43499756
1000000000.0,1146905830.5499647,phase_noise,31249980.1,2100.0,3.0,10,31249662.1,-92.90792084
1000000000.0,1146905830.5499647,phase_noise,31249980.1,2100.0,3.0,10,31249663.6,-94.09539795
1000000000.0,1146905830.5499647,phase_noise,31249980.1,2100.0,3.0,10,31249665.1,-95.03105164
1000000000.0,1146905830.5499647,phase_noise,31249980.1,2100.0,3.0,10,31249666.6,-95.74630737
1000000000.0,1146905830.5499647,phase_noise,31249980.1,2100.0,3.0,10,31249668.1,-96.83074951
1000000000.0,1146905830.5499647,phase_noise,31249980.1,2100.0,3.0,10,31249669.6,-94.30658722
1000000000.0,1146905830.5499647,phase_noise,31249980.1,2100.0,3.0,10,31249671.1,-93.58878326
1000000000.0,1146905830.5499647,phase_noise,31249980.1,2100.0,3.0,10,31249672.6,-91.85771179
1000000000.0,1146905830.5499647,phase_noise,31249980.1,2100.0,3.0,10,31249674.1,-93.81303406
1000000000.0,1146905830.5499647,phase_noise,31249980.1,2100.0,3.0,10,31249675.6,-93.95231628
1000000000.0,1146905830.5499647,phase_noise,31249980.1,2100.0,3.0,10,31249677.1,-88.95650482
1000000000.0,1146905830.5499647,phase_noise,31249980.1,2100.0,3.0,10,31249678.6,-83.37991333
1000000000.0,1146905830.5499647,phase_noise,31249980.1,2100.0,3.0,10,31249680.1,-81.5567627
1000000000.0,1146905830.5499647,phase_noise,31249980.1,2100.0,3.0,10,31249681.6,-85.85652924
1000000000.0,1146905830.5499647,phase_noise,31249980.1,2100.0,3.0,10,31249683.1,-95.61539459
1000000000.0,1146905830.5499647,phase_noise,31249980.1,2100.0,3.0,10,31249684.6,-93.89569092
1000000000.0,1146905830.5499647,phase_noise,31249980.1,2100.0,3.0,10,31249686.1,-90.49117279
1000000000.0,1146905830.5499647,phase_noise,31249980.1,2100.0,3.0,10,31249687.6,-90.45126343
1000000000.0,1146905830.5499647,phase_noise,31249980.1,2100.0,3.0,10,31249689.1,-91.34008789
1000000000.0,1146905830.5499647,phase_noise,31249980.1,2100.0,3.0,10,31249690.6,-96.05990601
1000000000.0,1146905830.5499647,phase_noise,31249980.1,2100.0,3.0,10,31249692.1,-98.53355408
1000000000.0,1146905830.5499647,phase_noise,31249980.1,2100.0,3.0,10,31249693.6,-95.71426392
1000000000.0,1146905830.5499647,phase_noise,31249980.1,2100.0,3.0,10,31249695.1,-91.52511597
1000000000.0,1146905830.5499647,phase_noise,31249980.1,2100.0,3.0,10,31249696.6,-89.36853027
1000000000.0,1146905830.5499647,phase_noise,31249980.1,2100.0,3.0,10,31249698.1,-89.02419281
1000000000.0,1146905830.5499647,phase_noise,31249980.1,2100.0,3.0,10,31249699.6,-91.7930603
1000000000.0,1146905830.5499647,phase_noise,31249980.1,2100.0,3.0,10,31249701.1,-91.99903107
1000000000.0,1146905830.5499647,phase_noise,31249980.1,2100.0,3.0,10,31249702.6,-92.89136505
1000000000.0,1146905830.5499647,phase_noise,31249980.1,2100.0,3.0,10,31249704.1,-95.51734924
1000000000.0,1146905830.5499647,phase_noise,31249980.1,2100.0,3.0,10,31249705.6,-96.68847656
1000000000.0,1146905830.5499647,phase_noise,31249980.1,2100.0,3.0,10,31249707.1,-95.77468109
1000000000.0,1146905830.5499647,phase_noise,31249980.1,2100.0,3.0,10,31249708.6,-94.5651474
1000000000.0,1146905830.5499647,phase_noise,31249980.1,2100.0,3.0,10,31249710.1,-91.33358765
1000000000.0,1146905830.5499647,phase_noise,31249980.1,2100.0,3.0,10,31249711.6,-90.65232086
1000000000.0,1146905830.5499647,phase_noise,31249980.1,2100.0,3.0,10,31249713.1,-92.25404358
1000000000.0,1146905830.5499647,phase_noise,31249980.1,2100.0,3.0,10,31249714.6,-92.55451202
1000000000.0,1146905830.5499647,phase_noise,31249980.1,2100.0,3.0,10,31249716.1,-93.46482086
1000000000.0,1146905830.5499647,phase_noise,31249980.1,2100.0,3.0,10,31249717.6,-94.12008667
1000000000.0,1146905830.5499647,phase_noise,31249980.1,2100.0,3.0,10,31249719.1,-94.0192337
1000000000.0,1146905830.5499647,phase_noise,31249980.1,2100.0,3.0,10,31249720.6,-92.26835632
1000000000.0,1146905830.5499647,phase_noise,31249980.1,2100.0,3.0,10,31249722.1,-92.7098999
1000000000.0,1146905830.5499647,phase_noise,31249980.1,2100.0,3.0,10,31249723.6,-95.25574493
1000000000.0,1146905830.5499647,phase_noise,31249980.1,2100.0,3.0,10,31249725.1,-94.21055603
1000000000.0,1146905830.5499647,phase_noise,31249980.1,2100.0,3.0,10,31249726.6,-93.99338531
1000000000.0,1146905830.5499647,phase_noise,31249980.1,2100.0,3.0,10,31249728.1,-93.19108582
1000000000.0,1146905830.5499647,phase_noise,31249980.1,2100.0,3.0,10,31249729.6,-95.37760162
1000000000.0,1146905830.5499647,phase_noise,31249980.1,2100.0,3.0,10,31249731.1,-93.92922211
1000000000.0,1146905830.5499647,phase_noise,31249980.1,2100.0,3.0,10,31249732.6,-92.74044037
1000000000.0,1146905830.5499647,phase_noise,31249980.1,2100.0,3.0,10,31249734.1,-93.02122498
1000000000.0,1146905830.5499647,phase_noise,31249980.1,2100.0,3.0,10,31249735.6,-93.00944519
1000000000.0,1146905830.5499647,phase_noise,31249980.1,2100.0,3.0,10,31249737.1,-92.45810699
1000000000.0,1146905830.5499647,phase_noise,31249980.1,2100.0,3.0,10,31249738.6,-91.5271225
1000000000.0,1146905830.5499647,phase_noise,31249980.1,2100.0,3.0,10,31249740.1,-92.22037506
1000000000.0,1146905830.5499647,phase_noise,31249980.1,2100.0,3.0,10,31249741.6,-95.02989197
1000000000.0,1146905830.5499647,phase_noise,31249980.1,2100.0,3.0,10,31249743.1,-94.02194214
1000000000.0,1146905830.5499647,phase_noise,31249980.1,2100.0,3.0,10,31249744.6,-88.64098358
1000000000.0,1146905830.5499647,phase_noise,31249980.1,2100.0,3.0,10,31249746.1,-83.87832642
1000000000.0,1146905830.5499647,phase_noise,31249980.1,2100.0,3.0,10,31249747.6,-83.7328186
1000000000.0,1146905830.5499647,phase_noise,31249980.1,2100.0,3.0,10,31249749.1,-89.1391449
1000000000.0,1146905830.5499647,phase_noise,31249980.1,2100.0,3.0,10,31249750.6,-83.17486572
1000000000.0,1146905830.5499647,phase_noise,31249980.1,2100.0,3.0,10,31249752.1,-81.25113678
1000000000.0,1146905830.5499647,phase_noise,31249980.1,2100.0,3.0,10,31249753.6,-87.1322403
1000000000.0,1146905830.5499647,phase_noise,31249980.1,2100.0,3.0,10,31249755.1,-91.95494843
1000000000.0,1146905830.5499647,phase_noise,31249980.1,2100.0,3.0,10,31249756.6,-94.78187561
1000000000.0,1146905830.5499647,phase_noise,31249980.1,2100.0,3.0,10,31249758.1,-92.5092392
1000000000.0,1146905830.5499647,phase_noise,31249980.1,2100.0,3.0,10,31249759.6,-92.11327362
1000000000.0,1146905830.5499647,phase_noise,31249980.1,2100.0,3.0,10,31249761.1,-92.67966461
1000000000.0,1146905830.5499647,phase_noise,31249980.1,2100.0,3.0,10,31249762.6,-93.96169281
1000000000.0,1146905830.5499647,phase_noise,31249980.1,2100.0,3.0,10,31249764.1,-95.18301392
1000000000.0,1146905830.5499647,phase_noise,31249980.1,2100.0,3.0,10,31249765.6,-93.3515625
1000000000.0,1146905830.5499647,phase_noise,31249980.1,2100.0,3.0,10,31249767.1,-92.63012695
1000000000.0,1146905830.5499647,phase_noise,31249980.1,2100.0,3.0,10,31249768.6,-96.49456024
1000000000.0,1146905830.5499647,phase_noise,31249980.1,2100.0,3.0,10,31249770.1,-92.92929077
1000000000.0,1146905830.5499647,phase_noise,31249980.1,2100.0,3.0,10,31249771.6,-92.1424408
1000000000.0,1146905830.5499647,phase_noise,31249980.1,2100.0,3.0,10,31249773.1,-93.74853516
1000000000.0,1146905830.5499647,phase_noise,31249980.1,2100.0,3.0,10,31249774.6,-95.27497101
1000000000.0,1146905830.5499647,phase_noise,31249980.1,2100.0,3.0,10,31249776.1,-92.55958557
1000000000.0,1146905830.5499647,phase_noise,31249980.1,2100.0,3.0,10,31249777.6,-89.64625549
1000000000.0,1146905830.5499647,phase_noise,31249980.1,2100.0,3.0,10,31249779.1,-84.05062103
1000000000.0,1146905830.5499647,phase_noise,31249980.1,2100.0,3.0,10,31249780.6,-83.89904022
1000000000.0,1146905830.5499647,phase_noise,31249980.1,2100.0,3.0,10,31249782.1,-87.73581696
1000000000.0,1146905830.5499647,phase_noise,31249980.1,2100.0,3.0,10,31249783.6,-91.88516235
1000000000.0,1146905830.5499647,phase_noise,31249980.1,2100.0,3.0,10,31249785.1,-95.7411499
1000000000.0,1146905830.5499647,phase_noise,31249980.1,2100.0,3.0,10,31249786.6,-97.00605011
1000000000.0,1146905830.5499647,phase_noise,31249980.1,2100.0,3.0,10,31249788.1,-93.98712158
1000000000.0,1146905830.5499647,phase_noise,31249980.1,2100.0,3.0,10,31249789.6,-93.72802734
1000000000.0,1146905830.5499647,phase_noise,31249980.1,2100.0,3.0,10,31249791.1,-94.30979919
1000000000.0,1146905830.5499647,phase_noise,31249980.1,2100.0,3.0,10,31249792.6,-92.89904785
1000000000.0,1146905830.5499647,phase_noise,31249980.1,2100.0,3.0,10,31249794.1,-91.69606781
1000000000.0,1146905830.5499647,phase_noise,31249980.1,2100.0,3.0,10,31249795.6,-92.50074005
1000000000.0,1146905830.5499647,phase_noise,31249980.1,2100.0,3.0,10,31249797.1,-91.55662537
1000000000.0,1146905830.5499647,phase_noise,31249980.1,2100.0,3.0,10,31249798.6,-91.8416748
1000000000.0,1146905830.5499647,phase_noise,31249980.1,2100.0,3.0,10,31249800.1,-92.57675934
1000000000.0,1146905830.5499647,phase_noise,31249980.1,2100.0,3.0,10,31249801.6,-94.23414612
1000000000.0,1146905830.5499647,phase_noise,31249980.1,2100.0,3.0,10,31249803.1,-98.70851135
1000000000.0,1146905830.5499647,phase_noise,31249980.1,2100.0,3.0,10,31249804.6,-94.07643127
1000000000.0,1146905830.5499647,phase_noise,31249980.1,2100.0,3.0,10,31249806.1,-91.78871155
1000000000.0,1146905830.5499647,phase_noise,31249980.1,2100.0,3.0,10,31249807.6,-91.44193268
1000000000.0,1146905830.5499647,phase_noise,31249980.1,2100.0,3.0,10,31249809.1,-96.56265259
1000000000.0,1146905830.5499647,phase_noise,31249980.1,2100.0,3.0,10,31249810.6,-94.60042572
1000000000.0,1146905830.5499647,phase_noise,31249980.1,2100.0,3.0,10,31249812.1,-93.65950775
1000000000.0,1146905830.5499647,phase_noise,31249980.1,2100.0,3.0,10,31249813.6,-94.9342041
1000000000.0,1146905830.5499647,phase_noise,31249980.1,2100.0,3.0,10,31249815.1,-94.72891235
1000000000.0,1146905830.5499647,phase_noise,31249980.1,2100.0,3.0,10,31249816.6,-91.1151886
1000000000.0,1146905830.5499647,phase_noise,31249980.1,2100.0,3.0,10,31249818.1,-91.5118103
1000000000.0,1146905830.5499647,phase_noise,31249980.1,2100.0,3.0,10,31249819.6,-91.99446106
1000000000.0,1146905830.5499647,phase_noise,31249980.1,2100.0,3.0,10,31249821.1,-91.838974
1000000000.0,1146905830.5499647,phase_noise,31249980.1,2100.0,3.0,10,31249822.6,-92.67182922
1000000000.0,1146905830.5499647,phase_noise,31249980.1,2100.0,3.0,10,31249824.1,-95.84299469
1000000000.0,1146905830.5499647,phase_noise,31249980.1,2100.0,3.0,10,31249825.6,-95.92642212
1000000000.0,1146905830.5499647,phase_noise,31249980.1,2100.0,3.0,10,31249827.1,-93.60683441
1000000000.0,1146905830.5499647,phase_noise,31249980.1,2100.0,3.0,10,31249828.6,-92.82240295
1000000000.0,1146905830.5499647,phase_noise,31249980.1,2100.0,3.0,10,31249830.1,-92.70397949
1000000000.0,1146905830.5499647,phase_noise,31249980.1,2100.0,3.0,10,31249831.6,-94.03858185
1000000000.0,1146905830.5499647,phase_noise,31249980.1,2100.0,3.0,10,31249833.1,-96.61656952
1000000000.0,1146905830.5499647,phase_noise,31249980.1,2100.0,3.0,10,31249834.6,-94.03856659
1000000000.0,1146905830.5499647,phase_noise,31249980.1,2100.0,3.0,10,31249836.1,-93.76732635
1000000000.0,1146905830.5499647,phase_noise,31249980.1,2100.0,3.0,10,31249837.6,-94.11569977
1000000000.0,1146905830.5499647,phase_noise,31249980.1,2100.0,3.0,10,31249839.1,-93.51558685
1000000000.0,1146905830.5499647,phase_noise,31249980.1,2100.0,3.0,10,31249840.6,-93.56308746
1000000000.0,1146905830.5499647,phase_noise,31249980.1,2100.0,3.0,10,31249842.1,-92.91381836
1000000000.0,1146905830.5499647,phase_noise,31249980.1,2100.0,3.0,10,31249843.6,-93.32797241
1000000000.0,1146905830.5499647,phase_noise,31249980.1,2100.0,3.0,10,31249845.1,-94.73204041
1000000000.0,1146905830.5499647,phase_noise,31249980.1,2100.0,3.0,10,31249846.6,-93.563797
1000000000.0,1146905830.5499647,phase_noise,31249980.1,2100.0,3.0,10,31249848.1,-93.53727722
1000000000.0,1146905830.5499647,phase_noise,31249980.1,2100.0,3.0,10,31249849.6,-92.70063782
1000000000.0,1146905830.5499647,phase_noise,31249980.1,2100.0,3.0,10,31249851.1,-92.50440216
1000000000.0,1146905830.5499647,phase_noise,31249980.1,2100.0,3.0,10,31249852.6,-92.79162598
1000000000.0,1146905830.5499647,phase_noise,31249980.1,2100.0,3.0,10,31249854.1,-90.10984039
1000000000.0,1146905830.5499647,phase_noise,31249980.1,2100.0,3.0,10,31249855.6,-89.25457764
1000000000.0,1146905830.5499647,phase_noise,31249980.1,2100.0,3.0,10,31249857.1,-91.51094818
1000000000.0,1146905830.5499647,phase_noise,31249980.1,2100.0,3.0,10,31249858.6,-93.30200195
1000000000.0,1146905830.5499647,phase_noise,31249980.1,2100.0,3.0,10,31249860.1,-94.20032501
1000000000.0,1146905830.5499647,phase_noise,31249980.1,2100.0,3.0,10,31249861.6,-93.28408813
1000000000.0,1146905830.5499647,phase_noise,31249980.1,2100.0,3.0,10,31249863.1,-93.16226196
1000000000.0,1146905830.5499647,phase_noise,31249980.1,2100.0,3.0,10,31249864.6,-91.30049896
1000000000.0,1146905830.5499647,phase_noise,31249980.1,2100.0,3.0,10,31249866.1,-92.99516296
1000000000.0,1146905830.5499647,phase_noise,31249980.1,2100.0,3.0,10,31249867.6,-94.07928467
1000000000.0,1146905830.5499647,phase_noise,31249980.1,2100.0,3.0,10,31249869.1,-93.75215912
1000000000.0,1146905830.5499647,phase_noise,31249980.1,2100.0,3.0,10,31249870.6,-91.10943604
1000000000.0,1146905830.5499647,phase_noise,31249980.1,2100.0,3.0,10,31249872.1,-90.94467163
1000000000.0,1146905830.5499647,phase_noise,31249980.1,2100.0,3.0,10,31249873.6,-94.1078186
1000000000.0,1146905830.5499647,phase_noise,31249980.1,2100.0,3.0,10,31249875.1,-94.9414444
1000000000.0,1146905830.5499647,phase_noise,31249980.1,2100.0,3.0,10,31249876.6,-93.60352325
1000000000.0,1146905830.5499647,phase_noise,31249980.1,2100.0,3.0,10,31249878.1,-90.38593292
1000000000.0,1146905830.5499647,phase_noise,31249980.1,2100.0,3.0,10,31249879.6,-89.2363205
1000000000.0,1146905830.5499647,phase_noise,31249980.1,2100.0,3.0,10,31249881.1,-91.76387024
1000000000.0,1146905830.5499647,phase_noise,31249980.1,2100.0,3.0,10,31249882.6,-91.28077698
1000000000.0,1146905830.5499647,phase_noise,31249980.1,2100.0,3.0,10,31249884.1,-91.96701813
1000000000.0,1146905830.5499647,phase_noise,31249980.1,2100.0,3.0,10,31249885.6,-93.00370026
1000000000.0,1146905830.5499647,phase_noise,31249980.1,2100.0,3.0,10,31249887.1,-95.63096619
1000000000.0,1146905830.5499647,phase_noise,31249980.1,2100.0,3.0,10,31249888.6,-93.23758698
1000000000.0,1146905830.5499647,phase_noise,31249980.1,2100.0,3.0,10,31249890.1,-94.0839386
1000000000.0,1146905830.5499647,phase_noise,31249980.1,2100.0,3.0,10,31249891.6,-97.03787231
1000000000.0,1146905830.5499647,phase_noise,31249980.1,2100.0,3.0,10,31249893.1,-92.24639893
1000000000.0,1146905830.5499647,phase_noise,31249980.1,2100.0,3.0,10,31249894.6,-89.4897995
1000000000.0,1146905830.5499647,phase_noise,31249980.1,2100.0,3.0,10,31249896.1,-88.93074036
1000000000.0,1146905830.5499647,phase_noise,31249980.1,2100.0,3.0,10,31249897.6,-89.5956955
1000000000.0,1146905830.5499647,phase_noise,31249980.1,2100.0,3.0,10,31249899.1,-91.31946564
1000000000.0,1146905830.5499647,phase_noise,31249980.1,2100.0,3.0,10,31249900.6,-91.76286316
1000000000.0,1146905830.5499647,phase_noise,31249980.1,2100.0,3.0,10,31249902.1,-91.09191132
1000000000.0,1146905830.5499647,phase_noise,31249980.1,2100.0,3.0,10,31249903.6,-90.74740601
1000000000.0,1146905830.5499647,phase_noise,31249980.1,2100.0,3.0,10,31249905.1,-92.98879242
1000000000.0,1146905830.5499647,phase_noise,31249980.1,2100.0,3.0,10,31249906.6,-93.10430145
1000000000.0,1146905830.5499647,phase_noise,31249980.1,2100.0,3.0,10,31249908.1,-92.31151581
1000000000.0,1146905830.5499647,phase_noise,31249980.1,2100.0,3.0,10,31249909.6,-90.92032623
1000000000.0,1146905830.5499647,phase_noise,31249980.1,2100.0,3.0,10,31249911.1,-89.12329102
1000000000.0,1146905830.5499647,phase_noise,31249980.1,2100.0,3.0,10,31249912.6,-89.99712372
1000000000.0,1146905830.5499647,phase_noise,31249980.1,2100.0,3.0,10,31249914.1,-91.12304687
1000000000.0,1146905830.5499647,phase_noise,31249980.1,2100.0,3.0,10,31249915.6,-92.51062012
1000000000.0,1146905830.5499647,phase_noise,31249980.1,2100.0,3.0,10,31249917.1,-90.99246979
1000000000.0,1146905830.5499647,phase_noise,31249980.1,2100.0,3.0,10,31249918.6,-90.04185486
1000000000.0,1146905830.5499647,phase_noise,31249980.1,2100.0,3.0,10,31249920.1,-88.20075226
1000000000.0,1146905830.5499647,phase_noise,31249980.1,2100.0,3.0,10,31249921.6,-89.18658447
1000000000.0,1146905830.5499647,phase_noise,31249980.1,2100.0,3.0,10,31249923.1,-92.25424957
1000000000.0,1146905830.5499647,phase_noise,31249980.1,2100.0,3.0,10,31249924.6,-90.60090637
1000000000.0,1146905830.5499647,phase_noise,31249980.1,2100.0,3.0,10,31249926.1,-92.25547791
1000000000.0,1146905830.5499647,phase_noise,31249980.1,2100.0,3.0,10,31249927.6,-92.22923279
1000000000.0,1146905830.5499647,phase_noise,31249980.1,2100.0,3.0,10,31249929.1,-87.86105347
1000000000.0,1146905830.5499647,phase_noise,31249980.1,2100.0,3.0,10,31249930.6,-86.86915588
1000000000.0,1146905830.5499647,phase_noise,31249980.1,2100.0,3.0,10,31249932.1,-89.590065
1000000000.0,1146905830.5499647,phase_noise,31249980.1,2100.0,3.0,10,31249933.6,-93.51825714
1000000000.0,1146905830.5499647,phase_noise,31249980.1,2100.0,3.0,10,31249935.1,-92.19976807
1000000000.0,1146905830.5499647,phase_noise,31249980.1,2100.0,3.0,10,31249936.6,-89.56344604
1000000000.0,1146905830.5499647,phase_noise,31249980.1,2100.0,3.0,10,31249938.1,-90.49630737
1000000000.0,1146905830.5499647,phase_noise,31249980.1,2100.0,3.0,10,31249939.6,-91.4984436
1000000000.0,1146905830.5499647,phase_noise,31249980.1,2100.0,3.0,10,31249941.1,-91.52658081
1000000000.0,1146905830.5499647,phase_noise,31249980.1,2100.0,3.0,10,31249942.6,-89.53296661
1000000000.0,1146905830.5499647,phase_noise,31249980.1,2100.0,3.0,10,31249944.1,-88.14498901
1000000000.0,1146905830.5499647,phase_noise,31249980.1,2100.0,3.0,10,31249945.6,-89.75317383
1000000000.0,1146905830.5499647,phase_noise,31249980.1,2100.0,3.0,10,31249947.1,-92.35337067
1000000000.0,1146905830.5499647,phase_noise,31249980.1,2100.0,3.0,10,31249948.6,-92.45639038
1000000000.0,1146905830.5499647,phase_noise,31249980.1,2100.0,3.0,10,31249950.1,-92.36682129
1000000000.0,1146905830.5499647,phase_noise,31249980.1,2100.0,3.0,10,31249951.6,-91.02973175
1000000000.0,1146905830.5499647,phase_noise,31249980.1,2100.0,3.0,10,31249953.1,-92.32608795
1000000000.0,1146905830.5499647,phase_noise,31249980.1,2100.0,3.0,10,31249954.6,-90.99404144
1000000000.0,1146905830.5499647,phase_noise,31249980.1,2100.0,3.0,10,31249956.1,-90.17735291
1000000000.0,1146905830.5499647,phase_noise,31249980.1,2100.0,3.0,10,31249957.6,-90.60649872
1000000000.0,1146905830.5499647,phase_noise,31249980.1,2100.0,3.0,10,31249959.1,-91.80142212
1000000000.0,1146905830.5499647,phase_noise,31249980.1,2100.0,3.0,10,31249960.6,-88.91008759
1000000000.0,1146905830.5499647,phase_noise,31249980.1,2100.0,3.0,10,31249962.1,-86.36527252
1000000000.0,1146905830.5499647,phase_noise,31249980.1,2100.0,3.0,10,31249963.6,-86.14785767
1000000000.0,1146905830.5499647,phase_noise,31249980.1,2100.0,3.0,10,31249965.1,-86.22769165
1000000000.0,1146905830.5499647,phase_noise,31249980.1,2100.0,3.0,10,31249966.6,-87.46205902
1000000000.0,1146905830.5499647,phase_noise,31249980.1,2100.0,3.0,10,31249968.1,-83.94154358
1000000000.0,1146905830.5499647,phase_noise,31249980.1,2100.0,3.0,10,31249969.6,-85.19184113
1000000000.0,1146905830.5499647,phase_noise,31249980.1,2100.0,3.0,10,31249971.1,-84.06301117
1000000000.0,1146905830.5499647,phase_noise,31249980.1,2100.0,3.0,10,31249972.6,-79.36909485
1000000000.0,1146905830.5499647,phase_noise,31249980.1,2100.0,3.0,10,31249974.1,-70.77432251
1000000000.0,1146905830.5499647,phase_noise,31249980.1,2100.0,3.0,10,31249975.6,-31.1757412
1000000000.0,1146905830.5499647,phase_noise,31249980.1,2100.0,3.0,10,31249977.1,-13.29078007
1000000000.0,1146905830.5499647,phase_noise,31249980.1,2100.0,3.0,10,31249978.6,-4.251244068
1000000000.0,1146905830.5499647,phase_noise,31249980.1,2100.0,3.0,10,31249980.1,-1.701417804
1000000000.0,1146905830.5499647,phase_noise,31249980.1,2100.0,3.0,10,31249981.6,-5.143578053
1000000000.0,1146905830.5499647,phase_noise,31249980.1,2100.0,3.0,10,31249983.1,-15.25688171
1000000000.0,1146905830.5499647,phase_noise,31249980.1,2100.0,3.0,10,31249984.6,-34.83362198
1000000000.0,1146905830.5499647,phase_noise,31249980.1,2100.0,3.0,10,31249986.1,-75.15377808
1000000000.0,1146905830.5499647,phase_noise,31249980.1,2100.0,3.0,10,31249987.6,-81.28399658
1000000000.0,1146905830.5499647,phase_noise,31249980.1,2100.0,3.0,10,31249989.1,-87.09715271
1000000000.0,1146905830.5499647,phase_noise,31249980.1,2100.0,3.0,10,31249990.6,-89.06873322
1000000000.0,1146905830.5499647,phase_noise,31249980.1,2100.0,3.0,10,31249992.1,-85.30123138
1000000000.0,1146905830.5499647,phase_noise,31249980.1,2100.0,3.0,10,31249993.6,-87.35063934
1000000000.0,1146905830.5499647,phase_noise,31249980.1,2100.0,3.0,10,31249995.1,-87.05277252
1000000000.0,1146905830.5499647,phase_noise,31249980.1,2100.0,3.0,10,31249996.6,-87.63247681
1000000000.0,1146905830.5499647,phase_noise,31249980.1,2100.0,3.0,10,31249998.1,-87.64903259
1000000000.0,1146905830.5499647,phase_noise,31249980.1,2100.0,3.0,10,31249999.6,-89.54151917
1000000000.0,1146905830.5499647,phase_noise,31249980.1,2100.0,3.0,10,31250001.1,-90.55316925
1000000000.0,1146905830.5499647,phase_noise,31249980.1,2100.0,3.0,10,31250002.6,-90.76753998
1000000000.0,1146905830.5499647,phase_noise,31249980.1,2100.0,3.0,10,31250004.1,-89.94028473
1000000000.0,1146905830.5499647,phase_noise,31249980.1,2100.0,3.0,10,31250005.6,-90.83874512
1000000000.0,1146905830.5499647,phase_noise,31249980.1,2100.0,3.0,10,31250007.1,-90.61767578
1000000000.0,1146905830.5499647,phase_noise,31249980.1,2100.0,3.0,10,31250008.6,-90.9679184
1000000000.0,1146905830.5499647,phase_noise,31249980.1,2100.0,3.0,10,31250010.1,-90.5275116
1000000000.0,1146905830.5499647,phase_noise,31249980.1,2100.0,3.0,10,31250011.6,-91.78084564
1000000000.0,1146905830.5499647,phase_noise,31249980.1,2100.0,3.0,10,31250013.1,-91.79328156
1000000000.0,1146905830.5499647,phase_noise,31249980.1,2100.0,3.0,10,31250014.6,-91.1519165
1000000000.0,1146905830.5499647,phase_noise,31249980.1,2100.0,3.0,10,31250016.1,-88.57740784
1000000000.0,1146905830.5499647,phase_noise,31249980.1,2100.0,3.0,10,31250017.6,-89.78539276
1000000000.0,1146905830.5499647,phase_noise,31249980.1,2100.0,3.0,10,31250019.1,-91.64787292
1000000000.0,1146905830.5499647,phase_noise,31249980.1,2100.0,3.0,10,31250020.6,-90.18022919
1000000000.0,1146905830.5499647,phase_noise,31249980.1,2100.0,3.0,10,31250022.1,-90.24291229
1000000000.0,1146905830.5499647,phase_noise,31249980.1,2100.0,3.0,10,31250023.6,-92.87218475
1000000000.0,1146905830.5499647,phase_noise,31249980.1,2100.0,3.0,10,31250025.1,-93.88684082
1000000000.0,1146905830.5499647,phase_noise,31249980.1,2100.0,3.0,10,31250026.6,-90.95520782
1000000000.0,1146905830.5499647,phase_noise,31249980.1,2100.0,3.0,10,31250028.1,-90.84420776
1000000000.0,1146905830.5499647,phase_noise,31249980.1,2100.0,3.0,10,31250029.6,-89.90511322
1000000000.0,1146905830.5499647,phase_noise,31249980.1,2100.0,3.0,10,31250031.1,-89.59619141
1000000000.0,1146905830.5499647,phase_noise,31249980.1,2100.0,3.0,10,31250032.6,-91.4654541
1000000000.0,1146905830.5499647,phase_noise,31249980.1,2100.0,3.0,10,31250034.1,-94.40145111
1000000000.0,1146905830.5499647,phase_noise,31249980.1,2100.0,3.0,10,31250035.6,-92.42927551
1000000000.0,1146905830.5499647,phase_noise,31249980.1,2100.0,3.0,10,31250037.1,-91.83713531
1000000000.0,1146905830.5499647,phase_noise,31249980.1,2100.0,3.0,10,31250038.6,-90.50844574
1000000000.0,1146905830.5499647,phase_noise,31249980.1,2100.0,3.0,10,31250040.1,-88.82893372
1000000000.0,1146905830.5499647,phase_noise,31249980.1,2100.0,3.0,10,31250041.6,-90.24456787
1000000000.0,1146905830.5499647,phase_noise,31249980.1,2100.0,3.0,10,31250043.1,-91.83739471
1000000000.0,1146905830.5499647,phase_noise,31249980.1,2100.0,3.0,10,31250044.6,-90.28514862
1000000000.0,1146905830.5499647,phase_noise,31249980.1,2100.0,3.0,10,31250046.1,-91.45844269
1000000000.0,1146905830.5499647,phase_noise,31249980.1,2100.0,3.0,10,31250047.6,-92.27453613
1000000000.0,1146905830.5499647,phase_noise,31249980.1,2100.0,3.0,10,31250049.1,-90.9262085
1000000000.0,1146905830.5499647,phase_noise,31249980.1,2100.0,3.0,10,31250050.6,-90.13223267
1000000000.0,1146905830.5499647,phase_noise,31249980.1,2100.0,3.0,10,31250052.1,-91.83213043
1000000000.0,1146905830.5499647,phase_noise,31249980.1,2100.0,3.0,10,31250053.6,-97.54450989
1000000000.0,1146905830.5499647,phase_noise,31249980.1,2100.0,3.0,10,31250055.1,-93.68865967
1000000000.0,1146905830.5499647,phase_noise,31249980.1,2100.0,3.0,10,31250056.6,-89.84432983
1000000000.0,1146905830.5499647,phase_noise,31249980.1,2100.0,3.0,10,31250058.1,-90.15171814
1000000000.0,1146905830.5499647,phase_noise,31249980.1,2100.0,3.0,10,31250059.6,-92.9425354
1000000000.0,1146905830.5499647,phase_noise,31249980.1,2100.0,3.0,10,31250061.1,-92.4474411
1000000000.0,1146905830.5499647,phase_noise,31249980.1,2100.0,3.0,10,31250062.6,-91.05599213
1000000000.0,1146905830.5499647,phase_noise,31249980.1,2100.0,3.0,10,31250064.1,-90.99934387
1000000000.0,1146905830.5499647,phase_noise,31249980.1,2100.0,3.0,10,31250065.6,-93.31207275
1000000000.0,1146905830.5499647,phase_noise,31249980.1,2100.0,3.0,10,31250067.1,-92.73135376
1000000000.0,1146905830.5499647,phase_noise,31249980.1,2100.0,3.0,10,31250068.6,-95.66094208
1000000000.0,1146905830.5499647,phase_noise,31249980.1,2100.0,3.0,10,31250070.1,-92.26379395
1000000000.0,1146905830.5499647,phase_noise,31249980.1,2100.0,3.0,10,31250071.6,-92.27941132
1000000000.0,1146905830.5499647,phase_noise,31249980.1,2100.0,3.0,10,31250073.1,-96.11296082
1000000000.0,1146905830.5499647,phase_noise,31249980.1,2100.0,3.0,10,31250074.6,-92.3993454
1000000000.0,1146905830.5499647,phase_noise,31249980.1,2100.0,3.0,10,31250076.1,-91.72686005
1000000000.0,1146905830.5499647,phase_noise,31249980.1,2100.0,3.0,10,31250077.6,-92.21598816
1000000000.0,1146905830.5499647,phase_noise,31249980.1,2100.0,3.0,10,31250079.1,-92.51437378
1000000000.0,1146905830.5499647,phase_noise,31249980.1,2100.0,3.0,10,31250080.6,-89.27062988
1000000000.0,1146905830.5499647,phase_noise,31249980.1,2100.0,3.0,10,31250082.1,-89.69514465
1000000000.0,1146905830.5499647,phase_noise,31249980.1,2100.0,3.0,10,31250083.6,-92.61384583
1000000000.0,1146905830.5499647,phase_noise,31249980.1,2100.0,3.0,10,31250085.1,-93.81699371
1000000000.0,1146905830.5499647,phase_noise,31249980.1,2100.0,3.0,10,31250086.6,-94.7686615
1000000000.0,1146905830.5499647,phase_noise,31249980.1,2100.0,3.0,10,31250088.1,-90.64468384
1000000000.0,1146905830.5499647,phase_noise,31249980.1,2100.0,3.0,10,31250089.6,-89.92276001
1000000000.0,1146905830.5499647,phase_noise,31249980.1,2100.0,3.0,10,31250091.1,-92.50447083
1000000000.0,1146905830.5499647,phase_noise,31249980.1,2100.0,3.0,10,31250092.6,-93.18774414
1000000000.0,1146905830.5499647,phase_noise,31249980.1,2100.0,3.0,10,31250094.1,-91.51221466
1000000000.0,1146905830.5499647,phase_noise,31249980.1,2100.0,3.0,10,31250095.6,-92.67696381
1000000000.0,1146905830.5499647,phase_noise,31249980.1,2100.0,3.0,10,31250097.1,-93.61352539
1000000000.0,1146905830.5499647,phase_noise,31249980.1,2100.0,3.0,10,31250098.6,-96.61148071
1000000000.0,1146905830.5499647,phase_noise,31249980.1,2100.0,3.0,10,31250100.1,-92.90909576
1000000000.0,1146905830.5499647,phase_noise,31249980.1,2100.0,3.0,10,31250101.6,-92.82795715
1000000000.0,1146905830.5499647,phase_noise,31249980.1,2100.0,3.0,10,31250103.1,-91.19322205
1000000000.0,1146905830.5499647,phase_noise,31249980.1,2100.0,3.0,10,31250104.6,-89.98099518
1000000000.0,1146905830.5499647,phase_noise,31249980.1,2100.0,3.0,10,31250106.1,-92.87374115
1000000000.0,1146905830.5499647,phase_noise,31249980.1,2100.0,3.0,10,31250107.6,-92.64392853
1000000000.0,1146905830.5499647,phase_noise,31249980.1,2100.0,3.0,10,31250109.1,-93.47080231
1000000000.0,1146905830.5499647,phase_noise,31249980.1,2100.0,3.0,10,31250110.6,-93.25357056
1000000000.0,1146905830.5499647,phase_noise,31249980.1,2100.0,3.0,10,31250112.1,-91.63645172
1000000000.0,1146905830.5499647,phase_noise,31249980.1,2100.0,3.0,10,31250113.6,-92.46840668
1000000000.0,1146905830.5499647,phase_noise,31249980.1,2100.0,3.0,10,31250115.1,-92.86197662
1000000000.0,1146905830.5499647,phase_noise,31249980.1,2100.0,3.0,10,31250116.6,-93.13005066
1000000000.0,1146905830.5499647,phase_noise,31249980.1,2100.0,3.0,10,31250118.1,-92.94525909
1000000000.0,1146905830.5499647,phase_noise,31249980.1,2100.0,3.0,10,31250119.6,-94.04253387
1000000000.0,1146905830.5499647,phase_noise,31249980.1,2100.0,3.0,10,31250121.1,-93.12427521
1000000000.0,1146905830.5499647,phase_noise,31249980.1,2100.0,3.0,10,31250122.6,-95.63239288
1000000000.0,1146905830.5499647,phase_noise,31249980.1,2100.0,3.0,10,31250124.1,-93.29772186
1000000000.0,1146905830.5499647,phase_noise,31249980.1,2100.0,3.0,10,31250125.6,-93.62555695
1000000000.0,1146905830.5499647,phase_noise,31249980.1,2100.0,3.0,10,31250127.1,-93.55130005
1000000000.0,1146905830.5499647,phase_noise,31249980.1,2100.0,3.0,10,31250128.6,-94.9508667
1000000000.0,1146905830.5499647,phase_noise,31249980.1,2100.0,3.0,10,31250130.1,-92.33364868
1000000000.0,1146905830.5499647,phase_noise,31249980.1,2100.0,3.0,10,31250131.6,-91.37016296
1000000000.0,1146905830.5499647,phase_noise,31249980.1,2100.0,3.0,10,31250133.1,-94.6280365
1000000000.0,1146905830.5499647,phase_noise,31249980.1,2100.0,3.0,10,31250134.6,-97.77584076
1000000000.0,1146905830.5499647,phase_noise,31249980.1,2100.0,3.0,10,31250136.1,-97.44630432
1000000000.0,1146905830.5499647,phase_noise,31249980.1,2100.0,3.0,10,31250137.6,-93.22518158
1000000000.0,1146905830.5499647,phase_noise,31249980.1,2100.0,3.0,10,31250139.1,-92.14762878
1000000000.0,1146905830.5499647,phase_noise,31249980.1,2100.0,3.0,10,31250140.6,-92.28870392
1000000000.0,1146905830.5499647,phase_noise,31249980.1,2100.0,3.0,10,31250142.1,-93.55231476
1000000000.0,1146905830.5499647,phase_noise,31249980.1,2100.0,3.0,10,31250143.6,-93.29550171
1000000000.0,1146905830.5499647,phase_noise,31249980.1,2100.0,3.0,10,31250145.1,-94.08429718
1000000000.0,1146905830.5499647,phase_noise,31249980.1,2100.0,3.0,10,31250146.6,-94.58338928
1000000000.0,1146905830.5499647,phase_noise,31249980.1,2100.0,3.0,10,31250148.1,-93.66784668
1000000000.0,1146905830.5499647,phase_noise,31249980.1,2100.0,3.0,10,31250149.6,-93.07945251
1000000000.0,1146905830.5499647,phase_noise,31249980.1,2100.0,3.0,10,31250151.1,-94.72234344
1000000000.0,1146905830.5499647,phase_noise,31249980.1,2100.0,3.0,10,31250152.6,-97.24806976
1000000000.0,1146905830.5499647,phase_noise,31249980.1,2100.0,3.0,10,31250154.1,-95.14476776
1000000000.0,1146905830.5499647,phase_noise,31249980.1,2100.0,3.0,10,31250155.6,-95.92580414
1000000000.0,1146905830.5499647,phase_noise,31249980.1,2100.0,3.0,10,31250157.1,-95.77532959
1000000000.0,1146905830.5499647,phase_noise,31249980.1,2100.0,3.0,10,31250158.6,-96.19578552
1000000000.0,1146905830.5499647,phase_noise,31249980.1,2100.0,3.0,10,31250160.1,-94.36222839
1000000000.0,1146905830.5499647,phase_noise,31249980.1,2100.0,3.0,10,31250161.6,-93.9980545
1000000000.0,1146905830.5499647,phase_noise,31249980.1,2100.0,3.0,10,31250163.1,-92.07517242
1000000000.0,1146905830.5499647,phase_noise,31249980.1,2100.0,3.0,10,31250164.6,-91.78663635
1000000000.0,1146905830.5499647,phase_noise,31249980.1,2100.0,3.0,10,31250166.1,-92.82971191
1000000000.0,1146905830.5499647,phase_noise,31249980.1,2100.0,3.0,10,31250167.6,-94.32881927
1000000000.0,1146905830.5499647,phase_noise,31249980.1,2100.0,3.0,10,31250169.1,-93.15654755
1000000000.0,1146905830.5499647,phase_noise,31249980.1,2100.0,3.0,10,31250170.6,-93.08345032
1000000000.0,1146905830.5499647,phase_noise,31249980.1,2100.0,3.0,10,31250172.1,-93.16670227
1000000000.0,1146905830.5499647,phase_noise,31249980.1,2100.0,3.0,10,31250173.6,-94.29375458
1000000000.0,1146905830.5499647,phase_noise,31249980.1,2100.0,3.0,10,31250175.1,-91.72515869
1000000000.0,1146905830.5499647,phase_noise,31249980.1,2100.0,3.0,10,31250176.6,-90.40930939
1000000000.0,1146905830.5499647,phase_noise,31249980.1,2100.0,3.0,10,31250178.1,-89.24785614
1000000000.0,1146905830.5499647,phase_noise,31249980.1,2100.0,3.0,10,31250179.6,-84.63263702
1000000000.0,1146905830.5499647,phase_noise,31249980.1,2100.0,3.0,10,31250181.1,-86.15918732
1000000000.0,1146905830.5499647,phase_noise,31249980.1,2100.0,3.0,10,31250182.6,-88.78910828
1000000000.0,1146905830.5499647,phase_noise,31249980.1,2100.0,3.0,10,31250184.1,-91.25495911
1000000000.0,1146905830.5499647,phase_noise,31249980.1,2100.0,3.0,10,31250185.6,-91.83150482
1000000000.0,1146905830.5499647,phase_noise,31249980.1,2100.0,3.0,10,31250187.1,-92.92440796
1000000000.0,1146905830.5499647,phase_noise,31249980.1,2100.0,3.0,10,31250188.6,-91.40351105
1000000000.0,1146905830.5499647,phase_noise,31249980.1,2100.0,3.0,10,31250190.1,-92.86842346
1000000000.0,1146905830.5499647,phase_noise,31249980.1,2100.0,3.0,10,31250191.6,-95.71893311
1000000000.0,1146905830.5499647,phase_noise,31249980.1,2100.0,3.0,10,31250193.1,-92.41969299
1000000000.0,1146905830.5499647,phase_noise,31249980.1,2100.0,3.0,10,31250194.6,-95.98405457
1000000000.0,1146905830.5499647,phase_noise,31249980.1,2100.0,3.0,10,31250196.1,-93.68587494
1000000000.0,1146905830.5499647,phase_noise,31249980.1,2100.0,3.0,10,31250197.6,-93.73126221
1000000000.0,1146905830.5499647,phase_noise,31249980.1,2100.0,3.0,10,31250199.1,-97.15092468
1000000000.0,1146905830.5499647,phase_noise,31249980.1,2100.0,3.0,10,31250200.6,-95.08796692
1000000000.0,1146905830.5499647,phase_noise,31249980.1,2100.0,3.0,10,31250202.1,-96.42154694
1000000000.0,1146905830.5499647,phase_noise,31249980.1,2100.0,3.0,10,31250203.6,-91.24364471
1000000000.0,1146905830.5499647,phase_noise,31249980.1,2100.0,3.0,10,31250205.1,-91.42042542
1000000000.0,1146905830.5499647,phase_noise,31249980.1,2100.0,3.0,10,31250206.6,-84.69930267
1000000000.0,1146905830.5499647,phase_noise,31249980.1,2100.0,3.0,10,31250208.1,-81.0531311
1000000000.0,1146905830.5499647,phase_noise,31249980.1,2100.0,3.0,10,31250209.6,-83.69306183
1000000000.0,1146905830.5499647,phase_noise,31249980.1,2100.0,3.0,10,31250211.1,-87.70962524
1000000000.0,1146905830.5499647,phase_noise,31249980.1,2100.0,3.0,10,31250212.6,-83.75750732
1000000000.0,1146905830.5499647,phase_noise,31249980.1,2100.0,3.0,10,31250214.1,-85.33262634
1000000000.0,1146905830.5499647,phase_noise,31249980.1,2100.0,3.0,10,31250215.6,-91.00661469
1000000000.0,1146905830.5499647,phase_noise,31249980.1,2100.0,3.0,10,31250217.1,-92.47373962
1000000000.0,1146905830.5499647,phase_noise,31249980.1,2100.0,3.0,10,31250218.6,-91.96388245
1000000000.0,1146905830.5499647,phase_noise,31249980.1,2100.0,3.0,10,31250220.1,-90.83526611
1000000000.0,1146905830.5499647,phase_noise,31249980.1,2100.0,3.0,10,31250221.6,-91.37365723
1000000000.0,1146905830.5499647,phase_noise,31249980.1,2100.0,3.0,10,31250223.1,-93.2066803
1000000000.0,1146905830.5499647,phase_noise,31249980.1,2100.0,3.0,10,31250224.6,-92.71572876
1000000000.0,1146905830.5499647,phase_noise,31249980.1,2100.0,3.0,10,31250226.1,-92.0501709
1000000000.0,1146905830.5499647,phase_noise,31249980.1,2100.0,3.0,10,31250227.6,-92.68119812
1000000000.0,1146905830.5499647,phase_noise,31249980.1,2100.0,3.0,10,31250229.1,-94.17553711
1000000000.0,1146905830.5499647,phase_noise,31249980.1,2100.0,3.0,10,31250230.6,-96.46321106
1000000000.0,1146905830.5499647,phase_noise,31249980.1,2100.0,3.0,10,31250232.1,-94.12300873
1000000000.0,1146905830.5499647,phase_noise,31249980.1,2100.0,3.0,10,31250233.6,-92.88633728
1000000000.0,1146905830.5499647,phase_noise,31249980.1,2100.0,3.0,10,31250235.1,-93.72198486
1000000000.0,1146905830.5499647,phase_noise,31249980.1,2100.0,3.0,10,31250236.6,-96.6855011
1000000000.0,1146905830.5499647,phase_noise,31249980.1,2100.0,3.0,10,31250238.1,-93.21541595
1000000000.0,1146905830.5499647,phase_noise,31249980.1,2100.0,3.0,10,31250239.6,-91.87005615
1000000000.0,1146905830.5499647,phase_noise,31249980.1,2100.0,3.0,10,31250241.1,-95.25688934
1000000000.0,1146905830.5499647,phase_noise,31249980.1,2100.0,3.0,10,31250242.6,-95.2971344
1000000000.0,1146905830.5499647,phase_noise,31249980.1,2100.0,3.0,10,31250244.1,-95.40994263
1000000000.0,1146905830.5499647,phase_noise,31249980.1,2100.0,3.0,10,31250245.6,-93.35519409
1000000000.0,1146905830.5499647,phase_noise,31249980.1,2100.0,3.0,10,31250247.1,-93.53134155
1000000000.0,1146905830.5499647,phase_noise,31249980.1,2100.0,3.0,10,31250248.6,-91.4834671
1000000000.0,1146905830.5499647,phase_noise,31249980.1,2100.0,3.0,10,31250250.1,-91.94510651
1000000000.0,1146905830.5499647,phase_noise,31249980.1,2100.0,3.0,10,31250251.6,-93.57706451
1000000000.0,1146905830.5499647,phase_noise,31249980.1,2100.0,3.0,10,31250253.1,-96.5289917
1000000000.0,1146905830.5499647,phase_noise,31249980.1,2100.0,3.0,10,31250254.6,-99.37633514
1000000000.0,1146905830.5499647,phase_noise,31249980.1,2100.0,3.0,10,31250256.1,-95.42910004
1000000000.0,1146905830.5499647,phase_noise,31249980.1,2100.0,3.0,10,31250257.6,-94.28876495
1000000000.0,1146905830.5499647,phase_noise,31249980.1,2100.0,3.0,10,31250259.1,-93.71974945
1000000000.0,1146905830.5499647,phase_noise,31249980.1,2100.0,3.0,10,31250260.6,-90.99414062
1000000000.0,1146905830.5499647,phase_noise,31249980.1,2100.0,3.0,10,31250262.1,-90.16985321
1000000000.0,1146905830.5499647,phase_noise,31249980.1,2100.0,3.0,10,31250263.6,-92.17145538
1000000000.0,1146905830.5499647,phase_noise,31249980.1,2100.0,3.0,10,31250265.1,-94.07196808
1000000000.0,1146905830.5499647,phase_noise,31249980.1,2100.0,3.0,10,31250266.6,-95.96122742
1000000000.0,1146905830.5499647,phase_noise,31249980.1,2100.0,3.0,10,31250268.1,-94.41724396
1000000000.0,1146905830.5499647,phase_noise,31249980.1,2100.0,3.0,10,31250269.6,-94.55995178
1000000000.0,1146905830.5499647,phase_noise,31249980.1,2100.0,3.0,10,31250271.1,-94.16840363
1000000000.0,1146905830.5499647,phase_noise,31249980.1,2100.0,3.0,10,31250272.6,-92.57344818
1000000000.0,1146905830.5499647,phase_noise,31249980.1,2100.0,3.0,10,31250274.1,-91.6424408
1000000000.0,1146905830.5499647,phase_noise,31249980.1,2100.0,3.0,10,31250275.6,-90.74533081
1000000000.0,1146905830.5499647,phase_noise,31249980.1,2100.0,3.0,10,31250277.1,-91.79595184
1000000000.0,1146905830.5499647,phase_noise,31249980.1,2100.0,3.0,10,31250278.6,-84.24230957
1000000000.0,1146905830.5499647,phase_noise,31249980.1,2100.0,3.0,10,31250280.1,-81.46511841
1000000000.0,1146905830.5499647,phase_noise,31249980.1,2100.0,3.0,10,31250281.6,-84.55712128
1000000000.0,1146905830.5499647,phase_noise,31249980.1,2100.0,3.0,10,31250283.1,-89.72505951
1000000000.0,1146905830.5499647,phase_noise,31249980.1,2100.0,3.0,10,31250284.6,-93.74924469
1000000000.0,1146905830.5499647,phase_noise,31249980.1,2100.0,3.0,10,31250286.1,-94.19604492
1000000000.0,1146905830.5499647,phase_noise,31249980.1,2100.0,3.0,10,31250287.6,-92.41384888
1000000000.0,1146905830.5499647,phase_noise,31249980.1,2100.0,3.0,10,31250289.1,-93.28468323
1000000000.0,1146905830.5499647,phase_noise,31249980.1,2100.0,3.0,10,31250290.6,-94.72045135
1000000000.0,1146905830.5499647,phase_noise,31249980.1,2100.0,3.0,10,31250292.1,-94.7694931
1000000000.0,1146905830.5499647,phase_noise,31249980.1,2100.0,3.0,10,31250293.6,-94.40291595
1000000000.0,1146905830.5499647,phase_noise,31249980.1,2100.0,3.0,10,31250295.1,-96.44939423
1000000000.0,1146905830.5499647,phase_noise,31249980.1,2100.0,3.0,10,31250296.6,-93.19672394
1000000000.0,1146905830.5499647,phase_noise,31249980.1,2100.0,3.0,10,31250298.1,-90.90151215
1000000000.0,1146905830.5499647,phase_noise,31249980.1,2100.0,3.0,10,31250299.6,-92.04425812
1000000000.0,1146905830.5499647,phase_noise,31249980.1,2100.0,3.0,10,31250301.1,-90.9164505
1000000000.0,1146905830.5499647,phase_noise,31249980.1,2100.0,3.0,10,31250302.6,-89.79761505
1000000000.0,1146905830.5499647,phase_noise,31249980.1,2100.0,3.0,10,31250304.1,-88.35379028
1000000000.0,1146905830.5499647,phase_noise,31249980.1,2100.0,3.0,10,31250305.6,-87.57501221
1000000000.0,1146905830.5499647,phase_noise,31249980.1,2100.0,3.0,10,31250307.1,-88.89097595
1000000000.0,1146905830.5499647,phase_noise,31249980.1,2100.0,3.0,10,31250308.6,-92.40472412
1000000000.0,1146905830.5499647,phase_noise,31249980.1,2100.0,3.0,10,31250310.1,-95.30123138
1000000000.0,1146905830.5499647,phase_noise,31249980.1,2100.0,3.0,10,31250311.6,-94.63021088
1000000000.0,1146905830.5499647,phase_noise,31249980.1,2100.0,3.0,10,31250313.1,-94.20186615
1000000000.0,1146905830.5499647,phase_noise,31249980.1,2100.0,3.0,10,31250314.6,-93.07086182
1000000000.0,1146905830.5499647,phase_noise,31249980.1,2100.0,3.0,10,31250316.1,-94.88102722
1000000000.0,1146905830.5499647,phase_noise,31249980.1,2100.0,3.0,10,31250317.6,-96.83450317
1000000000.0,1146905830.5499647,phase_noise,31249980.1,2100.0,3.0,10,31250319.1,-98.1263504
1000000000.0,1146905830.5499647,phase_noise,31249980.1,2100.0,3.0,10,31250320.6,-94.28123474
1000000000.0,1146905830.5499647,phase_noise,31249980.1,2100.0,3.0,10,31250322.1,-94.48400879
1000000000.0,1146905830.5499647,phase_noise,31249980.1,2100.0,3.0,10,31250323.6,-95.11467743
1000000000.0,1146905830.5499647,phase_noise,31249980.1,2100.0,3.0,10,31250325.1,-95.35002136
1000000000.0,1146905830.5499647,phase_noise,31249980.1,2100.0,3.0,10,31250326.6,-96.25863647
1000000000.0,1146905830.5499647,phase_noise,31249980.1,2100.0,3.0,10,31250328.1,-97.39712524
1000000000.0,1146905830.5499647,phase_noise,31249980.1,2100.0,3.0,10,31250329.6,-95.4600296
1000000000.0,1146905830.5499647,phase_noise,31249980.1,2100.0,3.0,10,31250331.1,-94.16701508
1000000000.0,1146905830.5499647,phase_noise,31249980.1,2100.0,3.0,10,31250332.6,-93.35590363
1000000000.0,1146905830.5499647,phase_noise,31249980.1,2100.0,3.0,10,31250334.1,-97.61149597
1000000000.0,1146905830.5499647,phase_noise,31249980.1,2100.0,3.0,10,31250335.6,-95.38542938
1000000000.0,1146905830.5499647,phase_noise,31249980.1,2100.0,3.0,10,31250337.1,-92.3250351
1000000000.0,1146905830.5499647,phase_noise,31249980.1,2100.0,3.0,10,31250338.6,-92.27653503
1000000000.0,1146905830.5499647,phase_noise,31249980.1,2100.0,3.0,10,31250340.1,-89.98458099
1000000000.0,1146905830.5499647,phase_noise,31249980.1,2100.0,3.0,10,31250341.6,-85.46556091
1000000000.0,1146905830.5499647,phase_noise,31249980.1,2100.0,3.0,10,31250343.1,-82.02807617
1000000000.0,1146905830.5499647,phase_noise,31249980.1,2100.0,3.0,10,31250344.6,-80.4285202
1000000000.0,1146905830.5499647,phase_noise,31249980.1,2100.0,3.0,10,31250346.1,-81.01128387
1000000000.0,1146905830.5499647,phase_noise,31249980.1,2100.0,3.0,10,31250347.6,-85.77164459
1000000000.0,1146905830.5499647,phase_noise,31249980.1,2100.0,3.0,10,31250349.1,-91.23220062
1000000000.0,1146905830.5499647,phase_noise,31249980.1,2100.0,3.0,10,31250350.6,-93.00867462
1000000000.0,1146905830.5499647,phase_noise,31249980.1,2100.0,3.0,10,31250352.1,-92.82369232
1000000000.0,1146905830.5499647,phase_noise,31249980.1,2100.0,3.0,10,31250353.6,-92.43778992
1000000000.0,1146905830.5499647,phase_noise,31249980.1,2100.0,3.0,10,31250355.1,-93.81645203
1000000000.0,1146905830.5499647,phase_noise,31249980.1,2100.0,3.0,10,31250356.6,-92.49260712
1000000000.0,1146905830.5499647,phase_noise,31249980.1,2100.0,3.0,10,31250358.1,-92.51803589
1000000000.0,1146905830.5499647,phase_noise,31249980.1,2100.0,3.0,10,31250359.6,-92.67971802
1000000000.0,1146905830.5499647,phase_noise,31249980.1,2100.0,3.0,10,31250361.1,-91.81015015
1000000000.0,1146905830.5499647,phase_noise,31249980.1,2100.0,3.0,10,31250362.6,-92.65714264
1000000000.0,1146905830.5499647,phase_noise,31249980.1,2100.0,3.0,10,31250364.1,-92.48395538
1000000000.0,1146905830.5499647,phase_noise,31249980.1,2100.0,3.0,10,31250365.6,-97.10546875
1000000000.0,1146905830.5499647,phase_noise,31249980.1,2100.0,3.0,10,31250367.1,-93.59211731
1000000000.0,1146905830.5499647,phase_noise,31249980.1,2100.0,3.0,10,31250368.6,-93.07230377
1000000000.0,1146905830.5499647,phase_noise,31249980.1,2100.0,3.0,10,31250370.1,-94.07537079
1000000000.0,1146905830.5499647,phase_noise,31249980.1,2100.0,3.0,10,31250371.6,-96.10662842
1000000000.0,1146905830.5499647,phase_noise,31249980.1,2100.0,3.0,10,31250373.1,-92.2303772
1000000000.0,1146905830.5499647,phase_noise,31249980.1,2100.0,3.0,10,31250374.6,-92.73356628
1000000000.0,1146905830.5499647,phase_noise,31249980.1,2100.0,3.0,10,31250376.1,-92.66426086
1000000000.0,1146905830.5499647,phase_noise,31249980.1,2100.0,3.0,10,31250377.6,-92.61052704
1000000000.0,1146905830.5499647,phase_noise,31249980.1,2100.0,3.0,10,31250379.1,-87.62088013
1000000000.0,1146905830.5499647,phase_noise,31249980.1,2100.0,3.0,10,31250380.6,-86.05545044
1000000000.0,1146905830.5499647,phase_noise,31249980.1,2100.0,3.0,10,31250382.1,-88.19792175
1000000000.0,1146905830.5499647,phase_noise,31249980.1,2100.0,3.0,10,31250383.6,-92.36159515
1000000000.0,1146905830.5499647,phase_noise,31249980.1,2100.0,3.0,10,31250385.1,-93.97395325
1000000000.0,1146905830.5499647,phase_noise,31249980.1,2100.0,3.0,10,31250386.6,-94.61650085
1000000000.0,1146905830.5499647,phase_noise,31249980.1,2100.0,3.0,10,31250388.1,-97.47927856
1000000000.0,1146905830.5499647,phase_noise,31249980.1,2100.0,3.0,10,31250389.6,-94.94615173
1000000000.0,1146905830.5499647,phase_noise,31249980.1,2100.0,3.0,10,31250391.1,-94.42467499
1000000000.0,1146905830.5499647,phase_noise,31249980.1,2100.0,3.0,10,31250392.6,-92.9402771
1000000000.0,1146905830.5499647,phase_noise,31249980.1,2100.0,3.0,10,31250394.1,-92.98377228
1000000000.0,1146905830.5499647,phase_noise,31249980.1,2100.0,3.0,10,31250395.6,-92.55915833
1000000000.0,1146905830.5499647,phase_noise,31249980.1,2100.0,3.0,10,31250397.1,-92.58888245
1000000000.0,1146905830.5499647,phase_noise,31249980.1,2100.0,3.0,10,31250398.6,-94.34096527
1000000000.0,1146905830.5499647,phase_noise,31249980.1,2100.0,3.0,10,31250400.1,-91.22716522
1000000000.0,1146905830.5499647,phase_noise,31249980.1,2100.0,3.0,10,31250401.6,-91.63766479
1000000000.0,1146905830.5499647,phase_noise,31249980.1,2100.0,3.0,10,31250403.1,-93.03061676
1000000000.0,1146905830.5499647,phase_noise,31249980.1,2100.0,3.0,10,31250404.6,-95.5609436
1000000000.0,1146905830.5499647,phase_noise,31249980.1,2100.0,3.0,10,31250406.1,-95.58298492
1000000000.0,1146905830.5499647,phase_noise,31249980.1,2100.0,3.0,10,31250407.6,-94.08273315
1000000000.0,1146905830.5499647,phase_noise,31249980.1,2100.0,3.0,10,31250409.1,-93.7489624
1000000000.0,1146905830.5499647,phase_noise,31249980.1,2100.0,3.0,10,31250410.6,-94.79587555
1000000000.0,1146905830.5499647,phase_noise,31249980.1,2100.0,3.0,10,31250412.1,-96.22229004
1000000000.0,1146905830.5499647,phase_noise,31249980.1,2100.0,3.0,10,31250413.6,-95.12963104
1000000000.0,1146905830.5499647,phase_noise,31249980.1,2100.0,3.0,10,31250415.1,-94.65035248
1000000000.0,1146905830.5499647,phase_noise,31249980.1,2100.0,3.0,10,31250416.6,-94.34178925
1000000000.0,1146905830.5499647,phase_noise,31249980.1,2100.0,3.0,10,31250418.1,-92.95449066
1000000000.0,1146905830.5499647,phase_noise,31249980.1,2100.0,3.0,10,31250419.6,-92.38497925
1000000000.0,1146905830.5499647,phase_noise,31249980.1,2100.0,3.0,10,31250421.1,-96.07421875
1000000000.0,1146905830.5499647,phase_noise,31249980.1,2100.0,3.0,10,31250422.6,-95.51374817
1000000000.0,1146905830.5499647,phase_noise,31249980.1,2100.0,3.0,10,31250424.1,-96.06934357
1000000000.0,1146905830.5499647,phase_noise,31249980.1,2100.0,3.0,10,31250425.6,-93.82012939
1000000000.0,1146905830.5499647,phase_noise,31249980.1,2100.0,3.0,10,31250427.1,-93.37522125
1000000000.0,1146905830.5499647,phase_noise,31249980.1,2100.0,3.0,10,31250428.6,-92.16732025
1000000000.0,1146905830.5499647,phase_noise,31249980.1,2100.0,3.0,10,31250430.1,-92.5558548
1000000000.0,1146905830.5499647,phase_noise,31249980.1,2100.0,3.0,10,31250431.6,-96.78183746
1000000000.0,1146905830.5499647,phase_noise,31249980.1,2100.0,3.0,10,31250433.1,-95.9527359
1000000000.0,1146905830.5499647,phase_noise,31249980.1,2100.0,3.0,10,31250434.6,-96.11365509
1000000000.0,1146905830.5499647,phase_noise,31249980.1,2100.0,3.0,10,31250436.1,-95.18067169
1000000000.0,1146905830.5499647,phase_noise,31249980.1,2100.0,3.0,10,31250437.6,-96.19281769
1000000000.0,1146905830.5499647,phase_noise,31249980.1,2100.0,3.0,10,31250439.1,-94.9947052
1000000000.0,1146905830.5499647,phase_noise,31249980.1,2100.0,3.0,10,31250440.6,-93.8010025
1000000000.0,1146905830.5499647,phase_noise,31249980.1,2100.0,3.0,10,31250442.1,-94.43191528
1000000000.0,1146905830.5499647,phase_noise,31249980.1,2100.0,3.0,10,31250443.6,-94.08013153
1000000000.0,1146905830.5499647,phase_noise,31249980.1,2100.0,3.0,10,31250445.1,-91.12258148
1000000000.0,1146905830.5499647,phase_noise,31249980.1,2100.0,3.0,10,31250446.6,-90.81044006
1000000000.0,1146905830.5499647,phase_noise,31249980.1,2100.0,3.0,10,31250448.1,-93.04414368
1000000000.0,1146905830.5499647,phase_noise,31249980.1,2100.0,3.0,10,31250449.6,-94.76701355
1000000000.0,1146905830.5499647,phase_noise,31249980.1,2100.0,3.0,10,31250451.1,-95.97460937
1000000000.0,1146905830.5499647,phase_noise,31249980.1,2100.0,3.0,10,31250452.6,-96.00149536
1000000000.0,1146905830.5499647,phase_noise,31249980.1,2100.0,3.0,10,31250454.1,-94.48120117
1000000000.0,1146905830.5499647,phase_noise,31249980.1,2100.0,3.0,10,31250455.6,-92.70825958
1000000000.0,1146905830.5499647,phase_noise,31249980.1,2100.0,3.0,10,31250457.1,-95.66634369
1000000000.0,1146905830.5499647,phase_noise,31249980.1,2100.0,3.0,10,31250458.6,-93.89865875
1000000000.0,1146905830.5499647,phase_noise,31249980.1,2100.0,3.0,10,31250460.1,-93.69571686
1000000000.0,1146905830.5499647,phase_noise,31249980.1,2100.0,3.0,10,31250461.6,-93.63812256
1000000000.0,1146905830.5499647,phase_noise,31249980.1,2100.0,3.0,10,31250463.1,-94.87940216
1000000000.0,1146905830.5499647,phase_noise,31249980.1,2100.0,3.0,10,31250464.6,-97.3921814
1000000000.0,1146905830.5499647,phase_noise,31249980.1,2100.0,3.0,10,31250466.1,-96.93252563
1000000000.0,1146905830.5499647,phase_noise,31249980.1,2100.0,3.0,10,31250467.6,-93.93541718
1000000000.0,1146905830.5499647,phase_noise,31249980.1,2100.0,3.0,10,31250469.1,-94.01609802
1000000000.0,1146905830.5499647,phase_noise,31249980.1,2100.0,3.0,10,31250470.6,-93.64640045
1000000000.0,1146905830.5499647,phase_noise,31249980.1,2100.0,3.0,10,31250472.1,-94.12282562
1000000000.0,1146905830.5499647,phase_noise,31249980.1,2100.0,3.0,10,31250473.6,-93.47000122
1000000000.0,1146905830.5499647,phase_noise,31249980.1,2100.0,3.0,10,31250475.1,-93.42849731
1000000000.0,1146905830.5499647,phase_noise,31249980.1,2100.0,3.0,10,31250476.6,-90.51361084
1000000000.0,1146905830.5499647,phase_noise,31249980.1,2100.0,3.0,10,31250478.1,-79.35388184
1000000000.0,1146905830.5499647,phase_noise,31249980.1,2100.0,3.0,10,31250479.6,-73.44284058
1000000000.0,1146905830.5499647,phase_noise,31249980.1,2100.0,3.0,10,31250481.1,-73.59014893
1000000000.0,1146905830.5499647,phase_noise,31249980.1,2100.0,3.0,10,31250482.6,-80.18766022
1000000000.0,1146905830.5499647,phase_noise,31249980.1,2100.0,3.0,10,31250484.1,-92.73428345
1000000000.0,1146905830.5499647,phase_noise,31249980.1,2100.0,3.0,10,31250485.6,-98.08633423
1000000000.0,1146905830.5499647,phase_noise,31249980.1,2100.0,3.0,10,31250487.1,-96.84759521
1000000000.0,1146905830.5499647,phase_noise,31249980.1,2100.0,3.0,10,31250488.6,-93.1534729
1000000000.0,1146905830.5499647,phase_noise,31249980.1,2100.0,3.0,10,31250490.1,-91.7651825
1000000000.0,1146905830.5499647,phase_noise,31249980.1,2100.0,3.0,10,31250491.6,-92.09383392
1000000000.0,1146905830.5499647,phase_noise,31249980.1,2100.0,3.0,10,31250493.1,-93.79816437
1000000000.0,1146905830.5499647,phase_noise,31249980.1,2100.0,3.0,10,31250494.6,-97.36197662
1000000000.0,1146905830.5499647,phase_noise,31249980.1,2100.0,3.0,10,31250496.1,-95.59907532
1000000000.0,1146905830.5499647,phase_noise,31249980.1,2100.0,3.0,10,31250497.6,-94.2177887
1000000000.0,1146905830.5499647,phase_noise,31249980.1,2100.0,3.0,10,31250499.1,-92.66034698
1000000000.0,1146905830.5499647,phase_noise,31249980.1,2100.0,3.0,10,31250500.6,-94.01060486
1000000000.0,1146905830.5499647,phase_noise,31249980.1,2100.0,3.0,10,31250502.1,-93.88375092
1000000000.0,1146905830.5499647,phase_noise,31249980.1,2100.0,3.0,10,31250503.6,-92.95339203
1000000000.0,1146905830.5499647,phase_noise,31249980.1,2100.0,3.0,10,31250505.1,-92.10829163
1000000000.0,1146905830.5499647,phase_noise,31249980.1,2100.0,3.0,10,31250506.6,-92.00997162
1000000000.0,1146905830.5499647,phase_noise,31249980.1,2100.0,3.0,10,31250508.1,-93.5194397
1000000000.0,1146905830.5499647,phase_noise,31249980.1,2100.0,3.0,10,31250509.6,-98.32881927
1000000000.0,1146905830.5499647,phase_noise,31249980.1,2100.0,3.0,10,31250511.1,-94.85965729
1000000000.0,1146905830.5499647,phase_noise,31249980.1,2100.0,3.0,10,31250512.6,-95.30690002
1000000000.0,1146905830.5499647,phase_noise,31249980.1,2100.0,3.0,10,31250514.1,-93.7605896
1000000000.0,1146905830.5499647,phase_noise,31249980.1,2100.0,3.0,10,31250515.6,-93.46408081
1000000000.0,1146905830.5499647,phase_noise,31249980.1,2100.0,3.0,10,31250517.1,-93.94889832
1000000000.0,1146905830.5499647,phase_noise,31249980.1,2100.0,3.0,10,31250518.6,-93.53992462
1000000000.0,1146905830.5499647,phase_noise,31249980.1,2100.0,3.0,10,31250520.1,-93.75015259
1000000000.0,1146905830.5499647,phase_noise,31249980.1,2100.0,3.0,10,31250521.6,-96.21357727
1000000000.0,1146905830.5499647,phase_noise,31249980.1,2100.0,3.0,10,31250523.1,-96.29067993
1000000000.0,1146905830.5499647,phase_noise,31249980.1,2100.0,3.0,10,31250524.6,-93.16378021
1000000000.0,1146905830.5499647,phase_noise,31249980.1,2100.0,3.0,10,31250526.1,-93.5905304
1000000000.0,1146905830.5499647,phase_noise,31249980.1,2100.0,3.0,10,31250527.6,-94.09831238
1000000000.0,1146905830.5499647,phase_noise,31249980.1,2100.0,3.0,10,31250529.1,-94.2213974
1000000000.0,1146905830.5499647,phase_noise,31249980.1,2100.0,3.0,10,31250530.6,-95.48319244
1000000000.0,1146905830.5499647,phase_noise,31249980.1,2100.0,3.0,10,31250532.1,-94.868927
1000000000.0,1146905830.5499647,phase_noise,31249980.1,2100.0,3.0,10,31250533.6,-94.37198639
1000000000.0,1146905830.5499647,phase_noise,31249980.1,2100.0,3.0,10,31250535.1,-96.82263947
1000000000.0,1146905830.5499647,phase_noise,31249980.1,2100.0,3.0,10,31250536.6,-97.37699127
1000000000.0,1146905830.5499647,phase_noise,31249980.1,2100.0,3.0,10,31250538.1,-92.96566772
1000000000.0,1146905830.5499647,phase_noise,31249980.1,2100.0,3.0,10,31250539.6,-88.42510986
1000000000.0,1146905830.5499647,phase_noise,31249980.1,2100.0,3.0,10,31250541.1,-88.10630035
1000000000.0,1146905830.5499647,phase_noise,31249980.1,2100.0,3.0,10,31250542.6,-90.32143402
1000000000.0,1146905830.5499647,phase_noise,31249980.1,2100.0,3.0,10,31250544.1,-91.91500854
1000000000.0,1146905830.5499647,phase_noise,31249980.1,2100.0,3.0,10,31250545.6,-92.10005188
1000000000.0,1146905830.5499647,phase_noise,31249980.1,2100.0,3.0,10,31250547.1,-94.07910156
1000000000.0,1146905830.5499647,phase_noise,31249980.1,2100.0,3.0,10,31250548.6,-92.76204681
1000000000.0,1146905830.5499647,phase_noise,31249980.1,2100.0,3.0,10,31250550.1,-92.87741089
1000000000.0,1146905830.5499647,phase_noise,31249980.1,2100.0,3.0,10,31250551.6,-95.24546814
1000000000.0,1146905830.5499647,phase_noise,31249980.1,2100.0,3.0,10,31250553.1,-96.05662537
1000000000.0,1146905830.5499647,phase_noise,31249980.1,2100.0,3.0,10,31250554.6,-93.95071411
1000000000.0,1146905830.5499647,phase_noise,31249980.1,2100.0,3.0,10,31250556.1,-93.1081543
1000000000.0,1146905830.5499647,phase_noise,31249980.1,2100.0,3.0,10,31250557.6,-93.47322083
1000000000.0,1146905830.5499647,phase_noise,31249980.1,2100.0,3.0,10,31250559.1,-94.55487061
1000000000.0,1146905830.5499647,phase_noise,31249980.1,2100.0,3.0,10,31250560.6,-96.24298096
1000000000.0,1146905830.5499647,phase_noise,31249980.1,2100.0,3.0,10,31250562.1,-95.25395966
1000000000.0,1146905830.5499647,phase_noise,31249980.1,2100.0,3.0,10,31250563.6,-97.69185638
1000000000.0,1146905830.5499647,phase_noise,31249980.1,2100.0,3.0,10,31250565.1,-94.8165741
1000000000.0,1146905830.5499647,phase_noise,31249980.1,2100.0,3.0,10,31250566.6,-94.7774353
1000000000.0,1146905830.5499647,phase_noise,31249980.1,2100.0,3.0,10,31250568.1,-94.4241333
1000000000.0,1146905830.5499647,phase_noise,31249980.1,2100.0,3.0,10,31250569.6,-94.58003235
1000000000.0,1146905830.5499647,phase_noise,31249980.1,2100.0,3.0,10,31250571.1,-96.05794525
1000000000.0,1146905830.5499647,phase_noise,31249980.1,2100.0,3.0,10,31250572.6,-93.36846924
1000000000.0,1146905830.5499647,phase_noise,31249980.1,2100.0,3.0,10,31250574.1,-93.52806091
1000000000.0,1146905830.5499647,phase_noise,31249980.1,2100.0,3.0,10,31250575.6,-95.61376953
1000000000.0,1146905830.5499647,phase_noise,31249980.1,2100.0,3.0,10,31250577.1,-98.0068512
1000000000.0,1146905830.5499647,phase_noise,31249980.1,2100.0,3.0,10,31250578.6,-93.37400818
1000000000.0,1146905830.5499647,phase_noise,31249980.1,2100.0,3.0,10,31250580.1,-87.19186401
1000000000.0,1146905830.5499647,phase_noise,31249980.1,2100.0,3.0,10,31250581.6,-87.92437744
1000000000.0,1146905830.5499647,phase_noise,31249980.1,2100.0,3.0,10,31250583.1,-91.58633423
1000000000.0,1146905830.5499647,phase_noise,31249980.1,2100.0,3.0,10,31250584.6,-94.45752716
1000000000.0,1146905830.5499647,phase_noise,31249980.1,2100.0,3.0,10,31250586.1,-98.55964661
1000000000.0,1146905830.5499647,phase_noise,31249980.1,2100.0,3.0,10,31250587.6,-96.98117065
1000000000.0,1146905830.5499647,phase_noise,31249980.1,2100.0,3.0,10,31250589.1,-96.27470398
1000000000.0,1146905830.5499647,phase_noise,31249980.1,2100.0,3.0,10,31250590.6,-96.69782257
1000000000.0,1146905830.5499647,phase_noise,31249980.1,2100.0,3.0,10,31250592.1,-97.97328949
1000000000.0,1146905830.5499647,phase_noise,31249980.1,2100.0,3.0,10,31250593.6,-96.11598969
1000000000.0,1146905830.5499647,phase_noise,31249980.1,2100.0,3.0,10,31250595.1,-94.42961121
1000000000.0,1146905830.5499647,phase_noise,31249980.1,2100.0,3.0,10,31250596.6,-92.98342133
1000000000.0,1146905830.5499647,phase_noise,31249980.1,2100.0,3.0,10,31250598.1,-96.3133316
1000000000.0,1146905830.5499647,phase_noise,31249980.1,2100.0,3.0,10,31250599.6,-95.66383362
1000000000.0,1146905830.5499647,phase_noise,31249980.1,2100.0,3.0,10,31250601.1,-94.80827332
1000000000.0,1146905830.5499647,phase_noise,31249980.1,2100.0,3.0,10,31250602.6,-94.95198822
1000000000.0,1146905830.5499647,phase_noise,31249980.1,2100.0,3.0,10,31250604.1,-95.37982178
1000000000.0,1146905830.5499647,phase_noise,31249980.1,2100.0,3.0,10,31250605.6,-96.27568817
1000000000.0,1146905830.5499647,phase_noise,31249980.1,2100.0,3.0,10,31250607.1,-95.00888824
1000000000.0,1146905830.5499647,phase_noise,31249980.1,2100.0,3.0,10,31250608.6,-93.12239075
1000000000.0,1146905830.5499647,phase_noise,31249980.1,2100.0,3.0,10,31250610.1,-92.51183319
1000000000.0,1146905830.5499647,phase_noise,31249980.1,2100.0,3.0,10,31250611.6,-92.07578278
1000000000.0,1146905830.5499647,phase_noise,31249980.1,2100.0,3.0,10,31250613.1,-91.72835541
1000000000.0,1146905830.5499647,phase_noise,31249980.1,2100.0,3.0,10,31250614.6,-93.00546265
1000000000.0,1146905830.5499647,phase_noise,31249980.1,2100.0,3.0,10,31250616.1,-93.26696777
1000000000.0,1146905830.5499647,phase_noise,31249980.1,2100.0,3.0,10,31250617.6,-91.99758911
1000000000.0,1146905830.5499647,phase_noise,31249980.1,2100.0,3.0,10,31250619.1,-92.84931946
1000000000.0,1146905830.5499647,phase_noise,31249980.1,2100.0,3.0,10,31250620.6,-92.50074768
1000000000.0,1146905830.5499647,phase_noise,31249980.1,2100.0,3.0,10,31250622.1,-96.35865021
1000000000.0,1146905830.5499647,phase_noise,31249980.1,2100.0,3.0,10,31250623.6,-94.77803802
1000000000.0,1146905830.5499647,phase_noise,31249980.1,2100.0,3.0,10,31250625.1,-93.63911438
1000000000.0,1146905830.5499647,phase_noise,31249980.1,2100.0,3.0,10,31250626.6,-95.01026917
1000000000.0,1146905830.5499647,phase_noise,31249980.1,2100.0,3.0,10,31250628.1,-92.31010437
1000000000.0,1146905830.5499647,phase_noise,31249980.1,2100.0,3.0,10,31250629.6,-90.23323822
1000000000.0,1146905830.5499647,phase_noise,31249980.1,2100.0,3.0,10,31250631.1,-91.24514771
1000000000.0,1146905830.5499647,phase_noise,31249980.1,2100.0,3.0,10,31250632.6,-92.40138245
1000000000.0,1146905830.5499647,phase_noise,31249980.1,2100.0,3.0,10,31250634.1,-91.79309845
1000000000.0,1146905830.5499647,phase_noise,31249980.1,2100.0,3.0,10,31250635.6,-92.39319611
1000000000.0,1146905830.5499647,phase_noise,31249980.1,2100.0,3.0,10,31250637.1,-93.22780609
1000000000.0,1146905830.5499647,phase_noise,31249980.1,2100.0,3.0,10,31250638.6,-93.31419373
1000000000.0,1146905830.5499647,phase_noise,31249980.1,2100.0,3.0,10,31250640.1,-93.17404938
1000000000.0,1146905830.5499647,phase_noise,31249980.1,2100.0,3.0,10,31250641.6,-92.68981171
1000000000.0,1146905830.5499647,phase_noise,31249980.1,2100.0,3.0,10,31250643.1,-93.82167816
1000000000.0,1146905830.5499647,phase_noise,31249980.1,2100.0,3.0,10,31250644.6,-94.40690613
1000000000.0,1146905830.5499647,phase_noise,31249980.1,2100.0,3.0,10,31250646.1,-94.18616486
1000000000.0,1146905830.5499647,phase_noise,31249980.1,2100.0,3.0,10,31250647.6,-95.62584686
1000000000.0,1146905830.5499647,phase_noise,31249980.1,2100.0,3.0,10,31250649.1,-94.3943634
1000000000.0,1146905830.5499647,phase_noise,31249980.1,2100.0,3.0,10,31250650.6,-92.93133545
1000000000.0,1146905830.5499647,phase_noise,31249980.1,2100.0,3.0,10,31250652.1,-92.43902588
1000000000.0,1146905830.5499647,phase_noise,31249980.1,2100.0,3.0,10,31250653.6,-90.85086823
1000000000.0,1146905830.5499647,phase_noise,31249980.1,2100.0,3.0,10,31250655.1,-91.43360138
1000000000.0,1146905830.5499647,phase_noise,31249980.1,2100.0,3.0,10,31250656.6,-93.74206543
1000000000.0,1146905830.5499647,phase_noise,31249980.1,2100.0,3.0,10,31250658.1,-92.81775665
1000000000.0,1146905830.5499647,phase_noise,31249980.1,2100.0,3.0,10,31250659.6,-92.83060455
1000000000.0,1146905830.5499647,phase_noise,31249980.1,2100.0,3.0,10,31250661.1,-96.78575897
1000000000.0,1146905830.5499647,phase_noise,31249980.1,2100.0,3.0,10,31250662.6,-94.89041901
1000000000.0,1146905830.5499647,phase_noise,31249980.1,2100.0,3.0,10,31250664.1,-93.92483521
1000000000.0,1146905830.5499647,phase_noise,31249980.1,2100.0,3.0,10,31250665.6,-93.57459259
1000000000.0,1146905830.5499647,phase_noise,31249980.1,2100.0,3.0,10,31250667.1,-91.57235718
1000000000.0,1146905830.5499647,phase_noise,31249980.1,2100.0,3.0,10,31250668.6,-92.5622406
1000000000.0,1146905830.5499647,phase_noise,31249980.1,2100.0,3.0,10,31250670.1,-96.92523956
1000000000.0,1146905830.5499647,phase_noise,31249980.1,2100.0,3.0,10,31250671.6,-97.80464172
1000000000.0,1146905830.5499647,phase_noise,31249980.1,2100.0,3.0,10,31250673.1,-94.17116547
1000000000.0,1146905830.5499647,phase_noise,31249980.1,2100.0,3.0,10,31250674.6,-92.10596466
1000000000.0,1146905830.5499647,phase_noise,31249980.1,2100.0,3.0,10,31250676.1,-92.11431122
1000000000.0,1146905830.5499647,phase_noise,31249980.1,2100.0,3.0,10,31250677.6,-92.69725037
1000000000.0,1146905830.5499647,phase_noise,31249980.1,2100.0,3.0,10,31250679.1,-90.10377502
1000000000.0,1146905830.5499647,phase_noise,31249980.1,2100.0,3.0,10,31250680.6,-89.05446625
1000000000.0,1146905830.5499647,phase_noise,31249980.1,2100.0,3.0,10,31250682.1,-92.24116516
1000000000.0,1146905830.5499647,phase_noise,31249980.1,2100.0,3.0,10,31250683.6,-93.50052643
1000000000.0,1146905830.5499647,phase_noise,31249980.1,2100.0,3.0,10,31250685.1,-94.08657074
1000000000.0,1146905830.5499647,phase_noise,31249980.1,2100.0,3.0,10,31250686.6,-93.79553986
1000000000.0,1146905830.5499647,phase_noise,31249980.1,2100.0,3.0,10,31250688.1,-93.25678253
1000000000.0,1146905830.5499647,phase_noise,31249980.1,2100.0,3.0,10,31250689.6,-94.13866425
1000000000.0,1146905830.5499647,phase_noise,31249980.1,2100.0,3.0,10,31250691.1,-96.48602295
1000000000.0,1146905830.5499647,phase_noise,31249980.1,2100.0,3.0,10,31250692.6,-96.31707764
1000000000.0,1146905830.5499647,phase_noise,31249980.1,2100.0,3.0,10,31250694.1,-95.13062286
1000000000.0,1146905830.5499647,phase_noise,31249980.1,2100.0,3.0,10,31250695.6,-92.84615326
1000000000.0,1146905830.5499647,phase_noise,31249980.1,2100.0,3.0,10,31250697.1,-93.83324432
1000000000.0,1146905830.5499647,phase_noise,31249980.1,2100.0,3.0,10,31250698.6,-94.85211182
1000000000.0,1146905830.5499647,phase_noise,31249980.1,2100.0,3.0,10,31250700.1,-94.28443909
1000000000.0,1146905830.5499647,phase_noise,31249980.1,2100.0,3.0,10,31250701.6,-92.93569183
1000000000.0,1146905830.5499647,phase_noise,31249980.1,2100.0,3.0,10,31250703.1,-94.21035767
1000000000.0,1146905830.5499647,phase_noise,31249980.1,2100.0,3.0,10,31250704.6,-95.65010071
1000000000.0,1146905830.5499647,phase_noise,31249980.1,2100.0,3.0,10,31250706.1,-94.94750214
1000000000.0,1146905830.5499647,phase_noise,31249980.1,2100.0,3.0,10,31250707.6,-94.35811615
1000000000.0,1146905830.5499647,phase_noise,31249980.1,2100.0,3.0,10,31250709.1,-94.64578247
1000000000.0,1146905830.5499647,phase_noise,31249980.1,2100.0,3.0,10,31250710.6,-97.26153564
1000000000.0,1146905830.5499647,phase_noise,31249980.1,2100.0,3.0,10,31250712.1,-95.07028198
1000000000.0,1146905830.5499647,phase_noise,31249980.1,2100.0,3.0,10,31250713.6,-93.21627808
1000000000.0,1146905830.5499647,phase_noise,31249980.1,2100.0,3.0,10,31250715.1,-92.40319824
1000000000.0,1146905830.5499647,phase_noise,31249980.1,2100.0,3.0,10,31250716.6,-93.79693604
1000000000.0,1146905830.5499647,phase_noise,31249980.1,2100.0,3.0,10,31250718.1,-93.47978973
1000000000.0,1146905830.5499647,phase_noise,31249980.1,2100.0,3.0,10,31250719.6,-93.18192291
1000000000.0,1146905830.5499647,phase_noise,31249980.1,2100.0,3.0,10,31250721.1,-93.53483582
1000000000.0,1146905830.5499647,phase_noise,31249980.1,2100.0,3.0,10,31250722.6,-95.03974152
1000000000.0,1146905830.5499647,phase_noise,31249980.1,2100.0,3.0,10,31250724.1,-96.17160034
1000000000.0,1146905830.5499647,phase_noise,31249980.1,2100.0,3.0,10,31250725.6,-92.26740265
1000000000.0,1146905830.5499647,phase_noise,31249980.1,2100.0,3.0,10,31250727.1,-91.46828461
1000000000.0,1146905830.5499647,phase_noise,31249980.1,2100.0,3.0,10,31250728.6,-91.34268951
1000000000.0,1146905830.5499647,phase_noise,31249980.1,2100.0,3.0,10,31250730.1,-91.41352081
1000000000.0,1146905830.5499647,phase_noise,31249980.1,2100.0,3.0,10,31250731.6,-91.85040283
1000000000.0,1146905830.5499647,phase_noise,31249980.1,2100.0,3.0,10,31250733.1,-93.2333374
1000000000.0,1146905830.5499647,phase_noise,31249980.1,2100.0,3.0,10,31250734.6,-93.32910156
1000000000.0,1146905830.5499647,phase_noise,31249980.1,2100.0,3.0,10,31250736.1,-94.35275269
1000000000.0,1146905830.5499647,phase_noise,31249980.1,2100.0,3.0,10,31250737.6,-93.55810547
1000000000.0,1146905830.5499647,phase_noise,31249980.1,2100.0,3.0,10,31250739.1,-93.21881104
1000000000.0,1146905830.5499647,phase_noise,31249980.1,2100.0,3.0,10,31250740.6,-94.07635498
1000000000.0,1146905830.5499647,phase_noise,31249980.1,2100.0,3.0,10,31250742.1,-97.4200592
1000000000.0,1146905830.5499647,phase_noise,31249980.1,2100.0,3.0,10,31250743.6,-96.50255585
1000000000.0,1146905830.5499647,phase_noise,31249980.1,2100.0,3.0,10,31250745.1,-93.5092392
1000000000.0,1146905830.5499647,phase_noise,31249980.1,2100.0,3.0,10,31250746.6,-94.90523529
1000000000.0,1146905830.5499647,phase_noise,31249980.1,2100.0,3.0,10,31250748.1,-93.36448669
1000000000.0,1146905830.5499647,phase_noise,31249980.1,2100.0,3.0,10,31250749.6,-94.68611145
1000000000.0,1146905830.5499647,phase_noise,31249980.1,2100.0,3.0,10,31250751.1,-95.63838959
1000000000.0,1146905830.5499647,phase_noise,31249980.1,2100.0,3.0,10,31250752.6,-98.19290161
1000000000.0,1146905830.5499647,phase_noise,31249980.1,2100.0,3.0,10,31250754.1,-96.87542725
1000000000.0,1146905830.5499647,phase_noise,31249980.1,2100.0,3.0,10,31250755.6,-92.93264771
1000000000.0,1146905830.5499647,phase_noise,31249980.1,2100.0,3.0,10,31250757.1,-93.55606842
1000000000.0,1146905830.5499647,phase_noise,31249980.1,2100.0,3.0,10,31250758.6,-95.05330658
1000000000.0,1146905830.5499647,phase_noise,31249980.1,2100.0,3.0,10,31250760.1,-95.66569519
1000000000.0,1146905830.5499647,phase_noise,31249980.1,2100.0,3.0,10,31250761.6,-95.63363647
1000000000.0,1146905830.5499647,phase_noise,31249980.1,2100.0,3.0,10,31250763.1,-95.67742157
1000000000.0,1146905830.5499647,phase_noise,31249980.1,2100.0,3.0,10,31250764.6,-94.43638611
1000000000.0,1146905830.5499647,phase_noise,31249980.1,2100.0,3.0,10,31250766.1,-94.56099701
1000000000.0,1146905830.5499647,phase_noise,31249980.1,2100.0,3.0,10,31250767.6,-95.04122925
1000000000.0,1146905830.5499647,phase_noise,31249980.1,2100.0,3.0,10,31250769.1,-95.72293091
1000000000.0,1146905830.5499647,phase_noise,31249980.1,2100.0,3.0,10,31250770.6,-92.09825134
1000000000.0,1146905830.5499647,phase_noise,31249980.1,2100.0,3.0,10,31250772.1,-90.96595764
1000000000.0,1146905830.5499647,phase_noise,31249980.1,2100.0,3.0,10,31250773.6,-90.98404694
1000000000.0,1146905830.5499647,phase_noise,31249980.1,2100.0,3.0,10,31250775.1,-91.69759369
1000000000.0,1146905830.5499647,phase_noise,31249980.1,2100.0,3.0,10,31250776.6,-94.38507843
1000000000.0,1146905830.5499647,phase_noise,31249980.1,2100.0,3.0,10,31250778.1,-95.00926971
1000000000.0,1146905830.5499647,phase_noise,31249980.1,2100.0,3.0,10,31250779.6,-93.06188965
1000000000.0,1146905830.5499647,phase_noise,31249980.1,2100.0,3.0,10,31250781.1,-91.33248901
1000000000.0,1146905830.5499647,phase_noise,31249980.1,2100.0,3.0,10,31250782.6,-91.61287689
1000000000.0,1146905830.5499647,phase_noise,31249980.1,2100.0,3.0,10,31250784.1,-94.27289581
1000000000.0,1146905830.5499647,phase_noise,31249980.1,2100.0,3.0,10,31250785.6,-93.55441284
1000000000.0,1146905830.5499647,phase_noise,31249980.1,2100.0,3.0,10,31250787.1,-93.12124634
1000000000.0,1146905830.5499647,phase_noise,31249980.1,2100.0,3.0,10,31250788.6,-95.45919037
1000000000.0,1146905830.5499647,phase_noise,31249980.1,2100.0,3.0,10,31250790.1,-94.80804443
1000000000.0,1146905830.5499647,phase_noise,31249980.1,2100.0,3.0,10,31250791.6,-95.36444092
1000000000.0,1146905830.5499647,phase_noise,31249980.1,2100.0,3.0,10,31250793.1,-95.57998657
1000000000.0,1146905830.5499647,phase_noise,31249980.1,2100.0,3.0,10,31250794.6,-92.60137939
1000000000.0,1146905830.5499647,phase_noise,31249980.1,2100.0,3.0,10,31250796.1,-92.43586731
1000000000.0,1146905830.5499647,phase_noise,31249980.1,2100.0,3.0,10,31250797.6,-94.60179901
1000000000.0,1146905830.5499647,phase_noise,31249980.1,2100.0,3.0,10,31250799.1,-94.12754822
1000000000.0,1146905830.5499647,phase_noise,31249980.1,2100.0,3.0,10,31250800.6,-91.86188507
1000000000.0,1146905830.5499647,phase_noise,31249980.1,2100.0,3.0,10,31250802.1,-92.4285202
1000000000.0,1146905830.5499647,phase_noise,31249980.1,2100.0,3.0,10,31250803.6,-92.97882843
1000000000.0,1146905830.5499647,phase_noise,31249980.1,2100.0,3.0,10,31250805.1,-96.06674957
1000000000.0,1146905830.5499647,phase_noise,31249980.1,2100.0,3.0,10,31250806.6,-94.18487549
1000000000.0,1146905830.5499647,phase_noise,31249980.1,2100.0,3.0,10,31250808.1,-93.52428436
1000000000.0,1146905830.5499647,phase_noise,31249980.1,2100.0,3.0,10,31250809.6,-92.735672
1000000000.0,1146905830.5499647,phase_noise,31249980.1,2100.0,3.0,10,31250811.1,-97.56140137
1000000000.0,1146905830.5499647,phase_noise,31249980.1,2100.0,3.0,10,31250812.6,-96.62213898
1000000000.0,1146905830.5499647,phase_noise,31249980.1,2100.0,3.0,10,31250814.1,-98.43458557
1000000000.0,1146905830.5499647,phase_noise,31249980.1,2100.0,3.0,10,31250815.6,-96.41585541
1000000000.0,1146905830.5499647,phase_noise,31249980.1,2100.0,3.0,10,31250817.1,-94.77804565
1000000000.0,1146905830.5499647,phase_noise,31249980.1,2100.0,3.0,10,31250818.6,-93.58399963
1000000000.0,1146905830.5499647,phase_noise,31249980.1,2100.0,3.0,10,31250820.1,-93.43343353
1000000000.0,1146905830.5499647,phase_noise,31249980.1,2100.0,3.0,10,31250821.6,-93.61432648
1000000000.0,1146905830.5499647,phase_noise,31249980.1,2100.0,3.0,10,31250823.1,-92.96076965
1000000000.0,1146905830.5499647,phase_noise,31249980.1,2100.0,3.0,10,31250824.6,-93.33299255
1000000000.0,1146905830.5499647,phase_noise,31249980.1,2100.0,3.0,10,31250826.1,-92.43865204
1000000000.0,1146905830.5499647,phase_noise,31249980.1,2100.0,3.0,10,31250827.6,-92.51094055
1000000000.0,1146905830.5499647,phase_noise,31249980.1,2100.0,3.0,10,31250829.1,-92.72222137
1000000000.0,1146905830.5499647,phase_noise,31249980.1,2100.0,3.0,10,31250830.6,-93.10079956
1000000000.0,1146905830.5499647,phase_noise,31249980.1,2100.0,3.0,10,31250832.1,-93.43488312
1000000000.0,1146905830.5499647,phase_noise,31249980.1,2100.0,3.0,10,31250833.6,-91.95040131
1000000000.0,1146905830.5499647,phase_noise,31249980.1,2100.0,3.0,10,31250835.1,-92.14678955
1000000000.0,1146905830.5499647,phase_noise,31249980.1,2100.0,3.0,10,31250836.6,-92.69485474
1000000000.0,1146905830.5499647,phase_noise,31249980.1,2100.0,3.0,10,31250838.1,-95.98664856
1000000000.0,1146905830.5499647,phase_noise,31249980.1,2100.0,3.0,10,31250839.6,-96.29853821
1000000000.0,1146905830.5499647,phase_noise,31249980.1,2100.0,3.0,10,31250841.1,-94.7390976
1000000000.0,1146905830.5499647,phase_noise,31249980.1,2100.0,3.0,10,31250842.6,-94.85921478
1000000000.0,1146905830.5499647,phase_noise,31249980.1,2100.0,3.0,10,31250844.1,-94.45890808
1000000000.0,1146905830.5499647,phase_noise,31249980.1,2100.0,3.0,10,31250845.6,-94.29962921
1000000000.0,1146905830.5499647,phase_noise,31249980.1,2100.0,3.0,10,31250847.1,-93.85262299
1000000000.0,1146905830.5499647,phase_noise,31249980.1,2100.0,3.0,10,31250848.6,-95.60425568
1000000000.0,1146905830.5499647,phase_noise,31249980.1,2100.0,3.0,10,31250850.1,-97.9979248
1000000000.0,1146905830.5499647,phase_noise,31249980.1,2100.0,3.0,10,31250851.6,-95.11968231
1000000000.0,1146905830.5499647,phase_noise,31249980.1,2100.0,3.0,10,31250853.1,-93.37607574
1000000000.0,1146905830.5499647,phase_noise,31249980.1,2100.0,3.0,10,31250854.6,-92.68465424
1000000000.0,1146905830.5499647,phase_noise,31249980.1,2100.0,3.0,10,31250856.1,-92.34387207
1000000000.0,1146905830.5499647,phase_noise,31249980.1,2100.0,3.0,10,31250857.6,-94.18550873
1000000000.0,1146905830.5499647,phase_noise,31249980.1,2100.0,3.0,10,31250859.1,-94.5758667
1000000000.0,1146905830.5499647,phase_noise,31249980.1,2100.0,3.0,10,31250860.6,-92.60273743
1000000000.0,1146905830.5499647,phase_noise,31249980.1,2100.0,3.0,10,31250862.1,-92.93448639
1000000000.0,1146905830.5499647,phase_noise,31249980.1,2100.0,3.0,10,31250863.6,-94.34804535
1000000000.0,1146905830.5499647,phase_noise,31249980.1,2100.0,3.0,10,31250865.1,-96.71881104
1000000000.0,1146905830.5499647,phase_noise,31249980.1,2100.0,3.0,10,31250866.6,-94.04620361
1000000000.0,1146905830.5499647,phase_noise,31249980.1,2100.0,3.0,10,31250868.1,-93.76211548
1000000000.0,1146905830.5499647,phase_noise,31249980.1,2100.0,3.0,10,31250869.6,-94.39865875
1000000000.0,1146905830.5499647,phase_noise,31249980.1,2100.0,3.0,10,31250871.1,-96.05623627
1000000000.0,1146905830.5499647,phase_noise,31249980.1,2100.0,3.0,10,31250872.6,-94.72647095
1000000000.0,1146905830.5499647,phase_noise,31249980.1,2100.0,3.0,10,31250874.1,-93.84882355
1000000000.0,1146905830.5499647,phase_noise,31249980.1,2100.0,3.0,10,31250875.6,-95.96316528
1000000000.0,1146905830.5499647,phase_noise,31249980.1,2100.0,3.0,10,31250877.1,-96.30085754
1000000000.0,1146905830.5499647,phase_noise,31249980.1,2100.0,3.0,10,31250878.6,-95.32470703
1000000000.0,1146905830.5499647,phase_noise,31249980.1,2100.0,3.0,10,31250880.1,-94.30982971
1000000000.0,1146905830.5499647,phase_noise,31249980.1,2100.0,3.0,10,31250881.6,-95.65892792
1000000000.0,1146905830.5499647,phase_noise,31249980.1,2100.0,3.0,10,31250883.1,-96.64771271
1000000000.0,1146905830.5499647,phase_noise,31249980.1,2100.0,3.0,10,31250884.6,-93.79455566
1000000000.0,1146905830.5499647,phase_noise,31249980.1,2100.0,3.0,10,31250886.1,-91.32319641
1000000000.0,1146905830.5499647,phase_noise,31249980.1,2100.0,3.0,10,31250887.6,-91.45755005
1000000000.0,1146905830.5499647,phase_noise,31249980.1,2100.0,3.0,10,31250889.1,-93.3108902
1000000000.0,1146905830.5499647,phase_noise,31249980.1,2100.0,3.0,10,31250890.6,-93.12294006
1000000000.0,1146905830.5499647,phase_noise,31249980.1,2100.0,3.0,10,31250892.1,-92.91013336
1000000000.0,1146905830.5499647,phase_noise,31249980.1,2100.0,3.0,10,31250893.6,-94.77509308
1000000000.0,1146905830.5499647,phase_noise,31249980.1,2100.0,3.0,10,31250895.1,-92.78033447
1000000000.0,1146905830.5499647,phase_noise,31249980.1,2100.0,3.0,10,31250896.6,-91.94068146
1000000000.0,1146905830.5499647,phase_noise,31249980.1,2100.0,3.0,10,31250898.1,-95.46395874
1000000000.0,1146905830.5499647,phase_noise,31249980.1,2100.0,3.0,10,31250899.6,-96.79804993
1000000000.0,1146905830.5499647,phase_noise,31249980.1,2100.0,3.0,10,31250901.1,-94.9675293
1000000000.0,1146905830.5499647,phase_noise,31249980.1,2100.0,3.0,10,31250902.6,-95.40539551
1000000000.0,1146905830.5499647,phase_noise,31249980.1,2100.0,3.0,10,31250904.1,-96.44665527
1000000000.0,1146905830.5499647,phase_noise,31249980.1,2100.0,3.0,10,31250905.6,-96.13578796
1000000000.0,1146905830.5499647,phase_noise,31249980.1,2100.0,3.0,10,31250907.1,-93.48267365
1000000000.0,1146905830.5499647,phase_noise,31249980.1,2100.0,3.0,10,31250908.6,-93.74741364
1000000000.0,1146905830.5499647,phase_noise,31249980.1,2100.0,3.0,10,31250910.1,-95.88654327
1000000000.0,1146905830.5499647,phase_noise,31249980.1,2100.0,3.0,10,31250911.6,-94.47016144
1000000000.0,1146905830.5499647,phase_noise,31249980.1,2100.0,3.0,10,31250913.1,-95.6266861
1000000000.0,1146905830.5499647,phase_noise,31249980.1,2100.0,3.0,10,31250914.6,-92.23764038
1000000000.0,1146905830.5499647,phase_noise,31249980.1,2100.0,3.0,10,31250916.1,-92.43486023
1000000000.0,1146905830.5499647,phase_noise,31249980.1,2100.0,3.0,10,31250917.6,-93.55257416
1000000000.0,1146905830.5499647,phase_noise,31249980.1,2100.0,3.0,10,31250919.1,-93.27779388
1000000000.0,1146905830.5499647,phase_noise,31249980.1,2100.0,3.0,10,31250920.6,-94.61921692
1000000000.0,1146905830.5499647,phase_noise,31249980.1,2100.0,3.0,10,31250922.1,-94.16233826
1000000000.0,1146905830.5499647,phase_noise,31249980.1,2100.0,3.0,10,31250923.6,-94.88989258
1000000000.0,1146905830.5499647,phase_noise,31249980.1,2100.0,3.0,10,31250925.1,-98.63502502
1000000000.0,1146905830.5499647,phase_noise,31249980.1,2100.0,3.0,10,31250926.6,-97.29100037
1000000000.0,1146905830.5499647,phase_noise,31249980.1,2100.0,3.0,10,31250928.1,-97.68952942
1000000000.0,1146905830.5499647,phase_noise,31249980.1,2100.0,3.0,10,31250929.6,-96.98396301
1000000000.0,1146905830.5499647,phase_noise,31249980.1,2100.0,3.0,10,31250931.1,-97.8442688
1000000000.0,1146905830.5499647,phase_noise,31249980.1,2100.0,3.0,10,31250932.6,-97.72572327
1000000000.0,1146905830.5499647,phase_noise,31249980.1,2100.0,3.0,10,31250934.1,-96.67608643
1000000000.0,1146905830.5499647,phase_noise,31249980.1,2100.0,3.0,10,31250935.6,-93.05497742
1000000000.0,1146905830.5499647,phase_noise,31249980.1,2100.0,3.0,10,31250937.1,-92.85454559
1000000000.0,1146905830.5499647,phase_noise,31249980.1,2100.0,3.0,10,31250938.6,-94.94232941
1000000000.0,1146905830.5499647,phase_noise,31249980.1,2100.0,3.0,10,31250940.1,-93.8352356
1000000000.0,1146905830.5499647,phase_noise,31249980.1,2100.0,3.0,10,31250941.6,-91.76705933
1000000000.0,1146905830.5499647,phase_noise,31249980.1,2100.0,3.0,10,31250943.1,-93.96205139
1000000000.0,1146905830.5499647,phase_noise,31249980.1,2100.0,3.0,10,31250944.6,-93.64196777
1000000000.0,1146905830.5499647,phase_noise,31249980.1,2100.0,3.0,10,31250946.1,-96.09353638
1000000000.0,1146905830.5499647,phase_noise,31249980.1,2100.0,3.0,10,31250947.6,-94.98938751
1000000000.0,1146905830.5499647,phase_noise,31249980.1,2100.0,3.0,10,31250949.1,-95.75830078
1000000000.0,1146905830.5499647,phase_noise,31249980.1,2100.0,3.0,10,31250950.6,-95.51436615
1000000000.0,1146905830.5499647,phase_noise,31249980.1,2100.0,3.0,10,31250952.1,-94.49765778
1000000000.0,1146905830.5499647,phase_noise,31249980.1,2100.0,3.0,10,31250953.6,-93.23652649
1000000000.0,1146905830.5499647,phase_noise,31249980.1,2100.0,3.0,10,31250955.1,-91.63690948
1000000000.0,1146905830.5499647,phase_noise,31249980.1,2100.0,3.0,10,31250956.6,-90.74111176
1000000000.0,1146905830.5499647,phase_noise,31249980.1,2100.0,3.0,10,31250958.1,-92.39769745
1000000000.0,1146905830.5499647,phase_noise,31249980.1,2100.0,3.0,10,31250959.6,-93.74488068
1000000000.0,1146905830.5499647,phase_noise,31249980.1,2100.0,3.0,10,31250961.1,-93.84047699
1000000000.0,1146905830.5499647,phase_noise,31249980.1,2100.0,3.0,10,31250962.6,-92.59658051
1000000000.0,1146905830.5499647,phase_noise,31249980.1,2100.0,3.0,10,31250964.1,-93.54676056
1000000000.0,1146905830.5499647,phase_noise,31249980.1,2100.0,3.0,10,31250965.6,-94.95344543
1000000000.0,1146905830.5499647,phase_noise,31249980.1,2100.0,3.0,10,31250967.1,-98.19290161
1000000000.0,1146905830.5499647,phase_noise,31249980.1,2100.0,3.0,10,31250968.6,-96.68431854
1000000000.0,1146905830.5499647,phase_noise,31249980.1,2100.0,3.0,10,31250970.1,-95.4497757
1000000000.0,1146905830.5499647,phase_noise,31249980.1,2100.0,3.0,10,31250971.6,-97.14073181
1000000000.0,1146905830.5499647,phase_noise,31249980.1,2100.0,3.0,10,31250973.1,-94.00563049
1000000000.0,1146905830.5499647,phase_noise,31249980.1,2100.0,3.0,10,31250974.6,-95.64737701
1000000000.0,1146905830.5499647,phase_noise,31249980.1,2100.0,3.0,10,31250976.1,-93.83548737
1000000000.0,1146905830.5499647,phase_noise,31249980.1,2100.0,3.0,10,31250977.6,-95.19842529
1000000000.0,1146905830.5499647,phase_noise,31249980.1,2100.0,3.0,10,31250979.1,-90.8404541
1000000000.0,1146905830.5499647,phase_noise,31249980.1,2100.0,3.0,10,31250980.6,-90.11880493
1000000000.0,1146905830.5499647,phase_noise,31249980.1,2100.0,3.0,10,31250982.1,-93.34020996
1000000000.0,1146905830.5499647,phase_noise,31249980.1,2100.0,3.0,10,31250983.6,-93.30471039
1000000000.0,1146905830.5499647,phase_noise,31249980.1,2100.0,3.0,10,31250985.1,-93.06304932
1000000000.0,1146905830.5499647,phase_noise,31249980.1,2100.0,3.0,10,31250986.6,-94.31784821
1000000000.0,1146905830.5499647,phase_noise,31249980.1,2100.0,3.0,10,31250988.1,-94.77801514
1000000000.0,1146905830.5499647,phase_noise,31249980.1,2100.0,3.0,10,31250989.6,-93.68927002
1000000000.0,1146905830.5499647,phase_noise,31249980.1,2100.0,3.0,10,31250991.1,-92.73574066
1000000000.0,1146905830.5499647,phase_noise,31249980.1,2100.0,3.0,10,31250992.6,-94.07093811
1000000000.0,1146905830.5499647,phase_noise,31249980.1,2100.0,3.0,10,31250994.1,-95.67434692
1000000000.0,1146905830.5499647,phase_noise,31249980.1,2100.0,3.0,10,31250995.6,-92.23210907
1000000000.0,1146905830.5499647,phase_noise,31249980.1,2100.0,3.0,10,31250997.1,-92.44197845
1000000000.0,1146905830.5499647,phase_noise,31249980.1,2100.0,3.0,10,31250998.6,-93.65614319
1000000000.0,1146905830.5499647,phase_noise,31249980.1,2100.0,3.0,10,31251000.1,-93.94210052
1000000000.0,1146905830.5499647,phase_noise,31249980.1,2100.0,3.0,10,31251001.6,-95.63188171
1000000000.0,1146905830.5499647,phase_noise,31249980.1,2100.0,3.0,10,31251003.1,-94.99562836
1000000000.0,1146905830.5499647,phase_noise,31249980.1,2100.0,3.0,10,31251004.6,-96.29725647
1000000000.0,1146905830.5499647,phase_noise,31249980.1,2100.0,3.0,10,31251006.1,-95.6920166
1000000000.0,1146905830.5499647,phase_noise,31249980.1,2100.0,3.0,10,31251007.6,-97.47737122
1000000000.0,1146905830.5499647,phase_noise,31249980.1,2100.0,3.0,10,31251009.1,-95.72908783
1000000000.0,1146905830.5499647,phase_noise,31249980.1,2100.0,3.0,10,31251010.6,-93.89471436
1000000000.0,1146905830.5499647,phase_noise,31249980.1,2100.0,3.0,10,31251012.1,-93.00936127
1000000000.0,1146905830.5499647,phase_noise,31249980.1,2100.0,3.0,10,31251013.6,-92.2067337
1000000000.0,1146905830.5499647,phase_noise,31249980.1,2100.0,3.0,10,31251015.1,-93.28230286
1000000000.0,1146905830.5499647,phase_noise,31249980.1,2100.0,3.0,10,31251016.6,-92.62721252
1000000000.0,1146905830.5499647,phase_noise,31249980.1,2100.0,3.0,10,31251018.1,-93.31873322
1000000000.0,1146905830.5499647,phase_noise,31249980.1,2100.0,3.0,10,31251019.6,-95.20928192
1000000000.0,1146905830.5499647,phase_noise,31249980.1,2100.0,3.0,10,31251021.1,-97.41423035
1000000000.0,1146905830.5499647,phase_noise,31249980.1,2100.0,3.0,10,31251022.6,-95.15398407
1000000000.0,1146905830.5499647,phase_noise,31249980.1,2100.0,3.0,10,31251024.1,-93.55906677
1000000000.0,1146905830.5499647,phase_noise,31249980.1,2100.0,3.0,10,31251025.6,-94.83660889
1000000000.0,1146905830.5499647,phase_noise,31249980.1,2100.0,3.0,10,31251027.1,-95.5968399
1000000000.0,1146905830.5499647,phase_noise,31249980.1,2100.0,3.0,10,31251028.6,-94.16711426
1000000000.0,1146905830.5499647,phase_noise,31249980.1,2100.0,3.0,10,31251030.1,-92.76986694
1000000000.0,1146905830.5499647,phase_noise,31249980.1,21000.0,30.0,10,31239480.1,-67.41483307
1000000000.0,1146905830.5499647,phase_noise,31249980.1,21000.0,30.0,10,31239495.1,-69.83662415
1000000000.0,1146905830.5499647,phase_noise,31249980.1,21000.0,30.0,10,31239510.1,-75.82699585
1000000000.0,1146905830.5499647,phase_noise,31249980.1,21000.0,30.0,10,31239525.1,-81.72932434
1000000000.0,1146905830.5499647,phase_noise,31249980.1,21000.0,30.0,10,31239540.1,-82.26696014
1000000000.0,1146905830.5499647,phase_noise,31249980.1,21000.0,30.0,10,31239555.1,-82.11664581
1000000000.0,1146905830.5499647,phase_noise,31249980.1,21000.0,30.0,10,31239570.1,-81.40562439
1000000000.0,1146905830.5499647,phase_noise,31249980.1,21000.0,30.0,10,31239585.1,-81.51341248
1000000000.0,1146905830.5499647,phase_noise,31249980.1,21000.0,30.0,10,31239600.1,-81.22650146
1000000000.0,1146905830.5499647,phase_noise,31249980.1,21000.0,30.0,10,31239615.1,-82.56636047
1000000000.0,1146905830.5499647,phase_noise,31249980.1,21000.0,30.0,10,31239630.1,-81.44206238
1000000000.0,1146905830.5499647,phase_noise,31249980.1,21000.0,30.0,10,31239645.1,-81.40104675
1000000000.0,1146905830.5499647,phase_noise,31249980.1,21000.0,30.0,10,31239660.1,-81.26685333
1000000000.0,1146905830.5499647,phase_noise,31249980.1,21000.0,30.0,10,31239675.1,-81.21865082
1000000000.0,1146905830.5499647,phase_noise,31249980.1,21000.0,30.0,10,31239690.1,-83.25447083
1000000000.0,1146905830.5499647,phase_noise,31249980.1,21000.0,30.0,10,31239705.1,-84.50250244
1000000000.0,1146905830.5499647,phase_noise,31249980.1,21000.0,30.0,10,31239720.1,-80.92140198
1000000000.0,1146905830.5499647,phase_noise,31249980.1,21000.0,30.0,10,31239735.1,-79.56898499
1000000000.0,1146905830.5499647,phase_noise,31249980.1,21000.0,30.0,10,31239750.1,-81.22167969
1000000000.0,1146905830.5499647,phase_noise,31249980.1,21000.0,30.0,10,31239765.1,-83.95935059
1000000000.0,1146905830.5499647,phase_noise,31249980.1,21000.0,30.0,10,31239780.1,-82.72975159
1000000000.0,1146905830.5499647,phase_noise,31249980.1,21000.0,30.0,10,31239795.1,-82.28817749
1000000000.0,1146905830.5499647,phase_noise,31249980.1,21000.0,30.0,10,31239810.1,-85.6124115
1000000000.0,1146905830.5499647,phase_noise,31249980.1,21000.0,30.0,10,31239825.1,-85.9366684
1000000000.0,1146905830.5499647,phase_noise,31249980.1,21000.0,30.0,10,31239840.1,-85.21176147
1000000000.0,1146905830.5499647,phase_noise,31249980.1,21000.0,30.0,10,31239855.1,-86.13452911
1000000000.0,1146905830.5499647,phase_noise,31249980.1,21000.0,30.0,10,31239870.1,-87.09416962
1000000000.0,1146905830.5499647,phase_noise,31249980.1,21000.0,30.0,10,31239885.1,-82.69408417
1000000000.0,1146905830.5499647,phase_noise,31249980.1,21000.0,30.0,10,31239900.1,-82.30455017
1000000000.0,1146905830.5499647,phase_noise,31249980.1,21000.0,30.0,10,31239915.1,-82.71406555
1000000000.0,1146905830.5499647,phase_noise,31249980.1,21000.0,30.0,10,31239930.1,-83.17484283
1000000000.0,1146905830.5499647,phase_noise,31249980.1,21000.0,30.0,10,31239945.1,-82.82697296
1000000000.0,1146905830.5499647,phase_noise,31249980.1,21000.0,30.0,10,31239960.1,-79.58704376
1000000000.0,1146905830.5499647,phase_noise,31249980.1,21000.0,30.0,10,31239975.1,-78.57591248
1000000000.0,1146905830.5499647,phase_noise,31249980.1,21000.0,30.0,10,31239990.1,-82.71511841
1000000000.0,1146905830.5499647,phase_noise,31249980.1,21000.0,30.0,10,31240005.1,-84.10590363
1000000000.0,1146905830.5499647,phase_noise,31249980.1,21000.0,30.0,10,31240020.1,-84.73114014
1000000000.0,1146905830.5499647,phase_noise,31249980.1,21000.0,30.0,10,31240035.1,-83.08539581
1000000000.0,1146905830.5499647,phase_noise,31249980.1,21000.0,30.0,10,31240050.1,-83.89622498
1000000000.0,1146905830.5499647,phase_noise,31249980.1,21000.0,30.0,10,31240065.1,-85.25223541
1000000000.0,1146905830.5499647,phase_noise,31249980.1,21000.0,30.0,10,31240080.1,-82.97132874
1000000000.0,1146905830.5499647,phase_noise,31249980.1,21000.0,30.0,10,31240095.1,-83.77120972
1000000000.0,1146905830.5499647,phase_noise,31249980.1,21000.0,30.0,10,31240110.1,-85.43936157
1000000000.0,1146905830.5499647,phase_noise,31249980.1,21000.0,30.0,10,31240125.1,-83.31646729
1000000000.0,1146905830.5499647,phase_noise,31249980.1,21000.0,30.0,10,31240140.1,-81.59937286
1000000000.0,1146905830.5499647,phase_noise,31249980.1,21000.0,30.0,10,31240155.1,-81.22557068
1000000000.0,1146905830.5499647,phase_noise,31249980.1,21000.0,30.0,10,31240170.1,-81.99804687
1000000000.0,1146905830.5499647,phase_noise,31249980.1,21000.0,30.0,10,31240185.1,-84.8548584
1000000000.0,1146905830.5499647,phase_noise,31249980.1,21000.0,30.0,10,31240200.1,-85.61627197
1000000000.0,1146905830.5499647,phase_noise,31249980.1,21000.0,30.0,10,31240215.1,-87.9637146
1000000000.0,1146905830.5499647,phase_noise,31249980.1,21000.0,30.0,10,31240230.1,-86.15789795
1000000000.0,1146905830.5499647,phase_noise,31249980.1,21000.0,30.0,10,31240245.1,-83.69907379
1000000000.0,1146905830.5499647,phase_noise,31249980.1,21000.0,30.0,10,31240260.1,-83.65990448
1000000000.0,1146905830.5499647,phase_noise,31249980.1,21000.0,30.0,10,31240275.1,-77.57105255
1000000000.0,1146905830.5499647,phase_noise,31249980.1,21000.0,30.0,10,31240290.1,-72.65891266
1000000000.0,1146905830.5499647,phase_noise,31249980.1,21000.0,30.0,10,31240305.1,-73.91828918
1000000000.0,1146905830.5499647,phase_noise,31249980.1,21000.0,30.0,10,31240320.1,-69.58596802
1000000000.0,1146905830.5499647,phase_noise,31249980.1,21000.0,30.0,10,31240335.1,-65.50480652
1000000000.0,1146905830.5499647,phase_noise,31249980.1,21000.0,30.0,10,31240350.1,-67.37212372
1000000000.0,1146905830.5499647,phase_noise,31249980.1,21000.0,30.0,10,31240365.1,-75.57120514
1000000000.0,1146905830.5499647,phase_noise,31249980.1,21000.0,30.0,10,31240380.1,-79.60829163
1000000000.0,1146905830.5499647,phase_noise,31249980.1,21000.0,30.0,10,31240395.1,-79.42566681
1000000000.0,1146905830.5499647,phase_noise,31249980.1,21000.0,30.0,10,31240410.1,-80.85263062
1000000000.0,1146905830.5499647,phase_noise,31249980.1,21000.0,30.0,10,31240425.1,-84.25107574
1000000000.0,1146905830.5499647,phase_noise,31249980.1,21000.0,30.0,10,31240440.1,-85.08827209
1000000000.0,1146905830.5499647,phase_noise,31249980.1,21000.0,30.0,10,31240455.1,-84.73971558
1000000000.0,1146905830.5499647,phase_noise,31249980.1,21000.0,30.0,10,31240470.1,-84.9230423
1000000000.0,1146905830.5499647,phase_noise,31249980.1,21000.0,30.0,10,31240485.1,-87.84729004
1000000000.0,1146905830.5499647,phase_noise,31249980.1,21000.0,30.0,10,31240500.1,-83.50571442
1000000000.0,1146905830.5499647,phase_noise,31249980.1,21000.0,30.0,10,31240515.1,-82.78691864
1000000000.0,1146905830.5499647,phase_noise,31249980.1,21000.0,30.0,10,31240530.1,-83.64422607
1000000000.0,1146905830.5499647,phase_noise,31249980.1,21000.0,30.0,10,31240545.1,-86.80345917
1000000000.0,1146905830.5499647,phase_noise,31249980.1,21000.0,30.0,10,31240560.1,-84.78338623
1000000000.0,1146905830.5499647,phase_noise,31249980.1,21000.0,30.0,10,31240575.1,-84.389328
1000000000.0,1146905830.5499647,phase_noise,31249980.1,21000.0,30.0,10,31240590.1,-86.85259247
1000000000.0,1146905830.5499647,phase_noise,31249980.1,21000.0,30.0,10,31240605.1,-86.19486237
1000000000.0,1146905830.5499647,phase_noise,31249980.1,21000.0,30.0,10,31240620.1,-84.6510849
1000000000.0,1146905830.5499647,phase_noise,31249980.1,21000.0,30.0,10,31240635.1,-84.90353394
1000000000.0,1146905830.5499647,phase_noise,31249980.1,21000.0,30.0,10,31240650.1,-85.39949036
1000000000.0,1146905830.5499647,phase_noise,31249980.1,21000.0,30.0,10,31240665.1,-86.76403046
1000000000.0,1146905830.5499647,phase_noise,31249980.1,21000.0,30.0,10,31240680.1,-87.27976227
1000000000.0,1146905830.5499647,phase_noise,31249980.1,21000.0,30.0,10,31240695.1,-86.2689743
1000000000.0,1146905830.5499647,phase_noise,31249980.1,21000.0,30.0,10,31240710.1,-83.42276764
1000000000.0,1146905830.5499647,phase_noise,31249980.1,21000.0,30.0,10,31240725.1,-82.12548065
1000000000.0,1146905830.5499647,phase_noise,31249980.1,21000.0,30.0,10,31240740.1,-82.57740784
1000000000.0,1146905830.5499647,phase_noise,31249980.1,21000.0,30.0,10,31240755.1,-83.43864441
1000000000.0,1146905830.5499647,phase_noise,31249980.1,21000.0,30.0,10,31240770.1,-82.26272583
1000000000.0,1146905830.5499647,phase_noise,31249980.1,21000.0,30.0,10,31240785.1,-82.66797638
1000000000.0,1146905830.5499647,phase_noise,31249980.1,21000.0,30.0,10,31240800.1,-85.58770752
1000000000.0,1146905830.5499647,phase_noise,31249980.1,21000.0,30.0,10,31240815.1,-85.07303619
1000000000.0,1146905830.5499647,phase_noise,31249980.1,21000.0,30.0,10,31240830.1,-84.53894043
1000000000.0,1146905830.5499647,phase_noise,31249980.1,21000.0,30.0,10,31240845.1,-85.3855896
1000000000.0,1146905830.5499647,phase_noise,31249980.1,21000.0,30.0,10,31240860.1,-86.73326874
1000000000.0,1146905830.5499647,phase_noise,31249980.1,21000.0,30.0,10,31240875.1,-86.00857544
1000000000.0,1146905830.5499647,phase_noise,31249980.1,21000.0,30.0,10,31240890.1,-84.67575836
1000000000.0,1146905830.5499647,phase_noise,31249980.1,21000.0,30.0,10,31240905.1,-84.00135803
1000000000.0,1146905830.5499647,phase_noise,31249980.1,21000.0,30.0,10,31240920.1,-85.52915192
1000000000.0,1146905830.5499647,phase_noise,31249980.1,21000.0,30.0,10,31240935.1,-83.60923767
1000000000.0,1146905830.5499647,phase_noise,31249980.1,21000.0,30.0,10,31240950.1,-81.47052765
1000000000.0,1146905830.5499647,phase_noise,31249980.1,21000.0,30.0,10,31240965.1,-81.99589539
1000000000.0,1146905830.5499647,phase_noise,31249980.1,21000.0,30.0,10,31240980.1,-83.7641449
1000000000.0,1146905830.5499647,phase_noise,31249980.1,21000.0,30.0,10,31240995.1,-81.99339294
1000000000.0,1146905830.5499647,phase_noise,31249980.1,21000.0,30.0,10,31241010.1,-80.48189545
1000000000.0,1146905830.5499647,phase_noise,31249980.1,21000.0,30.0,10,31241025.1,-82.37918091
1000000000.0,1146905830.5499647,phase_noise,31249980.1,21000.0,30.0,10,31241040.1,-85.60858917
1000000000.0,1146905830.5499647,phase_noise,31249980.1,21000.0,30.0,10,31241055.1,-83.10810089
1000000000.0,1146905830.5499647,phase_noise,31249980.1,21000.0,30.0,10,31241070.1,-82.89480591
1000000000.0,1146905830.5499647,phase_noise,31249980.1,21000.0,30.0,10,31241085.1,-83.66390228
1000000000.0,1146905830.5499647,phase_noise,31249980.1,21000.0,30.0,10,31241100.1,-82.91413116
1000000000.0,1146905830.5499647,phase_noise,31249980.1,21000.0,30.0,10,31241115.1,-81.85276794
1000000000.0,1146905830.5499647,phase_noise,31249980.1,21000.0,30.0,10,31241130.1,-82.30513
1000000000.0,1146905830.5499647,phase_noise,31249980.1,21000.0,30.0,10,31241145.1,-82.38724518
1000000000.0,1146905830.5499647,phase_noise,31249980.1,21000.0,30.0,10,31241160.1,-86.02617645
1000000000.0,1146905830.5499647,phase_noise,31249980.1,21000.0,30.0,10,31241175.1,-85.92858124
1000000000.0,1146905830.5499647,phase_noise,31249980.1,21000.0,30.0,10,31241190.1,-87.47457123
1000000000.0,1146905830.5499647,phase_noise,31249980.1,21000.0,30.0,10,31241205.1,-88.34197998
1000000000.0,1146905830.5499647,phase_noise,31249980.1,21000.0,30.0,10,31241220.1,-83.71165466
1000000000.0,1146905830.5499647,phase_noise,31249980.1,21000.0,30.0,10,31241235.1,-84.47233582
1000000000.0,1146905830.5499647,phase_noise,31249980.1,21000.0,30.0,10,31241250.1,-85.2971344
1000000000.0,1146905830.5499647,phase_noise,31249980.1,21000.0,30.0,10,31241265.1,-84.76966858
1000000000.0,1146905830.5499647,phase_noise,31249980.1,21000.0,30.0,10,31241280.1,-82.780159
1000000000.0,1146905830.5499647,phase_noise,31249980.1,21000.0,30.0,10,31241295.1,-82.0038147
1000000000.0,1146905830.5499647,phase_noise,31249980.1,21000.0,30.0,10,31241310.1,-82.63615417
1000000000.0,1146905830.5499647,phase_noise,31249980.1,21000.0,30.0,10,31241325.1,-83.2678299
1000000000.0,1146905830.5499647,phase_noise,31249980.1,21000.0,30.0,10,31241340.1,-84.04205322
1000000000.0,1146905830.5499647,phase_noise,31249980.1,21000.0,30.0,10,31241355.1,-82.13361359
1000000000.0,1146905830.5499647,phase_noise,31249980.1,21000.0,30.0,10,31241370.1,-82.58190918
1000000000.0,1146905830.5499647,phase_noise,31249980.1,21000.0,30.0,10,31241385.1,-82.98004913
1000000000.0,1146905830.5499647,phase_noise,31249980.1,21000.0,30.0,10,31241400.1,-84.05365753
1000000000.0,1146905830.5499647,phase_noise,31249980.1,21000.0,30.0,10,31241415.1,-83.81993866
1000000000.0,1146905830.5499647,phase_noise,31249980.1,21000.0,30.0,10,31241430.1,-83.32289886
1000000000.0,1146905830.5499647,phase_noise,31249980.1,21000.0,30.0,10,31241445.1,-83.68495178
1000000000.0,1146905830.5499647,phase_noise,31249980.1,21000.0,30.0,10,31241460.1,-85.01894379
1000000000.0,1146905830.5499647,phase_noise,31249980.1,21000.0,30.0,10,31241475.1,-84.37942505
1000000000.0,1146905830.5499647,phase_noise,31249980.1,21000.0,30.0,10,31241490.1,-85.47432709
1000000000.0,1146905830.5499647,phase_noise,31249980.1,21000.0,30.0,10,31241505.1,-83.43634033
1000000000.0,1146905830.5499647,phase_noise,31249980.1,21000.0,30.0,10,31241520.1,-82.85906219
1000000000.0,1146905830.5499647,phase_noise,31249980.1,21000.0,30.0,10,31241535.1,-84.61241913
1000000000.0,1146905830.5499647,phase_noise,31249980.1,21000.0,30.0,10,31241550.1,-80.86756897
1000000000.0,1146905830.5499647,phase_noise,31249980.1,21000.0,30.0,10,31241565.1,-79.43331909
1000000000.0,1146905830.5499647,phase_noise,31249980.1,21000.0,30.0,10,31241580.1,-80.05863953
1000000000.0,1146905830.5499647,phase_noise,31249980.1,21000.0,30.0,10,31241595.1,-82.90341187
1000000000.0,1146905830.5499647,phase_noise,31249980.1,21000.0,30.0,10,31241610.1,-85.19415283
1000000000.0,1146905830.5499647,phase_noise,31249980.1,21000.0,30.0,10,31241625.1,-85.62576294
1000000000.0,1146905830.5499647,phase_noise,31249980.1,21000.0,30.0,10,31241640.1,-85.17385101
1000000000.0,1146905830.5499647,phase_noise,31249980.1,21000.0,30.0,10,31241655.1,-85.53007507
1000000000.0,1146905830.5499647,phase_noise,31249980.1,21000.0,30.0,10,31241670.1,-84.18035126
1000000000.0,1146905830.5499647,phase_noise,31249980.1,21000.0,30.0,10,31241685.1,-82.55443573
1000000000.0,1146905830.5499647,phase_noise,31249980.1,21000.0,30.0,10,31241700.1,-82.28317261
1000000000.0,1146905830.5499647,phase_noise,31249980.1,21000.0,30.0,10,31241715.1,-86.77667236
1000000000.0,1146905830.5499647,phase_noise,31249980.1,21000.0,30.0,10,31241730.1,-85.93044281
1000000000.0,1146905830.5499647,phase_noise,31249980.1,21000.0,30.0,10,31241745.1,-83.34528351
1000000000.0,1146905830.5499647,phase_noise,31249980.1,21000.0,30.0,10,31241760.1,-82.9208374
1000000000.0,1146905830.5499647,phase_noise,31249980.1,21000.0,30.0,10,31241775.1,-81.38261414
1000000000.0,1146905830.5499647,phase_noise,31249980.1,21000.0,30.0,10,31241790.1,-81.14838409
1000000000.0,1146905830.5499647,phase_noise,31249980.1,21000.0,30.0,10,31241805.1,-81.73748016
1000000000.0,1146905830.5499647,phase_noise,31249980.1,21000.0,30.0,10,31241820.1,-82.96155548
1000000000.0,1146905830.5499647,phase_noise,31249980.1,21000.0,30.0,10,31241835.1,-84.37493896
1000000000.0,1146905830.5499647,phase_noise,31249980.1,21000.0,30.0,10,31241850.1,-81.0997467
1000000000.0,1146905830.5499647,phase_noise,31249980.1,21000.0,30.0,10,31241865.1,-80.6798172
1000000000.0,1146905830.5499647,phase_noise,31249980.1,21000.0,30.0,10,31241880.1,-81.69361877
1000000000.0,1146905830.5499647,phase_noise,31249980.1,21000.0,30.0,10,31241895.1,-85.20484924
1000000000.0,1146905830.5499647,phase_noise,31249980.1,21000.0,30.0,10,31241910.1,-86.10601044
1000000000.0,1146905830.5499647,phase_noise,31249980.1,21000.0,30.0,10,31241925.1,-85.23343658
1000000000.0,1146905830.5499647,phase_noise,31249980.1,21000.0,30.0,10,31241940.1,-84.4745636
1000000000.0,1146905830.5499647,phase_noise,31249980.1,21000.0,30.0,10,31241955.1,-84.69242096
1000000000.0,1146905830.5499647,phase_noise,31249980.1,21000.0,30.0,10,31241970.1,-87.82292175
1000000000.0,1146905830.5499647,phase_noise,31249980.1,21000.0,30.0,10,31241985.1,-86.24938965
1000000000.0,1146905830.5499647,phase_noise,31249980.1,21000.0,30.0,10,31242000.1,-84.3959198
1000000000.0,1146905830.5499647,phase_noise,31249980.1,21000.0,30.0,10,31242015.1,-83.71674347
1000000000.0,1146905830.5499647,phase_noise,31249980.1,21000.0,30.0,10,31242030.1,-84.31698608
1000000000.0,1146905830.5499647,phase_noise,31249980.1,21000.0,30.0,10,31242045.1,-86.48310852
1000000000.0,1146905830.5499647,phase_noise,31249980.1,21000.0,30.0,10,31242060.1,-82.54244232
1000000000.0,1146905830.5499647,phase_noise,31249980.1,21000.0,30.0,10,31242075.1,-82.49650574
1000000000.0,1146905830.5499647,phase_noise,31249980.1,21000.0,30.0,10,31242090.1,-85.11821747
1000000000.0,1146905830.5499647,phase_noise,31249980.1,21000.0,30.0,10,31242105.1,-83.2532959
1000000000.0,1146905830.5499647,phase_noise,31249980.1,21000.0,30.0,10,31242120.1,-86.08563232
1000000000.0,1146905830.5499647,phase_noise,31249980.1,21000.0,30.0,10,31242135.1,-87.59729004
1000000000.0,1146905830.5499647,phase_noise,31249980.1,21000.0,30.0,10,31242150.1,-85.74729156
1000000000.0,1146905830.5499647,phase_noise,31249980.1,21000.0,30.0,10,31242165.1,-85.64730835
1000000000.0,1146905830.5499647,phase_noise,31249980.1,21000.0,30.0,10,31242180.1,-86.08493042
1000000000.0,1146905830.5499647,phase_noise,31249980.1,21000.0,30.0,10,31242195.1,-84.73399353
1000000000.0,1146905830.5499647,phase_noise,31249980.1,21000.0,30.0,10,31242210.1,-85.20746613
1000000000.0,1146905830.5499647,phase_noise,31249980.1,21000.0,30.0,10,31242225.1,-82.82073975
1000000000.0,1146905830.5499647,phase_noise,31249980.1,21000.0,30.0,10,31242240.1,-83.27729034
1000000000.0,1146905830.5499647,phase_noise,31249980.1,21000.0,30.0,10,31242255.1,-82.43740082
1000000000.0,1146905830.5499647,phase_noise,31249980.1,21000.0,30.0,10,31242270.1,-85.41034698
1000000000.0,1146905830.5499647,phase_noise,31249980.1,21000.0,30.0,10,31242285.1,-86.96353149
1000000000.0,1146905830.5499647,phase_noise,31249980.1,21000.0,30.0,10,31242300.1,-85.10959625
1000000000.0,1146905830.5499647,phase_noise,31249980.1,21000.0,30.0,10,31242315.1,-83.6155777
1000000000.0,1146905830.5499647,phase_noise,31249980.1,21000.0,30.0,10,31242330.1,-81.60777283
1000000000.0,1146905830.5499647,phase_noise,31249980.1,21000.0,30.0,10,31242345.1,-81.47210693
1000000000.0,1146905830.5499647,phase_noise,31249980.1,21000.0,30.0,10,31242360.1,-81.06175232
1000000000.0,1146905830.5499647,phase_noise,31249980.1,21000.0,30.0,10,31242375.1,-79.81163025
1000000000.0,1146905830.5499647,phase_noise,31249980.1,21000.0,30.0,10,31242390.1,-80.86715698
1000000000.0,1146905830.5499647,phase_noise,31249980.1,21000.0,30.0,10,31242405.1,-81.71697998
1000000000.0,1146905830.5499647,phase_noise,31249980.1,21000.0,30.0,10,31242420.1,-82.54335022
1000000000.0,1146905830.5499647,phase_noise,31249980.1,21000.0,30.0,10,31242435.1,-82.44934082
1000000000.0,1146905830.5499647,phase_noise,31249980.1,21000.0,30.0,10,31242450.1,-81.36963654
1000000000.0,1146905830.5499647,phase_noise,31249980.1,21000.0,30.0,10,31242465.1,-82.72653961
1000000000.0,1146905830.5499647,phase_noise,31249980.1,21000.0,30.0,10,31242480.1,-83.7722168
1000000000.0,1146905830.5499647,phase_noise,31249980.1,21000.0,30.0,10,31242495.1,-83.27046967
1000000000.0,1146905830.5499647,phase_noise,31249980.1,21000.0,30.0,10,31242510.1,-82.21142578
1000000000.0,1146905830.5499647,phase_noise,31249980.1,21000.0,30.0,10,31242525.1,-83.07136536
1000000000.0,1146905830.5499647,phase_noise,31249980.1,21000.0,30.0,10,31242540.1,-81.85471344
1000000000.0,1146905830.5499647,phase_noise,31249980.1,21000.0,30.0,10,31242555.1,-81.53344727
1000000000.0,1146905830.5499647,phase_noise,31249980.1,21000.0,30.0,10,31242570.1,-82.65162659
1000000000.0,1146905830.5499647,phase_noise,31249980.1,21000.0,30.0,10,31242585.1,-88.64177704
1000000000.0,1146905830.5499647,phase_noise,31249980.1,21000.0,30.0,10,31242600.1,-88.96677399
1000000000.0,1146905830.5499647,phase_noise,31249980.1,21000.0,30.0,10,31242615.1,-86.50543213
1000000000.0,1146905830.5499647,phase_noise,31249980.1,21000.0,30.0,10,31242630.1,-84.52879333
1000000000.0,1146905830.5499647,phase_noise,31249980.1,21000.0,30.0,10,31242645.1,-83.15229034
1000000000.0,1146905830.5499647,phase_noise,31249980.1,21000.0,30.0,10,31242660.1,-83.86855316
1000000000.0,1146905830.5499647,phase_noise,31249980.1,21000.0,30.0,10,31242675.1,-84.940979
1000000000.0,1146905830.5499647,phase_noise,31249980.1,21000.0,30.0,10,31242690.1,-84.05648041
1000000000.0,1146905830.5499647,phase_noise,31249980.1,21000.0,30.0,10,31242705.1,-82.94215393
1000000000.0,1146905830.5499647,phase_noise,31249980.1,21000.0,30.0,10,31242720.1,-83.52897644
1000000000.0,1146905830.5499647,phase_noise,31249980.1,21000.0,30.0,10,31242735.1,-82.17279053
1000000000.0,1146905830.5499647,phase_noise,31249980.1,21000.0,30.0,10,31242750.1,-80.51789856
1000000000.0,1146905830.5499647,phase_noise,31249980.1,21000.0,30.0,10,31242765.1,-84.36051178
1000000000.0,1146905830.5499647,phase_noise,31249980.1,21000.0,30.0,10,31242780.1,-85.40162659
1000000000.0,1146905830.5499647,phase_noise,31249980.1,21000.0,30.0,10,31242795.1,-85.35787201
1000000000.0,1146905830.5499647,phase_noise,31249980.1,21000.0,30.0,10,31242810.1,-82.59079742
1000000000.0,1146905830.5499647,phase_noise,31249980.1,21000.0,30.0,10,31242825.1,-81.17644501
1000000000.0,1146905830.5499647,phase_noise,31249980.1,21000.0,30.0,10,31242840.1,-83.26282501
1000000000.0,1146905830.5499647,phase_noise,31249980.1,21000.0,30.0,10,31242855.1,-86.40772247
1000000000.0,1146905830.5499647,phase_noise,31249980.1,21000.0,30.0,10,31242870.1,-87.53409576
1000000000.0,1146905830.5499647,phase_noise,31249980.1,21000.0,30.0,10,31242885.1,-85.62815094
1000000000.0,1146905830.5499647,phase_noise,31249980.1,21000.0,30.0,10,31242900.1,-85.7432785
1000000000.0,1146905830.5499647,phase_noise,31249980.1,21000.0,30.0,10,31242915.1,-85.83009338
1000000000.0,1146905830.5499647,phase_noise,31249980.1,21000.0,30.0,10,31242930.1,-84.6834259
1000000000.0,1146905830.5499647,phase_noise,31249980.1,21000.0,30.0,10,31242945.1,-83.89681244
1000000000.0,1146905830.5499647,phase_noise,31249980.1,21000.0,30.0,10,31242960.1,-83.68757629
1000000000.0,1146905830.5499647,phase_noise,31249980.1,21000.0,30.0,10,31242975.1,-84.04650879
1000000000.0,1146905830.5499647,phase_noise,31249980.1,21000.0,30.0,10,31242990.1,-83.13063049
1000000000.0,1146905830.5499647,phase_noise,31249980.1,21000.0,30.0,10,31243005.1,-81.69622803
1000000000.0,1146905830.5499647,phase_noise,31249980.1,21000.0,30.0,10,31243020.1,-80.11177063
1000000000.0,1146905830.5499647,phase_noise,31249980.1,21000.0,30.0,10,31243035.1,-81.56217194
1000000000.0,1146905830.5499647,phase_noise,31249980.1,21000.0,30.0,10,31243050.1,-84.56529999
1000000000.0,1146905830.5499647,phase_noise,31249980.1,21000.0,30.0,10,31243065.1,-81.89302063
1000000000.0,1146905830.5499647,phase_noise,31249980.1,21000.0,30.0,10,31243080.1,-83.55034637
1000000000.0,1146905830.5499647,phase_noise,31249980.1,21000.0,30.0,10,31243095.1,-82.56942749
1000000000.0,1146905830.5499647,phase_noise,31249980.1,21000.0,30.0,10,31243110.1,-83.79938507
1000000000.0,1146905830.5499647,phase_noise,31249980.1,21000.0,30.0,10,31243125.1,-87.09120178
1000000000.0,1146905830.5499647,phase_noise,31249980.1,21000.0,30.0,10,31243140.1,-84.01097107
1000000000.0,1146905830.5499647,phase_noise,31249980.1,21000.0,30.0,10,31243155.1,-83.03396606
1000000000.0,1146905830.5499647,phase_noise,31249980.1,21000.0,30.0,10,31243170.1,-85.29257202
1000000000.0,1146905830.5499647,phase_noise,31249980.1,21000.0,30.0,10,31243185.1,-84.3250885
1000000000.0,1146905830.5499647,phase_noise,31249980.1,21000.0,30.0,10,31243200.1,-83.74308777
1000000000.0,1146905830.5499647,phase_noise,31249980.1,21000.0,30.0,10,31243215.1,-82.28988647
1000000000.0,1146905830.5499647,phase_noise,31249980.1,21000.0,30.0,10,31243230.1,-83.67810822
1000000000.0,1146905830.5499647,phase_noise,31249980.1,21000.0,30.0,10,31243245.1,-83.20904541
1000000000.0,1146905830.5499647,phase_noise,31249980.1,21000.0,30.0,10,31243260.1,-83.1206665
1000000000.0,1146905830.5499647,phase_noise,31249980.1,21000.0,30.0,10,31243275.1,-82.70970154
1000000000.0,1146905830.5499647,phase_noise,31249980.1,21000.0,30.0,10,31243290.1,-81.36016083
1000000000.0,1146905830.5499647,phase_noise,31249980.1,21000.0,30.0,10,31243305.1,-82.64125061
1000000000.0,1146905830.5499647,phase_noise,31249980.1,21000.0,30.0,10,31243320.1,-86.36360931
1000000000.0,1146905830.5499647,phase_noise,31249980.1,21000.0,30.0,10,31243335.1,-83.51187134
1000000000.0,1146905830.5499647,phase_noise,31249980.1,21000.0,30.0,10,31243350.1,-85.00045776
1000000000.0,1146905830.5499647,phase_noise,31249980.1,21000.0,30.0,10,31243365.1,-83.87393188
1000000000.0,1146905830.5499647,phase_noise,31249980.1,21000.0,30.0,10,31243380.1,-81.84199524
1000000000.0,1146905830.5499647,phase_noise,31249980.1,21000.0,30.0,10,31243395.1,-81.67127228
1000000000.0,1146905830.5499647,phase_noise,31249980.1,21000.0,30.0,10,31243410.1,-82.64842987
1000000000.0,1146905830.5499647,phase_noise,31249980.1,21000.0,30.0,10,31243425.1,-82.52886963
1000000000.0,1146905830.5499647,phase_noise,31249980.1,21000.0,30.0,10,31243440.1,-83.68577576
1000000000.0,1146905830.5499647,phase_noise,31249980.1,21000.0,30.0,10,31243455.1,-85.00520325
1000000000.0,1146905830.5499647,phase_noise,31249980.1,21000.0,30.0,10,31243470.1,-84.67999268
1000000000.0,1146905830.5499647,phase_noise,31249980.1,21000.0,30.0,10,31243485.1,-83.93795013
1000000000.0,1146905830.5499647,phase_noise,31249980.1,21000.0,30.0,10,31243500.1,-83.32282257
1000000000.0,1146905830.5499647,phase_noise,31249980.1,21000.0,30.0,10,31243515.1,-81.91103363
1000000000.0,1146905830.5499647,phase_noise,31249980.1,21000.0,30.0,10,31243530.1,-82.33174133
1000000000.0,1146905830.5499647,phase_noise,31249980.1,21000.0,30.0,10,31243545.1,-82.4093399
1000000000.0,1146905830.5499647,phase_noise,31249980.1,21000.0,30.0,10,31243560.1,-82.77361298
1000000000.0,1146905830.5499647,phase_noise,31249980.1,21000.0,30.0,10,31243575.1,-82.79792786
1000000000.0,1146905830.5499647,phase_noise,31249980.1,21000.0,30.0,10,31243590.1,-84.20326996
1000000000.0,1146905830.5499647,phase_noise,31249980.1,21000.0,30.0,10,31243605.1,-81.62179565
1000000000.0,1146905830.5499647,phase_noise,31249980.1,21000.0,30.0,10,31243620.1,-83.17385864
1000000000.0,1146905830.5499647,phase_noise,31249980.1,21000.0,30.0,10,31243635.1,-83.37580109
1000000000.0,1146905830.5499647,phase_noise,31249980.1,21000.0,30.0,10,31243650.1,-84.30218506
1000000000.0,1146905830.5499647,phase_noise,31249980.1,21000.0,30.0,10,31243665.1,-82.69109344
1000000000.0,1146905830.5499647,phase_noise,31249980.1,21000.0,30.0,10,31243680.1,-82.43161774
1000000000.0,1146905830.5499647,phase_noise,31249980.1,21000.0,30.0,10,31243695.1,-82.30871582
1000000000.0,1146905830.5499647,phase_noise,31249980.1,21000.0,30.0,10,31243710.1,-81.33864594
1000000000.0,1146905830.5499647,phase_noise,31249980.1,21000.0,30.0,10,31243725.1,-81.61656952
1000000000.0,1146905830.5499647,phase_noise,31249980.1,21000.0,30.0,10,31243740.1,-84.24063873
1000000000.0,1146905830.5499647,phase_noise,31249980.1,21000.0,30.0,10,31243755.1,-85.06500244
1000000000.0,1146905830.5499647,phase_noise,31249980.1,21000.0,30.0,10,31243770.1,-85.62047577
1000000000.0,1146905830.5499647,phase_noise,31249980.1,21000.0,30.0,10,31243785.1,-86.88523102
1000000000.0,1146905830.5499647,phase_noise,31249980.1,21000.0,30.0,10,31243800.1,-84.16136932
1000000000.0,1146905830.5499647,phase_noise,31249980.1,21000.0,30.0,10,31243815.1,-81.78988647
1000000000.0,1146905830.5499647,phase_noise,31249980.1,21000.0,30.0,10,31243830.1,-81.18595123
1000000000.0,1146905830.5499647,phase_noise,31249980.1,21000.0,30.0,10,31243845.1,-82.28610229
1000000000.0,1146905830.5499647,phase_noise,31249980.1,21000.0,30.0,10,31243860.1,-83.42835999
1000000000.0,1146905830.5499647,phase_noise,31249980.1,21000.0,30.0,10,31243875.1,-83.44896698
1000000000.0,1146905830.5499647,phase_noise,31249980.1,21000.0,30.0,10,31243890.1,-86.04962921
1000000000.0,1146905830.5499647,phase_noise,31249980.1,21000.0,30.0,10,31243905.1,-84.17388916
1000000000.0,1146905830.5499647,phase_noise,31249980.1,21000.0,30.0,10,31243920.1,-80.81508636
1000000000.0,1146905830.5499647,phase_noise,31249980.1,21000.0,30.0,10,31243935.1,-80.20201874
1000000000.0,1146905830.5499647,phase_noise,31249980.1,21000.0,30.0,10,31243950.1,-80.76282501
1000000000.0,1146905830.5499647,phase_noise,31249980.1,21000.0,30.0,10,31243965.1,-83.46315765
1000000000.0,1146905830.5499647,phase_noise,31249980.1,21000.0,30.0,10,31243980.1,-84.70808411
1000000000.0,1146905830.5499647,phase_noise,31249980.1,21000.0,30.0,10,31243995.1,-84.44391632
1000000000.0,1146905830.5499647,phase_noise,31249980.1,21000.0,30.0,10,31244010.1,-84.76178741
1000000000.0,1146905830.5499647,phase_noise,31249980.1,21000.0,30.0,10,31244025.1,-88.41213226
1000000000.0,1146905830.5499647,phase_noise,31249980.1,21000.0,30.0,10,31244040.1,-85.45855713
1000000000.0,1146905830.5499647,phase_noise,31249980.1,21000.0,30.0,10,31244055.1,-83.73999786
1000000000.0,1146905830.5499647,phase_noise,31249980.1,21000.0,30.0,10,31244070.1,-86.69979095
1000000000.0,1146905830.5499647,phase_noise,31249980.1,21000.0,30.0,10,31244085.1,-85.54064941
1000000000.0,1146905830.5499647,phase_noise,31249980.1,21000.0,30.0,10,31244100.1,-83.28128052
1000000000.0,1146905830.5499647,phase_noise,31249980.1,21000.0,30.0,10,31244115.1,-83.45281982
1000000000.0,1146905830.5499647,phase_noise,31249980.1,21000.0,30.0,10,31244130.1,-85.36699677
1000000000.0,1146905830.5499647,phase_noise,31249980.1,21000.0,30.0,10,31244145.1,-83.06450653
1000000000.0,1146905830.5499647,phase_noise,31249980.1,21000.0,30.0,10,31244160.1,-81.52375793
1000000000.0,1146905830.5499647,phase_noise,31249980.1,21000.0,30.0,10,31244175.1,-82.35829163
1000000000.0,1146905830.5499647,phase_noise,31249980.1,21000.0,30.0,10,31244190.1,-86.41902924
1000000000.0,1146905830.5499647,phase_noise,31249980.1,21000.0,30.0,10,31244205.1,-85.57341766
1000000000.0,1146905830.5499647,phase_noise,31249980.1,21000.0,30.0,10,31244220.1,-83.68164062
1000000000.0,1146905830.5499647,phase_noise,31249980.1,21000.0,30.0,10,31244235.1,-86.14402008
1000000000.0,1146905830.5499647,phase_noise,31249980.1,21000.0,30.0,10,31244250.1,-85.64430237
1000000000.0,1146905830.5499647,phase_noise,31249980.1,21000.0,30.0,10,31244265.1,-84.8667984
1000000000.0,1146905830.5499647,phase_noise,31249980.1,21000.0,30.0,10,31244280.1,-82.46522522
1000000000.0,1146905830.5499647,phase_noise,31249980.1,21000.0,30.0,10,31244295.1,-81.3605423
1000000000.0,1146905830.5499647,phase_noise,31249980.1,21000.0,30.0,10,31244310.1,-82.39610291
1000000000.0,1146905830.5499647,phase_noise,31249980.1,21000.0,30.0,10,31244325.1,-84.12324524
1000000000.0,1146905830.5499647,phase_noise,31249980.1,21000.0,30.0,10,31244340.1,-87.33917236
1000000000.0,1146905830.5499647,phase_noise,31249980.1,21000.0,30.0,10,31244355.1,-84.66440582
1000000000.0,1146905830.5499647,phase_noise,31249980.1,21000.0,30.0,10,31244370.1,-81.67572784
1000000000.0,1146905830.5499647,phase_noise,31249980.1,21000.0,30.0,10,31244385.1,-82.06079102
1000000000.0,1146905830.5499647,phase_noise,31249980.1,21000.0,30.0,10,31244400.1,-82.26802063
1000000000.0,1146905830.5499647,phase_noise,31249980.1,21000.0,30.0,10,31244415.1,-82.63181305
1000000000.0,1146905830.5499647,phase_noise,31249980.1,21000.0,30.0,10,31244430.1,-82.65984344
1000000000.0,1146905830.5499647,phase_noise,31249980.1,21000.0,30.0,10,31244445.1,-85.64388275
1000000000.0,1146905830.5499647,phase_noise,31249980.1,21000.0,30.0,10,31244460.1,-84.90756226
1000000000.0,1146905830.5499647,phase_noise,31249980.1,21000.0,30.0,10,31244475.1,-84.00993347
1000000000.0,1146905830.5499647,phase_noise,31249980.1,21000.0,30.0,10,31244490.1,-84.08271027
1000000000.0,1146905830.5499647,phase_noise,31249980.1,21000.0,30.0,10,31244505.1,-83.72977448
1000000000.0,1146905830.5499647,phase_noise,31249980.1,21000.0,30.0,10,31244520.1,-86.96681976
1000000000.0,1146905830.5499647,phase_noise,31249980.1,21000.0,30.0,10,31244535.1,-85.8041687
1000000000.0,1146905830.5499647,phase_noise,31249980.1,21000.0,30.0,10,31244550.1,-84.97332764
1000000000.0,1146905830.5499647,phase_noise,31249980.1,21000.0,30.0,10,31244565.1,-85.39508057
1000000000.0,1146905830.5499647,phase_noise,31249980.1,21000.0,30.0,10,31244580.1,-85.03632355
1000000000.0,1146905830.5499647,phase_noise,31249980.1,21000.0,30.0,10,31244595.1,-84.37654114
1000000000.0,1146905830.5499647,phase_noise,31249980.1,21000.0,30.0,10,31244610.1,-85.6728363
1000000000.0,1146905830.5499647,phase_noise,31249980.1,21000.0,30.0,10,31244625.1,-85.48683929
1000000000.0,1146905830.5499647,phase_noise,31249980.1,21000.0,30.0,10,31244640.1,-83.69766998
1000000000.0,1146905830.5499647,phase_noise,31249980.1,21000.0,30.0,10,31244655.1,-84.612854
1000000000.0,1146905830.5499647,phase_noise,31249980.1,21000.0,30.0,10,31244670.1,-84.60141754
1000000000.0,1146905830.5499647,phase_noise,31249980.1,21000.0,30.0,10,31244685.1,-85.16159058
1000000000.0,1146905830.5499647,phase_noise,31249980.1,21000.0,30.0,10,31244700.1,-82.41322327
1000000000.0,1146905830.5499647,phase_noise,31249980.1,21000.0,30.0,10,31244715.1,-81.01820374
1000000000.0,1146905830.5499647,phase_noise,31249980.1,21000.0,30.0,10,31244730.1,-79.92794037
1000000000.0,1146905830.5499647,phase_noise,31249980.1,21000.0,30.0,10,31244745.1,-80.26895142
1000000000.0,1146905830.5499647,phase_noise,31249980.1,21000.0,30.0,10,31244760.1,-81.42285156
1000000000.0,1146905830.5499647,phase_noise,31249980.1,21000.0,30.0,10,31244775.1,-73.11134338
1000000000.0,1146905830.5499647,phase_noise,31249980.1,21000.0,30.0,10,31244790.1,-71.30348206
1000000000.0,1146905830.5499647,phase_noise,31249980.1,21000.0,30.0,10,31244805.1,-73.99157715
1000000000.0,1146905830.5499647,phase_noise,31249980.1,21000.0,30.0,10,31244820.1,-76.75035095
1000000000.0,1146905830.5499647,phase_noise,31249980.1,21000.0,30.0,10,31244835.1,-85.35068512
1000000000.0,1146905830.5499647,phase_noise,31249980.1,21000.0,30.0,10,31244850.1,-86.88368988
1000000000.0,1146905830.5499647,phase_noise,31249980.1,21000.0,30.0,10,31244865.1,-87.6182785
1000000000.0,1146905830.5499647,phase_noise,31249980.1,21000.0,30.0,10,31244880.1,-84.95446014
1000000000.0,1146905830.5499647,phase_noise,31249980.1,21000.0,30.0,10,31244895.1,-85.06807709
1000000000.0,1146905830.5499647,phase_noise,31249980.1,21000.0,30.0,10,31244910.1,-83.43609619
1000000000.0,1146905830.5499647,phase_noise,31249980.1,21000.0,30.0,10,31244925.1,-83.74396515
1000000000.0,1146905830.5499647,phase_noise,31249980.1,21000.0,30.0,10,31244940.1,-87.19650269
1000000000.0,1146905830.5499647,phase_noise,31249980.1,21000.0,30.0,10,31244955.1,-84.57941437
1000000000.0,1146905830.5499647,phase_noise,31249980.1,21000.0,30.0,10,31244970.1,-83.93049622
1000000000.0,1146905830.5499647,phase_noise,31249980.1,21000.0,30.0,10,31244985.1,-80.85073853
1000000000.0,1146905830.5499647,phase_noise,31249980.1,21000.0,30.0,10,31245000.1,-80.29723358
1000000000.0,1146905830.5499647,phase_noise,31249980.1,21000.0,30.0,10,31245015.1,-80.58572388
1000000000.0,1146905830.5499647,phase_noise,31249980.1,21000.0,30.0,10,31245030.1,-84.13920593
1000000000.0,1146905830.5499647,phase_noise,31249980.1,21000.0,30.0,10,31245045.1,-85.95228577
1000000000.0,1146905830.5499647,phase_noise,31249980.1,21000.0,30.0,10,31245060.1,-85.39427185
1000000000.0,1146905830.5499647,phase_noise,31249980.1,21000.0,30.0,10,31245075.1,-84.27178955
1000000000.0,1146905830.5499647,phase_noise,31249980.1,21000.0,30.0,10,31245090.1,-83.42254639
1000000000.0,1146905830.5499647,phase_noise,31249980.1,21000.0,30.0,10,31245105.1,-81.04675293
1000000000.0,1146905830.5499647,phase_noise,31249980.1,21000.0,30.0,10,31245120.1,-71.75485229
1000000000.0,1146905830.5499647,phase_noise,31249980.1,21000.0,30.0,10,31245135.1,-67.45019531
1000000000.0,1146905830.5499647,phase_noise,31249980.1,21000.0,30.0,10,31245150.1,-63.16157532
1000000000.0,1146905830.5499647,phase_noise,31249980.1,21000.0,30.0,10,31245165.1,-63.54410934
1000000000.0,1146905830.5499647,phase_noise,31249980.1,21000.0,30.0,10,31245180.1,-69.80221558
1000000000.0,1146905830.5499647,phase_noise,31249980.1,21000.0,30.0,10,31245195.1,-80.00587463
1000000000.0,1146905830.5499647,phase_noise,31249980.1,21000.0,30.0,10,31245210.1,-82.82141113
1000000000.0,1146905830.5499647,phase_noise,31249980.1,21000.0,30.0,10,31245225.1,-84.66430664
1000000000.0,1146905830.5499647,phase_noise,31249980.1,21000.0,30.0,10,31245240.1,-83.80276489
1000000000.0,1146905830.5499647,phase_noise,31249980.1,21000.0,30.0,10,31245255.1,-82.39068604
1000000000.0,1146905830.5499647,phase_noise,31249980.1,21000.0,30.0,10,31245270.1,-82.73971558
1000000000.0,1146905830.5499647,phase_noise,31249980.1,21000.0,30.0,10,31245285.1,-83.17991638
1000000000.0,1146905830.5499647,phase_noise,31249980.1,21000.0,30.0,10,31245300.1,-83.33371735
1000000000.0,1146905830.5499647,phase_noise,31249980.1,21000.0,30.0,10,31245315.1,-83.97908783
1000000000.0,1146905830.5499647,phase_noise,31249980.1,21000.0,30.0,10,31245330.1,-81.99764252
1000000000.0,1146905830.5499647,phase_noise,31249980.1,21000.0,30.0,10,31245345.1,-82.09044647
1000000000.0,1146905830.5499647,phase_noise,31249980.1,21000.0,30.0,10,31245360.1,-84.1674881
1000000000.0,1146905830.5499647,phase_noise,31249980.1,21000.0,30.0,10,31245375.1,-85.20495605
1000000000.0,1146905830.5499647,phase_noise,31249980.1,21000.0,30.0,10,31245390.1,-85.20871735
1000000000.0,1146905830.5499647,phase_noise,31249980.1,21000.0,30.0,10,31245405.1,-83.22920227
1000000000.0,1146905830.5499647,phase_noise,31249980.1,21000.0,30.0,10,31245420.1,-85.34633636
1000000000.0,1146905830.5499647,phase_noise,31249980.1,21000.0,30.0,10,31245435.1,-84.88667297
1000000000.0,1146905830.5499647,phase_noise,31249980.1,21000.0,30.0,10,31245450.1,-81.85140228
1000000000.0,1146905830.5499647,phase_noise,31249980.1,21000.0,30.0,10,31245465.1,-81.54919434
1000000000.0,1146905830.5499647,phase_noise,31249980.1,21000.0,30.0,10,31245480.1,-82.80368805
1000000000.0,1146905830.5499647,phase_noise,31249980.1,21000.0,30.0,10,31245495.1,-82.11660004
1000000000.0,1146905830.5499647,phase_noise,31249980.1,21000.0,30.0,10,31245510.1,-82.02157593
1000000000.0,1146905830.5499647,phase_noise,31249980.1,21000.0,30.0,10,31245525.1,-79.93916321
1000000000.0,1146905830.5499647,phase_noise,31249980.1,21000.0,30.0,10,31245540.1,-82.50572205
1000000000.0,1146905830.5499647,phase_noise,31249980.1,21000.0,30.0,10,31245555.1,-85.48590851
1000000000.0,1146905830.5499647,phase_noise,31249980.1,21000.0,30.0,10,31245570.1,-87.2967453
1000000000.0,1146905830.5499647,phase_noise,31249980.1,21000.0,30.0,10,31245585.1,-84.61299896
1000000000.0,1146905830.5499647,phase_noise,31249980.1,21000.0,30.0,10,31245600.1,-85.41571808
1000000000.0,1146905830.5499647,phase_noise,31249980.1,21000.0,30.0,10,31245615.1,-87.41796112
1000000000.0,1146905830.5499647,phase_noise,31249980.1,21000.0,30.0,10,31245630.1,-84.75385284
1000000000.0,1146905830.5499647,phase_noise,31249980.1,21000.0,30.0,10,31245645.1,-84.07522583
1000000000.0,1146905830.5499647,phase_noise,31249980.1,21000.0,30.0,10,31245660.1,-85.88075256
1000000000.0,1146905830.5499647,phase_noise,31249980.1,21000.0,30.0,10,31245675.1,-84.92495728
1000000000.0,1146905830.5499647,phase_noise,31249980.1,21000.0,30.0,10,31245690.1,-82.9562149
1000000000.0,1146905830.5499647,phase_noise,31249980.1,21000.0,30.0,10,31245705.1,-84.86520386
1000000000.0,1146905830.5499647,phase_noise,31249980.1,21000.0,30.0,10,31245720.1,-86.32766724
1000000000.0,1146905830.5499647,phase_noise,31249980.1,21000.0,30.0,10,31245735.1,-86.62208557
1000000000.0,1146905830.5499647,phase_noise,31249980.1,21000.0,30.0,10,31245750.1,-86.73162842
1000000000.0,1146905830.5499647,phase_noise,31249980.1,21000.0,30.0,10,31245765.1,-84.01006317
1000000000.0,1146905830.5499647,phase_noise,31249980.1,21000.0,30.0,10,31245780.1,-84.51166534
1000000000.0,1146905830.5499647,phase_noise,31249980.1,21000.0,30.0,10,31245795.1,-83.49324799
1000000000.0,1146905830.5499647,phase_noise,31249980.1,21000.0,30.0,10,31245810.1,-83.6721344
1000000000.0,1146905830.5499647,phase_noise,31249980.1,21000.0,30.0,10,31245825.1,-86.84363556
1000000000.0,1146905830.5499647,phase_noise,31249980.1,21000.0,30.0,10,31245840.1,-84.11353302
1000000000.0,1146905830.5499647,phase_noise,31249980.1,21000.0,30.0,10,31245855.1,-86.82582855
1000000000.0,1146905830.5499647,phase_noise,31249980.1,21000.0,30.0,10,31245870.1,-86.5584259
1000000000.0,1146905830.5499647,phase_noise,31249980.1,21000.0,30.0,10,31245885.1,-86.42222595
1000000000.0,1146905830.5499647,phase_noise,31249980.1,21000.0,30.0,10,31245900.1,-87.73807526
1000000000.0,1146905830.5499647,phase_noise,31249980.1,21000.0,30.0,10,31245915.1,-87.6450882
1000000000.0,1146905830.5499647,phase_noise,31249980.1,21000.0,30.0,10,31245930.1,-86.14909363
1000000000.0,1146905830.5499647,phase_noise,31249980.1,21000.0,30.0,10,31245945.1,-85.40194702
1000000000.0,1146905830.5499647,phase_noise,31249980.1,21000.0,30.0,10,31245960.1,-86.67741394
1000000000.0,1146905830.5499647,phase_noise,31249980.1,21000.0,30.0,10,31245975.1,-87.11442566
1000000000.0,1146905830.5499647,phase_noise,31249980.1,21000.0,30.0,10,31245990.1,-85.78756714
1000000000.0,1146905830.5499647,phase_noise,31249980.1,21000.0,30.0,10,31246005.1,-83.30754089
1000000000.0,1146905830.5499647,phase_noise,31249980.1,21000.0,30.0,10,31246020.1,-84.65442657
1000000000.0,1146905830.5499647,phase_noise,31249980.1,21000.0,30.0,10,31246035.1,-85.51331329
1000000000.0,1146905830.5499647,phase_noise,31249980.1,21000.0,30.0,10,31246050.1,-83.73486328
1000000000.0,1146905830.5499647,phase_noise,31249980.1,21000.0,30.0,10,31246065.1,-83.04138947
1000000000.0,1146905830.5499647,phase_noise,31249980.1,21000.0,30.0,10,31246080.1,-83.94959259
1000000000.0,1146905830.5499647,phase_noise,31249980.1,21000.0,30.0,10,31246095.1,-87.27711487
1000000000.0,1146905830.5499647,phase_noise,31249980.1,21000.0,30.0,10,31246110.1,-87.0538559
1000000000.0,1146905830.5499647,phase_noise,31249980.1,21000.0,30.0,10,31246125.1,-85.99062347
1000000000.0,1146905830.5499647,phase_noise,31249980.1,21000.0,30.0,10,31246140.1,-86.70249176
1000000000.0,1146905830.5499647,phase_noise,31249980.1,21000.0,30.0,10,31246155.1,-87.01567841
1000000000.0,1146905830.5499647,phase_noise,31249980.1,21000.0,30.0,10,31246170.1,-84.89121246
1000000000.0,1146905830.5499647,phase_noise,31249980.1,21000.0,30.0,10,31246185.1,-83.29823303
1000000000.0,1146905830.5499647,phase_noise,31249980.1,21000.0,30.0,10,31246200.1,-81.7354126
1000000000.0,1146905830.5499647,phase_noise,31249980.1,21000.0,30.0,10,31246215.1,-81.4781723
1000000000.0,1146905830.5499647,phase_noise,31249980.1,21000.0,30.0,10,31246230.1,-84.66159821
1000000000.0,1146905830.5499647,phase_noise,31249980.1,21000.0,30.0,10,31246245.1,-87.98228455
1000000000.0,1146905830.5499647,phase_noise,31249980.1,21000.0,30.0,10,31246260.1,-86.27348328
1000000000.0,1146905830.5499647,phase_noise,31249980.1,21000.0,30.0,10,31246275.1,-83.47297668
1000000000.0,1146905830.5499647,phase_noise,31249980.1,21000.0,30.0,10,31246290.1,-83.71473694
1000000000.0,1146905830.5499647,phase_noise,31249980.1,21000.0,30.0,10,31246305.1,-82.90953064
1000000000.0,1146905830.5499647,phase_noise,31249980.1,21000.0,30.0,10,31246320.1,-84.43954468
1000000000.0,1146905830.5499647,phase_noise,31249980.1,21000.0,30.0,10,31246335.1,-84.83166504
1000000000.0,1146905830.5499647,phase_noise,31249980.1,21000.0,30.0,10,31246350.1,-86.368927
1000000000.0,1146905830.5499647,phase_noise,31249980.1,21000.0,30.0,10,31246365.1,-84.8520813
1000000000.0,1146905830.5499647,phase_noise,31249980.1,21000.0,30.0,10,31246380.1,-85.61308289
1000000000.0,1146905830.5499647,phase_noise,31249980.1,21000.0,30.0,10,31246395.1,-84.2815094
1000000000.0,1146905830.5499647,phase_noise,31249980.1,21000.0,30.0,10,31246410.1,-84.23292542
1000000000.0,1146905830.5499647,phase_noise,31249980.1,21000.0,30.0,10,31246425.1,-83.36531067
1000000000.0,1146905830.5499647,phase_noise,31249980.1,21000.0,30.0,10,31246440.1,-83.18099213
1000000000.0,1146905830.5499647,phase_noise,31249980.1,21000.0,30.0,10,31246455.1,-84.0885849
1000000000.0,1146905830.5499647,phase_noise,31249980.1,21000.0,30.0,10,31246470.1,-85.13140869
1000000000.0,1146905830.5499647,phase_noise,31249980.1,21000.0,30.0,10,31246485.1,-84.37297821
1000000000.0,1146905830.5499647,phase_noise,31249980.1,21000.0,30.0,10,31246500.1,-81.96743774
1000000000.0,1146905830.5499647,phase_noise,31249980.1,21000.0,30.0,10,31246515.1,-81.97274017
1000000000.0,1146905830.5499647,phase_noise,31249980.1,21000.0,30.0,10,31246530.1,-82.36347961
1000000000.0,1146905830.5499647,phase_noise,31249980.1,21000.0,30.0,10,31246545.1,-85.47971344
1000000000.0,1146905830.5499647,phase_noise,31249980.1,21000.0,30.0,10,31246560.1,-85.41830444
1000000000.0,1146905830.5499647,phase_noise,31249980.1,21000.0,30.0,10,31246575.1,-85.05384827
1000000000.0,1146905830.5499647,phase_noise,31249980.1,21000.0,30.0,10,31246590.1,-84.80945587
1000000000.0,1146905830.5499647,phase_noise,31249980.1,21000.0,30.0,10,31246605.1,-85.34378052
1000000000.0,1146905830.5499647,phase_noise,31249980.1,21000.0,30.0,10,31246620.1,-83.89112854
1000000000.0,1146905830.5499647,phase_noise,31249980.1,21000.0,30.0,10,31246635.1,-83.72994232
1000000000.0,1146905830.5499647,phase_noise,31249980.1,21000.0,30.0,10,31246650.1,-85.06511688
1000000000.0,1146905830.5499647,phase_noise,31249980.1,21000.0,30.0,10,31246665.1,-86.86116028
1000000000.0,1146905830.5499647,phase_noise,31249980.1,21000.0,30.0,10,31246680.1,-84.32559204
1000000000.0,1146905830.5499647,phase_noise,31249980.1,21000.0,30.0,10,31246695.1,-81.70701599
1000000000.0,1146905830.5499647,phase_noise,31249980.1,21000.0,30.0,10,31246710.1,-82.83058929
1000000000.0,1146905830.5499647,phase_noise,31249980.1,21000.0,30.0,10,31246725.1,-84.32537079
1000000000.0,1146905830.5499647,phase_noise,31249980.1,21000.0,30.0,10,31246740.1,-83.8359375
1000000000.0,1146905830.5499647,phase_noise,31249980.1,21000.0,30.0,10,31246755.1,-83.73649597
1000000000.0,1146905830.5499647,phase_noise,31249980.1,21000.0,30.0,10,31246770.1,-84.0282135
1000000000.0,1146905830.5499647,phase_noise,31249980.1,21000.0,30.0,10,31246785.1,-80.97306824
1000000000.0,1146905830.5499647,phase_noise,31249980.1,21000.0,30.0,10,31246800.1,-81.52681732
1000000000.0,1146905830.5499647,phase_noise,31249980.1,21000.0,30.0,10,31246815.1,-85.20919037
1000000000.0,1146905830.5499647,phase_noise,31249980.1,21000.0,30.0,10,31246830.1,-83.97782898
1000000000.0,1146905830.5499647,phase_noise,31249980.1,21000.0,30.0,10,31246845.1,-83.90096283
1000000000.0,1146905830.5499647,phase_noise,31249980.1,21000.0,30.0,10,31246860.1,-84.3374176
1000000000.0,1146905830.5499647,phase_noise,31249980.1,21000.0,30.0,10,31246875.1,-84.91655731
1000000000.0,1146905830.5499647,phase_noise,31249980.1,21000.0,30.0,10,31246890.1,-85.84832001
1000000000.0,1146905830.5499647,phase_noise,31249980.1,21000.0,30.0,10,31246905.1,-85.79264832
1000000000.0,1146905830.5499647,phase_noise,31249980.1,21000.0,30.0,10,31246920.1,-84.1889267
1000000000.0,1146905830.5499647,phase_noise,31249980.1,21000.0,30.0,10,31246935.1,-83.40996552
1000000000.0,1146905830.5499647,phase_noise,31249980.1,21000.0,30.0,10,31246950.1,-83.76486969
1000000000.0,1146905830.5499647,phase_noise,31249980.1,21000.0,30.0,10,31246965.1,-85.49945068
1000000000.0,1146905830.5499647,phase_noise,31249980.1,21000.0,30.0,10,31246980.1,-84.42819977
1000000000.0,1146905830.5499647,phase_noise,31249980.1,21000.0,30.0,10,31246995.1,-84.79515076
1000000000.0,1146905830.5499647,phase_noise,31249980.1,21000.0,30.0,10,31247010.1,-87.6357193
1000000000.0,1146905830.5499647,phase_noise,31249980.1,21000.0,30.0,10,31247025.1,-85.30954742
1000000000.0,1146905830.5499647,phase_noise,31249980.1,21000.0,30.0,10,31247040.1,-83.41137695
1000000000.0,1146905830.5499647,phase_noise,31249980.1,21000.0,30.0,10,31247055.1,-80.00209808
1000000000.0,1146905830.5499647,phase_noise,31249980.1,21000.0,30.0,10,31247070.1,-80.43843842
1000000000.0,1146905830.5499647,phase_noise,31249980.1,21000.0,30.0,10,31247085.1,-82.9332962
1000000000.0,1146905830.5499647,phase_noise,31249980.1,21000.0,30.0,10,31247100.1,-87.57191467
1000000000.0,1146905830.5499647,phase_noise,31249980.1,21000.0,30.0,10,31247115.1,-85.43626404
1000000000.0,1146905830.5499647,phase_noise,31249980.1,21000.0,30.0,10,31247130.1,-84.38948822
1000000000.0,1146905830.5499647,phase_noise,31249980.1,21000.0,30.0,10,31247145.1,-84.03180695
1000000000.0,1146905830.5499647,phase_noise,31249980.1,21000.0,30.0,10,31247160.1,-85.72797394
1000000000.0,1146905830.5499647,phase_noise,31249980.1,21000.0,30.0,10,31247175.1,-84.34177399
1000000000.0,1146905830.5499647,phase_noise,31249980.1,21000.0,30.0,10,31247190.1,-85.9203949
1000000000.0,1146905830.5499647,phase_noise,31249980.1,21000.0,30.0,10,31247205.1,-88.25669861
1000000000.0,1146905830.5499647,phase_noise,31249980.1,21000.0,30.0,10,31247220.1,-90.61351013
1000000000.0,1146905830.5499647,phase_noise,31249980.1,21000.0,30.0,10,31247235.1,-85.5561142
1000000000.0,1146905830.5499647,phase_noise,31249980.1,21000.0,30.0,10,31247250.1,-86.2317276
1000000000.0,1146905830.5499647,phase_noise,31249980.1,21000.0,30.0,10,31247265.1,-83.75572205
1000000000.0,1146905830.5499647,phase_noise,31249980.1,21000.0,30.0,10,31247280.1,-81.77181244
1000000000.0,1146905830.5499647,phase_noise,31249980.1,21000.0,30.0,10,31247295.1,-82.93310547
1000000000.0,1146905830.5499647,phase_noise,31249980.1,21000.0,30.0,10,31247310.1,-83.61061096
1000000000.0,1146905830.5499647,phase_noise,31249980.1,21000.0,30.0,10,31247325.1,-84.61109161
1000000000.0,1146905830.5499647,phase_noise,31249980.1,21000.0,30.0,10,31247340.1,-82.7048111
1000000000.0,1146905830.5499647,phase_noise,31249980.1,21000.0,30.0,10,31247355.1,-81.53437805
1000000000.0,1146905830.5499647,phase_noise,31249980.1,21000.0,30.0,10,31247370.1,-81.98114777
1000000000.0,1146905830.5499647,phase_noise,31249980.1,21000.0,30.0,10,31247385.1,-82.94420624
1000000000.0,1146905830.5499647,phase_noise,31249980.1,21000.0,30.0,10,31247400.1,-80.95111084
1000000000.0,1146905830.5499647,phase_noise,31249980.1,21000.0,30.0,10,31247415.1,-80.5248642
1000000000.0,1146905830.5499647,phase_noise,31249980.1,21000.0,30.0,10,31247430.1,-81.77263641
1000000000.0,1146905830.5499647,phase_noise,31249980.1,21000.0,30.0,10,31247445.1,-82.16493988
1000000000.0,1146905830.5499647,phase_noise,31249980.1,21000.0,30.0,10,31247460.1,-83.7765274
1000000000.0,1146905830.5499647,phase_noise,31249980.1,21000.0,30.0,10,31247475.1,-79.71829224
1000000000.0,1146905830.5499647,phase_noise,31249980.1,21000.0,30.0,10,31247490.1,-80.09925079
1000000000.0,1146905830.5499647,phase_noise,31249980.1,21000.0,30.0,10,31247505.1,-80.69041443
1000000000.0,1146905830.5499647,phase_noise,31249980.1,21000.0,30.0,10,31247520.1,-81.87876892
1000000000.0,1146905830.5499647,phase_noise,31249980.1,21000.0,30.0,10,31247535.1,-84.24014282
1000000000.0,1146905830.5499647,phase_noise,31249980.1,21000.0,30.0,10,31247550.1,-82.90682983
1000000000.0,1146905830.5499647,phase_noise,31249980.1,21000.0,30.0,10,31247565.1,-83.29320526
1000000000.0,1146905830.5499647,phase_noise,31249980.1,21000.0,30.0,10,31247580.1,-82.45513153
1000000000.0,1146905830.5499647,phase_noise,31249980.1,21000.0,30.0,10,31247595.1,-81.34695435
1000000000.0,1146905830.5499647,phase_noise,31249980.1,21000.0,30.0,10,31247610.1,-81.3802948
1000000000.0,1146905830.5499647,phase_noise,31249980.1,21000.0,30.0,10,31247625.1,-82.57283783
1000000000.0,1146905830.5499647,phase_noise,31249980.1,21000.0,30.0,10,31247640.1,-85.86546326
1000000000.0,1146905830.5499647,phase_noise,31249980.1,21000.0,30.0,10,31247655.1,-85.91840363
1000000000.0,1146905830.5499647,phase_noise,31249980.1,21000.0,30.0,10,31247670.1,-85.83731079
1000000000.0,1146905830.5499647,phase_noise,31249980.1,21000.0,30.0,10,31247685.1,-86.41053009
1000000000.0,1146905830.5499647,phase_noise,31249980.1,21000.0,30.0,10,31247700.1,-84.72767639
1000000000.0,1146905830.5499647,phase_noise,31249980.1,21000.0,30.0,10,31247715.1,-84.27619934
1000000000.0,1146905830.5499647,phase_noise,31249980.1,21000.0,30.0,10,31247730.1,-82.15473175
1000000000.0,1146905830.5499647,phase_noise,31249980.1,21000.0,30.0,10,31247745.1,-83.06640625
1000000000.0,1146905830.5499647,phase_noise,31249980.1,21000.0,30.0,10,31247760.1,-84.27822876
1000000000.0,1146905830.5499647,phase_noise,31249980.1,21000.0,30.0,10,31247775.1,-84.60493469
1000000000.0,1146905830.5499647,phase_noise,31249980.1,21000.0,30.0,10,31247790.1,-83.39777374
1000000000.0,1146905830.5499647,phase_noise,31249980.1,21000.0,30.0,10,31247805.1,-83.83095551
1000000000.0,1146905830.5499647,phase_noise,31249980.1,21000.0,30.0,10,31247820.1,-84.49336243
1000000000.0,1146905830.5499647,phase_noise,31249980.1,21000.0,30.0,10,31247835.1,-83.58326721
1000000000.0,1146905830.5499647,phase_noise,31249980.1,21000.0,30.0,10,31247850.1,-84.3254776
1000000000.0,1146905830.5499647,phase_noise,31249980.1,21000.0,30.0,10,31247865.1,-82.56323242
1000000000.0,1146905830.5499647,phase_noise,31249980.1,21000.0,30.0,10,31247880.1,-83.67183685
1000000000.0,1146905830.5499647,phase_noise,31249980.1,21000.0,30.0,10,31247895.1,-84.69781494
1000000000.0,1146905830.5499647,phase_noise,31249980.1,21000.0,30.0,10,31247910.1,-83.33964539
1000000000.0,1146905830.5499647,phase_noise,31249980.1,21000.0,30.0,10,31247925.1,-83.05150604
1000000000.0,1146905830.5499647,phase_noise,31249980.1,21000.0,30.0,10,31247940.1,-83.14259338
1000000000.0,1146905830.5499647,phase_noise,31249980.1,21000.0,30.0,10,31247955.1,-83.60483551
1000000000.0,1146905830.5499647,phase_noise,31249980.1,21000.0,30.0,10,31247970.1,-84.20315552
1000000000.0,1146905830.5499647,phase_noise,31249980.1,21000.0,30.0,10,31247985.1,-84.57793427
1000000000.0,1146905830.5499647,phase_noise,31249980.1,21000.0,30.0,10,31248000.1,-81.94203949
1000000000.0,1146905830.5499647,phase_noise,31249980.1,21000.0,30.0,10,31248015.1,-82.81501007
1000000000.0,1146905830.5499647,phase_noise,31249980.1,21000.0,30.0,10,31248030.1,-81.76264954
1000000000.0,1146905830.5499647,phase_noise,31249980.1,21000.0,30.0,10,31248045.1,-85.50300598
1000000000.0,1146905830.5499647,phase_noise,31249980.1,21000.0,30.0,10,31248060.1,-84.54632568
1000000000.0,1146905830.5499647,phase_noise,31249980.1,21000.0,30.0,10,31248075.1,-83.8695755
1000000000.0,1146905830.5499647,phase_noise,31249980.1,21000.0,30.0,10,31248090.1,-83.33821106
1000000000.0,1146905830.5499647,phase_noise,31249980.1,21000.0,30.0,10,31248105.1,-81.51835632
1000000000.0,1146905830.5499647,phase_noise,31249980.1,21000.0,30.0,10,31248120.1,-83.21247864
1000000000.0,1146905830.5499647,phase_noise,31249980.1,21000.0,30.0,10,31248135.1,-82.74935913
1000000000.0,1146905830.5499647,phase_noise,31249980.1,21000.0,30.0,10,31248150.1,-83.05613708
1000000000.0,1146905830.5499647,phase_noise,31249980.1,21000.0,30.0,10,31248165.1,-84.76088715
1000000000.0,1146905830.5499647,phase_noise,31249980.1,21000.0,30.0,10,31248180.1,-82.17669678
1000000000.0,1146905830.5499647,phase_noise,31249980.1,21000.0,30.0,10,31248195.1,-83.35432434
1000000000.0,1146905830.5499647,phase_noise,31249980.1,21000.0,30.0,10,31248210.1,-84.31434631
1000000000.0,1146905830.5499647,phase_noise,31249980.1,21000.0,30.0,10,31248225.1,-82.57426453
1000000000.0,1146905830.5499647,phase_noise,31249980.1,21000.0,30.0,10,31248240.1,-81.88469696
1000000000.0,1146905830.5499647,phase_noise,31249980.1,21000.0,30.0,10,31248255.1,-85.15167999
1000000000.0,1146905830.5499647,phase_noise,31249980.1,21000.0,30.0,10,31248270.1,-84.66314697
1000000000.0,1146905830.5499647,phase_noise,31249980.1,21000.0,30.0,10,31248285.1,-82.17113495
1000000000.0,1146905830.5499647,phase_noise,31249980.1,21000.0,30.0,10,31248300.1,-82.60845184
1000000000.0,1146905830.5499647,phase_noise,31249980.1,21000.0,30.0,10,31248315.1,-83.41379547
1000000000.0,1146905830.5499647,phase_noise,31249980.1,21000.0,30.0,10,31248330.1,-84.73062134
1000000000.0,1146905830.5499647,phase_noise,31249980.1,21000.0,30.0,10,31248345.1,-86.72580719
1000000000.0,1146905830.5499647,phase_noise,31249980.1,21000.0,30.0,10,31248360.1,-84.31819916
1000000000.0,1146905830.5499647,phase_noise,31249980.1,21000.0,30.0,10,31248375.1,-82.65612793
1000000000.0,1146905830.5499647,phase_noise,31249980.1,21000.0,30.0,10,31248390.1,-83.44791412
1000000000.0,1146905830.5499647,phase_noise,31249980.1,21000.0,30.0,10,31248405.1,-83.75600433
1000000000.0,1146905830.5499647,phase_noise,31249980.1,21000.0,30.0,10,31248420.1,-82.12834167
1000000000.0,1146905830.5499647,phase_noise,31249980.1,21000.0,30.0,10,31248435.1,-81.65466309
1000000000.0,1146905830.5499647,phase_noise,31249980.1,21000.0,30.0,10,31248450.1,-80.90119934
1000000000.0,1146905830.5499647,phase_noise,31249980.1,21000.0,30.0,10,31248465.1,-80.12007141
1000000000.0,1146905830.5499647,phase_noise,31249980.1,21000.0,30.0,10,31248480.1,-80.40940094
1000000000.0,1146905830.5499647,phase_noise,31249980.1,21000.0,30.0,10,31248495.1,-82.23274231
1000000000.0,1146905830.5499647,phase_noise,31249980.1,21000.0,30.0,10,31248510.1,-85.40492249
1000000000.0,1146905830.5499647,phase_noise,31249980.1,21000.0,30.0,10,31248525.1,-88.57691956
1000000000.0,1146905830.5499647,phase_noise,31249980.1,21000.0,30.0,10,31248540.1,-85.49072266
1000000000.0,1146905830.5499647,phase_noise,31249980.1,21000.0,30.0,10,31248555.1,-81.92263794
1000000000.0,1146905830.5499647,phase_noise,31249980.1,21000.0,30.0,10,31248570.1,-80.28281403
1000000000.0,1146905830.5499647,phase_noise,31249980.1,21000.0,30.0,10,31248585.1,-80.50714111
1000000000.0,1146905830.5499647,phase_noise,31249980.1,21000.0,30.0,10,31248600.1,-83.03600311
1000000000.0,1146905830.5499647,phase_noise,31249980.1,21000.0,30.0,10,31248615.1,-84.31858063
1000000000.0,1146905830.5499647,phase_noise,31249980.1,21000.0,30.0,10,31248630.1,-83.50975037
1000000000.0,1146905830.5499647,phase_noise,31249980.1,21000.0,30.0,10,31248645.1,-81.53650665
1000000000.0,1146905830.5499647,phase_noise,31249980.1,21000.0,30.0,10,31248660.1,-81.88751221
1000000000.0,1146905830.5499647,phase_noise,31249980.1,21000.0,30.0,10,31248675.1,-78.79953766
1000000000.0,1146905830.5499647,phase_noise,31249980.1,21000.0,30.0,10,31248690.1,-75.43933105
1000000000.0,1146905830.5499647,phase_noise,31249980.1,21000.0,30.0,10,31248705.1,-75.65943146
1000000000.0,1146905830.5499647,phase_noise,31249980.1,21000.0,30.0,10,31248720.1,-76.26623535
1000000000.0,1146905830.5499647,phase_noise,31249980.1,21000.0,30.0,10,31248735.1,-78.37557983
1000000000.0,1146905830.5499647,phase_noise,31249980.1,21000.0,30.0,10,31248750.1,-82.22873688
1000000000.0,1146905830.5499647,phase_noise,31249980.1,21000.0,30.0,10,31248765.1,-84.28205109
1000000000.0,1146905830.5499647,phase_noise,31249980.1,21000.0,30.0,10,31248780.1,-84.46508026
1000000000.0,1146905830.5499647,phase_noise,31249980.1,21000.0,30.0,10,31248795.1,-88.03616333
1000000000.0,1146905830.5499647,phase_noise,31249980.1,21000.0,30.0,10,31248810.1,-83.35066986
1000000000.0,1146905830.5499647,phase_noise,31249980.1,21000.0,30.0,10,31248825.1,-84.90628052
1000000000.0,1146905830.5499647,phase_noise,31249980.1,21000.0,30.0,10,31248840.1,-83.69628143
1000000000.0,1146905830.5499647,phase_noise,31249980.1,21000.0,30.0,10,31248855.1,-84.60948181
1000000000.0,1146905830.5499647,phase_noise,31249980.1,21000.0,30.0,10,31248870.1,-83.39224243
1000000000.0,1146905830.5499647,phase_noise,31249980.1,21000.0,30.0,10,31248885.1,-81.67089081
1000000000.0,1146905830.5499647,phase_noise,31249980.1,21000.0,30.0,10,31248900.1,-78.65992737
1000000000.0,1146905830.5499647,phase_noise,31249980.1,21000.0,30.0,10,31248915.1,-78.2826004
1000000000.0,1146905830.5499647,phase_noise,31249980.1,21000.0,30.0,10,31248930.1,-82.41685486
1000000000.0,1146905830.5499647,phase_noise,31249980.1,21000.0,30.0,10,31248945.1,-84.2585144
1000000000.0,1146905830.5499647,phase_noise,31249980.1,21000.0,30.0,10,31248960.1,-84.13722992
1000000000.0,1146905830.5499647,phase_noise,31249980.1,21000.0,30.0,10,31248975.1,-84.24990845
1000000000.0,1146905830.5499647,phase_noise,31249980.1,21000.0,30.0,10,31248990.1,-86.19788361
1000000000.0,1146905830.5499647,phase_noise,31249980.1,21000.0,30.0,10,31249005.1,-82.29905701
1000000000.0,1146905830.5499647,phase_noise,31249980.1,21000.0,30.0,10,31249020.1,-80.6697998
1000000000.0,1146905830.5499647,phase_noise,31249980.1,21000.0,30.0,10,31249035.1,-80.79912567
1000000000.0,1146905830.5499647,phase_noise,31249980.1,21000.0,30.0,10,31249050.1,-80.97658539
1000000000.0,1146905830.5499647,phase_noise,31249980.1,21000.0,30.0,10,31249065.1,-82.53933716
1000000000.0,1146905830.5499647,phase_noise,31249980.1,21000.0,30.0,10,31249080.1,-84.23455811
1000000000.0,1146905830.5499647,phase_noise,31249980.1,21000.0,30.0,10,31249095.1,-82.24852753
1000000000.0,1146905830.5499647,phase_noise,31249980.1,21000.0,30.0,10,31249110.1,-82.00681305
1000000000.0,1146905830.5499647,phase_noise,31249980.1,21000.0,30.0,10,31249125.1,-84.15187073
1000000000.0,1146905830.5499647,phase_noise,31249980.1,21000.0,30.0,10,31249140.1,-85.3754425
1000000000.0,1146905830.5499647,phase_noise,31249980.1,21000.0,30.0,10,31249155.1,-84.21818542
1000000000.0,1146905830.5499647,phase_noise,31249980.1,21000.0,30.0,10,31249170.1,-83.45383453
1000000000.0,1146905830.5499647,phase_noise,31249980.1,21000.0,30.0,10,31249185.1,-82.00387573
1000000000.0,1146905830.5499647,phase_noise,31249980.1,21000.0,30.0,10,31249200.1,-80.89176941
1000000000.0,1146905830.5499647,phase_noise,31249980.1,21000.0,30.0,10,31249215.1,-81.77019501
1000000000.0,1146905830.5499647,phase_noise,31249980.1,21000.0,30.0,10,31249230.1,-82.4752121
1000000000.0,1146905830.5499647,phase_noise,31249980.1,21000.0,30.0,10,31249245.1,-83.75276184
1000000000.0,1146905830.5499647,phase_noise,31249980.1,21000.0,30.0,10,31249260.1,-86.67965698
1000000000.0,1146905830.5499647,phase_noise,31249980.1,21000.0,30.0,10,31249275.1,-84.58148956
1000000000.0,1146905830.5499647,phase_noise,31249980.1,21000.0,30.0,10,31249290.1,-85.31025696
1000000000.0,1146905830.5499647,phase_noise,31249980.1,21000.0,30.0,10,31249305.1,-83.6031189
1000000000.0,1146905830.5499647,phase_noise,31249980.1,21000.0,30.0,10,31249320.1,-82.97860718
1000000000.0,1146905830.5499647,phase_noise,31249980.1,21000.0,30.0,10,31249335.1,-83.50080872
1000000000.0,1146905830.5499647,phase_noise,31249980.1,21000.0,30.0,10,31249350.1,-85.20425415
1000000000.0,1146905830.5499647,phase_noise,31249980.1,21000.0,30.0,10,31249365.1,-85.08226776
1000000000.0,1146905830.5499647,phase_noise,31249980.1,21000.0,30.0,10,31249380.1,-84.00994873
1000000000.0,1146905830.5499647,phase_noise,31249980.1,21000.0,30.0,10,31249395.1,-82.10221863
1000000000.0,1146905830.5499647,phase_noise,31249980.1,21000.0,30.0,10,31249410.1,-83.28729248
1000000000.0,1146905830.5499647,phase_noise,31249980.1,21000.0,30.0,10,31249425.1,-86.800354
1000000000.0,1146905830.5499647,phase_noise,31249980.1,21000.0,30.0,10,31249440.1,-83.20374298
1000000000.0,1146905830.5499647,phase_noise,31249980.1,21000.0,30.0,10,31249455.1,-78.47377014
1000000000.0,1146905830.5499647,phase_noise,31249980.1,21000.0,30.0,10,31249470.1,-75.19882202
1000000000.0,1146905830.5499647,phase_noise,31249980.1,21000.0,30.0,10,31249485.1,-77.62594604
1000000000.0,1146905830.5499647,phase_noise,31249980.1,21000.0,30.0,10,31249500.1,-86.8155899
1000000000.0,1146905830.5499647,phase_noise,31249980.1,21000.0,30.0,10,31249515.1,-83.94059753
1000000000.0,1146905830.5499647,phase_noise,31249980.1,21000.0,30.0,10,31249530.1,-86.06568909
1000000000.0,1146905830.5499647,phase_noise,31249980.1,21000.0,30.0,10,31249545.1,-83.96302032
1000000000.0,1146905830.5499647,phase_noise,31249980.1,21000.0,30.0,10,31249560.1,-82.38529205
1000000000.0,1146905830.5499647,phase_noise,31249980.1,21000.0,30.0,10,31249575.1,-81.29490662
1000000000.0,1146905830.5499647,phase_noise,31249980.1,21000.0,30.0,10,31249590.1,-76.96616364
1000000000.0,1146905830.5499647,phase_noise,31249980.1,21000.0,30.0,10,31249605.1,-74.52475739
1000000000.0,1146905830.5499647,phase_noise,31249980.1,21000.0,30.0,10,31249620.1,-76.64874268
1000000000.0,1146905830.5499647,phase_noise,31249980.1,21000.0,30.0,10,31249635.1,-80.11863708
1000000000.0,1146905830.5499647,phase_noise,31249980.1,21000.0,30.0,10,31249650.1,-78.93673706
1000000000.0,1146905830.5499647,phase_noise,31249980.1,21000.0,30.0,10,31249665.1,-77.81415558
1000000000.0,1146905830.5499647,phase_noise,31249980.1,21000.0,30.0,10,31249680.1,-77.02033234
1000000000.0,1146905830.5499647,phase_noise,31249980.1,21000.0,30.0,10,31249695.1,-81.05490112
1000000000.0,1146905830.5499647,phase_noise,31249980.1,21000.0,30.0,10,31249710.1,-84.20429993
1000000000.0,1146905830.5499647,phase_noise,31249980.1,21000.0,30.0,10,31249725.1,-88.25333405
1000000000.0,1146905830.5499647,phase_noise,31249980.1,21000.0,30.0,10,31249740.1,-81.38368225
1000000000.0,1146905830.5499647,phase_noise,31249980.1,21000.0,30.0,10,31249755.1,-79.0682373
1000000000.0,1146905830.5499647,phase_noise,31249980.1,21000.0,30.0,10,31249770.1,-79.10462952
1000000000.0,1146905830.5499647,phase_noise,31249980.1,21000.0,30.0,10,31249785.1,-80.51580048
1000000000.0,1146905830.5499647,phase_noise,31249980.1,21000.0,30.0,10,31249800.1,-83.07514954
1000000000.0,1146905830.5499647,phase_noise,31249980.1,21000.0,30.0,10,31249815.1,-83.7871933
1000000000.0,1146905830.5499647,phase_noise,31249980.1,21000.0,30.0,10,31249830.1,-82.37968445
1000000000.0,1146905830.5499647,phase_noise,31249980.1,21000.0,30.0,10,31249845.1,-83.85401917
1000000000.0,1146905830.5499647,phase_noise,31249980.1,21000.0,30.0,10,31249860.1,-82.37988281
1000000000.0,1146905830.5499647,phase_noise,31249980.1,21000.0,30.0,10,31249875.1,-84.22789001
1000000000.0,1146905830.5499647,phase_noise,31249980.1,21000.0,30.0,10,31249890.1,-81.88224792
1000000000.0,1146905830.5499647,phase_noise,31249980.1,21000.0,30.0,10,31249905.1,-82.17729187
1000000000.0,1146905830.5499647,phase_noise,31249980.1,21000.0,30.0,10,31249920.1,-54.70153427
1000000000.0,1146905830.5499647,phase_noise,31249980.1,21000.0,30.0,10,31249935.1,-25.11849785
1000000000.0,1146905830.5499647,phase_noise,31249980.1,21000.0,30.0,10,31249950.1,-10.0984621
1000000000.0,1146905830.5499647,phase_noise,31249980.1,21000.0,30.0,10,31249965.1,-2.955004692
1000000000.0,1146905830.5499647,phase_noise,31249980.1,21000.0,30.0,10,31249980.1,-2.04037118
1000000000.0,1146905830.5499647,phase_noise,31249980.1,21000.0,30.0,10,31249995.1,-7.18018055
1000000000.0,1146905830.5499647,phase_noise,31249980.1,21000.0,30.0,10,31250010.1,-19.45057106
1000000000.0,1146905830.5499647,phase_noise,31249980.1,21000.0,30.0,10,31250025.1,-42.92246628
1000000000.0,1146905830.5499647,phase_noise,31249980.1,21000.0,30.0,10,31250040.1,-83.13232422
1000000000.0,1146905830.5499647,phase_noise,31249980.1,21000.0,30.0,10,31250055.1,-82.05960846
1000000000.0,1146905830.5499647,phase_noise,31249980.1,21000.0,30.0,10,31250070.1,-80.70915222
1000000000.0,1146905830.5499647,phase_noise,31249980.1,21000.0,30.0,10,31250085.1,-83.43025208
1000000000.0,1146905830.5499647,phase_noise,31249980.1,21000.0,30.0,10,31250100.1,-82.65710449
1000000000.0,1146905830.5499647,phase_noise,31249980.1,21000.0,30.0,10,31250115.1,-84.37792969
1000000000.0,1146905830.5499647,phase_noise,31249980.1,21000.0,30.0,10,31250130.1,-83.78709412
1000000000.0,1146905830.5499647,phase_noise,31249980.1,21000.0,30.0,10,31250145.1,-81.42842102
1000000000.0,1146905830.5499647,phase_noise,31249980.1,21000.0,30.0,10,31250160.1,-80.92623901
1000000000.0,1146905830.5499647,phase_noise,31249980.1,21000.0,30.0,10,31250175.1,-78.46600342
1000000000.0,1146905830.5499647,phase_noise,31249980.1,21000.0,30.0,10,31250190.1,-80.17925262
1000000000.0,1146905830.5499647,phase_noise,31249980.1,21000.0,30.0,10,31250205.1,-79.60427094
1000000000.0,1146905830.5499647,phase_noise,31249980.1,21000.0,30.0,10,31250220.1,-83.28591156
1000000000.0,1146905830.5499647,phase_noise,31249980.1,21000.0,30.0,10,31250235.1,-87.5684433
1000000000.0,1146905830.5499647,phase_noise,31249980.1,21000.0,30.0,10,31250250.1,-81.76889038
1000000000.0,1146905830.5499647,phase_noise,31249980.1,21000.0,30.0,10,31250265.1,-80.68146515
1000000000.0,1146905830.5499647,phase_noise,31249980.1,21000.0,30.0,10,31250280.1,-78.1900177
1000000000.0,1146905830.5499647,phase_noise,31249980.1,21000.0,30.0,10,31250295.1,-77.50602722
1000000000.0,1146905830.5499647,phase_noise,31249980.1,21000.0,30.0,10,31250310.1,-79.38334656
1000000000.0,1146905830.5499647,phase_noise,31249980.1,21000.0,30.0,10,31250325.1,-79.60219574
1000000000.0,1146905830.5499647,phase_noise,31249980.1,21000.0,30.0,10,31250340.1,-75.20098114
1000000000.0,1146905830.5499647,phase_noise,31249980.1,21000.0,30.0,10,31250355.1,-76.20736694
1000000000.0,1146905830.5499647,phase_noise,31249980.1,21000.0,30.0,10,31250370.1,-81.26139832
1000000000.0,1146905830.5499647,phase_noise,31249980.1,21000.0,30.0,10,31250385.1,-82.61307526
1000000000.0,1146905830.5499647,phase_noise,31249980.1,21000.0,30.0,10,31250400.1,-84.0466156
1000000000.0,1146905830.5499647,phase_noise,31249980.1,21000.0,30.0,10,31250415.1,-85.14664459
1000000000.0,1146905830.5499647,phase_noise,31249980.1,21000.0,30.0,10,31250430.1,-84.02340698
1000000000.0,1146905830.5499647,phase_noise,31249980.1,21000.0,30.0,10,31250445.1,-85.02817535
1000000000.0,1146905830.5499647,phase_noise,31249980.1,21000.0,30.0,10,31250460.1,-80.4069519
1000000000.0,1146905830.5499647,phase_noise,31249980.1,21000.0,30.0,10,31250475.1,-75.70053101
1000000000.0,1146905830.5499647,phase_noise,31249980.1,21000.0,30.0,10,31250490.1,-77.45748901
1000000000.0,1146905830.5499647,phase_noise,31249980.1,21000.0,30.0,10,31250505.1,-81.71406555
1000000000.0,1146905830.5499647,phase_noise,31249980.1,21000.0,30.0,10,31250520.1,-82.35590363
1000000000.0,1146905830.5499647,phase_noise,31249980.1,21000.0,30.0,10,31250535.1,-82.43783569
1000000000.0,1146905830.5499647,phase_noise,31249980.1,21000.0,30.0,10,31250550.1,-84.37424469
1000000000.0,1146905830.5499647,phase_noise,31249980.1,21000.0,30.0,10,31250565.1,-83.3890686
1000000000.0,1146905830.5499647,phase_noise,31249980.1,21000.0,30.0,10,31250580.1,-83.39650726
1000000000.0,1146905830.5499647,phase_noise,31249980.1,21000.0,30.0,10,31250595.1,-84.46411896
1000000000.0,1146905830.5499647,phase_noise,31249980.1,21000.0,30.0,10,31250610.1,-84.94552612
1000000000.0,1146905830.5499647,phase_noise,31249980.1,21000.0,30.0,10,31250625.1,-82.45714569
1000000000.0,1146905830.5499647,phase_noise,31249980.1,21000.0,30.0,10,31250640.1,-82.97216034
1000000000.0,1146905830.5499647,phase_noise,31249980.1,21000.0,30.0,10,31250655.1,-83.09973907
1000000000.0,1146905830.5499647,phase_noise,31249980.1,21000.0,30.0,10,31250670.1,-82.71427917
1000000000.0,1146905830.5499647,phase_noise,31249980.1,21000.0,30.0,10,31250685.1,-83.99774933
1000000000.0,1146905830.5499647,phase_noise,31249980.1,21000.0,30.0,10,31250700.1,-82.09578705
1000000000.0,1146905830.5499647,phase_noise,31249980.1,21000.0,30.0,10,31250715.1,-82.48841858
1000000000.0,1146905830.5499647,phase_noise,31249980.1,21000.0,30.0,10,31250730.1,-84.05340576
1000000000.0,1146905830.5499647,phase_noise,31249980.1,21000.0,30.0,10,31250745.1,-84.35761261
1000000000.0,1146905830.5499647,phase_noise,31249980.1,21000.0,30.0,10,31250760.1,-82.42896271
1000000000.0,1146905830.5499647,phase_noise,31249980.1,21000.0,30.0,10,31250775.1,-81.04702759
1000000000.0,1146905830.5499647,phase_noise,31249980.1,21000.0,30.0,10,31250790.1,-81.4289856
1000000000.0,1146905830.5499647,phase_noise,31249980.1,21000.0,30.0,10,31250805.1,-82.04369354
1000000000.0,1146905830.5499647,phase_noise,31249980.1,21000.0,30.0,10,31250820.1,-81.92468262
1000000000.0,1146905830.5499647,phase_noise,31249980.1,21000.0,30.0,10,31250835.1,-80.60692596
1000000000.0,1146905830.5499647,phase_noise,31249980.1,21000.0,30.0,10,31250850.1,-81.14489746
1000000000.0,1146905830.5499647,phase_noise,31249980.1,21000.0,30.0,10,31250865.1,-83.54081726
1000000000.0,1146905830.5499647,phase_noise,31249980.1,21000.0,30.0,10,31250880.1,-83.28509521
1000000000.0,1146905830.5499647,phase_noise,31249980.1,21000.0,30.0,10,31250895.1,-81.0460968
1000000000.0,1146905830.5499647,phase_noise,31249980.1,21000.0,30.0,10,31250910.1,-80.5224762
1000000000.0,1146905830.5499647,phase_noise,31249980.1,21000.0,30.0,10,31250925.1,-81.07759094
1000000000.0,1146905830.5499647,phase_noise,31249980.1,21000.0,30.0,10,31250940.1,-81.19359589
1000000000.0,1146905830.5499647,phase_noise,31249980.1,21000.0,30.0,10,31250955.1,-82.08937836
1000000000.0,1146905830.5499647,phase_noise,31249980.1,21000.0,30.0,10,31250970.1,-81.99101257
1000000000.0,1146905830.5499647,phase_noise,31249980.1,21000.0,30.0,10,31250985.1,-80.90235138
1000000000.0,1146905830.5499647,phase_noise,31249980.1,21000.0,30.0,10,31251000.1,-82.90139008
1000000000.0,1146905830.5499647,phase_noise,31249980.1,21000.0,30.0,10,31251015.1,-83.05641937
1000000000.0,1146905830.5499647,phase_noise,31249980.1,21000.0,30.0,10,31251030.1,-79.95729828
1000000000.0,1146905830.5499647,phase_noise,31249980.1,21000.0,30.0,10,31251045.1,-80.0514679
1000000000.0,1146905830.5499647,phase_noise,31249980.1,21000.0,30.0,10,31251060.1,-81.67321777
1000000000.0,1146905830.5499647,phase_noise,31249980.1,21000.0,30.0,10,31251075.1,-83.49990845
1000000000.0,1146905830.5499647,phase_noise,31249980.1,21000.0,30.0,10,31251090.1,-84.09905243
1000000000.0,1146905830.5499647,phase_noise,31249980.1,21000.0,30.0,10,31251105.1,-85.49119568
1000000000.0,1146905830.5499647,phase_noise,31249980.1,21000.0,30.0,10,31251120.1,-84.8000946
1000000000.0,1146905830.5499647,phase_noise,31249980.1,21000.0,30.0,10,31251135.1,-83.57112885
1000000000.0,1146905830.5499647,phase_noise,31249980.1,21000.0,30.0,10,31251150.1,-85.93571472
1000000000.0,1146905830.5499647,phase_noise,31249980.1,21000.0,30.0,10,31251165.1,-87.55513763
1000000000.0,1146905830.5499647,phase_noise,31249980.1,21000.0,30.0,10,31251180.1,-86.38995361
1000000000.0,1146905830.5499647,phase_noise,31249980.1,21000.0,30.0,10,31251195.1,-85.73208618
1000000000.0,1146905830.5499647,phase_noise,31249980.1,21000.0,30.0,10,31251210.1,-80.48742676
1000000000.0,1146905830.5499647,phase_noise,31249980.1,21000.0,30.0,10,31251225.1,-77.93754578
1000000000.0,1146905830.5499647,phase_noise,31249980.1,21000.0,30.0,10,31251240.1,-75.71146393
1000000000.0,1146905830.5499647,phase_noise,31249980.1,21000.0,30.0,10,31251255.1,-74.66246033
1000000000.0,1146905830.5499647,phase_noise,31249980.1,21000.0,30.0,10,31251270.1,-77.25286865
1000000000.0,1146905830.5499647,phase_noise,31249980.1,21000.0,30.0,10,31251285.1,-79.47560883
1000000000.0,1146905830.5499647,phase_noise,31249980.1,21000.0,30.0,10,31251300.1,-79.11068726
1000000000.0,1146905830.5499647,phase_noise,31249980.1,21000.0,30.0,10,31251315.1,-79.83930969
1000000000.0,1146905830.5499647,phase_noise,31249980.1,21000.0,30.0,10,31251330.1,-82.4781723
1000000000.0,1146905830.5499647,phase_noise,31249980.1,21000.0,30.0,10,31251345.1,-83.41786957
1000000000.0,1146905830.5499647,phase_noise,31249980.1,21000.0,30.0,10,31251360.1,-79.69982147
1000000000.0,1146905830.5499647,phase_noise,31249980.1,21000.0,30.0,10,31251375.1,-79.44457245
1000000000.0,1146905830.5499647,phase_noise,31249980.1,21000.0,30.0,10,31251390.1,-81.48002625
1000000000.0,1146905830.5499647,phase_noise,31249980.1,21000.0,30.0,10,31251405.1,-85.41665649
1000000000.0,1146905830.5499647,phase_noise,31249980.1,21000.0,30.0,10,31251420.1,-84.3819046
1000000000.0,1146905830.5499647,phase_noise,31249980.1,21000.0,30.0,10,31251435.1,-83.28108978
1000000000.0,1146905830.5499647,phase_noise,31249980.1,21000.0,30.0,10,31251450.1,-82.05319214
1000000000.0,1146905830.5499647,phase_noise,31249980.1,21000.0,30.0,10,31251465.1,-82.88665771
1000000000.0,1146905830.5499647,phase_noise,31249980.1,21000.0,30.0,10,31251480.1,-82.93423462
1000000000.0,1146905830.5499647,phase_noise,31249980.1,21000.0,30.0,10,31251495.1,-80.34037018
1000000000.0,1146905830.5499647,phase_noise,31249980.1,21000.0,30.0,10,31251510.1,-81.14177704
1000000000.0,1146905830.5499647,phase_noise,31249980.1,21000.0,30.0,10,31251525.1,-82.49728394
1000000000.0,1146905830.5499647,phase_noise,31249980.1,21000.0,30.0,10,31251540.1,-81.94818115
1000000000.0,1146905830.5499647,phase_noise,31249980.1,21000.0,30.0,10,31251555.1,-84.55980682
1000000000.0,1146905830.5499647,phase_noise,31249980.1,21000.0,30.0,10,31251570.1,-83.69094086
1000000000.0,1146905830.5499647,phase_noise,31249980.1,21000.0,30.0,10,31251585.1,-81.73631287
1000000000.0,1146905830.5499647,phase_noise,31249980.1,21000.0,30.0,10,31251600.1,-83.27744293
1000000000.0,1146905830.5499647,phase_noise,31249980.1,21000.0,30.0,10,31251615.1,-84.78053284
1000000000.0,1146905830.5499647,phase_noise,31249980.1,21000.0,30.0,10,31251630.1,-86.70127869
1000000000.0,1146905830.5499647,phase_noise,31249980.1,21000.0,30.0,10,31251645.1,-84.22801971
1000000000.0,1146905830.5499647,phase_noise,31249980.1,21000.0,30.0,10,31251660.1,-83.79441833
1000000000.0,1146905830.5499647,phase_noise,31249980.1,21000.0,30.0,10,31251675.1,-84.19613647
1000000000.0,1146905830.5499647,phase_noise,31249980.1,21000.0,30.0,10,31251690.1,-88.82887268
1000000000.0,1146905830.5499647,phase_noise,31249980.1,21000.0,30.0,10,31251705.1,-84.57054138
1000000000.0,1146905830.5499647,phase_noise,31249980.1,21000.0,30.0,10,31251720.1,-84.60542297
1000000000.0,1146905830.5499647,phase_noise,31249980.1,21000.0,30.0,10,31251735.1,-82.70516968
1000000000.0,1146905830.5499647,phase_noise,31249980.1,21000.0,30.0,10,31251750.1,-83.24365997
1000000000.0,1146905830.5499647,phase_noise,31249980.1,21000.0,30.0,10,31251765.1,-83.19632721
1000000000.0,1146905830.5499647,phase_noise,31249980.1,21000.0,30.0,10,31251780.1,-82.95292664
1000000000.0,1146905830.5499647,phase_noise,31249980.1,21000.0,30.0,10,31251795.1,-84.4438858
1000000000.0,1146905830.5499647,phase_noise,31249980.1,21000.0,30.0,10,31251810.1,-82.4474411
1000000000.0,1146905830.5499647,phase_noise,31249980.1,21000.0,30.0,10,31251825.1,-82.48526001
1000000000.0,1146905830.5499647,phase_noise,31249980.1,21000.0,30.0,10,31251840.1,-86.64055634
1000000000.0,1146905830.5499647,phase_noise,31249980.1,21000.0,30.0,10,31251855.1,-85.41134644
1000000000.0,1146905830.5499647,phase_noise,31249980.1,21000.0,30.0,10,31251870.1,-83.96047974
1000000000.0,1146905830.5499647,phase_noise,31249980.1,21000.0,30.0,10,31251885.1,-82.79909515
1000000000.0,1146905830.5499647,phase_noise,31249980.1,21000.0,30.0,10,31251900.1,-85.02681732
1000000000.0,1146905830.5499647,phase_noise,31249980.1,21000.0,30.0,10,31251915.1,-83.10803223
1000000000.0,1146905830.5499647,phase_noise,31249980.1,21000.0,30.0,10,31251930.1,-83.7728653
1000000000.0,1146905830.5499647,phase_noise,31249980.1,21000.0,30.0,10,31251945.1,-81.8873291
1000000000.0,1146905830.5499647,phase_noise,31249980.1,21000.0,30.0,10,31251960.1,-81.83592224
1000000000.0,1146905830.5499647,phase_noise,31249980.1,21000.0,30.0,10,31251975.1,-85.33682251
1000000000.0,1146905830.5499647,phase_noise,31249980.1,21000.0,30.0,10,31251990.1,-83.88047028
1000000000.0,1146905830.5499647,phase_noise,31249980.1,21000.0,30.0,10,31252005.1,-83.50378418
1000000000.0,1146905830.5499647,phase_noise,31249980.1,21000.0,30.0,10,31252020.1,-82.08119202
1000000000.0,1146905830.5499647,phase_noise,31249980.1,21000.0,30.0,10,31252035.1,-82.13184357
1000000000.0,1146905830.5499647,phase_noise,31249980.1,21000.0,30.0,10,31252050.1,-82.19651031
1000000000.0,1146905830.5499647,phase_noise,31249980.1,21000.0,30.0,10,31252065.1,-83.10655212
1000000000.0,1146905830.5499647,phase_noise,31249980.1,21000.0,30.0,10,31252080.1,-82.4980011
1000000000.0,1146905830.5499647,phase_noise,31249980.1,21000.0,30.0,10,31252095.1,-85.48641968
1000000000.0,1146905830.5499647,phase_noise,31249980.1,21000.0,30.0,10,31252110.1,-85.9875946
1000000000.0,1146905830.5499647,phase_noise,31249980.1,21000.0,30.0,10,31252125.1,-83.58294678
1000000000.0,1146905830.5499647,phase_noise,31249980.1,21000.0,30.0,10,31252140.1,-82.75673676
1000000000.0,1146905830.5499647,phase_noise,31249980.1,21000.0,30.0,10,31252155.1,-82.27826691
1000000000.0,1146905830.5499647,phase_noise,31249980.1,21000.0,30.0,10,31252170.1,-83.47763062
1000000000.0,1146905830.5499647,phase_noise,31249980.1,21000.0,30.0,10,31252185.1,-84.02122498
1000000000.0,1146905830.5499647,phase_noise,31249980.1,21000.0,30.0,10,31252200.1,-83.71424103
1000000000.0,1146905830.5499647,phase_noise,31249980.1,21000.0,30.0,10,31252215.1,-83.45248413
1000000000.0,1146905830.5499647,phase_noise,31249980.1,21000.0,30.0,10,31252230.1,-85.77701569
1000000000.0,1146905830.5499647,phase_noise,31249980.1,21000.0,30.0,10,31252245.1,-83.79642487
1000000000.0,1146905830.5499647,phase_noise,31249980.1,21000.0,30.0,10,31252260.1,-83.8249054
1000000000.0,1146905830.5499647,phase_noise,31249980.1,21000.0,30.0,10,31252275.1,-84.56903839
1000000000.0,1146905830.5499647,phase_noise,31249980.1,21000.0,30.0,10,31252290.1,-83.9807663
1000000000.0,1146905830.5499647,phase_noise,31249980.1,21000.0,30.0,10,31252305.1,-82.89968109
1000000000.0,1146905830.5499647,phase_noise,31249980.1,21000.0,30.0,10,31252320.1,-83.20612335
1000000000.0,1146905830.5499647,phase_noise,31249980.1,21000.0,30.0,10,31252335.1,-83.07281494
1000000000.0,1146905830.5499647,phase_noise,31249980.1,21000.0,30.0,10,31252350.1,-81.10554504
1000000000.0,1146905830.5499647,phase_noise,31249980.1,21000.0,30.0,10,31252365.1,-83.13786316
1000000000.0,1146905830.5499647,phase_noise,31249980.1,21000.0,30.0,10,31252380.1,-85.11445618
1000000000.0,1146905830.5499647,phase_noise,31249980.1,21000.0,30.0,10,31252395.1,-83.93752289
1000000000.0,1146905830.5499647,phase_noise,31249980.1,21000.0,30.0,10,31252410.1,-84.39056396
1000000000.0,1146905830.5499647,phase_noise,31249980.1,21000.0,30.0,10,31252425.1,-83.63047028
1000000000.0,1146905830.5499647,phase_noise,31249980.1,21000.0,30.0,10,31252440.1,-83.28794861
1000000000.0,1146905830.5499647,phase_noise,31249980.1,21000.0,30.0,10,31252455.1,-81.04599762
1000000000.0,1146905830.5499647,phase_noise,31249980.1,21000.0,30.0,10,31252470.1,-78.41734314
1000000000.0,1146905830.5499647,phase_noise,31249980.1,21000.0,30.0,10,31252485.1,-80.3973465
1000000000.0,1146905830.5499647,phase_noise,31249980.1,21000.0,30.0,10,31252500.1,-83.19789124
1000000000.0,1146905830.5499647,phase_noise,31249980.1,21000.0,30.0,10,31252515.1,-82.04447174
1000000000.0,1146905830.5499647,phase_noise,31249980.1,21000.0,30.0,10,31252530.1,-82.83673859
1000000000.0,1146905830.5499647,phase_noise,31249980.1,21000.0,30.0,10,31252545.1,-81.43803406
1000000000.0,1146905830.5499647,phase_noise,31249980.1,21000.0,30.0,10,31252560.1,-81.86759186
1000000000.0,1146905830.5499647,phase_noise,31249980.1,21000.0,30.0,10,31252575.1,-80.18612671
1000000000.0,1146905830.5499647,phase_noise,31249980.1,21000.0,30.0,10,31252590.1,-79.6732254
1000000000.0,1146905830.5499647,phase_noise,31249980.1,21000.0,30.0,10,31252605.1,-80.52266693
1000000000.0,1146905830.5499647,phase_noise,31249980.1,21000.0,30.0,10,31252620.1,-83.6197052
1000000000.0,1146905830.5499647,phase_noise,31249980.1,21000.0,30.0,10,31252635.1,-83.18083191
1000000000.0,1146905830.5499647,phase_noise,31249980.1,21000.0,30.0,10,31252650.1,-83.46239471
1000000000.0,1146905830.5499647,phase_noise,31249980.1,21000.0,30.0,10,31252665.1,-82.31756592
1000000000.0,1146905830.5499647,phase_noise,31249980.1,21000.0,30.0,10,31252680.1,-83.0753479
1000000000.0,1146905830.5499647,phase_noise,31249980.1,21000.0,30.0,10,31252695.1,-85.092659
1000000000.0,1146905830.5499647,phase_noise,31249980.1,21000.0,30.0,10,31252710.1,-85.99256897
1000000000.0,1146905830.5499647,phase_noise,31249980.1,21000.0,30.0,10,31252725.1,-90.93014526
1000000000.0,1146905830.5499647,phase_noise,31249980.1,21000.0,30.0,10,31252740.1,-88.59082031
1000000000.0,1146905830.5499647,phase_noise,31249980.1,21000.0,30.0,10,31252755.1,-87.07398987
1000000000.0,1146905830.5499647,phase_noise,31249980.1,21000.0,30.0,10,31252770.1,-85.78807831
1000000000.0,1146905830.5499647,phase_noise,31249980.1,21000.0,30.0,10,31252785.1,-82.95978546
1000000000.0,1146905830.5499647,phase_noise,31249980.1,21000.0,30.0,10,31252800.1,-82.13624573
1000000000.0,1146905830.5499647,phase_noise,31249980.1,21000.0,30.0,10,31252815.1,-83.18818665
1000000000.0,1146905830.5499647,phase_noise,31249980.1,21000.0,30.0,10,31252830.1,-86.21105957
1000000000.0,1146905830.5499647,phase_noise,31249980.1,21000.0,30.0,10,31252845.1,-88.11125183
1000000000.0,1146905830.5499647,phase_noise,31249980.1,21000.0,30.0,10,31252860.1,-82.83595276
1000000000.0,1146905830.5499647,phase_noise,31249980.1,21000.0,30.0,10,31252875.1,-80.43999481
1000000000.0,1146905830.5499647,phase_noise,31249980.1,21000.0,30.0,10,31252890.1,-80.46347809
1000000000.0,1146905830.5499647,phase_noise,31249980.1,21000.0,30.0,10,31252905.1,-81.69320679
1000000000.0,1146905830.5499647,phase_noise,31249980.1,21000.0,30.0,10,31252920.1,-82.64554596
1000000000.0,1146905830.5499647,phase_noise,31249980.1,21000.0,30.0,10,31252935.1,-83.01694489
1000000000.0,1146905830.5499647,phase_noise,31249980.1,21000.0,30.0,10,31252950.1,-85.65074921
1000000000.0,1146905830.5499647,phase_noise,31249980.1,21000.0,30.0,10,31252965.1,-82.3911972
1000000000.0,1146905830.5499647,phase_noise,31249980.1,21000.0,30.0,10,31252980.1,-83.41526794
1000000000.0,1146905830.5499647,phase_noise,31249980.1,21000.0,30.0,10,31252995.1,-84.46113586
1000000000.0,1146905830.5499647,phase_noise,31249980.1,21000.0,30.0,10,31253010.1,-82.2114563
1000000000.0,1146905830.5499647,phase_noise,31249980.1,21000.0,30.0,10,31253025.1,-84.47479248
1000000000.0,1146905830.5499647,phase_noise,31249980.1,21000.0,30.0,10,31253040.1,-85.02578735
1000000000.0,1146905830.5499647,phase_noise,31249980.1,21000.0,30.0,10,31253055.1,-86.62625885
1000000000.0,1146905830.5499647,phase_noise,31249980.1,21000.0,30.0,10,31253070.1,-86.40045929
1000000000.0,1146905830.5499647,phase_noise,31249980.1,21000.0,30.0,10,31253085.1,-83.62870789
1000000000.0,1146905830.5499647,phase_noise,31249980.1,21000.0,30.0,10,31253100.1,-82.39614868
1000000000.0,1146905830.5499647,phase_noise,31249980.1,21000.0,30.0,10,31253115.1,-84.12834167
1000000000.0,1146905830.5499647,phase_noise,31249980.1,21000.0,30.0,10,31253130.1,-85.0968399
1000000000.0,1146905830.5499647,phase_noise,31249980.1,21000.0,30.0,10,31253145.1,-82.31802368
1000000000.0,1146905830.5499647,phase_noise,31249980.1,21000.0,30.0,10,31253160.1,-81.79199219
1000000000.0,1146905830.5499647,phase_noise,31249980.1,21000.0,30.0,10,31253175.1,-84.78686523
1000000000.0,1146905830.5499647,phase_noise,31249980.1,21000.0,30.0,10,31253190.1,-85.91397858
1000000000.0,1146905830.5499647,phase_noise,31249980.1,21000.0,30.0,10,31253205.1,-84.47309113
1000000000.0,1146905830.5499647,phase_noise,31249980.1,21000.0,30.0,10,31253220.1,-83.90092468
1000000000.0,1146905830.5499647,phase_noise,31249980.1,21000.0,30.0,10,31253235.1,-82.78028107
1000000000.0,1146905830.5499647,phase_noise,31249980.1,21000.0,30.0,10,31253250.1,-82.1412735
1000000000.0,1146905830.5499647,phase_noise,31249980.1,21000.0,30.0,10,31253265.1,-82.90544128
1000000000.0,1146905830.5499647,phase_noise,31249980.1,21000.0,30.0,10,31253280.1,-84.84605408
1000000000.0,1146905830.5499647,phase_noise,31249980.1,21000.0,30.0,10,31253295.1,-85.75080872
1000000000.0,1146905830.5499647,phase_noise,31249980.1,21000.0,30.0,10,31253310.1,-83.33660126
1000000000.0,1146905830.5499647,phase_noise,31249980.1,21000.0,30.0,10,31253325.1,-84.83620453
1000000000.0,1146905830.5499647,phase_noise,31249980.1,21000.0,30.0,10,31253340.1,-84.11657715
1000000000.0,1146905830.5499647,phase_noise,31249980.1,21000.0,30.0,10,31253355.1,-86.19617462
1000000000.0,1146905830.5499647,phase_noise,31249980.1,21000.0,30.0,10,31253370.1,-86.43930817
1000000000.0,1146905830.5499647,phase_noise,31249980.1,21000.0,30.0,10,31253385.1,-87.86761475
1000000000.0,1146905830.5499647,phase_noise,31249980.1,21000.0,30.0,10,31253400.1,-86.53218842
1000000000.0,1146905830.5499647,phase_noise,31249980.1,21000.0,30.0,10,31253415.1,-83.63829803
1000000000.0,1146905830.5499647,phase_noise,31249980.1,21000.0,30.0,10,31253430.1,-83.01054382
1000000000.0,1146905830.5499647,phase_noise,31249980.1,21000.0,30.0,10,31253445.1,-82.2350235
1000000000.0,1146905830.5499647,phase_noise,31249980.1,21000.0,30.0,10,31253460.1,-83.55947876
1000000000.0,1146905830.5499647,phase_noise,31249980.1,21000.0,30.0,10,31253475.1,-82.14633179
1000000000.0,1146905830.5499647,phase_noise,31249980.1,21000.0,30.0,10,31253490.1,-81.90367126
1000000000.0,1146905830.5499647,phase_noise,31249980.1,21000.0,30.0,10,31253505.1,-82.38375092
1000000000.0,1146905830.5499647,phase_noise,31249980.1,21000.0,30.0,10,31253520.1,-82.449646
1000000000.0,1146905830.5499647,phase_noise,31249980.1,21000.0,30.0,10,31253535.1,-83.57398987
1000000000.0,1146905830.5499647,phase_noise,31249980.1,21000.0,30.0,10,31253550.1,-83.54232788
1000000000.0,1146905830.5499647,phase_noise,31249980.1,21000.0,30.0,10,31253565.1,-84.47440338
1000000000.0,1146905830.5499647,phase_noise,31249980.1,21000.0,30.0,10,31253580.1,-83.36014557
1000000000.0,1146905830.5499647,phase_noise,31249980.1,21000.0,30.0,10,31253595.1,-84.25942993
1000000000.0,1146905830.5499647,phase_noise,31249980.1,21000.0,30.0,10,31253610.1,-83.56462097
1000000000.0,1146905830.5499647,phase_noise,31249980.1,21000.0,30.0,10,31253625.1,-84.33042145
1000000000.0,1146905830.5499647,phase_noise,31249980.1,21000.0,30.0,10,31253640.1,-83.27805328
1000000000.0,1146905830.5499647,phase_noise,31249980.1,21000.0,30.0,10,31253655.1,-82.52284241
1000000000.0,1146905830.5499647,phase_noise,31249980.1,21000.0,30.0,10,31253670.1,-82.71762085
1000000000.0,1146905830.5499647,phase_noise,31249980.1,21000.0,30.0,10,31253685.1,-85.03760529
1000000000.0,1146905830.5499647,phase_noise,31249980.1,21000.0,30.0,10,31253700.1,-86.45424652
1000000000.0,1146905830.5499647,phase_noise,31249980.1,21000.0,30.0,10,31253715.1,-85.56227875
1000000000.0,1146905830.5499647,phase_noise,31249980.1,21000.0,30.0,10,31253730.1,-81.64980316
1000000000.0,1146905830.5499647,phase_noise,31249980.1,21000.0,30.0,10,31253745.1,-81.25778198
1000000000.0,1146905830.5499647,phase_noise,31249980.1,21000.0,30.0,10,31253760.1,-84.46169281
1000000000.0,1146905830.5499647,phase_noise,31249980.1,21000.0,30.0,10,31253775.1,-85.42710114
1000000000.0,1146905830.5499647,phase_noise,31249980.1,21000.0,30.0,10,31253790.1,-85.98447418
1000000000.0,1146905830.5499647,phase_noise,31249980.1,21000.0,30.0,10,31253805.1,-85.72736359
1000000000.0,1146905830.5499647,phase_noise,31249980.1,21000.0,30.0,10,31253820.1,-84.43961334
1000000000.0,1146905830.5499647,phase_noise,31249980.1,21000.0,30.0,10,31253835.1,-86.21108246
1000000000.0,1146905830.5499647,phase_noise,31249980.1,21000.0,30.0,10,31253850.1,-86.04473877
1000000000.0,1146905830.5499647,phase_noise,31249980.1,21000.0,30.0,10,31253865.1,-83.51532745
1000000000.0,1146905830.5499647,phase_noise,31249980.1,21000.0,30.0,10,31253880.1,-83.66053772
1000000000.0,1146905830.5499647,phase_noise,31249980.1,21000.0,30.0,10,31253895.1,-84.44709778
1000000000.0,1146905830.5499647,phase_noise,31249980.1,21000.0,30.0,10,31253910.1,-86.85739136
1000000000.0,1146905830.5499647,phase_noise,31249980.1,21000.0,30.0,10,31253925.1,-86.68106842
1000000000.0,1146905830.5499647,phase_noise,31249980.1,21000.0,30.0,10,31253940.1,-84.03121948
1000000000.0,1146905830.5499647,phase_noise,31249980.1,21000.0,30.0,10,31253955.1,-84.81246948
1000000000.0,1146905830.5499647,phase_noise,31249980.1,21000.0,30.0,10,31253970.1,-88.05013275
1000000000.0,1146905830.5499647,phase_noise,31249980.1,21000.0,30.0,10,31253985.1,-86.03477478
1000000000.0,1146905830.5499647,phase_noise,31249980.1,21000.0,30.0,10,31254000.1,-84.56967926
1000000000.0,1146905830.5499647,phase_noise,31249980.1,21000.0,30.0,10,31254015.1,-82.66668701
1000000000.0,1146905830.5499647,phase_noise,31249980.1,21000.0,30.0,10,31254030.1,-83.15666962
1000000000.0,1146905830.5499647,phase_noise,31249980.1,21000.0,30.0,10,31254045.1,-83.5305481
1000000000.0,1146905830.5499647,phase_noise,31249980.1,21000.0,30.0,10,31254060.1,-84.75572205
1000000000.0,1146905830.5499647,phase_noise,31249980.1,21000.0,30.0,10,31254075.1,-86.10751343
1000000000.0,1146905830.5499647,phase_noise,31249980.1,21000.0,30.0,10,31254090.1,-84.76529694
1000000000.0,1146905830.5499647,phase_noise,31249980.1,21000.0,30.0,10,31254105.1,-84.09747314
1000000000.0,1146905830.5499647,phase_noise,31249980.1,21000.0,30.0,10,31254120.1,-84.58985138
1000000000.0,1146905830.5499647,phase_noise,31249980.1,21000.0,30.0,10,31254135.1,-85.66600037
1000000000.0,1146905830.5499647,phase_noise,31249980.1,21000.0,30.0,10,31254150.1,-84.78570557
1000000000.0,1146905830.5499647,phase_noise,31249980.1,21000.0,30.0,10,31254165.1,-83.37334442
1000000000.0,1146905830.5499647,phase_noise,31249980.1,21000.0,30.0,10,31254180.1,-82.16377258
1000000000.0,1146905830.5499647,phase_noise,31249980.1,21000.0,30.0,10,31254195.1,-84.12712097
1000000000.0,1146905830.5499647,phase_noise,31249980.1,21000.0,30.0,10,31254210.1,-86.22097015
1000000000.0,1146905830.5499647,phase_noise,31249980.1,21000.0,30.0,10,31254225.1,-87.26411438
1000000000.0,1146905830.5499647,phase_noise,31249980.1,21000.0,30.0,10,31254240.1,-88.82971954
1000000000.0,1146905830.5499647,phase_noise,31249980.1,21000.0,30.0,10,31254255.1,-83.89764404
1000000000.0,1146905830.5499647,phase_noise,31249980.1,21000.0,30.0,10,31254270.1,-82.7951355
1000000000.0,1146905830.5499647,phase_noise,31249980.1,21000.0,30.0,10,31254285.1,-84.14057159
1000000000.0,1146905830.5499647,phase_noise,31249980.1,21000.0,30.0,10,31254300.1,-84.3523941
1000000000.0,1146905830.5499647,phase_noise,31249980.1,21000.0,30.0,10,31254315.1,-83.94426727
1000000000.0,1146905830.5499647,phase_noise,31249980.1,21000.0,30.0,10,31254330.1,-83.19853973
1000000000.0,1146905830.5499647,phase_noise,31249980.1,21000.0,30.0,10,31254345.1,-84.13472748
1000000000.0,1146905830.5499647,phase_noise,31249980.1,21000.0,30.0,10,31254360.1,-82.69752502
1000000000.0,1146905830.5499647,phase_noise,31249980.1,21000.0,30.0,10,31254375.1,-86.00054932
1000000000.0,1146905830.5499647,phase_noise,31249980.1,21000.0,30.0,10,31254390.1,-85.25935364
1000000000.0,1146905830.5499647,phase_noise,31249980.1,21000.0,30.0,10,31254405.1,-83.197258
1000000000.0,1146905830.5499647,phase_noise,31249980.1,21000.0,30.0,10,31254420.1,-80.71099854
1000000000.0,1146905830.5499647,phase_noise,31249980.1,21000.0,30.0,10,31254435.1,-81.54730225
1000000000.0,1146905830.5499647,phase_noise,31249980.1,21000.0,30.0,10,31254450.1,-83.47348785
1000000000.0,1146905830.5499647,phase_noise,31249980.1,21000.0,30.0,10,31254465.1,-83.08123779
1000000000.0,1146905830.5499647,phase_noise,31249980.1,21000.0,30.0,10,31254480.1,-82.00385284
1000000000.0,1146905830.5499647,phase_noise,31249980.1,21000.0,30.0,10,31254495.1,-82.16244507
1000000000.0,1146905830.5499647,phase_noise,31249980.1,21000.0,30.0,10,31254510.1,-83.00001526
1000000000.0,1146905830.5499647,phase_noise,31249980.1,21000.0,30.0,10,31254525.1,-84.74398041
1000000000.0,1146905830.5499647,phase_noise,31249980.1,21000.0,30.0,10,31254540.1,-84.26534271
1000000000.0,1146905830.5499647,phase_noise,31249980.1,21000.0,30.0,10,31254555.1,-86.00576782
1000000000.0,1146905830.5499647,phase_noise,31249980.1,21000.0,30.0,10,31254570.1,-86.60857391
1000000000.0,1146905830.5499647,phase_noise,31249980.1,21000.0,30.0,10,31254585.1,-85.76034546
1000000000.0,1146905830.5499647,phase_noise,31249980.1,21000.0,30.0,10,31254600.1,-81.94766235
1000000000.0,1146905830.5499647,phase_noise,31249980.1,21000.0,30.0,10,31254615.1,-80.12303162
1000000000.0,1146905830.5499647,phase_noise,31249980.1,21000.0,30.0,10,31254630.1,-81.40619659
1000000000.0,1146905830.5499647,phase_noise,31249980.1,21000.0,30.0,10,31254645.1,-82.39380646
1000000000.0,1146905830.5499647,phase_noise,31249980.1,21000.0,30.0,10,31254660.1,-82.26546478
1000000000.0,1146905830.5499647,phase_noise,31249980.1,21000.0,30.0,10,31254675.1,-82.2000351
1000000000.0,1146905830.5499647,phase_noise,31249980.1,21000.0,30.0,10,31254690.1,-83.2882309
1000000000.0,1146905830.5499647,phase_noise,31249980.1,21000.0,30.0,10,31254705.1,-83.51364136
1000000000.0,1146905830.5499647,phase_noise,31249980.1,21000.0,30.0,10,31254720.1,-82.53064728
1000000000.0,1146905830.5499647,phase_noise,31249980.1,21000.0,30.0,10,31254735.1,-81.90696716
1000000000.0,1146905830.5499647,phase_noise,31249980.1,21000.0,30.0,10,31254750.1,-80.36769104
1000000000.0,1146905830.5499647,phase_noise,31249980.1,21000.0,30.0,10,31254765.1,-72.78684235
1000000000.0,1146905830.5499647,phase_noise,31249980.1,21000.0,30.0,10,31254780.1,-64.73834229
1000000000.0,1146905830.5499647,phase_noise,31249980.1,21000.0,30.0,10,31254795.1,-62.51596832
1000000000.0,1146905830.5499647,phase_noise,31249980.1,21000.0,30.0,10,31254810.1,-65.64237213
1000000000.0,1146905830.5499647,phase_noise,31249980.1,21000.0,30.0,10,31254825.1,-69.57871246
1000000000.0,1146905830.5499647,phase_noise,31249980.1,21000.0,30.0,10,31254840.1,-77.20379639
1000000000.0,1146905830.5499647,phase_noise,31249980.1,21000.0,30.0,10,31254855.1,-84.68833923
1000000000.0,1146905830.5499647,phase_noise,31249980.1,21000.0,30.0,10,31254870.1,-84.65840149
1000000000.0,1146905830.5499647,phase_noise,31249980.1,21000.0,30.0,10,31254885.1,-86.41868591
1000000000.0,1146905830.5499647,phase_noise,31249980.1,21000.0,30.0,10,31254900.1,-85.6655426
1000000000.0,1146905830.5499647,phase_noise,31249980.1,21000.0,30.0,10,31254915.1,-87.62284088
1000000000.0,1146905830.5499647,phase_noise,31249980.1,21000.0,30.0,10,31254930.1,-83.08514404
1000000000.0,1146905830.5499647,phase_noise,31249980.1,21000.0,30.0,10,31254945.1,-80.36236572
1000000000.0,1146905830.5499647,phase_noise,31249980.1,21000.0,30.0,10,31254960.1,-80.80843353
1000000000.0,1146905830.5499647,phase_noise,31249980.1,21000.0,30.0,10,31254975.1,-82.38861847
1000000000.0,1146905830.5499647,phase_noise,31249980.1,21000.0,30.0,10,31254990.1,-83.14358521
1000000000.0,1146905830.5499647,phase_noise,31249980.1,21000.0,30.0,10,31255005.1,-84.25244904
1000000000.0,1146905830.5499647,phase_noise,31249980.1,21000.0,30.0,10,31255020.1,-83.2196579
1000000000.0,1146905830.5499647,phase_noise,31249980.1,21000.0,30.0,10,31255035.1,-81.90126801
1000000000.0,1146905830.5499647,phase_noise,31249980.1,21000.0,30.0,10,31255050.1,-84.73436737
1000000000.0,1146905830.5499647,phase_noise,31249980.1,21000.0,30.0,10,31255065.1,-86.79388428
1000000000.0,1146905830.5499647,phase_noise,31249980.1,21000.0,30.0,10,31255080.1,-86.35414886
1000000000.0,1146905830.5499647,phase_noise,31249980.1,21000.0,30.0,10,31255095.1,-84.772789
1000000000.0,1146905830.5499647,phase_noise,31249980.1,21000.0,30.0,10,31255110.1,-83.21139526
1000000000.0,1146905830.5499647,phase_noise,31249980.1,21000.0,30.0,10,31255125.1,-77.81885529
1000000000.0,1146905830.5499647,phase_noise,31249980.1,21000.0,30.0,10,31255140.1,-74.25717926
1000000000.0,1146905830.5499647,phase_noise,31249980.1,21000.0,30.0,10,31255155.1,-72.00070953
1000000000.0,1146905830.5499647,phase_noise,31249980.1,21000.0,30.0,10,31255170.1,-71.89305878
1000000000.0,1146905830.5499647,phase_noise,31249980.1,21000.0,30.0,10,31255185.1,-78.65672302
1000000000.0,1146905830.5499647,phase_noise,31249980.1,21000.0,30.0,10,31255200.1,-79.7928772
1000000000.0,1146905830.5499647,phase_noise,31249980.1,21000.0,30.0,10,31255215.1,-78.38708496
1000000000.0,1146905830.5499647,phase_noise,31249980.1,21000.0,30.0,10,31255230.1,-77.9526062
1000000000.0,1146905830.5499647,phase_noise,31249980.1,21000.0,30.0,10,31255245.1,-78.93392944
1000000000.0,1146905830.5499647,phase_noise,31249980.1,21000.0,30.0,10,31255260.1,-82.09786224
1000000000.0,1146905830.5499647,phase_noise,31249980.1,21000.0,30.0,10,31255275.1,-86.19306946
1000000000.0,1146905830.5499647,phase_noise,31249980.1,21000.0,30.0,10,31255290.1,-86.99489594
1000000000.0,1146905830.5499647,phase_noise,31249980.1,21000.0,30.0,10,31255305.1,-86.18502808
1000000000.0,1146905830.5499647,phase_noise,31249980.1,21000.0,30.0,10,31255320.1,-85.17835999
1000000000.0,1146905830.5499647,phase_noise,31249980.1,21000.0,30.0,10,31255335.1,-84.13694763
1000000000.0,1146905830.5499647,phase_noise,31249980.1,21000.0,30.0,10,31255350.1,-83.17812347
1000000000.0,1146905830.5499647,phase_noise,31249980.1,21000.0,30.0,10,31255365.1,-83.7896347
1000000000.0,1146905830.5499647,phase_noise,31249980.1,21000.0,30.0,10,31255380.1,-88.02050781
1000000000.0,1146905830.5499647,phase_noise,31249980.1,21000.0,30.0,10,31255395.1,-86.7618103
1000000000.0,1146905830.5499647,phase_noise,31249980.1,21000.0,30.0,10,31255410.1,-88.71056366
1000000000.0,1146905830.5499647,phase_noise,31249980.1,21000.0,30.0,10,31255425.1,-86.31684875
1000000000.0,1146905830.5499647,phase_noise,31249980.1,21000.0,30.0,10,31255440.1,-83.4879303
1000000000.0,1146905830.5499647,phase_noise,31249980.1,21000.0,30.0,10,31255455.1,-85.55391693
1000000000.0,1146905830.5499647,phase_noise,31249980.1,21000.0,30.0,10,31255470.1,-85.30210876
1000000000.0,1146905830.5499647,phase_noise,31249980.1,21000.0,30.0,10,31255485.1,-83.61894989
1000000000.0,1146905830.5499647,phase_noise,31249980.1,21000.0,30.0,10,31255500.1,-83.79267883
1000000000.0,1146905830.5499647,phase_noise,31249980.1,21000.0,30.0,10,31255515.1,-83.23002625
1000000000.0,1146905830.5499647,phase_noise,31249980.1,21000.0,30.0,10,31255530.1,-83.51724243
1000000000.0,1146905830.5499647,phase_noise,31249980.1,21000.0,30.0,10,31255545.1,-83.47559357
1000000000.0,1146905830.5499647,phase_noise,31249980.1,21000.0,30.0,10,31255560.1,-85.14104462
1000000000.0,1146905830.5499647,phase_noise,31249980.1,21000.0,30.0,10,31255575.1,-83.02513123
1000000000.0,1146905830.5499647,phase_noise,31249980.1,21000.0,30.0,10,31255590.1,-82.85414886
1000000000.0,1146905830.5499647,phase_noise,31249980.1,21000.0,30.0,10,31255605.1,-84.75966644
1000000000.0,1146905830.5499647,phase_noise,31249980.1,21000.0,30.0,10,31255620.1,-87.21429443
1000000000.0,1146905830.5499647,phase_noise,31249980.1,21000.0,30.0,10,31255635.1,-82.65856934
1000000000.0,1146905830.5499647,phase_noise,31249980.1,21000.0,30.0,10,31255650.1,-81.82494354
1000000000.0,1146905830.5499647,phase_noise,31249980.1,21000.0,30.0,10,31255665.1,-83.92190552
1000000000.0,1146905830.5499647,phase_noise,31249980.1,21000.0,30.0,10,31255680.1,-86.39419556
1000000000.0,1146905830.5499647,phase_noise,31249980.1,21000.0,30.0,10,31255695.1,-86.40135956
1000000000.0,1146905830.5499647,phase_noise,31249980.1,21000.0,30.0,10,31255710.1,-87.44853973
1000000000.0,1146905830.5499647,phase_noise,31249980.1,21000.0,30.0,10,31255725.1,-86.96622467
1000000000.0,1146905830.5499647,phase_noise,31249980.1,21000.0,30.0,10,31255740.1,-89.67310333
1000000000.0,1146905830.5499647,phase_noise,31249980.1,21000.0,30.0,10,31255755.1,-85.01939392
1000000000.0,1146905830.5499647,phase_noise,31249980.1,21000.0,30.0,10,31255770.1,-83.52385712
1000000000.0,1146905830.5499647,phase_noise,31249980.1,21000.0,30.0,10,31255785.1,-83.6831665
1000000000.0,1146905830.5499647,phase_noise,31249980.1,21000.0,30.0,10,31255800.1,-83.46329498
1000000000.0,1146905830.5499647,phase_noise,31249980.1,21000.0,30.0,10,31255815.1,-83.99906921
1000000000.0,1146905830.5499647,phase_noise,31249980.1,21000.0,30.0,10,31255830.1,-83.9029007
1000000000.0,1146905830.5499647,phase_noise,31249980.1,21000.0,30.0,10,31255845.1,-85.16595459
1000000000.0,1146905830.5499647,phase_noise,31249980.1,21000.0,30.0,10,31255860.1,-85.45479584
1000000000.0,1146905830.5499647,phase_noise,31249980.1,21000.0,30.0,10,31255875.1,-86.04695129
1000000000.0,1146905830.5499647,phase_noise,31249980.1,21000.0,30.0,10,31255890.1,-83.50997162
1000000000.0,1146905830.5499647,phase_noise,31249980.1,21000.0,30.0,10,31255905.1,-83.71352386
1000000000.0,1146905830.5499647,phase_noise,31249980.1,21000.0,30.0,10,31255920.1,-85.34497833
1000000000.0,1146905830.5499647,phase_noise,31249980.1,21000.0,30.0,10,31255935.1,-84.35402679
1000000000.0,1146905830.5499647,phase_noise,31249980.1,21000.0,30.0,10,31255950.1,-83.43512726
1000000000.0,1146905830.5499647,phase_noise,31249980.1,21000.0,30.0,10,31255965.1,-82.56282043
1000000000.0,1146905830.5499647,phase_noise,31249980.1,21000.0,30.0,10,31255980.1,-81.21390533
1000000000.0,1146905830.5499647,phase_noise,31249980.1,21000.0,30.0,10,31255995.1,-83.51576233
1000000000.0,1146905830.5499647,phase_noise,31249980.1,21000.0,30.0,10,31256010.1,-79.67823792
1000000000.0,1146905830.5499647,phase_noise,31249980.1,21000.0,30.0,10,31256025.1,-80.4670639
1000000000.0,1146905830.5499647,phase_noise,31249980.1,21000.0,30.0,10,31256040.1,-81.90625
1000000000.0,1146905830.5499647,phase_noise,31249980.1,21000.0,30.0,10,31256055.1,-84.25273132
1000000000.0,1146905830.5499647,phase_noise,31249980.1,21000.0,30.0,10,31256070.1,-83.28870392
1000000000.0,1146905830.5499647,phase_noise,31249980.1,21000.0,30.0,10,31256085.1,-82.87245178
1000000000.0,1146905830.5499647,phase_noise,31249980.1,21000.0,30.0,10,31256100.1,-81.76631927
1000000000.0,1146905830.5499647,phase_noise,31249980.1,21000.0,30.0,10,31256115.1,-80.67809296
1000000000.0,1146905830.5499647,phase_noise,31249980.1,21000.0,30.0,10,31256130.1,-82.11632538
1000000000.0,1146905830.5499647,phase_noise,31249980.1,21000.0,30.0,10,31256145.1,-82.46414948
1000000000.0,1146905830.5499647,phase_noise,31249980.1,21000.0,30.0,10,31256160.1,-83.53218842
1000000000.0,1146905830.5499647,phase_noise,31249980.1,21000.0,30.0,10,31256175.1,-83.90493011
1000000000.0,1146905830.5499647,phase_noise,31249980.1,21000.0,30.0,10,31256190.1,-84.5052948
1000000000.0,1146905830.5499647,phase_noise,31249980.1,21000.0,30.0,10,31256205.1,-85.63410187
1000000000.0,1146905830.5499647,phase_noise,31249980.1,21000.0,30.0,10,31256220.1,-84.65136719
1000000000.0,1146905830.5499647,phase_noise,31249980.1,21000.0,30.0,10,31256235.1,-85.22543335
1000000000.0,1146905830.5499647,phase_noise,31249980.1,21000.0,30.0,10,31256250.1,-84.6499176
1000000000.0,1146905830.5499647,phase_noise,31249980.1,21000.0,30.0,10,31256265.1,-84.94007111
1000000000.0,1146905830.5499647,phase_noise,31249980.1,21000.0,30.0,10,31256280.1,-83.80864716
1000000000.0,1146905830.5499647,phase_noise,31249980.1,21000.0,30.0,10,31256295.1,-82.70722961
1000000000.0,1146905830.5499647,phase_noise,31249980.1,21000.0,30.0,10,31256310.1,-83.70001984
1000000000.0,1146905830.5499647,phase_noise,31249980.1,21000.0,30.0,10,31256325.1,-84.70520782
1000000000.0,1146905830.5499647,phase_noise,31249980.1,21000.0,30.0,10,31256340.1,-82.98628235
1000000000.0,1146905830.5499647,phase_noise,31249980.1,21000.0,30.0,10,31256355.1,-81.86347961
1000000000.0,1146905830.5499647,phase_noise,31249980.1,21000.0,30.0,10,31256370.1,-82.5867157
1000000000.0,1146905830.5499647,phase_noise,31249980.1,21000.0,30.0,10,31256385.1,-82.58831787
1000000000.0,1146905830.5499647,phase_noise,31249980.1,21000.0,30.0,10,31256400.1,-83.03036499
1000000000.0,1146905830.5499647,phase_noise,31249980.1,21000.0,30.0,10,31256415.1,-83.87055969
1000000000.0,1146905830.5499647,phase_noise,31249980.1,21000.0,30.0,10,31256430.1,-82.29019928
1000000000.0,1146905830.5499647,phase_noise,31249980.1,21000.0,30.0,10,31256445.1,-81.79799652
1000000000.0,1146905830.5499647,phase_noise,31249980.1,21000.0,30.0,10,31256460.1,-82.82406616
1000000000.0,1146905830.5499647,phase_noise,31249980.1,21000.0,30.0,10,31256475.1,-84.10182953
1000000000.0,1146905830.5499647,phase_noise,31249980.1,21000.0,30.0,10,31256490.1,-83.45059967
1000000000.0,1146905830.5499647,phase_noise,31249980.1,21000.0,30.0,10,31256505.1,-85.0732193
1000000000.0,1146905830.5499647,phase_noise,31249980.1,21000.0,30.0,10,31256520.1,-82.68596649
1000000000.0,1146905830.5499647,phase_noise,31249980.1,21000.0,30.0,10,31256535.1,-83.74330902
1000000000.0,1146905830.5499647,phase_noise,31249980.1,21000.0,30.0,10,31256550.1,-83.25093842
1000000000.0,1146905830.5499647,phase_noise,31249980.1,21000.0,30.0,10,31256565.1,-82.11082458
1000000000.0,1146905830.5499647,phase_noise,31249980.1,21000.0,30.0,10,31256580.1,-83.63346863
1000000000.0,1146905830.5499647,phase_noise,31249980.1,21000.0,30.0,10,31256595.1,-84.60912323
1000000000.0,1146905830.5499647,phase_noise,31249980.1,21000.0,30.0,10,31256610.1,-83.23836517
1000000000.0,1146905830.5499647,phase_noise,31249980.1,21000.0,30.0,10,31256625.1,-85.16642761
1000000000.0,1146905830.5499647,phase_noise,31249980.1,21000.0,30.0,10,31256640.1,-84.85390472
1000000000.0,1146905830.5499647,phase_noise,31249980.1,21000.0,30.0,10,31256655.1,-82.23623657
1000000000.0,1146905830.5499647,phase_noise,31249980.1,21000.0,30.0,10,31256670.1,-82.93378448
1000000000.0,1146905830.5499647,phase_noise,31249980.1,21000.0,30.0,10,31256685.1,-84.10910034
1000000000.0,1146905830.5499647,phase_noise,31249980.1,21000.0,30.0,10,31256700.1,-82.46630859
1000000000.0,1146905830.5499647,phase_noise,31249980.1,21000.0,30.0,10,31256715.1,-83.17559814
1000000000.0,1146905830.5499647,phase_noise,31249980.1,21000.0,30.0,10,31256730.1,-84.53047943
1000000000.0,1146905830.5499647,phase_noise,31249980.1,21000.0,30.0,10,31256745.1,-83.05715179
1000000000.0,1146905830.5499647,phase_noise,31249980.1,21000.0,30.0,10,31256760.1,-84.70172119
1000000000.0,1146905830.5499647,phase_noise,31249980.1,21000.0,30.0,10,31256775.1,-86.01042175
1000000000.0,1146905830.5499647,phase_noise,31249980.1,21000.0,30.0,10,31256790.1,-85.06110382
1000000000.0,1146905830.5499647,phase_noise,31249980.1,21000.0,30.0,10,31256805.1,-84.19451141
1000000000.0,1146905830.5499647,phase_noise,31249980.1,21000.0,30.0,10,31256820.1,-86.4056778
1000000000.0,1146905830.5499647,phase_noise,31249980.1,21000.0,30.0,10,31256835.1,-87.30030823
1000000000.0,1146905830.5499647,phase_noise,31249980.1,21000.0,30.0,10,31256850.1,-83.87329865
1000000000.0,1146905830.5499647,phase_noise,31249980.1,21000.0,30.0,10,31256865.1,-84.09763336
1000000000.0,1146905830.5499647,phase_noise,31249980.1,21000.0,30.0,10,31256880.1,-85.44859314
1000000000.0,1146905830.5499647,phase_noise,31249980.1,21000.0,30.0,10,31256895.1,-83.46672058
1000000000.0,1146905830.5499647,phase_noise,31249980.1,21000.0,30.0,10,31256910.1,-85.27723694
1000000000.0,1146905830.5499647,phase_noise,31249980.1,21000.0,30.0,10,31256925.1,-82.21451569
1000000000.0,1146905830.5499647,phase_noise,31249980.1,21000.0,30.0,10,31256940.1,-81.40762329
1000000000.0,1146905830.5499647,phase_noise,31249980.1,21000.0,30.0,10,31256955.1,-81.69661713
1000000000.0,1146905830.5499647,phase_noise,31249980.1,21000.0,30.0,10,31256970.1,-81.73774719
1000000000.0,1146905830.5499647,phase_noise,31249980.1,21000.0,30.0,10,31256985.1,-82.59609985
1000000000.0,1146905830.5499647,phase_noise,31249980.1,21000.0,30.0,10,31257000.1,-82.9070282
1000000000.0,1146905830.5499647,phase_noise,31249980.1,21000.0,30.0,10,31257015.1,-83.53283691
1000000000.0,1146905830.5499647,phase_noise,31249980.1,21000.0,30.0,10,31257030.1,-84.25640869
1000000000.0,1146905830.5499647,phase_noise,31249980.1,21000.0,30.0,10,31257045.1,-83.01795959
1000000000.0,1146905830.5499647,phase_noise,31249980.1,21000.0,30.0,10,31257060.1,-82.58129883
1000000000.0,1146905830.5499647,phase_noise,31249980.1,21000.0,30.0,10,31257075.1,-85.23873901
1000000000.0,1146905830.5499647,phase_noise,31249980.1,21000.0,30.0,10,31257090.1,-86.92692566
1000000000.0,1146905830.5499647,phase_noise,31249980.1,21000.0,30.0,10,31257105.1,-84.45007324
1000000000.0,1146905830.5499647,phase_noise,31249980.1,21000.0,30.0,10,31257120.1,-82.23535156
1000000000.0,1146905830.5499647,phase_noise,31249980.1,21000.0,30.0,10,31257135.1,-82.28636169
1000000000.0,1146905830.5499647,phase_noise,31249980.1,21000.0,30.0,10,31257150.1,-83.00326538
1000000000.0,1146905830.5499647,phase_noise,31249980.1,21000.0,30.0,10,31257165.1,-85.31987
1000000000.0,1146905830.5499647,phase_noise,31249980.1,21000.0,30.0,10,31257180.1,-83.64675903
1000000000.0,1146905830.5499647,phase_noise,31249980.1,21000.0,30.0,10,31257195.1,-80.93768311
1000000000.0,1146905830.5499647,phase_noise,31249980.1,21000.0,30.0,10,31257210.1,-80.99177551
1000000000.0,1146905830.5499647,phase_noise,31249980.1,21000.0,30.0,10,31257225.1,-82.58700562
1000000000.0,1146905830.5499647,phase_noise,31249980.1,21000.0,30.0,10,31257240.1,-86.31450653
1000000000.0,1146905830.5499647,phase_noise,31249980.1,21000.0,30.0,10,31257255.1,-87.13566589
1000000000.0,1146905830.5499647,phase_noise,31249980.1,21000.0,30.0,10,31257270.1,-83.9127655
1000000000.0,1146905830.5499647,phase_noise,31249980.1,21000.0,30.0,10,31257285.1,-83.30755615
1000000000.0,1146905830.5499647,phase_noise,31249980.1,21000.0,30.0,10,31257300.1,-81.48214722
1000000000.0,1146905830.5499647,phase_noise,31249980.1,21000.0,30.0,10,31257315.1,-82.28409576
1000000000.0,1146905830.5499647,phase_noise,31249980.1,21000.0,30.0,10,31257330.1,-85.95648956
1000000000.0,1146905830.5499647,phase_noise,31249980.1,21000.0,30.0,10,31257345.1,-91.23278046
1000000000.0,1146905830.5499647,phase_noise,31249980.1,21000.0,30.0,10,31257360.1,-88.10148621
1000000000.0,1146905830.5499647,phase_noise,31249980.1,21000.0,30.0,10,31257375.1,-85.42049408
1000000000.0,1146905830.5499647,phase_noise,31249980.1,21000.0,30.0,10,31257390.1,-82.34098053
1000000000.0,1146905830.5499647,phase_noise,31249980.1,21000.0,30.0,10,31257405.1,-82.75502014
1000000000.0,1146905830.5499647,phase_noise,31249980.1,21000.0,30.0,10,31257420.1,-81.90092468
1000000000.0,1146905830.5499647,phase_noise,31249980.1,21000.0,30.0,10,31257435.1,-81.61420441
1000000000.0,1146905830.5499647,phase_noise,31249980.1,21000.0,30.0,10,31257450.1,-82.41434479
1000000000.0,1146905830.5499647,phase_noise,31249980.1,21000.0,30.0,10,31257465.1,-82.79788971
1000000000.0,1146905830.5499647,phase_noise,31249980.1,21000.0,30.0,10,31257480.1,-81.59586334
1000000000.0,1146905830.5499647,phase_noise,31249980.1,21000.0,30.0,10,31257495.1,-81.99028015
1000000000.0,1146905830.5499647,phase_noise,31249980.1,21000.0,30.0,10,31257510.1,-81.71342468
1000000000.0,1146905830.5499647,phase_noise,31249980.1,21000.0,30.0,10,31257525.1,-83.3993988
1000000000.0,1146905830.5499647,phase_noise,31249980.1,21000.0,30.0,10,31257540.1,-81.12025452
1000000000.0,1146905830.5499647,phase_noise,31249980.1,21000.0,30.0,10,31257555.1,-80.34003448
1000000000.0,1146905830.5499647,phase_noise,31249980.1,21000.0,30.0,10,31257570.1,-80.33146667
1000000000.0,1146905830.5499647,phase_noise,31249980.1,21000.0,30.0,10,31257585.1,-79.34476471
1000000000.0,1146905830.5499647,phase_noise,31249980.1,21000.0,30.0,10,31257600.1,-79.9970932
1000000000.0,1146905830.5499647,phase_noise,31249980.1,21000.0,30.0,10,31257615.1,-81.16687012
1000000000.0,1146905830.5499647,phase_noise,31249980.1,21000.0,30.0,10,31257630.1,-82.88925934
1000000000.0,1146905830.5499647,phase_noise,31249980.1,21000.0,30.0,10,31257645.1,-82.92932129
1000000000.0,1146905830.5499647,phase_noise,31249980.1,21000.0,30.0,10,31257660.1,-85.4624939
1000000000.0,1146905830.5499647,phase_noise,31249980.1,21000.0,30.0,10,31257675.1,-86.89299011
1000000000.0,1146905830.5499647,phase_noise,31249980.1,21000.0,30.0,10,31257690.1,-83.64393616
1000000000.0,1146905830.5499647,phase_noise,31249980.1,21000.0,30.0,10,31257705.1,-83.85930634
1000000000.0,1146905830.5499647,phase_noise,31249980.1,21000.0,30.0,10,31257720.1,-83.69970703
1000000000.0,1146905830.5499647,phase_noise,31249980.1,21000.0,30.0,10,31257735.1,-84.41392517
1000000000.0,1146905830.5499647,phase_noise,31249980.1,21000.0,30.0,10,31257750.1,-82.57985687
1000000000.0,1146905830.5499647,phase_noise,31249980.1,21000.0,30.0,10,31257765.1,-83.97480774
1000000000.0,1146905830.5499647,phase_noise,31249980.1,21000.0,30.0,10,31257780.1,-87.15496826
1000000000.0,1146905830.5499647,phase_noise,31249980.1,21000.0,30.0,10,31257795.1,-83.40035248
1000000000.0,1146905830.5499647,phase_noise,31249980.1,21000.0,30.0,10,31257810.1,-84.44023132
1000000000.0,1146905830.5499647,phase_noise,31249980.1,21000.0,30.0,10,31257825.1,-84.5541687
1000000000.0,1146905830.5499647,phase_noise,31249980.1,21000.0,30.0,10,31257840.1,-84.03604126
1000000000.0,1146905830.5499647,phase_noise,31249980.1,21000.0,30.0,10,31257855.1,-83.75954437
1000000000.0,1146905830.5499647,phase_noise,31249980.1,21000.0,30.0,10,31257870.1,-84.92229462
1000000000.0,1146905830.5499647,phase_noise,31249980.1,21000.0,30.0,10,31257885.1,-82.95043182
1000000000.0,1146905830.5499647,phase_noise,31249980.1,21000.0,30.0,10,31257900.1,-83.66864014
1000000000.0,1146905830.5499647,phase_noise,31249980.1,21000.0,30.0,10,31257915.1,-85.51233673
1000000000.0,1146905830.5499647,phase_noise,31249980.1,21000.0,30.0,10,31257930.1,-82.59660339
1000000000.0,1146905830.5499647,phase_noise,31249980.1,21000.0,30.0,10,31257945.1,-83.33579254
1000000000.0,1146905830.5499647,phase_noise,31249980.1,21000.0,30.0,10,31257960.1,-86.205513
1000000000.0,1146905830.5499647,phase_noise,31249980.1,21000.0,30.0,10,31257975.1,-86.56121063
1000000000.0,1146905830.5499647,phase_noise,31249980.1,21000.0,30.0,10,31257990.1,-84.96943665
1000000000.0,1146905830.5499647,phase_noise,31249980.1,21000.0,30.0,10,31258005.1,-83.53167725
1000000000.0,1146905830.5499647,phase_noise,31249980.1,21000.0,30.0,10,31258020.1,-82.92006683
1000000000.0,1146905830.5499647,phase_noise,31249980.1,21000.0,30.0,10,31258035.1,-85.13301086
1000000000.0,1146905830.5499647,phase_noise,31249980.1,21000.0,30.0,10,31258050.1,-85.37748718
1000000000.0,1146905830.5499647,phase_noise,31249980.1,21000.0,30.0,10,31258065.1,-83.51246643
1000000000.0,1146905830.5499647,phase_noise,31249980.1,21000.0,30.0,10,31258080.1,-81.29330444
1000000000.0,1146905830.5499647,phase_noise,31249980.1,21000.0,30.0,10,31258095.1,-81.03569031
1000000000.0,1146905830.5499647,phase_noise,31249980.1,21000.0,30.0,10,31258110.1,-83.70571899
1000000000.0,1146905830.5499647,phase_noise,31249980.1,21000.0,30.0,10,31258125.1,-82.41838074
1000000000.0,1146905830.5499647,phase_noise,31249980.1,21000.0,30.0,10,31258140.1,-83.18507385
1000000000.0,1146905830.5499647,phase_noise,31249980.1,21000.0,30.0,10,31258155.1,-83.6022644
1000000000.0,1146905830.5499647,phase_noise,31249980.1,21000.0,30.0,10,31258170.1,-84.31188202
1000000000.0,1146905830.5499647,phase_noise,31249980.1,21000.0,30.0,10,31258185.1,-85.84354401
1000000000.0,1146905830.5499647,phase_noise,31249980.1,21000.0,30.0,10,31258200.1,-84.47367859
1000000000.0,1146905830.5499647,phase_noise,31249980.1,21000.0,30.0,10,31258215.1,-83.48317719
1000000000.0,1146905830.5499647,phase_noise,31249980.1,21000.0,30.0,10,31258230.1,-86.81861877
1000000000.0,1146905830.5499647,phase_noise,31249980.1,21000.0,30.0,10,31258245.1,-86.43590546
1000000000.0,1146905830.5499647,phase_noise,31249980.1,21000.0,30.0,10,31258260.1,-83.05000305
1000000000.0,1146905830.5499647,phase_noise,31249980.1,21000.0,30.0,10,31258275.1,-85.93144226
1000000000.0,1146905830.5499647,phase_noise,31249980.1,21000.0,30.0,10,31258290.1,-84.57093811
1000000000.0,1146905830.5499647,phase_noise,31249980.1,21000.0,30.0,10,31258305.1,-86.84252167
1000000000.0,1146905830.5499647,phase_noise,31249980.1,21000.0,30.0,10,31258320.1,-82.10003662
1000000000.0,1146905830.5499647,phase_noise,31249980.1,21000.0,30.0,10,31258335.1,-81.65499115
1000000000.0,1146905830.5499647,phase_noise,31249980.1,21000.0,30.0,10,31258350.1,-83.93716431
1000000000.0,1146905830.5499647,phase_noise,31249980.1,21000.0,30.0,10,31258365.1,-82.62773132
1000000000.0,1146905830.5499647,phase_noise,31249980.1,21000.0,30.0,10,31258380.1,-80.18169403
1000000000.0,1146905830.5499647,phase_noise,31249980.1,21000.0,30.0,10,31258395.1,-80.40776825
1000000000.0,1146905830.5499647,phase_noise,31249980.1,21000.0,30.0,10,31258410.1,-83.68070984
1000000000.0,1146905830.5499647,phase_noise,31249980.1,21000.0,30.0,10,31258425.1,-84.39310455
1000000000.0,1146905830.5499647,phase_noise,31249980.1,21000.0,30.0,10,31258440.1,-83.16372681
1000000000.0,1146905830.5499647,phase_noise,31249980.1,21000.0,30.0,10,31258455.1,-85.87836456
1000000000.0,1146905830.5499647,phase_noise,31249980.1,21000.0,30.0,10,31258470.1,-86.9488678
1000000000.0,1146905830.5499647,phase_noise,31249980.1,21000.0,30.0,10,31258485.1,-85.98480225
1000000000.0,1146905830.5499647,phase_noise,31249980.1,21000.0,30.0,10,31258500.1,-82.03365326
1000000000.0,1146905830.5499647,phase_noise,31249980.1,21000.0,30.0,10,31258515.1,-82.21772766
1000000000.0,1146905830.5499647,phase_noise,31249980.1,21000.0,30.0,10,31258530.1,-84.24494171
1000000000.0,1146905830.5499647,phase_noise,31249980.1,21000.0,30.0,10,31258545.1,-83.14865112
1000000000.0,1146905830.5499647,phase_noise,31249980.1,21000.0,30.0,10,31258560.1,-82.73672485
1000000000.0,1146905830.5499647,phase_noise,31249980.1,21000.0,30.0,10,31258575.1,-82.2223053
1000000000.0,1146905830.5499647,phase_noise,31249980.1,21000.0,30.0,10,31258590.1,-82.56469727
1000000000.0,1146905830.5499647,phase_noise,31249980.1,21000.0,30.0,10,31258605.1,-82.57814026
1000000000.0,1146905830.5499647,phase_noise,31249980.1,21000.0,30.0,10,31258620.1,-83.09480286
1000000000.0,1146905830.5499647,phase_noise,31249980.1,21000.0,30.0,10,31258635.1,-83.2325058
1000000000.0,1146905830.5499647,phase_noise,31249980.1,21000.0,30.0,10,31258650.1,-82.82511902
1000000000.0,1146905830.5499647,phase_noise,31249980.1,21000.0,30.0,10,31258665.1,-83.6844635
1000000000.0,1146905830.5499647,phase_noise,31249980.1,21000.0,30.0,10,31258680.1,-85.42221069
1000000000.0,1146905830.5499647,phase_noise,31249980.1,21000.0,30.0,10,31258695.1,-86.72759247
1000000000.0,1146905830.5499647,phase_noise,31249980.1,21000.0,30.0,10,31258710.1,-87.82698822
1000000000.0,1146905830.5499647,phase_noise,31249980.1,21000.0,30.0,10,31258725.1,-84.51374054
1000000000.0,1146905830.5499647,phase_noise,31249980.1,21000.0,30.0,10,31258740.1,-84.77989197
1000000000.0,1146905830.5499647,phase_noise,31249980.1,21000.0,30.0,10,31258755.1,-86.51361847
1000000000.0,1146905830.5499647,phase_noise,31249980.1,21000.0,30.0,10,31258770.1,-86.08511353
1000000000.0,1146905830.5499647,phase_noise,31249980.1,21000.0,30.0,10,31258785.1,-85.4563446
1000000000.0,1146905830.5499647,phase_noise,31249980.1,21000.0,30.0,10,31258800.1,-83.48471832
1000000000.0,1146905830.5499647,phase_noise,31249980.1,21000.0,30.0,10,31258815.1,-82.86862946
1000000000.0,1146905830.5499647,phase_noise,31249980.1,21000.0,30.0,10,31258830.1,-82.78057861
1000000000.0,1146905830.5499647,phase_noise,31249980.1,21000.0,30.0,10,31258845.1,-82.94789886
1000000000.0,1146905830.5499647,phase_noise,31249980.1,21000.0,30.0,10,31258860.1,-82.39627838
1000000000.0,1146905830.5499647,phase_noise,31249980.1,21000.0,30.0,10,31258875.1,-82.26345825
1000000000.0,1146905830.5499647,phase_noise,31249980.1,21000.0,30.0,10,31258890.1,-82.91305542
1000000000.0,1146905830.5499647,phase_noise,31249980.1,21000.0,30.0,10,31258905.1,-82.86769867
1000000000.0,1146905830.5499647,phase_noise,31249980.1,21000.0,30.0,10,31258920.1,-84.16342926
1000000000.0,1146905830.5499647,phase_noise,31249980.1,21000.0,30.0,10,31258935.1,-83.18730164
1000000000.0,1146905830.5499647,phase_noise,31249980.1,21000.0,30.0,10,31258950.1,-85.32511902
1000000000.0,1146905830.5499647,phase_noise,31249980.1,21000.0,30.0,10,31258965.1,-85.15866852
1000000000.0,1146905830.5499647,phase_noise,31249980.1,21000.0,30.0,10,31258980.1,-83.39044189
1000000000.0,1146905830.5499647,phase_noise,31249980.1,21000.0,30.0,10,31258995.1,-81.76158905
1000000000.0,1146905830.5499647,phase_noise,31249980.1,21000.0,30.0,10,31259010.1,-83.54943848
1000000000.0,1146905830.5499647,phase_noise,31249980.1,21000.0,30.0,10,31259025.1,-85.67599487
1000000000.0,1146905830.5499647,phase_noise,31249980.1,21000.0,30.0,10,31259040.1,-83.46234131
1000000000.0,1146905830.5499647,phase_noise,31249980.1,21000.0,30.0,10,31259055.1,-82.4202652
1000000000.0,1146905830.5499647,phase_noise,31249980.1,21000.0,30.0,10,31259070.1,-83.88935852
1000000000.0,1146905830.5499647,phase_noise,31249980.1,21000.0,30.0,10,31259085.1,-86.05286407
1000000000.0,1146905830.5499647,phase_noise,31249980.1,21000.0,30.0,10,31259100.1,-85.18122864
1000000000.0,1146905830.5499647,phase_noise,31249980.1,21000.0,30.0,10,31259115.1,-82.84111786
1000000000.0,1146905830.5499647,phase_noise,31249980.1,21000.0,30.0,10,31259130.1,-81.55410004
1000000000.0,1146905830.5499647,phase_noise,31249980.1,21000.0,30.0,10,31259145.1,-82.55776978
1000000000.0,1146905830.5499647,phase_noise,31249980.1,21000.0,30.0,10,31259160.1,-82.28205109
1000000000.0,1146905830.5499647,phase_noise,31249980.1,21000.0,30.0,10,31259175.1,-83.18537903
1000000000.0,1146905830.5499647,phase_noise,31249980.1,21000.0,30.0,10,31259190.1,-82.93861389
1000000000.0,1146905830.5499647,phase_noise,31249980.1,21000.0,30.0,10,31259205.1,-82.21378326
1000000000.0,1146905830.5499647,phase_noise,31249980.1,21000.0,30.0,10,31259220.1,-83.18547058
1000000000.0,1146905830.5499647,phase_noise,31249980.1,21000.0,30.0,10,31259235.1,-82.676651
1000000000.0,1146905830.5499647,phase_noise,31249980.1,21000.0,30.0,10,31259250.1,-85.06600952
1000000000.0,1146905830.5499647,phase_noise,31249980.1,21000.0,30.0,10,31259265.1,-83.45197296
1000000000.0,1146905830.5499647,phase_noise,31249980.1,21000.0,30.0,10,31259280.1,-84.19622803
1000000000.0,1146905830.5499647,phase_noise,31249980.1,21000.0,30.0,10,31259295.1,-85.5072403
1000000000.0,1146905830.5499647,phase_noise,31249980.1,21000.0,30.0,10,31259310.1,-83.99879456
1000000000.0,1146905830.5499647,phase_noise,31249980.1,21000.0,30.0,10,31259325.1,-82.91759491
1000000000.0,1146905830.5499647,phase_noise,31249980.1,21000.0,30.0,10,31259340.1,-84.07283783
1000000000.0,1146905830.5499647,phase_noise,31249980.1,21000.0,30.0,10,31259355.1,-84.79029083
1000000000.0,1146905830.5499647,phase_noise,31249980.1,21000.0,30.0,10,31259370.1,-83.93839264
1000000000.0,1146905830.5499647,phase_noise,31249980.1,21000.0,30.0,10,31259385.1,-84.17272186
1000000000.0,1146905830.5499647,phase_noise,31249980.1,21000.0,30.0,10,31259400.1,-84.91959381
1000000000.0,1146905830.5499647,phase_noise,31249980.1,21000.0,30.0,10,31259415.1,-83.97511292
1000000000.0,1146905830.5499647,phase_noise,31249980.1,21000.0,30.0,10,31259430.1,-82.66386414
1000000000.0,1146905830.5499647,phase_noise,31249980.1,21000.0,30.0,10,31259445.1,-82.13906097
1000000000.0,1146905830.5499647,phase_noise,31249980.1,21000.0,30.0,10,31259460.1,-85.41790009
1000000000.0,1146905830.5499647,phase_noise,31249980.1,21000.0,30.0,10,31259475.1,-83.84432983
1000000000.0,1146905830.5499647,phase_noise,31249980.1,21000.0,30.0,10,31259490.1,-85.76140594
1000000000.0,1146905830.5499647,phase_noise,31249980.1,21000.0,30.0,10,31259505.1,-85.09656525
1000000000.0,1146905830.5499647,phase_noise,31249980.1,21000.0,30.0,10,31259520.1,-83.89083099
1000000000.0,1146905830.5499647,phase_noise,31249980.1,21000.0,30.0,10,31259535.1,-81.21715546
1000000000.0,1146905830.5499647,phase_noise,31249980.1,21000.0,30.0,10,31259550.1,-79.26817322
1000000000.0,1146905830.5499647,phase_noise,31249980.1,21000.0,30.0,10,31259565.1,-78.91468811
1000000000.0,1146905830.5499647,phase_noise,31249980.1,21000.0,30.0,10,31259580.1,-78.51959991
1000000000.0,1146905830.5499647,phase_noise,31249980.1,21000.0,30.0,10,31259595.1,-69.37023163
1000000000.0,1146905830.5499647,phase_noise,31249980.1,21000.0,30.0,10,31259610.1,-65.55796814
1000000000.0,1146905830.5499647,phase_noise,31249980.1,21000.0,30.0,10,31259625.1,-67.60082245
1000000000.0,1146905830.5499647,phase_noise,31249980.1,21000.0,30.0,10,31259640.1,-74.47981262
1000000000.0,1146905830.5499647,phase_noise,31249980.1,21000.0,30.0,10,31259655.1,-72.10029602
1000000000.0,1146905830.5499647,phase_noise,31249980.1,21000.0,30.0,10,31259670.1,-75.496521
1000000000.0,1146905830.5499647,phase_noise,31249980.1,21000.0,30.0,10,31259685.1,-81.1811676
1000000000.0,1146905830.5499647,phase_noise,31249980.1,21000.0,30.0,10,31259700.1,-83.43076324
1000000000.0,1146905830.5499647,phase_noise,31249980.1,21000.0,30.0,10,31259715.1,-84.96691895
1000000000.0,1146905830.5499647,phase_noise,31249980.1,21000.0,30.0,10,31259730.1,-89.41600037
1000000000.0,1146905830.5499647,phase_noise,31249980.1,21000.0,30.0,10,31259745.1,-86.34136963
1000000000.0,1146905830.5499647,phase_noise,31249980.1,21000.0,30.0,10,31259760.1,-83.67901611
1000000000.0,1146905830.5499647,phase_noise,31249980.1,21000.0,30.0,10,31259775.1,-81.33220673
1000000000.0,1146905830.5499647,phase_noise,31249980.1,21000.0,30.0,10,31259790.1,-80.41572571
1000000000.0,1146905830.5499647,phase_noise,31249980.1,21000.0,30.0,10,31259805.1,-80.65608215
1000000000.0,1146905830.5499647,phase_noise,31249980.1,21000.0,30.0,10,31259820.1,-81.75582886
1000000000.0,1146905830.5499647,phase_noise,31249980.1,21000.0,30.0,10,31259835.1,-83.3950882
1000000000.0,1146905830.5499647,phase_noise,31249980.1,21000.0,30.0,10,31259850.1,-86.49456024
1000000000.0,1146905830.5499647,phase_noise,31249980.1,21000.0,30.0,10,31259865.1,-85.95594025
1000000000.0,1146905830.5499647,phase_noise,31249980.1,21000.0,30.0,10,31259880.1,-87.2769928
1000000000.0,1146905830.5499647,phase_noise,31249980.1,21000.0,30.0,10,31259895.1,-84.81317902
1000000000.0,1146905830.5499647,phase_noise,31249980.1,21000.0,30.0,10,31259910.1,-83.48092651
1000000000.0,1146905830.5499647,phase_noise,31249980.1,21000.0,30.0,10,31259925.1,-85.23873901
1000000000.0,1146905830.5499647,phase_noise,31249980.1,21000.0,30.0,10,31259940.1,-85.6282959
1000000000.0,1146905830.5499647,phase_noise,31249980.1,21000.0,30.0,10,31259955.1,-84.49409485
1000000000.0,1146905830.5499647,phase_noise,31249980.1,21000.0,30.0,10,31259970.1,-79.25160217
1000000000.0,1146905830.5499647,phase_noise,31249980.1,21000.0,30.0,10,31259985.1,-79.61254883
1000000000.0,1146905830.5499647,phase_noise,31249980.1,21000.0,30.0,10,31260000.1,-80.41904449
1000000000.0,1146905830.5499647,phase_noise,31249980.1,21000.0,30.0,10,31260015.1,-82.75279236
1000000000.0,1146905830.5499647,phase_noise,31249980.1,21000.0,30.0,10,31260030.1,-85.11686707
1000000000.0,1146905830.5499647,phase_noise,31249980.1,21000.0,30.0,10,31260045.1,-86.74756622
1000000000.0,1146905830.5499647,phase_noise,31249980.1,21000.0,30.0,10,31260060.1,-85.22040558
1000000000.0,1146905830.5499647,phase_noise,31249980.1,21000.0,30.0,10,31260075.1,-84.59584808
1000000000.0,1146905830.5499647,phase_noise,31249980.1,21000.0,30.0,10,31260090.1,-84.09227753
1000000000.0,1146905830.5499647,phase_noise,31249980.1,21000.0,30.0,10,31260105.1,-83.08283997
1000000000.0,1146905830.5499647,phase_noise,31249980.1,21000.0,30.0,10,31260120.1,-84.53244781
1000000000.0,1146905830.5499647,phase_noise,31249980.1,21000.0,30.0,10,31260135.1,-83.98373413
1000000000.0,1146905830.5499647,phase_noise,31249980.1,21000.0,30.0,10,31260150.1,-83.61826324
1000000000.0,1146905830.5499647,phase_noise,31249980.1,21000.0,30.0,10,31260165.1,-82.46495056
1000000000.0,1146905830.5499647,phase_noise,31249980.1,21000.0,30.0,10,31260180.1,-85.58739471
1000000000.0,1146905830.5499647,phase_noise,31249980.1,21000.0,30.0,10,31260195.1,-84.95415497
1000000000.0,1146905830.5499647,phase_noise,31249980.1,21000.0,30.0,10,31260210.1,-81.61954498
1000000000.0,1146905830.5499647,phase_noise,31249980.1,21000.0,30.0,10,31260225.1,-81.42760468
1000000000.0,1146905830.5499647,phase_noise,31249980.1,21000.0,30.0,10,31260240.1,-82.20536804
1000000000.0,1146905830.5499647,phase_noise,31249980.1,21000.0,30.0,10,31260255.1,-84.26959229
1000000000.0,1146905830.5499647,phase_noise,31249980.1,21000.0,30.0,10,31260270.1,-82.54679108
1000000000.0,1146905830.5499647,phase_noise,31249980.1,21000.0,30.0,10,31260285.1,-79.9752655
1000000000.0,1146905830.5499647,phase_noise,31249980.1,21000.0,30.0,10,31260300.1,-80.7603302
1000000000.0,1146905830.5499647,phase_noise,31249980.1,21000.0,30.0,10,31260315.1,-81.20133209
1000000000.0,1146905830.5499647,phase_noise,31249980.1,21000.0,30.0,10,31260330.1,-79.82844543
1000000000.0,1146905830.5499647,phase_noise,31249980.1,21000.0,30.0,10,31260345.1,-77.76971436
1000000000.0,1146905830.5499647,phase_noise,31249980.1,21000.0,30.0,10,31260360.1,-79.82432556
1000000000.0,1146905830.5499647,phase_noise,31249980.1,21000.0,30.0,10,31260375.1,-81.04820251
1000000000.0,1146905830.5499647,phase_noise,31249980.1,21000.0,30.0,10,31260390.1,-81.37294006
1000000000.0,1146905830.5499647,phase_noise,31249980.1,21000.0,30.0,10,31260405.1,-81.81921387
1000000000.0,1146905830.5499647,phase_noise,31249980.1,21000.0,30.0,10,31260420.1,-79.73738861
1000000000.0,1146905830.5499647,phase_noise,31249980.1,21000.0,30.0,10,31260435.1,-76.95316315
1000000000.0,1146905830.5499647,phase_noise,31249980.1,21000.0,30.0,10,31260450.1,-70.90874481
1000000000.0,1146905830.5499647,phase_noise,31249980.1,21000.0,30.0,10,31260465.1,-67.3196106
1000000000.0,1146905830.5499647,phase_noise,31249980.1,21000.0,30.0,10,31260480.1,-68.45318604
1000000000.0,1146905830.5499647,phase_noise,31249980.1,210000.0,300.0,10,31144980.1,-73.28957367
1000000000.0,1146905830.5499647,phase_noise,31249980.1,210000.0,300.0,10,31145130.1,-74.03796387
1000000000.0,1146905830.5499647,phase_noise,31249980.1,210000.0,300.0,10,31145280.1,-76.76231384
1000000000.0,1146905830.5499647,phase_noise,31249980.1,210000.0,300.0,10,31145430.1,-79.21799469
1000000000.0,1146905830.5499647,phase_noise,31249980.1,210000.0,300.0,10,31145580.1,-74.38813019
1000000000.0,1146905830.5499647,phase_noise,31249980.1,210000.0,300.0,10,31145730.1,-72.0209198
1000000000.0,1146905830.5499647,phase_noise,31249980.1,210000.0,300.0,10,31145880.1,-74.27423859
1000000000.0,1146905830.5499647,phase_noise,31249980.1,210000.0,300.0,10,31146030.1,-73.1792984
1000000000.0,1146905830.5499647,phase_noise,31249980.1,210000.0,300.0,10,31146180.1,-74.10719299
1000000000.0,1146905830.5499647,phase_noise,31249980.1,210000.0,300.0,10,31146330.1,-74.06210327
1000000000.0,1146905830.5499647,phase_noise,31249980.1,210000.0,300.0,10,31146480.1,-73.18504333
1000000000.0,1146905830.5499647,phase_noise,31249980.1,210000.0,300.0,10,31146630.1,-72.4176712
1000000000.0,1146905830.5499647,phase_noise,31249980.1,210000.0,300.0,10,31146780.1,-72.04154205
1000000000.0,1146905830.5499647,phase_noise,31249980.1,210000.0,300.0,10,31146930.1,-72.93865967
1000000000.0,1146905830.5499647,phase_noise,31249980.1,210000.0,300.0,10,31147080.1,-73.65102386
1000000000.0,1146905830.5499647,phase_noise,31249980.1,210000.0,300.0,10,31147230.1,-76.22945404
1000000000.0,1146905830.5499647,phase_noise,31249980.1,210000.0,300.0,10,31147380.1,-75.69313812
1000000000.0,1146905830.5499647,phase_noise,31249980.1,210000.0,300.0,10,31147530.1,-77.69882965
1000000000.0,1146905830.5499647,phase_noise,31249980.1,210000.0,300.0,10,31147680.1,-77.72798157
1000000000.0,1146905830.5499647,phase_noise,31249980.1,210000.0,300.0,10,31147830.1,-76.92455292
1000000000.0,1146905830.5499647,phase_noise,31249980.1,210000.0,300.0,10,31147980.1,-76.89640045
1000000000.0,1146905830.5499647,phase_noise,31249980.1,210000.0,300.0,10,31148130.1,-74.29456329
1000000000.0,1146905830.5499647,phase_noise,31249980.1,210000.0,300.0,10,31148280.1,-73.0525589
1000000000.0,1146905830.5499647,phase_noise,31249980.1,210000.0,300.0,10,31148430.1,-73.17969513
1000000000.0,1146905830.5499647,phase_noise,31249980.1,210000.0,300.0,10,31148580.1,-73.57360077
1000000000.0,1146905830.5499647,phase_noise,31249980.1,210000.0,300.0,10,31148730.1,-73.59751129
1000000000.0,1146905830.5499647,phase_noise,31249980.1,210000.0,300.0,10,31148880.1,-73.31324005
1000000000.0,1146905830.5499647,phase_noise,31249980.1,210000.0,300.0,10,31149030.1,-71.88887787
1000000000.0,1146905830.5499647,phase_noise,31249980.1,210000.0,300.0,10,31149180.1,-72.92146301
1000000000.0,1146905830.5499647,phase_noise,31249980.1,210000.0,300.0,10,31149330.1,-76.87889099
1000000000.0,1146905830.5499647,phase_noise,31249980.1,210000.0,300.0,10,31149480.1,-72.24932098
1000000000.0,1146905830.5499647,phase_noise,31249980.1,210000.0,300.0,10,31149630.1,-70.83913422
1000000000.0,1146905830.5499647,phase_noise,31249980.1,210000.0,300.0,10,31149780.1,-70.97505188
1000000000.0,1146905830.5499647,phase_noise,31249980.1,210000.0,300.0,10,31149930.1,-73.97367096
1000000000.0,1146905830.5499647,phase_noise,31249980.1,210000.0,300.0,10,31150080.1,-73.27738953
1000000000.0,1146905830.5499647,phase_noise,31249980.1,210000.0,300.0,10,31150230.1,-73.7525177
1000000000.0,1146905830.5499647,phase_noise,31249980.1,210000.0,300.0,10,31150380.1,-74.40894318
1000000000.0,1146905830.5499647,phase_noise,31249980.1,210000.0,300.0,10,31150530.1,-73.4172287
1000000000.0,1146905830.5499647,phase_noise,31249980.1,210000.0,300.0,10,31150680.1,-73.87028503
1000000000.0,1146905830.5499647,phase_noise,31249980.1,210000.0,300.0,10,31150830.1,-73.22727203
1000000000.0,1146905830.5499647,phase_noise,31249980.1,210000.0,300.0,10,31150980.1,-72.4622345
1000000000.0,1146905830.5499647,phase_noise,31249980.1,210000.0,300.0,10,31151130.1,-74.0823822
1000000000.0,1146905830.5499647,phase_noise,31249980.1,210000.0,300.0,10,31151280.1,-73.9675293
1000000000.0,1146905830.5499647,phase_noise,31249980.1,210000.0,300.0,10,31151430.1,-74.18890381
1000000000.0,1146905830.5499647,phase_noise,31249980.1,210000.0,300.0,10,31151580.1,-73.32275391
1000000000.0,1146905830.5499647,phase_noise,31249980.1,210000.0,300.0,10,31151730.1,-73.42572021
1000000000.0,1146905830.5499647,phase_noise,31249980.1,210000.0,300.0,10,31151880.1,-73.07717896
1000000000.0,1146905830.5499647,phase_noise,31249980.1,210000.0,300.0,10,31152030.1,-73.27368164
1000000000.0,1146905830.5499647,phase_noise,31249980.1,210000.0,300.0,10,31152180.1,-75.82435608
1000000000.0,1146905830.5499647,phase_noise,31249980.1,210000.0,300.0,10,31152330.1,-72.94942474
1000000000.0,1146905830.5499647,phase_noise,31249980.1,210000.0,300.0,10,31152480.1,-73.49394226
1000000000.0,1146905830.5499647,phase_noise,31249980.1,210000.0,300.0,10,31152630.1,-72.3449707
1000000000.0,1146905830.5499647,phase_noise,31249980.1,210000.0,300.0,10,31152780.1,-71.12122345
1000000000.0,1146905830.5499647,phase_noise,31249980.1,210000.0,300.0,10,31152930.1,-71.7841568
1000000000.0,1146905830.5499647,phase_noise,31249980.1,210000.0,300.0,10,31153080.1,-74.29247284
1000000000.0,1146905830.5499647,phase_noise,31249980.1,210000.0,300.0,10,31153230.1,-73.01157379
1000000000.0,1146905830.5499647,phase_noise,31249980.1,210000.0,300.0,10,31153380.1,-73.66780853
1000000000.0,1146905830.5499647,phase_noise,31249980.1,210000.0,300.0,10,31153530.1,-73.42433167
1000000000.0,1146905830.5499647,phase_noise,31249980.1,210000.0,300.0,10,31153680.1,-73.74215698
1000000000.0,1146905830.5499647,phase_noise,31249980.1,210000.0,300.0,10,31153830.1,-76.60053253
1000000000.0,1146905830.5499647,phase_noise,31249980.1,210000.0,300.0,10,31153980.1,-77.31017303
1000000000.0,1146905830.5499647,phase_noise,31249980.1,210000.0,300.0,10,31154130.1,-76.75031281
1000000000.0,1146905830.5499647,phase_noise,31249980.1,210000.0,300.0,10,31154280.1,-74.18747711
1000000000.0,1146905830.5499647,phase_noise,31249980.1,210000.0,300.0,10,31154430.1,-73.20861816
1000000000.0,1146905830.5499647,phase_noise,31249980.1,210000.0,300.0,10,31154580.1,-72.28834534
1000000000.0,1146905830.5499647,phase_noise,31249980.1,210000.0,300.0,10,31154730.1,-71.72572327
1000000000.0,1146905830.5499647,phase_noise,31249980.1,210000.0,300.0,10,31154880.1,-73.0280838
1000000000.0,1146905830.5499647,phase_noise,31249980.1,210000.0,300.0,10,31155030.1,-71.61372375
1000000000.0,1146905830.5499647,phase_noise,31249980.1,210000.0,300.0,10,31155180.1,-70.43641663
1000000000.0,1146905830.5499647,phase_noise,31249980.1,210000.0,300.0,10,31155330.1,-71.40518951
1000000000.0,1146905830.5499647,phase_noise,31249980.1,210000.0,300.0,10,31155480.1,-72.62747955
1000000000.0,1146905830.5499647,phase_noise,31249980.1,210000.0,300.0,10,31155630.1,-72.72974396
1000000000.0,1146905830.5499647,phase_noise,31249980.1,210000.0,300.0,10,31155780.1,-74.82311249
1000000000.0,1146905830.5499647,phase_noise,31249980.1,210000.0,300.0,10,31155930.1,-70.19845581
1000000000.0,1146905830.5499647,phase_noise,31249980.1,210000.0,300.0,10,31156080.1,-69.00174713
1000000000.0,1146905830.5499647,phase_noise,31249980.1,210000.0,300.0,10,31156230.1,-70.16814423
1000000000.0,1146905830.5499647,phase_noise,31249980.1,210000.0,300.0,10,31156380.1,-63.92837906
1000000000.0,1146905830.5499647,phase_noise,31249980.1,210000.0,300.0,10,31156530.1,-63.76498413
1000000000.0,1146905830.5499647,phase_noise,31249980.1,210000.0,300.0,10,31156680.1,-67.96850586
1000000000.0,1146905830.5499647,phase_noise,31249980.1,210000.0,300.0,10,31156830.1,-72.37649536
1000000000.0,1146905830.5499647,phase_noise,31249980.1,210000.0,300.0,10,31156980.1,-72.86378479
1000000000.0,1146905830.5499647,phase_noise,31249980.1,210000.0,300.0,10,31157130.1,-72.07741547
1000000000.0,1146905830.5499647,phase_noise,31249980.1,210000.0,300.0,10,31157280.1,-72.41891479
1000000000.0,1146905830.5499647,phase_noise,31249980.1,210000.0,300.0,10,31157430.1,-69.09577179
1000000000.0,1146905830.5499647,phase_noise,31249980.1,210000.0,300.0,10,31157580.1,-67.80075073
1000000000.0,1146905830.5499647,phase_noise,31249980.1,210000.0,300.0,10,31157730.1,-69.41602325
1000000000.0,1146905830.5499647,phase_noise,31249980.1,210000.0,300.0,10,31157880.1,-69.60068512
1000000000.0,1146905830.5499647,phase_noise,31249980.1,210000.0,300.0,10,31158030.1,-71.31852722
1000000000.0,1146905830.5499647,phase_noise,31249980.1,210000.0,300.0,10,31158180.1,-71.67410278
1000000000.0,1146905830.5499647,phase_noise,31249980.1,210000.0,300.0,10,31158330.1,-70.14919281
1000000000.0,1146905830.5499647,phase_noise,31249980.1,210000.0,300.0,10,31158480.1,-70.62796021
1000000000.0,1146905830.5499647,phase_noise,31249980.1,210000.0,300.0,10,31158630.1,-73.48947906
1000000000.0,1146905830.5499647,phase_noise,31249980.1,210000.0,300.0,10,31158780.1,-72.11952209
1000000000.0,1146905830.5499647,phase_noise,31249980.1,210000.0,300.0,10,31158930.1,-70.54671478
1000000000.0,1146905830.5499647,phase_noise,31249980.1,210000.0,300.0,10,31159080.1,-69.65687561
1000000000.0,1146905830.5499647,phase_noise,31249980.1,210000.0,300.0,10,31159230.1,-69.42396545
1000000000.0,1146905830.5499647,phase_noise,31249980.1,210000.0,300.0,10,31159380.1,-73.88262177
1000000000.0,1146905830.5499647,phase_noise,31249980.1,210000.0,300.0,10,31159530.1,-75.17053223
1000000000.0,1146905830.5499647,phase_noise,31249980.1,210000.0,300.0,10,31159680.1,-72.27241516
1000000000.0,1146905830.5499647,phase_noise,31249980.1,210000.0,300.0,10,31159830.1,-72.29169464
1000000000.0,1146905830.5499647,phase_noise,31249980.1,210000.0,300.0,10,31159980.1,-71.73536682
1000000000.0,1146905830.5499647,phase_noise,31249980.1,210000.0,300.0,10,31160130.1,-71.71228027
1000000000.0,1146905830.5499647,phase_noise,31249980.1,210000.0,300.0,10,31160280.1,-72.06597137
1000000000.0,1146905830.5499647,phase_noise,31249980.1,210000.0,300.0,10,31160430.1,-69.6729126
1000000000.0,1146905830.5499647,phase_noise,31249980.1,210000.0,300.0,10,31160580.1,-69.04811096
1000000000.0,1146905830.5499647,phase_noise,31249980.1,210000.0,300.0,10,31160730.1,-71.67825317
1000000000.0,1146905830.5499647,phase_noise,31249980.1,210000.0,300.0,10,31160880.1,-72.0428772
1000000000.0,1146905830.5499647,phase_noise,31249980.1,210000.0,300.0,10,31161030.1,-71.60386658
1000000000.0,1146905830.5499647,phase_noise,31249980.1,210000.0,300.0,10,31161180.1,-73.91734314
1000000000.0,1146905830.5499647,phase_noise,31249980.1,210000.0,300.0,10,31161330.1,-73.99129486
1000000000.0,1146905830.5499647,phase_noise,31249980.1,210000.0,300.0,10,31161480.1,-71.38115692
1000000000.0,1146905830.5499647,phase_noise,31249980.1,210000.0,300.0,10,31161630.1,-69.93603516
1000000000.0,1146905830.5499647,phase_noise,31249980.1,210000.0,300.0,10,31161780.1,-71.37100983
1000000000.0,1146905830.5499647,phase_noise,31249980.1,210000.0,300.0,10,31161930.1,-72.07364655
1000000000.0,1146905830.5499647,phase_noise,31249980.1,210000.0,300.0,10,31162080.1,-72.07836151
1000000000.0,1146905830.5499647,phase_noise,31249980.1,210000.0,300.0,10,31162230.1,-71.70313263
1000000000.0,1146905830.5499647,phase_noise,31249980.1,210000.0,300.0,10,31162380.1,-72.68749237
1000000000.0,1146905830.5499647,phase_noise,31249980.1,210000.0,300.0,10,31162530.1,-73.80761719
1000000000.0,1146905830.5499647,phase_noise,31249980.1,210000.0,300.0,10,31162680.1,-75.45643616
1000000000.0,1146905830.5499647,phase_noise,31249980.1,210000.0,300.0,10,31162830.1,-74.41699219
1000000000.0,1146905830.5499647,phase_noise,31249980.1,210000.0,300.0,10,31162980.1,-73.46536255
1000000000.0,1146905830.5499647,phase_noise,31249980.1,210000.0,300.0,10,31163130.1,-72.64485168
1000000000.0,1146905830.5499647,phase_noise,31249980.1,210000.0,300.0,10,31163280.1,-73.49425507
1000000000.0,1146905830.5499647,phase_noise,31249980.1,210000.0,300.0,10,31163430.1,-71.81515503
1000000000.0,1146905830.5499647,phase_noise,31249980.1,210000.0,300.0,10,31163580.1,-70.37992096
1000000000.0,1146905830.5499647,phase_noise,31249980.1,210000.0,300.0,10,31163730.1,-71.25539398
1000000000.0,1146905830.5499647,phase_noise,31249980.1,210000.0,300.0,10,31163880.1,-71.85736847
1000000000.0,1146905830.5499647,phase_noise,31249980.1,210000.0,300.0,10,31164030.1,-74.35877228
1000000000.0,1146905830.5499647,phase_noise,31249980.1,210000.0,300.0,10,31164180.1,-76.5851059
1000000000.0,1146905830.5499647,phase_noise,31249980.1,210000.0,300.0,10,31164330.1,-74.07563782
1000000000.0,1146905830.5499647,phase_noise,31249980.1,210000.0,300.0,10,31164480.1,-73.51126862
1000000000.0,1146905830.5499647,phase_noise,31249980.1,210000.0,300.0,10,31164630.1,-74.58013153
1000000000.0,1146905830.5499647,phase_noise,31249980.1,210000.0,300.0,10,31164780.1,-72.02137756
1000000000.0,1146905830.5499647,phase_noise,31249980.1,210000.0,300.0,10,31164930.1,-75.65983582
1000000000.0,1146905830.5499647,phase_noise,31249980.1,210000.0,300.0,10,31165080.1,-75.28098297
1000000000.0,1146905830.5499647,phase_noise,31249980.1,210000.0,300.0,10,31165230.1,-72.63941956
1000000000.0,1146905830.5499647,phase_noise,31249980.1,210000.0,300.0,10,31165380.1,-71.37250519
1000000000.0,1146905830.5499647,phase_noise,31249980.1,210000.0,300.0,10,31165530.1,-72.92019653
1000000000.0,1146905830.5499647,phase_noise,31249980.1,210000.0,300.0,10,31165680.1,-74.03755951
1000000000.0,1146905830.5499647,phase_noise,31249980.1,210000.0,300.0,10,31165830.1,-71.78171539
1000000000.0,1146905830.5499647,phase_noise,31249980.1,210000.0,300.0,10,31165980.1,-70.85189819
1000000000.0,1146905830.5499647,phase_noise,31249980.1,210000.0,300.0,10,31166130.1,-71.59025574
1000000000.0,1146905830.5499647,phase_noise,31249980.1,210000.0,300.0,10,31166280.1,-73.26823425
1000000000.0,1146905830.5499647,phase_noise,31249980.1,210000.0,300.0,10,31166430.1,-72.30319214
1000000000.0,1146905830.5499647,phase_noise,31249980.1,210000.0,300.0,10,31166580.1,-71.97745514
1000000000.0,1146905830.5499647,phase_noise,31249980.1,210000.0,300.0,10,31166730.1,-70.10086823
1000000000.0,1146905830.5499647,phase_noise,31249980.1,210000.0,300.0,10,31166880.1,-63.98355103
1000000000.0,1146905830.5499647,phase_noise,31249980.1,210000.0,300.0,10,31167030.1,-61.77747726
1000000000.0,1146905830.5499647,phase_noise,31249980.1,210000.0,300.0,10,31167180.1,-65.29270935
1000000000.0,1146905830.5499647,phase_noise,31249980.1,210000.0,300.0,10,31167330.1,-68.03503418
1000000000.0,1146905830.5499647,phase_noise,31249980.1,210000.0,300.0,10,31167480.1,-70.83309937
1000000000.0,1146905830.5499647,phase_noise,31249980.1,210000.0,300.0,10,31167630.1,-72.78508759
1000000000.0,1146905830.5499647,phase_noise,31249980.1,210000.0,300.0,10,31167780.1,-74.63102722
1000000000.0,1146905830.5499647,phase_noise,31249980.1,210000.0,300.0,10,31167930.1,-75.3875885
1000000000.0,1146905830.5499647,phase_noise,31249980.1,210000.0,300.0,10,31168080.1,-76.94243622
1000000000.0,1146905830.5499647,phase_noise,31249980.1,210000.0,300.0,10,31168230.1,-74.84490967
1000000000.0,1146905830.5499647,phase_noise,31249980.1,210000.0,300.0,10,31168380.1,-72.8184433
1000000000.0,1146905830.5499647,phase_noise,31249980.1,210000.0,300.0,10,31168530.1,-71.6554184
1000000000.0,1146905830.5499647,phase_noise,31249980.1,210000.0,300.0,10,31168680.1,-71.91849518
1000000000.0,1146905830.5499647,phase_noise,31249980.1,210000.0,300.0,10,31168830.1,-71.86759949
1000000000.0,1146905830.5499647,phase_noise,31249980.1,210000.0,300.0,10,31168980.1,-71.63999176
1000000000.0,1146905830.5499647,phase_noise,31249980.1,210000.0,300.0,10,31169130.1,-72.0908432
1000000000.0,1146905830.5499647,phase_noise,31249980.1,210000.0,300.0,10,31169280.1,-71.48219299
1000000000.0,1146905830.5499647,phase_noise,31249980.1,210000.0,300.0,10,31169430.1,-72.68850708
1000000000.0,1146905830.5499647,phase_noise,31249980.1,210000.0,300.0,10,31169580.1,-72.01720428
1000000000.0,1146905830.5499647,phase_noise,31249980.1,210000.0,300.0,10,31169730.1,-71.24250793
1000000000.0,1146905830.5499647,phase_noise,31249980.1,210000.0,300.0,10,31169880.1,-71.94723511
1000000000.0,1146905830.5499647,phase_noise,31249980.1,210000.0,300.0,10,31170030.1,-73.89522552
1000000000.0,1146905830.5499647,phase_noise,31249980.1,210000.0,300.0,10,31170180.1,-75.69287109
1000000000.0,1146905830.5499647,phase_noise,31249980.1,210000.0,300.0,10,31170330.1,-73.82909393
1000000000.0,1146905830.5499647,phase_noise,31249980.1,210000.0,300.0,10,31170480.1,-73.17798615
1000000000.0,1146905830.5499647,phase_noise,31249980.1,210000.0,300.0,10,31170630.1,-73.93793488
1000000000.0,1146905830.5499647,phase_noise,31249980.1,210000.0,300.0,10,31170780.1,-73.59147644
1000000000.0,1146905830.5499647,phase_noise,31249980.1,210000.0,300.0,10,31170930.1,-71.89229584
1000000000.0,1146905830.5499647,phase_noise,31249980.1,210000.0,300.0,10,31171080.1,-73.5684967
1000000000.0,1146905830.5499647,phase_noise,31249980.1,210000.0,300.0,10,31171230.1,-73.15530396
1000000000.0,1146905830.5499647,phase_noise,31249980.1,210000.0,300.0,10,31171380.1,-72.36618042
1000000000.0,1146905830.5499647,phase_noise,31249980.1,210000.0,300.0,10,31171530.1,-73.51713562
1000000000.0,1146905830.5499647,phase_noise,31249980.1,210000.0,300.0,10,31171680.1,-73.6839447
1000000000.0,1146905830.5499647,phase_noise,31249980.1,210000.0,300.0,10,31171830.1,-73.67515564
1000000000.0,1146905830.5499647,phase_noise,31249980.1,210000.0,300.0,10,31171980.1,-73.4098053
1000000000.0,1146905830.5499647,phase_noise,31249980.1,210000.0,300.0,10,31172130.1,-72.21749115
1000000000.0,1146905830.5499647,phase_noise,31249980.1,210000.0,300.0,10,31172280.1,-71.08938599
1000000000.0,1146905830.5499647,phase_noise,31249980.1,210000.0,300.0,10,31172430.1,-72.15914154
1000000000.0,1146905830.5499647,phase_noise,31249980.1,210000.0,300.0,10,31172580.1,-72.53896332
1000000000.0,1146905830.5499647,phase_noise,31249980.1,210000.0,300.0,10,31172730.1,-71.94373322
1000000000.0,1146905830.5499647,phase_noise,31249980.1,210000.0,300.0,10,31172880.1,-71.95069885
1000000000.0,1146905830.5499647,phase_noise,31249980.1,210000.0,300.0,10,31173030.1,-72.20853424
1000000000.0,1146905830.5499647,phase_noise,31249980.1,210000.0,300.0,10,31173180.1,-71.72867584
1000000000.0,1146905830.5499647,phase_noise,31249980.1,210000.0,300.0,10,31173330.1,-72.83770752
1000000000.0,1146905830.5499647,phase_noise,31249980.1,210000.0,300.0,10,31173480.1,-75.86367035
1000000000.0,1146905830.5499647,phase_noise,31249980.1,210000.0,300.0,10,31173630.1,-77.73535919
1000000000.0,1146905830.5499647,phase_noise,31249980.1,210000.0,300.0,10,31173780.1,-77.1765213
1000000000.0,1146905830.5499647,phase_noise,31249980.1,210000.0,300.0,10,31173930.1,-73.45491028
1000000000.0,1146905830.5499647,phase_noise,31249980.1,210000.0,300.0,10,31174080.1,-71.60721588
1000000000.0,1146905830.5499647,phase_noise,31249980.1,210000.0,300.0,10,31174230.1,-71.70768738
1000000000.0,1146905830.5499647,phase_noise,31249980.1,210000.0,300.0,10,31174380.1,-72.52642822
1000000000.0,1146905830.5499647,phase_noise,31249980.1,210000.0,300.0,10,31174530.1,-74.13803864
1000000000.0,1146905830.5499647,phase_noise,31249980.1,210000.0,300.0,10,31174680.1,-74.15979767
1000000000.0,1146905830.5499647,phase_noise,31249980.1,210000.0,300.0,10,31174830.1,-72.44947815
1000000000.0,1146905830.5499647,phase_noise,31249980.1,210000.0,300.0,10,31174980.1,-71.62208557
1000000000.0,1146905830.5499647,phase_noise,31249980.1,210000.0,300.0,10,31175130.1,-72.17864227
1000000000.0,1146905830.5499647,phase_noise,31249980.1,210000.0,300.0,10,31175280.1,-71.09855652
1000000000.0,1146905830.5499647,phase_noise,31249980.1,210000.0,300.0,10,31175430.1,-70.9259491
1000000000.0,1146905830.5499647,phase_noise,31249980.1,210000.0,300.0,10,31175580.1,-72.56103516
1000000000.0,1146905830.5499647,phase_noise,31249980.1,210000.0,300.0,10,31175730.1,-72.48634338
1000000000.0,1146905830.5499647,phase_noise,31249980.1,210000.0,300.0,10,31175880.1,-71.36254883
1000000000.0,1146905830.5499647,phase_noise,31249980.1,210000.0,300.0,10,31176030.1,-71.49269867
1000000000.0,1146905830.5499647,phase_noise,31249980.1,210000.0,300.0,10,31176180.1,-72.05812836
1000000000.0,1146905830.5499647,phase_noise,31249980.1,210000.0,300.0,10,31176330.1,-69.62679291
1000000000.0,1146905830.5499647,phase_noise,31249980.1,210000.0,300.0,10,31176480.1,-68.37523651
1000000000.0,1146905830.5499647,phase_noise,31249980.1,210000.0,300.0,10,31176630.1,-69.79933929
1000000000.0,1146905830.5499647,phase_noise,31249980.1,210000.0,300.0,10,31176780.1,-70.3538208
1000000000.0,1146905830.5499647,phase_noise,31249980.1,210000.0,300.0,10,31176930.1,-69.44887543
1000000000.0,1146905830.5499647,phase_noise,31249980.1,210000.0,300.0,10,31177080.1,-70.25426483
1000000000.0,1146905830.5499647,phase_noise,31249980.1,210000.0,300.0,10,31177230.1,-72.24937439
1000000000.0,1146905830.5499647,phase_noise,31249980.1,210000.0,300.0,10,31177380.1,-73.12696838
1000000000.0,1146905830.5499647,phase_noise,31249980.1,210000.0,300.0,10,31177530.1,-72.37301636
1000000000.0,1146905830.5499647,phase_noise,31249980.1,210000.0,300.0,10,31177680.1,-73.13795471
1000000000.0,1146905830.5499647,phase_noise,31249980.1,210000.0,300.0,10,31177830.1,-74.23134613
1000000000.0,1146905830.5499647,phase_noise,31249980.1,210000.0,300.0,10,31177980.1,-72.36185455
1000000000.0,1146905830.5499647,phase_noise,31249980.1,210000.0,300.0,10,31178130.1,-73.79481506
1000000000.0,1146905830.5499647,phase_noise,31249980.1,210000.0,300.0,10,31178280.1,-73.27111053
1000000000.0,1146905830.5499647,phase_noise,31249980.1,210000.0,300.0,10,31178430.1,-74.14674377
1000000000.0,1146905830.5499647,phase_noise,31249980.1,210000.0,300.0,10,31178580.1,-76.34636688
1000000000.0,1146905830.5499647,phase_noise,31249980.1,210000.0,300.0,10,31178730.1,-73.67527008
1000000000.0,1146905830.5499647,phase_noise,31249980.1,210000.0,300.0,10,31178880.1,-70.38957214
1000000000.0,1146905830.5499647,phase_noise,31249980.1,210000.0,300.0,10,31179030.1,-69.55393219
1000000000.0,1146905830.5499647,phase_noise,31249980.1,210000.0,300.0,10,31179180.1,-71.76634979
1000000000.0,1146905830.5499647,phase_noise,31249980.1,210000.0,300.0,10,31179330.1,-71.69155884
1000000000.0,1146905830.5499647,phase_noise,31249980.1,210000.0,300.0,10,31179480.1,-71.84474945
1000000000.0,1146905830.5499647,phase_noise,31249980.1,210000.0,300.0,10,31179630.1,-73.97458649
1000000000.0,1146905830.5499647,phase_noise,31249980.1,210000.0,300.0,10,31179780.1,-73.46965027
1000000000.0,1146905830.5499647,phase_noise,31249980.1,210000.0,300.0,10,31179930.1,-71.78723145
1000000000.0,1146905830.5499647,phase_noise,31249980.1,210000.0,300.0,10,31180080.1,-72.96559143
1000000000.0,1146905830.5499647,phase_noise,31249980.1,210000.0,300.0,10,31180230.1,-73.17893982
1000000000.0,1146905830.5499647,phase_noise,31249980.1,210000.0,300.0,10,31180380.1,-72.74613953
1000000000.0,1146905830.5499647,phase_noise,31249980.1,210000.0,300.0,10,31180530.1,-73.3094635
1000000000.0,1146905830.5499647,phase_noise,31249980.1,210000.0,300.0,10,31180680.1,-73.33837891
1000000000.0,1146905830.5499647,phase_noise,31249980.1,210000.0,300.0,10,31180830.1,-72.5225296
1000000000.0,1146905830.5499647,phase_noise,31249980.1,210000.0,300.0,10,31180980.1,-72.16652679
1000000000.0,1146905830.5499647,phase_noise,31249980.1,210000.0,300.0,10,31181130.1,-70.34571075
1000000000.0,1146905830.5499647,phase_noise,31249980.1,210000.0,300.0,10,31181280.1,-71.6940918
1000000000.0,1146905830.5499647,phase_noise,31249980.1,210000.0,300.0,10,31181430.1,-73.71113586
1000000000.0,1146905830.5499647,phase_noise,31249980.1,210000.0,300.0,10,31181580.1,-72.09070587
1000000000.0,1146905830.5499647,phase_noise,31249980.1,210000.0,300.0,10,31181730.1,-71.61574554
1000000000.0,1146905830.5499647,phase_noise,31249980.1,210000.0,300.0,10,31181880.1,-69.486763
1000000000.0,1146905830.5499647,phase_noise,31249980.1,210000.0,300.0,10,31182030.1,-70.5007019
1000000000.0,1146905830.5499647,phase_noise,31249980.1,210000.0,300.0,10,31182180.1,-71.93691254
1000000000.0,1146905830.5499647,phase_noise,31249980.1,210000.0,300.0,10,31182330.1,-72.22071075
1000000000.0,1146905830.5499647,phase_noise,31249980.1,210000.0,300.0,10,31182480.1,-73.82725525
1000000000.0,1146905830.5499647,phase_noise,31249980.1,210000.0,300.0,10,31182630.1,-73.58555603
1000000000.0,1146905830.5499647,phase_noise,31249980.1,210000.0,300.0,10,31182780.1,-72.79706573
1000000000.0,1146905830.5499647,phase_noise,31249980.1,210000.0,300.0,10,31182930.1,-73.27461243
1000000000.0,1146905830.5499647,phase_noise,31249980.1,210000.0,300.0,10,31183080.1,-76.68884277
1000000000.0,1146905830.5499647,phase_noise,31249980.1,210000.0,300.0,10,31183230.1,-71.61750031
1000000000.0,1146905830.5499647,phase_noise,31249980.1,210000.0,300.0,10,31183380.1,-71.78346252
1000000000.0,1146905830.5499647,phase_noise,31249980.1,210000.0,300.0,10,31183530.1,-72.20496368
1000000000.0,1146905830.5499647,phase_noise,31249980.1,210000.0,300.0,10,31183680.1,-73.60746765
1000000000.0,1146905830.5499647,phase_noise,31249980.1,210000.0,300.0,10,31183830.1,-71.83599854
1000000000.0,1146905830.5499647,phase_noise,31249980.1,210000.0,300.0,10,31183980.1,-72.71651459
1000000000.0,1146905830.5499647,phase_noise,31249980.1,210000.0,300.0,10,31184130.1,-73.38512421
1000000000.0,1146905830.5499647,phase_noise,31249980.1,210000.0,300.0,10,31184280.1,-72.94285583
1000000000.0,1146905830.5499647,phase_noise,31249980.1,210000.0,300.0,10,31184430.1,-72.63980103
1000000000.0,1146905830.5499647,phase_noise,31249980.1,210000.0,300.0,10,31184580.1,-71.2522583
1000000000.0,1146905830.5499647,phase_noise,31249980.1,210000.0,300.0,10,31184730.1,-72.8420105
1000000000.0,1146905830.5499647,phase_noise,31249980.1,210000.0,300.0,10,31184880.1,-76.18222046
1000000000.0,1146905830.5499647,phase_noise,31249980.1,210000.0,300.0,10,31185030.1,-74.80767822
1000000000.0,1146905830.5499647,phase_noise,31249980.1,210000.0,300.0,10,31185180.1,-73.4526825
1000000000.0,1146905830.5499647,phase_noise,31249980.1,210000.0,300.0,10,31185330.1,-72.83094788
1000000000.0,1146905830.5499647,phase_noise,31249980.1,210000.0,300.0,10,31185480.1,-74.08924866
1000000000.0,1146905830.5499647,phase_noise,31249980.1,210000.0,300.0,10,31185630.1,-73.13323975
1000000000.0,1146905830.5499647,phase_noise,31249980.1,210000.0,300.0,10,31185780.1,-72.24256897
1000000000.0,1146905830.5499647,phase_noise,31249980.1,210000.0,300.0,10,31185930.1,-73.58090973
1000000000.0,1146905830.5499647,phase_noise,31249980.1,210000.0,300.0,10,31186080.1,-71.96269989
1000000000.0,1146905830.5499647,phase_noise,31249980.1,210000.0,300.0,10,31186230.1,-70.259758
1000000000.0,1146905830.5499647,phase_noise,31249980.1,210000.0,300.0,10,31186380.1,-70.27490997
1000000000.0,1146905830.5499647,phase_noise,31249980.1,210000.0,300.0,10,31186530.1,-71.36473846
1000000000.0,1146905830.5499647,phase_noise,31249980.1,210000.0,300.0,10,31186680.1,-71.58368683
1000000000.0,1146905830.5499647,phase_noise,31249980.1,210000.0,300.0,10,31186830.1,-70.25165558
1000000000.0,1146905830.5499647,phase_noise,31249980.1,210000.0,300.0,10,31186980.1,-71.11781311
1000000000.0,1146905830.5499647,phase_noise,31249980.1,210000.0,300.0,10,31187130.1,-74.81507874
1000000000.0,1146905830.5499647,phase_noise,31249980.1,210000.0,300.0,10,31187280.1,-74.59068298
1000000000.0,1146905830.5499647,phase_noise,31249980.1,210000.0,300.0,10,31187430.1,-73.51338959
1000000000.0,1146905830.5499647,phase_noise,31249980.1,210000.0,300.0,10,31187580.1,-74.31542969
1000000000.0,1146905830.5499647,phase_noise,31249980.1,210000.0,300.0,10,31187730.1,-75.55122375
1000000000.0,1146905830.5499647,phase_noise,31249980.1,210000.0,300.0,10,31187880.1,-78.07346344
1000000000.0,1146905830.5499647,phase_noise,31249980.1,210000.0,300.0,10,31188030.1,-77.2744751
1000000000.0,1146905830.5499647,phase_noise,31249980.1,210000.0,300.0,10,31188180.1,-76.69992828
1000000000.0,1146905830.5499647,phase_noise,31249980.1,210000.0,300.0,10,31188330.1,-73.62031555
1000000000.0,1146905830.5499647,phase_noise,31249980.1,210000.0,300.0,10,31188480.1,-73.63191986
1000000000.0,1146905830.5499647,phase_noise,31249980.1,210000.0,300.0,10,31188630.1,-74.68564606
1000000000.0,1146905830.5499647,phase_noise,31249980.1,210000.0,300.0,10,31188780.1,-76.00278473
1000000000.0,1146905830.5499647,phase_noise,31249980.1,210000.0,300.0,10,31188930.1,-77.36100769
1000000000.0,1146905830.5499647,phase_noise,31249980.1,210000.0,300.0,10,31189080.1,-73.98860931
1000000000.0,1146905830.5499647,phase_noise,31249980.1,210000.0,300.0,10,31189230.1,-74.12115479
1000000000.0,1146905830.5499647,phase_noise,31249980.1,210000.0,300.0,10,31189380.1,-75.30612946
1000000000.0,1146905830.5499647,phase_noise,31249980.1,210000.0,300.0,10,31189530.1,-76.95685577
1000000000.0,1146905830.5499647,phase_noise,31249980.1,210000.0,300.0,10,31189680.1,-73.20238495
1000000000.0,1146905830.5499647,phase_noise,31249980.1,210000.0,300.0,10,31189830.1,-71.72218323
1000000000.0,1146905830.5499647,phase_noise,31249980.1,210000.0,300.0,10,31189980.1,-72.55739594
1000000000.0,1146905830.5499647,phase_noise,31249980.1,210000.0,300.0,10,31190130.1,-72.65894318
1000000000.0,1146905830.5499647,phase_noise,31249980.1,210000.0,300.0,10,31190280.1,-72.71815491
1000000000.0,1146905830.5499647,phase_noise,31249980.1,210000.0,300.0,10,31190430.1,-75.91506958
1000000000.0,1146905830.5499647,phase_noise,31249980.1,210000.0,300.0,10,31190580.1,-73.15093231
1000000000.0,1146905830.5499647,phase_noise,31249980.1,210000.0,300.0,10,31190730.1,-71.77402496
1000000000.0,1146905830.5499647,phase_noise,31249980.1,210000.0,300.0,10,31190880.1,-71.75889587
1000000000.0,1146905830.5499647,phase_noise,31249980.1,210000.0,300.0,10,31191030.1,-71.92176056
1000000000.0,1146905830.5499647,phase_noise,31249980.1,210000.0,300.0,10,31191180.1,-73.24526978
1000000000.0,1146905830.5499647,phase_noise,31249980.1,210000.0,300.0,10,31191330.1,-72.11831665
1000000000.0,1146905830.5499647,phase_noise,31249980.1,210000.0,300.0,10,31191480.1,-71.49170685
1000000000.0,1146905830.5499647,phase_noise,31249980.1,210000.0,300.0,10,31191630.1,-71.51374817
1000000000.0,1146905830.5499647,phase_noise,31249980.1,210000.0,300.0,10,31191780.1,-71.8769989
1000000000.0,1146905830.5499647,phase_noise,31249980.1,210000.0,300.0,10,31191930.1,-74.66833496
1000000000.0,1146905830.5499647,phase_noise,31249980.1,210000.0,300.0,10,31192080.1,-74.13826752
1000000000.0,1146905830.5499647,phase_noise,31249980.1,210000.0,300.0,10,31192230.1,-72.56266785
1000000000.0,1146905830.5499647,phase_noise,31249980.1,210000.0,300.0,10,31192380.1,-69.74092102
1000000000.0,1146905830.5499647,phase_noise,31249980.1,210000.0,300.0,10,31192530.1,-66.92660522
1000000000.0,1146905830.5499647,phase_noise,31249980.1,210000.0,300.0,10,31192680.1,-63.61024094
1000000000.0,1146905830.5499647,phase_noise,31249980.1,210000.0,300.0,10,31192830.1,-62.30867386
1000000000.0,1146905830.5499647,phase_noise,31249980.1,210000.0,300.0,10,31192980.1,-68.45611572
1000000000.0,1146905830.5499647,phase_noise,31249980.1,210000.0,300.0,10,31193130.1,-71.552948
1000000000.0,1146905830.5499647,phase_noise,31249980.1,210000.0,300.0,10,31193280.1,-69.97084045
1000000000.0,1146905830.5499647,phase_noise,31249980.1,210000.0,300.0,10,31193430.1,-69.9438858
1000000000.0,1146905830.5499647,phase_noise,31249980.1,210000.0,300.0,10,31193580.1,-67.04275513
1000000000.0,1146905830.5499647,phase_noise,31249980.1,210000.0,300.0,10,31193730.1,-66.68561554
1000000000.0,1146905830.5499647,phase_noise,31249980.1,210000.0,300.0,10,31193880.1,-67.38043213
1000000000.0,1146905830.5499647,phase_noise,31249980.1,210000.0,300.0,10,31194030.1,-72.04902649
1000000000.0,1146905830.5499647,phase_noise,31249980.1,210000.0,300.0,10,31194180.1,-73.40365601
1000000000.0,1146905830.5499647,phase_noise,31249980.1,210000.0,300.0,10,31194330.1,-73.68848419
1000000000.0,1146905830.5499647,phase_noise,31249980.1,210000.0,300.0,10,31194480.1,-75.51129913
1000000000.0,1146905830.5499647,phase_noise,31249980.1,210000.0,300.0,10,31194630.1,-76.20800781
1000000000.0,1146905830.5499647,phase_noise,31249980.1,210000.0,300.0,10,31194780.1,-74.68720245
1000000000.0,1146905830.5499647,phase_noise,31249980.1,210000.0,300.0,10,31194930.1,-76.11743927
1000000000.0,1146905830.5499647,phase_noise,31249980.1,210000.0,300.0,10,31195080.1,-74.17208862
1000000000.0,1146905830.5499647,phase_noise,31249980.1,210000.0,300.0,10,31195230.1,-72.32347107
1000000000.0,1146905830.5499647,phase_noise,31249980.1,210000.0,300.0,10,31195380.1,-74.30223083
1000000000.0,1146905830.5499647,phase_noise,31249980.1,210000.0,300.0,10,31195530.1,-72.27496338
1000000000.0,1146905830.5499647,phase_noise,31249980.1,210000.0,300.0,10,31195680.1,-69.19038391
1000000000.0,1146905830.5499647,phase_noise,31249980.1,210000.0,300.0,10,31195830.1,-68.8239212
1000000000.0,1146905830.5499647,phase_noise,31249980.1,210000.0,300.0,10,31195980.1,-69.05990601
1000000000.0,1146905830.5499647,phase_noise,31249980.1,210000.0,300.0,10,31196130.1,-68.5103302
1000000000.0,1146905830.5499647,phase_noise,31249980.1,210000.0,300.0,10,31196280.1,-68.3956604
1000000000.0,1146905830.5499647,phase_noise,31249980.1,210000.0,300.0,10,31196430.1,-69.41719818
1000000000.0,1146905830.5499647,phase_noise,31249980.1,210000.0,300.0,10,31196580.1,-70.60084534
1000000000.0,1146905830.5499647,phase_noise,31249980.1,210000.0,300.0,10,31196730.1,-70.60346985
1000000000.0,1146905830.5499647,phase_noise,31249980.1,210000.0,300.0,10,31196880.1,-71.56921387
1000000000.0,1146905830.5499647,phase_noise,31249980.1,210000.0,300.0,10,31197030.1,-72.06969452
1000000000.0,1146905830.5499647,phase_noise,31249980.1,210000.0,300.0,10,31197180.1,-71.49206543
1000000000.0,1146905830.5499647,phase_noise,31249980.1,210000.0,300.0,10,31197330.1,-71.80258942
1000000000.0,1146905830.5499647,phase_noise,31249980.1,210000.0,300.0,10,31197480.1,-72.04550934
1000000000.0,1146905830.5499647,phase_noise,31249980.1,210000.0,300.0,10,31197630.1,-72.23298645
1000000000.0,1146905830.5499647,phase_noise,31249980.1,210000.0,300.0,10,31197780.1,-71.09136963
1000000000.0,1146905830.5499647,phase_noise,31249980.1,210000.0,300.0,10,31197930.1,-68.64363861
1000000000.0,1146905830.5499647,phase_noise,31249980.1,210000.0,300.0,10,31198080.1,-67.67993927
1000000000.0,1146905830.5499647,phase_noise,31249980.1,210000.0,300.0,10,31198230.1,-69.13988495
1000000000.0,1146905830.5499647,phase_noise,31249980.1,210000.0,300.0,10,31198380.1,-70.16728973
1000000000.0,1146905830.5499647,phase_noise,31249980.1,210000.0,300.0,10,31198530.1,-69.60464478
1000000000.0,1146905830.5499647,phase_noise,31249980.1,210000.0,300.0,10,31198680.1,-70.14073944
1000000000.0,1146905830.5499647,phase_noise,31249980.1,210000.0,300.0,10,31198830.1,-71.26116943
1000000000.0,1146905830.5499647,phase_noise,31249980.1,210000.0,300.0,10,31198980.1,-72.83532715
1000000000.0,1146905830.5499647,phase_noise,31249980.1,210000.0,300.0,10,31199130.1,-71.7217865
1000000000.0,1146905830.5499647,phase_noise,31249980.1,210000.0,300.0,10,31199280.1,-70.31918335
1000000000.0,1146905830.5499647,phase_noise,31249980.1,210000.0,300.0,10,31199430.1,-70.14710999
1000000000.0,1146905830.5499647,phase_noise,31249980.1,210000.0,300.0,10,31199580.1,-70.24990082
1000000000.0,1146905830.5499647,phase_noise,31249980.1,210000.0,300.0,10,31199730.1,-71.77929687
1000000000.0,1146905830.5499647,phase_noise,31249980.1,210000.0,300.0,10,31199880.1,-70.12498474
1000000000.0,1146905830.5499647,phase_noise,31249980.1,210000.0,300.0,10,31200030.1,-71.2963562
1000000000.0,1146905830.5499647,phase_noise,31249980.1,210000.0,300.0,10,31200180.1,-72.1149826
1000000000.0,1146905830.5499647,phase_noise,31249980.1,210000.0,300.0,10,31200330.1,-68.65485382
1000000000.0,1146905830.5499647,phase_noise,31249980.1,210000.0,300.0,10,31200480.1,-70.647995
1000000000.0,1146905830.5499647,phase_noise,31249980.1,210000.0,300.0,10,31200630.1,-72.18149567
1000000000.0,1146905830.5499647,phase_noise,31249980.1,210000.0,300.0,10,31200780.1,-71.90092468
1000000000.0,1146905830.5499647,phase_noise,31249980.1,210000.0,300.0,10,31200930.1,-69.22637939
1000000000.0,1146905830.5499647,phase_noise,31249980.1,210000.0,300.0,10,31201080.1,-69.82485199
1000000000.0,1146905830.5499647,phase_noise,31249980.1,210000.0,300.0,10,31201230.1,-69.2833786
1000000000.0,1146905830.5499647,phase_noise,31249980.1,210000.0,300.0,10,31201380.1,-68.56695557
1000000000.0,1146905830.5499647,phase_noise,31249980.1,210000.0,300.0,10,31201530.1,-71.59466553
1000000000.0,1146905830.5499647,phase_noise,31249980.1,210000.0,300.0,10,31201680.1,-74.88397217
1000000000.0,1146905830.5499647,phase_noise,31249980.1,210000.0,300.0,10,31201830.1,-71.44869232
1000000000.0,1146905830.5499647,phase_noise,31249980.1,210000.0,300.0,10,31201980.1,-72.64766693
1000000000.0,1146905830.5499647,phase_noise,31249980.1,210000.0,300.0,10,31202130.1,-73.92333984
1000000000.0,1146905830.5499647,phase_noise,31249980.1,210000.0,300.0,10,31202280.1,-73.1292038
1000000000.0,1146905830.5499647,phase_noise,31249980.1,210000.0,300.0,10,31202430.1,-74.75256348
1000000000.0,1146905830.5499647,phase_noise,31249980.1,210000.0,300.0,10,31202580.1,-74.44300842
1000000000.0,1146905830.5499647,phase_noise,31249980.1,210000.0,300.0,10,31202730.1,-72.73439026
1000000000.0,1146905830.5499647,phase_noise,31249980.1,210000.0,300.0,10,31202880.1,-71.54846954
1000000000.0,1146905830.5499647,phase_noise,31249980.1,210000.0,300.0,10,31203030.1,-73.78436279
1000000000.0,1146905830.5499647,phase_noise,31249980.1,210000.0,300.0,10,31203180.1,-73.45024109
1000000000.0,1146905830.5499647,phase_noise,31249980.1,210000.0,300.0,10,31203330.1,-71.37963104
1000000000.0,1146905830.5499647,phase_noise,31249980.1,210000.0,300.0,10,31203480.1,-70.63645935
1000000000.0,1146905830.5499647,phase_noise,31249980.1,210000.0,300.0,10,31203630.1,-72.13743591
1000000000.0,1146905830.5499647,phase_noise,31249980.1,210000.0,300.0,10,31203780.1,-72.07714844
1000000000.0,1146905830.5499647,phase_noise,31249980.1,210000.0,300.0,10,31203930.1,-69.95056915
1000000000.0,1146905830.5499647,phase_noise,31249980.1,210000.0,300.0,10,31204080.1,-68.36069489
1000000000.0,1146905830.5499647,phase_noise,31249980.1,210000.0,300.0,10,31204230.1,-68.01424408
1000000000.0,1146905830.5499647,phase_noise,31249980.1,210000.0,300.0,10,31204380.1,-68.39495087
1000000000.0,1146905830.5499647,phase_noise,31249980.1,210000.0,300.0,10,31204530.1,-70.11306763
1000000000.0,1146905830.5499647,phase_noise,31249980.1,210000.0,300.0,10,31204680.1,-70.27160645
1000000000.0,1146905830.5499647,phase_noise,31249980.1,210000.0,300.0,10,31204830.1,-68.31787872
1000000000.0,1146905830.5499647,phase_noise,31249980.1,210000.0,300.0,10,31204980.1,-71.46420288
1000000000.0,1146905830.5499647,phase_noise,31249980.1,210000.0,300.0,10,31205130.1,-71.2015686
1000000000.0,1146905830.5499647,phase_noise,31249980.1,210000.0,300.0,10,31205280.1,-67.32420349
1000000000.0,1146905830.5499647,phase_noise,31249980.1,210000.0,300.0,10,31205430.1,-68.26378632
1000000000.0,1146905830.5499647,phase_noise,31249980.1,210000.0,300.0,10,31205580.1,-70.30369568
1000000000.0,1146905830.5499647,phase_noise,31249980.1,210000.0,300.0,10,31205730.1,-70.96124268
1000000000.0,1146905830.5499647,phase_noise,31249980.1,210000.0,300.0,10,31205880.1,-71.13973999
1000000000.0,1146905830.5499647,phase_noise,31249980.1,210000.0,300.0,10,31206030.1,-69.37818909
1000000000.0,1146905830.5499647,phase_noise,31249980.1,210000.0,300.0,10,31206180.1,-69.7468338
1000000000.0,1146905830.5499647,phase_noise,31249980.1,210000.0,300.0,10,31206330.1,-72.3625946
1000000000.0,1146905830.5499647,phase_noise,31249980.1,210000.0,300.0,10,31206480.1,-69.77091217
1000000000.0,1146905830.5499647,phase_noise,31249980.1,210000.0,300.0,10,31206630.1,-71.13539886
1000000000.0,1146905830.5499647,phase_noise,31249980.1,210000.0,300.0,10,31206780.1,-71.23709106
1000000000.0,1146905830.5499647,phase_noise,31249980.1,210000.0,300.0,10,31206930.1,-72.87513733
1000000000.0,1146905830.5499647,phase_noise,31249980.1,210000.0,300.0,10,31207080.1,-71.36460114
1000000000.0,1146905830.5499647,phase_noise,31249980.1,210000.0,300.0,10,31207230.1,-76.64016724
1000000000.0,1146905830.5499647,phase_noise,31249980.1,210000.0,300.0,10,31207380.1,-74.36917877
1000000000.0,1146905830.5499647,phase_noise,31249980.1,210000.0,300.0,10,31207530.1,-71.22689819
1000000000.0,1146905830.5499647,phase_noise,31249980.1,210000.0,300.0,10,31207680.1,-71.06509399
1000000000.0,1146905830.5499647,phase_noise,31249980.1,210000.0,300.0,10,31207830.1,-71.52781677
1000000000.0,1146905830.5499647,phase_noise,31249980.1,210000.0,300.0,10,31207980.1,-71.31304932
1000000000.0,1146905830.5499647,phase_noise,31249980.1,210000.0,300.0,10,31208130.1,-70.51984406
1000000000.0,1146905830.5499647,phase_noise,31249980.1,210000.0,300.0,10,31208280.1,-72.53990173
1000000000.0,1146905830.5499647,phase_noise,31249980.1,210000.0,300.0,10,31208430.1,-72.61458588
1000000000.0,1146905830.5499647,phase_noise,31249980.1,210000.0,300.0,10,31208580.1,-70.27293396
1000000000.0,1146905830.5499647,phase_noise,31249980.1,210000.0,300.0,10,31208730.1,-71.54676056
1000000000.0,1146905830.5499647,phase_noise,31249980.1,210000.0,300.0,10,31208880.1,-72.11004639
1000000000.0,1146905830.5499647,phase_noise,31249980.1,210000.0,300.0,10,31209030.1,-70.62825012
1000000000.0,1146905830.5499647,phase_noise,31249980.1,210000.0,300.0,10,31209180.1,-72.44001007
1000000000.0,1146905830.5499647,phase_noise,31249980.1,210000.0,300.0,10,31209330.1,-72.65543365
1000000000.0,1146905830.5499647,phase_noise,31249980.1,210000.0,300.0,10,31209480.1,-75.34487915
1000000000.0,1146905830.5499647,phase_noise,31249980.1,210000.0,300.0,10,31209630.1,-72.050354
1000000000.0,1146905830.5499647,phase_noise,31249980.1,210000.0,300.0,10,31209780.1,-70.330513
1000000000.0,1146905830.5499647,phase_noise,31249980.1,210000.0,300.0,10,31209930.1,-69.25167847
1000000000.0,1146905830.5499647,phase_noise,31249980.1,210000.0,300.0,10,31210080.1,-72.23490143
1000000000.0,1146905830.5499647,phase_noise,31249980.1,210000.0,300.0,10,31210230.1,-69.8896637
1000000000.0,1146905830.5499647,phase_noise,31249980.1,210000.0,300.0,10,31210380.1,-69.67963409
1000000000.0,1146905830.5499647,phase_noise,31249980.1,210000.0,300.0,10,31210530.1,-70.81594086
1000000000.0,1146905830.5499647,phase_noise,31249980.1,210000.0,300.0,10,31210680.1,-67.03592682
1000000000.0,1146905830.5499647,phase_noise,31249980.1,210000.0,300.0,10,31210830.1,-65.21393585
1000000000.0,1146905830.5499647,phase_noise,31249980.1,210000.0,300.0,10,31210980.1,-64.94563293
1000000000.0,1146905830.5499647,phase_noise,31249980.1,210000.0,300.0,10,31211130.1,-66.7089386
1000000000.0,1146905830.5499647,phase_noise,31249980.1,210000.0,300.0,10,31211280.1,-69.76873779
1000000000.0,1146905830.5499647,phase_noise,31249980.1,210000.0,300.0,10,31211430.1,-70.92730713
1000000000.0,1146905830.5499647,phase_noise,31249980.1,210000.0,300.0,10,31211580.1,-71.29376221
1000000000.0,1146905830.5499647,phase_noise,31249980.1,210000.0,300.0,10,31211730.1,-69.68052673
1000000000.0,1146905830.5499647,phase_noise,31249980.1,210000.0,300.0,10,31211880.1,-69.89479828
1000000000.0,1146905830.5499647,phase_noise,31249980.1,210000.0,300.0,10,31212030.1,-71.25216675
1000000000.0,1146905830.5499647,phase_noise,31249980.1,210000.0,300.0,10,31212180.1,-69.50846863
1000000000.0,1146905830.5499647,phase_noise,31249980.1,210000.0,300.0,10,31212330.1,-71.38017273
1000000000.0,1146905830.5499647,phase_noise,31249980.1,210000.0,300.0,10,31212480.1,-73.96258545
1000000000.0,1146905830.5499647,phase_noise,31249980.1,210000.0,300.0,10,31212630.1,-74.60571289
1000000000.0,1146905830.5499647,phase_noise,31249980.1,210000.0,300.0,10,31212780.1,-69.45007324
1000000000.0,1146905830.5499647,phase_noise,31249980.1,210000.0,300.0,10,31212930.1,-68.64344788
1000000000.0,1146905830.5499647,phase_noise,31249980.1,210000.0,300.0,10,31213080.1,-70.09080505
1000000000.0,1146905830.5499647,phase_noise,31249980.1,210000.0,300.0,10,31213230.1,-71.57650757
1000000000.0,1146905830.5499647,phase_noise,31249980.1,210000.0,300.0,10,31213380.1,-70.42014313
1000000000.0,1146905830.5499647,phase_noise,31249980.1,210000.0,300.0,10,31213530.1,-70.22609711
1000000000.0,1146905830.5499647,phase_noise,31249980.1,210000.0,300.0,10,31213680.1,-71.70253754
1000000000.0,1146905830.5499647,phase_noise,31249980.1,210000.0,300.0,10,31213830.1,-72.63331604
1000000000.0,1146905830.5499647,phase_noise,31249980.1,210000.0,300.0,10,31213980.1,-71.74195099
1000000000.0,1146905830.5499647,phase_noise,31249980.1,210000.0,300.0,10,31214130.1,-73.23930359
1000000000.0,1146905830.5499647,phase_noise,31249980.1,210000.0,300.0,10,31214280.1,-72.99854279
1000000000.0,1146905830.5499647,phase_noise,31249980.1,210000.0,300.0,10,31214430.1,-74.81616211
1000000000.0,1146905830.5499647,phase_noise,31249980.1,210000.0,300.0,10,31214580.1,-73.0357666
1000000000.0,1146905830.5499647,phase_noise,31249980.1,210000.0,300.0,10,31214730.1,-70.82837677
1000000000.0,1146905830.5499647,phase_noise,31249980.1,210000.0,300.0,10,31214880.1,-72.73815918
1000000000.0,1146905830.5499647,phase_noise,31249980.1,210000.0,300.0,10,31215030.1,-73.87774658
1000000000.0,1146905830.5499647,phase_noise,31249980.1,210000.0,300.0,10,31215180.1,-72.87631989
1000000000.0,1146905830.5499647,phase_noise,31249980.1,210000.0,300.0,10,31215330.1,-71.67250824
1000000000.0,1146905830.5499647,phase_noise,31249980.1,210000.0,300.0,10,31215480.1,-70.86390686
1000000000.0,1146905830.5499647,phase_noise,31249980.1,210000.0,300.0,10,31215630.1,-70.3759079
1000000000.0,1146905830.5499647,phase_noise,31249980.1,210000.0,300.0,10,31215780.1,-66.66944885
1000000000.0,1146905830.5499647,phase_noise,31249980.1,210000.0,300.0,10,31215930.1,-67.69277191
1000000000.0,1146905830.5499647,phase_noise,31249980.1,210000.0,300.0,10,31216080.1,-72.25474548
1000000000.0,1146905830.5499647,phase_noise,31249980.1,210000.0,300.0,10,31216230.1,-75.24993134
1000000000.0,1146905830.5499647,phase_noise,31249980.1,210000.0,300.0,10,31216380.1,-73.32006073
1000000000.0,1146905830.5499647,phase_noise,31249980.1,210000.0,300.0,10,31216530.1,-71.11639404
1000000000.0,1146905830.5499647,phase_noise,31249980.1,210000.0,300.0,10,31216680.1,-70.58642578
1000000000.0,1146905830.5499647,phase_noise,31249980.1,210000.0,300.0,10,31216830.1,-72.5209198
1000000000.0,1146905830.5499647,phase_noise,31249980.1,210000.0,300.0,10,31216980.1,-71.86024475
1000000000.0,1146905830.5499647,phase_noise,31249980.1,210000.0,300.0,10,31217130.1,-72.8902359
1000000000.0,1146905830.5499647,phase_noise,31249980.1,210000.0,300.0,10,31217280.1,-72.86279297
1000000000.0,1146905830.5499647,phase_noise,31249980.1,210000.0,300.0,10,31217430.1,-71.70733643
1000000000.0,1146905830.5499647,phase_noise,31249980.1,210000.0,300.0,10,31217580.1,-72.68812561
1000000000.0,1146905830.5499647,phase_noise,31249980.1,210000.0,300.0,10,31217730.1,-73.28409576
1000000000.0,1146905830.5499647,phase_noise,31249980.1,210000.0,300.0,10,31217880.1,-71.31333923
1000000000.0,1146905830.5499647,phase_noise,31249980.1,210000.0,300.0,10,31218030.1,-70.08771515
1000000000.0,1146905830.5499647,phase_noise,31249980.1,210000.0,300.0,10,31218180.1,-70.15881348
1000000000.0,1146905830.5499647,phase_noise,31249980.1,210000.0,300.0,10,31218330.1,-71.03087616
1000000000.0,1146905830.5499647,phase_noise,31249980.1,210000.0,300.0,10,31218480.1,-71.66152954
1000000000.0,1146905830.5499647,phase_noise,31249980.1,210000.0,300.0,10,31218630.1,-73.06751251
1000000000.0,1146905830.5499647,phase_noise,31249980.1,210000.0,300.0,10,31218780.1,-73.04267883
1000000000.0,1146905830.5499647,phase_noise,31249980.1,210000.0,300.0,10,31218930.1,-76.07555389
1000000000.0,1146905830.5499647,phase_noise,31249980.1,210000.0,300.0,10,31219080.1,-73.73330688
1000000000.0,1146905830.5499647,phase_noise,31249980.1,210000.0,300.0,10,31219230.1,-74.19264221
1000000000.0,1146905830.5499647,phase_noise,31249980.1,210000.0,300.0,10,31219380.1,-77.04045105
1000000000.0,1146905830.5499647,phase_noise,31249980.1,210000.0,300.0,10,31219530.1,-75.01644135
1000000000.0,1146905830.5499647,phase_noise,31249980.1,210000.0,300.0,10,31219680.1,-72.65856934
1000000000.0,1146905830.5499647,phase_noise,31249980.1,210000.0,300.0,10,31219830.1,-72.74591827
1000000000.0,1146905830.5499647,phase_noise,31249980.1,210000.0,300.0,10,31219980.1,-76.05263519
1000000000.0,1146905830.5499647,phase_noise,31249980.1,210000.0,300.0,10,31220130.1,-73.04942322
1000000000.0,1146905830.5499647,phase_noise,31249980.1,210000.0,300.0,10,31220280.1,-70.48780823
1000000000.0,1146905830.5499647,phase_noise,31249980.1,210000.0,300.0,10,31220430.1,-69.49461365
1000000000.0,1146905830.5499647,phase_noise,31249980.1,210000.0,300.0,10,31220580.1,-67.0497818
1000000000.0,1146905830.5499647,phase_noise,31249980.1,210000.0,300.0,10,31220730.1,-66.41166687
1000000000.0,1146905830.5499647,phase_noise,31249980.1,210000.0,300.0,10,31220880.1,-69.42268372
1000000000.0,1146905830.5499647,phase_noise,31249980.1,210000.0,300.0,10,31221030.1,-71.68824005
1000000000.0,1146905830.5499647,phase_noise,31249980.1,210000.0,300.0,10,31221180.1,-73.02132416
1000000000.0,1146905830.5499647,phase_noise,31249980.1,210000.0,300.0,10,31221330.1,-71.9250412
1000000000.0,1146905830.5499647,phase_noise,31249980.1,210000.0,300.0,10,31221480.1,-71.27007294
1000000000.0,1146905830.5499647,phase_noise,31249980.1,210000.0,300.0,10,31221630.1,-72.72605133
1000000000.0,1146905830.5499647,phase_noise,31249980.1,210000.0,300.0,10,31221780.1,-77.4336853
1000000000.0,1146905830.5499647,phase_noise,31249980.1,210000.0,300.0,10,31221930.1,-76.62257385
1000000000.0,1146905830.5499647,phase_noise,31249980.1,210000.0,300.0,10,31222080.1,-75.89323425
1000000000.0,1146905830.5499647,phase_noise,31249980.1,210000.0,300.0,10,31222230.1,-75.56305695
1000000000.0,1146905830.5499647,phase_noise,31249980.1,210000.0,300.0,10,31222380.1,-73.65727234
1000000000.0,1146905830.5499647,phase_noise,31249980.1,210000.0,300.0,10,31222530.1,-75.31279755
1000000000.0,1146905830.5499647,phase_noise,31249980.1,210000.0,300.0,10,31222680.1,-74.95863342
1000000000.0,1146905830.5499647,phase_noise,31249980.1,210000.0,300.0,10,31222830.1,-74.58140564
1000000000.0,1146905830.5499647,phase_noise,31249980.1,210000.0,300.0,10,31222980.1,-76.64385223
1000000000.0,1146905830.5499647,phase_noise,31249980.1,210000.0,300.0,10,31223130.1,-72.11762238
1000000000.0,1146905830.5499647,phase_noise,31249980.1,210000.0,300.0,10,31223280.1,-70.25558472
1000000000.0,1146905830.5499647,phase_noise,31249980.1,210000.0,300.0,10,31223430.1,-71.86088562
1000000000.0,1146905830.5499647,phase_noise,31249980.1,210000.0,300.0,10,31223580.1,-71.81712341
1000000000.0,1146905830.5499647,phase_noise,31249980.1,210000.0,300.0,10,31223730.1,-71.98498535
1000000000.0,1146905830.5499647,phase_noise,31249980.1,210000.0,300.0,10,31223880.1,-71.83065796
1000000000.0,1146905830.5499647,phase_noise,31249980.1,210000.0,300.0,10,31224030.1,-73.05271912
1000000000.0,1146905830.5499647,phase_noise,31249980.1,210000.0,300.0,10,31224180.1,-73.43065643
1000000000.0,1146905830.5499647,phase_noise,31249980.1,210000.0,300.0,10,31224330.1,-72.52915955
1000000000.0,1146905830.5499647,phase_noise,31249980.1,210000.0,300.0,10,31224480.1,-71.1812439
1000000000.0,1146905830.5499647,phase_noise,31249980.1,210000.0,300.0,10,31224630.1,-73.1672821
1000000000.0,1146905830.5499647,phase_noise,31249980.1,210000.0,300.0,10,31224780.1,-72.76967621
1000000000.0,1146905830.5499647,phase_noise,31249980.1,210000.0,300.0,10,31224930.1,-73.7180481
1000000000.0,1146905830.5499647,phase_noise,31249980.1,210000.0,300.0,10,31225080.1,-74.72012329
1000000000.0,1146905830.5499647,phase_noise,31249980.1,210000.0,300.0,10,31225230.1,-70.57042694
1000000000.0,1146905830.5499647,phase_noise,31249980.1,210000.0,300.0,10,31225380.1,-66.12818146
1000000000.0,1146905830.5499647,phase_noise,31249980.1,210000.0,300.0,10,31225530.1,-66.35066986
1000000000.0,1146905830.5499647,phase_noise,31249980.1,210000.0,300.0,10,31225680.1,-70.78646088
1000000000.0,1146905830.5499647,phase_noise,31249980.1,210000.0,300.0,10,31225830.1,-73.57847595
1000000000.0,1146905830.5499647,phase_noise,31249980.1,210000.0,300.0,10,31225980.1,-77.0140152
1000000000.0,1146905830.5499647,phase_noise,31249980.1,210000.0,300.0,10,31226130.1,-75.52030945
1000000000.0,1146905830.5499647,phase_noise,31249980.1,210000.0,300.0,10,31226280.1,-73.41791534
1000000000.0,1146905830.5499647,phase_noise,31249980.1,210000.0,300.0,10,31226430.1,-74.57126617
1000000000.0,1146905830.5499647,phase_noise,31249980.1,210000.0,300.0,10,31226580.1,-74.85519409
1000000000.0,1146905830.5499647,phase_noise,31249980.1,210000.0,300.0,10,31226730.1,-75.73777771
1000000000.0,1146905830.5499647,phase_noise,31249980.1,210000.0,300.0,10,31226880.1,-74.12626648
1000000000.0,1146905830.5499647,phase_noise,31249980.1,210000.0,300.0,10,31227030.1,-71.88582611
1000000000.0,1146905830.5499647,phase_noise,31249980.1,210000.0,300.0,10,31227180.1,-70.31342316
1000000000.0,1146905830.5499647,phase_noise,31249980.1,210000.0,300.0,10,31227330.1,-73.26630402
1000000000.0,1146905830.5499647,phase_noise,31249980.1,210000.0,300.0,10,31227480.1,-71.80747223
1000000000.0,1146905830.5499647,phase_noise,31249980.1,210000.0,300.0,10,31227630.1,-71.53249359
1000000000.0,1146905830.5499647,phase_noise,31249980.1,210000.0,300.0,10,31227780.1,-73.18083191
1000000000.0,1146905830.5499647,phase_noise,31249980.1,210000.0,300.0,10,31227930.1,-78.2097702
1000000000.0,1146905830.5499647,phase_noise,31249980.1,210000.0,300.0,10,31228080.1,-74.67243958
1000000000.0,1146905830.5499647,phase_noise,31249980.1,210000.0,300.0,10,31228230.1,-74.91395569
1000000000.0,1146905830.5499647,phase_noise,31249980.1,210000.0,300.0,10,31228380.1,-75.83874512
1000000000.0,1146905830.5499647,phase_noise,31249980.1,210000.0,300.0,10,31228530.1,-74.53898621
1000000000.0,1146905830.5499647,phase_noise,31249980.1,210000.0,300.0,10,31228680.1,-76.71904755
1000000000.0,1146905830.5499647,phase_noise,31249980.1,210000.0,300.0,10,31228830.1,-73.29948425
1000000000.0,1146905830.5499647,phase_noise,31249980.1,210000.0,300.0,10,31228980.1,-73.07511139
1000000000.0,1146905830.5499647,phase_noise,31249980.1,210000.0,300.0,10,31229130.1,-73.93972015
1000000000.0,1146905830.5499647,phase_noise,31249980.1,210000.0,300.0,10,31229280.1,-73.81726837
1000000000.0,1146905830.5499647,phase_noise,31249980.1,210000.0,300.0,10,31229430.1,-75.26846313
1000000000.0,1146905830.5499647,phase_noise,31249980.1,210000.0,300.0,10,31229580.1,-73.72260284
1000000000.0,1146905830.5499647,phase_noise,31249980.1,210000.0,300.0,10,31229730.1,-73.80988312
1000000000.0,1146905830.5499647,phase_noise,31249980.1,210000.0,300.0,10,31229880.1,-73.67416382
1000000000.0,1146905830.5499647,phase_noise,31249980.1,210000.0,300.0,10,31230030.1,-73.00610352
1000000000.0,1146905830.5499647,phase_noise,31249980.1,210000.0,300.0,10,31230180.1,-70.01376343
1000000000.0,1146905830.5499647,phase_noise,31249980.1,210000.0,300.0,10,31230330.1,-69.05275726
1000000000.0,1146905830.5499647,phase_noise,31249980.1,210000.0,300.0,10,31230480.1,-72.95371246
1000000000.0,1146905830.5499647,phase_noise,31249980.1,210000.0,300.0,10,31230630.1,-69.82810974
1000000000.0,1146905830.5499647,phase_noise,31249980.1,210000.0,300.0,10,31230780.1,-72.58223724
1000000000.0,1146905830.5499647,phase_noise,31249980.1,210000.0,300.0,10,31230930.1,-74.2784729
1000000000.0,1146905830.5499647,phase_noise,31249980.1,210000.0,300.0,10,31231080.1,-74.60279083
1000000000.0,1146905830.5499647,phase_noise,31249980.1,210000.0,300.0,10,31231230.1,-72.33776093
1000000000.0,1146905830.5499647,phase_noise,31249980.1,210000.0,300.0,10,31231380.1,-74.46675873
1000000000.0,1146905830.5499647,phase_noise,31249980.1,210000.0,300.0,10,31231530.1,-74.51802063
1000000000.0,1146905830.5499647,phase_noise,31249980.1,210000.0,300.0,10,31231680.1,-74.58625031
1000000000.0,1146905830.5499647,phase_noise,31249980.1,210000.0,300.0,10,31231830.1,-74.69076538
1000000000.0,1146905830.5499647,phase_noise,31249980.1,210000.0,300.0,10,31231980.1,-75.36212921
1000000000.0,1146905830.5499647,phase_noise,31249980.1,210000.0,300.0,10,31232130.1,-73.25476074
1000000000.0,1146905830.5499647,phase_noise,31249980.1,210000.0,300.0,10,31232280.1,-72.24654388
1000000000.0,1146905830.5499647,phase_noise,31249980.1,210000.0,300.0,10,31232430.1,-73.65052795
1000000000.0,1146905830.5499647,phase_noise,31249980.1,210000.0,300.0,10,31232580.1,-76.06800842
1000000000.0,1146905830.5499647,phase_noise,31249980.1,210000.0,300.0,10,31232730.1,-76.08716583
1000000000.0,1146905830.5499647,phase_noise,31249980.1,210000.0,300.0,10,31232880.1,-75.53731537
1000000000.0,1146905830.5499647,phase_noise,31249980.1,210000.0,300.0,10,31233030.1,-74.65097046
1000000000.0,1146905830.5499647,phase_noise,31249980.1,210000.0,300.0,10,31233180.1,-73.4934845
1000000000.0,1146905830.5499647,phase_noise,31249980.1,210000.0,300.0,10,31233330.1,-72.98685455
1000000000.0,1146905830.5499647,phase_noise,31249980.1,210000.0,300.0,10,31233480.1,-72.35639191
1000000000.0,1146905830.5499647,phase_noise,31249980.1,210000.0,300.0,10,31233630.1,-72.60366821
1000000000.0,1146905830.5499647,phase_noise,31249980.1,210000.0,300.0,10,31233780.1,-70.71735382
1000000000.0,1146905830.5499647,phase_noise,31249980.1,210000.0,300.0,10,31233930.1,-61.06531525
1000000000.0,1146905830.5499647,phase_noise,31249980.1,210000.0,300.0,10,31234080.1,-58.06175232
1000000000.0,1146905830.5499647,phase_noise,31249980.1,210000.0,300.0,10,31234230.1,-61.00587845
1000000000.0,1146905830.5499647,phase_noise,31249980.1,210000.0,300.0,10,31234380.1,-69.7155838
1000000000.0,1146905830.5499647,phase_noise,31249980.1,210000.0,300.0,10,31234530.1,-75.93891907
1000000000.0,1146905830.5499647,phase_noise,31249980.1,210000.0,300.0,10,31234680.1,-75.61882019
1000000000.0,1146905830.5499647,phase_noise,31249980.1,210000.0,300.0,10,31234830.1,-72.16866302
1000000000.0,1146905830.5499647,phase_noise,31249980.1,210000.0,300.0,10,31234980.1,-70.77149963
1000000000.0,1146905830.5499647,phase_noise,31249980.1,210000.0,300.0,10,31235130.1,-69.44338989
1000000000.0,1146905830.5499647,phase_noise,31249980.1,210000.0,300.0,10,31235280.1,-69.04614258
1000000000.0,1146905830.5499647,phase_noise,31249980.1,210000.0,300.0,10,31235430.1,-69.34277344
1000000000.0,1146905830.5499647,phase_noise,31249980.1,210000.0,300.0,10,31235580.1,-72.89611053
1000000000.0,1146905830.5499647,phase_noise,31249980.1,210000.0,300.0,10,31235730.1,-75.06269836
1000000000.0,1146905830.5499647,phase_noise,31249980.1,210000.0,300.0,10,31235880.1,-73.73429871
1000000000.0,1146905830.5499647,phase_noise,31249980.1,210000.0,300.0,10,31236030.1,-73.0799942
1000000000.0,1146905830.5499647,phase_noise,31249980.1,210000.0,300.0,10,31236180.1,-72.00385284
1000000000.0,1146905830.5499647,phase_noise,31249980.1,210000.0,300.0,10,31236330.1,-72.68508911
1000000000.0,1146905830.5499647,phase_noise,31249980.1,210000.0,300.0,10,31236480.1,-74.51918793
1000000000.0,1146905830.5499647,phase_noise,31249980.1,210000.0,300.0,10,31236630.1,-73.89161682
1000000000.0,1146905830.5499647,phase_noise,31249980.1,210000.0,300.0,10,31236780.1,-73.18055725
1000000000.0,1146905830.5499647,phase_noise,31249980.1,210000.0,300.0,10,31236930.1,-73.41316986
1000000000.0,1146905830.5499647,phase_noise,31249980.1,210000.0,300.0,10,31237080.1,-74.68182373
1000000000.0,1146905830.5499647,phase_noise,31249980.1,210000.0,300.0,10,31237230.1,-74.02630615
1000000000.0,1146905830.5499647,phase_noise,31249980.1,210000.0,300.0,10,31237380.1,-74.04211426
1000000000.0,1146905830.5499647,phase_noise,31249980.1,210000.0,300.0,10,31237530.1,-72.82131195
1000000000.0,1146905830.5499647,phase_noise,31249980.1,210000.0,300.0,10,31237680.1,-69.70555878
1000000000.0,1146905830.5499647,phase_noise,31249980.1,210000.0,300.0,10,31237830.1,-71.05086517
1000000000.0,1146905830.5499647,phase_noise,31249980.1,210000.0,300.0,10,31237980.1,-70.16182709
1000000000.0,1146905830.5499647,phase_noise,31249980.1,210000.0,300.0,10,31238130.1,-68.0929184
1000000000.0,1146905830.5499647,phase_noise,31249980.1,210000.0,300.0,10,31238280.1,-70.46043396
1000000000.0,1146905830.5499647,phase_noise,31249980.1,210000.0,300.0,10,31238430.1,-72.27597809
1000000000.0,1146905830.5499647,phase_noise,31249980.1,210000.0,300.0,10,31238580.1,-73.05704498
1000000000.0,1146905830.5499647,phase_noise,31249980.1,210000.0,300.0,10,31238730.1,-73.72148895
1000000000.0,1146905830.5499647,phase_noise,31249980.1,210000.0,300.0,10,31238880.1,-73.12354279
1000000000.0,1146905830.5499647,phase_noise,31249980.1,210000.0,300.0,10,31239030.1,-74.14086151
1000000000.0,1146905830.5499647,phase_noise,31249980.1,210000.0,300.0,10,31239180.1,-67.4890976
1000000000.0,1146905830.5499647,phase_noise,31249980.1,210000.0,300.0,10,31239330.1,-62.11786652
1000000000.0,1146905830.5499647,phase_noise,31249980.1,210000.0,300.0,10,31239480.1,-64.17188263
1000000000.0,1146905830.5499647,phase_noise,31249980.1,210000.0,300.0,10,31239630.1,-72.28156281
1000000000.0,1146905830.5499647,phase_noise,31249980.1,210000.0,300.0,10,31239780.1,-74.13334656
1000000000.0,1146905830.5499647,phase_noise,31249980.1,210000.0,300.0,10,31239930.1,-72.7276535
1000000000.0,1146905830.5499647,phase_noise,31249980.1,210000.0,300.0,10,31240080.1,-69.25849915
1000000000.0,1146905830.5499647,phase_noise,31249980.1,210000.0,300.0,10,31240230.1,-65.11676025
1000000000.0,1146905830.5499647,phase_noise,31249980.1,210000.0,300.0,10,31240380.1,-65.37463379
1000000000.0,1146905830.5499647,phase_noise,31249980.1,210000.0,300.0,10,31240530.1,-69.20024109
1000000000.0,1146905830.5499647,phase_noise,31249980.1,210000.0,300.0,10,31240680.1,-76.00909424
1000000000.0,1146905830.5499647,phase_noise,31249980.1,210000.0,300.0,10,31240830.1,-76.66832733
1000000000.0,1146905830.5499647,phase_noise,31249980.1,210000.0,300.0,10,31240980.1,-73.35025787
1000000000.0,1146905830.5499647,phase_noise,31249980.1,210000.0,300.0,10,31241130.1,-73.53787231
1000000000.0,1146905830.5499647,phase_noise,31249980.1,210000.0,300.0,10,31241280.1,-73.87915039
1000000000.0,1146905830.5499647,phase_noise,31249980.1,210000.0,300.0,10,31241430.1,-73.59741211
1000000000.0,1146905830.5499647,phase_noise,31249980.1,210000.0,300.0,10,31241580.1,-74.51126862
1000000000.0,1146905830.5499647,phase_noise,31249980.1,210000.0,300.0,10,31241730.1,-75.07073212
1000000000.0,1146905830.5499647,phase_noise,31249980.1,210000.0,300.0,10,31241880.1,-73.75845337
1000000000.0,1146905830.5499647,phase_noise,31249980.1,210000.0,300.0,10,31242030.1,-73.45225525
1000000000.0,1146905830.5499647,phase_noise,31249980.1,210000.0,300.0,10,31242180.1,-72.51482391
1000000000.0,1146905830.5499647,phase_noise,31249980.1,210000.0,300.0,10,31242330.1,-72.30395508
1000000000.0,1146905830.5499647,phase_noise,31249980.1,210000.0,300.0,10,31242480.1,-73.05130005
1000000000.0,1146905830.5499647,phase_noise,31249980.1,210000.0,300.0,10,31242630.1,-76.69968414
1000000000.0,1146905830.5499647,phase_noise,31249980.1,210000.0,300.0,10,31242780.1,-78.08985138
1000000000.0,1146905830.5499647,phase_noise,31249980.1,210000.0,300.0,10,31242930.1,-77.28664398
1000000000.0,1146905830.5499647,phase_noise,31249980.1,210000.0,300.0,10,31243080.1,-75.35217285
1000000000.0,1146905830.5499647,phase_noise,31249980.1,210000.0,300.0,10,31243230.1,-75.73516083
1000000000.0,1146905830.5499647,phase_noise,31249980.1,210000.0,300.0,10,31243380.1,-74.55342102
1000000000.0,1146905830.5499647,phase_noise,31249980.1,210000.0,300.0,10,31243530.1,-75.61129761
1000000000.0,1146905830.5499647,phase_noise,31249980.1,210000.0,300.0,10,31243680.1,-72.99330139
1000000000.0,1146905830.5499647,phase_noise,31249980.1,210000.0,300.0,10,31243830.1,-71.95799255
1000000000.0,1146905830.5499647,phase_noise,31249980.1,210000.0,300.0,10,31243980.1,-73.10553741
1000000000.0,1146905830.5499647,phase_noise,31249980.1,210000.0,300.0,10,31244130.1,-75.19509125
1000000000.0,1146905830.5499647,phase_noise,31249980.1,210000.0,300.0,10,31244280.1,-73.38181305
1000000000.0,1146905830.5499647,phase_noise,31249980.1,210000.0,300.0,10,31244430.1,-72.07142639
1000000000.0,1146905830.5499647,phase_noise,31249980.1,210000.0,300.0,10,31244580.1,-73.78240967
1000000000.0,1146905830.5499647,phase_noise,31249980.1,210000.0,300.0,10,31244730.1,-70.79993439
1000000000.0,1146905830.5499647,phase_noise,31249980.1,210000.0,300.0,10,31244880.1,-66.93574524
1000000000.0,1146905830.5499647,phase_noise,31249980.1,210000.0,300.0,10,31245030.1,-62.56181335
1000000000.0,1146905830.5499647,phase_noise,31249980.1,210000.0,300.0,10,31245180.1,-62.3188324
1000000000.0,1146905830.5499647,phase_noise,31249980.1,210000.0,300.0,10,31245330.1,-66.85139465
1000000000.0,1146905830.5499647,phase_noise,31249980.1,210000.0,300.0,10,31245480.1,-72.74581146
1000000000.0,1146905830.5499647,phase_noise,31249980.1,210000.0,300.0,10,31245630.1,-73.61795044
1000000000.0,1146905830.5499647,phase_noise,31249980.1,210000.0,300.0,10,31245780.1,-74.13681793
1000000000.0,1146905830.5499647,phase_noise,31249980.1,210000.0,300.0,10,31245930.1,-75.18595886
1000000000.0,1146905830.5499647,phase_noise,31249980.1,210000.0,300.0,10,31246080.1,-72.65428925
1000000000.0,1146905830.5499647,phase_noise,31249980.1,210000.0,300.0,10,31246230.1,-73.92486572
1000000000.0,1146905830.5499647,phase_noise,31249980.1,210000.0,300.0,10,31246380.1,-75.04782867
1000000000.0,1146905830.5499647,phase_noise,31249980.1,210000.0,300.0,10,31246530.1,-76.054245
1000000000.0,1146905830.5499647,phase_noise,31249980.1,210000.0,300.0,10,31246680.1,-75.55590057
1000000000.0,1146905830.5499647,phase_noise,31249980.1,210000.0,300.0,10,31246830.1,-75.54267883
1000000000.0,1146905830.5499647,phase_noise,31249980.1,210000.0,300.0,10,31246980.1,-76.81435394
1000000000.0,1146905830.5499647,phase_noise,31249980.1,210000.0,300.0,10,31247130.1,-75.39366913
1000000000.0,1146905830.5499647,phase_noise,31249980.1,210000.0,300.0,10,31247280.1,-71.31606293
1000000000.0,1146905830.5499647,phase_noise,31249980.1,210000.0,300.0,10,31247430.1,-69.26928711
1000000000.0,1146905830.5499647,phase_noise,31249980.1,210000.0,300.0,10,31247580.1,-70.5692749
1000000000.0,1146905830.5499647,phase_noise,31249980.1,210000.0,300.0,10,31247730.1,-76.11476135
1000000000.0,1146905830.5499647,phase_noise,31249980.1,210000.0,300.0,10,31247880.1,-72.91735077
1000000000.0,1146905830.5499647,phase_noise,31249980.1,210000.0,300.0,10,31248030.1,-73.02513123
1000000000.0,1146905830.5499647,phase_noise,31249980.1,210000.0,300.0,10,31248180.1,-73.18228149
1000000000.0,1146905830.5499647,phase_noise,31249980.1,210000.0,300.0,10,31248330.1,-70.98770905
1000000000.0,1146905830.5499647,phase_noise,31249980.1,210000.0,300.0,10,31248480.1,-71.82436371
1000000000.0,1146905830.5499647,phase_noise,31249980.1,210000.0,300.0,10,31248630.1,-74.69456482
1000000000.0,1146905830.5499647,phase_noise,31249980.1,210000.0,300.0,10,31248780.1,-74.58908081
1000000000.0,1146905830.5499647,phase_noise,31249980.1,210000.0,300.0,10,31248930.1,-73.13825226
1000000000.0,1146905830.5499647,phase_noise,31249980.1,210000.0,300.0,10,31249080.1,-71.88101196
1000000000.0,1146905830.5499647,phase_noise,31249980.1,210000.0,300.0,10,31249230.1,-74.63752747
1000000000.0,1146905830.5499647,phase_noise,31249980.1,210000.0,300.0,10,31249380.1,-53.68065643
1000000000.0,1146905830.5499647,phase_noise,31249980.1,210000.0,300.0,10,31249530.1,-24.59656525
1000000000.0,1146905830.5499647,phase_noise,31249980.1,210000.0,300.0,10,31249680.1,-9.825116158
1000000000.0,1146905830.5499647,phase_noise,31249980.1,210000.0,300.0,10,31249830.1,-2.85535574
1000000000.0,1146905830.5499647,phase_noise,31249980.1,210000.0,300.0,10,31249980.1,-2.09457016
1000000000.0,1146905830.5499647,phase_noise,31249980.1,210000.0,300.0,10,31250130.1,-7.398551941
1000000000.0,1146905830.5499647,phase_noise,31249980.1,210000.0,300.0,10,31250280.1,-19.88840675
1000000000.0,1146905830.5499647,phase_noise,31249980.1,210000.0,300.0,10,31250430.1,-43.85829926
1000000000.0,1146905830.5499647,phase_noise,31249980.1,210000.0,300.0,10,31250580.1,-74.76761627
1000000000.0,1146905830.5499647,phase_noise,31249980.1,210000.0,300.0,10,31250730.1,-76.34690857
1000000000.0,1146905830.5499647,phase_noise,31249980.1,210000.0,300.0,10,31250880.1,-77.47132874
1000000000.0,1146905830.5499647,phase_noise,31249980.1,210000.0,300.0,10,31251030.1,-75.31813049
1000000000.0,1146905830.5499647,phase_noise,31249980.1,210000.0,300.0,10,31251180.1,-76.88848114
1000000000.0,1146905830.5499647,phase_noise,31249980.1,210000.0,300.0,10,31251330.1,-73.73828888
1000000000.0,1146905830.5499647,phase_noise,31249980.1,210000.0,300.0,10,31251480.1,-71.51739502
1000000000.0,1146905830.5499647,phase_noise,31249980.1,210000.0,300.0,10,31251630.1,-71.05038452
1000000000.0,1146905830.5499647,phase_noise,31249980.1,210000.0,300.0,10,31251780.1,-73.83498383
1000000000.0,1146905830.5499647,phase_noise,31249980.1,210000.0,300.0,10,31251930.1,-75.07678986
1000000000.0,1146905830.5499647,phase_noise,31249980.1,210000.0,300.0,10,31252080.1,-74.06868744
1000000000.0,1146905830.5499647,phase_noise,31249980.1,210000.0,300.0,10,31252230.1,-71.11528015
1000000000.0,1146905830.5499647,phase_noise,31249980.1,210000.0,300.0,10,31252380.1,-69.8110199
1000000000.0,1146905830.5499647,phase_noise,31249980.1,210000.0,300.0,10,31252530.1,-70.32788086
1000000000.0,1146905830.5499647,phase_noise,31249980.1,210000.0,300.0,10,31252680.1,-75.40196991
1000000000.0,1146905830.5499647,phase_noise,31249980.1,210000.0,300.0,10,31252830.1,-76.14500427
1000000000.0,1146905830.5499647,phase_noise,31249980.1,210000.0,300.0,10,31252980.1,-73.35448456
1000000000.0,1146905830.5499647,phase_noise,31249980.1,210000.0,300.0,10,31253130.1,-72.40628815
1000000000.0,1146905830.5499647,phase_noise,31249980.1,210000.0,300.0,10,31253280.1,-73.14460754
1000000000.0,1146905830.5499647,phase_noise,31249980.1,210000.0,300.0,10,31253430.1,-74.76493835
1000000000.0,1146905830.5499647,phase_noise,31249980.1,210000.0,300.0,10,31253580.1,-74.29541016
1000000000.0,1146905830.5499647,phase_noise,31249980.1,210000.0,300.0,10,31253730.1,-73.07520294
1000000000.0,1146905830.5499647,phase_noise,31249980.1,210000.0,300.0,10,31253880.1,-73.19485474
1000000000.0,1146905830.5499647,phase_noise,31249980.1,210000.0,300.0,10,31254030.1,-74.1894989
1000000000.0,1146905830.5499647,phase_noise,31249980.1,210000.0,300.0,10,31254180.1,-73.76502991
1000000000.0,1146905830.5499647,phase_noise,31249980.1,210000.0,300.0,10,31254330.1,-72.27880096
1000000000.0,1146905830.5499647,phase_noise,31249980.1,210000.0,300.0,10,31254480.1,-68.31918335
1000000000.0,1146905830.5499647,phase_noise,31249980.1,210000.0,300.0,10,31254630.1,-62.94233322
1000000000.0,1146905830.5499647,phase_noise,31249980.1,210000.0,300.0,10,31254780.1,-61.81850433
1000000000.0,1146905830.5499647,phase_noise,31249980.1,210000.0,300.0,10,31254930.1,-65.84519958
1000000000.0,1146905830.5499647,phase_noise,31249980.1,210000.0,300.0,10,31255080.1,-70.83988953
1000000000.0,1146905830.5499647,phase_noise,31249980.1,210000.0,300.0,10,31255230.1,-73.29460144
1000000000.0,1146905830.5499647,phase_noise,31249980.1,210000.0,300.0,10,31255380.1,-71.94390106
1000000000.0,1146905830.5499647,phase_noise,31249980.1,210000.0,300.0,10,31255530.1,-73.09342957
1000000000.0,1146905830.5499647,phase_noise,31249980.1,210000.0,300.0,10,31255680.1,-73.56012726
1000000000.0,1146905830.5499647,phase_noise,31249980.1,210000.0,300.0,10,31255830.1,-73.39731598
1000000000.0,1146905830.5499647,phase_noise,31249980.1,210000.0,300.0,10,31255980.1,-73.23721313
1000000000.0,1146905830.5499647,phase_noise,31249980.1,210000.0,300.0,10,31256130.1,-73.54252625
1000000000.0,1146905830.5499647,phase_noise,31249980.1,210000.0,300.0,10,31256280.1,-74.21646118
1000000000.0,1146905830.5499647,phase_noise,31249980.1,210000.0,300.0,10,31256430.1,-75.62494659
1000000000.0,1146905830.5499647,phase_noise,31249980.1,210000.0,300.0,10,31256580.1,-77.30234528
1000000000.0,1146905830.5499647,phase_noise,31249980.1,210000.0,300.0,10,31256730.1,-75.94094086
1000000000.0,1146905830.5499647,phase_noise,31249980.1,210000.0,300.0,10,31256880.1,-78.10161591
1000000000.0,1146905830.5499647,phase_noise,31249980.1,210000.0,300.0,10,31257030.1,-77.7383728
1000000000.0,1146905830.5499647,phase_noise,31249980.1,210000.0,300.0,10,31257180.1,-76.37286377
1000000000.0,1146905830.5499647,phase_noise,31249980.1,210000.0,300.0,10,31257330.1,-76.64141083
1000000000.0,1146905830.5499647,phase_noise,31249980.1,210000.0,300.0,10,31257480.1,-73.49201202
1000000000.0,1146905830.5499647,phase_noise,31249980.1,210000.0,300.0,10,31257630.1,-73.10653687
1000000000.0,1146905830.5499647,phase_noise,31249980.1,210000.0,300.0,10,31257780.1,-72.72153473
1000000000.0,1146905830.5499647,phase_noise,31249980.1,210000.0,300.0,10,31257930.1,-72.44164276
1000000000.0,1146905830.5499647,phase_noise,31249980.1,210000.0,300.0,10,31258080.1,-71.17705536
1000000000.0,1146905830.5499647,phase_noise,31249980.1,210000.0,300.0,10,31258230.1,-73.27075195
1000000000.0,1146905830.5499647,phase_noise,31249980.1,210000.0,300.0,10,31258380.1,-72.63260651
1000000000.0,1146905830.5499647,phase_noise,31249980.1,210000.0,300.0,10,31258530.1,-73.19039154
1000000000.0,1146905830.5499647,phase_noise,31249980.1,210000.0,300.0,10,31258680.1,-75.86734772
1000000000.0,1146905830.5499647,phase_noise,31249980.1,210000.0,300.0,10,31258830.1,-73.48235321
1000000000.0,1146905830.5499647,phase_noise,31249980.1,210000.0,300.0,10,31258980.1,-73.93431091
1000000000.0,1146905830.5499647,phase_noise,31249980.1,210000.0,300.0,10,31259130.1,-73.32038879
1000000000.0,1146905830.5499647,phase_noise,31249980.1,210000.0,300.0,10,31259280.1,-69.47794342
1000000000.0,1146905830.5499647,phase_noise,31249980.1,210000.0,300.0,10,31259430.1,-65.92789459
1000000000.0,1146905830.5499647,phase_noise,31249980.1,210000.0,300.0,10,31259580.1,-64.42893982
1000000000.0,1146905830.5499647,phase_noise,31249980.1,210000.0,300.0,10,31259730.1,-67.04715729
1000000000.0,1146905830.5499647,phase_noise,31249980.1,210000.0,300.0,10,31259880.1,-72.61489105
1000000000.0,1146905830.5499647,phase_noise,31249980.1,210000.0,300.0,10,31260030.1,-74.17726135
1000000000.0,1146905830.5499647,phase_noise,31249980.1,210000.0,300.0,10,31260180.1,-74.22607422
1000000000.0,1146905830.5499647,phase_noise,31249980.1,210000.0,300.0,10,31260330.1,-66.01364136
1000000000.0,1146905830.5499647,phase_noise,31249980.1,210000.0,300.0,10,31260480.1,-62.56244659
1000000000.0,1146905830.5499647,phase_noise,31249980.1,210000.0,300.0,10,31260630.1,-65.53660583
1000000000.0,1146905830.5499647,phase_noise,31249980.1,210000.0,300.0,10,31260780.1,-70.39199829
1000000000.0,1146905830.5499647,phase_noise,31249980.1,210000.0,300.0,10,31260930.1,-71.77909088
1000000000.0,1146905830.5499647,phase_noise,31249980.1,210000.0,300.0,10,31261080.1,-71.37304687
1000000000.0,1146905830.5499647,phase_noise,31249980.1,210000.0,300.0,10,31261230.1,-75.49121857
1000000000.0,1146905830.5499647,phase_noise,31249980.1,210000.0,300.0,10,31261380.1,-72.5056839
1000000000.0,1146905830.5499647,phase_noise,31249980.1,210000.0,300.0,10,31261530.1,-71.22497559
1000000000.0,1146905830.5499647,phase_noise,31249980.1,210000.0,300.0,10,31261680.1,-68.69213104
1000000000.0,1146905830.5499647,phase_noise,31249980.1,210000.0,300.0,10,31261830.1,-70.45456696
1000000000.0,1146905830.5499647,phase_noise,31249980.1,210000.0,300.0,10,31261980.1,-73.3085556
1000000000.0,1146905830.5499647,phase_noise,31249980.1,210000.0,300.0,10,31262130.1,-70.68130493
1000000000.0,1146905830.5499647,phase_noise,31249980.1,210000.0,300.0,10,31262280.1,-70.93979645
1000000000.0,1146905830.5499647,phase_noise,31249980.1,210000.0,300.0,10,31262430.1,-72.67838287
1000000000.0,1146905830.5499647,phase_noise,31249980.1,210000.0,300.0,10,31262580.1,-73.26637268
1000000000.0,1146905830.5499647,phase_noise,31249980.1,210000.0,300.0,10,31262730.1,-72.77198029
1000000000.0,1146905830.5499647,phase_noise,31249980.1,210000.0,300.0,10,31262880.1,-71.47567749
1000000000.0,1146905830.5499647,phase_noise,31249980.1,210000.0,300.0,10,31263030.1,-73.48086548
1000000000.0,1146905830.5499647,phase_noise,31249980.1,210000.0,300.0,10,31263180.1,-77.65380096
1000000000.0,1146905830.5499647,phase_noise,31249980.1,210000.0,300.0,10,31263330.1,-75.6453476
1000000000.0,1146905830.5499647,phase_noise,31249980.1,210000.0,300.0,10,31263480.1,-73.25955963
1000000000.0,1146905830.5499647,phase_noise,31249980.1,210000.0,300.0,10,31263630.1,-71.9092865
1000000000.0,1146905830.5499647,phase_noise,31249980.1,210000.0,300.0,10,31263780.1,-71.55892181
1000000000.0,1146905830.5499647,phase_noise,31249980.1,210000.0,300.0,10,31263930.1,-74.0488205
1000000000.0,1146905830.5499647,phase_noise,31249980.1,210000.0,300.0,10,31264080.1,-73.71914673
1000000000.0,1146905830.5499647,phase_noise,31249980.1,210000.0,300.0,10,31264230.1,-71.27829742
1000000000.0,1146905830.5499647,phase_noise,31249980.1,210000.0,300.0,10,31264380.1,-68.63008881
1000000000.0,1146905830.5499647,phase_noise,31249980.1,210000.0,300.0,10,31264530.1,-69.21237183
1000000000.0,1146905830.5499647,phase_noise,31249980.1,210000.0,300.0,10,31264680.1,-70.57385254
1000000000.0,1146905830.5499647,phase_noise,31249980.1,210000.0,300.0,10,31264830.1,-71.65386963
1000000000.0,1146905830.5499647,phase_noise,31249980.1,210000.0,300.0,10,31264980.1,-71.13642883
1000000000.0,1146905830.5499647,phase_noise,31249980.1,210000.0,300.0,10,31265130.1,-71.52700806
1000000000.0,1146905830.5499647,phase_noise,31249980.1,210000.0,300.0,10,31265280.1,-74.99371338
1000000000.0,1146905830.5499647,phase_noise,31249980.1,210000.0,300.0,10,31265430.1,-73.93810272
1000000000.0,1146905830.5499647,phase_noise,31249980.1,210000.0,300.0,10,31265580.1,-62.61900711
1000000000.0,1146905830.5499647,phase_noise,31249980.1,210000.0,300.0,10,31265730.1,-58.10056305
1000000000.0,1146905830.5499647,phase_noise,31249980.1,210000.0,300.0,10,31265880.1,-59.49309158
1000000000.0,1146905830.5499647,phase_noise,31249980.1,210000.0,300.0,10,31266030.1,-67.08918762
1000000000.0,1146905830.5499647,phase_noise,31249980.1,210000.0,300.0,10,31266180.1,-75.48573303
1000000000.0,1146905830.5499647,phase_noise,31249980.1,210000.0,300.0,10,31266330.1,-75.09747314
1000000000.0,1146905830.5499647,phase_noise,31249980.1,210000.0,300.0,10,31266480.1,-73.30292511
1000000000.0,1146905830.5499647,phase_noise,31249980.1,210000.0,300.0,10,31266630.1,-72.93765259
1000000000.0,1146905830.5499647,phase_noise,31249980.1,210000.0,300.0,10,31266780.1,-73.21353912
1000000000.0,1146905830.5499647,phase_noise,31249980.1,210000.0,300.0,10,31266930.1,-75.2137146
1000000000.0,1146905830.5499647,phase_noise,31249980.1,210000.0,300.0,10,31267080.1,-78.46360779
1000000000.0,1146905830.5499647,phase_noise,31249980.1,210000.0,300.0,10,31267230.1,-75.39652252
1000000000.0,1146905830.5499647,phase_noise,31249980.1,210000.0,300.0,10,31267380.1,-73.95562744
1000000000.0,1146905830.5499647,phase_noise,31249980.1,210000.0,300.0,10,31267530.1,-75.75508881
1000000000.0,1146905830.5499647,phase_noise,31249980.1,210000.0,300.0,10,31267680.1,-75.22957611
1000000000.0,1146905830.5499647,phase_noise,31249980.1,210000.0,300.0,10,31267830.1,-74.23062134
1000000000.0,1146905830.5499647,phase_noise,31249980.1,210000.0,300.0,10,31267980.1,-72.97429657
1000000000.0,1146905830.5499647,phase_noise,31249980.1,210000.0,300.0,10,31268130.1,-73.74849701
1000000000.0,1146905830.5499647,phase_noise,31249980.1,210000.0,300.0,10,31268280.1,-73.77818298
1000000000.0,1146905830.5499647,phase_noise,31249980.1,210000.0,300.0,10,31268430.1,-72.36613464
1000000000.0,1146905830.5499647,phase_noise,31249980.1,210000.0,300.0,10,31268580.1,-72.28225708
1000000000.0,1146905830.5499647,phase_noise,31249980.1,210000.0,300.0,10,31268730.1,-72.8790741
1000000000.0,1146905830.5499647,phase_noise,31249980.1,210000.0,300.0,10,31268880.1,-76.30298615
1000000000.0,1146905830.5499647,phase_noise,31249980.1,210000.0,300.0,10,31269030.1,-72.5774765
1000000000.0,1146905830.5499647,phase_noise,31249980.1,210000.0,300.0,10,31269180.1,-69.68904877
1000000000.0,1146905830.5499647,phase_noise,31249980.1,210000.0,300.0,10,31269330.1,-69.46315002
1000000000.0,1146905830.5499647,phase_noise,31249980.1,210000.0,300.0,10,31269480.1,-71.78129578
1000000000.0,1146905830.5499647,phase_noise,31249980.1,210000.0,300.0,10,31269630.1,-69.74397278
1000000000.0,1146905830.5499647,phase_noise,31249980.1,210000.0,300.0,10,31269780.1,-71.64389801
1000000000.0,1146905830.5499647,phase_noise,31249980.1,210000.0,300.0,10,31269930.1,-73.2645874
1000000000.0,1146905830.5499647,phase_noise,31249980.1,210000.0,300.0,10,31270080.1,-71.89239502
1000000000.0,1146905830.5499647,phase_noise,31249980.1,210000.0,300.0,10,31270230.1,-73.95993042
1000000000.0,1146905830.5499647,phase_noise,31249980.1,210000.0,300.0,10,31270380.1,-76.572052
1000000000.0,1146905830.5499647,phase_noise,31249980.1,210000.0,300.0,10,31270530.1,-74.49980164
1000000000.0,1146905830.5499647,phase_noise,31249980.1,210000.0,300.0,10,31270680.1,-75.63127899
1000000000.0,1146905830.5499647,phase_noise,31249980.1,210000.0,300.0,10,31270830.1,-75.72105408
1000000000.0,1146905830.5499647,phase_noise,31249980.1,210000.0,300.0,10,31270980.1,-73.14678192
1000000000.0,1146905830.5499647,phase_noise,31249980.1,210000.0,300.0,10,31271130.1,-74.81063843
1000000000.0,1146905830.5499647,phase_noise,31249980.1,210000.0,300.0,10,31271280.1,-75.08116913
1000000000.0,1146905830.5499647,phase_noise,31249980.1,210000.0,300.0,10,31271430.1,-73.48152161
1000000000.0,1146905830.5499647,phase_noise,31249980.1,210000.0,300.0,10,31271580.1,-76.60079193
1000000000.0,1146905830.5499647,phase_noise,31249980.1,210000.0,300.0,10,31271730.1,-73.87729645
1000000000.0,1146905830.5499647,phase_noise,31249980.1,210000.0,300.0,10,31271880.1,-73.64266968
1000000000.0,1146905830.5499647,phase_noise,31249980.1,210000.0,300.0,10,31272030.1,-71.58685303
1000000000.0,1146905830.5499647,phase_noise,31249980.1,210000.0,300.0,10,31272180.1,-71.11381531
1000000000.0,1146905830.5499647,phase_noise,31249980.1,210000.0,300.0,10,31272330.1,-71.94734955
1000000000.0,1146905830.5499647,phase_noise,31249980.1,210000.0,300.0,10,31272480.1,-71.91807556
1000000000.0,1146905830.5499647,phase_noise,31249980.1,210000.0,300.0,10,31272630.1,-70.12034607
1000000000.0,1146905830.5499647,phase_noise,31249980.1,210000.0,300.0,10,31272780.1,-70.32689667
1000000000.0,1146905830.5499647,phase_noise,31249980.1,210000.0,300.0,10,31272930.1,-72.76727295
1000000000.0,1146905830.5499647,phase_noise,31249980.1,210000.0,300.0,10,31273080.1,-74.71472931
1000000000.0,1146905830.5499647,phase_noise,31249980.1,210000.0,300.0,10,31273230.1,-75.55928802
1000000000.0,1146905830.5499647,phase_noise,31249980.1,210000.0,300.0,10,31273380.1,-73.70131683
1000000000.0,1146905830.5499647,phase_noise,31249980.1,210000.0,300.0,10,31273530.1,-75.07706451
1000000000.0,1146905830.5499647,phase_noise,31249980.1,210000.0,300.0,10,31273680.1,-76.10282898
1000000000.0,1146905830.5499647,phase_noise,31249980.1,210000.0,300.0,10,31273830.1,-78.15000916
1000000000.0,1146905830.5499647,phase_noise,31249980.1,210000.0,300.0,10,31273980.1,-74.24006653
1000000000.0,1146905830.5499647,phase_noise,31249980.1,210000.0,300.0,10,31274130.1,-76.33214569
1000000000.0,1146905830.5499647,phase_noise,31249980.1,210000.0,300.0,10,31274280.1,-67.81719971
1000000000.0,1146905830.5499647,phase_noise,31249980.1,210000.0,300.0,10,31274430.1,-66.11590576
1000000000.0,1146905830.5499647,phase_noise,31249980.1,210000.0,300.0,10,31274580.1,-69.38024139
1000000000.0,1146905830.5499647,phase_noise,31249980.1,210000.0,300.0,10,31274730.1,-73.54486084
1000000000.0,1146905830.5499647,phase_noise,31249980.1,210000.0,300.0,10,31274880.1,-73.48788452
1000000000.0,1146905830.5499647,phase_noise,31249980.1,210000.0,300.0,10,31275030.1,-71.84448242
1000000000.0,1146905830.5499647,phase_noise,31249980.1,210000.0,300.0,10,31275180.1,-73.37473297
1000000000.0,1146905830.5499647,phase_noise,31249980.1,210000.0,300.0,10,31275330.1,-71.60266876
1000000000.0,1146905830.5499647,phase_noise,31249980.1,210000.0,300.0,10,31275480.1,-72.1341629
1000000000.0,1146905830.5499647,phase_noise,31249980.1,210000.0,300.0,10,31275630.1,-73.44289398
1000000000.0,1146905830.5499647,phase_noise,31249980.1,210000.0,300.0,10,31275780.1,-71.78987885
1000000000.0,1146905830.5499647,phase_noise,31249980.1,210000.0,300.0,10,31275930.1,-70.46653748
1000000000.0,1146905830.5499647,phase_noise,31249980.1,210000.0,300.0,10,31276080.1,-71.5962677
1000000000.0,1146905830.5499647,phase_noise,31249980.1,210000.0,300.0,10,31276230.1,-72.10839844
1000000000.0,1146905830.5499647,phase_noise,31249980.1,210000.0,300.0,10,31276380.1,-71.69772339
1000000000.0,1146905830.5499647,phase_noise,31249980.1,210000.0,300.0,10,31276530.1,-70.89008331
1000000000.0,1146905830.5499647,phase_noise,31249980.1,210000.0,300.0,10,31276680.1,-72.38586426
1000000000.0,1146905830.5499647,phase_noise,31249980.1,210000.0,300.0,10,31276830.1,-76.17637634
1000000000.0,1146905830.5499647,phase_noise,31249980.1,210000.0,300.0,10,31276980.1,-78.87174225
1000000000.0,1146905830.5499647,phase_noise,31249980.1,210000.0,300.0,10,31277130.1,-79.41703796
1000000000.0,1146905830.5499647,phase_noise,31249980.1,210000.0,300.0,10,31277280.1,-76.06312561
1000000000.0,1146905830.5499647,phase_noise,31249980.1,210000.0,300.0,10,31277430.1,-73.44633484
1000000000.0,1146905830.5499647,phase_noise,31249980.1,210000.0,300.0,10,31277580.1,-72.66724396
1000000000.0,1146905830.5499647,phase_noise,31249980.1,210000.0,300.0,10,31277730.1,-71.75955963
1000000000.0,1146905830.5499647,phase_noise,31249980.1,210000.0,300.0,10,31277880.1,-73.56967163
1000000000.0,1146905830.5499647,phase_noise,31249980.1,210000.0,300.0,10,31278030.1,-75.81067657
1000000000.0,1146905830.5499647,phase_noise,31249980.1,210000.0,300.0,10,31278180.1,-72.94770813
1000000000.0,1146905830.5499647,phase_noise,31249980.1,210000.0,300.0,10,31278330.1,-73.25872803
1000000000.0,1146905830.5499647,phase_noise,31249980.1,210000.0,300.0,10,31278480.1,-72.7286911
1000000000.0,1146905830.5499647,phase_noise,31249980.1,210000.0,300.0,10,31278630.1,-72.67410278
1000000000.0,1146905830.5499647,phase_noise,31249980.1,210000.0,300.0,10,31278780.1,-72.12561035
1000000000.0,1146905830.5499647,phase_noise,31249980.1,210000.0,300.0,10,31278930.1,-69.85351562
1000000000.0,1146905830.5499647,phase_noise,31249980.1,210000.0,300.0,10,31279080.1,-66.23801422
1000000000.0,1146905830.5499647,phase_noise,31249980.1,210000.0,300.0,10,31279230.1,-65.39639282
1000000000.0,1146905830.5499647,phase_noise,31249980.1,210000.0,300.0,10,31279380.1,-68.29261017
1000000000.0,1146905830.5499647,phase_noise,31249980.1,210000.0,300.0,10,31279530.1,-69.16397095
1000000000.0,1146905830.5499647,phase_noise,31249980.1,210000.0,300.0,10,31279680.1,-73.08119202
1000000000.0,1146905830.5499647,phase_noise,31249980.1,210000.0,300.0,10,31279830.1,-75.3167572
1000000000.0,1146905830.5499647,phase_noise,31249980.1,210000.0,300.0,10,31279980.1,-75.93187714
1000000000.0,1146905830.5499647,phase_noise,31249980.1,210000.0,300.0,10,31280130.1,-75.99666595
1000000000.0,1146905830.5499647,phase_noise,31249980.1,210000.0,300.0,10,31280280.1,-72.46006012
1000000000.0,1146905830.5499647,phase_noise,31249980.1,210000.0,300.0,10,31280430.1,-73.88606262
1000000000.0,1146905830.5499647,phase_noise,31249980.1,210000.0,300.0,10,31280580.1,-76.62298584
1000000000.0,1146905830.5499647,phase_noise,31249980.1,210000.0,300.0,10,31280730.1,-74.87030029
1000000000.0,1146905830.5499647,phase_noise,31249980.1,210000.0,300.0,10,31280880.1,-76.1542511
1000000000.0,1146905830.5499647,phase_noise,31249980.1,210000.0,300.0,10,31281030.1,-73.98957062
1000000000.0,1146905830.5499647,phase_noise,31249980.1,210000.0,300.0,10,31281180.1,-72.03360748
1000000000.0,1146905830.5499647,phase_noise,31249980.1,210000.0,300.0,10,31281330.1,-72.86253357
1000000000.0,1146905830.5499647,phase_noise,31249980.1,210000.0,300.0,10,31281480.1,-73.16014099
1000000000.0,1146905830.5499647,phase_noise,31249980.1,210000.0,300.0,10,31281630.1,-73.2040329
1000000000.0,1146905830.5499647,phase_noise,31249980.1,210000.0,300.0,10,31281780.1,-72.06369781
1000000000.0,1146905830.5499647,phase_noise,31249980.1,210000.0,300.0,10,31281930.1,-73.40732574
1000000000.0,1146905830.5499647,phase_noise,31249980.1,210000.0,300.0,10,31282080.1,-73.95885468
1000000000.0,1146905830.5499647,phase_noise,31249980.1,210000.0,300.0,10,31282230.1,-74.2614212
1000000000.0,1146905830.5499647,phase_noise,31249980.1,210000.0,300.0,10,31282380.1,-72.28100586
1000000000.0,1146905830.5499647,phase_noise,31249980.1,210000.0,300.0,10,31282530.1,-72.29052734
1000000000.0,1146905830.5499647,phase_noise,31249980.1,210000.0,300.0,10,31282680.1,-71.34340668
1000000000.0,1146905830.5499647,phase_noise,31249980.1,210000.0,300.0,10,31282830.1,-72.38964844
1000000000.0,1146905830.5499647,phase_noise,31249980.1,210000.0,300.0,10,31282980.1,-72.40358734
1000000000.0,1146905830.5499647,phase_noise,31249980.1,210000.0,300.0,10,31283130.1,-70.78918457
1000000000.0,1146905830.5499647,phase_noise,31249980.1,210000.0,300.0,10,31283280.1,-70.69063568
1000000000.0,1146905830.5499647,phase_noise,31249980.1,210000.0,300.0,10,31283430.1,-71.57434082
1000000000.0,1146905830.5499647,phase_noise,31249980.1,210000.0,300.0,10,31283580.1,-75.94615936
1000000000.0,1146905830.5499647,phase_noise,31249980.1,210000.0,300.0,10,31283730.1,-73.62818146
1000000000.0,1146905830.5499647,phase_noise,31249980.1,210000.0,300.0,10,31283880.1,-69.81778717
1000000000.0,1146905830.5499647,phase_noise,31249980.1,210000.0,300.0,10,31284030.1,-67.83947754
1000000000.0,1146905830.5499647,phase_noise,31249980.1,210000.0,300.0,10,31284180.1,-68.80808258
1000000000.0,1146905830.5499647,phase_noise,31249980.1,210000.0,300.0,10,31284330.1,-70.67507172
1000000000.0,1146905830.5499647,phase_noise,31249980.1,210000.0,300.0,10,31284480.1,-69.77953339
1000000000.0,1146905830.5499647,phase_noise,31249980.1,210000.0,300.0,10,31284630.1,-71.22133636
1000000000.0,1146905830.5499647,phase_noise,31249980.1,210000.0,300.0,10,31284780.1,-73.43014526
1000000000.0,1146905830.5499647,phase_noise,31249980.1,210000.0,300.0,10,31284930.1,-70.7877655
1000000000.0,1146905830.5499647,phase_noise,31249980.1,210000.0,300.0,10,31285080.1,-69.81073761
1000000000.0,1146905830.5499647,phase_noise,31249980.1,210000.0,300.0,10,31285230.1,-71.32090759
1000000000.0,1146905830.5499647,phase_noise,31249980.1,210000.0,300.0,10,31285380.1,-72.75650024
1000000000.0,1146905830.5499647,phase_noise,31249980.1,210000.0,300.0,10,31285530.1,-71.71781158
1000000000.0,1146905830.5499647,phase_noise,31249980.1,210000.0,300.0,10,31285680.1,-71.63566589
1000000000.0,1146905830.5499647,phase_noise,31249980.1,210000.0,300.0,10,31285830.1,-70.49356079
1000000000.0,1146905830.5499647,phase_noise,31249980.1,210000.0,300.0,10,31285980.1,-69.71976471
1000000000.0,1146905830.5499647,phase_noise,31249980.1,210000.0,300.0,10,31286130.1,-71.50661469
1000000000.0,1146905830.5499647,phase_noise,31249980.1,210000.0,300.0,10,31286280.1,-72.64651489
1000000000.0,1146905830.5499647,phase_noise,31249980.1,210000.0,300.0,10,31286430.1,-71.21053314
1000000000.0,1146905830.5499647,phase_noise,31249980.1,210000.0,300.0,10,31286580.1,-71.4495163
1000000000.0,1146905830.5499647,phase_noise,31249980.1,210000.0,300.0,10,31286730.1,-70.0018158
1000000000.0,1146905830.5499647,phase_noise,31249980.1,210000.0,300.0,10,31286880.1,-69.88024139
1000000000.0,1146905830.5499647,phase_noise,31249980.1,210000.0,300.0,10,31287030.1,-70.40296936
1000000000.0,1146905830.5499647,phase_noise,31249980.1,210000.0,300.0,10,31287180.1,-71.53871155
1000000000.0,1146905830.5499647,phase_noise,31249980.1,210000.0,300.0,10,31287330.1,-72.59461212
1000000000.0,1146905830.5499647,phase_noise,31249980.1,210000.0,300.0,10,31287480.1,-69.8200531
1000000000.0,1146905830.5499647,phase_noise,31249980.1,210000.0,300.0,10,31287630.1,-68.38584137
1000000000.0,1146905830.5499647,phase_noise,31249980.1,210000.0,300.0,10,31287780.1,-69.25025177
1000000000.0,1146905830.5499647,phase_noise,31249980.1,210000.0,300.0,10,31287930.1,-70.51441956
1000000000.0,1146905830.5499647,phase_noise,31249980.1,210000.0,300.0,10,31288080.1,-68.99863434
1000000000.0,1146905830.5499647,phase_noise,31249980.1,210000.0,300.0,10,31288230.1,-69.73402405
1000000000.0,1146905830.5499647,phase_noise,31249980.1,210000.0,300.0,10,31288380.1,-72.52444458
1000000000.0,1146905830.5499647,phase_noise,31249980.1,210000.0,300.0,10,31288530.1,-71.03464508
1000000000.0,1146905830.5499647,phase_noise,31249980.1,210000.0,300.0,10,31288680.1,-70.17064667
1000000000.0,1146905830.5499647,phase_noise,31249980.1,210000.0,300.0,10,31288830.1,-66.94953918
1000000000.0,1146905830.5499647,phase_noise,31249980.1,210000.0,300.0,10,31288980.1,-66.04245758
1000000000.0,1146905830.5499647,phase_noise,31249980.1,210000.0,300.0,10,31289130.1,-66.31443787
1000000000.0,1146905830.5499647,phase_noise,31249980.1,210000.0,300.0,10,31289280.1,-68.25030518
1000000000.0,1146905830.5499647,phase_noise,31249980.1,210000.0,300.0,10,31289430.1,-69.32761383
1000000000.0,1146905830.5499647,phase_noise,31249980.1,210000.0,300.0,10,31289580.1,-70.30600739
1000000000.0,1146905830.5499647,phase_noise,31249980.1,210000.0,300.0,10,31289730.1,-70.48899841
1000000000.0,1146905830.5499647,phase_noise,31249980.1,210000.0,300.0,10,31289880.1,-70.59687805
1000000000.0,1146905830.5499647,phase_noise,31249980.1,210000.0,300.0,10,31290030.1,-69.90758514
1000000000.0,1146905830.5499647,phase_noise,31249980.1,210000.0,300.0,10,31290180.1,-70.81999207
1000000000.0,1146905830.5499647,phase_noise,31249980.1,210000.0,300.0,10,31290330.1,-72.07524872
1000000000.0,1146905830.5499647,phase_noise,31249980.1,210000.0,300.0,10,31290480.1,-75.95127869
1000000000.0,1146905830.5499647,phase_noise,31249980.1,210000.0,300.0,10,31290630.1,-73.7529068
1000000000.0,1146905830.5499647,phase_noise,31249980.1,210000.0,300.0,10,31290780.1,-70.01091003
1000000000.0,1146905830.5499647,phase_noise,31249980.1,210000.0,300.0,10,31290930.1,-69.86721039
1000000000.0,1146905830.5499647,phase_noise,31249980.1,210000.0,300.0,10,31291080.1,-72.32518005
1000000000.0,1146905830.5499647,phase_noise,31249980.1,210000.0,300.0,10,31291230.1,-69.83249664
1000000000.0,1146905830.5499647,phase_noise,31249980.1,210000.0,300.0,10,31291380.1,-70.76052094
1000000000.0,1146905830.5499647,phase_noise,31249980.1,210000.0,300.0,10,31291530.1,-71.76179504
1000000000.0,1146905830.5499647,phase_noise,31249980.1,210000.0,300.0,10,31291680.1,-69.17519379
1000000000.0,1146905830.5499647,phase_noise,31249980.1,210000.0,300.0,10,31291830.1,-69.3948822
1000000000.0,1146905830.5499647,phase_noise,31249980.1,210000.0,300.0,10,31291980.1,-68.20515442
1000000000.0,1146905830.5499647,phase_noise,31249980.1,210000.0,300.0,10,31292130.1,-68.40315247
1000000000.0,1146905830.5499647,phase_noise,31249980.1,210000.0,300.0,10,31292280.1,-71.86525726
1000000000.0,1146905830.5499647,phase_noise,31249980.1,210000.0,300.0,10,31292430.1,-74.71548462
1000000000.0,1146905830.5499647,phase_noise,31249980.1,210000.0,300.0,10,31292580.1,-75.30670929
1000000000.0,1146905830.5499647,phase_noise,31249980.1,210000.0,300.0,10,31292730.1,-73.04949951
1000000000.0,1146905830.5499647,phase_noise,31249980.1,210000.0,300.0,10,31292880.1,-69.73067474
1000000000.0,1146905830.5499647,phase_noise,31249980.1,210000.0,300.0,10,31293030.1,-68.97284698
1000000000.0,1146905830.5499647,phase_noise,31249980.1,210000.0,300.0,10,31293180.1,-70.90888977
1000000000.0,1146905830.5499647,phase_noise,31249980.1,210000.0,300.0,10,31293330.1,-69.22859192
1000000000.0,1146905830.5499647,phase_noise,31249980.1,210000.0,300.0,10,31293480.1,-71.66888428
1000000000.0,1146905830.5499647,phase_noise,31249980.1,210000.0,300.0,10,31293630.1,-68.93084717
1000000000.0,1146905830.5499647,phase_noise,31249980.1,210000.0,300.0,10,31293780.1,-70.06951904
1000000000.0,1146905830.5499647,phase_noise,31249980.1,210000.0,300.0,10,31293930.1,-70.77484131
1000000000.0,1146905830.5499647,phase_noise,31249980.1,210000.0,300.0,10,31294080.1,-69.51332092
1000000000.0,1146905830.5499647,phase_noise,31249980.1,210000.0,300.0,10,31294230.1,-71.35249329
1000000000.0,1146905830.5499647,phase_noise,31249980.1,210000.0,300.0,10,31294380.1,-68.98817444
1000000000.0,1146905830.5499647,phase_noise,31249980.1,210000.0,300.0,10,31294530.1,-68.02014923
1000000000.0,1146905830.5499647,phase_noise,31249980.1,210000.0,300.0,10,31294680.1,-70.13222504
1000000000.0,1146905830.5499647,phase_noise,31249980.1,210000.0,300.0,10,31294830.1,-72.04255676
1000000000.0,1146905830.5499647,phase_noise,31249980.1,210000.0,300.0,10,31294980.1,-69.89160156
1000000000.0,1146905830.5499647,phase_noise,31249980.1,210000.0,300.0,10,31295130.1,-67.69529724
1000000000.0,1146905830.5499647,phase_noise,31249980.1,210000.0,300.0,10,31295280.1,-68.30607605
1000000000.0,1146905830.5499647,phase_noise,31249980.1,210000.0,300.0,10,31295430.1,-68.92054749
1000000000.0,1146905830.5499647,phase_noise,31249980.1,210000.0,300.0,10,31295580.1,-70.07093048
1000000000.0,1146905830.5499647,phase_noise,31249980.1,210000.0,300.0,10,31295730.1,-70.02953339
1000000000.0,1146905830.5499647,phase_noise,31249980.1,210000.0,300.0,10,31295880.1,-69.77433777
1000000000.0,1146905830.5499647,phase_noise,31249980.1,210000.0,300.0,10,31296030.1,-71.38368988
1000000000.0,1146905830.5499647,phase_noise,31249980.1,210000.0,300.0,10,31296180.1,-71.95315552
1000000000.0,1146905830.5499647,phase_noise,31249980.1,210000.0,300.0,10,31296330.1,-73.26130676
1000000000.0,1146905830.5499647,phase_noise,31249980.1,210000.0,300.0,10,31296480.1,-72.07329559
1000000000.0,1146905830.5499647,phase_noise,31249980.1,210000.0,300.0,10,31296630.1,-73.3403244
1000000000.0,1146905830.5499647,phase_noise,31249980.1,210000.0,300.0,10,31296780.1,-73.4317627
1000000000.0,1146905830.5499647,phase_noise,31249980.1,210000.0,300.0,10,31296930.1,-71.98138428
1000000000.0,1146905830.5499647,phase_noise,31249980.1,210000.0,300.0,10,31297080.1,-73.29561615
1000000000.0,1146905830.5499647,phase_noise,31249980.1,210000.0,300.0,10,31297230.1,-73.512146
1000000000.0,1146905830.5499647,phase_noise,31249980.1,210000.0,300.0,10,31297380.1,-74.13411713
1000000000.0,1146905830.5499647,phase_noise,31249980.1,210000.0,300.0,10,31297530.1,-74.13446045
1000000000.0,1146905830.5499647,phase_noise,31249980.1,210000.0,300.0,10,31297680.1,-72.7929306
1000000000.0,1146905830.5499647,phase_noise,31249980.1,210000.0,300.0,10,31297830.1,-71.24885559
1000000000.0,1146905830.5499647,phase_noise,31249980.1,210000.0,300.0,10,31297980.1,-71.32024384
1000000000.0,1146905830.5499647,phase_noise,31249980.1,210000.0,300.0,10,31298130.1,-73.40164185
1000000000.0,1146905830.5499647,phase_noise,31249980.1,210000.0,300.0,10,31298280.1,-71.30287933
1000000000.0,1146905830.5499647,phase_noise,31249980.1,210000.0,300.0,10,31298430.1,-68.4493866
1000000000.0,1146905830.5499647,phase_noise,31249980.1,210000.0,300.0,10,31298580.1,-69.17798615
1000000000.0,1146905830.5499647,phase_noise,31249980.1,210000.0,300.0,10,31298730.1,-69.66188049
1000000000.0,1146905830.5499647,phase_noise,31249980.1,210000.0,300.0,10,31298880.1,-70.12398529
1000000000.0,1146905830.5499647,phase_noise,31249980.1,210000.0,300.0,10,31299030.1,-70.78627014
1000000000.0,1146905830.5499647,phase_noise,31249980.1,210000.0,300.0,10,31299180.1,-75.42922211
1000000000.0,1146905830.5499647,phase_noise,31249980.1,210000.0,300.0,10,31299330.1,-71.63179779
1000000000.0,1146905830.5499647,phase_noise,31249980.1,210000.0,300.0,10,31299480.1,-68.82093048
1000000000.0,1146905830.5499647,phase_noise,31249980.1,210000.0,300.0,10,31299630.1,-70.94177246
1000000000.0,1146905830.5499647,phase_noise,31249980.1,210000.0,300.0,10,31299780.1,-71.4026947
1000000000.0,1146905830.5499647,phase_noise,31249980.1,210000.0,300.0,10,31299930.1,-69.58442688
1000000000.0,1146905830.5499647,phase_noise,31249980.1,210000.0,300.0,10,31300080.1,-69.54535675
1000000000.0,1146905830.5499647,phase_noise,31249980.1,210000.0,300.0,10,31300230.1,-72.61488342
1000000000.0,1146905830.5499647,phase_noise,31249980.1,210000.0,300.0,10,31300380.1,-69.65170288
1000000000.0,1146905830.5499647,phase_noise,31249980.1,210000.0,300.0,10,31300530.1,-70.59902954
1000000000.0,1146905830.5499647,phase_noise,31249980.1,210000.0,300.0,10,31300680.1,-74.13642883
1000000000.0,1146905830.5499647,phase_noise,31249980.1,210000.0,300.0,10,31300830.1,-73.41451263
1000000000.0,1146905830.5499647,phase_noise,31249980.1,210000.0,300.0,10,31300980.1,-73.04038239
1000000000.0,1146905830.5499647,phase_noise,31249980.1,210000.0,300.0,10,31301130.1,-69.75630188
1000000000.0,1146905830.5499647,phase_noise,31249980.1,210000.0,300.0,10,31301280.1,-67.86798096
1000000000.0,1146905830.5499647,phase_noise,31249980.1,210000.0,300.0,10,31301430.1,-67.64163208
1000000000.0,1146905830.5499647,phase_noise,31249980.1,210000.0,300.0,10,31301580.1,-68.40126038
1000000000.0,1146905830.5499647,phase_noise,31249980.1,210000.0,300.0,10,31301730.1,-66.59896851
1000000000.0,1146905830.5499647,phase_noise,31249980.1,210000.0,300.0,10,31301880.1,-66.904953
1000000000.0,1146905830.5499647,phase_noise,31249980.1,210000.0,300.0,10,31302030.1,-68.34962463
1000000000.0,1146905830.5499647,phase_noise,31249980.1,210000.0,300.0,10,31302180.1,-69.85852814
1000000000.0,1146905830.5499647,phase_noise,31249980.1,210000.0,300.0,10,31302330.1,-69.05043793
1000000000.0,1146905830.5499647,phase_noise,31249980.1,210000.0,300.0,10,31302480.1,-66.84375
1000000000.0,1146905830.5499647,phase_noise,31249980.1,210000.0,300.0,10,31302630.1,-67.54048157
1000000000.0,1146905830.5499647,phase_noise,31249980.1,210000.0,300.0,10,31302780.1,-69.09784698
1000000000.0,1146905830.5499647,phase_noise,31249980.1,210000.0,300.0,10,31302930.1,-68.00308228
1000000000.0,1146905830.5499647,phase_noise,31249980.1,210000.0,300.0,10,31303080.1,-68.66460419
1000000000.0,1146905830.5499647,phase_noise,31249980.1,210000.0,300.0,10,31303230.1,-69.90364075
1000000000.0,1146905830.5499647,phase_noise,31249980.1,210000.0,300.0,10,31303380.1,-69.55565643
1000000000.0,1146905830.5499647,phase_noise,31249980.1,210000.0,300.0,10,31303530.1,-67.73448181
1000000000.0,1146905830.5499647,phase_noise,31249980.1,210000.0,300.0,10,31303680.1,-67.23406982
1000000000.0,1146905830.5499647,phase_noise,31249980.1,210000.0,300.0,10,31303830.1,-66.56391907
1000000000.0,1146905830.5499647,phase_noise,31249980.1,210000.0,300.0,10,31303980.1,-67.08044434
1000000000.0,1146905830.5499647,phase_noise,31249980.1,210000.0,300.0,10,31304130.1,-67.45910645
1000000000.0,1146905830.5499647,phase_noise,31249980.1,210000.0,300.0,10,31304280.1,-70.5125885
1000000000.0,1146905830.5499647,phase_noise,31249980.1,210000.0,300.0,10,31304430.1,-73.03630829
1000000000.0,1146905830.5499647,phase_noise,31249980.1,210000.0,300.0,10,31304580.1,-71.35633087
1000000000.0,1146905830.5499647,phase_noise,31249980.1,210000.0,300.0,10,31304730.1,-73.38909149
1000000000.0,1146905830.5499647,phase_noise,31249980.1,210000.0,300.0,10,31304880.1,-79.74198151
1000000000.0,1146905830.5499647,phase_noise,31249980.1,210000.0,300.0,10,31305030.1,-78.61782837
1000000000.0,1146905830.5499647,phase_noise,31249980.1,210000.0,300.0,10,31305180.1,-77.92896271
1000000000.0,1146905830.5499647,phase_noise,31249980.1,210000.0,300.0,10,31305330.1,-75.46912384
1000000000.0,1146905830.5499647,phase_noise,31249980.1,210000.0,300.0,10,31305480.1,-72.35565948
1000000000.0,1146905830.5499647,phase_noise,31249980.1,210000.0,300.0,10,31305630.1,-73.57939148
1000000000.0,1146905830.5499647,phase_noise,31249980.1,210000.0,300.0,10,31305780.1,-73.96562195
1000000000.0,1146905830.5499647,phase_noise,31249980.1,210000.0,300.0,10,31305930.1,-70.22216034
1000000000.0,1146905830.5499647,phase_noise,31249980.1,210000.0,300.0,10,31306080.1,-67.1352005
1000000000.0,1146905830.5499647,phase_noise,31249980.1,210000.0,300.0,10,31306230.1,-66.38887787
1000000000.0,1146905830.5499647,phase_noise,31249980.1,210000.0,300.0,10,31306380.1,-68.22509003
1000000000.0,1146905830.5499647,phase_noise,31249980.1,210000.0,300.0,10,31306530.1,-69.19179535
1000000000.0,1146905830.5499647,phase_noise,31249980.1,210000.0,300.0,10,31306680.1,-69.60236359
1000000000.0,1146905830.5499647,phase_noise,31249980.1,210000.0,300.0,10,31306830.1,-69.33402252
1000000000.0,1146905830.5499647,phase_noise,31249980.1,210000.0,300.0,10,31306980.1,-62.28222656
1000000000.0,1146905830.5499647,phase_noise,31249980.1,210000.0,300.0,10,31307130.1,-61.82341385
1000000000.0,1146905830.5499647,phase_noise,31249980.1,210000.0,300.0,10,31307280.1,-65.76754761
1000000000.0,1146905830.5499647,phase_noise,31249980.1,210000.0,300.0,10,31307430.1,-72.75681305
1000000000.0,1146905830.5499647,phase_noise,31249980.1,210000.0,300.0,10,31307580.1,-71.56742859
1000000000.0,1146905830.5499647,phase_noise,31249980.1,210000.0,300.0,10,31307730.1,-71.36199951
1000000000.0,1146905830.5499647,phase_noise,31249980.1,210000.0,300.0,10,31307880.1,-71.3638916
1000000000.0,1146905830.5499647,phase_noise,31249980.1,210000.0,300.0,10,31308030.1,-70.92471313
1000000000.0,1146905830.5499647,phase_noise,31249980.1,210000.0,300.0,10,31308180.1,-69.25092316
1000000000.0,1146905830.5499647,phase_noise,31249980.1,210000.0,300.0,10,31308330.1,-68.71117401
1000000000.0,1146905830.5499647,phase_noise,31249980.1,210000.0,300.0,10,31308480.1,-69.01763916
1000000000.0,1146905830.5499647,phase_noise,31249980.1,210000.0,300.0,10,31308630.1,-69.80860138
1000000000.0,1146905830.5499647,phase_noise,31249980.1,210000.0,300.0,10,31308780.1,-71.56782532
1000000000.0,1146905830.5499647,phase_noise,31249980.1,210000.0,300.0,10,31308930.1,-69.93468475
1000000000.0,1146905830.5499647,phase_noise,31249980.1,210000.0,300.0,10,31309080.1,-69.66883087
1000000000.0,1146905830.5499647,phase_noise,31249980.1,210000.0,300.0,10,31309230.1,-71.45993042
1000000000.0,1146905830.5499647,phase_noise,31249980.1,210000.0,300.0,10,31309380.1,-76.28530884
1000000000.0,1146905830.5499647,phase_noise,31249980.1,210000.0,300.0,10,31309530.1,-77.53644562
1000000000.0,1146905830.5499647,phase_noise,31249980.1,210000.0,300.0,10,31309680.1,-74.21451569
1000000000.0,1146905830.5499647,phase_noise,31249980.1,210000.0,300.0,10,31309830.1,-72.89284515
1000000000.0,1146905830.5499647,phase_noise,31249980.1,210000.0,300.0,10,31309980.1,-72.48395538
1000000000.0,1146905830.5499647,phase_noise,31249980.1,210000.0,300.0,10,31310130.1,-72.40192413
1000000000.0,1146905830.5499647,phase_noise,31249980.1,210000.0,300.0,10,31310280.1,-74.44587708
1000000000.0,1146905830.5499647,phase_noise,31249980.1,210000.0,300.0,10,31310430.1,-73.42272186
1000000000.0,1146905830.5499647,phase_noise,31249980.1,210000.0,300.0,10,31310580.1,-73.64808655
1000000000.0,1146905830.5499647,phase_noise,31249980.1,210000.0,300.0,10,31310730.1,-74.73525238
1000000000.0,1146905830.5499647,phase_noise,31249980.1,210000.0,300.0,10,31310880.1,-75.12356567
1000000000.0,1146905830.5499647,phase_noise,31249980.1,210000.0,300.0,10,31311030.1,-73.33338928
1000000000.0,1146905830.5499647,phase_noise,31249980.1,210000.0,300.0,10,31311180.1,-71.79508209
1000000000.0,1146905830.5499647,phase_noise,31249980.1,210000.0,300.0,10,31311330.1,-72.91200256
1000000000.0,1146905830.5499647,phase_noise,31249980.1,210000.0,300.0,10,31311480.1,-75.9216156
1000000000.0,1146905830.5499647,phase_noise,31249980.1,210000.0,300.0,10,31311630.1,-76.39842987
1000000000.0,1146905830.5499647,phase_noise,31249980.1,210000.0,300.0,10,31311780.1,-75.06917572
1000000000.0,1146905830.5499647,phase_noise,31249980.1,210000.0,300.0,10,31311930.1,-76.21534729
1000000000.0,1146905830.5499647,phase_noise,31249980.1,210000.0,300.0,10,31312080.1,-72.79701233
1000000000.0,1146905830.5499647,phase_noise,31249980.1,210000.0,300.0,10,31312230.1,-70.58074188
1000000000.0,1146905830.5499647,phase_noise,31249980.1,210000.0,300.0,10,31312380.1,-71.3717041
1000000000.0,1146905830.5499647,phase_noise,31249980.1,210000.0,300.0,10,31312530.1,-73.32919312
1000000000.0,1146905830.5499647,phase_noise,31249980.1,210000.0,300.0,10,31312680.1,-74.46569061
1000000000.0,1146905830.5499647,phase_noise,31249980.1,210000.0,300.0,10,31312830.1,-73.16857147
1000000000.0,1146905830.5499647,phase_noise,31249980.1,210000.0,300.0,10,31312980.1,-69.80136108
1000000000.0,1146905830.5499647,phase_noise,31249980.1,210000.0,300.0,10,31313130.1,-70.14178467
1000000000.0,1146905830.5499647,phase_noise,31249980.1,210000.0,300.0,10,31313280.1,-71.95278931
1000000000.0,1146905830.5499647,phase_noise,31249980.1,210000.0,300.0,10,31313430.1,-72.16282654
1000000000.0,1146905830.5499647,phase_noise,31249980.1,210000.0,300.0,10,31313580.1,-70.23304749
1000000000.0,1146905830.5499647,phase_noise,31249980.1,210000.0,300.0,10,31313730.1,-71.40898132
1000000000.0,1146905830.5499647,phase_noise,31249980.1,210000.0,300.0,10,31313880.1,-71.55560303
1000000000.0,1146905830.5499647,phase_noise,31249980.1,210000.0,300.0,10,31314030.1,-73.00802612
1000000000.0,1146905830.5499647,phase_noise,31249980.1,210000.0,300.0,10,31314180.1,-73.79131317
1000000000.0,1146905830.5499647,phase_noise,31249980.1,210000.0,300.0,10,31314330.1,-74.22828674
1000000000.0,1146905830.5499647,phase_noise,31249980.1,210000.0,300.0,10,31314480.1,-74.00629425
1000000000.0,1146905830.5499647,phase_noise,31249980.1,210000.0,300.0,10,31314630.1,-71.51481628
1000000000.0,1146905830.5499647,phase_noise,31249980.1,210000.0,300.0,10,31314780.1,-73.9254837
1000000000.0,1146905830.5499647,phase_noise,31249980.1,210000.0,300.0,10,31314930.1,-75.43920135
1000000000.0,1146905830.5499647,phase_noise,31249980.1,210000.0,300.0,10,31315080.1,-72.16059113
1000000000.0,1146905830.5499647,phase_noise,31249980.1,210000.0,300.0,10,31315230.1,-71.58520508
1000000000.0,1146905830.5499647,phase_noise,31249980.1,210000.0,300.0,10,31315380.1,-70.88809204
1000000000.0,1146905830.5499647,phase_noise,31249980.1,210000.0,300.0,10,31315530.1,-72.01724243
1000000000.0,1146905830.5499647,phase_noise,31249980.1,210000.0,300.0,10,31315680.1,-71.77007294
1000000000.0,1146905830.5499647,phase_noise,31249980.1,210000.0,300.0,10,31315830.1,-72.95645142
1000000000.0,1146905830.5499647,phase_noise,31249980.1,210000.0,300.0,10,31315980.1,-74.07942963
1000000000.0,1146905830.5499647,phase_noise,31249980.1,210000.0,300.0,10,31316130.1,-74.77144623
1000000000.0,1146905830.5499647,phase_noise,31249980.1,210000.0,300.0,10,31316280.1,-72.9416275
1000000000.0,1146905830.5499647,phase_noise,31249980.1,210000.0,300.0,10,31316430.1,-71.54998779
1000000000.0,1146905830.5499647,phase_noise,31249980.1,210000.0,300.0,10,31316580.1,-73.97923279
1000000000.0,1146905830.5499647,phase_noise,31249980.1,210000.0,300.0,10,31316730.1,-72.54818726
1000000000.0,1146905830.5499647,phase_noise,31249980.1,210000.0,300.0,10,31316880.1,-72.83586121
1000000000.0,1146905830.5499647,phase_noise,31249980.1,210000.0,300.0,10,31317030.1,-74.70015717
1000000000.0,1146905830.5499647,phase_noise,31249980.1,210000.0,300.0,10,31317180.1,-75.13493347
1000000000.0,1146905830.5499647,phase_noise,31249980.1,210000.0,300.0,10,31317330.1,-73.53509521
1000000000.0,1146905830.5499647,phase_noise,31249980.1,210000.0,300.0,10,31317480.1,-72.33688354
1000000000.0,1146905830.5499647,phase_noise,31249980.1,210000.0,300.0,10,31317630.1,-73.97686005
1000000000.0,1146905830.5499647,phase_noise,31249980.1,210000.0,300.0,10,31317780.1,-71.13105774
1000000000.0,1146905830.5499647,phase_noise,31249980.1,210000.0,300.0,10,31317930.1,-68.86235809
1000000000.0,1146905830.5499647,phase_noise,31249980.1,210000.0,300.0,10,31318080.1,-69.24118805
1000000000.0,1146905830.5499647,phase_noise,31249980.1,210000.0,300.0,10,31318230.1,-69.21443939
1000000000.0,1146905830.5499647,phase_noise,31249980.1,210000.0,300.0,10,31318380.1,-71.1842804
1000000000.0,1146905830.5499647,phase_noise,31249980.1,210000.0,300.0,10,31318530.1,-70.98048401
1000000000.0,1146905830.5499647,phase_noise,31249980.1,210000.0,300.0,10,31318680.1,-73.2073822
1000000000.0,1146905830.5499647,phase_noise,31249980.1,210000.0,300.0,10,31318830.1,-73.37480927
1000000000.0,1146905830.5499647,phase_noise,31249980.1,210000.0,300.0,10,31318980.1,-72.64176941
1000000000.0,1146905830.5499647,phase_noise,31249980.1,210000.0,300.0,10,31319130.1,-72.5187149
1000000000.0,1146905830.5499647,phase_noise,31249980.1,210000.0,300.0,10,31319280.1,-72.41243744
1000000000.0,1146905830.5499647,phase_noise,31249980.1,210000.0,300.0,10,31319430.1,-73.84465027
1000000000.0,1146905830.5499647,phase_noise,31249980.1,210000.0,300.0,10,31319580.1,-74.4303894
1000000000.0,1146905830.5499647,phase_noise,31249980.1,210000.0,300.0,10,31319730.1,-74.43915558
1000000000.0,1146905830.5499647,phase_noise,31249980.1,210000.0,300.0,10,31319880.1,-76.01032257
1000000000.0,1146905830.5499647,phase_noise,31249980.1,210000.0,300.0,10,31320030.1,-73.60681915
1000000000.0,1146905830.5499647,phase_noise,31249980.1,210000.0,300.0,10,31320180.1,-74.80685425
1000000000.0,1146905830.5499647,phase_noise,31249980.1,210000.0,300.0,10,31320330.1,-71.56067657
1000000000.0,1146905830.5499647,phase_noise,31249980.1,210000.0,300.0,10,31320480.1,-70.36712646
1000000000.0,1146905830.5499647,phase_noise,31249980.1,210000.0,300.0,10,31320630.1,-71.75689697
1000000000.0,1146905830.5499647,phase_noise,31249980.1,210000.0,300.0,10,31320780.1,-70.0695343
1000000000.0,1146905830.5499647,phase_noise,31249980.1,210000.0,300.0,10,31320930.1,-70.32188416
1000000000.0,1146905830.5499647,phase_noise,31249980.1,210000.0,300.0,10,31321080.1,-71.30298615
1000000000.0,1146905830.5499647,phase_noise,31249980.1,210000.0,300.0,10,31321230.1,-73.86299133
1000000000.0,1146905830.5499647,phase_noise,31249980.1,210000.0,300.0,10,31321380.1,-74.61376953
1000000000.0,1146905830.5499647,phase_noise,31249980.1,210000.0,300.0,10,31321530.1,-71.58385468
1000000000.0,1146905830.5499647,phase_noise,31249980.1,210000.0,300.0,10,31321680.1,-70.80467224
1000000000.0,1146905830.5499647,phase_noise,31249980.1,210000.0,300.0,10,31321830.1,-73.13148499
1000000000.0,1146905830.5499647,phase_noise,31249980.1,210000.0,300.0,10,31321980.1,-71.68556213
1000000000.0,1146905830.5499647,phase_noise,31249980.1,210000.0,300.0,10,31322130.1,-70.6546936
1000000000.0,1146905830.5499647,phase_noise,31249980.1,210000.0,300.0,10,31322280.1,-71.52610016
1000000000.0,1146905830.5499647,phase_noise,31249980.1,210000.0,300.0,10,31322430.1,-71.45496368
1000000000.0,1146905830.5499647,phase_noise,31249980.1,210000.0,300.0,10,31322580.1,-72.62808228
1000000000.0,1146905830.5499647,phase_noise,31249980.1,210000.0,300.0,10,31322730.1,-72.62358093
1000000000.0,1146905830.5499647,phase_noise,31249980.1,210000.0,300.0,10,31322880.1,-69.62831879
1000000000.0,1146905830.5499647,phase_noise,31249980.1,210000.0,300.0,10,31323030.1,-72.37225342
1000000000.0,1146905830.5499647,phase_noise,31249980.1,210000.0,300.0,10,31323180.1,-70.00004578
1000000000.0,1146905830.5499647,phase_noise,31249980.1,210000.0,300.0,10,31323330.1,-68.49972534
1000000000.0,1146905830.5499647,phase_noise,31249980.1,210000.0,300.0,10,31323480.1,-70.508255
1000000000.0,1146905830.5499647,phase_noise,31249980.1,210000.0,300.0,10,31323630.1,-73.77742767
1000000000.0,1146905830.5499647,phase_noise,31249980.1,210000.0,300.0,10,31323780.1,-73.31977844
1000000000.0,1146905830.5499647,phase_noise,31249980.1,210000.0,300.0,10,31323930.1,-72.06118774
1000000000.0,1146905830.5499647,phase_noise,31249980.1,210000.0,300.0,10,31324080.1,-70.68180847
1000000000.0,1146905830.5499647,phase_noise,31249980.1,210000.0,300.0,10,31324230.1,-70.67140961
1000000000.0,1146905830.5499647,phase_noise,31249980.1,210000.0,300.0,10,31324380.1,-71.80443573
1000000000.0,1146905830.5499647,phase_noise,31249980.1,210000.0,300.0,10,31324530.1,-72.65834045
1000000000.0,1146905830.5499647,phase_noise,31249980.1,210000.0,300.0,10,31324680.1,-71.46419525
1000000000.0,1146905830.5499647,phase_noise,31249980.1,210000.0,300.0,10,31324830.1,-71.52559662
1000000000.0,1146905830.5499647,phase_noise,31249980.1,210000.0,300.0,10,31324980.1,-71.62197876
1000000000.0,1146905830.5499647,phase_noise,31249980.1,210000.0,300.0,10,31325130.1,-72.0581665
1000000000.0,1146905830.5499647,phase_noise,31249980.1,210000.0,300.0,10,31325280.1,-72.69779205
1000000000.0,1146905830.5499647,phase_noise,31249980.1,210000.0,300.0,10,31325430.1,-76.64677429
1000000000.0,1146905830.5499647,phase_noise,31249980.1,210000.0,300.0,10,31325580.1,-76.45187378
1000000000.0,1146905830.5499647,phase_noise,31249980.1,210000.0,300.0,10,31325730.1,-73.76904297
1000000000.0,1146905830.5499647,phase_noise,31249980.1,210000.0,300.0,10,31325880.1,-72.13059235
1000000000.0,1146905830.5499647,phase_noise,31249980.1,210000.0,300.0,10,31326030.1,-74.96452332
1000000000.0,1146905830.5499647,phase_noise,31249980.1,210000.0,300.0,10,31326180.1,-73.26276398
1000000000.0,1146905830.5499647,phase_noise,31249980.1,210000.0,300.0,10,31326330.1,-72.92547607
1000000000.0,1146905830.5499647,phase_noise,31249980.1,210000.0,300.0,10,31326480.1,-72.82447815
1000000000.0,1146905830.5499647,phase_noise,31249980.1,210000.0,300.0,10,31326630.1,-78.3358078
1000000000.0,1146905830.5499647,phase_noise,31249980.1,210000.0,300.0,10,31326780.1,-74.94184113
1000000000.0,1146905830.5499647,phase_noise,31249980.1,210000.0,300.0,10,31326930.1,-71.05192566
1000000000.0,1146905830.5499647,phase_noise,31249980.1,210000.0,300.0,10,31327080.1,-71.09674072
1000000000.0,1146905830.5499647,phase_noise,31249980.1,210000.0,300.0,10,31327230.1,-71.88883972
1000000000.0,1146905830.5499647,phase_noise,31249980.1,210000.0,300.0,10,31327380.1,-71.81616974
1000000000.0,1146905830.5499647,phase_noise,31249980.1,210000.0,300.0,10,31327530.1,-70.81951904
1000000000.0,1146905830.5499647,phase_noise,31249980.1,210000.0,300.0,10,31327680.1,-70.81817627
1000000000.0,1146905830.5499647,phase_noise,31249980.1,210000.0,300.0,10,31327830.1,-72.28624725
1000000000.0,1146905830.5499647,phase_noise,31249980.1,210000.0,300.0,10,31327980.1,-71.22592163
1000000000.0,1146905830.5499647,phase_noise,31249980.1,210000.0,300.0,10,31328130.1,-73.3601532
1000000000.0,1146905830.5499647,phase_noise,31249980.1,210000.0,300.0,10,31328280.1,-74.52631378
1000000000.0,1146905830.5499647,phase_noise,31249980.1,210000.0,300.0,10,31328430.1,-73.96166229
1000000000.0,1146905830.5499647,phase_noise,31249980.1,210000.0,300.0,10,31328580.1,-72.76508331
1000000000.0,1146905830.5499647,phase_noise,31249980.1,210000.0,300.0,10,31328730.1,-72.8595047
1000000000.0,1146905830.5499647,phase_noise,31249980.1,210000.0,300.0,10,31328880.1,-72.61029053
1000000000.0,1146905830.5499647,phase_noise,31249980.1,210000.0,300.0,10,31329030.1,-75.90380096
1000000000.0,1146905830.5499647,phase_noise,31249980.1,210000.0,300.0,10,31329180.1,-73.29947662
1000000000.0,1146905830.5499647,phase_noise,31249980.1,210000.0,300.0,10,31329330.1,-72.02584076
1000000000.0,1146905830.5499647,phase_noise,31249980.1,210000.0,300.0,10,31329480.1,-70.54382324
1000000000.0,1146905830.5499647,phase_noise,31249980.1,210000.0,300.0,10,31329630.1,-71.66017151
1000000000.0,1146905830.5499647,phase_noise,31249980.1,210000.0,300.0,10,31329780.1,-74.09481812
1000000000.0,1146905830.5499647,phase_noise,31249980.1,210000.0,300.0,10,31329930.1,-75.57478333
1000000000.0,1146905830.5499647,phase_noise,31249980.1,210000.0,300.0,10,31330080.1,-75.06399536
1000000000.0,1146905830.5499647,phase_noise,31249980.1,210000.0,300.0,10,31330230.1,-73.96694183
1000000000.0,1146905830.5499647,phase_noise,31249980.1,210000.0,300.0,10,31330380.1,-73.89305878
1000000000.0,1146905830.5499647,phase_noise,31249980.1,210000.0,300.0,10,31330530.1,-73.25195312
1000000000.0,1146905830.5499647,phase_noise,31249980.1,210000.0,300.0,10,31330680.1,-73.17527771
1000000000.0,1146905830.5499647,phase_noise,31249980.1,210000.0,300.0,10,31330830.1,-72.58272552
1000000000.0,1146905830.5499647,phase_noise,31249980.1,210000.0,300.0,10,31330980.1,-70.20250702
1000000000.0,1146905830.5499647,phase_noise,31249980.1,210000.0,300.0,10,31331130.1,-71.67768097
1000000000.0,1146905830.5499647,phase_noise,31249980.1,210000.0,300.0,10,31331280.1,-73.38899231
1000000000.0,1146905830.5499647,phase_noise,31249980.1,210000.0,300.0,10,31331430.1,-73.30927277
1000000000.0,1146905830.5499647,phase_noise,31249980.1,210000.0,300.0,10,31331580.1,-72.95818329
1000000000.0,1146905830.5499647,phase_noise,31249980.1,210000.0,300.0,10,31331730.1,-75.95226288
1000000000.0,1146905830.5499647,phase_noise,31249980.1,210000.0,300.0,10,31331880.1,-75.79966736
1000000000.0,1146905830.5499647,phase_noise,31249980.1,210000.0,300.0,10,31332030.1,-76.55423737
1000000000.0,1146905830.5499647,phase_noise,31249980.1,210000.0,300.0,10,31332180.1,-73.99930573
1000000000.0,1146905830.5499647,phase_noise,31249980.1,210000.0,300.0,10,31332330.1,-70.91892242
1000000000.0,1146905830.5499647,phase_noise,31249980.1,210000.0,300.0,10,31332480.1,-70.82180023
1000000000.0,1146905830.5499647,phase_noise,31249980.1,210000.0,300.0,10,31332630.1,-65.5916748
1000000000.0,1146905830.5499647,phase_noise,31249980.1,210000.0,300.0,10,31332780.1,-61.00392151
1000000000.0,1146905830.5499647,phase_noise,31249980.1,210000.0,300.0,10,31332930.1,-61.71366119
1000000000.0,1146905830.5499647,phase_noise,31249980.1,210000.0,300.0,10,31333080.1,-67.55534363
1000000000.0,1146905830.5499647,phase_noise,31249980.1,210000.0,300.0,10,31333230.1,-74.09799957
1000000000.0,1146905830.5499647,phase_noise,31249980.1,210000.0,300.0,10,31333380.1,-74.14730072
1000000000.0,1146905830.5499647,phase_noise,31249980.1,210000.0,300.0,10,31333530.1,-73.57594299
1000000000.0,1146905830.5499647,phase_noise,31249980.1,210000.0,300.0,10,31333680.1,-72.11634827
1000000000.0,1146905830.5499647,phase_noise,31249980.1,210000.0,300.0,10,31333830.1,-70.21251678
1000000000.0,1146905830.5499647,phase_noise,31249980.1,210000.0,300.0,10,31333980.1,-70.85715485
1000000000.0,1146905830.5499647,phase_noise,31249980.1,210000.0,300.0,10,31334130.1,-71.73312378
1000000000.0,1146905830.5499647,phase_noise,31249980.1,210000.0,300.0,10,31334280.1,-69.55717468
1000000000.0,1146905830.5499647,phase_noise,31249980.1,210000.0,300.0,10,31334430.1,-68.42935181
1000000000.0,1146905830.5499647,phase_noise,31249980.1,210000.0,300.0,10,31334580.1,-69.44534302
1000000000.0,1146905830.5499647,phase_noise,31249980.1,210000.0,300.0,10,31334730.1,-71.54125977
1000000000.0,1146905830.5499647,phase_noise,31249980.1,210000.0,300.0,10,31334880.1,-74.36336517
1000000000.0,1146905830.5499647,phase_noise,31249980.1,210000.0,300.0,10,31335030.1,-71.45074463
1000000000.0,1146905830.5499647,phase_noise,31249980.1,210000.0,300.0,10,31335180.1,-71.87229156
1000000000.0,1146905830.5499647,phase_noise,31249980.1,210000.0,300.0,10,31335330.1,-73.52125549
1000000000.0,1146905830.5499647,phase_noise,31249980.1,210000.0,300.0,10,31335480.1,-71.22550201
1000000000.0,1146905830.5499647,phase_noise,31249980.1,210000.0,300.0,10,31335630.1,-72.51917267
1000000000.0,1146905830.5499647,phase_noise,31249980.1,210000.0,300.0,10,31335780.1,-73.98321533
1000000000.0,1146905830.5499647,phase_noise,31249980.1,210000.0,300.0,10,31335930.1,-70.1504364
1000000000.0,1146905830.5499647,phase_noise,31249980.1,210000.0,300.0,10,31336080.1,-70.16820526
1000000000.0,1146905830.5499647,phase_noise,31249980.1,210000.0,300.0,10,31336230.1,-69.81565094
1000000000.0,1146905830.5499647,phase_noise,31249980.1,210000.0,300.0,10,31336380.1,-70.60221863
1000000000.0,1146905830.5499647,phase_noise,31249980.1,210000.0,300.0,10,31336530.1,-73.64189148
1000000000.0,1146905830.5499647,phase_noise,31249980.1,210000.0,300.0,10,31336680.1,-73.60935211
1000000000.0,1146905830.5499647,phase_noise,31249980.1,210000.0,300.0,10,31336830.1,-74.36174774
1000000000.0,1146905830.5499647,phase_noise,31249980.1,210000.0,300.0,10,31336980.1,-74.36240387
1000000000.0,1146905830.5499647,phase_noise,31249980.1,210000.0,300.0,10,31337130.1,-72.63393402
1000000000.0,1146905830.5499647,phase_noise,31249980.1,210000.0,300.0,10,31337280.1,-74.55503082
1000000000.0,1146905830.5499647,phase_noise,31249980.1,210000.0,300.0,10,31337430.1,-75.93377686
1000000000.0,1146905830.5499647,phase_noise,31249980.1,210000.0,300.0,10,31337580.1,-74.42047882
1000000000.0,1146905830.5499647,phase_noise,31249980.1,210000.0,300.0,10,31337730.1,-72.62998962
1000000000.0,1146905830.5499647,phase_noise,31249980.1,210000.0,300.0,10,31337880.1,-73.11937714
1000000000.0,1146905830.5499647,phase_noise,31249980.1,210000.0,300.0,10,31338030.1,-70.83074188
1000000000.0,1146905830.5499647,phase_noise,31249980.1,210000.0,300.0,10,31338180.1,-70.4901123
1000000000.0,1146905830.5499647,phase_noise,31249980.1,210000.0,300.0,10,31338330.1,-70.5956192
1000000000.0,1146905830.5499647,phase_noise,31249980.1,210000.0,300.0,10,31338480.1,-72.31135559
1000000000.0,1146905830.5499647,phase_noise,31249980.1,210000.0,300.0,10,31338630.1,-71.597229
1000000000.0,1146905830.5499647,phase_noise,31249980.1,210000.0,300.0,10,31338780.1,-72.67061615
1000000000.0,1146905830.5499647,phase_noise,31249980.1,210000.0,300.0,10,31338930.1,-73.78344727
1000000000.0,1146905830.5499647,phase_noise,31249980.1,210000.0,300.0,10,31339080.1,-73.82505035
1000000000.0,1146905830.5499647,phase_noise,31249980.1,210000.0,300.0,10,31339230.1,-70.262146
1000000000.0,1146905830.5499647,phase_noise,31249980.1,210000.0,300.0,10,31339380.1,-68.32583618
1000000000.0,1146905830.5499647,phase_noise,31249980.1,210000.0,300.0,10,31339530.1,-68.68055725
1000000000.0,1146905830.5499647,phase_noise,31249980.1,210000.0,300.0,10,31339680.1,-69.72963715
1000000000.0,1146905830.5499647,phase_noise,31249980.1,210000.0,300.0,10,31339830.1,-69.11497498
1000000000.0,1146905830.5499647,phase_noise,31249980.1,210000.0,300.0,10,31339980.1,-70.87917328
1000000000.0,1146905830.5499647,phase_noise,31249980.1,210000.0,300.0,10,31340130.1,-71.84422302
1000000000.0,1146905830.5499647,phase_noise,31249980.1,210000.0,300.0,10,31340280.1,-74.49887848
1000000000.0,1146905830.5499647,phase_noise,31249980.1,210000.0,300.0,10,31340430.1,-72.0785141
1000000000.0,1146905830.5499647,phase_noise,31249980.1,210000.0,300.0,10,31340580.1,-69.16609955
1000000000.0,1146905830.5499647,phase_noise,31249980.1,210000.0,300.0,10,31340730.1,-69.11946106
1000000000.0,1146905830.5499647,phase_noise,31249980.1,210000.0,300.0,10,31340880.1,-70.33004761
1000000000.0,1146905830.5499647,phase_noise,31249980.1,210000.0,300.0,10,31341030.1,-71.07363892
1000000000.0,1146905830.5499647,phase_noise,31249980.1,210000.0,300.0,10,31341180.1,-71.97262573
1000000000.0,1146905830.5499647,phase_noise,31249980.1,210000.0,300.0,10,31341330.1,-70.4752121
1000000000.0,1146905830.5499647,phase_noise,31249980.1,210000.0,300.0,10,31341480.1,-69.28864288
1000000000.0,1146905830.5499647,phase_noise,31249980.1,210000.0,300.0,10,31341630.1,-70.74630737
1000000000.0,1146905830.5499647,phase_noise,31249980.1,210000.0,300.0,10,31341780.1,-71.44329834
1000000000.0,1146905830.5499647,phase_noise,31249980.1,210000.0,300.0,10,31341930.1,-69.62937927
1000000000.0,1146905830.5499647,phase_noise,31249980.1,210000.0,300.0,10,31342080.1,-68.8861084
1000000000.0,1146905830.5499647,phase_noise,31249980.1,210000.0,300.0,10,31342230.1,-69.47647095
1000000000.0,1146905830.5499647,phase_noise,31249980.1,210000.0,300.0,10,31342380.1,-70.53338623
1000000000.0,1146905830.5499647,phase_noise,31249980.1,210000.0,300.0,10,31342530.1,-71.16542053
1000000000.0,1146905830.5499647,phase_noise,31249980.1,210000.0,300.0,10,31342680.1,-68.91982269
1000000000.0,1146905830.5499647,phase_noise,31249980.1,210000.0,300.0,10,31342830.1,-69.14279175
1000000000.0,1146905830.5499647,phase_noise,31249980.1,210000.0,300.0,10,31342980.1,-69.85678101
1000000000.0,1146905830.5499647,phase_noise,31249980.1,210000.0,300.0,10,31343130.1,-66.70007324
1000000000.0,1146905830.5499647,phase_noise,31249980.1,210000.0,300.0,10,31343280.1,-63.67173767
1000000000.0,1146905830.5499647,phase_noise,31249980.1,210000.0,300.0,10,31343430.1,-62.41264725
1000000000.0,1146905830.5499647,phase_noise,31249980.1,210000.0,300.0,10,31343580.1,-65.68138123
1000000000.0,1146905830.5499647,phase_noise,31249980.1,210000.0,300.0,10,31343730.1,-67.73641968
1000000000.0,1146905830.5499647,phase_noise,31249980.1,210000.0,300.0,10,31343880.1,-68.18908691
1000000000.0,1146905830.5499647,phase_noise,31249980.1,210000.0,300.0,10,31344030.1,-71.84169006
1000000000.0,1146905830.5499647,phase_noise,31249980.1,210000.0,300.0,10,31344180.1,-73.01931
1000000000.0,1146905830.5499647,phase_noise,31249980.1,210000.0,300.0,10,31344330.1,-70.75660706
1000000000.0,1146905830.5499647,phase_noise,31249980.1,210000.0,300.0,10,31344480.1,-69.15035248
1000000000.0,1146905830.5499647,phase_noise,31249980.1,210000.0,300.0,10,31344630.1,-68.04391479
1000000000.0,1146905830.5499647,phase_noise,31249980.1,210000.0,300.0,10,31344780.1,-69.77201843
1000000000.0,1146905830.5499647,phase_noise,31249980.1,210000.0,300.0,10,31344930.1,-72.24555969
1000000000.0,1146905830.5499647,phase_noise,31249980.1,210000.0,300.0,10,31345080.1,-72.70291901
1000000000.0,1146905830.5499647,phase_noise,31249980.1,210000.0,300.0,10,31345230.1,-72.35837555
1000000000.0,1146905830.5499647,phase_noise,31249980.1,210000.0,300.0,10,31345380.1,-72.95861816
1000000000.0,1146905830.5499647,phase_noise,31249980.1,210000.0,300.0,10,31345530.1,-72.62337494
1000000000.0,1146905830.5499647,phase_noise,31249980.1,210000.0,300.0,10,31345680.1,-72.50124359
1000000000.0,1146905830.5499647,phase_noise,31249980.1,210000.0,300.0,10,31345830.1,-70.98007965
1000000000.0,1146905830.5499647,phase_noise,31249980.1,210000.0,300.0,10,31345980.1,-68.62134552
1000000000.0,1146905830.5499647,phase_noise,31249980.1,210000.0,300.0,10,31346130.1,-68.09610748
1000000000.0,1146905830.5499647,phase_noise,31249980.1,210000.0,300.0,10,31346280.1,-70.15133667
1000000000.0,1146905830.5499647,phase_noise,31249980.1,210000.0,300.0,10,31346430.1,-71.75723267
1000000000.0,1146905830.5499647,phase_noise,31249980.1,210000.0,300.0,10,31346580.1,-71.99015808
1000000000.0,1146905830.5499647,phase_noise,31249980.1,210000.0,300.0,10,31346730.1,-72.89866638
1000000000.0,1146905830.5499647,phase_noise,31249980.1,210000.0,300.0,10,31346880.1,-72.70880127
1000000000.0,1146905830.5499647,phase_noise,31249980.1,210000.0,300.0,10,31347030.1,-73.25260162
1000000000.0,1146905830.5499647,phase_noise,31249980.1,210000.0,300.0,10,31347180.1,-76.10849762
1000000000.0,1146905830.5499647,phase_noise,31249980.1,210000.0,300.0,10,31347330.1,-70.72501373
1000000000.0,1146905830.5499647,phase_noise,31249980.1,210000.0,300.0,10,31347480.1,-70.78561401
1000000000.0,1146905830.5499647,phase_noise,31249980.1,210000.0,300.0,10,31347630.1,-72.50621033
1000000000.0,1146905830.5499647,phase_noise,31249980.1,210000.0,300.0,10,31347780.1,-66.63948059
1000000000.0,1146905830.5499647,phase_noise,31249980.1,210000.0,300.0,10,31347930.1,-65.73335266
1000000000.0,1146905830.5499647,phase_noise,31249980.1,210000.0,300.0,10,31348080.1,-69.50204468
1000000000.0,1146905830.5499647,phase_noise,31249980.1,210000.0,300.0,10,31348230.1,-72.4103241
1000000000.0,1146905830.5499647,phase_noise,31249980.1,210000.0,300.0,10,31348380.1,-73.30715179
1000000000.0,1146905830.5499647,phase_noise,31249980.1,210000.0,300.0,10,31348530.1,-75.75569153
1000000000.0,1146905830.5499647,phase_noise,31249980.1,210000.0,300.0,10,31348680.1,-73.70832062
1000000000.0,1146905830.5499647,phase_noise,31249980.1,210000.0,300.0,10,31348830.1,-71.80588531
1000000000.0,1146905830.5499647,phase_noise,31249980.1,210000.0,300.0,10,31348980.1,-73.49671173
1000000000.0,1146905830.5499647,phase_noise,31249980.1,210000.0,300.0,10,31349130.1,-74.21430969
1000000000.0,1146905830.5499647,phase_noise,31249980.1,210000.0,300.0,10,31349280.1,-72.86984253
1000000000.0,1146905830.5499647,phase_noise,31249980.1,210000.0,300.0,10,31349430.1,-74.00398254
1000000000.0,1146905830.5499647,phase_noise,31249980.1,210000.0,300.0,10,31349580.1,-74.84679413
1000000000.0,1146905830.5499647,phase_noise,31249980.1,210000.0,300.0,10,31349730.1,-72.33950806
1000000000.0,1146905830.5499647,phase_noise,31249980.1,210000.0,300.0,10,31349880.1,-71.25315094
1000000000.0,1146905830.5499647,phase_noise,31249980.1,210000.0,300.0,10,31350030.1,-72.16247559
1000000000.0,1146905830.5499647,phase_noise,31249980.1,210000.0,300.0,10,31350180.1,-75.62535095
1000000000.0,1146905830.5499647,phase_noise,31249980.1,210000.0,300.0,10,31350330.1,-71.56963348
1000000000.0,1146905830.5499647,phase_noise,31249980.1,210000.0,300.0,10,31350480.1,-69.77601624
1000000000.0,1146905830.5499647,phase_noise,31249980.1,210000.0,300.0,10,31350630.1,-70.59431458
1000000000.0,1146905830.5499647,phase_noise,31249980.1,210000.0,300.0,10,31350780.1,-69.44451904
1000000000.0,1146905830.5499647,phase_noise,31249980.1,210000.0,300.0,10,31350930.1,-69.28014374
1000000000.0,1146905830.5499647,phase_noise,31249980.1,210000.0,300.0,10,31351080.1,-70.79794312
1000000000.0,1146905830.5499647,phase_noise,31249980.1,210000.0,300.0,10,31351230.1,-72.47071075
1000000000.0,1146905830.5499647,phase_noise,31249980.1,210000.0,300.0,10,31351380.1,-71.56137085
1000000000.0,1146905830.5499647,phase_noise,31249980.1,210000.0,300.0,10,31351530.1,-71.49275208
1000000000.0,1146905830.5499647,phase_noise,31249980.1,210000.0,300.0,10,31351680.1,-72.31217194
1000000000.0,1146905830.5499647,phase_noise,31249980.1,210000.0,300.0,10,31351830.1,-73.01281738
1000000000.0,1146905830.5499647,phase_noise,31249980.1,210000.0,300.0,10,31351980.1,-70.74769592
1000000000.0,1146905830.5499647,phase_noise,31249980.1,210000.0,300.0,10,31352130.1,-71.26552582
1000000000.0,1146905830.5499647,phase_noise,31249980.1,210000.0,300.0,10,31352280.1,-71.88137054
1000000000.0,1146905830.5499647,phase_noise,31249980.1,210000.0,300.0,10,31352430.1,-73.73854065
1000000000.0,1146905830.5499647,phase_noise,31249980.1,210000.0,300.0,10,31352580.1,-75.99156189
1000000000.0,1146905830.5499647,phase_noise,31249980.1,210000.0,300.0,10,31352730.1,-73.58627319
1000000000.0,1146905830.5499647,phase_noise,31249980.1,210000.0,300.0,10,31352880.1,-69.54016876
1000000000.0,1146905830.5499647,phase_noise,31249980.1,210000.0,300.0,10,31353030.1,-67.45175934
1000000000.0,1146905830.5499647,phase_noise,31249980.1,210000.0,300.0,10,31353180.1,-67.50830078
1000000000.0,1146905830.5499647,phase_noise,31249980.1,210000.0,300.0,10,31353330.1,-68.95114136
1000000000.0,1146905830.5499647,phase_noise,31249980.1,210000.0,300.0,10,31353480.1,-68.95661926
1000000000.0,1146905830.5499647,phase_noise,31249980.1,210000.0,300.0,10,31353630.1,-70.31504822
1000000000.0,1146905830.5499647,phase_noise,31249980.1,210000.0,300.0,10,31353780.1,-72.76841736
1000000000.0,1146905830.5499647,phase_noise,31249980.1,210000.0,300.0,10,31353930.1,-73.51134491
1000000000.0,1146905830.5499647,phase_noise,31249980.1,210000.0,300.0,10,31354080.1,-71.92411041
1000000000.0,1146905830.5499647,phase_noise,31249980.1,210000.0,300.0,10,31354230.1,-74.24163818
1000000000.0,1146905830.5499647,phase_noise,31249980.1,210000.0,300.0,10,31354380.1,-76.46825409
1000000000.0,1146905830.5499647,phase_noise,31249980.1,210000.0,300.0,10,31354530.1,-73.40372467
1000000000.0,1146905830.5499647,phase_noise,31249980.1,210000.0,300.0,10,31354680.1,-70.28076935
1000000000.0,1146905830.5499647,phase_noise,31249980.1,210000.0,300.0,10,31354830.1,-69.3918457
1000000000.0,1146905830.5499647,phase_noise,31249980.1,210000.0,300.0,10,31354980.1,-71.42844391
1000000000.0,1146905830.5499647,phase_noise,31249980.1,2100000.0,3000.0,10,30199980.1,-53.83686447
1000000000.0,1146905830.5499647,phase_noise,31249980.1,2100000.0,3000.0,10,30201480.1,-54.7076416
1000000000.0,1146905830.5499647,phase_noise,31249980.1,2100000.0,3000.0,10,30202980.1,-51.51486969
1000000000.0,1146905830.5499647,phase_noise,31249980.1,2100000.0,3000.0,10,30204480.1,-49.77351379
1000000000.0,1146905830.5499647,phase_noise,31249980.1,2100000.0,3000.0,10,30205980.1,-51.23156738
1000000000.0,1146905830.5499647,phase_noise,31249980.1,2100000.0,3000.0,10,30207480.1,-52.31265259
1000000000.0,1146905830.5499647,phase_noise,31249980.1,2100000.0,3000.0,10,30208980.1,-57.51036835
1000000000.0,1146905830.5499647,phase_noise,31249980.1,2100000.0,3000.0,10,30210480.1,-53.77523422
1000000000.0,1146905830.5499647,phase_noise,31249980.1,2100000.0,3000.0,10,30211980.1,-50.5005722
1000000000.0,1146905830.5499647,phase_noise,31249980.1,2100000.0,3000.0,10,30213480.1,-51.80085754
1000000000.0,1146905830.5499647,phase_noise,31249980.1,2100000.0,3000.0,10,30214980.1,-52.5521698
1000000000.0,1146905830.5499647,phase_noise,31249980.1,2100000.0,3000.0,10,30216480.1,-53.32689285
1000000000.0,1146905830.5499647,phase_noise,31249980.1,2100000.0,3000.0,10,30217980.1,-53.016819
1000000000.0,1146905830.5499647,phase_noise,31249980.1,2100000.0,3000.0,10,30219480.1,-51.50648117
1000000000.0,1146905830.5499647,phase_noise,31249980.1,2100000.0,3000.0,10,30220980.1,-49.38367081
1000000000.0,1146905830.5499647,phase_noise,31249980.1,2100000.0,3000.0,10,30222480.1,-46.28963089
1000000000.0,1146905830.5499647,phase_noise,31249980.1,2100000.0,3000.0,10,30223980.1,-48.18473053
1000000000.0,1146905830.5499647,phase_noise,31249980.1,2100000.0,3000.0,10,30225480.1,-53.26514435
1000000000.0,1146905830.5499647,phase_noise,31249980.1,2100000.0,3000.0,10,30226980.1,-54.74396133
1000000000.0,1146905830.5499647,phase_noise,31249980.1,2100000.0,3000.0,10,30228480.1,-49.81747055
1000000000.0,1146905830.5499647,phase_noise,31249980.1,2100000.0,3000.0,10,30229980.1,-43.96344757
1000000000.0,1146905830.5499647,phase_noise,31249980.1,2100000.0,3000.0,10,30231480.1,-43.25376129
1000000000.0,1146905830.5499647,phase_noise,31249980.1,2100000.0,3000.0,10,30232980.1,-47.97343445
1000000000.0,1146905830.5499647,phase_noise,31249980.1,2100000.0,3000.0,10,30234480.1,-51.49173737
1000000000.0,1146905830.5499647,phase_noise,31249980.1,2100000.0,3000.0,10,30235980.1,-53.13299561
1000000000.0,1146905830.5499647,phase_noise,31249980.1,2100000.0,3000.0,10,30237480.1,-51.3743248
1000000000.0,1146905830.5499647,phase_noise,31249980.1,2100000.0,3000.0,10,30238980.1,-50.78354645
1000000000.0,1146905830.5499647,phase_noise,31249980.1,2100000.0,3000.0,10,30240480.1,-52.29467773
1000000000.0,1146905830.5499647,phase_noise,31249980.1,2100000.0,3000.0,10,30241980.1,-51.43592453
1000000000.0,1146905830.5499647,phase_noise,31249980.1,2100000.0,3000.0,10,30243480.1,-51.40552139
1000000000.0,1146905830.5499647,phase_noise,31249980.1,2100000.0,3000.0,10,30244980.1,-53.06325912
1000000000.0,1146905830.5499647,phase_noise,31249980.1,2100000.0,3000.0,10,30246480.1,-52.49563599
1000000000.0,1146905830.5499647,phase_noise,31249980.1,2100000.0,3000.0,10,30247980.1,-52.51362991
1000000000.0,1146905830.5499647,phase_noise,31249980.1,2100000.0,3000.0,10,30249480.1,-51.75104904
1000000000.0,1146905830.5499647,phase_noise,31249980.1,2100000.0,3000.0,10,30250980.1,-51.76557159
1000000000.0,1146905830.5499647,phase_noise,31249980.1,2100000.0,3000.0,10,30252480.1,-55.32220459
1000000000.0,1146905830.5499647,phase_noise,31249980.1,2100000.0,3000.0,10,30253980.1,-53.72443008
1000000000.0,1146905830.5499647,phase_noise,31249980.1,2100000.0,3000.0,10,30255480.1,-51.3855629
1000000000.0,1146905830.5499647,phase_noise,31249980.1,2100000.0,3000.0,10,30256980.1,-51.35414124
1000000000.0,1146905830.5499647,phase_noise,31249980.1,2100000.0,3000.0,10,30258480.1,-50.05888748
1000000000.0,1146905830.5499647,phase_noise,31249980.1,2100000.0,3000.0,10,30259980.1,-50.4131546
1000000000.0,1146905830.5499647,phase_noise,31249980.1,2100000.0,3000.0,10,30261480.1,-53.91913223
1000000000.0,1146905830.5499647,phase_noise,31249980.1,2100000.0,3000.0,10,30262980.1,-52.16011429
1000000000.0,1146905830.5499647,phase_noise,31249980.1,2100000.0,3000.0,10,30264480.1,-51.81806564
1000000000.0,1146905830.5499647,phase_noise,31249980.1,2100000.0,3000.0,10,30265980.1,-54.02355957
1000000000.0,1146905830.5499647,phase_noise,31249980.1,2100000.0,3000.0,10,30267480.1,-51.9647789
1000000000.0,1146905830.5499647,phase_noise,31249980.1,2100000.0,3000.0,10,30268980.1,-52.36250305
1000000000.0,1146905830.5499647,phase_noise,31249980.1,2100000.0,3000.0,10,30270480.1,-52.16323471
1000000000.0,1146905830.5499647,phase_noise,31249980.1,2100000.0,3000.0,10,30271980.1,-53.26304626
1000000000.0,1146905830.5499647,phase_noise,31249980.1,2100000.0,3000.0,10,30273480.1,-52.17684555
1000000000.0,1146905830.5499647,phase_noise,31249980.1,2100000.0,3000.0,10,30274980.1,-52.70823288
1000000000.0,1146905830.5499647,phase_noise,31249980.1,2100000.0,3000.0,10,30276480.1,-55.66686249
1000000000.0,1146905830.5499647,phase_noise,31249980.1,2100000.0,3000.0,10,30277980.1,-57.78111267
1000000000.0,1146905830.5499647,phase_noise,31249980.1,2100000.0,3000.0,10,30279480.1,-57.6055603
1000000000.0,1146905830.5499647,phase_noise,31249980.1,2100000.0,3000.0,10,30280980.1,-51.82253647
1000000000.0,1146905830.5499647,phase_noise,31249980.1,2100000.0,3000.0,10,30282480.1,-45.90074921
1000000000.0,1146905830.5499647,phase_noise,31249980.1,2100000.0,3000.0,10,30283980.1,-44.71392822
1000000000.0,1146905830.5499647,phase_noise,31249980.1,2100000.0,3000.0,10,30285480.1,-46.93712997
1000000000.0,1146905830.5499647,phase_noise,31249980.1,2100000.0,3000.0,10,30286980.1,-50.61436462
1000000000.0,1146905830.5499647,phase_noise,31249980.1,2100000.0,3000.0,10,30288480.1,-53.06217575
1000000000.0,1146905830.5499647,phase_noise,31249980.1,2100000.0,3000.0,10,30289980.1,-51.91465378
1000000000.0,1146905830.5499647,phase_noise,31249980.1,2100000.0,3000.0,10,30291480.1,-50.44750977
1000000000.0,1146905830.5499647,phase_noise,31249980.1,2100000.0,3000.0,10,30292980.1,-48.76319504
1000000000.0,1146905830.5499647,phase_noise,31249980.1,2100000.0,3000.0,10,30294480.1,-48.97513199
1000000000.0,1146905830.5499647,phase_noise,31249980.1,2100000.0,3000.0,10,30295980.1,-48.62471771
1000000000.0,1146905830.5499647,phase_noise,31249980.1,2100000.0,3000.0,10,30297480.1,-49.18048096
1000000000.0,1146905830.5499647,phase_noise,31249980.1,2100000.0,3000.0,10,30298980.1,-50.66136169
1000000000.0,1146905830.5499647,phase_noise,31249980.1,2100000.0,3000.0,10,30300480.1,-52.37553406
1000000000.0,1146905830.5499647,phase_noise,31249980.1,2100000.0,3000.0,10,30301980.1,-55.21035004
1000000000.0,1146905830.5499647,phase_noise,31249980.1,2100000.0,3000.0,10,30303480.1,-54.98120499
1000000000.0,1146905830.5499647,phase_noise,31249980.1,2100000.0,3000.0,10,30304980.1,-56.01626587
1000000000.0,1146905830.5499647,phase_noise,31249980.1,2100000.0,3000.0,10,30306480.1,-55.98383331
1000000000.0,1146905830.5499647,phase_noise,31249980.1,2100000.0,3000.0,10,30307980.1,-55.82662964
1000000000.0,1146905830.5499647,phase_noise,31249980.1,2100000.0,3000.0,10,30309480.1,-53.59662247
1000000000.0,1146905830.5499647,phase_noise,31249980.1,2100000.0,3000.0,10,30310980.1,-52.99762726
1000000000.0,1146905830.5499647,phase_noise,31249980.1,2100000.0,3000.0,10,30312480.1,-53.36752319
1000000000.0,1146905830.5499647,phase_noise,31249980.1,2100000.0,3000.0,10,30313980.1,-52.46656418
1000000000.0,1146905830.5499647,phase_noise,31249980.1,2100000.0,3000.0,10,30315480.1,-51.40094757
1000000000.0,1146905830.5499647,phase_noise,31249980.1,2100000.0,3000.0,10,30316980.1,-51.37885666
1000000000.0,1146905830.5499647,phase_noise,31249980.1,2100000.0,3000.0,10,30318480.1,-53.62600327
1000000000.0,1146905830.5499647,phase_noise,31249980.1,2100000.0,3000.0,10,30319980.1,-57.85311127
1000000000.0,1146905830.5499647,phase_noise,31249980.1,2100000.0,3000.0,10,30321480.1,-56.50439453
1000000000.0,1146905830.5499647,phase_noise,31249980.1,2100000.0,3000.0,10,30322980.1,-55.02241516
1000000000.0,1146905830.5499647,phase_noise,31249980.1,2100000.0,3000.0,10,30324480.1,-55.9776268
1000000000.0,1146905830.5499647,phase_noise,31249980.1,2100000.0,3000.0,10,30325980.1,-59.08892822
1000000000.0,1146905830.5499647,phase_noise,31249980.1,2100000.0,3000.0,10,30327480.1,-55.67517471
1000000000.0,1146905830.5499647,phase_noise,31249980.1,2100000.0,3000.0,10,30328980.1,-53.72134781
1000000000.0,1146905830.5499647,phase_noise,31249980.1,2100000.0,3000.0,10,30330480.1,-54.48150253
1000000000.0,1146905830.5499647,phase_noise,31249980.1,2100000.0,3000.0,10,30331980.1,-58.00666809
1000000000.0,1146905830.5499647,phase_noise,31249980.1,2100000.0,3000.0,10,30333480.1,-60.74859238
1000000000.0,1146905830.5499647,phase_noise,31249980.1,2100000.0,3000.0,10,30334980.1,-54.89482498
1000000000.0,1146905830.5499647,phase_noise,31249980.1,2100000.0,3000.0,10,30336480.1,-52.25260925
1000000000.0,1146905830.5499647,phase_noise,31249980.1,2100000.0,3000.0,10,30337980.1,-54.34736633
1000000000.0,1146905830.5499647,phase_noise,31249980.1,2100000.0,3000.0,10,30339480.1,-53.10060883
1000000000.0,1146905830.5499647,phase_noise,31249980.1,2100000.0,3000.0,10,30340980.1,-53.28262329
1000000000.0,1146905830.5499647,phase_noise,31249980.1,2100000.0,3000.0,10,30342480.1,-52.67916489
1000000000.0,1146905830.5499647,phase_noise,31249980.1,2100000.0,3000.0,10,30343980.1,-56.82254791
1000000000.0,1146905830.5499647,phase_noise,31249980.1,2100000.0,3000.0,10,30345480.1,-56.55126953
1000000000.0,1146905830.5499647,phase_noise,31249980.1,2100000.0,3000.0,10,30346980.1,-58.55579376
1000000000.0,1146905830.5499647,phase_noise,31249980.1,2100000.0,3000.0,10,30348480.1,-53.49084473
1000000000.0,1146905830.5499647,phase_noise,31249980.1,2100000.0,3000.0,10,30349980.1,-52.48966599
1000000000.0,1146905830.5499647,phase_noise,31249980.1,2100000.0,3000.0,10,30351480.1,-51.72053146
1000000000.0,1146905830.5499647,phase_noise,31249980.1,2100000.0,3000.0,10,30352980.1,-47.68688583
1000000000.0,1146905830.5499647,phase_noise,31249980.1,2100000.0,3000.0,10,30354480.1,-48.17511749
1000000000.0,1146905830.5499647,phase_noise,31249980.1,2100000.0,3000.0,10,30355980.1,-52.74446869
1000000000.0,1146905830.5499647,phase_noise,31249980.1,2100000.0,3000.0,10,30357480.1,-58.90263748
1000000000.0,1146905830.5499647,phase_noise,31249980.1,2100000.0,3000.0,10,30358980.1,-59.23039246
1000000000.0,1146905830.5499647,phase_noise,31249980.1,2100000.0,3000.0,10,30360480.1,-54.43981934
1000000000.0,1146905830.5499647,phase_noise,31249980.1,2100000.0,3000.0,10,30361980.1,-52.05525589
1000000000.0,1146905830.5499647,phase_noise,31249980.1,2100000.0,3000.0,10,30363480.1,-53.62408447
1000000000.0,1146905830.5499647,phase_noise,31249980.1,2100000.0,3000.0,10,30364980.1,-56.40793228
1000000000.0,1146905830.5499647,phase_noise,31249980.1,2100000.0,3000.0,10,30366480.1,-58.14606094
1000000000.0,1146905830.5499647,phase_noise,31249980.1,2100000.0,3000.0,10,30367980.1,-57.25889969
1000000000.0,1146905830.5499647,phase_noise,31249980.1,2100000.0,3000.0,10,30369480.1,-53.74340057
1000000000.0,1146905830.5499647,phase_noise,31249980.1,2100000.0,3000.0,10,30370980.1,-52.05075455
1000000000.0,1146905830.5499647,phase_noise,31249980.1,2100000.0,3000.0,10,30372480.1,-53.43215942
1000000000.0,1146905830.5499647,phase_noise,31249980.1,2100000.0,3000.0,10,30373980.1,-52.92277527
1000000000.0,1146905830.5499647,phase_noise,31249980.1,2100000.0,3000.0,10,30375480.1,-53.59972382
1000000000.0,1146905830.5499647,phase_noise,31249980.1,2100000.0,3000.0,10,30376980.1,-54.10723114
1000000000.0,1146905830.5499647,phase_noise,31249980.1,2100000.0,3000.0,10,30378480.1,-52.5329361
1000000000.0,1146905830.5499647,phase_noise,31249980.1,2100000.0,3000.0,10,30379980.1,-51.97974396
1000000000.0,1146905830.5499647,phase_noise,31249980.1,2100000.0,3000.0,10,30381480.1,-52.53318787
1000000000.0,1146905830.5499647,phase_noise,31249980.1,2100000.0,3000.0,10,30382980.1,-53.34209442
1000000000.0,1146905830.5499647,phase_noise,31249980.1,2100000.0,3000.0,10,30384480.1,-54.90569687
1000000000.0,1146905830.5499647,phase_noise,31249980.1,2100000.0,3000.0,10,30385980.1,-54.4814949
1000000000.0,1146905830.5499647,phase_noise,31249980.1,2100000.0,3000.0,10,30387480.1,-54.97769165
1000000000.0,1146905830.5499647,phase_noise,31249980.1,2100000.0,3000.0,10,30388980.1,-54.57751083
1000000000.0,1146905830.5499647,phase_noise,31249980.1,2100000.0,3000.0,10,30390480.1,-56.40339279
1000000000.0,1146905830.5499647,phase_noise,31249980.1,2100000.0,3000.0,10,30391980.1,-54.29263306
1000000000.0,1146905830.5499647,phase_noise,31249980.1,2100000.0,3000.0,10,30393480.1,-54.12093735
1000000000.0,1146905830.5499647,phase_noise,31249980.1,2100000.0,3000.0,10,30394980.1,-51.98610687
1000000000.0,1146905830.5499647,phase_noise,31249980.1,2100000.0,3000.0,10,30396480.1,-51.52593994
1000000000.0,1146905830.5499647,phase_noise,31249980.1,2100000.0,3000.0,10,30397980.1,-52.07758713
1000000000.0,1146905830.5499647,phase_noise,31249980.1,2100000.0,3000.0,10,30399480.1,-52.86830902
1000000000.0,1146905830.5499647,phase_noise,31249980.1,2100000.0,3000.0,10,30400980.1,-53.60769272
1000000000.0,1146905830.5499647,phase_noise,31249980.1,2100000.0,3000.0,10,30402480.1,-53.51399994
1000000000.0,1146905830.5499647,phase_noise,31249980.1,2100000.0,3000.0,10,30403980.1,-54.09833908
1000000000.0,1146905830.5499647,phase_noise,31249980.1,2100000.0,3000.0,10,30405480.1,-53.87126923
1000000000.0,1146905830.5499647,phase_noise,31249980.1,2100000.0,3000.0,10,30406980.1,-54.66067123
1000000000.0,1146905830.5499647,phase_noise,31249980.1,2100000.0,3000.0,10,30408480.1,-53.2181778
1000000000.0,1146905830.5499647,phase_noise,31249980.1,2100000.0,3000.0,10,30409980.1,-52.36407852
1000000000.0,1146905830.5499647,phase_noise,31249980.1,2100000.0,3000.0,10,30411480.1,-55.08738708
1000000000.0,1146905830.5499647,phase_noise,31249980.1,2100000.0,3000.0,10,30412980.1,-53.50524902
1000000000.0,1146905830.5499647,phase_noise,31249980.1,2100000.0,3000.0,10,30414480.1,-53.29329681
1000000000.0,1146905830.5499647,phase_noise,31249980.1,2100000.0,3000.0,10,30415980.1,-54.09737015
1000000000.0,1146905830.5499647,phase_noise,31249980.1,2100000.0,3000.0,10,30417480.1,-56.66282654
1000000000.0,1146905830.5499647,phase_noise,31249980.1,2100000.0,3000.0,10,30418980.1,-57.0635376
1000000000.0,1146905830.5499647,phase_noise,31249980.1,2100000.0,3000.0,10,30420480.1,-57.74431229
1000000000.0,1146905830.5499647,phase_noise,31249980.1,2100000.0,3000.0,10,30421980.1,-56.89161682
1000000000.0,1146905830.5499647,phase_noise,31249980.1,2100000.0,3000.0,10,30423480.1,-54.74703598
1000000000.0,1146905830.5499647,phase_noise,31249980.1,2100000.0,3000.0,10,30424980.1,-53.6863327
1000000000.0,1146905830.5499647,phase_noise,31249980.1,2100000.0,3000.0,10,30426480.1,-52.728508
1000000000.0,1146905830.5499647,phase_noise,31249980.1,2100000.0,3000.0,10,30427980.1,-53.57730865
1000000000.0,1146905830.5499647,phase_noise,31249980.1,2100000.0,3000.0,10,30429480.1,-54.63448334
1000000000.0,1146905830.5499647,phase_noise,31249980.1,2100000.0,3000.0,10,30430980.1,-54.17327118
1000000000.0,1146905830.5499647,phase_noise,31249980.1,2100000.0,3000.0,10,30432480.1,-54.77009583
1000000000.0,1146905830.5499647,phase_noise,31249980.1,2100000.0,3000.0,10,30433980.1,-51.70664597
1000000000.0,1146905830.5499647,phase_noise,31249980.1,2100000.0,3000.0,10,30435480.1,-52.18383026
1000000000.0,1146905830.5499647,phase_noise,31249980.1,2100000.0,3000.0,10,30436980.1,-54.68111038
1000000000.0,1146905830.5499647,phase_noise,31249980.1,2100000.0,3000.0,10,30438480.1,-57.24191666
1000000000.0,1146905830.5499647,phase_noise,31249980.1,2100000.0,3000.0,10,30439980.1,-57.36338806
1000000000.0,1146905830.5499647,phase_noise,31249980.1,2100000.0,3000.0,10,30441480.1,-55.42162704
1000000000.0,1146905830.5499647,phase_noise,31249980.1,2100000.0,3000.0,10,30442980.1,-54.48615646
1000000000.0,1146905830.5499647,phase_noise,31249980.1,2100000.0,3000.0,10,30444480.1,-54.81034851
1000000000.0,1146905830.5499647,phase_noise,31249980.1,2100000.0,3000.0,10,30445980.1,-53.12937164
1000000000.0,1146905830.5499647,phase_noise,31249980.1,2100000.0,3000.0,10,30447480.1,-43.48262024
1000000000.0,1146905830.5499647,phase_noise,31249980.1,2100000.0,3000.0,10,30448980.1,-35.77092743
1000000000.0,1146905830.5499647,phase_noise,31249980.1,2100000.0,3000.0,10,30450480.1,-34.24332047
1000000000.0,1146905830.5499647,phase_noise,31249980.1,2100000.0,3000.0,10,30451980.1,-38.51491928
1000000000.0,1146905830.5499647,phase_noise,31249980.1,2100000.0,3000.0,10,30453480.1,-46.90172195
1000000000.0,1146905830.5499647,phase_noise,31249980.1,2100000.0,3000.0,10,30454980.1,-47.96178818
1000000000.0,1146905830.5499647,phase_noise,31249980.1,2100000.0,3000.0,10,30456480.1,-48.47520447
1000000000.0,1146905830.5499647,phase_noise,31249980.1,2100000.0,3000.0,10,30457980.1,-49.95005798
1000000000.0,1146905830.5499647,phase_noise,31249980.1,2100000.0,3000.0,10,30459480.1,-53.86775589
1000000000.0,1146905830.5499647,phase_noise,31249980.1,2100000.0,3000.0,10,30460980.1,-56.27479172
1000000000.0,1146905830.5499647,phase_noise,31249980.1,2100000.0,3000.0,10,30462480.1,-53.87737274
1000000000.0,1146905830.5499647,phase_noise,31249980.1,2100000.0,3000.0,10,30463980.1,-53.28810883
1000000000.0,1146905830.5499647,phase_noise,31249980.1,2100000.0,3000.0,10,30465480.1,-49.27337265
1000000000.0,1146905830.5499647,phase_noise,31249980.1,2100000.0,3000.0,10,30466980.1,-49.19673538
1000000000.0,1146905830.5499647,phase_noise,31249980.1,2100000.0,3000.0,10,30468480.1,-49.13490295
1000000000.0,1146905830.5499647,phase_noise,31249980.1,2100000.0,3000.0,10,30469980.1,-51.45624924
1000000000.0,1146905830.5499647,phase_noise,31249980.1,2100000.0,3000.0,10,30471480.1,-50.0558815
1000000000.0,1146905830.5499647,phase_noise,31249980.1,2100000.0,3000.0,10,30472980.1,-50.9594574
1000000000.0,1146905830.5499647,phase_noise,31249980.1,2100000.0,3000.0,10,30474480.1,-52.16024017
1000000000.0,1146905830.5499647,phase_noise,31249980.1,2100000.0,3000.0,10,30475980.1,-52.49527359
1000000000.0,1146905830.5499647,phase_noise,31249980.1,2100000.0,3000.0,10,30477480.1,-50.72772217
1000000000.0,1146905830.5499647,phase_noise,31249980.1,2100000.0,3000.0,10,30478980.1,-51.2215271
1000000000.0,1146905830.5499647,phase_noise,31249980.1,2100000.0,3000.0,10,30480480.1,-52.65097046
1000000000.0,1146905830.5499647,phase_noise,31249980.1,2100000.0,3000.0,10,30481980.1,-51.62247086
1000000000.0,1146905830.5499647,phase_noise,31249980.1,2100000.0,3000.0,10,30483480.1,-50.18999863
1000000000.0,1146905830.5499647,phase_noise,31249980.1,2100000.0,3000.0,10,30484980.1,-49.56295395
1000000000.0,1146905830.5499647,phase_noise,31249980.1,2100000.0,3000.0,10,30486480.1,-52.45420837
1000000000.0,1146905830.5499647,phase_noise,31249980.1,2100000.0,3000.0,10,30487980.1,-51.24918365
1000000000.0,1146905830.5499647,phase_noise,31249980.1,2100000.0,3000.0,10,30489480.1,-50.26066589
1000000000.0,1146905830.5499647,phase_noise,31249980.1,2100000.0,3000.0,10,30490980.1,-53.76754379
1000000000.0,1146905830.5499647,phase_noise,31249980.1,2100000.0,3000.0,10,30492480.1,-55.87010193
1000000000.0,1146905830.5499647,phase_noise,31249980.1,2100000.0,3000.0,10,30493980.1,-55.92155457
1000000000.0,1146905830.5499647,phase_noise,31249980.1,2100000.0,3000.0,10,30495480.1,-52.36390686
1000000000.0,1146905830.5499647,phase_noise,31249980.1,2100000.0,3000.0,10,30496980.1,-52.54413986
1000000000.0,1146905830.5499647,phase_noise,31249980.1,2100000.0,3000.0,10,30498480.1,-54.45201492
1000000000.0,1146905830.5499647,phase_noise,31249980.1,2100000.0,3000.0,10,30499980.1,-52.69909668
1000000000.0,1146905830.5499647,phase_noise,31249980.1,2100000.0,3000.0,10,30501480.1,-51.68975449
1000000000.0,1146905830.5499647,phase_noise,31249980.1,2100000.0,3000.0,10,30502980.1,-49.90493393
1000000000.0,1146905830.5499647,phase_noise,31249980.1,2100000.0,3000.0,10,30504480.1,-46.87541962
1000000000.0,1146905830.5499647,phase_noise,31249980.1,2100000.0,3000.0,10,30505980.1,-48.01773071
1000000000.0,1146905830.5499647,phase_noise,31249980.1,2100000.0,3000.0,10,30507480.1,-48.63838196
1000000000.0,1146905830.5499647,phase_noise,31249980.1,2100000.0,3000.0,10,30508980.1,-50.87050247
1000000000.0,1146905830.5499647,phase_noise,31249980.1,2100000.0,3000.0,10,30510480.1,-53.17874527
1000000000.0,1146905830.5499647,phase_noise,31249980.1,2100000.0,3000.0,10,30511980.1,-54.13794327
1000000000.0,1146905830.5499647,phase_noise,31249980.1,2100000.0,3000.0,10,30513480.1,-51.13705063
1000000000.0,1146905830.5499647,phase_noise,31249980.1,2100000.0,3000.0,10,30514980.1,-49.62042999
1000000000.0,1146905830.5499647,phase_noise,31249980.1,2100000.0,3000.0,10,30516480.1,-51.98549652
1000000000.0,1146905830.5499647,phase_noise,31249980.1,2100000.0,3000.0,10,30517980.1,-52.70931244
1000000000.0,1146905830.5499647,phase_noise,31249980.1,2100000.0,3000.0,10,30519480.1,-50.86774826
1000000000.0,1146905830.5499647,phase_noise,31249980.1,2100000.0,3000.0,10,30520980.1,-49.64842987
1000000000.0,1146905830.5499647,phase_noise,31249980.1,2100000.0,3000.0,10,30522480.1,-47.65125275
1000000000.0,1146905830.5499647,phase_noise,31249980.1,2100000.0,3000.0,10,30523980.1,-46.01773453
1000000000.0,1146905830.5499647,phase_noise,31249980.1,2100000.0,3000.0,10,30525480.1,-45.98413086
1000000000.0,1146905830.5499647,phase_noise,31249980.1,2100000.0,3000.0,10,30526980.1,-47.57645035
1000000000.0,1146905830.5499647,phase_noise,31249980.1,2100000.0,3000.0,10,30528480.1,-49.79779434
1000000000.0,1146905830.5499647,phase_noise,31249980.1,2100000.0,3000.0,10,30529980.1,-44.7443428
1000000000.0,1146905830.5499647,phase_noise,31249980.1,2100000.0,3000.0,10,30531480.1,-34.33562851
1000000000.0,1146905830.5499647,phase_noise,31249980.1,2100000.0,3000.0,10,30532980.1,-31.24544525
1000000000.0,1146905830.5499647,phase_noise,31249980.1,2100000.0,3000.0,10,30534480.1,-34.41863632
1000000000.0,1146905830.5499647,phase_noise,31249980.1,2100000.0,3000.0,10,30535980.1,-43.94060135
1000000000.0,1146905830.5499647,phase_noise,31249980.1,2100000.0,3000.0,10,30537480.1,-50.96287155
1000000000.0,1146905830.5499647,phase_noise,31249980.1,2100000.0,3000.0,10,30538980.1,-48.82799911
1000000000.0,1146905830.5499647,phase_noise,31249980.1,2100000.0,3000.0,10,30540480.1,-43.53067017
1000000000.0,1146905830.5499647,phase_noise,31249980.1,2100000.0,3000.0,10,30541980.1,-34.53382874
1000000000.0,1146905830.5499647,phase_noise,31249980.1,2100000.0,3000.0,10,30543480.1,-31.75905991
1000000000.0,1146905830.5499647,phase_noise,31249980.1,2100000.0,3000.0,10,30544980.1,-34.75708389
1000000000.0,1146905830.5499647,phase_noise,31249980.1,2100000.0,3000.0,10,30546480.1,-42.55322266
1000000000.0,1146905830.5499647,phase_noise,31249980.1,2100000.0,3000.0,10,30547980.1,-48.95991898
1000000000.0,1146905830.5499647,phase_noise,31249980.1,2100000.0,3000.0,10,30549480.1,-49.53866196
1000000000.0,1146905830.5499647,phase_noise,31249980.1,2100000.0,3000.0,10,30550980.1,-53.30210114
1000000000.0,1146905830.5499647,phase_noise,31249980.1,2100000.0,3000.0,10,30552480.1,-50.18199921
1000000000.0,1146905830.5499647,phase_noise,31249980.1,2100000.0,3000.0,10,30553980.1,-43.03943634
1000000000.0,1146905830.5499647,phase_noise,31249980.1,2100000.0,3000.0,10,30555480.1,-38.78934479
1000000000.0,1146905830.5499647,phase_noise,31249980.1,2100000.0,3000.0,10,30556980.1,-40.52710342
1000000000.0,1146905830.5499647,phase_noise,31249980.1,2100000.0,3000.0,10,30558480.1,-44.63217163
1000000000.0,1146905830.5499647,phase_noise,31249980.1,2100000.0,3000.0,10,30559980.1,-46.00706863
1000000000.0,1146905830.5499647,phase_noise,31249980.1,2100000.0,3000.0,10,30561480.1,-48.64471054
1000000000.0,1146905830.5499647,phase_noise,31249980.1,2100000.0,3000.0,10,30562980.1,-49.20154572
1000000000.0,1146905830.5499647,phase_noise,31249980.1,2100000.0,3000.0,10,30564480.1,-50.5495224
1000000000.0,1146905830.5499647,phase_noise,31249980.1,2100000.0,3000.0,10,30565980.1,-47.95147705
1000000000.0,1146905830.5499647,phase_noise,31249980.1,2100000.0,3000.0,10,30567480.1,-50.38976288
1000000000.0,1146905830.5499647,phase_noise,31249980.1,2100000.0,3000.0,10,30568980.1,-48.03873825
1000000000.0,1146905830.5499647,phase_noise,31249980.1,2100000.0,3000.0,10,30570480.1,-49.46897888
1000000000.0,1146905830.5499647,phase_noise,31249980.1,2100000.0,3000.0,10,30571980.1,-51.75341797
1000000000.0,1146905830.5499647,phase_noise,31249980.1,2100000.0,3000.0,10,30573480.1,-51.01950073
1000000000.0,1146905830.5499647,phase_noise,31249980.1,2100000.0,3000.0,10,30574980.1,-51.59204865
1000000000.0,1146905830.5499647,phase_noise,31249980.1,2100000.0,3000.0,10,30576480.1,-49.51553345
1000000000.0,1146905830.5499647,phase_noise,31249980.1,2100000.0,3000.0,10,30577980.1,-49.00058746
1000000000.0,1146905830.5499647,phase_noise,31249980.1,2100000.0,3000.0,10,30579480.1,-50.86307144
1000000000.0,1146905830.5499647,phase_noise,31249980.1,2100000.0,3000.0,10,30580980.1,-50.93632126
1000000000.0,1146905830.5499647,phase_noise,31249980.1,2100000.0,3000.0,10,30582480.1,-49.41666412
1000000000.0,1146905830.5499647,phase_noise,31249980.1,2100000.0,3000.0,10,30583980.1,-49.96697235
1000000000.0,1146905830.5499647,phase_noise,31249980.1,2100000.0,3000.0,10,30585480.1,-49.37120056
1000000000.0,1146905830.5499647,phase_noise,31249980.1,2100000.0,3000.0,10,30586980.1,-50.36186218
1000000000.0,1146905830.5499647,phase_noise,31249980.1,2100000.0,3000.0,10,30588480.1,-52.62311554
1000000000.0,1146905830.5499647,phase_noise,31249980.1,2100000.0,3000.0,10,30589980.1,-51.61313629
1000000000.0,1146905830.5499647,phase_noise,31249980.1,2100000.0,3000.0,10,30591480.1,-52.2494278
1000000000.0,1146905830.5499647,phase_noise,31249980.1,2100000.0,3000.0,10,30592980.1,-51.9667778
1000000000.0,1146905830.5499647,phase_noise,31249980.1,2100000.0,3000.0,10,30594480.1,-51.96134186
1000000000.0,1146905830.5499647,phase_noise,31249980.1,2100000.0,3000.0,10,30595980.1,-50.86885452
1000000000.0,1146905830.5499647,phase_noise,31249980.1,2100000.0,3000.0,10,30597480.1,-49.95568085
1000000000.0,1146905830.5499647,phase_noise,31249980.1,2100000.0,3000.0,10,30598980.1,-49.35428238
1000000000.0,1146905830.5499647,phase_noise,31249980.1,2100000.0,3000.0,10,30600480.1,-51.47013092
1000000000.0,1146905830.5499647,phase_noise,31249980.1,2100000.0,3000.0,10,30601980.1,-50.53814697
1000000000.0,1146905830.5499647,phase_noise,31249980.1,2100000.0,3000.0,10,30603480.1,-52.14182281
1000000000.0,1146905830.5499647,phase_noise,31249980.1,2100000.0,3000.0,10,30604980.1,-50.98703003
1000000000.0,1146905830.5499647,phase_noise,31249980.1,2100000.0,3000.0,10,30606480.1,-49.55741501
1000000000.0,1146905830.5499647,phase_noise,31249980.1,2100000.0,3000.0,10,30607980.1,-49.00040817
1000000000.0,1146905830.5499647,phase_noise,31249980.1,2100000.0,3000.0,10,30609480.1,-49.66864777
1000000000.0,1146905830.5499647,phase_noise,31249980.1,2100000.0,3000.0,10,30610980.1,-50.32231903
1000000000.0,1146905830.5499647,phase_noise,31249980.1,2100000.0,3000.0,10,30612480.1,-46.77666473
1000000000.0,1146905830.5499647,phase_noise,31249980.1,2100000.0,3000.0,10,30613980.1,-46.02652359
1000000000.0,1146905830.5499647,phase_noise,31249980.1,2100000.0,3000.0,10,30615480.1,-47.7923317
1000000000.0,1146905830.5499647,phase_noise,31249980.1,2100000.0,3000.0,10,30616980.1,-48.05921936
1000000000.0,1146905830.5499647,phase_noise,31249980.1,2100000.0,3000.0,10,30618480.1,-48.07961273
1000000000.0,1146905830.5499647,phase_noise,31249980.1,2100000.0,3000.0,10,30619980.1,-47.01368332
1000000000.0,1146905830.5499647,phase_noise,31249980.1,2100000.0,3000.0,10,30621480.1,-48.4574585
1000000000.0,1146905830.5499647,phase_noise,31249980.1,2100000.0,3000.0,10,30622980.1,-51.57041168
1000000000.0,1146905830.5499647,phase_noise,31249980.1,2100000.0,3000.0,10,30624480.1,-49.8926239
1000000000.0,1146905830.5499647,phase_noise,31249980.1,2100000.0,3000.0,10,30625980.1,-47.98355103
1000000000.0,1146905830.5499647,phase_noise,31249980.1,2100000.0,3000.0,10,30627480.1,-48.14393616
1000000000.0,1146905830.5499647,phase_noise,31249980.1,2100000.0,3000.0,10,30628980.1,-49.18966675
1000000000.0,1146905830.5499647,phase_noise,31249980.1,2100000.0,3000.0,10,30630480.1,-47.59004974
1000000000.0,1146905830.5499647,phase_noise,31249980.1,2100000.0,3000.0,10,30631980.1,-47.93399048
1000000000.0,1146905830.5499647,phase_noise,31249980.1,2100000.0,3000.0,10,30633480.1,-49.18189621
1000000000.0,1146905830.5499647,phase_noise,31249980.1,2100000.0,3000.0,10,30634980.1,-50.72655487
1000000000.0,1146905830.5499647,phase_noise,31249980.1,2100000.0,3000.0,10,30636480.1,-49.6390419
1000000000.0,1146905830.5499647,phase_noise,31249980.1,2100000.0,3000.0,10,30637980.1,-51.99685287
1000000000.0,1146905830.5499647,phase_noise,31249980.1,2100000.0,3000.0,10,30639480.1,-53.96831512
1000000000.0,1146905830.5499647,phase_noise,31249980.1,2100000.0,3000.0,10,30640980.1,-51.7401619
1000000000.0,1146905830.5499647,phase_noise,31249980.1,2100000.0,3000.0,10,30642480.1,-48.57297897
1000000000.0,1146905830.5499647,phase_noise,31249980.1,2100000.0,3000.0,10,30643980.1,-48.35491943
1000000000.0,1146905830.5499647,phase_noise,31249980.1,2100000.0,3000.0,10,30645480.1,-50.18597794
1000000000.0,1146905830.5499647,phase_noise,31249980.1,2100000.0,3000.0,10,30646980.1,-51.53030777
1000000000.0,1146905830.5499647,phase_noise,31249980.1,2100000.0,3000.0,10,30648480.1,-51.21294403
1000000000.0,1146905830.5499647,phase_noise,31249980.1,2100000.0,3000.0,10,30649980.1,-50.6930275
1000000000.0,1146905830.5499647,phase_noise,31249980.1,2100000.0,3000.0,10,30651480.1,-50.31647491
1000000000.0,1146905830.5499647,phase_noise,31249980.1,2100000.0,3000.0,10,30652980.1,-52.58158493
1000000000.0,1146905830.5499647,phase_noise,31249980.1,2100000.0,3000.0,10,30654480.1,-55.31895065
1000000000.0,1146905830.5499647,phase_noise,31249980.1,2100000.0,3000.0,10,30655980.1,-54.16518402
1000000000.0,1146905830.5499647,phase_noise,31249980.1,2100000.0,3000.0,10,30657480.1,-53.06820679
1000000000.0,1146905830.5499647,phase_noise,31249980.1,2100000.0,3000.0,10,30658980.1,-53.73472595
1000000000.0,1146905830.5499647,phase_noise,31249980.1,2100000.0,3000.0,10,30660480.1,-55.56793213
1000000000.0,1146905830.5499647,phase_noise,31249980.1,2100000.0,3000.0,10,30661980.1,-54.00629425
1000000000.0,1146905830.5499647,phase_noise,31249980.1,2100000.0,3000.0,10,30663480.1,-51.10715103
1000000000.0,1146905830.5499647,phase_noise,31249980.1,2100000.0,3000.0,10,30664980.1,-50.49427795
1000000000.0,1146905830.5499647,phase_noise,31249980.1,2100000.0,3000.0,10,30666480.1,-52.36725998
1000000000.0,1146905830.5499647,phase_noise,31249980.1,2100000.0,3000.0,10,30667980.1,-53.21639633
1000000000.0,1146905830.5499647,phase_noise,31249980.1,2100000.0,3000.0,10,30669480.1,-53.85340118
1000000000.0,1146905830.5499647,phase_noise,31249980.1,2100000.0,3000.0,10,30670980.1,-52.33734512
1000000000.0,1146905830.5499647,phase_noise,31249980.1,2100000.0,3000.0,10,30672480.1,-53.53697968
1000000000.0,1146905830.5499647,phase_noise,31249980.1,2100000.0,3000.0,10,30673980.1,-55.68107224
1000000000.0,1146905830.5499647,phase_noise,31249980.1,2100000.0,3000.0,10,30675480.1,-53.79056931
1000000000.0,1146905830.5499647,phase_noise,31249980.1,2100000.0,3000.0,10,30676980.1,-52.59295273
1000000000.0,1146905830.5499647,phase_noise,31249980.1,2100000.0,3000.0,10,30678480.1,-54.09695816
1000000000.0,1146905830.5499647,phase_noise,31249980.1,2100000.0,3000.0,10,30679980.1,-52.71121979
1000000000.0,1146905830.5499647,phase_noise,31249980.1,2100000.0,3000.0,10,30681480.1,-52.14857483
1000000000.0,1146905830.5499647,phase_noise,31249980.1,2100000.0,3000.0,10,30682980.1,-53.04777908
1000000000.0,1146905830.5499647,phase_noise,31249980.1,2100000.0,3000.0,10,30684480.1,-53.51885605
1000000000.0,1146905830.5499647,phase_noise,31249980.1,2100000.0,3000.0,10,30685980.1,-53.52806473
1000000000.0,1146905830.5499647,phase_noise,31249980.1,2100000.0,3000.0,10,30687480.1,-51.81884003
1000000000.0,1146905830.5499647,phase_noise,31249980.1,2100000.0,3000.0,10,30688980.1,-52.44484329
1000000000.0,1146905830.5499647,phase_noise,31249980.1,2100000.0,3000.0,10,30690480.1,-54.0464859
1000000000.0,1146905830.5499647,phase_noise,31249980.1,2100000.0,3000.0,10,30691980.1,-53.60252762
1000000000.0,1146905830.5499647,phase_noise,31249980.1,2100000.0,3000.0,10,30693480.1,-52.17033386
1000000000.0,1146905830.5499647,phase_noise,31249980.1,2100000.0,3000.0,10,30694980.1,-54.70663071
1000000000.0,1146905830.5499647,phase_noise,31249980.1,2100000.0,3000.0,10,30696480.1,-53.22355652
1000000000.0,1146905830.5499647,phase_noise,31249980.1,2100000.0,3000.0,10,30697980.1,-55.46554565
1000000000.0,1146905830.5499647,phase_noise,31249980.1,2100000.0,3000.0,10,30699480.1,-53.90576935
1000000000.0,1146905830.5499647,phase_noise,31249980.1,2100000.0,3000.0,10,30700980.1,-53.9216423
1000000000.0,1146905830.5499647,phase_noise,31249980.1,2100000.0,3000.0,10,30702480.1,-53.79293823
1000000000.0,1146905830.5499647,phase_noise,31249980.1,2100000.0,3000.0,10,30703980.1,-55.7439003
1000000000.0,1146905830.5499647,phase_noise,31249980.1,2100000.0,3000.0,10,30705480.1,-57.05502701
1000000000.0,1146905830.5499647,phase_noise,31249980.1,2100000.0,3000.0,10,30706980.1,-56.07133484
1000000000.0,1146905830.5499647,phase_noise,31249980.1,2100000.0,3000.0,10,30708480.1,-52.7277832
1000000000.0,1146905830.5499647,phase_noise,31249980.1,2100000.0,3000.0,10,30709980.1,-50.09183884
1000000000.0,1146905830.5499647,phase_noise,31249980.1,2100000.0,3000.0,10,30711480.1,-45.2868042
1000000000.0,1146905830.5499647,phase_noise,31249980.1,2100000.0,3000.0,10,30712980.1,-45.58833694
1000000000.0,1146905830.5499647,phase_noise,31249980.1,2100000.0,3000.0,10,30714480.1,-51.18422318
1000000000.0,1146905830.5499647,phase_noise,31249980.1,2100000.0,3000.0,10,30715980.1,-54.94517899
1000000000.0,1146905830.5499647,phase_noise,31249980.1,2100000.0,3000.0,10,30717480.1,-55.97714233
1000000000.0,1146905830.5499647,phase_noise,31249980.1,2100000.0,3000.0,10,30718980.1,-55.0402298
1000000000.0,1146905830.5499647,phase_noise,31249980.1,2100000.0,3000.0,10,30720480.1,-54.6951561
1000000000.0,1146905830.5499647,phase_noise,31249980.1,2100000.0,3000.0,10,30721980.1,-54.27326584
1000000000.0,1146905830.5499647,phase_noise,31249980.1,2100000.0,3000.0,10,30723480.1,-53.34345627
1000000000.0,1146905830.5499647,phase_noise,31249980.1,2100000.0,3000.0,10,30724980.1,-53.25666809
1000000000.0,1146905830.5499647,phase_noise,31249980.1,2100000.0,3000.0,10,30726480.1,-55.2489624
1000000000.0,1146905830.5499647,phase_noise,31249980.1,2100000.0,3000.0,10,30727980.1,-55.16624832
1000000000.0,1146905830.5499647,phase_noise,31249980.1,2100000.0,3000.0,10,30729480.1,-55.90826797
1000000000.0,1146905830.5499647,phase_noise,31249980.1,2100000.0,3000.0,10,30730980.1,-56.00571442
1000000000.0,1146905830.5499647,phase_noise,31249980.1,2100000.0,3000.0,10,30732480.1,-54.52085114
1000000000.0,1146905830.5499647,phase_noise,31249980.1,2100000.0,3000.0,10,30733980.1,-55.46614456
1000000000.0,1146905830.5499647,phase_noise,31249980.1,2100000.0,3000.0,10,30735480.1,-56.67707062
1000000000.0,1146905830.5499647,phase_noise,31249980.1,2100000.0,3000.0,10,30736980.1,-55.4269104
1000000000.0,1146905830.5499647,phase_noise,31249980.1,2100000.0,3000.0,10,30738480.1,-56.15022278
1000000000.0,1146905830.5499647,phase_noise,31249980.1,2100000.0,3000.0,10,30739980.1,-56.73212051
1000000000.0,1146905830.5499647,phase_noise,31249980.1,2100000.0,3000.0,10,30741480.1,-54.23562241
1000000000.0,1146905830.5499647,phase_noise,31249980.1,2100000.0,3000.0,10,30742980.1,-53.95743561
1000000000.0,1146905830.5499647,phase_noise,31249980.1,2100000.0,3000.0,10,30744480.1,-54.14076614
1000000000.0,1146905830.5499647,phase_noise,31249980.1,2100000.0,3000.0,10,30745980.1,-56.73085022
1000000000.0,1146905830.5499647,phase_noise,31249980.1,2100000.0,3000.0,10,30747480.1,-57.45094681
1000000000.0,1146905830.5499647,phase_noise,31249980.1,2100000.0,3000.0,10,30748980.1,-54.03063965
1000000000.0,1146905830.5499647,phase_noise,31249980.1,2100000.0,3000.0,10,30750480.1,-54.01272964
1000000000.0,1146905830.5499647,phase_noise,31249980.1,2100000.0,3000.0,10,30751980.1,-56.08729553
1000000000.0,1146905830.5499647,phase_noise,31249980.1,2100000.0,3000.0,10,30753480.1,-60.05384445
1000000000.0,1146905830.5499647,phase_noise,31249980.1,2100000.0,3000.0,10,30754980.1,-58.38970947
1000000000.0,1146905830.5499647,phase_noise,31249980.1,2100000.0,3000.0,10,30756480.1,-56.97897339
1000000000.0,1146905830.5499647,phase_noise,31249980.1,2100000.0,3000.0,10,30757980.1,-56.2227478
1000000000.0,1146905830.5499647,phase_noise,31249980.1,2100000.0,3000.0,10,30759480.1,-52.10465622
1000000000.0,1146905830.5499647,phase_noise,31249980.1,2100000.0,3000.0,10,30760980.1,-53.47879791
1000000000.0,1146905830.5499647,phase_noise,31249980.1,2100000.0,3000.0,10,30762480.1,-55.30788803
1000000000.0,1146905830.5499647,phase_noise,31249980.1,2100000.0,3000.0,10,30763980.1,-56.20316696
1000000000.0,1146905830.5499647,phase_noise,31249980.1,2100000.0,3000.0,10,30765480.1,-55.77715302
1000000000.0,1146905830.5499647,phase_noise,31249980.1,2100000.0,3000.0,10,30766980.1,-55.07730103
1000000000.0,1146905830.5499647,phase_noise,31249980.1,2100000.0,3000.0,10,30768480.1,-58.74163055
1000000000.0,1146905830.5499647,phase_noise,31249980.1,2100000.0,3000.0,10,30769980.1,-63.2053299
1000000000.0,1146905830.5499647,phase_noise,31249980.1,2100000.0,3000.0,10,30771480.1,-57.16350555
1000000000.0,1146905830.5499647,phase_noise,31249980.1,2100000.0,3000.0,10,30772980.1,-55.07485199
1000000000.0,1146905830.5499647,phase_noise,31249980.1,2100000.0,3000.0,10,30774480.1,-55.73958206
1000000000.0,1146905830.5499647,phase_noise,31249980.1,2100000.0,3000.0,10,30775980.1,-54.74536896
1000000000.0,1146905830.5499647,phase_noise,31249980.1,2100000.0,3000.0,10,30777480.1,-54.34186935
1000000000.0,1146905830.5499647,phase_noise,31249980.1,2100000.0,3000.0,10,30778980.1,-53.54682159
1000000000.0,1146905830.5499647,phase_noise,31249980.1,2100000.0,3000.0,10,30780480.1,-54.28527451
1000000000.0,1146905830.5499647,phase_noise,31249980.1,2100000.0,3000.0,10,30781980.1,-53.47861862
1000000000.0,1146905830.5499647,phase_noise,31249980.1,2100000.0,3000.0,10,30783480.1,-53.67453003
1000000000.0,1146905830.5499647,phase_noise,31249980.1,2100000.0,3000.0,10,30784980.1,-53.82941055
1000000000.0,1146905830.5499647,phase_noise,31249980.1,2100000.0,3000.0,10,30786480.1,-55.81848145
1000000000.0,1146905830.5499647,phase_noise,31249980.1,2100000.0,3000.0,10,30787980.1,-55.9734993
1000000000.0,1146905830.5499647,phase_noise,31249980.1,2100000.0,3000.0,10,30789480.1,-55.02020264
1000000000.0,1146905830.5499647,phase_noise,31249980.1,2100000.0,3000.0,10,30790980.1,-55.86098099
1000000000.0,1146905830.5499647,phase_noise,31249980.1,2100000.0,3000.0,10,30792480.1,-58.33732986
1000000000.0,1146905830.5499647,phase_noise,31249980.1,2100000.0,3000.0,10,30793980.1,-56.49493408
1000000000.0,1146905830.5499647,phase_noise,31249980.1,2100000.0,3000.0,10,30795480.1,-56.02178192
1000000000.0,1146905830.5499647,phase_noise,31249980.1,2100000.0,3000.0,10,30796980.1,-57.19356537
1000000000.0,1146905830.5499647,phase_noise,31249980.1,2100000.0,3000.0,10,30798480.1,-58.07633972
1000000000.0,1146905830.5499647,phase_noise,31249980.1,2100000.0,3000.0,10,30799980.1,-57.10003281
1000000000.0,1146905830.5499647,phase_noise,31249980.1,2100000.0,3000.0,10,30801480.1,-55.88235474
1000000000.0,1146905830.5499647,phase_noise,31249980.1,2100000.0,3000.0,10,30802980.1,-56.12976074
1000000000.0,1146905830.5499647,phase_noise,31249980.1,2100000.0,3000.0,10,30804480.1,-59.29590607
1000000000.0,1146905830.5499647,phase_noise,31249980.1,2100000.0,3000.0,10,30805980.1,-57.80376434
1000000000.0,1146905830.5499647,phase_noise,31249980.1,2100000.0,3000.0,10,30807480.1,-57.64932251
1000000000.0,1146905830.5499647,phase_noise,31249980.1,2100000.0,3000.0,10,30808980.1,-58.90557861
1000000000.0,1146905830.5499647,phase_noise,31249980.1,2100000.0,3000.0,10,30810480.1,-61.56658554
1000000000.0,1146905830.5499647,phase_noise,31249980.1,2100000.0,3000.0,10,30811980.1,-58.30356598
1000000000.0,1146905830.5499647,phase_noise,31249980.1,2100000.0,3000.0,10,30813480.1,-55.75389099
1000000000.0,1146905830.5499647,phase_noise,31249980.1,2100000.0,3000.0,10,30814980.1,-55.00400543
1000000000.0,1146905830.5499647,phase_noise,31249980.1,2100000.0,3000.0,10,30816480.1,-57.69193268
1000000000.0,1146905830.5499647,phase_noise,31249980.1,2100000.0,3000.0,10,30817980.1,-55.75707626
1000000000.0,1146905830.5499647,phase_noise,31249980.1,2100000.0,3000.0,10,30819480.1,-57.12176514
1000000000.0,1146905830.5499647,phase_noise,31249980.1,2100000.0,3000.0,10,30820980.1,-62.22711182
1000000000.0,1146905830.5499647,phase_noise,31249980.1,2100000.0,3000.0,10,30822480.1,-58.91210937
1000000000.0,1146905830.5499647,phase_noise,31249980.1,2100000.0,3000.0,10,30823980.1,-57.71530914
1000000000.0,1146905830.5499647,phase_noise,31249980.1,2100000.0,3000.0,10,30825480.1,-60.09671783
1000000000.0,1146905830.5499647,phase_noise,31249980.1,2100000.0,3000.0,10,30826980.1,-62.85813522
1000000000.0,1146905830.5499647,phase_noise,31249980.1,2100000.0,3000.0,10,30828480.1,-61.10808563
1000000000.0,1146905830.5499647,phase_noise,31249980.1,2100000.0,3000.0,10,30829980.1,-60.0107193
1000000000.0,1146905830.5499647,phase_noise,31249980.1,2100000.0,3000.0,10,30831480.1,-61.43949127
1000000000.0,1146905830.5499647,phase_noise,31249980.1,2100000.0,3000.0,10,30832980.1,-61.58716583
1000000000.0,1146905830.5499647,phase_noise,31249980.1,2100000.0,3000.0,10,30834480.1,-58.71430969
1000000000.0,1146905830.5499647,phase_noise,31249980.1,2100000.0,3000.0,10,30835980.1,-58.59902954
1000000000.0,1146905830.5499647,phase_noise,31249980.1,2100000.0,3000.0,10,30837480.1,-57.52676392
1000000000.0,1146905830.5499647,phase_noise,31249980.1,2100000.0,3000.0,10,30838980.1,-58.3476181
1000000000.0,1146905830.5499647,phase_noise,31249980.1,2100000.0,3000.0,10,30840480.1,-57.52039719
1000000000.0,1146905830.5499647,phase_noise,31249980.1,2100000.0,3000.0,10,30841980.1,-58.14407349
1000000000.0,1146905830.5499647,phase_noise,31249980.1,2100000.0,3000.0,10,30843480.1,-58.68140411
1000000000.0,1146905830.5499647,phase_noise,31249980.1,2100000.0,3000.0,10,30844980.1,-58.62747192
1000000000.0,1146905830.5499647,phase_noise,31249980.1,2100000.0,3000.0,10,30846480.1,-59.9647522
1000000000.0,1146905830.5499647,phase_noise,31249980.1,2100000.0,3000.0,10,30847980.1,-63.08279037
1000000000.0,1146905830.5499647,phase_noise,31249980.1,2100000.0,3000.0,10,30849480.1,-62.60748291
1000000000.0,1146905830.5499647,phase_noise,31249980.1,2100000.0,3000.0,10,30850980.1,-60.49863815
1000000000.0,1146905830.5499647,phase_noise,31249980.1,2100000.0,3000.0,10,30852480.1,-56.97164154
1000000000.0,1146905830.5499647,phase_noise,31249980.1,2100000.0,3000.0,10,30853980.1,-57.24341965
1000000000.0,1146905830.5499647,phase_noise,31249980.1,2100000.0,3000.0,10,30855480.1,-58.34220123
1000000000.0,1146905830.5499647,phase_noise,31249980.1,2100000.0,3000.0,10,30856980.1,-54.35583496
1000000000.0,1146905830.5499647,phase_noise,31249980.1,2100000.0,3000.0,10,30858480.1,-52.3447113
1000000000.0,1146905830.5499647,phase_noise,31249980.1,2100000.0,3000.0,10,30859980.1,-56.46229935
1000000000.0,1146905830.5499647,phase_noise,31249980.1,2100000.0,3000.0,10,30861480.1,-61.90852356
1000000000.0,1146905830.5499647,phase_noise,31249980.1,2100000.0,3000.0,10,30862980.1,-59.01484299
1000000000.0,1146905830.5499647,phase_noise,31249980.1,2100000.0,3000.0,10,30864480.1,-59.32058716
1000000000.0,1146905830.5499647,phase_noise,31249980.1,2100000.0,3000.0,10,30865980.1,-61.57888794
1000000000.0,1146905830.5499647,phase_noise,31249980.1,2100000.0,3000.0,10,30867480.1,-63.13850403
1000000000.0,1146905830.5499647,phase_noise,31249980.1,2100000.0,3000.0,10,30868980.1,-61.86002731
1000000000.0,1146905830.5499647,phase_noise,31249980.1,2100000.0,3000.0,10,30870480.1,-58.70962906
1000000000.0,1146905830.5499647,phase_noise,31249980.1,2100000.0,3000.0,10,30871980.1,-58.42873001
1000000000.0,1146905830.5499647,phase_noise,31249980.1,2100000.0,3000.0,10,30873480.1,-57.74685287
1000000000.0,1146905830.5499647,phase_noise,31249980.1,2100000.0,3000.0,10,30874980.1,-59.48069382
1000000000.0,1146905830.5499647,phase_noise,31249980.1,2100000.0,3000.0,10,30876480.1,-57.15438843
1000000000.0,1146905830.5499647,phase_noise,31249980.1,2100000.0,3000.0,10,30877980.1,-56.90524292
1000000000.0,1146905830.5499647,phase_noise,31249980.1,2100000.0,3000.0,10,30879480.1,-55.40938568
1000000000.0,1146905830.5499647,phase_noise,31249980.1,2100000.0,3000.0,10,30880980.1,-53.55243301
1000000000.0,1146905830.5499647,phase_noise,31249980.1,2100000.0,3000.0,10,30882480.1,-56.87103271
1000000000.0,1146905830.5499647,phase_noise,31249980.1,2100000.0,3000.0,10,30883980.1,-59.15922165
1000000000.0,1146905830.5499647,phase_noise,31249980.1,2100000.0,3000.0,10,30885480.1,-58.7644577
1000000000.0,1146905830.5499647,phase_noise,31249980.1,2100000.0,3000.0,10,30886980.1,-61.38669586
1000000000.0,1146905830.5499647,phase_noise,31249980.1,2100000.0,3000.0,10,30888480.1,-55.01092911
1000000000.0,1146905830.5499647,phase_noise,31249980.1,2100000.0,3000.0,10,30889980.1,-48.20211792
1000000000.0,1146905830.5499647,phase_noise,31249980.1,2100000.0,3000.0,10,30891480.1,-46.76626205
1000000000.0,1146905830.5499647,phase_noise,31249980.1,2100000.0,3000.0,10,30892980.1,-51.29762268
1000000000.0,1146905830.5499647,phase_noise,31249980.1,2100000.0,3000.0,10,30894480.1,-50.85227203
1000000000.0,1146905830.5499647,phase_noise,31249980.1,2100000.0,3000.0,10,30895980.1,-45.75017166
1000000000.0,1146905830.5499647,phase_noise,31249980.1,2100000.0,3000.0,10,30897480.1,-46.21250916
1000000000.0,1146905830.5499647,phase_noise,31249980.1,2100000.0,3000.0,10,30898980.1,-52.03864288
1000000000.0,1146905830.5499647,phase_noise,31249980.1,2100000.0,3000.0,10,30900480.1,-58.6062851
1000000000.0,1146905830.5499647,phase_noise,31249980.1,2100000.0,3000.0,10,30901980.1,-59.83190155
1000000000.0,1146905830.5499647,phase_noise,31249980.1,2100000.0,3000.0,10,30903480.1,-61.83121109
1000000000.0,1146905830.5499647,phase_noise,31249980.1,2100000.0,3000.0,10,30904980.1,-59.23935699
1000000000.0,1146905830.5499647,phase_noise,31249980.1,2100000.0,3000.0,10,30906480.1,-58.18706894
1000000000.0,1146905830.5499647,phase_noise,31249980.1,2100000.0,3000.0,10,30907980.1,-59.007061
1000000000.0,1146905830.5499647,phase_noise,31249980.1,2100000.0,3000.0,10,30909480.1,-60.1692276
1000000000.0,1146905830.5499647,phase_noise,31249980.1,2100000.0,3000.0,10,30910980.1,-57.69573593
1000000000.0,1146905830.5499647,phase_noise,31249980.1,2100000.0,3000.0,10,30912480.1,-55.40149689
1000000000.0,1146905830.5499647,phase_noise,31249980.1,2100000.0,3000.0,10,30913980.1,-55.85787964
1000000000.0,1146905830.5499647,phase_noise,31249980.1,2100000.0,3000.0,10,30915480.1,-54.95795822
1000000000.0,1146905830.5499647,phase_noise,31249980.1,2100000.0,3000.0,10,30916980.1,-57.73830032
1000000000.0,1146905830.5499647,phase_noise,31249980.1,2100000.0,3000.0,10,30918480.1,-59.93342209
1000000000.0,1146905830.5499647,phase_noise,31249980.1,2100000.0,3000.0,10,30919980.1,-61.45232391
1000000000.0,1146905830.5499647,phase_noise,31249980.1,2100000.0,3000.0,10,30921480.1,-62.89631653
1000000000.0,1146905830.5499647,phase_noise,31249980.1,2100000.0,3000.0,10,30922980.1,-62.56855774
1000000000.0,1146905830.5499647,phase_noise,31249980.1,2100000.0,3000.0,10,30924480.1,-60.72764587
1000000000.0,1146905830.5499647,phase_noise,31249980.1,2100000.0,3000.0,10,30925980.1,-62.39801025
1000000000.0,1146905830.5499647,phase_noise,31249980.1,2100000.0,3000.0,10,30927480.1,-60.38285065
1000000000.0,1146905830.5499647,phase_noise,31249980.1,2100000.0,3000.0,10,30928980.1,-62.43457031
1000000000.0,1146905830.5499647,phase_noise,31249980.1,2100000.0,3000.0,10,30930480.1,-62.05327988
1000000000.0,1146905830.5499647,phase_noise,31249980.1,2100000.0,3000.0,10,30931980.1,-64.23558044
1000000000.0,1146905830.5499647,phase_noise,31249980.1,2100000.0,3000.0,10,30933480.1,-63.08010101
1000000000.0,1146905830.5499647,phase_noise,31249980.1,2100000.0,3000.0,10,30934980.1,-60.51288605
1000000000.0,1146905830.5499647,phase_noise,31249980.1,2100000.0,3000.0,10,30936480.1,-58.01080322
1000000000.0,1146905830.5499647,phase_noise,31249980.1,2100000.0,3000.0,10,30937980.1,-59.20407867
1000000000.0,1146905830.5499647,phase_noise,31249980.1,2100000.0,3000.0,10,30939480.1,-59.33413696
1000000000.0,1146905830.5499647,phase_noise,31249980.1,2100000.0,3000.0,10,30940980.1,-58.61964417
1000000000.0,1146905830.5499647,phase_noise,31249980.1,2100000.0,3000.0,10,30942480.1,-59.56037521
1000000000.0,1146905830.5499647,phase_noise,31249980.1,2100000.0,3000.0,10,30943980.1,-61.02633667
1000000000.0,1146905830.5499647,phase_noise,31249980.1,2100000.0,3000.0,10,30945480.1,-63.58738327
1000000000.0,1146905830.5499647,phase_noise,31249980.1,2100000.0,3000.0,10,30946980.1,-61.59623718
1000000000.0,1146905830.5499647,phase_noise,31249980.1,2100000.0,3000.0,10,30948480.1,-62.42819595
1000000000.0,1146905830.5499647,phase_noise,31249980.1,2100000.0,3000.0,10,30949980.1,-63.49160004
1000000000.0,1146905830.5499647,phase_noise,31249980.1,2100000.0,3000.0,10,30951480.1,-63.89961624
1000000000.0,1146905830.5499647,phase_noise,31249980.1,2100000.0,3000.0,10,30952980.1,-60.60901642
1000000000.0,1146905830.5499647,phase_noise,31249980.1,2100000.0,3000.0,10,30954480.1,-58.83065796
1000000000.0,1146905830.5499647,phase_noise,31249980.1,2100000.0,3000.0,10,30955980.1,-62.23986816
1000000000.0,1146905830.5499647,phase_noise,31249980.1,2100000.0,3000.0,10,30957480.1,-63.77732849
1000000000.0,1146905830.5499647,phase_noise,31249980.1,2100000.0,3000.0,10,30958980.1,-62.23313904
1000000000.0,1146905830.5499647,phase_noise,31249980.1,2100000.0,3000.0,10,30960480.1,-63.21985626
1000000000.0,1146905830.5499647,phase_noise,31249980.1,2100000.0,3000.0,10,30961980.1,-64.62213898
1000000000.0,1146905830.5499647,phase_noise,31249980.1,2100000.0,3000.0,10,30963480.1,-63.02486801
1000000000.0,1146905830.5499647,phase_noise,31249980.1,2100000.0,3000.0,10,30964980.1,-63.17382812
1000000000.0,1146905830.5499647,phase_noise,31249980.1,2100000.0,3000.0,10,30966480.1,-62.0266571
1000000000.0,1146905830.5499647,phase_noise,31249980.1,2100000.0,3000.0,10,30967980.1,-60.62537003
1000000000.0,1146905830.5499647,phase_noise,31249980.1,2100000.0,3000.0,10,30969480.1,-61.06367493
1000000000.0,1146905830.5499647,phase_noise,31249980.1,2100000.0,3000.0,10,30970980.1,-60.85961533
1000000000.0,1146905830.5499647,phase_noise,31249980.1,2100000.0,3000.0,10,30972480.1,-59.91070557
1000000000.0,1146905830.5499647,phase_noise,31249980.1,2100000.0,3000.0,10,30973980.1,-57.55821991
1000000000.0,1146905830.5499647,phase_noise,31249980.1,2100000.0,3000.0,10,30975480.1,-59.17999649
1000000000.0,1146905830.5499647,phase_noise,31249980.1,2100000.0,3000.0,10,30976980.1,-63.60610199
1000000000.0,1146905830.5499647,phase_noise,31249980.1,2100000.0,3000.0,10,30978480.1,-62.9507637
1000000000.0,1146905830.5499647,phase_noise,31249980.1,2100000.0,3000.0,10,30979980.1,-60.95785904
1000000000.0,1146905830.5499647,phase_noise,31249980.1,2100000.0,3000.0,10,30981480.1,-60.00977707
1000000000.0,1146905830.5499647,phase_noise,31249980.1,2100000.0,3000.0,10,30982980.1,-60.01554871
1000000000.0,1146905830.5499647,phase_noise,31249980.1,2100000.0,3000.0,10,30984480.1,-62.35730362
1000000000.0,1146905830.5499647,phase_noise,31249980.1,2100000.0,3000.0,10,30985980.1,-61.97565842
1000000000.0,1146905830.5499647,phase_noise,31249980.1,2100000.0,3000.0,10,30987480.1,-60.00993347
1000000000.0,1146905830.5499647,phase_noise,31249980.1,2100000.0,3000.0,10,30988980.1,-62.44805145
1000000000.0,1146905830.5499647,phase_noise,31249980.1,2100000.0,3000.0,10,30990480.1,-63.99021912
1000000000.0,1146905830.5499647,phase_noise,31249980.1,2100000.0,3000.0,10,30991980.1,-61.6700058
1000000000.0,1146905830.5499647,phase_noise,31249980.1,2100000.0,3000.0,10,30993480.1,-60.0205307
1000000000.0,1146905830.5499647,phase_noise,31249980.1,2100000.0,3000.0,10,30994980.1,-61.13956451
1000000000.0,1146905830.5499647,phase_noise,31249980.1,2100000.0,3000.0,10,30996480.1,-63.06886292
1000000000.0,1146905830.5499647,phase_noise,31249980.1,2100000.0,3000.0,10,30997980.1,-62.19753265
1000000000.0,1146905830.5499647,phase_noise,31249980.1,2100000.0,3000.0,10,30999480.1,-62.12966919
1000000000.0,1146905830.5499647,phase_noise,31249980.1,2100000.0,3000.0,10,31000980.1,-63.53630829
1000000000.0,1146905830.5499647,phase_noise,31249980.1,2100000.0,3000.0,10,31002480.1,-62.34914017
1000000000.0,1146905830.5499647,phase_noise,31249980.1,2100000.0,3000.0,10,31003980.1,-62.08807373
1000000000.0,1146905830.5499647,phase_noise,31249980.1,2100000.0,3000.0,10,31005480.1,-64.2395401
1000000000.0,1146905830.5499647,phase_noise,31249980.1,2100000.0,3000.0,10,31006980.1,-64.45861816
1000000000.0,1146905830.5499647,phase_noise,31249980.1,2100000.0,3000.0,10,31008480.1,-64.264534
1000000000.0,1146905830.5499647,phase_noise,31249980.1,2100000.0,3000.0,10,31009980.1,-64.23130798
1000000000.0,1146905830.5499647,phase_noise,31249980.1,2100000.0,3000.0,10,31011480.1,-64.42844391
1000000000.0,1146905830.5499647,phase_noise,31249980.1,2100000.0,3000.0,10,31012980.1,-62.54050446
1000000000.0,1146905830.5499647,phase_noise,31249980.1,2100000.0,3000.0,10,31014480.1,-62.48381042
1000000000.0,1146905830.5499647,phase_noise,31249980.1,2100000.0,3000.0,10,31015980.1,-62.46331787
1000000000.0,1146905830.5499647,phase_noise,31249980.1,2100000.0,3000.0,10,31017480.1,-62.97154999
1000000000.0,1146905830.5499647,phase_noise,31249980.1,2100000.0,3000.0,10,31018980.1,-61.85723495
1000000000.0,1146905830.5499647,phase_noise,31249980.1,2100000.0,3000.0,10,31020480.1,-60.52548981
1000000000.0,1146905830.5499647,phase_noise,31249980.1,2100000.0,3000.0,10,31021980.1,-60.8503952
1000000000.0,1146905830.5499647,phase_noise,31249980.1,2100000.0,3000.0,10,31023480.1,-62.05459976
1000000000.0,1146905830.5499647,phase_noise,31249980.1,2100000.0,3000.0,10,31024980.1,-60.79753113
1000000000.0,1146905830.5499647,phase_noise,31249980.1,2100000.0,3000.0,10,31026480.1,-64.13450623
1000000000.0,1146905830.5499647,phase_noise,31249980.1,2100000.0,3000.0,10,31027980.1,-63.89995193
1000000000.0,1146905830.5499647,phase_noise,31249980.1,2100000.0,3000.0,10,31029480.1,-63.87952423
1000000000.0,1146905830.5499647,phase_noise,31249980.1,2100000.0,3000.0,10,31030980.1,-64.90627289
1000000000.0,1146905830.5499647,phase_noise,31249980.1,2100000.0,3000.0,10,31032480.1,-68.01151276
1000000000.0,1146905830.5499647,phase_noise,31249980.1,2100000.0,3000.0,10,31033980.1,-66.81455231
1000000000.0,1146905830.5499647,phase_noise,31249980.1,2100000.0,3000.0,10,31035480.1,-68.95439911
1000000000.0,1146905830.5499647,phase_noise,31249980.1,2100000.0,3000.0,10,31036980.1,-64.81195068
1000000000.0,1146905830.5499647,phase_noise,31249980.1,2100000.0,3000.0,10,31038480.1,-63.49701309
1000000000.0,1146905830.5499647,phase_noise,31249980.1,2100000.0,3000.0,10,31039980.1,-64.00909424
1000000000.0,1146905830.5499647,phase_noise,31249980.1,2100000.0,3000.0,10,31041480.1,-66.10381317
1000000000.0,1146905830.5499647,phase_noise,31249980.1,2100000.0,3000.0,10,31042980.1,-65.18887329
1000000000.0,1146905830.5499647,phase_noise,31249980.1,2100000.0,3000.0,10,31044480.1,-62.7127037
1000000000.0,1146905830.5499647,phase_noise,31249980.1,2100000.0,3000.0,10,31045980.1,-61.78921127
1000000000.0,1146905830.5499647,phase_noise,31249980.1,2100000.0,3000.0,10,31047480.1,-61.98034286
1000000000.0,1146905830.5499647,phase_noise,31249980.1,2100000.0,3000.0,10,31048980.1,-62.03914642
1000000000.0,1146905830.5499647,phase_noise,31249980.1,2100000.0,3000.0,10,31050480.1,-64.35069275
1000000000.0,1146905830.5499647,phase_noise,31249980.1,2100000.0,3000.0,10,31051980.1,-65.5759964
1000000000.0,1146905830.5499647,phase_noise,31249980.1,2100000.0,3000.0,10,31053480.1,-63.8460083
1000000000.0,1146905830.5499647,phase_noise,31249980.1,2100000.0,3000.0,10,31054980.1,-64.58560944
1000000000.0,1146905830.5499647,phase_noise,31249980.1,2100000.0,3000.0,10,31056480.1,-66.23812866
1000000000.0,1146905830.5499647,phase_noise,31249980.1,2100000.0,3000.0,10,31057980.1,-64.43539429
1000000000.0,1146905830.5499647,phase_noise,31249980.1,2100000.0,3000.0,10,31059480.1,-65.14744568
1000000000.0,1146905830.5499647,phase_noise,31249980.1,2100000.0,3000.0,10,31060980.1,-63.21043777
1000000000.0,1146905830.5499647,phase_noise,31249980.1,2100000.0,3000.0,10,31062480.1,-62.06761169
1000000000.0,1146905830.5499647,phase_noise,31249980.1,2100000.0,3000.0,10,31063980.1,-64.58581543
1000000000.0,1146905830.5499647,phase_noise,31249980.1,2100000.0,3000.0,10,31065480.1,-63.1168251
1000000000.0,1146905830.5499647,phase_noise,31249980.1,2100000.0,3000.0,10,31066980.1,-62.76186752
1000000000.0,1146905830.5499647,phase_noise,31249980.1,2100000.0,3000.0,10,31068480.1,-58.38935471
1000000000.0,1146905830.5499647,phase_noise,31249980.1,2100000.0,3000.0,10,31069980.1,-54.78793335
1000000000.0,1146905830.5499647,phase_noise,31249980.1,2100000.0,3000.0,10,31071480.1,-55.91667938
1000000000.0,1146905830.5499647,phase_noise,31249980.1,2100000.0,3000.0,10,31072980.1,-59.61000443
1000000000.0,1146905830.5499647,phase_noise,31249980.1,2100000.0,3000.0,10,31074480.1,-63.63275528
1000000000.0,1146905830.5499647,phase_noise,31249980.1,2100000.0,3000.0,10,31075980.1,-62.07637024
1000000000.0,1146905830.5499647,phase_noise,31249980.1,2100000.0,3000.0,10,31077480.1,-64.91698456
1000000000.0,1146905830.5499647,phase_noise,31249980.1,2100000.0,3000.0,10,31078980.1,-63.03086472
1000000000.0,1146905830.5499647,phase_noise,31249980.1,2100000.0,3000.0,10,31080480.1,-61.49666214
1000000000.0,1146905830.5499647,phase_noise,31249980.1,2100000.0,3000.0,10,31081980.1,-61.85503769
1000000000.0,1146905830.5499647,phase_noise,31249980.1,2100000.0,3000.0,10,31083480.1,-61.25229263
1000000000.0,1146905830.5499647,phase_noise,31249980.1,2100000.0,3000.0,10,31084980.1,-61.78588486
1000000000.0,1146905830.5499647,phase_noise,31249980.1,2100000.0,3000.0,10,31086480.1,-62.97097015
1000000000.0,1146905830.5499647,phase_noise,31249980.1,2100000.0,3000.0,10,31087980.1,-64.21096802
1000000000.0,1146905830.5499647,phase_noise,31249980.1,2100000.0,3000.0,10,31089480.1,-65.96336365
1000000000.0,1146905830.5499647,phase_noise,31249980.1,2100000.0,3000.0,10,31090980.1,-64.04243469
1000000000.0,1146905830.5499647,phase_noise,31249980.1,2100000.0,3000.0,10,31092480.1,-61.54055786
1000000000.0,1146905830.5499647,phase_noise,31249980.1,2100000.0,3000.0,10,31093980.1,-62.76860046
1000000000.0,1146905830.5499647,phase_noise,31249980.1,2100000.0,3000.0,10,31095480.1,-65.28382111
1000000000.0,1146905830.5499647,phase_noise,31249980.1,2100000.0,3000.0,10,31096980.1,-64.46112061
1000000000.0,1146905830.5499647,phase_noise,31249980.1,2100000.0,3000.0,10,31098480.1,-64.72938538
1000000000.0,1146905830.5499647,phase_noise,31249980.1,2100000.0,3000.0,10,31099980.1,-63.6763649
1000000000.0,1146905830.5499647,phase_noise,31249980.1,2100000.0,3000.0,10,31101480.1,-64.65579224
1000000000.0,1146905830.5499647,phase_noise,31249980.1,2100000.0,3000.0,10,31102980.1,-64.15537262
1000000000.0,1146905830.5499647,phase_noise,31249980.1,2100000.0,3000.0,10,31104480.1,-63.40261841
1000000000.0,1146905830.5499647,phase_noise,31249980.1,2100000.0,3000.0,10,31105980.1,-64.89575195
1000000000.0,1146905830.5499647,phase_noise,31249980.1,2100000.0,3000.0,10,31107480.1,-64.09655762
1000000000.0,1146905830.5499647,phase_noise,31249980.1,2100000.0,3000.0,10,31108980.1,-65.80529785
1000000000.0,1146905830.5499647,phase_noise,31249980.1,2100000.0,3000.0,10,31110480.1,-63.58974075
1000000000.0,1146905830.5499647,phase_noise,31249980.1,2100000.0,3000.0,10,31111980.1,-62.352005
1000000000.0,1146905830.5499647,phase_noise,31249980.1,2100000.0,3000.0,10,31113480.1,-62.28213882
1000000000.0,1146905830.5499647,phase_noise,31249980.1,2100000.0,3000.0,10,31114980.1,-61.23790359
1000000000.0,1146905830.5499647,phase_noise,31249980.1,2100000.0,3000.0,10,31116480.1,-60.51215744
1000000000.0,1146905830.5499647,phase_noise,31249980.1,2100000.0,3000.0,10,31117980.1,-63.10599518
1000000000.0,1146905830.5499647,phase_noise,31249980.1,2100000.0,3000.0,10,31119480.1,-64.17690277
1000000000.0,1146905830.5499647,phase_noise,31249980.1,2100000.0,3000.0,10,31120980.1,-62.92133331
1000000000.0,1146905830.5499647,phase_noise,31249980.1,2100000.0,3000.0,10,31122480.1,-64.98160553
1000000000.0,1146905830.5499647,phase_noise,31249980.1,2100000.0,3000.0,10,31123980.1,-66.57943726
1000000000.0,1146905830.5499647,phase_noise,31249980.1,2100000.0,3000.0,10,31125480.1,-66.0938797
1000000000.0,1146905830.5499647,phase_noise,31249980.1,2100000.0,3000.0,10,31126980.1,-63.38765717
1000000000.0,1146905830.5499647,phase_noise,31249980.1,2100000.0,3000.0,10,31128480.1,-63.96615982
1000000000.0,1146905830.5499647,phase_noise,31249980.1,2100000.0,3000.0,10,31129980.1,-65.20333862
1000000000.0,1146905830.5499647,phase_noise,31249980.1,2100000.0,3000.0,10,31131480.1,-63.64227676
1000000000.0,1146905830.5499647,phase_noise,31249980.1,2100000.0,3000.0,10,31132980.1,-64.6210022
1000000000.0,1146905830.5499647,phase_noise,31249980.1,2100000.0,3000.0,10,31134480.1,-65.40922546
1000000000.0,1146905830.5499647,phase_noise,31249980.1,2100000.0,3000.0,10,31135980.1,-67.88160706
1000000000.0,1146905830.5499647,phase_noise,31249980.1,2100000.0,3000.0,10,31137480.1,-67.16438293
1000000000.0,1146905830.5499647,phase_noise,31249980.1,2100000.0,3000.0,10,31138980.1,-64.08431244
1000000000.0,1146905830.5499647,phase_noise,31249980.1,2100000.0,3000.0,10,31140480.1,-60.67705154
1000000000.0,1146905830.5499647,phase_noise,31249980.1,2100000.0,3000.0,10,31141980.1,-60.77413559
1000000000.0,1146905830.5499647,phase_noise,31249980.1,2100000.0,3000.0,10,31143480.1,-62.38448334
1000000000.0,1146905830.5499647,phase_noise,31249980.1,2100000.0,3000.0,10,31144980.1,-62.2738266
1000000000.0,1146905830.5499647,phase_noise,31249980.1,2100000.0,3000.0,10,31146480.1,-64.23078918
1000000000.0,1146905830.5499647,phase_noise,31249980.1,2100000.0,3000.0,10,31147980.1,-66.7760849
1000000000.0,1146905830.5499647,phase_noise,31249980.1,2100000.0,3000.0,10,31149480.1,-65.45954895
1000000000.0,1146905830.5499647,phase_noise,31249980.1,2100000.0,3000.0,10,31150980.1,-63.95325089
1000000000.0,1146905830.5499647,phase_noise,31249980.1,2100000.0,3000.0,10,31152480.1,-63.14262772
1000000000.0,1146905830.5499647,phase_noise,31249980.1,2100000.0,3000.0,10,31153980.1,-61.30853653
1000000000.0,1146905830.5499647,phase_noise,31249980.1,2100000.0,3000.0,10,31155480.1,-59.34026718
1000000000.0,1146905830.5499647,phase_noise,31249980.1,2100000.0,3000.0,10,31156980.1,-60.12972641
1000000000.0,1146905830.5499647,phase_noise,31249980.1,2100000.0,3000.0,10,31158480.1,-60.45271683
1000000000.0,1146905830.5499647,phase_noise,31249980.1,2100000.0,3000.0,10,31159980.1,-64.29491425
1000000000.0,1146905830.5499647,phase_noise,31249980.1,2100000.0,3000.0,10,31161480.1,-65.01365662
1000000000.0,1146905830.5499647,phase_noise,31249980.1,2100000.0,3000.0,10,31162980.1,-63.37260437
1000000000.0,1146905830.5499647,phase_noise,31249980.1,2100000.0,3000.0,10,31164480.1,-63.14498138
1000000000.0,1146905830.5499647,phase_noise,31249980.1,2100000.0,3000.0,10,31165980.1,-61.38750839
1000000000.0,1146905830.5499647,phase_noise,31249980.1,2100000.0,3000.0,10,31167480.1,-61.03353882
1000000000.0,1146905830.5499647,phase_noise,31249980.1,2100000.0,3000.0,10,31168980.1,-60.98758698
1000000000.0,1146905830.5499647,phase_noise,31249980.1,2100000.0,3000.0,10,31170480.1,-60.5866127
1000000000.0,1146905830.5499647,phase_noise,31249980.1,2100000.0,3000.0,10,31171980.1,-59.89086151
1000000000.0,1146905830.5499647,phase_noise,31249980.1,2100000.0,3000.0,10,31173480.1,-60.57315826
1000000000.0,1146905830.5499647,phase_noise,31249980.1,2100000.0,3000.0,10,31174980.1,-62.16960526
1000000000.0,1146905830.5499647,phase_noise,31249980.1,2100000.0,3000.0,10,31176480.1,-64.80634308
1000000000.0,1146905830.5499647,phase_noise,31249980.1,2100000.0,3000.0,10,31177980.1,-65.62166595
1000000000.0,1146905830.5499647,phase_noise,31249980.1,2100000.0,3000.0,10,31179480.1,-62.99004745
1000000000.0,1146905830.5499647,phase_noise,31249980.1,2100000.0,3000.0,10,31180980.1,-61.91894531
1000000000.0,1146905830.5499647,phase_noise,31249980.1,2100000.0,3000.0,10,31182480.1,-62.52082825
1000000000.0,1146905830.5499647,phase_noise,31249980.1,2100000.0,3000.0,10,31183980.1,-62.75091934
1000000000.0,1146905830.5499647,phase_noise,31249980.1,2100000.0,3000.0,10,31185480.1,-61.86916351
1000000000.0,1146905830.5499647,phase_noise,31249980.1,2100000.0,3000.0,10,31186980.1,-61.20487976
1000000000.0,1146905830.5499647,phase_noise,31249980.1,2100000.0,3000.0,10,31188480.1,-62.60713959
1000000000.0,1146905830.5499647,phase_noise,31249980.1,2100000.0,3000.0,10,31189980.1,-59.55013275
1000000000.0,1146905830.5499647,phase_noise,31249980.1,2100000.0,3000.0,10,31191480.1,-58.82817841
1000000000.0,1146905830.5499647,phase_noise,31249980.1,2100000.0,3000.0,10,31192980.1,-60.15936279
1000000000.0,1146905830.5499647,phase_noise,31249980.1,2100000.0,3000.0,10,31194480.1,-63.42489624
1000000000.0,1146905830.5499647,phase_noise,31249980.1,2100000.0,3000.0,10,31195980.1,-62.74888611
1000000000.0,1146905830.5499647,phase_noise,31249980.1,2100000.0,3000.0,10,31197480.1,-63.42035675
1000000000.0,1146905830.5499647,phase_noise,31249980.1,2100000.0,3000.0,10,31198980.1,-62.64605331
1000000000.0,1146905830.5499647,phase_noise,31249980.1,2100000.0,3000.0,10,31200480.1,-61.53110504
1000000000.0,1146905830.5499647,phase_noise,31249980.1,2100000.0,3000.0,10,31201980.1,-62.20928192
1000000000.0,1146905830.5499647,phase_noise,31249980.1,2100000.0,3000.0,10,31203480.1,-64.08116913
1000000000.0,1146905830.5499647,phase_noise,31249980.1,2100000.0,3000.0,10,31204980.1,-64.30596924
1000000000.0,1146905830.5499647,phase_noise,31249980.1,2100000.0,3000.0,10,31206480.1,-63.0234375
1000000000.0,1146905830.5499647,phase_noise,31249980.1,2100000.0,3000.0,10,31207980.1,-60.93132401
1000000000.0,1146905830.5499647,phase_noise,31249980.1,2100000.0,3000.0,10,31209480.1,-60.33330536
1000000000.0,1146905830.5499647,phase_noise,31249980.1,2100000.0,3000.0,10,31210980.1,-60.68323898
1000000000.0,1146905830.5499647,phase_noise,31249980.1,2100000.0,3000.0,10,31212480.1,-61.67767334
1000000000.0,1146905830.5499647,phase_noise,31249980.1,2100000.0,3000.0,10,31213980.1,-60.59006882
1000000000.0,1146905830.5499647,phase_noise,31249980.1,2100000.0,3000.0,10,31215480.1,-59.74980164
1000000000.0,1146905830.5499647,phase_noise,31249980.1,2100000.0,3000.0,10,31216980.1,-61.97286224
1000000000.0,1146905830.5499647,phase_noise,31249980.1,2100000.0,3000.0,10,31218480.1,-61.61618042
1000000000.0,1146905830.5499647,phase_noise,31249980.1,2100000.0,3000.0,10,31219980.1,-61.58461761
1000000000.0,1146905830.5499647,phase_noise,31249980.1,2100000.0,3000.0,10,31221480.1,-61.95888138
1000000000.0,1146905830.5499647,phase_noise,31249980.1,2100000.0,3000.0,10,31222980.1,-61.11948776
1000000000.0,1146905830.5499647,phase_noise,31249980.1,2100000.0,3000.0,10,31224480.1,-59.25468826
1000000000.0,1146905830.5499647,phase_noise,31249980.1,2100000.0,3000.0,10,31225980.1,-60.87091446
1000000000.0,1146905830.5499647,phase_noise,31249980.1,2100000.0,3000.0,10,31227480.1,-65.07829285
1000000000.0,1146905830.5499647,phase_noise,31249980.1,2100000.0,3000.0,10,31228980.1,-61.39665222
1000000000.0,1146905830.5499647,phase_noise,31249980.1,2100000.0,3000.0,10,31230480.1,-62.42066193
1000000000.0,1146905830.5499647,phase_noise,31249980.1,2100000.0,3000.0,10,31231980.1,-61.33299637
1000000000.0,1146905830.5499647,phase_noise,31249980.1,2100000.0,3000.0,10,31233480.1,-59.4008522
1000000000.0,1146905830.5499647,phase_noise,31249980.1,2100000.0,3000.0,10,31234980.1,-64.04286957
1000000000.0,1146905830.5499647,phase_noise,31249980.1,2100000.0,3000.0,10,31236480.1,-62.25233841
1000000000.0,1146905830.5499647,phase_noise,31249980.1,2100000.0,3000.0,10,31237980.1,-59.15850449
1000000000.0,1146905830.5499647,phase_noise,31249980.1,2100000.0,3000.0,10,31239480.1,-58.78391266
1000000000.0,1146905830.5499647,phase_noise,31249980.1,2100000.0,3000.0,10,31240980.1,-60.71065521
1000000000.0,1146905830.5499647,phase_noise,31249980.1,2100000.0,3000.0,10,31242480.1,-61.08684921
1000000000.0,1146905830.5499647,phase_noise,31249980.1,2100000.0,3000.0,10,31243980.1,-54.67847824
1000000000.0,1146905830.5499647,phase_noise,31249980.1,2100000.0,3000.0,10,31245480.1,-24.60865593
1000000000.0,1146905830.5499647,phase_noise,31249980.1,2100000.0,3000.0,10,31246980.1,-9.803971291
1000000000.0,1146905830.5499647,phase_noise,31249980.1,2100000.0,3000.0,10,31248480.1,-2.847062826
1000000000.0,1146905830.5499647,phase_noise,31249980.1,2100000.0,3000.0,10,31249980.1,-2.102417707
1000000000.0,1146905830.5499647,phase_noise,31249980.1,2100000.0,3000.0,10,31251480.1,-7.426691055
1000000000.0,1146905830.5499647,phase_noise,31249980.1,2100000.0,3000.0,10,31252980.1,-19.96292305
1000000000.0,1146905830.5499647,phase_noise,31249980.1,2100000.0,3000.0,10,31254480.1,-44.38722992
1000000000.0,1146905830.5499647,phase_noise,31249980.1,2100000.0,3000.0,10,31255980.1,-61.49560165
1000000000.0,1146905830.5499647,phase_noise,31249980.1,2100000.0,3000.0,10,31257480.1,-63.0789566
1000000000.0,1146905830.5499647,phase_noise,31249980.1,2100000.0,3000.0,10,31258980.1,-59.63316345
1000000000.0,1146905830.5499647,phase_noise,31249980.1,2100000.0,3000.0,10,31260480.1,-58.50997543
1000000000.0,1146905830.5499647,phase_noise,31249980.1,2100000.0,3000.0,10,31261980.1,-62.11955261
1000000000.0,1146905830.5499647,phase_noise,31249980.1,2100000.0,3000.0,10,31263480.1,-63.7037468
1000000000.0,1146905830.5499647,phase_noise,31249980.1,2100000.0,3000.0,10,31264980.1,-59.46789169
1000000000.0,1146905830.5499647,phase_noise,31249980.1,2100000.0,3000.0,10,31266480.1,-60.33557129
1000000000.0,1146905830.5499647,phase_noise,31249980.1,2100000.0,3000.0,10,31267980.1,-61.51273346
1000000000.0,1146905830.5499647,phase_noise,31249980.1,2100000.0,3000.0,10,31269480.1,-61.85279465
1000000000.0,1146905830.5499647,phase_noise,31249980.1,2100000.0,3000.0,10,31270980.1,-61.66286469
1000000000.0,1146905830.5499647,phase_noise,31249980.1,2100000.0,3000.0,10,31272480.1,-64.0930481
1000000000.0,1146905830.5499647,phase_noise,31249980.1,2100000.0,3000.0,10,31273980.1,-60.50943375
1000000000.0,1146905830.5499647,phase_noise,31249980.1,2100000.0,3000.0,10,31275480.1,-62.18421936
1000000000.0,1146905830.5499647,phase_noise,31249980.1,2100000.0,3000.0,10,31276980.1,-62.72614288
1000000000.0,1146905830.5499647,phase_noise,31249980.1,2100000.0,3000.0,10,31278480.1,-60.24343872
1000000000.0,1146905830.5499647,phase_noise,31249980.1,2100000.0,3000.0,10,31279980.1,-62.48252487
1000000000.0,1146905830.5499647,phase_noise,31249980.1,2100000.0,3000.0,10,31281480.1,-62.85432816
1000000000.0,1146905830.5499647,phase_noise,31249980.1,2100000.0,3000.0,10,31282980.1,-62.12050247
1000000000.0,1146905830.5499647,phase_noise,31249980.1,2100000.0,3000.0,10,31284480.1,-61.05030441
1000000000.0,1146905830.5499647,phase_noise,31249980.1,2100000.0,3000.0,10,31285980.1,-60.5295639
1000000000.0,1146905830.5499647,phase_noise,31249980.1,2100000.0,3000.0,10,31287480.1,-59.7615509
1000000000.0,1146905830.5499647,phase_noise,31249980.1,2100000.0,3000.0,10,31288980.1,-59.56044388
1000000000.0,1146905830.5499647,phase_noise,31249980.1,2100000.0,3000.0,10,31290480.1,-60.61185837
1000000000.0,1146905830.5499647,phase_noise,31249980.1,2100000.0,3000.0,10,31291980.1,-64.98138428
1000000000.0,1146905830.5499647,phase_noise,31249980.1,2100000.0,3000.0,10,31293480.1,-65.37787628
1000000000.0,1146905830.5499647,phase_noise,31249980.1,2100000.0,3000.0,10,31294980.1,-61.91314697
1000000000.0,1146905830.5499647,phase_noise,31249980.1,2100000.0,3000.0,10,31296480.1,-61.32561493
1000000000.0,1146905830.5499647,phase_noise,31249980.1,2100000.0,3000.0,10,31297980.1,-63.43605804
1000000000.0,1146905830.5499647,phase_noise,31249980.1,2100000.0,3000.0,10,31299480.1,-63.23311615
1000000000.0,1146905830.5499647,phase_noise,31249980.1,2100000.0,3000.0,10,31300980.1,-60.73230362
1000000000.0,1146905830.5499647,phase_noise,31249980.1,2100000.0,3000.0,10,31302480.1,-60.26760483
1000000000.0,1146905830.5499647,phase_noise,31249980.1,2100000.0,3000.0,10,31303980.1,-61.40254211
1000000000.0,1146905830.5499647,phase_noise,31249980.1,2100000.0,3000.0,10,31305480.1,-57.13014221
1000000000.0,1146905830.5499647,phase_noise,31249980.1,2100000.0,3000.0,10,31306980.1,-56.58320618
1000000000.0,1146905830.5499647,phase_noise,31249980.1,2100000.0,3000.0,10,31308480.1,-59.45287323
1000000000.0,1146905830.5499647,phase_noise,31249980.1,2100000.0,3000.0,10,31309980.1,-62.16506195
1000000000.0,1146905830.5499647,phase_noise,31249980.1,2100000.0,3000.0,10,31311480.1,-62.10619354
1000000000.0,1146905830.5499647,phase_noise,31249980.1,2100000.0,3000.0,10,31312980.1,-62.77284241
1000000000.0,1146905830.5499647,phase_noise,31249980.1,2100000.0,3000.0,10,31314480.1,-63.3792572
1000000000.0,1146905830.5499647,phase_noise,31249980.1,2100000.0,3000.0,10,31315980.1,-65.42547607
1000000000.0,1146905830.5499647,phase_noise,31249980.1,2100000.0,3000.0,10,31317480.1,-62.65163803
1000000000.0,1146905830.5499647,phase_noise,31249980.1,2100000.0,3000.0,10,31318980.1,-61.76387405
1000000000.0,1146905830.5499647,phase_noise,31249980.1,2100000.0,3000.0,10,31320480.1,-61.76948547
1000000000.0,1146905830.5499647,phase_noise,31249980.1,2100000.0,3000.0,10,31321980.1,-64.26779938
1000000000.0,1146905830.5499647,phase_noise,31249980.1,2100000.0,3000.0,10,31323480.1,-62.977211
1000000000.0,1146905830.5499647,phase_noise,31249980.1,2100000.0,3000.0,10,31324980.1,-60.49216843
1000000000.0,1146905830.5499647,phase_noise,31249980.1,2100000.0,3000.0,10,31326480.1,-61.03468323
1000000000.0,1146905830.5499647,phase_noise,31249980.1,2100000.0,3000.0,10,31327980.1,-59.9111557
1000000000.0,1146905830.5499647,phase_noise,31249980.1,2100000.0,3000.0,10,31329480.1,-59.79764938
1000000000.0,1146905830.5499647,phase_noise,31249980.1,2100000.0,3000.0,10,31330980.1,-59.39687347
1000000000.0,1146905830.5499647,phase_noise,31249980.1,2100000.0,3000.0,10,31332480.1,-60.63630676
1000000000.0,1146905830.5499647,phase_noise,31249980.1,2100000.0,3000.0,10,31333980.1,-60.37089157
1000000000.0,1146905830.5499647,phase_noise,31249980.1,2100000.0,3000.0,10,31335480.1,-60.66910553
1000000000.0,1146905830.5499647,phase_noise,31249980.1,2100000.0,3000.0,10,31336980.1,-61.43453598
1000000000.0,1146905830.5499647,phase_noise,31249980.1,2100000.0,3000.0,10,31338480.1,-64.1266861
1000000000.0,1146905830.5499647,phase_noise,31249980.1,2100000.0,3000.0,10,31339980.1,-61.1002121
1000000000.0,1146905830.5499647,phase_noise,31249980.1,2100000.0,3000.0,10,31341480.1,-57.60526276
1000000000.0,1146905830.5499647,phase_noise,31249980.1,2100000.0,3000.0,10,31342980.1,-57.97056961
1000000000.0,1146905830.5499647,phase_noise,31249980.1,2100000.0,3000.0,10,31344480.1,-60.21860123
1000000000.0,1146905830.5499647,phase_noise,31249980.1,2100000.0,3000.0,10,31345980.1,-62.76629639
1000000000.0,1146905830.5499647,phase_noise,31249980.1,2100000.0,3000.0,10,31347480.1,-63.42301559
1000000000.0,1146905830.5499647,phase_noise,31249980.1,2100000.0,3000.0,10,31348980.1,-60.95556641
1000000000.0,1146905830.5499647,phase_noise,31249980.1,2100000.0,3000.0,10,31350480.1,-62.62487411
1000000000.0,1146905830.5499647,phase_noise,31249980.1,2100000.0,3000.0,10,31351980.1,-64.2230835
1000000000.0,1146905830.5499647,phase_noise,31249980.1,2100000.0,3000.0,10,31353480.1,-62.52207947
1000000000.0,1146905830.5499647,phase_noise,31249980.1,2100000.0,3000.0,10,31354980.1,-63.06888199
1000000000.0,1146905830.5499647,phase_noise,31249980.1,2100000.0,3000.0,10,31356480.1,-60.57231522
1000000000.0,1146905830.5499647,phase_noise,31249980.1,2100000.0,3000.0,10,31357980.1,-62.95344162
1000000000.0,1146905830.5499647,phase_noise,31249980.1,2100000.0,3000.0,10,31359480.1,-63.1457901
1000000000.0,1146905830.5499647,phase_noise,31249980.1,2100000.0,3000.0,10,31360980.1,-63.25040054
1000000000.0,1146905830.5499647,phase_noise,31249980.1,2100000.0,3000.0,10,31362480.1,-63.50323486
1000000000.0,1146905830.5499647,phase_noise,31249980.1,2100000.0,3000.0,10,31363980.1,-64.33761597
1000000000.0,1146905830.5499647,phase_noise,31249980.1,2100000.0,3000.0,10,31365480.1,-61.07762146
1000000000.0,1146905830.5499647,phase_noise,31249980.1,2100000.0,3000.0,10,31366980.1,-61.38573074
1000000000.0,1146905830.5499647,phase_noise,31249980.1,2100000.0,3000.0,10,31368480.1,-64.35813904
1000000000.0,1146905830.5499647,phase_noise,31249980.1,2100000.0,3000.0,10,31369980.1,-63.55976868
1000000000.0,1146905830.5499647,phase_noise,31249980.1,2100000.0,3000.0,10,31371480.1,-64.64065552
1000000000.0,1146905830.5499647,phase_noise,31249980.1,2100000.0,3000.0,10,31372980.1,-63.35983658
1000000000.0,1146905830.5499647,phase_noise,31249980.1,2100000.0,3000.0,10,31374480.1,-60.83749771
1000000000.0,1146905830.5499647,phase_noise,31249980.1,2100000.0,3000.0,10,31375980.1,-60.51811218
1000000000.0,1146905830.5499647,phase_noise,31249980.1,2100000.0,3000.0,10,31377480.1,-61.30908966
1000000000.0,1146905830.5499647,phase_noise,31249980.1,2100000.0,3000.0,10,31378980.1,-59.91884995
1000000000.0,1146905830.5499647,phase_noise,31249980.1,2100000.0,3000.0,10,31380480.1,-61.74607086
1000000000.0,1146905830.5499647,phase_noise,31249980.1,2100000.0,3000.0,10,31381980.1,-60.8086853
1000000000.0,1146905830.5499647,phase_noise,31249980.1,2100000.0,3000.0,10,31383480.1,-61.84207153
1000000000.0,1146905830.5499647,phase_noise,31249980.1,2100000.0,3000.0,10,31384980.1,-63.17037201
1000000000.0,1146905830.5499647,phase_noise,31249980.1,2100000.0,3000.0,10,31386480.1,-62.04938507
1000000000.0,1146905830.5499647,phase_noise,31249980.1,2100000.0,3000.0,10,31387980.1,-61.16225815
1000000000.0,1146905830.5499647,phase_noise,31249980.1,2100000.0,3000.0,10,31389480.1,-63.70385361
1000000000.0,1146905830.5499647,phase_noise,31249980.1,2100000.0,3000.0,10,31390980.1,-63.55572891
1000000000.0,1146905830.5499647,phase_noise,31249980.1,2100000.0,3000.0,10,31392480.1,-61.16907883
1000000000.0,1146905830.5499647,phase_noise,31249980.1,2100000.0,3000.0,10,31393980.1,-61.97522354
1000000000.0,1146905830.5499647,phase_noise,31249980.1,2100000.0,3000.0,10,31395480.1,-63.41559601
1000000000.0,1146905830.5499647,phase_noise,31249980.1,2100000.0,3000.0,10,31396980.1,-64.33599091
1000000000.0,1146905830.5499647,phase_noise,31249980.1,2100000.0,3000.0,10,31398480.1,-64.14198303
1000000000.0,1146905830.5499647,phase_noise,31249980.1,2100000.0,3000.0,10,31399980.1,-61.84487152
1000000000.0,1146905830.5499647,phase_noise,31249980.1,2100000.0,3000.0,10,31401480.1,-62.35790634
1000000000.0,1146905830.5499647,phase_noise,31249980.1,2100000.0,3000.0,10,31402980.1,-62.11968231
1000000000.0,1146905830.5499647,phase_noise,31249980.1,2100000.0,3000.0,10,31404480.1,-62.67922592
1000000000.0,1146905830.5499647,phase_noise,31249980.1,2100000.0,3000.0,10,31405980.1,-63.02365112
1000000000.0,1146905830.5499647,phase_noise,31249980.1,2100000.0,3000.0,10,31407480.1,-62.83010864
1000000000.0,1146905830.5499647,phase_noise,31249980.1,2100000.0,3000.0,10,31408980.1,-63.22170258
1000000000.0,1146905830.5499647,phase_noise,31249980.1,2100000.0,3000.0,10,31410480.1,-65.2692337
1000000000.0,1146905830.5499647,phase_noise,31249980.1,2100000.0,3000.0,10,31411980.1,-64.17075348
1000000000.0,1146905830.5499647,phase_noise,31249980.1,2100000.0,3000.0,10,31413480.1,-62.92237091
1000000000.0,1146905830.5499647,phase_noise,31249980.1,2100000.0,3000.0,10,31414980.1,-61.74702072
1000000000.0,1146905830.5499647,phase_noise,31249980.1,2100000.0,3000.0,10,31416480.1,-60.02249908
1000000000.0,1146905830.5499647,phase_noise,31249980.1,2100000.0,3000.0,10,31417980.1,-59.41200638
1000000000.0,1146905830.5499647,phase_noise,31249980.1,2100000.0,3000.0,10,31419480.1,-58.19961166
1000000000.0,1146905830.5499647,phase_noise,31249980.1,2100000.0,3000.0,10,31420980.1,-60.57250214
1000000000.0,1146905830.5499647,phase_noise,31249980.1,2100000.0,3000.0,10,31422480.1,-64.91027832
1000000000.0,1146905830.5499647,phase_noise,31249980.1,2100000.0,3000.0,10,31423980.1,-62.32485199
1000000000.0,1146905830.5499647,phase_noise,31249980.1,2100000.0,3000.0,10,31425480.1,-60.87810898
1000000000.0,1146905830.5499647,phase_noise,31249980.1,2100000.0,3000.0,10,31426980.1,-55.8447113
1000000000.0,1146905830.5499647,phase_noise,31249980.1,2100000.0,3000.0,10,31428480.1,-53.28715134
1000000000.0,1146905830.5499647,phase_noise,31249980.1,2100000.0,3000.0,10,31429980.1,-55.54136276
1000000000.0,1146905830.5499647,phase_noise,31249980.1,2100000.0,3000.0,10,31431480.1,-60.2752037
1000000000.0,1146905830.5499647,phase_noise,31249980.1,2100000.0,3000.0,10,31432980.1,-61.56493378
1000000000.0,1146905830.5499647,phase_noise,31249980.1,2100000.0,3000.0,10,31434480.1,-61.22068024
1000000000.0,1146905830.5499647,phase_noise,31249980.1,2100000.0,3000.0,10,31435980.1,-61.55367279
1000000000.0,1146905830.5499647,phase_noise,31249980.1,2100000.0,3000.0,10,31437480.1,-61.42413712
1000000000.0,1146905830.5499647,phase_noise,31249980.1,2100000.0,3000.0,10,31438980.1,-63.77433777
1000000000.0,1146905830.5499647,phase_noise,31249980.1,2100000.0,3000.0,10,31440480.1,-64.68040466
1000000000.0,1146905830.5499647,phase_noise,31249980.1,2100000.0,3000.0,10,31441980.1,-64.97722626
1000000000.0,1146905830.5499647,phase_noise,31249980.1,2100000.0,3000.0,10,31443480.1,-62.2232399
1000000000.0,1146905830.5499647,phase_noise,31249980.1,2100000.0,3000.0,10,31444980.1,-61.64538574
1000000000.0,1146905830.5499647,phase_noise,31249980.1,2100000.0,3000.0,10,31446480.1,-63.23717499
1000000000.0,1146905830.5499647,phase_noise,31249980.1,2100000.0,3000.0,10,31447980.1,-65.04636383
1000000000.0,1146905830.5499647,phase_noise,31249980.1,2100000.0,3000.0,10,31449480.1,-64.01358032
1000000000.0,1146905830.5499647,phase_noise,31249980.1,2100000.0,3000.0,10,31450980.1,-60.58973694
1000000000.0,1146905830.5499647,phase_noise,31249980.1,2100000.0,3000.0,10,31452480.1,-59.8866539
1000000000.0,1146905830.5499647,phase_noise,31249980.1,2100000.0,3000.0,10,31453980.1,-60.40491104
1000000000.0,1146905830.5499647,phase_noise,31249980.1,2100000.0,3000.0,10,31455480.1,-61.6101799
1000000000.0,1146905830.5499647,phase_noise,31249980.1,2100000.0,3000.0,10,31456980.1,-62.60602188
1000000000.0,1146905830.5499647,phase_noise,31249980.1,2100000.0,3000.0,10,31458480.1,-62.76342773
1000000000.0,1146905830.5499647,phase_noise,31249980.1,2100000.0,3000.0,10,31459980.1,-62.76984406
1000000000.0,1146905830.5499647,phase_noise,31249980.1,2100000.0,3000.0,10,31461480.1,-61.86576843
1000000000.0,1146905830.5499647,phase_noise,31249980.1,2100000.0,3000.0,10,31462980.1,-62.80407333
1000000000.0,1146905830.5499647,phase_noise,31249980.1,2100000.0,3000.0,10,31464480.1,-63.12990952
1000000000.0,1146905830.5499647,phase_noise,31249980.1,2100000.0,3000.0,10,31465980.1,-60.94190979
1000000000.0,1146905830.5499647,phase_noise,31249980.1,2100000.0,3000.0,10,31467480.1,-60.45210648
1000000000.0,1146905830.5499647,phase_noise,31249980.1,2100000.0,3000.0,10,31468980.1,-59.81519699
1000000000.0,1146905830.5499647,phase_noise,31249980.1,2100000.0,3000.0,10,31470480.1,-60.67089081
1000000000.0,1146905830.5499647,phase_noise,31249980.1,2100000.0,3000.0,10,31471980.1,-64.28382874
1000000000.0,1146905830.5499647,phase_noise,31249980.1,2100000.0,3000.0,10,31473480.1,-62.7857666
1000000000.0,1146905830.5499647,phase_noise,31249980.1,2100000.0,3000.0,10,31474980.1,-60.20044708
1000000000.0,1146905830.5499647,phase_noise,31249980.1,2100000.0,3000.0,10,31476480.1,-63.40500259
1000000000.0,1146905830.5499647,phase_noise,31249980.1,2100000.0,3000.0,10,31477980.1,-64.07118225
1000000000.0,1146905830.5499647,phase_noise,31249980.1,2100000.0,3000.0,10,31479480.1,-62.8741684
1000000000.0,1146905830.5499647,phase_noise,31249980.1,2100000.0,3000.0,10,31480980.1,-60.40340042
1000000000.0,1146905830.5499647,phase_noise,31249980.1,2100000.0,3000.0,10,31482480.1,-60.17438507
1000000000.0,1146905830.5499647,phase_noise,31249980.1,2100000.0,3000.0,10,31483980.1,-63.01423264
1000000000.0,1146905830.5499647,phase_noise,31249980.1,2100000.0,3000.0,10,31485480.1,-62.52494812
1000000000.0,1146905830.5499647,phase_noise,31249980.1,2100000.0,3000.0,10,31486980.1,-59.69553757
1000000000.0,1146905830.5499647,phase_noise,31249980.1,2100000.0,3000.0,10,31488480.1,-59.6890831
1000000000.0,1146905830.5499647,phase_noise,31249980.1,2100000.0,3000.0,10,31489980.1,-59.66886902
1000000000.0,1146905830.5499647,phase_noise,31249980.1,2100000.0,3000.0,10,31491480.1,-60.89902115
1000000000.0,1146905830.5499647,phase_noise,31249980.1,2100000.0,3000.0,10,31492980.1,-62.37620163
1000000000.0,1146905830.5499647,phase_noise,31249980.1,2100000.0,3000.0,10,31494480.1,-62.42934036
1000000000.0,1146905830.5499647,phase_noise,31249980.1,2100000.0,3000.0,10,31495980.1,-61.92582703
1000000000.0,1146905830.5499647,phase_noise,31249980.1,2100000.0,3000.0,10,31497480.1,-61.55963135
1000000000.0,1146905830.5499647,phase_noise,31249980.1,2100000.0,3000.0,10,31498980.1,-60.08750534
1000000000.0,1146905830.5499647,phase_noise,31249980.1,2100000.0,3000.0,10,31500480.1,-60.25735855
1000000000.0,1146905830.5499647,phase_noise,31249980.1,2100000.0,3000.0,10,31501980.1,-59.71297073
1000000000.0,1146905830.5499647,phase_noise,31249980.1,2100000.0,3000.0,10,31503480.1,-59.20215988
1000000000.0,1146905830.5499647,phase_noise,31249980.1,2100000.0,3000.0,10,31504980.1,-58.82974625
1000000000.0,1146905830.5499647,phase_noise,31249980.1,2100000.0,3000.0,10,31506480.1,-58.76576996
1000000000.0,1146905830.5499647,phase_noise,31249980.1,2100000.0,3000.0,10,31507980.1,-59.49524307
1000000000.0,1146905830.5499647,phase_noise,31249980.1,2100000.0,3000.0,10,31509480.1,-60.47399902
1000000000.0,1146905830.5499647,phase_noise,31249980.1,2100000.0,3000.0,10,31510980.1,-60.47822571
1000000000.0,1146905830.5499647,phase_noise,31249980.1,2100000.0,3000.0,10,31512480.1,-60.3133812
1000000000.0,1146905830.5499647,phase_noise,31249980.1,2100000.0,3000.0,10,31513980.1,-62.57395554
1000000000.0,1146905830.5499647,phase_noise,31249980.1,2100000.0,3000.0,10,31515480.1,-62.57492828
1000000000.0,1146905830.5499647,phase_noise,31249980.1,2100000.0,3000.0,10,31516980.1,-62.72351837
1000000000.0,1146905830.5499647,phase_noise,31249980.1,2100000.0,3000.0,10,31518480.1,-61.05730057
1000000000.0,1146905830.5499647,phase_noise,31249980.1,2100000.0,3000.0,10,31519980.1,-61.00418472
1000000000.0,1146905830.5499647,phase_noise,31249980.1,2100000.0,3000.0,10,31521480.1,-63.29404449
1000000000.0,1146905830.5499647,phase_noise,31249980.1,2100000.0,3000.0,10,31522980.1,-58.69934845
1000000000.0,1146905830.5499647,phase_noise,31249980.1,2100000.0,3000.0,10,31524480.1,-54.46664429
1000000000.0,1146905830.5499647,phase_noise,31249980.1,2100000.0,3000.0,10,31525980.1,-54.70895386
1000000000.0,1146905830.5499647,phase_noise,31249980.1,2100000.0,3000.0,10,31527480.1,-57.93399429
1000000000.0,1146905830.5499647,phase_noise,31249980.1,2100000.0,3000.0,10,31528980.1,-57.91139603
1000000000.0,1146905830.5499647,phase_noise,31249980.1,2100000.0,3000.0,10,31530480.1,-57.1644249
1000000000.0,1146905830.5499647,phase_noise,31249980.1,2100000.0,3000.0,10,31531980.1,-57.93690109
1000000000.0,1146905830.5499647,phase_noise,31249980.1,2100000.0,3000.0,10,31533480.1,-61.59177399
1000000000.0,1146905830.5499647,phase_noise,31249980.1,2100000.0,3000.0,10,31534980.1,-61.61167145
1000000000.0,1146905830.5499647,phase_noise,31249980.1,2100000.0,3000.0,10,31536480.1,-60.67104721
1000000000.0,1146905830.5499647,phase_noise,31249980.1,2100000.0,3000.0,10,31537980.1,-61.71242142
1000000000.0,1146905830.5499647,phase_noise,31249980.1,2100000.0,3000.0,10,31539480.1,-61.58340073
1000000000.0,1146905830.5499647,phase_noise,31249980.1,2100000.0,3000.0,10,31540980.1,-59.68886185
1000000000.0,1146905830.5499647,phase_noise,31249980.1,2100000.0,3000.0,10,31542480.1,-58.60733795
1000000000.0,1146905830.5499647,phase_noise,31249980.1,2100000.0,3000.0,10,31543980.1,-59.92633438
1000000000.0,1146905830.5499647,phase_noise,31249980.1,2100000.0,3000.0,10,31545480.1,-58.98641586
1000000000.0,1146905830.5499647,phase_noise,31249980.1,2100000.0,3000.0,10,31546980.1,-58.91582489
1000000000.0,1146905830.5499647,phase_noise,31249980.1,2100000.0,3000.0,10,31548480.1,-59.04616928
1000000000.0,1146905830.5499647,phase_noise,31249980.1,2100000.0,3000.0,10,31549980.1,-60.71044159
1000000000.0,1146905830.5499647,phase_noise,31249980.1,2100000.0,3000.0,10,31551480.1,-62.45293808
1000000000.0,1146905830.5499647,phase_noise,31249980.1,2100000.0,3000.0,10,31552980.1,-65.18260956
1000000000.0,1146905830.5499647,phase_noise,31249980.1,2100000.0,3000.0,10,31554480.1,-62.66985703
1000000000.0,1146905830.5499647,phase_noise,31249980.1,2100000.0,3000.0,10,31555980.1,-59.00619125
1000000000.0,1146905830.5499647,phase_noise,31249980.1,2100000.0,3000.0,10,31557480.1,-59.12836456
1000000000.0,1146905830.5499647,phase_noise,31249980.1,2100000.0,3000.0,10,31558980.1,-57.54808044
1000000000.0,1146905830.5499647,phase_noise,31249980.1,2100000.0,3000.0,10,31560480.1,-58.58503723
1000000000.0,1146905830.5499647,phase_noise,31249980.1,2100000.0,3000.0,10,31561980.1,-57.86749268
1000000000.0,1146905830.5499647,phase_noise,31249980.1,2100000.0,3000.0,10,31563480.1,-57.07071686
1000000000.0,1146905830.5499647,phase_noise,31249980.1,2100000.0,3000.0,10,31564980.1,-59.85112
1000000000.0,1146905830.5499647,phase_noise,31249980.1,2100000.0,3000.0,10,31566480.1,-59.84390259
1000000000.0,1146905830.5499647,phase_noise,31249980.1,2100000.0,3000.0,10,31567980.1,-58.04171753
1000000000.0,1146905830.5499647,phase_noise,31249980.1,2100000.0,3000.0,10,31569480.1,-57.24066162
1000000000.0,1146905830.5499647,phase_noise,31249980.1,2100000.0,3000.0,10,31570980.1,-59.15369415
1000000000.0,1146905830.5499647,phase_noise,31249980.1,2100000.0,3000.0,10,31572480.1,-61.44801331
1000000000.0,1146905830.5499647,phase_noise,31249980.1,2100000.0,3000.0,10,31573980.1,-59.00735855
1000000000.0,1146905830.5499647,phase_noise,31249980.1,2100000.0,3000.0,10,31575480.1,-58.14334869
1000000000.0,1146905830.5499647,phase_noise,31249980.1,2100000.0,3000.0,10,31576980.1,-58.05465698
1000000000.0,1146905830.5499647,phase_noise,31249980.1,2100000.0,3000.0,10,31578480.1,-59.74369049
1000000000.0,1146905830.5499647,phase_noise,31249980.1,2100000.0,3000.0,10,31579980.1,-57.40743256
1000000000.0,1146905830.5499647,phase_noise,31249980.1,2100000.0,3000.0,10,31581480.1,-56.8110466
1000000000.0,1146905830.5499647,phase_noise,31249980.1,2100000.0,3000.0,10,31582980.1,-57.12989044
1000000000.0,1146905830.5499647,phase_noise,31249980.1,2100000.0,3000.0,10,31584480.1,-58.04904175
1000000000.0,1146905830.5499647,phase_noise,31249980.1,2100000.0,3000.0,10,31585980.1,-57.66096497
1000000000.0,1146905830.5499647,phase_noise,31249980.1,2100000.0,3000.0,10,31587480.1,-58.50473404
1000000000.0,1146905830.5499647,phase_noise,31249980.1,2100000.0,3000.0,10,31588980.1,-58.38788605
1000000000.0,1146905830.5499647,phase_noise,31249980.1,2100000.0,3000.0,10,31590480.1,-57.16505051
1000000000.0,1146905830.5499647,phase_noise,31249980.1,2100000.0,3000.0,10,31591980.1,-58.91033936
1000000000.0,1146905830.5499647,phase_noise,31249980.1,2100000.0,3000.0,10,31593480.1,-59.58997345
1000000000.0,1146905830.5499647,phase_noise,31249980.1,2100000.0,3000.0,10,31594980.1,-59.70888901
1000000000.0,1146905830.5499647,phase_noise,31249980.1,2100000.0,3000.0,10,31596480.1,-59.5878334
1000000000.0,1146905830.5499647,phase_noise,31249980.1,2100000.0,3000.0,10,31597980.1,-58.83510971
1000000000.0,1146905830.5499647,phase_noise,31249980.1,2100000.0,3000.0,10,31599480.1,-55.60894012
1000000000.0,1146905830.5499647,phase_noise,31249980.1,2100000.0,3000.0,10,31600980.1,-46.7511673
1000000000.0,1146905830.5499647,phase_noise,31249980.1,2100000.0,3000.0,10,31602480.1,-44.10496902
1000000000.0,1146905830.5499647,phase_noise,31249980.1,2100000.0,3000.0,10,31603980.1,-47.1410408
1000000000.0,1146905830.5499647,phase_noise,31249980.1,2100000.0,3000.0,10,31605480.1,-52.22005081
1000000000.0,1146905830.5499647,phase_noise,31249980.1,2100000.0,3000.0,10,31606980.1,-45.81238174
1000000000.0,1146905830.5499647,phase_noise,31249980.1,2100000.0,3000.0,10,31608480.1,-46.04407883
1000000000.0,1146905830.5499647,phase_noise,31249980.1,2100000.0,3000.0,10,31609980.1,-52.50117874
1000000000.0,1146905830.5499647,phase_noise,31249980.1,2100000.0,3000.0,10,31611480.1,-60.62203598
1000000000.0,1146905830.5499647,phase_noise,31249980.1,2100000.0,3000.0,10,31612980.1,-61.25185013
1000000000.0,1146905830.5499647,phase_noise,31249980.1,2100000.0,3000.0,10,31614480.1,-59.13186264
1000000000.0,1146905830.5499647,phase_noise,31249980.1,2100000.0,3000.0,10,31615980.1,-53.09608841
1000000000.0,1146905830.5499647,phase_noise,31249980.1,2100000.0,3000.0,10,31617480.1,-48.68307877
1000000000.0,1146905830.5499647,phase_noise,31249980.1,2100000.0,3000.0,10,31618980.1,-49.04994965
1000000000.0,1146905830.5499647,phase_noise,31249980.1,2100000.0,3000.0,10,31620480.1,-53.86454773
1000000000.0,1146905830.5499647,phase_noise,31249980.1,2100000.0,3000.0,10,31621980.1,-56.85023499
1000000000.0,1146905830.5499647,phase_noise,31249980.1,2100000.0,3000.0,10,31623480.1,-58.46192169
1000000000.0,1146905830.5499647,phase_noise,31249980.1,2100000.0,3000.0,10,31624980.1,-59.00097275
1000000000.0,1146905830.5499647,phase_noise,31249980.1,2100000.0,3000.0,10,31626480.1,-57.22612
1000000000.0,1146905830.5499647,phase_noise,31249980.1,2100000.0,3000.0,10,31627980.1,-55.98949051
1000000000.0,1146905830.5499647,phase_noise,31249980.1,2100000.0,3000.0,10,31629480.1,-54.29471207
1000000000.0,1146905830.5499647,phase_noise,31249980.1,2100000.0,3000.0,10,31630980.1,-53.37245941
1000000000.0,1146905830.5499647,phase_noise,31249980.1,2100000.0,3000.0,10,31632480.1,-55.91250992
1000000000.0,1146905830.5499647,phase_noise,31249980.1,2100000.0,3000.0,10,31633980.1,-58.50421906
1000000000.0,1146905830.5499647,phase_noise,31249980.1,2100000.0,3000.0,10,31635480.1,-56.2942276
1000000000.0,1146905830.5499647,phase_noise,31249980.1,2100000.0,3000.0,10,31636980.1,-59.15982819
1000000000.0,1146905830.5499647,phase_noise,31249980.1,2100000.0,3000.0,10,31638480.1,-55.38977432
1000000000.0,1146905830.5499647,phase_noise,31249980.1,2100000.0,3000.0,10,31639980.1,-51.97042465
1000000000.0,1146905830.5499647,phase_noise,31249980.1,2100000.0,3000.0,10,31641480.1,-53.21141434
1000000000.0,1146905830.5499647,phase_noise,31249980.1,2100000.0,3000.0,10,31642980.1,-56.10860443
1000000000.0,1146905830.5499647,phase_noise,31249980.1,2100000.0,3000.0,10,31644480.1,-56.26456833
1000000000.0,1146905830.5499647,phase_noise,31249980.1,2100000.0,3000.0,10,31645980.1,-56.24683762
1000000000.0,1146905830.5499647,phase_noise,31249980.1,2100000.0,3000.0,10,31647480.1,-56.74019623
1000000000.0,1146905830.5499647,phase_noise,31249980.1,2100000.0,3000.0,10,31648980.1,-57.25225067
1000000000.0,1146905830.5499647,phase_noise,31249980.1,2100000.0,3000.0,10,31650480.1,-60.2408371
1000000000.0,1146905830.5499647,phase_noise,31249980.1,2100000.0,3000.0,10,31651980.1,-62.94284821
1000000000.0,1146905830.5499647,phase_noise,31249980.1,2100000.0,3000.0,10,31653480.1,-62.77045059
1000000000.0,1146905830.5499647,phase_noise,31249980.1,2100000.0,3000.0,10,31654980.1,-63.31959534
1000000000.0,1146905830.5499647,phase_noise,31249980.1,2100000.0,3000.0,10,31656480.1,-59.11264801
1000000000.0,1146905830.5499647,phase_noise,31249980.1,2100000.0,3000.0,10,31657980.1,-58.56923676
1000000000.0,1146905830.5499647,phase_noise,31249980.1,2100000.0,3000.0,10,31659480.1,-57.55135727
1000000000.0,1146905830.5499647,phase_noise,31249980.1,2100000.0,3000.0,10,31660980.1,-58.03637314
1000000000.0,1146905830.5499647,phase_noise,31249980.1,2100000.0,3000.0,10,31662480.1,-59.26420593
1000000000.0,1146905830.5499647,phase_noise,31249980.1,2100000.0,3000.0,10,31663980.1,-57.04373169
1000000000.0,1146905830.5499647,phase_noise,31249980.1,2100000.0,3000.0,10,31665480.1,-59.66509247
1000000000.0,1146905830.5499647,phase_noise,31249980.1,2100000.0,3000.0,10,31666980.1,-60.47225952
1000000000.0,1146905830.5499647,phase_noise,31249980.1,2100000.0,3000.0,10,31668480.1,-58.155056
1000000000.0,1146905830.5499647,phase_noise,31249980.1,2100000.0,3000.0,10,31669980.1,-56.95592499
1000000000.0,1146905830.5499647,phase_noise,31249980.1,2100000.0,3000.0,10,31671480.1,-59.49213791
1000000000.0,1146905830.5499647,phase_noise,31249980.1,2100000.0,3000.0,10,31672980.1,-62.53684998
1000000000.0,1146905830.5499647,phase_noise,31249980.1,2100000.0,3000.0,10,31674480.1,-61.63621521
1000000000.0,1146905830.5499647,phase_noise,31249980.1,2100000.0,3000.0,10,31675980.1,-58.0728035
1000000000.0,1146905830.5499647,phase_noise,31249980.1,2100000.0,3000.0,10,31677480.1,-58.75748444
1000000000.0,1146905830.5499647,phase_noise,31249980.1,2100000.0,3000.0,10,31678980.1,-59.26281738
1000000000.0,1146905830.5499647,phase_noise,31249980.1,2100000.0,3000.0,10,31680480.1,-56.64028549
1000000000.0,1146905830.5499647,phase_noise,31249980.1,2100000.0,3000.0,10,31681980.1,-55.0869751
1000000000.0,1146905830.5499647,phase_noise,31249980.1,2100000.0,3000.0,10,31683480.1,-55.83581161
1000000000.0,1146905830.5499647,phase_noise,31249980.1,2100000.0,3000.0,10,31684980.1,-56.07175446
1000000000.0,1146905830.5499647,phase_noise,31249980.1,2100000.0,3000.0,10,31686480.1,-56.58116913
1000000000.0,1146905830.5499647,phase_noise,31249980.1,2100000.0,3000.0,10,31687980.1,-55.72359848
1000000000.0,1146905830.5499647,phase_noise,31249980.1,2100000.0,3000.0,10,31689480.1,-55.16635895
1000000000.0,1146905830.5499647,phase_noise,31249980.1,2100000.0,3000.0,10,31690980.1,-56.56951904
1000000000.0,1146905830.5499647,phase_noise,31249980.1,2100000.0,3000.0,10,31692480.1,-54.76073837
1000000000.0,1146905830.5499647,phase_noise,31249980.1,2100000.0,3000.0,10,31693980.1,-53.70493317
1000000000.0,1146905830.5499647,phase_noise,31249980.1,2100000.0,3000.0,10,31695480.1,-53.9262085
1000000000.0,1146905830.5499647,phase_noise,31249980.1,2100000.0,3000.0,10,31696980.1,-54.96043777
1000000000.0,1146905830.5499647,phase_noise,31249980.1,2100000.0,3000.0,10,31698480.1,-58.64369965
1000000000.0,1146905830.5499647,phase_noise,31249980.1,2100000.0,3000.0,10,31699980.1,-57.82360458
1000000000.0,1146905830.5499647,phase_noise,31249980.1,2100000.0,3000.0,10,31701480.1,-55.68257904
1000000000.0,1146905830.5499647,phase_noise,31249980.1,2100000.0,3000.0,10,31702980.1,-55.54932404
1000000000.0,1146905830.5499647,phase_noise,31249980.1,2100000.0,3000.0,10,31704480.1,-55.93534851
1000000000.0,1146905830.5499647,phase_noise,31249980.1,2100000.0,3000.0,10,31705980.1,-57.05780411
1000000000.0,1146905830.5499647,phase_noise,31249980.1,2100000.0,3000.0,10,31707480.1,-55.95771027
1000000000.0,1146905830.5499647,phase_noise,31249980.1,2100000.0,3000.0,10,31708980.1,-53.70845413
1000000000.0,1146905830.5499647,phase_noise,31249980.1,2100000.0,3000.0,10,31710480.1,-54.78918076
1000000000.0,1146905830.5499647,phase_noise,31249980.1,2100000.0,3000.0,10,31711980.1,-54.85919952
1000000000.0,1146905830.5499647,phase_noise,31249980.1,2100000.0,3000.0,10,31713480.1,-52.51039124
1000000000.0,1146905830.5499647,phase_noise,31249980.1,2100000.0,3000.0,10,31714980.1,-53.07579041
1000000000.0,1146905830.5499647,phase_noise,31249980.1,2100000.0,3000.0,10,31716480.1,-53.92930984
1000000000.0,1146905830.5499647,phase_noise,31249980.1,2100000.0,3000.0,10,31717980.1,-55.76373291
1000000000.0,1146905830.5499647,phase_noise,31249980.1,2100000.0,3000.0,10,31719480.1,-54.1973877
1000000000.0,1146905830.5499647,phase_noise,31249980.1,2100000.0,3000.0,10,31720980.1,-54.57569504
1000000000.0,1146905830.5499647,phase_noise,31249980.1,2100000.0,3000.0,10,31722480.1,-54.31051636
1000000000.0,1146905830.5499647,phase_noise,31249980.1,2100000.0,3000.0,10,31723980.1,-53.626297
1000000000.0,1146905830.5499647,phase_noise,31249980.1,2100000.0,3000.0,10,31725480.1,-54.6713295
1000000000.0,1146905830.5499647,phase_noise,31249980.1,2100000.0,3000.0,10,31726980.1,-57.11144257
1000000000.0,1146905830.5499647,phase_noise,31249980.1,2100000.0,3000.0,10,31728480.1,-58.76391983
1000000000.0,1146905830.5499647,phase_noise,31249980.1,2100000.0,3000.0,10,31729980.1,-59.8348732
1000000000.0,1146905830.5499647,phase_noise,31249980.1,2100000.0,3000.0,10,31731480.1,-54.98962021
1000000000.0,1146905830.5499647,phase_noise,31249980.1,2100000.0,3000.0,10,31732980.1,-55.21289062
1000000000.0,1146905830.5499647,phase_noise,31249980.1,2100000.0,3000.0,10,31734480.1,-55.49586105
1000000000.0,1146905830.5499647,phase_noise,31249980.1,2100000.0,3000.0,10,31735980.1,-55.80051422
1000000000.0,1146905830.5499647,phase_noise,31249980.1,2100000.0,3000.0,10,31737480.1,-53.07309723
1000000000.0,1146905830.5499647,phase_noise,31249980.1,2100000.0,3000.0,10,31738980.1,-51.14053345
1000000000.0,1146905830.5499647,phase_noise,31249980.1,2100000.0,3000.0,10,31740480.1,-53.61712646
1000000000.0,1146905830.5499647,phase_noise,31249980.1,2100000.0,3000.0,10,31741980.1,-56.01840973
1000000000.0,1146905830.5499647,phase_noise,31249980.1,2100000.0,3000.0,10,31743480.1,-56.69259262
1000000000.0,1146905830.5499647,phase_noise,31249980.1,2100000.0,3000.0,10,31744980.1,-56.21852112
1000000000.0,1146905830.5499647,phase_noise,31249980.1,2100000.0,3000.0,10,31746480.1,-58.00894547
1000000000.0,1146905830.5499647,phase_noise,31249980.1,2100000.0,3000.0,10,31747980.1,-55.79256821
1000000000.0,1146905830.5499647,phase_noise,31249980.1,2100000.0,3000.0,10,31749480.1,-54.89252472
1000000000.0,1146905830.5499647,phase_noise,31249980.1,2100000.0,3000.0,10,31750980.1,-55.20457077
1000000000.0,1146905830.5499647,phase_noise,31249980.1,2100000.0,3000.0,10,31752480.1,-55.43421173
1000000000.0,1146905830.5499647,phase_noise,31249980.1,2100000.0,3000.0,10,31753980.1,-54.85676956
1000000000.0,1146905830.5499647,phase_noise,31249980.1,2100000.0,3000.0,10,31755480.1,-53.8807373
1000000000.0,1146905830.5499647,phase_noise,31249980.1,2100000.0,3000.0,10,31756980.1,-54.57582092
1000000000.0,1146905830.5499647,phase_noise,31249980.1,2100000.0,3000.0,10,31758480.1,-57.09503937
1000000000.0,1146905830.5499647,phase_noise,31249980.1,2100000.0,3000.0,10,31759980.1,-57.23503876
1000000000.0,1146905830.5499647,phase_noise,31249980.1,2100000.0,3000.0,10,31761480.1,-54.65830994
1000000000.0,1146905830.5499647,phase_noise,31249980.1,2100000.0,3000.0,10,31762980.1,-53.95045471
1000000000.0,1146905830.5499647,phase_noise,31249980.1,2100000.0,3000.0,10,31764480.1,-54.05612564
1000000000.0,1146905830.5499647,phase_noise,31249980.1,2100000.0,3000.0,10,31765980.1,-53.98840714
1000000000.0,1146905830.5499647,phase_noise,31249980.1,2100000.0,3000.0,10,31767480.1,-58.71204758
1000000000.0,1146905830.5499647,phase_noise,31249980.1,2100000.0,3000.0,10,31768980.1,-55.04415894
1000000000.0,1146905830.5499647,phase_noise,31249980.1,2100000.0,3000.0,10,31770480.1,-58.17268753
1000000000.0,1146905830.5499647,phase_noise,31249980.1,2100000.0,3000.0,10,31771980.1,-58.90563202
1000000000.0,1146905830.5499647,phase_noise,31249980.1,2100000.0,3000.0,10,31773480.1,-56.2982254
1000000000.0,1146905830.5499647,phase_noise,31249980.1,2100000.0,3000.0,10,31774980.1,-55.10214615
1000000000.0,1146905830.5499647,phase_noise,31249980.1,2100000.0,3000.0,10,31776480.1,-54.49465179
1000000000.0,1146905830.5499647,phase_noise,31249980.1,2100000.0,3000.0,10,31777980.1,-54.70824432
1000000000.0,1146905830.5499647,phase_noise,31249980.1,2100000.0,3000.0,10,31779480.1,-54.84087372
1000000000.0,1146905830.5499647,phase_noise,31249980.1,2100000.0,3000.0,10,31780980.1,-55.13920593
1000000000.0,1146905830.5499647,phase_noise,31249980.1,2100000.0,3000.0,10,31782480.1,-56.11772156
1000000000.0,1146905830.5499647,phase_noise,31249980.1,2100000.0,3000.0,10,31783980.1,-52.13955688
1000000000.0,1146905830.5499647,phase_noise,31249980.1,2100000.0,3000.0,10,31785480.1,-45.09536362
1000000000.0,1146905830.5499647,phase_noise,31249980.1,2100000.0,3000.0,10,31786980.1,-43.75515366
1000000000.0,1146905830.5499647,phase_noise,31249980.1,2100000.0,3000.0,10,31788480.1,-46.90193558
1000000000.0,1146905830.5499647,phase_noise,31249980.1,2100000.0,3000.0,10,31789980.1,-51.1076889
1000000000.0,1146905830.5499647,phase_noise,31249980.1,2100000.0,3000.0,10,31791480.1,-53.42122269
1000000000.0,1146905830.5499647,phase_noise,31249980.1,2100000.0,3000.0,10,31792980.1,-54.99945068
1000000000.0,1146905830.5499647,phase_noise,31249980.1,2100000.0,3000.0,10,31794480.1,-55.46334457
1000000000.0,1146905830.5499647,phase_noise,31249980.1,2100000.0,3000.0,10,31795980.1,-53.69117737
1000000000.0,1146905830.5499647,phase_noise,31249980.1,2100000.0,3000.0,10,31797480.1,-53.5017662
1000000000.0,1146905830.5499647,phase_noise,31249980.1,2100000.0,3000.0,10,31798980.1,-52.05568695
1000000000.0,1146905830.5499647,phase_noise,31249980.1,2100000.0,3000.0,10,31800480.1,-54.78222656
1000000000.0,1146905830.5499647,phase_noise,31249980.1,2100000.0,3000.0,10,31801980.1,-53.35061264
1000000000.0,1146905830.5499647,phase_noise,31249980.1,2100000.0,3000.0,10,31803480.1,-53.72480011
1000000000.0,1146905830.5499647,phase_noise,31249980.1,2100000.0,3000.0,10,31804980.1,-52.53401947
1000000000.0,1146905830.5499647,phase_noise,31249980.1,2100000.0,3000.0,10,31806480.1,-53.75804901
1000000000.0,1146905830.5499647,phase_noise,31249980.1,2100000.0,3000.0,10,31807980.1,-53.03956604
1000000000.0,1146905830.5499647,phase_noise,31249980.1,2100000.0,3000.0,10,31809480.1,-53.60662842
1000000000.0,1146905830.5499647,phase_noise,31249980.1,2100000.0,3000.0,10,31810980.1,-53.22455597
1000000000.0,1146905830.5499647,phase_noise,31249980.1,2100000.0,3000.0,10,31812480.1,-54.35382462
1000000000.0,1146905830.5499647,phase_noise,31249980.1,2100000.0,3000.0,10,31813980.1,-56.00676727
1000000000.0,1146905830.5499647,phase_noise,31249980.1,2100000.0,3000.0,10,31815480.1,-54.66619492
1000000000.0,1146905830.5499647,phase_noise,31249980.1,2100000.0,3000.0,10,31816980.1,-51.85398102
1000000000.0,1146905830.5499647,phase_noise,31249980.1,2100000.0,3000.0,10,31818480.1,-51.9994545
1000000000.0,1146905830.5499647,phase_noise,31249980.1,2100000.0,3000.0,10,31819980.1,-53.72911453
1000000000.0,1146905830.5499647,phase_noise,31249980.1,2100000.0,3000.0,10,31821480.1,-53.31726456
1000000000.0,1146905830.5499647,phase_noise,31249980.1,2100000.0,3000.0,10,31822980.1,-54.87809753
1000000000.0,1146905830.5499647,phase_noise,31249980.1,2100000.0,3000.0,10,31824480.1,-56.46860504
1000000000.0,1146905830.5499647,phase_noise,31249980.1,2100000.0,3000.0,10,31825980.1,-54.33533478
1000000000.0,1146905830.5499647,phase_noise,31249980.1,2100000.0,3000.0,10,31827480.1,-52.25496674
1000000000.0,1146905830.5499647,phase_noise,31249980.1,2100000.0,3000.0,10,31828980.1,-51.46875381
1000000000.0,1146905830.5499647,phase_noise,31249980.1,2100000.0,3000.0,10,31830480.1,-52.29682922
1000000000.0,1146905830.5499647,phase_noise,31249980.1,2100000.0,3000.0,10,31831980.1,-51.66780853
1000000000.0,1146905830.5499647,phase_noise,31249980.1,2100000.0,3000.0,10,31833480.1,-50.2506218
1000000000.0,1146905830.5499647,phase_noise,31249980.1,2100000.0,3000.0,10,31834980.1,-50.78790665
1000000000.0,1146905830.5499647,phase_noise,31249980.1,2100000.0,3000.0,10,31836480.1,-53.07222748
1000000000.0,1146905830.5499647,phase_noise,31249980.1,2100000.0,3000.0,10,31837980.1,-53.87693405
1000000000.0,1146905830.5499647,phase_noise,31249980.1,2100000.0,3000.0,10,31839480.1,-52.44105911
1000000000.0,1146905830.5499647,phase_noise,31249980.1,2100000.0,3000.0,10,31840980.1,-52.74071884
1000000000.0,1146905830.5499647,phase_noise,31249980.1,2100000.0,3000.0,10,31842480.1,-54.77980804
1000000000.0,1146905830.5499647,phase_noise,31249980.1,2100000.0,3000.0,10,31843980.1,-56.64387512
1000000000.0,1146905830.5499647,phase_noise,31249980.1,2100000.0,3000.0,10,31845480.1,-52.72132111
1000000000.0,1146905830.5499647,phase_noise,31249980.1,2100000.0,3000.0,10,31846980.1,-49.86885071
1000000000.0,1146905830.5499647,phase_noise,31249980.1,2100000.0,3000.0,10,31848480.1,-49.99885559
1000000000.0,1146905830.5499647,phase_noise,31249980.1,2100000.0,3000.0,10,31849980.1,-51.17023849
1000000000.0,1146905830.5499647,phase_noise,31249980.1,2100000.0,3000.0,10,31851480.1,-51.11383438
1000000000.0,1146905830.5499647,phase_noise,31249980.1,2100000.0,3000.0,10,31852980.1,-50.2710495
1000000000.0,1146905830.5499647,phase_noise,31249980.1,2100000.0,3000.0,10,31854480.1,-48.24417877
1000000000.0,1146905830.5499647,phase_noise,31249980.1,2100000.0,3000.0,10,31855980.1,-49.23870468
1000000000.0,1146905830.5499647,phase_noise,31249980.1,2100000.0,3000.0,10,31857480.1,-50.70249939
1000000000.0,1146905830.5499647,phase_noise,31249980.1,2100000.0,3000.0,10,31858980.1,-51.62664795
1000000000.0,1146905830.5499647,phase_noise,31249980.1,2100000.0,3000.0,10,31860480.1,-51.01260757
1000000000.0,1146905830.5499647,phase_noise,31249980.1,2100000.0,3000.0,10,31861980.1,-49.49208069
1000000000.0,1146905830.5499647,phase_noise,31249980.1,2100000.0,3000.0,10,31863480.1,-50.57799911
1000000000.0,1146905830.5499647,phase_noise,31249980.1,2100000.0,3000.0,10,31864980.1,-50.08378601
1000000000.0,1146905830.5499647,phase_noise,31249980.1,2100000.0,3000.0,10,31866480.1,-48.40184402
1000000000.0,1146905830.5499647,phase_noise,31249980.1,2100000.0,3000.0,10,31867980.1,-47.85885239
1000000000.0,1146905830.5499647,phase_noise,31249980.1,2100000.0,3000.0,10,31869480.1,-47.755867
1000000000.0,1146905830.5499647,phase_noise,31249980.1,2100000.0,3000.0,10,31870980.1,-47.42845917
1000000000.0,1146905830.5499647,phase_noise,31249980.1,2100000.0,3000.0,10,31872480.1,-46.84408188
1000000000.0,1146905830.5499647,phase_noise,31249980.1,2100000.0,3000.0,10,31873980.1,-48.53668976
1000000000.0,1146905830.5499647,phase_noise,31249980.1,2100000.0,3000.0,10,31875480.1,-51.07033539
1000000000.0,1146905830.5499647,phase_noise,31249980.1,2100000.0,3000.0,10,31876980.1,-48.38738632
1000000000.0,1146905830.5499647,phase_noise,31249980.1,2100000.0,3000.0,10,31878480.1,-47.01047516
1000000000.0,1146905830.5499647,phase_noise,31249980.1,2100000.0,3000.0,10,31879980.1,-47.6049614
1000000000.0,1146905830.5499647,phase_noise,31249980.1,2100000.0,3000.0,10,31881480.1,-47.81349182
1000000000.0,1146905830.5499647,phase_noise,31249980.1,2100000.0,3000.0,10,31882980.1,-47.96692657
1000000000.0,1146905830.5499647,phase_noise,31249980.1,2100000.0,3000.0,10,31884480.1,-45.87899399
1000000000.0,1146905830.5499647,phase_noise,31249980.1,2100000.0,3000.0,10,31885980.1,-46.09248734
1000000000.0,1146905830.5499647,phase_noise,31249980.1,2100000.0,3000.0,10,31887480.1,-49.29335403
1000000000.0,1146905830.5499647,phase_noise,31249980.1,2100000.0,3000.0,10,31888980.1,-50.73626328
1000000000.0,1146905830.5499647,phase_noise,31249980.1,2100000.0,3000.0,10,31890480.1,-49.60012054
1000000000.0,1146905830.5499647,phase_noise,31249980.1,2100000.0,3000.0,10,31891980.1,-49.23391724
1000000000.0,1146905830.5499647,phase_noise,31249980.1,2100000.0,3000.0,10,31893480.1,-51.28556824
1000000000.0,1146905830.5499647,phase_noise,31249980.1,2100000.0,3000.0,10,31894980.1,-51.60515213
1000000000.0,1146905830.5499647,phase_noise,31249980.1,2100000.0,3000.0,10,31896480.1,-50.81029892
1000000000.0,1146905830.5499647,phase_noise,31249980.1,2100000.0,3000.0,10,31897980.1,-52.13590622
1000000000.0,1146905830.5499647,phase_noise,31249980.1,2100000.0,3000.0,10,31899480.1,-50.53761673
1000000000.0,1146905830.5499647,phase_noise,31249980.1,2100000.0,3000.0,10,31900980.1,-49.88221741
1000000000.0,1146905830.5499647,phase_noise,31249980.1,2100000.0,3000.0,10,31902480.1,-51.45456314
1000000000.0,1146905830.5499647,phase_noise,31249980.1,2100000.0,3000.0,10,31903980.1,-51.37732315
1000000000.0,1146905830.5499647,phase_noise,31249980.1,2100000.0,3000.0,10,31905480.1,-51.5045929
1000000000.0,1146905830.5499647,phase_noise,31249980.1,2100000.0,3000.0,10,31906980.1,-52.54177856
1000000000.0,1146905830.5499647,phase_noise,31249980.1,2100000.0,3000.0,10,31908480.1,-51.16065216
1000000000.0,1146905830.5499647,phase_noise,31249980.1,2100000.0,3000.0,10,31909980.1,-51.38956451
1000000000.0,1146905830.5499647,phase_noise,31249980.1,2100000.0,3000.0,10,31911480.1,-50.30147552
1000000000.0,1146905830.5499647,phase_noise,31249980.1,2100000.0,3000.0,10,31912980.1,-49.16775131
1000000000.0,1146905830.5499647,phase_noise,31249980.1,2100000.0,3000.0,10,31914480.1,-49.9617157
1000000000.0,1146905830.5499647,phase_noise,31249980.1,2100000.0,3000.0,10,31915980.1,-49.4390564
1000000000.0,1146905830.5499647,phase_noise,31249980.1,2100000.0,3000.0,10,31917480.1,-51.2010231
1000000000.0,1146905830.5499647,phase_noise,31249980.1,2100000.0,3000.0,10,31918980.1,-51.12139511
1000000000.0,1146905830.5499647,phase_noise,31249980.1,2100000.0,3000.0,10,31920480.1,-50.1715889
1000000000.0,1146905830.5499647,phase_noise,31249980.1,2100000.0,3000.0,10,31921980.1,-49.3139267
1000000000.0,1146905830.5499647,phase_noise,31249980.1,2100000.0,3000.0,10,31923480.1,-51.52453613
1000000000.0,1146905830.5499647,phase_noise,31249980.1,2100000.0,3000.0,10,31924980.1,-50.9851265
1000000000.0,1146905830.5499647,phase_noise,31249980.1,2100000.0,3000.0,10,31926480.1,-51.11471939
1000000000.0,1146905830.5499647,phase_noise,31249980.1,2100000.0,3000.0,10,31927980.1,-50.38172913
1000000000.0,1146905830.5499647,phase_noise,31249980.1,2100000.0,3000.0,10,31929480.1,-48.04098129
1000000000.0,1146905830.5499647,phase_noise,31249980.1,2100000.0,3000.0,10,31930980.1,-47.59330368
1000000000.0,1146905830.5499647,phase_noise,31249980.1,2100000.0,3000.0,10,31932480.1,-48.06126785
1000000000.0,1146905830.5499647,phase_noise,31249980.1,2100000.0,3000.0,10,31933980.1,-50.96578598
1000000000.0,1146905830.5499647,phase_noise,31249980.1,2100000.0,3000.0,10,31935480.1,-50.41389465
1000000000.0,1146905830.5499647,phase_noise,31249980.1,2100000.0,3000.0,10,31936980.1,-47.8693924
1000000000.0,1146905830.5499647,phase_noise,31249980.1,2100000.0,3000.0,10,31938480.1,-47.67780304
1000000000.0,1146905830.5499647,phase_noise,31249980.1,2100000.0,3000.0,10,31939980.1,-45.14669037
1000000000.0,1146905830.5499647,phase_noise,31249980.1,2100000.0,3000.0,10,31941480.1,-41.23551178
1000000000.0,1146905830.5499647,phase_noise,31249980.1,2100000.0,3000.0,10,31942980.1,-38.44630051
1000000000.0,1146905830.5499647,phase_noise,31249980.1,2100000.0,3000.0,10,31944480.1,-41.06122971
1000000000.0,1146905830.5499647,phase_noise,31249980.1,2100000.0,3000.0,10,31945980.1,-49.8513031
1000000000.0,1146905830.5499647,phase_noise,31249980.1,2100000.0,3000.0,10,31947480.1,-52.29734802
1000000000.0,1146905830.5499647,phase_noise,31249980.1,2100000.0,3000.0,10,31948980.1,-49.94015121
1000000000.0,1146905830.5499647,phase_noise,31249980.1,2100000.0,3000.0,10,31950480.1,-48.68825531
1000000000.0,1146905830.5499647,phase_noise,31249980.1,2100000.0,3000.0,10,31951980.1,-43.8230896
1000000000.0,1146905830.5499647,phase_noise,31249980.1,2100000.0,3000.0,10,31953480.1,-36.34745026
1000000000.0,1146905830.5499647,phase_noise,31249980.1,2100000.0,3000.0,10,31954980.1,-31.66260147
1000000000.0,1146905830.5499647,phase_noise,31249980.1,2100000.0,3000.0,10,31956480.1,-32.99767303
1000000000.0,1146905830.5499647,phase_noise,31249980.1,2100000.0,3000.0,10,31957980.1,-40.61097717
1000000000.0,1146905830.5499647,phase_noise,31249980.1,2100000.0,3000.0,10,31959480.1,-48.82843018
1000000000.0,1146905830.5499647,phase_noise,31249980.1,2100000.0,3000.0,10,31960980.1,-51.00085068
1000000000.0,1146905830.5499647,phase_noise,31249980.1,2100000.0,3000.0,10,31962480.1,-46.40055847
1000000000.0,1146905830.5499647,phase_noise,31249980.1,2100000.0,3000.0,10,31963980.1,-35.82932281
1000000000.0,1146905830.5499647,phase_noise,31249980.1,2100000.0,3000.0,10,31965480.1,-31.12399483
1000000000.0,1146905830.5499647,phase_noise,31249980.1,2100000.0,3000.0,10,31966980.1,-32.55286026
1000000000.0,1146905830.5499647,phase_noise,31249980.1,2100000.0,3000.0,10,31968480.1,-40.83750534
1000000000.0,1146905830.5499647,phase_noise,31249980.1,2100000.0,3000.0,10,31969980.1,-50.56692886
1000000000.0,1146905830.5499647,phase_noise,31249980.1,2100000.0,3000.0,10,31971480.1,-47.63451385
1000000000.0,1146905830.5499647,phase_noise,31249980.1,2100000.0,3000.0,10,31972980.1,-46.34670258
1000000000.0,1146905830.5499647,phase_noise,31249980.1,2100000.0,3000.0,10,31974480.1,-46.716362
1000000000.0,1146905830.5499647,phase_noise,31249980.1,2100000.0,3000.0,10,31975980.1,-48.16026306
1000000000.0,1146905830.5499647,phase_noise,31249980.1,2100000.0,3000.0,10,31977480.1,-50.90621185
1000000000.0,1146905830.5499647,phase_noise,31249980.1,2100000.0,3000.0,10,31978980.1,-51.1104393
1000000000.0,1146905830.5499647,phase_noise,31249980.1,2100000.0,3000.0,10,31980480.1,-52.84466171
1000000000.0,1146905830.5499647,phase_noise,31249980.1,2100000.0,3000.0,10,31981980.1,-52.19025803
1000000000.0,1146905830.5499647,phase_noise,31249980.1,2100000.0,3000.0,10,31983480.1,-50.02464676
1000000000.0,1146905830.5499647,phase_noise,31249980.1,2100000.0,3000.0,10,31984980.1,-49.90113831
1000000000.0,1146905830.5499647,phase_noise,31249980.1,2100000.0,3000.0,10,31986480.1,-53.68210602
1000000000.0,1146905830.5499647,phase_noise,31249980.1,2100000.0,3000.0,10,31987980.1,-54.70275116
1000000000.0,1146905830.5499647,phase_noise,31249980.1,2100000.0,3000.0,10,31989480.1,-52.81486893
1000000000.0,1146905830.5499647,phase_noise,31249980.1,2100000.0,3000.0,10,31990980.1,-49.21294022
1000000000.0,1146905830.5499647,phase_noise,31249980.1,2100000.0,3000.0,10,31992480.1,-48.01939392
1000000000.0,1146905830.5499647,phase_noise,31249980.1,2100000.0,3000.0,10,31993980.1,-47.49662399
1000000000.0,1146905830.5499647,phase_noise,31249980.1,2100000.0,3000.0,10,31995480.1,-50.17605591
1000000000.0,1146905830.5499647,phase_noise,31249980.1,2100000.0,3000.0,10,31996980.1,-51.69443893
1000000000.0,1146905830.5499647,phase_noise,31249980.1,2100000.0,3000.0,10,31998480.1,-52.5556488
1000000000.0,1146905830.5499647,phase_noise,31249980.1,2100000.0,3000.0,10,31999980.1,-53.04766846
1000000000.0,1146905830.5499647,phase_noise,31249980.1,2100000.0,3000.0,10,32001480.1,-52.38111115
1000000000.0,1146905830.5499647,phase_noise,31249980.1,2100000.0,3000.0,10,32002980.1,-50.7455368
1000000000.0,1146905830.5499647,phase_noise,31249980.1,2100000.0,3000.0,10,32004480.1,-53.0624733
1000000000.0,1146905830.5499647,phase_noise,31249980.1,2100000.0,3000.0,10,32005980.1,-56.19459152
1000000000.0,1146905830.5499647,phase_noise,31249980.1,2100000.0,3000.0,10,32007480.1,-55.1698494
1000000000.0,1146905830.5499647,phase_noise,31249980.1,2100000.0,3000.0,10,32008980.1,-49.92303467
1000000000.0,1146905830.5499647,phase_noise,31249980.1,2100000.0,3000.0,10,32010480.1,-49.49666214
1000000000.0,1146905830.5499647,phase_noise,31249980.1,2100000.0,3000.0,10,32011980.1,-53.42950058
1000000000.0,1146905830.5499647,phase_noise,31249980.1,2100000.0,3000.0,10,32013480.1,-50.33038712
1000000000.0,1146905830.5499647,phase_noise,31249980.1,2100000.0,3000.0,10,32014980.1,-50.23160934
1000000000.0,1146905830.5499647,phase_noise,31249980.1,2100000.0,3000.0,10,32016480.1,-52.76651001
1000000000.0,1146905830.5499647,phase_noise,31249980.1,2100000.0,3000.0,10,32017980.1,-54.23880768
1000000000.0,1146905830.5499647,phase_noise,31249980.1,2100000.0,3000.0,10,32019480.1,-52.00431061
1000000000.0,1146905830.5499647,phase_noise,31249980.1,2100000.0,3000.0,10,32020980.1,-50.28044128
1000000000.0,1146905830.5499647,phase_noise,31249980.1,2100000.0,3000.0,10,32022480.1,-50.63668442
1000000000.0,1146905830.5499647,phase_noise,31249980.1,2100000.0,3000.0,10,32023980.1,-52.88128662
1000000000.0,1146905830.5499647,phase_noise,31249980.1,2100000.0,3000.0,10,32025480.1,-51.43580246
1000000000.0,1146905830.5499647,phase_noise,31249980.1,2100000.0,3000.0,10,32026980.1,-49.95017242
1000000000.0,1146905830.5499647,phase_noise,31249980.1,2100000.0,3000.0,10,32028480.1,-51.45035934
1000000000.0,1146905830.5499647,phase_noise,31249980.1,2100000.0,3000.0,10,32029980.1,-50.54392624
1000000000.0,1146905830.5499647,phase_noise,31249980.1,2100000.0,3000.0,10,32031480.1,-48.36502457
1000000000.0,1146905830.5499647,phase_noise,31249980.1,2100000.0,3000.0,10,32032980.1,-49.23611832
1000000000.0,1146905830.5499647,phase_noise,31249980.1,2100000.0,3000.0,10,32034480.1,-54.37004852
1000000000.0,1146905830.5499647,phase_noise,31249980.1,2100000.0,3000.0,10,32035980.1,-53.42725754
1000000000.0,1146905830.5499647,phase_noise,31249980.1,2100000.0,3000.0,10,32037480.1,-55.67383957
1000000000.0,1146905830.5499647,phase_noise,31249980.1,2100000.0,3000.0,10,32038980.1,-54.29833603
1000000000.0,1146905830.5499647,phase_noise,31249980.1,2100000.0,3000.0,10,32040480.1,-51.06914139
1000000000.0,1146905830.5499647,phase_noise,31249980.1,2100000.0,3000.0,10,32041980.1,-49.57661819
1000000000.0,1146905830.5499647,phase_noise,31249980.1,2100000.0,3000.0,10,32043480.1,-47.78433609
1000000000.0,1146905830.5499647,phase_noise,31249980.1,2100000.0,3000.0,10,32044980.1,-47.43570709
1000000000.0,1146905830.5499647,phase_noise,31249980.1,2100000.0,3000.0,10,32046480.1,-40.57812881
1000000000.0,1146905830.5499647,phase_noise,31249980.1,2100000.0,3000.0,10,32047980.1,-34.82387543
1000000000.0,1146905830.5499647,phase_noise,31249980.1,2100000.0,3000.0,10,32049480.1,-34.86697006
1000000000.0,1146905830.5499647,phase_noise,31249980.1,2100000.0,3000.0,10,32050980.1,-41.02772522
1000000000.0,1146905830.5499647,phase_noise,31249980.1,2100000.0,3000.0,10,32052480.1,-51.12407684
1000000000.0,1146905830.5499647,phase_noise,31249980.1,2100000.0,3000.0,10,32053980.1,-54.6980629
1000000000.0,1146905830.5499647,phase_noise,31249980.1,2100000.0,3000.0,10,32055480.1,-54.88454056
1000000000.0,1146905830.5499647,phase_noise,31249980.1,2100000.0,3000.0,10,32056980.1,-56.96705627
1000000000.0,1146905830.5499647,phase_noise,31249980.1,2100000.0,3000.0,10,32058480.1,-58.01283264
1000000000.0,1146905830.5499647,phase_noise,31249980.1,2100000.0,3000.0,10,32059980.1,-58.18034744
1000000000.0,1146905830.5499647,phase_noise,31249980.1,2100000.0,3000.0,10,32061480.1,-56.83562469
1000000000.0,1146905830.5499647,phase_noise,31249980.1,2100000.0,3000.0,10,32062980.1,-53.89700317
1000000000.0,1146905830.5499647,phase_noise,31249980.1,2100000.0,3000.0,10,32064480.1,-52.71466064
1000000000.0,1146905830.5499647,phase_noise,31249980.1,2100000.0,3000.0,10,32065980.1,-55.57183075
1000000000.0,1146905830.5499647,phase_noise,31249980.1,2100000.0,3000.0,10,32067480.1,-53.04682541
1000000000.0,1146905830.5499647,phase_noise,31249980.1,2100000.0,3000.0,10,32068980.1,-53.35746002
1000000000.0,1146905830.5499647,phase_noise,31249980.1,2100000.0,3000.0,10,32070480.1,-53.31655884
1000000000.0,1146905830.5499647,phase_noise,31249980.1,2100000.0,3000.0,10,32071980.1,-51.48892593
1000000000.0,1146905830.5499647,phase_noise,31249980.1,2100000.0,3000.0,10,32073480.1,-52.51623154
1000000000.0,1146905830.5499647,phase_noise,31249980.1,2100000.0,3000.0,10,32074980.1,-55.41439438
1000000000.0,1146905830.5499647,phase_noise,31249980.1,2100000.0,3000.0,10,32076480.1,-56.62095642
1000000000.0,1146905830.5499647,phase_noise,31249980.1,2100000.0,3000.0,10,32077980.1,-58.34144211
1000000000.0,1146905830.5499647,phase_noise,31249980.1,2100000.0,3000.0,10,32079480.1,-56.36215973
1000000000.0,1146905830.5499647,phase_noise,31249980.1,2100000.0,3000.0,10,32080980.1,-58.48433304
1000000000.0,1146905830.5499647,phase_noise,31249980.1,2100000.0,3000.0,10,32082480.1,-55.51163101
1000000000.0,1146905830.5499647,phase_noise,31249980.1,2100000.0,3000.0,10,32083980.1,-53.6992836
1000000000.0,1146905830.5499647,phase_noise,31249980.1,2100000.0,3000.0,10,32085480.1,-53.95205688
1000000000.0,1146905830.5499647,phase_noise,31249980.1,2100000.0,3000.0,10,32086980.1,-54.59106064
1000000000.0,1146905830.5499647,phase_noise,31249980.1,2100000.0,3000.0,10,32088480.1,-53.19324493
1000000000.0,1146905830.5499647,phase_noise,31249980.1,2100000.0,3000.0,10,32089980.1,-53.75359344
1000000000.0,1146905830.5499647,phase_noise,31249980.1,2100000.0,3000.0,10,32091480.1,-55.67933655
1000000000.0,1146905830.5499647,phase_noise,31249980.1,2100000.0,3000.0,10,32092980.1,-55.92952347
1000000000.0,1146905830.5499647,phase_noise,31249980.1,2100000.0,3000.0,10,32094480.1,-53.91085815
1000000000.0,1146905830.5499647,phase_noise,31249980.1,2100000.0,3000.0,10,32095980.1,-53.57466507
1000000000.0,1146905830.5499647,phase_noise,31249980.1,2100000.0,3000.0,10,32097480.1,-50.89272308
1000000000.0,1146905830.5499647,phase_noise,31249980.1,2100000.0,3000.0,10,32098980.1,-50.70345306
1000000000.0,1146905830.5499647,phase_noise,31249980.1,2100000.0,3000.0,10,32100480.1,-53.04228973
1000000000.0,1146905830.5499647,phase_noise,31249980.1,2100000.0,3000.0,10,32101980.1,-52.71577454
1000000000.0,1146905830.5499647,phase_noise,31249980.1,2100000.0,3000.0,10,32103480.1,-52.90722656
1000000000.0,1146905830.5499647,phase_noise,31249980.1,2100000.0,3000.0,10,32104980.1,-53.8094902
1000000000.0,1146905830.5499647,phase_noise,31249980.1,2100000.0,3000.0,10,32106480.1,-54.66177368
1000000000.0,1146905830.5499647,phase_noise,31249980.1,2100000.0,3000.0,10,32107980.1,-55.39342499
1000000000.0,1146905830.5499647,phase_noise,31249980.1,2100000.0,3000.0,10,32109480.1,-55.01656342
1000000000.0,1146905830.5499647,phase_noise,31249980.1,2100000.0,3000.0,10,32110980.1,-53.10674286
1000000000.0,1146905830.5499647,phase_noise,31249980.1,2100000.0,3000.0,10,32112480.1,-53.4851532
1000000000.0,1146905830.5499647,phase_noise,31249980.1,2100000.0,3000.0,10,32113980.1,-56.54904938
1000000000.0,1146905830.5499647,phase_noise,31249980.1,2100000.0,3000.0,10,32115480.1,-54.96834946
1000000000.0,1146905830.5499647,phase_noise,31249980.1,2100000.0,3000.0,10,32116980.1,-53.92134094
1000000000.0,1146905830.5499647,phase_noise,31249980.1,2100000.0,3000.0,10,32118480.1,-54.47573471
1000000000.0,1146905830.5499647,phase_noise,31249980.1,2100000.0,3000.0,10,32119980.1,-54.40826035
1000000000.0,1146905830.5499647,phase_noise,31249980.1,2100000.0,3000.0,10,32121480.1,-55.82623291
1000000000.0,1146905830.5499647,phase_noise,31249980.1,2100000.0,3000.0,10,32122980.1,-55.2716217
1000000000.0,1146905830.5499647,phase_noise,31249980.1,2100000.0,3000.0,10,32124480.1,-54.36776352
1000000000.0,1146905830.5499647,phase_noise,31249980.1,2100000.0,3000.0,10,32125980.1,-55.48944092
1000000000.0,1146905830.5499647,phase_noise,31249980.1,2100000.0,3000.0,10,32127480.1,-54.57823563
1000000000.0,1146905830.5499647,phase_noise,31249980.1,2100000.0,3000.0,10,32128980.1,-54.88315582
1000000000.0,1146905830.5499647,phase_noise,31249980.1,2100000.0,3000.0,10,32130480.1,-56.01499176
1000000000.0,1146905830.5499647,phase_noise,31249980.1,2100000.0,3000.0,10,32131980.1,-55.87756729
1000000000.0,1146905830.5499647,phase_noise,31249980.1,2100000.0,3000.0,10,32133480.1,-55.66580582
1000000000.0,1146905830.5499647,phase_noise,31249980.1,2100000.0,3000.0,10,32134980.1,-53.39593506
1000000000.0,1146905830.5499647,phase_noise,31249980.1,2100000.0,3000.0,10,32136480.1,-54.67318344
1000000000.0,1146905830.5499647,phase_noise,31249980.1,2100000.0,3000.0,10,32137980.1,-54.35465622
1000000000.0,1146905830.5499647,phase_noise,31249980.1,2100000.0,3000.0,10,32139480.1,-58.32252884
1000000000.0,1146905830.5499647,phase_noise,31249980.1,2100000.0,3000.0,10,32140980.1,-59.64722443
1000000000.0,1146905830.5499647,phase_noise,31249980.1,2100000.0,3000.0,10,32142480.1,-55.2600975
1000000000.0,1146905830.5499647,phase_noise,31249980.1,2100000.0,3000.0,10,32143980.1,-51.20109558
1000000000.0,1146905830.5499647,phase_noise,31249980.1,2100000.0,3000.0,10,32145480.1,-50.74703979
1000000000.0,1146905830.5499647,phase_noise,31249980.1,2100000.0,3000.0,10,32146980.1,-52.50818634
1000000000.0,1146905830.5499647,phase_noise,31249980.1,2100000.0,3000.0,10,32148480.1,-53.12903214
1000000000.0,1146905830.5499647,phase_noise,31249980.1,2100000.0,3000.0,10,32149980.1,-52.84025192
1000000000.0,1146905830.5499647,phase_noise,31249980.1,2100000.0,3000.0,10,32151480.1,-56.14939117
1000000000.0,1146905830.5499647,phase_noise,31249980.1,2100000.0,3000.0,10,32152980.1,-55.47563171
1000000000.0,1146905830.5499647,phase_noise,31249980.1,2100000.0,3000.0,10,32154480.1,-55.19903946
1000000000.0,1146905830.5499647,phase_noise,31249980.1,2100000.0,3000.0,10,32155980.1,-53.41429138
1000000000.0,1146905830.5499647,phase_noise,31249980.1,2100000.0,3000.0,10,32157480.1,-51.80696487
1000000000.0,1146905830.5499647,phase_noise,31249980.1,2100000.0,3000.0,10,32158980.1,-53.34983444
1000000000.0,1146905830.5499647,phase_noise,31249980.1,2100000.0,3000.0,10,32160480.1,-56.06097794
1000000000.0,1146905830.5499647,phase_noise,31249980.1,2100000.0,3000.0,10,32161980.1,-56.08852768
1000000000.0,1146905830.5499647,phase_noise,31249980.1,2100000.0,3000.0,10,32163480.1,-55.99560165
1000000000.0,1146905830.5499647,phase_noise,31249980.1,2100000.0,3000.0,10,32164980.1,-58.51504898
1000000000.0,1146905830.5499647,phase_noise,31249980.1,2100000.0,3000.0,10,32166480.1,-59.34859848
1000000000.0,1146905830.5499647,phase_noise,31249980.1,2100000.0,3000.0,10,32167980.1,-57.4922142
1000000000.0,1146905830.5499647,phase_noise,31249980.1,2100000.0,3000.0,10,32169480.1,-56.02388382
1000000000.0,1146905830.5499647,phase_noise,31249980.1,2100000.0,3000.0,10,32170980.1,-56.35242462
1000000000.0,1146905830.5499647,phase_noise,31249980.1,2100000.0,3000.0,10,32172480.1,-58.70891953
1000000000.0,1146905830.5499647,phase_noise,31249980.1,2100000.0,3000.0,10,32173980.1,-57.01226044
1000000000.0,1146905830.5499647,phase_noise,31249980.1,2100000.0,3000.0,10,32175480.1,-55.17259216
1000000000.0,1146905830.5499647,phase_noise,31249980.1,2100000.0,3000.0,10,32176980.1,-56.3756485
1000000000.0,1146905830.5499647,phase_noise,31249980.1,2100000.0,3000.0,10,32178480.1,-56.6954689
1000000000.0,1146905830.5499647,phase_noise,31249980.1,2100000.0,3000.0,10,32179980.1,-54.89438629
1000000000.0,1146905830.5499647,phase_noise,31249980.1,2100000.0,3000.0,10,32181480.1,-52.1740036
1000000000.0,1146905830.5499647,phase_noise,31249980.1,2100000.0,3000.0,10,32182980.1,-52.91147232
1000000000.0,1146905830.5499647,phase_noise,31249980.1,2100000.0,3000.0,10,32184480.1,-53.32659149
1000000000.0,1146905830.5499647,phase_noise,31249980.1,2100000.0,3000.0,10,32185980.1,-53.97207642
1000000000.0,1146905830.5499647,phase_noise,31249980.1,2100000.0,3000.0,10,32187480.1,-52.47587585
1000000000.0,1146905830.5499647,phase_noise,31249980.1,2100000.0,3000.0,10,32188980.1,-52.92121506
1000000000.0,1146905830.5499647,phase_noise,31249980.1,2100000.0,3000.0,10,32190480.1,-55.52216721
1000000000.0,1146905830.5499647,phase_noise,31249980.1,2100000.0,3000.0,10,32191980.1,-56.83899307
1000000000.0,1146905830.5499647,phase_noise,31249980.1,2100000.0,3000.0,10,32193480.1,-56.36074829
1000000000.0,1146905830.5499647,phase_noise,31249980.1,2100000.0,3000.0,10,32194980.1,-55.28000259
1000000000.0,1146905830.5499647,phase_noise,31249980.1,2100000.0,3000.0,10,32196480.1,-55.88099289
1000000000.0,1146905830.5499647,phase_noise,31249980.1,2100000.0,3000.0,10,32197980.1,-53.94469833
1000000000.0,1146905830.5499647,phase_noise,31249980.1,2100000.0,3000.0,10,32199480.1,-51.39305496
1000000000.0,1146905830.5499647,phase_noise,31249980.1,2100000.0,3000.0,10,32200980.1,-50.82256317
1000000000.0,1146905830.5499647,phase_noise,31249980.1,2100000.0,3000.0,10,32202480.1,-49.7865448
1000000000.0,1146905830.5499647,phase_noise,31249980.1,2100000.0,3000.0,10,32203980.1,-49.01865387
1000000000.0,1146905830.5499647,phase_noise,31249980.1,2100000.0,3000.0,10,32205480.1,-50.15859222
1000000000.0,1146905830.5499647,phase_noise,31249980.1,2100000.0,3000.0,10,32206980.1,-51.81510925
1000000000.0,1146905830.5499647,phase_noise,31249980.1,2100000.0,3000.0,10,32208480.1,-51.95009995
1000000000.0,1146905830.5499647,phase_noise,31249980.1,2100000.0,3000.0,10,32209980.1,-52.78286743
1000000000.0,1146905830.5499647,phase_noise,31249980.1,2100000.0,3000.0,10,32211480.1,-50.7631073
1000000000.0,1146905830.5499647,phase_noise,31249980.1,2100000.0,3000.0,10,32212980.1,-47.54567337
1000000000.0,1146905830.5499647,phase_noise,31249980.1,2100000.0,3000.0,10,32214480.1,-45.31338501
1000000000.0,1146905830.5499647,phase_noise,31249980.1,2100000.0,3000.0,10,32215980.1,-45.86198807
1000000000.0,1146905830.5499647,phase_noise,31249980.1,2100000.0,3000.0,10,32217480.1,-50.91866302
1000000000.0,1146905830.5499647,phase_noise,31249980.1,2100000.0,3000.0,10,32218980.1,-55.72980881
1000000000.0,1146905830.5499647,phase_noise,31249980.1,2100000.0,3000.0,10,32220480.1,-58.94188309
1000000000.0,1146905830.5499647,phase_noise,31249980.1,2100000.0,3000.0,10,32221980.1,-56.94099426
1000000000.0,1146905830.5499647,phase_noise,31249980.1,2100000.0,3000.0,10,32223480.1,-54.17294312
1000000000.0,1146905830.5499647,phase_noise,31249980.1,2100000.0,3000.0,10,32224980.1,-52.96673203
1000000000.0,1146905830.5499647,phase_noise,31249980.1,2100000.0,3000.0,10,32226480.1,-54.14192963
1000000000.0,1146905830.5499647,phase_noise,31249980.1,2100000.0,3000.0,10,32227980.1,-52.25355148
1000000000.0,1146905830.5499647,phase_noise,31249980.1,2100000.0,3000.0,10,32229480.1,-51.07913971
1000000000.0,1146905830.5499647,phase_noise,31249980.1,2100000.0,3000.0,10,32230980.1,-51.05928421
1000000000.0,1146905830.5499647,phase_noise,31249980.1,2100000.0,3000.0,10,32232480.1,-53.47434616
1000000000.0,1146905830.5499647,phase_noise,31249980.1,2100000.0,3000.0,10,32233980.1,-53.42917252
1000000000.0,1146905830.5499647,phase_noise,31249980.1,2100000.0,3000.0,10,32235480.1,-51.73988342
1000000000.0,1146905830.5499647,phase_noise,31249980.1,2100000.0,3000.0,10,32236980.1,-54.40847397
1000000000.0,1146905830.5499647,phase_noise,31249980.1,2100000.0,3000.0,10,32238480.1,-54.23844147
1000000000.0,1146905830.5499647,phase_noise,31249980.1,2100000.0,3000.0,10,32239980.1,-52.83759689
1000000000.0,1146905830.5499647,phase_noise,31249980.1,2100000.0,3000.0,10,32241480.1,-53.04330444
1000000000.0,1146905830.5499647,phase_noise,31249980.1,2100000.0,3000.0,10,32242980.1,-53.15746307
1000000000.0,1146905830.5499647,phase_noise,31249980.1,2100000.0,3000.0,10,32244480.1,-55.43365097
1000000000.0,1146905830.5499647,phase_noise,31249980.1,2100000.0,3000.0,10,32245980.1,-55.35338593
1000000000.0,1146905830.5499647,phase_noise,31249980.1,2100000.0,3000.0,10,32247480.1,-54.04919434
1000000000.0,1146905830.5499647,phase_noise,31249980.1,2100000.0,3000.0,10,32248980.1,-52.96411133
1000000000.0,1146905830.5499647,phase_noise,31249980.1,2100000.0,3000.0,10,32250480.1,-51.61578751
1000000000.0,1146905830.5499647,phase_noise,31249980.1,2100000.0,3000.0,10,32251980.1,-51.54876709
1000000000.0,1146905830.5499647,phase_noise,31249980.1,2100000.0,3000.0,10,32253480.1,-51.95354462
1000000000.0,1146905830.5499647,phase_noise,31249980.1,2100000.0,3000.0,10,32254980.1,-50.42243958
1000000000.0,1146905830.5499647,phase_noise,31249980.1,2100000.0,3000.0,10,32256480.1,-49.80007935
1000000000.0,1146905830.5499647,phase_noise,31249980.1,2100000.0,3000.0,10,32257980.1,-51.96654129
1000000000.0,1146905830.5499647,phase_noise,31249980.1,2100000.0,3000.0,10,32259480.1,-52.43211746
1000000000.0,1146905830.5499647,phase_noise,31249980.1,2100000.0,3000.0,10,32260980.1,-52.82097626
1000000000.0,1146905830.5499647,phase_noise,31249980.1,2100000.0,3000.0,10,32262480.1,-53.6021347
1000000000.0,1146905830.5499647,phase_noise,31249980.1,2100000.0,3000.0,10,32263980.1,-53.26530838
1000000000.0,1146905830.5499647,phase_noise,31249980.1,2100000.0,3000.0,10,32265480.1,-50.16503525
1000000000.0,1146905830.5499647,phase_noise,31249980.1,2100000.0,3000.0,10,32266980.1,-44.19578171
1000000000.0,1146905830.5499647,phase_noise,31249980.1,2100000.0,3000.0,10,32268480.1,-43.29213715
1000000000.0,1146905830.5499647,phase_noise,31249980.1,2100000.0,3000.0,10,32269980.1,-47.93431854
1000000000.0,1146905830.5499647,phase_noise,31249980.1,2100000.0,3000.0,10,32271480.1,-53.64665604
1000000000.0,1146905830.5499647,phase_noise,31249980.1,2100000.0,3000.0,10,32272980.1,-52.75883102
1000000000.0,1146905830.5499647,phase_noise,31249980.1,2100000.0,3000.0,10,32274480.1,-49.37387848
1000000000.0,1146905830.5499647,phase_noise,31249980.1,2100000.0,3000.0,10,32275980.1,-46.42255783
1000000000.0,1146905830.5499647,phase_noise,31249980.1,2100000.0,3000.0,10,32277480.1,-49.41194534
1000000000.0,1146905830.5499647,phase_noise,31249980.1,2100000.0,3000.0,10,32278980.1,-50.99145508
1000000000.0,1146905830.5499647,phase_noise,31249980.1,2100000.0,3000.0,10,32280480.1,-53.51049805
1000000000.0,1146905830.5499647,phase_noise,31249980.1,2100000.0,3000.0,10,32281980.1,-54.55607986
1000000000.0,1146905830.5499647,phase_noise,31249980.1,2100000.0,3000.0,10,32283480.1,-51.53713226
1000000000.0,1146905830.5499647,phase_noise,31249980.1,2100000.0,3000.0,10,32284980.1,-51.32634735
1000000000.0,1146905830.5499647,phase_noise,31249980.1,2100000.0,3000.0,10,32286480.1,-50.67247772
1000000000.0,1146905830.5499647,phase_noise,31249980.1,2100000.0,3000.0,10,32287980.1,-54.61206436
1000000000.0,1146905830.5499647,phase_noise,31249980.1,2100000.0,3000.0,10,32289480.1,-55.03084183
1000000000.0,1146905830.5499647,phase_noise,31249980.1,2100000.0,3000.0,10,32290980.1,-52.11465836
1000000000.0,1146905830.5499647,phase_noise,31249980.1,2100000.0,3000.0,10,32292480.1,-52.39431
1000000000.0,1146905830.5499647,phase_noise,31249980.1,2100000.0,3000.0,10,32293980.1,-50.46938324
1000000000.0,1146905830.5499647,phase_noise,31249980.1,2100000.0,3000.0,10,32295480.1,-51.02544403
1000000000.0,1146905830.5499647,phase_noise,31249980.1,2100000.0,3000.0,10,32296980.1,-55.67393112
1000000000.0,1146905830.5499647,phase_noise,31249980.1,2100000.0,3000.0,10,32298480.1,-55.69957733
1000000000.0,1146905830.5499647,phase_noise,31249980.1,2100000.0,3000.0,10,32299980.1,-57.4578476
1000000000.0,1146905830.5499647,L_trace,31249980.1,,,10,100.5,-90.08673213040505
1000000000.0,1146905830.5499647,L_trace,31249980.1,,,10,102.0,-90.8601094729573
1000000000.0,1146905830.5499647,L_trace,31249980.1,,,10,103.5,-93.9138449841719
1000000000.0,1146905830.5499647,L_trace,31249980.1,,,10,105.0,-95.17621902299969
1000000000.0,1146905830.5499647,L_trace,31249980.1,,,10,106.5,-95.25897335856119
1000000000.0,1146905830.5499647,L_trace,31249980.1,,,10,108.0,-91.62537887334994
1000000000.0,1146905830.5499647,L_trace,31249980.1,,,10,109.5,-91.30898305600121
1000000000.0,1146905830.5499647,L_trace,31249980.1,,,10,111.0,-93.91695286386063
1000000000.0,1146905830.5499647,L_trace,31249980.1,,,10,112.5,-94.44396782002956
1000000000.0,1146905830.5499647,L_trace,31249980.1,,,10,114.0,-93.02398855265805
1000000000.0,1146905830.5499647,L_trace,31249980.1,,,10,115.5,-92.76771636822434
1000000000.0,1146905830.5499647,L_trace,31249980.1,,,10,117.0,-94.21532593832707
1000000000.0,1146905830.5499647,L_trace,31249980.1,,,10,118.5,-95.46991265770546
1000000000.0,1146905830.5499647,L_trace,31249980.1,,,10,120.0,-94.340188947446
1000000000.0,1146905830.5499647,L_trace,31249980.1,,,10,121.5,-93.89180566171247
1000000000.0,1146905830.5499647,L_trace,31249980.1,,,10,123.0,-92.18247101218283
1000000000.0,1146905830.5499647,L_trace,31249980.1,,,10,124.5,-90.43590698122432
1000000000.0,1146905830.5499647,L_trace,31249980.1,,,10,126.0,-92.10882257397574
1000000000.0,1146905830.5499647,L_trace,31249980.1,,,10,127.5,-93.55044023336094
1000000000.0,1146905830.5499647,L_trace,31249980.1,,,10,129.0,-93.79406768816965
1000000000.0,1146905830.5499647,L_trace,31249980.1,,,10,130.5,-93.80160119834538
1000000000.0,1146905830.5499647,L_trace,31249980.1,,,10,132.0,-93.31698045293808
1000000000.0,1146905830.5499647,L_trace,31249980.1,,,10,133.5,-93.81494849561935
1000000000.0,1146905830.5499647,L_trace,31249980.1,,,10,135.0,-94.53041174481432
1000000000.0,1146905830.5499647,L_trace,31249980.1,,,10,136.5,-94.06117496337798
1000000000.0,1146905830.5499647,L_trace,31249980.1,,,10,138.0,-93.76280109412791
1000000000.0,1146905830.5499647,L_trace,31249980.1,,,10,139.5,-94.6294886853289
1000000000.0,1146905830.5499647,L_trace,31249980.1,,,10,141.0,-94.14881605498634
1000000000.0,1146905830.5499647,L_trace,31249980.1,,,10,142.5,-95.64146127261266
1000000000.0,1146905830.5499647,L_trace,31249980.1,,,10,144.0,-94.35947069886832
1000000000.0,1146905830.5499647,L_trace,31249980.1,,,10,145.5,-94.66044484024788
1000000000.0,1146905830.5499647,L_trace,31249980.1,,,10,147.0,-95.65222421054095
1000000000.0,1146905830.5499647,L_trace,31249980.1,,,10,148.5,-95.30410453553036
1000000000.0,1146905830.5499647,L_trace,31249980.1,,,10,150.0,-93.34815875350996
1000000000.0,1146905830.5499647,L_trace,31249980.1,,,10,151.5,-92.86915257050839
1000000000.0,1146905830.5499647,L_trace,31249980.1,,,10,153.0,-94.92077942964042
1000000000.0,1146905830.5499647,L_trace,31249980.1,,,10,154.5,-97.58671167589297
1000000000.0,1146905830.5499647,L_trace,31249980.1,,,10,156.0,-97.40436884167887
1000000000.0,1146905830.5499647,L_trace,31249980.1,,,10,157.5,-93.77298906507139
1000000000.0,1146905830.5499647,L_trace,31249980.1,,,10,159.0,-92.82385076090173
1000000000.0,1146905830.5499647,L_trace,31249980.1,,,10,160.5,-92.97238184749135
1000000000.0,1146905830.5499647,L_trace,31249980.1,,,10,162.0,-93.24659996258218
1000000000.0,1146905830.5499647,L_trace,31249980.1,,,10,163.5,-92.90322480501446
1000000000.0,1146905830.5499647,L_trace,31249980.1,,,10,165.0,-95.22794667059104
1000000000.0,1146905830.5499647,L_trace,31249980.1,,,10,166.5,-95.5885462043783
1000000000.0,1146905830.5499647,L_trace,31249980.1,,,10,168.0,-94.49696603448704
1000000000.0,1146905830.5499647,L_trace,31249980.1,,,10,169.5,-94.60698361692214
1000000000.0,1146905830.5499647,L_trace,31249980.1,,,10,171.0,-96.37903137880592
1000000000.0,1146905830.5499647,L_trace,31249980.1,,,10,172.5,-94.2726751407402
1000000000.0,1146905830.5499647,L_trace,31249980.1,,,10,174.0,-93.98361086748848
1000000000.0,1146905830.5499647,L_trace,31249980.1,,,10,175.5,-95.73670274123455
1000000000.0,1146905830.5499647,L_trace,31249980.1,,,10,177.0,-97.83214925737805
1000000000.0,1146905830.5499647,L_trace,31249980.1,,,10,178.5,-95.93843035360703
1000000000.0,1146905830.5499647,L_trace,31249980.1,,,10,180.0,-94.21166854944799
1000000000.0,1146905830.5499647,L_trace,31249980.1,,,10,181.5,-93.62067111888773
1000000000.0,1146905830.5499647,L_trace,31249980.1,,,10,183.0,-92.64145500249121
1000000000.0,1146905830.5499647,L_trace,31249980.1,,,10,184.5,-92.96231815482498
1000000000.0,1146905830.5499647,L_trace,31249980.1,,,10,186.0,-93.05929566166097
1000000000.0,1146905830.5499647,L_trace,31249980.1,,,10,187.5,-94.3886500507538
1000000000.0,1146905830.5499647,L_trace,31249980.1,,,10,189.0,-94.52829596594722
1000000000.0,1146905830.5499647,L_trace,31249980.1,,,10,190.5,-94.22708214858939
1000000000.0,1146905830.5499647,L_trace,31249980.1,,,10,192.0,-94.3908584585642
1000000000.0,1146905830.5499647,L_trace,31249980.1,,,10,193.5,-96.27480888561573
1000000000.0,1146905830.5499647,L_trace,31249980.1,,,10,195.0,-94.1178922966357
1000000000.0,1146905830.5499647,L_trace,31249980.1,,,10,196.5,-91.91813408391812
1000000000.0,1146905830.5499647,L_trace,31249980.1,,,10,198.0,-89.2596531375877
1000000000.0,1146905830.5499647,L_trace,31249980.1,,,10,199.5,-85.08365820847665
1000000000.0,1146905830.5499647,L_trace,31249980.1,,,10,201.0,-85.81146481637037
1000000000.0,1146905830.5499647,L_trace,31249980.1,,,10,202.5,-90.02986053427112
1000000000.0,1146905830.5499647,L_trace,31249980.1,,,10,204.0,-92.69175731798694
1000000000.0,1146905830.5499647,L_trace,31249980.1,,,10,205.5,-94.05382577880613
1000000000.0,1146905830.5499647,L_trace,31249980.1,,,10,207.0,-94.1502431072737
1000000000.0,1146905830.5499647,L_trace,31249980.1,,,10,208.5,-92.59057002834346
1000000000.0,1146905830.5499647,L_trace,31249980.1,,,10,210.0,-93.73204130325429
1000000000.0,1146905830.5499647,L_trace,31249980.1,,,10,211.5,-96.92274509295675
1000000000.0,1146905830.5499647,L_trace,31249980.1,,,10,213.0,-93.3569263641988
1000000000.0,1146905830.5499647,L_trace,31249980.1,,,10,214.5,-95.30461834660852
1000000000.0,1146905830.5499647,L_trace,31249980.1,,,10,216.0,-95.20353878542227
1000000000.0,1146905830.5499647,L_trace,31249980.1,,,10,217.5,-94.67824021936505
1000000000.0,1146905830.5499647,L_trace,31249980.1,,,10,219.0,-95.1969154579638
1000000000.0,1146905830.5499647,L_trace,31249980.1,,,10,220.5,-94.18405045537405
1000000000.0,1146905830.5499647,L_trace,31249980.1,,,10,222.0,-94.8722743825016
1000000000.0,1146905830.5499647,L_trace,31249980.1,,,10,223.5,-93.49526837488052
1000000000.0,1146905830.5499647,L_trace,31249980.1,,,10,225.0,-92.51275939685594
1000000000.0,1146905830.5499647,L_trace,31249980.1,,,10,226.5,-86.58087669217716
1000000000.0,1146905830.5499647,L_trace,31249980.1,,,10,228.0,-81.98429641210184
1000000000.0,1146905830.5499647,L_trace,31249980.1,,,10,229.5,-84.25953034207915
1000000000.0,1146905830.5499647,L_trace,31249980.1,,,10,231.0,-89.19912209475355
1000000000.0,1146905830.5499647,L_trace,31249980.1,,,10,232.5,-84.57843623720083
1000000000.0,1146905830.5499647,L_trace,31249980.1,,,10,234.0,-85.37817525829863
1000000000.0,1146905830.5499647,L_trace,31249980.1,,,10,235.5,-90.49797083369207
1000000000.0,1146905830.5499647,L_trace,31249980.1,,,10,237.0,-94.01250472053665
1000000000.0,1146905830.5499647,L_trace,31249980.1,,,10,238.5,-94.06505120278514
1000000000.0,1146905830.5499647,L_trace,31249980.1,,,10,240.0,-92.30612422623902
1000000000.0,1146905830.5499647,L_trace,31249980.1,,,10,241.5,-92.28300285198509
1000000000.0,1146905830.5499647,L_trace,31249980.1,,,10,243.0,-93.64957587726475
1000000000.0,1146905830.5499647,L_trace,31249980.1,,,10,244.5,-93.6933952377759
1000000000.0,1146905830.5499647,L_trace,31249980.1,,,10,246.0,-93.34190494020724
1000000000.0,1146905830.5499647,L_trace,31249980.1,,,10,247.5,-93.54400905104761
1000000000.0,1146905830.5499647,L_trace,31249980.1,,,10,249.0,-94.88392441091186
1000000000.0,1146905830.5499647,L_trace,31249980.1,,,10,250.5,-96.71986377689926
1000000000.0,1146905830.5499647,L_trace,31249980.1,,,10,252.0,-94.46538903506178
1000000000.0,1146905830.5499647,L_trace,31249980.1,,,10,253.5,-94.23797288787634
1000000000.0,1146905830.5499647,L_trace,31249980.1,,,10,255.0,-94.79269449605893
1000000000.0,1146905830.5499647,L_trace,31249980.1,,,10,256.5,-96.74534074967235
1000000000.0,1146905830.5499647,L_trace,31249980.1,,,10,258.0,-93.78859767561714
1000000000.0,1146905830.5499647,L_trace,31249980.1,,,10,259.5,-92.89793254197927
1000000000.0,1146905830.5499647,L_trace,31249980.1,,,10,261.0,-95.42741222705344
1000000000.0,1146905830.5499647,L_trace,31249980.1,,,10,262.5,-95.50214659945645
1000000000.0,1146905830.5499647,L_trace,31249980.1,,,10,264.0,-95.1626729218299
1000000000.0,1146905830.5499647,L_trace,31249980.1,,,10,265.5,-93.76971784507955
1000000000.0,1146905830.5499647,L_trace,31249980.1,,,10,267.0,-93.6791936009778
1000000000.0,1146905830.5499647,L_trace,31249980.1,,,10,268.5,-91.88133213037108
1000000000.0,1146905830.5499647,L_trace,31249980.1,,,10,270.0,-92.4618834817136
1000000000.0,1146905830.5499647,L_trace,31249980.1,,,10,271.5,-94.87635677687972
1000000000.0,1146905830.5499647,L_trace,31249980.1,,,10,273.0,-96.96877106919918
1000000000.0,1146905830.5499647,L_trace,31249980.1,,,10,274.5,-98.66099280473004
1000000000.0,1146905830.5499647,L_trace,31249980.1,,,10,276.0,-96.30629131040688
1000000000.0,1146905830.5499647,L_trace,31249980.1,,,10,277.5,-94.36739262810181
1000000000.0,1146905830.5499647,L_trace,31249980.1,,,10,279.0,-93.60801199982025
1000000000.0,1146905830.5499647,L_trace,31249980.1,,,10,280.5,-92.20854616238564
1000000000.0,1146905830.5499647,L_trace,31249980.1,,,10,282.0,-90.39264499132281
1000000000.0,1146905830.5499647,L_trace,31249980.1,,,10,283.5,-91.38097750690778
1000000000.0,1146905830.5499647,L_trace,31249980.1,,,10,285.0,-93.44775309443405
1000000000.0,1146905830.5499647,L_trace,31249980.1,,,10,286.5,-96.66928126617945
1000000000.0,1146905830.5499647,L_trace,31249980.1,,,10,288.0,-96.83823311158959
1000000000.0,1146905830.5499647,L_trace,31249980.1,,,10,289.5,-96.07878277892412
1000000000.0,1146905830.5499647,L_trace,31249980.1,,,10,291.0,-93.36125346170607
1000000000.0,1146905830.5499647,L_trace,31249980.1,,,10,292.5,-92.21729014283264
1000000000.0,1146905830.5499647,L_trace,31249980.1,,,10,294.0,-91.8620601975207
1000000000.0,1146905830.5499647,L_trace,31249980.1,,,10,295.5,-92.87419564470163
1000000000.0,1146905830.5499647,L_trace,31249980.1,,,10,297.0,-94.13195584612485
1000000000.0,1146905830.5499647,L_trace,31249980.1,,,10,298.5,-85.80813978253633
1000000000.0,1146905830.5499647,L_trace,31249980.1,,,10,300.0,-82.3439896471053
1000000000.0,1146905830.5499647,L_trace,31249980.1,,,10,301.5,-84.76204257878136
1000000000.0,1146905830.5499647,L_trace,31249980.1,,,10,303.0,-90.15709409312642
1000000000.0,1146905830.5499647,L_trace,31249980.1,,,10,304.5,-94.68288448697278
1000000000.0,1146905830.5499647,L_trace,31249980.1,,,10,306.0,-94.83360939031766
1000000000.0,1146905830.5499647,L_trace,31249980.1,,,10,307.5,-92.96017519412872
1000000000.0,1146905830.5499647,L_trace,31249980.1,,,10,309.0,-94.26736291245497
1000000000.0,1146905830.5499647,L_trace,31249980.1,,,10,310.5,-95.34188203429397
1000000000.0,1146905830.5499647,L_trace,31249980.1,,,10,312.0,-96.51225333731823
1000000000.0,1146905830.5499647,L_trace,31249980.1,,,10,313.5,-95.85616480196349
1000000000.0,1146905830.5499647,L_trace,31249980.1,,,10,315.0,-96.51586800239778
1000000000.0,1146905830.5499647,L_trace,31249980.1,,,10,316.5,-94.45614809233741
1000000000.0,1146905830.5499647,L_trace,31249980.1,,,10,318.0,-92.62315506435495
1000000000.0,1146905830.5499647,L_trace,31249980.1,,,10,319.5,-93.51748542132522
1000000000.0,1146905830.5499647,L_trace,31249980.1,,,10,321.0,-91.86277116529938
1000000000.0,1146905830.5499647,L_trace,31249980.1,,,10,322.5,-90.81004650984096
1000000000.0,1146905830.5499647,L_trace,31249980.1,,,10,324.0,-88.8573377813098
1000000000.0,1146905830.5499647,L_trace,31249980.1,,,10,325.5,-87.55083373378226
1000000000.0,1146905830.5499647,L_trace,31249980.1,,,10,327.0,-89.29667421791673
1000000000.0,1146905830.5499647,L_trace,31249980.1,,,10,328.5,-91.59574338008623
1000000000.0,1146905830.5499647,L_trace,31249980.1,,,10,330.0,-94.64766076580163
1000000000.0,1146905830.5499647,L_trace,31249980.1,,,10,331.5,-94.62978236213623
1000000000.0,1146905830.5499647,L_trace,31249980.1,,,10,333.0,-93.63690788596456
1000000000.0,1146905830.5499647,L_trace,31249980.1,,,10,334.5,-93.70486432459988
1000000000.0,1146905830.5499647,L_trace,31249980.1,,,10,336.0,-94.88278952398599
1000000000.0,1146905830.5499647,L_trace,31249980.1,,,10,337.5,-95.48127543472127
1000000000.0,1146905830.5499647,L_trace,31249980.1,,,10,339.0,-96.7621072816529
1000000000.0,1146905830.5499647,L_trace,31249980.1,,,10,340.5,-94.9075584059804
1000000000.0,1146905830.5499647,L_trace,31249980.1,,,10,342.0,-95.7954030880501
1000000000.0,1146905830.5499647,L_trace,31249980.1,,,10,343.5,-95.7688647512187
1000000000.0,1146905830.5499647,L_trace,31249980.1,,,10,345.0,-96.1347380313135
1000000000.0,1146905830.5499647,L_trace,31249980.1,,,10,346.5,-97.51509643459895
1000000000.0,1146905830.5499647,L_trace,31249980.1,,,10,348.0,-97.58036260901437
1000000000.0,1146905830.5499647,L_trace,31249980.1,,,10,349.5,-96.65639060357752
1000000000.0,1146905830.5499647,L_trace,31249980.1,,,10,351.0,-96.07847512138507
1000000000.0,1146905830.5499647,L_trace,31249980.1,,,10,352.5,-94.21914265965005
1000000000.0,1146905830.5499647,L_trace,31249980.1,,,10,354.0,-96.20775341272417
1000000000.0,1146905830.5499647,L_trace,31249980.1,,,10,355.5,-95.99187841157364
1000000000.0,1146905830.5499647,L_trace,31249980.1,,,10,357.0,-93.70112823861564
1000000000.0,1146905830.5499647,L_trace,31249980.1,,,10,358.5,-93.45599681768772
1000000000.0,1146905830.5499647,L_trace,31249980.1,,,10,360.0,-91.06804364981063
1000000000.0,1146905830.5499647,L_trace,31249980.1,,,10,361.5,-87.31754675792214
1000000000.0,1146905830.5499647,L_trace,31249980.1,,,10,363.0,-83.20438473930844
1000000000.0,1146905830.5499647,L_trace,31249980.1,,,10,364.5,-81.40507711883367
1000000000.0,1146905830.5499647,L_trace,31249980.1,,,10,366.0,-81.62217664323647
1000000000.0,1146905830.5499647,L_trace,31249980.1,,,10,367.5,-85.54528991815582
1000000000.0,1146905830.5499647,L_trace,31249980.1,,,10,369.0,-90.69068367691501
1000000000.0,1146905830.5499647,L_trace,31249980.1,,,10,370.5,-93.71712468585383
1000000000.0,1146905830.5499647,L_trace,31249980.1,,,10,372.0,-93.29824354913363
1000000000.0,1146905830.5499647,L_trace,31249980.1,,,10,373.5,-94.04831707745907
1000000000.0,1146905830.5499647,L_trace,31249980.1,,,10,375.0,-94.88478109952291
1000000000.0,1146905830.5499647,L_trace,31249980.1,,,10,376.5,-93.90186287449166
1000000000.0,1146905830.5499647,L_trace,31249980.1,,,10,378.0,-93.6923412393699
1000000000.0,1146905830.5499647,L_trace,31249980.1,,,10,379.5,-93.18367077237254
1000000000.0,1146905830.5499647,L_trace,31249980.1,,,10,381.0,-92.28435552185947
1000000000.0,1146905830.5499647,L_trace,31249980.1,,,10,382.5,-93.93890598759984
1000000000.0,1146905830.5499647,L_trace,31249980.1,,,10,384.0,-92.95665767714848
1000000000.0,1146905830.5499647,L_trace,31249980.1,,,10,385.5,-95.60374135451868
1000000000.0,1146905830.5499647,L_trace,31249980.1,,,10,387.0,-95.61715188868186
1000000000.0,1146905830.5499647,L_trace,31249980.1,,,10,388.5,-94.58819231619454
1000000000.0,1146905830.5499647,L_trace,31249980.1,,,10,390.0,-94.87118978047799
1000000000.0,1146905830.5499647,L_trace,31249980.1,,,10,391.5,-96.98784671530875
1000000000.0,1146905830.5499647,L_trace,31249980.1,,,10,393.0,-93.84917683228697
1000000000.0,1146905830.5499647,L_trace,31249980.1,,,10,394.5,-93.88720887471244
1000000000.0,1146905830.5499647,L_trace,31249980.1,,,10,396.0,-93.47978094635415
1000000000.0,1146905830.5499647,L_trace,31249980.1,,,10,397.5,-93.47863883761984
1000000000.0,1146905830.5499647,L_trace,31249980.1,,,10,399.0,-88.43628530250979
1000000000.0,1146905830.5499647,L_trace,31249980.1,,,10,400.5,-86.44366239160236
1000000000.0,1146905830.5499647,L_trace,31249980.1,,,10,402.0,-88.29274282310277
1000000000.0,1146905830.5499647,L_trace,31249980.1,,,10,403.5,-92.14738326613609
1000000000.0,1146905830.5499647,L_trace,31249980.1,,,10,405.0,-94.46989726861663
1000000000.0,1146905830.5499647,L_trace,31249980.1,,,10,406.5,-95.18531317259915
1000000000.0,1146905830.5499647,L_trace,31249980.1,,,10,408.0,-96.37009272845044
1000000000.0,1146905830.5499647,L_trace,31249980.1,,,10,409.5,-94.68278944356794
1000000000.0,1146905830.5499647,L_trace,31249980.1,,,10,411.0,-95.11517081030043
1000000000.0,1146905830.5499647,L_trace,31249980.1,,,10,412.5,-94.24808641597166
1000000000.0,1146905830.5499647,L_trace,31249980.1,,,10,414.0,-94.76834546754387
1000000000.0,1146905830.5499647,L_trace,31249980.1,,,10,415.5,-93.53802618351692
1000000000.0,1146905830.5499647,L_trace,31249980.1,,,10,417.0,-94.40804880099878
1000000000.0,1146905830.5499647,L_trace,31249980.1,,,10,418.5,-94.2523680728247
1000000000.0,1146905830.5499647,L_trace,31249980.1,,,10,420.0,-91.72152647279445
1000000000.0,1146905830.5499647,L_trace,31249980.1,,,10,421.5,-92.86156872445179
1000000000.0,1146905830.5499647,L_trace,31249980.1,,,10,423.0,-94.31524828937769
1000000000.0,1146905830.5499647,L_trace,31249980.1,,,10,424.5,-94.9856553141121
1000000000.0,1146905830.5499647,L_trace,31249980.1,,,10,426.0,-95.63165073133378
1000000000.0,1146905830.5499647,L_trace,31249980.1,,,10,427.5,-93.68183930227598
1000000000.0,1146905830.5499647,L_trace,31249980.1,,,10,429.0,-93.67707988340881
1000000000.0,1146905830.5499647,L_trace,31249980.1,,,10,430.5,-94.17055257483386
1000000000.0,1146905830.5499647,L_trace,31249980.1,,,10,432.0,-96.56553586808123
1000000000.0,1146905830.5499647,L_trace,31249980.1,,,10,433.5,-95.69358073296814
1000000000.0,1146905830.5499647,L_trace,31249980.1,,,10,435.0,-95.39603080674608
1000000000.0,1146905830.5499647,L_trace,31249980.1,,,10,436.5,-94.72496689822914
1000000000.0,1146905830.5499647,L_trace,31249980.1,,,10,438.0,-93.0720211702348
1000000000.0,1146905830.5499647,L_trace,31249980.1,,,10,439.5,-92.40272130448781
1000000000.0,1146905830.5499647,L_trace,31249980.1,,,10,441.0,-95.8911185720326
1000000000.0,1146905830.5499647,L_trace,31249980.1,,,10,442.5,-96.13579824082755
1000000000.0,1146905830.5499647,L_trace,31249980.1,,,10,444.0,-97.47593999003031
1000000000.0,1146905830.5499647,L_trace,31249980.1,,,10,445.5,-95.49618007407298
1000000000.0,1146905830.5499647,L_trace,31249980.1,,,10,447.0,-94.68097839748636
1000000000.0,1146905830.5499647,L_trace,31249980.1,,,10,448.5,-93.5119131874406
1000000000.0,1146905830.5499647,L_trace,31249980.1,,,10,450.0,-93.93553392338997
1000000000.0,1146905830.5499647,L_trace,31249980.1,,,10,451.5,-97.32297414866761
1000000000.0,1146905830.5499647,L_trace,31249980.1,,,10,453.0,-96.87345037675964
1000000000.0,1146905830.5499647,L_trace,31249980.1,,,10,454.5,-97.17210422527688
1000000000.0,1146905830.5499647,L_trace,31249980.1,,,10,456.0,-95.84636243185942
1000000000.0,1146905830.5499647,L_trace,31249980.1,,,10,457.5,-97.88470556667592
1000000000.0,1146905830.5499647,L_trace,31249980.1,,,10,459.0,-96.76333844195052
1000000000.0,1146905830.5499647,L_trace,31249980.1,,,10,460.5,-94.33840399998826
1000000000.0,1146905830.5499647,L_trace,31249980.1,,,10,462.0,-95.42913526040708
1000000000.0,1146905830.5499647,L_trace,31249980.1,,,10,463.5,-93.38346244814237
1000000000.0,1146905830.5499647,L_trace,31249980.1,,,10,465.0,-92.00105260450225
1000000000.0,1146905830.5499647,L_trace,31249980.1,,,10,466.5,-92.00221227840207
1000000000.0,1146905830.5499647,L_trace,31249980.1,,,10,468.0,-93.6485678215951
1000000000.0,1146905830.5499647,L_trace,31249980.1,,,10,469.5,-95.51109633446738
1000000000.0,1146905830.5499647,L_trace,31249980.1,,,10,471.0,-97.00201982947559
1000000000.0,1146905830.5499647,L_trace,31249980.1,,,10,472.5,-96.2623540119375
1000000000.0,1146905830.5499647,L_trace,31249980.1,,,10,474.0,-94.78612593777436
1000000000.0,1146905830.5499647,L_trace,31249980.1,,,10,475.5,-93.42229230838457
1000000000.0,1146905830.5499647,L_trace,31249980.1,,,10,477.0,-95.65944569488407
1000000000.0,1146905830.5499647,L_trace,31249980.1,,,10,478.5,-95.35602238036401
1000000000.0,1146905830.5499647,L_trace,31249980.1,,,10,480.0,-94.81274974920419
1000000000.0,1146905830.5499647,L_trace,31249980.1,,,10,481.5,-93.89825686754732
1000000000.0,1146905830.5499647,L_trace,31249980.1,,,10,483.0,-94.83372598664454
1000000000.0,1146905830.5499647,L_trace,31249980.1,,,10,484.5,-97.53710370210142
1000000000.0,1146905830.5499647,L_trace,31249980.1,,,10,486.0,-95.92781937344041
1000000000.0,1146905830.5499647,L_trace,31249980.1,,,10,487.5,-94.8355192731551
1000000000.0,1146905830.5499647,L_trace,31249980.1,,,10,489.0,-95.21641251865508
1000000000.0,1146905830.5499647,L_trace,31249980.1,,,10,490.5,-95.55873705943249
1000000000.0,1146905830.5499647,L_trace,31249980.1,,,10,492.0,-94.97755147111316
1000000000.0,1146905830.5499647,L_trace,31249980.1,,,10,493.5,-94.55128504492268
1000000000.0,1146905830.5499647,L_trace,31249980.1,,,10,495.0,-94.72979150173694
1000000000.0,1146905830.5499647,L_trace,31249980.1,,,10,496.5,-91.99980811624697
1000000000.0,1146905830.5499647,L_trace,31249980.1,,,10,498.0,-81.12970383521726
1000000000.0,1146905830.5499647,L_trace,31249980.1,,,10,499.5,-74.6870787526014
1000000000.0,1146905830.5499647,L_trace,31249980.1,,,10,501.0,-74.38260780343363
1000000000.0,1146905830.5499647,L_trace,31249980.1,,,10,502.5,-80.5409106926675
1000000000.0,1146905830.5499647,L_trace,31249980.1,,,10,504.0,-92.5790467813846
1000000000.0,1146905830.5499647,L_trace,31249980.1,,,10,505.5,-98.72430094147043
1000000000.0,1146905830.5499647,L_trace,31249980.1,,,10,507.0,-98.02170788300289
1000000000.0,1146905830.5499647,L_trace,31249980.1,,,10,508.5,-93.93517227306114
1000000000.0,1146905830.5499647,L_trace,31249980.1,,,10,510.0,-92.16147613309609
1000000000.0,1146905830.5499647,L_trace,31249980.1,,,10,511.5,-92.06416075209431
1000000000.0,1146905830.5499647,L_trace,31249980.1,,,10,513.0,-92.70255179417877
1000000000.0,1146905830.5499647,L_trace,31249980.1,,,10,514.5,-94.8299653284971
1000000000.0,1146905830.5499647,L_trace,31249980.1,,,10,516.0,-94.91217131397723
1000000000.0,1146905830.5499647,L_trace,31249980.1,,,10,517.5,-94.31828867342189
1000000000.0,1146905830.5499647,L_trace,31249980.1,,,10,519.0,-94.51200166728125
1000000000.0,1146905830.5499647,L_trace,31249980.1,,,10,520.5,-95.11719385658805
1000000000.0,1146905830.5499647,L_trace,31249980.1,,,10,522.0,-95.01032272232608
1000000000.0,1146905830.5499647,L_trace,31249980.1,,,10,523.5,-93.82730830282132
1000000000.0,1146905830.5499647,L_trace,31249980.1,,,10,525.0,-93.36664471664133
1000000000.0,1146905830.5499647,L_trace,31249980.1,,,10,526.5,-93.4567681472734
1000000000.0,1146905830.5499647,L_trace,31249980.1,,,10,528.0,-95.299428835961
1000000000.0,1146905830.5499647,L_trace,31249980.1,,,10,529.5,-97.72283887621195
1000000000.0,1146905830.5499647,L_trace,31249980.1,,,10,531.0,-94.42640577212651
1000000000.0,1146905830.5499647,L_trace,31249980.1,,,10,532.5,-95.08355642908406
1000000000.0,1146905830.5499647,L_trace,31249980.1,,,10,534.0,-94.49564113693368
1000000000.0,1146905830.5499647,L_trace,31249980.1,,,10,535.5,-94.61421316868937
1000000000.0,1146905830.5499647,L_trace,31249980.1,,,10,537.0,-94.40161916544079
1000000000.0,1146905830.5499647,L_trace,31249980.1,,,10,538.5,-94.65253339879834
1000000000.0,1146905830.5499647,L_trace,31249980.1,,,10,540.0,-95.62012945630944
1000000000.0,1146905830.5499647,L_trace,31249980.1,,,10,541.5,-97.51767963861508
1000000000.0,1146905830.5499647,L_trace,31249980.1,,,10,543.0,-96.47080108959334
1000000000.0,1146905830.5499647,L_trace,31249980.1,,,10,544.5,-94.32668645939937
1000000000.0,1146905830.5499647,L_trace,31249980.1,,,10,546.0,-94.59354523517955
1000000000.0,1146905830.5499647,L_trace,31249980.1,,,10,547.5,-94.8369738987357
1000000000.0,1146905830.5499647,L_trace,31249980.1,,,10,549.0,-95.38138596100241
1000000000.0,1146905830.5499647,L_trace,31249980.1,,,10,550.5,-94.40683433597404
1000000000.0,1146905830.5499647,L_trace,31249980.1,,,10,552.0,-93.49764114183309
1000000000.0,1146905830.5499647,L_trace,31249980.1,,,10,553.5,-94.02804597597363
1000000000.0,1146905830.5499647,L_trace,31249980.1,,,10,555.0,-95.8777328653294
1000000000.0,1146905830.5499647,L_trace,31249980.1,,,10,556.5,-96.95289181049853
1000000000.0,1146905830.5499647,L_trace,31249980.1,,,10,558.0,-93.76551317680152
1000000000.0,1146905830.5499647,L_trace,31249980.1,,,10,559.5,-89.39420900271689
1000000000.0,1146905830.5499647,L_trace,31249980.1,,,10,561.0,-88.62195850518292
1000000000.0,1146905830.5499647,L_trace,31249980.1,,,10,562.5,-91.15576994516482
1000000000.0,1146905830.5499647,L_trace,31249980.1,,,10,564.0,-92.46440221387284
1000000000.0,1146905830.5499647,L_trace,31249980.1,,,10,565.5,-93.28742153712926
1000000000.0,1146905830.5499647,L_trace,31249980.1,,,10,567.0,-94.49819270793562
1000000000.0,1146905830.5499647,L_trace,31249980.1,,,10,568.5,-94.17454846818784
1000000000.0,1146905830.5499647,L_trace,31249980.1,,,10,570.0,-93.99812008326434
1000000000.0,1146905830.5499647,L_trace,31249980.1,,,10,571.5,-97.4546461258229
1000000000.0,1146905830.5499647,L_trace,31249980.1,,,10,573.0,-97.88900126467054
1000000000.0,1146905830.5499647,L_trace,31249980.1,,,10,574.5,-95.4808646140119
1000000000.0,1146905830.5499647,L_trace,31249980.1,,,10,576.0,-95.79218957974929
1000000000.0,1146905830.5499647,L_trace,31249980.1,,,10,577.5,-95.77896088164611
1000000000.0,1146905830.5499647,L_trace,31249980.1,,,10,579.0,-96.32678230008436
1000000000.0,1146905830.5499647,L_trace,31249980.1,,,10,580.5,-96.62015475102658
1000000000.0,1146905830.5499647,L_trace,31249980.1,,,10,582.0,-96.37269959063812
1000000000.0,1146905830.5499647,L_trace,31249980.1,,,10,583.5,-96.62719992056445
1000000000.0,1146905830.5499647,L_trace,31249980.1,,,10,585.0,-96.90061488374288
1000000000.0,1146905830.5499647,L_trace,31249980.1,,,10,586.5,-95.64452908696227
1000000000.0,1146905830.5499647,L_trace,31249980.1,,,10,588.0,-94.77348030350026
1000000000.0,1146905830.5499647,L_trace,31249980.1,,,10,589.5,-95.3474432231283
1000000000.0,1146905830.5499647,L_trace,31249980.1,,,10,591.0,-96.79869503770952
1000000000.0,1146905830.5499647,L_trace,31249980.1,,,10,592.5,-94.93021446399054
1000000000.0,1146905830.5499647,L_trace,31249980.1,,,10,594.0,-95.53586028028535
1000000000.0,1146905830.5499647,L_trace,31249980.1,,,10,595.5,-97.40916279201025
1000000000.0,1146905830.5499647,L_trace,31249980.1,,,10,597.0,-98.70007137249003
1000000000.0,1146905830.5499647,L_trace,31249980.1,,,10,598.5,-94.05412342609735
1000000000.0,1146905830.5499647,L_trace,31249980.1,,,10,600.0,-87.70690548215516
1000000000.0,1146905830.5499647,L_trace,31249980.1,,,10,601.5,-88.43510409597847
1000000000.0,1146905830.5499647,L_trace,31249980.1,,,10,603.0,-92.60319924651428
1000000000.0,1146905830.5499647,L_trace,31249980.1,,,10,604.5,-96.02625803475503
1000000000.0,1146905830.5499647,L_trace,31249980.1,,,10,606.0,-98.48829435472125
1000000000.0,1146905830.5499647,L_trace,31249980.1,,,10,607.5,-96.38337307376668
1000000000.0,1146905830.5499647,L_trace,31249980.1,,,10,609.0,-96.64662301436601
1000000000.0,1146905830.5499647,L_trace,31249980.1,,,10,610.5,-97.67277174208456
1000000000.0,1146905830.5499647,L_trace,31249980.1,,,10,612.0,-98.22323016036107
1000000000.0,1146905830.5499647,L_trace,31249980.1,,,10,613.5,-97.213922653116
1000000000.0,1146905830.5499647,L_trace,31249980.1,,,10,615.0,-95.48914370375502
1000000000.0,1146905830.5499647,L_trace,31249980.1,,,10,616.5,-94.25145351351877
1000000000.0,1146905830.5499647,L_trace,31249980.1,,,10,618.0,-97.64342631129362
1000000000.0,1146905830.5499647,L_trace,31249980.1,,,10,619.5,-95.7965444978725
1000000000.0,1146905830.5499647,L_trace,31249980.1,,,10,621.0,-96.3685620579923
1000000000.0,1146905830.5499647,L_trace,31249980.1,,,10,622.5,-95.46259632546744
1000000000.0,1146905830.5499647,L_trace,31249980.1,,,10,624.0,-95.38980282063842
1000000000.0,1146905830.5499647,L_trace,31249980.1,,,10,625.5,-96.48795030966693
1000000000.0,1146905830.5499647,L_trace,31249980.1,,,10,627.0,-96.05528823491404
1000000000.0,1146905830.5499647,L_trace,31249980.1,,,10,628.5,-93.86480344375114
1000000000.0,1146905830.5499647,L_trace,31249980.1,,,10,630.0,-93.34510112088388
1000000000.0,1146905830.5499647,L_trace,31249980.1,,,10,631.5,-93.68127249263206
1000000000.0,1146905830.5499647,L_trace,31249980.1,,,10,633.0,-92.49662581000803
1000000000.0,1146905830.5499647,L_trace,31249980.1,,,10,634.5,-93.72172418942822
1000000000.0,1146905830.5499647,L_trace,31249980.1,,,10,636.0,-94.02413679165186
1000000000.0,1146905830.5499647,L_trace,31249980.1,,,10,637.5,-92.35587701593728
1000000000.0,1146905830.5499647,L_trace,31249980.1,,,10,639.0,-93.68525306135864
1000000000.0,1146905830.5499647,L_trace,31249980.1,,,10,640.5,-93.81187230740612
1000000000.0,1146905830.5499647,L_trace,31249980.1,,,10,642.0,-96.8185398432276
1000000000.0,1146905830.5499647,L_trace,31249980.1,,,10,643.5,-96.01057081182638
1000000000.0,1146905830.5499647,L_trace,31249980.1,,,10,645.0,-94.47044018659876
1000000000.0,1146905830.5499647,L_trace,31249980.1,,,10,646.5,-96.39421007526461
1000000000.0,1146905830.5499647,L_trace,31249980.1,,,10,648.0,-92.9384197418623
1000000000.0,1146905830.5499647,L_trace,31249980.1,,,10,649.5,-91.23939073093017
1000000000.0,1146905830.5499647,L_trace,31249980.1,,,10,651.0,-91.9621219277715
1000000000.0,1146905830.5499647,L_trace,31249980.1,,,10,652.5,-93.93006750070258
1000000000.0,1146905830.5499647,L_trace,31249980.1,,,10,654.0,-93.26695787529367
1000000000.0,1146905830.5499647,L_trace,31249980.1,,,10,655.5,-92.2688589209933
1000000000.0,1146905830.5499647,L_trace,31249980.1,,,10,657.0,-94.0605055956943
1000000000.0,1146905830.5499647,L_trace,31249980.1,,,10,658.5,-93.75771066728088
1000000000.0,1146905830.5499647,L_trace,31249980.1,,,10,660.0,-94.23093071745762
1000000000.0,1146905830.5499647,L_trace,31249980.1,,,10,661.5,-94.81346612129674
1000000000.0,1146905830.5499647,L_trace,31249980.1,,,10,663.0,-95.5706490944277
1000000000.0,1146905830.5499647,L_trace,31249980.1,,,10,664.5,-94.75019417866443
1000000000.0,1146905830.5499647,L_trace,31249980.1,,,10,666.0,-94.47467911542103
1000000000.0,1146905830.5499647,L_trace,31249980.1,,,10,667.5,-96.02471048656301
1000000000.0,1146905830.5499647,L_trace,31249980.1,,,10,669.0,-93.47559756734456
1000000000.0,1146905830.5499647,L_trace,31249980.1,,,10,670.5,-93.51981551851442
1000000000.0,1146905830.5499647,L_trace,31249980.1,,,10,672.0,-93.27795878125859
1000000000.0,1146905830.5499647,L_trace,31249980.1,,,10,673.5,-92.37991261757928
1000000000.0,1146905830.5499647,L_trace,31249980.1,,,10,675.0,-92.38701730685352
1000000000.0,1146905830.5499647,L_trace,31249980.1,,,10,676.5,-94.15901702156192
1000000000.0,1146905830.5499647,L_trace,31249980.1,,,10,678.0,-93.99357152142679
1000000000.0,1146905830.5499647,L_trace,31249980.1,,,10,679.5,-93.55332313273392
1000000000.0,1146905830.5499647,L_trace,31249980.1,,,10,681.0,-97.20414674093895
1000000000.0,1146905830.5499647,L_trace,31249980.1,,,10,682.5,-94.82868997065135
1000000000.0,1146905830.5499647,L_trace,31249980.1,,,10,684.0,-93.67202849806351
1000000000.0,1146905830.5499647,L_trace,31249980.1,,,10,685.5,-93.98510773904356
1000000000.0,1146905830.5499647,L_trace,31249980.1,,,10,687.0,-92.62234576407123
1000000000.0,1146905830.5499647,L_trace,31249980.1,,,10,688.5,-92.99450765594554
1000000000.0,1146905830.5499647,L_trace,31249980.1,,,10,690.0,-95.7491276479538
1000000000.0,1146905830.5499647,L_trace,31249980.1,,,10,691.5,-97.54504849249395
1000000000.0,1146905830.5499647,L_trace,31249980.1,,,10,693.0,-95.535309412161
1000000000.0,1146905830.5499647,L_trace,31249980.1,,,10,694.5,-92.42795867948699
1000000000.0,1146905830.5499647,L_trace,31249980.1,,,10,696.0,-92.03358895040896
1000000000.0,1146905830.5499647,L_trace,31249980.1,,,10,697.5,-92.42922519413476
1000000000.0,1146905830.5499647,L_trace,31249980.1,,,10,699.0,-91.13090152558955
1000000000.0,1146905830.5499647,L_trace,31249980.1,,,10,700.5,-90.40598859777161
1000000000.0,1146905830.5499647,L_trace,31249980.1,,,10,702.0,-92.61618227479956
1000000000.0,1146905830.5499647,L_trace,31249980.1,,,10,703.5,-93.77808732413173
1000000000.0,1146905830.5499647,L_trace,31249980.1,,,10,705.0,-93.75623562949285
1000000000.0,1146905830.5499647,L_trace,31249980.1,,,10,706.5,-93.23191442579962
1000000000.0,1146905830.5499647,L_trace,31249980.1,,,10,708.0,-93.35455395749509
1000000000.0,1146905830.5499647,L_trace,31249980.1,,,10,709.5,-94.9580473732431
1000000000.0,1146905830.5499647,L_trace,31249980.1,,,10,711.0,-97.80227444841493
1000000000.0,1146905830.5499647,L_trace,31249980.1,,,10,712.5,-96.66072873880489
1000000000.0,1146905830.5499647,L_trace,31249980.1,,,10,714.0,-94.25273875351661
1000000000.0,1146905830.5499647,L_trace,31249980.1,,,10,715.5,-93.79920952379128
1000000000.0,1146905830.5499647,L_trace,31249980.1,,,10,717.0,-94.05912045359113
1000000000.0,1146905830.5499647,L_trace,31249980.1,,,10,718.5,-95.00492358671188
1000000000.0,1146905830.5499647,L_trace,31249980.1,,,10,720.0,-95.36861579589764
1000000000.0,1146905830.5499647,L_trace,31249980.1,,,10,721.5,-94.24479999759188
1000000000.0,1146905830.5499647,L_trace,31249980.1,,,10,723.0,-95.09995742067294
1000000000.0,1146905830.5499647,L_trace,31249980.1,,,10,724.5,-97.24509175866893
1000000000.0,1146905830.5499647,L_trace,31249980.1,,,10,726.0,-95.86979338483263
1000000000.0,1146905830.5499647,L_trace,31249980.1,,,10,727.5,-95.02498655744847
1000000000.0,1146905830.5499647,L_trace,31249980.1,,,10,729.0,-95.4077419432217
1000000000.0,1146905830.5499647,L_trace,31249980.1,,,10,730.5,-96.4146448085857
1000000000.0,1146905830.5499647,L_trace,31249980.1,,,10,732.0,-95.10305761205815
1000000000.0,1146905830.5499647,L_trace,31249980.1,,,10,733.5,-93.86884584740702
1000000000.0,1146905830.5499647,L_trace,31249980.1,,,10,735.0,-93.24598107526481
1000000000.0,1146905830.5499647,L_trace,31249980.1,,,10,736.5,-93.93665551346244
1000000000.0,1146905830.5499647,L_trace,31249980.1,,,10,738.0,-94.97494173045664
1000000000.0,1146905830.5499647,L_trace,31249980.1,,,10,739.5,-94.95989716286311
1000000000.0,1146905830.5499647,L_trace,31249980.1,,,10,741.0,-94.13194724405412
1000000000.0,1146905830.5499647,L_trace,31249980.1,,,10,742.5,-95.06664019963333
1000000000.0,1146905830.5499647,L_trace,31249980.1,,,10,744.0,-95.37951581470702
1000000000.0,1146905830.5499647,L_trace,31249980.1,,,10,745.5,-93.00346417782679
1000000000.0,1146905830.5499647,L_trace,31249980.1,,,10,747.0,-92.59346526621539
1000000000.0,1146905830.5499647,L_trace,31249980.1,,,10,748.5,-92.08422215050399
1000000000.0,1146905830.5499647,L_trace,31249980.1,,,10,750.0,-91.79322778765967
1000000000.0,1146905830.5499647,L_trace,31249980.1,,,10,751.5,-92.73767899338716
1000000000.0,1146905830.5499647,L_trace,31249980.1,,,10,753.0,-94.10616900917638
1000000000.0,1146905830.5499647,L_trace,31249980.1,,,10,754.5,-93.96403266865825
1000000000.0,1146905830.5499647,L_trace,31249980.1,,,10,756.0,-94.62536763296616
1000000000.0,1146905830.5499647,L_trace,31249980.1,,,10,757.5,-94.00837383001245
1000000000.0,1146905830.5499647,L_trace,31249980.1,,,10,759.0,-94.08568529020555
1000000000.0,1146905830.5499647,L_trace,31249980.1,,,10,760.5,-94.2386636015968
1000000000.0,1146905830.5499647,L_trace,31249980.1,,,10,762.0,-95.99077975942451
1000000000.0,1146905830.5499647,L_trace,31249980.1,,,10,763.5,-96.98894651737693
1000000000.0,1146905830.5499647,L_trace,31249980.1,,,10,765.0,-95.0048150032951
1000000000.0,1146905830.5499647,L_trace,31249980.1,,,10,766.5,-96.15691171503785
1000000000.0,1146905830.5499647,L_trace,31249980.1,,,10,768.0,-94.52673226486306
1000000000.0,1146905830.5499647,L_trace,31249980.1,,,10,769.5,-95.01591963494705
1000000000.0,1146905830.5499647,L_trace,31249980.1,,,10,771.0,-96.05947796877732
1000000000.0,1146905830.5499647,L_trace,31249980.1,,,10,772.5,-99.25942538143974
1000000000.0,1146905830.5499647,L_trace,31249980.1,,,10,774.0,-97.0207956690697
1000000000.0,1146905830.5499647,L_trace,31249980.1,,,10,775.5,-94.00698479846784
1000000000.0,1146905830.5499647,L_trace,31249980.1,,,10,777.0,-94.11788236788097
1000000000.0,1146905830.5499647,L_trace,31249980.1,,,10,778.5,-96.73601633440677
1000000000.0,1146905830.5499647,L_trace,31249980.1,,,10,780.0,-97.91964243162236
1000000000.0,1146905830.5499647,L_trace,31249980.1,,,10,781.5,-96.11170251993677
1000000000.0,1146905830.5499647,L_trace,31249980.1,,,10,783.0,-96.04754305749307
1000000000.0,1146905830.5499647,L_trace,31249980.1,,,10,784.5,-95.83830052045683
1000000000.0,1146905830.5499647,L_trace,31249980.1,,,10,786.0,-96.08020430982054
1000000000.0,1146905830.5499647,L_trace,31249980.1,,,10,787.5,-96.1370452195245
1000000000.0,1146905830.5499647,L_trace,31249980.1,,,10,789.0,-95.71264978088297
1000000000.0,1146905830.5499647,L_trace,31249980.1,,,10,790.5,-93.82673589046378
1000000000.0,1146905830.5499647,L_trace,31249980.1,,,10,792.0,-91.94269520098906
1000000000.0,1146905830.5499647,L_trace,31249980.1,,,10,793.5,-91.27554121609475
1000000000.0,1146905830.5499647,L_trace,31249980.1,,,10,795.0,-91.82873086337378
1000000000.0,1146905830.5499647,L_trace,31249980.1,,,10,796.5,-94.00137490634187
1000000000.0,1146905830.5499647,L_trace,31249980.1,,,10,798.0,-95.73192181199751
1000000000.0,1146905830.5499647,L_trace,31249980.1,,,10,799.5,-95.5734196687376
1000000000.0,1146905830.5499647,L_trace,31249980.1,,,10,801.0,-93.15137961757351
1000000000.0,1146905830.5499647,L_trace,31249980.1,,,10,802.5,-92.87815023751598
1000000000.0,1146905830.5499647,L_trace,31249980.1,,,10,804.0,-95.24481582867001
1000000000.0,1146905830.5499647,L_trace,31249980.1,,,10,805.5,-95.08253043048278
1000000000.0,1146905830.5499647,L_trace,31249980.1,,,10,807.0,-95.20385322697672
1000000000.0,1146905830.5499647,L_trace,31249980.1,,,10,808.5,-97.62386512966152
1000000000.0,1146905830.5499647,L_trace,31249980.1,,,10,810.0,-97.24061004885493
1000000000.0,1146905830.5499647,L_trace,31249980.1,,,10,811.5,-97.05259132060173
1000000000.0,1146905830.5499647,L_trace,31249980.1,,,10,813.0,-96.34408555101894
1000000000.0,1146905830.5499647,L_trace,31249980.1,,,10,814.5,-94.40541321678266
1000000000.0,1146905830.5499647,L_trace,31249980.1,,,10,816.0,-93.75511323387629
1000000000.0,1146905830.5499647,L_trace,31249980.1,,,10,817.5,-95.05868599806156
1000000000.0,1146905830.5499647,L_trace,31249980.1,,,10,819.0,-94.71419309319766
1000000000.0,1146905830.5499647,L_trace,31249980.1,,,10,820.5,-93.29664090136596
1000000000.0,1146905830.5499647,L_trace,31249980.1,,,10,822.0,-93.95173118006316
1000000000.0,1146905830.5499647,L_trace,31249980.1,,,10,823.5,-94.11279450775717
1000000000.0,1146905830.5499647,L_trace,31249980.1,,,10,825.0,-94.54384454508481
1000000000.0,1146905830.5499647,L_trace,31249980.1,,,10,826.5,-95.12067180655104
1000000000.0,1146905830.5499647,L_trace,31249980.1,,,10,828.0,-93.81487073328539
1000000000.0,1146905830.5499647,L_trace,31249980.1,,,10,829.5,-93.31976818899396
1000000000.0,1146905830.5499647,L_trace,31249980.1,,,10,831.0,-97.14740543004764
1000000000.0,1146905830.5499647,L_trace,31249980.1,,,10,832.5,-97.2076083232051
1000000000.0,1146905830.5499647,L_trace,31249980.1,,,10,834.0,-97.09825152678918
1000000000.0,1146905830.5499647,L_trace,31249980.1,,,10,835.5,-98.06517509444285
1000000000.0,1146905830.5499647,L_trace,31249980.1,,,10,837.0,-94.70348393159595
1000000000.0,1146905830.5499647,L_trace,31249980.1,,,10,838.5,-93.57382172959446
1000000000.0,1146905830.5499647,L_trace,31249980.1,,,10,840.0,-92.9166102356835
1000000000.0,1146905830.5499647,L_trace,31249980.1,,,10,841.5,-93.83221434399496
1000000000.0,1146905830.5499647,L_trace,31249980.1,,,10,843.0,-94.29407777838543
1000000000.0,1146905830.5499647,L_trace,31249980.1,,,10,844.5,-94.7869065831288
1000000000.0,1146905830.5499647,L_trace,31249980.1,,,10,846.0,-93.81491382364304
1000000000.0,1146905830.5499647,L_trace,31249980.1,,,10,847.5,-94.26947564019484
1000000000.0,1146905830.5499647,L_trace,31249980.1,,,10,849.0,-94.44931424541532
1000000000.0,1146905830.5499647,L_trace,31249980.1,,,10,850.5,-94.40488504214171
1000000000.0,1146905830.5499647,L_trace,31249980.1,,,10,852.0,-94.97870241107186
1000000000.0,1146905830.5499647,L_trace,31249980.1,,,10,853.5,-93.74818597235615
1000000000.0,1146905830.5499647,L_trace,31249980.1,,,10,855.0,-93.28003668657419
1000000000.0,1146905830.5499647,L_trace,31249980.1,,,10,856.5,-93.70199161723566
1000000000.0,1146905830.5499647,L_trace,31249980.1,,,10,858.0,-96.79980089471174
1000000000.0,1146905830.5499647,L_trace,31249980.1,,,10,859.5,-98.30434048165834
1000000000.0,1146905830.5499647,L_trace,31249980.1,,,10,861.0,-95.85283870221947
1000000000.0,1146905830.5499647,L_trace,31249980.1,,,10,862.5,-95.96275640549702
1000000000.0,1146905830.5499647,L_trace,31249980.1,,,10,864.0,-95.36363448221739
1000000000.0,1146905830.5499647,L_trace,31249980.1,,,10,865.5,-95.59432484119937
1000000000.0,1146905830.5499647,L_trace,31249980.1,,,10,867.0,-94.71255355196664
1000000000.0,1146905830.5499647,L_trace,31249980.1,,,10,868.5,-95.76738842984604
1000000000.0,1146905830.5499647,L_trace,31249980.1,,,10,870.0,-97.18432320052494
1000000000.0,1146905830.5499647,L_trace,31249980.1,,,10,871.5,-95.24211484230253
1000000000.0,1146905830.5499647,L_trace,31249980.1,,,10,873.0,-94.75433746173617
1000000000.0,1146905830.5499647,L_trace,31249980.1,,,10,874.5,-94.052281023319
1000000000.0,1146905830.5499647,L_trace,31249980.1,,,10,876.0,-93.98893379999437
1000000000.0,1146905830.5499647,L_trace,31249980.1,,,10,877.5,-96.17284989483049
1000000000.0,1146905830.5499647,L_trace,31249980.1,,,10,879.0,-95.4499530161264
1000000000.0,1146905830.5499647,L_trace,31249980.1,,,10,880.5,-93.60443348961108
1000000000.0,1146905830.5499647,L_trace,31249980.1,,,10,882.0,-92.89075078222336
1000000000.0,1146905830.5499647,L_trace,31249980.1,,,10,883.5,-94.49095095794083
1000000000.0,1146905830.5499647,L_trace,31249980.1,,,10,885.0,-96.64667470254105
1000000000.0,1146905830.5499647,L_trace,31249980.1,,,10,886.5,-95.30858604957142
1000000000.0,1146905830.5499647,L_trace,31249980.1,,,10,888.0,-94.28137827209152
1000000000.0,1146905830.5499647,L_trace,31249980.1,,,10,889.5,-95.30709367940727
1000000000.0,1146905830.5499647,L_trace,31249980.1,,,10,891.0,-96.28154310612936
1000000000.0,1146905830.5499647,L_trace,31249980.1,,,10,892.5,-95.76655850721401
1000000000.0,1146905830.5499647,L_trace,31249980.1,,,10,894.0,-95.50040590316782
1000000000.0,1146905830.5499647,L_trace,31249980.1,,,10,895.5,-96.09568330488939
1000000000.0,1146905830.5499647,L_trace,31249980.1,,,10,897.0,-96.66716352783365
1000000000.0,1146905830.5499647,L_trace,31249980.1,,,10,898.5,-96.61278812587918
1000000000.0,1146905830.5499647,L_trace,31249980.1,,,10,900.0,-94.71285279365718
1000000000.0,1146905830.5499647,L_trace,31249980.1,,,10,901.5,-94.84907939288844
1000000000.0,1146905830.5499647,L_trace,31249980.1,,,10,903.0,-96.37106287448124
1000000000.0,1146905830.5499647,L_trace,31249980.1,,,10,904.5,-94.11328515247115
1000000000.0,1146905830.5499647,L_trace,31249980.1,,,10,906.0,-91.76605056277485
1000000000.0,1146905830.5499647,L_trace,31249980.1,,,10,907.5,-91.89073442980185
1000000000.0,1146905830.5499647,L_trace,31249980.1,,,10,909.0,-94.6476998005705
1000000000.0,1146905830.5499647,L_trace,31249980.1,,,10,910.5,-93.54477720976217
1000000000.0,1146905830.5499647,L_trace,31249980.1,,,10,912.0,-93.55392681597525
1000000000.0,1146905830.5499647,L_trace,31249980.1,,,10,913.5,-94.09362267753066
1000000000.0,1146905830.5499647,L_trace,31249980.1,,,10,915.0,-92.78567479455705
1000000000.0,1146905830.5499647,L_trace,31249980.1,,,10,916.5,-92.22206953475218
1000000000.0,1146905830.5499647,L_trace,31249980.1,,,10,918.0,-95.01502268889486
1000000000.0,1146905830.5499647,L_trace,31249980.1,,,10,919.5,-95.1808978771905
1000000000.0,1146905830.5499647,L_trace,31249980.1,,,10,921.0,-95.00544150763086
1000000000.0,1146905830.5499647,L_trace,31249980.1,,,10,922.5,-96.47548943553464
1000000000.0,1146905830.5499647,L_trace,31249980.1,,,10,924.0,-97.44241514353011
1000000000.0,1146905830.5499647,L_trace,31249980.1,,,10,925.5,-96.68476789467742
1000000000.0,1146905830.5499647,L_trace,31249980.1,,,10,927.0,-95.56576114956441
1000000000.0,1146905830.5499647,L_trace,31249980.1,,,10,928.5,-95.33733123497659
1000000000.0,1146905830.5499647,L_trace,31249980.1,,,10,930.0,-95.34384288140679
1000000000.0,1146905830.5499647,L_trace,31249980.1,,,10,931.5,-94.74832904913119
1000000000.0,1146905830.5499647,L_trace,31249980.1,,,10,933.0,-95.98486454381289
1000000000.0,1146905830.5499647,L_trace,31249980.1,,,10,934.5,-93.44652225994871
1000000000.0,1146905830.5499647,L_trace,31249980.1,,,10,936.0,-93.7593619321119
1000000000.0,1146905830.5499647,L_trace,31249980.1,,,10,937.5,-94.09116683600135
1000000000.0,1146905830.5499647,L_trace,31249980.1,,,10,939.0,-93.51429486977946
1000000000.0,1146905830.5499647,L_trace,31249980.1,,,10,940.5,-95.23599361824236
1000000000.0,1146905830.5499647,L_trace,31249980.1,,,10,942.0,-94.55491886881399
1000000000.0,1146905830.5499647,L_trace,31249980.1,,,10,943.5,-94.74374488884926
1000000000.0,1146905830.5499647,L_trace,31249980.1,,,10,945.0,-96.89424578396365
1000000000.0,1146905830.5499647,L_trace,31249980.1,,,10,946.5,-96.49750913271042
1000000000.0,1146905830.5499647,L_trace,31249980.1,,,10,948.0,-96.84241184615708
1000000000.0,1146905830.5499647,L_trace,31249980.1,,,10,949.5,-97.81503311346451
1000000000.0,1146905830.5499647,L_trace,31249980.1,,,10,951.0,-96.92420719415611
1000000000.0,1146905830.5499647,L_trace,31249980.1,,,10,952.5,-99.79146972937885
1000000000.0,1146905830.5499647,L_trace,31249980.1,,,10,954.0,-96.27842276362163
1000000000.0,1146905830.5499647,L_trace,31249980.1,,,10,955.5,-93.63156472463773
1000000000.0,1146905830.5499647,L_trace,31249980.1,,,10,957.0,-93.0305222194836
1000000000.0,1146905830.5499647,L_trace,31249980.1,,,10,958.5,-94.71773329724077
1000000000.0,1146905830.5499647,L_trace,31249980.1,,,10,960.0,-94.69060289351867
1000000000.0,1146905830.5499647,L_trace,31249980.1,,,10,961.5,-92.18070412333911
1000000000.0,1146905830.5499647,L_trace,31249980.1,,,10,963.0,-93.82686156973928
1000000000.0,1146905830.5499647,L_trace,31249980.1,,,10,964.5,-94.1475657536205
1000000000.0,1146905830.5499647,L_trace,31249980.1,,,10,966.0,-96.21258712359025
1000000000.0,1146905830.5499647,L_trace,31249980.1,,,10,967.5,-94.39338274330584
1000000000.0,1146905830.5499647,L_trace,31249980.1,,,10,969.0,-94.95178244785053
1000000000.0,1146905830.5499647,L_trace,31249980.1,,,10,970.5,-96.58950888182112
1000000000.0,1146905830.5499647,L_trace,31249980.1,,,10,972.0,-95.77161005794606
1000000000.0,1146905830.5499647,L_trace,31249980.1,,,10,973.5,-94.71745577089858
1000000000.0,1146905830.5499647,L_trace,31249980.1,,,10,975.0,-93.2665613871646
1000000000.0,1146905830.5499647,L_trace,31249980.1,,,10,976.5,-91.98936447200276
1000000000.0,1146905830.5499647,L_trace,31249980.1,,,10,978.0,-93.78188577513144
1000000000.0,1146905830.5499647,L_trace,31249980.1,,,10,979.5,-95.10043805661684
1000000000.0,1146905830.5499647,L_trace,31249980.1,,,10,981.0,-94.9247326243827
1000000000.0,1146905830.5499647,L_trace,31249980.1,,,10,982.5,-94.72647045672262
1000000000.0,1146905830.5499647,L_trace,31249980.1,,,10,984.0,-94.63095161365888
1000000000.0,1146905830.5499647,L_trace,31249980.1,,,10,985.5,-96.43794524738698
1000000000.0,1146905830.5499647,L_trace,31249980.1,,,10,987.0,-99.17753186165507
1000000000.0,1146905830.5499647,L_trace,31249980.1,,,10,988.5,-96.54717853531996
1000000000.0,1146905830.5499647,L_trace,31249980.1,,,10,990.0,-95.84639117618525
1000000000.0,1146905830.5499647,L_trace,31249980.1,,,10,991.5,-97.58183331376573
1000000000.0,1146905830.5499647,L_trace,31249980.1,,,10,993.0,-95.1345752888022
1000000000.0,1146905830.5499647,L_trace,31249980.1,,,10,994.5,-96.09572557224135
1000000000.0,1146905830.5499647,L_trace,31249980.1,,,10,996.0,-94.87826284582162
1000000000.0,1146905830.5499647,L_trace,31249980.1,,,10,997.5,-95.3162458183227
1000000000.0,1146905830.5499647,L_trace,31249980.1,,,10,999.0,-92.437624296286
1000000000.0,1146905830.5499647,L_trace,31249980.1,,,10,1005.0,-92.75561079634696
1000000000.0,1146905830.5499647,L_trace,31249980.1,,,10,1020.0,-93.96983573657974
1000000000.0,1146905830.5499647,L_trace,31249980.1,,,10,1035.0,-94.11034504850736
1000000000.0,1146905830.5499647,L_trace,31249980.1,,,10,1050.0,-91.50957605402999
1000000000.0,1146905830.5499647,L_trace,31249980.1,,,10,1065.0,-89.5719305209043
1000000000.0,1146905830.5499647,L_trace,31249980.1,,,10,1080.0,-90.40464876670426
1000000000.0,1146905830.5499647,L_trace,31249980.1,,,10,1095.0,-92.98415470943286
1000000000.0,1146905830.5499647,L_trace,31249980.1,,,10,1110.0,-94.22562163715017
1000000000.0,1146905830.5499647,L_trace,31249980.1,,,10,1125.0,-95.52233858591298
1000000000.0,1146905830.5499647,L_trace,31249980.1,,,10,1140.0,-94.70755097377732
1000000000.0,1146905830.5499647,L_trace,31249980.1,,,10,1155.0,-94.6819347049742
1000000000.0,1146905830.5499647,L_trace,31249980.1,,,10,1170.0,-94.94796719688344
1000000000.0,1146905830.5499647,L_trace,31249980.1,,,10,1185.0,-98.28333150990619
1000000000.0,1146905830.5499647,L_trace,31249980.1,,,10,1200.0,-95.81607356898174
1000000000.0,1146905830.5499647,L_trace,31249980.1,,,10,1215.0,-95.44116736432193
1000000000.0,1146905830.5499647,L_trace,31249980.1,,,10,1230.0,-91.76572505660158
1000000000.0,1146905830.5499647,L_trace,31249980.1,,,10,1245.0,-88.64538001649927
1000000000.0,1146905830.5499647,L_trace,31249980.1,,,10,1260.0,-86.47433473034013
1000000000.0,1146905830.5499647,L_trace,31249980.1,,,10,1275.0,-85.6267377150453
1000000000.0,1146905830.5499647,L_trace,31249980.1,,,10,1290.0,-86.7464545003061
1000000000.0,1146905830.5499647,L_trace,31249980.1,,,10,1305.0,-89.61876835591313
1000000000.0,1146905830.5499647,L_trace,31249980.1,,,10,1320.0,-90.77518423849487
1000000000.0,1146905830.5499647,L_trace,31249980.1,,,10,1335.0,-91.09986106122452
1000000000.0,1146905830.5499647,L_trace,31249980.1,,,10,1350.0,-93.4577417193896
1000000000.0,1146905830.5499647,L_trace,31249980.1,,,10,1365.0,-94.33925374726063
1000000000.0,1146905830.5499647,L_trace,31249980.1,,,10,1380.0,-91.54947955456761
1000000000.0,1146905830.5499647,L_trace,31249980.1,,,10,1395.0,-90.43777822349804
1000000000.0,1146905830.5499647,L_trace,31249980.1,,,10,1410.0,-91.33463337084964
1000000000.0,1146905830.5499647,L_trace,31249980.1,,,10,1425.0,-93.82169204824923
1000000000.0,1146905830.5499647,L_trace,31249980.1,,,10,1440.0,-95.39535956662982
1000000000.0,1146905830.5499647,L_trace,31249980.1,,,10,1455.0,-95.66167336112358
1000000000.0,1146905830.5499647,L_trace,31249980.1,,,10,1470.0,-93.9077711534377
1000000000.0,1146905830.5499647,L_trace,31249980.1,,,10,1485.0,-93.04174159213255
1000000000.0,1146905830.5499647,L_trace,31249980.1,,,10,1500.0,-91.98520129992265
1000000000.0,1146905830.5499647,L_trace,31249980.1,,,10,1515.0,-90.72316153943902
1000000000.0,1146905830.5499647,L_trace,31249980.1,,,10,1530.0,-91.51415999580146
1000000000.0,1146905830.5499647,L_trace,31249980.1,,,10,1545.0,-92.54990720561706
1000000000.0,1146905830.5499647,L_trace,31249980.1,,,10,1560.0,-92.53166471096895
1000000000.0,1146905830.5499647,L_trace,31249980.1,,,10,1575.0,-94.63367329403042
1000000000.0,1146905830.5499647,L_trace,31249980.1,,,10,1590.0,-94.06206521579355
1000000000.0,1146905830.5499647,L_trace,31249980.1,,,10,1605.0,-92.66625166665338
1000000000.0,1146905830.5499647,L_trace,31249980.1,,,10,1620.0,-94.26105656579968
1000000000.0,1146905830.5499647,L_trace,31249980.1,,,10,1635.0,-96.13949101075339
1000000000.0,1146905830.5499647,L_trace,31249980.1,,,10,1650.0,-96.09945759829372
1000000000.0,1146905830.5499647,L_trace,31249980.1,,,10,1665.0,-94.2961913610792
1000000000.0,1146905830.5499647,L_trace,31249980.1,,,10,1680.0,-93.65541489552587
1000000000.0,1146905830.5499647,L_trace,31249980.1,,,10,1695.0,-93.56100142860878
1000000000.0,1146905830.5499647,L_trace,31249980.1,,,10,1710.0,-96.75892922596545
1000000000.0,1146905830.5499647,L_trace,31249980.1,,,10,1725.0,-95.34573495046192
1000000000.0,1146905830.5499647,L_trace,31249980.1,,,10,1740.0,-93.52973617890895
1000000000.0,1146905830.5499647,L_trace,31249980.1,,,10,1755.0,-93.13356135033122
1000000000.0,1146905830.5499647,L_trace,31249980.1,,,10,1770.0,-94.24042864823723
1000000000.0,1146905830.5499647,L_trace,31249980.1,,,10,1785.0,-93.76894476398803
1000000000.0,1146905830.5499647,L_trace,31249980.1,,,10,1800.0,-93.04182990178316
1000000000.0,1146905830.5499647,L_trace,31249980.1,,,10,1815.0,-95.09383223124544
1000000000.0,1146905830.5499647,L_trace,31249980.1,,,10,1830.0,-93.23547109424223
1000000000.0,1146905830.5499647,L_trace,31249980.1,,,10,1845.0,-93.10963980544344
1000000000.0,1146905830.5499647,L_trace,31249980.1,,,10,1860.0,-95.09104610352682
1000000000.0,1146905830.5499647,L_trace,31249980.1,,,10,1875.0,-93.5368488701185
1000000000.0,1146905830.5499647,L_trace,31249980.1,,,10,1890.0,-94.13254732667377
1000000000.0,1146905830.5499647,L_trace,31249980.1,,,10,1905.0,-93.7957734640363
1000000000.0,1146905830.5499647,L_trace,31249980.1,,,10,1920.0,-95.27426729477851
1000000000.0,1146905830.5499647,L_trace,31249980.1,,,10,1935.0,-94.63681457967563
1000000000.0,1146905830.5499647,L_trace,31249980.1,,,10,1950.0,-93.14681016556472
1000000000.0,1146905830.5499647,L_trace,31249980.1,,,10,1965.0,-92.82078415010251
1000000000.0,1146905830.5499647,L_trace,31249980.1,,,10,1980.0,-92.38299420409277
1000000000.0,1146905830.5499647,L_trace,31249980.1,,,10,1995.0,-95.43516081974109
1000000000.0,1146905830.5499647,L_trace,31249980.1,,,10,2010.0,-94.53315405367316
1000000000.0,1146905830.5499647,L_trace,31249980.1,,,10,2025.0,-94.04835338968243
1000000000.0,1146905830.5499647,L_trace,31249980.1,,,10,2040.0,-93.07388515031032
1000000000.0,1146905830.5499647,L_trace,31249980.1,,,10,2055.0,-93.06171412038279
1000000000.0,1146905830.5499647,L_trace,31249980.1,,,10,2070.0,-93.2249118594176
1000000000.0,1146905830.5499647,L_trace,31249980.1,,,10,2085.0,-94.32404484132856
1000000000.0,1146905830.5499647,L_trace,31249980.1,,,10,2100.0,-93.53971768135648
1000000000.0,1146905830.5499647,L_trace,31249980.1,,,10,2115.0,-94.27772508554222
1000000000.0,1146905830.5499647,L_trace,31249980.1,,,10,2130.0,-95.57183917084454
1000000000.0,1146905830.5499647,L_trace,31249980.1,,,10,2145.0,-94.07744443698897
1000000000.0,1146905830.5499647,L_trace,31249980.1,,,10,2160.0,-94.03315559285771
1000000000.0,1146905830.5499647,L_trace,31249980.1,,,10,2175.0,-93.4799254871957
1000000000.0,1146905830.5499647,L_trace,31249980.1,,,10,2190.0,-93.9318560792249
1000000000.0,1146905830.5499647,L_trace,31249980.1,,,10,2205.0,-94.79761802807869
1000000000.0,1146905830.5499647,L_trace,31249980.1,,,10,2220.0,-94.48142362539451
1000000000.0,1146905830.5499647,L_trace,31249980.1,,,10,2235.0,-93.74949386661552
1000000000.0,1146905830.5499647,L_trace,31249980.1,,,10,2250.0,-94.09302434619576
1000000000.0,1146905830.5499647,L_trace,31249980.1,,,10,2265.0,-94.52402770124664
1000000000.0,1146905830.5499647,L_trace,31249980.1,,,10,2280.0,-94.7472129971231
1000000000.0,1146905830.5499647,L_trace,31249980.1,,,10,2295.0,-95.88724075534782
1000000000.0,1146905830.5499647,L_trace,31249980.1,,,10,2310.0,-95.30491664223202
1000000000.0,1146905830.5499647,L_trace,31249980.1,,,10,2325.0,-94.64621161425876
1000000000.0,1146905830.5499647,L_trace,31249980.1,,,10,2340.0,-94.82968247892383
1000000000.0,1146905830.5499647,L_trace,31249980.1,,,10,2355.0,-93.30997288008751
1000000000.0,1146905830.5499647,L_trace,31249980.1,,,10,2370.0,-91.73508502426424
1000000000.0,1146905830.5499647,L_trace,31249980.1,,,10,2385.0,-92.64507789303717
1000000000.0,1146905830.5499647,L_trace,31249980.1,,,10,2400.0,-94.07868529462195
1000000000.0,1146905830.5499647,L_trace,31249980.1,,,10,2415.0,-94.09776362265784
1000000000.0,1146905830.5499647,L_trace,31249980.1,,,10,2430.0,-94.07997680601288
1000000000.0,1146905830.5499647,L_trace,31249980.1,,,10,2445.0,-94.41895436479862
1000000000.0,1146905830.5499647,L_trace,31249980.1,,,10,2460.0,-93.02078964113453
1000000000.0,1146905830.5499647,L_trace,31249980.1,,,10,2475.0,-91.35890526738365
1000000000.0,1146905830.5499647,L_trace,31249980.1,,,10,2490.0,-89.67171839536184
1000000000.0,1146905830.5499647,L_trace,31249980.1,,,10,2505.0,-90.53889836496207
1000000000.0,1146905830.5499647,L_trace,31249980.1,,,10,2520.0,-93.97191699585998
1000000000.0,1146905830.5499647,L_trace,31249980.1,,,10,2535.0,-92.59862556291408
1000000000.0,1146905830.5499647,L_trace,31249980.1,,,10,2550.0,-92.7665155420951
1000000000.0,1146905830.5499647,L_trace,31249980.1,,,10,2565.0,-91.45182968578564
1000000000.0,1146905830.5499647,L_trace,31249980.1,,,10,2580.0,-91.87955817676793
1000000000.0,1146905830.5499647,L_trace,31249980.1,,,10,2595.0,-91.84414015096564
1000000000.0,1146905830.5499647,L_trace,31249980.1,,,10,2610.0,-91.16998559669615
1000000000.0,1146905830.5499647,L_trace,31249980.1,,,10,2625.0,-91.49346590248783
1000000000.0,1146905830.5499647,L_trace,31249980.1,,,10,2640.0,-93.63254831673092
1000000000.0,1146905830.5499647,L_trace,31249980.1,,,10,2655.0,-94.33168503963256
1000000000.0,1146905830.5499647,L_trace,31249980.1,,,10,2670.0,-94.03020801912669
1000000000.0,1146905830.5499647,L_trace,31249980.1,,,10,2685.0,-93.10877695536801
1000000000.0,1146905830.5499647,L_trace,31249980.1,,,10,2700.0,-92.86919306231158
1000000000.0,1146905830.5499647,L_trace,31249980.1,,,10,2715.0,-94.86728431378164
1000000000.0,1146905830.5499647,L_trace,31249980.1,,,10,2730.0,-96.604839680229
1000000000.0,1146905830.5499647,L_trace,31249980.1,,,10,2745.0,-97.95440728844497
1000000000.0,1146905830.5499647,L_trace,31249980.1,,,10,2760.0,-99.97979548584556
1000000000.0,1146905830.5499647,L_trace,31249980.1,,,10,2775.0,-98.11954478447784
1000000000.0,1146905830.5499647,L_trace,31249980.1,,,10,2790.0,-96.34807015789565
1000000000.0,1146905830.5499647,L_trace,31249980.1,,,10,2805.0,-94.09037643056767
1000000000.0,1146905830.5499647,L_trace,31249980.1,,,10,2820.0,-94.0652637374851
1000000000.0,1146905830.5499647,L_trace,31249980.1,,,10,2835.0,-94.08388213516483
1000000000.0,1146905830.5499647,L_trace,31249980.1,,,10,2850.0,-95.69980005666052
1000000000.0,1146905830.5499647,L_trace,31249980.1,,,10,2865.0,-97.06531739102715
1000000000.0,1146905830.5499647,L_trace,31249980.1,,,10,2880.0,-95.08236327609585
1000000000.0,1146905830.5499647,L_trace,31249980.1,,,10,2895.0,-92.0044607535043
1000000000.0,1146905830.5499647,L_trace,31249980.1,,,10,2910.0,-90.94527765388814
1000000000.0,1146905830.5499647,L_trace,31249980.1,,,10,2925.0,-91.26019165580286
1000000000.0,1146905830.5499647,L_trace,31249980.1,,,10,2940.0,-93.50593998251581
1000000000.0,1146905830.5499647,L_trace,31249980.1,,,10,2955.0,-94.50802759400665
1000000000.0,1146905830.5499647,L_trace,31249980.1,,,10,2970.0,-97.02513989427918
1000000000.0,1146905830.5499647,L_trace,31249980.1,,,10,2985.0,-93.92325974234491
1000000000.0,1146905830.5499647,L_trace,31249980.1,,,10,3000.0,-94.3866064522921
1000000000.0,1146905830.5499647,L_trace,31249980.1,,,10,3015.0,-95.44367419237375
1000000000.0,1146905830.5499647,L_trace,31249980.1,,,10,3030.0,-93.41341315718934
1000000000.0,1146905830.5499647,L_trace,31249980.1,,,10,3045.0,-94.40416285183997
1000000000.0,1146905830.5499647,L_trace,31249980.1,,,10,3060.0,-95.08156829571963
1000000000.0,1146905830.5499647,L_trace,31249980.1,,,10,3075.0,-96.68382064169433
1000000000.0,1146905830.5499647,L_trace,31249980.1,,,10,3090.0,-96.60995848556746
1000000000.0,1146905830.5499647,L_trace,31249980.1,,,10,3105.0,-94.71940685025308
1000000000.0,1146905830.5499647,L_trace,31249980.1,,,10,3120.0,-93.75354486893744
1000000000.0,1146905830.5499647,L_trace,31249980.1,,,10,3135.0,-94.50750178653449
1000000000.0,1146905830.5499647,L_trace,31249980.1,,,10,3150.0,-94.99573034906729
1000000000.0,1146905830.5499647,L_trace,31249980.1,,,10,3165.0,-94.02167319217166
1000000000.0,1146905830.5499647,L_trace,31249980.1,,,10,3180.0,-92.15171860782726
1000000000.0,1146905830.5499647,L_trace,31249980.1,,,10,3195.0,-92.96846226520812
1000000000.0,1146905830.5499647,L_trace,31249980.1,,,10,3210.0,-95.36387452333824
1000000000.0,1146905830.5499647,L_trace,31249980.1,,,10,3225.0,-94.58353318734729
1000000000.0,1146905830.5499647,L_trace,31249980.1,,,10,3240.0,-94.36264697876693
1000000000.0,1146905830.5499647,L_trace,31249980.1,,,10,3255.0,-93.9788106412849
1000000000.0,1146905830.5499647,L_trace,31249980.1,,,10,3270.0,-92.96660707492794
1000000000.0,1146905830.5499647,L_trace,31249980.1,,,10,3285.0,-92.75935874848723
1000000000.0,1146905830.5499647,L_trace,31249980.1,,,10,3300.0,-95.07236859174152
1000000000.0,1146905830.5499647,L_trace,31249980.1,,,10,3315.0,-96.76493301698926
1000000000.0,1146905830.5499647,L_trace,31249980.1,,,10,3330.0,-94.60976336231786
1000000000.0,1146905830.5499647,L_trace,31249980.1,,,10,3345.0,-94.74228143277684
1000000000.0,1146905830.5499647,L_trace,31249980.1,,,10,3360.0,-94.49672753333951
1000000000.0,1146905830.5499647,L_trace,31249980.1,,,10,3375.0,-96.24343596586226
1000000000.0,1146905830.5499647,L_trace,31249980.1,,,10,3390.0,-96.04270610776103
1000000000.0,1146905830.5499647,L_trace,31249980.1,,,10,3405.0,-96.7310688071625
1000000000.0,1146905830.5499647,L_trace,31249980.1,,,10,3420.0,-96.43397003395022
1000000000.0,1146905830.5499647,L_trace,31249980.1,,,10,3435.0,-94.95647021826554
1000000000.0,1146905830.5499647,L_trace,31249980.1,,,10,3450.0,-93.16930936277899
1000000000.0,1146905830.5499647,L_trace,31249980.1,,,10,3465.0,-92.59623957216202
1000000000.0,1146905830.5499647,L_trace,31249980.1,,,10,3480.0,-93.18524904792208
1000000000.0,1146905830.5499647,L_trace,31249980.1,,,10,3495.0,-93.61282716551158
1000000000.0,1146905830.5499647,L_trace,31249980.1,,,10,3510.0,-93.718672440092
1000000000.0,1146905830.5499647,L_trace,31249980.1,,,10,3525.0,-93.6473824126011
1000000000.0,1146905830.5499647,L_trace,31249980.1,,,10,3540.0,-93.29427995141793
1000000000.0,1146905830.5499647,L_trace,31249980.1,,,10,3555.0,-93.96273445184401
1000000000.0,1146905830.5499647,L_trace,31249980.1,,,10,3570.0,-94.36825152933943
1000000000.0,1146905830.5499647,L_trace,31249980.1,,,10,3585.0,-94.87122298811477
1000000000.0,1146905830.5499647,L_trace,31249980.1,,,10,3600.0,-94.83646982653846
1000000000.0,1146905830.5499647,L_trace,31249980.1,,,10,3615.0,-95.03999151977457
1000000000.0,1146905830.5499647,L_trace,31249980.1,,,10,3630.0,-95.2385898557927
1000000000.0,1146905830.5499647,L_trace,31249980.1,,,10,3645.0,-95.06815328372349
1000000000.0,1146905830.5499647,L_trace,31249980.1,,,10,3660.0,-94.31442246302599
1000000000.0,1146905830.5499647,L_trace,31249980.1,,,10,3675.0,-93.2062216351603
1000000000.0,1146905830.5499647,L_trace,31249980.1,,,10,3690.0,-93.68196243149748
1000000000.0,1146905830.5499647,L_trace,31249980.1,,,10,3705.0,-94.67954531453823
1000000000.0,1146905830.5499647,L_trace,31249980.1,,,10,3720.0,-96.85726194068121
1000000000.0,1146905830.5499647,L_trace,31249980.1,,,10,3735.0,-97.1001942185849
1000000000.0,1146905830.5499647,L_trace,31249980.1,,,10,3750.0,-93.39402627829413
1000000000.0,1146905830.5499647,L_trace,31249980.1,,,10,3765.0,-91.86091672346313
1000000000.0,1146905830.5499647,L_trace,31249980.1,,,10,3780.0,-93.3823856035212
1000000000.0,1146905830.5499647,L_trace,31249980.1,,,10,3795.0,-94.72784624471485
1000000000.0,1146905830.5499647,L_trace,31249980.1,,,10,3810.0,-95.89786998464258
1000000000.0,1146905830.5499647,L_trace,31249980.1,,,10,3825.0,-96.81826099254995
1000000000.0,1146905830.5499647,L_trace,31249980.1,,,10,3840.0,-95.9196443846547
1000000000.0,1146905830.5499647,L_trace,31249980.1,,,10,3855.0,-96.59379167731966
1000000000.0,1146905830.5499647,L_trace,31249980.1,,,10,3870.0,-97.01439094770754
1000000000.0,1146905830.5499647,L_trace,31249980.1,,,10,3885.0,-95.49538888793683
1000000000.0,1146905830.5499647,L_trace,31249980.1,,,10,3900.0,-94.2969982031615
1000000000.0,1146905830.5499647,L_trace,31249980.1,,,10,3915.0,-94.18195331290173
1000000000.0,1146905830.5499647,L_trace,31249980.1,,,10,3930.0,-95.51567615876802
1000000000.0,1146905830.5499647,L_trace,31249980.1,,,10,3945.0,-96.5523969091923
1000000000.0,1146905830.5499647,L_trace,31249980.1,,,10,3960.0,-94.82599136937826
1000000000.0,1146905830.5499647,L_trace,31249980.1,,,10,3975.0,-94.48947971311145
1000000000.0,1146905830.5499647,L_trace,31249980.1,,,10,3990.0,-97.26748162668787
1000000000.0,1146905830.5499647,L_trace,31249980.1,,,10,4005.0,-97.03547371434374
1000000000.0,1146905830.5499647,L_trace,31249980.1,,,10,4020.0,-95.99125284925768
1000000000.0,1146905830.5499647,L_trace,31249980.1,,,10,4035.0,-94.31678306709243
1000000000.0,1146905830.5499647,L_trace,31249980.1,,,10,4050.0,-94.89442760296943
1000000000.0,1146905830.5499647,L_trace,31249980.1,,,10,4065.0,-95.61208939325769
1000000000.0,1146905830.5499647,L_trace,31249980.1,,,10,4080.0,-96.49011128269998
1000000000.0,1146905830.5499647,L_trace,31249980.1,,,10,4095.0,-96.75635704384557
1000000000.0,1146905830.5499647,L_trace,31249980.1,,,10,4110.0,-96.0643047293542
1000000000.0,1146905830.5499647,L_trace,31249980.1,,,10,4125.0,-95.74516824435523
1000000000.0,1146905830.5499647,L_trace,31249980.1,,,10,4140.0,-94.83950280751561
1000000000.0,1146905830.5499647,L_trace,31249980.1,,,10,4155.0,-96.70936108145294
1000000000.0,1146905830.5499647,L_trace,31249980.1,,,10,4170.0,-94.68766353442149
1000000000.0,1146905830.5499647,L_trace,31249980.1,,,10,4185.0,-93.92721986361636
1000000000.0,1146905830.5499647,L_trace,31249980.1,,,10,4200.0,-93.67528640759713
1000000000.0,1146905830.5499647,L_trace,31249980.1,,,10,4215.0,-94.5625351364076
1000000000.0,1146905830.5499647,L_trace,31249980.1,,,10,4230.0,-96.9631354320603
1000000000.0,1146905830.5499647,L_trace,31249980.1,,,10,4245.0,-97.42558410944699
1000000000.0,1146905830.5499647,L_trace,31249980.1,,,10,4260.0,-97.8952840209113
1000000000.0,1146905830.5499647,L_trace,31249980.1,,,10,4275.0,-94.84887174084746
1000000000.0,1146905830.5499647,L_trace,31249980.1,,,10,4290.0,-93.36926588534084
1000000000.0,1146905830.5499647,L_trace,31249980.1,,,10,4305.0,-95.00941726457128
1000000000.0,1146905830.5499647,L_trace,31249980.1,,,10,4320.0,-95.54402285226169
1000000000.0,1146905830.5499647,L_trace,31249980.1,,,10,4335.0,-94.50359039280822
1000000000.0,1146905830.5499647,L_trace,31249980.1,,,10,4350.0,-94.40127825873294
1000000000.0,1146905830.5499647,L_trace,31249980.1,,,10,4365.0,-95.96753785387179
1000000000.0,1146905830.5499647,L_trace,31249980.1,,,10,4380.0,-94.34168181609144
1000000000.0,1146905830.5499647,L_trace,31249980.1,,,10,4395.0,-95.7459312097905
1000000000.0,1146905830.5499647,L_trace,31249980.1,,,10,4410.0,-96.65399231378632
1000000000.0,1146905830.5499647,L_trace,31249980.1,,,10,4425.0,-94.68687404993508
1000000000.0,1146905830.5499647,L_trace,31249980.1,,,10,4440.0,-92.0106412424791
1000000000.0,1146905830.5499647,L_trace,31249980.1,,,10,4455.0,-91.16355731089641
1000000000.0,1146905830.5499647,L_trace,31249980.1,,,10,4470.0,-93.18147529964658
1000000000.0,1146905830.5499647,L_trace,31249980.1,,,10,4485.0,-93.0665285444319
1000000000.0,1146905830.5499647,L_trace,31249980.1,,,10,4500.0,-92.87972076102118
1000000000.0,1146905830.5499647,L_trace,31249980.1,,,10,4515.0,-92.33934178030367
1000000000.0,1146905830.5499647,L_trace,31249980.1,,,10,4530.0,-92.88218352892106
1000000000.0,1146905830.5499647,L_trace,31249980.1,,,10,4545.0,-95.30907811981675
1000000000.0,1146905830.5499647,L_trace,31249980.1,,,10,4560.0,-95.2666299526407
1000000000.0,1146905830.5499647,L_trace,31249980.1,,,10,4575.0,-94.89360965387633
1000000000.0,1146905830.5499647,L_trace,31249980.1,,,10,4590.0,-96.34682378460005
1000000000.0,1146905830.5499647,L_trace,31249980.1,,,10,4605.0,-95.96811612554514
1000000000.0,1146905830.5499647,L_trace,31249980.1,,,10,4620.0,-93.41160172188941
1000000000.0,1146905830.5499647,L_trace,31249980.1,,,10,4635.0,-91.49060798642105
1000000000.0,1146905830.5499647,L_trace,31249980.1,,,10,4650.0,-92.18619647894097
1000000000.0,1146905830.5499647,L_trace,31249980.1,,,10,4665.0,-93.60884931530589
1000000000.0,1146905830.5499647,L_trace,31249980.1,,,10,4680.0,-93.26116565230342
1000000000.0,1146905830.5499647,L_trace,31249980.1,,,10,4695.0,-93.1567357688837
1000000000.0,1146905830.5499647,L_trace,31249980.1,,,10,4710.0,-93.49965672701789
1000000000.0,1146905830.5499647,L_trace,31249980.1,,,10,4725.0,-93.41030648476475
1000000000.0,1146905830.5499647,L_trace,31249980.1,,,10,4740.0,-93.614631164175
1000000000.0,1146905830.5499647,L_trace,31249980.1,,,10,4755.0,-93.56472426183925
1000000000.0,1146905830.5499647,L_trace,31249980.1,,,10,4770.0,-91.91785461305949
1000000000.0,1146905830.5499647,L_trace,31249980.1,,,10,4785.0,-85.5370581899605
1000000000.0,1146905830.5499647,L_trace,31249980.1,,,10,4800.0,-77.06492944785339
1000000000.0,1146905830.5499647,L_trace,31249980.1,,,10,4815.0,-73.49402202518472
1000000000.0,1146905830.5499647,L_trace,31249980.1,,,10,4830.0,-74.72153183285242
1000000000.0,1146905830.5499647,L_trace,31249980.1,,,10,4845.0,-78.87967520963595
1000000000.0,1146905830.5499647,L_trace,31249980.1,,,10,4860.0,-84.16988000706732
1000000000.0,1146905830.5499647,L_trace,31249980.1,,,10,4875.0,-92.99088097839697
1000000000.0,1146905830.5499647,L_trace,31249980.1,,,10,4890.0,-94.49099859823353
1000000000.0,1146905830.5499647,L_trace,31249980.1,,,10,4905.0,-95.70824196239093
1000000000.0,1146905830.5499647,L_trace,31249980.1,,,10,4920.0,-96.02212698645968
1000000000.0,1146905830.5499647,L_trace,31249980.1,,,10,4935.0,-97.20206678112352
1000000000.0,1146905830.5499647,L_trace,31249980.1,,,10,4950.0,-94.07461212441494
1000000000.0,1146905830.5499647,L_trace,31249980.1,,,10,4965.0,-90.96694648613308
1000000000.0,1146905830.5499647,L_trace,31249980.1,,,10,4980.0,-91.03965378881918
1000000000.0,1146905830.5499647,L_trace,31249980.1,,,10,4995.0,-92.04629633808773
1000000000.0,1146905830.5499647,L_trace,31249980.1,,,10,5010.0,-94.01357964602222
1000000000.0,1146905830.5499647,L_trace,31249980.1,,,10,5025.0,-94.90719286492866
1000000000.0,1146905830.5499647,L_trace,31249980.1,,,10,5040.0,-95.2622847065949
1000000000.0,1146905830.5499647,L_trace,31249980.1,,,10,5055.0,-93.21994715366121
1000000000.0,1146905830.5499647,L_trace,31249980.1,,,10,5070.0,-94.53123597178352
1000000000.0,1146905830.5499647,L_trace,31249980.1,,,10,5085.0,-96.34015076475853
1000000000.0,1146905830.5499647,L_trace,31249980.1,,,10,5100.0,-96.09249606283524
1000000000.0,1146905830.5499647,L_trace,31249980.1,,,10,5115.0,-96.46087915744394
1000000000.0,1146905830.5499647,L_trace,31249980.1,,,10,5130.0,-95.1647697412587
1000000000.0,1146905830.5499647,L_trace,31249980.1,,,10,5145.0,-90.6174648925086
1000000000.0,1146905830.5499647,L_trace,31249980.1,,,10,5160.0,-85.82159847339038
1000000000.0,1146905830.5499647,L_trace,31249980.1,,,10,5175.0,-83.37738564416065
1000000000.0,1146905830.5499647,L_trace,31249980.1,,,10,5190.0,-82.08261078547028
1000000000.0,1146905830.5499647,L_trace,31249980.1,,,10,5205.0,-85.5475854196253
1000000000.0,1146905830.5499647,L_trace,31249980.1,,,10,5220.0,-91.02617714799439
1000000000.0,1146905830.5499647,L_trace,31249980.1,,,10,5235.0,-89.7212129378137
1000000000.0,1146905830.5499647,L_trace,31249980.1,,,10,5250.0,-89.32325865043585
1000000000.0,1146905830.5499647,L_trace,31249980.1,,,10,5265.0,-90.34654977329868
1000000000.0,1146905830.5499647,L_trace,31249980.1,,,10,5280.0,-92.74701835328761
1000000000.0,1146905830.5499647,L_trace,31249980.1,,,10,5295.0,-96.14111626671307
1000000000.0,1146905830.5499647,L_trace,31249980.1,,,10,5310.0,-96.12965324211827
1000000000.0,1146905830.5499647,L_trace,31249980.1,,,10,5325.0,-95.82252143970346
1000000000.0,1146905830.5499647,L_trace,31249980.1,,,10,5340.0,-94.86955213729131
1000000000.0,1146905830.5499647,L_trace,31249980.1,,,10,5355.0,-95.25399333327086
1000000000.0,1146905830.5499647,L_trace,31249980.1,,,10,5370.0,-94.74309788895478
1000000000.0,1146905830.5499647,L_trace,31249980.1,,,10,5385.0,-94.56751856825787
1000000000.0,1146905830.5499647,L_trace,31249980.1,,,10,5400.0,-96.77132566793702
1000000000.0,1146905830.5499647,L_trace,31249980.1,,,10,5415.0,-96.51923935746078
1000000000.0,1146905830.5499647,L_trace,31249980.1,,,10,5430.0,-96.94610618582358
1000000000.0,1146905830.5499647,L_trace,31249980.1,,,10,5445.0,-96.54728539124926
1000000000.0,1146905830.5499647,L_trace,31249980.1,,,10,5460.0,-95.3823030141277
1000000000.0,1146905830.5499647,L_trace,31249980.1,,,10,5475.0,-95.04110596803683
1000000000.0,1146905830.5499647,L_trace,31249980.1,,,10,5490.0,-95.14408944435377
1000000000.0,1146905830.5499647,L_trace,31249980.1,,,10,5505.0,-94.30438071068352
1000000000.0,1146905830.5499647,L_trace,31249980.1,,,10,5520.0,-94.80878038462879
1000000000.0,1146905830.5499647,L_trace,31249980.1,,,10,5535.0,-94.76570120088917
1000000000.0,1146905830.5499647,L_trace,31249980.1,,,10,5550.0,-93.56175582346692
1000000000.0,1146905830.5499647,L_trace,31249980.1,,,10,5565.0,-93.52758088809306
1000000000.0,1146905830.5499647,L_trace,31249980.1,,,10,5580.0,-93.96550297788853
1000000000.0,1146905830.5499647,L_trace,31249980.1,,,10,5595.0,-93.0105872064236
1000000000.0,1146905830.5499647,L_trace,31249980.1,,,10,5610.0,-92.71942850151358
1000000000.0,1146905830.5499647,L_trace,31249980.1,,,10,5625.0,-95.2061123926074
1000000000.0,1146905830.5499647,L_trace,31249980.1,,,10,5640.0,-97.77062200969054
1000000000.0,1146905830.5499647,L_trace,31249980.1,,,10,5655.0,-93.82378916830461
1000000000.0,1146905830.5499647,L_trace,31249980.1,,,10,5670.0,-92.59547797536652
1000000000.0,1146905830.5499647,L_trace,31249980.1,,,10,5685.0,-92.94940752755707
1000000000.0,1146905830.5499647,L_trace,31249980.1,,,10,5700.0,-94.49411391329117
1000000000.0,1146905830.5499647,L_trace,31249980.1,,,10,5715.0,-96.06098728196092
1000000000.0,1146905830.5499647,L_trace,31249980.1,,,10,5730.0,-96.94773035346797
1000000000.0,1146905830.5499647,L_trace,31249980.1,,,10,5745.0,-97.03003137783558
1000000000.0,1146905830.5499647,L_trace,31249980.1,,,10,5760.0,-96.21133479113371
1000000000.0,1146905830.5499647,L_trace,31249980.1,,,10,5775.0,-95.78191470921762
1000000000.0,1146905830.5499647,L_trace,31249980.1,,,10,5790.0,-95.22886588859278
1000000000.0,1146905830.5499647,L_trace,31249980.1,,,10,5805.0,-93.46473980209761
1000000000.0,1146905830.5499647,L_trace,31249980.1,,,10,5820.0,-92.88047847623578
1000000000.0,1146905830.5499647,L_trace,31249980.1,,,10,5835.0,-94.00103498413057
1000000000.0,1146905830.5499647,L_trace,31249980.1,,,10,5850.0,-95.06787903324457
1000000000.0,1146905830.5499647,L_trace,31249980.1,,,10,5865.0,-94.7197954773304
1000000000.0,1146905830.5499647,L_trace,31249980.1,,,10,5880.0,-94.72779890819419
1000000000.0,1146905830.5499647,L_trace,31249980.1,,,10,5895.0,-96.28076386515777
1000000000.0,1146905830.5499647,L_trace,31249980.1,,,10,5910.0,-95.31271553780063
1000000000.0,1146905830.5499647,L_trace,31249980.1,,,10,5925.0,-94.22107813223823
1000000000.0,1146905830.5499647,L_trace,31249980.1,,,10,5940.0,-95.8957338895395
1000000000.0,1146905830.5499647,L_trace,31249980.1,,,10,5955.0,-96.41972591945913
1000000000.0,1146905830.5499647,L_trace,31249980.1,,,10,5970.0,-94.54233287262792
1000000000.0,1146905830.5499647,L_trace,31249980.1,,,10,5985.0,-93.89664529947649
1000000000.0,1146905830.5499647,L_trace,31249980.1,,,10,6000.0,-93.11300895796154
1000000000.0,1146905830.5499647,L_trace,31249980.1,,,10,6015.0,-93.98371778750573
1000000000.0,1146905830.5499647,L_trace,31249980.1,,,10,6030.0,-90.68109905508157
1000000000.0,1146905830.5499647,L_trace,31249980.1,,,10,6045.0,-90.8268571517118
1000000000.0,1146905830.5499647,L_trace,31249980.1,,,10,6060.0,-91.8208260659453
1000000000.0,1146905830.5499647,L_trace,31249980.1,,,10,6075.0,-94.70746877405841
1000000000.0,1146905830.5499647,L_trace,31249980.1,,,10,6090.0,-94.94770281168974
1000000000.0,1146905830.5499647,L_trace,31249980.1,,,10,6105.0,-93.64548746963439
1000000000.0,1146905830.5499647,L_trace,31249980.1,,,10,6120.0,-93.01264991128973
1000000000.0,1146905830.5499647,L_trace,31249980.1,,,10,6135.0,-91.90243407758942
1000000000.0,1146905830.5499647,L_trace,31249980.1,,,10,6150.0,-92.12060938792484
1000000000.0,1146905830.5499647,L_trace,31249980.1,,,10,6165.0,-92.60828322019492
1000000000.0,1146905830.5499647,L_trace,31249980.1,,,10,6180.0,-94.32973225099457
1000000000.0,1146905830.5499647,L_trace,31249980.1,,,10,6195.0,-95.63863219678571
1000000000.0,1146905830.5499647,L_trace,31249980.1,,,10,6210.0,-95.52152613082565
1000000000.0,1146905830.5499647,L_trace,31249980.1,,,10,6225.0,-95.83457441420275
1000000000.0,1146905830.5499647,L_trace,31249980.1,,,10,6240.0,-94.935486698446
1000000000.0,1146905830.5499647,L_trace,31249980.1,,,10,6255.0,-93.55079430326202
1000000000.0,1146905830.5499647,L_trace,31249980.1,,,10,6270.0,-93.18039527397653
1000000000.0,1146905830.5499647,L_trace,31249980.1,,,10,6285.0,-93.92241704480631
1000000000.0,1146905830.5499647,L_trace,31249980.1,,,10,6300.0,-93.56011968493353
1000000000.0,1146905830.5499647,L_trace,31249980.1,,,10,6315.0,-93.19349147572532
1000000000.0,1146905830.5499647,L_trace,31249980.1,,,10,6330.0,-94.48501169238355
1000000000.0,1146905830.5499647,L_trace,31249980.1,,,10,6345.0,-94.48417164376981
1000000000.0,1146905830.5499647,L_trace,31249980.1,,,10,6360.0,-93.57339531684119
1000000000.0,1146905830.5499647,L_trace,31249980.1,,,10,6375.0,-92.23529408418543
1000000000.0,1146905830.5499647,L_trace,31249980.1,,,10,6390.0,-93.81454520876633
1000000000.0,1146905830.5499647,L_trace,31249980.1,,,10,6405.0,-93.18619584292063
1000000000.0,1146905830.5499647,L_trace,31249980.1,,,10,6420.0,-93.39442933017875
1000000000.0,1146905830.5499647,L_trace,31249980.1,,,10,6435.0,-93.57312000498834
1000000000.0,1146905830.5499647,L_trace,31249980.1,,,10,6450.0,-92.80525807928836
1000000000.0,1146905830.5499647,L_trace,31249980.1,,,10,6465.0,-92.34848476752848
1000000000.0,1146905830.5499647,L_trace,31249980.1,,,10,6480.0,-93.5606259115505
1000000000.0,1146905830.5499647,L_trace,31249980.1,,,10,6495.0,-94.51345432981014
1000000000.0,1146905830.5499647,L_trace,31249980.1,,,10,6510.0,-94.51627630090596
1000000000.0,1146905830.5499647,L_trace,31249980.1,,,10,6525.0,-95.53341556905313
1000000000.0,1146905830.5499647,L_trace,31249980.1,,,10,6540.0,-93.65150054615994
1000000000.0,1146905830.5499647,L_trace,31249980.1,,,10,6555.0,-93.58811439140108
1000000000.0,1146905830.5499647,L_trace,31249980.1,,,10,6570.0,-93.43358150204594
1000000000.0,1146905830.5499647,L_trace,31249980.1,,,10,6585.0,-92.37982732466494
1000000000.0,1146905830.5499647,L_trace,31249980.1,,,10,6600.0,-93.1403436710144
1000000000.0,1146905830.5499647,L_trace,31249980.1,,,10,6615.0,-94.72032651785605
1000000000.0,1146905830.5499647,L_trace,31249980.1,,,10,6630.0,-94.52498703672502
1000000000.0,1146905830.5499647,L_trace,31249980.1,,,10,6645.0,-94.75516566090857
1000000000.0,1146905830.5499647,L_trace,31249980.1,,,10,6660.0,-96.03782124899118
1000000000.0,1146905830.5499647,L_trace,31249980.1,,,10,6675.0,-92.92836139853074
1000000000.0,1146905830.5499647,L_trace,31249980.1,,,10,6690.0,-92.5704232218818
1000000000.0,1146905830.5499647,L_trace,31249980.1,,,10,6705.0,-93.84761565995389
1000000000.0,1146905830.5499647,L_trace,31249980.1,,,10,6720.0,-93.27551249579017
1000000000.0,1146905830.5499647,L_trace,31249980.1,,,10,6735.0,-93.68662702067756
1000000000.0,1146905830.5499647,L_trace,31249980.1,,,10,6750.0,-94.57775334041638
1000000000.0,1146905830.5499647,L_trace,31249980.1,,,10,6765.0,-93.15093452998914
1000000000.0,1146905830.5499647,L_trace,31249980.1,,,10,6780.0,-94.69034513489409
1000000000.0,1146905830.5499647,L_trace,31249980.1,,,10,6795.0,-95.58084865290438
1000000000.0,1146905830.5499647,L_trace,31249980.1,,,10,6810.0,-95.66963346222497
1000000000.0,1146905830.5499647,L_trace,31249980.1,,,10,6825.0,-94.06992507205308
1000000000.0,1146905830.5499647,L_trace,31249980.1,,,10,6840.0,-95.53965581527875
1000000000.0,1146905830.5499647,L_trace,31249980.1,,,10,6855.0,-97.68883405022243
1000000000.0,1146905830.5499647,L_trace,31249980.1,,,10,6870.0,-94.33052206280774
1000000000.0,1146905830.5499647,L_trace,31249980.1,,,10,6885.0,-93.76099323453057
1000000000.0,1146905830.5499647,L_trace,31249980.1,,,10,6900.0,-94.89090992508598
1000000000.0,1146905830.5499647,L_trace,31249980.1,,,10,6915.0,-93.10331433471916
1000000000.0,1146905830.5499647,L_trace,31249980.1,,,10,6930.0,-95.40103377830661
1000000000.0,1146905830.5499647,L_trace,31249980.1,,,10,6945.0,-92.3704443755933
1000000000.0,1146905830.5499647,L_trace,31249980.1,,,10,6960.0,-91.20588039990507
1000000000.0,1146905830.5499647,L_trace,31249980.1,,,10,6975.0,-92.19076002058657
1000000000.0,1146905830.5499647,L_trace,31249980.1,,,10,6990.0,-92.87292273633123
1000000000.0,1146905830.5499647,L_trace,31249980.1,,,10,7005.0,-93.7553721265751
1000000000.0,1146905830.5499647,L_trace,31249980.1,,,10,7020.0,-93.77412746326476
1000000000.0,1146905830.5499647,L_trace,31249980.1,,,10,7035.0,-94.20535020663034
1000000000.0,1146905830.5499647,L_trace,31249980.1,,,10,7050.0,-94.95900857919179
1000000000.0,1146905830.5499647,L_trace,31249980.1,,,10,7065.0,-94.69461928714642
1000000000.0,1146905830.5499647,L_trace,31249980.1,,,10,7080.0,-94.37499723862989
1000000000.0,1146905830.5499647,L_trace,31249980.1,,,10,7095.0,-95.92341928371053
1000000000.0,1146905830.5499647,L_trace,31249980.1,,,10,7110.0,-97.71424602605752
1000000000.0,1146905830.5499647,L_trace,31249980.1,,,10,7125.0,-95.81385164374012
1000000000.0,1146905830.5499647,L_trace,31249980.1,,,10,7140.0,-93.21311079387006
1000000000.0,1146905830.5499647,L_trace,31249980.1,,,10,7155.0,-92.1903795074199
1000000000.0,1146905830.5499647,L_trace,31249980.1,,,10,7170.0,-93.28647395442913
1000000000.0,1146905830.5499647,L_trace,31249980.1,,,10,7185.0,-95.83316688401896
1000000000.0,1146905830.5499647,L_trace,31249980.1,,,10,7200.0,-94.93048991340042
1000000000.0,1146905830.5499647,L_trace,31249980.1,,,10,7215.0,-92.81461057005932
1000000000.0,1146905830.5499647,L_trace,31249980.1,,,10,7230.0,-91.2427143456882
1000000000.0,1146905830.5499647,L_trace,31249980.1,,,10,7245.0,-92.86929908983063
1000000000.0,1146905830.5499647,L_trace,31249980.1,,,10,7260.0,-95.19647807107117
1000000000.0,1146905830.5499647,L_trace,31249980.1,,,10,7275.0,-95.04561629225006
1000000000.0,1146905830.5499647,L_trace,31249980.1,,,10,7290.0,-94.4783659578691
1000000000.0,1146905830.5499647,L_trace,31249980.1,,,10,7305.0,-94.54226019004064
1000000000.0,1146905830.5499647,L_trace,31249980.1,,,10,7320.0,-93.00779586032958
1000000000.0,1146905830.5499647,L_trace,31249980.1,,,10,7335.0,-93.19087151512724
1000000000.0,1146905830.5499647,L_trace,31249980.1,,,10,7350.0,-95.67857370997805
1000000000.0,1146905830.5499647,L_trace,31249980.1,,,10,7365.0,-98.74967450694949
1000000000.0,1146905830.5499647,L_trace,31249980.1,,,10,7380.0,-99.00695311646663
1000000000.0,1146905830.5499647,L_trace,31249980.1,,,10,7395.0,-97.23341392544397
1000000000.0,1146905830.5499647,L_trace,31249980.1,,,10,7410.0,-92.98786407554216
1000000000.0,1146905830.5499647,L_trace,31249980.1,,,10,7425.0,-92.59576186689026
1000000000.0,1146905830.5499647,L_trace,31249980.1,,,10,7440.0,-92.37209504121633
1000000000.0,1146905830.5499647,L_trace,31249980.1,,,10,7455.0,-92.77629285687811
1000000000.0,1146905830.5499647,L_trace,31249980.1,,,10,7470.0,-92.8060376935988
1000000000.0,1146905830.5499647,L_trace,31249980.1,,,10,7485.0,-93.52209229736037
1000000000.0,1146905830.5499647,L_trace,31249980.1,,,10,7500.0,-93.04345270984456
1000000000.0,1146905830.5499647,L_trace,31249980.1,,,10,7515.0,-92.83716371439496
1000000000.0,1146905830.5499647,L_trace,31249980.1,,,10,7530.0,-92.03246715290992
1000000000.0,1146905830.5499647,L_trace,31249980.1,,,10,7545.0,-93.39277968335082
1000000000.0,1146905830.5499647,L_trace,31249980.1,,,10,7560.0,-92.26810876694908
1000000000.0,1146905830.5499647,L_trace,31249980.1,,,10,7575.0,-91.46850106174509
1000000000.0,1146905830.5499647,L_trace,31249980.1,,,10,7590.0,-91.08539500968295
1000000000.0,1146905830.5499647,L_trace,31249980.1,,,10,7605.0,-90.06626445147799
1000000000.0,1146905830.5499647,L_trace,31249980.1,,,10,7620.0,-90.99121684779216
1000000000.0,1146905830.5499647,L_trace,31249980.1,,,10,7635.0,-91.81114488763878
1000000000.0,1146905830.5499647,L_trace,31249980.1,,,10,7650.0,-92.69575748019473
1000000000.0,1146905830.5499647,L_trace,31249980.1,,,10,7665.0,-93.75324604983098
1000000000.0,1146905830.5499647,L_trace,31249980.1,,,10,7680.0,-95.77679904981503
1000000000.0,1146905830.5499647,L_trace,31249980.1,,,10,7695.0,-97.42245502324212
1000000000.0,1146905830.5499647,L_trace,31249980.1,,,10,7710.0,-94.93228452196793
1000000000.0,1146905830.5499647,L_trace,31249980.1,,,10,7725.0,-93.58475657362328
1000000000.0,1146905830.5499647,L_trace,31249980.1,,,10,7740.0,-93.97770235624165
1000000000.0,1146905830.5499647,L_trace,31249980.1,,,10,7755.0,-94.03901950155563
1000000000.0,1146905830.5499647,L_trace,31249980.1,,,10,7770.0,-94.19223538893169
1000000000.0,1146905830.5499647,L_trace,31249980.1,,,10,7785.0,-94.83217009667938
1000000000.0,1146905830.5499647,L_trace,31249980.1,,,10,7800.0,-97.08141460452337
1000000000.0,1146905830.5499647,L_trace,31249980.1,,,10,7815.0,-94.87444383852475
1000000000.0,1146905830.5499647,L_trace,31249980.1,,,10,7830.0,-95.53911145981075
1000000000.0,1146905830.5499647,L_trace,31249980.1,,,10,7845.0,-96.30880643484322
1000000000.0,1146905830.5499647,L_trace,31249980.1,,,10,7860.0,-95.4353704874822
1000000000.0,1146905830.5499647,L_trace,31249980.1,,,10,7875.0,-93.993385204954
1000000000.0,1146905830.5499647,L_trace,31249980.1,,,10,7890.0,-95.51348875254475
1000000000.0,1146905830.5499647,L_trace,31249980.1,,,10,7905.0,-93.21187835882907
1000000000.0,1146905830.5499647,L_trace,31249980.1,,,10,7920.0,-93.56347527390147
1000000000.0,1146905830.5499647,L_trace,31249980.1,,,10,7935.0,-96.4649919610786
1000000000.0,1146905830.5499647,L_trace,31249980.1,,,10,7950.0,-93.86649591837607
1000000000.0,1146905830.5499647,L_trace,31249980.1,,,10,7965.0,-94.0164297950918
1000000000.0,1146905830.5499647,L_trace,31249980.1,,,10,7980.0,-95.7014765183886
1000000000.0,1146905830.5499647,L_trace,31249980.1,,,10,7995.0,-96.89683961463089
1000000000.0,1146905830.5499647,L_trace,31249980.1,,,10,8010.0,-96.66025820067459
1000000000.0,1146905830.5499647,L_trace,31249980.1,,,10,8025.0,-94.56772226752992
1000000000.0,1146905830.5499647,L_trace,31249980.1,,,10,8040.0,-94.12246948665378
1000000000.0,1146905830.5499647,L_trace,31249980.1,,,10,8055.0,-95.67727089241694
1000000000.0,1146905830.5499647,L_trace,31249980.1,,,10,8070.0,-96.22082803051558
1000000000.0,1146905830.5499647,L_trace,31249980.1,,,10,8085.0,-94.77107452346107
1000000000.0,1146905830.5499647,L_trace,31249980.1,,,10,8100.0,-91.98318827113978
1000000000.0,1146905830.5499647,L_trace,31249980.1,,,10,8115.0,-91.34844706390493
1000000000.0,1146905830.5499647,L_trace,31249980.1,,,10,8130.0,-92.70447085421264
1000000000.0,1146905830.5499647,L_trace,31249980.1,,,10,8145.0,-93.78173451319776
1000000000.0,1146905830.5499647,L_trace,31249980.1,,,10,8160.0,-93.56621429094399
1000000000.0,1146905830.5499647,L_trace,31249980.1,,,10,8175.0,-93.06488108685727
1000000000.0,1146905830.5499647,L_trace,31249980.1,,,10,8190.0,-92.9425768128324
1000000000.0,1146905830.5499647,L_trace,31249980.1,,,10,8205.0,-93.5581906073077
1000000000.0,1146905830.5499647,L_trace,31249980.1,,,10,8220.0,-94.12255877650121
1000000000.0,1146905830.5499647,L_trace,31249980.1,,,10,8235.0,-93.9080205318225
1000000000.0,1146905830.5499647,L_trace,31249980.1,,,10,8250.0,-96.84620257651417
1000000000.0,1146905830.5499647,L_trace,31249980.1,,,10,8265.0,-97.09728494984302
1000000000.0,1146905830.5499647,L_trace,31249980.1,,,10,8280.0,-93.14402238227848
1000000000.0,1146905830.5499647,L_trace,31249980.1,,,10,8295.0,-94.41698859232432
1000000000.0,1146905830.5499647,L_trace,31249980.1,,,10,8310.0,-94.86559263426888
1000000000.0,1146905830.5499647,L_trace,31249980.1,,,10,8325.0,-96.63124533296192
1000000000.0,1146905830.5499647,L_trace,31249980.1,,,10,8340.0,-93.86482986802544
1000000000.0,1146905830.5499647,L_trace,31249980.1,,,10,8355.0,-93.69588121746975
1000000000.0,1146905830.5499647,L_trace,31249980.1,,,10,8370.0,-95.01467723321691
1000000000.0,1146905830.5499647,L_trace,31249980.1,,,10,8385.0,-93.25772195800963
1000000000.0,1146905830.5499647,L_trace,31249980.1,,,10,8400.0,-90.61406840592932
1000000000.0,1146905830.5499647,L_trace,31249980.1,,,10,8415.0,-90.38760797386287
1000000000.0,1146905830.5499647,L_trace,31249980.1,,,10,8430.0,-92.54457462226964
1000000000.0,1146905830.5499647,L_trace,31249980.1,,,10,8445.0,-94.99571503482538
1000000000.0,1146905830.5499647,L_trace,31249980.1,,,10,8460.0,-93.5030609029512
1000000000.0,1146905830.5499647,L_trace,31249980.1,,,10,8475.0,-94.98226175747354
1000000000.0,1146905830.5499647,L_trace,31249980.1,,,10,8490.0,-96.64365265884916
1000000000.0,1146905830.5499647,L_trace,31249980.1,,,10,8505.0,-95.60269080575803
1000000000.0,1146905830.5499647,L_trace,31249980.1,,,10,8520.0,-93.76902558302115
1000000000.0,1146905830.5499647,L_trace,31249980.1,,,10,8535.0,-93.38400858074738
1000000000.0,1146905830.5499647,L_trace,31249980.1,,,10,8550.0,-94.25383389053916
1000000000.0,1146905830.5499647,L_trace,31249980.1,,,10,8565.0,-93.96567513947294
1000000000.0,1146905830.5499647,L_trace,31249980.1,,,10,8580.0,-93.83980121724504
1000000000.0,1146905830.5499647,L_trace,31249980.1,,,10,8595.0,-93.07900947419567
1000000000.0,1146905830.5499647,L_trace,31249980.1,,,10,8610.0,-93.06763214319379
1000000000.0,1146905830.5499647,L_trace,31249980.1,,,10,8625.0,-92.84452935181764
1000000000.0,1146905830.5499647,L_trace,31249980.1,,,10,8640.0,-94.03699062771862
1000000000.0,1146905830.5499647,L_trace,31249980.1,,,10,8655.0,-93.74446938070128
1000000000.0,1146905830.5499647,L_trace,31249980.1,,,10,8670.0,-93.22394637036585
1000000000.0,1146905830.5499647,L_trace,31249980.1,,,10,8685.0,-93.25768086544674
1000000000.0,1146905830.5499647,L_trace,31249980.1,,,10,8700.0,-94.39763301282451
1000000000.0,1146905830.5499647,L_trace,31249980.1,,,10,8715.0,-96.13355387352537
1000000000.0,1146905830.5499647,L_trace,31249980.1,,,10,8730.0,-96.87473440868933
1000000000.0,1146905830.5499647,L_trace,31249980.1,,,10,8745.0,-94.9873262821475
1000000000.0,1146905830.5499647,L_trace,31249980.1,,,10,8760.0,-94.7073488359857
1000000000.0,1146905830.5499647,L_trace,31249980.1,,,10,8775.0,-97.82662237108515
1000000000.0,1146905830.5499647,L_trace,31249980.1,,,10,8790.0,-97.21884828401382
1000000000.0,1146905830.5499647,L_trace,31249980.1,,,10,8805.0,-96.18038485441227
1000000000.0,1146905830.5499647,L_trace,31249980.1,,,10,8820.0,-95.06647320253317
1000000000.0,1146905830.5499647,L_trace,31249980.1,,,10,8835.0,-93.11560842725142
1000000000.0,1146905830.5499647,L_trace,31249980.1,,,10,8850.0,-93.03068871468416
1000000000.0,1146905830.5499647,L_trace,31249980.1,,,10,8865.0,-92.86024294820635
1000000000.0,1146905830.5499647,L_trace,31249980.1,,,10,8880.0,-93.14182818701862
1000000000.0,1146905830.5499647,L_trace,31249980.1,,,10,8895.0,-93.40181147593506
1000000000.0,1146905830.5499647,L_trace,31249980.1,,,10,8910.0,-93.39825852415667
1000000000.0,1146905830.5499647,L_trace,31249980.1,,,10,8925.0,-93.48057401447599
1000000000.0,1146905830.5499647,L_trace,31249980.1,,,10,8940.0,-95.32051047507053
1000000000.0,1146905830.5499647,L_trace,31249980.1,,,10,8955.0,-93.25880922281965
1000000000.0,1146905830.5499647,L_trace,31249980.1,,,10,8970.0,-92.75503661096346
1000000000.0,1146905830.5499647,L_trace,31249980.1,,,10,8985.0,-93.78816428097578
1000000000.0,1146905830.5499647,L_trace,31249980.1,,,10,9000.0,-94.06761251592346
1000000000.0,1146905830.5499647,L_trace,31249980.1,,,10,9015.0,-92.3714997230398
1000000000.0,1146905830.5499647,L_trace,31249980.1,,,10,9030.0,-92.88109690442165
1000000000.0,1146905830.5499647,L_trace,31249980.1,,,10,9045.0,-95.01515338670094
1000000000.0,1146905830.5499647,L_trace,31249980.1,,,10,9060.0,-94.86827749458945
1000000000.0,1146905830.5499647,L_trace,31249980.1,,,10,9075.0,-93.63359133841276
1000000000.0,1146905830.5499647,L_trace,31249980.1,,,10,9090.0,-94.75912045552084
1000000000.0,1146905830.5499647,L_trace,31249980.1,,,10,9105.0,-96.52500074417715
1000000000.0,1146905830.5499647,L_trace,31249980.1,,,10,9120.0,-96.38262030874897
1000000000.0,1146905830.5499647,L_trace,31249980.1,,,10,9135.0,-94.42395058726343
1000000000.0,1146905830.5499647,L_trace,31249980.1,,,10,9150.0,-93.28932173456616
1000000000.0,1146905830.5499647,L_trace,31249980.1,,,10,9165.0,-94.13013671364264
1000000000.0,1146905830.5499647,L_trace,31249980.1,,,10,9180.0,-94.12201334802005
1000000000.0,1146905830.5499647,L_trace,31249980.1,,,10,9195.0,-93.41331451870767
1000000000.0,1146905830.5499647,L_trace,31249980.1,,,10,9210.0,-93.08187208183317
1000000000.0,1146905830.5499647,L_trace,31249980.1,,,10,9225.0,-93.27751197447843
1000000000.0,1146905830.5499647,L_trace,31249980.1,,,10,9240.0,-93.3651433548285
1000000000.0,1146905830.5499647,L_trace,31249980.1,,,10,9255.0,-92.88666538841366
1000000000.0,1146905830.5499647,L_trace,31249980.1,,,10,9270.0,-94.66146599040275
1000000000.0,1146905830.5499647,L_trace,31249980.1,,,10,9285.0,-95.13030428460291
1000000000.0,1146905830.5499647,L_trace,31249980.1,,,10,9300.0,-95.96422731183848
1000000000.0,1146905830.5499647,L_trace,31249980.1,,,10,9315.0,-96.58466829569122
1000000000.0,1146905830.5499647,L_trace,31249980.1,,,10,9330.0,-95.1372535465236
1000000000.0,1146905830.5499647,L_trace,31249980.1,,,10,9345.0,-94.29236121153787
1000000000.0,1146905830.5499647,L_trace,31249980.1,,,10,9360.0,-94.84668197757267
1000000000.0,1146905830.5499647,L_trace,31249980.1,,,10,9375.0,-95.93037744327735
1000000000.0,1146905830.5499647,L_trace,31249980.1,,,10,9390.0,-95.64984722098511
1000000000.0,1146905830.5499647,L_trace,31249980.1,,,10,9405.0,-94.7740120999678
1000000000.0,1146905830.5499647,L_trace,31249980.1,,,10,9420.0,-95.34529350281417
1000000000.0,1146905830.5499647,L_trace,31249980.1,,,10,9435.0,-95.65733557174306
1000000000.0,1146905830.5499647,L_trace,31249980.1,,,10,9450.0,-93.62077812996634
1000000000.0,1146905830.5499647,L_trace,31249980.1,,,10,9465.0,-92.94525793450437
1000000000.0,1146905830.5499647,L_trace,31249980.1,,,10,9480.0,-94.85174275772516
1000000000.0,1146905830.5499647,L_trace,31249980.1,,,10,9495.0,-95.89440530669432
1000000000.0,1146905830.5499647,L_trace,31249980.1,,,10,9510.0,-95.81636314511447
1000000000.0,1146905830.5499647,L_trace,31249980.1,,,10,9525.0,-95.40881370217076
1000000000.0,1146905830.5499647,L_trace,31249980.1,,,10,9540.0,-94.94274909476782
1000000000.0,1146905830.5499647,L_trace,31249980.1,,,10,9555.0,-92.96873944681232
1000000000.0,1146905830.5499647,L_trace,31249980.1,,,10,9570.0,-90.48287843978879
1000000000.0,1146905830.5499647,L_trace,31249980.1,,,10,9585.0,-89.6570041956396
1000000000.0,1146905830.5499647,L_trace,31249980.1,,,10,9600.0,-89.52425793844873
1000000000.0,1146905830.5499647,L_trace,31249980.1,,,10,9615.0,-81.94124928507301
1000000000.0,1146905830.5499647,L_trace,31249980.1,,,10,9630.0,-76.86533697678877
1000000000.0,1146905830.5499647,L_trace,31249980.1,,,10,9645.0,-76.92191158557398
1000000000.0,1146905830.5499647,L_trace,31249980.1,,,10,9660.0,-81.87155296439478
1000000000.0,1146905830.5499647,L_trace,31249980.1,,,10,9675.0,-83.40918820549459
1000000000.0,1146905830.5499647,L_trace,31249980.1,,,10,9690.0,-84.34430727730238
1000000000.0,1146905830.5499647,L_trace,31249980.1,,,10,9705.0,-89.505656964949
1000000000.0,1146905830.5499647,L_trace,31249980.1,,,10,9720.0,-94.03816024444941
1000000000.0,1146905830.5499647,L_trace,31249980.1,,,10,9735.0,-94.78123158404765
1000000000.0,1146905830.5499647,L_trace,31249980.1,,,10,9750.0,-97.98266265181849
1000000000.0,1146905830.5499647,L_trace,31249980.1,,,10,9765.0,-97.57156083576025
1000000000.0,1146905830.5499647,L_trace,31249980.1,,,10,9780.0,-95.03484646026854
1000000000.0,1146905830.5499647,L_trace,31249980.1,,,10,9795.0,-93.2400899904297
1000000000.0,1146905830.5499647,L_trace,31249980.1,,,10,9810.0,-91.62955539355607
1000000000.0,1146905830.5499647,L_trace,31249980.1,,,10,9825.0,-91.42583594115816
1000000000.0,1146905830.5499647,L_trace,31249980.1,,,10,9840.0,-92.1712337957525
1000000000.0,1146905830.5499647,L_trace,31249980.1,,,10,9855.0,-93.84993728176948
1000000000.0,1146905830.5499647,L_trace,31249980.1,,,10,9870.0,-96.42932936833941
1000000000.0,1146905830.5499647,L_trace,31249980.1,,,10,9885.0,-95.22195766436941
1000000000.0,1146905830.5499647,L_trace,31249980.1,,,10,9900.0,-95.10543007642676
1000000000.0,1146905830.5499647,L_trace,31249980.1,,,10,9915.0,-95.52149863974867
1000000000.0,1146905830.5499647,L_trace,31249980.1,,,10,9930.0,-94.17795091342838
1000000000.0,1146905830.5499647,L_trace,31249980.1,,,10,9945.0,-94.52428962002286
1000000000.0,1146905830.5499647,L_trace,31249980.1,,,10,9960.0,-95.65092998849224
1000000000.0,1146905830.5499647,L_trace,31249980.1,,,10,9975.0,-94.79000085145398
1000000000.0,1146905830.5499647,L_trace,31249980.1,,,10,9990.0,-91.1412064051815
1000000000.0,1146905830.5499647,L_trace,31249980.1,,,10,10050.0,-93.8323925036046
1000000000.0,1146905830.5499647,L_trace,31249980.1,,,10,10200.0,-94.61960137725436
1000000000.0,1146905830.5499647,L_trace,31249980.1,,,10,10350.0,-88.54333002290079
1000000000.0,1146905830.5499647,L_trace,31249980.1,,,10,10500.0,-83.73317145164435
1000000000.0,1146905830.5499647,L_trace,31249980.1,,,10,10650.0,-83.93931637846492
1000000000.0,1146905830.5499647,L_trace,31249980.1,,,10,10800.0,-89.14252776518097
1000000000.0,1146905830.5499647,L_trace,31249980.1,,,10,10950.0,-93.24150822241823
1000000000.0,1146905830.5499647,L_trace,31249980.1,,,10,11100.0,-92.60082812855902
1000000000.0,1146905830.5499647,L_trace,31249980.1,,,10,11250.0,-94.95696453945295
1000000000.0,1146905830.5499647,L_trace,31249980.1,,,10,11400.0,-93.21275897901474
1000000000.0,1146905830.5499647,L_trace,31249980.1,,,10,11550.0,-92.15889946164812
1000000000.0,1146905830.5499647,L_trace,31249980.1,,,10,11700.0,-89.92703658824645
1000000000.0,1146905830.5499647,L_trace,31249980.1,,,10,11850.0,-89.55529090571879
1000000000.0,1146905830.5499647,L_trace,31249980.1,,,10,12000.0,-91.89635458672637
1000000000.0,1146905830.5499647,L_trace,31249980.1,,,10,12150.0,-91.30229376248076
1000000000.0,1146905830.5499647,L_trace,31249980.1,,,10,12300.0,-90.71911751564771
1000000000.0,1146905830.5499647,L_trace,31249980.1,,,10,12450.0,-93.18939791559609
1000000000.0,1146905830.5499647,L_trace,31249980.1,,,10,12600.0,-94.0770844350799
1000000000.0,1146905830.5499647,L_trace,31249980.1,,,10,12750.0,-93.79415403451326
1000000000.0,1146905830.5499647,L_trace,31249980.1,,,10,12900.0,-93.22950908235865
1000000000.0,1146905830.5499647,L_trace,31249980.1,,,10,13050.0,-93.88702423565796
1000000000.0,1146905830.5499647,L_trace,31249980.1,,,10,13200.0,-95.3051776930147
1000000000.0,1146905830.5499647,L_trace,31249980.1,,,10,13350.0,-95.12069359587679
1000000000.0,1146905830.5499647,L_trace,31249980.1,,,10,13500.0,-94.28400357974157
1000000000.0,1146905830.5499647,L_trace,31249980.1,,,10,13650.0,-92.72002605188509
1000000000.0,1146905830.5499647,L_trace,31249980.1,,,10,13800.0,-92.21583042897518
1000000000.0,1146905830.5499647,L_trace,31249980.1,,,10,13950.0,-93.97758586616136
1000000000.0,1146905830.5499647,L_trace,31249980.1,,,10,14100.0,-94.16685457703207
1000000000.0,1146905830.5499647,L_trace,31249980.1,,,10,14250.0,-93.21084232805192
1000000000.0,1146905830.5499647,L_trace,31249980.1,,,10,14400.0,-90.69922689675023
1000000000.0,1146905830.5499647,L_trace,31249980.1,,,10,14550.0,-89.71722168717656
1000000000.0,1146905830.5499647,L_trace,31249980.1,,,10,14700.0,-90.18330456352565
1000000000.0,1146905830.5499647,L_trace,31249980.1,,,10,14850.0,-90.8496238459087
1000000000.0,1146905830.5499647,L_trace,31249980.1,,,10,15000.0,-91.3902707857823
1000000000.0,1146905830.5499647,L_trace,31249980.1,,,10,15150.0,-92.27613448214183
1000000000.0,1146905830.5499647,L_trace,31249980.1,,,10,15300.0,-95.73516801089185
1000000000.0,1146905830.5499647,L_trace,31249980.1,,,10,15450.0,-95.26443091119849
1000000000.0,1146905830.5499647,L_trace,31249980.1,,,10,15600.0,-85.29526419320601
1000000000.0,1146905830.5499647,L_trace,31249980.1,,,10,15750.0,-79.75481129232517
1000000000.0,1146905830.5499647,L_trace,31249980.1,,,10,15900.0,-79.15885812897024
1000000000.0,1146905830.5499647,L_trace,31249980.1,,,10,16050.0,-83.54730783561067
1000000000.0,1146905830.5499647,L_trace,31249980.1,,,10,16200.0,-92.91769636788901
1000000000.0,1146905830.5499647,L_trace,31249980.1,,,10,16350.0,-94.11411658741469
1000000000.0,1146905830.5499647,L_trace,31249980.1,,,10,16500.0,-93.24406105417596
1000000000.0,1146905830.5499647,L_trace,31249980.1,,,10,16650.0,-93.40232235814588
1000000000.0,1146905830.5499647,L_trace,31249980.1,,,10,16800.0,-93.79139501224562
1000000000.0,1146905830.5499647,L_trace,31249980.1,,,10,16950.0,-95.36337255349818
1000000000.0,1146905830.5499647,L_trace,31249980.1,,,10,17100.0,-97.1986577475742
1000000000.0,1146905830.5499647,L_trace,31249980.1,,,10,17250.0,-96.16826825856378
1000000000.0,1146905830.5499647,L_trace,31249980.1,,,10,17400.0,-95.32477168378361
1000000000.0,1146905830.5499647,L_trace,31249980.1,,,10,17550.0,-95.01669307375171
1000000000.0,1146905830.5499647,L_trace,31249980.1,,,10,17700.0,-93.92696143291302
1000000000.0,1146905830.5499647,L_trace,31249980.1,,,10,17850.0,-94.15547746469828
1000000000.0,1146905830.5499647,L_trace,31249980.1,,,10,18000.0,-94.44626832344024
1000000000.0,1146905830.5499647,L_trace,31249980.1,,,10,18150.0,-94.63426468338413
1000000000.0,1146905830.5499647,L_trace,31249980.1,,,10,18300.0,-94.60358808971897
1000000000.0,1146905830.5499647,L_trace,31249980.1,,,10,18450.0,-93.75027782621987
1000000000.0,1146905830.5499647,L_trace,31249980.1,,,10,18600.0,-93.678719795586
1000000000.0,1146905830.5499647,L_trace,31249980.1,,,10,18750.0,-93.0401276415843
1000000000.0,1146905830.5499647,L_trace,31249980.1,,,10,18900.0,-95.81035288882586
1000000000.0,1146905830.5499647,L_trace,31249980.1,,,10,19050.0,-93.78536166467696
1000000000.0,1146905830.5499647,L_trace,31249980.1,,,10,19200.0,-91.33918550367102
1000000000.0,1146905830.5499647,L_trace,31249980.1,,,10,19350.0,-90.08193579499849
1000000000.0,1146905830.5499647,L_trace,31249980.1,,,10,19500.0,-92.76819909848912
1000000000.0,1146905830.5499647,L_trace,31249980.1,,,10,19650.0,-89.82476639288265
1000000000.0,1146905830.5499647,L_trace,31249980.1,,,10,19800.0,-91.19292964803667
1000000000.0,1146905830.5499647,L_trace,31249980.1,,,10,19950.0,-93.5735611496275
1000000000.0,1146905830.5499647,L_trace,31249980.1,,,10,20100.0,-93.13267641407354
1000000000.0,1146905830.5499647,L_trace,31249980.1,,,10,20250.0,-94.32439725662867
1000000000.0,1146905830.5499647,L_trace,31249980.1,,,10,20400.0,-95.35784709878865
1000000000.0,1146905830.5499647,L_trace,31249980.1,,,10,20550.0,-95.3072872440942
1000000000.0,1146905830.5499647,L_trace,31249980.1,,,10,20700.0,-95.07038066820016
1000000000.0,1146905830.5499647,L_trace,31249980.1,,,10,20850.0,-95.179828091824
1000000000.0,1146905830.5499647,L_trace,31249980.1,,,10,21000.0,-93.55093727652235
1000000000.0,1146905830.5499647,L_trace,31249980.1,,,10,21150.0,-94.42980181130162
1000000000.0,1146905830.5499647,L_trace,31249980.1,,,10,21300.0,-96.26348734760111
1000000000.0,1146905830.5499647,L_trace,31249980.1,,,10,21450.0,-94.41828628346329
1000000000.0,1146905830.5499647,L_trace,31249980.1,,,10,21600.0,-96.64321405730435
1000000000.0,1146905830.5499647,L_trace,31249980.1,,,10,21750.0,-94.80490642028471
1000000000.0,1146905830.5499647,L_trace,31249980.1,,,10,21900.0,-94.5672428130819
1000000000.0,1146905830.5499647,L_trace,31249980.1,,,10,22050.0,-94.18215678370318
1000000000.0,1146905830.5499647,L_trace,31249980.1,,,10,22200.0,-92.46563145304088
1000000000.0,1146905830.5499647,L_trace,31249980.1,,,10,22350.0,-92.17510832361724
1000000000.0,1146905830.5499647,L_trace,31249980.1,,,10,22500.0,-92.30256027263538
1000000000.0,1146905830.5499647,L_trace,31249980.1,,,10,22650.0,-91.8546220490744
1000000000.0,1146905830.5499647,L_trace,31249980.1,,,10,22800.0,-90.7602931549354
1000000000.0,1146905830.5499647,L_trace,31249980.1,,,10,22950.0,-92.74436389576886
1000000000.0,1146905830.5499647,L_trace,31249980.1,,,10,23100.0,-94.8506769910203
1000000000.0,1146905830.5499647,L_trace,31249980.1,,,10,23250.0,-96.08775443113402
1000000000.0,1146905830.5499647,L_trace,31249980.1,,,10,23400.0,-94.68018439850228
1000000000.0,1146905830.5499647,L_trace,31249980.1,,,10,23550.0,-95.25694452699888
1000000000.0,1146905830.5499647,L_trace,31249980.1,,,10,23700.0,-94.99624818083117
1000000000.0,1146905830.5499647,L_trace,31249980.1,,,10,23850.0,-97.07922720817577
1000000000.0,1146905830.5499647,L_trace,31249980.1,,,10,24000.0,-95.84937088918807
1000000000.0,1146905830.5499647,L_trace,31249980.1,,,10,24150.0,-95.1807625224353
1000000000.0,1146905830.5499647,L_trace,31249980.1,,,10,24300.0,-89.49300281176495
1000000000.0,1146905830.5499647,L_trace,31249980.1,,,10,24450.0,-86.67184015435447
1000000000.0,1146905830.5499647,L_trace,31249980.1,,,10,24600.0,-87.89680797725694
1000000000.0,1146905830.5499647,L_trace,31249980.1,,,10,24750.0,-92.24796447772556
1000000000.0,1146905830.5499647,L_trace,31249980.1,,,10,24900.0,-94.50058476344323
1000000000.0,1146905830.5499647,L_trace,31249980.1,,,10,25050.0,-93.12114453868574
1000000000.0,1146905830.5499647,L_trace,31249980.1,,,10,25200.0,-93.50181454250425
1000000000.0,1146905830.5499647,L_trace,31249980.1,,,10,25350.0,-92.75503214017365
1000000000.0,1146905830.5499647,L_trace,31249980.1,,,10,25500.0,-92.07175821315286
1000000000.0,1146905830.5499647,L_trace,31249980.1,,,10,25650.0,-93.40217876322464
1000000000.0,1146905830.5499647,L_trace,31249980.1,,,10,25800.0,-92.97337626450496
1000000000.0,1146905830.5499647,L_trace,31249980.1,,,10,25950.0,-92.01003985542329
1000000000.0,1146905830.5499647,L_trace,31249980.1,,,10,26100.0,-92.15202022121913
1000000000.0,1146905830.5499647,L_trace,31249980.1,,,10,26250.0,-92.4863919972957
1000000000.0,1146905830.5499647,L_trace,31249980.1,,,10,26400.0,-92.19715154670386
1000000000.0,1146905830.5499647,L_trace,31249980.1,,,10,26550.0,-91.78855312259597
1000000000.0,1146905830.5499647,L_trace,31249980.1,,,10,26700.0,-91.63153503069509
1000000000.0,1146905830.5499647,L_trace,31249980.1,,,10,26850.0,-94.1293054134243
1000000000.0,1146905830.5499647,L_trace,31249980.1,,,10,27000.0,-98.05661438635879
1000000000.0,1146905830.5499647,L_trace,31249980.1,,,10,27150.0,-96.79847227742462
1000000000.0,1146905830.5499647,L_trace,31249980.1,,,10,27300.0,-95.91600056615458
1000000000.0,1146905830.5499647,L_trace,31249980.1,,,10,27450.0,-94.72019848615786
1000000000.0,1146905830.5499647,L_trace,31249980.1,,,10,27600.0,-93.57424632641519
1000000000.0,1146905830.5499647,L_trace,31249980.1,,,10,27750.0,-93.69772857681365
1000000000.0,1146905830.5499647,L_trace,31249980.1,,,10,27900.0,-95.0180160849607
1000000000.0,1146905830.5499647,L_trace,31249980.1,,,10,28050.0,-96.63781859405407
1000000000.0,1146905830.5499647,L_trace,31249980.1,,,10,28200.0,-95.07567492059657
1000000000.0,1146905830.5499647,L_trace,31249980.1,,,10,28350.0,-93.42436643675752
1000000000.0,1146905830.5499647,L_trace,31249980.1,,,10,28500.0,-92.37856985426194
1000000000.0,1146905830.5499647,L_trace,31249980.1,,,10,28650.0,-92.72358087118066
1000000000.0,1146905830.5499647,L_trace,31249980.1,,,10,28800.0,-92.99055438927657
1000000000.0,1146905830.5499647,L_trace,31249980.1,,,10,28950.0,-91.11484091436844
1000000000.0,1146905830.5499647,L_trace,31249980.1,,,10,29100.0,-87.98488885345682
1000000000.0,1146905830.5499647,L_trace,31249980.1,,,10,29250.0,-86.31456734968594
1000000000.0,1146905830.5499647,L_trace,31249980.1,,,10,29400.0,-88.0670275233551
1000000000.0,1146905830.5499647,L_trace,31249980.1,,,10,29550.0,-89.76628490980853
1000000000.0,1146905830.5499647,L_trace,31249980.1,,,10,29700.0,-92.03386870964724
1000000000.0,1146905830.5499647,L_trace,31249980.1,,,10,29850.0,-94.47691492521129
1000000000.0,1146905830.5499647,L_trace,31249980.1,,,10,30000.0,-96.43197492518443
1000000000.0,1146905830.5499647,L_trace,31249980.1,,,10,30150.0,-94.51412340723348
1000000000.0,1146905830.5499647,L_trace,31249980.1,,,10,30300.0,-92.99831910039084
1000000000.0,1146905830.5499647,L_trace,31249980.1,,,10,30450.0,-94.85471701802251
1000000000.0,1146905830.5499647,L_trace,31249980.1,,,10,30600.0,-97.26684273887473
1000000000.0,1146905830.5499647,L_trace,31249980.1,,,10,30750.0,-94.95840567426534
1000000000.0,1146905830.5499647,L_trace,31249980.1,,,10,30900.0,-95.2173651076669
1000000000.0,1146905830.5499647,L_trace,31249980.1,,,10,31050.0,-95.3486451828351
1000000000.0,1146905830.5499647,L_trace,31249980.1,,,10,31200.0,-92.94904043508252
1000000000.0,1146905830.5499647,L_trace,31249980.1,,,10,31350.0,-93.40395228895594
1000000000.0,1146905830.5499647,L_trace,31249980.1,,,10,31500.0,-92.78665154502573
1000000000.0,1146905830.5499647,L_trace,31249980.1,,,10,31650.0,-92.4230602258197
1000000000.0,1146905830.5499647,L_trace,31249980.1,,,10,31800.0,-91.44778165792333
1000000000.0,1146905830.5499647,L_trace,31249980.1,,,10,31950.0,-91.87791650575461
1000000000.0,1146905830.5499647,L_trace,31249980.1,,,10,32100.0,-92.87783469634783
1000000000.0,1146905830.5499647,L_trace,31249980.1,,,10,32250.0,-94.185462900736
1000000000.0,1146905830.5499647,L_trace,31249980.1,,,10,32400.0,-92.91993537819889
1000000000.0,1146905830.5499647,L_trace,31249980.1,,,10,32550.0,-92.42928849638739
1000000000.0,1146905830.5499647,L_trace,31249980.1,,,10,32700.0,-92.47712943929841
1000000000.0,1146905830.5499647,L_trace,31249980.1,,,10,32850.0,-93.07287212729568
1000000000.0,1146905830.5499647,L_trace,31249980.1,,,10,33000.0,-92.56356289752273
1000000000.0,1146905830.5499647,L_trace,31249980.1,,,10,33150.0,-92.00944101790525
1000000000.0,1146905830.5499647,L_trace,31249980.1,,,10,33300.0,-91.07835663505708
1000000000.0,1146905830.5499647,L_trace,31249980.1,,,10,33450.0,-91.7794725991148
1000000000.0,1146905830.5499647,L_trace,31249980.1,,,10,33600.0,-94.87770666361993
1000000000.0,1146905830.5499647,L_trace,31249980.1,,,10,33750.0,-94.80393106879856
1000000000.0,1146905830.5499647,L_trace,31249980.1,,,10,33900.0,-91.30766992327221
1000000000.0,1146905830.5499647,L_trace,31249980.1,,,10,34050.0,-88.20564375084416
1000000000.0,1146905830.5499647,L_trace,31249980.1,,,10,34200.0,-88.04856995793018
1000000000.0,1146905830.5499647,L_trace,31249980.1,,,10,34350.0,-90.96305279605593
1000000000.0,1146905830.5499647,L_trace,31249980.1,,,10,34500.0,-90.72810200202018
1000000000.0,1146905830.5499647,L_trace,31249980.1,,,10,34650.0,-91.88120458312615
1000000000.0,1146905830.5499647,L_trace,31249980.1,,,10,34800.0,-93.58454883097373
1000000000.0,1146905830.5499647,L_trace,31249980.1,,,10,34950.0,-92.50368960146173
1000000000.0,1146905830.5499647,L_trace,31249980.1,,,10,35100.0,-91.47246120732844
1000000000.0,1146905830.5499647,L_trace,31249980.1,,,10,35250.0,-91.5078021796691
1000000000.0,1146905830.5499647,L_trace,31249980.1,,,10,35400.0,-93.33402754757583
1000000000.0,1146905830.5499647,L_trace,31249980.1,,,10,35550.0,-93.43648969878339
1000000000.0,1146905830.5499647,L_trace,31249980.1,,,10,35700.0,-92.70399951094221
1000000000.0,1146905830.5499647,L_trace,31249980.1,,,10,35850.0,-92.09309831420276
1000000000.0,1146905830.5499647,L_trace,31249980.1,,,10,36000.0,-91.0543467214896
1000000000.0,1146905830.5499647,L_trace,31249980.1,,,10,36150.0,-92.47366796000358
1000000000.0,1146905830.5499647,L_trace,31249980.1,,,10,36300.0,-92.58906728489306
1000000000.0,1146905830.5499647,L_trace,31249980.1,,,10,36450.0,-91.13061975121276
1000000000.0,1146905830.5499647,L_trace,31249980.1,,,10,36600.0,-91.34454130153412
1000000000.0,1146905830.5499647,L_trace,31249980.1,,,10,36750.0,-91.1583175292622
1000000000.0,1146905830.5499647,L_trace,31249980.1,,,10,36900.0,-90.42438568689445
1000000000.0,1146905830.5499647,L_trace,31249980.1,,,10,37050.0,-89.87484230772532
1000000000.0,1146905830.5499647,L_trace,31249980.1,,,10,37200.0,-90.81016230816864
1000000000.0,1146905830.5499647,L_trace,31249980.1,,,10,37350.0,-93.92491562830351
1000000000.0,1146905830.5499647,L_trace,31249980.1,,,10,37500.0,-91.8551984817973
1000000000.0,1146905830.5499647,L_trace,31249980.1,,,10,37650.0,-90.07003780892695
1000000000.0,1146905830.5499647,L_trace,31249980.1,,,10,37800.0,-89.81757985953632
1000000000.0,1146905830.5499647,L_trace,31249980.1,,,10,37950.0,-91.30778504301033
1000000000.0,1146905830.5499647,L_trace,31249980.1,,,10,38100.0,-89.86378031108258
1000000000.0,1146905830.5499647,L_trace,31249980.1,,,10,38250.0,-90.14733148154112
1000000000.0,1146905830.5499647,L_trace,31249980.1,,,10,38400.0,-92.30579385106186
1000000000.0,1146905830.5499647,L_trace,31249980.1,,,10,38550.0,-91.42078296481347
1000000000.0,1146905830.5499647,L_trace,31249980.1,,,10,38700.0,-90.40518312438527
1000000000.0,1146905830.5499647,L_trace,31249980.1,,,10,38850.0,-87.26771139900764
1000000000.0,1146905830.5499647,L_trace,31249980.1,,,10,39000.0,-85.89964953004437
1000000000.0,1146905830.5499647,L_trace,31249980.1,,,10,39150.0,-86.16955979536743
1000000000.0,1146905830.5499647,L_trace,31249980.1,,,10,39300.0,-88.04094632524064
1000000000.0,1146905830.5499647,L_trace,31249980.1,,,10,39450.0,-90.44846917548462
1000000000.0,1146905830.5499647,L_trace,31249980.1,,,10,39600.0,-90.4216764250546
1000000000.0,1146905830.5499647,L_trace,31249980.1,,,10,39750.0,-90.61913904614835
1000000000.0,1146905830.5499647,L_trace,31249980.1,,,10,39900.0,-91.7792552393515
1000000000.0,1146905830.5499647,L_trace,31249980.1,,,10,40050.0,-90.00739947876927
1000000000.0,1146905830.5499647,L_trace,31249980.1,,,10,40200.0,-91.00849869914609
1000000000.0,1146905830.5499647,L_trace,31249980.1,,,10,40350.0,-92.50292198721365
1000000000.0,1146905830.5499647,L_trace,31249980.1,,,10,40500.0,-96.0776421275125
1000000000.0,1146905830.5499647,L_trace,31249980.1,,,10,40650.0,-93.60973375919708
1000000000.0,1146905830.5499647,L_trace,31249980.1,,,10,40800.0,-91.4979363394222
1000000000.0,1146905830.5499647,L_trace,31249980.1,,,10,40950.0,-90.67121982285461
1000000000.0,1146905830.5499647,L_trace,31249980.1,,,10,41100.0,-92.65641970393041
1000000000.0,1146905830.5499647,L_trace,31249980.1,,,10,41250.0,-91.04572792657336
1000000000.0,1146905830.5499647,L_trace,31249980.1,,,10,41400.0,-90.9500267678823
1000000000.0,1146905830.5499647,L_trace,31249980.1,,,10,41550.0,-92.60743046649004
1000000000.0,1146905830.5499647,L_trace,31249980.1,,,10,41700.0,-90.97967181765539
1000000000.0,1146905830.5499647,L_trace,31249980.1,,,10,41850.0,-90.36117783090071
1000000000.0,1146905830.5499647,L_trace,31249980.1,,,10,42000.0,-89.9269688262141
1000000000.0,1146905830.5499647,L_trace,31249980.1,,,10,42150.0,-90.13046611230607
1000000000.0,1146905830.5499647,L_trace,31249980.1,,,10,42300.0,-91.88691189588941
1000000000.0,1146905830.5499647,L_trace,31249980.1,,,10,42450.0,-93.07007375321672
1000000000.0,1146905830.5499647,L_trace,31249980.1,,,10,42600.0,-95.25283286370002
1000000000.0,1146905830.5499647,L_trace,31249980.1,,,10,42750.0,-94.92399583328955
1000000000.0,1146905830.5499647,L_trace,31249980.1,,,10,42900.0,-90.91138477086622
1000000000.0,1146905830.5499647,L_trace,31249980.1,,,10,43050.0,-90.9398336341862
1000000000.0,1146905830.5499647,L_trace,31249980.1,,,10,43200.0,-91.51002929921405
1000000000.0,1146905830.5499647,L_trace,31249980.1,,,10,43350.0,-90.51831379580888
1000000000.0,1146905830.5499647,L_trace,31249980.1,,,10,43500.0,-91.0571689567673
1000000000.0,1146905830.5499647,L_trace,31249980.1,,,10,43650.0,-90.75636141222134
1000000000.0,1146905830.5499647,L_trace,31249980.1,,,10,43800.0,-90.34531859367316
1000000000.0,1146905830.5499647,L_trace,31249980.1,,,10,43950.0,-90.46075008681818
1000000000.0,1146905830.5499647,L_trace,31249980.1,,,10,44100.0,-90.69097361907325
1000000000.0,1146905830.5499647,L_trace,31249980.1,,,10,44250.0,-91.59260202769404
1000000000.0,1146905830.5499647,L_trace,31249980.1,,,10,44400.0,-90.03645223826288
1000000000.0,1146905830.5499647,L_trace,31249980.1,,,10,44550.0,-88.58039797366713
1000000000.0,1146905830.5499647,L_trace,31249980.1,,,10,44700.0,-88.945251011567
1000000000.0,1146905830.5499647,L_trace,31249980.1,,,10,44850.0,-92.04187626099163
1000000000.0,1146905830.5499647,L_trace,31249980.1,,,10,45000.0,-91.04724538550664
1000000000.0,1146905830.5499647,L_trace,31249980.1,,,10,45150.0,-88.43557973829812
1000000000.0,1146905830.5499647,L_trace,31249980.1,,,10,45300.0,-89.61872095834238
1000000000.0,1146905830.5499647,L_trace,31249980.1,,,10,45450.0,-89.91614252113338
1000000000.0,1146905830.5499647,L_trace,31249980.1,,,10,45600.0,-89.59272902669254
1000000000.0,1146905830.5499647,L_trace,31249980.1,,,10,45750.0,-89.34616496266702
1000000000.0,1146905830.5499647,L_trace,31249980.1,,,10,45900.0,-89.45038876198976
1000000000.0,1146905830.5499647,L_trace,31249980.1,,,10,46050.0,-91.04842013609371
1000000000.0,1146905830.5499647,L_trace,31249980.1,,,10,46200.0,-92.4548479536533
1000000000.0,1146905830.5499647,L_trace,31249980.1,,,10,46350.0,-93.10325626143226
1000000000.0,1146905830.5499647,L_trace,31249980.1,,,10,46500.0,-91.7358639372416
1000000000.0,1146905830.5499647,L_trace,31249980.1,,,10,46650.0,-92.69039492100553
1000000000.0,1146905830.5499647,L_trace,31249980.1,,,10,46800.0,-93.88113053220478
1000000000.0,1146905830.5499647,L_trace,31249980.1,,,10,46950.0,-93.23011271069767
1000000000.0,1146905830.5499647,L_trace,31249980.1,,,10,47100.0,-92.7749088359533
1000000000.0,1146905830.5499647,L_trace,31249980.1,,,10,47250.0,-93.54601927475285
1000000000.0,1146905830.5499647,L_trace,31249980.1,,,10,47400.0,-94.7259555878472
1000000000.0,1146905830.5499647,L_trace,31249980.1,,,10,47550.0,-94.8726633763594
1000000000.0,1146905830.5499647,L_trace,31249980.1,,,10,47700.0,-93.39795178327692
1000000000.0,1146905830.5499647,L_trace,31249980.1,,,10,47850.0,-92.82353336003519
1000000000.0,1146905830.5499647,L_trace,31249980.1,,,10,48000.0,-92.37357411041761
1000000000.0,1146905830.5499647,L_trace,31249980.1,,,10,48150.0,-92.75644211558438
1000000000.0,1146905830.5499647,L_trace,31249980.1,,,10,48300.0,-93.17445953035413
1000000000.0,1146905830.5499647,L_trace,31249980.1,,,10,48450.0,-90.18344091597815
1000000000.0,1146905830.5499647,L_trace,31249980.1,,,10,48600.0,-89.30187205890427
1000000000.0,1146905830.5499647,L_trace,31249980.1,,,10,48750.0,-89.90864585411107
1000000000.0,1146905830.5499647,L_trace,31249980.1,,,10,48900.0,-90.41198215141408
1000000000.0,1146905830.5499647,L_trace,31249980.1,,,10,49050.0,-90.37680165861028
1000000000.0,1146905830.5499647,L_trace,31249980.1,,,10,49200.0,-93.75634510696644
1000000000.0,1146905830.5499647,L_trace,31249980.1,,,10,49350.0,-92.33809390705783
1000000000.0,1146905830.5499647,L_trace,31249980.1,,,10,49500.0,-90.07922138551244
1000000000.0,1146905830.5499647,L_trace,31249980.1,,,10,49650.0,-90.08962790240601
1000000000.0,1146905830.5499647,L_trace,31249980.1,,,10,49800.0,-92.1843906291398
1000000000.0,1146905830.5499647,L_trace,31249980.1,,,10,49950.0,-90.79671815086881
1000000000.0,1146905830.5499647,L_trace,31249980.1,,,10,50100.0,-90.26564642461625
1000000000.0,1146905830.5499647,L_trace,31249980.1,,,10,50250.0,-92.61716357815777
1000000000.0,1146905830.5499647,L_trace,31249980.1,,,10,50400.0,-90.38064896111644
1000000000.0,1146905830.5499647,L_trace,31249980.1,,,10,50550.0,-90.80733263138286
1000000000.0,1146905830.5499647,L_trace,31249980.1,,,10,50700.0,-92.26139044789653
1000000000.0,1146905830.5499647,L_trace,31249980.1,,,10,50850.0,-92.92633424040764
1000000000.0,1146905830.5499647,L_trace,31249980.1,,,10,51000.0,-93.37678311865095
1000000000.0,1146905830.5499647,L_trace,31249980.1,,,10,51150.0,-90.88401643865649
1000000000.0,1146905830.5499647,L_trace,31249980.1,,,10,51300.0,-89.29749178181004
1000000000.0,1146905830.5499647,L_trace,31249980.1,,,10,51450.0,-88.95329806534211
1000000000.0,1146905830.5499647,L_trace,31249980.1,,,10,51600.0,-89.63525728584052
1000000000.0,1146905830.5499647,L_trace,31249980.1,,,10,51750.0,-88.12633062129008
1000000000.0,1146905830.5499647,L_trace,31249980.1,,,10,51900.0,-87.71532072297364
1000000000.0,1146905830.5499647,L_trace,31249980.1,,,10,52050.0,-88.934282495268
1000000000.0,1146905830.5499647,L_trace,31249980.1,,,10,52200.0,-90.87148726476447
1000000000.0,1146905830.5499647,L_trace,31249980.1,,,10,52350.0,-90.79662425218476
1000000000.0,1146905830.5499647,L_trace,31249980.1,,,10,52500.0,-89.14850269532019
1000000000.0,1146905830.5499647,L_trace,31249980.1,,,10,52650.0,-89.60855301994293
1000000000.0,1146905830.5499647,L_trace,31249980.1,,,10,52800.0,-90.57215425338927
1000000000.0,1146905830.5499647,L_trace,31249980.1,,,10,52950.0,-90.01697990903439
1000000000.0,1146905830.5499647,L_trace,31249980.1,,,10,53100.0,-90.31861337326875
1000000000.0,1146905830.5499647,L_trace,31249980.1,,,10,53250.0,-90.67961254205967
1000000000.0,1146905830.5499647,L_trace,31249980.1,,,10,53400.0,-90.48702256683852
1000000000.0,1146905830.5499647,L_trace,31249980.1,,,10,53550.0,-88.9349850924141
1000000000.0,1146905830.5499647,L_trace,31249980.1,,,10,53700.0,-88.21628302073664
1000000000.0,1146905830.5499647,L_trace,31249980.1,,,10,53850.0,-87.86912140629613
1000000000.0,1146905830.5499647,L_trace,31249980.1,,,10,54000.0,-88.39849968646483
1000000000.0,1146905830.5499647,L_trace,31249980.1,,,10,54150.0,-88.52825809485417
1000000000.0,1146905830.5499647,L_trace,31249980.1,,,10,54300.0,-90.24149984812556
1000000000.0,1146905830.5499647,L_trace,31249980.1,,,10,54450.0,-93.07911206468117
1000000000.0,1146905830.5499647,L_trace,31249980.1,,,10,54600.0,-93.02428375410324
1000000000.0,1146905830.5499647,L_trace,31249980.1,,,10,54750.0,-93.26381773996854
1000000000.0,1146905830.5499647,L_trace,31249980.1,,,10,54900.0,-96.55946582672794
1000000000.0,1146905830.5499647,L_trace,31249980.1,,,10,55050.0,-97.63025853471446
1000000000.0,1146905830.5499647,L_trace,31249980.1,,,10,55200.0,-96.45251928945123
1000000000.0,1146905830.5499647,L_trace,31249980.1,,,10,55350.0,-96.26300951490731
1000000000.0,1146905830.5499647,L_trace,31249980.1,,,10,55500.0,-94.09309346890751
1000000000.0,1146905830.5499647,L_trace,31249980.1,,,10,55650.0,-94.07373376432072
1000000000.0,1146905830.5499647,L_trace,31249980.1,,,10,55800.0,-94.11569416006051
1000000000.0,1146905830.5499647,L_trace,31249980.1,,,10,55950.0,-91.48037262049098
1000000000.0,1146905830.5499647,L_trace,31249980.1,,,10,56100.0,-87.69622408317802
1000000000.0,1146905830.5499647,L_trace,31249980.1,,,10,56250.0,-86.97485128666831
1000000000.0,1146905830.5499647,L_trace,31249980.1,,,10,56400.0,-88.0339494362333
1000000000.0,1146905830.5499647,L_trace,31249980.1,,,10,56550.0,-89.9917189136904
1000000000.0,1146905830.5499647,L_trace,31249980.1,,,10,56700.0,-90.22283373225238
1000000000.0,1146905830.5499647,L_trace,31249980.1,,,10,56850.0,-90.74342535378723
1000000000.0,1146905830.5499647,L_trace,31249980.1,,,10,57000.0,-84.79379291274357
1000000000.0,1146905830.5499647,L_trace,31249980.1,,,10,57150.0,-82.49940826184447
1000000000.0,1146905830.5499647,L_trace,31249980.1,,,10,57300.0,-84.99643560586318
1000000000.0,1146905830.5499647,L_trace,31249980.1,,,10,57450.0,-89.36919150254751
1000000000.0,1146905830.5499647,L_trace,31249980.1,,,10,57600.0,-90.99899116986909
1000000000.0,1146905830.5499647,L_trace,31249980.1,,,10,57750.0,-92.36111090482697
1000000000.0,1146905830.5499647,L_trace,31249980.1,,,10,57900.0,-92.97334358415627
1000000000.0,1146905830.5499647,L_trace,31249980.1,,,10,58050.0,-92.84518976035127
1000000000.0,1146905830.5499647,L_trace,31249980.1,,,10,58200.0,-90.80856100717897
1000000000.0,1146905830.5499647,L_trace,31249980.1,,,10,58350.0,-90.33034815126341
1000000000.0,1146905830.5499647,L_trace,31249980.1,,,10,58500.0,-90.52096658531964
1000000000.0,1146905830.5499647,L_trace,31249980.1,,,10,58650.0,-91.25182621697456
1000000000.0,1146905830.5499647,L_trace,31249980.1,,,10,58800.0,-92.76619624580485
1000000000.0,1146905830.5499647,L_trace,31249980.1,,,10,58950.0,-91.25569268788333
1000000000.0,1146905830.5499647,L_trace,31249980.1,,,10,59100.0,-91.02946492595238
1000000000.0,1146905830.5499647,L_trace,31249980.1,,,10,59250.0,-92.054277243488
1000000000.0,1146905830.5499647,L_trace,31249980.1,,,10,59400.0,-94.88142438809179
1000000000.0,1146905830.5499647,L_trace,31249980.1,,,10,59550.0,-97.0906667649336
1000000000.0,1146905830.5499647,L_trace,31249980.1,,,10,59700.0,-93.8423436931472
1000000000.0,1146905830.5499647,L_trace,31249980.1,,,10,59850.0,-93.21445813605868
1000000000.0,1146905830.5499647,L_trace,31249980.1,,,10,60000.0,-92.96065888892878
1000000000.0,1146905830.5499647,L_trace,31249980.1,,,10,60150.0,-92.48890689560572
1000000000.0,1146905830.5499647,L_trace,31249980.1,,,10,60300.0,-94.2199153750271
1000000000.0,1146905830.5499647,L_trace,31249980.1,,,10,60450.0,-95.27993543986447
1000000000.0,1146905830.5499647,L_trace,31249980.1,,,10,60600.0,-94.83859675131663
1000000000.0,1146905830.5499647,L_trace,31249980.1,,,10,60750.0,-94.8574968138695
1000000000.0,1146905830.5499647,L_trace,31249980.1,,,10,60900.0,-94.95925573468709
1000000000.0,1146905830.5499647,L_trace,31249980.1,,,10,61050.0,-95.33626946755204
1000000000.0,1146905830.5499647,L_trace,31249980.1,,,10,61200.0,-93.84825406643115
1000000000.0,1146905830.5499647,L_trace,31249980.1,,,10,61350.0,-94.1490413717474
1000000000.0,1146905830.5499647,L_trace,31249980.1,,,10,61500.0,-95.06772491215052
1000000000.0,1146905830.5499647,L_trace,31249980.1,,,10,61650.0,-95.23105883426943
1000000000.0,1146905830.5499647,L_trace,31249980.1,,,10,61800.0,-96.24859359875158
1000000000.0,1146905830.5499647,L_trace,31249980.1,,,10,61950.0,-97.1528427434301
1000000000.0,1146905830.5499647,L_trace,31249980.1,,,10,62100.0,-95.11897019590955
1000000000.0,1146905830.5499647,L_trace,31249980.1,,,10,62250.0,-92.8307596673815
1000000000.0,1146905830.5499647,L_trace,31249980.1,,,10,62400.0,-93.03892488982014
1000000000.0,1146905830.5499647,L_trace,31249980.1,,,10,62550.0,-93.86045335701739
1000000000.0,1146905830.5499647,L_trace,31249980.1,,,10,62700.0,-94.96787560671251
1000000000.0,1146905830.5499647,L_trace,31249980.1,,,10,62850.0,-94.3543979905569
1000000000.0,1146905830.5499647,L_trace,31249980.1,,,10,63000.0,-90.85003429655369
1000000000.0,1146905830.5499647,L_trace,31249980.1,,,10,63150.0,-90.63651115014646
1000000000.0,1146905830.5499647,L_trace,31249980.1,,,10,63300.0,-92.2044565087905
1000000000.0,1146905830.5499647,L_trace,31249980.1,,,10,63450.0,-92.18561396403923
1000000000.0,1146905830.5499647,L_trace,31249980.1,,,10,63600.0,-90.69406675507791
1000000000.0,1146905830.5499647,L_trace,31249980.1,,,10,63750.0,-91.23660530662177
1000000000.0,1146905830.5499647,L_trace,31249980.1,,,10,63900.0,-92.19452163923444
1000000000.0,1146905830.5499647,L_trace,31249980.1,,,10,64050.0,-93.72516700117887
1000000000.0,1146905830.5499647,L_trace,31249980.1,,,10,64200.0,-93.38840477574493
1000000000.0,1146905830.5499647,L_trace,31249980.1,,,10,64350.0,-94.0864790761622
1000000000.0,1146905830.5499647,L_trace,31249980.1,,,10,64500.0,-94.48771185935924
1000000000.0,1146905830.5499647,L_trace,31249980.1,,,10,64650.0,-92.56335337695441
1000000000.0,1146905830.5499647,L_trace,31249980.1,,,10,64800.0,-94.12279071329898
1000000000.0,1146905830.5499647,L_trace,31249980.1,,,10,64950.0,-95.55210934477871
1000000000.0,1146905830.5499647,L_trace,31249980.1,,,10,65100.0,-94.16177285094732
1000000000.0,1146905830.5499647,L_trace,31249980.1,,,10,65250.0,-92.60844062931524
1000000000.0,1146905830.5499647,L_trace,31249980.1,,,10,65400.0,-91.5064977267255
1000000000.0,1146905830.5499647,L_trace,31249980.1,,,10,65550.0,-92.75751430687053
1000000000.0,1146905830.5499647,L_trace,31249980.1,,,10,65700.0,-92.75713479329944
1000000000.0,1146905830.5499647,L_trace,31249980.1,,,10,65850.0,-93.60563937729123
1000000000.0,1146905830.5499647,L_trace,31249980.1,,,10,66000.0,-93.78486431300132
1000000000.0,1146905830.5499647,L_trace,31249980.1,,,10,66150.0,-93.50042999697929
1000000000.0,1146905830.5499647,L_trace,31249980.1,,,10,66300.0,-93.70193807765163
1000000000.0,1146905830.5499647,L_trace,31249980.1,,,10,66450.0,-92.30527846080872
1000000000.0,1146905830.5499647,L_trace,31249980.1,,,10,66600.0,-93.18416822375933
1000000000.0,1146905830.5499647,L_trace,31249980.1,,,10,66750.0,-92.49809919639931
1000000000.0,1146905830.5499647,L_trace,31249980.1,,,10,66900.0,-94.7885226393266
1000000000.0,1146905830.5499647,L_trace,31249980.1,,,10,67050.0,-94.3692931996792
1000000000.0,1146905830.5499647,L_trace,31249980.1,,,10,67200.0,-94.25068824909934
1000000000.0,1146905830.5499647,L_trace,31249980.1,,,10,67350.0,-94.00039079711362
1000000000.0,1146905830.5499647,L_trace,31249980.1,,,10,67500.0,-93.4585876252389
1000000000.0,1146905830.5499647,L_trace,31249980.1,,,10,67650.0,-93.45075573223339
1000000000.0,1146905830.5499647,L_trace,31249980.1,,,10,67800.0,-91.95545906739208
1000000000.0,1146905830.5499647,L_trace,31249980.1,,,10,67950.0,-90.04486563060286
1000000000.0,1146905830.5499647,L_trace,31249980.1,,,10,68100.0,-89.8023784445413
1000000000.0,1146905830.5499647,L_trace,31249980.1,,,10,68250.0,-90.69133633984106
1000000000.0,1146905830.5499647,L_trace,31249980.1,,,10,68400.0,-92.05402664294466
1000000000.0,1146905830.5499647,L_trace,31249980.1,,,10,68550.0,-92.57477895716215
1000000000.0,1146905830.5499647,L_trace,31249980.1,,,10,68700.0,-92.82529336863084
1000000000.0,1146905830.5499647,L_trace,31249980.1,,,10,68850.0,-92.04149373204136
1000000000.0,1146905830.5499647,L_trace,31249980.1,,,10,69000.0,-92.83778916058739
1000000000.0,1146905830.5499647,L_trace,31249980.1,,,10,69150.0,-92.96076029610582
1000000000.0,1146905830.5499647,L_trace,31249980.1,,,10,69300.0,-93.29091621449507
1000000000.0,1146905830.5499647,L_trace,31249980.1,,,10,69450.0,-94.00895659032447
1000000000.0,1146905830.5499647,L_trace,31249980.1,,,10,69600.0,-93.94726278566917
1000000000.0,1146905830.5499647,L_trace,31249980.1,,,10,69750.0,-94.20363518939419
1000000000.0,1146905830.5499647,L_trace,31249980.1,,,10,69900.0,-94.66656401859201
1000000000.0,1146905830.5499647,L_trace,31249980.1,,,10,70050.0,-93.04255737830537
1000000000.0,1146905830.5499647,L_trace,31249980.1,,,10,70200.0,-94.52712667684352
1000000000.0,1146905830.5499647,L_trace,31249980.1,,,10,70350.0,-93.04217201332541
1000000000.0,1146905830.5499647,L_trace,31249980.1,,,10,70500.0,-91.48353477963012
1000000000.0,1146905830.5499647,L_trace,31249980.1,,,10,70650.0,-92.16424349735574
1000000000.0,1146905830.5499647,L_trace,31249980.1,,,10,70800.0,-91.27573275406554
1000000000.0,1146905830.5499647,L_trace,31249980.1,,,10,70950.0,-90.36109433265507
1000000000.0,1146905830.5499647,L_trace,31249980.1,,,10,71100.0,-91.26244793210707
1000000000.0,1146905830.5499647,L_trace,31249980.1,,,10,71250.0,-94.20825498123675
1000000000.0,1146905830.5499647,L_trace,31249980.1,,,10,71400.0,-95.8343721963534
1000000000.0,1146905830.5499647,L_trace,31249980.1,,,10,71550.0,-93.1190651230158
1000000000.0,1146905830.5499647,L_trace,31249980.1,,,10,71700.0,-92.30524152645451
1000000000.0,1146905830.5499647,L_trace,31249980.1,,,10,71850.0,-93.8906363678112
1000000000.0,1146905830.5499647,L_trace,31249980.1,,,10,72000.0,-92.4506958762994
1000000000.0,1146905830.5499647,L_trace,31249980.1,,,10,72150.0,-92.52491994419469
1000000000.0,1146905830.5499647,L_trace,31249980.1,,,10,72300.0,-92.69781257685402
1000000000.0,1146905830.5499647,L_trace,31249980.1,,,10,72450.0,-92.32991518690878
1000000000.0,1146905830.5499647,L_trace,31249980.1,,,10,72600.0,-93.31050417666081
1000000000.0,1146905830.5499647,L_trace,31249980.1,,,10,72750.0,-92.87258696834319
1000000000.0,1146905830.5499647,L_trace,31249980.1,,,10,72900.0,-90.37016286886826
1000000000.0,1146905830.5499647,L_trace,31249980.1,,,10,73050.0,-91.10923354426083
1000000000.0,1146905830.5499647,L_trace,31249980.1,,,10,73200.0,-90.61347044923193
1000000000.0,1146905830.5499647,L_trace,31249980.1,,,10,73350.0,-89.54123786548772
1000000000.0,1146905830.5499647,L_trace,31249980.1,,,10,73500.0,-89.75222679449074
1000000000.0,1146905830.5499647,L_trace,31249980.1,,,10,73650.0,-91.66419014049474
1000000000.0,1146905830.5499647,L_trace,31249980.1,,,10,73800.0,-93.08343750432688
1000000000.0,1146905830.5499647,L_trace,31249980.1,,,10,73950.0,-92.20778644035408
1000000000.0,1146905830.5499647,L_trace,31249980.1,,,10,74100.0,-91.44899280876952
1000000000.0,1146905830.5499647,L_trace,31249980.1,,,10,74250.0,-91.92488843924885
1000000000.0,1146905830.5499647,L_trace,31249980.1,,,10,74400.0,-92.60641847839577
1000000000.0,1146905830.5499647,L_trace,31249980.1,,,10,74550.0,-92.14646904263
1000000000.0,1146905830.5499647,L_trace,31249980.1,,,10,74700.0,-91.7176675299756
1000000000.0,1146905830.5499647,L_trace,31249980.1,,,10,74850.0,-92.27999470324305
1000000000.0,1146905830.5499647,L_trace,31249980.1,,,10,75000.0,-92.06217062961582
1000000000.0,1146905830.5499647,L_trace,31249980.1,,,10,75150.0,-92.68955499376125
1000000000.0,1146905830.5499647,L_trace,31249980.1,,,10,75300.0,-93.80770058953865
1000000000.0,1146905830.5499647,L_trace,31249980.1,,,10,75450.0,-95.6538601005221
1000000000.0,1146905830.5499647,L_trace,31249980.1,,,10,75600.0,-94.50010218623267
1000000000.0,1146905830.5499647,L_trace,31249980.1,,,10,75750.0,-93.05733329885207
1000000000.0,1146905830.5499647,L_trace,31249980.1,,,10,75900.0,-92.3011632105834
1000000000.0,1146905830.5499647,L_trace,31249980.1,,,10,76050.0,-94.58458993079975
1000000000.0,1146905830.5499647,L_trace,31249980.1,,,10,76200.0,-95.23306550780494
1000000000.0,1146905830.5499647,L_trace,31249980.1,,,10,76350.0,-95.13616253554578
1000000000.0,1146905830.5499647,L_trace,31249980.1,,,10,76500.0,-94.52361338785002
1000000000.0,1146905830.5499647,L_trace,31249980.1,,,10,76650.0,-95.20939576429927
1000000000.0,1146905830.5499647,L_trace,31249980.1,,,10,76800.0,-93.4847760721802
1000000000.0,1146905830.5499647,L_trace,31249980.1,,,10,76950.0,-92.03197831613981
1000000000.0,1146905830.5499647,L_trace,31249980.1,,,10,77100.0,-91.9429026331146
1000000000.0,1146905830.5499647,L_trace,31249980.1,,,10,77250.0,-92.35633820588103
1000000000.0,1146905830.5499647,L_trace,31249980.1,,,10,77400.0,-92.60268555687672
1000000000.0,1146905830.5499647,L_trace,31249980.1,,,10,77550.0,-91.87801983224699
1000000000.0,1146905830.5499647,L_trace,31249980.1,,,10,77700.0,-91.39180286406288
1000000000.0,1146905830.5499647,L_trace,31249980.1,,,10,77850.0,-92.69187160081849
1000000000.0,1146905830.5499647,L_trace,31249980.1,,,10,78000.0,-92.62215145821443
1000000000.0,1146905830.5499647,L_trace,31249980.1,,,10,78150.0,-93.95493754144637
1000000000.0,1146905830.5499647,L_trace,31249980.1,,,10,78300.0,-94.52487612278676
1000000000.0,1146905830.5499647,L_trace,31249980.1,,,10,78450.0,-94.17385240181763
1000000000.0,1146905830.5499647,L_trace,31249980.1,,,10,78600.0,-93.00119199605882
1000000000.0,1146905830.5499647,L_trace,31249980.1,,,10,78750.0,-93.44502490965652
1000000000.0,1146905830.5499647,L_trace,31249980.1,,,10,78900.0,-93.50315876653544
1000000000.0,1146905830.5499647,L_trace,31249980.1,,,10,79050.0,-93.8906025791878
1000000000.0,1146905830.5499647,L_trace,31249980.1,,,10,79200.0,-93.88316136488761
1000000000.0,1146905830.5499647,L_trace,31249980.1,,,10,79350.0,-93.31763426008868
1000000000.0,1146905830.5499647,L_trace,31249980.1,,,10,79500.0,-92.10431635861728
1000000000.0,1146905830.5499647,L_trace,31249980.1,,,10,79650.0,-93.0507568486317
1000000000.0,1146905830.5499647,L_trace,31249980.1,,,10,79800.0,-95.26089053842563
1000000000.0,1146905830.5499647,L_trace,31249980.1,,,10,79950.0,-95.09445142848648
1000000000.0,1146905830.5499647,L_trace,31249980.1,,,10,80100.0,-93.6719585331196
1000000000.0,1146905830.5499647,L_trace,31249980.1,,,10,80250.0,-92.83463930968371
1000000000.0,1146905830.5499647,L_trace,31249980.1,,,10,80400.0,-93.29476757146155
1000000000.0,1146905830.5499647,L_trace,31249980.1,,,10,80550.0,-93.40123740367936
1000000000.0,1146905830.5499647,L_trace,31249980.1,,,10,80700.0,-92.68688551615192
1000000000.0,1146905830.5499647,L_trace,31249980.1,,,10,80850.0,-92.76996271442293
1000000000.0,1146905830.5499647,L_trace,31249980.1,,,10,81000.0,-91.30218269137721
1000000000.0,1146905830.5499647,L_trace,31249980.1,,,10,81150.0,-92.21174062710972
1000000000.0,1146905830.5499647,L_trace,31249980.1,,,10,81300.0,-93.03193948659626
1000000000.0,1146905830.5499647,L_trace,31249980.1,,,10,81450.0,-92.84422883191586
1000000000.0,1146905830.5499647,L_trace,31249980.1,,,10,81600.0,-93.32788974432728
1000000000.0,1146905830.5499647,L_trace,31249980.1,,,10,81750.0,-95.80352616571994
1000000000.0,1146905830.5499647,L_trace,31249980.1,,,10,81900.0,-96.77371077623835
1000000000.0,1146905830.5499647,L_trace,31249980.1,,,10,82050.0,-96.37199389410463
1000000000.0,1146905830.5499647,L_trace,31249980.1,,,10,82200.0,-94.74382883527278
1000000000.0,1146905830.5499647,L_trace,31249980.1,,,10,82350.0,-92.19266877895669
1000000000.0,1146905830.5499647,L_trace,31249980.1,,,10,82500.0,-91.26758459029098
1000000000.0,1146905830.5499647,L_trace,31249980.1,,,10,82650.0,-87.08388188106747
1000000000.0,1146905830.5499647,L_trace,31249980.1,,,10,82800.0,-83.07925013621627
1000000000.0,1146905830.5499647,L_trace,31249980.1,,,10,82950.0,-82.1855904752914
1000000000.0,1146905830.5499647,L_trace,31249980.1,,,10,83100.0,-85.85229447228262
1000000000.0,1146905830.5499647,L_trace,31249980.1,,,10,83250.0,-92.09508498447154
1000000000.0,1146905830.5499647,L_trace,31249980.1,,,10,83400.0,-93.36838911340547
1000000000.0,1146905830.5499647,L_trace,31249980.1,,,10,83550.0,-93.33324761009582
1000000000.0,1146905830.5499647,L_trace,31249980.1,,,10,83700.0,-93.09435157957422
1000000000.0,1146905830.5499647,L_trace,31249980.1,,,10,83850.0,-91.2871187233713
1000000000.0,1146905830.5499647,L_trace,31249980.1,,,10,84000.0,-91.29466418961768
1000000000.0,1146905830.5499647,L_trace,31249980.1,,,10,84150.0,-92.19749009109528
1000000000.0,1146905830.5499647,L_trace,31249980.1,,,10,84300.0,-91.68367269687535
1000000000.0,1146905830.5499647,L_trace,31249980.1,,,10,84450.0,-90.55859588041118
1000000000.0,1146905830.5499647,L_trace,31249980.1,,,10,84600.0,-90.74303207526454
1000000000.0,1146905830.5499647,L_trace,31249980.1,,,10,84750.0,-92.49586003630311
1000000000.0,1146905830.5499647,L_trace,31249980.1,,,10,84900.0,-95.23812212858542
1000000000.0,1146905830.5499647,L_trace,31249980.1,,,10,85050.0,-93.50429856326643
1000000000.0,1146905830.5499647,L_trace,31249980.1,,,10,85200.0,-92.38633332236192
1000000000.0,1146905830.5499647,L_trace,31249980.1,,,10,85350.0,-94.4586403309933
1000000000.0,1146905830.5499647,L_trace,31249980.1,,,10,85500.0,-92.65984829149671
1000000000.0,1146905830.5499647,L_trace,31249980.1,,,10,85650.0,-93.66818614682876
1000000000.0,1146905830.5499647,L_trace,31249980.1,,,10,85800.0,-95.53229377777008
1000000000.0,1146905830.5499647,L_trace,31249980.1,,,10,85950.0,-92.20378257656328
1000000000.0,1146905830.5499647,L_trace,31249980.1,,,10,86100.0,-91.37131403419133
1000000000.0,1146905830.5499647,L_trace,31249980.1,,,10,86250.0,-90.91627043570139
1000000000.0,1146905830.5499647,L_trace,31249980.1,,,10,86400.0,-90.92978610106117
1000000000.0,1146905830.5499647,L_trace,31249980.1,,,10,86550.0,-93.07331590202303
1000000000.0,1146905830.5499647,L_trace,31249980.1,,,10,86700.0,-93.99156077733464
1000000000.0,1146905830.5499647,L_trace,31249980.1,,,10,86850.0,-93.85914242336902
1000000000.0,1146905830.5499647,L_trace,31249980.1,,,10,87000.0,-94.33090208738015
1000000000.0,1146905830.5499647,L_trace,31249980.1,,,10,87150.0,-93.87472963082705
1000000000.0,1146905830.5499647,L_trace,31249980.1,,,10,87300.0,-95.42252727422358
1000000000.0,1146905830.5499647,L_trace,31249980.1,,,10,87450.0,-95.18200242804888
1000000000.0,1146905830.5499647,L_trace,31249980.1,,,10,87600.0,-93.90825128140709
1000000000.0,1146905830.5499647,L_trace,31249980.1,,,10,87750.0,-92.58202052609131
1000000000.0,1146905830.5499647,L_trace,31249980.1,,,10,87900.0,-93.007890396993
1000000000.0,1146905830.5499647,L_trace,31249980.1,,,10,88050.0,-91.84802033141433
1000000000.0,1146905830.5499647,L_trace,31249980.1,,,10,88200.0,-91.34840319896406
1000000000.0,1146905830.5499647,L_trace,31249980.1,,,10,88350.0,-90.6934558835378
1000000000.0,1146905830.5499647,L_trace,31249980.1,,,10,88500.0,-92.26153771938986
1000000000.0,1146905830.5499647,L_trace,31249980.1,,,10,88650.0,-93.07148049114879
1000000000.0,1146905830.5499647,L_trace,31249980.1,,,10,88800.0,-93.68953372398441
1000000000.0,1146905830.5499647,L_trace,31249980.1,,,10,88950.0,-92.998474246462
1000000000.0,1146905830.5499647,L_trace,31249980.1,,,10,89100.0,-93.28331986374857
1000000000.0,1146905830.5499647,L_trace,31249980.1,,,10,89250.0,-91.35287306514813
1000000000.0,1146905830.5499647,L_trace,31249980.1,,,10,89400.0,-89.11211412538528
1000000000.0,1146905830.5499647,L_trace,31249980.1,,,10,89550.0,-89.58859090345685
1000000000.0,1146905830.5499647,L_trace,31249980.1,,,10,89700.0,-91.18269438145417
1000000000.0,1146905830.5499647,L_trace,31249980.1,,,10,89850.0,-90.66242717228089
1000000000.0,1146905830.5499647,L_trace,31249980.1,,,10,90000.0,-91.72634322056814
1000000000.0,1146905830.5499647,L_trace,31249980.1,,,10,90150.0,-92.50233673521453
1000000000.0,1146905830.5499647,L_trace,31249980.1,,,10,90300.0,-93.6846429727094
1000000000.0,1146905830.5499647,L_trace,31249980.1,,,10,90450.0,-93.795108832781
1000000000.0,1146905830.5499647,L_trace,31249980.1,,,10,90600.0,-91.35341332168271
1000000000.0,1146905830.5499647,L_trace,31249980.1,,,10,90750.0,-89.70918348615986
1000000000.0,1146905830.5499647,L_trace,31249980.1,,,10,90900.0,-90.42057010241935
1000000000.0,1146905830.5499647,L_trace,31249980.1,,,10,91050.0,-91.24232882971775
1000000000.0,1146905830.5499647,L_trace,31249980.1,,,10,91200.0,-92.48559132422524
1000000000.0,1146905830.5499647,L_trace,31249980.1,,,10,91350.0,-92.16605986289869
1000000000.0,1146905830.5499647,L_trace,31249980.1,,,10,91500.0,-90.34701443293976
1000000000.0,1146905830.5499647,L_trace,31249980.1,,,10,91650.0,-90.87763441485849
1000000000.0,1146905830.5499647,L_trace,31249980.1,,,10,91800.0,-91.99730595165103
1000000000.0,1146905830.5499647,L_trace,31249980.1,,,10,91950.0,-90.83248187957997
1000000000.0,1146905830.5499647,L_trace,31249980.1,,,10,92100.0,-89.66885495163307
1000000000.0,1146905830.5499647,L_trace,31249980.1,,,10,92250.0,-89.8862803973939
1000000000.0,1146905830.5499647,L_trace,31249980.1,,,10,92400.0,-89.39573547340542
1000000000.0,1146905830.5499647,L_trace,31249980.1,,,10,92550.0,-90.44859640521479
1000000000.0,1146905830.5499647,L_trace,31249980.1,,,10,92700.0,-90.76624520609458
1000000000.0,1146905830.5499647,L_trace,31249980.1,,,10,92850.0,-90.80694536795741
1000000000.0,1146905830.5499647,L_trace,31249980.1,,,10,93000.0,-91.54520783748957
1000000000.0,1146905830.5499647,L_trace,31249980.1,,,10,93150.0,-89.11035926785614
1000000000.0,1146905830.5499647,L_trace,31249980.1,,,10,93300.0,-85.74923071570377
1000000000.0,1146905830.5499647,L_trace,31249980.1,,,10,93450.0,-83.47652792209736
1000000000.0,1146905830.5499647,L_trace,31249980.1,,,10,93600.0,-85.15716408798363
1000000000.0,1146905830.5499647,L_trace,31249980.1,,,10,93750.0,-89.22440035224933
1000000000.0,1146905830.5499647,L_trace,31249980.1,,,10,93900.0,-89.0165748337384
1000000000.0,1146905830.5499647,L_trace,31249980.1,,,10,94050.0,-91.38295207865359
1000000000.0,1146905830.5499647,L_trace,31249980.1,,,10,94200.0,-94.26836609037926
1000000000.0,1146905830.5499647,L_trace,31249980.1,,,10,94350.0,-92.07220739353947
1000000000.0,1146905830.5499647,L_trace,31249980.1,,,10,94500.0,-90.98998014525176
1000000000.0,1146905830.5499647,L_trace,31249980.1,,,10,94650.0,-89.8473095087678
1000000000.0,1146905830.5499647,L_trace,31249980.1,,,10,94800.0,-90.53166313342203
1000000000.0,1146905830.5499647,L_trace,31249980.1,,,10,94950.0,-92.35829992526786
1000000000.0,1146905830.5499647,L_trace,31249980.1,,,10,95100.0,-93.3025973648625
1000000000.0,1146905830.5499647,L_trace,31249980.1,,,10,95250.0,-92.47067795701949
1000000000.0,1146905830.5499647,L_trace,31249980.1,,,10,95400.0,-93.05070212336383
1000000000.0,1146905830.5499647,L_trace,31249980.1,,,10,95550.0,-93.34628424560773
1000000000.0,1146905830.5499647,L_trace,31249980.1,,,10,95700.0,-93.70316861502305
1000000000.0,1146905830.5499647,L_trace,31249980.1,,,10,95850.0,-93.41017659400461
1000000000.0,1146905830.5499647,L_trace,31249980.1,,,10,96000.0,-91.52089269224072
1000000000.0,1146905830.5499647,L_trace,31249980.1,,,10,96150.0,-90.9732711558744
1000000000.0,1146905830.5499647,L_trace,31249980.1,,,10,96300.0,-92.02587942677887
1000000000.0,1146905830.5499647,L_trace,31249980.1,,,10,96450.0,-92.95141463283736
1000000000.0,1146905830.5499647,L_trace,31249980.1,,,10,96600.0,-93.18861235258176
1000000000.0,1146905830.5499647,L_trace,31249980.1,,,10,96750.0,-93.39489164094672
1000000000.0,1146905830.5499647,L_trace,31249980.1,,,10,96900.0,-93.8689854675507
1000000000.0,1146905830.5499647,L_trace,31249980.1,,,10,97050.0,-92.89674691804514
1000000000.0,1146905830.5499647,L_trace,31249980.1,,,10,97200.0,-93.37529056616246
1000000000.0,1146905830.5499647,L_trace,31249980.1,,,10,97350.0,-91.90003225406674
1000000000.0,1146905830.5499647,L_trace,31249980.1,,,10,97500.0,-92.37213195088583
1000000000.0,1146905830.5499647,L_trace,31249980.1,,,10,97650.0,-93.16230448253377
1000000000.0,1146905830.5499647,L_trace,31249980.1,,,10,97800.0,-89.59523507148857
1000000000.0,1146905830.5499647,L_trace,31249980.1,,,10,97950.0,-88.47903745595468
1000000000.0,1146905830.5499647,L_trace,31249980.1,,,10,98100.0,-91.37180788707892
1000000000.0,1146905830.5499647,L_trace,31249980.1,,,10,98250.0,-93.32855255791576
1000000000.0,1146905830.5499647,L_trace,31249980.1,,,10,98400.0,-93.7550843085802
1000000000.0,1146905830.5499647,L_trace,31249980.1,,,10,98550.0,-95.34216050091676
1000000000.0,1146905830.5499647,L_trace,31249980.1,,,10,98700.0,-94.276129853021
1000000000.0,1146905830.5499647,L_trace,31249980.1,,,10,98850.0,-93.23678672770366
1000000000.0,1146905830.5499647,L_trace,31249980.1,,,10,99000.0,-93.38888292665614
1000000000.0,1146905830.5499647,L_trace,31249980.1,,,10,99150.0,-94.13294849095487
1000000000.0,1146905830.5499647,L_trace,31249980.1,,,10,99300.0,-93.7814579251857
1000000000.0,1146905830.5499647,L_trace,31249980.1,,,10,99450.0,-94.14084243535734
1000000000.0,1146905830.5499647,L_trace,31249980.1,,,10,99600.0,-95.06249149854212
1000000000.0,1146905830.5499647,L_trace,31249980.1,,,10,99750.0,-93.42893638096479
1000000000.0,1146905830.5499647,L_trace,31249980.1,,,10,99900.0,-92.58852431432064
1000000000.0,1146905830.5499647,L_trace,31249980.1,,,10,100500.0,-94.24721805293255
1000000000.0,1146905830.5499647,L_trace,31249980.1,,,10,102000.0,-95.74691780623586
1000000000.0,1146905830.5499647,L_trace,31249980.1,,,10,103500.0,-93.72522633783623
1000000000.0,1146905830.5499647,L_trace,31249980.1,,,10,105000.0,-93.08547688552916
1000000000.0,1146905830.5499647,L_trace,31249980.1,,,10,106500.0,-91.8168482774167
1000000000.0,1146905830.5499647,L_trace,31249980.1,,,10,108000.0,-92.16079213258186
1000000000.0,1146905830.5499647,L_trace,31249980.1,,,10,109500.0,-92.17060518622564
1000000000.0,1146905830.5499647,L_trace,31249980.1,,,10,111000.0,-94.07966259965711
1000000000.0,1146905830.5499647,L_trace,31249980.1,,,10,112500.0,-95.39121181292789
1000000000.0,1146905830.5499647,L_trace,31249980.1,,,10,114000.0,-96.19000665385956
1000000000.0,1146905830.5499647,L_trace,31249980.1,,,10,115500.0,-93.1566811833316
1000000000.0,1146905830.5499647,L_trace,31249980.1,,,10,117000.0,-93.14111219689893
1000000000.0,1146905830.5499647,L_trace,31249980.1,,,10,118500.0,-94.41776573570009
1000000000.0,1146905830.5499647,L_trace,31249980.1,,,10,120000.0,-94.7365538633615
1000000000.0,1146905830.5499647,L_trace,31249980.1,,,10,121500.0,-94.72261737318408
1000000000.0,1146905830.5499647,L_trace,31249980.1,,,10,123000.0,-93.80601551589668
1000000000.0,1146905830.5499647,L_trace,31249980.1,,,10,124500.0,-93.14700748735082
1000000000.0,1146905830.5499647,L_trace,31249980.1,,,10,126000.0,-92.99971746371521
1000000000.0,1146905830.5499647,L_trace,31249980.1,,,10,127500.0,-93.2004840680534
1000000000.0,1146905830.5499647,L_trace,31249980.1,,,10,129000.0,-91.59792113832292
1000000000.0,1146905830.5499647,L_trace,31249980.1,,,10,130500.0,-93.22587943158332
1000000000.0,1146905830.5499647,L_trace,31249980.1,,,10,132000.0,-92.23946735026064
1000000000.0,1146905830.5499647,L_trace,31249980.1,,,10,133500.0,-91.55869661325548
1000000000.0,1146905830.5499647,L_trace,31249980.1,,,10,135000.0,-92.52981826829861
1000000000.0,1146905830.5499647,L_trace,31249980.1,,,10,136500.0,-92.59649378758816
1000000000.0,1146905830.5499647,L_trace,31249980.1,,,10,138000.0,-92.14880796262119
1000000000.0,1146905830.5499647,L_trace,31249980.1,,,10,139500.0,-94.07871331278155
1000000000.0,1146905830.5499647,L_trace,31249980.1,,,10,141000.0,-94.96874944755717
1000000000.0,1146905830.5499647,L_trace,31249980.1,,,10,142500.0,-92.82297419700103
1000000000.0,1146905830.5499647,L_trace,31249980.1,,,10,144000.0,-93.62677132213786
1000000000.0,1146905830.5499647,L_trace,31249980.1,,,10,145500.0,-93.84139328048336
1000000000.0,1146905830.5499647,L_trace,31249980.1,,,10,147000.0,-94.6770337861462
1000000000.0,1146905830.5499647,L_trace,31249980.1,,,10,148500.0,-94.82358445228827
1000000000.0,1146905830.5499647,L_trace,31249980.1,,,10,150000.0,-93.09706971664588
1000000000.0,1146905830.5499647,L_trace,31249980.1,,,10,151500.0,-93.81603951235344
1000000000.0,1146905830.5499647,L_trace,31249980.1,,,10,153000.0,-93.56677297714239
1000000000.0,1146905830.5499647,L_trace,31249980.1,,,10,154500.0,-94.2214155454608
1000000000.0,1146905830.5499647,L_trace,31249980.1,,,10,156000.0,-93.32654466328701
1000000000.0,1146905830.5499647,L_trace,31249980.1,,,10,157500.0,-92.56993567836123
1000000000.0,1146905830.5499647,L_trace,31249980.1,,,10,159000.0,-94.04500053390188
1000000000.0,1146905830.5499647,L_trace,31249980.1,,,10,160500.0,-96.03473653823107
1000000000.0,1146905830.5499647,L_trace,31249980.1,,,10,162000.0,-94.62310512108724
1000000000.0,1146905830.5499647,L_trace,31249980.1,,,10,163500.0,-93.3788934677515
1000000000.0,1146905830.5499647,L_trace,31249980.1,,,10,165000.0,-92.19870023466738
1000000000.0,1146905830.5499647,L_trace,31249980.1,,,10,166500.0,-91.02630129112764
1000000000.0,1146905830.5499647,L_trace,31249980.1,,,10,168000.0,-90.89624683980603
1000000000.0,1146905830.5499647,L_trace,31249980.1,,,10,169500.0,-89.97478544484527
1000000000.0,1146905830.5499647,L_trace,31249980.1,,,10,171000.0,-92.06230102177268
1000000000.0,1146905830.5499647,L_trace,31249980.1,,,10,172500.0,-95.34592106349848
1000000000.0,1146905830.5499647,L_trace,31249980.1,,,10,174000.0,-92.63112516371073
1000000000.0,1146905830.5499647,L_trace,31249980.1,,,10,175500.0,-92.47288644791438
1000000000.0,1146905830.5499647,L_trace,31249980.1,,,10,177000.0,-87.76376377818106
1000000000.0,1146905830.5499647,L_trace,31249980.1,,,10,178500.0,-84.83816093648099
1000000000.0,1146905830.5499647,L_trace,31249980.1,,,10,180000.0,-85.58062097123795
1000000000.0,1146905830.5499647,L_trace,31249980.1,,,10,181500.0,-89.66300219289833
1000000000.0,1146905830.5499647,L_trace,31249980.1,,,10,183000.0,-92.55458642306476
1000000000.0,1146905830.5499647,L_trace,31249980.1,,,10,184500.0,-92.49837228336642
1000000000.0,1146905830.5499647,L_trace,31249980.1,,,10,186000.0,-93.24261976897893
1000000000.0,1146905830.5499647,L_trace,31249980.1,,,10,187500.0,-92.1662586170994
1000000000.0,1146905830.5499647,L_trace,31249980.1,,,10,189000.0,-93.91553281739753
1000000000.0,1146905830.5499647,L_trace,31249980.1,,,10,190500.0,-95.33994090211598
1000000000.0,1146905830.5499647,L_trace,31249980.1,,,10,192000.0,-95.13015670170148
1000000000.0,1146905830.5499647,L_trace,31249980.1,,,10,193500.0,-94.21466048167257
1000000000.0,1146905830.5499647,L_trace,31249980.1,,,10,195000.0,-93.3035794112295
1000000000.0,1146905830.5499647,L_trace,31249980.1,,,10,196500.0,-93.9632223176089
1000000000.0,1146905830.5499647,L_trace,31249980.1,,,10,198000.0,-95.7354022853724
1000000000.0,1146905830.5499647,L_trace,31249980.1,,,10,199500.0,-94.6111573138017
1000000000.0,1146905830.5499647,L_trace,31249980.1,,,10,201000.0,-91.68654561172038
1000000000.0,1146905830.5499647,L_trace,31249980.1,,,10,202500.0,-91.24082424443934
1000000000.0,1146905830.5499647,L_trace,31249980.1,,,10,204000.0,-91.4744288157042
1000000000.0,1146905830.5499647,L_trace,31249980.1,,,10,205500.0,-92.55883967382523
1000000000.0,1146905830.5499647,L_trace,31249980.1,,,10,207000.0,-94.14049293171095
1000000000.0,1146905830.5499647,L_trace,31249980.1,,,10,208500.0,-94.55237091384524
1000000000.0,1146905830.5499647,L_trace,31249980.1,,,10,210000.0,-93.77770704169674
1000000000.0,1146905830.5499647,L_trace,31249980.1,,,10,211500.0,-93.03753914502603
1000000000.0,1146905830.5499647,L_trace,31249980.1,,,10,213000.0,-94.12528393896748
1000000000.0,1146905830.5499647,L_trace,31249980.1,,,10,214500.0,-95.56346335178345
1000000000.0,1146905830.5499647,L_trace,31249980.1,,,10,216000.0,-93.385403052475
1000000000.0,1146905830.5499647,L_trace,31249980.1,,,10,217500.0,-93.19279604562978
1000000000.0,1146905830.5499647,L_trace,31249980.1,,,10,219000.0,-92.0861849690993
1000000000.0,1146905830.5499647,L_trace,31249980.1,,,10,220500.0,-92.41767902516828
1000000000.0,1146905830.5499647,L_trace,31249980.1,,,10,222000.0,-94.51994123078221
1000000000.0,1146905830.5499647,L_trace,31249980.1,,,10,223500.0,-93.84027852981022
1000000000.0,1146905830.5499647,L_trace,31249980.1,,,10,225000.0,-90.92102692989329
1000000000.0,1146905830.5499647,L_trace,31249980.1,,,10,226500.0,-93.10981510968028
1000000000.0,1146905830.5499647,L_trace,31249980.1,,,10,228000.0,-92.60110851858126
1000000000.0,1146905830.5499647,L_trace,31249980.1,,,10,229500.0,-91.97524631316196
1000000000.0,1146905830.5499647,L_trace,31249980.1,,,10,231000.0,-91.50205525490061
1000000000.0,1146905830.5499647,L_trace,31249980.1,,,10,232500.0,-91.78384987807459
1000000000.0,1146905830.5499647,L_trace,31249980.1,,,10,234000.0,-93.16233638769529
1000000000.0,1146905830.5499647,L_trace,31249980.1,,,10,235500.0,-92.93662147951865
1000000000.0,1146905830.5499647,L_trace,31249980.1,,,10,237000.0,-91.32140255529002
1000000000.0,1146905830.5499647,L_trace,31249980.1,,,10,238500.0,-91.87430174698528
1000000000.0,1146905830.5499647,L_trace,31249980.1,,,10,240000.0,-91.80893072875615
1000000000.0,1146905830.5499647,L_trace,31249980.1,,,10,241500.0,-92.69590552494861
1000000000.0,1146905830.5499647,L_trace,31249980.1,,,10,243000.0,-93.7260651716709
1000000000.0,1146905830.5499647,L_trace,31249980.1,,,10,244500.0,-93.67309152738278
1000000000.0,1146905830.5499647,L_trace,31249980.1,,,10,246000.0,-92.43848367661575
1000000000.0,1146905830.5499647,L_trace,31249980.1,,,10,247500.0,-92.36876061604987
1000000000.0,1146905830.5499647,L_trace,31249980.1,,,10,249000.0,-91.91048835499986
1000000000.0,1146905830.5499647,L_trace,31249980.1,,,10,250500.0,-91.52567885492044
1000000000.0,1146905830.5499647,L_trace,31249980.1,,,10,252000.0,-91.21223937209376
1000000000.0,1146905830.5499647,L_trace,31249980.1,,,10,253500.0,-91.1509717282796
1000000000.0,1146905830.5499647,L_trace,31249980.1,,,10,255000.0,-90.26516165523829
1000000000.0,1146905830.5499647,L_trace,31249980.1,,,10,256500.0,-89.78028240822887
1000000000.0,1146905830.5499647,L_trace,31249980.1,,,10,258000.0,-90.88018569921879
1000000000.0,1146905830.5499647,L_trace,31249980.1,,,10,259500.0,-92.31785605495182
1000000000.0,1146905830.5499647,L_trace,31249980.1,,,10,261000.0,-91.78469236932277
1000000000.0,1146905830.5499647,L_trace,31249980.1,,,10,262500.0,-90.59129850133557
1000000000.0,1146905830.5499647,L_trace,31249980.1,,,10,264000.0,-92.69680313395666
1000000000.0,1146905830.5499647,L_trace,31249980.1,,,10,265500.0,-92.89704386598522
1000000000.0,1146905830.5499647,L_trace,31249980.1,,,10,267000.0,-91.5940939671063
1000000000.0,1146905830.5499647,L_trace,31249980.1,,,10,268500.0,-90.93432301153817
1000000000.0,1146905830.5499647,L_trace,31249980.1,,,10,270000.0,-91.41325102941664
1000000000.0,1146905830.5499647,L_trace,31249980.1,,,10,271500.0,-93.55130413874785
1000000000.0,1146905830.5499647,L_trace,31249980.1,,,10,273000.0,-90.92604269573
1000000000.0,1146905830.5499647,L_trace,31249980.1,,,10,274500.0,-86.64531028286781
1000000000.0,1146905830.5499647,L_trace,31249980.1,,,10,276000.0,-86.33628801797988
1000000000.0,1146905830.5499647,L_trace,31249980.1,,,10,277500.0,-89.24313477114087
1000000000.0,1146905830.5499647,L_trace,31249980.1,,,10,279000.0,-89.57228200375437
1000000000.0,1146905830.5499647,L_trace,31249980.1,,,10,280500.0,-89.12268406708158
1000000000.0,1146905830.5499647,L_trace,31249980.1,,,10,282000.0,-89.50863106698198
1000000000.0,1146905830.5499647,L_trace,31249980.1,,,10,283500.0,-92.23606532896474
1000000000.0,1146905830.5499647,L_trace,31249980.1,,,10,285000.0,-92.75517768084764
1000000000.0,1146905830.5499647,L_trace,31249980.1,,,10,286500.0,-92.12269534234451
1000000000.0,1146905830.5499647,L_trace,31249980.1,,,10,288000.0,-93.36031274480285
1000000000.0,1146905830.5499647,L_trace,31249980.1,,,10,289500.0,-92.75729248711711
1000000000.0,1146905830.5499647,L_trace,31249980.1,,,10,291000.0,-91.20957848221141
1000000000.0,1146905830.5499647,L_trace,31249980.1,,,10,292500.0,-90.89685595877742
1000000000.0,1146905830.5499647,L_trace,31249980.1,,,10,294000.0,-91.36312447025816
1000000000.0,1146905830.5499647,L_trace,31249980.1,,,10,295500.0,-89.34012959137017
1000000000.0,1146905830.5499647,L_trace,31249980.1,,,10,297000.0,-90.11271299381046
1000000000.0,1146905830.5499647,L_trace,31249980.1,,,10,298500.0,-91.25978587266242
1000000000.0,1146905830.5499647,L_trace,31249980.1,,,10,300000.0,-92.31438827858524
1000000000.0,1146905830.5499647,L_trace,31249980.1,,,10,301500.0,-92.8728403132128
1000000000.0,1146905830.5499647,L_trace,31249980.1,,,10,303000.0,-93.46157831996474
1000000000.0,1146905830.5499647,L_trace,31249980.1,,,10,304500.0,-93.53672547984628
1000000000.0,1146905830.5499647,L_trace,31249980.1,,,10,306000.0,-90.33213853887413
1000000000.0,1146905830.5499647,L_trace,31249980.1,,,10,307500.0,-89.77129128087734
1000000000.0,1146905830.5499647,L_trace,31249980.1,,,10,309000.0,-88.48318745989782
1000000000.0,1146905830.5499647,L_trace,31249980.1,,,10,310500.0,-89.375746788198
1000000000.0,1146905830.5499647,L_trace,31249980.1,,,10,312000.0,-88.91685973199755
1000000000.0,1146905830.5499647,L_trace,31249980.1,,,10,313500.0,-87.9476637389519
1000000000.0,1146905830.5499647,L_trace,31249980.1,,,10,315000.0,-90.60170135606676
1000000000.0,1146905830.5499647,L_trace,31249980.1,,,10,316500.0,-91.59958243498467
1000000000.0,1146905830.5499647,L_trace,31249980.1,,,10,318000.0,-90.54931229287968
1000000000.0,1146905830.5499647,L_trace,31249980.1,,,10,319500.0,-89.44417960653156
1000000000.0,1146905830.5499647,L_trace,31249980.1,,,10,321000.0,-90.92370460286803
1000000000.0,1146905830.5499647,L_trace,31249980.1,,,10,322500.0,-91.31514882692296
1000000000.0,1146905830.5499647,L_trace,31249980.1,,,10,324000.0,-90.81215631814091
1000000000.0,1146905830.5499647,L_trace,31249980.1,,,10,325500.0,-89.67833373269175
1000000000.0,1146905830.5499647,L_trace,31249980.1,,,10,327000.0,-90.18208923988355
1000000000.0,1146905830.5499647,L_trace,31249980.1,,,10,328500.0,-91.47229445080826
1000000000.0,1146905830.5499647,L_trace,31249980.1,,,10,330000.0,-89.40735430901218
1000000000.0,1146905830.5499647,L_trace,31249980.1,,,10,331500.0,-88.52976296029395
1000000000.0,1146905830.5499647,L_trace,31249980.1,,,10,333000.0,-87.8557408632795
1000000000.0,1146905830.5499647,L_trace,31249980.1,,,10,334500.0,-86.66639774584696
1000000000.0,1146905830.5499647,L_trace,31249980.1,,,10,336000.0,-87.09880300330626
1000000000.0,1146905830.5499647,L_trace,31249980.1,,,10,337500.0,-87.11393378704976
1000000000.0,1146905830.5499647,L_trace,31249980.1,,,10,339000.0,-88.4603276818764
1000000000.0,1146905830.5499647,L_trace,31249980.1,,,10,340500.0,-88.84468687918867
1000000000.0,1146905830.5499647,L_trace,31249980.1,,,10,342000.0,-89.39072184278716
1000000000.0,1146905830.5499647,L_trace,31249980.1,,,10,343500.0,-89.26440905609867
1000000000.0,1146905830.5499647,L_trace,31249980.1,,,10,345000.0,-89.9000716478641
1000000000.0,1146905830.5499647,L_trace,31249980.1,,,10,346500.0,-90.99854156190092
1000000000.0,1146905830.5499647,L_trace,31249980.1,,,10,348000.0,-89.7372611666842
1000000000.0,1146905830.5499647,L_trace,31249980.1,,,10,349500.0,-87.28629578321264
1000000000.0,1146905830.5499647,L_trace,31249980.1,,,10,351000.0,-79.06779784470098
1000000000.0,1146905830.5499647,L_trace,31249980.1,,,10,352500.0,-75.46442196231354
1000000000.0,1146905830.5499647,L_trace,31249980.1,,,10,354000.0,-76.82245361224078
1000000000.0,1146905830.5499647,L_trace,31249980.1,,,10,355500.0,-81.91482692472931
1000000000.0,1146905830.5499647,L_trace,31249980.1,,,10,357000.0,-78.17339081600035
1000000000.0,1146905830.5499647,L_trace,31249980.1,,,10,358500.0,-76.82246724622937
1000000000.0,1146905830.5499647,L_trace,31249980.1,,,10,360000.0,-80.2723846867986
1000000000.0,1146905830.5499647,L_trace,31249980.1,,,10,361500.0,-87.39937406568258
1000000000.0,1146905830.5499647,L_trace,31249980.1,,,10,363000.0,-91.75104057448118
1000000000.0,1146905830.5499647,L_trace,31249980.1,,,10,364500.0,-89.3765670253558
1000000000.0,1146905830.5499647,L_trace,31249980.1,,,10,366000.0,-85.57805256055381
1000000000.0,1146905830.5499647,L_trace,31249980.1,,,10,367500.0,-81.51198741668794
1000000000.0,1146905830.5499647,L_trace,31249980.1,,,10,369000.0,-81.17439595688076
1000000000.0,1146905830.5499647,L_trace,31249980.1,,,10,370500.0,-85.00092704733034
1000000000.0,1146905830.5499647,L_trace,31249980.1,,,10,372000.0,-87.30994278191889
1000000000.0,1146905830.5499647,L_trace,31249980.1,,,10,373500.0,-88.19142322251332
1000000000.0,1146905830.5499647,L_trace,31249980.1,,,10,375000.0,-89.66650382747001
1000000000.0,1146905830.5499647,L_trace,31249980.1,,,10,376500.0,-87.91097733321324
1000000000.0,1146905830.5499647,L_trace,31249980.1,,,10,378000.0,-87.4723543019752
1000000000.0,1146905830.5499647,L_trace,31249980.1,,,10,379500.0,-86.39606406631265
1000000000.0,1146905830.5499647,L_trace,31249980.1,,,10,381000.0,-86.23968743118668
1000000000.0,1146905830.5499647,L_trace,31249980.1,,,10,382500.0,-88.60178862604263
1000000000.0,1146905830.5499647,L_trace,31249980.1,,,10,384000.0,-90.20724782219595
1000000000.0,1146905830.5499647,L_trace,31249980.1,,,10,385500.0,-87.98125248939753
1000000000.0,1146905830.5499647,L_trace,31249980.1,,,10,387000.0,-89.51902151142046
1000000000.0,1146905830.5499647,L_trace,31249980.1,,,10,388500.0,-87.95842838977184
1000000000.0,1146905830.5499647,L_trace,31249980.1,,,10,390000.0,-84.09209131216589
1000000000.0,1146905830.5499647,L_trace,31249980.1,,,10,391500.0,-83.18876899060506
1000000000.0,1146905830.5499647,L_trace,31249980.1,,,10,393000.0,-85.57667925774452
1000000000.0,1146905830.5499647,L_trace,31249980.1,,,10,394500.0,-87.61260212524512
1000000000.0,1146905830.5499647,L_trace,31249980.1,,,10,396000.0,-87.14889615674811
1000000000.0,1146905830.5499647,L_trace,31249980.1,,,10,397500.0,-87.28666820513278
1000000000.0,1146905830.5499647,L_trace,31249980.1,,,10,399000.0,-89.01120752419091
1000000000.0,1146905830.5499647,L_trace,31249980.1,,,10,400500.0,-91.69719691279067
1000000000.0,1146905830.5499647,L_trace,31249980.1,,,10,402000.0,-93.44454656501973
1000000000.0,1146905830.5499647,L_trace,31249980.1,,,10,403500.0,-91.57715341862634
1000000000.0,1146905830.5499647,L_trace,31249980.1,,,10,405000.0,-90.80076771037604
1000000000.0,1146905830.5499647,L_trace,31249980.1,,,10,406500.0,-89.32396649123702
1000000000.0,1146905830.5499647,L_trace,31249980.1,,,10,408000.0,-88.78374531868286
1000000000.0,1146905830.5499647,L_trace,31249980.1,,,10,409500.0,-87.96814055939068
1000000000.0,1146905830.5499647,L_trace,31249980.1,,,10,411000.0,-88.62149889313122
1000000000.0,1146905830.5499647,L_trace,31249980.1,,,10,412500.0,-88.74146383968055
1000000000.0,1146905830.5499647,L_trace,31249980.1,,,10,414000.0,-88.18441741355265
1000000000.0,1146905830.5499647,L_trace,31249980.1,,,10,415500.0,-89.59602492961734
1000000000.0,1146905830.5499647,L_trace,31249980.1,,,10,417000.0,-91.42632452723596
1000000000.0,1146905830.5499647,L_trace,31249980.1,,,10,418500.0,-89.92620375190911
1000000000.0,1146905830.5499647,L_trace,31249980.1,,,10,420000.0,-88.65238413254109
1000000000.0,1146905830.5499647,L_trace,31249980.1,,,10,421500.0,-90.65767341115229
1000000000.0,1146905830.5499647,L_trace,31249980.1,,,10,423000.0,-93.12681316373794
1000000000.0,1146905830.5499647,L_trace,31249980.1,,,10,424500.0,-91.2308960479205
1000000000.0,1146905830.5499647,L_trace,31249980.1,,,10,426000.0,-88.32266983250496
1000000000.0,1146905830.5499647,L_trace,31249980.1,,,10,427500.0,-89.26639970672151
1000000000.0,1146905830.5499647,L_trace,31249980.1,,,10,429000.0,-90.92910627892901
1000000000.0,1146905830.5499647,L_trace,31249980.1,,,10,430500.0,-87.30664725492281
1000000000.0,1146905830.5499647,L_trace,31249980.1,,,10,432000.0,-85.84140511573518
1000000000.0,1146905830.5499647,L_trace,31249980.1,,,10,433500.0,-87.09774828498986
1000000000.0,1146905830.5499647,L_trace,31249980.1,,,10,435000.0,-85.93743880740031
1000000000.0,1146905830.5499647,L_trace,31249980.1,,,10,436500.0,-86.58015238562761
1000000000.0,1146905830.5499647,L_trace,31249980.1,,,10,438000.0,-87.25704393291527
1000000000.0,1146905830.5499647,L_trace,31249980.1,,,10,439500.0,-87.71316663485331
1000000000.0,1146905830.5499647,L_trace,31249980.1,,,10,441000.0,-88.01462746939491
1000000000.0,1146905830.5499647,L_trace,31249980.1,,,10,442500.0,-86.40146451876842
1000000000.0,1146905830.5499647,L_trace,31249980.1,,,10,444000.0,-85.72003303721239
1000000000.0,1146905830.5499647,L_trace,31249980.1,,,10,445500.0,-86.2614801431796
1000000000.0,1146905830.5499647,L_trace,31249980.1,,,10,447000.0,-85.93815395075084
1000000000.0,1146905830.5499647,L_trace,31249980.1,,,10,448500.0,-87.47945237808348
1000000000.0,1146905830.5499647,L_trace,31249980.1,,,10,450000.0,-87.87905785367902
1000000000.0,1146905830.5499647,L_trace,31249980.1,,,10,451500.0,-87.1488714159375
1000000000.0,1146905830.5499647,L_trace,31249980.1,,,10,453000.0,-86.72638213206206
1000000000.0,1146905830.5499647,L_trace,31249980.1,,,10,454500.0,-86.41064111147305
1000000000.0,1146905830.5499647,L_trace,31249980.1,,,10,456000.0,-87.19954749863997
1000000000.0,1146905830.5499647,L_trace,31249980.1,,,10,457500.0,-87.41882746629062
1000000000.0,1146905830.5499647,L_trace,31249980.1,,,10,459000.0,-85.0849923921859
1000000000.0,1146905830.5499647,L_trace,31249980.1,,,10,460500.0,-85.33544665502578
1000000000.0,1146905830.5499647,L_trace,31249980.1,,,10,462000.0,-85.8129999660263
1000000000.0,1146905830.5499647,L_trace,31249980.1,,,10,463500.0,-84.28908172749495
1000000000.0,1146905830.5499647,L_trace,31249980.1,,,10,465000.0,-83.86856514375482
1000000000.0,1146905830.5499647,L_trace,31249980.1,,,10,466500.0,-84.23234278162641
1000000000.0,1146905830.5499647,L_trace,31249980.1,,,10,468000.0,-84.90487508690507
1000000000.0,1146905830.5499647,L_trace,31249980.1,,,10,469500.0,-84.67339970951696
1000000000.0,1146905830.5499647,L_trace,31249980.1,,,10,471000.0,-84.46315182074287
1000000000.0,1146905830.5499647,L_trace,31249980.1,,,10,472500.0,-84.758455479704
1000000000.0,1146905830.5499647,L_trace,31249980.1,,,10,474000.0,-84.5821784516527
1000000000.0,1146905830.5499647,L_trace,31249980.1,,,10,475500.0,-85.60498384091527
1000000000.0,1146905830.5499647,L_trace,31249980.1,,,10,477000.0,-86.40713584532925
1000000000.0,1146905830.5499647,L_trace,31249980.1,,,10,478500.0,-88.32269611942765
1000000000.0,1146905830.5499647,L_trace,31249980.1,,,10,480000.0,-91.63331631651312
1000000000.0,1146905830.5499647,L_trace,31249980.1,,,10,481500.0,-86.90473833149706
1000000000.0,1146905830.5499647,L_trace,31249980.1,,,10,483000.0,-85.57685761492546
1000000000.0,1146905830.5499647,L_trace,31249980.1,,,10,484500.0,-86.06652094538708
1000000000.0,1146905830.5499647,L_trace,31249980.1,,,10,486000.0,-86.42946672401735
1000000000.0,1146905830.5499647,L_trace,31249980.1,,,10,487500.0,-84.48059484707936
1000000000.0,1146905830.5499647,L_trace,31249980.1,,,10,489000.0,-82.5864546408962
1000000000.0,1146905830.5499647,L_trace,31249980.1,,,10,490500.0,-83.22767087440417
1000000000.0,1146905830.5499647,L_trace,31249980.1,,,10,492000.0,-86.55166801570654
1000000000.0,1146905830.5499647,L_trace,31249980.1,,,10,493500.0,-87.26571379940059
1000000000.0,1146905830.5499647,L_trace,31249980.1,,,10,495000.0,-87.60211456611356
1000000000.0,1146905830.5499647,L_trace,31249980.1,,,10,496500.0,-89.34442506990753
1000000000.0,1146905830.5499647,L_trace,31249980.1,,,10,498000.0,-86.36972311510728
1000000000.0,1146905830.5499647,L_trace,31249980.1,,,10,499500.0,-84.86267744508807
1000000000.0,1146905830.5499647,L_trace,31249980.1,,,10,501000.0,-85.01035098376074
1000000000.0,1146905830.5499647,L_trace,31249980.1,,,10,502500.0,-86.75884311698697
1000000000.0,1146905830.5499647,L_trace,31249980.1,,,10,504000.0,-86.12578691889344
1000000000.0,1146905830.5499647,L_trace,31249980.1,,,10,505500.0,-84.44109681249583
1000000000.0,1146905830.5499647,L_trace,31249980.1,,,10,507000.0,-84.68792210022899
1000000000.0,1146905830.5499647,L_trace,31249980.1,,,10,508500.0,-85.86642168972983
1000000000.0,1146905830.5499647,L_trace,31249980.1,,,10,510000.0,-87.4085947993672
1000000000.0,1146905830.5499647,L_trace,31249980.1,,,10,511500.0,-85.77280604162553
1000000000.0,1146905830.5499647,L_trace,31249980.1,,,10,513000.0,-85.05853013683083
1000000000.0,1146905830.5499647,L_trace,31249980.1,,,10,514500.0,-85.60410268066032
1000000000.0,1146905830.5499647,L_trace,31249980.1,,,10,516000.0,-85.09701548680295
1000000000.0,1146905830.5499647,L_trace,31249980.1,,,10,517500.0,-86.56162832412029
1000000000.0,1146905830.5499647,L_trace,31249980.1,,,10,519000.0,-85.93066996752033
1000000000.0,1146905830.5499647,L_trace,31249980.1,,,10,520500.0,-87.32682666396308
1000000000.0,1146905830.5499647,L_trace,31249980.1,,,10,522000.0,-87.07761857970296
1000000000.0,1146905830.5499647,L_trace,31249980.1,,,10,523500.0,-86.17427361892577
1000000000.0,1146905830.5499647,L_trace,31249980.1,,,10,525000.0,-84.51440031720753
1000000000.0,1146905830.5499647,L_trace,31249980.1,,,10,526500.0,-84.31331230551561
1000000000.0,1146905830.5499647,L_trace,31249980.1,,,10,528000.0,-84.91760247821504
1000000000.0,1146905830.5499647,L_trace,31249980.1,,,10,529500.0,-85.19969470376125
1000000000.0,1146905830.5499647,L_trace,31249980.1,,,10,531000.0,-85.52172682960601
1000000000.0,1146905830.5499647,L_trace,31249980.1,,,10,532500.0,-86.47915407672879
1000000000.0,1146905830.5499647,L_trace,31249980.1,,,10,534000.0,-83.75193186705044
1000000000.0,1146905830.5499647,L_trace,31249980.1,,,10,535500.0,-77.58242073463488
1000000000.0,1146905830.5499647,L_trace,31249980.1,,,10,537000.0,-75.00802115748965
1000000000.0,1146905830.5499647,L_trace,31249980.1,,,10,538500.0,-76.45200658558444
1000000000.0,1146905830.5499647,L_trace,31249980.1,,,10,540000.0,-81.00242030649288
1000000000.0,1146905830.5499647,L_trace,31249980.1,,,10,541500.0,-83.49296832495484
1000000000.0,1146905830.5499647,L_trace,31249980.1,,,10,543000.0,-85.93469824619793
1000000000.0,1146905830.5499647,L_trace,31249980.1,,,10,544500.0,-86.61896255636906
1000000000.0,1146905830.5499647,L_trace,31249980.1,,,10,546000.0,-85.02966293679185
1000000000.0,1146905830.5499647,L_trace,31249980.1,,,10,547500.0,-84.07720339215469
1000000000.0,1146905830.5499647,L_trace,31249980.1,,,10,549000.0,-83.32150305014856
1000000000.0,1146905830.5499647,L_trace,31249980.1,,,10,550500.0,-84.75421637359271
1000000000.0,1146905830.5499647,L_trace,31249980.1,,,10,552000.0,-84.7128808288046
1000000000.0,1146905830.5499647,L_trace,31249980.1,,,10,553500.0,-83.89924182672348
1000000000.0,1146905830.5499647,L_trace,31249980.1,,,10,555000.0,-83.91815008205006
1000000000.0,1146905830.5499647,L_trace,31249980.1,,,10,556500.0,-83.32432724968673
1000000000.0,1146905830.5499647,L_trace,31249980.1,,,10,558000.0,-83.74422227119659
1000000000.0,1146905830.5499647,L_trace,31249980.1,,,10,559500.0,-84.25328180970895
1000000000.0,1146905830.5499647,L_trace,31249980.1,,,10,561000.0,-83.2495157372299
1000000000.0,1146905830.5499647,L_trace,31249980.1,,,10,562500.0,-83.33623144100683
1000000000.0,1146905830.5499647,L_trace,31249980.1,,,10,564000.0,-85.02521866359184
1000000000.0,1146905830.5499647,L_trace,31249980.1,,,10,565500.0,-84.48703742684391
1000000000.0,1146905830.5499647,L_trace,31249980.1,,,10,567000.0,-82.84228023973206
1000000000.0,1146905830.5499647,L_trace,31249980.1,,,10,568500.0,-82.50566558573414
1000000000.0,1146905830.5499647,L_trace,31249980.1,,,10,570000.0,-83.62270445317016
1000000000.0,1146905830.5499647,L_trace,31249980.1,,,10,571500.0,-84.12192832131082
1000000000.0,1146905830.5499647,L_trace,31249980.1,,,10,573000.0,-84.01922052863927
1000000000.0,1146905830.5499647,L_trace,31249980.1,,,10,574500.0,-85.35864482040729
1000000000.0,1146905830.5499647,L_trace,31249980.1,,,10,576000.0,-85.38857660361718
1000000000.0,1146905830.5499647,L_trace,31249980.1,,,10,577500.0,-83.28112951588095
1000000000.0,1146905830.5499647,L_trace,31249980.1,,,10,579000.0,-82.31366163691764
1000000000.0,1146905830.5499647,L_trace,31249980.1,,,10,580500.0,-83.43803908575251
1000000000.0,1146905830.5499647,L_trace,31249980.1,,,10,582000.0,-82.80573238566056
1000000000.0,1146905830.5499647,L_trace,31249980.1,,,10,583500.0,-81.61353890603125
1000000000.0,1146905830.5499647,L_trace,31249980.1,,,10,585000.0,-81.0709021423
1000000000.0,1146905830.5499647,L_trace,31249980.1,,,10,586500.0,-82.41177191377736
1000000000.0,1146905830.5499647,L_trace,31249980.1,,,10,588000.0,-84.37342344074595
1000000000.0,1146905830.5499647,L_trace,31249980.1,,,10,589500.0,-84.16124845371415
1000000000.0,1146905830.5499647,L_trace,31249980.1,,,10,591000.0,-83.64163680128082
1000000000.0,1146905830.5499647,L_trace,31249980.1,,,10,592500.0,-84.27251839383713
1000000000.0,1146905830.5499647,L_trace,31249980.1,,,10,594000.0,-85.66233382299849
1000000000.0,1146905830.5499647,L_trace,31249980.1,,,10,595500.0,-84.26104079302914
1000000000.0,1146905830.5499647,L_trace,31249980.1,,,10,597000.0,-81.44905810163114
1000000000.0,1146905830.5499647,L_trace,31249980.1,,,10,598500.0,-80.58705319651612
1000000000.0,1146905830.5499647,L_trace,31249980.1,,,10,600000.0,-81.35737260205438
1000000000.0,1146905830.5499647,L_trace,31249980.1,,,10,601500.0,-81.59539740839246
1000000000.0,1146905830.5499647,L_trace,31249980.1,,,10,603000.0,-81.28748752824717
1000000000.0,1146905830.5499647,L_trace,31249980.1,,,10,604500.0,-79.53973526191895
1000000000.0,1146905830.5499647,L_trace,31249980.1,,,10,606000.0,-79.20666047232983
1000000000.0,1146905830.5499647,L_trace,31249980.1,,,10,607500.0,-79.94079342535241
1000000000.0,1146905830.5499647,L_trace,31249980.1,,,10,609000.0,-82.11532498139145
1000000000.0,1146905830.5499647,L_trace,31249980.1,,,10,610500.0,-82.67601202936919
1000000000.0,1146905830.5499647,L_trace,31249980.1,,,10,612000.0,-80.99862943165026
1000000000.0,1146905830.5499647,L_trace,31249980.1,,,10,613500.0,-80.5154850349656
1000000000.0,1146905830.5499647,L_trace,31249980.1,,,10,615000.0,-80.8255807305942
1000000000.0,1146905830.5499647,L_trace,31249980.1,,,10,616500.0,-79.20667102121662
1000000000.0,1146905830.5499647,L_trace,31249980.1,,,10,618000.0,-78.32854985772518
1000000000.0,1146905830.5499647,L_trace,31249980.1,,,10,619500.0,-78.1044579558258
1000000000.0,1146905830.5499647,L_trace,31249980.1,,,10,621000.0,-78.6526805417933
1000000000.0,1146905830.5499647,L_trace,31249980.1,,,10,622500.0,-77.8778491753236
1000000000.0,1146905830.5499647,L_trace,31249980.1,,,10,624000.0,-78.68361095144
1000000000.0,1146905830.5499647,L_trace,31249980.1,,,10,625500.0,-80.87397109336307
1000000000.0,1146905830.5499647,L_trace,31249980.1,,,10,627000.0,-80.12587986152533
1000000000.0,1146905830.5499647,L_trace,31249980.1,,,10,628500.0,-78.10627116306405
1000000000.0,1146905830.5499647,L_trace,31249980.1,,,10,630000.0,-77.7315584620002
1000000000.0,1146905830.5499647,L_trace,31249980.1,,,10,631500.0,-78.3768051385665
1000000000.0,1146905830.5499647,L_trace,31249980.1,,,10,633000.0,-78.44511872098722
1000000000.0,1146905830.5499647,L_trace,31249980.1,,,10,634500.0,-77.16342698405316
1000000000.0,1146905830.5499647,L_trace,31249980.1,,,10,636000.0,-76.49167114607523
1000000000.0,1146905830.5499647,L_trace,31249980.1,,,10,637500.0,-78.28749607916036
1000000000.0,1146905830.5499647,L_trace,31249980.1,,,10,639000.0,-80.9566520937792
1000000000.0,1146905830.5499647,L_trace,31249980.1,,,10,640500.0,-80.066539913141
1000000000.0,1146905830.5499647,L_trace,31249980.1,,,10,642000.0,-79.54788441353446
1000000000.0,1146905830.5499647,L_trace,31249980.1,,,10,643500.0,-80.7683849764074
1000000000.0,1146905830.5499647,L_trace,31249980.1,,,10,645000.0,-81.71739426696482
1000000000.0,1146905830.5499647,L_trace,31249980.1,,,10,646500.0,-81.85752063463049
1000000000.0,1146905830.5499647,L_trace,31249980.1,,,10,648000.0,-81.69625169791968
1000000000.0,1146905830.5499647,L_trace,31249980.1,,,10,649500.0,-81.4111840735842
1000000000.0,1146905830.5499647,L_trace,31249980.1,,,10,651000.0,-80.04252367346304
1000000000.0,1146905830.5499647,L_trace,31249980.1,,,10,652500.0,-81.0730675905301
1000000000.0,1146905830.5499647,L_trace,31249980.1,,,10,654000.0,-81.54794260981531
1000000000.0,1146905830.5499647,L_trace,31249980.1,,,10,655500.0,-82.15925650808246
1000000000.0,1146905830.5499647,L_trace,31249980.1,,,10,657000.0,-82.6770598627774
1000000000.0,1146905830.5499647,L_trace,31249980.1,,,10,658500.0,-82.10330038934102
1000000000.0,1146905830.5499647,L_trace,31249980.1,,,10,660000.0,-81.93220281180037
1000000000.0,1146905830.5499647,L_trace,31249980.1,,,10,661500.0,-81.74126222267189
1000000000.0,1146905830.5499647,L_trace,31249980.1,,,10,663000.0,-80.15618556983749
1000000000.0,1146905830.5499647,L_trace,31249980.1,,,10,664500.0,-80.08872014324812
1000000000.0,1146905830.5499647,L_trace,31249980.1,,,10,666000.0,-80.12728873258813
1000000000.0,1146905830.5499647,L_trace,31249980.1,,,10,667500.0,-80.65013086999188
1000000000.0,1146905830.5499647,L_trace,31249980.1,,,10,669000.0,-81.46016331622856
1000000000.0,1146905830.5499647,L_trace,31249980.1,,,10,670500.0,-80.93587339160541
1000000000.0,1146905830.5499647,L_trace,31249980.1,,,10,672000.0,-79.58672272051952
1000000000.0,1146905830.5499647,L_trace,31249980.1,,,10,673500.0,-80.83717888907941
1000000000.0,1146905830.5499647,L_trace,31249980.1,,,10,675000.0,-81.71028501443801
1000000000.0,1146905830.5499647,L_trace,31249980.1,,,10,676500.0,-81.49914002564111
1000000000.0,1146905830.5499647,L_trace,31249980.1,,,10,678000.0,-81.44593328393834
1000000000.0,1146905830.5499647,L_trace,31249980.1,,,10,679500.0,-79.12884127388561
1000000000.0,1146905830.5499647,L_trace,31249980.1,,,10,681000.0,-78.24260362915292
1000000000.0,1146905830.5499647,L_trace,31249980.1,,,10,682500.0,-79.5035858754553
1000000000.0,1146905830.5499647,L_trace,31249980.1,,,10,684000.0,-79.63449124733563
1000000000.0,1146905830.5499647,L_trace,31249980.1,,,10,685500.0,-80.91347001706268
1000000000.0,1146905830.5499647,L_trace,31249980.1,,,10,687000.0,-78.91688094791616
1000000000.0,1146905830.5499647,L_trace,31249980.1,,,10,688500.0,-78.56669422462407
1000000000.0,1146905830.5499647,L_trace,31249980.1,,,10,690000.0,-75.98789903980561
1000000000.0,1146905830.5499647,L_trace,31249980.1,,,10,691500.0,-73.04219619337177
1000000000.0,1146905830.5499647,L_trace,31249980.1,,,10,693000.0,-69.79554697843363
1000000000.0,1146905830.5499647,L_trace,31249980.1,,,10,694500.0,-70.21068301377166
1000000000.0,1146905830.5499647,L_trace,31249980.1,,,10,696000.0,-75.66006557648278
1000000000.0,1146905830.5499647,L_trace,31249980.1,,,10,697500.0,-81.54442564964977
1000000000.0,1146905830.5499647,L_trace,31249980.1,,,10,699000.0,-81.73591148199772
1000000000.0,1146905830.5499647,L_trace,31249980.1,,,10,700500.0,-79.52496759910106
1000000000.0,1146905830.5499647,L_trace,31249980.1,,,10,702000.0,-76.10485237904652
1000000000.0,1146905830.5499647,L_trace,31249980.1,,,10,703500.0,-68.85734925979625
1000000000.0,1146905830.5499647,L_trace,31249980.1,,,10,705000.0,-63.372159659738934
1000000000.0,1146905830.5499647,L_trace,31249980.1,,,10,706500.0,-62.76664949030991
1000000000.0,1146905830.5499647,L_trace,31249980.1,,,10,708000.0,-67.01857043675857
1000000000.0,1146905830.5499647,L_trace,31249980.1,,,10,709500.0,-75.84964731888373
1000000000.0,1146905830.5499647,L_trace,31249980.1,,,10,711000.0,-80.2122204400268
1000000000.0,1146905830.5499647,L_trace,31249980.1,,,10,712500.0,-78.54058756021116
1000000000.0,1146905830.5499647,L_trace,31249980.1,,,10,714000.0,-68.64804970135525
1000000000.0,1146905830.5499647,L_trace,31249980.1,,,10,715500.0,-62.89840042195201
1000000000.0,1146905830.5499647,L_trace,31249980.1,,,10,717000.0,-62.28242975089476
1000000000.0,1146905830.5499647,L_trace,31249980.1,,,10,718500.0,-66.90120224170171
1000000000.0,1146905830.5499647,L_trace,31249980.1,,,10,720000.0,-77.1775019178052
1000000000.0,1146905830.5499647,L_trace,31249980.1,,,10,721500.0,-79.01511994361567
1000000000.0,1146905830.5499647,L_trace,31249980.1,,,10,723000.0,-77.35048512047032
1000000000.0,1146905830.5499647,L_trace,31249980.1,,,10,724500.0,-76.76712359620664
1000000000.0,1146905830.5499647,L_trace,31249980.1,,,10,726000.0,-77.39048505243976
1000000000.0,1146905830.5499647,L_trace,31249980.1,,,10,727500.0,-79.41296237389632
1000000000.0,1146905830.5499647,L_trace,31249980.1,,,10,729000.0,-80.7504924498836
1000000000.0,1146905830.5499647,L_trace,31249980.1,,,10,730500.0,-82.17696720946162
1000000000.0,1146905830.5499647,L_trace,31249980.1,,,10,732000.0,-82.87432630539566
1000000000.0,1146905830.5499647,L_trace,31249980.1,,,10,733500.0,-81.32762393484262
1000000000.0,1146905830.5499647,L_trace,31249980.1,,,10,735000.0,-80.1908074980238
1000000000.0,1146905830.5499647,L_trace,31249980.1,,,10,736500.0,-82.65804552240743
1000000000.0,1146905830.5499647,L_trace,31249980.1,,,10,738000.0,-84.84346280936884
1000000000.0,1146905830.5499647,L_trace,31249980.1,,,10,739500.0,-83.42528818137242
1000000000.0,1146905830.5499647,L_trace,31249980.1,,,10,741000.0,-80.39540786509367
1000000000.0,1146905830.5499647,L_trace,31249980.1,,,10,742500.0,-78.75016034555011
1000000000.0,1146905830.5499647,L_trace,31249980.1,,,10,744000.0,-78.18165705116128
1000000000.0,1146905830.5499647,L_trace,31249980.1,,,10,745500.0,-78.65173633155989
1000000000.0,1146905830.5499647,L_trace,31249980.1,,,10,747000.0,-81.14045169307333
1000000000.0,1146905830.5499647,L_trace,31249980.1,,,10,748500.0,-82.5334480122874
1000000000.0,1146905830.5499647,L_trace,31249980.1,,,10,750000.0,-83.30217730931419
1000000000.0,1146905830.5499647,L_trace,31249980.1,,,10,751500.0,-83.72656893483568
1000000000.0,1146905830.5499647,L_trace,31249980.1,,,10,753000.0,-81.98467713717515
1000000000.0,1146905830.5499647,L_trace,31249980.1,,,10,754500.0,-83.13145048644809
1000000000.0,1146905830.5499647,L_trace,31249980.1,,,10,756000.0,-86.48821861845383
1000000000.0,1146905830.5499647,L_trace,31249980.1,,,10,757500.0,-85.93816833370114
1000000000.0,1146905830.5499647,L_trace,31249980.1,,,10,759000.0,-81.86537550356637
1000000000.0,1146905830.5499647,L_trace,31249980.1,,,10,760500.0,-80.29417626553418
1000000000.0,1146905830.5499647,L_trace,31249980.1,,,10,762000.0,-82.63622139239244
1000000000.0,1146905830.5499647,L_trace,31249980.1,,,10,763500.0,-81.69603607310981
1000000000.0,1146905830.5499647,L_trace,31249980.1,,,10,765000.0,-80.3167166798589
1000000000.0,1146905830.5499647,L_trace,31249980.1,,,10,766500.0,-81.72221441213452
1000000000.0,1146905830.5499647,L_trace,31249980.1,,,10,768000.0,-83.16881815209713
1000000000.0,1146905830.5499647,L_trace,31249980.1,,,10,769500.0,-82.74790668490373
1000000000.0,1146905830.5499647,L_trace,31249980.1,,,10,771000.0,-81.15783398424227
1000000000.0,1146905830.5499647,L_trace,31249980.1,,,10,772500.0,-81.1142556731822
1000000000.0,1146905830.5499647,L_trace,31249980.1,,,10,774000.0,-83.11628369480054
1000000000.0,1146905830.5499647,L_trace,31249980.1,,,10,775500.0,-82.2152244671944
1000000000.0,1146905830.5499647,L_trace,31249980.1,,,10,777000.0,-80.85785228822589
1000000000.0,1146905830.5499647,L_trace,31249980.1,,,10,778500.0,-81.1296809512759
1000000000.0,1146905830.5499647,L_trace,31249980.1,,,10,780000.0,-81.40846610136346
1000000000.0,1146905830.5499647,L_trace,31249980.1,,,10,781500.0,-79.16521732532796
1000000000.0,1146905830.5499647,L_trace,31249980.1,,,10,783000.0,-79.6486731262692
1000000000.0,1146905830.5499647,L_trace,31249980.1,,,10,784500.0,-81.54568406838625
1000000000.0,1146905830.5499647,L_trace,31249980.1,,,10,786000.0,-83.78941683316081
1000000000.0,1146905830.5499647,L_trace,31249980.1,,,10,787500.0,-85.1156629048639
1000000000.0,1146905830.5499647,L_trace,31249980.1,,,10,789000.0,-85.60737730569579
1000000000.0,1146905830.5499647,L_trace,31249980.1,,,10,790500.0,-82.67910527278822
1000000000.0,1146905830.5499647,L_trace,31249980.1,,,10,792000.0,-80.19161633584993
1000000000.0,1146905830.5499647,L_trace,31249980.1,,,10,793500.0,-78.54833788590138
1000000000.0,1146905830.5499647,L_trace,31249980.1,,,10,795000.0,-78.12307758756738
1000000000.0,1146905830.5499647,L_trace,31249980.1,,,10,796500.0,-73.1105506551758
1000000000.0,1146905830.5499647,L_trace,31249980.1,,,10,798000.0,-66.72082643082935
1000000000.0,1146905830.5499647,L_trace,31249980.1,,,10,799500.0,-64.97625122940839
1000000000.0,1146905830.5499647,L_trace,31249980.1,,,10,801000.0,-68.08053268949443
1000000000.0,1146905830.5499647,L_trace,31249980.1,,,10,802500.0,-76.23545657148513
1000000000.0,1146905830.5499647,L_trace,31249980.1,,,10,804000.0,-84.27556260788306
1000000000.0,1146905830.5499647,L_trace,31249980.1,,,10,805500.0,-85.27957702376825
1000000000.0,1146905830.5499647,L_trace,31249980.1,,,10,807000.0,-85.98410362386447
1000000000.0,1146905830.5499647,L_trace,31249980.1,,,10,808500.0,-86.95906659817719
1000000000.0,1146905830.5499647,L_trace,31249980.1,,,10,810000.0,-88.18497695741532
1000000000.0,1146905830.5499647,L_trace,31249980.1,,,10,811500.0,-87.46631213692686
1000000000.0,1146905830.5499647,L_trace,31249980.1,,,10,813000.0,-84.70367561545832
1000000000.0,1146905830.5499647,L_trace,31249980.1,,,10,814500.0,-82.87343110547066
1000000000.0,1146905830.5499647,L_trace,31249980.1,,,10,816000.0,-83.65501589003183
1000000000.0,1146905830.5499647,L_trace,31249980.1,,,10,817500.0,-84.25583274637721
1000000000.0,1146905830.5499647,L_trace,31249980.1,,,10,819000.0,-84.17852860957741
1000000000.0,1146905830.5499647,L_trace,31249980.1,,,10,820500.0,-84.35800994484252
1000000000.0,1146905830.5499647,L_trace,31249980.1,,,10,822000.0,-82.84106980549882
1000000000.0,1146905830.5499647,L_trace,31249980.1,,,10,823500.0,-83.05336384869138
1000000000.0,1146905830.5499647,L_trace,31249980.1,,,10,825000.0,-84.89726588031367
1000000000.0,1146905830.5499647,L_trace,31249980.1,,,10,826500.0,-86.01599024952696
1000000000.0,1146905830.5499647,L_trace,31249980.1,,,10,828000.0,-87.98859901735734
1000000000.0,1146905830.5499647,L_trace,31249980.1,,,10,829500.0,-87.43077324763682
1000000000.0,1146905830.5499647,L_trace,31249980.1,,,10,831000.0,-88.14838181070952
1000000000.0,1146905830.5499647,L_trace,31249980.1,,,10,832500.0,-86.4814870498568
1000000000.0,1146905830.5499647,L_trace,31249980.1,,,10,834000.0,-84.32605817211797
1000000000.0,1146905830.5499647,L_trace,31249980.1,,,10,835500.0,-84.04248920718975
1000000000.0,1146905830.5499647,L_trace,31249980.1,,,10,837000.0,-84.4465997933485
1000000000.0,1146905830.5499647,L_trace,31249980.1,,,10,838500.0,-84.47015069826692
1000000000.0,1146905830.5499647,L_trace,31249980.1,,,10,840000.0,-83.43579081890222
1000000000.0,1146905830.5499647,L_trace,31249980.1,,,10,841500.0,-84.70898909761735
1000000000.0,1146905830.5499647,L_trace,31249980.1,,,10,843000.0,-85.68121302630273
1000000000.0,1146905830.5499647,L_trace,31249980.1,,,10,844500.0,-84.32330949808137
1000000000.0,1146905830.5499647,L_trace,31249980.1,,,10,846000.0,-84.26090466760128
1000000000.0,1146905830.5499647,L_trace,31249980.1,,,10,847500.0,-82.44081745211975
1000000000.0,1146905830.5499647,L_trace,31249980.1,,,10,849000.0,-82.34948934361272
1000000000.0,1146905830.5499647,L_trace,31249980.1,,,10,850500.0,-83.38671913106946
1000000000.0,1146905830.5499647,L_trace,31249980.1,,,10,852000.0,-82.8172597330674
1000000000.0,1146905830.5499647,L_trace,31249980.1,,,10,853500.0,-82.59418878777397
1000000000.0,1146905830.5499647,L_trace,31249980.1,,,10,855000.0,-83.23509081578361
1000000000.0,1146905830.5499647,L_trace,31249980.1,,,10,856500.0,-84.81523292742712
1000000000.0,1146905830.5499647,L_trace,31249980.1,,,10,858000.0,-85.24053614283926
1000000000.0,1146905830.5499647,L_trace,31249980.1,,,10,859500.0,-86.08714573650778
1000000000.0,1146905830.5499647,L_trace,31249980.1,,,10,861000.0,-84.21245232786377
1000000000.0,1146905830.5499647,L_trace,31249980.1,,,10,862500.0,-84.59990888963003
1000000000.0,1146905830.5499647,L_trace,31249980.1,,,10,864000.0,-85.82566960882052
1000000000.0,1146905830.5499647,L_trace,31249980.1,,,10,865500.0,-85.36920110335434
1000000000.0,1146905830.5499647,L_trace,31249980.1,,,10,867000.0,-84.05435851774091
1000000000.0,1146905830.5499647,L_trace,31249980.1,,,10,868500.0,-83.82903597284852
1000000000.0,1146905830.5499647,L_trace,31249980.1,,,10,870000.0,-83.45871043716066
1000000000.0,1146905830.5499647,L_trace,31249980.1,,,10,871500.0,-84.30691276626308
1000000000.0,1146905830.5499647,L_trace,31249980.1,,,10,873000.0,-85.08281044535357
1000000000.0,1146905830.5499647,L_trace,31249980.1,,,10,874500.0,-84.39907841224063
1000000000.0,1146905830.5499647,L_trace,31249980.1,,,10,876000.0,-84.45148453216625
1000000000.0,1146905830.5499647,L_trace,31249980.1,,,10,877500.0,-84.39979233389181
1000000000.0,1146905830.5499647,L_trace,31249980.1,,,10,879000.0,-83.67231993504681
1000000000.0,1146905830.5499647,L_trace,31249980.1,,,10,880500.0,-85.16462948783013
1000000000.0,1146905830.5499647,L_trace,31249980.1,,,10,882000.0,-86.94583541797682
1000000000.0,1146905830.5499647,L_trace,31249980.1,,,10,883500.0,-87.16352027272056
1000000000.0,1146905830.5499647,L_trace,31249980.1,,,10,885000.0,-85.07817902478307
1000000000.0,1146905830.5499647,L_trace,31249980.1,,,10,886500.0,-84.5493235327325
1000000000.0,1146905830.5499647,L_trace,31249980.1,,,10,888000.0,-83.48681286966725
1000000000.0,1146905830.5499647,L_trace,31249980.1,,,10,889500.0,-86.39328361574015
1000000000.0,1146905830.5499647,L_trace,31249980.1,,,10,891000.0,-89.86610038618873
1000000000.0,1146905830.5499647,L_trace,31249980.1,,,10,892500.0,-87.14246686714512
1000000000.0,1146905830.5499647,L_trace,31249980.1,,,10,894000.0,-82.33687132641349
1000000000.0,1146905830.5499647,L_trace,31249980.1,,,10,895500.0,-79.70569952527511
1000000000.0,1146905830.5499647,L_trace,31249980.1,,,10,897000.0,-79.89255727648809
1000000000.0,1146905830.5499647,L_trace,31249980.1,,,10,898500.0,-82.80022073852827
1000000000.0,1146905830.5499647,L_trace,31249980.1,,,10,900000.0,-83.09371318468573
1000000000.0,1146905830.5499647,L_trace,31249980.1,,,10,901500.0,-85.05207838959656
1000000000.0,1146905830.5499647,L_trace,31249980.1,,,10,903000.0,-87.18047271306261
1000000000.0,1146905830.5499647,L_trace,31249980.1,,,10,904500.0,-86.25502742805027
1000000000.0,1146905830.5499647,L_trace,31249980.1,,,10,906000.0,-85.22461225615918
1000000000.0,1146905830.5499647,L_trace,31249980.1,,,10,907500.0,-82.65349684389838
1000000000.0,1146905830.5499647,L_trace,31249980.1,,,10,909000.0,-83.74838976478274
1000000000.0,1146905830.5499647,L_trace,31249980.1,,,10,910500.0,-84.76557963333978
1000000000.0,1146905830.5499647,L_trace,31249980.1,,,10,912000.0,-85.56355842975853
1000000000.0,1146905830.5499647,L_trace,31249980.1,,,10,913500.0,-84.16505143253282
1000000000.0,1146905830.5499647,L_trace,31249980.1,,,10,915000.0,-86.77044722314658
1000000000.0,1146905830.5499647,L_trace,31249980.1,,,10,916500.0,-90.42471608474298
1000000000.0,1146905830.5499647,L_trace,31249980.1,,,10,918000.0,-88.17411890472546
1000000000.0,1146905830.5499647,L_trace,31249980.1,,,10,919500.0,-85.61686954012906
1000000000.0,1146905830.5499647,L_trace,31249980.1,,,10,921000.0,-85.27290420319905
1000000000.0,1146905830.5499647,L_trace,31249980.1,,,10,922500.0,-87.36465389423095
1000000000.0,1146905830.5499647,L_trace,31249980.1,,,10,924000.0,-88.35992492435956
1000000000.0,1146905830.5499647,L_trace,31249980.1,,,10,925500.0,-85.98877377859043
1000000000.0,1146905830.5499647,L_trace,31249980.1,,,10,927000.0,-86.07882726447635
1000000000.0,1146905830.5499647,L_trace,31249980.1,,,10,928500.0,-87.0311718922559
1000000000.0,1146905830.5499647,L_trace,31249980.1,,,10,930000.0,-86.55880477199328
1000000000.0,1146905830.5499647,L_trace,31249980.1,,,10,931500.0,-83.27189305094753
1000000000.0,1146905830.5499647,L_trace,31249980.1,,,10,933000.0,-82.51019625185047
1000000000.0,1146905830.5499647,L_trace,31249980.1,,,10,934500.0,-82.69019560880177
1000000000.0,1146905830.5499647,L_trace,31249980.1,,,10,936000.0,-83.5866982295603
1000000000.0,1146905830.5499647,L_trace,31249980.1,,,10,937500.0,-83.3311475692571
1000000000.0,1146905830.5499647,L_trace,31249980.1,,,10,939000.0,-83.39154402523916
1000000000.0,1146905830.5499647,L_trace,31249980.1,,,10,940500.0,-84.88583173588715
1000000000.0,1146905830.5499647,L_trace,31249980.1,,,10,942000.0,-86.7356704095463
1000000000.0,1146905830.5499647,L_trace,31249980.1,,,10,943500.0,-86.60049404400021
1000000000.0,1146905830.5499647,L_trace,31249980.1,,,10,945000.0,-86.06484137588005
1000000000.0,1146905830.5499647,L_trace,31249980.1,,,10,946500.0,-85.84012873017085
1000000000.0,1146905830.5499647,L_trace,31249980.1,,,10,948000.0,-84.96387169379194
1000000000.0,1146905830.5499647,L_trace,31249980.1,,,10,949500.0,-82.28886190464767
1000000000.0,1146905830.5499647,L_trace,31249980.1,,,10,951000.0,-81.17350545605795
1000000000.0,1146905830.5499647,L_trace,31249980.1,,,10,952500.0,-79.90524023661794
1000000000.0,1146905830.5499647,L_trace,31249980.1,,,10,954000.0,-79.24951163492557
1000000000.0,1146905830.5499647,L_trace,31249980.1,,,10,955500.0,-79.95896525731071
1000000000.0,1146905830.5499647,L_trace,31249980.1,,,10,957000.0,-80.45870048362268
1000000000.0,1146905830.5499647,L_trace,31249980.1,,,10,958500.0,-81.56643328329183
1000000000.0,1146905830.5499647,L_trace,31249980.1,,,10,960000.0,-82.75939159321119
1000000000.0,1146905830.5499647,L_trace,31249980.1,,,10,961500.0,-82.19454126749083
1000000000.0,1146905830.5499647,L_trace,31249980.1,,,10,963000.0,-79.24672831852818
1000000000.0,1146905830.5499647,L_trace,31249980.1,,,10,964500.0,-76.48210038413634
1000000000.0,1146905830.5499647,L_trace,31249980.1,,,10,966000.0,-75.68242272923105
1000000000.0,1146905830.5499647,L_trace,31249980.1,,,10,967500.0,-78.15432671292884
1000000000.0,1146905830.5499647,L_trace,31249980.1,,,10,969000.0,-83.78311653614013
1000000000.0,1146905830.5499647,L_trace,31249980.1,,,10,970500.0,-88.65481584233841
1000000000.0,1146905830.5499647,L_trace,31249980.1,,,10,972000.0,-87.7730614519542
1000000000.0,1146905830.5499647,L_trace,31249980.1,,,10,973500.0,-85.28827172537451
1000000000.0,1146905830.5499647,L_trace,31249980.1,,,10,975000.0,-83.26785037047745
1000000000.0,1146905830.5499647,L_trace,31249980.1,,,10,976500.0,-83.48146940010871
1000000000.0,1146905830.5499647,L_trace,31249980.1,,,10,978000.0,-83.16132411234685
1000000000.0,1146905830.5499647,L_trace,31249980.1,,,10,979500.0,-82.01973883060558
1000000000.0,1146905830.5499647,L_trace,31249980.1,,,10,981000.0,-82.09448357410001
1000000000.0,1146905830.5499647,L_trace,31249980.1,,,10,982500.0,-83.08659205245864
1000000000.0,1146905830.5499647,L_trace,31249980.1,,,10,984000.0,-84.14849621415483
1000000000.0,1146905830.5499647,L_trace,31249980.1,,,10,985500.0,-82.21108951959248
1000000000.0,1146905830.5499647,L_trace,31249980.1,,,10,987000.0,-83.57268334222066
1000000000.0,1146905830.5499647,L_trace,31249980.1,,,10,988500.0,-84.50814383030827
1000000000.0,1146905830.5499647,L_trace,31249980.1,,,10,990000.0,-81.89063873927707
1000000000.0,1146905830.5499647,L_trace,31249980.1,,,10,991500.0,-81.73192094748418
1000000000.0,1146905830.5499647,L_trace,31249980.1,,,10,993000.0,-82.59515865112738
1000000000.0,1146905830.5499647,L_trace,31249980.1,,,10,994500.0,-83.38638795291953
1000000000.0,1146905830.5499647,L_trace,31249980.1,,,10,996000.0,-84.89526867658728
1000000000.0,1146905830.5499647,L_trace,31249980.1,,,10,997500.0,-85.07151309101084
1000000000.0,1146905830.5499647,L_trace,31249980.1,,,10,999000.0,-82.75591720028932
