f_vco,kvco_target,kind,center,span,rbw,averages,freq,level_dbm
1000000000.0,1146905830.5499647,spectrum,31250000.0,5000000.0,5000.0,20,28750000.0,-58.05727768
1000000000.0,1146905830.5499647,spectrum,31250000.0,5000000.0,5000.0,20,28752500.0,-57.16845322
1000000000.0,1146905830.5499647,spectrum,31250000.0,5000000.0,5000.0,20,28755000.0,-56.29284286
1000000000.0,1146905830.5499647,spectrum,31250000.0,5000000.0,5000.0,20,28757500.0,-56.84581757
1000000000.0,1146905830.5499647,spectrum,31250000.0,5000000.0,5000.0,20,28760000.0,-56.25292969
1000000000.0,1146905830.5499647,spectrum,31250000.0,5000000.0,5000.0,20,28762500.0,-55.01210403
1000000000.0,1146905830.5499647,spectrum,31250000.0,5000000.0,5000.0,20,28765000.0,-55.0926857
1000000000.0,1146905830.5499647,spectrum,31250000.0,5000000.0,5000.0,20,28767500.0,-56.60758591
1000000000.0,1146905830.5499647,spectrum,31250000.0,5000000.0,5000.0,20,28770000.0,-57.3993454
1000000000.0,1146905830.5499647,spectrum,31250000.0,5000000.0,5000.0,20,28772500.0,-56.61847305
1000000000.0,1146905830.5499647,spectrum,31250000.0,5000000.0,5000.0,20,28775000.0,-54.63851166
1000000000.0,1146905830.5499647,spectrum,31250000.0,5000000.0,5000.0,20,28777500.0,-50.68123627
1000000000.0,1146905830.5499647,spectrum,31250000.0,5000000.0,5000.0,20,28780000.0,-49.09036255
1000000000.0,1146905830.5499647,spectrum,31250000.0,5000000.0,5000.0,20,28782500.0,-51.15545654
1000000000.0,1146905830.5499647,spectrum,31250000.0,5000000.0,5000.0,20,28785000.0,-54.60221863
1000000000.0,1146905830.5499647,spectrum,31250000.0,5000000.0,5000.0,20,28787500.0,-55.39100647
1000000000.0,1146905830.5499647,spectrum,31250000.0,5000000.0,5000.0,20,28790000.0,-55.05308914
1000000000.0,1146905830.5499647,spectrum,31250000.0,5000000.0,5000.0,20,28792500.0,-55.97792053
1000000000.0,1146905830.5499647,spectrum,31250000.0,5000000.0,5000.0,20,28795000.0,-57.14153671
1000000000.0,1146905830.5499647,spectrum,31250000.0,5000000.0,5000.0,20,28797500.0,-57.37705994
1000000000.0,1146905830.5499647,spectrum,31250000.0,5000000.0,5000.0,20,28800000.0,-57.68749619
1000000000.0,1146905830.5499647,spectrum,31250000.0,5000000.0,5000.0,20,28802500.0,-57.53931427
1000000000.0,1146905830.5499647,spectrum,31250000.0,5000000.0,5000.0,20,28805000.0,-55.55913162
1000000000.0,1146905830.5499647,spectrum,31250000.0,5000000.0,5000.0,20,28807500.0,-54.70072174
1000000000.0,1146905830.5499647,spectrum,31250000.0,5000000.0,5000.0,20,28810000.0,-55.01190948
1000000000.0,1146905830.5499647,spectrum,31250000.0,5000000.0,5000.0,20,28812500.0,-55.94631577
1000000000.0,1146905830.5499647,spectrum,31250000.0,5000000.0,5000.0,20,28815000.0,-55.9800415
1000000000.0,1146905830.5499647,spectrum,31250000.0,5000000.0,5000.0,20,28817500.0,-55.56322861
1000000000.0,1146905830.5499647,spectrum,31250000.0,5000000.0,5000.0,20,28820000.0,-56.89136505
1000000000.0,1146905830.5499647,spectrum,31250000.0,5000000.0,5000.0,20,28822500.0,-58.27679443
1000000000.0,1146905830.5499647,spectrum,31250000.0,5000000.0,5000.0,20,28825000.0,-57.23908615
1000000000.0,1146905830.5499647,spectrum,31250000.0,5000000.0,5000.0,20,28827500.0,-55.9346199
1000000000.0,1146905830.5499647,spectrum,31250000.0,5000000.0,5000.0,20,28830000.0,-55.05552292
1000000000.0,1146905830.5499647,spectrum,31250000.0,5000000.0,5000.0,20,28832500.0,-55.48786545
1000000000.0,1146905830.5499647,spectrum,31250000.0,5000000.0,5000.0,20,28835000.0,-56.90618896
1000000000.0,1146905830.5499647,spectrum,31250000.0,5000000.0,5000.0,20,28837500.0,-58.17440033
1000000000.0,1146905830.5499647,spectrum,31250000.0,5000000.0,5000.0,20,28840000.0,-57.75901794
1000000000.0,1146905830.5499647,spectrum,31250000.0,5000000.0,5000.0,20,28842500.0,-56.82194519
1000000000.0,1146905830.5499647,spectrum,31250000.0,5000000.0,5000.0,20,28845000.0,-56.9008522
1000000000.0,1146905830.5499647,spectrum,31250000.0,5000000.0,5000.0,20,28847500.0,-55.35202789
1000000000.0,1146905830.5499647,spectrum,31250000.0,5000000.0,5000.0,20,28850000.0,-50.7479744
1000000000.0,1146905830.5499647,spectrum,31250000.0,5000000.0,5000.0,20,28852500.0,-48.41401291
1000000000.0,1146905830.5499647,spectrum,31250000.0,5000000.0,5000.0,20,28855000.0,-50.2978363
1000000000.0,1146905830.5499647,spectrum,31250000.0,5000000.0,5000.0,20,28857500.0,-55.38147736
1000000000.0,1146905830.5499647,spectrum,31250000.0,5000000.0,5000.0,20,28860000.0,-57.70107651
1000000000.0,1146905830.5499647,spectrum,31250000.0,5000000.0,5000.0,20,28862500.0,-55.70322037
1000000000.0,1146905830.5499647,spectrum,31250000.0,5000000.0,5000.0,20,28865000.0,-50.85308456
1000000000.0,1146905830.5499647,spectrum,31250000.0,5000000.0,5000.0,20,28867500.0,-47.75208664
1000000000.0,1146905830.5499647,spectrum,31250000.0,5000000.0,5000.0,20,28870000.0,-48.87981796
1000000000.0,1146905830.5499647,spectrum,31250000.0,5000000.0,5000.0,20,28872500.0,-53.02483368
1000000000.0,1146905830.5499647,spectrum,31250000.0,5000000.0,5000.0,20,28875000.0,-54.71765518
1000000000.0,1146905830.5499647,spectrum,31250000.0,5000000.0,5000.0,20,28877500.0,-54.31017303
1000000000.0,1146905830.5499647,spectrum,31250000.0,5000000.0,5000.0,20,28880000.0,-54.79430008
1000000000.0,1146905830.5499647,spectrum,31250000.0,5000000.0,5000.0,20,28882500.0,-56.0078125
1000000000.0,1146905830.5499647,spectrum,31250000.0,5000000.0,5000.0,20,28885000.0,-57.03534317
1000000000.0,1146905830.5499647,spectrum,31250000.0,5000000.0,5000.0,20,28887500.0,-56.18686676
1000000000.0,1146905830.5499647,spectrum,31250000.0,5000000.0,5000.0,20,28890000.0,-54.88032532
1000000000.0,1146905830.5499647,spectrum,31250000.0,5000000.0,5000.0,20,28892500.0,-54.41247177
1000000000.0,1146905830.5499647,spectrum,31250000.0,5000000.0,5000.0,20,28895000.0,-54.43502808
1000000000.0,1146905830.5499647,spectrum,31250000.0,5000000.0,5000.0,20,28897500.0,-55.08798981
1000000000.0,1146905830.5499647,spectrum,31250000.0,5000000.0,5000.0,20,28900000.0,-56.2036705
1000000000.0,1146905830.5499647,spectrum,31250000.0,5000000.0,5000.0,20,28902500.0,-57.22460937
1000000000.0,1146905830.5499647,spectrum,31250000.0,5000000.0,5000.0,20,28905000.0,-56.58230591
1000000000.0,1146905830.5499647,spectrum,31250000.0,5000000.0,5000.0,20,28907500.0,-55.12099838
1000000000.0,1146905830.5499647,spectrum,31250000.0,5000000.0,5000.0,20,28910000.0,-54.83413696
1000000000.0,1146905830.5499647,spectrum,31250000.0,5000000.0,5000.0,20,28912500.0,-55.37106323
1000000000.0,1146905830.5499647,spectrum,31250000.0,5000000.0,5000.0,20,28915000.0,-55.76557541
1000000000.0,1146905830.5499647,spectrum,31250000.0,5000000.0,5000.0,20,28917500.0,-53.44184113
1000000000.0,1146905830.5499647,spectrum,31250000.0,5000000.0,5000.0,20,28920000.0,-48.93107224
1000000000.0,1146905830.5499647,spectrum,31250000.0,5000000.0,5000.0,20,28922500.0,-47.29467773
1000000000.0,1146905830.5499647,spectrum,31250000.0,5000000.0,5000.0,20,28925000.0,-49.85952759
1000000000.0,1146905830.5499647,spectrum,31250000.0,5000000.0,5000.0,20,28927500.0,-53.62450409
1000000000.0,1146905830.5499647,spectrum,31250000.0,5000000.0,5000.0,20,28930000.0,-54.50796509
1000000000.0,1146905830.5499647,spectrum,31250000.0,5000000.0,5000.0,20,28932500.0,-55.02310181
1000000000.0,1146905830.5499647,spectrum,31250000.0,5000000.0,5000.0,20,28935000.0,-55.66706848
1000000000.0,1146905830.5499647,spectrum,31250000.0,5000000.0,5000.0,20,28937500.0,-55.05686188
1000000000.0,1146905830.5499647,spectrum,31250000.0,5000000.0,5000.0,20,28940000.0,-53.56832504
1000000000.0,1146905830.5499647,spectrum,31250000.0,5000000.0,5000.0,20,28942500.0,-52.433815
1000000000.0,1146905830.5499647,spectrum,31250000.0,5000000.0,5000.0,20,28945000.0,-51.51710892
1000000000.0,1146905830.5499647,spectrum,31250000.0,5000000.0,5000.0,20,28947500.0,-51.32569122
1000000000.0,1146905830.5499647,spectrum,31250000.0,5000000.0,5000.0,20,28950000.0,-51.70888901
1000000000.0,1146905830.5499647,spectrum,31250000.0,5000000.0,5000.0,20,28952500.0,-53.48546219
1000000000.0,1146905830.5499647,spectrum,31250000.0,5000000.0,5000.0,20,28955000.0,-55.14313126
1000000000.0,1146905830.5499647,spectrum,31250000.0,5000000.0,5000.0,20,28957500.0,-54.16999817
1000000000.0,1146905830.5499647,spectrum,31250000.0,5000000.0,5000.0,20,28960000.0,-53.18129349
1000000000.0,1146905830.5499647,spectrum,31250000.0,5000000.0,5000.0,20,28962500.0,-53.18391037
1000000000.0,1146905830.5499647,spectrum,31250000.0,5000000.0,5000.0,20,28965000.0,-52.74530411
1000000000.0,1146905830.5499647,spectrum,31250000.0,5000000.0,5000.0,20,28967500.0,-52.51694489
1000000000.0,1146905830.5499647,spectrum,31250000.0,5000000.0,5000.0,20,28970000.0,-53.19060898
1000000000.0,1146905830.5499647,spectrum,31250000.0,5000000.0,5000.0,20,28972500.0,-53.90348434
1000000000.0,1146905830.5499647,spectrum,31250000.0,5000000.0,5000.0,20,28975000.0,-54.09509277
1000000000.0,1146905830.5499647,spectrum,31250000.0,5000000.0,5000.0,20,28977500.0,-53.42613602
1000000000.0,1146905830.5499647,spectrum,31250000.0,5000000.0,5000.0,20,28980000.0,-52.71414948
1000000000.0,1146905830.5499647,spectrum,31250000.0,5000000.0,5000.0,20,28982500.0,-52.52958298
1000000000.0,1146905830.5499647,spectrum,31250000.0,5000000.0,5000.0,20,28985000.0,-52.58156586
1000000000.0,1146905830.5499647,spectrum,31250000.0,5000000.0,5000.0,20,28987500.0,-52.42464066
1000000000.0,1146905830.5499647,spectrum,31250000.0,5000000.0,5000.0,20,28990000.0,-51.16802597
1000000000.0,1146905830.5499647,spectrum,31250000.0,5000000.0,5000.0,20,28992500.0,-50.34261322
1000000000.0,1146905830.5499647,spectrum,31250000.0,5000000.0,5000.0,20,28995000.0,-50.53897476
1000000000.0,1146905830.5499647,spectrum,31250000.0,5000000.0,5000.0,20,28997500.0,-51.41918564
1000000000.0,1146905830.5499647,spectrum,31250000.0,5000000.0,5000.0,20,29000000.0,-51.53179932
1000000000.0,1146905830.5499647,spectrum,31250000.0,5000000.0,5000.0,20,29002500.0,-50.70518875
1000000000.0,1146905830.5499647,spectrum,31250000.0,5000000.0,5000.0,20,29005000.0,-50.24747467
1000000000.0,1146905830.5499647,spectrum,31250000.0,5000000.0,5000.0,20,29007500.0,-50.67801285
1000000000.0,1146905830.5499647,spectrum,31250000.0,5000000.0,5000.0,20,29010000.0,-51.19930649
1000000000.0,1146905830.5499647,spectrum,31250000.0,5000000.0,5000.0,20,29012500.0,-50.22245789
1000000000.0,1146905830.5499647,spectrum,31250000.0,5000000.0,5000.0,20,29015000.0,-49.00216293
1000000000.0,1146905830.5499647,spectrum,31250000.0,5000000.0,5000.0,20,29017500.0,-49.20388031
1000000000.0,1146905830.5499647,spectrum,31250000.0,5000000.0,5000.0,20,29020000.0,-49.92622375
1000000000.0,1146905830.5499647,spectrum,31250000.0,5000000.0,5000.0,20,29022500.0,-49.58514786
1000000000.0,1146905830.5499647,spectrum,31250000.0,5000000.0,5000.0,20,29025000.0,-49.12755966
1000000000.0,1146905830.5499647,spectrum,31250000.0,5000000.0,5000.0,20,29027500.0,-49.27451324
1000000000.0,1146905830.5499647,spectrum,31250000.0,5000000.0,5000.0,20,29030000.0,-49.65694809
1000000000.0,1146905830.5499647,spectrum,31250000.0,5000000.0,5000.0,20,29032500.0,-49.73212433
1000000000.0,1146905830.5499647,spectrum,31250000.0,5000000.0,5000.0,20,29035000.0,-49.16902542
1000000000.0,1146905830.5499647,spectrum,31250000.0,5000000.0,5000.0,20,29037500.0,-48.24119949
1000000000.0,1146905830.5499647,spectrum,31250000.0,5000000.0,5000.0,20,29040000.0,-47.90922546
1000000000.0,1146905830.5499647,spectrum,31250000.0,5000000.0,5000.0,20,29042500.0,-48.42457581
1000000000.0,1146905830.5499647,spectrum,31250000.0,5000000.0,5000.0,20,29045000.0,-48.87120438
1000000000.0,1146905830.5499647,spectrum,31250000.0,5000000.0,5000.0,20,29047500.0,-48.71088028
1000000000.0,1146905830.5499647,spectrum,31250000.0,5000000.0,5000.0,20,29050000.0,-48.57761383
1000000000.0,1146905830.5499647,spectrum,31250000.0,5000000.0,5000.0,20,29052500.0,-48.95911789
1000000000.0,1146905830.5499647,spectrum,31250000.0,5000000.0,5000.0,20,29055000.0,-49.20290756
1000000000.0,1146905830.5499647,spectrum,31250000.0,5000000.0,5000.0,20,29057500.0,-48.76973343
1000000000.0,1146905830.5499647,spectrum,31250000.0,5000000.0,5000.0,20,29060000.0,-48.28742218
1000000000.0,1146905830.5499647,spectrum,31250000.0,5000000.0,5000.0,20,29062500.0,-48.75379562
1000000000.0,1146905830.5499647,spectrum,31250000.0,5000000.0,5000.0,20,29065000.0,-48.57645798
1000000000.0,1146905830.5499647,spectrum,31250000.0,5000000.0,5000.0,20,29067500.0,-48.13923264
1000000000.0,1146905830.5499647,spectrum,31250000.0,5000000.0,5000.0,20,29070000.0,-47.48068237
1000000000.0,1146905830.5499647,spectrum,31250000.0,5000000.0,5000.0,20,29072500.0,-45.74073792
1000000000.0,1146905830.5499647,spectrum,31250000.0,5000000.0,5000.0,20,29075000.0,-44.93342209
1000000000.0,1146905830.5499647,spectrum,31250000.0,5000000.0,5000.0,20,29077500.0,-45.08388901
1000000000.0,1146905830.5499647,spectrum,31250000.0,5000000.0,5000.0,20,29080000.0,-45.22290421
1000000000.0,1146905830.5499647,spectrum,31250000.0,5000000.0,5000.0,20,29082500.0,-45.37255859
1000000000.0,1146905830.5499647,spectrum,31250000.0,5000000.0,5000.0,20,29085000.0,-45.84978867
1000000000.0,1146905830.5499647,spectrum,31250000.0,5000000.0,5000.0,20,29087500.0,-46.45959091
1000000000.0,1146905830.5499647,spectrum,31250000.0,5000000.0,5000.0,20,29090000.0,-45.7273674
1000000000.0,1146905830.5499647,spectrum,31250000.0,5000000.0,5000.0,20,29092500.0,-44.60057068
1000000000.0,1146905830.5499647,spectrum,31250000.0,5000000.0,5000.0,20,29095000.0,-44.14283752
1000000000.0,1146905830.5499647,spectrum,31250000.0,5000000.0,5000.0,20,29097500.0,-43.64168549
1000000000.0,1146905830.5499647,spectrum,31250000.0,5000000.0,5000.0,20,29100000.0,-41.75449753
1000000000.0,1146905830.5499647,spectrum,31250000.0,5000000.0,5000.0,20,29102500.0,-41.98584747
1000000000.0,1146905830.5499647,spectrum,31250000.0,5000000.0,5000.0,20,29105000.0,-44.3565712
1000000000.0,1146905830.5499647,spectrum,31250000.0,5000000.0,5000.0,20,29107500.0,-44.73155975
1000000000.0,1146905830.5499647,spectrum,31250000.0,5000000.0,5000.0,20,29110000.0,-44.3184166
1000000000.0,1146905830.5499647,spectrum,31250000.0,5000000.0,5000.0,20,29112500.0,-44.77910995
1000000000.0,1146905830.5499647,spectrum,31250000.0,5000000.0,5000.0,20,29115000.0,-45.18637848
1000000000.0,1146905830.5499647,spectrum,31250000.0,5000000.0,5000.0,20,29117500.0,-44.61862564
1000000000.0,1146905830.5499647,spectrum,31250000.0,5000000.0,5000.0,20,29120000.0,-44.21216965
1000000000.0,1146905830.5499647,spectrum,31250000.0,5000000.0,5000.0,20,29122500.0,-43.85936737
1000000000.0,1146905830.5499647,spectrum,31250000.0,5000000.0,5000.0,20,29125000.0,-43.46955109
1000000000.0,1146905830.5499647,spectrum,31250000.0,5000000.0,5000.0,20,29127500.0,-42.4461937
1000000000.0,1146905830.5499647,spectrum,31250000.0,5000000.0,5000.0,20,29130000.0,-39.41690826
1000000000.0,1146905830.5499647,spectrum,31250000.0,5000000.0,5000.0,20,29132500.0,-37.42547989
1000000000.0,1146905830.5499647,spectrum,31250000.0,5000000.0,5000.0,20,29135000.0,-38.52594757
1000000000.0,1146905830.5499647,spectrum,31250000.0,5000000.0,5000.0,20,29137500.0,-41.22469711
1000000000.0,1146905830.5499647,spectrum,31250000.0,5000000.0,5000.0,20,29140000.0,-42.95849609
1000000000.0,1146905830.5499647,spectrum,31250000.0,5000000.0,5000.0,20,29142500.0,-43.50404358
1000000000.0,1146905830.5499647,spectrum,31250000.0,5000000.0,5000.0,20,29145000.0,-44.52799225
1000000000.0,1146905830.5499647,spectrum,31250000.0,5000000.0,5000.0,20,29147500.0,-44.98105621
1000000000.0,1146905830.5499647,spectrum,31250000.0,5000000.0,5000.0,20,29150000.0,-44.39577103
1000000000.0,1146905830.5499647,spectrum,31250000.0,5000000.0,5000.0,20,29152500.0,-44.24077988
1000000000.0,1146905830.5499647,spectrum,31250000.0,5000000.0,5000.0,20,29155000.0,-43.61599731
1000000000.0,1146905830.5499647,spectrum,31250000.0,5000000.0,5000.0,20,29157500.0,-42.53157806
1000000000.0,1146905830.5499647,spectrum,31250000.0,5000000.0,5000.0,20,29160000.0,-41.93535614
1000000000.0,1146905830.5499647,spectrum,31250000.0,5000000.0,5000.0,20,29162500.0,-41.69882584
1000000000.0,1146905830.5499647,spectrum,31250000.0,5000000.0,5000.0,20,29165000.0,-42.11941528
1000000000.0,1146905830.5499647,spectrum,31250000.0,5000000.0,5000.0,20,29167500.0,-42.10573196
1000000000.0,1146905830.5499647,spectrum,31250000.0,5000000.0,5000.0,20,29170000.0,-41.58816528
1000000000.0,1146905830.5499647,spectrum,31250000.0,5000000.0,5000.0,20,29172500.0,-41.85069656
1000000000.0,1146905830.5499647,spectrum,31250000.0,5000000.0,5000.0,20,29175000.0,-42.65333176
1000000000.0,1146905830.5499647,spectrum,31250000.0,5000000.0,5000.0,20,29177500.0,-43.48484802
1000000000.0,1146905830.5499647,spectrum,31250000.0,5000000.0,5000.0,20,29180000.0,-43.6247406
1000000000.0,1146905830.5499647,spectrum,31250000.0,5000000.0,5000.0,20,29182500.0,-43.59540558
1000000000.0,1146905830.5499647,spectrum,31250000.0,5000000.0,5000.0,20,29185000.0,-43.74134064
1000000000.0,1146905830.5499647,spectrum,31250000.0,5000000.0,5000.0,20,29187500.0,-43.80669403
1000000000.0,1146905830.5499647,spectrum,31250000.0,5000000.0,5000.0,20,29190000.0,-44.1465683
1000000000.0,1146905830.5499647,spectrum,31250000.0,5000000.0,5000.0,20,29192500.0,-44.58201599
1000000000.0,1146905830.5499647,spectrum,31250000.0,5000000.0,5000.0,20,29195000.0,-44.60318756
1000000000.0,1146905830.5499647,spectrum,31250000.0,5000000.0,5000.0,20,29197500.0,-43.5822525
1000000000.0,1146905830.5499647,spectrum,31250000.0,5000000.0,5000.0,20,29200000.0,-42.13656998
1000000000.0,1146905830.5499647,spectrum,31250000.0,5000000.0,5000.0,20,29202500.0,-41.2514267
1000000000.0,1146905830.5499647,spectrum,31250000.0,5000000.0,5000.0,20,29205000.0,-41.9211998
1000000000.0,1146905830.5499647,spectrum,31250000.0,5000000.0,5000.0,20,29207500.0,-43.25638962
1000000000.0,1146905830.5499647,spectrum,31250000.0,5000000.0,5000.0,20,29210000.0,-42.63286209
1000000000.0,1146905830.5499647,spectrum,31250000.0,5000000.0,5000.0,20,29212500.0,-41.72003174
1000000000.0,1146905830.5499647,spectrum,31250000.0,5000000.0,5000.0,20,29215000.0,-41.42063904
1000000000.0,1146905830.5499647,spectrum,31250000.0,5000000.0,5000.0,20,29217500.0,-41.52652359
1000000000.0,1146905830.5499647,spectrum,31250000.0,5000000.0,5000.0,20,29220000.0,-42.15097046
1000000000.0,1146905830.5499647,spectrum,31250000.0,5000000.0,5000.0,20,29222500.0,-43.0511322
1000000000.0,1146905830.5499647,spectrum,31250000.0,5000000.0,5000.0,20,29225000.0,-43.72147369
1000000000.0,1146905830.5499647,spectrum,31250000.0,5000000.0,5000.0,20,29227500.0,-43.43608856
1000000000.0,1146905830.5499647,spectrum,31250000.0,5000000.0,5000.0,20,29230000.0,-42.7216301
1000000000.0,1146905830.5499647,spectrum,31250000.0,5000000.0,5000.0,20,29232500.0,-43.28410721
1000000000.0,1146905830.5499647,spectrum,31250000.0,5000000.0,5000.0,20,29235000.0,-45.17816925
1000000000.0,1146905830.5499647,spectrum,31250000.0,5000000.0,5000.0,20,29237500.0,-47.00849152
1000000000.0,1146905830.5499647,spectrum,31250000.0,5000000.0,5000.0,20,29240000.0,-46.8222084
1000000000.0,1146905830.5499647,spectrum,31250000.0,5000000.0,5000.0,20,29242500.0,-45.84636307
1000000000.0,1146905830.5499647,spectrum,31250000.0,5000000.0,5000.0,20,29245000.0,-45.48802567
1000000000.0,1146905830.5499647,spectrum,31250000.0,5000000.0,5000.0,20,29247500.0,-45.062603
1000000000.0,1146905830.5499647,spectrum,31250000.0,5000000.0,5000.0,20,29250000.0,-44.82208252
1000000000.0,1146905830.5499647,spectrum,31250000.0,5000000.0,5000.0,20,29252500.0,-45.11133957
1000000000.0,1146905830.5499647,spectrum,31250000.0,5000000.0,5000.0,20,29255000.0,-45.91333771
1000000000.0,1146905830.5499647,spectrum,31250000.0,5000000.0,5000.0,20,29257500.0,-46.6371727
1000000000.0,1146905830.5499647,spectrum,31250000.0,5000000.0,5000.0,20,29260000.0,-46.46247482
1000000000.0,1146905830.5499647,spectrum,31250000.0,5000000.0,5000.0,20,29262500.0,-46.14216232
1000000000.0,1146905830.5499647,spectrum,31250000.0,5000000.0,5000.0,20,29265000.0,-45.69519424
1000000000.0,1146905830.5499647,spectrum,31250000.0,5000000.0,5000.0,20,29267500.0,-45.860569
1000000000.0,1146905830.5499647,spectrum,31250000.0,5000000.0,5000.0,20,29270000.0,-46.50880432
1000000000.0,1146905830.5499647,spectrum,31250000.0,5000000.0,5000.0,20,29272500.0,-46.17126465
1000000000.0,1146905830.5499647,spectrum,31250000.0,5000000.0,5000.0,20,29275000.0,-45.60185242
1000000000.0,1146905830.5499647,spectrum,31250000.0,5000000.0,5000.0,20,29277500.0,-42.57533646
1000000000.0,1146905830.5499647,spectrum,31250000.0,5000000.0,5000.0,20,29280000.0,-40.15753174
1000000000.0,1146905830.5499647,spectrum,31250000.0,5000000.0,5000.0,20,29282500.0,-41.6882515
1000000000.0,1146905830.5499647,spectrum,31250000.0,5000000.0,5000.0,20,29285000.0,-45.95397949
1000000000.0,1146905830.5499647,spectrum,31250000.0,5000000.0,5000.0,20,29287500.0,-46.55285263
1000000000.0,1146905830.5499647,spectrum,31250000.0,5000000.0,5000.0,20,29290000.0,-46.45569611
1000000000.0,1146905830.5499647,spectrum,31250000.0,5000000.0,5000.0,20,29292500.0,-46.92221832
1000000000.0,1146905830.5499647,spectrum,31250000.0,5000000.0,5000.0,20,29295000.0,-46.35449219
1000000000.0,1146905830.5499647,spectrum,31250000.0,5000000.0,5000.0,20,29297500.0,-43.66413116
1000000000.0,1146905830.5499647,spectrum,31250000.0,5000000.0,5000.0,20,29300000.0,-40.84341431
1000000000.0,1146905830.5499647,spectrum,31250000.0,5000000.0,5000.0,20,29302500.0,-41.00535965
1000000000.0,1146905830.5499647,spectrum,31250000.0,5000000.0,5000.0,20,29305000.0,-44.07143402
1000000000.0,1146905830.5499647,spectrum,31250000.0,5000000.0,5000.0,20,29307500.0,-46.73952103
1000000000.0,1146905830.5499647,spectrum,31250000.0,5000000.0,5000.0,20,29310000.0,-48.27384949
1000000000.0,1146905830.5499647,spectrum,31250000.0,5000000.0,5000.0,20,29312500.0,-49.6489563
1000000000.0,1146905830.5499647,spectrum,31250000.0,5000000.0,5000.0,20,29315000.0,-49.09510422
1000000000.0,1146905830.5499647,spectrum,31250000.0,5000000.0,5000.0,20,29317500.0,-47.60139847
1000000000.0,1146905830.5499647,spectrum,31250000.0,5000000.0,5000.0,20,29320000.0,-46.74972534
1000000000.0,1146905830.5499647,spectrum,31250000.0,5000000.0,5000.0,20,29322500.0,-46.92298126
1000000000.0,1146905830.5499647,spectrum,31250000.0,5000000.0,5000.0,20,29325000.0,-47.81666183
1000000000.0,1146905830.5499647,spectrum,31250000.0,5000000.0,5000.0,20,29327500.0,-48.75423431
1000000000.0,1146905830.5499647,spectrum,31250000.0,5000000.0,5000.0,20,29330000.0,-49.3780098
1000000000.0,1146905830.5499647,spectrum,31250000.0,5000000.0,5000.0,20,29332500.0,-49.80769348
1000000000.0,1146905830.5499647,spectrum,31250000.0,5000000.0,5000.0,20,29335000.0,-49.86182785
1000000000.0,1146905830.5499647,spectrum,31250000.0,5000000.0,5000.0,20,29337500.0,-50.23747635
1000000000.0,1146905830.5499647,spectrum,31250000.0,5000000.0,5000.0,20,29340000.0,-50.49694824
1000000000.0,1146905830.5499647,spectrum,31250000.0,5000000.0,5000.0,20,29342500.0,-49.57387161
1000000000.0,1146905830.5499647,spectrum,31250000.0,5000000.0,5000.0,20,29345000.0,-48.85795975
1000000000.0,1146905830.5499647,spectrum,31250000.0,5000000.0,5000.0,20,29347500.0,-48.5434494
1000000000.0,1146905830.5499647,spectrum,31250000.0,5000000.0,5000.0,20,29350000.0,-48.1077652
1000000000.0,1146905830.5499647,spectrum,31250000.0,5000000.0,5000.0,20,29352500.0,-48.47475815
1000000000.0,1146905830.5499647,spectrum,31250000.0,5000000.0,5000.0,20,29355000.0,-49.74943542
1000000000.0,1146905830.5499647,spectrum,31250000.0,5000000.0,5000.0,20,29357500.0,-49.57336426
1000000000.0,1146905830.5499647,spectrum,31250000.0,5000000.0,5000.0,20,29360000.0,-49.0772171
1000000000.0,1146905830.5499647,spectrum,31250000.0,5000000.0,5000.0,20,29362500.0,-48.91941071
1000000000.0,1146905830.5499647,spectrum,31250000.0,5000000.0,5000.0,20,29365000.0,-47.40235519
1000000000.0,1146905830.5499647,spectrum,31250000.0,5000000.0,5000.0,20,29367500.0,-45.55796051
1000000000.0,1146905830.5499647,spectrum,31250000.0,5000000.0,5000.0,20,29370000.0,-46.02158737
1000000000.0,1146905830.5499647,spectrum,31250000.0,5000000.0,5000.0,20,29372500.0,-47.55186081
1000000000.0,1146905830.5499647,spectrum,31250000.0,5000000.0,5000.0,20,29375000.0,-47.26748276
1000000000.0,1146905830.5499647,spectrum,31250000.0,5000000.0,5000.0,20,29377500.0,-46.86465073
1000000000.0,1146905830.5499647,spectrum,31250000.0,5000000.0,5000.0,20,29380000.0,-47.79024887
1000000000.0,1146905830.5499647,spectrum,31250000.0,5000000.0,5000.0,20,29382500.0,-49.13097763
1000000000.0,1146905830.5499647,spectrum,31250000.0,5000000.0,5000.0,20,29385000.0,-49.51689529
1000000000.0,1146905830.5499647,spectrum,31250000.0,5000000.0,5000.0,20,29387500.0,-49.28625488
1000000000.0,1146905830.5499647,spectrum,31250000.0,5000000.0,5000.0,20,29390000.0,-48.25762939
1000000000.0,1146905830.5499647,spectrum,31250000.0,5000000.0,5000.0,20,29392500.0,-47.07104874
1000000000.0,1146905830.5499647,spectrum,31250000.0,5000000.0,5000.0,20,29395000.0,-47.20734406
1000000000.0,1146905830.5499647,spectrum,31250000.0,5000000.0,5000.0,20,29397500.0,-47.6856575
1000000000.0,1146905830.5499647,spectrum,31250000.0,5000000.0,5000.0,20,29400000.0,-47.63618851
1000000000.0,1146905830.5499647,spectrum,31250000.0,5000000.0,5000.0,20,29402500.0,-46.30067825
1000000000.0,1146905830.5499647,spectrum,31250000.0,5000000.0,5000.0,20,29405000.0,-45.97450638
1000000000.0,1146905830.5499647,spectrum,31250000.0,5000000.0,5000.0,20,29407500.0,-46.29564285
1000000000.0,1146905830.5499647,spectrum,31250000.0,5000000.0,5000.0,20,29410000.0,-46.54808807
1000000000.0,1146905830.5499647,spectrum,31250000.0,5000000.0,5000.0,20,29412500.0,-47.03085709
1000000000.0,1146905830.5499647,spectrum,31250000.0,5000000.0,5000.0,20,29415000.0,-46.88592529
1000000000.0,1146905830.5499647,spectrum,31250000.0,5000000.0,5000.0,20,29417500.0,-47.50836945
1000000000.0,1146905830.5499647,spectrum,31250000.0,5000000.0,5000.0,20,29420000.0,-48.18627548
1000000000.0,1146905830.5499647,spectrum,31250000.0,5000000.0,5000.0,20,29422500.0,-47.95405579
1000000000.0,1146905830.5499647,spectrum,31250000.0,5000000.0,5000.0,20,29425000.0,-47.18943405
1000000000.0,1146905830.5499647,spectrum,31250000.0,5000000.0,5000.0,20,29427500.0,-46.83863831
1000000000.0,1146905830.5499647,spectrum,31250000.0,5000000.0,5000.0,20,29430000.0,-46.56924057
1000000000.0,1146905830.5499647,spectrum,31250000.0,5000000.0,5000.0,20,29432500.0,-45.9515686
1000000000.0,1146905830.5499647,spectrum,31250000.0,5000000.0,5000.0,20,29435000.0,-46.1116066
1000000000.0,1146905830.5499647,spectrum,31250000.0,5000000.0,5000.0,20,29437500.0,-47.29259491
1000000000.0,1146905830.5499647,spectrum,31250000.0,5000000.0,5000.0,20,29440000.0,-47.78914261
1000000000.0,1146905830.5499647,spectrum,31250000.0,5000000.0,5000.0,20,29442500.0,-46.7135849
1000000000.0,1146905830.5499647,spectrum,31250000.0,5000000.0,5000.0,20,29445000.0,-45.68285751
1000000000.0,1146905830.5499647,spectrum,31250000.0,5000000.0,5000.0,20,29447500.0,-46.12878418
1000000000.0,1146905830.5499647,spectrum,31250000.0,5000000.0,5000.0,20,29450000.0,-47.03072739
1000000000.0,1146905830.5499647,spectrum,31250000.0,5000000.0,5000.0,20,29452500.0,-47.55643463
1000000000.0,1146905830.5499647,spectrum,31250000.0,5000000.0,5000.0,20,29455000.0,-47.31527328
1000000000.0,1146905830.5499647,spectrum,31250000.0,5000000.0,5000.0,20,29457500.0,-45.17718124
1000000000.0,1146905830.5499647,spectrum,31250000.0,5000000.0,5000.0,20,29460000.0,-44.47869873
1000000000.0,1146905830.5499647,spectrum,31250000.0,5000000.0,5000.0,20,29462500.0,-47.38320923
1000000000.0,1146905830.5499647,spectrum,31250000.0,5000000.0,5000.0,20,29465000.0,-51.17193985
1000000000.0,1146905830.5499647,spectrum,31250000.0,5000000.0,5000.0,20,29467500.0,-49.81204987
1000000000.0,1146905830.5499647,spectrum,31250000.0,5000000.0,5000.0,20,29470000.0,-47.80673599
1000000000.0,1146905830.5499647,spectrum,31250000.0,5000000.0,5000.0,20,29472500.0,-48.3560257
1000000000.0,1146905830.5499647,spectrum,31250000.0,5000000.0,5000.0,20,29475000.0,-49.59809113
1000000000.0,1146905830.5499647,spectrum,31250000.0,5000000.0,5000.0,20,29477500.0,-49.45830154
1000000000.0,1146905830.5499647,spectrum,31250000.0,5000000.0,5000.0,20,29480000.0,-48.80387497
1000000000.0,1146905830.5499647,spectrum,31250000.0,5000000.0,5000.0,20,29482500.0,-44.79148865
1000000000.0,1146905830.5499647,spectrum,31250000.0,5000000.0,5000.0,20,29485000.0,-42.1676445
1000000000.0,1146905830.5499647,spectrum,31250000.0,5000000.0,5000.0,20,29487500.0,-43.9088974
1000000000.0,1146905830.5499647,spectrum,31250000.0,5000000.0,5000.0,20,29490000.0,-48.85357666
1000000000.0,1146905830.5499647,spectrum,31250000.0,5000000.0,5000.0,20,29492500.0,-51.84250259
1000000000.0,1146905830.5499647,spectrum,31250000.0,5000000.0,5000.0,20,29495000.0,-51.30921936
1000000000.0,1146905830.5499647,spectrum,31250000.0,5000000.0,5000.0,20,29497500.0,-50.24155045
1000000000.0,1146905830.5499647,spectrum,31250000.0,5000000.0,5000.0,20,29500000.0,-50.28632355
1000000000.0,1146905830.5499647,spectrum,31250000.0,5000000.0,5000.0,20,29502500.0,-50.93082809
1000000000.0,1146905830.5499647,spectrum,31250000.0,5000000.0,5000.0,20,29505000.0,-52.32690811
1000000000.0,1146905830.5499647,spectrum,31250000.0,5000000.0,5000.0,20,29507500.0,-53.27729416
1000000000.0,1146905830.5499647,spectrum,31250000.0,5000000.0,5000.0,20,29510000.0,-53.85411072
1000000000.0,1146905830.5499647,spectrum,31250000.0,5000000.0,5000.0,20,29512500.0,-53.4813385
1000000000.0,1146905830.5499647,spectrum,31250000.0,5000000.0,5000.0,20,29515000.0,-52.06869507
1000000000.0,1146905830.5499647,spectrum,31250000.0,5000000.0,5000.0,20,29517500.0,-51.34428787
1000000000.0,1146905830.5499647,spectrum,31250000.0,5000000.0,5000.0,20,29520000.0,-52.62741852
1000000000.0,1146905830.5499647,spectrum,31250000.0,5000000.0,5000.0,20,29522500.0,-55.57798386
1000000000.0,1146905830.5499647,spectrum,31250000.0,5000000.0,5000.0,20,29525000.0,-55.45470428
1000000000.0,1146905830.5499647,spectrum,31250000.0,5000000.0,5000.0,20,29527500.0,-53.25282288
1000000000.0,1146905830.5499647,spectrum,31250000.0,5000000.0,5000.0,20,29530000.0,-52.50409698
1000000000.0,1146905830.5499647,spectrum,31250000.0,5000000.0,5000.0,20,29532500.0,-51.57198334
1000000000.0,1146905830.5499647,spectrum,31250000.0,5000000.0,5000.0,20,29535000.0,-50.63175964
1000000000.0,1146905830.5499647,spectrum,31250000.0,5000000.0,5000.0,20,29537500.0,-49.32310486
1000000000.0,1146905830.5499647,spectrum,31250000.0,5000000.0,5000.0,20,29540000.0,-49.12382126
1000000000.0,1146905830.5499647,spectrum,31250000.0,5000000.0,5000.0,20,29542500.0,-50.58052826
1000000000.0,1146905830.5499647,spectrum,31250000.0,5000000.0,5000.0,20,29545000.0,-50.84832382
1000000000.0,1146905830.5499647,spectrum,31250000.0,5000000.0,5000.0,20,29547500.0,-50.43377686
1000000000.0,1146905830.5499647,spectrum,31250000.0,5000000.0,5000.0,20,29550000.0,-51.15345383
1000000000.0,1146905830.5499647,spectrum,31250000.0,5000000.0,5000.0,20,29552500.0,-52.53720093
1000000000.0,1146905830.5499647,spectrum,31250000.0,5000000.0,5000.0,20,29555000.0,-52.02107239
1000000000.0,1146905830.5499647,spectrum,31250000.0,5000000.0,5000.0,20,29557500.0,-50.37358856
1000000000.0,1146905830.5499647,spectrum,31250000.0,5000000.0,5000.0,20,29560000.0,-49.52845001
1000000000.0,1146905830.5499647,spectrum,31250000.0,5000000.0,5000.0,20,29562500.0,-49.07834244
1000000000.0,1146905830.5499647,spectrum,31250000.0,5000000.0,5000.0,20,29565000.0,-48.21843719
1000000000.0,1146905830.5499647,spectrum,31250000.0,5000000.0,5000.0,20,29567500.0,-48.49394226
1000000000.0,1146905830.5499647,spectrum,31250000.0,5000000.0,5000.0,20,29570000.0,-49.22603607
1000000000.0,1146905830.5499647,spectrum,31250000.0,5000000.0,5000.0,20,29572500.0,-48.94548798
1000000000.0,1146905830.5499647,spectrum,31250000.0,5000000.0,5000.0,20,29575000.0,-48.51728439
1000000000.0,1146905830.5499647,spectrum,31250000.0,5000000.0,5000.0,20,29577500.0,-48.37934494
1000000000.0,1146905830.5499647,spectrum,31250000.0,5000000.0,5000.0,20,29580000.0,-48.44949722
1000000000.0,1146905830.5499647,spectrum,31250000.0,5000000.0,5000.0,20,29582500.0,-48.54918289
1000000000.0,1146905830.5499647,spectrum,31250000.0,5000000.0,5000.0,20,29585000.0,-49.04675674
1000000000.0,1146905830.5499647,spectrum,31250000.0,5000000.0,5000.0,20,29587500.0,-49.46841431
1000000000.0,1146905830.5499647,spectrum,31250000.0,5000000.0,5000.0,20,29590000.0,-49.715065
1000000000.0,1146905830.5499647,spectrum,31250000.0,5000000.0,5000.0,20,29592500.0,-49.8466568
1000000000.0,1146905830.5499647,spectrum,31250000.0,5000000.0,5000.0,20,29595000.0,-49.99431992
1000000000.0,1146905830.5499647,spectrum,31250000.0,5000000.0,5000.0,20,29597500.0,-50.24718475
1000000000.0,1146905830.5499647,spectrum,31250000.0,5000000.0,5000.0,20,29600000.0,-50.39388275
1000000000.0,1146905830.5499647,spectrum,31250000.0,5000000.0,5000.0,20,29602500.0,-50.4359169
1000000000.0,1146905830.5499647,spectrum,31250000.0,5000000.0,5000.0,20,29605000.0,-50.44519043
1000000000.0,1146905830.5499647,spectrum,31250000.0,5000000.0,5000.0,20,29607500.0,-50.80360794
1000000000.0,1146905830.5499647,spectrum,31250000.0,5000000.0,5000.0,20,29610000.0,-52.02927017
1000000000.0,1146905830.5499647,spectrum,31250000.0,5000000.0,5000.0,20,29612500.0,-54.0447731
1000000000.0,1146905830.5499647,spectrum,31250000.0,5000000.0,5000.0,20,29615000.0,-53.98422623
1000000000.0,1146905830.5499647,spectrum,31250000.0,5000000.0,5000.0,20,29617500.0,-51.89329147
1000000000.0,1146905830.5499647,spectrum,31250000.0,5000000.0,5000.0,20,29620000.0,-50.67299271
1000000000.0,1146905830.5499647,spectrum,31250000.0,5000000.0,5000.0,20,29622500.0,-49.98217392
1000000000.0,1146905830.5499647,spectrum,31250000.0,5000000.0,5000.0,20,29625000.0,-50.3247261
1000000000.0,1146905830.5499647,spectrum,31250000.0,5000000.0,5000.0,20,29627500.0,-51.90031433
1000000000.0,1146905830.5499647,spectrum,31250000.0,5000000.0,5000.0,20,29630000.0,-52.96865082
1000000000.0,1146905830.5499647,spectrum,31250000.0,5000000.0,5000.0,20,29632500.0,-53.64673996
1000000000.0,1146905830.5499647,spectrum,31250000.0,5000000.0,5000.0,20,29635000.0,-52.7105484
1000000000.0,1146905830.5499647,spectrum,31250000.0,5000000.0,5000.0,20,29637500.0,-49.95989609
1000000000.0,1146905830.5499647,spectrum,31250000.0,5000000.0,5000.0,20,29640000.0,-49.18275452
1000000000.0,1146905830.5499647,spectrum,31250000.0,5000000.0,5000.0,20,29642500.0,-50.13705444
1000000000.0,1146905830.5499647,spectrum,31250000.0,5000000.0,5000.0,20,29645000.0,-50.38706589
1000000000.0,1146905830.5499647,spectrum,31250000.0,5000000.0,5000.0,20,29647500.0,-44.93212128
1000000000.0,1146905830.5499647,spectrum,31250000.0,5000000.0,5000.0,20,29650000.0,-39.58459091
1000000000.0,1146905830.5499647,spectrum,31250000.0,5000000.0,5000.0,20,29652500.0,-38.91595459
1000000000.0,1146905830.5499647,spectrum,31250000.0,5000000.0,5000.0,20,29655000.0,-43.23880386
1000000000.0,1146905830.5499647,spectrum,31250000.0,5000000.0,5000.0,20,29657500.0,-49.94420242
1000000000.0,1146905830.5499647,spectrum,31250000.0,5000000.0,5000.0,20,29660000.0,-48.41646194
1000000000.0,1146905830.5499647,spectrum,31250000.0,5000000.0,5000.0,20,29662500.0,-47.22566605
1000000000.0,1146905830.5499647,spectrum,31250000.0,5000000.0,5000.0,20,29665000.0,-49.44136047
1000000000.0,1146905830.5499647,spectrum,31250000.0,5000000.0,5000.0,20,29667500.0,-52.21686935
1000000000.0,1146905830.5499647,spectrum,31250000.0,5000000.0,5000.0,20,29670000.0,-54.00344467
1000000000.0,1146905830.5499647,spectrum,31250000.0,5000000.0,5000.0,20,29672500.0,-54.01338577
1000000000.0,1146905830.5499647,spectrum,31250000.0,5000000.0,5000.0,20,29675000.0,-53.21839523
1000000000.0,1146905830.5499647,spectrum,31250000.0,5000000.0,5000.0,20,29677500.0,-53.48973083
1000000000.0,1146905830.5499647,spectrum,31250000.0,5000000.0,5000.0,20,29680000.0,-54.94770813
1000000000.0,1146905830.5499647,spectrum,31250000.0,5000000.0,5000.0,20,29682500.0,-56.14865494
1000000000.0,1146905830.5499647,spectrum,31250000.0,5000000.0,5000.0,20,29685000.0,-56.45265961
1000000000.0,1146905830.5499647,spectrum,31250000.0,5000000.0,5000.0,20,29687500.0,-56.68927383
1000000000.0,1146905830.5499647,spectrum,31250000.0,5000000.0,5000.0,20,29690000.0,-55.65202332
1000000000.0,1146905830.5499647,spectrum,31250000.0,5000000.0,5000.0,20,29692500.0,-54.25964737
1000000000.0,1146905830.5499647,spectrum,31250000.0,5000000.0,5000.0,20,29695000.0,-53.48881149
1000000000.0,1146905830.5499647,spectrum,31250000.0,5000000.0,5000.0,20,29697500.0,-53.44951248
1000000000.0,1146905830.5499647,spectrum,31250000.0,5000000.0,5000.0,20,29700000.0,-53.52919388
1000000000.0,1146905830.5499647,spectrum,31250000.0,5000000.0,5000.0,20,29702500.0,-53.49456787
1000000000.0,1146905830.5499647,spectrum,31250000.0,5000000.0,5000.0,20,29705000.0,-54.38885498
1000000000.0,1146905830.5499647,spectrum,31250000.0,5000000.0,5000.0,20,29707500.0,-53.95508194
1000000000.0,1146905830.5499647,spectrum,31250000.0,5000000.0,5000.0,20,29710000.0,-52.20354462
1000000000.0,1146905830.5499647,spectrum,31250000.0,5000000.0,5000.0,20,29712500.0,-51.59576416
1000000000.0,1146905830.5499647,spectrum,31250000.0,5000000.0,5000.0,20,29715000.0,-52.26114655
1000000000.0,1146905830.5499647,spectrum,31250000.0,5000000.0,5000.0,20,29717500.0,-53.4489212
1000000000.0,1146905830.5499647,spectrum,31250000.0,5000000.0,5000.0,20,29720000.0,-53.66626358
1000000000.0,1146905830.5499647,spectrum,31250000.0,5000000.0,5000.0,20,29722500.0,-53.34397507
1000000000.0,1146905830.5499647,spectrum,31250000.0,5000000.0,5000.0,20,29725000.0,-53.25339508
1000000000.0,1146905830.5499647,spectrum,31250000.0,5000000.0,5000.0,20,29727500.0,-53.32024765
1000000000.0,1146905830.5499647,spectrum,31250000.0,5000000.0,5000.0,20,29730000.0,-54.16453934
1000000000.0,1146905830.5499647,spectrum,31250000.0,5000000.0,5000.0,20,29732500.0,-55.31401062
1000000000.0,1146905830.5499647,spectrum,31250000.0,5000000.0,5000.0,20,29735000.0,-54.8520813
1000000000.0,1146905830.5499647,spectrum,31250000.0,5000000.0,5000.0,20,29737500.0,-53.86524963
1000000000.0,1146905830.5499647,spectrum,31250000.0,5000000.0,5000.0,20,29740000.0,-52.78424835
1000000000.0,1146905830.5499647,spectrum,31250000.0,5000000.0,5000.0,20,29742500.0,-52.02422333
1000000000.0,1146905830.5499647,spectrum,31250000.0,5000000.0,5000.0,20,29745000.0,-52.12630081
1000000000.0,1146905830.5499647,spectrum,31250000.0,5000000.0,5000.0,20,29747500.0,-53.02627563
1000000000.0,1146905830.5499647,spectrum,31250000.0,5000000.0,5000.0,20,29750000.0,-53.90870667
1000000000.0,1146905830.5499647,spectrum,31250000.0,5000000.0,5000.0,20,29752500.0,-54.14064789
1000000000.0,1146905830.5499647,spectrum,31250000.0,5000000.0,5000.0,20,29755000.0,-53.76218796
1000000000.0,1146905830.5499647,spectrum,31250000.0,5000000.0,5000.0,20,29757500.0,-53.98022842
1000000000.0,1146905830.5499647,spectrum,31250000.0,5000000.0,5000.0,20,29760000.0,-54.36572647
1000000000.0,1146905830.5499647,spectrum,31250000.0,5000000.0,5000.0,20,29762500.0,-53.95728302
1000000000.0,1146905830.5499647,spectrum,31250000.0,5000000.0,5000.0,20,29765000.0,-53.67031479
1000000000.0,1146905830.5499647,spectrum,31250000.0,5000000.0,5000.0,20,29767500.0,-54.05739594
1000000000.0,1146905830.5499647,spectrum,31250000.0,5000000.0,5000.0,20,29770000.0,-54.13748169
1000000000.0,1146905830.5499647,spectrum,31250000.0,5000000.0,5000.0,20,29772500.0,-53.17386627
1000000000.0,1146905830.5499647,spectrum,31250000.0,5000000.0,5000.0,20,29775000.0,-52.88588333
1000000000.0,1146905830.5499647,spectrum,31250000.0,5000000.0,5000.0,20,29777500.0,-53.53110123
1000000000.0,1146905830.5499647,spectrum,31250000.0,5000000.0,5000.0,20,29780000.0,-53.80512619
1000000000.0,1146905830.5499647,spectrum,31250000.0,5000000.0,5000.0,20,29782500.0,-53.74270248
1000000000.0,1146905830.5499647,spectrum,31250000.0,5000000.0,5000.0,20,29785000.0,-54.54883194
1000000000.0,1146905830.5499647,spectrum,31250000.0,5000000.0,5000.0,20,29787500.0,-52.8948555
1000000000.0,1146905830.5499647,spectrum,31250000.0,5000000.0,5000.0,20,29790000.0,-51.344841
1000000000.0,1146905830.5499647,spectrum,31250000.0,5000000.0,5000.0,20,29792500.0,-51.66030884
1000000000.0,1146905830.5499647,spectrum,31250000.0,5000000.0,5000.0,20,29795000.0,-52.61268997
1000000000.0,1146905830.5499647,spectrum,31250000.0,5000000.0,5000.0,20,29797500.0,-52.75381851
1000000000.0,1146905830.5499647,spectrum,31250000.0,5000000.0,5000.0,20,29800000.0,-52.18138504
1000000000.0,1146905830.5499647,spectrum,31250000.0,5000000.0,5000.0,20,29802500.0,-51.79115295
1000000000.0,1146905830.5499647,spectrum,31250000.0,5000000.0,5000.0,20,29805000.0,-53.05088806
1000000000.0,1146905830.5499647,spectrum,31250000.0,5000000.0,5000.0,20,29807500.0,-52.71153641
1000000000.0,1146905830.5499647,spectrum,31250000.0,5000000.0,5000.0,20,29810000.0,-52.1880455
1000000000.0,1146905830.5499647,spectrum,31250000.0,5000000.0,5000.0,20,29812500.0,-51.1687355
1000000000.0,1146905830.5499647,spectrum,31250000.0,5000000.0,5000.0,20,29815000.0,-46.64886475
1000000000.0,1146905830.5499647,spectrum,31250000.0,5000000.0,5000.0,20,29817500.0,-44.57537079
1000000000.0,1146905830.5499647,spectrum,31250000.0,5000000.0,5000.0,20,29820000.0,-46.64774704
1000000000.0,1146905830.5499647,spectrum,31250000.0,5000000.0,5000.0,20,29822500.0,-51.34860229
1000000000.0,1146905830.5499647,spectrum,31250000.0,5000000.0,5000.0,20,29825000.0,-53.44665909
1000000000.0,1146905830.5499647,spectrum,31250000.0,5000000.0,5000.0,20,29827500.0,-52.80060577
1000000000.0,1146905830.5499647,spectrum,31250000.0,5000000.0,5000.0,20,29830000.0,-52.2080307
1000000000.0,1146905830.5499647,spectrum,31250000.0,5000000.0,5000.0,20,29832500.0,-50.27059555
1000000000.0,1146905830.5499647,spectrum,31250000.0,5000000.0,5000.0,20,29835000.0,-44.40526199
1000000000.0,1146905830.5499647,spectrum,31250000.0,5000000.0,5000.0,20,29837500.0,-40.18304062
1000000000.0,1146905830.5499647,spectrum,31250000.0,5000000.0,5000.0,20,29840000.0,-39.9278183
1000000000.0,1146905830.5499647,spectrum,31250000.0,5000000.0,5000.0,20,29842500.0,-43.17795181
1000000000.0,1146905830.5499647,spectrum,31250000.0,5000000.0,5000.0,20,29845000.0,-48.59946823
1000000000.0,1146905830.5499647,spectrum,31250000.0,5000000.0,5000.0,20,29847500.0,-52.5871582
1000000000.0,1146905830.5499647,spectrum,31250000.0,5000000.0,5000.0,20,29850000.0,-53.93554306
1000000000.0,1146905830.5499647,spectrum,31250000.0,5000000.0,5000.0,20,29852500.0,-54.48472214
1000000000.0,1146905830.5499647,spectrum,31250000.0,5000000.0,5000.0,20,29855000.0,-53.10414505
1000000000.0,1146905830.5499647,spectrum,31250000.0,5000000.0,5000.0,20,29857500.0,-50.6626358
1000000000.0,1146905830.5499647,spectrum,31250000.0,5000000.0,5000.0,20,29860000.0,-45.20123291
1000000000.0,1146905830.5499647,spectrum,31250000.0,5000000.0,5000.0,20,29862500.0,-42.20643234
1000000000.0,1146905830.5499647,spectrum,31250000.0,5000000.0,5000.0,20,29865000.0,-44.02744293
1000000000.0,1146905830.5499647,spectrum,31250000.0,5000000.0,5000.0,20,29867500.0,-49.32061386
1000000000.0,1146905830.5499647,spectrum,31250000.0,5000000.0,5000.0,20,29870000.0,-51.62392044
1000000000.0,1146905830.5499647,spectrum,31250000.0,5000000.0,5000.0,20,29872500.0,-52.57703018
1000000000.0,1146905830.5499647,spectrum,31250000.0,5000000.0,5000.0,20,29875000.0,-52.29214096
1000000000.0,1146905830.5499647,spectrum,31250000.0,5000000.0,5000.0,20,29877500.0,-51.73067474
1000000000.0,1146905830.5499647,spectrum,31250000.0,5000000.0,5000.0,20,29880000.0,-52.34012604
1000000000.0,1146905830.5499647,spectrum,31250000.0,5000000.0,5000.0,20,29882500.0,-52.24177933
1000000000.0,1146905830.5499647,spectrum,31250000.0,5000000.0,5000.0,20,29885000.0,-50.83738708
1000000000.0,1146905830.5499647,spectrum,31250000.0,5000000.0,5000.0,20,29887500.0,-50.45004654
1000000000.0,1146905830.5499647,spectrum,31250000.0,5000000.0,5000.0,20,29890000.0,-50.13644791
1000000000.0,1146905830.5499647,spectrum,31250000.0,5000000.0,5000.0,20,29892500.0,-49.74752045
1000000000.0,1146905830.5499647,spectrum,31250000.0,5000000.0,5000.0,20,29895000.0,-49.75209427
1000000000.0,1146905830.5499647,spectrum,31250000.0,5000000.0,5000.0,20,29897500.0,-49.75669861
1000000000.0,1146905830.5499647,spectrum,31250000.0,5000000.0,5000.0,20,29900000.0,-50.81044006
1000000000.0,1146905830.5499647,spectrum,31250000.0,5000000.0,5000.0,20,29902500.0,-52.14091492
1000000000.0,1146905830.5499647,spectrum,31250000.0,5000000.0,5000.0,20,29905000.0,-52.00839615
1000000000.0,1146905830.5499647,spectrum,31250000.0,5000000.0,5000.0,20,29907500.0,-52.22784424
1000000000.0,1146905830.5499647,spectrum,31250000.0,5000000.0,5000.0,20,29910000.0,-52.69034958
1000000000.0,1146905830.5499647,spectrum,31250000.0,5000000.0,5000.0,20,29912500.0,-52.49686432
1000000000.0,1146905830.5499647,spectrum,31250000.0,5000000.0,5000.0,20,29915000.0,-52.40156937
1000000000.0,1146905830.5499647,spectrum,31250000.0,5000000.0,5000.0,20,29917500.0,-52.38920593
1000000000.0,1146905830.5499647,spectrum,31250000.0,5000000.0,5000.0,20,29920000.0,-51.67694092
1000000000.0,1146905830.5499647,spectrum,31250000.0,5000000.0,5000.0,20,29922500.0,-51.45477676
1000000000.0,1146905830.5499647,spectrum,31250000.0,5000000.0,5000.0,20,29925000.0,-52.19400406
1000000000.0,1146905830.5499647,spectrum,31250000.0,5000000.0,5000.0,20,29927500.0,-52.1929245
1000000000.0,1146905830.5499647,spectrum,31250000.0,5000000.0,5000.0,20,29930000.0,-51.05409622
1000000000.0,1146905830.5499647,spectrum,31250000.0,5000000.0,5000.0,20,29932500.0,-51.38901901
1000000000.0,1146905830.5499647,spectrum,31250000.0,5000000.0,5000.0,20,29935000.0,-52.50922012
1000000000.0,1146905830.5499647,spectrum,31250000.0,5000000.0,5000.0,20,29937500.0,-50.97371674
1000000000.0,1146905830.5499647,spectrum,31250000.0,5000000.0,5000.0,20,29940000.0,-50.29372406
1000000000.0,1146905830.5499647,spectrum,31250000.0,5000000.0,5000.0,20,29942500.0,-52.59547806
1000000000.0,1146905830.5499647,spectrum,31250000.0,5000000.0,5000.0,20,29945000.0,-54.36801147
1000000000.0,1146905830.5499647,spectrum,31250000.0,5000000.0,5000.0,20,29947500.0,-54.0597229
1000000000.0,1146905830.5499647,spectrum,31250000.0,5000000.0,5000.0,20,29950000.0,-54.56655884
1000000000.0,1146905830.5499647,spectrum,31250000.0,5000000.0,5000.0,20,29952500.0,-55.13769531
1000000000.0,1146905830.5499647,spectrum,31250000.0,5000000.0,5000.0,20,29955000.0,-53.4201622
1000000000.0,1146905830.5499647,spectrum,31250000.0,5000000.0,5000.0,20,29957500.0,-51.76208878
1000000000.0,1146905830.5499647,spectrum,31250000.0,5000000.0,5000.0,20,29960000.0,-52.15045547
1000000000.0,1146905830.5499647,spectrum,31250000.0,5000000.0,5000.0,20,29962500.0,-53.4367485
1000000000.0,1146905830.5499647,spectrum,31250000.0,5000000.0,5000.0,20,29965000.0,-54.88476181
1000000000.0,1146905830.5499647,spectrum,31250000.0,5000000.0,5000.0,20,29967500.0,-55.9048996
1000000000.0,1146905830.5499647,spectrum,31250000.0,5000000.0,5000.0,20,29970000.0,-56.80548477
1000000000.0,1146905830.5499647,spectrum,31250000.0,5000000.0,5000.0,20,29972500.0,-55.21756744
1000000000.0,1146905830.5499647,spectrum,31250000.0,5000000.0,5000.0,20,29975000.0,-52.52097702
1000000000.0,1146905830.5499647,spectrum,31250000.0,5000000.0,5000.0,20,29977500.0,-52.29860306
1000000000.0,1146905830.5499647,spectrum,31250000.0,5000000.0,5000.0,20,29980000.0,-52.94055939
1000000000.0,1146905830.5499647,spectrum,31250000.0,5000000.0,5000.0,20,29982500.0,-53.46975327
1000000000.0,1146905830.5499647,spectrum,31250000.0,5000000.0,5000.0,20,29985000.0,-53.33478165
1000000000.0,1146905830.5499647,spectrum,31250000.0,5000000.0,5000.0,20,29987500.0,-53.14001465
1000000000.0,1146905830.5499647,spectrum,31250000.0,5000000.0,5000.0,20,29990000.0,-52.77444077
1000000000.0,1146905830.5499647,spectrum,31250000.0,5000000.0,5000.0,20,29992500.0,-52.4233284
1000000000.0,1146905830.5499647,spectrum,31250000.0,5000000.0,5000.0,20,29995000.0,-51.4753685
1000000000.0,1146905830.5499647,spectrum,31250000.0,5000000.0,5000.0,20,29997500.0,-51.27917099
1000000000.0,1146905830.5499647,spectrum,31250000.0,5000000.0,5000.0,20,30000000.0,-52.5102005
1000000000.0,1146905830.5499647,spectrum,31250000.0,5000000.0,5000.0,20,30002500.0,-52.82651138
1000000000.0,1146905830.5499647,spectrum,31250000.0,5000000.0,5000.0,20,30005000.0,-53.40932083
1000000000.0,1146905830.5499647,spectrum,31250000.0,5000000.0,5000.0,20,30007500.0,-52.8874321
1000000000.0,1146905830.5499647,spectrum,31250000.0,5000000.0,5000.0,20,30010000.0,-52.33442688
1000000000.0,1146905830.5499647,spectrum,31250000.0,5000000.0,5000.0,20,30012500.0,-53.55873871
1000000000.0,1146905830.5499647,spectrum,31250000.0,5000000.0,5000.0,20,30015000.0,-54.32622147
1000000000.0,1146905830.5499647,spectrum,31250000.0,5000000.0,5000.0,20,30017500.0,-53.62638092
1000000000.0,1146905830.5499647,spectrum,31250000.0,5000000.0,5000.0,20,30020000.0,-52.9548378
1000000000.0,1146905830.5499647,spectrum,31250000.0,5000000.0,5000.0,20,30022500.0,-53.74634552
1000000000.0,1146905830.5499647,spectrum,31250000.0,5000000.0,5000.0,20,30025000.0,-55.44734955
1000000000.0,1146905830.5499647,spectrum,31250000.0,5000000.0,5000.0,20,30027500.0,-54.96067429
1000000000.0,1146905830.5499647,spectrum,31250000.0,5000000.0,5000.0,20,30030000.0,-54.81437683
1000000000.0,1146905830.5499647,spectrum,31250000.0,5000000.0,5000.0,20,30032500.0,-55.05877686
1000000000.0,1146905830.5499647,spectrum,31250000.0,5000000.0,5000.0,20,30035000.0,-53.06460571
1000000000.0,1146905830.5499647,spectrum,31250000.0,5000000.0,5000.0,20,30037500.0,-50.86141205
1000000000.0,1146905830.5499647,spectrum,31250000.0,5000000.0,5000.0,20,30040000.0,-49.08837509
1000000000.0,1146905830.5499647,spectrum,31250000.0,5000000.0,5000.0,20,30042500.0,-49.37909698
1000000000.0,1146905830.5499647,spectrum,31250000.0,5000000.0,5000.0,20,30045000.0,-51.597229
1000000000.0,1146905830.5499647,spectrum,31250000.0,5000000.0,5000.0,20,30047500.0,-53.24350357
1000000000.0,1146905830.5499647,spectrum,31250000.0,5000000.0,5000.0,20,30050000.0,-52.7083931
1000000000.0,1146905830.5499647,spectrum,31250000.0,5000000.0,5000.0,20,30052500.0,-51.794384
1000000000.0,1146905830.5499647,spectrum,31250000.0,5000000.0,5000.0,20,30055000.0,-52.77797699
1000000000.0,1146905830.5499647,spectrum,31250000.0,5000000.0,5000.0,20,30057500.0,-54.95493698
1000000000.0,1146905830.5499647,spectrum,31250000.0,5000000.0,5000.0,20,30060000.0,-55.25004196
1000000000.0,1146905830.5499647,spectrum,31250000.0,5000000.0,5000.0,20,30062500.0,-54.62974548
1000000000.0,1146905830.5499647,spectrum,31250000.0,5000000.0,5000.0,20,30065000.0,-54.98100662
1000000000.0,1146905830.5499647,spectrum,31250000.0,5000000.0,5000.0,20,30067500.0,-54.64458847
1000000000.0,1146905830.5499647,spectrum,31250000.0,5000000.0,5000.0,20,30070000.0,-54.24013519
1000000000.0,1146905830.5499647,spectrum,31250000.0,5000000.0,5000.0,20,30072500.0,-54.83152771
1000000000.0,1146905830.5499647,spectrum,31250000.0,5000000.0,5000.0,20,30075000.0,-55.23422241
1000000000.0,1146905830.5499647,spectrum,31250000.0,5000000.0,5000.0,20,30077500.0,-54.54558945
1000000000.0,1146905830.5499647,spectrum,31250000.0,5000000.0,5000.0,20,30080000.0,-54.02027512
1000000000.0,1146905830.5499647,spectrum,31250000.0,5000000.0,5000.0,20,30082500.0,-55.16312027
1000000000.0,1146905830.5499647,spectrum,31250000.0,5000000.0,5000.0,20,30085000.0,-56.34554291
1000000000.0,1146905830.5499647,spectrum,31250000.0,5000000.0,5000.0,20,30087500.0,-55.82543182
1000000000.0,1146905830.5499647,spectrum,31250000.0,5000000.0,5000.0,20,30090000.0,-55.63028336
1000000000.0,1146905830.5499647,spectrum,31250000.0,5000000.0,5000.0,20,30092500.0,-55.2951889
1000000000.0,1146905830.5499647,spectrum,31250000.0,5000000.0,5000.0,20,30095000.0,-54.72510147
1000000000.0,1146905830.5499647,spectrum,31250000.0,5000000.0,5000.0,20,30097500.0,-53.49746704
1000000000.0,1146905830.5499647,spectrum,31250000.0,5000000.0,5000.0,20,30100000.0,-52.86585999
1000000000.0,1146905830.5499647,spectrum,31250000.0,5000000.0,5000.0,20,30102500.0,-53.72379303
1000000000.0,1146905830.5499647,spectrum,31250000.0,5000000.0,5000.0,20,30105000.0,-55.63243866
1000000000.0,1146905830.5499647,spectrum,31250000.0,5000000.0,5000.0,20,30107500.0,-57.15346909
1000000000.0,1146905830.5499647,spectrum,31250000.0,5000000.0,5000.0,20,30110000.0,-56.17047119
1000000000.0,1146905830.5499647,spectrum,31250000.0,5000000.0,5000.0,20,30112500.0,-51.09369278
1000000000.0,1146905830.5499647,spectrum,31250000.0,5000000.0,5000.0,20,30115000.0,-43.44314194
1000000000.0,1146905830.5499647,spectrum,31250000.0,5000000.0,5000.0,20,30117500.0,-39.87560654
1000000000.0,1146905830.5499647,spectrum,31250000.0,5000000.0,5000.0,20,30120000.0,-41.33229446
1000000000.0,1146905830.5499647,spectrum,31250000.0,5000000.0,5000.0,20,30122500.0,-47.14333725
1000000000.0,1146905830.5499647,spectrum,31250000.0,5000000.0,5000.0,20,30125000.0,-51.61899948
1000000000.0,1146905830.5499647,spectrum,31250000.0,5000000.0,5000.0,20,30127500.0,-53.21940613
1000000000.0,1146905830.5499647,spectrum,31250000.0,5000000.0,5000.0,20,30130000.0,-53.66975021
1000000000.0,1146905830.5499647,spectrum,31250000.0,5000000.0,5000.0,20,30132500.0,-51.52394485
1000000000.0,1146905830.5499647,spectrum,31250000.0,5000000.0,5000.0,20,30135000.0,-48.34337234
1000000000.0,1146905830.5499647,spectrum,31250000.0,5000000.0,5000.0,20,30137500.0,-46.6415863
1000000000.0,1146905830.5499647,spectrum,31250000.0,5000000.0,5000.0,20,30140000.0,-45.63135147
1000000000.0,1146905830.5499647,spectrum,31250000.0,5000000.0,5000.0,20,30142500.0,-45.85162735
1000000000.0,1146905830.5499647,spectrum,31250000.0,5000000.0,5000.0,20,30145000.0,-47.71320724
1000000000.0,1146905830.5499647,spectrum,31250000.0,5000000.0,5000.0,20,30147500.0,-47.11392212
1000000000.0,1146905830.5499647,spectrum,31250000.0,5000000.0,5000.0,20,30150000.0,-46.72494888
1000000000.0,1146905830.5499647,spectrum,31250000.0,5000000.0,5000.0,20,30152500.0,-46.85456085
1000000000.0,1146905830.5499647,spectrum,31250000.0,5000000.0,5000.0,20,30155000.0,-46.81211853
1000000000.0,1146905830.5499647,spectrum,31250000.0,5000000.0,5000.0,20,30157500.0,-47.09212875
1000000000.0,1146905830.5499647,spectrum,31250000.0,5000000.0,5000.0,20,30160000.0,-47.96457672
1000000000.0,1146905830.5499647,spectrum,31250000.0,5000000.0,5000.0,20,30162500.0,-48.54801178
1000000000.0,1146905830.5499647,spectrum,31250000.0,5000000.0,5000.0,20,30165000.0,-47.93270874
1000000000.0,1146905830.5499647,spectrum,31250000.0,5000000.0,5000.0,20,30167500.0,-47.903965
1000000000.0,1146905830.5499647,spectrum,31250000.0,5000000.0,5000.0,20,30170000.0,-36.68390656
1000000000.0,1146905830.5499647,spectrum,31250000.0,5000000.0,5000.0,20,30172500.0,-26.58603859
1000000000.0,1146905830.5499647,spectrum,31250000.0,5000000.0,5000.0,20,30175000.0,-22.487257
1000000000.0,1146905830.5499647,spectrum,31250000.0,5000000.0,5000.0,20,30177500.0,-23.81581116
1000000000.0,1146905830.5499647,spectrum,31250000.0,5000000.0,5000.0,20,30180000.0,-30.71739006
1000000000.0,1146905830.5499647,spectrum,31250000.0,5000000.0,5000.0,20,30182500.0,-43.33171463
1000000000.0,1146905830.5499647,spectrum,31250000.0,5000000.0,5000.0,20,30185000.0,-46.38526154
1000000000.0,1146905830.5499647,spectrum,31250000.0,5000000.0,5000.0,20,30187500.0,-41.65093994
1000000000.0,1146905830.5499647,spectrum,31250000.0,5000000.0,5000.0,20,30190000.0,-38.18675995
1000000000.0,1146905830.5499647,spectrum,31250000.0,5000000.0,5000.0,20,30192500.0,-38.36683655
1000000000.0,1146905830.5499647,spectrum,31250000.0,5000000.0,5000.0,20,30195000.0,-40.61178589
1000000000.0,1146905830.5499647,spectrum,31250000.0,5000000.0,5000.0,20,30197500.0,-41.82221603
1000000000.0,1146905830.5499647,spectrum,31250000.0,5000000.0,5000.0,20,30200000.0,-41.93662643
1000000000.0,1146905830.5499647,spectrum,31250000.0,5000000.0,5000.0,20,30202500.0,-42.65609741
1000000000.0,1146905830.5499647,spectrum,31250000.0,5000000.0,5000.0,20,30205000.0,-43.83974457
1000000000.0,1146905830.5499647,spectrum,31250000.0,5000000.0,5000.0,20,30207500.0,-43.83900452
1000000000.0,1146905830.5499647,spectrum,31250000.0,5000000.0,5000.0,20,30210000.0,-44.45653152
1000000000.0,1146905830.5499647,spectrum,31250000.0,5000000.0,5000.0,20,30212500.0,-46.69802094
1000000000.0,1146905830.5499647,spectrum,31250000.0,5000000.0,5000.0,20,30215000.0,-48.00125504
1000000000.0,1146905830.5499647,spectrum,31250000.0,5000000.0,5000.0,20,30217500.0,-47.78417587
1000000000.0,1146905830.5499647,spectrum,31250000.0,5000000.0,5000.0,20,30220000.0,-48.39311218
1000000000.0,1146905830.5499647,spectrum,31250000.0,5000000.0,5000.0,20,30222500.0,-47.40492249
1000000000.0,1146905830.5499647,spectrum,31250000.0,5000000.0,5000.0,20,30225000.0,-47.54716492
1000000000.0,1146905830.5499647,spectrum,31250000.0,5000000.0,5000.0,20,30227500.0,-47.57055664
1000000000.0,1146905830.5499647,spectrum,31250000.0,5000000.0,5000.0,20,30230000.0,-44.0536232
1000000000.0,1146905830.5499647,spectrum,31250000.0,5000000.0,5000.0,20,30232500.0,-43.38634109
1000000000.0,1146905830.5499647,spectrum,31250000.0,5000000.0,5000.0,20,30235000.0,-47.44457626
1000000000.0,1146905830.5499647,spectrum,31250000.0,5000000.0,5000.0,20,30237500.0,-48.93162537
1000000000.0,1146905830.5499647,spectrum,31250000.0,5000000.0,5000.0,20,30240000.0,-46.14012146
1000000000.0,1146905830.5499647,spectrum,31250000.0,5000000.0,5000.0,20,30242500.0,-45.26877975
1000000000.0,1146905830.5499647,spectrum,31250000.0,5000000.0,5000.0,20,30245000.0,-44.03288269
1000000000.0,1146905830.5499647,spectrum,31250000.0,5000000.0,5000.0,20,30247500.0,-42.38229752
1000000000.0,1146905830.5499647,spectrum,31250000.0,5000000.0,5000.0,20,30250000.0,-42.73133469
1000000000.0,1146905830.5499647,spectrum,31250000.0,5000000.0,5000.0,20,30252500.0,-43.52074432
1000000000.0,1146905830.5499647,spectrum,31250000.0,5000000.0,5000.0,20,30255000.0,-44.13305283
1000000000.0,1146905830.5499647,spectrum,31250000.0,5000000.0,5000.0,20,30257500.0,-44.57408905
1000000000.0,1146905830.5499647,spectrum,31250000.0,5000000.0,5000.0,20,30260000.0,-45.01245117
1000000000.0,1146905830.5499647,spectrum,31250000.0,5000000.0,5000.0,20,30262500.0,-46.57898331
1000000000.0,1146905830.5499647,spectrum,31250000.0,5000000.0,5000.0,20,30265000.0,-48.15546799
1000000000.0,1146905830.5499647,spectrum,31250000.0,5000000.0,5000.0,20,30267500.0,-48.02689362
1000000000.0,1146905830.5499647,spectrum,31250000.0,5000000.0,5000.0,20,30270000.0,-48.79335403
1000000000.0,1146905830.5499647,spectrum,31250000.0,5000000.0,5000.0,20,30272500.0,-50.76773071
1000000000.0,1146905830.5499647,spectrum,31250000.0,5000000.0,5000.0,20,30275000.0,-50.16226578
1000000000.0,1146905830.5499647,spectrum,31250000.0,5000000.0,5000.0,20,30277500.0,-49.23624039
1000000000.0,1146905830.5499647,spectrum,31250000.0,5000000.0,5000.0,20,30280000.0,-48.03178406
1000000000.0,1146905830.5499647,spectrum,31250000.0,5000000.0,5000.0,20,30282500.0,-44.31303406
1000000000.0,1146905830.5499647,spectrum,31250000.0,5000000.0,5000.0,20,30285000.0,-43.44408035
1000000000.0,1146905830.5499647,spectrum,31250000.0,5000000.0,5000.0,20,30287500.0,-46.29426575
1000000000.0,1146905830.5499647,spectrum,31250000.0,5000000.0,5000.0,20,30290000.0,-48.67547607
1000000000.0,1146905830.5499647,spectrum,31250000.0,5000000.0,5000.0,20,30292500.0,-47.20924377
1000000000.0,1146905830.5499647,spectrum,31250000.0,5000000.0,5000.0,20,30295000.0,-45.32126236
1000000000.0,1146905830.5499647,spectrum,31250000.0,5000000.0,5000.0,20,30297500.0,-44.07447433
1000000000.0,1146905830.5499647,spectrum,31250000.0,5000000.0,5000.0,20,30300000.0,-43.52474594
1000000000.0,1146905830.5499647,spectrum,31250000.0,5000000.0,5000.0,20,30302500.0,-44.43777084
1000000000.0,1146905830.5499647,spectrum,31250000.0,5000000.0,5000.0,20,30305000.0,-44.49452972
1000000000.0,1146905830.5499647,spectrum,31250000.0,5000000.0,5000.0,20,30307500.0,-44.42345047
1000000000.0,1146905830.5499647,spectrum,31250000.0,5000000.0,5000.0,20,30310000.0,-45.38762283
1000000000.0,1146905830.5499647,spectrum,31250000.0,5000000.0,5000.0,20,30312500.0,-46.17316437
1000000000.0,1146905830.5499647,spectrum,31250000.0,5000000.0,5000.0,20,30315000.0,-48.2366066
1000000000.0,1146905830.5499647,spectrum,31250000.0,5000000.0,5000.0,20,30317500.0,-51.27947998
1000000000.0,1146905830.5499647,spectrum,31250000.0,5000000.0,5000.0,20,30320000.0,-50.47428894
1000000000.0,1146905830.5499647,spectrum,31250000.0,5000000.0,5000.0,20,30322500.0,-50.51293945
1000000000.0,1146905830.5499647,spectrum,31250000.0,5000000.0,5000.0,20,30325000.0,-51.00669098
1000000000.0,1146905830.5499647,spectrum,31250000.0,5000000.0,5000.0,20,30327500.0,-50.93055725
1000000000.0,1146905830.5499647,spectrum,31250000.0,5000000.0,5000.0,20,30330000.0,-51.25366592
1000000000.0,1146905830.5499647,spectrum,31250000.0,5000000.0,5000.0,20,30332500.0,-51.02103424
1000000000.0,1146905830.5499647,spectrum,31250000.0,5000000.0,5000.0,20,30335000.0,-50.9931488
1000000000.0,1146905830.5499647,spectrum,31250000.0,5000000.0,5000.0,20,30337500.0,-50.70909119
1000000000.0,1146905830.5499647,spectrum,31250000.0,5000000.0,5000.0,20,30340000.0,-50.50026321
1000000000.0,1146905830.5499647,spectrum,31250000.0,5000000.0,5000.0,20,30342500.0,-50.27174759
1000000000.0,1146905830.5499647,spectrum,31250000.0,5000000.0,5000.0,20,30345000.0,-49.4659462
1000000000.0,1146905830.5499647,spectrum,31250000.0,5000000.0,5000.0,20,30347500.0,-48.22146225
1000000000.0,1146905830.5499647,spectrum,31250000.0,5000000.0,5000.0,20,30350000.0,-46.29421234
1000000000.0,1146905830.5499647,spectrum,31250000.0,5000000.0,5000.0,20,30352500.0,-43.82916641
1000000000.0,1146905830.5499647,spectrum,31250000.0,5000000.0,5000.0,20,30355000.0,-43.28941727
1000000000.0,1146905830.5499647,spectrum,31250000.0,5000000.0,5000.0,20,30357500.0,-44.93099594
1000000000.0,1146905830.5499647,spectrum,31250000.0,5000000.0,5000.0,20,30360000.0,-46.9343071
1000000000.0,1146905830.5499647,spectrum,31250000.0,5000000.0,5000.0,20,30362500.0,-47.22694778
1000000000.0,1146905830.5499647,spectrum,31250000.0,5000000.0,5000.0,20,30365000.0,-48.05216599
1000000000.0,1146905830.5499647,spectrum,31250000.0,5000000.0,5000.0,20,30367500.0,-50.71615219
1000000000.0,1146905830.5499647,spectrum,31250000.0,5000000.0,5000.0,20,30370000.0,-50.66625595
1000000000.0,1146905830.5499647,spectrum,31250000.0,5000000.0,5000.0,20,30372500.0,-49.21723557
1000000000.0,1146905830.5499647,spectrum,31250000.0,5000000.0,5000.0,20,30375000.0,-48.37773132
1000000000.0,1146905830.5499647,spectrum,31250000.0,5000000.0,5000.0,20,30377500.0,-48.7716217
1000000000.0,1146905830.5499647,spectrum,31250000.0,5000000.0,5000.0,20,30380000.0,-49.9624176
1000000000.0,1146905830.5499647,spectrum,31250000.0,5000000.0,5000.0,20,30382500.0,-50.81959534
1000000000.0,1146905830.5499647,spectrum,31250000.0,5000000.0,5000.0,20,30385000.0,-52.52815628
1000000000.0,1146905830.5499647,spectrum,31250000.0,5000000.0,5000.0,20,30387500.0,-53.2261467
1000000000.0,1146905830.5499647,spectrum,31250000.0,5000000.0,5000.0,20,30390000.0,-51.69620895
1000000000.0,1146905830.5499647,spectrum,31250000.0,5000000.0,5000.0,20,30392500.0,-50.92483139
1000000000.0,1146905830.5499647,spectrum,31250000.0,5000000.0,5000.0,20,30395000.0,-50.12621689
1000000000.0,1146905830.5499647,spectrum,31250000.0,5000000.0,5000.0,20,30397500.0,-48.55225372
1000000000.0,1146905830.5499647,spectrum,31250000.0,5000000.0,5000.0,20,30400000.0,-47.47664642
1000000000.0,1146905830.5499647,spectrum,31250000.0,5000000.0,5000.0,20,30402500.0,-47.28048706
1000000000.0,1146905830.5499647,spectrum,31250000.0,5000000.0,5000.0,20,30405000.0,-47.21440887
1000000000.0,1146905830.5499647,spectrum,31250000.0,5000000.0,5000.0,20,30407500.0,-47.5251236
1000000000.0,1146905830.5499647,spectrum,31250000.0,5000000.0,5000.0,20,30410000.0,-47.69686127
1000000000.0,1146905830.5499647,spectrum,31250000.0,5000000.0,5000.0,20,30412500.0,-48.11172485
1000000000.0,1146905830.5499647,spectrum,31250000.0,5000000.0,5000.0,20,30415000.0,-48.58719635
1000000000.0,1146905830.5499647,spectrum,31250000.0,5000000.0,5000.0,20,30417500.0,-48.89188385
1000000000.0,1146905830.5499647,spectrum,31250000.0,5000000.0,5000.0,20,30420000.0,-48.8025322
1000000000.0,1146905830.5499647,spectrum,31250000.0,5000000.0,5000.0,20,30422500.0,-48.3355484
1000000000.0,1146905830.5499647,spectrum,31250000.0,5000000.0,5000.0,20,30425000.0,-48.45289993
1000000000.0,1146905830.5499647,spectrum,31250000.0,5000000.0,5000.0,20,30427500.0,-49.25168228
1000000000.0,1146905830.5499647,spectrum,31250000.0,5000000.0,5000.0,20,30430000.0,-49.6077652
1000000000.0,1146905830.5499647,spectrum,31250000.0,5000000.0,5000.0,20,30432500.0,-48.80378342
1000000000.0,1146905830.5499647,spectrum,31250000.0,5000000.0,5000.0,20,30435000.0,-48.48037338
1000000000.0,1146905830.5499647,spectrum,31250000.0,5000000.0,5000.0,20,30437500.0,-48.76221466
1000000000.0,1146905830.5499647,spectrum,31250000.0,5000000.0,5000.0,20,30440000.0,-48.92066574
1000000000.0,1146905830.5499647,spectrum,31250000.0,5000000.0,5000.0,20,30442500.0,-49.63969803
1000000000.0,1146905830.5499647,spectrum,31250000.0,5000000.0,5000.0,20,30445000.0,-46.67681503
1000000000.0,1146905830.5499647,spectrum,31250000.0,5000000.0,5000.0,20,30447500.0,-38.12138367
1000000000.0,1146905830.5499647,spectrum,31250000.0,5000000.0,5000.0,20,30450000.0,-33.90280914
1000000000.0,1146905830.5499647,spectrum,31250000.0,5000000.0,5000.0,20,30452500.0,-34.88935089
1000000000.0,1146905830.5499647,spectrum,31250000.0,5000000.0,5000.0,20,30455000.0,-40.5835495
1000000000.0,1146905830.5499647,spectrum,31250000.0,5000000.0,5000.0,20,30457500.0,-46.49624634
1000000000.0,1146905830.5499647,spectrum,31250000.0,5000000.0,5000.0,20,30460000.0,-49.89712143
1000000000.0,1146905830.5499647,spectrum,31250000.0,5000000.0,5000.0,20,30462500.0,-50.0113678
1000000000.0,1146905830.5499647,spectrum,31250000.0,5000000.0,5000.0,20,30465000.0,-48.37109756
1000000000.0,1146905830.5499647,spectrum,31250000.0,5000000.0,5000.0,20,30467500.0,-47.10329819
1000000000.0,1146905830.5499647,spectrum,31250000.0,5000000.0,5000.0,20,30470000.0,-45.24205017
1000000000.0,1146905830.5499647,spectrum,31250000.0,5000000.0,5000.0,20,30472500.0,-45.11273575
1000000000.0,1146905830.5499647,spectrum,31250000.0,5000000.0,5000.0,20,30475000.0,-47.41006088
1000000000.0,1146905830.5499647,spectrum,31250000.0,5000000.0,5000.0,20,30477500.0,-48.07902527
1000000000.0,1146905830.5499647,spectrum,31250000.0,5000000.0,5000.0,20,30480000.0,-46.57561493
1000000000.0,1146905830.5499647,spectrum,31250000.0,5000000.0,5000.0,20,30482500.0,-46.74448776
1000000000.0,1146905830.5499647,spectrum,31250000.0,5000000.0,5000.0,20,30485000.0,-48.10409164
1000000000.0,1146905830.5499647,spectrum,31250000.0,5000000.0,5000.0,20,30487500.0,-47.539505
1000000000.0,1146905830.5499647,spectrum,31250000.0,5000000.0,5000.0,20,30490000.0,-47.24096298
1000000000.0,1146905830.5499647,spectrum,31250000.0,5000000.0,5000.0,20,30492500.0,-46.40835571
1000000000.0,1146905830.5499647,spectrum,31250000.0,5000000.0,5000.0,20,30495000.0,-44.48202133
1000000000.0,1146905830.5499647,spectrum,31250000.0,5000000.0,5000.0,20,30497500.0,-43.77188873
1000000000.0,1146905830.5499647,spectrum,31250000.0,5000000.0,5000.0,20,30500000.0,-44.69870377
1000000000.0,1146905830.5499647,spectrum,31250000.0,5000000.0,5000.0,20,30502500.0,-45.49303818
1000000000.0,1146905830.5499647,spectrum,31250000.0,5000000.0,5000.0,20,30505000.0,-46.0100441
1000000000.0,1146905830.5499647,spectrum,31250000.0,5000000.0,5000.0,20,30507500.0,-47.14143372
1000000000.0,1146905830.5499647,spectrum,31250000.0,5000000.0,5000.0,20,30510000.0,-47.37450409
1000000000.0,1146905830.5499647,spectrum,31250000.0,5000000.0,5000.0,20,30512500.0,-46.28013992
1000000000.0,1146905830.5499647,spectrum,31250000.0,5000000.0,5000.0,20,30515000.0,-45.67753983
1000000000.0,1146905830.5499647,spectrum,31250000.0,5000000.0,5000.0,20,30517500.0,-45.27317429
1000000000.0,1146905830.5499647,spectrum,31250000.0,5000000.0,5000.0,20,30520000.0,-44.40719604
1000000000.0,1146905830.5499647,spectrum,31250000.0,5000000.0,5000.0,20,30522500.0,-44.09424591
1000000000.0,1146905830.5499647,spectrum,31250000.0,5000000.0,5000.0,20,30525000.0,-45.37915039
1000000000.0,1146905830.5499647,spectrum,31250000.0,5000000.0,5000.0,20,30527500.0,-44.65601349
1000000000.0,1146905830.5499647,spectrum,31250000.0,5000000.0,5000.0,20,30530000.0,-36.93424988
1000000000.0,1146905830.5499647,spectrum,31250000.0,5000000.0,5000.0,20,30532500.0,-31.84448242
1000000000.0,1146905830.5499647,spectrum,31250000.0,5000000.0,5000.0,20,30535000.0,-31.83056831
1000000000.0,1146905830.5499647,spectrum,31250000.0,5000000.0,5000.0,20,30537500.0,-36.84035492
1000000000.0,1146905830.5499647,spectrum,31250000.0,5000000.0,5000.0,20,30540000.0,-38.26792908
1000000000.0,1146905830.5499647,spectrum,31250000.0,5000000.0,5000.0,20,30542500.0,-32.64907837
1000000000.0,1146905830.5499647,spectrum,31250000.0,5000000.0,5000.0,20,30545000.0,-31.50866318
1000000000.0,1146905830.5499647,spectrum,31250000.0,5000000.0,5000.0,20,30547500.0,-35.31249619
1000000000.0,1146905830.5499647,spectrum,31250000.0,5000000.0,5000.0,20,30550000.0,-42.37691498
1000000000.0,1146905830.5499647,spectrum,31250000.0,5000000.0,5000.0,20,30552500.0,-42.60551071
1000000000.0,1146905830.5499647,spectrum,31250000.0,5000000.0,5000.0,20,30555000.0,-39.53202438
1000000000.0,1146905830.5499647,spectrum,31250000.0,5000000.0,5000.0,20,30557500.0,-39.19379425
1000000000.0,1146905830.5499647,spectrum,31250000.0,5000000.0,5000.0,20,30560000.0,-42.25527573
1000000000.0,1146905830.5499647,spectrum,31250000.0,5000000.0,5000.0,20,30562500.0,-43.86138916
1000000000.0,1146905830.5499647,spectrum,31250000.0,5000000.0,5000.0,20,30565000.0,-42.13328552
1000000000.0,1146905830.5499647,spectrum,31250000.0,5000000.0,5000.0,20,30567500.0,-41.03725433
1000000000.0,1146905830.5499647,spectrum,31250000.0,5000000.0,5000.0,20,30570000.0,-41.59822464
1000000000.0,1146905830.5499647,spectrum,31250000.0,5000000.0,5000.0,20,30572500.0,-43.21144867
1000000000.0,1146905830.5499647,spectrum,31250000.0,5000000.0,5000.0,20,30575000.0,-43.82948685
1000000000.0,1146905830.5499647,spectrum,31250000.0,5000000.0,5000.0,20,30577500.0,-45.30884933
1000000000.0,1146905830.5499647,spectrum,31250000.0,5000000.0,5000.0,20,30580000.0,-48.30548477
1000000000.0,1146905830.5499647,spectrum,31250000.0,5000000.0,5000.0,20,30582500.0,-48.43694305
1000000000.0,1146905830.5499647,spectrum,31250000.0,5000000.0,5000.0,20,30585000.0,-48.38357544
1000000000.0,1146905830.5499647,spectrum,31250000.0,5000000.0,5000.0,20,30587500.0,-48.28748322
1000000000.0,1146905830.5499647,spectrum,31250000.0,5000000.0,5000.0,20,30590000.0,-46.23666382
1000000000.0,1146905830.5499647,spectrum,31250000.0,5000000.0,5000.0,20,30592500.0,-44.48620224
1000000000.0,1146905830.5499647,spectrum,31250000.0,5000000.0,5000.0,20,30595000.0,-44.6269989
1000000000.0,1146905830.5499647,spectrum,31250000.0,5000000.0,5000.0,20,30597500.0,-45.90206528
1000000000.0,1146905830.5499647,spectrum,31250000.0,5000000.0,5000.0,20,30600000.0,-45.98935699
1000000000.0,1146905830.5499647,spectrum,31250000.0,5000000.0,5000.0,20,30602500.0,-45.73664474
1000000000.0,1146905830.5499647,spectrum,31250000.0,5000000.0,5000.0,20,30605000.0,-45.66353226
1000000000.0,1146905830.5499647,spectrum,31250000.0,5000000.0,5000.0,20,30607500.0,-45.64518738
1000000000.0,1146905830.5499647,spectrum,31250000.0,5000000.0,5000.0,20,30610000.0,-46.23368835
1000000000.0,1146905830.5499647,spectrum,31250000.0,5000000.0,5000.0,20,30612500.0,-43.73320389
1000000000.0,1146905830.5499647,spectrum,31250000.0,5000000.0,5000.0,20,30615000.0,-40.81859207
1000000000.0,1146905830.5499647,spectrum,31250000.0,5000000.0,5000.0,20,30617500.0,-39.91440964
1000000000.0,1146905830.5499647,spectrum,31250000.0,5000000.0,5000.0,20,30620000.0,-40.99776077
1000000000.0,1146905830.5499647,spectrum,31250000.0,5000000.0,5000.0,20,30622500.0,-42.78629303
1000000000.0,1146905830.5499647,spectrum,31250000.0,5000000.0,5000.0,20,30625000.0,-44.08732224
1000000000.0,1146905830.5499647,spectrum,31250000.0,5000000.0,5000.0,20,30627500.0,-46.17477036
1000000000.0,1146905830.5499647,spectrum,31250000.0,5000000.0,5000.0,20,30630000.0,-47.10727692
1000000000.0,1146905830.5499647,spectrum,31250000.0,5000000.0,5000.0,20,30632500.0,-46.4969635
1000000000.0,1146905830.5499647,spectrum,31250000.0,5000000.0,5000.0,20,30635000.0,-47.1310463
1000000000.0,1146905830.5499647,spectrum,31250000.0,5000000.0,5000.0,20,30637500.0,-47.35183716
1000000000.0,1146905830.5499647,spectrum,31250000.0,5000000.0,5000.0,20,30640000.0,-46.40482712
1000000000.0,1146905830.5499647,spectrum,31250000.0,5000000.0,5000.0,20,30642500.0,-43.98789597
1000000000.0,1146905830.5499647,spectrum,31250000.0,5000000.0,5000.0,20,30645000.0,-43.2129631
1000000000.0,1146905830.5499647,spectrum,31250000.0,5000000.0,5000.0,20,30647500.0,-45.46747971
1000000000.0,1146905830.5499647,spectrum,31250000.0,5000000.0,5000.0,20,30650000.0,-47.66530609
1000000000.0,1146905830.5499647,spectrum,31250000.0,5000000.0,5000.0,20,30652500.0,-46.89437866
1000000000.0,1146905830.5499647,spectrum,31250000.0,5000000.0,5000.0,20,30655000.0,-45.74013901
1000000000.0,1146905830.5499647,spectrum,31250000.0,5000000.0,5000.0,20,30657500.0,-45.84601974
1000000000.0,1146905830.5499647,spectrum,31250000.0,5000000.0,5000.0,20,30660000.0,-46.64919281
1000000000.0,1146905830.5499647,spectrum,31250000.0,5000000.0,5000.0,20,30662500.0,-46.89514923
1000000000.0,1146905830.5499647,spectrum,31250000.0,5000000.0,5000.0,20,30665000.0,-46.22356033
1000000000.0,1146905830.5499647,spectrum,31250000.0,5000000.0,5000.0,20,30667500.0,-45.98520279
1000000000.0,1146905830.5499647,spectrum,31250000.0,5000000.0,5000.0,20,30670000.0,-47.31977844
1000000000.0,1146905830.5499647,spectrum,31250000.0,5000000.0,5000.0,20,30672500.0,-48.36653519
1000000000.0,1146905830.5499647,spectrum,31250000.0,5000000.0,5000.0,20,30675000.0,-48.43864822
1000000000.0,1146905830.5499647,spectrum,31250000.0,5000000.0,5000.0,20,30677500.0,-48.02878952
1000000000.0,1146905830.5499647,spectrum,31250000.0,5000000.0,5000.0,20,30680000.0,-47.56114197
1000000000.0,1146905830.5499647,spectrum,31250000.0,5000000.0,5000.0,20,30682500.0,-46.8956871
1000000000.0,1146905830.5499647,spectrum,31250000.0,5000000.0,5000.0,20,30685000.0,-47.02602768
1000000000.0,1146905830.5499647,spectrum,31250000.0,5000000.0,5000.0,20,30687500.0,-47.64042664
1000000000.0,1146905830.5499647,spectrum,31250000.0,5000000.0,5000.0,20,30690000.0,-48.4612999
1000000000.0,1146905830.5499647,spectrum,31250000.0,5000000.0,5000.0,20,30692500.0,-48.56919861
1000000000.0,1146905830.5499647,spectrum,31250000.0,5000000.0,5000.0,20,30695000.0,-48.40331268
1000000000.0,1146905830.5499647,spectrum,31250000.0,5000000.0,5000.0,20,30697500.0,-49.12622452
1000000000.0,1146905830.5499647,spectrum,31250000.0,5000000.0,5000.0,20,30700000.0,-50.19991302
1000000000.0,1146905830.5499647,spectrum,31250000.0,5000000.0,5000.0,20,30702500.0,-50.47327423
1000000000.0,1146905830.5499647,spectrum,31250000.0,5000000.0,5000.0,20,30705000.0,-50.29574585
1000000000.0,1146905830.5499647,spectrum,31250000.0,5000000.0,5000.0,20,30707500.0,-49.76496124
1000000000.0,1146905830.5499647,spectrum,31250000.0,5000000.0,5000.0,20,30710000.0,-46.59039688
1000000000.0,1146905830.5499647,spectrum,31250000.0,5000000.0,5000.0,20,30712500.0,-44.10894012
1000000000.0,1146905830.5499647,spectrum,31250000.0,5000000.0,5000.0,20,30715000.0,-44.87673187
1000000000.0,1146905830.5499647,spectrum,31250000.0,5000000.0,5000.0,20,30717500.0,-46.74219513
1000000000.0,1146905830.5499647,spectrum,31250000.0,5000000.0,5000.0,20,30720000.0,-47.70072937
1000000000.0,1146905830.5499647,spectrum,31250000.0,5000000.0,5000.0,20,30722500.0,-48.75209808
1000000000.0,1146905830.5499647,spectrum,31250000.0,5000000.0,5000.0,20,30725000.0,-49.09630203
1000000000.0,1146905830.5499647,spectrum,31250000.0,5000000.0,5000.0,20,30727500.0,-49.09490585
1000000000.0,1146905830.5499647,spectrum,31250000.0,5000000.0,5000.0,20,30730000.0,-49.08866882
1000000000.0,1146905830.5499647,spectrum,31250000.0,5000000.0,5000.0,20,30732500.0,-49.26361084
1000000000.0,1146905830.5499647,spectrum,31250000.0,5000000.0,5000.0,20,30735000.0,-50.32799149
1000000000.0,1146905830.5499647,spectrum,31250000.0,5000000.0,5000.0,20,30737500.0,-50.5708847
1000000000.0,1146905830.5499647,spectrum,31250000.0,5000000.0,5000.0,20,30740000.0,-50.42579651
1000000000.0,1146905830.5499647,spectrum,31250000.0,5000000.0,5000.0,20,30742500.0,-51.2755661
1000000000.0,1146905830.5499647,spectrum,31250000.0,5000000.0,5000.0,20,30745000.0,-52.21105576
1000000000.0,1146905830.5499647,spectrum,31250000.0,5000000.0,5000.0,20,30747500.0,-52.46764755
1000000000.0,1146905830.5499647,spectrum,31250000.0,5000000.0,5000.0,20,30750000.0,-51.63293457
1000000000.0,1146905830.5499647,spectrum,31250000.0,5000000.0,5000.0,20,30752500.0,-51.26155472
1000000000.0,1146905830.5499647,spectrum,31250000.0,5000000.0,5000.0,20,30755000.0,-52.17987061
1000000000.0,1146905830.5499647,spectrum,31250000.0,5000000.0,5000.0,20,30757500.0,-53.35929489
1000000000.0,1146905830.5499647,spectrum,31250000.0,5000000.0,5000.0,20,30760000.0,-53.25511169
1000000000.0,1146905830.5499647,spectrum,31250000.0,5000000.0,5000.0,20,30762500.0,-52.37532425
1000000000.0,1146905830.5499647,spectrum,31250000.0,5000000.0,5000.0,20,30765000.0,-50.63428879
1000000000.0,1146905830.5499647,spectrum,31250000.0,5000000.0,5000.0,20,30767500.0,-49.39847183
1000000000.0,1146905830.5499647,spectrum,31250000.0,5000000.0,5000.0,20,30770000.0,-49.26099014
1000000000.0,1146905830.5499647,spectrum,31250000.0,5000000.0,5000.0,20,30772500.0,-49.03043365
1000000000.0,1146905830.5499647,spectrum,31250000.0,5000000.0,5000.0,20,30775000.0,-49.94989395
1000000000.0,1146905830.5499647,spectrum,31250000.0,5000000.0,5000.0,20,30777500.0,-51.62716675
1000000000.0,1146905830.5499647,spectrum,31250000.0,5000000.0,5000.0,20,30780000.0,-51.80833817
1000000000.0,1146905830.5499647,spectrum,31250000.0,5000000.0,5000.0,20,30782500.0,-51.54889297
1000000000.0,1146905830.5499647,spectrum,31250000.0,5000000.0,5000.0,20,30785000.0,-50.99336243
1000000000.0,1146905830.5499647,spectrum,31250000.0,5000000.0,5000.0,20,30787500.0,-50.57122421
1000000000.0,1146905830.5499647,spectrum,31250000.0,5000000.0,5000.0,20,30790000.0,-51.54989243
1000000000.0,1146905830.5499647,spectrum,31250000.0,5000000.0,5000.0,20,30792500.0,-51.93498993
1000000000.0,1146905830.5499647,spectrum,31250000.0,5000000.0,5000.0,20,30795000.0,-50.58533859
1000000000.0,1146905830.5499647,spectrum,31250000.0,5000000.0,5000.0,20,30797500.0,-50.1580658
1000000000.0,1146905830.5499647,spectrum,31250000.0,5000000.0,5000.0,20,30800000.0,-51.1741333
1000000000.0,1146905830.5499647,spectrum,31250000.0,5000000.0,5000.0,20,30802500.0,-52.60363007
1000000000.0,1146905830.5499647,spectrum,31250000.0,5000000.0,5000.0,20,30805000.0,-53.39619827
1000000000.0,1146905830.5499647,spectrum,31250000.0,5000000.0,5000.0,20,30807500.0,-53.62177658
1000000000.0,1146905830.5499647,spectrum,31250000.0,5000000.0,5000.0,20,30810000.0,-53.62247849
1000000000.0,1146905830.5499647,spectrum,31250000.0,5000000.0,5000.0,20,30812500.0,-53.96608734
1000000000.0,1146905830.5499647,spectrum,31250000.0,5000000.0,5000.0,20,30815000.0,-54.67281723
1000000000.0,1146905830.5499647,spectrum,31250000.0,5000000.0,5000.0,20,30817500.0,-54.18925858
1000000000.0,1146905830.5499647,spectrum,31250000.0,5000000.0,5000.0,20,30820000.0,-53.47409058
1000000000.0,1146905830.5499647,spectrum,31250000.0,5000000.0,5000.0,20,30822500.0,-53.62340546
1000000000.0,1146905830.5499647,spectrum,31250000.0,5000000.0,5000.0,20,30825000.0,-53.27412796
1000000000.0,1146905830.5499647,spectrum,31250000.0,5000000.0,5000.0,20,30827500.0,-53.31503296
1000000000.0,1146905830.5499647,spectrum,31250000.0,5000000.0,5000.0,20,30830000.0,-54.35723114
1000000000.0,1146905830.5499647,spectrum,31250000.0,5000000.0,5000.0,20,30832500.0,-54.46022797
1000000000.0,1146905830.5499647,spectrum,31250000.0,5000000.0,5000.0,20,30835000.0,-54.07868576
1000000000.0,1146905830.5499647,spectrum,31250000.0,5000000.0,5000.0,20,30837500.0,-54.00481796
1000000000.0,1146905830.5499647,spectrum,31250000.0,5000000.0,5000.0,20,30840000.0,-54.57883453
1000000000.0,1146905830.5499647,spectrum,31250000.0,5000000.0,5000.0,20,30842500.0,-55.67277908
1000000000.0,1146905830.5499647,spectrum,31250000.0,5000000.0,5000.0,20,30845000.0,-56.00699997
1000000000.0,1146905830.5499647,spectrum,31250000.0,5000000.0,5000.0,20,30847500.0,-55.36670303
1000000000.0,1146905830.5499647,spectrum,31250000.0,5000000.0,5000.0,20,30850000.0,-55.57560349
1000000000.0,1146905830.5499647,spectrum,31250000.0,5000000.0,5000.0,20,30852500.0,-55.87071991
1000000000.0,1146905830.5499647,spectrum,31250000.0,5000000.0,5000.0,20,30855000.0,-55.19105148
1000000000.0,1146905830.5499647,spectrum,31250000.0,5000000.0,5000.0,20,30857500.0,-54.6980896
1000000000.0,1146905830.5499647,spectrum,31250000.0,5000000.0,5000.0,20,30860000.0,-54.84179687
1000000000.0,1146905830.5499647,spectrum,31250000.0,5000000.0,5000.0,20,30862500.0,-54.9276123
1000000000.0,1146905830.5499647,spectrum,31250000.0,5000000.0,5000.0,20,30865000.0,-55.11266327
1000000000.0,1146905830.5499647,spectrum,31250000.0,5000000.0,5000.0,20,30867500.0,-55.48130035
1000000000.0,1146905830.5499647,spectrum,31250000.0,5000000.0,5000.0,20,30870000.0,-54.96375275
1000000000.0,1146905830.5499647,spectrum,31250000.0,5000000.0,5000.0,20,30872500.0,-54.51799011
1000000000.0,1146905830.5499647,spectrum,31250000.0,5000000.0,5000.0,20,30875000.0,-55.17875671
1000000000.0,1146905830.5499647,spectrum,31250000.0,5000000.0,5000.0,20,30877500.0,-53.92394257
1000000000.0,1146905830.5499647,spectrum,31250000.0,5000000.0,5000.0,20,30880000.0,-51.23230743
1000000000.0,1146905830.5499647,spectrum,31250000.0,5000000.0,5000.0,20,30882500.0,-51.25937653
1000000000.0,1146905830.5499647,spectrum,31250000.0,5000000.0,5000.0,20,30885000.0,-53.38370895
1000000000.0,1146905830.5499647,spectrum,31250000.0,5000000.0,5000.0,20,30887500.0,-52.34477234
1000000000.0,1146905830.5499647,spectrum,31250000.0,5000000.0,5000.0,20,30890000.0,-47.66615295
1000000000.0,1146905830.5499647,spectrum,31250000.0,5000000.0,5000.0,20,30892500.0,-46.58582306
1000000000.0,1146905830.5499647,spectrum,31250000.0,5000000.0,5000.0,20,30895000.0,-47.04979706
1000000000.0,1146905830.5499647,spectrum,31250000.0,5000000.0,5000.0,20,30897500.0,-45.927742
1000000000.0,1146905830.5499647,spectrum,31250000.0,5000000.0,5000.0,20,30900000.0,-48.3532486
1000000000.0,1146905830.5499647,spectrum,31250000.0,5000000.0,5000.0,20,30902500.0,-54.24230576
1000000000.0,1146905830.5499647,spectrum,31250000.0,5000000.0,5000.0,20,30905000.0,-57.22676468
1000000000.0,1146905830.5499647,spectrum,31250000.0,5000000.0,5000.0,20,30907500.0,-55.54283905
1000000000.0,1146905830.5499647,spectrum,31250000.0,5000000.0,5000.0,20,30910000.0,-53.524189
1000000000.0,1146905830.5499647,spectrum,31250000.0,5000000.0,5000.0,20,30912500.0,-53.02408218
1000000000.0,1146905830.5499647,spectrum,31250000.0,5000000.0,5000.0,20,30915000.0,-54.00380707
1000000000.0,1146905830.5499647,spectrum,31250000.0,5000000.0,5000.0,20,30917500.0,-55.32346725
1000000000.0,1146905830.5499647,spectrum,31250000.0,5000000.0,5000.0,20,30920000.0,-55.69721222
1000000000.0,1146905830.5499647,spectrum,31250000.0,5000000.0,5000.0,20,30922500.0,-55.16214752
1000000000.0,1146905830.5499647,spectrum,31250000.0,5000000.0,5000.0,20,30925000.0,-55.66479874
1000000000.0,1146905830.5499647,spectrum,31250000.0,5000000.0,5000.0,20,30927500.0,-56.15459824
1000000000.0,1146905830.5499647,spectrum,31250000.0,5000000.0,5000.0,20,30930000.0,-55.4234314
1000000000.0,1146905830.5499647,spectrum,31250000.0,5000000.0,5000.0,20,30932500.0,-55.34235382
1000000000.0,1146905830.5499647,spectrum,31250000.0,5000000.0,5000.0,20,30935000.0,-55.18335724
1000000000.0,1146905830.5499647,spectrum,31250000.0,5000000.0,5000.0,20,30937500.0,-54.34985733
1000000000.0,1146905830.5499647,spectrum,31250000.0,5000000.0,5000.0,20,30940000.0,-55.15488052
1000000000.0,1146905830.5499647,spectrum,31250000.0,5000000.0,5000.0,20,30942500.0,-56.71853256
1000000000.0,1146905830.5499647,spectrum,31250000.0,5000000.0,5000.0,20,30945000.0,-56.69895935
1000000000.0,1146905830.5499647,spectrum,31250000.0,5000000.0,5000.0,20,30947500.0,-57.04228592
1000000000.0,1146905830.5499647,spectrum,31250000.0,5000000.0,5000.0,20,30950000.0,-58.39060211
1000000000.0,1146905830.5499647,spectrum,31250000.0,5000000.0,5000.0,20,30952500.0,-58.84283447
1000000000.0,1146905830.5499647,spectrum,31250000.0,5000000.0,5000.0,20,30955000.0,-58.86485291
1000000000.0,1146905830.5499647,spectrum,31250000.0,5000000.0,5000.0,20,30957500.0,-58.99879074
1000000000.0,1146905830.5499647,spectrum,31250000.0,5000000.0,5000.0,20,30960000.0,-58.66178894
1000000000.0,1146905830.5499647,spectrum,31250000.0,5000000.0,5000.0,20,30962500.0,-57.92322922
1000000000.0,1146905830.5499647,spectrum,31250000.0,5000000.0,5000.0,20,30965000.0,-57.77000809
1000000000.0,1146905830.5499647,spectrum,31250000.0,5000000.0,5000.0,20,30967500.0,-58.26836395
1000000000.0,1146905830.5499647,spectrum,31250000.0,5000000.0,5000.0,20,30970000.0,-57.33999634
1000000000.0,1146905830.5499647,spectrum,31250000.0,5000000.0,5000.0,20,30972500.0,-54.2498436
1000000000.0,1146905830.5499647,spectrum,31250000.0,5000000.0,5000.0,20,30975000.0,-52.61663818
1000000000.0,1146905830.5499647,spectrum,31250000.0,5000000.0,5000.0,20,30977500.0,-54.36532593
1000000000.0,1146905830.5499647,spectrum,31250000.0,5000000.0,5000.0,20,30980000.0,-57.07974243
1000000000.0,1146905830.5499647,spectrum,31250000.0,5000000.0,5000.0,20,30982500.0,-57.72498703
1000000000.0,1146905830.5499647,spectrum,31250000.0,5000000.0,5000.0,20,30985000.0,-57.88089752
1000000000.0,1146905830.5499647,spectrum,31250000.0,5000000.0,5000.0,20,30987500.0,-56.96103668
1000000000.0,1146905830.5499647,spectrum,31250000.0,5000000.0,5000.0,20,30990000.0,-56.3325119
1000000000.0,1146905830.5499647,spectrum,31250000.0,5000000.0,5000.0,20,30992500.0,-57.08328247
1000000000.0,1146905830.5499647,spectrum,31250000.0,5000000.0,5000.0,20,30995000.0,-58.59057617
1000000000.0,1146905830.5499647,spectrum,31250000.0,5000000.0,5000.0,20,30997500.0,-59.3593483
1000000000.0,1146905830.5499647,spectrum,31250000.0,5000000.0,5000.0,20,31000000.0,-58.44950867
1000000000.0,1146905830.5499647,spectrum,31250000.0,5000000.0,5000.0,20,31002500.0,-57.68782425
1000000000.0,1146905830.5499647,spectrum,31250000.0,5000000.0,5000.0,20,31005000.0,-57.91824722
1000000000.0,1146905830.5499647,spectrum,31250000.0,5000000.0,5000.0,20,31007500.0,-58.08242798
1000000000.0,1146905830.5499647,spectrum,31250000.0,5000000.0,5000.0,20,31010000.0,-58.00893784
1000000000.0,1146905830.5499647,spectrum,31250000.0,5000000.0,5000.0,20,31012500.0,-58.1698761
1000000000.0,1146905830.5499647,spectrum,31250000.0,5000000.0,5000.0,20,31015000.0,-58.85915375
1000000000.0,1146905830.5499647,spectrum,31250000.0,5000000.0,5000.0,20,31017500.0,-59.72742462
1000000000.0,1146905830.5499647,spectrum,31250000.0,5000000.0,5000.0,20,31020000.0,-58.52363205
1000000000.0,1146905830.5499647,spectrum,31250000.0,5000000.0,5000.0,20,31022500.0,-57.59098816
1000000000.0,1146905830.5499647,spectrum,31250000.0,5000000.0,5000.0,20,31025000.0,-58.04276657
1000000000.0,1146905830.5499647,spectrum,31250000.0,5000000.0,5000.0,20,31027500.0,-58.50595856
1000000000.0,1146905830.5499647,spectrum,31250000.0,5000000.0,5000.0,20,31030000.0,-58.72137833
1000000000.0,1146905830.5499647,spectrum,31250000.0,5000000.0,5000.0,20,31032500.0,-58.99743652
1000000000.0,1146905830.5499647,spectrum,31250000.0,5000000.0,5000.0,20,31035000.0,-59.35951996
1000000000.0,1146905830.5499647,spectrum,31250000.0,5000000.0,5000.0,20,31037500.0,-59.1897316
1000000000.0,1146905830.5499647,spectrum,31250000.0,5000000.0,5000.0,20,31040000.0,-58.57025528
1000000000.0,1146905830.5499647,spectrum,31250000.0,5000000.0,5000.0,20,31042500.0,-58.66875458
1000000000.0,1146905830.5499647,spectrum,31250000.0,5000000.0,5000.0,20,31045000.0,-58.71484375
1000000000.0,1146905830.5499647,spectrum,31250000.0,5000000.0,5000.0,20,31047500.0,-58.92669296
1000000000.0,1146905830.5499647,spectrum,31250000.0,5000000.0,5000.0,20,31050000.0,-59.65095901
1000000000.0,1146905830.5499647,spectrum,31250000.0,5000000.0,5000.0,20,31052500.0,-59.92464828
1000000000.0,1146905830.5499647,spectrum,31250000.0,5000000.0,5000.0,20,31055000.0,-59.68715668
1000000000.0,1146905830.5499647,spectrum,31250000.0,5000000.0,5000.0,20,31057500.0,-60.18711853
1000000000.0,1146905830.5499647,spectrum,31250000.0,5000000.0,5000.0,20,31060000.0,-60.58360291
1000000000.0,1146905830.5499647,spectrum,31250000.0,5000000.0,5000.0,20,31062500.0,-60.12260818
1000000000.0,1146905830.5499647,spectrum,31250000.0,5000000.0,5000.0,20,31065000.0,-59.65287018
1000000000.0,1146905830.5499647,spectrum,31250000.0,5000000.0,5000.0,20,31067500.0,-56.19116592
1000000000.0,1146905830.5499647,spectrum,31250000.0,5000000.0,5000.0,20,31070000.0,-53.12523651
1000000000.0,1146905830.5499647,spectrum,31250000.0,5000000.0,5000.0,20,31072500.0,-53.82582855
1000000000.0,1146905830.5499647,spectrum,31250000.0,5000000.0,5000.0,20,31075000.0,-57.35645676
1000000000.0,1146905830.5499647,spectrum,31250000.0,5000000.0,5000.0,20,31077500.0,-59.25608826
1000000000.0,1146905830.5499647,spectrum,31250000.0,5000000.0,5000.0,20,31080000.0,-59.45953369
1000000000.0,1146905830.5499647,spectrum,31250000.0,5000000.0,5000.0,20,31082500.0,-59.63549423
1000000000.0,1146905830.5499647,spectrum,31250000.0,5000000.0,5000.0,20,31085000.0,-59.73477173
1000000000.0,1146905830.5499647,spectrum,31250000.0,5000000.0,5000.0,20,31087500.0,-59.74354172
1000000000.0,1146905830.5499647,spectrum,31250000.0,5000000.0,5000.0,20,31090000.0,-59.91905975
1000000000.0,1146905830.5499647,spectrum,31250000.0,5000000.0,5000.0,20,31092500.0,-60.69389725
1000000000.0,1146905830.5499647,spectrum,31250000.0,5000000.0,5000.0,20,31095000.0,-61.18026733
1000000000.0,1146905830.5499647,spectrum,31250000.0,5000000.0,5000.0,20,31097500.0,-60.6618042
1000000000.0,1146905830.5499647,spectrum,31250000.0,5000000.0,5000.0,20,31100000.0,-60.93692398
1000000000.0,1146905830.5499647,spectrum,31250000.0,5000000.0,5000.0,20,31102500.0,-60.67961121
1000000000.0,1146905830.5499647,spectrum,31250000.0,5000000.0,5000.0,20,31105000.0,-59.01450729
1000000000.0,1146905830.5499647,spectrum,31250000.0,5000000.0,5000.0,20,31107500.0,-57.8859024
1000000000.0,1146905830.5499647,spectrum,31250000.0,5000000.0,5000.0,20,31110000.0,-57.25504684
1000000000.0,1146905830.5499647,spectrum,31250000.0,5000000.0,5000.0,20,31112500.0,-56.43318558
1000000000.0,1146905830.5499647,spectrum,31250000.0,5000000.0,5000.0,20,31115000.0,-56.07739258
1000000000.0,1146905830.5499647,spectrum,31250000.0,5000000.0,5000.0,20,31117500.0,-57.01721573
1000000000.0,1146905830.5499647,spectrum,31250000.0,5000000.0,5000.0,20,31120000.0,-58.5276947
1000000000.0,1146905830.5499647,spectrum,31250000.0,5000000.0,5000.0,20,31122500.0,-59.75795746
1000000000.0,1146905830.5499647,spectrum,31250000.0,5000000.0,5000.0,20,31125000.0,-59.76243591
1000000000.0,1146905830.5499647,spectrum,31250000.0,5000000.0,5000.0,20,31127500.0,-59.26622772
1000000000.0,1146905830.5499647,spectrum,31250000.0,5000000.0,5000.0,20,31130000.0,-59.54042816
1000000000.0,1146905830.5499647,spectrum,31250000.0,5000000.0,5000.0,20,31132500.0,-60.18197632
1000000000.0,1146905830.5499647,spectrum,31250000.0,5000000.0,5000.0,20,31135000.0,-61.07190704
1000000000.0,1146905830.5499647,spectrum,31250000.0,5000000.0,5000.0,20,31137500.0,-61.67473984
1000000000.0,1146905830.5499647,spectrum,31250000.0,5000000.0,5000.0,20,31140000.0,-60.7466011
1000000000.0,1146905830.5499647,spectrum,31250000.0,5000000.0,5000.0,20,31142500.0,-60.44700623
1000000000.0,1146905830.5499647,spectrum,31250000.0,5000000.0,5000.0,20,31145000.0,-60.94447708
1000000000.0,1146905830.5499647,spectrum,31250000.0,5000000.0,5000.0,20,31147500.0,-59.2082901
1000000000.0,1146905830.5499647,spectrum,31250000.0,5000000.0,5000.0,20,31150000.0,-57.68249893
1000000000.0,1146905830.5499647,spectrum,31250000.0,5000000.0,5000.0,20,31152500.0,-56.93730164
1000000000.0,1146905830.5499647,spectrum,31250000.0,5000000.0,5000.0,20,31155000.0,-56.55125427
1000000000.0,1146905830.5499647,spectrum,31250000.0,5000000.0,5000.0,20,31157500.0,-56.50206757
1000000000.0,1146905830.5499647,spectrum,31250000.0,5000000.0,5000.0,20,31160000.0,-56.76179886
1000000000.0,1146905830.5499647,spectrum,31250000.0,5000000.0,5000.0,20,31162500.0,-57.17960739
1000000000.0,1146905830.5499647,spectrum,31250000.0,5000000.0,5000.0,20,31165000.0,-57.28765869
1000000000.0,1146905830.5499647,spectrum,31250000.0,5000000.0,5000.0,20,31167500.0,-57.1587944
1000000000.0,1146905830.5499647,spectrum,31250000.0,5000000.0,5000.0,20,31170000.0,-56.96207809
1000000000.0,1146905830.5499647,spectrum,31250000.0,5000000.0,5000.0,20,31172500.0,-56.57842255
1000000000.0,1146905830.5499647,spectrum,31250000.0,5000000.0,5000.0,20,31175000.0,-55.93587494
1000000000.0,1146905830.5499647,spectrum,31250000.0,5000000.0,5000.0,20,31177500.0,-55.67264175
1000000000.0,1146905830.5499647,spectrum,31250000.0,5000000.0,5000.0,20,31180000.0,-56.75452042
1000000000.0,1146905830.5499647,spectrum,31250000.0,5000000.0,5000.0,20,31182500.0,-58.18154144
1000000000.0,1146905830.5499647,spectrum,31250000.0,5000000.0,5000.0,20,31185000.0,-59.05243683
1000000000.0,1146905830.5499647,spectrum,31250000.0,5000000.0,5000.0,20,31187500.0,-59.33989334
1000000000.0,1146905830.5499647,spectrum,31250000.0,5000000.0,5000.0,20,31190000.0,-57.23161316
1000000000.0,1146905830.5499647,spectrum,31250000.0,5000000.0,5000.0,20,31192500.0,-55.25404358
1000000000.0,1146905830.5499647,spectrum,31250000.0,5000000.0,5000.0,20,31195000.0,-55.38349152
1000000000.0,1146905830.5499647,spectrum,31250000.0,5000000.0,5000.0,20,31197500.0,-56.71882248
1000000000.0,1146905830.5499647,spectrum,31250000.0,5000000.0,5000.0,20,31200000.0,-57.69617081
1000000000.0,1146905830.5499647,spectrum,31250000.0,5000000.0,5000.0,20,31202500.0,-58.02521133
1000000000.0,1146905830.5499647,spectrum,31250000.0,5000000.0,5000.0,20,31205000.0,-57.39788055
1000000000.0,1146905830.5499647,spectrum,31250000.0,5000000.0,5000.0,20,31207500.0,-56.48395157
1000000000.0,1146905830.5499647,spectrum,31250000.0,5000000.0,5000.0,20,31210000.0,-56.04813004
1000000000.0,1146905830.5499647,spectrum,31250000.0,5000000.0,5000.0,20,31212500.0,-56.13388824
1000000000.0,1146905830.5499647,spectrum,31250000.0,5000000.0,5000.0,20,31215000.0,-56.97301865
1000000000.0,1146905830.5499647,spectrum,31250000.0,5000000.0,5000.0,20,31217500.0,-57.87646484
1000000000.0,1146905830.5499647,spectrum,31250000.0,5000000.0,5000.0,20,31220000.0,-58.24784088
1000000000.0,1146905830.5499647,spectrum,31250000.0,5000000.0,5000.0,20,31222500.0,-58.02504349
1000000000.0,1146905830.5499647,spectrum,31250000.0,5000000.0,5000.0,20,31225000.0,-57.12842941
1000000000.0,1146905830.5499647,spectrum,31250000.0,5000000.0,5000.0,20,31227500.0,-56.51864243
1000000000.0,1146905830.5499647,spectrum,31250000.0,5000000.0,5000.0,20,31230000.0,-55.64791107
1000000000.0,1146905830.5499647,spectrum,31250000.0,5000000.0,5000.0,20,31232500.0,-54.28039551
1000000000.0,1146905830.5499647,spectrum,31250000.0,5000000.0,5000.0,20,31235000.0,-53.81127167
1000000000.0,1146905830.5499647,spectrum,31250000.0,5000000.0,5000.0,20,31237500.0,-54.89175415
1000000000.0,1146905830.5499647,spectrum,31250000.0,5000000.0,5000.0,20,31240000.0,-54.76419449
1000000000.0,1146905830.5499647,spectrum,31250000.0,5000000.0,5000.0,20,31242500.0,-29.13413811
1000000000.0,1146905830.5499647,spectrum,31250000.0,5000000.0,5000.0,20,31245000.0,-13.10022068
1000000000.0,1146905830.5499647,spectrum,31250000.0,5000000.0,5000.0,20,31247500.0,-4.61643219
1000000000.0,1146905830.5499647,spectrum,31250000.0,5000000.0,5000.0,20,31250000.0,-1.957452297
1000000000.0,1146905830.5499647,spectrum,31250000.0,5000000.0,5000.0,20,31252500.0,-4.700568676
1000000000.0,1146905830.5499647,spectrum,31250000.0,5000000.0,5000.0,20,31255000.0,-13.28119755
1000000000.0,1146905830.5499647,spectrum,31250000.0,5000000.0,5000.0,20,31257500.0,-29.45282936
1000000000.0,1146905830.5499647,spectrum,31250000.0,5000000.0,5000.0,20,31260000.0,-54.91438293
1000000000.0,1146905830.5499647,spectrum,31250000.0,5000000.0,5000.0,20,31262500.0,-54.64624786
1000000000.0,1146905830.5499647,spectrum,31250000.0,5000000.0,5000.0,20,31265000.0,-53.90280151
1000000000.0,1146905830.5499647,spectrum,31250000.0,5000000.0,5000.0,20,31267500.0,-54.55487823
1000000000.0,1146905830.5499647,spectrum,31250000.0,5000000.0,5000.0,20,31270000.0,-55.89777374
1000000000.0,1146905830.5499647,spectrum,31250000.0,5000000.0,5000.0,20,31272500.0,-56.48766708
1000000000.0,1146905830.5499647,spectrum,31250000.0,5000000.0,5000.0,20,31275000.0,-57.04447937
1000000000.0,1146905830.5499647,spectrum,31250000.0,5000000.0,5000.0,20,31277500.0,-57.87670517
1000000000.0,1146905830.5499647,spectrum,31250000.0,5000000.0,5000.0,20,31280000.0,-57.91326904
1000000000.0,1146905830.5499647,spectrum,31250000.0,5000000.0,5000.0,20,31282500.0,-57.05832672
1000000000.0,1146905830.5499647,spectrum,31250000.0,5000000.0,5000.0,20,31285000.0,-56.22920609
1000000000.0,1146905830.5499647,spectrum,31250000.0,5000000.0,5000.0,20,31287500.0,-56.17877197
1000000000.0,1146905830.5499647,spectrum,31250000.0,5000000.0,5000.0,20,31290000.0,-56.6624794
1000000000.0,1146905830.5499647,spectrum,31250000.0,5000000.0,5000.0,20,31292500.0,-56.88242722
1000000000.0,1146905830.5499647,spectrum,31250000.0,5000000.0,5000.0,20,31295000.0,-57.06111908
1000000000.0,1146905830.5499647,spectrum,31250000.0,5000000.0,5000.0,20,31297500.0,-56.34791946
1000000000.0,1146905830.5499647,spectrum,31250000.0,5000000.0,5000.0,20,31300000.0,-55.33760071
1000000000.0,1146905830.5499647,spectrum,31250000.0,5000000.0,5000.0,20,31302500.0,-54.77482605
1000000000.0,1146905830.5499647,spectrum,31250000.0,5000000.0,5000.0,20,31305000.0,-54.80584717
1000000000.0,1146905830.5499647,spectrum,31250000.0,5000000.0,5000.0,20,31307500.0,-55.23538971
1000000000.0,1146905830.5499647,spectrum,31250000.0,5000000.0,5000.0,20,31310000.0,-57.18008423
1000000000.0,1146905830.5499647,spectrum,31250000.0,5000000.0,5000.0,20,31312500.0,-58.51212692
1000000000.0,1146905830.5499647,spectrum,31250000.0,5000000.0,5000.0,20,31315000.0,-57.70115662
1000000000.0,1146905830.5499647,spectrum,31250000.0,5000000.0,5000.0,20,31317500.0,-57.79908752
1000000000.0,1146905830.5499647,spectrum,31250000.0,5000000.0,5000.0,20,31320000.0,-58.10715103
1000000000.0,1146905830.5499647,spectrum,31250000.0,5000000.0,5000.0,20,31322500.0,-57.98240662
1000000000.0,1146905830.5499647,spectrum,31250000.0,5000000.0,5000.0,20,31325000.0,-57.88316727
1000000000.0,1146905830.5499647,spectrum,31250000.0,5000000.0,5000.0,20,31327500.0,-58.03871155
1000000000.0,1146905830.5499647,spectrum,31250000.0,5000000.0,5000.0,20,31330000.0,-57.91650391
1000000000.0,1146905830.5499647,spectrum,31250000.0,5000000.0,5000.0,20,31332500.0,-56.96635437
1000000000.0,1146905830.5499647,spectrum,31250000.0,5000000.0,5000.0,20,31335000.0,-56.57330704
1000000000.0,1146905830.5499647,spectrum,31250000.0,5000000.0,5000.0,20,31337500.0,-56.18541718
1000000000.0,1146905830.5499647,spectrum,31250000.0,5000000.0,5000.0,20,31340000.0,-55.364048
1000000000.0,1146905830.5499647,spectrum,31250000.0,5000000.0,5000.0,20,31342500.0,-55.36149216
1000000000.0,1146905830.5499647,spectrum,31250000.0,5000000.0,5000.0,20,31345000.0,-56.61725616
1000000000.0,1146905830.5499647,spectrum,31250000.0,5000000.0,5000.0,20,31347500.0,-58.01875305
1000000000.0,1146905830.5499647,spectrum,31250000.0,5000000.0,5000.0,20,31350000.0,-57.75559998
1000000000.0,1146905830.5499647,spectrum,31250000.0,5000000.0,5000.0,20,31352500.0,-56.71297073
1000000000.0,1146905830.5499647,spectrum,31250000.0,5000000.0,5000.0,20,31355000.0,-56.11543655
1000000000.0,1146905830.5499647,spectrum,31250000.0,5000000.0,5000.0,20,31357500.0,-56.50714874
1000000000.0,1146905830.5499647,spectrum,31250000.0,5000000.0,5000.0,20,31360000.0,-58.81719208
1000000000.0,1146905830.5499647,spectrum,31250000.0,5000000.0,5000.0,20,31362500.0,-61.44939041
1000000000.0,1146905830.5499647,spectrum,31250000.0,5000000.0,5000.0,20,31365000.0,-60.08078003
1000000000.0,1146905830.5499647,spectrum,31250000.0,5000000.0,5000.0,20,31367500.0,-58.14203262
1000000000.0,1146905830.5499647,spectrum,31250000.0,5000000.0,5000.0,20,31370000.0,-58.36425781
1000000000.0,1146905830.5499647,spectrum,31250000.0,5000000.0,5000.0,20,31372500.0,-58.95427322
1000000000.0,1146905830.5499647,spectrum,31250000.0,5000000.0,5000.0,20,31375000.0,-58.58657455
1000000000.0,1146905830.5499647,spectrum,31250000.0,5000000.0,5000.0,20,31377500.0,-58.35467529
1000000000.0,1146905830.5499647,spectrum,31250000.0,5000000.0,5000.0,20,31380000.0,-57.91976547
1000000000.0,1146905830.5499647,spectrum,31250000.0,5000000.0,5000.0,20,31382500.0,-57.35824966
1000000000.0,1146905830.5499647,spectrum,31250000.0,5000000.0,5000.0,20,31385000.0,-57.94857025
1000000000.0,1146905830.5499647,spectrum,31250000.0,5000000.0,5000.0,20,31387500.0,-59.17241287
1000000000.0,1146905830.5499647,spectrum,31250000.0,5000000.0,5000.0,20,31390000.0,-58.899086
1000000000.0,1146905830.5499647,spectrum,31250000.0,5000000.0,5000.0,20,31392500.0,-58.29609299
1000000000.0,1146905830.5499647,spectrum,31250000.0,5000000.0,5000.0,20,31395000.0,-58.16538239
1000000000.0,1146905830.5499647,spectrum,31250000.0,5000000.0,5000.0,20,31397500.0,-58.19718552
1000000000.0,1146905830.5499647,spectrum,31250000.0,5000000.0,5000.0,20,31400000.0,-57.82848358
1000000000.0,1146905830.5499647,spectrum,31250000.0,5000000.0,5000.0,20,31402500.0,-57.15851593
1000000000.0,1146905830.5499647,spectrum,31250000.0,5000000.0,5000.0,20,31405000.0,-57.67150497
1000000000.0,1146905830.5499647,spectrum,31250000.0,5000000.0,5000.0,20,31407500.0,-58.4450798
1000000000.0,1146905830.5499647,spectrum,31250000.0,5000000.0,5000.0,20,31410000.0,-58.28440475
1000000000.0,1146905830.5499647,spectrum,31250000.0,5000000.0,5000.0,20,31412500.0,-57.79377747
1000000000.0,1146905830.5499647,spectrum,31250000.0,5000000.0,5000.0,20,31415000.0,-57.03458786
1000000000.0,1146905830.5499647,spectrum,31250000.0,5000000.0,5000.0,20,31417500.0,-56.87223053
1000000000.0,1146905830.5499647,spectrum,31250000.0,5000000.0,5000.0,20,31420000.0,-56.74672699
1000000000.0,1146905830.5499647,spectrum,31250000.0,5000000.0,5000.0,20,31422500.0,-56.36294937
1000000000.0,1146905830.5499647,spectrum,31250000.0,5000000.0,5000.0,20,31425000.0,-55.04620361
1000000000.0,1146905830.5499647,spectrum,31250000.0,5000000.0,5000.0,20,31427500.0,-52.35203934
1000000000.0,1146905830.5499647,spectrum,31250000.0,5000000.0,5000.0,20,31430000.0,-52.05109787
1000000000.0,1146905830.5499647,spectrum,31250000.0,5000000.0,5000.0,20,31432500.0,-54.92341614
1000000000.0,1146905830.5499647,spectrum,31250000.0,5000000.0,5000.0,20,31435000.0,-58.04032516
1000000000.0,1146905830.5499647,spectrum,31250000.0,5000000.0,5000.0,20,31437500.0,-58.15437317
1000000000.0,1146905830.5499647,spectrum,31250000.0,5000000.0,5000.0,20,31440000.0,-57.79245377
1000000000.0,1146905830.5499647,spectrum,31250000.0,5000000.0,5000.0,20,31442500.0,-58.11008072
1000000000.0,1146905830.5499647,spectrum,31250000.0,5000000.0,5000.0,20,31445000.0,-58.74450684
1000000000.0,1146905830.5499647,spectrum,31250000.0,5000000.0,5000.0,20,31447500.0,-58.64496231
1000000000.0,1146905830.5499647,spectrum,31250000.0,5000000.0,5000.0,20,31450000.0,-58.49491119
1000000000.0,1146905830.5499647,spectrum,31250000.0,5000000.0,5000.0,20,31452500.0,-58.10588837
1000000000.0,1146905830.5499647,spectrum,31250000.0,5000000.0,5000.0,20,31455000.0,-57.42019653
1000000000.0,1146905830.5499647,spectrum,31250000.0,5000000.0,5000.0,20,31457500.0,-57.09912491
1000000000.0,1146905830.5499647,spectrum,31250000.0,5000000.0,5000.0,20,31460000.0,-56.76756668
1000000000.0,1146905830.5499647,spectrum,31250000.0,5000000.0,5000.0,20,31462500.0,-57.45094681
1000000000.0,1146905830.5499647,spectrum,31250000.0,5000000.0,5000.0,20,31465000.0,-58.02172089
1000000000.0,1146905830.5499647,spectrum,31250000.0,5000000.0,5000.0,20,31467500.0,-57.08018494
1000000000.0,1146905830.5499647,spectrum,31250000.0,5000000.0,5000.0,20,31470000.0,-56.71130371
1000000000.0,1146905830.5499647,spectrum,31250000.0,5000000.0,5000.0,20,31472500.0,-56.96182632
1000000000.0,1146905830.5499647,spectrum,31250000.0,5000000.0,5000.0,20,31475000.0,-57.26344681
1000000000.0,1146905830.5499647,spectrum,31250000.0,5000000.0,5000.0,20,31477500.0,-57.56575394
1000000000.0,1146905830.5499647,spectrum,31250000.0,5000000.0,5000.0,20,31480000.0,-56.64148331
1000000000.0,1146905830.5499647,spectrum,31250000.0,5000000.0,5000.0,20,31482500.0,-55.98085022
1000000000.0,1146905830.5499647,spectrum,31250000.0,5000000.0,5000.0,20,31485000.0,-56.14535522
1000000000.0,1146905830.5499647,spectrum,31250000.0,5000000.0,5000.0,20,31487500.0,-56.42203903
1000000000.0,1146905830.5499647,spectrum,31250000.0,5000000.0,5000.0,20,31490000.0,-56.83963394
1000000000.0,1146905830.5499647,spectrum,31250000.0,5000000.0,5000.0,20,31492500.0,-57.0913887
1000000000.0,1146905830.5499647,spectrum,31250000.0,5000000.0,5000.0,20,31495000.0,-56.90108109
1000000000.0,1146905830.5499647,spectrum,31250000.0,5000000.0,5000.0,20,31497500.0,-56.18349075
1000000000.0,1146905830.5499647,spectrum,31250000.0,5000000.0,5000.0,20,31500000.0,-56.57714462
1000000000.0,1146905830.5499647,spectrum,31250000.0,5000000.0,5000.0,20,31502500.0,-57.33095932
1000000000.0,1146905830.5499647,spectrum,31250000.0,5000000.0,5000.0,20,31505000.0,-56.72618484
1000000000.0,1146905830.5499647,spectrum,31250000.0,5000000.0,5000.0,20,31507500.0,-55.67458344
1000000000.0,1146905830.5499647,spectrum,31250000.0,5000000.0,5000.0,20,31510000.0,-54.94868469
1000000000.0,1146905830.5499647,spectrum,31250000.0,5000000.0,5000.0,20,31512500.0,-54.57889175
1000000000.0,1146905830.5499647,spectrum,31250000.0,5000000.0,5000.0,20,31515000.0,-55.02221298
1000000000.0,1146905830.5499647,spectrum,31250000.0,5000000.0,5000.0,20,31517500.0,-55.56615067
1000000000.0,1146905830.5499647,spectrum,31250000.0,5000000.0,5000.0,20,31520000.0,-55.5561676
1000000000.0,1146905830.5499647,spectrum,31250000.0,5000000.0,5000.0,20,31522500.0,-53.10063553
1000000000.0,1146905830.5499647,spectrum,31250000.0,5000000.0,5000.0,20,31525000.0,-51.07799149
1000000000.0,1146905830.5499647,spectrum,31250000.0,5000000.0,5000.0,20,31527500.0,-52.42402267
1000000000.0,1146905830.5499647,spectrum,31250000.0,5000000.0,5000.0,20,31530000.0,-54.71504593
1000000000.0,1146905830.5499647,spectrum,31250000.0,5000000.0,5000.0,20,31532500.0,-55.62284088
1000000000.0,1146905830.5499647,spectrum,31250000.0,5000000.0,5000.0,20,31535000.0,-56.32290649
1000000000.0,1146905830.5499647,spectrum,31250000.0,5000000.0,5000.0,20,31537500.0,-56.82759476
1000000000.0,1146905830.5499647,spectrum,31250000.0,5000000.0,5000.0,20,31540000.0,-57.06793594
1000000000.0,1146905830.5499647,spectrum,31250000.0,5000000.0,5000.0,20,31542500.0,-57.48605728
1000000000.0,1146905830.5499647,spectrum,31250000.0,5000000.0,5000.0,20,31545000.0,-58.10434341
1000000000.0,1146905830.5499647,spectrum,31250000.0,5000000.0,5000.0,20,31547500.0,-57.50562286
1000000000.0,1146905830.5499647,spectrum,31250000.0,5000000.0,5000.0,20,31550000.0,-55.87260818
1000000000.0,1146905830.5499647,spectrum,31250000.0,5000000.0,5000.0,20,31552500.0,-55.23855209
1000000000.0,1146905830.5499647,spectrum,31250000.0,5000000.0,5000.0,20,31555000.0,-55.72198105
1000000000.0,1146905830.5499647,spectrum,31250000.0,5000000.0,5000.0,20,31557500.0,-55.87361526
1000000000.0,1146905830.5499647,spectrum,31250000.0,5000000.0,5000.0,20,31560000.0,-55.37597275
1000000000.0,1146905830.5499647,spectrum,31250000.0,5000000.0,5000.0,20,31562500.0,-55.3475914
1000000000.0,1146905830.5499647,spectrum,31250000.0,5000000.0,5000.0,20,31565000.0,-56.91864395
1000000000.0,1146905830.5499647,spectrum,31250000.0,5000000.0,5000.0,20,31567500.0,-57.40172577
1000000000.0,1146905830.5499647,spectrum,31250000.0,5000000.0,5000.0,20,31570000.0,-57.37465668
1000000000.0,1146905830.5499647,spectrum,31250000.0,5000000.0,5000.0,20,31572500.0,-57.87569427
1000000000.0,1146905830.5499647,spectrum,31250000.0,5000000.0,5000.0,20,31575000.0,-57.41182709
1000000000.0,1146905830.5499647,spectrum,31250000.0,5000000.0,5000.0,20,31577500.0,-56.68354034
1000000000.0,1146905830.5499647,spectrum,31250000.0,5000000.0,5000.0,20,31580000.0,-56.20811462
1000000000.0,1146905830.5499647,spectrum,31250000.0,5000000.0,5000.0,20,31582500.0,-54.93852997
1000000000.0,1146905830.5499647,spectrum,31250000.0,5000000.0,5000.0,20,31585000.0,-54.08208466
1000000000.0,1146905830.5499647,spectrum,31250000.0,5000000.0,5000.0,20,31587500.0,-53.23583603
1000000000.0,1146905830.5499647,spectrum,31250000.0,5000000.0,5000.0,20,31590000.0,-53.29463577
1000000000.0,1146905830.5499647,spectrum,31250000.0,5000000.0,5000.0,20,31592500.0,-54.08900833
1000000000.0,1146905830.5499647,spectrum,31250000.0,5000000.0,5000.0,20,31595000.0,-54.69185257
1000000000.0,1146905830.5499647,spectrum,31250000.0,5000000.0,5000.0,20,31597500.0,-53.68856812
1000000000.0,1146905830.5499647,spectrum,31250000.0,5000000.0,5000.0,20,31600000.0,-47.92403793
1000000000.0,1146905830.5499647,spectrum,31250000.0,5000000.0,5000.0,20,31602500.0,-44.49045944
1000000000.0,1146905830.5499647,spectrum,31250000.0,5000000.0,5000.0,20,31605000.0,-43.87511063
1000000000.0,1146905830.5499647,spectrum,31250000.0,5000000.0,5000.0,20,31607500.0,-43.418396
1000000000.0,1146905830.5499647,spectrum,31250000.0,5000000.0,5000.0,20,31610000.0,-45.08104706
1000000000.0,1146905830.5499647,spectrum,31250000.0,5000000.0,5000.0,20,31612500.0,-50.00517654
1000000000.0,1146905830.5499647,spectrum,31250000.0,5000000.0,5000.0,20,31615000.0,-51.19949341
1000000000.0,1146905830.5499647,spectrum,31250000.0,5000000.0,5000.0,20,31617500.0,-48.22096252
1000000000.0,1146905830.5499647,spectrum,31250000.0,5000000.0,5000.0,20,31620000.0,-48.38661957
1000000000.0,1146905830.5499647,spectrum,31250000.0,5000000.0,5000.0,20,31622500.0,-51.51711655
1000000000.0,1146905830.5499647,spectrum,31250000.0,5000000.0,5000.0,20,31625000.0,-53.18915176
1000000000.0,1146905830.5499647,spectrum,31250000.0,5000000.0,5000.0,20,31627500.0,-52.40209579
1000000000.0,1146905830.5499647,spectrum,31250000.0,5000000.0,5000.0,20,31630000.0,-51.00094223
1000000000.0,1146905830.5499647,spectrum,31250000.0,5000000.0,5000.0,20,31632500.0,-51.17089844
1000000000.0,1146905830.5499647,spectrum,31250000.0,5000000.0,5000.0,20,31635000.0,-53.69762802
1000000000.0,1146905830.5499647,spectrum,31250000.0,5000000.0,5000.0,20,31637500.0,-56.36393738
1000000000.0,1146905830.5499647,spectrum,31250000.0,5000000.0,5000.0,20,31640000.0,-55.77587509
1000000000.0,1146905830.5499647,spectrum,31250000.0,5000000.0,5000.0,20,31642500.0,-54.70331955
1000000000.0,1146905830.5499647,spectrum,31250000.0,5000000.0,5000.0,20,31645000.0,-53.82207108
1000000000.0,1146905830.5499647,spectrum,31250000.0,5000000.0,5000.0,20,31647500.0,-53.58720398
1000000000.0,1146905830.5499647,spectrum,31250000.0,5000000.0,5000.0,20,31650000.0,-54.09267426
1000000000.0,1146905830.5499647,spectrum,31250000.0,5000000.0,5000.0,20,31652500.0,-54.44879913
1000000000.0,1146905830.5499647,spectrum,31250000.0,5000000.0,5000.0,20,31655000.0,-54.415905
1000000000.0,1146905830.5499647,spectrum,31250000.0,5000000.0,5000.0,20,31657500.0,-55.17630386
1000000000.0,1146905830.5499647,spectrum,31250000.0,5000000.0,5000.0,20,31660000.0,-56.2994194
1000000000.0,1146905830.5499647,spectrum,31250000.0,5000000.0,5000.0,20,31662500.0,-55.28706741
1000000000.0,1146905830.5499647,spectrum,31250000.0,5000000.0,5000.0,20,31665000.0,-53.94324875
1000000000.0,1146905830.5499647,spectrum,31250000.0,5000000.0,5000.0,20,31667500.0,-54.09255219
1000000000.0,1146905830.5499647,spectrum,31250000.0,5000000.0,5000.0,20,31670000.0,-53.52447128
1000000000.0,1146905830.5499647,spectrum,31250000.0,5000000.0,5000.0,20,31672500.0,-52.5069313
1000000000.0,1146905830.5499647,spectrum,31250000.0,5000000.0,5000.0,20,31675000.0,-52.25295639
1000000000.0,1146905830.5499647,spectrum,31250000.0,5000000.0,5000.0,20,31677500.0,-52.7942276
1000000000.0,1146905830.5499647,spectrum,31250000.0,5000000.0,5000.0,20,31680000.0,-53.32487106
1000000000.0,1146905830.5499647,spectrum,31250000.0,5000000.0,5000.0,20,31682500.0,-53.87656021
1000000000.0,1146905830.5499647,spectrum,31250000.0,5000000.0,5000.0,20,31685000.0,-53.61851501
1000000000.0,1146905830.5499647,spectrum,31250000.0,5000000.0,5000.0,20,31687500.0,-52.04974365
1000000000.0,1146905830.5499647,spectrum,31250000.0,5000000.0,5000.0,20,31690000.0,-50.91649628
1000000000.0,1146905830.5499647,spectrum,31250000.0,5000000.0,5000.0,20,31692500.0,-50.77198792
1000000000.0,1146905830.5499647,spectrum,31250000.0,5000000.0,5000.0,20,31695000.0,-51.67811203
1000000000.0,1146905830.5499647,spectrum,31250000.0,5000000.0,5000.0,20,31697500.0,-52.69615555
1000000000.0,1146905830.5499647,spectrum,31250000.0,5000000.0,5000.0,20,31700000.0,-53.08449173
1000000000.0,1146905830.5499647,spectrum,31250000.0,5000000.0,5000.0,20,31702500.0,-52.93075562
1000000000.0,1146905830.5499647,spectrum,31250000.0,5000000.0,5000.0,20,31705000.0,-51.62380219
1000000000.0,1146905830.5499647,spectrum,31250000.0,5000000.0,5000.0,20,31707500.0,-51.00720596
1000000000.0,1146905830.5499647,spectrum,31250000.0,5000000.0,5000.0,20,31710000.0,-50.77827835
1000000000.0,1146905830.5499647,spectrum,31250000.0,5000000.0,5000.0,20,31712500.0,-50.42764664
1000000000.0,1146905830.5499647,spectrum,31250000.0,5000000.0,5000.0,20,31715000.0,-50.25546646
1000000000.0,1146905830.5499647,spectrum,31250000.0,5000000.0,5000.0,20,31717500.0,-50.36320114
1000000000.0,1146905830.5499647,spectrum,31250000.0,5000000.0,5000.0,20,31720000.0,-51.07664871
1000000000.0,1146905830.5499647,spectrum,31250000.0,5000000.0,5000.0,20,31722500.0,-52.20084
1000000000.0,1146905830.5499647,spectrum,31250000.0,5000000.0,5000.0,20,31725000.0,-52.11793518
1000000000.0,1146905830.5499647,spectrum,31250000.0,5000000.0,5000.0,20,31727500.0,-51.56860352
1000000000.0,1146905830.5499647,spectrum,31250000.0,5000000.0,5000.0,20,31730000.0,-51.26025009
1000000000.0,1146905830.5499647,spectrum,31250000.0,5000000.0,5000.0,20,31732500.0,-50.70296097
1000000000.0,1146905830.5499647,spectrum,31250000.0,5000000.0,5000.0,20,31735000.0,-51.29359436
1000000000.0,1146905830.5499647,spectrum,31250000.0,5000000.0,5000.0,20,31737500.0,-52.3760643
1000000000.0,1146905830.5499647,spectrum,31250000.0,5000000.0,5000.0,20,31740000.0,-51.96311951
1000000000.0,1146905830.5499647,spectrum,31250000.0,5000000.0,5000.0,20,31742500.0,-50.95920563
1000000000.0,1146905830.5499647,spectrum,31250000.0,5000000.0,5000.0,20,31745000.0,-51.45335007
1000000000.0,1146905830.5499647,spectrum,31250000.0,5000000.0,5000.0,20,31747500.0,-52.75622559
1000000000.0,1146905830.5499647,spectrum,31250000.0,5000000.0,5000.0,20,31750000.0,-52.82638931
1000000000.0,1146905830.5499647,spectrum,31250000.0,5000000.0,5000.0,20,31752500.0,-52.61354828
1000000000.0,1146905830.5499647,spectrum,31250000.0,5000000.0,5000.0,20,31755000.0,-51.99762344
1000000000.0,1146905830.5499647,spectrum,31250000.0,5000000.0,5000.0,20,31757500.0,-50.81928253
1000000000.0,1146905830.5499647,spectrum,31250000.0,5000000.0,5000.0,20,31760000.0,-50.15926743
1000000000.0,1146905830.5499647,spectrum,31250000.0,5000000.0,5000.0,20,31762500.0,-50.71417236
1000000000.0,1146905830.5499647,spectrum,31250000.0,5000000.0,5000.0,20,31765000.0,-52.22169876
1000000000.0,1146905830.5499647,spectrum,31250000.0,5000000.0,5000.0,20,31767500.0,-52.36126328
1000000000.0,1146905830.5499647,spectrum,31250000.0,5000000.0,5000.0,20,31770000.0,-50.98669052
1000000000.0,1146905830.5499647,spectrum,31250000.0,5000000.0,5000.0,20,31772500.0,-48.7994957
1000000000.0,1146905830.5499647,spectrum,31250000.0,5000000.0,5000.0,20,31775000.0,-48.50946045
1000000000.0,1146905830.5499647,spectrum,31250000.0,5000000.0,5000.0,20,31777500.0,-49.82276917
1000000000.0,1146905830.5499647,spectrum,31250000.0,5000000.0,5000.0,20,31780000.0,-49.47332001
1000000000.0,1146905830.5499647,spectrum,31250000.0,5000000.0,5000.0,20,31782500.0,-48.16431046
1000000000.0,1146905830.5499647,spectrum,31250000.0,5000000.0,5000.0,20,31785000.0,-46.08082962
1000000000.0,1146905830.5499647,spectrum,31250000.0,5000000.0,5000.0,20,31787500.0,-45.24045181
1000000000.0,1146905830.5499647,spectrum,31250000.0,5000000.0,5000.0,20,31790000.0,-47.74344254
1000000000.0,1146905830.5499647,spectrum,31250000.0,5000000.0,5000.0,20,31792500.0,-50.8241806
1000000000.0,1146905830.5499647,spectrum,31250000.0,5000000.0,5000.0,20,31795000.0,-51.64442444
1000000000.0,1146905830.5499647,spectrum,31250000.0,5000000.0,5000.0,20,31797500.0,-51.44236374
1000000000.0,1146905830.5499647,spectrum,31250000.0,5000000.0,5000.0,20,31800000.0,-49.74409485
1000000000.0,1146905830.5499647,spectrum,31250000.0,5000000.0,5000.0,20,31802500.0,-49.18622971
1000000000.0,1146905830.5499647,spectrum,31250000.0,5000000.0,5000.0,20,31805000.0,-49.19575882
1000000000.0,1146905830.5499647,spectrum,31250000.0,5000000.0,5000.0,20,31807500.0,-49.42455292
1000000000.0,1146905830.5499647,spectrum,31250000.0,5000000.0,5000.0,20,31810000.0,-49.71899796
1000000000.0,1146905830.5499647,spectrum,31250000.0,5000000.0,5000.0,20,31812500.0,-48.82966995
1000000000.0,1146905830.5499647,spectrum,31250000.0,5000000.0,5000.0,20,31815000.0,-46.84741592
1000000000.0,1146905830.5499647,spectrum,31250000.0,5000000.0,5000.0,20,31817500.0,-46.43699646
1000000000.0,1146905830.5499647,spectrum,31250000.0,5000000.0,5000.0,20,31820000.0,-47.15209961
1000000000.0,1146905830.5499647,spectrum,31250000.0,5000000.0,5000.0,20,31822500.0,-47.27963638
1000000000.0,1146905830.5499647,spectrum,31250000.0,5000000.0,5000.0,20,31825000.0,-47.57375336
1000000000.0,1146905830.5499647,spectrum,31250000.0,5000000.0,5000.0,20,31827500.0,-48.08078766
1000000000.0,1146905830.5499647,spectrum,31250000.0,5000000.0,5000.0,20,31830000.0,-47.9778862
1000000000.0,1146905830.5499647,spectrum,31250000.0,5000000.0,5000.0,20,31832500.0,-46.76412582
1000000000.0,1146905830.5499647,spectrum,31250000.0,5000000.0,5000.0,20,31835000.0,-46.21556473
1000000000.0,1146905830.5499647,spectrum,31250000.0,5000000.0,5000.0,20,31837500.0,-46.98225021
1000000000.0,1146905830.5499647,spectrum,31250000.0,5000000.0,5000.0,20,31840000.0,-47.80760193
1000000000.0,1146905830.5499647,spectrum,31250000.0,5000000.0,5000.0,20,31842500.0,-47.72282028
1000000000.0,1146905830.5499647,spectrum,31250000.0,5000000.0,5000.0,20,31845000.0,-47.96849442
1000000000.0,1146905830.5499647,spectrum,31250000.0,5000000.0,5000.0,20,31847500.0,-48.4689064
1000000000.0,1146905830.5499647,spectrum,31250000.0,5000000.0,5000.0,20,31850000.0,-48.02651215
1000000000.0,1146905830.5499647,spectrum,31250000.0,5000000.0,5000.0,20,31852500.0,-46.23727417
1000000000.0,1146905830.5499647,spectrum,31250000.0,5000000.0,5000.0,20,31855000.0,-43.9665947
1000000000.0,1146905830.5499647,spectrum,31250000.0,5000000.0,5000.0,20,31857500.0,-44.68913651
1000000000.0,1146905830.5499647,spectrum,31250000.0,5000000.0,5000.0,20,31860000.0,-47.53910828
1000000000.0,1146905830.5499647,spectrum,31250000.0,5000000.0,5000.0,20,31862500.0,-47.11034775
1000000000.0,1146905830.5499647,spectrum,31250000.0,5000000.0,5000.0,20,31865000.0,-45.94083023
1000000000.0,1146905830.5499647,spectrum,31250000.0,5000000.0,5000.0,20,31867500.0,-46.38824081
1000000000.0,1146905830.5499647,spectrum,31250000.0,5000000.0,5000.0,20,31870000.0,-46.3288765
1000000000.0,1146905830.5499647,spectrum,31250000.0,5000000.0,5000.0,20,31872500.0,-45.17600632
1000000000.0,1146905830.5499647,spectrum,31250000.0,5000000.0,5000.0,20,31875000.0,-44.13854599
1000000000.0,1146905830.5499647,spectrum,31250000.0,5000000.0,5000.0,20,31877500.0,-43.86040878
1000000000.0,1146905830.5499647,spectrum,31250000.0,5000000.0,5000.0,20,31880000.0,-42.64102936
1000000000.0,1146905830.5499647,spectrum,31250000.0,5000000.0,5000.0,20,31882500.0,-41.94797516
1000000000.0,1146905830.5499647,spectrum,31250000.0,5000000.0,5000.0,20,31885000.0,-42.04174805
1000000000.0,1146905830.5499647,spectrum,31250000.0,5000000.0,5000.0,20,31887500.0,-42.00584412
1000000000.0,1146905830.5499647,spectrum,31250000.0,5000000.0,5000.0,20,31890000.0,-42.7841301
1000000000.0,1146905830.5499647,spectrum,31250000.0,5000000.0,5000.0,20,31892500.0,-43.72665405
1000000000.0,1146905830.5499647,spectrum,31250000.0,5000000.0,5000.0,20,31895000.0,-43.97226334
1000000000.0,1146905830.5499647,spectrum,31250000.0,5000000.0,5000.0,20,31897500.0,-44.2352066
1000000000.0,1146905830.5499647,spectrum,31250000.0,5000000.0,5000.0,20,31900000.0,-45.18105316
1000000000.0,1146905830.5499647,spectrum,31250000.0,5000000.0,5000.0,20,31902500.0,-45.98300552
1000000000.0,1146905830.5499647,spectrum,31250000.0,5000000.0,5000.0,20,31905000.0,-46.79685974
1000000000.0,1146905830.5499647,spectrum,31250000.0,5000000.0,5000.0,20,31907500.0,-48.04253006
1000000000.0,1146905830.5499647,spectrum,31250000.0,5000000.0,5000.0,20,31910000.0,-47.69257355
1000000000.0,1146905830.5499647,spectrum,31250000.0,5000000.0,5000.0,20,31912500.0,-45.59268188
1000000000.0,1146905830.5499647,spectrum,31250000.0,5000000.0,5000.0,20,31915000.0,-44.91320038
1000000000.0,1146905830.5499647,spectrum,31250000.0,5000000.0,5000.0,20,31917500.0,-46.47092819
1000000000.0,1146905830.5499647,spectrum,31250000.0,5000000.0,5000.0,20,31920000.0,-46.17955017
1000000000.0,1146905830.5499647,spectrum,31250000.0,5000000.0,5000.0,20,31922500.0,-44.84021759
1000000000.0,1146905830.5499647,spectrum,31250000.0,5000000.0,5000.0,20,31925000.0,-45.02169418
1000000000.0,1146905830.5499647,spectrum,31250000.0,5000000.0,5000.0,20,31927500.0,-45.1842308
1000000000.0,1146905830.5499647,spectrum,31250000.0,5000000.0,5000.0,20,31930000.0,-45.2777977
1000000000.0,1146905830.5499647,spectrum,31250000.0,5000000.0,5000.0,20,31932500.0,-45.11034393
1000000000.0,1146905830.5499647,spectrum,31250000.0,5000000.0,5000.0,20,31935000.0,-44.80319214
1000000000.0,1146905830.5499647,spectrum,31250000.0,5000000.0,5000.0,20,31937500.0,-43.97887421
1000000000.0,1146905830.5499647,spectrum,31250000.0,5000000.0,5000.0,20,31940000.0,-41.34102249
1000000000.0,1146905830.5499647,spectrum,31250000.0,5000000.0,5000.0,20,31942500.0,-38.78791809
1000000000.0,1146905830.5499647,spectrum,31250000.0,5000000.0,5000.0,20,31945000.0,-39.47262192
1000000000.0,1146905830.5499647,spectrum,31250000.0,5000000.0,5000.0,20,31947500.0,-42.93126678
1000000000.0,1146905830.5499647,spectrum,31250000.0,5000000.0,5000.0,20,31950000.0,-42.54839706
1000000000.0,1146905830.5499647,spectrum,31250000.0,5000000.0,5000.0,20,31952500.0,-35.78003311
1000000000.0,1146905830.5499647,spectrum,31250000.0,5000000.0,5000.0,20,31955000.0,-32.05926514
1000000000.0,1146905830.5499647,spectrum,31250000.0,5000000.0,5000.0,20,31957500.0,-33.38817978
1000000000.0,1146905830.5499647,spectrum,31250000.0,5000000.0,5000.0,20,31960000.0,-39.10365295
1000000000.0,1146905830.5499647,spectrum,31250000.0,5000000.0,5000.0,20,31962500.0,-36.05664062
1000000000.0,1146905830.5499647,spectrum,31250000.0,5000000.0,5000.0,20,31965000.0,-31.12407112
1000000000.0,1146905830.5499647,spectrum,31250000.0,5000000.0,5000.0,20,31967500.0,-31.10846519
1000000000.0,1146905830.5499647,spectrum,31250000.0,5000000.0,5000.0,20,31970000.0,-35.90644455
1000000000.0,1146905830.5499647,spectrum,31250000.0,5000000.0,5000.0,20,31972500.0,-43.2104187
1000000000.0,1146905830.5499647,spectrum,31250000.0,5000000.0,5000.0,20,31975000.0,-46.04045105
1000000000.0,1146905830.5499647,spectrum,31250000.0,5000000.0,5000.0,20,31977500.0,-45.61949539
1000000000.0,1146905830.5499647,spectrum,31250000.0,5000000.0,5000.0,20,31980000.0,-45.69564819
1000000000.0,1146905830.5499647,spectrum,31250000.0,5000000.0,5000.0,20,31982500.0,-47.02720642
1000000000.0,1146905830.5499647,spectrum,31250000.0,5000000.0,5000.0,20,31985000.0,-46.61860657
1000000000.0,1146905830.5499647,spectrum,31250000.0,5000000.0,5000.0,20,31987500.0,-45.38946533
1000000000.0,1146905830.5499647,spectrum,31250000.0,5000000.0,5000.0,20,31990000.0,-44.53568649
1000000000.0,1146905830.5499647,spectrum,31250000.0,5000000.0,5000.0,20,31992500.0,-44.72372437
1000000000.0,1146905830.5499647,spectrum,31250000.0,5000000.0,5000.0,20,31995000.0,-46.14260483
1000000000.0,1146905830.5499647,spectrum,31250000.0,5000000.0,5000.0,20,31997500.0,-47.63067627
1000000000.0,1146905830.5499647,spectrum,31250000.0,5000000.0,5000.0,20,32000000.0,-48.72710419
1000000000.0,1146905830.5499647,spectrum,31250000.0,5000000.0,5000.0,20,32002500.0,-49.4032402
1000000000.0,1146905830.5499647,spectrum,31250000.0,5000000.0,5000.0,20,32005000.0,-48.67699432
1000000000.0,1146905830.5499647,spectrum,31250000.0,5000000.0,5000.0,20,32007500.0,-47.4480629
1000000000.0,1146905830.5499647,spectrum,31250000.0,5000000.0,5000.0,20,32010000.0,-46.08548355
1000000000.0,1146905830.5499647,spectrum,31250000.0,5000000.0,5000.0,20,32012500.0,-45.71312714
1000000000.0,1146905830.5499647,spectrum,31250000.0,5000000.0,5000.0,20,32015000.0,-45.53984833
1000000000.0,1146905830.5499647,spectrum,31250000.0,5000000.0,5000.0,20,32017500.0,-45.88267899
1000000000.0,1146905830.5499647,spectrum,31250000.0,5000000.0,5000.0,20,32020000.0,-47.20120621
1000000000.0,1146905830.5499647,spectrum,31250000.0,5000000.0,5000.0,20,32022500.0,-48.74491501
1000000000.0,1146905830.5499647,spectrum,31250000.0,5000000.0,5000.0,20,32025000.0,-49.31964874
1000000000.0,1146905830.5499647,spectrum,31250000.0,5000000.0,5000.0,20,32027500.0,-48.90538406
1000000000.0,1146905830.5499647,spectrum,31250000.0,5000000.0,5000.0,20,32030000.0,-47.86233902
1000000000.0,1146905830.5499647,spectrum,31250000.0,5000000.0,5000.0,20,32032500.0,-47.60943985
1000000000.0,1146905830.5499647,spectrum,31250000.0,5000000.0,5000.0,20,32035000.0,-47.41146851
1000000000.0,1146905830.5499647,spectrum,31250000.0,5000000.0,5000.0,20,32037500.0,-46.16589355
1000000000.0,1146905830.5499647,spectrum,31250000.0,5000000.0,5000.0,20,32040000.0,-45.05450058
1000000000.0,1146905830.5499647,spectrum,31250000.0,5000000.0,5000.0,20,32042500.0,-43.87807083
1000000000.0,1146905830.5499647,spectrum,31250000.0,5000000.0,5000.0,20,32045000.0,-40.36757278
1000000000.0,1146905830.5499647,spectrum,31250000.0,5000000.0,5000.0,20,32047500.0,-35.61413193
1000000000.0,1146905830.5499647,spectrum,31250000.0,5000000.0,5000.0,20,32050000.0,-34.72224426
1000000000.0,1146905830.5499647,spectrum,31250000.0,5000000.0,5000.0,20,32052500.0,-38.9031868
1000000000.0,1146905830.5499647,spectrum,31250000.0,5000000.0,5000.0,20,32055000.0,-46.69198608
1000000000.0,1146905830.5499647,spectrum,31250000.0,5000000.0,5000.0,20,32057500.0,-49.08819199
1000000000.0,1146905830.5499647,spectrum,31250000.0,5000000.0,5000.0,20,32060000.0,-49.33423996
1000000000.0,1146905830.5499647,spectrum,31250000.0,5000000.0,5000.0,20,32062500.0,-49.53525162
1000000000.0,1146905830.5499647,spectrum,31250000.0,5000000.0,5000.0,20,32065000.0,-49.89199066
1000000000.0,1146905830.5499647,spectrum,31250000.0,5000000.0,5000.0,20,32067500.0,-50.02861786
1000000000.0,1146905830.5499647,spectrum,31250000.0,5000000.0,5000.0,20,32070000.0,-50.86465454
1000000000.0,1146905830.5499647,spectrum,31250000.0,5000000.0,5000.0,20,32072500.0,-51.90862656
1000000000.0,1146905830.5499647,spectrum,31250000.0,5000000.0,5000.0,20,32075000.0,-52.56433105
1000000000.0,1146905830.5499647,spectrum,31250000.0,5000000.0,5000.0,20,32077500.0,-52.44885635
1000000000.0,1146905830.5499647,spectrum,31250000.0,5000000.0,5000.0,20,32080000.0,-50.54835892
1000000000.0,1146905830.5499647,spectrum,31250000.0,5000000.0,5000.0,20,32082500.0,-48.70755768
1000000000.0,1146905830.5499647,spectrum,31250000.0,5000000.0,5000.0,20,32085000.0,-47.98498154
1000000000.0,1146905830.5499647,spectrum,31250000.0,5000000.0,5000.0,20,32087500.0,-46.70552063
1000000000.0,1146905830.5499647,spectrum,31250000.0,5000000.0,5000.0,20,32090000.0,-45.59445953
1000000000.0,1146905830.5499647,spectrum,31250000.0,5000000.0,5000.0,20,32092500.0,-46.01168823
1000000000.0,1146905830.5499647,spectrum,31250000.0,5000000.0,5000.0,20,32095000.0,-47.11691284
1000000000.0,1146905830.5499647,spectrum,31250000.0,5000000.0,5000.0,20,32097500.0,-48.75548935
1000000000.0,1146905830.5499647,spectrum,31250000.0,5000000.0,5000.0,20,32100000.0,-49.94538116
1000000000.0,1146905830.5499647,spectrum,31250000.0,5000000.0,5000.0,20,32102500.0,-50.58762741
1000000000.0,1146905830.5499647,spectrum,31250000.0,5000000.0,5000.0,20,32105000.0,-50.58407593
1000000000.0,1146905830.5499647,spectrum,31250000.0,5000000.0,5000.0,20,32107500.0,-51.10682297
1000000000.0,1146905830.5499647,spectrum,31250000.0,5000000.0,5000.0,20,32110000.0,-49.73435974
1000000000.0,1146905830.5499647,spectrum,31250000.0,5000000.0,5000.0,20,32112500.0,-48.25778961
1000000000.0,1146905830.5499647,spectrum,31250000.0,5000000.0,5000.0,20,32115000.0,-48.13447189
1000000000.0,1146905830.5499647,spectrum,31250000.0,5000000.0,5000.0,20,32117500.0,-49.21902084
1000000000.0,1146905830.5499647,spectrum,31250000.0,5000000.0,5000.0,20,32120000.0,-51.40242386
1000000000.0,1146905830.5499647,spectrum,31250000.0,5000000.0,5000.0,20,32122500.0,-52.7551651
1000000000.0,1146905830.5499647,spectrum,31250000.0,5000000.0,5000.0,20,32125000.0,-53.19149017
1000000000.0,1146905830.5499647,spectrum,31250000.0,5000000.0,5000.0,20,32127500.0,-52.40882111
1000000000.0,1146905830.5499647,spectrum,31250000.0,5000000.0,5000.0,20,32130000.0,-50.92307281
1000000000.0,1146905830.5499647,spectrum,31250000.0,5000000.0,5000.0,20,32132500.0,-49.90901947
1000000000.0,1146905830.5499647,spectrum,31250000.0,5000000.0,5000.0,20,32135000.0,-47.5357666
1000000000.0,1146905830.5499647,spectrum,31250000.0,5000000.0,5000.0,20,32137500.0,-46.36590195
1000000000.0,1146905830.5499647,spectrum,31250000.0,5000000.0,5000.0,20,32140000.0,-46.43082428
1000000000.0,1146905830.5499647,spectrum,31250000.0,5000000.0,5000.0,20,32142500.0,-45.88291931
1000000000.0,1146905830.5499647,spectrum,31250000.0,5000000.0,5000.0,20,32145000.0,-45.42608643
1000000000.0,1146905830.5499647,spectrum,31250000.0,5000000.0,5000.0,20,32147500.0,-45.98449326
1000000000.0,1146905830.5499647,spectrum,31250000.0,5000000.0,5000.0,20,32150000.0,-46.77015305
1000000000.0,1146905830.5499647,spectrum,31250000.0,5000000.0,5000.0,20,32152500.0,-47.57951736
1000000000.0,1146905830.5499647,spectrum,31250000.0,5000000.0,5000.0,20,32155000.0,-48.77475357
1000000000.0,1146905830.5499647,spectrum,31250000.0,5000000.0,5000.0,20,32157500.0,-48.82278442
1000000000.0,1146905830.5499647,spectrum,31250000.0,5000000.0,5000.0,20,32160000.0,-49.68188095
1000000000.0,1146905830.5499647,spectrum,31250000.0,5000000.0,5000.0,20,32162500.0,-50.73884964
1000000000.0,1146905830.5499647,spectrum,31250000.0,5000000.0,5000.0,20,32165000.0,-51.30916977
1000000000.0,1146905830.5499647,spectrum,31250000.0,5000000.0,5000.0,20,32167500.0,-52.18787003
1000000000.0,1146905830.5499647,spectrum,31250000.0,5000000.0,5000.0,20,32170000.0,-52.23980713
1000000000.0,1146905830.5499647,spectrum,31250000.0,5000000.0,5000.0,20,32172500.0,-51.86759567
1000000000.0,1146905830.5499647,spectrum,31250000.0,5000000.0,5000.0,20,32175000.0,-51.54302979
1000000000.0,1146905830.5499647,spectrum,31250000.0,5000000.0,5000.0,20,32177500.0,-51.06402969
1000000000.0,1146905830.5499647,spectrum,31250000.0,5000000.0,5000.0,20,32180000.0,-49.81033707
1000000000.0,1146905830.5499647,spectrum,31250000.0,5000000.0,5000.0,20,32182500.0,-50.26000977
1000000000.0,1146905830.5499647,spectrum,31250000.0,5000000.0,5000.0,20,32185000.0,-50.49160004
1000000000.0,1146905830.5499647,spectrum,31250000.0,5000000.0,5000.0,20,32187500.0,-47.14863586
1000000000.0,1146905830.5499647,spectrum,31250000.0,5000000.0,5000.0,20,32190000.0,-45.90355301
1000000000.0,1146905830.5499647,spectrum,31250000.0,5000000.0,5000.0,20,32192500.0,-45.45799255
1000000000.0,1146905830.5499647,spectrum,31250000.0,5000000.0,5000.0,20,32195000.0,-44.62084198
1000000000.0,1146905830.5499647,spectrum,31250000.0,5000000.0,5000.0,20,32197500.0,-44.02881241
1000000000.0,1146905830.5499647,spectrum,31250000.0,5000000.0,5000.0,20,32200000.0,-44.01325607
1000000000.0,1146905830.5499647,spectrum,31250000.0,5000000.0,5000.0,20,32202500.0,-44.75709534
1000000000.0,1146905830.5499647,spectrum,31250000.0,5000000.0,5000.0,20,32205000.0,-44.7867012
1000000000.0,1146905830.5499647,spectrum,31250000.0,5000000.0,5000.0,20,32207500.0,-45.93130493
1000000000.0,1146905830.5499647,spectrum,31250000.0,5000000.0,5000.0,20,32210000.0,-46.31814957
1000000000.0,1146905830.5499647,spectrum,31250000.0,5000000.0,5000.0,20,32212500.0,-44.84609604
1000000000.0,1146905830.5499647,spectrum,31250000.0,5000000.0,5000.0,20,32215000.0,-43.87301254
1000000000.0,1146905830.5499647,spectrum,31250000.0,5000000.0,5000.0,20,32217500.0,-44.95648193
1000000000.0,1146905830.5499647,spectrum,31250000.0,5000000.0,5000.0,20,32220000.0,-46.99843979
1000000000.0,1146905830.5499647,spectrum,31250000.0,5000000.0,5000.0,20,32222500.0,-49.61289597
1000000000.0,1146905830.5499647,spectrum,31250000.0,5000000.0,5000.0,20,32225000.0,-52.50591278
1000000000.0,1146905830.5499647,spectrum,31250000.0,5000000.0,5000.0,20,32227500.0,-51.89035034
1000000000.0,1146905830.5499647,spectrum,31250000.0,5000000.0,5000.0,20,32230000.0,-49.99738312
1000000000.0,1146905830.5499647,spectrum,31250000.0,5000000.0,5000.0,20,32232500.0,-49.17475891
1000000000.0,1146905830.5499647,spectrum,31250000.0,5000000.0,5000.0,20,32235000.0,-49.50583649
1000000000.0,1146905830.5499647,spectrum,31250000.0,5000000.0,5000.0,20,32237500.0,-48.88498306
1000000000.0,1146905830.5499647,spectrum,31250000.0,5000000.0,5000.0,20,32240000.0,-46.61851501
1000000000.0,1146905830.5499647,spectrum,31250000.0,5000000.0,5000.0,20,32242500.0,-45.87261963
1000000000.0,1146905830.5499647,spectrum,31250000.0,5000000.0,5000.0,20,32245000.0,-45.55964279
1000000000.0,1146905830.5499647,spectrum,31250000.0,5000000.0,5000.0,20,32247500.0,-44.20744705
1000000000.0,1146905830.5499647,spectrum,31250000.0,5000000.0,5000.0,20,32250000.0,-43.39186096
1000000000.0,1146905830.5499647,spectrum,31250000.0,5000000.0,5000.0,20,32252500.0,-43.38864136
1000000000.0,1146905830.5499647,spectrum,31250000.0,5000000.0,5000.0,20,32255000.0,-43.72803879
1000000000.0,1146905830.5499647,spectrum,31250000.0,5000000.0,5000.0,20,32257500.0,-43.55483246
1000000000.0,1146905830.5499647,spectrum,31250000.0,5000000.0,5000.0,20,32260000.0,-44.86346054
1000000000.0,1146905830.5499647,spectrum,31250000.0,5000000.0,5000.0,20,32262500.0,-46.45778275
1000000000.0,1146905830.5499647,spectrum,31250000.0,5000000.0,5000.0,20,32265000.0,-44.07619095
1000000000.0,1146905830.5499647,spectrum,31250000.0,5000000.0,5000.0,20,32267500.0,-41.95731735
1000000000.0,1146905830.5499647,spectrum,31250000.0,5000000.0,5000.0,20,32270000.0,-42.62888718
1000000000.0,1146905830.5499647,spectrum,31250000.0,5000000.0,5000.0,20,32272500.0,-43.99783325
1000000000.0,1146905830.5499647,spectrum,31250000.0,5000000.0,5000.0,20,32275000.0,-43.78017426
1000000000.0,1146905830.5499647,spectrum,31250000.0,5000000.0,5000.0,20,32277500.0,-44.74158478
1000000000.0,1146905830.5499647,spectrum,31250000.0,5000000.0,5000.0,20,32280000.0,-47.35099792
1000000000.0,1146905830.5499647,spectrum,31250000.0,5000000.0,5000.0,20,32282500.0,-47.98747253
1000000000.0,1146905830.5499647,spectrum,31250000.0,5000000.0,5000.0,20,32285000.0,-47.41389847
1000000000.0,1146905830.5499647,spectrum,31250000.0,5000000.0,5000.0,20,32287500.0,-48.40217209
1000000000.0,1146905830.5499647,spectrum,31250000.0,5000000.0,5000.0,20,32290000.0,-47.46891022
1000000000.0,1146905830.5499647,spectrum,31250000.0,5000000.0,5000.0,20,32292500.0,-45.02058792
1000000000.0,1146905830.5499647,spectrum,31250000.0,5000000.0,5000.0,20,32295000.0,-44.697258
1000000000.0,1146905830.5499647,spectrum,31250000.0,5000000.0,5000.0,20,32297500.0,-44.42724991
1000000000.0,1146905830.5499647,spectrum,31250000.0,5000000.0,5000.0,20,32300000.0,-43.20411682
1000000000.0,1146905830.5499647,spectrum,31250000.0,5000000.0,5000.0,20,32302500.0,-41.62950134
1000000000.0,1146905830.5499647,spectrum,31250000.0,5000000.0,5000.0,20,32305000.0,-38.87080002
1000000000.0,1146905830.5499647,spectrum,31250000.0,5000000.0,5000.0,20,32307500.0,-36.72196579
1000000000.0,1146905830.5499647,spectrum,31250000.0,5000000.0,5000.0,20,32310000.0,-37.15639877
1000000000.0,1146905830.5499647,spectrum,31250000.0,5000000.0,5000.0,20,32312500.0,-40.86343002
1000000000.0,1146905830.5499647,spectrum,31250000.0,5000000.0,5000.0,20,32315000.0,-44.66896439
1000000000.0,1146905830.5499647,spectrum,31250000.0,5000000.0,5000.0,20,32317500.0,-41.18745804
1000000000.0,1146905830.5499647,spectrum,31250000.0,5000000.0,5000.0,20,32320000.0,-30.13500023
1000000000.0,1146905830.5499647,spectrum,31250000.0,5000000.0,5000.0,20,32322500.0,-23.35284615
1000000000.0,1146905830.5499647,spectrum,31250000.0,5000000.0,5000.0,20,32325000.0,-22.07073021
1000000000.0,1146905830.5499647,spectrum,31250000.0,5000000.0,5000.0,20,32327500.0,-26.19391632
1000000000.0,1146905830.5499647,spectrum,31250000.0,5000000.0,5000.0,20,32330000.0,-36.14428329
1000000000.0,1146905830.5499647,spectrum,31250000.0,5000000.0,5000.0,20,32332500.0,-47.80485153
1000000000.0,1146905830.5499647,spectrum,31250000.0,5000000.0,5000.0,20,32335000.0,-48.42015076
1000000000.0,1146905830.5499647,spectrum,31250000.0,5000000.0,5000.0,20,32337500.0,-48.13299179
1000000000.0,1146905830.5499647,spectrum,31250000.0,5000000.0,5000.0,20,32340000.0,-49.10971832
1000000000.0,1146905830.5499647,spectrum,31250000.0,5000000.0,5000.0,20,32342500.0,-48.68855667
1000000000.0,1146905830.5499647,spectrum,31250000.0,5000000.0,5000.0,20,32345000.0,-47.9616394
1000000000.0,1146905830.5499647,spectrum,31250000.0,5000000.0,5000.0,20,32347500.0,-47.8564415
1000000000.0,1146905830.5499647,spectrum,31250000.0,5000000.0,5000.0,20,32350000.0,-48.33666611
1000000000.0,1146905830.5499647,spectrum,31250000.0,5000000.0,5000.0,20,32352500.0,-48.23925781
1000000000.0,1146905830.5499647,spectrum,31250000.0,5000000.0,5000.0,20,32355000.0,-47.00979996
1000000000.0,1146905830.5499647,spectrum,31250000.0,5000000.0,5000.0,20,32357500.0,-46.22354126
1000000000.0,1146905830.5499647,spectrum,31250000.0,5000000.0,5000.0,20,32360000.0,-46.67844391
1000000000.0,1146905830.5499647,spectrum,31250000.0,5000000.0,5000.0,20,32362500.0,-47.33361816
1000000000.0,1146905830.5499647,spectrum,31250000.0,5000000.0,5000.0,20,32365000.0,-47.96946335
1000000000.0,1146905830.5499647,spectrum,31250000.0,5000000.0,5000.0,20,32367500.0,-50.54987717
1000000000.0,1146905830.5499647,spectrum,31250000.0,5000000.0,5000.0,20,32370000.0,-53.87532806
1000000000.0,1146905830.5499647,spectrum,31250000.0,5000000.0,5000.0,20,32372500.0,-53.50408936
1000000000.0,1146905830.5499647,spectrum,31250000.0,5000000.0,5000.0,20,32375000.0,-52.5898056
1000000000.0,1146905830.5499647,spectrum,31250000.0,5000000.0,5000.0,20,32377500.0,-47.19724274
1000000000.0,1146905830.5499647,spectrum,31250000.0,5000000.0,5000.0,20,32380000.0,-40.97826767
1000000000.0,1146905830.5499647,spectrum,31250000.0,5000000.0,5000.0,20,32382500.0,-39.36737823
1000000000.0,1146905830.5499647,spectrum,31250000.0,5000000.0,5000.0,20,32385000.0,-42.71675491
1000000000.0,1146905830.5499647,spectrum,31250000.0,5000000.0,5000.0,20,32387500.0,-50.0823822
1000000000.0,1146905830.5499647,spectrum,31250000.0,5000000.0,5000.0,20,32390000.0,-55.02902985
1000000000.0,1146905830.5499647,spectrum,31250000.0,5000000.0,5000.0,20,32392500.0,-57.24455643
1000000000.0,1146905830.5499647,spectrum,31250000.0,5000000.0,5000.0,20,32395000.0,-57.94406128
1000000000.0,1146905830.5499647,spectrum,31250000.0,5000000.0,5000.0,20,32397500.0,-55.6878624
1000000000.0,1146905830.5499647,spectrum,31250000.0,5000000.0,5000.0,20,32400000.0,-53.13080597
1000000000.0,1146905830.5499647,spectrum,31250000.0,5000000.0,5000.0,20,32402500.0,-52.65789795
1000000000.0,1146905830.5499647,spectrum,31250000.0,5000000.0,5000.0,20,32405000.0,-54.15629578
1000000000.0,1146905830.5499647,spectrum,31250000.0,5000000.0,5000.0,20,32407500.0,-55.53929901
1000000000.0,1146905830.5499647,spectrum,31250000.0,5000000.0,5000.0,20,32410000.0,-55.9293251
1000000000.0,1146905830.5499647,spectrum,31250000.0,5000000.0,5000.0,20,32412500.0,-56.15920639
1000000000.0,1146905830.5499647,spectrum,31250000.0,5000000.0,5000.0,20,32415000.0,-55.98488998
1000000000.0,1146905830.5499647,spectrum,31250000.0,5000000.0,5000.0,20,32417500.0,-55.67823029
1000000000.0,1146905830.5499647,spectrum,31250000.0,5000000.0,5000.0,20,32420000.0,-55.88418198
1000000000.0,1146905830.5499647,spectrum,31250000.0,5000000.0,5000.0,20,32422500.0,-56.07015991
1000000000.0,1146905830.5499647,spectrum,31250000.0,5000000.0,5000.0,20,32425000.0,-55.98380661
1000000000.0,1146905830.5499647,spectrum,31250000.0,5000000.0,5000.0,20,32427500.0,-56.41033554
1000000000.0,1146905830.5499647,spectrum,31250000.0,5000000.0,5000.0,20,32430000.0,-56.09246445
1000000000.0,1146905830.5499647,spectrum,31250000.0,5000000.0,5000.0,20,32432500.0,-55.36645889
1000000000.0,1146905830.5499647,spectrum,31250000.0,5000000.0,5000.0,20,32435000.0,-55.35031509
1000000000.0,1146905830.5499647,spectrum,31250000.0,5000000.0,5000.0,20,32437500.0,-55.63402939
1000000000.0,1146905830.5499647,spectrum,31250000.0,5000000.0,5000.0,20,32440000.0,-54.32316589
1000000000.0,1146905830.5499647,spectrum,31250000.0,5000000.0,5000.0,20,32442500.0,-54.06812286
1000000000.0,1146905830.5499647,spectrum,31250000.0,5000000.0,5000.0,20,32445000.0,-53.86792755
1000000000.0,1146905830.5499647,spectrum,31250000.0,5000000.0,5000.0,20,32447500.0,-52.42329025
1000000000.0,1146905830.5499647,spectrum,31250000.0,5000000.0,5000.0,20,32450000.0,-52.38415527
1000000000.0,1146905830.5499647,spectrum,31250000.0,5000000.0,5000.0,20,32452500.0,-53.04570007
1000000000.0,1146905830.5499647,spectrum,31250000.0,5000000.0,5000.0,20,32455000.0,-51.42243958
1000000000.0,1146905830.5499647,spectrum,31250000.0,5000000.0,5000.0,20,32457500.0,-49.44908524
1000000000.0,1146905830.5499647,spectrum,31250000.0,5000000.0,5000.0,20,32460000.0,-49.09070206
1000000000.0,1146905830.5499647,spectrum,31250000.0,5000000.0,5000.0,20,32462500.0,-50.75930786
1000000000.0,1146905830.5499647,spectrum,31250000.0,5000000.0,5000.0,20,32465000.0,-52.63511658
1000000000.0,1146905830.5499647,spectrum,31250000.0,5000000.0,5000.0,20,32467500.0,-53.21357346
1000000000.0,1146905830.5499647,spectrum,31250000.0,5000000.0,5000.0,20,32470000.0,-52.2858429
1000000000.0,1146905830.5499647,spectrum,31250000.0,5000000.0,5000.0,20,32472500.0,-51.91234207
1000000000.0,1146905830.5499647,spectrum,31250000.0,5000000.0,5000.0,20,32475000.0,-52.94581604
1000000000.0,1146905830.5499647,spectrum,31250000.0,5000000.0,5000.0,20,32477500.0,-53.09568405
1000000000.0,1146905830.5499647,spectrum,31250000.0,5000000.0,5000.0,20,32480000.0,-52.53256607
1000000000.0,1146905830.5499647,spectrum,31250000.0,5000000.0,5000.0,20,32482500.0,-52.37322235
1000000000.0,1146905830.5499647,spectrum,31250000.0,5000000.0,5000.0,20,32485000.0,-52.90625381
1000000000.0,1146905830.5499647,spectrum,31250000.0,5000000.0,5000.0,20,32487500.0,-53.05712128
1000000000.0,1146905830.5499647,spectrum,31250000.0,5000000.0,5000.0,20,32490000.0,-53.41110611
1000000000.0,1146905830.5499647,spectrum,31250000.0,5000000.0,5000.0,20,32492500.0,-54.27347946
1000000000.0,1146905830.5499647,spectrum,31250000.0,5000000.0,5000.0,20,32495000.0,-55.40034103
1000000000.0,1146905830.5499647,spectrum,31250000.0,5000000.0,5000.0,20,32497500.0,-55.27018738
1000000000.0,1146905830.5499647,spectrum,31250000.0,5000000.0,5000.0,20,32500000.0,-52.49238586
1000000000.0,1146905830.5499647,spectrum,31250000.0,5000000.0,5000.0,20,32502500.0,-50.71933746
1000000000.0,1146905830.5499647,spectrum,31250000.0,5000000.0,5000.0,20,32505000.0,-51.38428497
1000000000.0,1146905830.5499647,spectrum,31250000.0,5000000.0,5000.0,20,32507500.0,-53.50286865
1000000000.0,1146905830.5499647,spectrum,31250000.0,5000000.0,5000.0,20,32510000.0,-54.48891449
1000000000.0,1146905830.5499647,spectrum,31250000.0,5000000.0,5000.0,20,32512500.0,-55.27959061
1000000000.0,1146905830.5499647,spectrum,31250000.0,5000000.0,5000.0,20,32515000.0,-54.01063538
1000000000.0,1146905830.5499647,spectrum,31250000.0,5000000.0,5000.0,20,32517500.0,-52.641819
1000000000.0,1146905830.5499647,spectrum,31250000.0,5000000.0,5000.0,20,32520000.0,-52.48962784
1000000000.0,1146905830.5499647,spectrum,31250000.0,5000000.0,5000.0,20,32522500.0,-52.50799179
1000000000.0,1146905830.5499647,spectrum,31250000.0,5000000.0,5000.0,20,32525000.0,-52.86681366
1000000000.0,1146905830.5499647,spectrum,31250000.0,5000000.0,5000.0,20,32527500.0,-54.27383804
1000000000.0,1146905830.5499647,spectrum,31250000.0,5000000.0,5000.0,20,32530000.0,-54.87612152
1000000000.0,1146905830.5499647,spectrum,31250000.0,5000000.0,5000.0,20,32532500.0,-55.03543854
1000000000.0,1146905830.5499647,spectrum,31250000.0,5000000.0,5000.0,20,32535000.0,-55.57970047
1000000000.0,1146905830.5499647,spectrum,31250000.0,5000000.0,5000.0,20,32537500.0,-54.19535065
1000000000.0,1146905830.5499647,spectrum,31250000.0,5000000.0,5000.0,20,32540000.0,-51.7437706
1000000000.0,1146905830.5499647,spectrum,31250000.0,5000000.0,5000.0,20,32542500.0,-50.87972641
1000000000.0,1146905830.5499647,spectrum,31250000.0,5000000.0,5000.0,20,32545000.0,-52.45521164
1000000000.0,1146905830.5499647,spectrum,31250000.0,5000000.0,5000.0,20,32547500.0,-54.77854156
1000000000.0,1146905830.5499647,spectrum,31250000.0,5000000.0,5000.0,20,32550000.0,-55.53334427
1000000000.0,1146905830.5499647,spectrum,31250000.0,5000000.0,5000.0,20,32552500.0,-54.87202835
1000000000.0,1146905830.5499647,spectrum,31250000.0,5000000.0,5000.0,20,32555000.0,-54.34075546
1000000000.0,1146905830.5499647,spectrum,31250000.0,5000000.0,5000.0,20,32557500.0,-53.62308884
1000000000.0,1146905830.5499647,spectrum,31250000.0,5000000.0,5000.0,20,32560000.0,-53.20824051
1000000000.0,1146905830.5499647,spectrum,31250000.0,5000000.0,5000.0,20,32562500.0,-53.79701614
1000000000.0,1146905830.5499647,spectrum,31250000.0,5000000.0,5000.0,20,32565000.0,-52.55578232
1000000000.0,1146905830.5499647,spectrum,31250000.0,5000000.0,5000.0,20,32567500.0,-51.17527771
1000000000.0,1146905830.5499647,spectrum,31250000.0,5000000.0,5000.0,20,32570000.0,-51.21982193
1000000000.0,1146905830.5499647,spectrum,31250000.0,5000000.0,5000.0,20,32572500.0,-51.82316208
1000000000.0,1146905830.5499647,spectrum,31250000.0,5000000.0,5000.0,20,32575000.0,-51.16062927
1000000000.0,1146905830.5499647,spectrum,31250000.0,5000000.0,5000.0,20,32577500.0,-51.21772385
1000000000.0,1146905830.5499647,spectrum,31250000.0,5000000.0,5000.0,20,32580000.0,-52.79831314
1000000000.0,1146905830.5499647,spectrum,31250000.0,5000000.0,5000.0,20,32582500.0,-53.52908325
1000000000.0,1146905830.5499647,spectrum,31250000.0,5000000.0,5000.0,20,32585000.0,-52.80105591
1000000000.0,1146905830.5499647,spectrum,31250000.0,5000000.0,5000.0,20,32587500.0,-53.7778244
1000000000.0,1146905830.5499647,spectrum,31250000.0,5000000.0,5000.0,20,32590000.0,-55.17676544
1000000000.0,1146905830.5499647,spectrum,31250000.0,5000000.0,5000.0,20,32592500.0,-54.63651657
1000000000.0,1146905830.5499647,spectrum,31250000.0,5000000.0,5000.0,20,32595000.0,-53.1702652
1000000000.0,1146905830.5499647,spectrum,31250000.0,5000000.0,5000.0,20,32597500.0,-52.18692017
1000000000.0,1146905830.5499647,spectrum,31250000.0,5000000.0,5000.0,20,32600000.0,-51.26831436
1000000000.0,1146905830.5499647,spectrum,31250000.0,5000000.0,5000.0,20,32602500.0,-51.14811707
1000000000.0,1146905830.5499647,spectrum,31250000.0,5000000.0,5000.0,20,32605000.0,-51.6741066
1000000000.0,1146905830.5499647,spectrum,31250000.0,5000000.0,5000.0,20,32607500.0,-51.09041977
1000000000.0,1146905830.5499647,spectrum,31250000.0,5000000.0,5000.0,20,32610000.0,-50.33298874
1000000000.0,1146905830.5499647,spectrum,31250000.0,5000000.0,5000.0,20,32612500.0,-50.96440506
1000000000.0,1146905830.5499647,spectrum,31250000.0,5000000.0,5000.0,20,32615000.0,-51.62749481
1000000000.0,1146905830.5499647,spectrum,31250000.0,5000000.0,5000.0,20,32617500.0,-50.65303421
1000000000.0,1146905830.5499647,spectrum,31250000.0,5000000.0,5000.0,20,32620000.0,-49.61598206
1000000000.0,1146905830.5499647,spectrum,31250000.0,5000000.0,5000.0,20,32622500.0,-50.09275818
1000000000.0,1146905830.5499647,spectrum,31250000.0,5000000.0,5000.0,20,32625000.0,-51.16379166
1000000000.0,1146905830.5499647,spectrum,31250000.0,5000000.0,5000.0,20,32627500.0,-51.11197281
1000000000.0,1146905830.5499647,spectrum,31250000.0,5000000.0,5000.0,20,32630000.0,-50.91101837
1000000000.0,1146905830.5499647,spectrum,31250000.0,5000000.0,5000.0,20,32632500.0,-48.48647308
1000000000.0,1146905830.5499647,spectrum,31250000.0,5000000.0,5000.0,20,32635000.0,-43.92385483
1000000000.0,1146905830.5499647,spectrum,31250000.0,5000000.0,5000.0,20,32637500.0,-42.87015533
1000000000.0,1146905830.5499647,spectrum,31250000.0,5000000.0,5000.0,20,32640000.0,-46.72036362
1000000000.0,1146905830.5499647,spectrum,31250000.0,5000000.0,5000.0,20,32642500.0,-52.32463837
1000000000.0,1146905830.5499647,spectrum,31250000.0,5000000.0,5000.0,20,32645000.0,-52.87317276
1000000000.0,1146905830.5499647,spectrum,31250000.0,5000000.0,5000.0,20,32647500.0,-53.08570862
1000000000.0,1146905830.5499647,spectrum,31250000.0,5000000.0,5000.0,20,32650000.0,-53.20098877
1000000000.0,1146905830.5499647,spectrum,31250000.0,5000000.0,5000.0,20,32652500.0,-53.22125626
1000000000.0,1146905830.5499647,spectrum,31250000.0,5000000.0,5000.0,20,32655000.0,-51.19340515
1000000000.0,1146905830.5499647,spectrum,31250000.0,5000000.0,5000.0,20,32657500.0,-44.26688004
1000000000.0,1146905830.5499647,spectrum,31250000.0,5000000.0,5000.0,20,32660000.0,-38.89545822
1000000000.0,1146905830.5499647,spectrum,31250000.0,5000000.0,5000.0,20,32662500.0,-37.99398041
1000000000.0,1146905830.5499647,spectrum,31250000.0,5000000.0,5000.0,20,32665000.0,-42.04584503
1000000000.0,1146905830.5499647,spectrum,31250000.0,5000000.0,5000.0,20,32667500.0,-49.94414902
1000000000.0,1146905830.5499647,spectrum,31250000.0,5000000.0,5000.0,20,32670000.0,-52.69832993
1000000000.0,1146905830.5499647,spectrum,31250000.0,5000000.0,5000.0,20,32672500.0,-50.91032028
1000000000.0,1146905830.5499647,spectrum,31250000.0,5000000.0,5000.0,20,32675000.0,-50.58065414
1000000000.0,1146905830.5499647,spectrum,31250000.0,5000000.0,5000.0,20,32677500.0,-50.37595367
1000000000.0,1146905830.5499647,spectrum,31250000.0,5000000.0,5000.0,20,32680000.0,-46.75144958
1000000000.0,1146905830.5499647,spectrum,31250000.0,5000000.0,5000.0,20,32682500.0,-44.97668457
1000000000.0,1146905830.5499647,spectrum,31250000.0,5000000.0,5000.0,20,32685000.0,-47.556633
1000000000.0,1146905830.5499647,spectrum,31250000.0,5000000.0,5000.0,20,32687500.0,-53.27526855
1000000000.0,1146905830.5499647,spectrum,31250000.0,5000000.0,5000.0,20,32690000.0,-54.91068268
1000000000.0,1146905830.5499647,spectrum,31250000.0,5000000.0,5000.0,20,32692500.0,-53.57571411
1000000000.0,1146905830.5499647,spectrum,31250000.0,5000000.0,5000.0,20,32695000.0,-52.58210373
1000000000.0,1146905830.5499647,spectrum,31250000.0,5000000.0,5000.0,20,32697500.0,-52.51108551
1000000000.0,1146905830.5499647,spectrum,31250000.0,5000000.0,5000.0,20,32700000.0,-53.36518097
1000000000.0,1146905830.5499647,spectrum,31250000.0,5000000.0,5000.0,20,32702500.0,-54.49739075
1000000000.0,1146905830.5499647,spectrum,31250000.0,5000000.0,5000.0,20,32705000.0,-54.35035706
1000000000.0,1146905830.5499647,spectrum,31250000.0,5000000.0,5000.0,20,32707500.0,-52.47422028
1000000000.0,1146905830.5499647,spectrum,31250000.0,5000000.0,5000.0,20,32710000.0,-51.16331863
1000000000.0,1146905830.5499647,spectrum,31250000.0,5000000.0,5000.0,20,32712500.0,-51.33984756
1000000000.0,1146905830.5499647,spectrum,31250000.0,5000000.0,5000.0,20,32715000.0,-52.36913681
1000000000.0,1146905830.5499647,spectrum,31250000.0,5000000.0,5000.0,20,32717500.0,-52.73225021
1000000000.0,1146905830.5499647,spectrum,31250000.0,5000000.0,5000.0,20,32720000.0,-52.59901428
1000000000.0,1146905830.5499647,spectrum,31250000.0,5000000.0,5000.0,20,32722500.0,-53.40129089
1000000000.0,1146905830.5499647,spectrum,31250000.0,5000000.0,5000.0,20,32725000.0,-54.3304863
1000000000.0,1146905830.5499647,spectrum,31250000.0,5000000.0,5000.0,20,32727500.0,-54.06940842
1000000000.0,1146905830.5499647,spectrum,31250000.0,5000000.0,5000.0,20,32730000.0,-54.19811249
1000000000.0,1146905830.5499647,spectrum,31250000.0,5000000.0,5000.0,20,32732500.0,-54.89362717
1000000000.0,1146905830.5499647,spectrum,31250000.0,5000000.0,5000.0,20,32735000.0,-55.10232925
1000000000.0,1146905830.5499647,spectrum,31250000.0,5000000.0,5000.0,20,32737500.0,-55.46076965
1000000000.0,1146905830.5499647,spectrum,31250000.0,5000000.0,5000.0,20,32740000.0,-55.34939957
1000000000.0,1146905830.5499647,spectrum,31250000.0,5000000.0,5000.0,20,32742500.0,-53.97449112
1000000000.0,1146905830.5499647,spectrum,31250000.0,5000000.0,5000.0,20,32745000.0,-53.9710083
1000000000.0,1146905830.5499647,spectrum,31250000.0,5000000.0,5000.0,20,32747500.0,-54.29559708
1000000000.0,1146905830.5499647,spectrum,31250000.0,5000000.0,5000.0,20,32750000.0,-53.61756134
1000000000.0,1146905830.5499647,spectrum,31250000.0,5000000.0,5000.0,20,32752500.0,-53.63178635
1000000000.0,1146905830.5499647,spectrum,31250000.0,5000000.0,5000.0,20,32755000.0,-53.17764282
1000000000.0,1146905830.5499647,spectrum,31250000.0,5000000.0,5000.0,20,32757500.0,-52.55670929
1000000000.0,1146905830.5499647,spectrum,31250000.0,5000000.0,5000.0,20,32760000.0,-52.3147316
1000000000.0,1146905830.5499647,spectrum,31250000.0,5000000.0,5000.0,20,32762500.0,-52.74341583
1000000000.0,1146905830.5499647,spectrum,31250000.0,5000000.0,5000.0,20,32765000.0,-52.93157578
1000000000.0,1146905830.5499647,spectrum,31250000.0,5000000.0,5000.0,20,32767500.0,-51.84736633
1000000000.0,1146905830.5499647,spectrum,31250000.0,5000000.0,5000.0,20,32770000.0,-51.98168564
1000000000.0,1146905830.5499647,spectrum,31250000.0,5000000.0,5000.0,20,32772500.0,-53.25944519
1000000000.0,1146905830.5499647,spectrum,31250000.0,5000000.0,5000.0,20,32775000.0,-54.12374496
1000000000.0,1146905830.5499647,spectrum,31250000.0,5000000.0,5000.0,20,32777500.0,-54.17297745
1000000000.0,1146905830.5499647,spectrum,31250000.0,5000000.0,5000.0,20,32780000.0,-53.83004761
1000000000.0,1146905830.5499647,spectrum,31250000.0,5000000.0,5000.0,20,32782500.0,-53.84340286
1000000000.0,1146905830.5499647,spectrum,31250000.0,5000000.0,5000.0,20,32785000.0,-54.42739105
1000000000.0,1146905830.5499647,spectrum,31250000.0,5000000.0,5000.0,20,32787500.0,-53.2756958
1000000000.0,1146905830.5499647,spectrum,31250000.0,5000000.0,5000.0,20,32790000.0,-52.42778397
1000000000.0,1146905830.5499647,spectrum,31250000.0,5000000.0,5000.0,20,32792500.0,-53.5342865
1000000000.0,1146905830.5499647,spectrum,31250000.0,5000000.0,5000.0,20,32795000.0,-54.36290741
1000000000.0,1146905830.5499647,spectrum,31250000.0,5000000.0,5000.0,20,32797500.0,-54.22587585
1000000000.0,1146905830.5499647,spectrum,31250000.0,5000000.0,5000.0,20,32800000.0,-53.76578522
1000000000.0,1146905830.5499647,spectrum,31250000.0,5000000.0,5000.0,20,32802500.0,-52.91300201
1000000000.0,1146905830.5499647,spectrum,31250000.0,5000000.0,5000.0,20,32805000.0,-52.78249359
1000000000.0,1146905830.5499647,spectrum,31250000.0,5000000.0,5000.0,20,32807500.0,-53.06092453
1000000000.0,1146905830.5499647,spectrum,31250000.0,5000000.0,5000.0,20,32810000.0,-53.40976715
1000000000.0,1146905830.5499647,spectrum,31250000.0,5000000.0,5000.0,20,32812500.0,-53.38154221
1000000000.0,1146905830.5499647,spectrum,31250000.0,5000000.0,5000.0,20,32815000.0,-52.92424011
1000000000.0,1146905830.5499647,spectrum,31250000.0,5000000.0,5000.0,20,32817500.0,-53.43441391
1000000000.0,1146905830.5499647,spectrum,31250000.0,5000000.0,5000.0,20,32820000.0,-53.93233109
1000000000.0,1146905830.5499647,spectrum,31250000.0,5000000.0,5000.0,20,32822500.0,-53.20912933
1000000000.0,1146905830.5499647,spectrum,31250000.0,5000000.0,5000.0,20,32825000.0,-53.08461761
1000000000.0,1146905830.5499647,spectrum,31250000.0,5000000.0,5000.0,20,32827500.0,-53.44799423
1000000000.0,1146905830.5499647,spectrum,31250000.0,5000000.0,5000.0,20,32830000.0,-53.05127716
1000000000.0,1146905830.5499647,spectrum,31250000.0,5000000.0,5000.0,20,32832500.0,-51.854702
1000000000.0,1146905830.5499647,spectrum,31250000.0,5000000.0,5000.0,20,32835000.0,-48.36609268
1000000000.0,1146905830.5499647,spectrum,31250000.0,5000000.0,5000.0,20,32837500.0,-45.64609528
1000000000.0,1146905830.5499647,spectrum,31250000.0,5000000.0,5000.0,20,32840000.0,-46.46670151
1000000000.0,1146905830.5499647,spectrum,31250000.0,5000000.0,5000.0,20,32842500.0,-48.1931076
1000000000.0,1146905830.5499647,spectrum,31250000.0,5000000.0,5000.0,20,32845000.0,-42.87984848
1000000000.0,1146905830.5499647,spectrum,31250000.0,5000000.0,5000.0,20,32847500.0,-38.68065643
1000000000.0,1146905830.5499647,spectrum,31250000.0,5000000.0,5000.0,20,32850000.0,-39.32301712
1000000000.0,1146905830.5499647,spectrum,31250000.0,5000000.0,5000.0,20,32852500.0,-44.63590622
1000000000.0,1146905830.5499647,spectrum,31250000.0,5000000.0,5000.0,20,32855000.0,-50.21949005
1000000000.0,1146905830.5499647,spectrum,31250000.0,5000000.0,5000.0,20,32857500.0,-49.35505676
1000000000.0,1146905830.5499647,spectrum,31250000.0,5000000.0,5000.0,20,32860000.0,-46.85944748
1000000000.0,1146905830.5499647,spectrum,31250000.0,5000000.0,5000.0,20,32862500.0,-46.40327454
1000000000.0,1146905830.5499647,spectrum,31250000.0,5000000.0,5000.0,20,32865000.0,-48.57774734
1000000000.0,1146905830.5499647,spectrum,31250000.0,5000000.0,5000.0,20,32867500.0,-50.97764587
1000000000.0,1146905830.5499647,spectrum,31250000.0,5000000.0,5000.0,20,32870000.0,-51.295681
1000000000.0,1146905830.5499647,spectrum,31250000.0,5000000.0,5000.0,20,32872500.0,-50.2461586
1000000000.0,1146905830.5499647,spectrum,31250000.0,5000000.0,5000.0,20,32875000.0,-49.19053268
1000000000.0,1146905830.5499647,spectrum,31250000.0,5000000.0,5000.0,20,32877500.0,-48.99808884
1000000000.0,1146905830.5499647,spectrum,31250000.0,5000000.0,5000.0,20,32880000.0,-48.6065979
1000000000.0,1146905830.5499647,spectrum,31250000.0,5000000.0,5000.0,20,32882500.0,-47.92590714
1000000000.0,1146905830.5499647,spectrum,31250000.0,5000000.0,5000.0,20,32885000.0,-47.80955124
1000000000.0,1146905830.5499647,spectrum,31250000.0,5000000.0,5000.0,20,32887500.0,-48.2363739
1000000000.0,1146905830.5499647,spectrum,31250000.0,5000000.0,5000.0,20,32890000.0,-48.92314529
1000000000.0,1146905830.5499647,spectrum,31250000.0,5000000.0,5000.0,20,32892500.0,-48.92782593
1000000000.0,1146905830.5499647,spectrum,31250000.0,5000000.0,5000.0,20,32895000.0,-49.1814003
1000000000.0,1146905830.5499647,spectrum,31250000.0,5000000.0,5000.0,20,32897500.0,-49.91294098
1000000000.0,1146905830.5499647,spectrum,31250000.0,5000000.0,5000.0,20,32900000.0,-50.02135468
1000000000.0,1146905830.5499647,spectrum,31250000.0,5000000.0,5000.0,20,32902500.0,-49.65017319
1000000000.0,1146905830.5499647,spectrum,31250000.0,5000000.0,5000.0,20,32905000.0,-49.1593895
1000000000.0,1146905830.5499647,spectrum,31250000.0,5000000.0,5000.0,20,32907500.0,-48.98993683
1000000000.0,1146905830.5499647,spectrum,31250000.0,5000000.0,5000.0,20,32910000.0,-48.43466949
1000000000.0,1146905830.5499647,spectrum,31250000.0,5000000.0,5000.0,20,32912500.0,-47.68837357
1000000000.0,1146905830.5499647,spectrum,31250000.0,5000000.0,5000.0,20,32915000.0,-47.3085556
1000000000.0,1146905830.5499647,spectrum,31250000.0,5000000.0,5000.0,20,32917500.0,-46.94631958
1000000000.0,1146905830.5499647,spectrum,31250000.0,5000000.0,5000.0,20,32920000.0,-47.12667847
1000000000.0,1146905830.5499647,spectrum,31250000.0,5000000.0,5000.0,20,32922500.0,-47.59946823
1000000000.0,1146905830.5499647,spectrum,31250000.0,5000000.0,5000.0,20,32925000.0,-48.1684761
1000000000.0,1146905830.5499647,spectrum,31250000.0,5000000.0,5000.0,20,32927500.0,-48.38974762
1000000000.0,1146905830.5499647,spectrum,31250000.0,5000000.0,5000.0,20,32930000.0,-48.07056046
1000000000.0,1146905830.5499647,spectrum,31250000.0,5000000.0,5000.0,20,32932500.0,-48.35438538
1000000000.0,1146905830.5499647,spectrum,31250000.0,5000000.0,5000.0,20,32935000.0,-48.71261978
1000000000.0,1146905830.5499647,spectrum,31250000.0,5000000.0,5000.0,20,32937500.0,-48.263134
1000000000.0,1146905830.5499647,spectrum,31250000.0,5000000.0,5000.0,20,32940000.0,-47.65903091
1000000000.0,1146905830.5499647,spectrum,31250000.0,5000000.0,5000.0,20,32942500.0,-48.03297806
1000000000.0,1146905830.5499647,spectrum,31250000.0,5000000.0,5000.0,20,32945000.0,-49.71848297
1000000000.0,1146905830.5499647,spectrum,31250000.0,5000000.0,5000.0,20,32947500.0,-50.98840714
1000000000.0,1146905830.5499647,spectrum,31250000.0,5000000.0,5000.0,20,32950000.0,-51.11523437
1000000000.0,1146905830.5499647,spectrum,31250000.0,5000000.0,5000.0,20,32952500.0,-50.76863098
1000000000.0,1146905830.5499647,spectrum,31250000.0,5000000.0,5000.0,20,32955000.0,-50.99349976
1000000000.0,1146905830.5499647,spectrum,31250000.0,5000000.0,5000.0,20,32957500.0,-51.00495148
1000000000.0,1146905830.5499647,spectrum,31250000.0,5000000.0,5000.0,20,32960000.0,-50.31650543
1000000000.0,1146905830.5499647,spectrum,31250000.0,5000000.0,5000.0,20,32962500.0,-49.96609116
1000000000.0,1146905830.5499647,spectrum,31250000.0,5000000.0,5000.0,20,32965000.0,-50.60783005
1000000000.0,1146905830.5499647,spectrum,31250000.0,5000000.0,5000.0,20,32967500.0,-51.83073807
1000000000.0,1146905830.5499647,spectrum,31250000.0,5000000.0,5000.0,20,32970000.0,-52.67137909
1000000000.0,1146905830.5499647,spectrum,31250000.0,5000000.0,5000.0,20,32972500.0,-53.28365707
1000000000.0,1146905830.5499647,spectrum,31250000.0,5000000.0,5000.0,20,32975000.0,-54.19801331
1000000000.0,1146905830.5499647,spectrum,31250000.0,5000000.0,5000.0,20,32977500.0,-54.65526962
1000000000.0,1146905830.5499647,spectrum,31250000.0,5000000.0,5000.0,20,32980000.0,-54.8829155
1000000000.0,1146905830.5499647,spectrum,31250000.0,5000000.0,5000.0,20,32982500.0,-55.16134644
1000000000.0,1146905830.5499647,spectrum,31250000.0,5000000.0,5000.0,20,32985000.0,-54.82906342
1000000000.0,1146905830.5499647,spectrum,31250000.0,5000000.0,5000.0,20,32987500.0,-53.56550217
1000000000.0,1146905830.5499647,spectrum,31250000.0,5000000.0,5000.0,20,32990000.0,-52.65330887
1000000000.0,1146905830.5499647,spectrum,31250000.0,5000000.0,5000.0,20,32992500.0,-53.50556564
1000000000.0,1146905830.5499647,spectrum,31250000.0,5000000.0,5000.0,20,32995000.0,-54.97449875
1000000000.0,1146905830.5499647,spectrum,31250000.0,5000000.0,5000.0,20,32997500.0,-54.61611557
1000000000.0,1146905830.5499647,spectrum,31250000.0,5000000.0,5000.0,20,33000000.0,-53.05990219
1000000000.0,1146905830.5499647,spectrum,31250000.0,5000000.0,5000.0,20,33002500.0,-51.32247925
1000000000.0,1146905830.5499647,spectrum,31250000.0,5000000.0,5000.0,20,33005000.0,-51.19316864
1000000000.0,1146905830.5499647,spectrum,31250000.0,5000000.0,5000.0,20,33007500.0,-51.86001205
1000000000.0,1146905830.5499647,spectrum,31250000.0,5000000.0,5000.0,20,33010000.0,-48.79832077
1000000000.0,1146905830.5499647,spectrum,31250000.0,5000000.0,5000.0,20,33012500.0,-43.05636215
1000000000.0,1146905830.5499647,spectrum,31250000.0,5000000.0,5000.0,20,33015000.0,-41.19816589
1000000000.0,1146905830.5499647,spectrum,31250000.0,5000000.0,5000.0,20,33017500.0,-43.78536606
1000000000.0,1146905830.5499647,spectrum,31250000.0,5000000.0,5000.0,20,33020000.0,-48.19250107
1000000000.0,1146905830.5499647,spectrum,31250000.0,5000000.0,5000.0,20,33022500.0,-49.48897171
1000000000.0,1146905830.5499647,spectrum,31250000.0,5000000.0,5000.0,20,33025000.0,-49.14713669
1000000000.0,1146905830.5499647,spectrum,31250000.0,5000000.0,5000.0,20,33027500.0,-47.2882576
1000000000.0,1146905830.5499647,spectrum,31250000.0,5000000.0,5000.0,20,33030000.0,-45.95043945
1000000000.0,1146905830.5499647,spectrum,31250000.0,5000000.0,5000.0,20,33032500.0,-45.79412842
1000000000.0,1146905830.5499647,spectrum,31250000.0,5000000.0,5000.0,20,33035000.0,-46.01976395
1000000000.0,1146905830.5499647,spectrum,31250000.0,5000000.0,5000.0,20,33037500.0,-46.24269867
1000000000.0,1146905830.5499647,spectrum,31250000.0,5000000.0,5000.0,20,33040000.0,-45.96291733
1000000000.0,1146905830.5499647,spectrum,31250000.0,5000000.0,5000.0,20,33042500.0,-45.54960251
1000000000.0,1146905830.5499647,spectrum,31250000.0,5000000.0,5000.0,20,33045000.0,-45.55776978
1000000000.0,1146905830.5499647,spectrum,31250000.0,5000000.0,5000.0,20,33047500.0,-46.31385803
1000000000.0,1146905830.5499647,spectrum,31250000.0,5000000.0,5000.0,20,33050000.0,-47.64682007
1000000000.0,1146905830.5499647,spectrum,31250000.0,5000000.0,5000.0,20,33052500.0,-48.03329086
1000000000.0,1146905830.5499647,spectrum,31250000.0,5000000.0,5000.0,20,33055000.0,-47.33709717
1000000000.0,1146905830.5499647,spectrum,31250000.0,5000000.0,5000.0,20,33057500.0,-46.96395111
1000000000.0,1146905830.5499647,spectrum,31250000.0,5000000.0,5000.0,20,33060000.0,-47.38237381
1000000000.0,1146905830.5499647,spectrum,31250000.0,5000000.0,5000.0,20,33062500.0,-47.14490128
1000000000.0,1146905830.5499647,spectrum,31250000.0,5000000.0,5000.0,20,33065000.0,-46.56748199
1000000000.0,1146905830.5499647,spectrum,31250000.0,5000000.0,5000.0,20,33067500.0,-46.60782623
1000000000.0,1146905830.5499647,spectrum,31250000.0,5000000.0,5000.0,20,33070000.0,-46.79595947
1000000000.0,1146905830.5499647,spectrum,31250000.0,5000000.0,5000.0,20,33072500.0,-46.370224
1000000000.0,1146905830.5499647,spectrum,31250000.0,5000000.0,5000.0,20,33075000.0,-44.92564774
1000000000.0,1146905830.5499647,spectrum,31250000.0,5000000.0,5000.0,20,33077500.0,-44.18262863
1000000000.0,1146905830.5499647,spectrum,31250000.0,5000000.0,5000.0,20,33080000.0,-44.38644409
1000000000.0,1146905830.5499647,spectrum,31250000.0,5000000.0,5000.0,20,33082500.0,-44.76603317
1000000000.0,1146905830.5499647,spectrum,31250000.0,5000000.0,5000.0,20,33085000.0,-44.76373291
1000000000.0,1146905830.5499647,spectrum,31250000.0,5000000.0,5000.0,20,33087500.0,-44.68720627
1000000000.0,1146905830.5499647,spectrum,31250000.0,5000000.0,5000.0,20,33090000.0,-44.48781967
1000000000.0,1146905830.5499647,spectrum,31250000.0,5000000.0,5000.0,20,33092500.0,-44.72044754
1000000000.0,1146905830.5499647,spectrum,31250000.0,5000000.0,5000.0,20,33095000.0,-45.6063118
1000000000.0,1146905830.5499647,spectrum,31250000.0,5000000.0,5000.0,20,33097500.0,-46.49850464
1000000000.0,1146905830.5499647,spectrum,31250000.0,5000000.0,5000.0,20,33100000.0,-46.99840164
1000000000.0,1146905830.5499647,spectrum,31250000.0,5000000.0,5000.0,20,33102500.0,-46.69947433
1000000000.0,1146905830.5499647,spectrum,31250000.0,5000000.0,5000.0,20,33105000.0,-46.50154495
1000000000.0,1146905830.5499647,spectrum,31250000.0,5000000.0,5000.0,20,33107500.0,-46.64668274
1000000000.0,1146905830.5499647,spectrum,31250000.0,5000000.0,5000.0,20,33110000.0,-46.71379471
1000000000.0,1146905830.5499647,spectrum,31250000.0,5000000.0,5000.0,20,33112500.0,-46.86022568
1000000000.0,1146905830.5499647,spectrum,31250000.0,5000000.0,5000.0,20,33115000.0,-47.16550064
1000000000.0,1146905830.5499647,spectrum,31250000.0,5000000.0,5000.0,20,33117500.0,-47.13309479
1000000000.0,1146905830.5499647,spectrum,31250000.0,5000000.0,5000.0,20,33120000.0,-46.51752472
1000000000.0,1146905830.5499647,spectrum,31250000.0,5000000.0,5000.0,20,33122500.0,-46.13166809
1000000000.0,1146905830.5499647,spectrum,31250000.0,5000000.0,5000.0,20,33125000.0,-46.84420395
1000000000.0,1146905830.5499647,spectrum,31250000.0,5000000.0,5000.0,20,33127500.0,-46.496418
1000000000.0,1146905830.5499647,spectrum,31250000.0,5000000.0,5000.0,20,33130000.0,-45.15736008
1000000000.0,1146905830.5499647,spectrum,31250000.0,5000000.0,5000.0,20,33132500.0,-45.3362236
1000000000.0,1146905830.5499647,spectrum,31250000.0,5000000.0,5000.0,20,33135000.0,-46.75547409
1000000000.0,1146905830.5499647,spectrum,31250000.0,5000000.0,5000.0,20,33137500.0,-47.20671082
1000000000.0,1146905830.5499647,spectrum,31250000.0,5000000.0,5000.0,20,33140000.0,-47.07639694
1000000000.0,1146905830.5499647,spectrum,31250000.0,5000000.0,5000.0,20,33142500.0,-47.47645187
1000000000.0,1146905830.5499647,spectrum,31250000.0,5000000.0,5000.0,20,33145000.0,-48.05269241
1000000000.0,1146905830.5499647,spectrum,31250000.0,5000000.0,5000.0,20,33147500.0,-48.24144745
1000000000.0,1146905830.5499647,spectrum,31250000.0,5000000.0,5000.0,20,33150000.0,-47.98430252
1000000000.0,1146905830.5499647,spectrum,31250000.0,5000000.0,5000.0,20,33152500.0,-48.22386932
1000000000.0,1146905830.5499647,spectrum,31250000.0,5000000.0,5000.0,20,33155000.0,-48.53710937
1000000000.0,1146905830.5499647,spectrum,31250000.0,5000000.0,5000.0,20,33157500.0,-48.70591736
1000000000.0,1146905830.5499647,spectrum,31250000.0,5000000.0,5000.0,20,33160000.0,-47.951931
1000000000.0,1146905830.5499647,spectrum,31250000.0,5000000.0,5000.0,20,33162500.0,-46.60547256
1000000000.0,1146905830.5499647,spectrum,31250000.0,5000000.0,5000.0,20,33165000.0,-46.7023201
1000000000.0,1146905830.5499647,spectrum,31250000.0,5000000.0,5000.0,20,33167500.0,-48.0471077
1000000000.0,1146905830.5499647,spectrum,31250000.0,5000000.0,5000.0,20,33170000.0,-48.64308167
1000000000.0,1146905830.5499647,spectrum,31250000.0,5000000.0,5000.0,20,33172500.0,-48.45160675
1000000000.0,1146905830.5499647,spectrum,31250000.0,5000000.0,5000.0,20,33175000.0,-48.00250244
1000000000.0,1146905830.5499647,spectrum,31250000.0,5000000.0,5000.0,20,33177500.0,-48.31897354
1000000000.0,1146905830.5499647,spectrum,31250000.0,5000000.0,5000.0,20,33180000.0,-48.68872452
1000000000.0,1146905830.5499647,spectrum,31250000.0,5000000.0,5000.0,20,33182500.0,-47.16850281
1000000000.0,1146905830.5499647,spectrum,31250000.0,5000000.0,5000.0,20,33185000.0,-46.2817688
1000000000.0,1146905830.5499647,spectrum,31250000.0,5000000.0,5000.0,20,33187500.0,-45.90939713
1000000000.0,1146905830.5499647,spectrum,31250000.0,5000000.0,5000.0,20,33190000.0,-45.69561386
1000000000.0,1146905830.5499647,spectrum,31250000.0,5000000.0,5000.0,20,33192500.0,-46.45955276
1000000000.0,1146905830.5499647,spectrum,31250000.0,5000000.0,5000.0,20,33195000.0,-45.00798798
1000000000.0,1146905830.5499647,spectrum,31250000.0,5000000.0,5000.0,20,33197500.0,-41.42339706
1000000000.0,1146905830.5499647,spectrum,31250000.0,5000000.0,5000.0,20,33200000.0,-41.30495071
1000000000.0,1146905830.5499647,spectrum,31250000.0,5000000.0,5000.0,20,33202500.0,-43.74589539
1000000000.0,1146905830.5499647,spectrum,31250000.0,5000000.0,5000.0,20,33205000.0,-43.94486618
1000000000.0,1146905830.5499647,spectrum,31250000.0,5000000.0,5000.0,20,33207500.0,-43.1794281
1000000000.0,1146905830.5499647,spectrum,31250000.0,5000000.0,5000.0,20,33210000.0,-43.52869034
1000000000.0,1146905830.5499647,spectrum,31250000.0,5000000.0,5000.0,20,33212500.0,-44.61662674
1000000000.0,1146905830.5499647,spectrum,31250000.0,5000000.0,5000.0,20,33215000.0,-44.06871033
1000000000.0,1146905830.5499647,spectrum,31250000.0,5000000.0,5000.0,20,33217500.0,-40.66491699
1000000000.0,1146905830.5499647,spectrum,31250000.0,5000000.0,5000.0,20,33220000.0,-39.6582756
1000000000.0,1146905830.5499647,spectrum,31250000.0,5000000.0,5000.0,20,33222500.0,-42.70511246
1000000000.0,1146905830.5499647,spectrum,31250000.0,5000000.0,5000.0,20,33225000.0,-46.8271637
1000000000.0,1146905830.5499647,spectrum,31250000.0,5000000.0,5000.0,20,33227500.0,-46.80779266
1000000000.0,1146905830.5499647,spectrum,31250000.0,5000000.0,5000.0,20,33230000.0,-45.71962357
1000000000.0,1146905830.5499647,spectrum,31250000.0,5000000.0,5000.0,20,33232500.0,-45.24591064
1000000000.0,1146905830.5499647,spectrum,31250000.0,5000000.0,5000.0,20,33235000.0,-44.78602982
1000000000.0,1146905830.5499647,spectrum,31250000.0,5000000.0,5000.0,20,33237500.0,-44.06924438
1000000000.0,1146905830.5499647,spectrum,31250000.0,5000000.0,5000.0,20,33240000.0,-43.54714584
1000000000.0,1146905830.5499647,spectrum,31250000.0,5000000.0,5000.0,20,33242500.0,-43.1800766
1000000000.0,1146905830.5499647,spectrum,31250000.0,5000000.0,5000.0,20,33245000.0,-42.31808472
1000000000.0,1146905830.5499647,spectrum,31250000.0,5000000.0,5000.0,20,33247500.0,-41.92399979
1000000000.0,1146905830.5499647,spectrum,31250000.0,5000000.0,5000.0,20,33250000.0,-41.76874542
1000000000.0,1146905830.5499647,spectrum,31250000.0,5000000.0,5000.0,20,33252500.0,-41.76850891
1000000000.0,1146905830.5499647,spectrum,31250000.0,5000000.0,5000.0,20,33255000.0,-42.95300293
1000000000.0,1146905830.5499647,spectrum,31250000.0,5000000.0,5000.0,20,33257500.0,-44.91839981
1000000000.0,1146905830.5499647,spectrum,31250000.0,5000000.0,5000.0,20,33260000.0,-45.79726028
1000000000.0,1146905830.5499647,spectrum,31250000.0,5000000.0,5000.0,20,33262500.0,-45.09274292
1000000000.0,1146905830.5499647,spectrum,31250000.0,5000000.0,5000.0,20,33265000.0,-44.8850975
1000000000.0,1146905830.5499647,spectrum,31250000.0,5000000.0,5000.0,20,33267500.0,-44.32064438
1000000000.0,1146905830.5499647,spectrum,31250000.0,5000000.0,5000.0,20,33270000.0,-43.72047806
1000000000.0,1146905830.5499647,spectrum,31250000.0,5000000.0,5000.0,20,33272500.0,-43.74742126
1000000000.0,1146905830.5499647,spectrum,31250000.0,5000000.0,5000.0,20,33275000.0,-44.06924438
1000000000.0,1146905830.5499647,spectrum,31250000.0,5000000.0,5000.0,20,33277500.0,-44.13394165
1000000000.0,1146905830.5499647,spectrum,31250000.0,5000000.0,5000.0,20,33280000.0,-43.40941238
1000000000.0,1146905830.5499647,spectrum,31250000.0,5000000.0,5000.0,20,33282500.0,-42.5546875
1000000000.0,1146905830.5499647,spectrum,31250000.0,5000000.0,5000.0,20,33285000.0,-42.39813232
1000000000.0,1146905830.5499647,spectrum,31250000.0,5000000.0,5000.0,20,33287500.0,-42.19975281
1000000000.0,1146905830.5499647,spectrum,31250000.0,5000000.0,5000.0,20,33290000.0,-41.6617775
1000000000.0,1146905830.5499647,spectrum,31250000.0,5000000.0,5000.0,20,33292500.0,-41.07551193
1000000000.0,1146905830.5499647,spectrum,31250000.0,5000000.0,5000.0,20,33295000.0,-40.85536957
1000000000.0,1146905830.5499647,spectrum,31250000.0,5000000.0,5000.0,20,33297500.0,-41.69015503
1000000000.0,1146905830.5499647,spectrum,31250000.0,5000000.0,5000.0,20,33300000.0,-43.28633118
1000000000.0,1146905830.5499647,spectrum,31250000.0,5000000.0,5000.0,20,33302500.0,-43.8176651
1000000000.0,1146905830.5499647,spectrum,31250000.0,5000000.0,5000.0,20,33305000.0,-43.32312012
1000000000.0,1146905830.5499647,spectrum,31250000.0,5000000.0,5000.0,20,33307500.0,-43.90556335
1000000000.0,1146905830.5499647,spectrum,31250000.0,5000000.0,5000.0,20,33310000.0,-44.59160233
1000000000.0,1146905830.5499647,spectrum,31250000.0,5000000.0,5000.0,20,33312500.0,-44.21342087
1000000000.0,1146905830.5499647,spectrum,31250000.0,5000000.0,5000.0,20,33315000.0,-42.73033142
1000000000.0,1146905830.5499647,spectrum,31250000.0,5000000.0,5000.0,20,33317500.0,-41.33415604
1000000000.0,1146905830.5499647,spectrum,31250000.0,5000000.0,5000.0,20,33320000.0,-40.33181763
1000000000.0,1146905830.5499647,spectrum,31250000.0,5000000.0,5000.0,20,33322500.0,-40.30408859
1000000000.0,1146905830.5499647,spectrum,31250000.0,5000000.0,5000.0,20,33325000.0,-41.61508179
1000000000.0,1146905830.5499647,spectrum,31250000.0,5000000.0,5000.0,20,33327500.0,-42.89649963
1000000000.0,1146905830.5499647,spectrum,31250000.0,5000000.0,5000.0,20,33330000.0,-42.41335297
1000000000.0,1146905830.5499647,spectrum,31250000.0,5000000.0,5000.0,20,33332500.0,-41.82717514
1000000000.0,1146905830.5499647,spectrum,31250000.0,5000000.0,5000.0,20,33335000.0,-41.99494553
1000000000.0,1146905830.5499647,spectrum,31250000.0,5000000.0,5000.0,20,33337500.0,-42.36894226
1000000000.0,1146905830.5499647,spectrum,31250000.0,5000000.0,5000.0,20,33340000.0,-42.0833931
1000000000.0,1146905830.5499647,spectrum,31250000.0,5000000.0,5000.0,20,33342500.0,-41.87207031
1000000000.0,1146905830.5499647,spectrum,31250000.0,5000000.0,5000.0,20,33345000.0,-41.79886246
1000000000.0,1146905830.5499647,spectrum,31250000.0,5000000.0,5000.0,20,33347500.0,-42.04625702
1000000000.0,1146905830.5499647,spectrum,31250000.0,5000000.0,5000.0,20,33350000.0,-42.69211578
1000000000.0,1146905830.5499647,spectrum,31250000.0,5000000.0,5000.0,20,33352500.0,-43.37181473
1000000000.0,1146905830.5499647,spectrum,31250000.0,5000000.0,5000.0,20,33355000.0,-43.86382675
1000000000.0,1146905830.5499647,spectrum,31250000.0,5000000.0,5000.0,20,33357500.0,-44.9391098
1000000000.0,1146905830.5499647,spectrum,31250000.0,5000000.0,5000.0,20,33360000.0,-45.35723495
1000000000.0,1146905830.5499647,spectrum,31250000.0,5000000.0,5000.0,20,33362500.0,-43.7519722
1000000000.0,1146905830.5499647,spectrum,31250000.0,5000000.0,5000.0,20,33365000.0,-41.07086945
1000000000.0,1146905830.5499647,spectrum,31250000.0,5000000.0,5000.0,20,33367500.0,-39.23028564
1000000000.0,1146905830.5499647,spectrum,31250000.0,5000000.0,5000.0,20,33370000.0,-40.55002213
1000000000.0,1146905830.5499647,spectrum,31250000.0,5000000.0,5000.0,20,33372500.0,-42.81791306
1000000000.0,1146905830.5499647,spectrum,31250000.0,5000000.0,5000.0,20,33375000.0,-42.56246567
1000000000.0,1146905830.5499647,spectrum,31250000.0,5000000.0,5000.0,20,33377500.0,-42.0884552
1000000000.0,1146905830.5499647,spectrum,31250000.0,5000000.0,5000.0,20,33380000.0,-41.58839798
1000000000.0,1146905830.5499647,spectrum,31250000.0,5000000.0,5000.0,20,33382500.0,-41.39994812
1000000000.0,1146905830.5499647,spectrum,31250000.0,5000000.0,5000.0,20,33385000.0,-41.65098572
1000000000.0,1146905830.5499647,spectrum,31250000.0,5000000.0,5000.0,20,33387500.0,-42.10555267
1000000000.0,1146905830.5499647,spectrum,31250000.0,5000000.0,5000.0,20,33390000.0,-43.37304687
1000000000.0,1146905830.5499647,spectrum,31250000.0,5000000.0,5000.0,20,33392500.0,-44.32194519
1000000000.0,1146905830.5499647,spectrum,31250000.0,5000000.0,5000.0,20,33395000.0,-43.64962387
1000000000.0,1146905830.5499647,spectrum,31250000.0,5000000.0,5000.0,20,33397500.0,-43.60709
1000000000.0,1146905830.5499647,spectrum,31250000.0,5000000.0,5000.0,20,33400000.0,-44.46288681
1000000000.0,1146905830.5499647,spectrum,31250000.0,5000000.0,5000.0,20,33402500.0,-45.22231293
1000000000.0,1146905830.5499647,spectrum,31250000.0,5000000.0,5000.0,20,33405000.0,-44.71141815
1000000000.0,1146905830.5499647,spectrum,31250000.0,5000000.0,5000.0,20,33407500.0,-44.1028595
1000000000.0,1146905830.5499647,spectrum,31250000.0,5000000.0,5000.0,20,33410000.0,-44.63751984
1000000000.0,1146905830.5499647,spectrum,31250000.0,5000000.0,5000.0,20,33412500.0,-45.87614441
1000000000.0,1146905830.5499647,spectrum,31250000.0,5000000.0,5000.0,20,33415000.0,-46.0208168
1000000000.0,1146905830.5499647,spectrum,31250000.0,5000000.0,5000.0,20,33417500.0,-45.48522186
1000000000.0,1146905830.5499647,spectrum,31250000.0,5000000.0,5000.0,20,33420000.0,-45.6889801
1000000000.0,1146905830.5499647,spectrum,31250000.0,5000000.0,5000.0,20,33422500.0,-45.80673599
1000000000.0,1146905830.5499647,spectrum,31250000.0,5000000.0,5000.0,20,33425000.0,-45.16679001
1000000000.0,1146905830.5499647,spectrum,31250000.0,5000000.0,5000.0,20,33427500.0,-44.59529495
1000000000.0,1146905830.5499647,spectrum,31250000.0,5000000.0,5000.0,20,33430000.0,-44.57947922
1000000000.0,1146905830.5499647,spectrum,31250000.0,5000000.0,5000.0,20,33432500.0,-45.36211014
1000000000.0,1146905830.5499647,spectrum,31250000.0,5000000.0,5000.0,20,33435000.0,-46.65960693
1000000000.0,1146905830.5499647,spectrum,31250000.0,5000000.0,5000.0,20,33437500.0,-47.95342255
1000000000.0,1146905830.5499647,spectrum,31250000.0,5000000.0,5000.0,20,33440000.0,-49.00003433
1000000000.0,1146905830.5499647,spectrum,31250000.0,5000000.0,5000.0,20,33442500.0,-48.53951263
1000000000.0,1146905830.5499647,spectrum,31250000.0,5000000.0,5000.0,20,33445000.0,-48.88089752
1000000000.0,1146905830.5499647,spectrum,31250000.0,5000000.0,5000.0,20,33447500.0,-49.26642609
1000000000.0,1146905830.5499647,spectrum,31250000.0,5000000.0,5000.0,20,33450000.0,-48.0990448
1000000000.0,1146905830.5499647,spectrum,31250000.0,5000000.0,5000.0,20,33452500.0,-47.27005386
1000000000.0,1146905830.5499647,spectrum,31250000.0,5000000.0,5000.0,20,33455000.0,-47.66646957
1000000000.0,1146905830.5499647,spectrum,31250000.0,5000000.0,5000.0,20,33457500.0,-48.13347626
1000000000.0,1146905830.5499647,spectrum,31250000.0,5000000.0,5000.0,20,33460000.0,-48.64912796
1000000000.0,1146905830.5499647,spectrum,31250000.0,5000000.0,5000.0,20,33462500.0,-49.52696609
1000000000.0,1146905830.5499647,spectrum,31250000.0,5000000.0,5000.0,20,33465000.0,-49.17648315
1000000000.0,1146905830.5499647,spectrum,31250000.0,5000000.0,5000.0,20,33467500.0,-48.51131821
1000000000.0,1146905830.5499647,spectrum,31250000.0,5000000.0,5000.0,20,33470000.0,-48.5348053
1000000000.0,1146905830.5499647,spectrum,31250000.0,5000000.0,5000.0,20,33472500.0,-49.23502731
1000000000.0,1146905830.5499647,spectrum,31250000.0,5000000.0,5000.0,20,33475000.0,-49.62953186
1000000000.0,1146905830.5499647,spectrum,31250000.0,5000000.0,5000.0,20,33477500.0,-49.61274719
1000000000.0,1146905830.5499647,spectrum,31250000.0,5000000.0,5000.0,20,33480000.0,-49.52272034
1000000000.0,1146905830.5499647,spectrum,31250000.0,5000000.0,5000.0,20,33482500.0,-49.29948807
1000000000.0,1146905830.5499647,spectrum,31250000.0,5000000.0,5000.0,20,33485000.0,-49.38257599
1000000000.0,1146905830.5499647,spectrum,31250000.0,5000000.0,5000.0,20,33487500.0,-50.90187454
1000000000.0,1146905830.5499647,spectrum,31250000.0,5000000.0,5000.0,20,33490000.0,-52.04986572
1000000000.0,1146905830.5499647,spectrum,31250000.0,5000000.0,5000.0,20,33492500.0,-50.91994858
1000000000.0,1146905830.5499647,spectrum,31250000.0,5000000.0,5000.0,20,33495000.0,-50.48577499
1000000000.0,1146905830.5499647,spectrum,31250000.0,5000000.0,5000.0,20,33497500.0,-51.16708374
1000000000.0,1146905830.5499647,spectrum,31250000.0,5000000.0,5000.0,20,33500000.0,-52.5475502
1000000000.0,1146905830.5499647,spectrum,31250000.0,5000000.0,5000.0,20,33502500.0,-53.11533737
1000000000.0,1146905830.5499647,spectrum,31250000.0,5000000.0,5000.0,20,33505000.0,-52.2664566
1000000000.0,1146905830.5499647,spectrum,31250000.0,5000000.0,5000.0,20,33507500.0,-52.01044464
1000000000.0,1146905830.5499647,spectrum,31250000.0,5000000.0,5000.0,20,33510000.0,-52.29902267
1000000000.0,1146905830.5499647,spectrum,31250000.0,5000000.0,5000.0,20,33512500.0,-51.68219376
1000000000.0,1146905830.5499647,spectrum,31250000.0,5000000.0,5000.0,20,33515000.0,-50.70631409
1000000000.0,1146905830.5499647,spectrum,31250000.0,5000000.0,5000.0,20,33517500.0,-50.78991699
1000000000.0,1146905830.5499647,spectrum,31250000.0,5000000.0,5000.0,20,33520000.0,-51.61006546
1000000000.0,1146905830.5499647,spectrum,31250000.0,5000000.0,5000.0,20,33522500.0,-51.85062027
1000000000.0,1146905830.5499647,spectrum,31250000.0,5000000.0,5000.0,20,33525000.0,-52.60134125
1000000000.0,1146905830.5499647,spectrum,31250000.0,5000000.0,5000.0,20,33527500.0,-53.35464478
1000000000.0,1146905830.5499647,spectrum,31250000.0,5000000.0,5000.0,20,33530000.0,-52.50336075
1000000000.0,1146905830.5499647,spectrum,31250000.0,5000000.0,5000.0,20,33532500.0,-52.14680099
1000000000.0,1146905830.5499647,spectrum,31250000.0,5000000.0,5000.0,20,33535000.0,-53.43723679
1000000000.0,1146905830.5499647,spectrum,31250000.0,5000000.0,5000.0,20,33537500.0,-54.61209106
1000000000.0,1146905830.5499647,spectrum,31250000.0,5000000.0,5000.0,20,33540000.0,-54.93642807
1000000000.0,1146905830.5499647,spectrum,31250000.0,5000000.0,5000.0,20,33542500.0,-53.77946854
1000000000.0,1146905830.5499647,spectrum,31250000.0,5000000.0,5000.0,20,33545000.0,-53.20145416
1000000000.0,1146905830.5499647,spectrum,31250000.0,5000000.0,5000.0,20,33547500.0,-53.06441879
1000000000.0,1146905830.5499647,spectrum,31250000.0,5000000.0,5000.0,20,33550000.0,-52.16127396
1000000000.0,1146905830.5499647,spectrum,31250000.0,5000000.0,5000.0,20,33552500.0,-51.30845261
1000000000.0,1146905830.5499647,spectrum,31250000.0,5000000.0,5000.0,20,33555000.0,-51.45474625
1000000000.0,1146905830.5499647,spectrum,31250000.0,5000000.0,5000.0,20,33557500.0,-52.22942734
1000000000.0,1146905830.5499647,spectrum,31250000.0,5000000.0,5000.0,20,33560000.0,-53.06827927
1000000000.0,1146905830.5499647,spectrum,31250000.0,5000000.0,5000.0,20,33562500.0,-54.05716324
1000000000.0,1146905830.5499647,spectrum,31250000.0,5000000.0,5000.0,20,33565000.0,-54.6414032
1000000000.0,1146905830.5499647,spectrum,31250000.0,5000000.0,5000.0,20,33567500.0,-54.76917648
1000000000.0,1146905830.5499647,spectrum,31250000.0,5000000.0,5000.0,20,33570000.0,-54.89192963
1000000000.0,1146905830.5499647,spectrum,31250000.0,5000000.0,5000.0,20,33572500.0,-54.80368042
1000000000.0,1146905830.5499647,spectrum,31250000.0,5000000.0,5000.0,20,33575000.0,-50.41514969
1000000000.0,1146905830.5499647,spectrum,31250000.0,5000000.0,5000.0,20,33577500.0,-47.52621841
1000000000.0,1146905830.5499647,spectrum,31250000.0,5000000.0,5000.0,20,33580000.0,-49.23027039
1000000000.0,1146905830.5499647,spectrum,31250000.0,5000000.0,5000.0,20,33582500.0,-53.63209915
1000000000.0,1146905830.5499647,spectrum,31250000.0,5000000.0,5000.0,20,33585000.0,-54.52211761
1000000000.0,1146905830.5499647,spectrum,31250000.0,5000000.0,5000.0,20,33587500.0,-53.61315155
1000000000.0,1146905830.5499647,spectrum,31250000.0,5000000.0,5000.0,20,33590000.0,-53.25027466
1000000000.0,1146905830.5499647,spectrum,31250000.0,5000000.0,5000.0,20,33592500.0,-53.13903046
1000000000.0,1146905830.5499647,spectrum,31250000.0,5000000.0,5000.0,20,33595000.0,-53.789505
1000000000.0,1146905830.5499647,spectrum,31250000.0,5000000.0,5000.0,20,33597500.0,-54.8150177
1000000000.0,1146905830.5499647,spectrum,31250000.0,5000000.0,5000.0,20,33600000.0,-54.83723831
1000000000.0,1146905830.5499647,spectrum,31250000.0,5000000.0,5000.0,20,33602500.0,-55.04035187
1000000000.0,1146905830.5499647,spectrum,31250000.0,5000000.0,5000.0,20,33605000.0,-56.21590042
1000000000.0,1146905830.5499647,spectrum,31250000.0,5000000.0,5000.0,20,33607500.0,-56.15523148
1000000000.0,1146905830.5499647,spectrum,31250000.0,5000000.0,5000.0,20,33610000.0,-55.42388535
1000000000.0,1146905830.5499647,spectrum,31250000.0,5000000.0,5000.0,20,33612500.0,-55.66608429
1000000000.0,1146905830.5499647,spectrum,31250000.0,5000000.0,5000.0,20,33615000.0,-55.8503952
1000000000.0,1146905830.5499647,spectrum,31250000.0,5000000.0,5000.0,20,33617500.0,-55.08849716
1000000000.0,1146905830.5499647,spectrum,31250000.0,5000000.0,5000.0,20,33620000.0,-55.54094315
1000000000.0,1146905830.5499647,spectrum,31250000.0,5000000.0,5000.0,20,33622500.0,-56.98056793
1000000000.0,1146905830.5499647,spectrum,31250000.0,5000000.0,5000.0,20,33625000.0,-56.51671982
1000000000.0,1146905830.5499647,spectrum,31250000.0,5000000.0,5000.0,20,33627500.0,-53.70036697
1000000000.0,1146905830.5499647,spectrum,31250000.0,5000000.0,5000.0,20,33630000.0,-49.37641525
1000000000.0,1146905830.5499647,spectrum,31250000.0,5000000.0,5000.0,20,33632500.0,-48.58643723
1000000000.0,1146905830.5499647,spectrum,31250000.0,5000000.0,5000.0,20,33635000.0,-52.25181198
1000000000.0,1146905830.5499647,spectrum,31250000.0,5000000.0,5000.0,20,33637500.0,-55.15922165
1000000000.0,1146905830.5499647,spectrum,31250000.0,5000000.0,5000.0,20,33640000.0,-55.58409882
1000000000.0,1146905830.5499647,spectrum,31250000.0,5000000.0,5000.0,20,33642500.0,-55.57378769
1000000000.0,1146905830.5499647,spectrum,31250000.0,5000000.0,5000.0,20,33645000.0,-49.19384766
1000000000.0,1146905830.5499647,spectrum,31250000.0,5000000.0,5000.0,20,33647500.0,-46.51011276
1000000000.0,1146905830.5499647,spectrum,31250000.0,5000000.0,5000.0,20,33650000.0,-48.64727783
1000000000.0,1146905830.5499647,spectrum,31250000.0,5000000.0,5000.0,20,33652500.0,-54.13371658
1000000000.0,1146905830.5499647,spectrum,31250000.0,5000000.0,5000.0,20,33655000.0,-55.89014816
1000000000.0,1146905830.5499647,spectrum,31250000.0,5000000.0,5000.0,20,33657500.0,-54.55918503
1000000000.0,1146905830.5499647,spectrum,31250000.0,5000000.0,5000.0,20,33660000.0,-54.18639755
1000000000.0,1146905830.5499647,spectrum,31250000.0,5000000.0,5000.0,20,33662500.0,-54.63743591
1000000000.0,1146905830.5499647,spectrum,31250000.0,5000000.0,5000.0,20,33665000.0,-55.2783165
1000000000.0,1146905830.5499647,spectrum,31250000.0,5000000.0,5000.0,20,33667500.0,-55.53453064
1000000000.0,1146905830.5499647,spectrum,31250000.0,5000000.0,5000.0,20,33670000.0,-55.39067078
1000000000.0,1146905830.5499647,spectrum,31250000.0,5000000.0,5000.0,20,33672500.0,-54.81609344
1000000000.0,1146905830.5499647,spectrum,31250000.0,5000000.0,5000.0,20,33675000.0,-54.41414261
1000000000.0,1146905830.5499647,spectrum,31250000.0,5000000.0,5000.0,20,33677500.0,-55.10837173
1000000000.0,1146905830.5499647,spectrum,31250000.0,5000000.0,5000.0,20,33680000.0,-55.83732605
1000000000.0,1146905830.5499647,spectrum,31250000.0,5000000.0,5000.0,20,33682500.0,-54.63457108
1000000000.0,1146905830.5499647,spectrum,31250000.0,5000000.0,5000.0,20,33685000.0,-53.99094009
1000000000.0,1146905830.5499647,spectrum,31250000.0,5000000.0,5000.0,20,33687500.0,-54.64871216
1000000000.0,1146905830.5499647,spectrum,31250000.0,5000000.0,5000.0,20,33690000.0,-55.33705902
1000000000.0,1146905830.5499647,spectrum,31250000.0,5000000.0,5000.0,20,33692500.0,-55.1594429
1000000000.0,1146905830.5499647,spectrum,31250000.0,5000000.0,5000.0,20,33695000.0,-55.3978157
1000000000.0,1146905830.5499647,spectrum,31250000.0,5000000.0,5000.0,20,33697500.0,-55.5824585
1000000000.0,1146905830.5499647,spectrum,31250000.0,5000000.0,5000.0,20,33700000.0,-54.88578033
1000000000.0,1146905830.5499647,spectrum,31250000.0,5000000.0,5000.0,20,33702500.0,-54.36746597
1000000000.0,1146905830.5499647,spectrum,31250000.0,5000000.0,5000.0,20,33705000.0,-54.64779663
1000000000.0,1146905830.5499647,spectrum,31250000.0,5000000.0,5000.0,20,33707500.0,-54.9525032
1000000000.0,1146905830.5499647,spectrum,31250000.0,5000000.0,5000.0,20,33710000.0,-55.14998245
1000000000.0,1146905830.5499647,spectrum,31250000.0,5000000.0,5000.0,20,33712500.0,-55.71987915
1000000000.0,1146905830.5499647,spectrum,31250000.0,5000000.0,5000.0,20,33715000.0,-56.21918106
1000000000.0,1146905830.5499647,spectrum,31250000.0,5000000.0,5000.0,20,33717500.0,-53.93206787
1000000000.0,1146905830.5499647,spectrum,31250000.0,5000000.0,5000.0,20,33720000.0,-51.46443939
1000000000.0,1146905830.5499647,spectrum,31250000.0,5000000.0,5000.0,20,33722500.0,-52.20739746
1000000000.0,1146905830.5499647,spectrum,31250000.0,5000000.0,5000.0,20,33725000.0,-54.76293945
1000000000.0,1146905830.5499647,spectrum,31250000.0,5000000.0,5000.0,20,33727500.0,-55.01570511
1000000000.0,1146905830.5499647,spectrum,31250000.0,5000000.0,5000.0,20,33730000.0,-54.24729919
1000000000.0,1146905830.5499647,spectrum,31250000.0,5000000.0,5000.0,20,33732500.0,-53.9026413
1000000000.0,1146905830.5499647,spectrum,31250000.0,5000000.0,5000.0,20,33735000.0,-53.63586044
1000000000.0,1146905830.5499647,spectrum,31250000.0,5000000.0,5000.0,20,33737500.0,-53.88115311
1000000000.0,1146905830.5499647,spectrum,31250000.0,5000000.0,5000.0,20,33740000.0,-54.96699905
1000000000.0,1146905830.5499647,spectrum,31250000.0,5000000.0,5000.0,20,33742500.0,-55.64405441
1000000000.0,1146905830.5499647,spectrum,31250000.0,5000000.0,5000.0,20,33745000.0,-55.77856064
1000000000.0,1146905830.5499647,spectrum,31250000.0,5000000.0,5000.0,20,33747500.0,-55.54505539
1000000000.0,1146905830.5499647,spectrum,31250000.0,5000000.0,5000.0,20,33750000.0,-55.1912117
1000000000.0,1146905830.5499647,phase_noise,31249980.1,2100.0,3.0,10,31248930.1,-90.0721283
1000000000.0,1146905830.5499647,phase_noise,31249980.1,2100.0,3.0,10,31248931.6,-91.66270447
1000000000.0,1146905830.5499647,phase_noise,31249980.1,2100.0,3.0,10,31248933.1,-92.23407745
1000000000.0,1146905830.5499647,phase_noise,31249980.1,2100.0,3.0,10,31248934.6,-92.9557724
1000000000.0,1146905830.5499647,phase_noise,31249980.1,2100.0,3.0,10,31248936.1,-94.09603882
1000000000.0,1146905830.5499647,phase_noise,31249980.1,2100.0,3.0,10,31248937.6,-92.53199005
1000000000.0,1146905830.5499647,phase_noise,31249980.1,2100.0,3.0,10,31248939.1,-91.37729645
1000000000.0,1146905830.5499647,phase_noise,31249980.1,2100.0,3.0,10,31248940.6,-92.41236877
1000000000.0,1146905830.5499647,phase_noise,31249980.1,2100.0,3.0,10,31248942.1,-93.48375702
1000000000.0,1146905830.5499647,phase_noise,31249980.1,2100.0,3.0,10,31248943.6,-92.12361145
1000000000.0,1146905830.5499647,phase_noise,31249980.1,2100.0,3.0,10,31248945.1,-91.19215393
1000000000.0,1146905830.5499647,phase_noise,31249980.1,2100.0,3.0,10,31248946.6,-91.04260254
1000000000.0,1146905830.5499647,phase_noise,31249980.1,2100.0,3.0,10,31248948.1,-91.2390213
1000000000.0,1146905830.5499647,phase_noise,31249980.1,2100.0,3.0,10,31248949.6,-91.52436829
1000000000.0,1146905830.5499647,phase_noise,31249980.1,2100.0,3.0,10,31248951.1,-90.42272186
1000000000.0,1146905830.5499647,phase_noise,31249980.1,2100.0,3.0,10,31248952.6,-88.99568939
1000000000.0,1146905830.5499647,phase_noise,31249980.1,2100.0,3.0,10,31248954.1,-88.78722382
1000000000.0,1146905830.5499647,phase_noise,31249980.1,2100.0,3.0,10,31248955.6,-88.92634583
1000000000.0,1146905830.5499647,phase_noise,31249980.1,2100.0,3.0,10,31248957.1,-90.24376678
1000000000.0,1146905830.5499647,phase_noise,31249980.1,2100.0,3.0,10,31248958.6,-91.80316925
1000000000.0,1146905830.5499647,phase_noise,31249980.1,2100.0,3.0,10,31248960.1,-91.08126068
1000000000.0,1146905830.5499647,phase_noise,31249980.1,2100.0,3.0,10,31248961.6,-92.25482178
1000000000.0,1146905830.5499647,phase_noise,31249980.1,2100.0,3.0,10,31248963.1,-95.09011078
1000000000.0,1146905830.5499647,phase_noise,31249980.1,2100.0,3.0,10,31248964.6,-93.49006653
1000000000.0,1146905830.5499647,phase_noise,31249980.1,2100.0,3.0,10,31248966.1,-91.97632599
1000000000.0,1146905830.5499647,phase_noise,31249980.1,2100.0,3.0,10,31248967.6,-92.26255035
1000000000.0,1146905830.5499647,phase_noise,31249980.1,2100.0,3.0,10,31248969.1,-93.1780777
1000000000.0,1146905830.5499647,phase_noise,31249980.1,2100.0,3.0,10,31248970.6,-93.57518768
1000000000.0,1146905830.5499647,phase_noise,31249980.1,2100.0,3.0,10,31248972.1,-92.66952515
1000000000.0,1146905830.5499647,phase_noise,31249980.1,2100.0,3.0,10,31248973.6,-91.50167084
1000000000.0,1146905830.5499647,phase_noise,31249980.1,2100.0,3.0,10,31248975.1,-90.94226074
1000000000.0,1146905830.5499647,phase_noise,31249980.1,2100.0,3.0,10,31248976.6,-91.41417694
1000000000.0,1146905830.5499647,phase_noise,31249980.1,2100.0,3.0,10,31248978.1,-91.41596222
1000000000.0,1146905830.5499647,phase_noise,31249980.1,2100.0,3.0,10,31248979.6,-90.75885773
1000000000.0,1146905830.5499647,phase_noise,31249980.1,2100.0,3.0,10,31248981.1,-91.05953979
1000000000.0,1146905830.5499647,phase_noise,31249980.1,2100.0,3.0,10,31248982.6,-92.01493073
1000000000.0,1146905830.5499647,phase_noise,31249980.1,2100.0,3.0,10,31248984.1,-92.69887543
1000000000.0,1146905830.5499647,phase_noise,31249980.1,2100.0,3.0,10,31248985.6,-92.48558807
1000000000.0,1146905830.5499647,phase_noise,31249980.1,2100.0,3.0,10,31248987.1,-92.76057434
1000000000.0,1146905830.5499647,phase_noise,31249980.1,2100.0,3.0,10,31248988.6,-93.32188416
1000000000.0,1146905830.5499647,phase_noise,31249980.1,2100.0,3.0,10,31248990.1,-92.54780579
1000000000.0,1146905830.5499647,phase_noise,31249980.1,2100.0,3.0,10,31248991.6,-91.21636963
1000000000.0,1146905830.5499647,phase_noise,31249980.1,2100.0,3.0,10,31248993.1,-90.28232574
1000000000.0,1146905830.5499647,phase_noise,31249980.1,2100.0,3.0,10,31248994.6,-90.57322693
1000000000.0,1146905830.5499647,phase_noise,31249980.1,2100.0,3.0,10,31248996.1,-92.28649902
1000000000.0,1146905830.5499647,phase_noise,31249980.1,2100.0,3.0,10,31248997.6,-93.42597198
1000000000.0,1146905830.5499647,phase_noise,31249980.1,2100.0,3.0,10,31248999.1,-92.20768738
1000000000.0,1146905830.5499647,phase_noise,31249980.1,2100.0,3.0,10,31249000.6,-91.89270782
1000000000.0,1146905830.5499647,phase_noise,31249980.1,2100.0,3.0,10,31249002.1,-92.05847931
1000000000.0,1146905830.5499647,phase_noise,31249980.1,2100.0,3.0,10,31249003.6,-91.06203461
1000000000.0,1146905830.5499647,phase_noise,31249980.1,2100.0,3.0,10,31249005.1,-91.21738434
1000000000.0,1146905830.5499647,phase_noise,31249980.1,2100.0,3.0,10,31249006.6,-92.1966095
1000000000.0,1146905830.5499647,phase_noise,31249980.1,2100.0,3.0,10,31249008.1,-91.75481415
1000000000.0,1146905830.5499647,phase_noise,31249980.1,2100.0,3.0,10,31249009.6,-91.98647308
1000000000.0,1146905830.5499647,phase_noise,31249980.1,2100.0,3.0,10,31249011.1,-93.02047729
1000000000.0,1146905830.5499647,phase_noise,31249980.1,2100.0,3.0,10,31249012.6,-93.20662689
1000000000.0,1146905830.5499647,phase_noise,31249980.1,2100.0,3.0,10,31249014.1,-94.26205444
1000000000.0,1146905830.5499647,phase_noise,31249980.1,2100.0,3.0,10,31249015.6,-94.44007111
1000000000.0,1146905830.5499647,phase_noise,31249980.1,2100.0,3.0,10,31249017.1,-93.65644836
1000000000.0,1146905830.5499647,phase_noise,31249980.1,2100.0,3.0,10,31249018.6,-92.64756775
1000000000.0,1146905830.5499647,phase_noise,31249980.1,2100.0,3.0,10,31249020.1,-92.43250275
1000000000.0,1146905830.5499647,phase_noise,31249980.1,2100.0,3.0,10,31249021.6,-92.62762451
1000000000.0,1146905830.5499647,phase_noise,31249980.1,2100.0,3.0,10,31249023.1,-91.33808136
1000000000.0,1146905830.5499647,phase_noise,31249980.1,2100.0,3.0,10,31249024.6,-90.28386688
1000000000.0,1146905830.5499647,phase_noise,31249980.1,2100.0,3.0,10,31249026.1,-90.79951477
1000000000.0,1146905830.5499647,phase_noise,31249980.1,2100.0,3.0,10,31249027.6,-91.60263062
1000000000.0,1146905830.5499647,phase_noise,31249980.1,2100.0,3.0,10,31249029.1,-91.22957611
1000000000.0,1146905830.5499647,phase_noise,31249980.1,2100.0,3.0,10,31249030.6,-90.36455536
1000000000.0,1146905830.5499647,phase_noise,31249980.1,2100.0,3.0,10,31249032.1,-90.59693909
1000000000.0,1146905830.5499647,phase_noise,31249980.1,2100.0,3.0,10,31249033.6,-91.21911621
1000000000.0,1146905830.5499647,phase_noise,31249980.1,2100.0,3.0,10,31249035.1,-90.47344971
1000000000.0,1146905830.5499647,phase_noise,31249980.1,2100.0,3.0,10,31249036.6,-90.15945435
1000000000.0,1146905830.5499647,phase_noise,31249980.1,2100.0,3.0,10,31249038.1,-90.70632172
1000000000.0,1146905830.5499647,phase_noise,31249980.1,2100.0,3.0,10,31249039.6,-91.19622803
1000000000.0,1146905830.5499647,phase_noise,31249980.1,2100.0,3.0,10,31249041.1,-92.15888977
1000000000.0,1146905830.5499647,phase_noise,31249980.1,2100.0,3.0,10,31249042.6,-93.44537354
1000000000.0,1146905830.5499647,phase_noise,31249980.1,2100.0,3.0,10,31249044.1,-94.65420532
1000000000.0,1146905830.5499647,phase_noise,31249980.1,2100.0,3.0,10,31249045.6,-94.67888641
1000000000.0,1146905830.5499647,phase_noise,31249980.1,2100.0,3.0,10,31249047.1,-91.79360962
1000000000.0,1146905830.5499647,phase_noise,31249980.1,2100.0,3.0,10,31249048.6,-90.69704437
1000000000.0,1146905830.5499647,phase_noise,31249980.1,2100.0,3.0,10,31249050.1,-92.6289444
1000000000.0,1146905830.5499647,phase_noise,31249980.1,2100.0,3.0,10,31249051.6,-93.68270874
1000000000.0,1146905830.5499647,phase_noise,31249980.1,2100.0,3.0,10,31249053.1,-91.68696594
1000000000.0,1146905830.5499647,phase_noise,31249980.1,2100.0,3.0,10,31249054.6,-90.74513245
1000000000.0,1146905830.5499647,phase_noise,31249980.1,2100.0,3.0,10,31249056.1,-92.18916321
1000000000.0,1146905830.5499647,phase_noise,31249980.1,2100.0,3.0,10,31249057.6,-92.59352875
1000000000.0,1146905830.5499647,phase_noise,31249980.1,2100.0,3.0,10,31249059.1,-91.25352478
1000000000.0,1146905830.5499647,phase_noise,31249980.1,2100.0,3.0,10,31249060.6,-91.82109833
1000000000.0,1146905830.5499647,phase_noise,31249980.1,2100.0,3.0,10,31249062.1,-93.24512482
1000000000.0,1146905830.5499647,phase_noise,31249980.1,2100.0,3.0,10,31249063.6,-93.936409
1000000000.0,1146905830.5499647,phase_noise,31249980.1,2100.0,3.0,10,31249065.1,-94.04502869
1000000000.0,1146905830.5499647,phase_noise,31249980.1,2100.0,3.0,10,31249066.6,-93.54067993
1000000000.0,1146905830.5499647,phase_noise,31249980.1,2100.0,3.0,10,31249068.1,-93.51772308
1000000000.0,1146905830.5499647,phase_noise,31249980.1,2100.0,3.0,10,31249069.6,-93.03913116
1000000000.0,1146905830.5499647,phase_noise,31249980.1,2100.0,3.0,10,31249071.1,-92.55042267
1000000000.0,1146905830.5499647,phase_noise,31249980.1,2100.0,3.0,10,31249072.6,-91.73152924
1000000000.0,1146905830.5499647,phase_noise,31249980.1,2100.0,3.0,10,31249074.1,-90.41379547
1000000000.0,1146905830.5499647,phase_noise,31249980.1,2100.0,3.0,10,31249075.6,-90.75496674
1000000000.0,1146905830.5499647,phase_noise,31249980.1,2100.0,3.0,10,31249077.1,-90.26646423
1000000000.0,1146905830.5499647,phase_noise,31249980.1,2100.0,3.0,10,31249078.6,-89.81601715
1000000000.0,1146905830.5499647,phase_noise,31249980.1,2100.0,3.0,10,31249080.1,-90.30857086
1000000000.0,1146905830.5499647,phase_noise,31249980.1,2100.0,3.0,10,31249081.6,-90.539711
1000000000.0,1146905830.5499647,phase_noise,31249980.1,2100.0,3.0,10,31249083.1,-90.68986511
1000000000.0,1146905830.5499647,phase_noise,31249980.1,2100.0,3.0,10,31249084.6,-91.09159088
1000000000.0,1146905830.5499647,phase_noise,31249980.1,2100.0,3.0,10,31249086.1,-91.18749237
1000000000.0,1146905830.5499647,phase_noise,31249980.1,2100.0,3.0,10,31249087.6,-90.69787598
1000000000.0,1146905830.5499647,phase_noise,31249980.1,2100.0,3.0,10,31249089.1,-90.5867691
1000000000.0,1146905830.5499647,phase_noise,31249980.1,2100.0,3.0,10,31249090.6,-92.53165436
1000000000.0,1146905830.5499647,phase_noise,31249980.1,2100.0,3.0,10,31249092.1,-94.09034729
1000000000.0,1146905830.5499647,phase_noise,31249980.1,2100.0,3.0,10,31249093.6,-91.80919647
1000000000.0,1146905830.5499647,phase_noise,31249980.1,2100.0,3.0,10,31249095.1,-91.16597748
1000000000.0,1146905830.5499647,phase_noise,31249980.1,2100.0,3.0,10,31249096.6,-91.82213593
1000000000.0,1146905830.5499647,phase_noise,31249980.1,2100.0,3.0,10,31249098.1,-92.85835266
1000000000.0,1146905830.5499647,phase_noise,31249980.1,2100.0,3.0,10,31249099.6,-95.14170837
1000000000.0,1146905830.5499647,phase_noise,31249980.1,2100.0,3.0,10,31249101.1,-95.86437225
1000000000.0,1146905830.5499647,phase_noise,31249980.1,2100.0,3.0,10,31249102.6,-93.22356415
1000000000.0,1146905830.5499647,phase_noise,31249980.1,2100.0,3.0,10,31249104.1,-91.99850464
1000000000.0,1146905830.5499647,phase_noise,31249980.1,2100.0,3.0,10,31249105.6,-91.58786774
1000000000.0,1146905830.5499647,phase_noise,31249980.1,2100.0,3.0,10,31249107.1,-92.54234314
1000000000.0,1146905830.5499647,phase_noise,31249980.1,2100.0,3.0,10,31249108.6,-94.45532227
1000000000.0,1146905830.5499647,phase_noise,31249980.1,2100.0,3.0,10,31249110.1,-94.78440857
1000000000.0,1146905830.5499647,phase_noise,31249980.1,2100.0,3.0,10,31249111.6,-92.69712067
1000000000.0,1146905830.5499647,phase_noise,31249980.1,2100.0,3.0,10,31249113.1,-91.28043365
1000000000.0,1146905830.5499647,phase_noise,31249980.1,2100.0,3.0,10,31249114.6,-91.52879333
1000000000.0,1146905830.5499647,phase_noise,31249980.1,2100.0,3.0,10,31249116.1,-92.15040588
1000000000.0,1146905830.5499647,phase_noise,31249980.1,2100.0,3.0,10,31249117.6,-91.61244202
1000000000.0,1146905830.5499647,phase_noise,31249980.1,2100.0,3.0,10,31249119.1,-91.83174896
1000000000.0,1146905830.5499647,phase_noise,31249980.1,2100.0,3.0,10,31249120.6,-92.30445862
1000000000.0,1146905830.5499647,phase_noise,31249980.1,2100.0,3.0,10,31249122.1,-93.26574707
1000000000.0,1146905830.5499647,phase_noise,31249980.1,2100.0,3.0,10,31249123.6,-93.41917419
1000000000.0,1146905830.5499647,phase_noise,31249980.1,2100.0,3.0,10,31249125.1,-91.94676208
1000000000.0,1146905830.5499647,phase_noise,31249980.1,2100.0,3.0,10,31249126.6,-91.69284058
1000000000.0,1146905830.5499647,phase_noise,31249980.1,2100.0,3.0,10,31249128.1,-93.33807373
1000000000.0,1146905830.5499647,phase_noise,31249980.1,2100.0,3.0,10,31249129.6,-93.94445801
1000000000.0,1146905830.5499647,phase_noise,31249980.1,2100.0,3.0,10,31249131.1,-93.39416504
1000000000.0,1146905830.5499647,phase_noise,31249980.1,2100.0,3.0,10,31249132.6,-94.26232147
1000000000.0,1146905830.5499647,phase_noise,31249980.1,2100.0,3.0,10,31249134.1,-94.11105347
1000000000.0,1146905830.5499647,phase_noise,31249980.1,2100.0,3.0,10,31249135.6,-91.93689728
1000000000.0,1146905830.5499647,phase_noise,31249980.1,2100.0,3.0,10,31249137.1,-91.26933289
1000000000.0,1146905830.5499647,phase_noise,31249980.1,2100.0,3.0,10,31249138.6,-91.28055573
1000000000.0,1146905830.5499647,phase_noise,31249980.1,2100.0,3.0,10,31249140.1,-91.23497772
1000000000.0,1146905830.5499647,phase_noise,31249980.1,2100.0,3.0,10,31249141.6,-91.62258911
1000000000.0,1146905830.5499647,phase_noise,31249980.1,2100.0,3.0,10,31249143.1,-92.07335663
1000000000.0,1146905830.5499647,phase_noise,31249980.1,2100.0,3.0,10,31249144.6,-92.66332245
1000000000.0,1146905830.5499647,phase_noise,31249980.1,2100.0,3.0,10,31249146.1,-92.81565857
1000000000.0,1146905830.5499647,phase_noise,31249980.1,2100.0,3.0,10,31249147.6,-93.81287384
1000000000.0,1146905830.5499647,phase_noise,31249980.1,2100.0,3.0,10,31249149.1,-93.60532379
1000000000.0,1146905830.5499647,phase_noise,31249980.1,2100.0,3.0,10,31249150.6,-92.53889465
1000000000.0,1146905830.5499647,phase_noise,31249980.1,2100.0,3.0,10,31249152.1,-91.72489929
1000000000.0,1146905830.5499647,phase_noise,31249980.1,2100.0,3.0,10,31249153.6,-90.23371124
1000000000.0,1146905830.5499647,phase_noise,31249980.1,2100.0,3.0,10,31249155.1,-89.58869934
1000000000.0,1146905830.5499647,phase_noise,31249980.1,2100.0,3.0,10,31249156.6,-90.53800201
1000000000.0,1146905830.5499647,phase_noise,31249980.1,2100.0,3.0,10,31249158.1,-92.39440155
1000000000.0,1146905830.5499647,phase_noise,31249980.1,2100.0,3.0,10,31249159.6,-93.29563141
1000000000.0,1146905830.5499647,phase_noise,31249980.1,2100.0,3.0,10,31249161.1,-92.69380951
1000000000.0,1146905830.5499647,phase_noise,31249980.1,2100.0,3.0,10,31249162.6,-91.53946686
1000000000.0,1146905830.5499647,phase_noise,31249980.1,2100.0,3.0,10,31249164.1,-92.41464233
1000000000.0,1146905830.5499647,phase_noise,31249980.1,2100.0,3.0,10,31249165.6,-93.51761627
1000000000.0,1146905830.5499647,phase_noise,31249980.1,2100.0,3.0,10,31249167.1,-92.08224487
1000000000.0,1146905830.5499647,phase_noise,31249980.1,2100.0,3.0,10,31249168.6,-91.31669617
1000000000.0,1146905830.5499647,phase_noise,31249980.1,2100.0,3.0,10,31249170.1,-90.01580048
1000000000.0,1146905830.5499647,phase_noise,31249980.1,2100.0,3.0,10,31249171.6,-88.84658051
1000000000.0,1146905830.5499647,phase_noise,31249980.1,2100.0,3.0,10,31249173.1,-88.97693634
1000000000.0,1146905830.5499647,phase_noise,31249980.1,2100.0,3.0,10,31249174.6,-89.68697357
1000000000.0,1146905830.5499647,phase_noise,31249980.1,2100.0,3.0,10,31249176.1,-89.74635315
1000000000.0,1146905830.5499647,phase_noise,31249980.1,2100.0,3.0,10,31249177.6,-90.45856476
1000000000.0,1146905830.5499647,phase_noise,31249980.1,2100.0,3.0,10,31249179.1,-91.01830292
1000000000.0,1146905830.5499647,phase_noise,31249980.1,2100.0,3.0,10,31249180.6,-90.02098846
1000000000.0,1146905830.5499647,phase_noise,31249980.1,2100.0,3.0,10,31249182.1,-90.58882141
1000000000.0,1146905830.5499647,phase_noise,31249980.1,2100.0,3.0,10,31249183.6,-90.72447968
1000000000.0,1146905830.5499647,phase_noise,31249980.1,2100.0,3.0,10,31249185.1,-89.56245422
1000000000.0,1146905830.5499647,phase_noise,31249980.1,2100.0,3.0,10,31249186.6,-88.89936066
1000000000.0,1146905830.5499647,phase_noise,31249980.1,2100.0,3.0,10,31249188.1,-88.85621643
1000000000.0,1146905830.5499647,phase_noise,31249980.1,2100.0,3.0,10,31249189.6,-89.48419189
1000000000.0,1146905830.5499647,phase_noise,31249980.1,2100.0,3.0,10,31249191.1,-90.70526886
1000000000.0,1146905830.5499647,phase_noise,31249980.1,2100.0,3.0,10,31249192.6,-91.92327881
1000000000.0,1146905830.5499647,phase_noise,31249980.1,2100.0,3.0,10,31249194.1,-92.53429413
1000000000.0,1146905830.5499647,phase_noise,31249980.1,2100.0,3.0,10,31249195.6,-91.48767853
1000000000.0,1146905830.5499647,phase_noise,31249980.1,2100.0,3.0,10,31249197.1,-90.84588623
1000000000.0,1146905830.5499647,phase_noise,31249980.1,2100.0,3.0,10,31249198.6,-90.44668579
1000000000.0,1146905830.5499647,phase_noise,31249980.1,2100.0,3.0,10,31249200.1,-91.01342773
1000000000.0,1146905830.5499647,phase_noise,31249980.1,2100.0,3.0,10,31249201.6,-91.63935852
1000000000.0,1146905830.5499647,phase_noise,31249980.1,2100.0,3.0,10,31249203.1,-90.9764328
1000000000.0,1146905830.5499647,phase_noise,31249980.1,2100.0,3.0,10,31249204.6,-90.97294617
1000000000.0,1146905830.5499647,phase_noise,31249980.1,2100.0,3.0,10,31249206.1,-91.01203156
1000000000.0,1146905830.5499647,phase_noise,31249980.1,2100.0,3.0,10,31249207.6,-90.89698029
1000000000.0,1146905830.5499647,phase_noise,31249980.1,2100.0,3.0,10,31249209.1,-90.81193542
1000000000.0,1146905830.5499647,phase_noise,31249980.1,2100.0,3.0,10,31249210.6,-89.95013428
1000000000.0,1146905830.5499647,phase_noise,31249980.1,2100.0,3.0,10,31249212.1,-89.8132782
1000000000.0,1146905830.5499647,phase_noise,31249980.1,2100.0,3.0,10,31249213.6,-90.83509064
1000000000.0,1146905830.5499647,phase_noise,31249980.1,2100.0,3.0,10,31249215.1,-92.4406662
1000000000.0,1146905830.5499647,phase_noise,31249980.1,2100.0,3.0,10,31249216.6,-91.41439819
1000000000.0,1146905830.5499647,phase_noise,31249980.1,2100.0,3.0,10,31249218.1,-89.96721649
1000000000.0,1146905830.5499647,phase_noise,31249980.1,2100.0,3.0,10,31249219.6,-90.09947968
1000000000.0,1146905830.5499647,phase_noise,31249980.1,2100.0,3.0,10,31249221.1,-90.58833313
1000000000.0,1146905830.5499647,phase_noise,31249980.1,2100.0,3.0,10,31249222.6,-90.69702911
1000000000.0,1146905830.5499647,phase_noise,31249980.1,2100.0,3.0,10,31249224.1,-90.03433228
1000000000.0,1146905830.5499647,phase_noise,31249980.1,2100.0,3.0,10,31249225.6,-90.21408081
1000000000.0,1146905830.5499647,phase_noise,31249980.1,2100.0,3.0,10,31249227.1,-90.6752243
1000000000.0,1146905830.5499647,phase_noise,31249980.1,2100.0,3.0,10,31249228.6,-90.15377808
1000000000.0,1146905830.5499647,phase_noise,31249980.1,2100.0,3.0,10,31249230.1,-90.52765656
1000000000.0,1146905830.5499647,phase_noise,31249980.1,2100.0,3.0,10,31249231.6,-91.90271759
1000000000.0,1146905830.5499647,phase_noise,31249980.1,2100.0,3.0,10,31249233.1,-90.53607941
1000000000.0,1146905830.5499647,phase_noise,31249980.1,2100.0,3.0,10,31249234.6,-89.17707062
1000000000.0,1146905830.5499647,phase_noise,31249980.1,2100.0,3.0,10,31249236.1,-90.29846954
1000000000.0,1146905830.5499647,phase_noise,31249980.1,2100.0,3.0,10,31249237.6,-91.71579742
1000000000.0,1146905830.5499647,phase_noise,31249980.1,2100.0,3.0,10,31249239.1,-92.5993576
1000000000.0,1146905830.5499647,phase_noise,31249980.1,2100.0,3.0,10,31249240.6,-91.94313049
1000000000.0,1146905830.5499647,phase_noise,31249980.1,2100.0,3.0,10,31249242.1,-90.11730957
1000000000.0,1146905830.5499647,phase_noise,31249980.1,2100.0,3.0,10,31249243.6,-90.22080994
1000000000.0,1146905830.5499647,phase_noise,31249980.1,2100.0,3.0,10,31249245.1,-92.12327576
1000000000.0,1146905830.5499647,phase_noise,31249980.1,2100.0,3.0,10,31249246.6,-93.51335144
1000000000.0,1146905830.5499647,phase_noise,31249980.1,2100.0,3.0,10,31249248.1,-93.20678711
1000000000.0,1146905830.5499647,phase_noise,31249980.1,2100.0,3.0,10,31249249.6,-92.42520142
1000000000.0,1146905830.5499647,phase_noise,31249980.1,2100.0,3.0,10,31249251.1,-91.74799347
1000000000.0,1146905830.5499647,phase_noise,31249980.1,2100.0,3.0,10,31249252.6,-90.64863586
1000000000.0,1146905830.5499647,phase_noise,31249980.1,2100.0,3.0,10,31249254.1,-90.59753418
1000000000.0,1146905830.5499647,phase_noise,31249980.1,2100.0,3.0,10,31249255.6,-91.08895111
1000000000.0,1146905830.5499647,phase_noise,31249980.1,2100.0,3.0,10,31249257.1,-91.51819611
1000000000.0,1146905830.5499647,phase_noise,31249980.1,2100.0,3.0,10,31249258.6,-91.34055328
1000000000.0,1146905830.5499647,phase_noise,31249980.1,2100.0,3.0,10,31249260.1,-90.68154907
1000000000.0,1146905830.5499647,phase_noise,31249980.1,2100.0,3.0,10,31249261.6,-90.34288788
1000000000.0,1146905830.5499647,phase_noise,31249980.1,2100.0,3.0,10,31249263.1,-90.83574677
1000000000.0,1146905830.5499647,phase_noise,31249980.1,2100.0,3.0,10,31249264.6,-91.17584991
1000000000.0,1146905830.5499647,phase_noise,31249980.1,2100.0,3.0,10,31249266.1,-91.76248169
1000000000.0,1146905830.5499647,phase_noise,31249980.1,2100.0,3.0,10,31249267.6,-92.11067963
1000000000.0,1146905830.5499647,phase_noise,31249980.1,2100.0,3.0,10,31249269.1,-91.79985809
1000000000.0,1146905830.5499647,phase_noise,31249980.1,2100.0,3.0,10,31249270.6,-91.80718231
1000000000.0,1146905830.5499647,phase_noise,31249980.1,2100.0,3.0,10,31249272.1,-94.16921234
1000000000.0,1146905830.5499647,phase_noise,31249980.1,2100.0,3.0,10,31249273.6,-96.11327362
1000000000.0,1146905830.5499647,phase_noise,31249980.1,2100.0,3.0,10,31249275.1,-92.77689362
1000000000.0,1146905830.5499647,phase_noise,31249980.1,2100.0,3.0,10,31249276.6,-90.78098297
1000000000.0,1146905830.5499647,phase_noise,31249980.1,2100.0,3.0,10,31249278.1,-89.19520569
1000000000.0,1146905830.5499647,phase_noise,31249980.1,2100.0,3.0,10,31249279.6,-88.76808167
1000000000.0,1146905830.5499647,phase_noise,31249980.1,2100.0,3.0,10,31249281.1,-90.53536224
1000000000.0,1146905830.5499647,phase_noise,31249980.1,2100.0,3.0,10,31249282.6,-91.78144836
1000000000.0,1146905830.5499647,phase_noise,31249980.1,2100.0,3.0,10,31249284.1,-92.09171295
1000000000.0,1146905830.5499647,phase_noise,31249980.1,2100.0,3.0,10,31249285.6,-90.78318787
1000000000.0,1146905830.5499647,phase_noise,31249980.1,2100.0,3.0,10,31249287.1,-89.52656555
1000000000.0,1146905830.5499647,phase_noise,31249980.1,2100.0,3.0,10,31249288.6,-90.46183014
1000000000.0,1146905830.5499647,phase_noise,31249980.1,2100.0,3.0,10,31249290.1,-91.25354004
1000000000.0,1146905830.5499647,phase_noise,31249980.1,2100.0,3.0,10,31249291.6,-91.20806885
1000000000.0,1146905830.5499647,phase_noise,31249980.1,2100.0,3.0,10,31249293.1,-92.13301086
1000000000.0,1146905830.5499647,phase_noise,31249980.1,2100.0,3.0,10,31249294.6,-92.74420929
1000000000.0,1146905830.5499647,phase_noise,31249980.1,2100.0,3.0,10,31249296.1,-91.69519806
1000000000.0,1146905830.5499647,phase_noise,31249980.1,2100.0,3.0,10,31249297.6,-91.45480347
1000000000.0,1146905830.5499647,phase_noise,31249980.1,2100.0,3.0,10,31249299.1,-92.80049896
1000000000.0,1146905830.5499647,phase_noise,31249980.1,2100.0,3.0,10,31249300.6,-93.1924057
1000000000.0,1146905830.5499647,phase_noise,31249980.1,2100.0,3.0,10,31249302.1,-93.51912689
1000000000.0,1146905830.5499647,phase_noise,31249980.1,2100.0,3.0,10,31249303.6,-92.89412689
1000000000.0,1146905830.5499647,phase_noise,31249980.1,2100.0,3.0,10,31249305.1,-92.16043854
1000000000.0,1146905830.5499647,phase_noise,31249980.1,2100.0,3.0,10,31249306.6,-91.83010101
1000000000.0,1146905830.5499647,phase_noise,31249980.1,2100.0,3.0,10,31249308.1,-91.89344025
1000000000.0,1146905830.5499647,phase_noise,31249980.1,2100.0,3.0,10,31249309.6,-91.57085419
1000000000.0,1146905830.5499647,phase_noise,31249980.1,2100.0,3.0,10,31249311.1,-92.20970154
1000000000.0,1146905830.5499647,phase_noise,31249980.1,2100.0,3.0,10,31249312.6,-92.66158295
1000000000.0,1146905830.5499647,phase_noise,31249980.1,2100.0,3.0,10,31249314.1,-91.23499298
1000000000.0,1146905830.5499647,phase_noise,31249980.1,2100.0,3.0,10,31249315.6,-90.29257965
1000000000.0,1146905830.5499647,phase_noise,31249980.1,2100.0,3.0,10,31249317.1,-90.22130585
1000000000.0,1146905830.5499647,phase_noise,31249980.1,2100.0,3.0,10,31249318.6,-91.56034851
1000000000.0,1146905830.5499647,phase_noise,31249980.1,2100.0,3.0,10,31249320.1,-93.89517212
1000000000.0,1146905830.5499647,phase_noise,31249980.1,2100.0,3.0,10,31249321.6,-94.19135284
1000000000.0,1146905830.5499647,phase_noise,31249980.1,2100.0,3.0,10,31249323.1,-92.96174622
1000000000.0,1146905830.5499647,phase_noise,31249980.1,2100.0,3.0,10,31249324.6,-92.87805176
1000000000.0,1146905830.5499647,phase_noise,31249980.1,2100.0,3.0,10,31249326.1,-92.84374237
1000000000.0,1146905830.5499647,phase_noise,31249980.1,2100.0,3.0,10,31249327.6,-91.40526581
1000000000.0,1146905830.5499647,phase_noise,31249980.1,2100.0,3.0,10,31249329.1,-90.15648651
1000000000.0,1146905830.5499647,phase_noise,31249980.1,2100.0,3.0,10,31249330.6,-90.28029633
1000000000.0,1146905830.5499647,phase_noise,31249980.1,2100.0,3.0,10,31249332.1,-91.13115692
1000000000.0,1146905830.5499647,phase_noise,31249980.1,2100.0,3.0,10,31249333.6,-92.36031342
1000000000.0,1146905830.5499647,phase_noise,31249980.1,2100.0,3.0,10,31249335.1,-94.08506775
1000000000.0,1146905830.5499647,phase_noise,31249980.1,2100.0,3.0,10,31249336.6,-94.85748291
1000000000.0,1146905830.5499647,phase_noise,31249980.1,2100.0,3.0,10,31249338.1,-94.78599548
1000000000.0,1146905830.5499647,phase_noise,31249980.1,2100.0,3.0,10,31249339.6,-92.79115295
1000000000.0,1146905830.5499647,phase_noise,31249980.1,2100.0,3.0,10,31249341.1,-91.64562225
1000000000.0,1146905830.5499647,phase_noise,31249980.1,2100.0,3.0,10,31249342.6,-92.52832794
1000000000.0,1146905830.5499647,phase_noise,31249980.1,2100.0,3.0,10,31249344.1,-92.35697174
1000000000.0,1146905830.5499647,phase_noise,31249980.1,2100.0,3.0,10,31249345.6,-91.02058411
1000000000.0,1146905830.5499647,phase_noise,31249980.1,2100.0,3.0,10,31249347.1,-90.33994293
1000000000.0,1146905830.5499647,phase_noise,31249980.1,2100.0,3.0,10,31249348.6,-90.2248764
1000000000.0,1146905830.5499647,phase_noise,31249980.1,2100.0,3.0,10,31249350.1,-90.53772736
1000000000.0,1146905830.5499647,phase_noise,31249980.1,2100.0,3.0,10,31249351.6,-90.53814697
1000000000.0,1146905830.5499647,phase_noise,31249980.1,2100.0,3.0,10,31249353.1,-90.03295898
1000000000.0,1146905830.5499647,phase_noise,31249980.1,2100.0,3.0,10,31249354.6,-89.22532654
1000000000.0,1146905830.5499647,phase_noise,31249980.1,2100.0,3.0,10,31249356.1,-89.28650665
1000000000.0,1146905830.5499647,phase_noise,31249980.1,2100.0,3.0,10,31249357.6,-91.26469421
1000000000.0,1146905830.5499647,phase_noise,31249980.1,2100.0,3.0,10,31249359.1,-91.93450928
1000000000.0,1146905830.5499647,phase_noise,31249980.1,2100.0,3.0,10,31249360.6,-91.66822815
1000000000.0,1146905830.5499647,phase_noise,31249980.1,2100.0,3.0,10,31249362.1,-90.62561035
1000000000.0,1146905830.5499647,phase_noise,31249980.1,2100.0,3.0,10,31249363.6,-90.29563904
1000000000.0,1146905830.5499647,phase_noise,31249980.1,2100.0,3.0,10,31249365.1,-91.6581192
1000000000.0,1146905830.5499647,phase_noise,31249980.1,2100.0,3.0,10,31249366.6,-92.7514801
1000000000.0,1146905830.5499647,phase_noise,31249980.1,2100.0,3.0,10,31249368.1,-92.27960968
1000000000.0,1146905830.5499647,phase_noise,31249980.1,2100.0,3.0,10,31249369.6,-92.16435242
1000000000.0,1146905830.5499647,phase_noise,31249980.1,2100.0,3.0,10,31249371.1,-92.46907043
1000000000.0,1146905830.5499647,phase_noise,31249980.1,2100.0,3.0,10,31249372.6,-92.44705963
1000000000.0,1146905830.5499647,phase_noise,31249980.1,2100.0,3.0,10,31249374.1,-92.1765976
1000000000.0,1146905830.5499647,phase_noise,31249980.1,2100.0,3.0,10,31249375.6,-92.82571411
1000000000.0,1146905830.5499647,phase_noise,31249980.1,2100.0,3.0,10,31249377.1,-91.44621277
1000000000.0,1146905830.5499647,phase_noise,31249980.1,2100.0,3.0,10,31249378.6,-86.94944763
1000000000.0,1146905830.5499647,phase_noise,31249980.1,2100.0,3.0,10,31249380.1,-85.26843262
1000000000.0,1146905830.5499647,phase_noise,31249980.1,2100.0,3.0,10,31249381.6,-87.44461823
1000000000.0,1146905830.5499647,phase_noise,31249980.1,2100.0,3.0,10,31249383.1,-91.33079529
1000000000.0,1146905830.5499647,phase_noise,31249980.1,2100.0,3.0,10,31249384.6,-92.25105286
1000000000.0,1146905830.5499647,phase_noise,31249980.1,2100.0,3.0,10,31249386.1,-92.23456573
1000000000.0,1146905830.5499647,phase_noise,31249980.1,2100.0,3.0,10,31249387.6,-91.49493408
1000000000.0,1146905830.5499647,phase_noise,31249980.1,2100.0,3.0,10,31249389.1,-90.56266022
1000000000.0,1146905830.5499647,phase_noise,31249980.1,2100.0,3.0,10,31249390.6,-91.32118225
1000000000.0,1146905830.5499647,phase_noise,31249980.1,2100.0,3.0,10,31249392.1,-93.11108398
1000000000.0,1146905830.5499647,phase_noise,31249980.1,2100.0,3.0,10,31249393.6,-93.39136505
1000000000.0,1146905830.5499647,phase_noise,31249980.1,2100.0,3.0,10,31249395.1,-92.39474487
1000000000.0,1146905830.5499647,phase_noise,31249980.1,2100.0,3.0,10,31249396.6,-90.969841
1000000000.0,1146905830.5499647,phase_noise,31249980.1,2100.0,3.0,10,31249398.1,-88.72918701
1000000000.0,1146905830.5499647,phase_noise,31249980.1,2100.0,3.0,10,31249399.6,-87.59687042
1000000000.0,1146905830.5499647,phase_noise,31249980.1,2100.0,3.0,10,31249401.1,-87.83599854
1000000000.0,1146905830.5499647,phase_noise,31249980.1,2100.0,3.0,10,31249402.6,-89.08101654
1000000000.0,1146905830.5499647,phase_noise,31249980.1,2100.0,3.0,10,31249404.1,-90.24290466
1000000000.0,1146905830.5499647,phase_noise,31249980.1,2100.0,3.0,10,31249405.6,-90.41737366
1000000000.0,1146905830.5499647,phase_noise,31249980.1,2100.0,3.0,10,31249407.1,-90.73526764
1000000000.0,1146905830.5499647,phase_noise,31249980.1,2100.0,3.0,10,31249408.6,-90.88565826
1000000000.0,1146905830.5499647,phase_noise,31249980.1,2100.0,3.0,10,31249410.1,-91.02360535
1000000000.0,1146905830.5499647,phase_noise,31249980.1,2100.0,3.0,10,31249411.6,-90.84716034
1000000000.0,1146905830.5499647,phase_noise,31249980.1,2100.0,3.0,10,31249413.1,-91.07382965
1000000000.0,1146905830.5499647,phase_noise,31249980.1,2100.0,3.0,10,31249414.6,-92.23429871
1000000000.0,1146905830.5499647,phase_noise,31249980.1,2100.0,3.0,10,31249416.1,-91.32145691
1000000000.0,1146905830.5499647,phase_noise,31249980.1,2100.0,3.0,10,31249417.6,-90.34632874
1000000000.0,1146905830.5499647,phase_noise,31249980.1,2100.0,3.0,10,31249419.1,-88.27578735
1000000000.0,1146905830.5499647,phase_noise,31249980.1,2100.0,3.0,10,31249420.6,-87.32236481
1000000000.0,1146905830.5499647,phase_noise,31249980.1,2100.0,3.0,10,31249422.1,-89.64471436
1000000000.0,1146905830.5499647,phase_noise,31249980.1,2100.0,3.0,10,31249423.6,-92.95886993
1000000000.0,1146905830.5499647,phase_noise,31249980.1,2100.0,3.0,10,31249425.1,-92.407547
1000000000.0,1146905830.5499647,phase_noise,31249980.1,2100.0,3.0,10,31249426.6,-90.28755188
1000000000.0,1146905830.5499647,phase_noise,31249980.1,2100.0,3.0,10,31249428.1,-88.81165314
1000000000.0,1146905830.5499647,phase_noise,31249980.1,2100.0,3.0,10,31249429.6,-87.78547668
1000000000.0,1146905830.5499647,phase_noise,31249980.1,2100.0,3.0,10,31249431.1,-87.53656769
1000000000.0,1146905830.5499647,phase_noise,31249980.1,2100.0,3.0,10,31249432.6,-88.12653351
1000000000.0,1146905830.5499647,phase_noise,31249980.1,2100.0,3.0,10,31249434.1,-89.40952301
1000000000.0,1146905830.5499647,phase_noise,31249980.1,2100.0,3.0,10,31249435.6,-90.81695557
1000000000.0,1146905830.5499647,phase_noise,31249980.1,2100.0,3.0,10,31249437.1,-91.15089417
1000000000.0,1146905830.5499647,phase_noise,31249980.1,2100.0,3.0,10,31249438.6,-91.23086548
1000000000.0,1146905830.5499647,phase_noise,31249980.1,2100.0,3.0,10,31249440.1,-91.57862854
1000000000.0,1146905830.5499647,phase_noise,31249980.1,2100.0,3.0,10,31249441.6,-92.42323303
1000000000.0,1146905830.5499647,phase_noise,31249980.1,2100.0,3.0,10,31249443.1,-93.0219574
1000000000.0,1146905830.5499647,phase_noise,31249980.1,2100.0,3.0,10,31249444.6,-93.14978027
1000000000.0,1146905830.5499647,phase_noise,31249980.1,2100.0,3.0,10,31249446.1,-92.17671204
1000000000.0,1146905830.5499647,phase_noise,31249980.1,2100.0,3.0,10,31249447.6,-91.07675171
1000000000.0,1146905830.5499647,phase_noise,31249980.1,2100.0,3.0,10,31249449.1,-90.64129639
1000000000.0,1146905830.5499647,phase_noise,31249980.1,2100.0,3.0,10,31249450.6,-90.66177368
1000000000.0,1146905830.5499647,phase_noise,31249980.1,2100.0,3.0,10,31249452.1,-90.63613892
1000000000.0,1146905830.5499647,phase_noise,31249980.1,2100.0,3.0,10,31249453.6,-91.17678833
1000000000.0,1146905830.5499647,phase_noise,31249980.1,2100.0,3.0,10,31249455.1,-92.15939331
1000000000.0,1146905830.5499647,phase_noise,31249980.1,2100.0,3.0,10,31249456.6,-91.68127441
1000000000.0,1146905830.5499647,phase_noise,31249980.1,2100.0,3.0,10,31249458.1,-91.80943298
1000000000.0,1146905830.5499647,phase_noise,31249980.1,2100.0,3.0,10,31249459.6,-92.57456207
1000000000.0,1146905830.5499647,phase_noise,31249980.1,2100.0,3.0,10,31249461.1,-91.96069336
1000000000.0,1146905830.5499647,phase_noise,31249980.1,2100.0,3.0,10,31249462.6,-91.07979584
1000000000.0,1146905830.5499647,phase_noise,31249980.1,2100.0,3.0,10,31249464.1,-91.33842468
1000000000.0,1146905830.5499647,phase_noise,31249980.1,2100.0,3.0,10,31249465.6,-92.66806793
1000000000.0,1146905830.5499647,phase_noise,31249980.1,2100.0,3.0,10,31249467.1,-91.25856781
1000000000.0,1146905830.5499647,phase_noise,31249980.1,2100.0,3.0,10,31249468.6,-89.0595932
1000000000.0,1146905830.5499647,phase_noise,31249980.1,2100.0,3.0,10,31249470.1,-89.11988068
1000000000.0,1146905830.5499647,phase_noise,31249980.1,2100.0,3.0,10,31249471.6,-90.17067719
1000000000.0,1146905830.5499647,phase_noise,31249980.1,2100.0,3.0,10,31249473.1,-90.9477005
1000000000.0,1146905830.5499647,phase_noise,31249980.1,2100.0,3.0,10,31249474.6,-92.11079407
1000000000.0,1146905830.5499647,phase_noise,31249980.1,2100.0,3.0,10,31249476.1,-91.1944046
1000000000.0,1146905830.5499647,phase_noise,31249980.1,2100.0,3.0,10,31249477.6,-82.36889648
1000000000.0,1146905830.5499647,phase_noise,31249980.1,2100.0,3.0,10,31249479.1,-75.89571381
1000000000.0,1146905830.5499647,phase_noise,31249980.1,2100.0,3.0,10,31249480.6,-74.70941925
1000000000.0,1146905830.5499647,phase_noise,31249980.1,2100.0,3.0,10,31249482.1,-78.74026489
1000000000.0,1146905830.5499647,phase_noise,31249980.1,2100.0,3.0,10,31249483.6,-87.08432007
1000000000.0,1146905830.5499647,phase_noise,31249980.1,2100.0,3.0,10,31249485.1,-90.71677399
1000000000.0,1146905830.5499647,phase_noise,31249980.1,2100.0,3.0,10,31249486.6,-91.02841187
1000000000.0,1146905830.5499647,phase_noise,31249980.1,2100.0,3.0,10,31249488.1,-92.31882477
1000000000.0,1146905830.5499647,phase_noise,31249980.1,2100.0,3.0,10,31249489.6,-91.89491272
1000000000.0,1146905830.5499647,phase_noise,31249980.1,2100.0,3.0,10,31249491.1,-90.48873901
1000000000.0,1146905830.5499647,phase_noise,31249980.1,2100.0,3.0,10,31249492.6,-91.08177948
1000000000.0,1146905830.5499647,phase_noise,31249980.1,2100.0,3.0,10,31249494.1,-92.59668732
1000000000.0,1146905830.5499647,phase_noise,31249980.1,2100.0,3.0,10,31249495.6,-91.29505157
1000000000.0,1146905830.5499647,phase_noise,31249980.1,2100.0,3.0,10,31249497.1,-90.82472992
1000000000.0,1146905830.5499647,phase_noise,31249980.1,2100.0,3.0,10,31249498.6,-91.50621796
1000000000.0,1146905830.5499647,phase_noise,31249980.1,2100.0,3.0,10,31249500.1,-91.34538269
1000000000.0,1146905830.5499647,phase_noise,31249980.1,2100.0,3.0,10,31249501.6,-90.93373871
1000000000.0,1146905830.5499647,phase_noise,31249980.1,2100.0,3.0,10,31249503.1,-90.55697632
1000000000.0,1146905830.5499647,phase_noise,31249980.1,2100.0,3.0,10,31249504.6,-90.06073761
1000000000.0,1146905830.5499647,phase_noise,31249980.1,2100.0,3.0,10,31249506.1,-89.87999725
1000000000.0,1146905830.5499647,phase_noise,31249980.1,2100.0,3.0,10,31249507.6,-89.97549438
1000000000.0,1146905830.5499647,phase_noise,31249980.1,2100.0,3.0,10,31249509.1,-90.55160522
1000000000.0,1146905830.5499647,phase_noise,31249980.1,2100.0,3.0,10,31249510.6,-91.21740723
1000000000.0,1146905830.5499647,phase_noise,31249980.1,2100.0,3.0,10,31249512.1,-90.53027344
1000000000.0,1146905830.5499647,phase_noise,31249980.1,2100.0,3.0,10,31249513.6,-88.89553833
1000000000.0,1146905830.5499647,phase_noise,31249980.1,2100.0,3.0,10,31249515.1,-88.28182983
1000000000.0,1146905830.5499647,phase_noise,31249980.1,2100.0,3.0,10,31249516.6,-89.43780518
1000000000.0,1146905830.5499647,phase_noise,31249980.1,2100.0,3.0,10,31249518.1,-91.1626358
1000000000.0,1146905830.5499647,phase_noise,31249980.1,2100.0,3.0,10,31249519.6,-91.97798157
1000000000.0,1146905830.5499647,phase_noise,31249980.1,2100.0,3.0,10,31249521.1,-91.76194763
1000000000.0,1146905830.5499647,phase_noise,31249980.1,2100.0,3.0,10,31249522.6,-91.04418182
1000000000.0,1146905830.5499647,phase_noise,31249980.1,2100.0,3.0,10,31249524.1,-90.65468597
1000000000.0,1146905830.5499647,phase_noise,31249980.1,2100.0,3.0,10,31249525.6,-90.17004395
1000000000.0,1146905830.5499647,phase_noise,31249980.1,2100.0,3.0,10,31249527.1,-89.57455444
1000000000.0,1146905830.5499647,phase_noise,31249980.1,2100.0,3.0,10,31249528.6,-89.93656921
1000000000.0,1146905830.5499647,phase_noise,31249980.1,2100.0,3.0,10,31249530.1,-90.2302475
1000000000.0,1146905830.5499647,phase_noise,31249980.1,2100.0,3.0,10,31249531.6,-88.77561951
1000000000.0,1146905830.5499647,phase_noise,31249980.1,2100.0,3.0,10,31249533.1,-87.98313141
1000000000.0,1146905830.5499647,phase_noise,31249980.1,2100.0,3.0,10,31249534.6,-88.89055634
1000000000.0,1146905830.5499647,phase_noise,31249980.1,2100.0,3.0,10,31249536.1,-90.12883759
1000000000.0,1146905830.5499647,phase_noise,31249980.1,2100.0,3.0,10,31249537.6,-90.87787628
1000000000.0,1146905830.5499647,phase_noise,31249980.1,2100.0,3.0,10,31249539.1,-91.88318634
1000000000.0,1146905830.5499647,phase_noise,31249980.1,2100.0,3.0,10,31249540.6,-92.83428192
1000000000.0,1146905830.5499647,phase_noise,31249980.1,2100.0,3.0,10,31249542.1,-92.77511597
1000000000.0,1146905830.5499647,phase_noise,31249980.1,2100.0,3.0,10,31249543.6,-91.9094162
1000000000.0,1146905830.5499647,phase_noise,31249980.1,2100.0,3.0,10,31249545.1,-90.32682037
1000000000.0,1146905830.5499647,phase_noise,31249980.1,2100.0,3.0,10,31249546.6,-89.69854736
1000000000.0,1146905830.5499647,phase_noise,31249980.1,2100.0,3.0,10,31249548.1,-90.98406219
1000000000.0,1146905830.5499647,phase_noise,31249980.1,2100.0,3.0,10,31249549.6,-92.30873871
1000000000.0,1146905830.5499647,phase_noise,31249980.1,2100.0,3.0,10,31249551.1,-92.22463226
1000000000.0,1146905830.5499647,phase_noise,31249980.1,2100.0,3.0,10,31249552.6,-91.43969727
1000000000.0,1146905830.5499647,phase_noise,31249980.1,2100.0,3.0,10,31249554.1,-91.17408752
1000000000.0,1146905830.5499647,phase_noise,31249980.1,2100.0,3.0,10,31249555.6,-92.11821747
1000000000.0,1146905830.5499647,phase_noise,31249980.1,2100.0,3.0,10,31249557.1,-92.03852081
1000000000.0,1146905830.5499647,phase_noise,31249980.1,2100.0,3.0,10,31249558.6,-91.76275635
1000000000.0,1146905830.5499647,phase_noise,31249980.1,2100.0,3.0,10,31249560.1,-92.66055298
1000000000.0,1146905830.5499647,phase_noise,31249980.1,2100.0,3.0,10,31249561.6,-93.14445496
1000000000.0,1146905830.5499647,phase_noise,31249980.1,2100.0,3.0,10,31249563.1,-92.03644562
1000000000.0,1146905830.5499647,phase_noise,31249980.1,2100.0,3.0,10,31249564.6,-91.27655029
1000000000.0,1146905830.5499647,phase_noise,31249980.1,2100.0,3.0,10,31249566.1,-91.22840881
1000000000.0,1146905830.5499647,phase_noise,31249980.1,2100.0,3.0,10,31249567.6,-90.94402313
1000000000.0,1146905830.5499647,phase_noise,31249980.1,2100.0,3.0,10,31249569.1,-91.40583801
1000000000.0,1146905830.5499647,phase_noise,31249980.1,2100.0,3.0,10,31249570.6,-92.47667694
1000000000.0,1146905830.5499647,phase_noise,31249980.1,2100.0,3.0,10,31249572.1,-91.9327774
1000000000.0,1146905830.5499647,phase_noise,31249980.1,2100.0,3.0,10,31249573.6,-90.90487671
1000000000.0,1146905830.5499647,phase_noise,31249980.1,2100.0,3.0,10,31249575.1,-90.53037262
1000000000.0,1146905830.5499647,phase_noise,31249980.1,2100.0,3.0,10,31249576.6,-89.86962128
1000000000.0,1146905830.5499647,phase_noise,31249980.1,2100.0,3.0,10,31249578.1,-87.24667358
1000000000.0,1146905830.5499647,phase_noise,31249980.1,2100.0,3.0,10,31249579.6,-85.15939331
1000000000.0,1146905830.5499647,phase_noise,31249980.1,2100.0,3.0,10,31249581.1,-86.81315613
1000000000.0,1146905830.5499647,phase_noise,31249980.1,2100.0,3.0,10,31249582.6,-90.99286652
1000000000.0,1146905830.5499647,phase_noise,31249980.1,2100.0,3.0,10,31249584.1,-91.64884949
1000000000.0,1146905830.5499647,phase_noise,31249980.1,2100.0,3.0,10,31249585.6,-91.13687897
1000000000.0,1146905830.5499647,phase_noise,31249980.1,2100.0,3.0,10,31249587.1,-90.15139771
1000000000.0,1146905830.5499647,phase_noise,31249980.1,2100.0,3.0,10,31249588.6,-90.54697418
1000000000.0,1146905830.5499647,phase_noise,31249980.1,2100.0,3.0,10,31249590.1,-92.55654907
1000000000.0,1146905830.5499647,phase_noise,31249980.1,2100.0,3.0,10,31249591.6,-91.89074707
1000000000.0,1146905830.5499647,phase_noise,31249980.1,2100.0,3.0,10,31249593.1,-92.21328735
1000000000.0,1146905830.5499647,phase_noise,31249980.1,2100.0,3.0,10,31249594.6,-93.26750946
1000000000.0,1146905830.5499647,phase_noise,31249980.1,2100.0,3.0,10,31249596.1,-92.84168243
1000000000.0,1146905830.5499647,phase_noise,31249980.1,2100.0,3.0,10,31249597.6,-91.9595871
1000000000.0,1146905830.5499647,phase_noise,31249980.1,2100.0,3.0,10,31249599.1,-92.00289154
1000000000.0,1146905830.5499647,phase_noise,31249980.1,2100.0,3.0,10,31249600.6,-93.68858337
1000000000.0,1146905830.5499647,phase_noise,31249980.1,2100.0,3.0,10,31249602.1,-93.00013733
1000000000.0,1146905830.5499647,phase_noise,31249980.1,2100.0,3.0,10,31249603.6,-91.02066803
1000000000.0,1146905830.5499647,phase_noise,31249980.1,2100.0,3.0,10,31249605.1,-88.87963104
1000000000.0,1146905830.5499647,phase_noise,31249980.1,2100.0,3.0,10,31249606.6,-84.14992523
1000000000.0,1146905830.5499647,phase_noise,31249980.1,2100.0,3.0,10,31249608.1,-81.14536285
1000000000.0,1146905830.5499647,phase_noise,31249980.1,2100.0,3.0,10,31249609.6,-79.52965546
1000000000.0,1146905830.5499647,phase_noise,31249980.1,2100.0,3.0,10,31249611.1,-77.68380737
1000000000.0,1146905830.5499647,phase_noise,31249980.1,2100.0,3.0,10,31249612.6,-77.54418945
1000000000.0,1146905830.5499647,phase_noise,31249980.1,2100.0,3.0,10,31249614.1,-79.91464233
1000000000.0,1146905830.5499647,phase_noise,31249980.1,2100.0,3.0,10,31249615.6,-84.77790833
1000000000.0,1146905830.5499647,phase_noise,31249980.1,2100.0,3.0,10,31249617.1,-89.9752121
1000000000.0,1146905830.5499647,phase_noise,31249980.1,2100.0,3.0,10,31249618.6,-93.15161896
1000000000.0,1146905830.5499647,phase_noise,31249980.1,2100.0,3.0,10,31249620.1,-92.37935638
1000000000.0,1146905830.5499647,phase_noise,31249980.1,2100.0,3.0,10,31249621.6,-92.89080811
1000000000.0,1146905830.5499647,phase_noise,31249980.1,2100.0,3.0,10,31249623.1,-93.94932556
1000000000.0,1146905830.5499647,phase_noise,31249980.1,2100.0,3.0,10,31249624.6,-93.68357849
1000000000.0,1146905830.5499647,phase_noise,31249980.1,2100.0,3.0,10,31249626.1,-93.19835663
1000000000.0,1146905830.5499647,phase_noise,31249980.1,2100.0,3.0,10,31249627.6,-92.1644516
1000000000.0,1146905830.5499647,phase_noise,31249980.1,2100.0,3.0,10,31249629.1,-90.80182648
1000000000.0,1146905830.5499647,phase_noise,31249980.1,2100.0,3.0,10,31249630.6,-91.48808289
1000000000.0,1146905830.5499647,phase_noise,31249980.1,2100.0,3.0,10,31249632.1,-93.93656158
1000000000.0,1146905830.5499647,phase_noise,31249980.1,2100.0,3.0,10,31249633.6,-93.8022995
1000000000.0,1146905830.5499647,phase_noise,31249980.1,2100.0,3.0,10,31249635.1,-93.69007874
1000000000.0,1146905830.5499647,phase_noise,31249980.1,2100.0,3.0,10,31249636.6,-93.75191498
1000000000.0,1146905830.5499647,phase_noise,31249980.1,2100.0,3.0,10,31249638.1,-91.79482269
1000000000.0,1146905830.5499647,phase_noise,31249980.1,2100.0,3.0,10,31249639.6,-90.52935791
1000000000.0,1146905830.5499647,phase_noise,31249980.1,2100.0,3.0,10,31249641.1,-90.06164551
1000000000.0,1146905830.5499647,phase_noise,31249980.1,2100.0,3.0,10,31249642.6,-90.63502502
1000000000.0,1146905830.5499647,phase_noise,31249980.1,2100.0,3.0,10,31249644.1,-92.14539337
1000000000.0,1146905830.5499647,phase_noise,31249980.1,2100.0,3.0,10,31249645.6,-91.82151031
1000000000.0,1146905830.5499647,phase_noise,31249980.1,2100.0,3.0,10,31249647.1,-89.7565918
1000000000.0,1146905830.5499647,phase_noise,31249980.1,2100.0,3.0,10,31249648.6,-89.31037903
1000000000.0,1146905830.5499647,phase_noise,31249980.1,2100.0,3.0,10,31249650.1,-90.01121521
1000000000.0,1146905830.5499647,phase_noise,31249980.1,2100.0,3.0,10,31249651.6,-91.40441895
1000000000.0,1146905830.5499647,phase_noise,31249980.1,2100.0,3.0,10,31249653.1,-92.2558136
1000000000.0,1146905830.5499647,phase_noise,31249980.1,2100.0,3.0,10,31249654.6,-92.76045227
1000000000.0,1146905830.5499647,phase_noise,31249980.1,2100.0,3.0,10,31249656.1,-91.43392944
1000000000.0,1146905830.5499647,phase_noise,31249980.1,2100.0,3.0,10,31249657.6,-90.0819397
1000000000.0,1146905830.5499647,phase_noise,31249980.1,2100.0,3.0,10,31249659.1,-89.87934875
1000000000.0,1146905830.5499647,phase_noise,31249980.1,2100.0,3.0,10,31249660.6,-90.17079926
1000000000.0,1146905830.5499647,phase_noise,31249980.1,2100.0,3.0,10,31249662.1,-88.06287384
1000000000.0,1146905830.5499647,phase_noise,31249980.1,2100.0,3.0,10,31249663.6,-85.7155304
1000000000.0,1146905830.5499647,phase_noise,31249980.1,2100.0,3.0,10,31249665.1,-85.76824188
1000000000.0,1146905830.5499647,phase_noise,31249980.1,2100.0,3.0,10,31249666.6,-86.90271759
1000000000.0,1146905830.5499647,phase_noise,31249980.1,2100.0,3.0,10,31249668.1,-87.65255737
1000000000.0,1146905830.5499647,phase_noise,31249980.1,2100.0,3.0,10,31249669.6,-89.10292816
1000000000.0,1146905830.5499647,phase_noise,31249980.1,2100.0,3.0,10,31249671.1,-92.38745117
1000000000.0,1146905830.5499647,phase_noise,31249980.1,2100.0,3.0,10,31249672.6,-93.05818939
1000000000.0,1146905830.5499647,phase_noise,31249980.1,2100.0,3.0,10,31249674.1,-91.72187042
1000000000.0,1146905830.5499647,phase_noise,31249980.1,2100.0,3.0,10,31249675.6,-91.59234619
1000000000.0,1146905830.5499647,phase_noise,31249980.1,2100.0,3.0,10,31249677.1,-87.90166473
1000000000.0,1146905830.5499647,phase_noise,31249980.1,2100.0,3.0,10,31249678.6,-82.21528625
1000000000.0,1146905830.5499647,phase_noise,31249980.1,2100.0,3.0,10,31249680.1,-79.85214996
1000000000.0,1146905830.5499647,phase_noise,31249980.1,2100.0,3.0,10,31249681.6,-82.19285583
1000000000.0,1146905830.5499647,phase_noise,31249980.1,2100.0,3.0,10,31249683.1,-88.78018188
1000000000.0,1146905830.5499647,phase_noise,31249980.1,2100.0,3.0,10,31249684.6,-91.44303131
1000000000.0,1146905830.5499647,phase_noise,31249980.1,2100.0,3.0,10,31249686.1,-91.14025879
1000000000.0,1146905830.5499647,phase_noise,31249980.1,2100.0,3.0,10,31249687.6,-91.02626801
1000000000.0,1146905830.5499647,phase_noise,31249980.1,2100.0,3.0,10,31249689.1,-90.96009064
1000000000.0,1146905830.5499647,phase_noise,31249980.1,2100.0,3.0,10,31249690.6,-92.51280975
1000000000.0,1146905830.5499647,phase_noise,31249980.1,2100.0,3.0,10,31249692.1,-93.52279663
1000000000.0,1146905830.5499647,phase_noise,31249980.1,2100.0,3.0,10,31249693.6,-92.08085632
1000000000.0,1146905830.5499647,phase_noise,31249980.1,2100.0,3.0,10,31249695.1,-93.35953522
1000000000.0,1146905830.5499647,phase_noise,31249980.1,2100.0,3.0,10,31249696.6,-94.70124054
1000000000.0,1146905830.5499647,phase_noise,31249980.1,2100.0,3.0,10,31249698.1,-93.7966156
1000000000.0,1146905830.5499647,phase_noise,31249980.1,2100.0,3.0,10,31249699.6,-93.41242981
1000000000.0,1146905830.5499647,phase_noise,31249980.1,2100.0,3.0,10,31249701.1,-92.72116852
1000000000.0,1146905830.5499647,phase_noise,31249980.1,2100.0,3.0,10,31249702.6,-92.94491577
1000000000.0,1146905830.5499647,phase_noise,31249980.1,2100.0,3.0,10,31249704.1,-93.13419342
1000000000.0,1146905830.5499647,phase_noise,31249980.1,2100.0,3.0,10,31249705.6,-92.38845825
1000000000.0,1146905830.5499647,phase_noise,31249980.1,2100.0,3.0,10,31249707.1,-92.10309601
1000000000.0,1146905830.5499647,phase_noise,31249980.1,2100.0,3.0,10,31249708.6,-92.99279022
1000000000.0,1146905830.5499647,phase_noise,31249980.1,2100.0,3.0,10,31249710.1,-93.63924408
1000000000.0,1146905830.5499647,phase_noise,31249980.1,2100.0,3.0,10,31249711.6,-91.91618347
1000000000.0,1146905830.5499647,phase_noise,31249980.1,2100.0,3.0,10,31249713.1,-90.85968018
1000000000.0,1146905830.5499647,phase_noise,31249980.1,2100.0,3.0,10,31249714.6,-91.01465607
1000000000.0,1146905830.5499647,phase_noise,31249980.1,2100.0,3.0,10,31249716.1,-90.6662674
1000000000.0,1146905830.5499647,phase_noise,31249980.1,2100.0,3.0,10,31249717.6,-90.50528717
1000000000.0,1146905830.5499647,phase_noise,31249980.1,2100.0,3.0,10,31249719.1,-89.87891388
1000000000.0,1146905830.5499647,phase_noise,31249980.1,2100.0,3.0,10,31249720.6,-89.87805939
1000000000.0,1146905830.5499647,phase_noise,31249980.1,2100.0,3.0,10,31249722.1,-91.18579865
1000000000.0,1146905830.5499647,phase_noise,31249980.1,2100.0,3.0,10,31249723.6,-91.29711151
1000000000.0,1146905830.5499647,phase_noise,31249980.1,2100.0,3.0,10,31249725.1,-91.760849
1000000000.0,1146905830.5499647,phase_noise,31249980.1,2100.0,3.0,10,31249726.6,-93.05144501
1000000000.0,1146905830.5499647,phase_noise,31249980.1,2100.0,3.0,10,31249728.1,-92.62569427
1000000000.0,1146905830.5499647,phase_noise,31249980.1,2100.0,3.0,10,31249729.6,-92.34152222
1000000000.0,1146905830.5499647,phase_noise,31249980.1,2100.0,3.0,10,31249731.1,-91.56453705
1000000000.0,1146905830.5499647,phase_noise,31249980.1,2100.0,3.0,10,31249732.6,-91.20156097
1000000000.0,1146905830.5499647,phase_noise,31249980.1,2100.0,3.0,10,31249734.1,-91.65339661
1000000000.0,1146905830.5499647,phase_noise,31249980.1,2100.0,3.0,10,31249735.6,-92.61050415
1000000000.0,1146905830.5499647,phase_noise,31249980.1,2100.0,3.0,10,31249737.1,-93.11721802
1000000000.0,1146905830.5499647,phase_noise,31249980.1,2100.0,3.0,10,31249738.6,-92.50817108
1000000000.0,1146905830.5499647,phase_noise,31249980.1,2100.0,3.0,10,31249740.1,-91.53393555
1000000000.0,1146905830.5499647,phase_noise,31249980.1,2100.0,3.0,10,31249741.6,-90.38535309
1000000000.0,1146905830.5499647,phase_noise,31249980.1,2100.0,3.0,10,31249743.1,-90.70153809
1000000000.0,1146905830.5499647,phase_noise,31249980.1,2100.0,3.0,10,31249744.6,-89.61865234
1000000000.0,1146905830.5499647,phase_noise,31249980.1,2100.0,3.0,10,31249746.1,-84.3225174
1000000000.0,1146905830.5499647,phase_noise,31249980.1,2100.0,3.0,10,31249747.6,-81.97657776
1000000000.0,1146905830.5499647,phase_noise,31249980.1,2100.0,3.0,10,31249749.1,-83.81551361
1000000000.0,1146905830.5499647,phase_noise,31249980.1,2100.0,3.0,10,31249750.6,-84.84672546
1000000000.0,1146905830.5499647,phase_noise,31249980.1,2100.0,3.0,10,31249752.1,-80.38497925
1000000000.0,1146905830.5499647,phase_noise,31249980.1,2100.0,3.0,10,31249753.6,-79.89588928
1000000000.0,1146905830.5499647,phase_noise,31249980.1,2100.0,3.0,10,31249755.1,-84.75901031
1000000000.0,1146905830.5499647,phase_noise,31249980.1,2100.0,3.0,10,31249756.6,-92.21143341
1000000000.0,1146905830.5499647,phase_noise,31249980.1,2100.0,3.0,10,31249758.1,-92.33995056
1000000000.0,1146905830.5499647,phase_noise,31249980.1,2100.0,3.0,10,31249759.6,-92.63524628
1000000000.0,1146905830.5499647,phase_noise,31249980.1,2100.0,3.0,10,31249761.1,-92.66773224
1000000000.0,1146905830.5499647,phase_noise,31249980.1,2100.0,3.0,10,31249762.6,-93.0852356
1000000000.0,1146905830.5499647,phase_noise,31249980.1,2100.0,3.0,10,31249764.1,-93.7086792
1000000000.0,1146905830.5499647,phase_noise,31249980.1,2100.0,3.0,10,31249765.6,-93.0511322
1000000000.0,1146905830.5499647,phase_noise,31249980.1,2100.0,3.0,10,31249767.1,-93.70145416
1000000000.0,1146905830.5499647,phase_noise,31249980.1,2100.0,3.0,10,31249768.6,-93.53760529
1000000000.0,1146905830.5499647,phase_noise,31249980.1,2100.0,3.0,10,31249770.1,-93.06565857
1000000000.0,1146905830.5499647,phase_noise,31249980.1,2100.0,3.0,10,31249771.6,-92.90045929
1000000000.0,1146905830.5499647,phase_noise,31249980.1,2100.0,3.0,10,31249773.1,-91.9199295
1000000000.0,1146905830.5499647,phase_noise,31249980.1,2100.0,3.0,10,31249774.6,-91.09214783
1000000000.0,1146905830.5499647,phase_noise,31249980.1,2100.0,3.0,10,31249776.1,-91.31186676
1000000000.0,1146905830.5499647,phase_noise,31249980.1,2100.0,3.0,10,31249777.6,-88.95534515
1000000000.0,1146905830.5499647,phase_noise,31249980.1,2100.0,3.0,10,31249779.1,-83.57182312
1000000000.0,1146905830.5499647,phase_noise,31249980.1,2100.0,3.0,10,31249780.6,-81.68765259
1000000000.0,1146905830.5499647,phase_noise,31249980.1,2100.0,3.0,10,31249782.1,-83.5535202
1000000000.0,1146905830.5499647,phase_noise,31249980.1,2100.0,3.0,10,31249783.6,-87.13737488
1000000000.0,1146905830.5499647,phase_noise,31249980.1,2100.0,3.0,10,31249785.1,-88.85388947
1000000000.0,1146905830.5499647,phase_noise,31249980.1,2100.0,3.0,10,31249786.6,-89.28824615
1000000000.0,1146905830.5499647,phase_noise,31249980.1,2100.0,3.0,10,31249788.1,-90.37153625
1000000000.0,1146905830.5499647,phase_noise,31249980.1,2100.0,3.0,10,31249789.6,-92.37605286
1000000000.0,1146905830.5499647,phase_noise,31249980.1,2100.0,3.0,10,31249791.1,-92.88233185
1000000000.0,1146905830.5499647,phase_noise,31249980.1,2100.0,3.0,10,31249792.6,-92.01887512
1000000000.0,1146905830.5499647,phase_noise,31249980.1,2100.0,3.0,10,31249794.1,-90.49436951
1000000000.0,1146905830.5499647,phase_noise,31249980.1,2100.0,3.0,10,31249795.6,-89.49326324
1000000000.0,1146905830.5499647,phase_noise,31249980.1,2100.0,3.0,10,31249797.1,-90.71781921
1000000000.0,1146905830.5499647,phase_noise,31249980.1,2100.0,3.0,10,31249798.6,-92.4977417
1000000000.0,1146905830.5499647,phase_noise,31249980.1,2100.0,3.0,10,31249800.1,-91.12637329
1000000000.0,1146905830.5499647,phase_noise,31249980.1,2100.0,3.0,10,31249801.6,-89.31581879
1000000000.0,1146905830.5499647,phase_noise,31249980.1,2100.0,3.0,10,31249803.1,-89.26308441
1000000000.0,1146905830.5499647,phase_noise,31249980.1,2100.0,3.0,10,31249804.6,-90.98168182
1000000000.0,1146905830.5499647,phase_noise,31249980.1,2100.0,3.0,10,31249806.1,-91.98085022
1000000000.0,1146905830.5499647,phase_noise,31249980.1,2100.0,3.0,10,31249807.6,-90.87906647
1000000000.0,1146905830.5499647,phase_noise,31249980.1,2100.0,3.0,10,31249809.1,-89.99502563
1000000000.0,1146905830.5499647,phase_noise,31249980.1,2100.0,3.0,10,31249810.6,-90.47576904
1000000000.0,1146905830.5499647,phase_noise,31249980.1,2100.0,3.0,10,31249812.1,-91.00688171
1000000000.0,1146905830.5499647,phase_noise,31249980.1,2100.0,3.0,10,31249813.6,-90.79401398
1000000000.0,1146905830.5499647,phase_noise,31249980.1,2100.0,3.0,10,31249815.1,-91.45475769
1000000000.0,1146905830.5499647,phase_noise,31249980.1,2100.0,3.0,10,31249816.6,-91.69871521
1000000000.0,1146905830.5499647,phase_noise,31249980.1,2100.0,3.0,10,31249818.1,-91.26413727
1000000000.0,1146905830.5499647,phase_noise,31249980.1,2100.0,3.0,10,31249819.6,-91.56530762
1000000000.0,1146905830.5499647,phase_noise,31249980.1,2100.0,3.0,10,31249821.1,-91.17778015
1000000000.0,1146905830.5499647,phase_noise,31249980.1,2100.0,3.0,10,31249822.6,-91.00541687
1000000000.0,1146905830.5499647,phase_noise,31249980.1,2100.0,3.0,10,31249824.1,-90.59143066
1000000000.0,1146905830.5499647,phase_noise,31249980.1,2100.0,3.0,10,31249825.6,-91.43551636
1000000000.0,1146905830.5499647,phase_noise,31249980.1,2100.0,3.0,10,31249827.1,-92.08202362
1000000000.0,1146905830.5499647,phase_noise,31249980.1,2100.0,3.0,10,31249828.6,-91.34197998
1000000000.0,1146905830.5499647,phase_noise,31249980.1,2100.0,3.0,10,31249830.1,-90.72076416
1000000000.0,1146905830.5499647,phase_noise,31249980.1,2100.0,3.0,10,31249831.6,-90.69358063
1000000000.0,1146905830.5499647,phase_noise,31249980.1,2100.0,3.0,10,31249833.1,-90.42628479
1000000000.0,1146905830.5499647,phase_noise,31249980.1,2100.0,3.0,10,31249834.6,-90.23699951
1000000000.0,1146905830.5499647,phase_noise,31249980.1,2100.0,3.0,10,31249836.1,-90.42138672
1000000000.0,1146905830.5499647,phase_noise,31249980.1,2100.0,3.0,10,31249837.6,-90.88942719
1000000000.0,1146905830.5499647,phase_noise,31249980.1,2100.0,3.0,10,31249839.1,-91.17346954
1000000000.0,1146905830.5499647,phase_noise,31249980.1,2100.0,3.0,10,31249840.6,-90.05325317
1000000000.0,1146905830.5499647,phase_noise,31249980.1,2100.0,3.0,10,31249842.1,-89.23261261
1000000000.0,1146905830.5499647,phase_noise,31249980.1,2100.0,3.0,10,31249843.6,-89.0782547
1000000000.0,1146905830.5499647,phase_noise,31249980.1,2100.0,3.0,10,31249845.1,-90.2362442
1000000000.0,1146905830.5499647,phase_noise,31249980.1,2100.0,3.0,10,31249846.6,-91.70724487
1000000000.0,1146905830.5499647,phase_noise,31249980.1,2100.0,3.0,10,31249848.1,-90.62779236
1000000000.0,1146905830.5499647,phase_noise,31249980.1,2100.0,3.0,10,31249849.6,-90.13552094
1000000000.0,1146905830.5499647,phase_noise,31249980.1,2100.0,3.0,10,31249851.1,-91.25991058
1000000000.0,1146905830.5499647,phase_noise,31249980.1,2100.0,3.0,10,31249852.6,-92.8616333
1000000000.0,1146905830.5499647,phase_noise,31249980.1,2100.0,3.0,10,31249854.1,-93.88317871
1000000000.0,1146905830.5499647,phase_noise,31249980.1,2100.0,3.0,10,31249855.6,-91.43943024
1000000000.0,1146905830.5499647,phase_noise,31249980.1,2100.0,3.0,10,31249857.1,-90.71022034
1000000000.0,1146905830.5499647,phase_noise,31249980.1,2100.0,3.0,10,31249858.6,-91.84497833
1000000000.0,1146905830.5499647,phase_noise,31249980.1,2100.0,3.0,10,31249860.1,-92.44210815
1000000000.0,1146905830.5499647,phase_noise,31249980.1,2100.0,3.0,10,31249861.6,-92.889534
1000000000.0,1146905830.5499647,phase_noise,31249980.1,2100.0,3.0,10,31249863.1,-93.00807953
1000000000.0,1146905830.5499647,phase_noise,31249980.1,2100.0,3.0,10,31249864.6,-92.94877625
1000000000.0,1146905830.5499647,phase_noise,31249980.1,2100.0,3.0,10,31249866.1,-93.04297638
1000000000.0,1146905830.5499647,phase_noise,31249980.1,2100.0,3.0,10,31249867.6,-90.66958618
1000000000.0,1146905830.5499647,phase_noise,31249980.1,2100.0,3.0,10,31249869.1,-89.01655579
1000000000.0,1146905830.5499647,phase_noise,31249980.1,2100.0,3.0,10,31249870.6,-89.30014038
1000000000.0,1146905830.5499647,phase_noise,31249980.1,2100.0,3.0,10,31249872.1,-90.94862366
1000000000.0,1146905830.5499647,phase_noise,31249980.1,2100.0,3.0,10,31249873.6,-90.6591568
1000000000.0,1146905830.5499647,phase_noise,31249980.1,2100.0,3.0,10,31249875.1,-88.49988556
1000000000.0,1146905830.5499647,phase_noise,31249980.1,2100.0,3.0,10,31249876.6,-88.47668457
1000000000.0,1146905830.5499647,phase_noise,31249980.1,2100.0,3.0,10,31249878.1,-88.87988281
1000000000.0,1146905830.5499647,phase_noise,31249980.1,2100.0,3.0,10,31249879.6,-87.32189178
1000000000.0,1146905830.5499647,phase_noise,31249980.1,2100.0,3.0,10,31249881.1,-87.57644653
1000000000.0,1146905830.5499647,phase_noise,31249980.1,2100.0,3.0,10,31249882.6,-90.36476898
1000000000.0,1146905830.5499647,phase_noise,31249980.1,2100.0,3.0,10,31249884.1,-91.98686218
1000000000.0,1146905830.5499647,phase_noise,31249980.1,2100.0,3.0,10,31249885.6,-91.8197403
1000000000.0,1146905830.5499647,phase_noise,31249980.1,2100.0,3.0,10,31249887.1,-90.96383667
1000000000.0,1146905830.5499647,phase_noise,31249980.1,2100.0,3.0,10,31249888.6,-90.76345062
1000000000.0,1146905830.5499647,phase_noise,31249980.1,2100.0,3.0,10,31249890.1,-90.10753632
1000000000.0,1146905830.5499647,phase_noise,31249980.1,2100.0,3.0,10,31249891.6,-89.30133057
1000000000.0,1146905830.5499647,phase_noise,31249980.1,2100.0,3.0,10,31249893.1,-89.81997681
1000000000.0,1146905830.5499647,phase_noise,31249980.1,2100.0,3.0,10,31249894.6,-90.51212311
1000000000.0,1146905830.5499647,phase_noise,31249980.1,2100.0,3.0,10,31249896.1,-89.77163696
1000000000.0,1146905830.5499647,phase_noise,31249980.1,2100.0,3.0,10,31249897.6,-91.00643158
1000000000.0,1146905830.5499647,phase_noise,31249980.1,2100.0,3.0,10,31249899.1,-93.08394623
1000000000.0,1146905830.5499647,phase_noise,31249980.1,2100.0,3.0,10,31249900.6,-92.99701691
1000000000.0,1146905830.5499647,phase_noise,31249980.1,2100.0,3.0,10,31249902.1,-93.14366913
1000000000.0,1146905830.5499647,phase_noise,31249980.1,2100.0,3.0,10,31249903.6,-92.3081665
1000000000.0,1146905830.5499647,phase_noise,31249980.1,2100.0,3.0,10,31249905.1,-90.79718018
1000000000.0,1146905830.5499647,phase_noise,31249980.1,2100.0,3.0,10,31249906.6,-90.39189911
1000000000.0,1146905830.5499647,phase_noise,31249980.1,2100.0,3.0,10,31249908.1,-91.29057312
1000000000.0,1146905830.5499647,phase_noise,31249980.1,2100.0,3.0,10,31249909.6,-93.0062561
1000000000.0,1146905830.5499647,phase_noise,31249980.1,2100.0,3.0,10,31249911.1,-92.93283844
1000000000.0,1146905830.5499647,phase_noise,31249980.1,2100.0,3.0,10,31249912.6,-91.32663727
1000000000.0,1146905830.5499647,phase_noise,31249980.1,2100.0,3.0,10,31249914.1,-91.47112274
1000000000.0,1146905830.5499647,phase_noise,31249980.1,2100.0,3.0,10,31249915.6,-92.64321136
1000000000.0,1146905830.5499647,phase_noise,31249980.1,2100.0,3.0,10,31249917.1,-92.8254776
1000000000.0,1146905830.5499647,phase_noise,31249980.1,2100.0,3.0,10,31249918.6,-92.03582764
1000000000.0,1146905830.5499647,phase_noise,31249980.1,2100.0,3.0,10,31249920.1,-90.76765442
1000000000.0,1146905830.5499647,phase_noise,31249980.1,2100.0,3.0,10,31249921.6,-90.41985321
1000000000.0,1146905830.5499647,phase_noise,31249980.1,2100.0,3.0,10,31249923.1,-90.8537674
1000000000.0,1146905830.5499647,phase_noise,31249980.1,2100.0,3.0,10,31249924.6,-90.80657196
1000000000.0,1146905830.5499647,phase_noise,31249980.1,2100.0,3.0,10,31249926.1,-92.09217834
1000000000.0,1146905830.5499647,phase_noise,31249980.1,2100.0,3.0,10,31249927.6,-91.53038025
1000000000.0,1146905830.5499647,phase_noise,31249980.1,2100.0,3.0,10,31249929.1,-88.19709778
1000000000.0,1146905830.5499647,phase_noise,31249980.1,2100.0,3.0,10,31249930.6,-86.38265991
1000000000.0,1146905830.5499647,phase_noise,31249980.1,2100.0,3.0,10,31249932.1,-86.84926605
1000000000.0,1146905830.5499647,phase_noise,31249980.1,2100.0,3.0,10,31249933.6,-88.65190125
1000000000.0,1146905830.5499647,phase_noise,31249980.1,2100.0,3.0,10,31249935.1,-90.68462372
1000000000.0,1146905830.5499647,phase_noise,31249980.1,2100.0,3.0,10,31249936.6,-90.33126831
1000000000.0,1146905830.5499647,phase_noise,31249980.1,2100.0,3.0,10,31249938.1,-89.71725464
1000000000.0,1146905830.5499647,phase_noise,31249980.1,2100.0,3.0,10,31249939.6,-90.43218231
1000000000.0,1146905830.5499647,phase_noise,31249980.1,2100.0,3.0,10,31249941.1,-91.41527557
1000000000.0,1146905830.5499647,phase_noise,31249980.1,2100.0,3.0,10,31249942.6,-90.73809052
1000000000.0,1146905830.5499647,phase_noise,31249980.1,2100.0,3.0,10,31249944.1,-89.02146149
1000000000.0,1146905830.5499647,phase_noise,31249980.1,2100.0,3.0,10,31249945.6,-88.48947906
1000000000.0,1146905830.5499647,phase_noise,31249980.1,2100.0,3.0,10,31249947.1,-89.89781952
1000000000.0,1146905830.5499647,phase_noise,31249980.1,2100.0,3.0,10,31249948.6,-89.96488953
1000000000.0,1146905830.5499647,phase_noise,31249980.1,2100.0,3.0,10,31249950.1,-88.44973755
1000000000.0,1146905830.5499647,phase_noise,31249980.1,2100.0,3.0,10,31249951.6,-87.84897614
1000000000.0,1146905830.5499647,phase_noise,31249980.1,2100.0,3.0,10,31249953.1,-87.77651215
1000000000.0,1146905830.5499647,phase_noise,31249980.1,2100.0,3.0,10,31249954.6,-87.87210846
1000000000.0,1146905830.5499647,phase_noise,31249980.1,2100.0,3.0,10,31249956.1,-87.61577606
1000000000.0,1146905830.5499647,phase_noise,31249980.1,2100.0,3.0,10,31249957.6,-86.63405609
1000000000.0,1146905830.5499647,phase_noise,31249980.1,2100.0,3.0,10,31249959.1,-86.32978821
1000000000.0,1146905830.5499647,phase_noise,31249980.1,2100.0,3.0,10,31249960.6,-86.5423584
1000000000.0,1146905830.5499647,phase_noise,31249980.1,2100.0,3.0,10,31249962.1,-85.5818634
1000000000.0,1146905830.5499647,phase_noise,31249980.1,2100.0,3.0,10,31249963.6,-85.09983063
1000000000.0,1146905830.5499647,phase_noise,31249980.1,2100.0,3.0,10,31249965.1,-83.70462799
1000000000.0,1146905830.5499647,phase_noise,31249980.1,2100.0,3.0,10,31249966.6,-84.81130981
1000000000.0,1146905830.5499647,phase_noise,31249980.1,2100.0,3.0,10,31249968.1,-85.17089844
1000000000.0,1146905830.5499647,phase_noise,31249980.1,2100.0,3.0,10,31249969.6,-81.82416534
1000000000.0,1146905830.5499647,phase_noise,31249980.1,2100.0,3.0,10,31249971.1,-79.22576904
1000000000.0,1146905830.5499647,phase_noise,31249980.1,2100.0,3.0,10,31249972.6,-77.74359894
1000000000.0,1146905830.5499647,phase_noise,31249980.1,2100.0,3.0,10,31249974.1,-72.728302
1000000000.0,1146905830.5499647,phase_noise,31249980.1,2100.0,3.0,10,31249975.6,-36.37335587
1000000000.0,1146905830.5499647,phase_noise,31249980.1,2100.0,3.0,10,31249977.1,-17.15614319
1000000000.0,1146905830.5499647,phase_noise,31249980.1,2100.0,3.0,10,31249978.6,-6.580801487
1000000000.0,1146905830.5499647,phase_noise,31249980.1,2100.0,3.0,10,31249980.1,-2.170929193
1000000000.0,1146905830.5499647,phase_noise,31249980.1,2100.0,3.0,10,31249981.6,-3.194577217
1000000000.0,1146905830.5499647,phase_noise,31249980.1,2100.0,3.0,10,31249983.1,-9.808682442
1000000000.0,1146905830.5499647,phase_noise,31249980.1,2100.0,3.0,10,31249984.6,-23.21141052
1000000000.0,1146905830.5499647,phase_noise,31249980.1,2100.0,3.0,10,31249986.1,-47.35069656
1000000000.0,1146905830.5499647,phase_noise,31249980.1,2100.0,3.0,10,31249987.6,-77.59388733
1000000000.0,1146905830.5499647,phase_noise,31249980.1,2100.0,3.0,10,31249989.1,-79.50406647
1000000000.0,1146905830.5499647,phase_noise,31249980.1,2100.0,3.0,10,31249990.6,-80.59380341
1000000000.0,1146905830.5499647,phase_noise,31249980.1,2100.0,3.0,10,31249992.1,-81.55770874
1000000000.0,1146905830.5499647,phase_noise,31249980.1,2100.0,3.0,10,31249993.6,-83.92713165
1000000000.0,1146905830.5499647,phase_noise,31249980.1,2100.0,3.0,10,31249995.1,-84.28262329
1000000000.0,1146905830.5499647,phase_noise,31249980.1,2100.0,3.0,10,31249996.6,-85.31603241
1000000000.0,1146905830.5499647,phase_noise,31249980.1,2100.0,3.0,10,31249998.1,-87.32422638
1000000000.0,1146905830.5499647,phase_noise,31249980.1,2100.0,3.0,10,31249999.6,-87.42865753
1000000000.0,1146905830.5499647,phase_noise,31249980.1,2100.0,3.0,10,31250001.1,-86.36397552
1000000000.0,1146905830.5499647,phase_noise,31249980.1,2100.0,3.0,10,31250002.6,-86.11054993
1000000000.0,1146905830.5499647,phase_noise,31249980.1,2100.0,3.0,10,31250004.1,-87.22310638
1000000000.0,1146905830.5499647,phase_noise,31249980.1,2100.0,3.0,10,31250005.6,-88.08223724
1000000000.0,1146905830.5499647,phase_noise,31249980.1,2100.0,3.0,10,31250007.1,-86.61650848
1000000000.0,1146905830.5499647,phase_noise,31249980.1,2100.0,3.0,10,31250008.6,-86.50115967
1000000000.0,1146905830.5499647,phase_noise,31249980.1,2100.0,3.0,10,31250010.1,-88.68630981
1000000000.0,1146905830.5499647,phase_noise,31249980.1,2100.0,3.0,10,31250011.6,-92.16900635
1000000000.0,1146905830.5499647,phase_noise,31249980.1,2100.0,3.0,10,31250013.1,-90.6762619
1000000000.0,1146905830.5499647,phase_noise,31249980.1,2100.0,3.0,10,31250014.6,-88.65656281
1000000000.0,1146905830.5499647,phase_noise,31249980.1,2100.0,3.0,10,31250016.1,-87.67011261
1000000000.0,1146905830.5499647,phase_noise,31249980.1,2100.0,3.0,10,31250017.6,-88.61833191
1000000000.0,1146905830.5499647,phase_noise,31249980.1,2100.0,3.0,10,31250019.1,-91.27580261
1000000000.0,1146905830.5499647,phase_noise,31249980.1,2100.0,3.0,10,31250020.6,-92.01024628
1000000000.0,1146905830.5499647,phase_noise,31249980.1,2100.0,3.0,10,31250022.1,-90.68752289
1000000000.0,1146905830.5499647,phase_noise,31249980.1,2100.0,3.0,10,31250023.6,-89.96637726
1000000000.0,1146905830.5499647,phase_noise,31249980.1,2100.0,3.0,10,31250025.1,-90.18585205
1000000000.0,1146905830.5499647,phase_noise,31249980.1,2100.0,3.0,10,31250026.6,-89.22995758
1000000000.0,1146905830.5499647,phase_noise,31249980.1,2100.0,3.0,10,31250028.1,-88.26870728
1000000000.0,1146905830.5499647,phase_noise,31249980.1,2100.0,3.0,10,31250029.6,-88.40603638
1000000000.0,1146905830.5499647,phase_noise,31249980.1,2100.0,3.0,10,31250031.1,-89.10301971
1000000000.0,1146905830.5499647,phase_noise,31249980.1,2100.0,3.0,10,31250032.6,-90.22494507
1000000000.0,1146905830.5499647,phase_noise,31249980.1,2100.0,3.0,10,31250034.1,-91.39372253
1000000000.0,1146905830.5499647,phase_noise,31249980.1,2100.0,3.0,10,31250035.6,-90.43041992
1000000000.0,1146905830.5499647,phase_noise,31249980.1,2100.0,3.0,10,31250037.1,-90.45275879
1000000000.0,1146905830.5499647,phase_noise,31249980.1,2100.0,3.0,10,31250038.6,-92.99771118
1000000000.0,1146905830.5499647,phase_noise,31249980.1,2100.0,3.0,10,31250040.1,-93.93255615
1000000000.0,1146905830.5499647,phase_noise,31249980.1,2100.0,3.0,10,31250041.6,-92.34901428
1000000000.0,1146905830.5499647,phase_noise,31249980.1,2100.0,3.0,10,31250043.1,-91.06614685
1000000000.0,1146905830.5499647,phase_noise,31249980.1,2100.0,3.0,10,31250044.6,-90.52135468
1000000000.0,1146905830.5499647,phase_noise,31249980.1,2100.0,3.0,10,31250046.1,-90.02929687
1000000000.0,1146905830.5499647,phase_noise,31249980.1,2100.0,3.0,10,31250047.6,-89.65843964
1000000000.0,1146905830.5499647,phase_noise,31249980.1,2100.0,3.0,10,31250049.1,-90.87973022
1000000000.0,1146905830.5499647,phase_noise,31249980.1,2100.0,3.0,10,31250050.6,-92.9361496
1000000000.0,1146905830.5499647,phase_noise,31249980.1,2100.0,3.0,10,31250052.1,-92.58617401
1000000000.0,1146905830.5499647,phase_noise,31249980.1,2100.0,3.0,10,31250053.6,-91.35214233
1000000000.0,1146905830.5499647,phase_noise,31249980.1,2100.0,3.0,10,31250055.1,-90.93012238
1000000000.0,1146905830.5499647,phase_noise,31249980.1,2100.0,3.0,10,31250056.6,-91.11726379
1000000000.0,1146905830.5499647,phase_noise,31249980.1,2100.0,3.0,10,31250058.1,-91.38588715
1000000000.0,1146905830.5499647,phase_noise,31249980.1,2100.0,3.0,10,31250059.6,-90.83686829
1000000000.0,1146905830.5499647,phase_noise,31249980.1,2100.0,3.0,10,31250061.1,-91.01251221
1000000000.0,1146905830.5499647,phase_noise,31249980.1,2100.0,3.0,10,31250062.6,-91.11328888
1000000000.0,1146905830.5499647,phase_noise,31249980.1,2100.0,3.0,10,31250064.1,-89.45917511
1000000000.0,1146905830.5499647,phase_noise,31249980.1,2100.0,3.0,10,31250065.6,-89.12474823
1000000000.0,1146905830.5499647,phase_noise,31249980.1,2100.0,3.0,10,31250067.1,-90.65966797
1000000000.0,1146905830.5499647,phase_noise,31249980.1,2100.0,3.0,10,31250068.6,-90.27026367
1000000000.0,1146905830.5499647,phase_noise,31249980.1,2100.0,3.0,10,31250070.1,-89.27237701
1000000000.0,1146905830.5499647,phase_noise,31249980.1,2100.0,3.0,10,31250071.6,-90.66627502
1000000000.0,1146905830.5499647,phase_noise,31249980.1,2100.0,3.0,10,31250073.1,-92.13843536
1000000000.0,1146905830.5499647,phase_noise,31249980.1,2100.0,3.0,10,31250074.6,-92.04182434
1000000000.0,1146905830.5499647,phase_noise,31249980.1,2100.0,3.0,10,31250076.1,-92.03450012
1000000000.0,1146905830.5499647,phase_noise,31249980.1,2100.0,3.0,10,31250077.6,-90.78579712
1000000000.0,1146905830.5499647,phase_noise,31249980.1,2100.0,3.0,10,31250079.1,-88.64590454
1000000000.0,1146905830.5499647,phase_noise,31249980.1,2100.0,3.0,10,31250080.6,-87.030159
1000000000.0,1146905830.5499647,phase_noise,31249980.1,2100.0,3.0,10,31250082.1,-87.47793579
1000000000.0,1146905830.5499647,phase_noise,31249980.1,2100.0,3.0,10,31250083.6,-88.24407959
1000000000.0,1146905830.5499647,phase_noise,31249980.1,2100.0,3.0,10,31250085.1,-88.31512451
1000000000.0,1146905830.5499647,phase_noise,31249980.1,2100.0,3.0,10,31250086.6,-89.57698822
1000000000.0,1146905830.5499647,phase_noise,31249980.1,2100.0,3.0,10,31250088.1,-92.11555481
1000000000.0,1146905830.5499647,phase_noise,31249980.1,2100.0,3.0,10,31250089.6,-91.69228363
1000000000.0,1146905830.5499647,phase_noise,31249980.1,2100.0,3.0,10,31250091.1,-90.30203247
1000000000.0,1146905830.5499647,phase_noise,31249980.1,2100.0,3.0,10,31250092.6,-91.0327301
1000000000.0,1146905830.5499647,phase_noise,31249980.1,2100.0,3.0,10,31250094.1,-93.64982605
1000000000.0,1146905830.5499647,phase_noise,31249980.1,2100.0,3.0,10,31250095.6,-93.22524261
1000000000.0,1146905830.5499647,phase_noise,31249980.1,2100.0,3.0,10,31250097.1,-92.26412964
1000000000.0,1146905830.5499647,phase_noise,31249980.1,2100.0,3.0,10,31250098.6,-91.78879547
1000000000.0,1146905830.5499647,phase_noise,31249980.1,2100.0,3.0,10,31250100.1,-91.47821808
1000000000.0,1146905830.5499647,phase_noise,31249980.1,2100.0,3.0,10,31250101.6,-91.04439545
1000000000.0,1146905830.5499647,phase_noise,31249980.1,2100.0,3.0,10,31250103.1,-90.61850739
1000000000.0,1146905830.5499647,phase_noise,31249980.1,2100.0,3.0,10,31250104.6,-90.11756897
1000000000.0,1146905830.5499647,phase_noise,31249980.1,2100.0,3.0,10,31250106.1,-90.53450775
1000000000.0,1146905830.5499647,phase_noise,31249980.1,2100.0,3.0,10,31250107.6,-91.837677
1000000000.0,1146905830.5499647,phase_noise,31249980.1,2100.0,3.0,10,31250109.1,-92.3139267
1000000000.0,1146905830.5499647,phase_noise,31249980.1,2100.0,3.0,10,31250110.6,-92.23632812
1000000000.0,1146905830.5499647,phase_noise,31249980.1,2100.0,3.0,10,31250112.1,-91.058815
1000000000.0,1146905830.5499647,phase_noise,31249980.1,2100.0,3.0,10,31250113.6,-91.50993347
1000000000.0,1146905830.5499647,phase_noise,31249980.1,2100.0,3.0,10,31250115.1,-91.56118774
1000000000.0,1146905830.5499647,phase_noise,31249980.1,2100.0,3.0,10,31250116.6,-89.89352417
1000000000.0,1146905830.5499647,phase_noise,31249980.1,2100.0,3.0,10,31250118.1,-88.80522919
1000000000.0,1146905830.5499647,phase_noise,31249980.1,2100.0,3.0,10,31250119.6,-89.00102997
1000000000.0,1146905830.5499647,phase_noise,31249980.1,2100.0,3.0,10,31250121.1,-90.36027527
1000000000.0,1146905830.5499647,phase_noise,31249980.1,2100.0,3.0,10,31250122.6,-92.00069427
1000000000.0,1146905830.5499647,phase_noise,31249980.1,2100.0,3.0,10,31250124.1,-91.67457581
1000000000.0,1146905830.5499647,phase_noise,31249980.1,2100.0,3.0,10,31250125.6,-91.85568237
1000000000.0,1146905830.5499647,phase_noise,31249980.1,2100.0,3.0,10,31250127.1,-91.98323059
1000000000.0,1146905830.5499647,phase_noise,31249980.1,2100.0,3.0,10,31250128.6,-91.25698853
1000000000.0,1146905830.5499647,phase_noise,31249980.1,2100.0,3.0,10,31250130.1,-90.61534882
1000000000.0,1146905830.5499647,phase_noise,31249980.1,2100.0,3.0,10,31250131.6,-90.06748199
1000000000.0,1146905830.5499647,phase_noise,31249980.1,2100.0,3.0,10,31250133.1,-90.70362854
1000000000.0,1146905830.5499647,phase_noise,31249980.1,2100.0,3.0,10,31250134.6,-91.77632141
1000000000.0,1146905830.5499647,phase_noise,31249980.1,2100.0,3.0,10,31250136.1,-91.57814789
1000000000.0,1146905830.5499647,phase_noise,31249980.1,2100.0,3.0,10,31250137.6,-91.14762878
1000000000.0,1146905830.5499647,phase_noise,31249980.1,2100.0,3.0,10,31250139.1,-90.33564758
1000000000.0,1146905830.5499647,phase_noise,31249980.1,2100.0,3.0,10,31250140.6,-89.93548584
1000000000.0,1146905830.5499647,phase_noise,31249980.1,2100.0,3.0,10,31250142.1,-90.77168274
1000000000.0,1146905830.5499647,phase_noise,31249980.1,2100.0,3.0,10,31250143.6,-91.61811829
1000000000.0,1146905830.5499647,phase_noise,31249980.1,2100.0,3.0,10,31250145.1,-92.51306152
1000000000.0,1146905830.5499647,phase_noise,31249980.1,2100.0,3.0,10,31250146.6,-91.49526215
1000000000.0,1146905830.5499647,phase_noise,31249980.1,2100.0,3.0,10,31250148.1,-90.59833527
1000000000.0,1146905830.5499647,phase_noise,31249980.1,2100.0,3.0,10,31250149.6,-91.26455688
1000000000.0,1146905830.5499647,phase_noise,31249980.1,2100.0,3.0,10,31250151.1,-91.88465118
1000000000.0,1146905830.5499647,phase_noise,31249980.1,2100.0,3.0,10,31250152.6,-91.32678986
1000000000.0,1146905830.5499647,phase_noise,31249980.1,2100.0,3.0,10,31250154.1,-91.00660706
1000000000.0,1146905830.5499647,phase_noise,31249980.1,2100.0,3.0,10,31250155.6,-91.37259674
1000000000.0,1146905830.5499647,phase_noise,31249980.1,2100.0,3.0,10,31250157.1,-90.88617706
1000000000.0,1146905830.5499647,phase_noise,31249980.1,2100.0,3.0,10,31250158.6,-89.80738831
1000000000.0,1146905830.5499647,phase_noise,31249980.1,2100.0,3.0,10,31250160.1,-90.82898712
1000000000.0,1146905830.5499647,phase_noise,31249980.1,2100.0,3.0,10,31250161.6,-93.36981201
1000000000.0,1146905830.5499647,phase_noise,31249980.1,2100.0,3.0,10,31250163.1,-93.27059174
1000000000.0,1146905830.5499647,phase_noise,31249980.1,2100.0,3.0,10,31250164.6,-91.72728729
1000000000.0,1146905830.5499647,phase_noise,31249980.1,2100.0,3.0,10,31250166.1,-91.46943665
1000000000.0,1146905830.5499647,phase_noise,31249980.1,2100.0,3.0,10,31250167.6,-91.40405273
1000000000.0,1146905830.5499647,phase_noise,31249980.1,2100.0,3.0,10,31250169.1,-92.48349762
1000000000.0,1146905830.5499647,phase_noise,31249980.1,2100.0,3.0,10,31250170.6,-94.33792114
1000000000.0,1146905830.5499647,phase_noise,31249980.1,2100.0,3.0,10,31250172.1,-92.52709961
1000000000.0,1146905830.5499647,phase_noise,31249980.1,2100.0,3.0,10,31250173.6,-90.38379669
1000000000.0,1146905830.5499647,phase_noise,31249980.1,2100.0,3.0,10,31250175.1,-90.34628296
1000000000.0,1146905830.5499647,phase_noise,31249980.1,2100.0,3.0,10,31250176.6,-90.09745789
1000000000.0,1146905830.5499647,phase_noise,31249980.1,2100.0,3.0,10,31250178.1,-86.40926361
1000000000.0,1146905830.5499647,phase_noise,31249980.1,2100.0,3.0,10,31250179.6,-82.75031281
1000000000.0,1146905830.5499647,phase_noise,31249980.1,2100.0,3.0,10,31250181.1,-82.01298523
1000000000.0,1146905830.5499647,phase_noise,31249980.1,2100.0,3.0,10,31250182.6,-85.23339844
1000000000.0,1146905830.5499647,phase_noise,31249980.1,2100.0,3.0,10,31250184.1,-90.70558929
1000000000.0,1146905830.5499647,phase_noise,31249980.1,2100.0,3.0,10,31250185.6,-91.24133301
1000000000.0,1146905830.5499647,phase_noise,31249980.1,2100.0,3.0,10,31250187.1,-91.39253235
1000000000.0,1146905830.5499647,phase_noise,31249980.1,2100.0,3.0,10,31250188.6,-93.17646027
1000000000.0,1146905830.5499647,phase_noise,31249980.1,2100.0,3.0,10,31250190.1,-94.25831604
1000000000.0,1146905830.5499647,phase_noise,31249980.1,2100.0,3.0,10,31250191.6,-93.53186035
1000000000.0,1146905830.5499647,phase_noise,31249980.1,2100.0,3.0,10,31250193.1,-93.20061493
1000000000.0,1146905830.5499647,phase_noise,31249980.1,2100.0,3.0,10,31250194.6,-92.77178955
1000000000.0,1146905830.5499647,phase_noise,31249980.1,2100.0,3.0,10,31250196.1,-91.48209381
1000000000.0,1146905830.5499647,phase_noise,31249980.1,2100.0,3.0,10,31250197.6,-90.75132751
1000000000.0,1146905830.5499647,phase_noise,31249980.1,2100.0,3.0,10,31250199.1,-90.97344208
1000000000.0,1146905830.5499647,phase_noise,31249980.1,2100.0,3.0,10,31250200.6,-92.13143921
1000000000.0,1146905830.5499647,phase_noise,31249980.1,2100.0,3.0,10,31250202.1,-92.85476685
1000000000.0,1146905830.5499647,phase_noise,31249980.1,2100.0,3.0,10,31250203.6,-93.73809814
1000000000.0,1146905830.5499647,phase_noise,31249980.1,2100.0,3.0,10,31250205.1,-89.29507446
1000000000.0,1146905830.5499647,phase_noise,31249980.1,2100.0,3.0,10,31250206.6,-81.85325623
1000000000.0,1146905830.5499647,phase_noise,31249980.1,2100.0,3.0,10,31250208.1,-79.12415314
1000000000.0,1146905830.5499647,phase_noise,31249980.1,2100.0,3.0,10,31250209.6,-81.52002716
1000000000.0,1146905830.5499647,phase_noise,31249980.1,2100.0,3.0,10,31250211.1,-85.54853058
1000000000.0,1146905830.5499647,phase_noise,31249980.1,2100.0,3.0,10,31250212.6,-82.87583923
1000000000.0,1146905830.5499647,phase_noise,31249980.1,2100.0,3.0,10,31250214.1,-82.55889893
1000000000.0,1146905830.5499647,phase_noise,31249980.1,2100.0,3.0,10,31250215.6,-86.47749329
1000000000.0,1146905830.5499647,phase_noise,31249980.1,2100.0,3.0,10,31250217.1,-90.55897522
1000000000.0,1146905830.5499647,phase_noise,31249980.1,2100.0,3.0,10,31250218.6,-89.55979919
1000000000.0,1146905830.5499647,phase_noise,31249980.1,2100.0,3.0,10,31250220.1,-89.7048111
1000000000.0,1146905830.5499647,phase_noise,31249980.1,2100.0,3.0,10,31250221.6,-91.29841614
1000000000.0,1146905830.5499647,phase_noise,31249980.1,2100.0,3.0,10,31250223.1,-92.29463196
1000000000.0,1146905830.5499647,phase_noise,31249980.1,2100.0,3.0,10,31250224.6,-92.06319427
1000000000.0,1146905830.5499647,phase_noise,31249980.1,2100.0,3.0,10,31250226.1,-92.03931427
1000000000.0,1146905830.5499647,phase_noise,31249980.1,2100.0,3.0,10,31250227.6,-92.29979706
1000000000.0,1146905830.5499647,phase_noise,31249980.1,2100.0,3.0,10,31250229.1,-91.88071442
1000000000.0,1146905830.5499647,phase_noise,31249980.1,2100.0,3.0,10,31250230.6,-92.65052032
1000000000.0,1146905830.5499647,phase_noise,31249980.1,2100.0,3.0,10,31250232.1,-93.52713013
1000000000.0,1146905830.5499647,phase_noise,31249980.1,2100.0,3.0,10,31250233.6,-93.00926208
1000000000.0,1146905830.5499647,phase_noise,31249980.1,2100.0,3.0,10,31250235.1,-92.27767944
1000000000.0,1146905830.5499647,phase_noise,31249980.1,2100.0,3.0,10,31250236.6,-91.43930054
1000000000.0,1146905830.5499647,phase_noise,31249980.1,2100.0,3.0,10,31250238.1,-90.85346222
1000000000.0,1146905830.5499647,phase_noise,31249980.1,2100.0,3.0,10,31250239.6,-90.48313141
1000000000.0,1146905830.5499647,phase_noise,31249980.1,2100.0,3.0,10,31250241.1,-91.15716553
1000000000.0,1146905830.5499647,phase_noise,31249980.1,2100.0,3.0,10,31250242.6,-91.80387878
1000000000.0,1146905830.5499647,phase_noise,31249980.1,2100.0,3.0,10,31250244.1,-91.53775024
1000000000.0,1146905830.5499647,phase_noise,31249980.1,2100.0,3.0,10,31250245.6,-92.17747498
1000000000.0,1146905830.5499647,phase_noise,31249980.1,2100.0,3.0,10,31250247.1,-91.6082077
1000000000.0,1146905830.5499647,phase_noise,31249980.1,2100.0,3.0,10,31250248.6,-91.04740906
1000000000.0,1146905830.5499647,phase_noise,31249980.1,2100.0,3.0,10,31250250.1,-92.05353546
1000000000.0,1146905830.5499647,phase_noise,31249980.1,2100.0,3.0,10,31250251.6,-93.11701202
1000000000.0,1146905830.5499647,phase_noise,31249980.1,2100.0,3.0,10,31250253.1,-93.42562103
1000000000.0,1146905830.5499647,phase_noise,31249980.1,2100.0,3.0,10,31250254.6,-93.67536926
1000000000.0,1146905830.5499647,phase_noise,31249980.1,2100.0,3.0,10,31250256.1,-94.83724976
1000000000.0,1146905830.5499647,phase_noise,31249980.1,2100.0,3.0,10,31250257.6,-94.85481262
1000000000.0,1146905830.5499647,phase_noise,31249980.1,2100.0,3.0,10,31250259.1,-93.04132843
1000000000.0,1146905830.5499647,phase_noise,31249980.1,2100.0,3.0,10,31250260.6,-91.51097107
1000000000.0,1146905830.5499647,phase_noise,31249980.1,2100.0,3.0,10,31250262.1,-90.79105377
1000000000.0,1146905830.5499647,phase_noise,31249980.1,2100.0,3.0,10,31250263.6,-90.69235992
1000000000.0,1146905830.5499647,phase_noise,31249980.1,2100.0,3.0,10,31250265.1,-91.39894104
1000000000.0,1146905830.5499647,phase_noise,31249980.1,2100.0,3.0,10,31250266.6,-91.89070129
1000000000.0,1146905830.5499647,phase_noise,31249980.1,2100.0,3.0,10,31250268.1,-93.38895416
1000000000.0,1146905830.5499647,phase_noise,31249980.1,2100.0,3.0,10,31250269.6,-94.70606995
1000000000.0,1146905830.5499647,phase_noise,31249980.1,2100.0,3.0,10,31250271.1,-92.95696259
1000000000.0,1146905830.5499647,phase_noise,31249980.1,2100.0,3.0,10,31250272.6,-92.75747681
1000000000.0,1146905830.5499647,phase_noise,31249980.1,2100.0,3.0,10,31250274.1,-91.85093689
1000000000.0,1146905830.5499647,phase_noise,31249980.1,2100.0,3.0,10,31250275.6,-90.2826004
1000000000.0,1146905830.5499647,phase_noise,31249980.1,2100.0,3.0,10,31250277.1,-90.05224609
1000000000.0,1146905830.5499647,phase_noise,31249980.1,2100.0,3.0,10,31250278.6,-85.66165161
1000000000.0,1146905830.5499647,phase_noise,31249980.1,2100.0,3.0,10,31250280.1,-80.76239014
1000000000.0,1146905830.5499647,phase_noise,31249980.1,2100.0,3.0,10,31250281.6,-80.35987091
1000000000.0,1146905830.5499647,phase_noise,31249980.1,2100.0,3.0,10,31250283.1,-84.40923309
1000000000.0,1146905830.5499647,phase_noise,31249980.1,2100.0,3.0,10,31250284.6,-90.33891296
1000000000.0,1146905830.5499647,phase_noise,31249980.1,2100.0,3.0,10,31250286.1,-93.25462341
1000000000.0,1146905830.5499647,phase_noise,31249980.1,2100.0,3.0,10,31250287.6,-93.48027802
1000000000.0,1146905830.5499647,phase_noise,31249980.1,2100.0,3.0,10,31250289.1,-92.61842346
1000000000.0,1146905830.5499647,phase_noise,31249980.1,2100.0,3.0,10,31250290.6,-89.26815796
1000000000.0,1146905830.5499647,phase_noise,31249980.1,2100.0,3.0,10,31250292.1,-87.81710052
1000000000.0,1146905830.5499647,phase_noise,31249980.1,2100.0,3.0,10,31250293.6,-87.44430542
1000000000.0,1146905830.5499647,phase_noise,31249980.1,2100.0,3.0,10,31250295.1,-86.77229309
1000000000.0,1146905830.5499647,phase_noise,31249980.1,2100.0,3.0,10,31250296.6,-85.622612
1000000000.0,1146905830.5499647,phase_noise,31249980.1,2100.0,3.0,10,31250298.1,-86.345047
1000000000.0,1146905830.5499647,phase_noise,31249980.1,2100.0,3.0,10,31250299.6,-89.20838165
1000000000.0,1146905830.5499647,phase_noise,31249980.1,2100.0,3.0,10,31250301.1,-90.38528442
1000000000.0,1146905830.5499647,phase_noise,31249980.1,2100.0,3.0,10,31250302.6,-89.65453339
1000000000.0,1146905830.5499647,phase_noise,31249980.1,2100.0,3.0,10,31250304.1,-89.97028351
1000000000.0,1146905830.5499647,phase_noise,31249980.1,2100.0,3.0,10,31250305.6,-91.38562012
1000000000.0,1146905830.5499647,phase_noise,31249980.1,2100.0,3.0,10,31250307.1,-92.19125366
1000000000.0,1146905830.5499647,phase_noise,31249980.1,2100.0,3.0,10,31250308.6,-91.91204834
1000000000.0,1146905830.5499647,phase_noise,31249980.1,2100.0,3.0,10,31250310.1,-91.72489929
1000000000.0,1146905830.5499647,phase_noise,31249980.1,2100.0,3.0,10,31250311.6,-90.76837921
1000000000.0,1146905830.5499647,phase_noise,31249980.1,2100.0,3.0,10,31250313.1,-89.74493408
1000000000.0,1146905830.5499647,phase_noise,31249980.1,2100.0,3.0,10,31250314.6,-89.78153229
1000000000.0,1146905830.5499647,phase_noise,31249980.1,2100.0,3.0,10,31250316.1,-90.58452606
1000000000.0,1146905830.5499647,phase_noise,31249980.1,2100.0,3.0,10,31250317.6,-90.1736145
1000000000.0,1146905830.5499647,phase_noise,31249980.1,2100.0,3.0,10,31250319.1,-89.95688629
1000000000.0,1146905830.5499647,phase_noise,31249980.1,2100.0,3.0,10,31250320.6,-90.34296417
1000000000.0,1146905830.5499647,phase_noise,31249980.1,2100.0,3.0,10,31250322.1,-91.04384613
1000000000.0,1146905830.5499647,phase_noise,31249980.1,2100.0,3.0,10,31250323.6,-92.05712891
1000000000.0,1146905830.5499647,phase_noise,31249980.1,2100.0,3.0,10,31250325.1,-91.94715118
1000000000.0,1146905830.5499647,phase_noise,31249980.1,2100.0,3.0,10,31250326.6,-90.80699158
1000000000.0,1146905830.5499647,phase_noise,31249980.1,2100.0,3.0,10,31250328.1,-91.57602692
1000000000.0,1146905830.5499647,phase_noise,31249980.1,2100.0,3.0,10,31250329.6,-91.9619751
1000000000.0,1146905830.5499647,phase_noise,31249980.1,2100.0,3.0,10,31250331.1,-90.09915924
1000000000.0,1146905830.5499647,phase_noise,31249980.1,2100.0,3.0,10,31250332.6,-90.34642792
1000000000.0,1146905830.5499647,phase_noise,31249980.1,2100.0,3.0,10,31250334.1,-91.67990875
1000000000.0,1146905830.5499647,phase_noise,31249980.1,2100.0,3.0,10,31250335.6,-93.75817108
1000000000.0,1146905830.5499647,phase_noise,31249980.1,2100.0,3.0,10,31250337.1,-95.74330902
1000000000.0,1146905830.5499647,phase_noise,31249980.1,2100.0,3.0,10,31250338.6,-94.74884796
1000000000.0,1146905830.5499647,phase_noise,31249980.1,2100.0,3.0,10,31250340.1,-94.09331512
1000000000.0,1146905830.5499647,phase_noise,31249980.1,2100.0,3.0,10,31250341.6,-94.85694122
1000000000.0,1146905830.5499647,phase_noise,31249980.1,2100.0,3.0,10,31250343.1,-92.26084137
1000000000.0,1146905830.5499647,phase_noise,31249980.1,2100.0,3.0,10,31250344.6,-88.35803986
1000000000.0,1146905830.5499647,phase_noise,31249980.1,2100.0,3.0,10,31250346.1,-83.14546204
1000000000.0,1146905830.5499647,phase_noise,31249980.1,2100.0,3.0,10,31250347.6,-78.90720367
1000000000.0,1146905830.5499647,phase_noise,31249980.1,2100.0,3.0,10,31250349.1,-77.46575928
1000000000.0,1146905830.5499647,phase_noise,31249980.1,2100.0,3.0,10,31250350.6,-78.53761292
1000000000.0,1146905830.5499647,phase_noise,31249980.1,2100.0,3.0,10,31250352.1,-80.65293121
1000000000.0,1146905830.5499647,phase_noise,31249980.1,2100.0,3.0,10,31250353.6,-82.41882324
1000000000.0,1146905830.5499647,phase_noise,31249980.1,2100.0,3.0,10,31250355.1,-86.88307953
1000000000.0,1146905830.5499647,phase_noise,31249980.1,2100.0,3.0,10,31250356.6,-91.32634735
1000000000.0,1146905830.5499647,phase_noise,31249980.1,2100.0,3.0,10,31250358.1,-91.9227066
1000000000.0,1146905830.5499647,phase_noise,31249980.1,2100.0,3.0,10,31250359.6,-92.2351532
1000000000.0,1146905830.5499647,phase_noise,31249980.1,2100.0,3.0,10,31250361.1,-92.24118042
1000000000.0,1146905830.5499647,phase_noise,31249980.1,2100.0,3.0,10,31250362.6,-91.93383789
1000000000.0,1146905830.5499647,phase_noise,31249980.1,2100.0,3.0,10,31250364.1,-91.85823822
1000000000.0,1146905830.5499647,phase_noise,31249980.1,2100.0,3.0,10,31250365.6,-91.87785339
1000000000.0,1146905830.5499647,phase_noise,31249980.1,2100.0,3.0,10,31250367.1,-92.82848358
1000000000.0,1146905830.5499647,phase_noise,31249980.1,2100.0,3.0,10,31250368.6,-92.14524841
1000000000.0,1146905830.5499647,phase_noise,31249980.1,2100.0,3.0,10,31250370.1,-91.94231415
1000000000.0,1146905830.5499647,phase_noise,31249980.1,2100.0,3.0,10,31250371.6,-92.65633392
1000000000.0,1146905830.5499647,phase_noise,31249980.1,2100.0,3.0,10,31250373.1,-91.43347168
1000000000.0,1146905830.5499647,phase_noise,31249980.1,2100.0,3.0,10,31250374.6,-91.0187912
1000000000.0,1146905830.5499647,phase_noise,31249980.1,2100.0,3.0,10,31250376.1,-91.61373901
1000000000.0,1146905830.5499647,phase_noise,31249980.1,2100.0,3.0,10,31250377.6,-92.84255219
1000000000.0,1146905830.5499647,phase_noise,31249980.1,2100.0,3.0,10,31250379.1,-91.28436279
1000000000.0,1146905830.5499647,phase_noise,31249980.1,2100.0,3.0,10,31250380.6,-86.95601654
1000000000.0,1146905830.5499647,phase_noise,31249980.1,2100.0,3.0,10,31250382.1,-86.70397949
1000000000.0,1146905830.5499647,phase_noise,31249980.1,2100.0,3.0,10,31250383.6,-89.28144836
1000000000.0,1146905830.5499647,phase_noise,31249980.1,2100.0,3.0,10,31250385.1,-90.33419037
1000000000.0,1146905830.5499647,phase_noise,31249980.1,2100.0,3.0,10,31250386.6,-90.68212128
1000000000.0,1146905830.5499647,phase_noise,31249980.1,2100.0,3.0,10,31250388.1,-91.37326813
1000000000.0,1146905830.5499647,phase_noise,31249980.1,2100.0,3.0,10,31250389.6,-92.3336792
1000000000.0,1146905830.5499647,phase_noise,31249980.1,2100.0,3.0,10,31250391.1,-91.53297424
1000000000.0,1146905830.5499647,phase_noise,31249980.1,2100.0,3.0,10,31250392.6,-90.05664062
1000000000.0,1146905830.5499647,phase_noise,31249980.1,2100.0,3.0,10,31250394.1,-90.42694092
1000000000.0,1146905830.5499647,phase_noise,31249980.1,2100.0,3.0,10,31250395.6,-90.57975769
1000000000.0,1146905830.5499647,phase_noise,31249980.1,2100.0,3.0,10,31250397.1,-90.78065491
1000000000.0,1146905830.5499647,phase_noise,31249980.1,2100.0,3.0,10,31250398.6,-92.99777222
1000000000.0,1146905830.5499647,phase_noise,31249980.1,2100.0,3.0,10,31250400.1,-93.59333801
1000000000.0,1146905830.5499647,phase_noise,31249980.1,2100.0,3.0,10,31250401.6,-91.56337738
1000000000.0,1146905830.5499647,phase_noise,31249980.1,2100.0,3.0,10,31250403.1,-90.96088409
1000000000.0,1146905830.5499647,phase_noise,31249980.1,2100.0,3.0,10,31250404.6,-92.77061462
1000000000.0,1146905830.5499647,phase_noise,31249980.1,2100.0,3.0,10,31250406.1,-94.74028778
1000000000.0,1146905830.5499647,phase_noise,31249980.1,2100.0,3.0,10,31250407.6,-94.25187683
1000000000.0,1146905830.5499647,phase_noise,31249980.1,2100.0,3.0,10,31250409.1,-92.99504852
1000000000.0,1146905830.5499647,phase_noise,31249980.1,2100.0,3.0,10,31250410.6,-93.13781738
1000000000.0,1146905830.5499647,phase_noise,31249980.1,2100.0,3.0,10,31250412.1,-93.18376923
1000000000.0,1146905830.5499647,phase_noise,31249980.1,2100.0,3.0,10,31250413.6,-91.74259949
1000000000.0,1146905830.5499647,phase_noise,31249980.1,2100.0,3.0,10,31250415.1,-91.08866882
1000000000.0,1146905830.5499647,phase_noise,31249980.1,2100.0,3.0,10,31250416.6,-91.84464264
1000000000.0,1146905830.5499647,phase_noise,31249980.1,2100.0,3.0,10,31250418.1,-92.17956543
1000000000.0,1146905830.5499647,phase_noise,31249980.1,2100.0,3.0,10,31250419.6,-91.40952301
1000000000.0,1146905830.5499647,phase_noise,31249980.1,2100.0,3.0,10,31250421.1,-91.19901276
1000000000.0,1146905830.5499647,phase_noise,31249980.1,2100.0,3.0,10,31250422.6,-91.1869278
1000000000.0,1146905830.5499647,phase_noise,31249980.1,2100.0,3.0,10,31250424.1,-90.56291962
1000000000.0,1146905830.5499647,phase_noise,31249980.1,2100.0,3.0,10,31250425.6,-89.77243805
1000000000.0,1146905830.5499647,phase_noise,31249980.1,2100.0,3.0,10,31250427.1,-89.24593353
1000000000.0,1146905830.5499647,phase_noise,31249980.1,2100.0,3.0,10,31250428.6,-89.1787796
1000000000.0,1146905830.5499647,phase_noise,31249980.1,2100.0,3.0,10,31250430.1,-89.93438721
1000000000.0,1146905830.5499647,phase_noise,31249980.1,2100.0,3.0,10,31250431.6,-90.89325714
1000000000.0,1146905830.5499647,phase_noise,31249980.1,2100.0,3.0,10,31250433.1,-90.74626923
1000000000.0,1146905830.5499647,phase_noise,31249980.1,2100.0,3.0,10,31250434.6,-90.3376236
1000000000.0,1146905830.5499647,phase_noise,31249980.1,2100.0,3.0,10,31250436.1,-90.91899872
1000000000.0,1146905830.5499647,phase_noise,31249980.1,2100.0,3.0,10,31250437.6,-91.84902954
1000000000.0,1146905830.5499647,phase_noise,31249980.1,2100.0,3.0,10,31250439.1,-93.18083191
1000000000.0,1146905830.5499647,phase_noise,31249980.1,2100.0,3.0,10,31250440.6,-94.28387451
1000000000.0,1146905830.5499647,phase_noise,31249980.1,2100.0,3.0,10,31250442.1,-92.85832977
1000000000.0,1146905830.5499647,phase_noise,31249980.1,2100.0,3.0,10,31250443.6,-90.30551147
1000000000.0,1146905830.5499647,phase_noise,31249980.1,2100.0,3.0,10,31250445.1,-88.86759949
1000000000.0,1146905830.5499647,phase_noise,31249980.1,2100.0,3.0,10,31250446.6,-88.58008575
1000000000.0,1146905830.5499647,phase_noise,31249980.1,2100.0,3.0,10,31250448.1,-89.292099
1000000000.0,1146905830.5499647,phase_noise,31249980.1,2100.0,3.0,10,31250449.6,-89.86221313
1000000000.0,1146905830.5499647,phase_noise,31249980.1,2100.0,3.0,10,31250451.1,-89.92632294
1000000000.0,1146905830.5499647,phase_noise,31249980.1,2100.0,3.0,10,31250452.6,-90.42454529
1000000000.0,1146905830.5499647,phase_noise,31249980.1,2100.0,3.0,10,31250454.1,-91.85864258
1000000000.0,1146905830.5499647,phase_noise,31249980.1,2100.0,3.0,10,31250455.6,-91.2077713
1000000000.0,1146905830.5499647,phase_noise,31249980.1,2100.0,3.0,10,31250457.1,-90.50092316
1000000000.0,1146905830.5499647,phase_noise,31249980.1,2100.0,3.0,10,31250458.6,-90.96995544
1000000000.0,1146905830.5499647,phase_noise,31249980.1,2100.0,3.0,10,31250460.1,-91.50983429
1000000000.0,1146905830.5499647,phase_noise,31249980.1,2100.0,3.0,10,31250461.6,-91.90130615
1000000000.0,1146905830.5499647,phase_noise,31249980.1,2100.0,3.0,10,31250463.1,-90.92870331
1000000000.0,1146905830.5499647,phase_noise,31249980.1,2100.0,3.0,10,31250464.6,-90.19536591
1000000000.0,1146905830.5499647,phase_noise,31249980.1,2100.0,3.0,10,31250466.1,-91.41465759
1000000000.0,1146905830.5499647,phase_noise,31249980.1,2100.0,3.0,10,31250467.6,-92.98616028
1000000000.0,1146905830.5499647,phase_noise,31249980.1,2100.0,3.0,10,31250469.1,-91.362854
1000000000.0,1146905830.5499647,phase_noise,31249980.1,2100.0,3.0,10,31250470.6,-90.79864502
1000000000.0,1146905830.5499647,phase_noise,31249980.1,2100.0,3.0,10,31250472.1,-92.13498688
1000000000.0,1146905830.5499647,phase_noise,31249980.1,2100.0,3.0,10,31250473.6,-92.60889435
1000000000.0,1146905830.5499647,phase_noise,31249980.1,2100.0,3.0,10,31250475.1,-91.50809479
1000000000.0,1146905830.5499647,phase_noise,31249980.1,2100.0,3.0,10,31250476.6,-90.26756287
1000000000.0,1146905830.5499647,phase_noise,31249980.1,2100.0,3.0,10,31250478.1,-83.35935211
1000000000.0,1146905830.5499647,phase_noise,31249980.1,2100.0,3.0,10,31250479.6,-76.59104156
1000000000.0,1146905830.5499647,phase_noise,31249980.1,2100.0,3.0,10,31250481.1,-74.70479584
1000000000.0,1146905830.5499647,phase_noise,31249980.1,2100.0,3.0,10,31250482.6,-77.9710083
1000000000.0,1146905830.5499647,phase_noise,31249980.1,2100.0,3.0,10,31250484.1,-86.25675201
1000000000.0,1146905830.5499647,phase_noise,31249980.1,2100.0,3.0,10,31250485.6,-92.39941406
1000000000.0,1146905830.5499647,phase_noise,31249980.1,2100.0,3.0,10,31250487.1,-92.30544281
1000000000.0,1146905830.5499647,phase_noise,31249980.1,2100.0,3.0,10,31250488.6,-91.33316803
1000000000.0,1146905830.5499647,phase_noise,31249980.1,2100.0,3.0,10,31250490.1,-89.84040833
1000000000.0,1146905830.5499647,phase_noise,31249980.1,2100.0,3.0,10,31250491.6,-89.32323456
1000000000.0,1146905830.5499647,phase_noise,31249980.1,2100.0,3.0,10,31250493.1,-90.32997131
1000000000.0,1146905830.5499647,phase_noise,31249980.1,2100.0,3.0,10,31250494.6,-92.4912262
1000000000.0,1146905830.5499647,phase_noise,31249980.1,2100.0,3.0,10,31250496.1,-94.39537048
1000000000.0,1146905830.5499647,phase_noise,31249980.1,2100.0,3.0,10,31250497.6,-93.64968109
1000000000.0,1146905830.5499647,phase_noise,31249980.1,2100.0,3.0,10,31250499.1,-91.73273468
1000000000.0,1146905830.5499647,phase_noise,31249980.1,2100.0,3.0,10,31250500.6,-91.02307892
1000000000.0,1146905830.5499647,phase_noise,31249980.1,2100.0,3.0,10,31250502.1,-91.42501831
1000000000.0,1146905830.5499647,phase_noise,31249980.1,2100.0,3.0,10,31250503.6,-91.82486725
1000000000.0,1146905830.5499647,phase_noise,31249980.1,2100.0,3.0,10,31250505.1,-92.61200714
1000000000.0,1146905830.5499647,phase_noise,31249980.1,2100.0,3.0,10,31250506.6,-92.34754181
1000000000.0,1146905830.5499647,phase_noise,31249980.1,2100.0,3.0,10,31250508.1,-90.97158051
1000000000.0,1146905830.5499647,phase_noise,31249980.1,2100.0,3.0,10,31250509.6,-90.75853729
1000000000.0,1146905830.5499647,phase_noise,31249980.1,2100.0,3.0,10,31250511.1,-91.35800934
1000000000.0,1146905830.5499647,phase_noise,31249980.1,2100.0,3.0,10,31250512.6,-92.07653809
1000000000.0,1146905830.5499647,phase_noise,31249980.1,2100.0,3.0,10,31250514.1,-92.26370239
1000000000.0,1146905830.5499647,phase_noise,31249980.1,2100.0,3.0,10,31250515.6,-92.35186005
1000000000.0,1146905830.5499647,phase_noise,31249980.1,2100.0,3.0,10,31250517.1,-92.57263184
1000000000.0,1146905830.5499647,phase_noise,31249980.1,2100.0,3.0,10,31250518.6,-92.80612183
1000000000.0,1146905830.5499647,phase_noise,31249980.1,2100.0,3.0,10,31250520.1,-92.42126465
1000000000.0,1146905830.5499647,phase_noise,31249980.1,2100.0,3.0,10,31250521.6,-91.5772171
1000000000.0,1146905830.5499647,phase_noise,31249980.1,2100.0,3.0,10,31250523.1,-91.96826935
1000000000.0,1146905830.5499647,phase_noise,31249980.1,2100.0,3.0,10,31250524.6,-92.35500336
1000000000.0,1146905830.5499647,phase_noise,31249980.1,2100.0,3.0,10,31250526.1,-90.90357971
1000000000.0,1146905830.5499647,phase_noise,31249980.1,2100.0,3.0,10,31250527.6,-89.17353058
1000000000.0,1146905830.5499647,phase_noise,31249980.1,2100.0,3.0,10,31250529.1,-87.86210632
1000000000.0,1146905830.5499647,phase_noise,31249980.1,2100.0,3.0,10,31250530.6,-87.43759918
1000000000.0,1146905830.5499647,phase_noise,31249980.1,2100.0,3.0,10,31250532.1,-88.26786041
1000000000.0,1146905830.5499647,phase_noise,31249980.1,2100.0,3.0,10,31250533.6,-90.22094727
1000000000.0,1146905830.5499647,phase_noise,31249980.1,2100.0,3.0,10,31250535.1,-92.15762329
1000000000.0,1146905830.5499647,phase_noise,31249980.1,2100.0,3.0,10,31250536.6,-93.09933472
1000000000.0,1146905830.5499647,phase_noise,31249980.1,2100.0,3.0,10,31250538.1,-91.33275604
1000000000.0,1146905830.5499647,phase_noise,31249980.1,2100.0,3.0,10,31250539.6,-88.39503479
1000000000.0,1146905830.5499647,phase_noise,31249980.1,2100.0,3.0,10,31250541.1,-87.47827911
1000000000.0,1146905830.5499647,phase_noise,31249980.1,2100.0,3.0,10,31250542.6,-89.66324615
1000000000.0,1146905830.5499647,phase_noise,31249980.1,2100.0,3.0,10,31250544.1,-90.82849884
1000000000.0,1146905830.5499647,phase_noise,31249980.1,2100.0,3.0,10,31250545.6,-91.22820282
1000000000.0,1146905830.5499647,phase_noise,31249980.1,2100.0,3.0,10,31250547.1,-91.01774597
1000000000.0,1146905830.5499647,phase_noise,31249980.1,2100.0,3.0,10,31250548.6,-90.3625412
1000000000.0,1146905830.5499647,phase_noise,31249980.1,2100.0,3.0,10,31250550.1,-90.75417328
1000000000.0,1146905830.5499647,phase_noise,31249980.1,2100.0,3.0,10,31250551.6,-90.9550705
1000000000.0,1146905830.5499647,phase_noise,31249980.1,2100.0,3.0,10,31250553.1,-89.95037842
1000000000.0,1146905830.5499647,phase_noise,31249980.1,2100.0,3.0,10,31250554.6,-89.25963593
1000000000.0,1146905830.5499647,phase_noise,31249980.1,2100.0,3.0,10,31250556.1,-89.97969055
1000000000.0,1146905830.5499647,phase_noise,31249980.1,2100.0,3.0,10,31250557.6,-90.45548248
1000000000.0,1146905830.5499647,phase_noise,31249980.1,2100.0,3.0,10,31250559.1,-89.65170288
1000000000.0,1146905830.5499647,phase_noise,31249980.1,2100.0,3.0,10,31250560.6,-89.36370087
1000000000.0,1146905830.5499647,phase_noise,31249980.1,2100.0,3.0,10,31250562.1,-89.37567902
1000000000.0,1146905830.5499647,phase_noise,31249980.1,2100.0,3.0,10,31250563.6,-90.33483124
1000000000.0,1146905830.5499647,phase_noise,31249980.1,2100.0,3.0,10,31250565.1,-91.90306854
1000000000.0,1146905830.5499647,phase_noise,31249980.1,2100.0,3.0,10,31250566.6,-93.342453
1000000000.0,1146905830.5499647,phase_noise,31249980.1,2100.0,3.0,10,31250568.1,-94.05449677
1000000000.0,1146905830.5499647,phase_noise,31249980.1,2100.0,3.0,10,31250569.6,-91.43379974
1000000000.0,1146905830.5499647,phase_noise,31249980.1,2100.0,3.0,10,31250571.1,-89.4055481
1000000000.0,1146905830.5499647,phase_noise,31249980.1,2100.0,3.0,10,31250572.6,-90.02685547
1000000000.0,1146905830.5499647,phase_noise,31249980.1,2100.0,3.0,10,31250574.1,-92.64037323
1000000000.0,1146905830.5499647,phase_noise,31249980.1,2100.0,3.0,10,31250575.6,-92.93946075
1000000000.0,1146905830.5499647,phase_noise,31249980.1,2100.0,3.0,10,31250577.1,-92.02893829
1000000000.0,1146905830.5499647,phase_noise,31249980.1,2100.0,3.0,10,31250578.6,-89.94972992
1000000000.0,1146905830.5499647,phase_noise,31249980.1,2100.0,3.0,10,31250580.1,-86.40297699
1000000000.0,1146905830.5499647,phase_noise,31249980.1,2100.0,3.0,10,31250581.6,-85.61833191
1000000000.0,1146905830.5499647,phase_noise,31249980.1,2100.0,3.0,10,31250583.1,-88.66388702
1000000000.0,1146905830.5499647,phase_noise,31249980.1,2100.0,3.0,10,31250584.6,-92.85240173
1000000000.0,1146905830.5499647,phase_noise,31249980.1,2100.0,3.0,10,31250586.1,-93.6824646
1000000000.0,1146905830.5499647,phase_noise,31249980.1,2100.0,3.0,10,31250587.6,-93.9582901
1000000000.0,1146905830.5499647,phase_noise,31249980.1,2100.0,3.0,10,31250589.1,-93.19499207
1000000000.0,1146905830.5499647,phase_noise,31249980.1,2100.0,3.0,10,31250590.6,-91.97325897
1000000000.0,1146905830.5499647,phase_noise,31249980.1,2100.0,3.0,10,31250592.1,-91.83332062
1000000000.0,1146905830.5499647,phase_noise,31249980.1,2100.0,3.0,10,31250593.6,-92.21375275
1000000000.0,1146905830.5499647,phase_noise,31249980.1,2100.0,3.0,10,31250595.1,-92.62649536
1000000000.0,1146905830.5499647,phase_noise,31249980.1,2100.0,3.0,10,31250596.6,-92.93347168
1000000000.0,1146905830.5499647,phase_noise,31249980.1,2100.0,3.0,10,31250598.1,-92.12408447
1000000000.0,1146905830.5499647,phase_noise,31249980.1,2100.0,3.0,10,31250599.6,-91.97808075
1000000000.0,1146905830.5499647,phase_noise,31249980.1,2100.0,3.0,10,31250601.1,-91.13573456
1000000000.0,1146905830.5499647,phase_noise,31249980.1,2100.0,3.0,10,31250602.6,-90.82434082
1000000000.0,1146905830.5499647,phase_noise,31249980.1,2100.0,3.0,10,31250604.1,-90.33901215
1000000000.0,1146905830.5499647,phase_noise,31249980.1,2100.0,3.0,10,31250605.6,-89.18601227
1000000000.0,1146905830.5499647,phase_noise,31249980.1,2100.0,3.0,10,31250607.1,-89.41795349
1000000000.0,1146905830.5499647,phase_noise,31249980.1,2100.0,3.0,10,31250608.6,-89.71116638
1000000000.0,1146905830.5499647,phase_noise,31249980.1,2100.0,3.0,10,31250610.1,-90.37393188
1000000000.0,1146905830.5499647,phase_noise,31249980.1,2100.0,3.0,10,31250611.6,-90.03651428
1000000000.0,1146905830.5499647,phase_noise,31249980.1,2100.0,3.0,10,31250613.1,-89.23705292
1000000000.0,1146905830.5499647,phase_noise,31249980.1,2100.0,3.0,10,31250614.6,-89.87528992
1000000000.0,1146905830.5499647,phase_noise,31249980.1,2100.0,3.0,10,31250616.1,-91.79923248
1000000000.0,1146905830.5499647,phase_noise,31249980.1,2100.0,3.0,10,31250617.6,-92.82331848
1000000000.0,1146905830.5499647,phase_noise,31249980.1,2100.0,3.0,10,31250619.1,-92.16322327
1000000000.0,1146905830.5499647,phase_noise,31249980.1,2100.0,3.0,10,31250620.6,-91.96182251
1000000000.0,1146905830.5499647,phase_noise,31249980.1,2100.0,3.0,10,31250622.1,-93.56108856
1000000000.0,1146905830.5499647,phase_noise,31249980.1,2100.0,3.0,10,31250623.6,-93.53141022
1000000000.0,1146905830.5499647,phase_noise,31249980.1,2100.0,3.0,10,31250625.1,-93.45407104
1000000000.0,1146905830.5499647,phase_noise,31249980.1,2100.0,3.0,10,31250626.6,-93.49130249
1000000000.0,1146905830.5499647,phase_noise,31249980.1,2100.0,3.0,10,31250628.1,-92.54226685
1000000000.0,1146905830.5499647,phase_noise,31249980.1,2100.0,3.0,10,31250629.6,-91.60402679
1000000000.0,1146905830.5499647,phase_noise,31249980.1,2100.0,3.0,10,31250631.1,-90.90641022
1000000000.0,1146905830.5499647,phase_noise,31249980.1,2100.0,3.0,10,31250632.6,-91.58370209
1000000000.0,1146905830.5499647,phase_noise,31249980.1,2100.0,3.0,10,31250634.1,-92.99372864
1000000000.0,1146905830.5499647,phase_noise,31249980.1,2100.0,3.0,10,31250635.6,-93.06616974
1000000000.0,1146905830.5499647,phase_noise,31249980.1,2100.0,3.0,10,31250637.1,-92.90854645
1000000000.0,1146905830.5499647,phase_noise,31249980.1,2100.0,3.0,10,31250638.6,-93.57585144
1000000000.0,1146905830.5499647,phase_noise,31249980.1,2100.0,3.0,10,31250640.1,-93.91020203
1000000000.0,1146905830.5499647,phase_noise,31249980.1,2100.0,3.0,10,31250641.6,-92.5067749
1000000000.0,1146905830.5499647,phase_noise,31249980.1,2100.0,3.0,10,31250643.1,-90.55970764
1000000000.0,1146905830.5499647,phase_noise,31249980.1,2100.0,3.0,10,31250644.6,-89.38065338
1000000000.0,1146905830.5499647,phase_noise,31249980.1,2100.0,3.0,10,31250646.1,-88.97453308
1000000000.0,1146905830.5499647,phase_noise,31249980.1,2100.0,3.0,10,31250647.6,-90.26760864
1000000000.0,1146905830.5499647,phase_noise,31249980.1,2100.0,3.0,10,31250649.1,-93.25623322
1000000000.0,1146905830.5499647,phase_noise,31249980.1,2100.0,3.0,10,31250650.6,-92.43837738
1000000000.0,1146905830.5499647,phase_noise,31249980.1,2100.0,3.0,10,31250652.1,-91.2019043
1000000000.0,1146905830.5499647,phase_noise,31249980.1,2100.0,3.0,10,31250653.6,-91.25216675
1000000000.0,1146905830.5499647,phase_noise,31249980.1,2100.0,3.0,10,31250655.1,-91.70220184
1000000000.0,1146905830.5499647,phase_noise,31249980.1,2100.0,3.0,10,31250656.6,-91.42390442
1000000000.0,1146905830.5499647,phase_noise,31249980.1,2100.0,3.0,10,31250658.1,-90.73495483
1000000000.0,1146905830.5499647,phase_noise,31249980.1,2100.0,3.0,10,31250659.6,-90.70210266
1000000000.0,1146905830.5499647,phase_noise,31249980.1,2100.0,3.0,10,31250661.1,-90.72669983
1000000000.0,1146905830.5499647,phase_noise,31249980.1,2100.0,3.0,10,31250662.6,-90.60042572
1000000000.0,1146905830.5499647,phase_noise,31249980.1,2100.0,3.0,10,31250664.1,-90.90790558
1000000000.0,1146905830.5499647,phase_noise,31249980.1,2100.0,3.0,10,31250665.6,-92.89847565
1000000000.0,1146905830.5499647,phase_noise,31249980.1,2100.0,3.0,10,31250667.1,-94.45600128
1000000000.0,1146905830.5499647,phase_noise,31249980.1,2100.0,3.0,10,31250668.6,-93.59372711
1000000000.0,1146905830.5499647,phase_noise,31249980.1,2100.0,3.0,10,31250670.1,-93.01676178
1000000000.0,1146905830.5499647,phase_noise,31249980.1,2100.0,3.0,10,31250671.6,-92.07367706
1000000000.0,1146905830.5499647,phase_noise,31249980.1,2100.0,3.0,10,31250673.1,-89.64558411
1000000000.0,1146905830.5499647,phase_noise,31249980.1,2100.0,3.0,10,31250674.6,-89.12554932
1000000000.0,1146905830.5499647,phase_noise,31249980.1,2100.0,3.0,10,31250676.1,-90.26639557
1000000000.0,1146905830.5499647,phase_noise,31249980.1,2100.0,3.0,10,31250677.6,-91.40322113
1000000000.0,1146905830.5499647,phase_noise,31249980.1,2100.0,3.0,10,31250679.1,-91.71048737
1000000000.0,1146905830.5499647,phase_noise,31249980.1,2100.0,3.0,10,31250680.6,-90.00855255
1000000000.0,1146905830.5499647,phase_noise,31249980.1,2100.0,3.0,10,31250682.1,-89.25815582
1000000000.0,1146905830.5499647,phase_noise,31249980.1,2100.0,3.0,10,31250683.6,-90.82978058
1000000000.0,1146905830.5499647,phase_noise,31249980.1,2100.0,3.0,10,31250685.1,-92.85032654
1000000000.0,1146905830.5499647,phase_noise,31249980.1,2100.0,3.0,10,31250686.6,-94.78231049
1000000000.0,1146905830.5499647,phase_noise,31249980.1,2100.0,3.0,10,31250688.1,-95.48001862
1000000000.0,1146905830.5499647,phase_noise,31249980.1,2100.0,3.0,10,31250689.6,-92.78364563
1000000000.0,1146905830.5499647,phase_noise,31249980.1,2100.0,3.0,10,31250691.1,-91.4799881
1000000000.0,1146905830.5499647,phase_noise,31249980.1,2100.0,3.0,10,31250692.6,-91.77487946
1000000000.0,1146905830.5499647,phase_noise,31249980.1,2100.0,3.0,10,31250694.1,-93.18217468
1000000000.0,1146905830.5499647,phase_noise,31249980.1,2100.0,3.0,10,31250695.6,-93.59443665
1000000000.0,1146905830.5499647,phase_noise,31249980.1,2100.0,3.0,10,31250697.1,-91.86776733
1000000000.0,1146905830.5499647,phase_noise,31249980.1,2100.0,3.0,10,31250698.6,-90.86938477
1000000000.0,1146905830.5499647,phase_noise,31249980.1,2100.0,3.0,10,31250700.1,-91.35446167
1000000000.0,1146905830.5499647,phase_noise,31249980.1,2100.0,3.0,10,31250701.6,-91.72473145
1000000000.0,1146905830.5499647,phase_noise,31249980.1,2100.0,3.0,10,31250703.1,-90.94599915
1000000000.0,1146905830.5499647,phase_noise,31249980.1,2100.0,3.0,10,31250704.6,-90.71051025
1000000000.0,1146905830.5499647,phase_noise,31249980.1,2100.0,3.0,10,31250706.1,-90.57686615
1000000000.0,1146905830.5499647,phase_noise,31249980.1,2100.0,3.0,10,31250707.6,-91.04293823
1000000000.0,1146905830.5499647,phase_noise,31249980.1,2100.0,3.0,10,31250709.1,-92.37864685
1000000000.0,1146905830.5499647,phase_noise,31249980.1,2100.0,3.0,10,31250710.6,-93.2023468
1000000000.0,1146905830.5499647,phase_noise,31249980.1,2100.0,3.0,10,31250712.1,-93.10380554
1000000000.0,1146905830.5499647,phase_noise,31249980.1,2100.0,3.0,10,31250713.6,-93.13327026
1000000000.0,1146905830.5499647,phase_noise,31249980.1,2100.0,3.0,10,31250715.1,-92.77950287
1000000000.0,1146905830.5499647,phase_noise,31249980.1,2100.0,3.0,10,31250716.6,-91.05273437
1000000000.0,1146905830.5499647,phase_noise,31249980.1,2100.0,3.0,10,31250718.1,-89.70240784
1000000000.0,1146905830.5499647,phase_noise,31249980.1,2100.0,3.0,10,31250719.6,-90.09748077
1000000000.0,1146905830.5499647,phase_noise,31249980.1,2100.0,3.0,10,31250721.1,-91.83597565
1000000000.0,1146905830.5499647,phase_noise,31249980.1,2100.0,3.0,10,31250722.6,-93.41358948
1000000000.0,1146905830.5499647,phase_noise,31249980.1,2100.0,3.0,10,31250724.1,-92.41394806
1000000000.0,1146905830.5499647,phase_noise,31249980.1,2100.0,3.0,10,31250725.6,-89.68147278
1000000000.0,1146905830.5499647,phase_noise,31249980.1,2100.0,3.0,10,31250727.1,-89.25146484
1000000000.0,1146905830.5499647,phase_noise,31249980.1,2100.0,3.0,10,31250728.6,-90.99140167
1000000000.0,1146905830.5499647,phase_noise,31249980.1,2100.0,3.0,10,31250730.1,-92.0142746
1000000000.0,1146905830.5499647,phase_noise,31249980.1,2100.0,3.0,10,31250731.6,-91.95063782
1000000000.0,1146905830.5499647,phase_noise,31249980.1,2100.0,3.0,10,31250733.1,-91.7144928
1000000000.0,1146905830.5499647,phase_noise,31249980.1,2100.0,3.0,10,31250734.6,-90.62838745
1000000000.0,1146905830.5499647,phase_noise,31249980.1,2100.0,3.0,10,31250736.1,-89.94285583
1000000000.0,1146905830.5499647,phase_noise,31249980.1,2100.0,3.0,10,31250737.6,-91.08961487
1000000000.0,1146905830.5499647,phase_noise,31249980.1,2100.0,3.0,10,31250739.1,-93.26189423
1000000000.0,1146905830.5499647,phase_noise,31249980.1,2100.0,3.0,10,31250740.6,-93.55712891
1000000000.0,1146905830.5499647,phase_noise,31249980.1,2100.0,3.0,10,31250742.1,-92.60595703
1000000000.0,1146905830.5499647,phase_noise,31249980.1,2100.0,3.0,10,31250743.6,-91.25743866
1000000000.0,1146905830.5499647,phase_noise,31249980.1,2100.0,3.0,10,31250745.1,-91.62093353
1000000000.0,1146905830.5499647,phase_noise,31249980.1,2100.0,3.0,10,31250746.6,-92.6868515
1000000000.0,1146905830.5499647,phase_noise,31249980.1,2100.0,3.0,10,31250748.1,-92.32933807
1000000000.0,1146905830.5499647,phase_noise,31249980.1,2100.0,3.0,10,31250749.6,-90.84140778
1000000000.0,1146905830.5499647,phase_noise,31249980.1,2100.0,3.0,10,31250751.1,-90.0537796
1000000000.0,1146905830.5499647,phase_noise,31249980.1,2100.0,3.0,10,31250752.6,-90.05890656
1000000000.0,1146905830.5499647,phase_noise,31249980.1,2100.0,3.0,10,31250754.1,-90.08702087
1000000000.0,1146905830.5499647,phase_noise,31249980.1,2100.0,3.0,10,31250755.6,-90.57229614
1000000000.0,1146905830.5499647,phase_noise,31249980.1,2100.0,3.0,10,31250757.1,-90.68413544
1000000000.0,1146905830.5499647,phase_noise,31249980.1,2100.0,3.0,10,31250758.6,-91.54763031
1000000000.0,1146905830.5499647,phase_noise,31249980.1,2100.0,3.0,10,31250760.1,-92.32202911
1000000000.0,1146905830.5499647,phase_noise,31249980.1,2100.0,3.0,10,31250761.6,-90.92984009
1000000000.0,1146905830.5499647,phase_noise,31249980.1,2100.0,3.0,10,31250763.1,-90.77353668
1000000000.0,1146905830.5499647,phase_noise,31249980.1,2100.0,3.0,10,31250764.6,-91.93341064
1000000000.0,1146905830.5499647,phase_noise,31249980.1,2100.0,3.0,10,31250766.1,-92.63201904
1000000000.0,1146905830.5499647,phase_noise,31249980.1,2100.0,3.0,10,31250767.6,-92.45639038
1000000000.0,1146905830.5499647,phase_noise,31249980.1,2100.0,3.0,10,31250769.1,-91.13608551
1000000000.0,1146905830.5499647,phase_noise,31249980.1,2100.0,3.0,10,31250770.6,-89.72914124
1000000000.0,1146905830.5499647,phase_noise,31249980.1,2100.0,3.0,10,31250772.1,-89.12641907
1000000000.0,1146905830.5499647,phase_noise,31249980.1,2100.0,3.0,10,31250773.6,-88.91819
1000000000.0,1146905830.5499647,phase_noise,31249980.1,2100.0,3.0,10,31250775.1,-89.27852631
1000000000.0,1146905830.5499647,phase_noise,31249980.1,2100.0,3.0,10,31250776.6,-90.22092438
1000000000.0,1146905830.5499647,phase_noise,31249980.1,2100.0,3.0,10,31250778.1,-90.76835632
1000000000.0,1146905830.5499647,phase_noise,31249980.1,2100.0,3.0,10,31250779.6,-90.2041626
1000000000.0,1146905830.5499647,phase_noise,31249980.1,2100.0,3.0,10,31250781.1,-89.73030853
1000000000.0,1146905830.5499647,phase_noise,31249980.1,2100.0,3.0,10,31250782.6,-90.23989105
1000000000.0,1146905830.5499647,phase_noise,31249980.1,2100.0,3.0,10,31250784.1,-90.26514435
1000000000.0,1146905830.5499647,phase_noise,31249980.1,2100.0,3.0,10,31250785.6,-90.68452454
1000000000.0,1146905830.5499647,phase_noise,31249980.1,2100.0,3.0,10,31250787.1,-90.87547302
1000000000.0,1146905830.5499647,phase_noise,31249980.1,2100.0,3.0,10,31250788.6,-90.4223175
1000000000.0,1146905830.5499647,phase_noise,31249980.1,2100.0,3.0,10,31250790.1,-90.58110809
1000000000.0,1146905830.5499647,phase_noise,31249980.1,2100.0,3.0,10,31250791.6,-90.8713913
1000000000.0,1146905830.5499647,phase_noise,31249980.1,2100.0,3.0,10,31250793.1,-90.63923645
1000000000.0,1146905830.5499647,phase_noise,31249980.1,2100.0,3.0,10,31250794.6,-91.68862915
1000000000.0,1146905830.5499647,phase_noise,31249980.1,2100.0,3.0,10,31250796.1,-93.65664673
1000000000.0,1146905830.5499647,phase_noise,31249980.1,2100.0,3.0,10,31250797.6,-93.58968353
1000000000.0,1146905830.5499647,phase_noise,31249980.1,2100.0,3.0,10,31250799.1,-93.14539337
1000000000.0,1146905830.5499647,phase_noise,31249980.1,2100.0,3.0,10,31250800.6,-93.6986084
1000000000.0,1146905830.5499647,phase_noise,31249980.1,2100.0,3.0,10,31250802.1,-94.20346832
1000000000.0,1146905830.5499647,phase_noise,31249980.1,2100.0,3.0,10,31250803.6,-92.65028381
1000000000.0,1146905830.5499647,phase_noise,31249980.1,2100.0,3.0,10,31250805.1,-90.51520538
1000000000.0,1146905830.5499647,phase_noise,31249980.1,2100.0,3.0,10,31250806.6,-90.17662048
1000000000.0,1146905830.5499647,phase_noise,31249980.1,2100.0,3.0,10,31250808.1,-91.41340637
1000000000.0,1146905830.5499647,phase_noise,31249980.1,2100.0,3.0,10,31250809.6,-92.73142242
1000000000.0,1146905830.5499647,phase_noise,31249980.1,2100.0,3.0,10,31250811.1,-93.18678284
1000000000.0,1146905830.5499647,phase_noise,31249980.1,2100.0,3.0,10,31250812.6,-93.59073639
1000000000.0,1146905830.5499647,phase_noise,31249980.1,2100.0,3.0,10,31250814.1,-93.17456818
1000000000.0,1146905830.5499647,phase_noise,31249980.1,2100.0,3.0,10,31250815.6,-92.74089813
1000000000.0,1146905830.5499647,phase_noise,31249980.1,2100.0,3.0,10,31250817.1,-92.71839142
1000000000.0,1146905830.5499647,phase_noise,31249980.1,2100.0,3.0,10,31250818.6,-93.28060913
1000000000.0,1146905830.5499647,phase_noise,31249980.1,2100.0,3.0,10,31250820.1,-93.48297119
1000000000.0,1146905830.5499647,phase_noise,31249980.1,2100.0,3.0,10,31250821.6,-92.65872955
1000000000.0,1146905830.5499647,phase_noise,31249980.1,2100.0,3.0,10,31250823.1,-91.88381958
1000000000.0,1146905830.5499647,phase_noise,31249980.1,2100.0,3.0,10,31250824.6,-91.43344879
1000000000.0,1146905830.5499647,phase_noise,31249980.1,2100.0,3.0,10,31250826.1,-91.98691559
1000000000.0,1146905830.5499647,phase_noise,31249980.1,2100.0,3.0,10,31250827.6,-93.12957764
1000000000.0,1146905830.5499647,phase_noise,31249980.1,2100.0,3.0,10,31250829.1,-93.10676575
1000000000.0,1146905830.5499647,phase_noise,31249980.1,2100.0,3.0,10,31250830.6,-93.50694275
1000000000.0,1146905830.5499647,phase_noise,31249980.1,2100.0,3.0,10,31250832.1,-94.79616547
1000000000.0,1146905830.5499647,phase_noise,31249980.1,2100.0,3.0,10,31250833.6,-94.34293365
1000000000.0,1146905830.5499647,phase_noise,31249980.1,2100.0,3.0,10,31250835.1,-92.60243225
1000000000.0,1146905830.5499647,phase_noise,31249980.1,2100.0,3.0,10,31250836.6,-92.52661133
1000000000.0,1146905830.5499647,phase_noise,31249980.1,2100.0,3.0,10,31250838.1,-93.32372284
1000000000.0,1146905830.5499647,phase_noise,31249980.1,2100.0,3.0,10,31250839.6,-93.81477356
1000000000.0,1146905830.5499647,phase_noise,31249980.1,2100.0,3.0,10,31250841.1,-93.58283234
1000000000.0,1146905830.5499647,phase_noise,31249980.1,2100.0,3.0,10,31250842.6,-92.18579865
1000000000.0,1146905830.5499647,phase_noise,31249980.1,2100.0,3.0,10,31250844.1,-91.16134644
1000000000.0,1146905830.5499647,phase_noise,31249980.1,2100.0,3.0,10,31250845.6,-90.40775299
1000000000.0,1146905830.5499647,phase_noise,31249980.1,2100.0,3.0,10,31250847.1,-90.30274963
1000000000.0,1146905830.5499647,phase_noise,31249980.1,2100.0,3.0,10,31250848.6,-92.06069183
1000000000.0,1146905830.5499647,phase_noise,31249980.1,2100.0,3.0,10,31250850.1,-94.13078308
1000000000.0,1146905830.5499647,phase_noise,31249980.1,2100.0,3.0,10,31250851.6,-92.7886734
1000000000.0,1146905830.5499647,phase_noise,31249980.1,2100.0,3.0,10,31250853.1,-91.41932678
1000000000.0,1146905830.5499647,phase_noise,31249980.1,2100.0,3.0,10,31250854.6,-90.03986359
1000000000.0,1146905830.5499647,phase_noise,31249980.1,2100.0,3.0,10,31250856.1,-89.84883118
1000000000.0,1146905830.5499647,phase_noise,31249980.1,2100.0,3.0,10,31250857.6,-91.39080048
1000000000.0,1146905830.5499647,phase_noise,31249980.1,2100.0,3.0,10,31250859.1,-93.68388367
1000000000.0,1146905830.5499647,phase_noise,31249980.1,2100.0,3.0,10,31250860.6,-93.73803711
1000000000.0,1146905830.5499647,phase_noise,31249980.1,2100.0,3.0,10,31250862.1,-92.16511536
1000000000.0,1146905830.5499647,phase_noise,31249980.1,2100.0,3.0,10,31250863.6,-91.51979828
1000000000.0,1146905830.5499647,phase_noise,31249980.1,2100.0,3.0,10,31250865.1,-91.59255219
1000000000.0,1146905830.5499647,phase_noise,31249980.1,2100.0,3.0,10,31250866.6,-91.72175598
1000000000.0,1146905830.5499647,phase_noise,31249980.1,2100.0,3.0,10,31250868.1,-92.06864929
1000000000.0,1146905830.5499647,phase_noise,31249980.1,2100.0,3.0,10,31250869.6,-92.58686829
1000000000.0,1146905830.5499647,phase_noise,31249980.1,2100.0,3.0,10,31250871.1,-91.86914062
1000000000.0,1146905830.5499647,phase_noise,31249980.1,2100.0,3.0,10,31250872.6,-91.8507843
1000000000.0,1146905830.5499647,phase_noise,31249980.1,2100.0,3.0,10,31250874.1,-93.50683594
1000000000.0,1146905830.5499647,phase_noise,31249980.1,2100.0,3.0,10,31250875.6,-93.7247467
1000000000.0,1146905830.5499647,phase_noise,31249980.1,2100.0,3.0,10,31250877.1,-91.7285614
1000000000.0,1146905830.5499647,phase_noise,31249980.1,2100.0,3.0,10,31250878.6,-91.41213989
1000000000.0,1146905830.5499647,phase_noise,31249980.1,2100.0,3.0,10,31250880.1,-91.79259491
1000000000.0,1146905830.5499647,phase_noise,31249980.1,2100.0,3.0,10,31250881.6,-91.86726379
1000000000.0,1146905830.5499647,phase_noise,31249980.1,2100.0,3.0,10,31250883.1,-91.19309998
1000000000.0,1146905830.5499647,phase_noise,31249980.1,2100.0,3.0,10,31250884.6,-90.76422882
1000000000.0,1146905830.5499647,phase_noise,31249980.1,2100.0,3.0,10,31250886.1,-90.15293884
1000000000.0,1146905830.5499647,phase_noise,31249980.1,2100.0,3.0,10,31250887.6,-90.46617889
1000000000.0,1146905830.5499647,phase_noise,31249980.1,2100.0,3.0,10,31250889.1,-91.95623779
1000000000.0,1146905830.5499647,phase_noise,31249980.1,2100.0,3.0,10,31250890.6,-92.37497711
1000000000.0,1146905830.5499647,phase_noise,31249980.1,2100.0,3.0,10,31250892.1,-92.56071472
1000000000.0,1146905830.5499647,phase_noise,31249980.1,2100.0,3.0,10,31250893.6,-92.99362183
1000000000.0,1146905830.5499647,phase_noise,31249980.1,2100.0,3.0,10,31250895.1,-93.29438019
1000000000.0,1146905830.5499647,phase_noise,31249980.1,2100.0,3.0,10,31250896.6,-93.17618561
1000000000.0,1146905830.5499647,phase_noise,31249980.1,2100.0,3.0,10,31250898.1,-92.62503052
1000000000.0,1146905830.5499647,phase_noise,31249980.1,2100.0,3.0,10,31250899.6,-91.69676971
1000000000.0,1146905830.5499647,phase_noise,31249980.1,2100.0,3.0,10,31250901.1,-90.33686066
1000000000.0,1146905830.5499647,phase_noise,31249980.1,2100.0,3.0,10,31250902.6,-91.17294312
1000000000.0,1146905830.5499647,phase_noise,31249980.1,2100.0,3.0,10,31250904.1,-93.60679626
1000000000.0,1146905830.5499647,phase_noise,31249980.1,2100.0,3.0,10,31250905.6,-90.28022766
1000000000.0,1146905830.5499647,phase_noise,31249980.1,2100.0,3.0,10,31250907.1,-88.78208923
1000000000.0,1146905830.5499647,phase_noise,31249980.1,2100.0,3.0,10,31250908.6,-90.11500549
1000000000.0,1146905830.5499647,phase_noise,31249980.1,2100.0,3.0,10,31250910.1,-92.14451599
1000000000.0,1146905830.5499647,phase_noise,31249980.1,2100.0,3.0,10,31250911.6,-91.95951843
1000000000.0,1146905830.5499647,phase_noise,31249980.1,2100.0,3.0,10,31250913.1,-91.73406219
1000000000.0,1146905830.5499647,phase_noise,31249980.1,2100.0,3.0,10,31250914.6,-93.65026855
1000000000.0,1146905830.5499647,phase_noise,31249980.1,2100.0,3.0,10,31250916.1,-93.65960693
1000000000.0,1146905830.5499647,phase_noise,31249980.1,2100.0,3.0,10,31250917.6,-91.83821869
1000000000.0,1146905830.5499647,phase_noise,31249980.1,2100.0,3.0,10,31250919.1,-91.67398834
1000000000.0,1146905830.5499647,phase_noise,31249980.1,2100.0,3.0,10,31250920.6,-92.24028015
1000000000.0,1146905830.5499647,phase_noise,31249980.1,2100.0,3.0,10,31250922.1,-91.45990753
1000000000.0,1146905830.5499647,phase_noise,31249980.1,2100.0,3.0,10,31250923.6,-90.60732269
1000000000.0,1146905830.5499647,phase_noise,31249980.1,2100.0,3.0,10,31250925.1,-90.79397583
1000000000.0,1146905830.5499647,phase_noise,31249980.1,2100.0,3.0,10,31250926.6,-92.47785187
1000000000.0,1146905830.5499647,phase_noise,31249980.1,2100.0,3.0,10,31250928.1,-92.91308594
1000000000.0,1146905830.5499647,phase_noise,31249980.1,2100.0,3.0,10,31250929.6,-91.36399078
1000000000.0,1146905830.5499647,phase_noise,31249980.1,2100.0,3.0,10,31250931.1,-91.1902771
1000000000.0,1146905830.5499647,phase_noise,31249980.1,2100.0,3.0,10,31250932.6,-91.81427765
1000000000.0,1146905830.5499647,phase_noise,31249980.1,2100.0,3.0,10,31250934.1,-91.54640961
1000000000.0,1146905830.5499647,phase_noise,31249980.1,2100.0,3.0,10,31250935.6,-90.16846466
1000000000.0,1146905830.5499647,phase_noise,31249980.1,2100.0,3.0,10,31250937.1,-90.36933899
1000000000.0,1146905830.5499647,phase_noise,31249980.1,2100.0,3.0,10,31250938.6,-92.52883911
1000000000.0,1146905830.5499647,phase_noise,31249980.1,2100.0,3.0,10,31250940.1,-92.3602829
1000000000.0,1146905830.5499647,phase_noise,31249980.1,2100.0,3.0,10,31250941.6,-91.08519745
1000000000.0,1146905830.5499647,phase_noise,31249980.1,2100.0,3.0,10,31250943.1,-91.43725586
1000000000.0,1146905830.5499647,phase_noise,31249980.1,2100.0,3.0,10,31250944.6,-92.10600281
1000000000.0,1146905830.5499647,phase_noise,31249980.1,2100.0,3.0,10,31250946.1,-92.89160156
1000000000.0,1146905830.5499647,phase_noise,31249980.1,2100.0,3.0,10,31250947.6,-93.4858551
1000000000.0,1146905830.5499647,phase_noise,31249980.1,2100.0,3.0,10,31250949.1,-92.63826752
1000000000.0,1146905830.5499647,phase_noise,31249980.1,2100.0,3.0,10,31250950.6,-91.84216309
1000000000.0,1146905830.5499647,phase_noise,31249980.1,2100.0,3.0,10,31250952.1,-91.68556213
1000000000.0,1146905830.5499647,phase_noise,31249980.1,2100.0,3.0,10,31250953.6,-92.21372986
1000000000.0,1146905830.5499647,phase_noise,31249980.1,2100.0,3.0,10,31250955.1,-92.15435028
1000000000.0,1146905830.5499647,phase_noise,31249980.1,2100.0,3.0,10,31250956.6,-91.21833801
1000000000.0,1146905830.5499647,phase_noise,31249980.1,2100.0,3.0,10,31250958.1,-92.29511261
1000000000.0,1146905830.5499647,phase_noise,31249980.1,2100.0,3.0,10,31250959.6,-92.38550568
1000000000.0,1146905830.5499647,phase_noise,31249980.1,2100.0,3.0,10,31250961.1,-90.39920807
1000000000.0,1146905830.5499647,phase_noise,31249980.1,2100.0,3.0,10,31250962.6,-90.29441833
1000000000.0,1146905830.5499647,phase_noise,31249980.1,2100.0,3.0,10,31250964.1,-91.85653687
1000000000.0,1146905830.5499647,phase_noise,31249980.1,2100.0,3.0,10,31250965.6,-91.57658386
1000000000.0,1146905830.5499647,phase_noise,31249980.1,2100.0,3.0,10,31250967.1,-90.46076202
1000000000.0,1146905830.5499647,phase_noise,31249980.1,2100.0,3.0,10,31250968.6,-90.72103882
1000000000.0,1146905830.5499647,phase_noise,31249980.1,2100.0,3.0,10,31250970.1,-91.59998322
1000000000.0,1146905830.5499647,phase_noise,31249980.1,2100.0,3.0,10,31250971.6,-92.35895538
1000000000.0,1146905830.5499647,phase_noise,31249980.1,2100.0,3.0,10,31250973.1,-93.7489624
1000000000.0,1146905830.5499647,phase_noise,31249980.1,2100.0,3.0,10,31250974.6,-94.53114319
1000000000.0,1146905830.5499647,phase_noise,31249980.1,2100.0,3.0,10,31250976.1,-94.75540161
1000000000.0,1146905830.5499647,phase_noise,31249980.1,2100.0,3.0,10,31250977.6,-92.74584198
1000000000.0,1146905830.5499647,phase_noise,31249980.1,2100.0,3.0,10,31250979.1,-90.46903229
1000000000.0,1146905830.5499647,phase_noise,31249980.1,2100.0,3.0,10,31250980.6,-90.1434021
1000000000.0,1146905830.5499647,phase_noise,31249980.1,2100.0,3.0,10,31250982.1,-90.93961334
1000000000.0,1146905830.5499647,phase_noise,31249980.1,2100.0,3.0,10,31250983.6,-91.42048645
1000000000.0,1146905830.5499647,phase_noise,31249980.1,2100.0,3.0,10,31250985.1,-91.27880096
1000000000.0,1146905830.5499647,phase_noise,31249980.1,2100.0,3.0,10,31250986.6,-91.06833649
1000000000.0,1146905830.5499647,phase_noise,31249980.1,2100.0,3.0,10,31250988.1,-91.67293549
1000000000.0,1146905830.5499647,phase_noise,31249980.1,2100.0,3.0,10,31250989.6,-93.57723999
1000000000.0,1146905830.5499647,phase_noise,31249980.1,2100.0,3.0,10,31250991.1,-95.55368042
1000000000.0,1146905830.5499647,phase_noise,31249980.1,2100.0,3.0,10,31250992.6,-93.88527679
1000000000.0,1146905830.5499647,phase_noise,31249980.1,2100.0,3.0,10,31250994.1,-91.84281158
1000000000.0,1146905830.5499647,phase_noise,31249980.1,2100.0,3.0,10,31250995.6,-91.9317627
1000000000.0,1146905830.5499647,phase_noise,31249980.1,2100.0,3.0,10,31250997.1,-93.82397461
1000000000.0,1146905830.5499647,phase_noise,31249980.1,2100.0,3.0,10,31250998.6,-94.43658447
1000000000.0,1146905830.5499647,phase_noise,31249980.1,2100.0,3.0,10,31251000.1,-93.15091705
1000000000.0,1146905830.5499647,phase_noise,31249980.1,2100.0,3.0,10,31251001.6,-94.0079422
1000000000.0,1146905830.5499647,phase_noise,31249980.1,2100.0,3.0,10,31251003.1,-94.49549103
1000000000.0,1146905830.5499647,phase_noise,31249980.1,2100.0,3.0,10,31251004.6,-91.0956192
1000000000.0,1146905830.5499647,phase_noise,31249980.1,2100.0,3.0,10,31251006.1,-89.33621979
1000000000.0,1146905830.5499647,phase_noise,31249980.1,2100.0,3.0,10,31251007.6,-89.47589111
1000000000.0,1146905830.5499647,phase_noise,31249980.1,2100.0,3.0,10,31251009.1,-90.67662811
1000000000.0,1146905830.5499647,phase_noise,31249980.1,2100.0,3.0,10,31251010.6,-92.07819366
1000000000.0,1146905830.5499647,phase_noise,31249980.1,2100.0,3.0,10,31251012.1,-91.9422226
1000000000.0,1146905830.5499647,phase_noise,31249980.1,2100.0,3.0,10,31251013.6,-90.59568787
1000000000.0,1146905830.5499647,phase_noise,31249980.1,2100.0,3.0,10,31251015.1,-90.65821075
1000000000.0,1146905830.5499647,phase_noise,31249980.1,2100.0,3.0,10,31251016.6,-91.84510803
1000000000.0,1146905830.5499647,phase_noise,31249980.1,2100.0,3.0,10,31251018.1,-93.10243988
1000000000.0,1146905830.5499647,phase_noise,31249980.1,2100.0,3.0,10,31251019.6,-93.36762238
1000000000.0,1146905830.5499647,phase_noise,31249980.1,2100.0,3.0,10,31251021.1,-92.69325256
1000000000.0,1146905830.5499647,phase_noise,31249980.1,2100.0,3.0,10,31251022.6,-92.66803741
1000000000.0,1146905830.5499647,phase_noise,31249980.1,2100.0,3.0,10,31251024.1,-93.94239044
1000000000.0,1146905830.5499647,phase_noise,31249980.1,2100.0,3.0,10,31251025.6,-94.12924194
1000000000.0,1146905830.5499647,phase_noise,31249980.1,2100.0,3.0,10,31251027.1,-92.53803253
1000000000.0,1146905830.5499647,phase_noise,31249980.1,2100.0,3.0,10,31251028.6,-91.43855286
1000000000.0,1146905830.5499647,phase_noise,31249980.1,2100.0,3.0,10,31251030.1,-90.02429199
1000000000.0,1146905830.5499647,phase_noise,31249980.1,21000.0,30.0,10,31239480.1,-70.20211029
1000000000.0,1146905830.5499647,phase_noise,31249980.1,21000.0,30.0,10,31239495.1,-70.32949066
1000000000.0,1146905830.5499647,phase_noise,31249980.1,21000.0,30.0,10,31239510.1,-68.52030182
1000000000.0,1146905830.5499647,phase_noise,31249980.1,21000.0,30.0,10,31239525.1,-65.72360992
1000000000.0,1146905830.5499647,phase_noise,31249980.1,21000.0,30.0,10,31239540.1,-64.37987518
1000000000.0,1146905830.5499647,phase_noise,31249980.1,21000.0,30.0,10,31239555.1,-64.96469116
1000000000.0,1146905830.5499647,phase_noise,31249980.1,21000.0,30.0,10,31239570.1,-67.61388397
1000000000.0,1146905830.5499647,phase_noise,31249980.1,21000.0,30.0,10,31239585.1,-71.6807251
1000000000.0,1146905830.5499647,phase_noise,31249980.1,21000.0,30.0,10,31239600.1,-74.21439362
1000000000.0,1146905830.5499647,phase_noise,31249980.1,21000.0,30.0,10,31239615.1,-75.44686127
1000000000.0,1146905830.5499647,phase_noise,31249980.1,21000.0,30.0,10,31239630.1,-79.18745422
1000000000.0,1146905830.5499647,phase_noise,31249980.1,21000.0,30.0,10,31239645.1,-79.2948761
1000000000.0,1146905830.5499647,phase_noise,31249980.1,21000.0,30.0,10,31239660.1,-78.09413147
1000000000.0,1146905830.5499647,phase_noise,31249980.1,21000.0,30.0,10,31239675.1,-79.68408203
1000000000.0,1146905830.5499647,phase_noise,31249980.1,21000.0,30.0,10,31239690.1,-82.16469574
1000000000.0,1146905830.5499647,phase_noise,31249980.1,21000.0,30.0,10,31239705.1,-81.66704559
1000000000.0,1146905830.5499647,phase_noise,31249980.1,21000.0,30.0,10,31239720.1,-81.64612579
1000000000.0,1146905830.5499647,phase_noise,31249980.1,21000.0,30.0,10,31239735.1,-81.80425262
1000000000.0,1146905830.5499647,phase_noise,31249980.1,21000.0,30.0,10,31239750.1,-81.14105988
1000000000.0,1146905830.5499647,phase_noise,31249980.1,21000.0,30.0,10,31239765.1,-81.35527039
1000000000.0,1146905830.5499647,phase_noise,31249980.1,21000.0,30.0,10,31239780.1,-82.42596436
1000000000.0,1146905830.5499647,phase_noise,31249980.1,21000.0,30.0,10,31239795.1,-83.81758881
1000000000.0,1146905830.5499647,phase_noise,31249980.1,21000.0,30.0,10,31239810.1,-85.07363892
1000000000.0,1146905830.5499647,phase_noise,31249980.1,21000.0,30.0,10,31239825.1,-83.33096313
1000000000.0,1146905830.5499647,phase_noise,31249980.1,21000.0,30.0,10,31239840.1,-82.58807373
1000000000.0,1146905830.5499647,phase_noise,31249980.1,21000.0,30.0,10,31239855.1,-82.80264282
1000000000.0,1146905830.5499647,phase_noise,31249980.1,21000.0,30.0,10,31239870.1,-80.60196686
1000000000.0,1146905830.5499647,phase_noise,31249980.1,21000.0,30.0,10,31239885.1,-79.84793091
1000000000.0,1146905830.5499647,phase_noise,31249980.1,21000.0,30.0,10,31239900.1,-81.1916275
1000000000.0,1146905830.5499647,phase_noise,31249980.1,21000.0,30.0,10,31239915.1,-84.12848663
1000000000.0,1146905830.5499647,phase_noise,31249980.1,21000.0,30.0,10,31239930.1,-83.61903381
1000000000.0,1146905830.5499647,phase_noise,31249980.1,21000.0,30.0,10,31239945.1,-79.16426086
1000000000.0,1146905830.5499647,phase_noise,31249980.1,21000.0,30.0,10,31239960.1,-75.51332855
1000000000.0,1146905830.5499647,phase_noise,31249980.1,21000.0,30.0,10,31239975.1,-74.75292969
1000000000.0,1146905830.5499647,phase_noise,31249980.1,21000.0,30.0,10,31239990.1,-77.11233521
1000000000.0,1146905830.5499647,phase_noise,31249980.1,21000.0,30.0,10,31240005.1,-79.2387085
1000000000.0,1146905830.5499647,phase_noise,31249980.1,21000.0,30.0,10,31240020.1,-80.1089859
1000000000.0,1146905830.5499647,phase_noise,31249980.1,21000.0,30.0,10,31240035.1,-81.53121185
1000000000.0,1146905830.5499647,phase_noise,31249980.1,21000.0,30.0,10,31240050.1,-82.53377533
1000000000.0,1146905830.5499647,phase_noise,31249980.1,21000.0,30.0,10,31240065.1,-82.02625275
1000000000.0,1146905830.5499647,phase_noise,31249980.1,21000.0,30.0,10,31240080.1,-80.35436249
1000000000.0,1146905830.5499647,phase_noise,31249980.1,21000.0,30.0,10,31240095.1,-78.76194763
1000000000.0,1146905830.5499647,phase_noise,31249980.1,21000.0,30.0,10,31240110.1,-78.64485168
1000000000.0,1146905830.5499647,phase_noise,31249980.1,21000.0,30.0,10,31240125.1,-80.23027802
1000000000.0,1146905830.5499647,phase_noise,31249980.1,21000.0,30.0,10,31240140.1,-82.60501862
1000000000.0,1146905830.5499647,phase_noise,31249980.1,21000.0,30.0,10,31240155.1,-82.70876312
1000000000.0,1146905830.5499647,phase_noise,31249980.1,21000.0,30.0,10,31240170.1,-80.55436707
1000000000.0,1146905830.5499647,phase_noise,31249980.1,21000.0,30.0,10,31240185.1,-79.76154327
1000000000.0,1146905830.5499647,phase_noise,31249980.1,21000.0,30.0,10,31240200.1,-81.90710449
1000000000.0,1146905830.5499647,phase_noise,31249980.1,21000.0,30.0,10,31240215.1,-83.12791443
1000000000.0,1146905830.5499647,phase_noise,31249980.1,21000.0,30.0,10,31240230.1,-81.77648926
1000000000.0,1146905830.5499647,phase_noise,31249980.1,21000.0,30.0,10,31240245.1,-81.87969208
1000000000.0,1146905830.5499647,phase_noise,31249980.1,21000.0,30.0,10,31240260.1,-78.43832397
1000000000.0,1146905830.5499647,phase_noise,31249980.1,21000.0,30.0,10,31240275.1,-73.01504517
1000000000.0,1146905830.5499647,phase_noise,31249980.1,21000.0,30.0,10,31240290.1,-71.52790833
1000000000.0,1146905830.5499647,phase_noise,31249980.1,21000.0,30.0,10,31240305.1,-74.25617981
1000000000.0,1146905830.5499647,phase_noise,31249980.1,21000.0,30.0,10,31240320.1,-71.73399353
1000000000.0,1146905830.5499647,phase_noise,31249980.1,21000.0,30.0,10,31240335.1,-66.469841
1000000000.0,1146905830.5499647,phase_noise,31249980.1,21000.0,30.0,10,31240350.1,-66.05143738
1000000000.0,1146905830.5499647,phase_noise,31249980.1,21000.0,30.0,10,31240365.1,-70.62336731
1000000000.0,1146905830.5499647,phase_noise,31249980.1,21000.0,30.0,10,31240380.1,-78.05253601
1000000000.0,1146905830.5499647,phase_noise,31249980.1,21000.0,30.0,10,31240395.1,-82.20970154
1000000000.0,1146905830.5499647,phase_noise,31249980.1,21000.0,30.0,10,31240410.1,-85.63144684
1000000000.0,1146905830.5499647,phase_noise,31249980.1,21000.0,30.0,10,31240425.1,-86.15219116
1000000000.0,1146905830.5499647,phase_noise,31249980.1,21000.0,30.0,10,31240440.1,-85.42736053
1000000000.0,1146905830.5499647,phase_noise,31249980.1,21000.0,30.0,10,31240455.1,-84.32791901
1000000000.0,1146905830.5499647,phase_noise,31249980.1,21000.0,30.0,10,31240470.1,-83.2012558
1000000000.0,1146905830.5499647,phase_noise,31249980.1,21000.0,30.0,10,31240485.1,-82.23709869
1000000000.0,1146905830.5499647,phase_noise,31249980.1,21000.0,30.0,10,31240500.1,-80.64611816
1000000000.0,1146905830.5499647,phase_noise,31249980.1,21000.0,30.0,10,31240515.1,-80.4365921
1000000000.0,1146905830.5499647,phase_noise,31249980.1,21000.0,30.0,10,31240530.1,-80.35172272
1000000000.0,1146905830.5499647,phase_noise,31249980.1,21000.0,30.0,10,31240545.1,-80.04711151
1000000000.0,1146905830.5499647,phase_noise,31249980.1,21000.0,30.0,10,31240560.1,-79.5451355
1000000000.0,1146905830.5499647,phase_noise,31249980.1,21000.0,30.0,10,31240575.1,-79.97250366
1000000000.0,1146905830.5499647,phase_noise,31249980.1,21000.0,30.0,10,31240590.1,-81.26283264
1000000000.0,1146905830.5499647,phase_noise,31249980.1,21000.0,30.0,10,31240605.1,-82.28036499
1000000000.0,1146905830.5499647,phase_noise,31249980.1,21000.0,30.0,10,31240620.1,-82.26353455
1000000000.0,1146905830.5499647,phase_noise,31249980.1,21000.0,30.0,10,31240635.1,-80.82376099
1000000000.0,1146905830.5499647,phase_noise,31249980.1,21000.0,30.0,10,31240650.1,-80.23558044
1000000000.0,1146905830.5499647,phase_noise,31249980.1,21000.0,30.0,10,31240665.1,-81.10365295
1000000000.0,1146905830.5499647,phase_noise,31249980.1,21000.0,30.0,10,31240680.1,-81.58286285
1000000000.0,1146905830.5499647,phase_noise,31249980.1,21000.0,30.0,10,31240695.1,-81.02505493
1000000000.0,1146905830.5499647,phase_noise,31249980.1,21000.0,30.0,10,31240710.1,-81.51271057
1000000000.0,1146905830.5499647,phase_noise,31249980.1,21000.0,30.0,10,31240725.1,-81.47395325
1000000000.0,1146905830.5499647,phase_noise,31249980.1,21000.0,30.0,10,31240740.1,-80.50721741
1000000000.0,1146905830.5499647,phase_noise,31249980.1,21000.0,30.0,10,31240755.1,-80.77824402
1000000000.0,1146905830.5499647,phase_noise,31249980.1,21000.0,30.0,10,31240770.1,-81.514328
1000000000.0,1146905830.5499647,phase_noise,31249980.1,21000.0,30.0,10,31240785.1,-80.75045776
1000000000.0,1146905830.5499647,phase_noise,31249980.1,21000.0,30.0,10,31240800.1,-79.73431396
1000000000.0,1146905830.5499647,phase_noise,31249980.1,21000.0,30.0,10,31240815.1,-79.95189667
1000000000.0,1146905830.5499647,phase_noise,31249980.1,21000.0,30.0,10,31240830.1,-80.8008728
1000000000.0,1146905830.5499647,phase_noise,31249980.1,21000.0,30.0,10,31240845.1,-81.54395294
1000000000.0,1146905830.5499647,phase_noise,31249980.1,21000.0,30.0,10,31240860.1,-82.0692215
1000000000.0,1146905830.5499647,phase_noise,31249980.1,21000.0,30.0,10,31240875.1,-83.22362518
1000000000.0,1146905830.5499647,phase_noise,31249980.1,21000.0,30.0,10,31240890.1,-83.41600037
1000000000.0,1146905830.5499647,phase_noise,31249980.1,21000.0,30.0,10,31240905.1,-82.84693146
1000000000.0,1146905830.5499647,phase_noise,31249980.1,21000.0,30.0,10,31240920.1,-82.52767181
1000000000.0,1146905830.5499647,phase_noise,31249980.1,21000.0,30.0,10,31240935.1,-81.44406128
1000000000.0,1146905830.5499647,phase_noise,31249980.1,21000.0,30.0,10,31240950.1,-79.70765686
1000000000.0,1146905830.5499647,phase_noise,31249980.1,21000.0,30.0,10,31240965.1,-79.56986237
1000000000.0,1146905830.5499647,phase_noise,31249980.1,21000.0,30.0,10,31240980.1,-81.37471771
1000000000.0,1146905830.5499647,phase_noise,31249980.1,21000.0,30.0,10,31240995.1,-83.55384827
1000000000.0,1146905830.5499647,phase_noise,31249980.1,21000.0,30.0,10,31241010.1,-81.73942566
1000000000.0,1146905830.5499647,phase_noise,31249980.1,21000.0,30.0,10,31241025.1,-79.87854767
1000000000.0,1146905830.5499647,phase_noise,31249980.1,21000.0,30.0,10,31241040.1,-79.54393768
1000000000.0,1146905830.5499647,phase_noise,31249980.1,21000.0,30.0,10,31241055.1,-78.59129333
1000000000.0,1146905830.5499647,phase_noise,31249980.1,21000.0,30.0,10,31241070.1,-78.71300507
1000000000.0,1146905830.5499647,phase_noise,31249980.1,21000.0,30.0,10,31241085.1,-80.39241028
1000000000.0,1146905830.5499647,phase_noise,31249980.1,21000.0,30.0,10,31241100.1,-81.71535492
1000000000.0,1146905830.5499647,phase_noise,31249980.1,21000.0,30.0,10,31241115.1,-81.63710022
1000000000.0,1146905830.5499647,phase_noise,31249980.1,21000.0,30.0,10,31241130.1,-81.96700287
1000000000.0,1146905830.5499647,phase_noise,31249980.1,21000.0,30.0,10,31241145.1,-81.96697235
1000000000.0,1146905830.5499647,phase_noise,31249980.1,21000.0,30.0,10,31241160.1,-81.31413269
1000000000.0,1146905830.5499647,phase_noise,31249980.1,21000.0,30.0,10,31241175.1,-80.23939514
1000000000.0,1146905830.5499647,phase_noise,31249980.1,21000.0,30.0,10,31241190.1,-79.84468842
1000000000.0,1146905830.5499647,phase_noise,31249980.1,21000.0,30.0,10,31241205.1,-80.48307037
1000000000.0,1146905830.5499647,phase_noise,31249980.1,21000.0,30.0,10,31241220.1,-81.46052551
1000000000.0,1146905830.5499647,phase_noise,31249980.1,21000.0,30.0,10,31241235.1,-82.15714264
1000000000.0,1146905830.5499647,phase_noise,31249980.1,21000.0,30.0,10,31241250.1,-81.65288544
1000000000.0,1146905830.5499647,phase_noise,31249980.1,21000.0,30.0,10,31241265.1,-80.53371429
1000000000.0,1146905830.5499647,phase_noise,31249980.1,21000.0,30.0,10,31241280.1,-78.7973175
1000000000.0,1146905830.5499647,phase_noise,31249980.1,21000.0,30.0,10,31241295.1,-77.61427307
1000000000.0,1146905830.5499647,phase_noise,31249980.1,21000.0,30.0,10,31241310.1,-77.14196014
1000000000.0,1146905830.5499647,phase_noise,31249980.1,21000.0,30.0,10,31241325.1,-77.85316467
1000000000.0,1146905830.5499647,phase_noise,31249980.1,21000.0,30.0,10,31241340.1,-80.28761292
1000000000.0,1146905830.5499647,phase_noise,31249980.1,21000.0,30.0,10,31241355.1,-82.39147949
1000000000.0,1146905830.5499647,phase_noise,31249980.1,21000.0,30.0,10,31241370.1,-83.63126373
1000000000.0,1146905830.5499647,phase_noise,31249980.1,21000.0,30.0,10,31241385.1,-85.20812225
1000000000.0,1146905830.5499647,phase_noise,31249980.1,21000.0,30.0,10,31241400.1,-84.47707367
1000000000.0,1146905830.5499647,phase_noise,31249980.1,21000.0,30.0,10,31241415.1,-82.87258911
1000000000.0,1146905830.5499647,phase_noise,31249980.1,21000.0,30.0,10,31241430.1,-82.64294434
1000000000.0,1146905830.5499647,phase_noise,31249980.1,21000.0,30.0,10,31241445.1,-82.76953888
1000000000.0,1146905830.5499647,phase_noise,31249980.1,21000.0,30.0,10,31241460.1,-81.38459778
1000000000.0,1146905830.5499647,phase_noise,31249980.1,21000.0,30.0,10,31241475.1,-80.78794098
1000000000.0,1146905830.5499647,phase_noise,31249980.1,21000.0,30.0,10,31241490.1,-82.64546204
1000000000.0,1146905830.5499647,phase_noise,31249980.1,21000.0,30.0,10,31241505.1,-85.23542023
1000000000.0,1146905830.5499647,phase_noise,31249980.1,21000.0,30.0,10,31241520.1,-83.27984619
1000000000.0,1146905830.5499647,phase_noise,31249980.1,21000.0,30.0,10,31241535.1,-81.96676636
1000000000.0,1146905830.5499647,phase_noise,31249980.1,21000.0,30.0,10,31241550.1,-81.82356262
1000000000.0,1146905830.5499647,phase_noise,31249980.1,21000.0,30.0,10,31241565.1,-81.83991241
1000000000.0,1146905830.5499647,phase_noise,31249980.1,21000.0,30.0,10,31241580.1,-81.45294952
1000000000.0,1146905830.5499647,phase_noise,31249980.1,21000.0,30.0,10,31241595.1,-80.65085602
1000000000.0,1146905830.5499647,phase_noise,31249980.1,21000.0,30.0,10,31241610.1,-80.16111755
1000000000.0,1146905830.5499647,phase_noise,31249980.1,21000.0,30.0,10,31241625.1,-79.45114136
1000000000.0,1146905830.5499647,phase_noise,31249980.1,21000.0,30.0,10,31241640.1,-79.05831146
1000000000.0,1146905830.5499647,phase_noise,31249980.1,21000.0,30.0,10,31241655.1,-80.53929901
1000000000.0,1146905830.5499647,phase_noise,31249980.1,21000.0,30.0,10,31241670.1,-82.08680725
1000000000.0,1146905830.5499647,phase_noise,31249980.1,21000.0,30.0,10,31241685.1,-81.60730743
1000000000.0,1146905830.5499647,phase_noise,31249980.1,21000.0,30.0,10,31241700.1,-81.96305084
1000000000.0,1146905830.5499647,phase_noise,31249980.1,21000.0,30.0,10,31241715.1,-83.04680634
1000000000.0,1146905830.5499647,phase_noise,31249980.1,21000.0,30.0,10,31241730.1,-82.66869354
1000000000.0,1146905830.5499647,phase_noise,31249980.1,21000.0,30.0,10,31241745.1,-81.92191315
1000000000.0,1146905830.5499647,phase_noise,31249980.1,21000.0,30.0,10,31241760.1,-83.13150024
1000000000.0,1146905830.5499647,phase_noise,31249980.1,21000.0,30.0,10,31241775.1,-83.39806366
1000000000.0,1146905830.5499647,phase_noise,31249980.1,21000.0,30.0,10,31241790.1,-82.5220871
1000000000.0,1146905830.5499647,phase_noise,31249980.1,21000.0,30.0,10,31241805.1,-81.1811142
1000000000.0,1146905830.5499647,phase_noise,31249980.1,21000.0,30.0,10,31241820.1,-80.46529388
1000000000.0,1146905830.5499647,phase_noise,31249980.1,21000.0,30.0,10,31241835.1,-80.75480652
1000000000.0,1146905830.5499647,phase_noise,31249980.1,21000.0,30.0,10,31241850.1,-81.21025848
1000000000.0,1146905830.5499647,phase_noise,31249980.1,21000.0,30.0,10,31241865.1,-80.70503235
1000000000.0,1146905830.5499647,phase_noise,31249980.1,21000.0,30.0,10,31241880.1,-80.44770813
1000000000.0,1146905830.5499647,phase_noise,31249980.1,21000.0,30.0,10,31241895.1,-81.29956818
1000000000.0,1146905830.5499647,phase_noise,31249980.1,21000.0,30.0,10,31241910.1,-82.67478943
1000000000.0,1146905830.5499647,phase_noise,31249980.1,21000.0,30.0,10,31241925.1,-82.81261444
1000000000.0,1146905830.5499647,phase_noise,31249980.1,21000.0,30.0,10,31241940.1,-82.13829041
1000000000.0,1146905830.5499647,phase_noise,31249980.1,21000.0,30.0,10,31241955.1,-81.5100708
1000000000.0,1146905830.5499647,phase_noise,31249980.1,21000.0,30.0,10,31241970.1,-81.46808624
1000000000.0,1146905830.5499647,phase_noise,31249980.1,21000.0,30.0,10,31241985.1,-82.77828217
1000000000.0,1146905830.5499647,phase_noise,31249980.1,21000.0,30.0,10,31242000.1,-82.12564087
1000000000.0,1146905830.5499647,phase_noise,31249980.1,21000.0,30.0,10,31242015.1,-81.47169495
1000000000.0,1146905830.5499647,phase_noise,31249980.1,21000.0,30.0,10,31242030.1,-81.03028107
1000000000.0,1146905830.5499647,phase_noise,31249980.1,21000.0,30.0,10,31242045.1,-80.46835327
1000000000.0,1146905830.5499647,phase_noise,31249980.1,21000.0,30.0,10,31242060.1,-79.85106659
1000000000.0,1146905830.5499647,phase_noise,31249980.1,21000.0,30.0,10,31242075.1,-79.55764008
1000000000.0,1146905830.5499647,phase_noise,31249980.1,21000.0,30.0,10,31242090.1,-80.85087585
1000000000.0,1146905830.5499647,phase_noise,31249980.1,21000.0,30.0,10,31242105.1,-83.00430298
1000000000.0,1146905830.5499647,phase_noise,31249980.1,21000.0,30.0,10,31242120.1,-83.20407104
1000000000.0,1146905830.5499647,phase_noise,31249980.1,21000.0,30.0,10,31242135.1,-81.46492004
1000000000.0,1146905830.5499647,phase_noise,31249980.1,21000.0,30.0,10,31242150.1,-80.89646149
1000000000.0,1146905830.5499647,phase_noise,31249980.1,21000.0,30.0,10,31242165.1,-80.42801666
1000000000.0,1146905830.5499647,phase_noise,31249980.1,21000.0,30.0,10,31242180.1,-79.66439819
1000000000.0,1146905830.5499647,phase_noise,31249980.1,21000.0,30.0,10,31242195.1,-79.49376678
1000000000.0,1146905830.5499647,phase_noise,31249980.1,21000.0,30.0,10,31242210.1,-80.9162674
1000000000.0,1146905830.5499647,phase_noise,31249980.1,21000.0,30.0,10,31242225.1,-81.78632355
1000000000.0,1146905830.5499647,phase_noise,31249980.1,21000.0,30.0,10,31242240.1,-80.04989624
1000000000.0,1146905830.5499647,phase_noise,31249980.1,21000.0,30.0,10,31242255.1,-78.75849152
1000000000.0,1146905830.5499647,phase_noise,31249980.1,21000.0,30.0,10,31242270.1,-79.19526672
1000000000.0,1146905830.5499647,phase_noise,31249980.1,21000.0,30.0,10,31242285.1,-80.79579163
1000000000.0,1146905830.5499647,phase_noise,31249980.1,21000.0,30.0,10,31242300.1,-81.96051025
1000000000.0,1146905830.5499647,phase_noise,31249980.1,21000.0,30.0,10,31242315.1,-81.10728455
1000000000.0,1146905830.5499647,phase_noise,31249980.1,21000.0,30.0,10,31242330.1,-80.8813324
1000000000.0,1146905830.5499647,phase_noise,31249980.1,21000.0,30.0,10,31242345.1,-81.58722687
1000000000.0,1146905830.5499647,phase_noise,31249980.1,21000.0,30.0,10,31242360.1,-81.26636505
1000000000.0,1146905830.5499647,phase_noise,31249980.1,21000.0,30.0,10,31242375.1,-80.95289612
1000000000.0,1146905830.5499647,phase_noise,31249980.1,21000.0,30.0,10,31242390.1,-81.27089691
1000000000.0,1146905830.5499647,phase_noise,31249980.1,21000.0,30.0,10,31242405.1,-82.3004303
1000000000.0,1146905830.5499647,phase_noise,31249980.1,21000.0,30.0,10,31242420.1,-82.80065918
1000000000.0,1146905830.5499647,phase_noise,31249980.1,21000.0,30.0,10,31242435.1,-82.77303314
1000000000.0,1146905830.5499647,phase_noise,31249980.1,21000.0,30.0,10,31242450.1,-82.45122528
1000000000.0,1146905830.5499647,phase_noise,31249980.1,21000.0,30.0,10,31242465.1,-81.54415131
1000000000.0,1146905830.5499647,phase_noise,31249980.1,21000.0,30.0,10,31242480.1,-81.10952759
1000000000.0,1146905830.5499647,phase_noise,31249980.1,21000.0,30.0,10,31242495.1,-81.46781158
1000000000.0,1146905830.5499647,phase_noise,31249980.1,21000.0,30.0,10,31242510.1,-81.09764862
1000000000.0,1146905830.5499647,phase_noise,31249980.1,21000.0,30.0,10,31242525.1,-80.90039062
1000000000.0,1146905830.5499647,phase_noise,31249980.1,21000.0,30.0,10,31242540.1,-82.7263031
1000000000.0,1146905830.5499647,phase_noise,31249980.1,21000.0,30.0,10,31242555.1,-84.91110992
1000000000.0,1146905830.5499647,phase_noise,31249980.1,21000.0,30.0,10,31242570.1,-83.13352203
1000000000.0,1146905830.5499647,phase_noise,31249980.1,21000.0,30.0,10,31242585.1,-81.05690765
1000000000.0,1146905830.5499647,phase_noise,31249980.1,21000.0,30.0,10,31242600.1,-79.77869415
1000000000.0,1146905830.5499647,phase_noise,31249980.1,21000.0,30.0,10,31242615.1,-80.25794983
1000000000.0,1146905830.5499647,phase_noise,31249980.1,21000.0,30.0,10,31242630.1,-82.15008545
1000000000.0,1146905830.5499647,phase_noise,31249980.1,21000.0,30.0,10,31242645.1,-84.13497925
1000000000.0,1146905830.5499647,phase_noise,31249980.1,21000.0,30.0,10,31242660.1,-85.6516571
1000000000.0,1146905830.5499647,phase_noise,31249980.1,21000.0,30.0,10,31242675.1,-85.17660522
1000000000.0,1146905830.5499647,phase_noise,31249980.1,21000.0,30.0,10,31242690.1,-83.32785034
1000000000.0,1146905830.5499647,phase_noise,31249980.1,21000.0,30.0,10,31242705.1,-81.23591614
1000000000.0,1146905830.5499647,phase_noise,31249980.1,21000.0,30.0,10,31242720.1,-80.35254669
1000000000.0,1146905830.5499647,phase_noise,31249980.1,21000.0,30.0,10,31242735.1,-80.99513245
1000000000.0,1146905830.5499647,phase_noise,31249980.1,21000.0,30.0,10,31242750.1,-83.07051849
1000000000.0,1146905830.5499647,phase_noise,31249980.1,21000.0,30.0,10,31242765.1,-86.50295258
1000000000.0,1146905830.5499647,phase_noise,31249980.1,21000.0,30.0,10,31242780.1,-85.10805511
1000000000.0,1146905830.5499647,phase_noise,31249980.1,21000.0,30.0,10,31242795.1,-81.91132355
1000000000.0,1146905830.5499647,phase_noise,31249980.1,21000.0,30.0,10,31242810.1,-80.80238342
1000000000.0,1146905830.5499647,phase_noise,31249980.1,21000.0,30.0,10,31242825.1,-80.75611877
1000000000.0,1146905830.5499647,phase_noise,31249980.1,21000.0,30.0,10,31242840.1,-80.59915161
1000000000.0,1146905830.5499647,phase_noise,31249980.1,21000.0,30.0,10,31242855.1,-81.29753876
1000000000.0,1146905830.5499647,phase_noise,31249980.1,21000.0,30.0,10,31242870.1,-81.92613983
1000000000.0,1146905830.5499647,phase_noise,31249980.1,21000.0,30.0,10,31242885.1,-81.77735138
1000000000.0,1146905830.5499647,phase_noise,31249980.1,21000.0,30.0,10,31242900.1,-81.38123322
1000000000.0,1146905830.5499647,phase_noise,31249980.1,21000.0,30.0,10,31242915.1,-81.77402496
1000000000.0,1146905830.5499647,phase_noise,31249980.1,21000.0,30.0,10,31242930.1,-82.63508606
1000000000.0,1146905830.5499647,phase_noise,31249980.1,21000.0,30.0,10,31242945.1,-81.89048004
1000000000.0,1146905830.5499647,phase_noise,31249980.1,21000.0,30.0,10,31242960.1,-82.3844986
1000000000.0,1146905830.5499647,phase_noise,31249980.1,21000.0,30.0,10,31242975.1,-84.98459625
1000000000.0,1146905830.5499647,phase_noise,31249980.1,21000.0,30.0,10,31242990.1,-85.51511383
1000000000.0,1146905830.5499647,phase_noise,31249980.1,21000.0,30.0,10,31243005.1,-83.26820374
1000000000.0,1146905830.5499647,phase_noise,31249980.1,21000.0,30.0,10,31243020.1,-82.32580566
1000000000.0,1146905830.5499647,phase_noise,31249980.1,21000.0,30.0,10,31243035.1,-81.13408661
1000000000.0,1146905830.5499647,phase_noise,31249980.1,21000.0,30.0,10,31243050.1,-80.70666504
1000000000.0,1146905830.5499647,phase_noise,31249980.1,21000.0,30.0,10,31243065.1,-81.37487793
1000000000.0,1146905830.5499647,phase_noise,31249980.1,21000.0,30.0,10,31243080.1,-81.6242218
1000000000.0,1146905830.5499647,phase_noise,31249980.1,21000.0,30.0,10,31243095.1,-81.73383331
1000000000.0,1146905830.5499647,phase_noise,31249980.1,21000.0,30.0,10,31243110.1,-82.39432526
1000000000.0,1146905830.5499647,phase_noise,31249980.1,21000.0,30.0,10,31243125.1,-82.31303406
1000000000.0,1146905830.5499647,phase_noise,31249980.1,21000.0,30.0,10,31243140.1,-81.78905487
1000000000.0,1146905830.5499647,phase_noise,31249980.1,21000.0,30.0,10,31243155.1,-81.9479599
1000000000.0,1146905830.5499647,phase_noise,31249980.1,21000.0,30.0,10,31243170.1,-81.74860382
1000000000.0,1146905830.5499647,phase_noise,31249980.1,21000.0,30.0,10,31243185.1,-81.29049683
1000000000.0,1146905830.5499647,phase_noise,31249980.1,21000.0,30.0,10,31243200.1,-80.90083313
1000000000.0,1146905830.5499647,phase_noise,31249980.1,21000.0,30.0,10,31243215.1,-79.19307709
1000000000.0,1146905830.5499647,phase_noise,31249980.1,21000.0,30.0,10,31243230.1,-78.95624542
1000000000.0,1146905830.5499647,phase_noise,31249980.1,21000.0,30.0,10,31243245.1,-81.41993713
1000000000.0,1146905830.5499647,phase_noise,31249980.1,21000.0,30.0,10,31243260.1,-83.71579742
1000000000.0,1146905830.5499647,phase_noise,31249980.1,21000.0,30.0,10,31243275.1,-82.0714798
1000000000.0,1146905830.5499647,phase_noise,31249980.1,21000.0,30.0,10,31243290.1,-80.76403809
1000000000.0,1146905830.5499647,phase_noise,31249980.1,21000.0,30.0,10,31243305.1,-80.67016602
1000000000.0,1146905830.5499647,phase_noise,31249980.1,21000.0,30.0,10,31243320.1,-81.2624054
1000000000.0,1146905830.5499647,phase_noise,31249980.1,21000.0,30.0,10,31243335.1,-81.45760345
1000000000.0,1146905830.5499647,phase_noise,31249980.1,21000.0,30.0,10,31243350.1,-81.05821228
1000000000.0,1146905830.5499647,phase_noise,31249980.1,21000.0,30.0,10,31243365.1,-81.13188934
1000000000.0,1146905830.5499647,phase_noise,31249980.1,21000.0,30.0,10,31243380.1,-82.38409424
1000000000.0,1146905830.5499647,phase_noise,31249980.1,21000.0,30.0,10,31243395.1,-83.02829742
1000000000.0,1146905830.5499647,phase_noise,31249980.1,21000.0,30.0,10,31243410.1,-81.26779938
1000000000.0,1146905830.5499647,phase_noise,31249980.1,21000.0,30.0,10,31243425.1,-79.98361206
1000000000.0,1146905830.5499647,phase_noise,31249980.1,21000.0,30.0,10,31243440.1,-79.73384094
1000000000.0,1146905830.5499647,phase_noise,31249980.1,21000.0,30.0,10,31243455.1,-82.23091888
1000000000.0,1146905830.5499647,phase_noise,31249980.1,21000.0,30.0,10,31243470.1,-87.22537231
1000000000.0,1146905830.5499647,phase_noise,31249980.1,21000.0,30.0,10,31243485.1,-84.45794678
1000000000.0,1146905830.5499647,phase_noise,31249980.1,21000.0,30.0,10,31243500.1,-80.77966309
1000000000.0,1146905830.5499647,phase_noise,31249980.1,21000.0,30.0,10,31243515.1,-78.93714142
1000000000.0,1146905830.5499647,phase_noise,31249980.1,21000.0,30.0,10,31243530.1,-78.89250946
1000000000.0,1146905830.5499647,phase_noise,31249980.1,21000.0,30.0,10,31243545.1,-80.13367462
1000000000.0,1146905830.5499647,phase_noise,31249980.1,21000.0,30.0,10,31243560.1,-81.04001617
1000000000.0,1146905830.5499647,phase_noise,31249980.1,21000.0,30.0,10,31243575.1,-81.04650116
1000000000.0,1146905830.5499647,phase_noise,31249980.1,21000.0,30.0,10,31243590.1,-81.13870239
1000000000.0,1146905830.5499647,phase_noise,31249980.1,21000.0,30.0,10,31243605.1,-80.16200256
1000000000.0,1146905830.5499647,phase_noise,31249980.1,21000.0,30.0,10,31243620.1,-79.23383331
1000000000.0,1146905830.5499647,phase_noise,31249980.1,21000.0,30.0,10,31243635.1,-79.23651123
1000000000.0,1146905830.5499647,phase_noise,31249980.1,21000.0,30.0,10,31243650.1,-80.02994537
1000000000.0,1146905830.5499647,phase_noise,31249980.1,21000.0,30.0,10,31243665.1,-81.10663605
1000000000.0,1146905830.5499647,phase_noise,31249980.1,21000.0,30.0,10,31243680.1,-80.90969086
1000000000.0,1146905830.5499647,phase_noise,31249980.1,21000.0,30.0,10,31243695.1,-79.92726898
1000000000.0,1146905830.5499647,phase_noise,31249980.1,21000.0,30.0,10,31243710.1,-79.84091187
1000000000.0,1146905830.5499647,phase_noise,31249980.1,21000.0,30.0,10,31243725.1,-81.3814621
1000000000.0,1146905830.5499647,phase_noise,31249980.1,21000.0,30.0,10,31243740.1,-82.2970047
1000000000.0,1146905830.5499647,phase_noise,31249980.1,21000.0,30.0,10,31243755.1,-82.78741455
1000000000.0,1146905830.5499647,phase_noise,31249980.1,21000.0,30.0,10,31243770.1,-82.80992126
1000000000.0,1146905830.5499647,phase_noise,31249980.1,21000.0,30.0,10,31243785.1,-82.78781891
1000000000.0,1146905830.5499647,phase_noise,31249980.1,21000.0,30.0,10,31243800.1,-83.29376984
1000000000.0,1146905830.5499647,phase_noise,31249980.1,21000.0,30.0,10,31243815.1,-83.76174927
1000000000.0,1146905830.5499647,phase_noise,31249980.1,21000.0,30.0,10,31243830.1,-84.3588562
1000000000.0,1146905830.5499647,phase_noise,31249980.1,21000.0,30.0,10,31243845.1,-84.56499481
1000000000.0,1146905830.5499647,phase_noise,31249980.1,21000.0,30.0,10,31243860.1,-81.9577713
1000000000.0,1146905830.5499647,phase_noise,31249980.1,21000.0,30.0,10,31243875.1,-79.39208984
1000000000.0,1146905830.5499647,phase_noise,31249980.1,21000.0,30.0,10,31243890.1,-78.92684937
1000000000.0,1146905830.5499647,phase_noise,31249980.1,21000.0,30.0,10,31243905.1,-79.82267761
1000000000.0,1146905830.5499647,phase_noise,31249980.1,21000.0,30.0,10,31243920.1,-80.57712555
1000000000.0,1146905830.5499647,phase_noise,31249980.1,21000.0,30.0,10,31243935.1,-80.93205261
1000000000.0,1146905830.5499647,phase_noise,31249980.1,21000.0,30.0,10,31243950.1,-81.91441345
1000000000.0,1146905830.5499647,phase_noise,31249980.1,21000.0,30.0,10,31243965.1,-82.80230713
1000000000.0,1146905830.5499647,phase_noise,31249980.1,21000.0,30.0,10,31243980.1,-83.19129944
1000000000.0,1146905830.5499647,phase_noise,31249980.1,21000.0,30.0,10,31243995.1,-82.38442993
1000000000.0,1146905830.5499647,phase_noise,31249980.1,21000.0,30.0,10,31244010.1,-81.51475525
1000000000.0,1146905830.5499647,phase_noise,31249980.1,21000.0,30.0,10,31244025.1,-80.31648254
1000000000.0,1146905830.5499647,phase_noise,31249980.1,21000.0,30.0,10,31244040.1,-78.73701477
1000000000.0,1146905830.5499647,phase_noise,31249980.1,21000.0,30.0,10,31244055.1,-78.74492645
1000000000.0,1146905830.5499647,phase_noise,31249980.1,21000.0,30.0,10,31244070.1,-80.4222641
1000000000.0,1146905830.5499647,phase_noise,31249980.1,21000.0,30.0,10,31244085.1,-82.30245209
1000000000.0,1146905830.5499647,phase_noise,31249980.1,21000.0,30.0,10,31244100.1,-82.69733429
1000000000.0,1146905830.5499647,phase_noise,31249980.1,21000.0,30.0,10,31244115.1,-81.90363312
1000000000.0,1146905830.5499647,phase_noise,31249980.1,21000.0,30.0,10,31244130.1,-81.50715637
1000000000.0,1146905830.5499647,phase_noise,31249980.1,21000.0,30.0,10,31244145.1,-80.45846558
1000000000.0,1146905830.5499647,phase_noise,31249980.1,21000.0,30.0,10,31244160.1,-79.37849426
1000000000.0,1146905830.5499647,phase_noise,31249980.1,21000.0,30.0,10,31244175.1,-79.59959412
1000000000.0,1146905830.5499647,phase_noise,31249980.1,21000.0,30.0,10,31244190.1,-80.69625092
1000000000.0,1146905830.5499647,phase_noise,31249980.1,21000.0,30.0,10,31244205.1,-81.53315735
1000000000.0,1146905830.5499647,phase_noise,31249980.1,21000.0,30.0,10,31244220.1,-81.52639771
1000000000.0,1146905830.5499647,phase_noise,31249980.1,21000.0,30.0,10,31244235.1,-81.18961334
1000000000.0,1146905830.5499647,phase_noise,31249980.1,21000.0,30.0,10,31244250.1,-80.61894226
1000000000.0,1146905830.5499647,phase_noise,31249980.1,21000.0,30.0,10,31244265.1,-80.527565
1000000000.0,1146905830.5499647,phase_noise,31249980.1,21000.0,30.0,10,31244280.1,-81.81311035
1000000000.0,1146905830.5499647,phase_noise,31249980.1,21000.0,30.0,10,31244295.1,-81.02002716
1000000000.0,1146905830.5499647,phase_noise,31249980.1,21000.0,30.0,10,31244310.1,-80.6140213
1000000000.0,1146905830.5499647,phase_noise,31249980.1,21000.0,30.0,10,31244325.1,-80.25391388
1000000000.0,1146905830.5499647,phase_noise,31249980.1,21000.0,30.0,10,31244340.1,-80.07021332
1000000000.0,1146905830.5499647,phase_noise,31249980.1,21000.0,30.0,10,31244355.1,-80.69761658
1000000000.0,1146905830.5499647,phase_noise,31249980.1,21000.0,30.0,10,31244370.1,-80.41038513
1000000000.0,1146905830.5499647,phase_noise,31249980.1,21000.0,30.0,10,31244385.1,-79.92160797
1000000000.0,1146905830.5499647,phase_noise,31249980.1,21000.0,30.0,10,31244400.1,-80.14539337
1000000000.0,1146905830.5499647,phase_noise,31249980.1,21000.0,30.0,10,31244415.1,-80.61083221
1000000000.0,1146905830.5499647,phase_noise,31249980.1,21000.0,30.0,10,31244430.1,-81.91651154
1000000000.0,1146905830.5499647,phase_noise,31249980.1,21000.0,30.0,10,31244445.1,-83.03562927
1000000000.0,1146905830.5499647,phase_noise,31249980.1,21000.0,30.0,10,31244460.1,-83.09962463
1000000000.0,1146905830.5499647,phase_noise,31249980.1,21000.0,30.0,10,31244475.1,-81.58992767
1000000000.0,1146905830.5499647,phase_noise,31249980.1,21000.0,30.0,10,31244490.1,-79.91057587
1000000000.0,1146905830.5499647,phase_noise,31249980.1,21000.0,30.0,10,31244505.1,-80.35546875
1000000000.0,1146905830.5499647,phase_noise,31249980.1,21000.0,30.0,10,31244520.1,-81.44674683
1000000000.0,1146905830.5499647,phase_noise,31249980.1,21000.0,30.0,10,31244535.1,-80.49154663
1000000000.0,1146905830.5499647,phase_noise,31249980.1,21000.0,30.0,10,31244550.1,-80.10302734
1000000000.0,1146905830.5499647,phase_noise,31249980.1,21000.0,30.0,10,31244565.1,-81.23904419
1000000000.0,1146905830.5499647,phase_noise,31249980.1,21000.0,30.0,10,31244580.1,-82.57194519
1000000000.0,1146905830.5499647,phase_noise,31249980.1,21000.0,30.0,10,31244595.1,-83.10979462
1000000000.0,1146905830.5499647,phase_noise,31249980.1,21000.0,30.0,10,31244610.1,-83.92170715
1000000000.0,1146905830.5499647,phase_noise,31249980.1,21000.0,30.0,10,31244625.1,-84.09468079
1000000000.0,1146905830.5499647,phase_noise,31249980.1,21000.0,30.0,10,31244640.1,-81.99449158
1000000000.0,1146905830.5499647,phase_noise,31249980.1,21000.0,30.0,10,31244655.1,-80.58129883
1000000000.0,1146905830.5499647,phase_noise,31249980.1,21000.0,30.0,10,31244670.1,-81.08639526
1000000000.0,1146905830.5499647,phase_noise,31249980.1,21000.0,30.0,10,31244685.1,-81.81218719
1000000000.0,1146905830.5499647,phase_noise,31249980.1,21000.0,30.0,10,31244700.1,-82.30003357
1000000000.0,1146905830.5499647,phase_noise,31249980.1,21000.0,30.0,10,31244715.1,-83.07611847
1000000000.0,1146905830.5499647,phase_noise,31249980.1,21000.0,30.0,10,31244730.1,-81.66757965
1000000000.0,1146905830.5499647,phase_noise,31249980.1,21000.0,30.0,10,31244745.1,-78.00718689
1000000000.0,1146905830.5499647,phase_noise,31249980.1,21000.0,30.0,10,31244760.1,-75.3239212
1000000000.0,1146905830.5499647,phase_noise,31249980.1,21000.0,30.0,10,31244775.1,-73.24015045
1000000000.0,1146905830.5499647,phase_noise,31249980.1,21000.0,30.0,10,31244790.1,-71.40109253
1000000000.0,1146905830.5499647,phase_noise,31249980.1,21000.0,30.0,10,31244805.1,-72.04686737
1000000000.0,1146905830.5499647,phase_noise,31249980.1,21000.0,30.0,10,31244820.1,-73.39450073
1000000000.0,1146905830.5499647,phase_noise,31249980.1,21000.0,30.0,10,31244835.1,-75.27859497
1000000000.0,1146905830.5499647,phase_noise,31249980.1,21000.0,30.0,10,31244850.1,-79.40794373
1000000000.0,1146905830.5499647,phase_noise,31249980.1,21000.0,30.0,10,31244865.1,-82.2433548
1000000000.0,1146905830.5499647,phase_noise,31249980.1,21000.0,30.0,10,31244880.1,-81.65583801
1000000000.0,1146905830.5499647,phase_noise,31249980.1,21000.0,30.0,10,31244895.1,-82.30749512
1000000000.0,1146905830.5499647,phase_noise,31249980.1,21000.0,30.0,10,31244910.1,-83.06280518
1000000000.0,1146905830.5499647,phase_noise,31249980.1,21000.0,30.0,10,31244925.1,-83.97990417
1000000000.0,1146905830.5499647,phase_noise,31249980.1,21000.0,30.0,10,31244940.1,-85.0192337
1000000000.0,1146905830.5499647,phase_noise,31249980.1,21000.0,30.0,10,31244955.1,-82.71112823
1000000000.0,1146905830.5499647,phase_noise,31249980.1,21000.0,30.0,10,31244970.1,-82.72937775
1000000000.0,1146905830.5499647,phase_noise,31249980.1,21000.0,30.0,10,31244985.1,-85.42020416
1000000000.0,1146905830.5499647,phase_noise,31249980.1,21000.0,30.0,10,31245000.1,-84.05687714
1000000000.0,1146905830.5499647,phase_noise,31249980.1,21000.0,30.0,10,31245015.1,-82.75
1000000000.0,1146905830.5499647,phase_noise,31249980.1,21000.0,30.0,10,31245030.1,-83.20122528
1000000000.0,1146905830.5499647,phase_noise,31249980.1,21000.0,30.0,10,31245045.1,-83.8928833
1000000000.0,1146905830.5499647,phase_noise,31249980.1,21000.0,30.0,10,31245060.1,-82.95724487
1000000000.0,1146905830.5499647,phase_noise,31249980.1,21000.0,30.0,10,31245075.1,-80.67945862
1000000000.0,1146905830.5499647,phase_noise,31249980.1,21000.0,30.0,10,31245090.1,-79.26263428
1000000000.0,1146905830.5499647,phase_noise,31249980.1,21000.0,30.0,10,31245105.1,-75.35235596
1000000000.0,1146905830.5499647,phase_noise,31249980.1,21000.0,30.0,10,31245120.1,-69.83193207
1000000000.0,1146905830.5499647,phase_noise,31249980.1,21000.0,30.0,10,31245135.1,-67.16465759
1000000000.0,1146905830.5499647,phase_noise,31249980.1,21000.0,30.0,10,31245150.1,-64.46862793
1000000000.0,1146905830.5499647,phase_noise,31249980.1,21000.0,30.0,10,31245165.1,-63.4927063
1000000000.0,1146905830.5499647,phase_noise,31249980.1,21000.0,30.0,10,31245180.1,-67.5728302
1000000000.0,1146905830.5499647,phase_noise,31249980.1,21000.0,30.0,10,31245195.1,-77.34622955
1000000000.0,1146905830.5499647,phase_noise,31249980.1,21000.0,30.0,10,31245210.1,-83.25603485
1000000000.0,1146905830.5499647,phase_noise,31249980.1,21000.0,30.0,10,31245225.1,-85.28092194
1000000000.0,1146905830.5499647,phase_noise,31249980.1,21000.0,30.0,10,31245240.1,-86.02775574
1000000000.0,1146905830.5499647,phase_noise,31249980.1,21000.0,30.0,10,31245255.1,-84.83282471
1000000000.0,1146905830.5499647,phase_noise,31249980.1,21000.0,30.0,10,31245270.1,-82.32314301
1000000000.0,1146905830.5499647,phase_noise,31249980.1,21000.0,30.0,10,31245285.1,-81.72749329
1000000000.0,1146905830.5499647,phase_noise,31249980.1,21000.0,30.0,10,31245300.1,-81.74163055
1000000000.0,1146905830.5499647,phase_noise,31249980.1,21000.0,30.0,10,31245315.1,-81.06864166
1000000000.0,1146905830.5499647,phase_noise,31249980.1,21000.0,30.0,10,31245330.1,-81.15789032
1000000000.0,1146905830.5499647,phase_noise,31249980.1,21000.0,30.0,10,31245345.1,-81.67436981
1000000000.0,1146905830.5499647,phase_noise,31249980.1,21000.0,30.0,10,31245360.1,-81.85300446
1000000000.0,1146905830.5499647,phase_noise,31249980.1,21000.0,30.0,10,31245375.1,-81.73473358
1000000000.0,1146905830.5499647,phase_noise,31249980.1,21000.0,30.0,10,31245390.1,-83.00666046
1000000000.0,1146905830.5499647,phase_noise,31249980.1,21000.0,30.0,10,31245405.1,-84.3086853
1000000000.0,1146905830.5499647,phase_noise,31249980.1,21000.0,30.0,10,31245420.1,-83.37934113
1000000000.0,1146905830.5499647,phase_noise,31249980.1,21000.0,30.0,10,31245435.1,-82.97186279
1000000000.0,1146905830.5499647,phase_noise,31249980.1,21000.0,30.0,10,31245450.1,-82.65761566
1000000000.0,1146905830.5499647,phase_noise,31249980.1,21000.0,30.0,10,31245465.1,-81.42690277
1000000000.0,1146905830.5499647,phase_noise,31249980.1,21000.0,30.0,10,31245480.1,-79.88269806
1000000000.0,1146905830.5499647,phase_noise,31249980.1,21000.0,30.0,10,31245495.1,-79.99879456
1000000000.0,1146905830.5499647,phase_noise,31249980.1,21000.0,30.0,10,31245510.1,-80.8915863
1000000000.0,1146905830.5499647,phase_noise,31249980.1,21000.0,30.0,10,31245525.1,-79.59882355
1000000000.0,1146905830.5499647,phase_noise,31249980.1,21000.0,30.0,10,31245540.1,-79.31054687
1000000000.0,1146905830.5499647,phase_noise,31249980.1,21000.0,30.0,10,31245555.1,-81.22935486
1000000000.0,1146905830.5499647,phase_noise,31249980.1,21000.0,30.0,10,31245570.1,-82.45475006
1000000000.0,1146905830.5499647,phase_noise,31249980.1,21000.0,30.0,10,31245585.1,-82.52648163
1000000000.0,1146905830.5499647,phase_noise,31249980.1,21000.0,30.0,10,31245600.1,-82.75760651
1000000000.0,1146905830.5499647,phase_noise,31249980.1,21000.0,30.0,10,31245615.1,-82.58332062
1000000000.0,1146905830.5499647,phase_noise,31249980.1,21000.0,30.0,10,31245630.1,-81.69733429
1000000000.0,1146905830.5499647,phase_noise,31249980.1,21000.0,30.0,10,31245645.1,-81.19093323
1000000000.0,1146905830.5499647,phase_noise,31249980.1,21000.0,30.0,10,31245660.1,-81.85542297
1000000000.0,1146905830.5499647,phase_noise,31249980.1,21000.0,30.0,10,31245675.1,-84.11090851
1000000000.0,1146905830.5499647,phase_noise,31249980.1,21000.0,30.0,10,31245690.1,-84.26118469
1000000000.0,1146905830.5499647,phase_noise,31249980.1,21000.0,30.0,10,31245705.1,-81.37879944
1000000000.0,1146905830.5499647,phase_noise,31249980.1,21000.0,30.0,10,31245720.1,-79.95059204
1000000000.0,1146905830.5499647,phase_noise,31249980.1,21000.0,30.0,10,31245735.1,-79.70215607
1000000000.0,1146905830.5499647,phase_noise,31249980.1,21000.0,30.0,10,31245750.1,-80.18148804
1000000000.0,1146905830.5499647,phase_noise,31249980.1,21000.0,30.0,10,31245765.1,-81.37361908
1000000000.0,1146905830.5499647,phase_noise,31249980.1,21000.0,30.0,10,31245780.1,-81.67497253
1000000000.0,1146905830.5499647,phase_noise,31249980.1,21000.0,30.0,10,31245795.1,-79.64500427
1000000000.0,1146905830.5499647,phase_noise,31249980.1,21000.0,30.0,10,31245810.1,-78.84226227
1000000000.0,1146905830.5499647,phase_noise,31249980.1,21000.0,30.0,10,31245825.1,-79.97840881
1000000000.0,1146905830.5499647,phase_noise,31249980.1,21000.0,30.0,10,31245840.1,-81.777565
1000000000.0,1146905830.5499647,phase_noise,31249980.1,21000.0,30.0,10,31245855.1,-82.00123596
1000000000.0,1146905830.5499647,phase_noise,31249980.1,21000.0,30.0,10,31245870.1,-80.79000092
1000000000.0,1146905830.5499647,phase_noise,31249980.1,21000.0,30.0,10,31245885.1,-80.4334259
1000000000.0,1146905830.5499647,phase_noise,31249980.1,21000.0,30.0,10,31245900.1,-81.93838501
1000000000.0,1146905830.5499647,phase_noise,31249980.1,21000.0,30.0,10,31245915.1,-83.5847702
1000000000.0,1146905830.5499647,phase_noise,31249980.1,21000.0,30.0,10,31245930.1,-83.0203476
1000000000.0,1146905830.5499647,phase_noise,31249980.1,21000.0,30.0,10,31245945.1,-81.12213135
1000000000.0,1146905830.5499647,phase_noise,31249980.1,21000.0,30.0,10,31245960.1,-80.1295929
1000000000.0,1146905830.5499647,phase_noise,31249980.1,21000.0,30.0,10,31245975.1,-80.27927399
1000000000.0,1146905830.5499647,phase_noise,31249980.1,21000.0,30.0,10,31245990.1,-80.25907135
1000000000.0,1146905830.5499647,phase_noise,31249980.1,21000.0,30.0,10,31246005.1,-79.48744965
1000000000.0,1146905830.5499647,phase_noise,31249980.1,21000.0,30.0,10,31246020.1,-78.86547852
1000000000.0,1146905830.5499647,phase_noise,31249980.1,21000.0,30.0,10,31246035.1,-79.3401413
1000000000.0,1146905830.5499647,phase_noise,31249980.1,21000.0,30.0,10,31246050.1,-80.08621979
1000000000.0,1146905830.5499647,phase_noise,31249980.1,21000.0,30.0,10,31246065.1,-81.77320099
1000000000.0,1146905830.5499647,phase_noise,31249980.1,21000.0,30.0,10,31246080.1,-82.85160065
1000000000.0,1146905830.5499647,phase_noise,31249980.1,21000.0,30.0,10,31246095.1,-82.82295227
1000000000.0,1146905830.5499647,phase_noise,31249980.1,21000.0,30.0,10,31246110.1,-83.15727997
1000000000.0,1146905830.5499647,phase_noise,31249980.1,21000.0,30.0,10,31246125.1,-83.09063721
1000000000.0,1146905830.5499647,phase_noise,31249980.1,21000.0,30.0,10,31246140.1,-82.21873474
1000000000.0,1146905830.5499647,phase_noise,31249980.1,21000.0,30.0,10,31246155.1,-81.51207733
1000000000.0,1146905830.5499647,phase_noise,31249980.1,21000.0,30.0,10,31246170.1,-82.26511383
1000000000.0,1146905830.5499647,phase_noise,31249980.1,21000.0,30.0,10,31246185.1,-83.31548309
1000000000.0,1146905830.5499647,phase_noise,31249980.1,21000.0,30.0,10,31246200.1,-84.04186249
1000000000.0,1146905830.5499647,phase_noise,31249980.1,21000.0,30.0,10,31246215.1,-83.50816345
1000000000.0,1146905830.5499647,phase_noise,31249980.1,21000.0,30.0,10,31246230.1,-83.13813019
1000000000.0,1146905830.5499647,phase_noise,31249980.1,21000.0,30.0,10,31246245.1,-82.59409332
1000000000.0,1146905830.5499647,phase_noise,31249980.1,21000.0,30.0,10,31246260.1,-80.99519348
1000000000.0,1146905830.5499647,phase_noise,31249980.1,21000.0,30.0,10,31246275.1,-81.24316406
1000000000.0,1146905830.5499647,phase_noise,31249980.1,21000.0,30.0,10,31246290.1,-82.11612701
1000000000.0,1146905830.5499647,phase_noise,31249980.1,21000.0,30.0,10,31246305.1,-80.53392792
1000000000.0,1146905830.5499647,phase_noise,31249980.1,21000.0,30.0,10,31246320.1,-79.40510559
1000000000.0,1146905830.5499647,phase_noise,31249980.1,21000.0,30.0,10,31246335.1,-79.9209671
1000000000.0,1146905830.5499647,phase_noise,31249980.1,21000.0,30.0,10,31246350.1,-81.8274765
1000000000.0,1146905830.5499647,phase_noise,31249980.1,21000.0,30.0,10,31246365.1,-82.11676025
1000000000.0,1146905830.5499647,phase_noise,31249980.1,21000.0,30.0,10,31246380.1,-81.51929474
1000000000.0,1146905830.5499647,phase_noise,31249980.1,21000.0,30.0,10,31246395.1,-83.2204895
1000000000.0,1146905830.5499647,phase_noise,31249980.1,21000.0,30.0,10,31246410.1,-84.93013
1000000000.0,1146905830.5499647,phase_noise,31249980.1,21000.0,30.0,10,31246425.1,-82.88218689
1000000000.0,1146905830.5499647,phase_noise,31249980.1,21000.0,30.0,10,31246440.1,-81.36839294
1000000000.0,1146905830.5499647,phase_noise,31249980.1,21000.0,30.0,10,31246455.1,-81.12458801
1000000000.0,1146905830.5499647,phase_noise,31249980.1,21000.0,30.0,10,31246470.1,-81.87001801
1000000000.0,1146905830.5499647,phase_noise,31249980.1,21000.0,30.0,10,31246485.1,-81.90060425
1000000000.0,1146905830.5499647,phase_noise,31249980.1,21000.0,30.0,10,31246500.1,-80.73603821
1000000000.0,1146905830.5499647,phase_noise,31249980.1,21000.0,30.0,10,31246515.1,-80.76309204
1000000000.0,1146905830.5499647,phase_noise,31249980.1,21000.0,30.0,10,31246530.1,-81.23444366
1000000000.0,1146905830.5499647,phase_noise,31249980.1,21000.0,30.0,10,31246545.1,-81.5093689
1000000000.0,1146905830.5499647,phase_noise,31249980.1,21000.0,30.0,10,31246560.1,-80.71133423
1000000000.0,1146905830.5499647,phase_noise,31249980.1,21000.0,30.0,10,31246575.1,-80.32453156
1000000000.0,1146905830.5499647,phase_noise,31249980.1,21000.0,30.0,10,31246590.1,-80.95432281
1000000000.0,1146905830.5499647,phase_noise,31249980.1,21000.0,30.0,10,31246605.1,-82.30345917
1000000000.0,1146905830.5499647,phase_noise,31249980.1,21000.0,30.0,10,31246620.1,-83.26072693
1000000000.0,1146905830.5499647,phase_noise,31249980.1,21000.0,30.0,10,31246635.1,-83.01540375
1000000000.0,1146905830.5499647,phase_noise,31249980.1,21000.0,30.0,10,31246650.1,-82.28613281
1000000000.0,1146905830.5499647,phase_noise,31249980.1,21000.0,30.0,10,31246665.1,-81.8766098
1000000000.0,1146905830.5499647,phase_noise,31249980.1,21000.0,30.0,10,31246680.1,-82.6086731
1000000000.0,1146905830.5499647,phase_noise,31249980.1,21000.0,30.0,10,31246695.1,-84.61067963
1000000000.0,1146905830.5499647,phase_noise,31249980.1,21000.0,30.0,10,31246710.1,-82.91655731
1000000000.0,1146905830.5499647,phase_noise,31249980.1,21000.0,30.0,10,31246725.1,-80.62815094
1000000000.0,1146905830.5499647,phase_noise,31249980.1,21000.0,30.0,10,31246740.1,-79.58501434
1000000000.0,1146905830.5499647,phase_noise,31249980.1,21000.0,30.0,10,31246755.1,-78.71213531
1000000000.0,1146905830.5499647,phase_noise,31249980.1,21000.0,30.0,10,31246770.1,-78.55684662
1000000000.0,1146905830.5499647,phase_noise,31249980.1,21000.0,30.0,10,31246785.1,-80.60982513
1000000000.0,1146905830.5499647,phase_noise,31249980.1,21000.0,30.0,10,31246800.1,-84.13861847
1000000000.0,1146905830.5499647,phase_noise,31249980.1,21000.0,30.0,10,31246815.1,-83.86134338
1000000000.0,1146905830.5499647,phase_noise,31249980.1,21000.0,30.0,10,31246830.1,-83.84475708
1000000000.0,1146905830.5499647,phase_noise,31249980.1,21000.0,30.0,10,31246845.1,-83.76667023
1000000000.0,1146905830.5499647,phase_noise,31249980.1,21000.0,30.0,10,31246860.1,-82.49895477
1000000000.0,1146905830.5499647,phase_noise,31249980.1,21000.0,30.0,10,31246875.1,-80.70804596
1000000000.0,1146905830.5499647,phase_noise,31249980.1,21000.0,30.0,10,31246890.1,-80.16001129
1000000000.0,1146905830.5499647,phase_noise,31249980.1,21000.0,30.0,10,31246905.1,-81.47568512
1000000000.0,1146905830.5499647,phase_noise,31249980.1,21000.0,30.0,10,31246920.1,-82.82376862
1000000000.0,1146905830.5499647,phase_noise,31249980.1,21000.0,30.0,10,31246935.1,-83.34394073
1000000000.0,1146905830.5499647,phase_noise,31249980.1,21000.0,30.0,10,31246950.1,-82.70870972
1000000000.0,1146905830.5499647,phase_noise,31249980.1,21000.0,30.0,10,31246965.1,-82.06467438
1000000000.0,1146905830.5499647,phase_noise,31249980.1,21000.0,30.0,10,31246980.1,-82.74909973
1000000000.0,1146905830.5499647,phase_noise,31249980.1,21000.0,30.0,10,31246995.1,-83.91336823
1000000000.0,1146905830.5499647,phase_noise,31249980.1,21000.0,30.0,10,31247010.1,-83.96968079
1000000000.0,1146905830.5499647,phase_noise,31249980.1,21000.0,30.0,10,31247025.1,-83.95631409
1000000000.0,1146905830.5499647,phase_noise,31249980.1,21000.0,30.0,10,31247040.1,-83.3032608
1000000000.0,1146905830.5499647,phase_noise,31249980.1,21000.0,30.0,10,31247055.1,-82.24195099
1000000000.0,1146905830.5499647,phase_noise,31249980.1,21000.0,30.0,10,31247070.1,-82.42327118
1000000000.0,1146905830.5499647,phase_noise,31249980.1,21000.0,30.0,10,31247085.1,-82.00892639
1000000000.0,1146905830.5499647,phase_noise,31249980.1,21000.0,30.0,10,31247100.1,-81.21481323
1000000000.0,1146905830.5499647,phase_noise,31249980.1,21000.0,30.0,10,31247115.1,-80.83094788
1000000000.0,1146905830.5499647,phase_noise,31249980.1,21000.0,30.0,10,31247130.1,-81.33933258
1000000000.0,1146905830.5499647,phase_noise,31249980.1,21000.0,30.0,10,31247145.1,-81.42572784
1000000000.0,1146905830.5499647,phase_noise,31249980.1,21000.0,30.0,10,31247160.1,-81.01074982
1000000000.0,1146905830.5499647,phase_noise,31249980.1,21000.0,30.0,10,31247175.1,-81.6424942
1000000000.0,1146905830.5499647,phase_noise,31249980.1,21000.0,30.0,10,31247190.1,-83.16259003
1000000000.0,1146905830.5499647,phase_noise,31249980.1,21000.0,30.0,10,31247205.1,-84.29879761
1000000000.0,1146905830.5499647,phase_noise,31249980.1,21000.0,30.0,10,31247220.1,-84.49945831
1000000000.0,1146905830.5499647,phase_noise,31249980.1,21000.0,30.0,10,31247235.1,-82.56406403
1000000000.0,1146905830.5499647,phase_noise,31249980.1,21000.0,30.0,10,31247250.1,-81.93328857
1000000000.0,1146905830.5499647,phase_noise,31249980.1,21000.0,30.0,10,31247265.1,-81.83867645
1000000000.0,1146905830.5499647,phase_noise,31249980.1,21000.0,30.0,10,31247280.1,-80.84914398
1000000000.0,1146905830.5499647,phase_noise,31249980.1,21000.0,30.0,10,31247295.1,-81.69168854
1000000000.0,1146905830.5499647,phase_noise,31249980.1,21000.0,30.0,10,31247310.1,-82.58109283
1000000000.0,1146905830.5499647,phase_noise,31249980.1,21000.0,30.0,10,31247325.1,-80.99101257
1000000000.0,1146905830.5499647,phase_noise,31249980.1,21000.0,30.0,10,31247340.1,-78.75891876
1000000000.0,1146905830.5499647,phase_noise,31249980.1,21000.0,30.0,10,31247355.1,-78.52112579
1000000000.0,1146905830.5499647,phase_noise,31249980.1,21000.0,30.0,10,31247370.1,-79.48435974
1000000000.0,1146905830.5499647,phase_noise,31249980.1,21000.0,30.0,10,31247385.1,-81.36766815
1000000000.0,1146905830.5499647,phase_noise,31249980.1,21000.0,30.0,10,31247400.1,-84.00222778
1000000000.0,1146905830.5499647,phase_noise,31249980.1,21000.0,30.0,10,31247415.1,-83.11140442
1000000000.0,1146905830.5499647,phase_noise,31249980.1,21000.0,30.0,10,31247430.1,-81.6448288
1000000000.0,1146905830.5499647,phase_noise,31249980.1,21000.0,30.0,10,31247445.1,-82.42996216
1000000000.0,1146905830.5499647,phase_noise,31249980.1,21000.0,30.0,10,31247460.1,-83.89279175
1000000000.0,1146905830.5499647,phase_noise,31249980.1,21000.0,30.0,10,31247475.1,-83.26686859
1000000000.0,1146905830.5499647,phase_noise,31249980.1,21000.0,30.0,10,31247490.1,-80.23803711
1000000000.0,1146905830.5499647,phase_noise,31249980.1,21000.0,30.0,10,31247505.1,-78.40743256
1000000000.0,1146905830.5499647,phase_noise,31249980.1,21000.0,30.0,10,31247520.1,-77.08055878
1000000000.0,1146905830.5499647,phase_noise,31249980.1,21000.0,30.0,10,31247535.1,-75.69002533
1000000000.0,1146905830.5499647,phase_noise,31249980.1,21000.0,30.0,10,31247550.1,-74.78634644
1000000000.0,1146905830.5499647,phase_noise,31249980.1,21000.0,30.0,10,31247565.1,-75.38294983
1000000000.0,1146905830.5499647,phase_noise,31249980.1,21000.0,30.0,10,31247580.1,-77.79438782
1000000000.0,1146905830.5499647,phase_noise,31249980.1,21000.0,30.0,10,31247595.1,-80.03639984
1000000000.0,1146905830.5499647,phase_noise,31249980.1,21000.0,30.0,10,31247610.1,-79.29375458
1000000000.0,1146905830.5499647,phase_noise,31249980.1,21000.0,30.0,10,31247625.1,-79.29969788
1000000000.0,1146905830.5499647,phase_noise,31249980.1,21000.0,30.0,10,31247640.1,-80.67367554
1000000000.0,1146905830.5499647,phase_noise,31249980.1,21000.0,30.0,10,31247655.1,-82.07683563
1000000000.0,1146905830.5499647,phase_noise,31249980.1,21000.0,30.0,10,31247670.1,-81.84927368
1000000000.0,1146905830.5499647,phase_noise,31249980.1,21000.0,30.0,10,31247685.1,-81.24767303
1000000000.0,1146905830.5499647,phase_noise,31249980.1,21000.0,30.0,10,31247700.1,-79.54679108
1000000000.0,1146905830.5499647,phase_noise,31249980.1,21000.0,30.0,10,31247715.1,-79.53718567
1000000000.0,1146905830.5499647,phase_noise,31249980.1,21000.0,30.0,10,31247730.1,-81.14542389
1000000000.0,1146905830.5499647,phase_noise,31249980.1,21000.0,30.0,10,31247745.1,-81.49766541
1000000000.0,1146905830.5499647,phase_noise,31249980.1,21000.0,30.0,10,31247760.1,-80.67024231
1000000000.0,1146905830.5499647,phase_noise,31249980.1,21000.0,30.0,10,31247775.1,-79.91610718
1000000000.0,1146905830.5499647,phase_noise,31249980.1,21000.0,30.0,10,31247790.1,-79.8871994
1000000000.0,1146905830.5499647,phase_noise,31249980.1,21000.0,30.0,10,31247805.1,-79.9036026
1000000000.0,1146905830.5499647,phase_noise,31249980.1,21000.0,30.0,10,31247820.1,-80.50120544
1000000000.0,1146905830.5499647,phase_noise,31249980.1,21000.0,30.0,10,31247835.1,-80.98455048
1000000000.0,1146905830.5499647,phase_noise,31249980.1,21000.0,30.0,10,31247850.1,-80.56687927
1000000000.0,1146905830.5499647,phase_noise,31249980.1,21000.0,30.0,10,31247865.1,-79.53149414
1000000000.0,1146905830.5499647,phase_noise,31249980.1,21000.0,30.0,10,31247880.1,-79.19086456
1000000000.0,1146905830.5499647,phase_noise,31249980.1,21000.0,30.0,10,31247895.1,-79.25226593
1000000000.0,1146905830.5499647,phase_noise,31249980.1,21000.0,30.0,10,31247910.1,-79.86878204
1000000000.0,1146905830.5499647,phase_noise,31249980.1,21000.0,30.0,10,31247925.1,-79.98873901
1000000000.0,1146905830.5499647,phase_noise,31249980.1,21000.0,30.0,10,31247940.1,-79.47259521
1000000000.0,1146905830.5499647,phase_noise,31249980.1,21000.0,30.0,10,31247955.1,-78.83060455
1000000000.0,1146905830.5499647,phase_noise,31249980.1,21000.0,30.0,10,31247970.1,-78.69562531
1000000000.0,1146905830.5499647,phase_noise,31249980.1,21000.0,30.0,10,31247985.1,-79.45604706
1000000000.0,1146905830.5499647,phase_noise,31249980.1,21000.0,30.0,10,31248000.1,-80.64688873
1000000000.0,1146905830.5499647,phase_noise,31249980.1,21000.0,30.0,10,31248015.1,-81.61792755
1000000000.0,1146905830.5499647,phase_noise,31249980.1,21000.0,30.0,10,31248030.1,-80.77613068
1000000000.0,1146905830.5499647,phase_noise,31249980.1,21000.0,30.0,10,31248045.1,-80.59893036
1000000000.0,1146905830.5499647,phase_noise,31249980.1,21000.0,30.0,10,31248060.1,-81.22899628
1000000000.0,1146905830.5499647,phase_noise,31249980.1,21000.0,30.0,10,31248075.1,-80.70345306
1000000000.0,1146905830.5499647,phase_noise,31249980.1,21000.0,30.0,10,31248090.1,-80.18618011
1000000000.0,1146905830.5499647,phase_noise,31249980.1,21000.0,30.0,10,31248105.1,-81.04367065
1000000000.0,1146905830.5499647,phase_noise,31249980.1,21000.0,30.0,10,31248120.1,-81.98608398
1000000000.0,1146905830.5499647,phase_noise,31249980.1,21000.0,30.0,10,31248135.1,-82.19827271
1000000000.0,1146905830.5499647,phase_noise,31249980.1,21000.0,30.0,10,31248150.1,-82.88143158
1000000000.0,1146905830.5499647,phase_noise,31249980.1,21000.0,30.0,10,31248165.1,-82.39938354
1000000000.0,1146905830.5499647,phase_noise,31249980.1,21000.0,30.0,10,31248180.1,-80.78993988
1000000000.0,1146905830.5499647,phase_noise,31249980.1,21000.0,30.0,10,31248195.1,-79.51554871
1000000000.0,1146905830.5499647,phase_noise,31249980.1,21000.0,30.0,10,31248210.1,-79.36268616
1000000000.0,1146905830.5499647,phase_noise,31249980.1,21000.0,30.0,10,31248225.1,-80.04016113
1000000000.0,1146905830.5499647,phase_noise,31249980.1,21000.0,30.0,10,31248240.1,-81.46531677
1000000000.0,1146905830.5499647,phase_noise,31249980.1,21000.0,30.0,10,31248255.1,-82.79626465
1000000000.0,1146905830.5499647,phase_noise,31249980.1,21000.0,30.0,10,31248270.1,-82.84472656
1000000000.0,1146905830.5499647,phase_noise,31249980.1,21000.0,30.0,10,31248285.1,-82.14237976
1000000000.0,1146905830.5499647,phase_noise,31249980.1,21000.0,30.0,10,31248300.1,-82.67240906
1000000000.0,1146905830.5499647,phase_noise,31249980.1,21000.0,30.0,10,31248315.1,-82.58782196
1000000000.0,1146905830.5499647,phase_noise,31249980.1,21000.0,30.0,10,31248330.1,-81.08615112
1000000000.0,1146905830.5499647,phase_noise,31249980.1,21000.0,30.0,10,31248345.1,-80.5289917
1000000000.0,1146905830.5499647,phase_noise,31249980.1,21000.0,30.0,10,31248360.1,-80.36578369
1000000000.0,1146905830.5499647,phase_noise,31249980.1,21000.0,30.0,10,31248375.1,-79.78804779
1000000000.0,1146905830.5499647,phase_noise,31249980.1,21000.0,30.0,10,31248390.1,-81.19358826
1000000000.0,1146905830.5499647,phase_noise,31249980.1,21000.0,30.0,10,31248405.1,-83.1684494
1000000000.0,1146905830.5499647,phase_noise,31249980.1,21000.0,30.0,10,31248420.1,-81.85263824
1000000000.0,1146905830.5499647,phase_noise,31249980.1,21000.0,30.0,10,31248435.1,-82.62979889
1000000000.0,1146905830.5499647,phase_noise,31249980.1,21000.0,30.0,10,31248450.1,-84.64790344
1000000000.0,1146905830.5499647,phase_noise,31249980.1,21000.0,30.0,10,31248465.1,-82.541008
1000000000.0,1146905830.5499647,phase_noise,31249980.1,21000.0,30.0,10,31248480.1,-80.3285675
1000000000.0,1146905830.5499647,phase_noise,31249980.1,21000.0,30.0,10,31248495.1,-80.54314423
1000000000.0,1146905830.5499647,phase_noise,31249980.1,21000.0,30.0,10,31248510.1,-82.51529694
1000000000.0,1146905830.5499647,phase_noise,31249980.1,21000.0,30.0,10,31248525.1,-82.7494812
1000000000.0,1146905830.5499647,phase_noise,31249980.1,21000.0,30.0,10,31248540.1,-83.12890625
1000000000.0,1146905830.5499647,phase_noise,31249980.1,21000.0,30.0,10,31248555.1,-83.73787689
1000000000.0,1146905830.5499647,phase_noise,31249980.1,21000.0,30.0,10,31248570.1,-81.45798492
1000000000.0,1146905830.5499647,phase_noise,31249980.1,21000.0,30.0,10,31248585.1,-80.66953278
1000000000.0,1146905830.5499647,phase_noise,31249980.1,21000.0,30.0,10,31248600.1,-81.5478363
1000000000.0,1146905830.5499647,phase_noise,31249980.1,21000.0,30.0,10,31248615.1,-80.75718689
1000000000.0,1146905830.5499647,phase_noise,31249980.1,21000.0,30.0,10,31248630.1,-77.48035431
1000000000.0,1146905830.5499647,phase_noise,31249980.1,21000.0,30.0,10,31248645.1,-74.57810974
1000000000.0,1146905830.5499647,phase_noise,31249980.1,21000.0,30.0,10,31248660.1,-74.10223389
1000000000.0,1146905830.5499647,phase_noise,31249980.1,21000.0,30.0,10,31248675.1,-76.34360504
1000000000.0,1146905830.5499647,phase_noise,31249980.1,21000.0,30.0,10,31248690.1,-78.9858017
1000000000.0,1146905830.5499647,phase_noise,31249980.1,21000.0,30.0,10,31248705.1,-79.32552338
1000000000.0,1146905830.5499647,phase_noise,31249980.1,21000.0,30.0,10,31248720.1,-79.20881653
1000000000.0,1146905830.5499647,phase_noise,31249980.1,21000.0,30.0,10,31248735.1,-79.77296448
1000000000.0,1146905830.5499647,phase_noise,31249980.1,21000.0,30.0,10,31248750.1,-80.46315002
1000000000.0,1146905830.5499647,phase_noise,31249980.1,21000.0,30.0,10,31248765.1,-80.4259491
1000000000.0,1146905830.5499647,phase_noise,31249980.1,21000.0,30.0,10,31248780.1,-80.17652893
1000000000.0,1146905830.5499647,phase_noise,31249980.1,21000.0,30.0,10,31248795.1,-81.36236572
1000000000.0,1146905830.5499647,phase_noise,31249980.1,21000.0,30.0,10,31248810.1,-82.99565887
1000000000.0,1146905830.5499647,phase_noise,31249980.1,21000.0,30.0,10,31248825.1,-82.21154022
1000000000.0,1146905830.5499647,phase_noise,31249980.1,21000.0,30.0,10,31248840.1,-81.28997803
1000000000.0,1146905830.5499647,phase_noise,31249980.1,21000.0,30.0,10,31248855.1,-81.41053009
1000000000.0,1146905830.5499647,phase_noise,31249980.1,21000.0,30.0,10,31248870.1,-82.42726135
1000000000.0,1146905830.5499647,phase_noise,31249980.1,21000.0,30.0,10,31248885.1,-84.14283752
1000000000.0,1146905830.5499647,phase_noise,31249980.1,21000.0,30.0,10,31248900.1,-81.11581421
1000000000.0,1146905830.5499647,phase_noise,31249980.1,21000.0,30.0,10,31248915.1,-77.85547638
1000000000.0,1146905830.5499647,phase_noise,31249980.1,21000.0,30.0,10,31248930.1,-77.89892578
1000000000.0,1146905830.5499647,phase_noise,31249980.1,21000.0,30.0,10,31248945.1,-78.65914917
1000000000.0,1146905830.5499647,phase_noise,31249980.1,21000.0,30.0,10,31248960.1,-78.43071747
1000000000.0,1146905830.5499647,phase_noise,31249980.1,21000.0,30.0,10,31248975.1,-78.41736603
1000000000.0,1146905830.5499647,phase_noise,31249980.1,21000.0,30.0,10,31248990.1,-79.13127899
1000000000.0,1146905830.5499647,phase_noise,31249980.1,21000.0,30.0,10,31249005.1,-79.90300751
1000000000.0,1146905830.5499647,phase_noise,31249980.1,21000.0,30.0,10,31249020.1,-80.33529663
1000000000.0,1146905830.5499647,phase_noise,31249980.1,21000.0,30.0,10,31249035.1,-81.06983948
1000000000.0,1146905830.5499647,phase_noise,31249980.1,21000.0,30.0,10,31249050.1,-81.919487
1000000000.0,1146905830.5499647,phase_noise,31249980.1,21000.0,30.0,10,31249065.1,-82.05748749
1000000000.0,1146905830.5499647,phase_noise,31249980.1,21000.0,30.0,10,31249080.1,-82.48436737
1000000000.0,1146905830.5499647,phase_noise,31249980.1,21000.0,30.0,10,31249095.1,-82.63407898
1000000000.0,1146905830.5499647,phase_noise,31249980.1,21000.0,30.0,10,31249110.1,-81.70396423
1000000000.0,1146905830.5499647,phase_noise,31249980.1,21000.0,30.0,10,31249125.1,-81.89567566
1000000000.0,1146905830.5499647,phase_noise,31249980.1,21000.0,30.0,10,31249140.1,-81.46585846
1000000000.0,1146905830.5499647,phase_noise,31249980.1,21000.0,30.0,10,31249155.1,-80.27774048
1000000000.0,1146905830.5499647,phase_noise,31249980.1,21000.0,30.0,10,31249170.1,-80.65862274
1000000000.0,1146905830.5499647,phase_noise,31249980.1,21000.0,30.0,10,31249185.1,-80.75429535
1000000000.0,1146905830.5499647,phase_noise,31249980.1,21000.0,30.0,10,31249200.1,-81.05769348
1000000000.0,1146905830.5499647,phase_noise,31249980.1,21000.0,30.0,10,31249215.1,-80.49636078
1000000000.0,1146905830.5499647,phase_noise,31249980.1,21000.0,30.0,10,31249230.1,-79.62123871
1000000000.0,1146905830.5499647,phase_noise,31249980.1,21000.0,30.0,10,31249245.1,-79.24575806
1000000000.0,1146905830.5499647,phase_noise,31249980.1,21000.0,30.0,10,31249260.1,-79.50801086
1000000000.0,1146905830.5499647,phase_noise,31249980.1,21000.0,30.0,10,31249275.1,-80.85411835
1000000000.0,1146905830.5499647,phase_noise,31249980.1,21000.0,30.0,10,31249290.1,-81.67308044
1000000000.0,1146905830.5499647,phase_noise,31249980.1,21000.0,30.0,10,31249305.1,-82.32936859
1000000000.0,1146905830.5499647,phase_noise,31249980.1,21000.0,30.0,10,31249320.1,-83.23113251
1000000000.0,1146905830.5499647,phase_noise,31249980.1,21000.0,30.0,10,31249335.1,-83.40702057
1000000000.0,1146905830.5499647,phase_noise,31249980.1,21000.0,30.0,10,31249350.1,-81.85977936
1000000000.0,1146905830.5499647,phase_noise,31249980.1,21000.0,30.0,10,31249365.1,-81.01029205
1000000000.0,1146905830.5499647,phase_noise,31249980.1,21000.0,30.0,10,31249380.1,-81.27693939
1000000000.0,1146905830.5499647,phase_noise,31249980.1,21000.0,30.0,10,31249395.1,-82.59936523
1000000000.0,1146905830.5499647,phase_noise,31249980.1,21000.0,30.0,10,31249410.1,-82.80225372
1000000000.0,1146905830.5499647,phase_noise,31249980.1,21000.0,30.0,10,31249425.1,-81.85452271
1000000000.0,1146905830.5499647,phase_noise,31249980.1,21000.0,30.0,10,31249440.1,-81.89115143
1000000000.0,1146905830.5499647,phase_noise,31249980.1,21000.0,30.0,10,31249455.1,-81.98486328
1000000000.0,1146905830.5499647,phase_noise,31249980.1,21000.0,30.0,10,31249470.1,-75.88275146
1000000000.0,1146905830.5499647,phase_noise,31249980.1,21000.0,30.0,10,31249485.1,-73.88353729
1000000000.0,1146905830.5499647,phase_noise,31249980.1,21000.0,30.0,10,31249500.1,-77.03019714
1000000000.0,1146905830.5499647,phase_noise,31249980.1,21000.0,30.0,10,31249515.1,-81.63894653
1000000000.0,1146905830.5499647,phase_noise,31249980.1,21000.0,30.0,10,31249530.1,-80.69969177
1000000000.0,1146905830.5499647,phase_noise,31249980.1,21000.0,30.0,10,31249545.1,-80.43975067
1000000000.0,1146905830.5499647,phase_noise,31249980.1,21000.0,30.0,10,31249560.1,-80.76278687
1000000000.0,1146905830.5499647,phase_noise,31249980.1,21000.0,30.0,10,31249575.1,-78.4670639
1000000000.0,1146905830.5499647,phase_noise,31249980.1,21000.0,30.0,10,31249590.1,-75.95576477
1000000000.0,1146905830.5499647,phase_noise,31249980.1,21000.0,30.0,10,31249605.1,-74.01933289
1000000000.0,1146905830.5499647,phase_noise,31249980.1,21000.0,30.0,10,31249620.1,-74.43857574
1000000000.0,1146905830.5499647,phase_noise,31249980.1,21000.0,30.0,10,31249635.1,-77.58548737
1000000000.0,1146905830.5499647,phase_noise,31249980.1,21000.0,30.0,10,31249650.1,-79.34358215
1000000000.0,1146905830.5499647,phase_noise,31249980.1,21000.0,30.0,10,31249665.1,-77.99501801
1000000000.0,1146905830.5499647,phase_noise,31249980.1,21000.0,30.0,10,31249680.1,-76.9199295
1000000000.0,1146905830.5499647,phase_noise,31249980.1,21000.0,30.0,10,31249695.1,-78.05094147
1000000000.0,1146905830.5499647,phase_noise,31249980.1,21000.0,30.0,10,31249710.1,-79.91662598
1000000000.0,1146905830.5499647,phase_noise,31249980.1,21000.0,30.0,10,31249725.1,-81.15216064
1000000000.0,1146905830.5499647,phase_noise,31249980.1,21000.0,30.0,10,31249740.1,-78.25041962
1000000000.0,1146905830.5499647,phase_noise,31249980.1,21000.0,30.0,10,31249755.1,-76.88478088
1000000000.0,1146905830.5499647,phase_noise,31249980.1,21000.0,30.0,10,31249770.1,-77.18182373
1000000000.0,1146905830.5499647,phase_noise,31249980.1,21000.0,30.0,10,31249785.1,-76.67089844
1000000000.0,1146905830.5499647,phase_noise,31249980.1,21000.0,30.0,10,31249800.1,-77.62090302
1000000000.0,1146905830.5499647,phase_noise,31249980.1,21000.0,30.0,10,31249815.1,-78.60939026
1000000000.0,1146905830.5499647,phase_noise,31249980.1,21000.0,30.0,10,31249830.1,-81.26628113
1000000000.0,1146905830.5499647,phase_noise,31249980.1,21000.0,30.0,10,31249845.1,-81.96026611
1000000000.0,1146905830.5499647,phase_noise,31249980.1,21000.0,30.0,10,31249860.1,-80.92205048
1000000000.0,1146905830.5499647,phase_noise,31249980.1,21000.0,30.0,10,31249875.1,-80.64849854
1000000000.0,1146905830.5499647,phase_noise,31249980.1,21000.0,30.0,10,31249890.1,-81.09553528
1000000000.0,1146905830.5499647,phase_noise,31249980.1,21000.0,30.0,10,31249905.1,-81.45352936
1000000000.0,1146905830.5499647,phase_noise,31249980.1,21000.0,30.0,10,31249920.1,-60.56344223
1000000000.0,1146905830.5499647,phase_noise,31249980.1,21000.0,30.0,10,31249935.1,-29.8576355
1000000000.0,1146905830.5499647,phase_noise,31249980.1,21000.0,30.0,10,31249950.1,-13.50249958
1000000000.0,1146905830.5499647,phase_noise,31249980.1,21000.0,30.0,10,31249965.1,-4.785396576
1000000000.0,1146905830.5499647,phase_noise,31249980.1,21000.0,30.0,10,31249980.1,-1.918724298
1000000000.0,1146905830.5499647,phase_noise,31249980.1,21000.0,30.0,10,31249995.1,-4.447563171
1000000000.0,1146905830.5499647,phase_noise,31249980.1,21000.0,30.0,10,31250010.1,-12.77018452
1000000000.0,1146905830.5499647,phase_noise,31249980.1,21000.0,30.0,10,31250025.1,-28.54794693
1000000000.0,1146905830.5499647,phase_noise,31249980.1,21000.0,30.0,10,31250040.1,-57.70792389
1000000000.0,1146905830.5499647,phase_noise,31249980.1,21000.0,30.0,10,31250055.1,-80.11414337
1000000000.0,1146905830.5499647,phase_noise,31249980.1,21000.0,30.0,10,31250070.1,-81.27737427
1000000000.0,1146905830.5499647,phase_noise,31249980.1,21000.0,30.0,10,31250085.1,-80.11299133
1000000000.0,1146905830.5499647,phase_noise,31249980.1,21000.0,30.0,10,31250100.1,-78.85309601
1000000000.0,1146905830.5499647,phase_noise,31249980.1,21000.0,30.0,10,31250115.1,-80.6492157
1000000000.0,1146905830.5499647,phase_noise,31249980.1,21000.0,30.0,10,31250130.1,-81.59157562
1000000000.0,1146905830.5499647,phase_noise,31249980.1,21000.0,30.0,10,31250145.1,-79.91834259
1000000000.0,1146905830.5499647,phase_noise,31249980.1,21000.0,30.0,10,31250160.1,-77.65702057
1000000000.0,1146905830.5499647,phase_noise,31249980.1,21000.0,30.0,10,31250175.1,-75.88599396
1000000000.0,1146905830.5499647,phase_noise,31249980.1,21000.0,30.0,10,31250190.1,-76.27892303
1000000000.0,1146905830.5499647,phase_noise,31249980.1,21000.0,30.0,10,31250205.1,-76.33555603
1000000000.0,1146905830.5499647,phase_noise,31249980.1,21000.0,30.0,10,31250220.1,-77.93466949
1000000000.0,1146905830.5499647,phase_noise,31249980.1,21000.0,30.0,10,31250235.1,-82.66889191
1000000000.0,1146905830.5499647,phase_noise,31249980.1,21000.0,30.0,10,31250250.1,-81.09007263
1000000000.0,1146905830.5499647,phase_noise,31249980.1,21000.0,30.0,10,31250265.1,-79.12587738
1000000000.0,1146905830.5499647,phase_noise,31249980.1,21000.0,30.0,10,31250280.1,-77.2910614
1000000000.0,1146905830.5499647,phase_noise,31249980.1,21000.0,30.0,10,31250295.1,-77.52112579
1000000000.0,1146905830.5499647,phase_noise,31249980.1,21000.0,30.0,10,31250310.1,-78.35044861
1000000000.0,1146905830.5499647,phase_noise,31249980.1,21000.0,30.0,10,31250325.1,-77.52616882
1000000000.0,1146905830.5499647,phase_noise,31249980.1,21000.0,30.0,10,31250340.1,-74.61845398
1000000000.0,1146905830.5499647,phase_noise,31249980.1,21000.0,30.0,10,31250355.1,-73.71697235
1000000000.0,1146905830.5499647,phase_noise,31249980.1,21000.0,30.0,10,31250370.1,-75.35127258
1000000000.0,1146905830.5499647,phase_noise,31249980.1,21000.0,30.0,10,31250385.1,-77.76337433
1000000000.0,1146905830.5499647,phase_noise,31249980.1,21000.0,30.0,10,31250400.1,-80.33329773
1000000000.0,1146905830.5499647,phase_noise,31249980.1,21000.0,30.0,10,31250415.1,-80.98193359
1000000000.0,1146905830.5499647,phase_noise,31249980.1,21000.0,30.0,10,31250430.1,-81.19683838
1000000000.0,1146905830.5499647,phase_noise,31249980.1,21000.0,30.0,10,31250445.1,-82.17162323
1000000000.0,1146905830.5499647,phase_noise,31249980.1,21000.0,30.0,10,31250460.1,-77.58660126
1000000000.0,1146905830.5499647,phase_noise,31249980.1,21000.0,30.0,10,31250475.1,-74.05226898
1000000000.0,1146905830.5499647,phase_noise,31249980.1,21000.0,30.0,10,31250490.1,-75.75598907
1000000000.0,1146905830.5499647,phase_noise,31249980.1,21000.0,30.0,10,31250505.1,-82.36302948
1000000000.0,1146905830.5499647,phase_noise,31249980.1,21000.0,30.0,10,31250520.1,-82.53162384
1000000000.0,1146905830.5499647,phase_noise,31249980.1,21000.0,30.0,10,31250535.1,-83.22421265
1000000000.0,1146905830.5499647,phase_noise,31249980.1,21000.0,30.0,10,31250550.1,-84.71782684
1000000000.0,1146905830.5499647,phase_noise,31249980.1,21000.0,30.0,10,31250565.1,-82.99700928
1000000000.0,1146905830.5499647,phase_noise,31249980.1,21000.0,30.0,10,31250580.1,-80.99987793
1000000000.0,1146905830.5499647,phase_noise,31249980.1,21000.0,30.0,10,31250595.1,-80.53303528
1000000000.0,1146905830.5499647,phase_noise,31249980.1,21000.0,30.0,10,31250610.1,-81.07486725
1000000000.0,1146905830.5499647,phase_noise,31249980.1,21000.0,30.0,10,31250625.1,-82.55947876
1000000000.0,1146905830.5499647,phase_noise,31249980.1,21000.0,30.0,10,31250640.1,-83.63890076
1000000000.0,1146905830.5499647,phase_noise,31249980.1,21000.0,30.0,10,31250655.1,-83.78391266
1000000000.0,1146905830.5499647,phase_noise,31249980.1,21000.0,30.0,10,31250670.1,-84.08205414
1000000000.0,1146905830.5499647,phase_noise,31249980.1,21000.0,30.0,10,31250685.1,-83.30387115
1000000000.0,1146905830.5499647,phase_noise,31249980.1,21000.0,30.0,10,31250700.1,-81.10912323
1000000000.0,1146905830.5499647,phase_noise,31249980.1,21000.0,30.0,10,31250715.1,-80.16652679
1000000000.0,1146905830.5499647,phase_noise,31249980.1,21000.0,30.0,10,31250730.1,-79.68608093
1000000000.0,1146905830.5499647,phase_noise,31249980.1,21000.0,30.0,10,31250745.1,-80.14923096
1000000000.0,1146905830.5499647,phase_noise,31249980.1,21000.0,30.0,10,31250760.1,-81.3144989
1000000000.0,1146905830.5499647,phase_noise,31249980.1,21000.0,30.0,10,31250775.1,-81.40019226
1000000000.0,1146905830.5499647,phase_noise,31249980.1,21000.0,30.0,10,31250790.1,-81.29344177
1000000000.0,1146905830.5499647,phase_noise,31249980.1,21000.0,30.0,10,31250805.1,-80.2123642
1000000000.0,1146905830.5499647,phase_noise,31249980.1,21000.0,30.0,10,31250820.1,-80.30916595
1000000000.0,1146905830.5499647,phase_noise,31249980.1,21000.0,30.0,10,31250835.1,-80.78261566
1000000000.0,1146905830.5499647,phase_noise,31249980.1,21000.0,30.0,10,31250850.1,-81.01877594
1000000000.0,1146905830.5499647,phase_noise,31249980.1,21000.0,30.0,10,31250865.1,-81.64768219
1000000000.0,1146905830.5499647,phase_noise,31249980.1,21000.0,30.0,10,31250880.1,-82.78372192
1000000000.0,1146905830.5499647,phase_noise,31249980.1,21000.0,30.0,10,31250895.1,-83.7539978
1000000000.0,1146905830.5499647,phase_noise,31249980.1,21000.0,30.0,10,31250910.1,-82.77796173
1000000000.0,1146905830.5499647,phase_noise,31249980.1,21000.0,30.0,10,31250925.1,-81.76951599
1000000000.0,1146905830.5499647,phase_noise,31249980.1,21000.0,30.0,10,31250940.1,-81.36785889
1000000000.0,1146905830.5499647,phase_noise,31249980.1,21000.0,30.0,10,31250955.1,-80.82681274
1000000000.0,1146905830.5499647,phase_noise,31249980.1,21000.0,30.0,10,31250970.1,-79.89682007
1000000000.0,1146905830.5499647,phase_noise,31249980.1,21000.0,30.0,10,31250985.1,-78.56490326
1000000000.0,1146905830.5499647,phase_noise,31249980.1,21000.0,30.0,10,31251000.1,-77.99616241
1000000000.0,1146905830.5499647,phase_noise,31249980.1,21000.0,30.0,10,31251015.1,-78.46095276
1000000000.0,1146905830.5499647,phase_noise,31249980.1,21000.0,30.0,10,31251030.1,-79.26738739
1000000000.0,1146905830.5499647,phase_noise,31249980.1,21000.0,30.0,10,31251045.1,-79.69825745
1000000000.0,1146905830.5499647,phase_noise,31249980.1,21000.0,30.0,10,31251060.1,-81.6943512
1000000000.0,1146905830.5499647,phase_noise,31249980.1,21000.0,30.0,10,31251075.1,-84.8473587
1000000000.0,1146905830.5499647,phase_noise,31249980.1,21000.0,30.0,10,31251090.1,-84.88768768
1000000000.0,1146905830.5499647,phase_noise,31249980.1,21000.0,30.0,10,31251105.1,-82.77496338
1000000000.0,1146905830.5499647,phase_noise,31249980.1,21000.0,30.0,10,31251120.1,-82.25988007
1000000000.0,1146905830.5499647,phase_noise,31249980.1,21000.0,30.0,10,31251135.1,-83.63874054
1000000000.0,1146905830.5499647,phase_noise,31249980.1,21000.0,30.0,10,31251150.1,-84.58730316
1000000000.0,1146905830.5499647,phase_noise,31249980.1,21000.0,30.0,10,31251165.1,-81.47622681
1000000000.0,1146905830.5499647,phase_noise,31249980.1,21000.0,30.0,10,31251180.1,-80.22560883
1000000000.0,1146905830.5499647,phase_noise,31249980.1,21000.0,30.0,10,31251195.1,-81.12936401
1000000000.0,1146905830.5499647,phase_noise,31249980.1,21000.0,30.0,10,31251210.1,-81.43318176
1000000000.0,1146905830.5499647,phase_noise,31249980.1,21000.0,30.0,10,31251225.1,-80.51132965
1000000000.0,1146905830.5499647,phase_noise,31249980.1,21000.0,30.0,10,31251240.1,-79.10800171
1000000000.0,1146905830.5499647,phase_noise,31249980.1,21000.0,30.0,10,31251255.1,-78.75960541
1000000000.0,1146905830.5499647,phase_noise,31249980.1,21000.0,30.0,10,31251270.1,-78.63200378
1000000000.0,1146905830.5499647,phase_noise,31249980.1,21000.0,30.0,10,31251285.1,-75.98985291
1000000000.0,1146905830.5499647,phase_noise,31249980.1,21000.0,30.0,10,31251300.1,-73.97907257
1000000000.0,1146905830.5499647,phase_noise,31249980.1,21000.0,30.0,10,31251315.1,-74.86478424
1000000000.0,1146905830.5499647,phase_noise,31249980.1,21000.0,30.0,10,31251330.1,-77.42401886
1000000000.0,1146905830.5499647,phase_noise,31249980.1,21000.0,30.0,10,31251345.1,-80.38344574
1000000000.0,1146905830.5499647,phase_noise,31249980.1,21000.0,30.0,10,31251360.1,-82.30945587
1000000000.0,1146905830.5499647,phase_noise,31249980.1,21000.0,30.0,10,31251375.1,-80.82105255
1000000000.0,1146905830.5499647,phase_noise,31249980.1,21000.0,30.0,10,31251390.1,-80.73706055
1000000000.0,1146905830.5499647,phase_noise,31249980.1,21000.0,30.0,10,31251405.1,-82.42243958
1000000000.0,1146905830.5499647,phase_noise,31249980.1,21000.0,30.0,10,31251420.1,-82.78557587
1000000000.0,1146905830.5499647,phase_noise,31249980.1,21000.0,30.0,10,31251435.1,-81.48153687
1000000000.0,1146905830.5499647,phase_noise,31249980.1,21000.0,30.0,10,31251450.1,-81.37154388
1000000000.0,1146905830.5499647,phase_noise,31249980.1,21000.0,30.0,10,31251465.1,-80.25747681
1000000000.0,1146905830.5499647,phase_noise,31249980.1,21000.0,30.0,10,31251480.1,-79.56311798
1000000000.0,1146905830.5499647,phase_noise,31249980.1,21000.0,30.0,10,31251495.1,-81.15864563
1000000000.0,1146905830.5499647,phase_noise,31249980.1,21000.0,30.0,10,31251510.1,-83.38833618
1000000000.0,1146905830.5499647,phase_noise,31249980.1,21000.0,30.0,10,31251525.1,-82.44281006
1000000000.0,1146905830.5499647,phase_noise,31249980.1,21000.0,30.0,10,31251540.1,-81.75180817
1000000000.0,1146905830.5499647,phase_noise,31249980.1,21000.0,30.0,10,31251555.1,-82.94364929
1000000000.0,1146905830.5499647,phase_noise,31249980.1,21000.0,30.0,10,31251570.1,-81.34027863
1000000000.0,1146905830.5499647,phase_noise,31249980.1,21000.0,30.0,10,31251585.1,-80.18325806
1000000000.0,1146905830.5499647,phase_noise,31249980.1,21000.0,30.0,10,31251600.1,-80.59062195
1000000000.0,1146905830.5499647,phase_noise,31249980.1,21000.0,30.0,10,31251615.1,-80.32569885
1000000000.0,1146905830.5499647,phase_noise,31249980.1,21000.0,30.0,10,31251630.1,-80.36225128
1000000000.0,1146905830.5499647,phase_noise,31249980.1,21000.0,30.0,10,31251645.1,-81.85115814
1000000000.0,1146905830.5499647,phase_noise,31249980.1,21000.0,30.0,10,31251660.1,-83.11197662
1000000000.0,1146905830.5499647,phase_noise,31249980.1,21000.0,30.0,10,31251675.1,-83.13256073
1000000000.0,1146905830.5499647,phase_noise,31249980.1,21000.0,30.0,10,31251690.1,-83.6394577
1000000000.0,1146905830.5499647,phase_noise,31249980.1,21000.0,30.0,10,31251705.1,-83.31058502
1000000000.0,1146905830.5499647,phase_noise,31249980.1,21000.0,30.0,10,31251720.1,-82.09077454
1000000000.0,1146905830.5499647,phase_noise,31249980.1,21000.0,30.0,10,31251735.1,-81.18483734
1000000000.0,1146905830.5499647,phase_noise,31249980.1,21000.0,30.0,10,31251750.1,-80.81325531
1000000000.0,1146905830.5499647,phase_noise,31249980.1,21000.0,30.0,10,31251765.1,-80.48440552
1000000000.0,1146905830.5499647,phase_noise,31249980.1,21000.0,30.0,10,31251780.1,-80.15074921
1000000000.0,1146905830.5499647,phase_noise,31249980.1,21000.0,30.0,10,31251795.1,-80.0790863
1000000000.0,1146905830.5499647,phase_noise,31249980.1,21000.0,30.0,10,31251810.1,-80.54262543
1000000000.0,1146905830.5499647,phase_noise,31249980.1,21000.0,30.0,10,31251825.1,-80.69837952
1000000000.0,1146905830.5499647,phase_noise,31249980.1,21000.0,30.0,10,31251840.1,-81.20999146
1000000000.0,1146905830.5499647,phase_noise,31249980.1,21000.0,30.0,10,31251855.1,-81.86206818
1000000000.0,1146905830.5499647,phase_noise,31249980.1,21000.0,30.0,10,31251870.1,-81.86427307
1000000000.0,1146905830.5499647,phase_noise,31249980.1,21000.0,30.0,10,31251885.1,-82.15431976
1000000000.0,1146905830.5499647,phase_noise,31249980.1,21000.0,30.0,10,31251900.1,-82.08072662
1000000000.0,1146905830.5499647,phase_noise,31249980.1,21000.0,30.0,10,31251915.1,-81.28961182
1000000000.0,1146905830.5499647,phase_noise,31249980.1,21000.0,30.0,10,31251930.1,-81.2435379
1000000000.0,1146905830.5499647,phase_noise,31249980.1,21000.0,30.0,10,31251945.1,-81.98735046
1000000000.0,1146905830.5499647,phase_noise,31249980.1,21000.0,30.0,10,31251960.1,-81.31946564
1000000000.0,1146905830.5499647,phase_noise,31249980.1,21000.0,30.0,10,31251975.1,-80.21419525
1000000000.0,1146905830.5499647,phase_noise,31249980.1,21000.0,30.0,10,31251990.1,-79.7008667
1000000000.0,1146905830.5499647,phase_noise,31249980.1,21000.0,30.0,10,31252005.1,-79.7841568
1000000000.0,1146905830.5499647,phase_noise,31249980.1,21000.0,30.0,10,31252020.1,-80.25082397
1000000000.0,1146905830.5499647,phase_noise,31249980.1,21000.0,30.0,10,31252035.1,-81.04909515
1000000000.0,1146905830.5499647,phase_noise,31249980.1,21000.0,30.0,10,31252050.1,-80.95104218
1000000000.0,1146905830.5499647,phase_noise,31249980.1,21000.0,30.0,10,31252065.1,-79.7442627
1000000000.0,1146905830.5499647,phase_noise,31249980.1,21000.0,30.0,10,31252080.1,-79.5451889
1000000000.0,1146905830.5499647,phase_noise,31249980.1,21000.0,30.0,10,31252095.1,-80.24229431
1000000000.0,1146905830.5499647,phase_noise,31249980.1,21000.0,30.0,10,31252110.1,-81.39937592
1000000000.0,1146905830.5499647,phase_noise,31249980.1,21000.0,30.0,10,31252125.1,-81.4254837
1000000000.0,1146905830.5499647,phase_noise,31249980.1,21000.0,30.0,10,31252140.1,-81.27462006
1000000000.0,1146905830.5499647,phase_noise,31249980.1,21000.0,30.0,10,31252155.1,-81.54175568
1000000000.0,1146905830.5499647,phase_noise,31249980.1,21000.0,30.0,10,31252170.1,-81.26381683
1000000000.0,1146905830.5499647,phase_noise,31249980.1,21000.0,30.0,10,31252185.1,-79.82841492
1000000000.0,1146905830.5499647,phase_noise,31249980.1,21000.0,30.0,10,31252200.1,-79.52405548
1000000000.0,1146905830.5499647,phase_noise,31249980.1,21000.0,30.0,10,31252215.1,-80.44192505
1000000000.0,1146905830.5499647,phase_noise,31249980.1,21000.0,30.0,10,31252230.1,-80.67295074
1000000000.0,1146905830.5499647,phase_noise,31249980.1,21000.0,30.0,10,31252245.1,-79.2064209
1000000000.0,1146905830.5499647,phase_noise,31249980.1,21000.0,30.0,10,31252260.1,-79.34788513
1000000000.0,1146905830.5499647,phase_noise,31249980.1,21000.0,30.0,10,31252275.1,-81.26763153
1000000000.0,1146905830.5499647,phase_noise,31249980.1,21000.0,30.0,10,31252290.1,-82.09805298
1000000000.0,1146905830.5499647,phase_noise,31249980.1,21000.0,30.0,10,31252305.1,-83.46392822
1000000000.0,1146905830.5499647,phase_noise,31249980.1,21000.0,30.0,10,31252320.1,-82.14987946
1000000000.0,1146905830.5499647,phase_noise,31249980.1,21000.0,30.0,10,31252335.1,-79.60131073
1000000000.0,1146905830.5499647,phase_noise,31249980.1,21000.0,30.0,10,31252350.1,-79.03743744
1000000000.0,1146905830.5499647,phase_noise,31249980.1,21000.0,30.0,10,31252365.1,-80.58830261
1000000000.0,1146905830.5499647,phase_noise,31249980.1,21000.0,30.0,10,31252380.1,-79.53993225
1000000000.0,1146905830.5499647,phase_noise,31249980.1,21000.0,30.0,10,31252395.1,-76.85067749
1000000000.0,1146905830.5499647,phase_noise,31249980.1,21000.0,30.0,10,31252410.1,-75.63378143
1000000000.0,1146905830.5499647,phase_noise,31249980.1,21000.0,30.0,10,31252425.1,-75.88426208
1000000000.0,1146905830.5499647,phase_noise,31249980.1,21000.0,30.0,10,31252440.1,-77.11161804
1000000000.0,1146905830.5499647,phase_noise,31249980.1,21000.0,30.0,10,31252455.1,-78.73246002
1000000000.0,1146905830.5499647,phase_noise,31249980.1,21000.0,30.0,10,31252470.1,-79.70388031
1000000000.0,1146905830.5499647,phase_noise,31249980.1,21000.0,30.0,10,31252485.1,-81.42186737
1000000000.0,1146905830.5499647,phase_noise,31249980.1,21000.0,30.0,10,31252500.1,-82.83647156
1000000000.0,1146905830.5499647,phase_noise,31249980.1,21000.0,30.0,10,31252515.1,-82.04640198
1000000000.0,1146905830.5499647,phase_noise,31249980.1,21000.0,30.0,10,31252530.1,-81.49534607
1000000000.0,1146905830.5499647,phase_noise,31249980.1,21000.0,30.0,10,31252545.1,-81.7073288
1000000000.0,1146905830.5499647,phase_noise,31249980.1,21000.0,30.0,10,31252560.1,-81.66197205
1000000000.0,1146905830.5499647,phase_noise,31249980.1,21000.0,30.0,10,31252575.1,-80.82835388
1000000000.0,1146905830.5499647,phase_noise,31249980.1,21000.0,30.0,10,31252590.1,-79.75124359
1000000000.0,1146905830.5499647,phase_noise,31249980.1,21000.0,30.0,10,31252605.1,-78.89744568
1000000000.0,1146905830.5499647,phase_noise,31249980.1,21000.0,30.0,10,31252620.1,-79.37697601
1000000000.0,1146905830.5499647,phase_noise,31249980.1,21000.0,30.0,10,31252635.1,-81.85141754
1000000000.0,1146905830.5499647,phase_noise,31249980.1,21000.0,30.0,10,31252650.1,-83.1674118
1000000000.0,1146905830.5499647,phase_noise,31249980.1,21000.0,30.0,10,31252665.1,-83.12942505
1000000000.0,1146905830.5499647,phase_noise,31249980.1,21000.0,30.0,10,31252680.1,-82.45610046
1000000000.0,1146905830.5499647,phase_noise,31249980.1,21000.0,30.0,10,31252695.1,-82.33476257
1000000000.0,1146905830.5499647,phase_noise,31249980.1,21000.0,30.0,10,31252710.1,-81.52005005
1000000000.0,1146905830.5499647,phase_noise,31249980.1,21000.0,30.0,10,31252725.1,-82.40800476
1000000000.0,1146905830.5499647,phase_noise,31249980.1,21000.0,30.0,10,31252740.1,-84.10618591
1000000000.0,1146905830.5499647,phase_noise,31249980.1,21000.0,30.0,10,31252755.1,-82.52166748
1000000000.0,1146905830.5499647,phase_noise,31249980.1,21000.0,30.0,10,31252770.1,-81.26216888
1000000000.0,1146905830.5499647,phase_noise,31249980.1,21000.0,30.0,10,31252785.1,-81.09146118
1000000000.0,1146905830.5499647,phase_noise,31249980.1,21000.0,30.0,10,31252800.1,-81.774086
1000000000.0,1146905830.5499647,phase_noise,31249980.1,21000.0,30.0,10,31252815.1,-82.98176575
1000000000.0,1146905830.5499647,phase_noise,31249980.1,21000.0,30.0,10,31252830.1,-82.21182251
1000000000.0,1146905830.5499647,phase_noise,31249980.1,21000.0,30.0,10,31252845.1,-81.26026154
1000000000.0,1146905830.5499647,phase_noise,31249980.1,21000.0,30.0,10,31252860.1,-81.83690643
1000000000.0,1146905830.5499647,phase_noise,31249980.1,21000.0,30.0,10,31252875.1,-82.51791382
1000000000.0,1146905830.5499647,phase_noise,31249980.1,21000.0,30.0,10,31252890.1,-82.76181793
1000000000.0,1146905830.5499647,phase_noise,31249980.1,21000.0,30.0,10,31252905.1,-82.52994537
1000000000.0,1146905830.5499647,phase_noise,31249980.1,21000.0,30.0,10,31252920.1,-83.32377625
1000000000.0,1146905830.5499647,phase_noise,31249980.1,21000.0,30.0,10,31252935.1,-84.35355377
1000000000.0,1146905830.5499647,phase_noise,31249980.1,21000.0,30.0,10,31252950.1,-84.88954926
1000000000.0,1146905830.5499647,phase_noise,31249980.1,21000.0,30.0,10,31252965.1,-84.02169037
1000000000.0,1146905830.5499647,phase_noise,31249980.1,21000.0,30.0,10,31252980.1,-82.44049072
1000000000.0,1146905830.5499647,phase_noise,31249980.1,21000.0,30.0,10,31252995.1,-81.5376358
1000000000.0,1146905830.5499647,phase_noise,31249980.1,21000.0,30.0,10,31253010.1,-81.86132812
1000000000.0,1146905830.5499647,phase_noise,31249980.1,21000.0,30.0,10,31253025.1,-82.90267944
1000000000.0,1146905830.5499647,phase_noise,31249980.1,21000.0,30.0,10,31253040.1,-83.54705048
1000000000.0,1146905830.5499647,phase_noise,31249980.1,21000.0,30.0,10,31253055.1,-82.50237274
1000000000.0,1146905830.5499647,phase_noise,31249980.1,21000.0,30.0,10,31253070.1,-81.24389648
1000000000.0,1146905830.5499647,phase_noise,31249980.1,21000.0,30.0,10,31253085.1,-81.81989288
1000000000.0,1146905830.5499647,phase_noise,31249980.1,21000.0,30.0,10,31253100.1,-83.05908203
1000000000.0,1146905830.5499647,phase_noise,31249980.1,21000.0,30.0,10,31253115.1,-83.09659576
1000000000.0,1146905830.5499647,phase_noise,31249980.1,21000.0,30.0,10,31253130.1,-83.34609222
1000000000.0,1146905830.5499647,phase_noise,31249980.1,21000.0,30.0,10,31253145.1,-84.05548096
1000000000.0,1146905830.5499647,phase_noise,31249980.1,21000.0,30.0,10,31253160.1,-84.4701767
1000000000.0,1146905830.5499647,phase_noise,31249980.1,21000.0,30.0,10,31253175.1,-81.75991821
1000000000.0,1146905830.5499647,phase_noise,31249980.1,21000.0,30.0,10,31253190.1,-80.47826385
1000000000.0,1146905830.5499647,phase_noise,31249980.1,21000.0,30.0,10,31253205.1,-81.20411682
1000000000.0,1146905830.5499647,phase_noise,31249980.1,21000.0,30.0,10,31253220.1,-81.19178772
1000000000.0,1146905830.5499647,phase_noise,31249980.1,21000.0,30.0,10,31253235.1,-81.17155457
1000000000.0,1146905830.5499647,phase_noise,31249980.1,21000.0,30.0,10,31253250.1,-83.21512604
1000000000.0,1146905830.5499647,phase_noise,31249980.1,21000.0,30.0,10,31253265.1,-84.62956238
1000000000.0,1146905830.5499647,phase_noise,31249980.1,21000.0,30.0,10,31253280.1,-82.51669312
1000000000.0,1146905830.5499647,phase_noise,31249980.1,21000.0,30.0,10,31253295.1,-81.4544754
1000000000.0,1146905830.5499647,phase_noise,31249980.1,21000.0,30.0,10,31253310.1,-82.28954315
1000000000.0,1146905830.5499647,phase_noise,31249980.1,21000.0,30.0,10,31253325.1,-83.21523285
1000000000.0,1146905830.5499647,phase_noise,31249980.1,21000.0,30.0,10,31253340.1,-83.65196228
1000000000.0,1146905830.5499647,phase_noise,31249980.1,21000.0,30.0,10,31253355.1,-84.03816986
1000000000.0,1146905830.5499647,phase_noise,31249980.1,21000.0,30.0,10,31253370.1,-82.31652832
1000000000.0,1146905830.5499647,phase_noise,31249980.1,21000.0,30.0,10,31253385.1,-81.20055389
1000000000.0,1146905830.5499647,phase_noise,31249980.1,21000.0,30.0,10,31253400.1,-81.88508606
1000000000.0,1146905830.5499647,phase_noise,31249980.1,21000.0,30.0,10,31253415.1,-83.1046524
1000000000.0,1146905830.5499647,phase_noise,31249980.1,21000.0,30.0,10,31253430.1,-82.19528961
1000000000.0,1146905830.5499647,phase_noise,31249980.1,21000.0,30.0,10,31253445.1,-80.91991425
1000000000.0,1146905830.5499647,phase_noise,31249980.1,21000.0,30.0,10,31253460.1,-80.44948578
1000000000.0,1146905830.5499647,phase_noise,31249980.1,21000.0,30.0,10,31253475.1,-81.28783417
1000000000.0,1146905830.5499647,phase_noise,31249980.1,21000.0,30.0,10,31253490.1,-81.63658142
1000000000.0,1146905830.5499647,phase_noise,31249980.1,21000.0,30.0,10,31253505.1,-81.21640015
1000000000.0,1146905830.5499647,phase_noise,31249980.1,21000.0,30.0,10,31253520.1,-81.93917847
1000000000.0,1146905830.5499647,phase_noise,31249980.1,21000.0,30.0,10,31253535.1,-83.20166016
1000000000.0,1146905830.5499647,phase_noise,31249980.1,21000.0,30.0,10,31253550.1,-84.49461365
1000000000.0,1146905830.5499647,phase_noise,31249980.1,21000.0,30.0,10,31253565.1,-83.63985443
1000000000.0,1146905830.5499647,phase_noise,31249980.1,21000.0,30.0,10,31253580.1,-81.99766541
1000000000.0,1146905830.5499647,phase_noise,31249980.1,21000.0,30.0,10,31253595.1,-83.23412323
1000000000.0,1146905830.5499647,phase_noise,31249980.1,21000.0,30.0,10,31253610.1,-83.2314682
1000000000.0,1146905830.5499647,phase_noise,31249980.1,21000.0,30.0,10,31253625.1,-81.7612381
1000000000.0,1146905830.5499647,phase_noise,31249980.1,21000.0,30.0,10,31253640.1,-81.69617462
1000000000.0,1146905830.5499647,phase_noise,31249980.1,21000.0,30.0,10,31253655.1,-82.20283508
1000000000.0,1146905830.5499647,phase_noise,31249980.1,21000.0,30.0,10,31253670.1,-83.56539154
1000000000.0,1146905830.5499647,phase_noise,31249980.1,21000.0,30.0,10,31253685.1,-82.40383148
1000000000.0,1146905830.5499647,phase_noise,31249980.1,21000.0,30.0,10,31253700.1,-81.59423065
1000000000.0,1146905830.5499647,phase_noise,31249980.1,21000.0,30.0,10,31253715.1,-82.68961334
1000000000.0,1146905830.5499647,phase_noise,31249980.1,21000.0,30.0,10,31253730.1,-83.42815399
1000000000.0,1146905830.5499647,phase_noise,31249980.1,21000.0,30.0,10,31253745.1,-84.74023437
1000000000.0,1146905830.5499647,phase_noise,31249980.1,21000.0,30.0,10,31253760.1,-85.75670624
1000000000.0,1146905830.5499647,phase_noise,31249980.1,21000.0,30.0,10,31253775.1,-84.18180847
1000000000.0,1146905830.5499647,phase_noise,31249980.1,21000.0,30.0,10,31253790.1,-82.40455627
1000000000.0,1146905830.5499647,phase_noise,31249980.1,21000.0,30.0,10,31253805.1,-80.87779999
1000000000.0,1146905830.5499647,phase_noise,31249980.1,21000.0,30.0,10,31253820.1,-80.98526001
1000000000.0,1146905830.5499647,phase_noise,31249980.1,21000.0,30.0,10,31253835.1,-82.35082245
1000000000.0,1146905830.5499647,phase_noise,31249980.1,21000.0,30.0,10,31253850.1,-83.83929443
1000000000.0,1146905830.5499647,phase_noise,31249980.1,21000.0,30.0,10,31253865.1,-83.07964325
1000000000.0,1146905830.5499647,phase_noise,31249980.1,21000.0,30.0,10,31253880.1,-83.24086761
1000000000.0,1146905830.5499647,phase_noise,31249980.1,21000.0,30.0,10,31253895.1,-82.94359589
1000000000.0,1146905830.5499647,phase_noise,31249980.1,21000.0,30.0,10,31253910.1,-80.66039276
1000000000.0,1146905830.5499647,phase_noise,31249980.1,21000.0,30.0,10,31253925.1,-79.8212738
1000000000.0,1146905830.5499647,phase_noise,31249980.1,21000.0,30.0,10,31253940.1,-79.74415588
1000000000.0,1146905830.5499647,phase_noise,31249980.1,21000.0,30.0,10,31253955.1,-80.33896637
1000000000.0,1146905830.5499647,phase_noise,31249980.1,21000.0,30.0,10,31253970.1,-81.03017426
1000000000.0,1146905830.5499647,phase_noise,31249980.1,21000.0,30.0,10,31253985.1,-81.29992676
1000000000.0,1146905830.5499647,phase_noise,31249980.1,21000.0,30.0,10,31254000.1,-80.42284393
1000000000.0,1146905830.5499647,phase_noise,31249980.1,21000.0,30.0,10,31254015.1,-80.29302216
1000000000.0,1146905830.5499647,phase_noise,31249980.1,21000.0,30.0,10,31254030.1,-81.67690277
1000000000.0,1146905830.5499647,phase_noise,31249980.1,21000.0,30.0,10,31254045.1,-82.22934723
1000000000.0,1146905830.5499647,phase_noise,31249980.1,21000.0,30.0,10,31254060.1,-81.14979553
1000000000.0,1146905830.5499647,phase_noise,31249980.1,21000.0,30.0,10,31254075.1,-80.27244568
1000000000.0,1146905830.5499647,phase_noise,31249980.1,21000.0,30.0,10,31254090.1,-80.87142944
1000000000.0,1146905830.5499647,phase_noise,31249980.1,21000.0,30.0,10,31254105.1,-82.5419693
1000000000.0,1146905830.5499647,phase_noise,31249980.1,21000.0,30.0,10,31254120.1,-83.95845032
1000000000.0,1146905830.5499647,phase_noise,31249980.1,21000.0,30.0,10,31254135.1,-82.36446381
1000000000.0,1146905830.5499647,phase_noise,31249980.1,21000.0,30.0,10,31254150.1,-80.64126587
1000000000.0,1146905830.5499647,phase_noise,31249980.1,21000.0,30.0,10,31254165.1,-80.91526031
1000000000.0,1146905830.5499647,phase_noise,31249980.1,21000.0,30.0,10,31254180.1,-81.23318481
1000000000.0,1146905830.5499647,phase_noise,31249980.1,21000.0,30.0,10,31254195.1,-80.44519043
1000000000.0,1146905830.5499647,phase_noise,31249980.1,21000.0,30.0,10,31254210.1,-80.4076004
1000000000.0,1146905830.5499647,phase_noise,31249980.1,21000.0,30.0,10,31254225.1,-80.28231812
1000000000.0,1146905830.5499647,phase_noise,31249980.1,21000.0,30.0,10,31254240.1,-80.00926208
1000000000.0,1146905830.5499647,phase_noise,31249980.1,21000.0,30.0,10,31254255.1,-81.74088287
1000000000.0,1146905830.5499647,phase_noise,31249980.1,21000.0,30.0,10,31254270.1,-85.42768097
1000000000.0,1146905830.5499647,phase_noise,31249980.1,21000.0,30.0,10,31254285.1,-83.97621918
1000000000.0,1146905830.5499647,phase_noise,31249980.1,21000.0,30.0,10,31254300.1,-82.38123322
1000000000.0,1146905830.5499647,phase_noise,31249980.1,21000.0,30.0,10,31254315.1,-82.25736237
1000000000.0,1146905830.5499647,phase_noise,31249980.1,21000.0,30.0,10,31254330.1,-81.87732697
1000000000.0,1146905830.5499647,phase_noise,31249980.1,21000.0,30.0,10,31254345.1,-81.90622711
1000000000.0,1146905830.5499647,phase_noise,31249980.1,21000.0,30.0,10,31254360.1,-81.74945831
1000000000.0,1146905830.5499647,phase_noise,31249980.1,21000.0,30.0,10,31254375.1,-81.81510162
1000000000.0,1146905830.5499647,phase_noise,31249980.1,21000.0,30.0,10,31254390.1,-82.52035522
1000000000.0,1146905830.5499647,phase_noise,31249980.1,21000.0,30.0,10,31254405.1,-81.74276733
1000000000.0,1146905830.5499647,phase_noise,31249980.1,21000.0,30.0,10,31254420.1,-79.57180786
1000000000.0,1146905830.5499647,phase_noise,31249980.1,21000.0,30.0,10,31254435.1,-79.50501251
1000000000.0,1146905830.5499647,phase_noise,31249980.1,21000.0,30.0,10,31254450.1,-80.35445404
1000000000.0,1146905830.5499647,phase_noise,31249980.1,21000.0,30.0,10,31254465.1,-80.0734787
1000000000.0,1146905830.5499647,phase_noise,31249980.1,21000.0,30.0,10,31254480.1,-80.71323395
1000000000.0,1146905830.5499647,phase_noise,31249980.1,21000.0,30.0,10,31254495.1,-82.02520752
1000000000.0,1146905830.5499647,phase_noise,31249980.1,21000.0,30.0,10,31254510.1,-82.92684937
1000000000.0,1146905830.5499647,phase_noise,31249980.1,21000.0,30.0,10,31254525.1,-83.07687378
1000000000.0,1146905830.5499647,phase_noise,31249980.1,21000.0,30.0,10,31254540.1,-83.26382446
1000000000.0,1146905830.5499647,phase_noise,31249980.1,21000.0,30.0,10,31254555.1,-84.01165771
1000000000.0,1146905830.5499647,phase_noise,31249980.1,21000.0,30.0,10,31254570.1,-84.2049942
1000000000.0,1146905830.5499647,phase_noise,31249980.1,21000.0,30.0,10,31254585.1,-83.0499649
1000000000.0,1146905830.5499647,phase_noise,31249980.1,21000.0,30.0,10,31254600.1,-81.61310577
1000000000.0,1146905830.5499647,phase_noise,31249980.1,21000.0,30.0,10,31254615.1,-81.21426392
1000000000.0,1146905830.5499647,phase_noise,31249980.1,21000.0,30.0,10,31254630.1,-82.06622314
1000000000.0,1146905830.5499647,phase_noise,31249980.1,21000.0,30.0,10,31254645.1,-82.2423172
1000000000.0,1146905830.5499647,phase_noise,31249980.1,21000.0,30.0,10,31254660.1,-82.71376801
1000000000.0,1146905830.5499647,phase_noise,31249980.1,21000.0,30.0,10,31254675.1,-82.86991119
1000000000.0,1146905830.5499647,phase_noise,31249980.1,21000.0,30.0,10,31254690.1,-81.7951355
1000000000.0,1146905830.5499647,phase_noise,31249980.1,21000.0,30.0,10,31254705.1,-82.42765808
1000000000.0,1146905830.5499647,phase_noise,31249980.1,21000.0,30.0,10,31254720.1,-84.69373322
1000000000.0,1146905830.5499647,phase_noise,31249980.1,21000.0,30.0,10,31254735.1,-85.36692047
1000000000.0,1146905830.5499647,phase_noise,31249980.1,21000.0,30.0,10,31254750.1,-83.95944977
1000000000.0,1146905830.5499647,phase_noise,31249980.1,21000.0,30.0,10,31254765.1,-77.12939453
1000000000.0,1146905830.5499647,phase_noise,31249980.1,21000.0,30.0,10,31254780.1,-67.65581512
1000000000.0,1146905830.5499647,phase_noise,31249980.1,21000.0,30.0,10,31254795.1,-63.43154907
1000000000.0,1146905830.5499647,phase_noise,31249980.1,21000.0,30.0,10,31254810.1,-64.25209808
1000000000.0,1146905830.5499647,phase_noise,31249980.1,21000.0,30.0,10,31254825.1,-67.13841248
1000000000.0,1146905830.5499647,phase_noise,31249980.1,21000.0,30.0,10,31254840.1,-69.79062653
1000000000.0,1146905830.5499647,phase_noise,31249980.1,21000.0,30.0,10,31254855.1,-75.64545441
1000000000.0,1146905830.5499647,phase_noise,31249980.1,21000.0,30.0,10,31254870.1,-81.10119629
1000000000.0,1146905830.5499647,phase_noise,31249980.1,21000.0,30.0,10,31254885.1,-82.00444794
1000000000.0,1146905830.5499647,phase_noise,31249980.1,21000.0,30.0,10,31254900.1,-82.67506409
1000000000.0,1146905830.5499647,phase_noise,31249980.1,21000.0,30.0,10,31254915.1,-82.09679413
1000000000.0,1146905830.5499647,phase_noise,31249980.1,21000.0,30.0,10,31254930.1,-81.29522705
1000000000.0,1146905830.5499647,phase_noise,31249980.1,21000.0,30.0,10,31254945.1,-81.79904938
1000000000.0,1146905830.5499647,phase_noise,31249980.1,21000.0,30.0,10,31254960.1,-83.5736618
1000000000.0,1146905830.5499647,phase_noise,31249980.1,21000.0,30.0,10,31254975.1,-85.45923615
1000000000.0,1146905830.5499647,phase_noise,31249980.1,21000.0,30.0,10,31254990.1,-83.21391296
1000000000.0,1146905830.5499647,phase_noise,31249980.1,21000.0,30.0,10,31255005.1,-82.8690033
1000000000.0,1146905830.5499647,phase_noise,31249980.1,21000.0,30.0,10,31255020.1,-84.57386017
1000000000.0,1146905830.5499647,phase_noise,31249980.1,21000.0,30.0,10,31255035.1,-82.05915833
1000000000.0,1146905830.5499647,phase_noise,31249980.1,21000.0,30.0,10,31255050.1,-81.21495056
1000000000.0,1146905830.5499647,phase_noise,31249980.1,21000.0,30.0,10,31255065.1,-81.4548645
1000000000.0,1146905830.5499647,phase_noise,31249980.1,21000.0,30.0,10,31255080.1,-81.01787567
1000000000.0,1146905830.5499647,phase_noise,31249980.1,21000.0,30.0,10,31255095.1,-81.37674713
1000000000.0,1146905830.5499647,phase_noise,31249980.1,21000.0,30.0,10,31255110.1,-79.6199646
1000000000.0,1146905830.5499647,phase_noise,31249980.1,21000.0,30.0,10,31255125.1,-75.94949341
1000000000.0,1146905830.5499647,phase_noise,31249980.1,21000.0,30.0,10,31255140.1,-74.20239258
1000000000.0,1146905830.5499647,phase_noise,31249980.1,21000.0,30.0,10,31255155.1,-72.83443451
1000000000.0,1146905830.5499647,phase_noise,31249980.1,21000.0,30.0,10,31255170.1,-71.67081451
1000000000.0,1146905830.5499647,phase_noise,31249980.1,21000.0,30.0,10,31255185.1,-73.34177399
1000000000.0,1146905830.5499647,phase_noise,31249980.1,21000.0,30.0,10,31255200.1,-75.11170197
1000000000.0,1146905830.5499647,phase_noise,31249980.1,21000.0,30.0,10,31255215.1,-76.63420868
1000000000.0,1146905830.5499647,phase_noise,31249980.1,21000.0,30.0,10,31255230.1,-80.57266998
1000000000.0,1146905830.5499647,phase_noise,31249980.1,21000.0,30.0,10,31255245.1,-82.23121643
1000000000.0,1146905830.5499647,phase_noise,31249980.1,21000.0,30.0,10,31255260.1,-80.80597687
1000000000.0,1146905830.5499647,phase_noise,31249980.1,21000.0,30.0,10,31255275.1,-81.69161987
1000000000.0,1146905830.5499647,phase_noise,31249980.1,21000.0,30.0,10,31255290.1,-82.92996979
1000000000.0,1146905830.5499647,phase_noise,31249980.1,21000.0,30.0,10,31255305.1,-82.0612793
1000000000.0,1146905830.5499647,phase_noise,31249980.1,21000.0,30.0,10,31255320.1,-82.41533661
1000000000.0,1146905830.5499647,phase_noise,31249980.1,21000.0,30.0,10,31255335.1,-84.29457855
1000000000.0,1146905830.5499647,phase_noise,31249980.1,21000.0,30.0,10,31255350.1,-83.81158447
1000000000.0,1146905830.5499647,phase_noise,31249980.1,21000.0,30.0,10,31255365.1,-83.30617523
1000000000.0,1146905830.5499647,phase_noise,31249980.1,21000.0,30.0,10,31255380.1,-84.69187164
1000000000.0,1146905830.5499647,phase_noise,31249980.1,21000.0,30.0,10,31255395.1,-83.59724426
1000000000.0,1146905830.5499647,phase_noise,31249980.1,21000.0,30.0,10,31255410.1,-81.17549896
1000000000.0,1146905830.5499647,phase_noise,31249980.1,21000.0,30.0,10,31255425.1,-81.11294556
1000000000.0,1146905830.5499647,phase_noise,31249980.1,21000.0,30.0,10,31255440.1,-82.27545166
1000000000.0,1146905830.5499647,phase_noise,31249980.1,21000.0,30.0,10,31255455.1,-80.81504822
1000000000.0,1146905830.5499647,phase_noise,31249980.1,21000.0,30.0,10,31255470.1,-80.07365417
1000000000.0,1146905830.5499647,phase_noise,31249980.1,21000.0,30.0,10,31255485.1,-81.59367371
1000000000.0,1146905830.5499647,phase_noise,31249980.1,21000.0,30.0,10,31255500.1,-82.85410309
1000000000.0,1146905830.5499647,phase_noise,31249980.1,21000.0,30.0,10,31255515.1,-82.10425568
1000000000.0,1146905830.5499647,phase_noise,31249980.1,21000.0,30.0,10,31255530.1,-80.60483551
1000000000.0,1146905830.5499647,phase_noise,31249980.1,21000.0,30.0,10,31255545.1,-79.53311157
1000000000.0,1146905830.5499647,phase_noise,31249980.1,21000.0,30.0,10,31255560.1,-78.93560028
1000000000.0,1146905830.5499647,phase_noise,31249980.1,21000.0,30.0,10,31255575.1,-78.33920288
1000000000.0,1146905830.5499647,phase_noise,31249980.1,21000.0,30.0,10,31255590.1,-79.12378693
1000000000.0,1146905830.5499647,phase_noise,31249980.1,21000.0,30.0,10,31255605.1,-80.29611969
1000000000.0,1146905830.5499647,phase_noise,31249980.1,21000.0,30.0,10,31255620.1,-80.41386414
1000000000.0,1146905830.5499647,phase_noise,31249980.1,21000.0,30.0,10,31255635.1,-80.66959381
1000000000.0,1146905830.5499647,phase_noise,31249980.1,21000.0,30.0,10,31255650.1,-80.5344696
1000000000.0,1146905830.5499647,phase_noise,31249980.1,21000.0,30.0,10,31255665.1,-80.5064621
1000000000.0,1146905830.5499647,phase_noise,31249980.1,21000.0,30.0,10,31255680.1,-80.74607086
1000000000.0,1146905830.5499647,phase_noise,31249980.1,21000.0,30.0,10,31255695.1,-80.05410004
1000000000.0,1146905830.5499647,phase_noise,31249980.1,21000.0,30.0,10,31255710.1,-80.02033997
1000000000.0,1146905830.5499647,phase_noise,31249980.1,21000.0,30.0,10,31255725.1,-80.8014679
1000000000.0,1146905830.5499647,phase_noise,31249980.1,21000.0,30.0,10,31255740.1,-81.56756592
1000000000.0,1146905830.5499647,phase_noise,31249980.1,21000.0,30.0,10,31255755.1,-81.64942169
1000000000.0,1146905830.5499647,phase_noise,31249980.1,21000.0,30.0,10,31255770.1,-81.31544495
1000000000.0,1146905830.5499647,phase_noise,31249980.1,21000.0,30.0,10,31255785.1,-80.56420135
1000000000.0,1146905830.5499647,phase_noise,31249980.1,21000.0,30.0,10,31255800.1,-80.6220932
1000000000.0,1146905830.5499647,phase_noise,31249980.1,21000.0,30.0,10,31255815.1,-81.44768524
1000000000.0,1146905830.5499647,phase_noise,31249980.1,21000.0,30.0,10,31255830.1,-81.31139374
1000000000.0,1146905830.5499647,phase_noise,31249980.1,21000.0,30.0,10,31255845.1,-81.25302124
1000000000.0,1146905830.5499647,phase_noise,31249980.1,21000.0,30.0,10,31255860.1,-82.7696991
1000000000.0,1146905830.5499647,phase_noise,31249980.1,21000.0,30.0,10,31255875.1,-84.2956543
1000000000.0,1146905830.5499647,phase_noise,31249980.1,21000.0,30.0,10,31255890.1,-83.22856903
1000000000.0,1146905830.5499647,phase_noise,31249980.1,21000.0,30.0,10,31255905.1,-80.94975281
1000000000.0,1146905830.5499647,phase_noise,31249980.1,21000.0,30.0,10,31255920.1,-80.4835434
1000000000.0,1146905830.5499647,phase_noise,31249980.1,21000.0,30.0,10,31255935.1,-81.62639618
1000000000.0,1146905830.5499647,phase_noise,31249980.1,21000.0,30.0,10,31255950.1,-83.07911682
1000000000.0,1146905830.5499647,phase_noise,31249980.1,21000.0,30.0,10,31255965.1,-84.8546524
1000000000.0,1146905830.5499647,phase_noise,31249980.1,21000.0,30.0,10,31255980.1,-84.43091583
1000000000.0,1146905830.5499647,phase_noise,31249980.1,21000.0,30.0,10,31255995.1,-82.35182953
1000000000.0,1146905830.5499647,phase_noise,31249980.1,21000.0,30.0,10,31256010.1,-80.73934937
1000000000.0,1146905830.5499647,phase_noise,31249980.1,21000.0,30.0,10,31256025.1,-80.29247284
1000000000.0,1146905830.5499647,phase_noise,31249980.1,21000.0,30.0,10,31256040.1,-80.70283508
1000000000.0,1146905830.5499647,phase_noise,31249980.1,21000.0,30.0,10,31256055.1,-80.52288055
1000000000.0,1146905830.5499647,phase_noise,31249980.1,21000.0,30.0,10,31256070.1,-79.87810516
1000000000.0,1146905830.5499647,phase_noise,31249980.1,21000.0,30.0,10,31256085.1,-80.2964325
1000000000.0,1146905830.5499647,phase_noise,31249980.1,21000.0,30.0,10,31256100.1,-82.90544891
1000000000.0,1146905830.5499647,phase_noise,31249980.1,21000.0,30.0,10,31256115.1,-83.75379944
1000000000.0,1146905830.5499647,phase_noise,31249980.1,21000.0,30.0,10,31256130.1,-82.21508026
1000000000.0,1146905830.5499647,phase_noise,31249980.1,21000.0,30.0,10,31256145.1,-81.91546631
1000000000.0,1146905830.5499647,phase_noise,31249980.1,21000.0,30.0,10,31256160.1,-83.57081604
1000000000.0,1146905830.5499647,phase_noise,31249980.1,21000.0,30.0,10,31256175.1,-82.85575867
1000000000.0,1146905830.5499647,phase_noise,31249980.1,21000.0,30.0,10,31256190.1,-81.33792877
1000000000.0,1146905830.5499647,phase_noise,31249980.1,21000.0,30.0,10,31256205.1,-81.4427948
1000000000.0,1146905830.5499647,phase_noise,31249980.1,21000.0,30.0,10,31256220.1,-81.69522095
1000000000.0,1146905830.5499647,phase_noise,31249980.1,21000.0,30.0,10,31256235.1,-82.059021
1000000000.0,1146905830.5499647,phase_noise,31249980.1,21000.0,30.0,10,31256250.1,-80.21263123
1000000000.0,1146905830.5499647,phase_noise,31249980.1,21000.0,30.0,10,31256265.1,-79.2166748
1000000000.0,1146905830.5499647,phase_noise,31249980.1,21000.0,30.0,10,31256280.1,-80.29310608
1000000000.0,1146905830.5499647,phase_noise,31249980.1,21000.0,30.0,10,31256295.1,-81.87498474
1000000000.0,1146905830.5499647,phase_noise,31249980.1,21000.0,30.0,10,31256310.1,-81.12369537
1000000000.0,1146905830.5499647,phase_noise,31249980.1,21000.0,30.0,10,31256325.1,-79.78902435
1000000000.0,1146905830.5499647,phase_noise,31249980.1,21000.0,30.0,10,31256340.1,-79.4604187
1000000000.0,1146905830.5499647,phase_noise,31249980.1,21000.0,30.0,10,31256355.1,-80.01743317
1000000000.0,1146905830.5499647,phase_noise,31249980.1,21000.0,30.0,10,31256370.1,-81.0317688
1000000000.0,1146905830.5499647,phase_noise,31249980.1,21000.0,30.0,10,31256385.1,-81.6436615
1000000000.0,1146905830.5499647,phase_noise,31249980.1,21000.0,30.0,10,31256400.1,-81.22098541
1000000000.0,1146905830.5499647,phase_noise,31249980.1,21000.0,30.0,10,31256415.1,-80.25454712
1000000000.0,1146905830.5499647,phase_noise,31249980.1,21000.0,30.0,10,31256430.1,-79.3891983
1000000000.0,1146905830.5499647,phase_noise,31249980.1,21000.0,30.0,10,31256445.1,-79.01931
1000000000.0,1146905830.5499647,phase_noise,31249980.1,21000.0,30.0,10,31256460.1,-80.26037598
1000000000.0,1146905830.5499647,phase_noise,31249980.1,21000.0,30.0,10,31256475.1,-83.31748199
1000000000.0,1146905830.5499647,phase_noise,31249980.1,21000.0,30.0,10,31256490.1,-84.31886292
1000000000.0,1146905830.5499647,phase_noise,31249980.1,21000.0,30.0,10,31256505.1,-80.68681335
1000000000.0,1146905830.5499647,phase_noise,31249980.1,21000.0,30.0,10,31256520.1,-79.38641357
1000000000.0,1146905830.5499647,phase_noise,31249980.1,21000.0,30.0,10,31256535.1,-80.89148712
1000000000.0,1146905830.5499647,phase_noise,31249980.1,21000.0,30.0,10,31256550.1,-82.33071136
1000000000.0,1146905830.5499647,phase_noise,31249980.1,21000.0,30.0,10,31256565.1,-83.45899963
1000000000.0,1146905830.5499647,phase_noise,31249980.1,21000.0,30.0,10,31256580.1,-82.50408936
1000000000.0,1146905830.5499647,phase_noise,31249980.1,21000.0,30.0,10,31256595.1,-80.93924713
1000000000.0,1146905830.5499647,phase_noise,31249980.1,21000.0,30.0,10,31256610.1,-80.43193817
1000000000.0,1146905830.5499647,phase_noise,31249980.1,21000.0,30.0,10,31256625.1,-80.92256927
1000000000.0,1146905830.5499647,phase_noise,31249980.1,21000.0,30.0,10,31256640.1,-81.41051483
1000000000.0,1146905830.5499647,phase_noise,31249980.1,21000.0,30.0,10,31256655.1,-80.88640594
1000000000.0,1146905830.5499647,phase_noise,31249980.1,21000.0,30.0,10,31256670.1,-80.20372009
1000000000.0,1146905830.5499647,phase_noise,31249980.1,21000.0,30.0,10,31256685.1,-80.29760742
1000000000.0,1146905830.5499647,phase_noise,31249980.1,21000.0,30.0,10,31256700.1,-81.31474304
1000000000.0,1146905830.5499647,phase_noise,31249980.1,21000.0,30.0,10,31256715.1,-81.50704956
1000000000.0,1146905830.5499647,phase_noise,31249980.1,21000.0,30.0,10,31256730.1,-80.04598236
1000000000.0,1146905830.5499647,phase_noise,31249980.1,21000.0,30.0,10,31256745.1,-79.2962265
1000000000.0,1146905830.5499647,phase_noise,31249980.1,21000.0,30.0,10,31256760.1,-79.53636932
1000000000.0,1146905830.5499647,phase_noise,31249980.1,21000.0,30.0,10,31256775.1,-79.9656601
1000000000.0,1146905830.5499647,phase_noise,31249980.1,21000.0,30.0,10,31256790.1,-80.92295837
1000000000.0,1146905830.5499647,phase_noise,31249980.1,21000.0,30.0,10,31256805.1,-82.77870178
1000000000.0,1146905830.5499647,phase_noise,31249980.1,21000.0,30.0,10,31256820.1,-84.4567337
1000000000.0,1146905830.5499647,phase_noise,31249980.1,21000.0,30.0,10,31256835.1,-83.93757629
1000000000.0,1146905830.5499647,phase_noise,31249980.1,21000.0,30.0,10,31256850.1,-81.7932663
1000000000.0,1146905830.5499647,phase_noise,31249980.1,21000.0,30.0,10,31256865.1,-80.91064453
1000000000.0,1146905830.5499647,phase_noise,31249980.1,21000.0,30.0,10,31256880.1,-82.27002716
1000000000.0,1146905830.5499647,phase_noise,31249980.1,21000.0,30.0,10,31256895.1,-82.52594757
1000000000.0,1146905830.5499647,phase_noise,31249980.1,21000.0,30.0,10,31256910.1,-80.40629578
1000000000.0,1146905830.5499647,phase_noise,31249980.1,21000.0,30.0,10,31256925.1,-79.52639771
1000000000.0,1146905830.5499647,phase_noise,31249980.1,21000.0,30.0,10,31256940.1,-80.70239258
1000000000.0,1146905830.5499647,phase_noise,31249980.1,21000.0,30.0,10,31256955.1,-83.4319458
1000000000.0,1146905830.5499647,phase_noise,31249980.1,21000.0,30.0,10,31256970.1,-85.3967514
1000000000.0,1146905830.5499647,phase_noise,31249980.1,21000.0,30.0,10,31256985.1,-83.34394836
1000000000.0,1146905830.5499647,phase_noise,31249980.1,21000.0,30.0,10,31257000.1,-81.19463348
1000000000.0,1146905830.5499647,phase_noise,31249980.1,21000.0,30.0,10,31257015.1,-81.12976837
1000000000.0,1146905830.5499647,phase_noise,31249980.1,21000.0,30.0,10,31257030.1,-82.60431671
1000000000.0,1146905830.5499647,phase_noise,31249980.1,21000.0,30.0,10,31257045.1,-83.22279358
1000000000.0,1146905830.5499647,phase_noise,31249980.1,21000.0,30.0,10,31257060.1,-82.49186707
1000000000.0,1146905830.5499647,phase_noise,31249980.1,21000.0,30.0,10,31257075.1,-81.7951355
1000000000.0,1146905830.5499647,phase_noise,31249980.1,21000.0,30.0,10,31257090.1,-82.04453278
1000000000.0,1146905830.5499647,phase_noise,31249980.1,21000.0,30.0,10,31257105.1,-82.40762329
1000000000.0,1146905830.5499647,phase_noise,31249980.1,21000.0,30.0,10,31257120.1,-82.22792053
1000000000.0,1146905830.5499647,phase_noise,31249980.1,21000.0,30.0,10,31257135.1,-82.39892578
1000000000.0,1146905830.5499647,phase_noise,31249980.1,21000.0,30.0,10,31257150.1,-81.82011414
1000000000.0,1146905830.5499647,phase_noise,31249980.1,21000.0,30.0,10,31257165.1,-82.88145447
1000000000.0,1146905830.5499647,phase_noise,31249980.1,21000.0,30.0,10,31257180.1,-85.37049103
1000000000.0,1146905830.5499647,phase_noise,31249980.1,21000.0,30.0,10,31257195.1,-85.42373657
1000000000.0,1146905830.5499647,phase_noise,31249980.1,21000.0,30.0,10,31257210.1,-82.2140274
1000000000.0,1146905830.5499647,phase_noise,31249980.1,21000.0,30.0,10,31257225.1,-80.64759827
1000000000.0,1146905830.5499647,phase_noise,31249980.1,21000.0,30.0,10,31257240.1,-80.88058472
1000000000.0,1146905830.5499647,phase_noise,31249980.1,21000.0,30.0,10,31257255.1,-80.99060059
1000000000.0,1146905830.5499647,phase_noise,31249980.1,21000.0,30.0,10,31257270.1,-81.31761169
1000000000.0,1146905830.5499647,phase_noise,31249980.1,21000.0,30.0,10,31257285.1,-82.83104706
1000000000.0,1146905830.5499647,phase_noise,31249980.1,21000.0,30.0,10,31257300.1,-84.15859985
1000000000.0,1146905830.5499647,phase_noise,31249980.1,21000.0,30.0,10,31257315.1,-82.87622833
1000000000.0,1146905830.5499647,phase_noise,31249980.1,21000.0,30.0,10,31257330.1,-81.06835937
1000000000.0,1146905830.5499647,phase_noise,31249980.1,21000.0,30.0,10,31257345.1,-79.5637207
1000000000.0,1146905830.5499647,phase_noise,31249980.1,21000.0,30.0,10,31257360.1,-79.62345123
1000000000.0,1146905830.5499647,phase_noise,31249980.1,21000.0,30.0,10,31257375.1,-81.01985931
1000000000.0,1146905830.5499647,phase_noise,31249980.1,21000.0,30.0,10,31257390.1,-82.64202118
1000000000.0,1146905830.5499647,phase_noise,31249980.1,21000.0,30.0,10,31257405.1,-83.72042084
1000000000.0,1146905830.5499647,phase_noise,31249980.1,21000.0,30.0,10,31257420.1,-81.49911499
1000000000.0,1146905830.5499647,phase_noise,31249980.1,21000.0,30.0,10,31257435.1,-80.26667023
1000000000.0,1146905830.5499647,phase_noise,31249980.1,21000.0,30.0,10,31257450.1,-81.37539673
1000000000.0,1146905830.5499647,phase_noise,31249980.1,21000.0,30.0,10,31257465.1,-82.00881195
1000000000.0,1146905830.5499647,phase_noise,31249980.1,21000.0,30.0,10,31257480.1,-81.22097015
1000000000.0,1146905830.5499647,phase_noise,31249980.1,21000.0,30.0,10,31257495.1,-81.27656555
1000000000.0,1146905830.5499647,phase_noise,31249980.1,21000.0,30.0,10,31257510.1,-82.95172882
1000000000.0,1146905830.5499647,phase_noise,31249980.1,21000.0,30.0,10,31257525.1,-84.1080246
1000000000.0,1146905830.5499647,phase_noise,31249980.1,21000.0,30.0,10,31257540.1,-83.06700134
1000000000.0,1146905830.5499647,phase_noise,31249980.1,21000.0,30.0,10,31257555.1,-81.99895477
1000000000.0,1146905830.5499647,phase_noise,31249980.1,21000.0,30.0,10,31257570.1,-82.30715942
1000000000.0,1146905830.5499647,phase_noise,31249980.1,21000.0,30.0,10,31257585.1,-83.59850311
1000000000.0,1146905830.5499647,phase_noise,31249980.1,21000.0,30.0,10,31257600.1,-82.78258514
1000000000.0,1146905830.5499647,phase_noise,31249980.1,21000.0,30.0,10,31257615.1,-81.36219025
1000000000.0,1146905830.5499647,phase_noise,31249980.1,21000.0,30.0,10,31257630.1,-80.1259613
1000000000.0,1146905830.5499647,phase_noise,31249980.1,21000.0,30.0,10,31257645.1,-80.28605652
1000000000.0,1146905830.5499647,phase_noise,31249980.1,21000.0,30.0,10,31257660.1,-81.51691437
1000000000.0,1146905830.5499647,phase_noise,31249980.1,21000.0,30.0,10,31257675.1,-82.00983429
1000000000.0,1146905830.5499647,phase_noise,31249980.1,21000.0,30.0,10,31257690.1,-81.33879089
1000000000.0,1146905830.5499647,phase_noise,31249980.1,21000.0,30.0,10,31257705.1,-80.53141785
1000000000.0,1146905830.5499647,phase_noise,31249980.1,21000.0,30.0,10,31257720.1,-81.3821106
1000000000.0,1146905830.5499647,phase_noise,31249980.1,21000.0,30.0,10,31257735.1,-83.10269165
1000000000.0,1146905830.5499647,phase_noise,31249980.1,21000.0,30.0,10,31257750.1,-82.75566101
1000000000.0,1146905830.5499647,phase_noise,31249980.1,21000.0,30.0,10,31257765.1,-81.81517029
1000000000.0,1146905830.5499647,phase_noise,31249980.1,21000.0,30.0,10,31257780.1,-81.98171234
1000000000.0,1146905830.5499647,phase_noise,31249980.1,21000.0,30.0,10,31257795.1,-82.08641052
1000000000.0,1146905830.5499647,phase_noise,31249980.1,21000.0,30.0,10,31257810.1,-82.00505066
1000000000.0,1146905830.5499647,phase_noise,31249980.1,21000.0,30.0,10,31257825.1,-81.51199341
1000000000.0,1146905830.5499647,phase_noise,31249980.1,21000.0,30.0,10,31257840.1,-82.23191833
1000000000.0,1146905830.5499647,phase_noise,31249980.1,21000.0,30.0,10,31257855.1,-82.73364258
1000000000.0,1146905830.5499647,phase_noise,31249980.1,21000.0,30.0,10,31257870.1,-80.96591187
1000000000.0,1146905830.5499647,phase_noise,31249980.1,21000.0,30.0,10,31257885.1,-79.63076782
1000000000.0,1146905830.5499647,phase_noise,31249980.1,21000.0,30.0,10,31257900.1,-79.9731369
1000000000.0,1146905830.5499647,phase_noise,31249980.1,21000.0,30.0,10,31257915.1,-80.81915283
1000000000.0,1146905830.5499647,phase_noise,31249980.1,21000.0,30.0,10,31257930.1,-82.25960541
1000000000.0,1146905830.5499647,phase_noise,31249980.1,21000.0,30.0,10,31257945.1,-82.93493652
1000000000.0,1146905830.5499647,phase_noise,31249980.1,21000.0,30.0,10,31257960.1,-82.33772278
1000000000.0,1146905830.5499647,phase_noise,31249980.1,21000.0,30.0,10,31257975.1,-82.20612335
1000000000.0,1146905830.5499647,phase_noise,31249980.1,21000.0,30.0,10,31257990.1,-82.19088745
1000000000.0,1146905830.5499647,phase_noise,31249980.1,21000.0,30.0,10,31258005.1,-83.25984192
1000000000.0,1146905830.5499647,phase_noise,31249980.1,21000.0,30.0,10,31258020.1,-84.02371216
1000000000.0,1146905830.5499647,phase_noise,31249980.1,21000.0,30.0,10,31258035.1,-83.28535461
1000000000.0,1146905830.5499647,phase_noise,31249980.1,21000.0,30.0,10,31258050.1,-82.87329865
1000000000.0,1146905830.5499647,phase_noise,31249980.1,21000.0,30.0,10,31258065.1,-81.97770691
1000000000.0,1146905830.5499647,phase_noise,31249980.1,21000.0,30.0,10,31258080.1,-81.78019714
1000000000.0,1146905830.5499647,phase_noise,31249980.1,21000.0,30.0,10,31258095.1,-82.95140839
1000000000.0,1146905830.5499647,phase_noise,31249980.1,21000.0,30.0,10,31258110.1,-83.11797333
1000000000.0,1146905830.5499647,phase_noise,31249980.1,21000.0,30.0,10,31258125.1,-81.3822937
1000000000.0,1146905830.5499647,phase_noise,31249980.1,21000.0,30.0,10,31258140.1,-80.82548523
1000000000.0,1146905830.5499647,phase_noise,31249980.1,21000.0,30.0,10,31258155.1,-81.68404388
1000000000.0,1146905830.5499647,phase_noise,31249980.1,21000.0,30.0,10,31258170.1,-83.51126862
1000000000.0,1146905830.5499647,phase_noise,31249980.1,21000.0,30.0,10,31258185.1,-83.97735596
1000000000.0,1146905830.5499647,phase_noise,31249980.1,21000.0,30.0,10,31258200.1,-82.99372864
1000000000.0,1146905830.5499647,phase_noise,31249980.1,21000.0,30.0,10,31258215.1,-81.76022339
1000000000.0,1146905830.5499647,phase_noise,31249980.1,21000.0,30.0,10,31258230.1,-82.29846954
1000000000.0,1146905830.5499647,phase_noise,31249980.1,21000.0,30.0,10,31258245.1,-83.68790436
1000000000.0,1146905830.5499647,phase_noise,31249980.1,21000.0,30.0,10,31258260.1,-82.35732269
1000000000.0,1146905830.5499647,phase_noise,31249980.1,21000.0,30.0,10,31258275.1,-80.62123108
1000000000.0,1146905830.5499647,phase_noise,31249980.1,21000.0,30.0,10,31258290.1,-80.53456879
1000000000.0,1146905830.5499647,phase_noise,31249980.1,21000.0,30.0,10,31258305.1,-80.09667969
1000000000.0,1146905830.5499647,phase_noise,31249980.1,21000.0,30.0,10,31258320.1,-78.97520447
1000000000.0,1146905830.5499647,phase_noise,31249980.1,21000.0,30.0,10,31258335.1,-79.24610138
1000000000.0,1146905830.5499647,phase_noise,31249980.1,21000.0,30.0,10,31258350.1,-80.36637878
1000000000.0,1146905830.5499647,phase_noise,31249980.1,21000.0,30.0,10,31258365.1,-81.12584686
1000000000.0,1146905830.5499647,phase_noise,31249980.1,21000.0,30.0,10,31258380.1,-81.80989075
1000000000.0,1146905830.5499647,phase_noise,31249980.1,21000.0,30.0,10,31258395.1,-82.52774811
1000000000.0,1146905830.5499647,phase_noise,31249980.1,21000.0,30.0,10,31258410.1,-82.15213776
1000000000.0,1146905830.5499647,phase_noise,31249980.1,21000.0,30.0,10,31258425.1,-82.04566956
1000000000.0,1146905830.5499647,phase_noise,31249980.1,21000.0,30.0,10,31258440.1,-83.25969696
1000000000.0,1146905830.5499647,phase_noise,31249980.1,21000.0,30.0,10,31258455.1,-84.58563232
1000000000.0,1146905830.5499647,phase_noise,31249980.1,21000.0,30.0,10,31258470.1,-83.36244202
1000000000.0,1146905830.5499647,phase_noise,31249980.1,21000.0,30.0,10,31258485.1,-82.17108154
1000000000.0,1146905830.5499647,phase_noise,31249980.1,21000.0,30.0,10,31258500.1,-82.44665527
1000000000.0,1146905830.5499647,phase_noise,31249980.1,21000.0,30.0,10,31258515.1,-84.70507812
1000000000.0,1146905830.5499647,phase_noise,31249980.1,21000.0,30.0,10,31258530.1,-85.45585632
1000000000.0,1146905830.5499647,phase_noise,31249980.1,21000.0,30.0,10,31258545.1,-84.79336548
1000000000.0,1146905830.5499647,phase_noise,31249980.1,21000.0,30.0,10,31258560.1,-85.97904205
1000000000.0,1146905830.5499647,phase_noise,31249980.1,21000.0,30.0,10,31258575.1,-84.45898437
1000000000.0,1146905830.5499647,phase_noise,31249980.1,21000.0,30.0,10,31258590.1,-82.57228088
1000000000.0,1146905830.5499647,phase_noise,31249980.1,21000.0,30.0,10,31258605.1,-82.05397034
1000000000.0,1146905830.5499647,phase_noise,31249980.1,21000.0,30.0,10,31258620.1,-81.05690765
1000000000.0,1146905830.5499647,phase_noise,31249980.1,21000.0,30.0,10,31258635.1,-79.17357635
1000000000.0,1146905830.5499647,phase_noise,31249980.1,21000.0,30.0,10,31258650.1,-78.53609467
1000000000.0,1146905830.5499647,phase_noise,31249980.1,21000.0,30.0,10,31258665.1,-78.9838562
1000000000.0,1146905830.5499647,phase_noise,31249980.1,21000.0,30.0,10,31258680.1,-79.54637146
1000000000.0,1146905830.5499647,phase_noise,31249980.1,21000.0,30.0,10,31258695.1,-80.68257141
1000000000.0,1146905830.5499647,phase_noise,31249980.1,21000.0,30.0,10,31258710.1,-82.08596802
1000000000.0,1146905830.5499647,phase_noise,31249980.1,21000.0,30.0,10,31258725.1,-83.12775421
1000000000.0,1146905830.5499647,phase_noise,31249980.1,21000.0,30.0,10,31258740.1,-82.64266205
1000000000.0,1146905830.5499647,phase_noise,31249980.1,21000.0,30.0,10,31258755.1,-81.05632019
1000000000.0,1146905830.5499647,phase_noise,31249980.1,21000.0,30.0,10,31258770.1,-79.88795471
1000000000.0,1146905830.5499647,phase_noise,31249980.1,21000.0,30.0,10,31258785.1,-80.85928345
1000000000.0,1146905830.5499647,phase_noise,31249980.1,21000.0,30.0,10,31258800.1,-82.83603668
1000000000.0,1146905830.5499647,phase_noise,31249980.1,21000.0,30.0,10,31258815.1,-82.4333725
1000000000.0,1146905830.5499647,phase_noise,31249980.1,21000.0,30.0,10,31258830.1,-82.69819641
1000000000.0,1146905830.5499647,phase_noise,31249980.1,21000.0,30.0,10,31258845.1,-82.92247009
1000000000.0,1146905830.5499647,phase_noise,31249980.1,21000.0,30.0,10,31258860.1,-82.14891815
1000000000.0,1146905830.5499647,phase_noise,31249980.1,21000.0,30.0,10,31258875.1,-80.60683441
1000000000.0,1146905830.5499647,phase_noise,31249980.1,21000.0,30.0,10,31258890.1,-79.6232605
1000000000.0,1146905830.5499647,phase_noise,31249980.1,21000.0,30.0,10,31258905.1,-78.90459442
1000000000.0,1146905830.5499647,phase_noise,31249980.1,21000.0,30.0,10,31258920.1,-78.97364044
1000000000.0,1146905830.5499647,phase_noise,31249980.1,21000.0,30.0,10,31258935.1,-79.76609802
1000000000.0,1146905830.5499647,phase_noise,31249980.1,21000.0,30.0,10,31258950.1,-82.17034149
1000000000.0,1146905830.5499647,phase_noise,31249980.1,21000.0,30.0,10,31258965.1,-85.67724609
1000000000.0,1146905830.5499647,phase_noise,31249980.1,21000.0,30.0,10,31258980.1,-82.98662567
1000000000.0,1146905830.5499647,phase_noise,31249980.1,21000.0,30.0,10,31258995.1,-80.38276672
1000000000.0,1146905830.5499647,phase_noise,31249980.1,21000.0,30.0,10,31259010.1,-80.61640167
1000000000.0,1146905830.5499647,phase_noise,31249980.1,21000.0,30.0,10,31259025.1,-82.00670624
1000000000.0,1146905830.5499647,phase_noise,31249980.1,21000.0,30.0,10,31259040.1,-82.11344147
1000000000.0,1146905830.5499647,phase_noise,31249980.1,21000.0,30.0,10,31259055.1,-82.39748383
1000000000.0,1146905830.5499647,phase_noise,31249980.1,21000.0,30.0,10,31259070.1,-83.34989166
1000000000.0,1146905830.5499647,phase_noise,31249980.1,21000.0,30.0,10,31259085.1,-83.3788147
1000000000.0,1146905830.5499647,phase_noise,31249980.1,21000.0,30.0,10,31259100.1,-82.32958984
1000000000.0,1146905830.5499647,phase_noise,31249980.1,21000.0,30.0,10,31259115.1,-82.50698853
1000000000.0,1146905830.5499647,phase_noise,31249980.1,21000.0,30.0,10,31259130.1,-82.16306305
1000000000.0,1146905830.5499647,phase_noise,31249980.1,21000.0,30.0,10,31259145.1,-81.47292328
1000000000.0,1146905830.5499647,phase_noise,31249980.1,21000.0,30.0,10,31259160.1,-80.74000549
1000000000.0,1146905830.5499647,phase_noise,31249980.1,21000.0,30.0,10,31259175.1,-80.72239685
1000000000.0,1146905830.5499647,phase_noise,31249980.1,21000.0,30.0,10,31259190.1,-81.40135956
1000000000.0,1146905830.5499647,phase_noise,31249980.1,21000.0,30.0,10,31259205.1,-81.12927246
1000000000.0,1146905830.5499647,phase_noise,31249980.1,21000.0,30.0,10,31259220.1,-80.78895569
1000000000.0,1146905830.5499647,phase_noise,31249980.1,21000.0,30.0,10,31259235.1,-82.13355255
1000000000.0,1146905830.5499647,phase_noise,31249980.1,21000.0,30.0,10,31259250.1,-82.38851166
1000000000.0,1146905830.5499647,phase_noise,31249980.1,21000.0,30.0,10,31259265.1,-81.19929504
1000000000.0,1146905830.5499647,phase_noise,31249980.1,21000.0,30.0,10,31259280.1,-81.28240967
1000000000.0,1146905830.5499647,phase_noise,31249980.1,21000.0,30.0,10,31259295.1,-80.79508209
1000000000.0,1146905830.5499647,phase_noise,31249980.1,21000.0,30.0,10,31259310.1,-79.97219849
1000000000.0,1146905830.5499647,phase_noise,31249980.1,21000.0,30.0,10,31259325.1,-80.51110077
1000000000.0,1146905830.5499647,phase_noise,31249980.1,21000.0,30.0,10,31259340.1,-82.28649139
1000000000.0,1146905830.5499647,phase_noise,31249980.1,21000.0,30.0,10,31259355.1,-82.3159256
1000000000.0,1146905830.5499647,phase_noise,31249980.1,21000.0,30.0,10,31259370.1,-80.72406006
1000000000.0,1146905830.5499647,phase_noise,31249980.1,21000.0,30.0,10,31259385.1,-79.87080383
1000000000.0,1146905830.5499647,phase_noise,31249980.1,21000.0,30.0,10,31259400.1,-79.45986176
1000000000.0,1146905830.5499647,phase_noise,31249980.1,21000.0,30.0,10,31259415.1,-79.59375
1000000000.0,1146905830.5499647,phase_noise,31249980.1,21000.0,30.0,10,31259430.1,-80.50476837
1000000000.0,1146905830.5499647,phase_noise,31249980.1,21000.0,30.0,10,31259445.1,-80.40605927
1000000000.0,1146905830.5499647,phase_noise,31249980.1,21000.0,30.0,10,31259460.1,-80.06580353
1000000000.0,1146905830.5499647,phase_noise,31249980.1,21000.0,30.0,10,31259475.1,-82.16041565
1000000000.0,1146905830.5499647,phase_noise,31249980.1,21000.0,30.0,10,31259490.1,-83.82655334
1000000000.0,1146905830.5499647,phase_noise,31249980.1,21000.0,30.0,10,31259505.1,-83.52731323
1000000000.0,1146905830.5499647,phase_noise,31249980.1,21000.0,30.0,10,31259520.1,-82.17259979
1000000000.0,1146905830.5499647,phase_noise,31249980.1,21000.0,30.0,10,31259535.1,-82.39996338
1000000000.0,1146905830.5499647,phase_noise,31249980.1,21000.0,30.0,10,31259550.1,-84.52281189
1000000000.0,1146905830.5499647,phase_noise,31249980.1,21000.0,30.0,10,31259565.1,-83.05999756
1000000000.0,1146905830.5499647,phase_noise,31249980.1,21000.0,30.0,10,31259580.1,-78.78436279
1000000000.0,1146905830.5499647,phase_noise,31249980.1,21000.0,30.0,10,31259595.1,-70.97915649
1000000000.0,1146905830.5499647,phase_noise,31249980.1,21000.0,30.0,10,31259610.1,-66.02170563
1000000000.0,1146905830.5499647,phase_noise,31249980.1,21000.0,30.0,10,31259625.1,-66.0373764
1000000000.0,1146905830.5499647,phase_noise,31249980.1,21000.0,30.0,10,31259640.1,-70.98491669
1000000000.0,1146905830.5499647,phase_noise,31249980.1,21000.0,30.0,10,31259655.1,-74.63348389
1000000000.0,1146905830.5499647,phase_noise,31249980.1,21000.0,30.0,10,31259670.1,-71.73829651
1000000000.0,1146905830.5499647,phase_noise,31249980.1,21000.0,30.0,10,31259685.1,-73.01712036
1000000000.0,1146905830.5499647,phase_noise,31249980.1,21000.0,30.0,10,31259700.1,-79.01316071
1000000000.0,1146905830.5499647,phase_noise,31249980.1,21000.0,30.0,10,31259715.1,-83.34707642
1000000000.0,1146905830.5499647,phase_noise,31249980.1,21000.0,30.0,10,31259730.1,-82.39342499
1000000000.0,1146905830.5499647,phase_noise,31249980.1,21000.0,30.0,10,31259745.1,-83.87535095
1000000000.0,1146905830.5499647,phase_noise,31249980.1,21000.0,30.0,10,31259760.1,-84.78076935
1000000000.0,1146905830.5499647,phase_noise,31249980.1,21000.0,30.0,10,31259775.1,-81.22587585
1000000000.0,1146905830.5499647,phase_noise,31249980.1,21000.0,30.0,10,31259790.1,-80.89335632
1000000000.0,1146905830.5499647,phase_noise,31249980.1,21000.0,30.0,10,31259805.1,-83.45633698
1000000000.0,1146905830.5499647,phase_noise,31249980.1,21000.0,30.0,10,31259820.1,-84.07744598
1000000000.0,1146905830.5499647,phase_noise,31249980.1,21000.0,30.0,10,31259835.1,-81.35386658
1000000000.0,1146905830.5499647,phase_noise,31249980.1,21000.0,30.0,10,31259850.1,-79.52153015
1000000000.0,1146905830.5499647,phase_noise,31249980.1,21000.0,30.0,10,31259865.1,-79.18159485
1000000000.0,1146905830.5499647,phase_noise,31249980.1,21000.0,30.0,10,31259880.1,-80.22557068
1000000000.0,1146905830.5499647,phase_noise,31249980.1,21000.0,30.0,10,31259895.1,-81.49377441
1000000000.0,1146905830.5499647,phase_noise,31249980.1,21000.0,30.0,10,31259910.1,-81.46269989
1000000000.0,1146905830.5499647,phase_noise,31249980.1,21000.0,30.0,10,31259925.1,-80.41210175
1000000000.0,1146905830.5499647,phase_noise,31249980.1,21000.0,30.0,10,31259940.1,-79.73362732
1000000000.0,1146905830.5499647,phase_noise,31249980.1,21000.0,30.0,10,31259955.1,-79.12722778
1000000000.0,1146905830.5499647,phase_noise,31249980.1,21000.0,30.0,10,31259970.1,-76.75392151
1000000000.0,1146905830.5499647,phase_noise,31249980.1,21000.0,30.0,10,31259985.1,-74.50956726
1000000000.0,1146905830.5499647,phase_noise,31249980.1,21000.0,30.0,10,31260000.1,-75.39520264
1000000000.0,1146905830.5499647,phase_noise,31249980.1,21000.0,30.0,10,31260015.1,-78.99691772
1000000000.0,1146905830.5499647,phase_noise,31249980.1,21000.0,30.0,10,31260030.1,-82.34088898
1000000000.0,1146905830.5499647,phase_noise,31249980.1,21000.0,30.0,10,31260045.1,-83.75375366
1000000000.0,1146905830.5499647,phase_noise,31249980.1,21000.0,30.0,10,31260060.1,-83.76730347
1000000000.0,1146905830.5499647,phase_noise,31249980.1,21000.0,30.0,10,31260075.1,-82.44238281
1000000000.0,1146905830.5499647,phase_noise,31249980.1,21000.0,30.0,10,31260090.1,-81.76787567
1000000000.0,1146905830.5499647,phase_noise,31249980.1,21000.0,30.0,10,31260105.1,-83.01355743
1000000000.0,1146905830.5499647,phase_noise,31249980.1,21000.0,30.0,10,31260120.1,-82.61398315
1000000000.0,1146905830.5499647,phase_noise,31249980.1,21000.0,30.0,10,31260135.1,-82.29972076
1000000000.0,1146905830.5499647,phase_noise,31249980.1,21000.0,30.0,10,31260150.1,-83.27102661
1000000000.0,1146905830.5499647,phase_noise,31249980.1,21000.0,30.0,10,31260165.1,-83.21950531
1000000000.0,1146905830.5499647,phase_noise,31249980.1,21000.0,30.0,10,31260180.1,-82.82129669
1000000000.0,1146905830.5499647,phase_noise,31249980.1,21000.0,30.0,10,31260195.1,-80.90298462
1000000000.0,1146905830.5499647,phase_noise,31249980.1,21000.0,30.0,10,31260210.1,-79.50525665
1000000000.0,1146905830.5499647,phase_noise,31249980.1,21000.0,30.0,10,31260225.1,-79.35577393
1000000000.0,1146905830.5499647,phase_noise,31249980.1,21000.0,30.0,10,31260240.1,-79.63804626
1000000000.0,1146905830.5499647,phase_noise,31249980.1,21000.0,30.0,10,31260255.1,-80.77971649
1000000000.0,1146905830.5499647,phase_noise,31249980.1,21000.0,30.0,10,31260270.1,-82.19058228
1000000000.0,1146905830.5499647,phase_noise,31249980.1,21000.0,30.0,10,31260285.1,-80.32017517
1000000000.0,1146905830.5499647,phase_noise,31249980.1,21000.0,30.0,10,31260300.1,-78.79772186
1000000000.0,1146905830.5499647,phase_noise,31249980.1,21000.0,30.0,10,31260315.1,-79.89310455
1000000000.0,1146905830.5499647,phase_noise,31249980.1,21000.0,30.0,10,31260330.1,-79.42660522
1000000000.0,1146905830.5499647,phase_noise,31249980.1,21000.0,30.0,10,31260345.1,-75.65161896
1000000000.0,1146905830.5499647,phase_noise,31249980.1,21000.0,30.0,10,31260360.1,-74.6496048
1000000000.0,1146905830.5499647,phase_noise,31249980.1,21000.0,30.0,10,31260375.1,-72.35614014
1000000000.0,1146905830.5499647,phase_noise,31249980.1,21000.0,30.0,10,31260390.1,-68.20669556
1000000000.0,1146905830.5499647,phase_noise,31249980.1,21000.0,30.0,10,31260405.1,-65.3900528
1000000000.0,1146905830.5499647,phase_noise,31249980.1,21000.0,30.0,10,31260420.1,-64.55884552
1000000000.0,1146905830.5499647,phase_noise,31249980.1,21000.0,30.0,10,31260435.1,-65.80352783
1000000000.0,1146905830.5499647,phase_noise,31249980.1,21000.0,30.0,10,31260450.1,-68.83448792
1000000000.0,1146905830.5499647,phase_noise,31249980.1,21000.0,30.0,10,31260465.1,-70.91574097
1000000000.0,1146905830.5499647,phase_noise,31249980.1,21000.0,30.0,10,31260480.1,-70.3941803
1000000000.0,1146905830.5499647,phase_noise,31249980.1,210000.0,300.0,10,31144980.1,-73.09342957
1000000000.0,1146905830.5499647,phase_noise,31249980.1,210000.0,300.0,10,31145130.1,-72.12610626
1000000000.0,1146905830.5499647,phase_noise,31249980.1,210000.0,300.0,10,31145280.1,-70.79611206
1000000000.0,1146905830.5499647,phase_noise,31249980.1,210000.0,300.0,10,31145430.1,-69.53504944
1000000000.0,1146905830.5499647,phase_noise,31249980.1,210000.0,300.0,10,31145580.1,-69.15945435
1000000000.0,1146905830.5499647,phase_noise,31249980.1,210000.0,300.0,10,31145730.1,-70.07666016
1000000000.0,1146905830.5499647,phase_noise,31249980.1,210000.0,300.0,10,31145880.1,-71.09434509
1000000000.0,1146905830.5499647,phase_noise,31249980.1,210000.0,300.0,10,31146030.1,-70.9467926
1000000000.0,1146905830.5499647,phase_noise,31249980.1,210000.0,300.0,10,31146180.1,-69.95277405
1000000000.0,1146905830.5499647,phase_noise,31249980.1,210000.0,300.0,10,31146330.1,-69.99434662
1000000000.0,1146905830.5499647,phase_noise,31249980.1,210000.0,300.0,10,31146480.1,-71.15381622
1000000000.0,1146905830.5499647,phase_noise,31249980.1,210000.0,300.0,10,31146630.1,-71.8691864
1000000000.0,1146905830.5499647,phase_noise,31249980.1,210000.0,300.0,10,31146780.1,-71.72405243
1000000000.0,1146905830.5499647,phase_noise,31249980.1,210000.0,300.0,10,31146930.1,-71.68464661
1000000000.0,1146905830.5499647,phase_noise,31249980.1,210000.0,300.0,10,31147080.1,-71.9217453
1000000000.0,1146905830.5499647,phase_noise,31249980.1,210000.0,300.0,10,31147230.1,-71.29438782
1000000000.0,1146905830.5499647,phase_noise,31249980.1,210000.0,300.0,10,31147380.1,-71.06985474
1000000000.0,1146905830.5499647,phase_noise,31249980.1,210000.0,300.0,10,31147530.1,-72.23840332
1000000000.0,1146905830.5499647,phase_noise,31249980.1,210000.0,300.0,10,31147680.1,-73.10057831
1000000000.0,1146905830.5499647,phase_noise,31249980.1,210000.0,300.0,10,31147830.1,-72.48898315
1000000000.0,1146905830.5499647,phase_noise,31249980.1,210000.0,300.0,10,31147980.1,-72.13000488
1000000000.0,1146905830.5499647,phase_noise,31249980.1,210000.0,300.0,10,31148130.1,-72.77340698
1000000000.0,1146905830.5499647,phase_noise,31249980.1,210000.0,300.0,10,31148280.1,-72.56726074
1000000000.0,1146905830.5499647,phase_noise,31249980.1,210000.0,300.0,10,31148430.1,-71.92663574
1000000000.0,1146905830.5499647,phase_noise,31249980.1,210000.0,300.0,10,31148580.1,-72.04940796
1000000000.0,1146905830.5499647,phase_noise,31249980.1,210000.0,300.0,10,31148730.1,-72.54460144
1000000000.0,1146905830.5499647,phase_noise,31249980.1,210000.0,300.0,10,31148880.1,-72.24510956
1000000000.0,1146905830.5499647,phase_noise,31249980.1,210000.0,300.0,10,31149030.1,-71.78659058
1000000000.0,1146905830.5499647,phase_noise,31249980.1,210000.0,300.0,10,31149180.1,-71.15344238
1000000000.0,1146905830.5499647,phase_noise,31249980.1,210000.0,300.0,10,31149330.1,-70.2033844
1000000000.0,1146905830.5499647,phase_noise,31249980.1,210000.0,300.0,10,31149480.1,-71.18669128
1000000000.0,1146905830.5499647,phase_noise,31249980.1,210000.0,300.0,10,31149630.1,-72.87008667
1000000000.0,1146905830.5499647,phase_noise,31249980.1,210000.0,300.0,10,31149780.1,-72.9243927
1000000000.0,1146905830.5499647,phase_noise,31249980.1,210000.0,300.0,10,31149930.1,-72.32897186
1000000000.0,1146905830.5499647,phase_noise,31249980.1,210000.0,300.0,10,31150080.1,-71.09156799
1000000000.0,1146905830.5499647,phase_noise,31249980.1,210000.0,300.0,10,31150230.1,-70.72161865
1000000000.0,1146905830.5499647,phase_noise,31249980.1,210000.0,300.0,10,31150380.1,-72.61760712
1000000000.0,1146905830.5499647,phase_noise,31249980.1,210000.0,300.0,10,31150530.1,-73.50186157
1000000000.0,1146905830.5499647,phase_noise,31249980.1,210000.0,300.0,10,31150680.1,-73.00701141
1000000000.0,1146905830.5499647,phase_noise,31249980.1,210000.0,300.0,10,31150830.1,-73.80265808
1000000000.0,1146905830.5499647,phase_noise,31249980.1,210000.0,300.0,10,31150980.1,-74.71801758
1000000000.0,1146905830.5499647,phase_noise,31249980.1,210000.0,300.0,10,31151130.1,-73.09916687
1000000000.0,1146905830.5499647,phase_noise,31249980.1,210000.0,300.0,10,31151280.1,-72.48934937
1000000000.0,1146905830.5499647,phase_noise,31249980.1,210000.0,300.0,10,31151430.1,-73.59925842
1000000000.0,1146905830.5499647,phase_noise,31249980.1,210000.0,300.0,10,31151580.1,-73.18692017
1000000000.0,1146905830.5499647,phase_noise,31249980.1,210000.0,300.0,10,31151730.1,-71.06615448
1000000000.0,1146905830.5499647,phase_noise,31249980.1,210000.0,300.0,10,31151880.1,-69.76115417
1000000000.0,1146905830.5499647,phase_noise,31249980.1,210000.0,300.0,10,31152030.1,-68.2024765
1000000000.0,1146905830.5499647,phase_noise,31249980.1,210000.0,300.0,10,31152180.1,-67.8637085
1000000000.0,1146905830.5499647,phase_noise,31249980.1,210000.0,300.0,10,31152330.1,-69.26291656
1000000000.0,1146905830.5499647,phase_noise,31249980.1,210000.0,300.0,10,31152480.1,-69.37854004
1000000000.0,1146905830.5499647,phase_noise,31249980.1,210000.0,300.0,10,31152630.1,-68.942276
1000000000.0,1146905830.5499647,phase_noise,31249980.1,210000.0,300.0,10,31152780.1,-69.29794312
1000000000.0,1146905830.5499647,phase_noise,31249980.1,210000.0,300.0,10,31152930.1,-70.56245422
1000000000.0,1146905830.5499647,phase_noise,31249980.1,210000.0,300.0,10,31153080.1,-70.14044189
1000000000.0,1146905830.5499647,phase_noise,31249980.1,210000.0,300.0,10,31153230.1,-70.04038239
1000000000.0,1146905830.5499647,phase_noise,31249980.1,210000.0,300.0,10,31153380.1,-70.47273254
1000000000.0,1146905830.5499647,phase_noise,31249980.1,210000.0,300.0,10,31153530.1,-71.1352005
1000000000.0,1146905830.5499647,phase_noise,31249980.1,210000.0,300.0,10,31153680.1,-71.73539734
1000000000.0,1146905830.5499647,phase_noise,31249980.1,210000.0,300.0,10,31153830.1,-72.29035187
1000000000.0,1146905830.5499647,phase_noise,31249980.1,210000.0,300.0,10,31153980.1,-71.70373535
1000000000.0,1146905830.5499647,phase_noise,31249980.1,210000.0,300.0,10,31154130.1,-71.18660736
1000000000.0,1146905830.5499647,phase_noise,31249980.1,210000.0,300.0,10,31154280.1,-70.91651917
1000000000.0,1146905830.5499647,phase_noise,31249980.1,210000.0,300.0,10,31154430.1,-69.90906525
1000000000.0,1146905830.5499647,phase_noise,31249980.1,210000.0,300.0,10,31154580.1,-70.39044952
1000000000.0,1146905830.5499647,phase_noise,31249980.1,210000.0,300.0,10,31154730.1,-72.50353241
1000000000.0,1146905830.5499647,phase_noise,31249980.1,210000.0,300.0,10,31154880.1,-73.31607819
1000000000.0,1146905830.5499647,phase_noise,31249980.1,210000.0,300.0,10,31155030.1,-70.78514099
1000000000.0,1146905830.5499647,phase_noise,31249980.1,210000.0,300.0,10,31155180.1,-69.1723175
1000000000.0,1146905830.5499647,phase_noise,31249980.1,210000.0,300.0,10,31155330.1,-70.10125732
1000000000.0,1146905830.5499647,phase_noise,31249980.1,210000.0,300.0,10,31155480.1,-71.22704315
1000000000.0,1146905830.5499647,phase_noise,31249980.1,210000.0,300.0,10,31155630.1,-70.86826324
1000000000.0,1146905830.5499647,phase_noise,31249980.1,210000.0,300.0,10,31155780.1,-71.35403442
1000000000.0,1146905830.5499647,phase_noise,31249980.1,210000.0,300.0,10,31155930.1,-71.55164337
1000000000.0,1146905830.5499647,phase_noise,31249980.1,210000.0,300.0,10,31156080.1,-70.74143219
1000000000.0,1146905830.5499647,phase_noise,31249980.1,210000.0,300.0,10,31156230.1,-69.76139832
1000000000.0,1146905830.5499647,phase_noise,31249980.1,210000.0,300.0,10,31156380.1,-67.56822205
1000000000.0,1146905830.5499647,phase_noise,31249980.1,210000.0,300.0,10,31156530.1,-65.66114807
1000000000.0,1146905830.5499647,phase_noise,31249980.1,210000.0,300.0,10,31156680.1,-67.15628815
1000000000.0,1146905830.5499647,phase_noise,31249980.1,210000.0,300.0,10,31156830.1,-70.44983673
1000000000.0,1146905830.5499647,phase_noise,31249980.1,210000.0,300.0,10,31156980.1,-70.45366669
1000000000.0,1146905830.5499647,phase_noise,31249980.1,210000.0,300.0,10,31157130.1,-69.70153046
1000000000.0,1146905830.5499647,phase_noise,31249980.1,210000.0,300.0,10,31157280.1,-69.07789612
1000000000.0,1146905830.5499647,phase_noise,31249980.1,210000.0,300.0,10,31157430.1,-69.08432007
1000000000.0,1146905830.5499647,phase_noise,31249980.1,210000.0,300.0,10,31157580.1,-69.32077789
1000000000.0,1146905830.5499647,phase_noise,31249980.1,210000.0,300.0,10,31157730.1,-69.84566498
1000000000.0,1146905830.5499647,phase_noise,31249980.1,210000.0,300.0,10,31157880.1,-70.88127136
1000000000.0,1146905830.5499647,phase_noise,31249980.1,210000.0,300.0,10,31158030.1,-71.62167358
1000000000.0,1146905830.5499647,phase_noise,31249980.1,210000.0,300.0,10,31158180.1,-71.15216827
1000000000.0,1146905830.5499647,phase_noise,31249980.1,210000.0,300.0,10,31158330.1,-70.07022858
1000000000.0,1146905830.5499647,phase_noise,31249980.1,210000.0,300.0,10,31158480.1,-69.88314056
1000000000.0,1146905830.5499647,phase_noise,31249980.1,210000.0,300.0,10,31158630.1,-69.4961853
1000000000.0,1146905830.5499647,phase_noise,31249980.1,210000.0,300.0,10,31158780.1,-68.72293854
1000000000.0,1146905830.5499647,phase_noise,31249980.1,210000.0,300.0,10,31158930.1,-68.58399963
1000000000.0,1146905830.5499647,phase_noise,31249980.1,210000.0,300.0,10,31159080.1,-68.86824799
1000000000.0,1146905830.5499647,phase_noise,31249980.1,210000.0,300.0,10,31159230.1,-70.00380707
1000000000.0,1146905830.5499647,phase_noise,31249980.1,210000.0,300.0,10,31159380.1,-69.36334991
1000000000.0,1146905830.5499647,phase_noise,31249980.1,210000.0,300.0,10,31159530.1,-68.95687103
1000000000.0,1146905830.5499647,phase_noise,31249980.1,210000.0,300.0,10,31159680.1,-70.31330109
1000000000.0,1146905830.5499647,phase_noise,31249980.1,210000.0,300.0,10,31159830.1,-71.00017548
1000000000.0,1146905830.5499647,phase_noise,31249980.1,210000.0,300.0,10,31159980.1,-71.02726746
1000000000.0,1146905830.5499647,phase_noise,31249980.1,210000.0,300.0,10,31160130.1,-70.18755341
1000000000.0,1146905830.5499647,phase_noise,31249980.1,210000.0,300.0,10,31160280.1,-69.27820587
1000000000.0,1146905830.5499647,phase_noise,31249980.1,210000.0,300.0,10,31160430.1,-69.4626236
1000000000.0,1146905830.5499647,phase_noise,31249980.1,210000.0,300.0,10,31160580.1,-70.13982391
1000000000.0,1146905830.5499647,phase_noise,31249980.1,210000.0,300.0,10,31160730.1,-71.63632965
1000000000.0,1146905830.5499647,phase_noise,31249980.1,210000.0,300.0,10,31160880.1,-71.46525574
1000000000.0,1146905830.5499647,phase_noise,31249980.1,210000.0,300.0,10,31161030.1,-70.73358917
1000000000.0,1146905830.5499647,phase_noise,31249980.1,210000.0,300.0,10,31161180.1,-71.3655014
1000000000.0,1146905830.5499647,phase_noise,31249980.1,210000.0,300.0,10,31161330.1,-71.44303131
1000000000.0,1146905830.5499647,phase_noise,31249980.1,210000.0,300.0,10,31161480.1,-69.46966553
1000000000.0,1146905830.5499647,phase_noise,31249980.1,210000.0,300.0,10,31161630.1,-68.77528381
1000000000.0,1146905830.5499647,phase_noise,31249980.1,210000.0,300.0,10,31161780.1,-69.81928253
1000000000.0,1146905830.5499647,phase_noise,31249980.1,210000.0,300.0,10,31161930.1,-69.972435
1000000000.0,1146905830.5499647,phase_noise,31249980.1,210000.0,300.0,10,31162080.1,-69.28850555
1000000000.0,1146905830.5499647,phase_noise,31249980.1,210000.0,300.0,10,31162230.1,-69.09184265
1000000000.0,1146905830.5499647,phase_noise,31249980.1,210000.0,300.0,10,31162380.1,-68.61487579
1000000000.0,1146905830.5499647,phase_noise,31249980.1,210000.0,300.0,10,31162530.1,-68.55279541
1000000000.0,1146905830.5499647,phase_noise,31249980.1,210000.0,300.0,10,31162680.1,-69.97340393
1000000000.0,1146905830.5499647,phase_noise,31249980.1,210000.0,300.0,10,31162830.1,-70.1811676
1000000000.0,1146905830.5499647,phase_noise,31249980.1,210000.0,300.0,10,31162980.1,-69.77333832
1000000000.0,1146905830.5499647,phase_noise,31249980.1,210000.0,300.0,10,31163130.1,-70.50370789
1000000000.0,1146905830.5499647,phase_noise,31249980.1,210000.0,300.0,10,31163280.1,-72.25255585
1000000000.0,1146905830.5499647,phase_noise,31249980.1,210000.0,300.0,10,31163430.1,-73.50872803
1000000000.0,1146905830.5499647,phase_noise,31249980.1,210000.0,300.0,10,31163580.1,-72.36239624
1000000000.0,1146905830.5499647,phase_noise,31249980.1,210000.0,300.0,10,31163730.1,-71.16628265
1000000000.0,1146905830.5499647,phase_noise,31249980.1,210000.0,300.0,10,31163880.1,-70.37749481
1000000000.0,1146905830.5499647,phase_noise,31249980.1,210000.0,300.0,10,31164030.1,-69.65449524
1000000000.0,1146905830.5499647,phase_noise,31249980.1,210000.0,300.0,10,31164180.1,-69.86506653
1000000000.0,1146905830.5499647,phase_noise,31249980.1,210000.0,300.0,10,31164330.1,-71.81692505
1000000000.0,1146905830.5499647,phase_noise,31249980.1,210000.0,300.0,10,31164480.1,-72.76598358
1000000000.0,1146905830.5499647,phase_noise,31249980.1,210000.0,300.0,10,31164630.1,-71.35211945
1000000000.0,1146905830.5499647,phase_noise,31249980.1,210000.0,300.0,10,31164780.1,-71.33080292
1000000000.0,1146905830.5499647,phase_noise,31249980.1,210000.0,300.0,10,31164930.1,-72.06647491
1000000000.0,1146905830.5499647,phase_noise,31249980.1,210000.0,300.0,10,31165080.1,-71.17752838
1000000000.0,1146905830.5499647,phase_noise,31249980.1,210000.0,300.0,10,31165230.1,-69.3166275
1000000000.0,1146905830.5499647,phase_noise,31249980.1,210000.0,300.0,10,31165380.1,-69.12713623
1000000000.0,1146905830.5499647,phase_noise,31249980.1,210000.0,300.0,10,31165530.1,-71.56929016
1000000000.0,1146905830.5499647,phase_noise,31249980.1,210000.0,300.0,10,31165680.1,-75.49929047
1000000000.0,1146905830.5499647,phase_noise,31249980.1,210000.0,300.0,10,31165830.1,-74.08689117
1000000000.0,1146905830.5499647,phase_noise,31249980.1,210000.0,300.0,10,31165980.1,-71.30249023
1000000000.0,1146905830.5499647,phase_noise,31249980.1,210000.0,300.0,10,31166130.1,-70.09000397
1000000000.0,1146905830.5499647,phase_noise,31249980.1,210000.0,300.0,10,31166280.1,-71.24445343
1000000000.0,1146905830.5499647,phase_noise,31249980.1,210000.0,300.0,10,31166430.1,-72.16684723
1000000000.0,1146905830.5499647,phase_noise,31249980.1,210000.0,300.0,10,31166580.1,-71.48779297
1000000000.0,1146905830.5499647,phase_noise,31249980.1,210000.0,300.0,10,31166730.1,-67.70095062
1000000000.0,1146905830.5499647,phase_noise,31249980.1,210000.0,300.0,10,31166880.1,-63.19638062
1000000000.0,1146905830.5499647,phase_noise,31249980.1,210000.0,300.0,10,31167030.1,-62.95649338
1000000000.0,1146905830.5499647,phase_noise,31249980.1,210000.0,300.0,10,31167180.1,-67.25011444
1000000000.0,1146905830.5499647,phase_noise,31249980.1,210000.0,300.0,10,31167330.1,-70.61223602
1000000000.0,1146905830.5499647,phase_noise,31249980.1,210000.0,300.0,10,31167480.1,-70.55406189
1000000000.0,1146905830.5499647,phase_noise,31249980.1,210000.0,300.0,10,31167630.1,-71.93125916
1000000000.0,1146905830.5499647,phase_noise,31249980.1,210000.0,300.0,10,31167780.1,-71.97349548
1000000000.0,1146905830.5499647,phase_noise,31249980.1,210000.0,300.0,10,31167930.1,-70.64950562
1000000000.0,1146905830.5499647,phase_noise,31249980.1,210000.0,300.0,10,31168080.1,-71.90276337
1000000000.0,1146905830.5499647,phase_noise,31249980.1,210000.0,300.0,10,31168230.1,-72.50380707
1000000000.0,1146905830.5499647,phase_noise,31249980.1,210000.0,300.0,10,31168380.1,-71.5042038
1000000000.0,1146905830.5499647,phase_noise,31249980.1,210000.0,300.0,10,31168530.1,-71.69766998
1000000000.0,1146905830.5499647,phase_noise,31249980.1,210000.0,300.0,10,31168680.1,-72.30970001
1000000000.0,1146905830.5499647,phase_noise,31249980.1,210000.0,300.0,10,31168830.1,-72.71950531
1000000000.0,1146905830.5499647,phase_noise,31249980.1,210000.0,300.0,10,31168980.1,-72.48097992
1000000000.0,1146905830.5499647,phase_noise,31249980.1,210000.0,300.0,10,31169130.1,-72.17208862
1000000000.0,1146905830.5499647,phase_noise,31249980.1,210000.0,300.0,10,31169280.1,-72.41809845
1000000000.0,1146905830.5499647,phase_noise,31249980.1,210000.0,300.0,10,31169430.1,-72.4697113
1000000000.0,1146905830.5499647,phase_noise,31249980.1,210000.0,300.0,10,31169580.1,-71.05659485
1000000000.0,1146905830.5499647,phase_noise,31249980.1,210000.0,300.0,10,31169730.1,-71.06712341
1000000000.0,1146905830.5499647,phase_noise,31249980.1,210000.0,300.0,10,31169880.1,-72.91867828
1000000000.0,1146905830.5499647,phase_noise,31249980.1,210000.0,300.0,10,31170030.1,-72.32818604
1000000000.0,1146905830.5499647,phase_noise,31249980.1,210000.0,300.0,10,31170180.1,-72.30101013
1000000000.0,1146905830.5499647,phase_noise,31249980.1,210000.0,300.0,10,31170330.1,-73.39415741
1000000000.0,1146905830.5499647,phase_noise,31249980.1,210000.0,300.0,10,31170480.1,-72.86606598
1000000000.0,1146905830.5499647,phase_noise,31249980.1,210000.0,300.0,10,31170630.1,-72.89195251
1000000000.0,1146905830.5499647,phase_noise,31249980.1,210000.0,300.0,10,31170780.1,-73.77409363
1000000000.0,1146905830.5499647,phase_noise,31249980.1,210000.0,300.0,10,31170930.1,-73.11834717
1000000000.0,1146905830.5499647,phase_noise,31249980.1,210000.0,300.0,10,31171080.1,-71.69537354
1000000000.0,1146905830.5499647,phase_noise,31249980.1,210000.0,300.0,10,31171230.1,-70.34911346
1000000000.0,1146905830.5499647,phase_noise,31249980.1,210000.0,300.0,10,31171380.1,-69.52466583
1000000000.0,1146905830.5499647,phase_noise,31249980.1,210000.0,300.0,10,31171530.1,-69.2309494
1000000000.0,1146905830.5499647,phase_noise,31249980.1,210000.0,300.0,10,31171680.1,-69.41521454
1000000000.0,1146905830.5499647,phase_noise,31249980.1,210000.0,300.0,10,31171830.1,-70.53623962
1000000000.0,1146905830.5499647,phase_noise,31249980.1,210000.0,300.0,10,31171980.1,-73.34482574
1000000000.0,1146905830.5499647,phase_noise,31249980.1,210000.0,300.0,10,31172130.1,-74.92713165
1000000000.0,1146905830.5499647,phase_noise,31249980.1,210000.0,300.0,10,31172280.1,-73.24637604
1000000000.0,1146905830.5499647,phase_noise,31249980.1,210000.0,300.0,10,31172430.1,-72.14556885
1000000000.0,1146905830.5499647,phase_noise,31249980.1,210000.0,300.0,10,31172580.1,-71.74421692
1000000000.0,1146905830.5499647,phase_noise,31249980.1,210000.0,300.0,10,31172730.1,-72.22505951
1000000000.0,1146905830.5499647,phase_noise,31249980.1,210000.0,300.0,10,31172880.1,-72.46994781
1000000000.0,1146905830.5499647,phase_noise,31249980.1,210000.0,300.0,10,31173030.1,-73.27323914
1000000000.0,1146905830.5499647,phase_noise,31249980.1,210000.0,300.0,10,31173180.1,-75.24906921
1000000000.0,1146905830.5499647,phase_noise,31249980.1,210000.0,300.0,10,31173330.1,-74.9609375
1000000000.0,1146905830.5499647,phase_noise,31249980.1,210000.0,300.0,10,31173480.1,-73.57030487
1000000000.0,1146905830.5499647,phase_noise,31249980.1,210000.0,300.0,10,31173630.1,-73.41981506
1000000000.0,1146905830.5499647,phase_noise,31249980.1,210000.0,300.0,10,31173780.1,-73.43649292
1000000000.0,1146905830.5499647,phase_noise,31249980.1,210000.0,300.0,10,31173930.1,-71.51303864
1000000000.0,1146905830.5499647,phase_noise,31249980.1,210000.0,300.0,10,31174080.1,-69.91532135
1000000000.0,1146905830.5499647,phase_noise,31249980.1,210000.0,300.0,10,31174230.1,-69.109375
1000000000.0,1146905830.5499647,phase_noise,31249980.1,210000.0,300.0,10,31174380.1,-68.99621582
1000000000.0,1146905830.5499647,phase_noise,31249980.1,210000.0,300.0,10,31174530.1,-70.07033539
1000000000.0,1146905830.5499647,phase_noise,31249980.1,210000.0,300.0,10,31174680.1,-71.3041153
1000000000.0,1146905830.5499647,phase_noise,31249980.1,210000.0,300.0,10,31174830.1,-71.97024536
1000000000.0,1146905830.5499647,phase_noise,31249980.1,210000.0,300.0,10,31174980.1,-73.01541138
1000000000.0,1146905830.5499647,phase_noise,31249980.1,210000.0,300.0,10,31175130.1,-74.15725708
1000000000.0,1146905830.5499647,phase_noise,31249980.1,210000.0,300.0,10,31175280.1,-73.58535004
1000000000.0,1146905830.5499647,phase_noise,31249980.1,210000.0,300.0,10,31175430.1,-72.82952118
1000000000.0,1146905830.5499647,phase_noise,31249980.1,210000.0,300.0,10,31175580.1,-71.26781464
1000000000.0,1146905830.5499647,phase_noise,31249980.1,210000.0,300.0,10,31175730.1,-70.17778015
1000000000.0,1146905830.5499647,phase_noise,31249980.1,210000.0,300.0,10,31175880.1,-71.41049957
1000000000.0,1146905830.5499647,phase_noise,31249980.1,210000.0,300.0,10,31176030.1,-72.78165436
1000000000.0,1146905830.5499647,phase_noise,31249980.1,210000.0,300.0,10,31176180.1,-71.99607086
1000000000.0,1146905830.5499647,phase_noise,31249980.1,210000.0,300.0,10,31176330.1,-70.81324005
1000000000.0,1146905830.5499647,phase_noise,31249980.1,210000.0,300.0,10,31176480.1,-70.81134033
1000000000.0,1146905830.5499647,phase_noise,31249980.1,210000.0,300.0,10,31176630.1,-71.30195618
1000000000.0,1146905830.5499647,phase_noise,31249980.1,210000.0,300.0,10,31176780.1,-71.95999908
1000000000.0,1146905830.5499647,phase_noise,31249980.1,210000.0,300.0,10,31176930.1,-70.90795135
1000000000.0,1146905830.5499647,phase_noise,31249980.1,210000.0,300.0,10,31177080.1,-71.48822021
1000000000.0,1146905830.5499647,phase_noise,31249980.1,210000.0,300.0,10,31177230.1,-71.31703949
1000000000.0,1146905830.5499647,phase_noise,31249980.1,210000.0,300.0,10,31177380.1,-70.6732254
1000000000.0,1146905830.5499647,phase_noise,31249980.1,210000.0,300.0,10,31177530.1,-72.28237152
1000000000.0,1146905830.5499647,phase_noise,31249980.1,210000.0,300.0,10,31177680.1,-73.19892883
1000000000.0,1146905830.5499647,phase_noise,31249980.1,210000.0,300.0,10,31177830.1,-71.55246735
1000000000.0,1146905830.5499647,phase_noise,31249980.1,210000.0,300.0,10,31177980.1,-70.80117035
1000000000.0,1146905830.5499647,phase_noise,31249980.1,210000.0,300.0,10,31178130.1,-71.33691406
1000000000.0,1146905830.5499647,phase_noise,31249980.1,210000.0,300.0,10,31178280.1,-71.76198578
1000000000.0,1146905830.5499647,phase_noise,31249980.1,210000.0,300.0,10,31178430.1,-72.46944427
1000000000.0,1146905830.5499647,phase_noise,31249980.1,210000.0,300.0,10,31178580.1,-72.31989288
1000000000.0,1146905830.5499647,phase_noise,31249980.1,210000.0,300.0,10,31178730.1,-71.84731293
1000000000.0,1146905830.5499647,phase_noise,31249980.1,210000.0,300.0,10,31178880.1,-72.08707428
1000000000.0,1146905830.5499647,phase_noise,31249980.1,210000.0,300.0,10,31179030.1,-71.81166077
1000000000.0,1146905830.5499647,phase_noise,31249980.1,210000.0,300.0,10,31179180.1,-72.38312531
1000000000.0,1146905830.5499647,phase_noise,31249980.1,210000.0,300.0,10,31179330.1,-72.39490509
1000000000.0,1146905830.5499647,phase_noise,31249980.1,210000.0,300.0,10,31179480.1,-72.08876038
1000000000.0,1146905830.5499647,phase_noise,31249980.1,210000.0,300.0,10,31179630.1,-72.62761688
1000000000.0,1146905830.5499647,phase_noise,31249980.1,210000.0,300.0,10,31179780.1,-71.55114746
1000000000.0,1146905830.5499647,phase_noise,31249980.1,210000.0,300.0,10,31179930.1,-70.21057129
1000000000.0,1146905830.5499647,phase_noise,31249980.1,210000.0,300.0,10,31180080.1,-70.33019257
1000000000.0,1146905830.5499647,phase_noise,31249980.1,210000.0,300.0,10,31180230.1,-71.11669159
1000000000.0,1146905830.5499647,phase_noise,31249980.1,210000.0,300.0,10,31180380.1,-71.70288086
1000000000.0,1146905830.5499647,phase_noise,31249980.1,210000.0,300.0,10,31180530.1,-71.61959839
1000000000.0,1146905830.5499647,phase_noise,31249980.1,210000.0,300.0,10,31180680.1,-72.18325806
1000000000.0,1146905830.5499647,phase_noise,31249980.1,210000.0,300.0,10,31180830.1,-71.8771286
1000000000.0,1146905830.5499647,phase_noise,31249980.1,210000.0,300.0,10,31180980.1,-70.75074005
1000000000.0,1146905830.5499647,phase_noise,31249980.1,210000.0,300.0,10,31181130.1,-70.06414795
1000000000.0,1146905830.5499647,phase_noise,31249980.1,210000.0,300.0,10,31181280.1,-70.03689575
1000000000.0,1146905830.5499647,phase_noise,31249980.1,210000.0,300.0,10,31181430.1,-69.42580414
1000000000.0,1146905830.5499647,phase_noise,31249980.1,210000.0,300.0,10,31181580.1,-69.25822449
1000000000.0,1146905830.5499647,phase_noise,31249980.1,210000.0,300.0,10,31181730.1,-70.54664612
1000000000.0,1146905830.5499647,phase_noise,31249980.1,210000.0,300.0,10,31181880.1,-71.43255615
1000000000.0,1146905830.5499647,phase_noise,31249980.1,210000.0,300.0,10,31182030.1,-70.81598663
1000000000.0,1146905830.5499647,phase_noise,31249980.1,210000.0,300.0,10,31182180.1,-70.71764374
1000000000.0,1146905830.5499647,phase_noise,31249980.1,210000.0,300.0,10,31182330.1,-72.22872162
1000000000.0,1146905830.5499647,phase_noise,31249980.1,210000.0,300.0,10,31182480.1,-71.71337128
1000000000.0,1146905830.5499647,phase_noise,31249980.1,210000.0,300.0,10,31182630.1,-69.92826843
1000000000.0,1146905830.5499647,phase_noise,31249980.1,210000.0,300.0,10,31182780.1,-69.65415955
1000000000.0,1146905830.5499647,phase_noise,31249980.1,210000.0,300.0,10,31182930.1,-70.65133667
1000000000.0,1146905830.5499647,phase_noise,31249980.1,210000.0,300.0,10,31183080.1,-71.75645447
1000000000.0,1146905830.5499647,phase_noise,31249980.1,210000.0,300.0,10,31183230.1,-71.6346283
1000000000.0,1146905830.5499647,phase_noise,31249980.1,210000.0,300.0,10,31183380.1,-70.40026093
1000000000.0,1146905830.5499647,phase_noise,31249980.1,210000.0,300.0,10,31183530.1,-70.99320984
1000000000.0,1146905830.5499647,phase_noise,31249980.1,210000.0,300.0,10,31183680.1,-72.3565979
1000000000.0,1146905830.5499647,phase_noise,31249980.1,210000.0,300.0,10,31183830.1,-72.30612183
1000000000.0,1146905830.5499647,phase_noise,31249980.1,210000.0,300.0,10,31183980.1,-71.03739929
1000000000.0,1146905830.5499647,phase_noise,31249980.1,210000.0,300.0,10,31184130.1,-70.72872162
1000000000.0,1146905830.5499647,phase_noise,31249980.1,210000.0,300.0,10,31184280.1,-71.26615143
1000000000.0,1146905830.5499647,phase_noise,31249980.1,210000.0,300.0,10,31184430.1,-72.13926697
1000000000.0,1146905830.5499647,phase_noise,31249980.1,210000.0,300.0,10,31184580.1,-72.34992981
1000000000.0,1146905830.5499647,phase_noise,31249980.1,210000.0,300.0,10,31184730.1,-72.03839874
1000000000.0,1146905830.5499647,phase_noise,31249980.1,210000.0,300.0,10,31184880.1,-72.45303345
1000000000.0,1146905830.5499647,phase_noise,31249980.1,210000.0,300.0,10,31185030.1,-72.93060303
1000000000.0,1146905830.5499647,phase_noise,31249980.1,210000.0,300.0,10,31185180.1,-72.25981903
1000000000.0,1146905830.5499647,phase_noise,31249980.1,210000.0,300.0,10,31185330.1,-70.9309845
1000000000.0,1146905830.5499647,phase_noise,31249980.1,210000.0,300.0,10,31185480.1,-70.86048889
1000000000.0,1146905830.5499647,phase_noise,31249980.1,210000.0,300.0,10,31185630.1,-71.72607422
1000000000.0,1146905830.5499647,phase_noise,31249980.1,210000.0,300.0,10,31185780.1,-71.35678864
1000000000.0,1146905830.5499647,phase_noise,31249980.1,210000.0,300.0,10,31185930.1,-69.65638733
1000000000.0,1146905830.5499647,phase_noise,31249980.1,210000.0,300.0,10,31186080.1,-68.39810944
1000000000.0,1146905830.5499647,phase_noise,31249980.1,210000.0,300.0,10,31186230.1,-68.80982971
1000000000.0,1146905830.5499647,phase_noise,31249980.1,210000.0,300.0,10,31186380.1,-70.88574219
1000000000.0,1146905830.5499647,phase_noise,31249980.1,210000.0,300.0,10,31186530.1,-71.29376984
1000000000.0,1146905830.5499647,phase_noise,31249980.1,210000.0,300.0,10,31186680.1,-71.82159424
1000000000.0,1146905830.5499647,phase_noise,31249980.1,210000.0,300.0,10,31186830.1,-72.33474731
1000000000.0,1146905830.5499647,phase_noise,31249980.1,210000.0,300.0,10,31186980.1,-71.77179718
1000000000.0,1146905830.5499647,phase_noise,31249980.1,210000.0,300.0,10,31187130.1,-72.56451416
1000000000.0,1146905830.5499647,phase_noise,31249980.1,210000.0,300.0,10,31187280.1,-74.50971222
1000000000.0,1146905830.5499647,phase_noise,31249980.1,210000.0,300.0,10,31187430.1,-74.70864105
1000000000.0,1146905830.5499647,phase_noise,31249980.1,210000.0,300.0,10,31187580.1,-72.6576004
1000000000.0,1146905830.5499647,phase_noise,31249980.1,210000.0,300.0,10,31187730.1,-72.62981415
1000000000.0,1146905830.5499647,phase_noise,31249980.1,210000.0,300.0,10,31187880.1,-73.84545898
1000000000.0,1146905830.5499647,phase_noise,31249980.1,210000.0,300.0,10,31188030.1,-73.28209686
1000000000.0,1146905830.5499647,phase_noise,31249980.1,210000.0,300.0,10,31188180.1,-71.59046173
1000000000.0,1146905830.5499647,phase_noise,31249980.1,210000.0,300.0,10,31188330.1,-71.98016357
1000000000.0,1146905830.5499647,phase_noise,31249980.1,210000.0,300.0,10,31188480.1,-73.14476013
1000000000.0,1146905830.5499647,phase_noise,31249980.1,210000.0,300.0,10,31188630.1,-72.33248901
1000000000.0,1146905830.5499647,phase_noise,31249980.1,210000.0,300.0,10,31188780.1,-70.49394989
1000000000.0,1146905830.5499647,phase_noise,31249980.1,210000.0,300.0,10,31188930.1,-70.26152802
1000000000.0,1146905830.5499647,phase_noise,31249980.1,210000.0,300.0,10,31189080.1,-70.64498901
1000000000.0,1146905830.5499647,phase_noise,31249980.1,210000.0,300.0,10,31189230.1,-70.48461914
1000000000.0,1146905830.5499647,phase_noise,31249980.1,210000.0,300.0,10,31189380.1,-71.05330658
1000000000.0,1146905830.5499647,phase_noise,31249980.1,210000.0,300.0,10,31189530.1,-71.61927795
1000000000.0,1146905830.5499647,phase_noise,31249980.1,210000.0,300.0,10,31189680.1,-71.18418884
1000000000.0,1146905830.5499647,phase_noise,31249980.1,210000.0,300.0,10,31189830.1,-71.12199402
1000000000.0,1146905830.5499647,phase_noise,31249980.1,210000.0,300.0,10,31189980.1,-72.2822876
1000000000.0,1146905830.5499647,phase_noise,31249980.1,210000.0,300.0,10,31190130.1,-72.76010895
1000000000.0,1146905830.5499647,phase_noise,31249980.1,210000.0,300.0,10,31190280.1,-72.34923553
1000000000.0,1146905830.5499647,phase_noise,31249980.1,210000.0,300.0,10,31190430.1,-70.78367615
1000000000.0,1146905830.5499647,phase_noise,31249980.1,210000.0,300.0,10,31190580.1,-69.40013885
1000000000.0,1146905830.5499647,phase_noise,31249980.1,210000.0,300.0,10,31190730.1,-69.78540039
1000000000.0,1146905830.5499647,phase_noise,31249980.1,210000.0,300.0,10,31190880.1,-71.35706329
1000000000.0,1146905830.5499647,phase_noise,31249980.1,210000.0,300.0,10,31191030.1,-70.68894958
1000000000.0,1146905830.5499647,phase_noise,31249980.1,210000.0,300.0,10,31191180.1,-69.82009125
1000000000.0,1146905830.5499647,phase_noise,31249980.1,210000.0,300.0,10,31191330.1,-68.68004608
1000000000.0,1146905830.5499647,phase_noise,31249980.1,210000.0,300.0,10,31191480.1,-67.53279877
1000000000.0,1146905830.5499647,phase_noise,31249980.1,210000.0,300.0,10,31191630.1,-67.07772827
1000000000.0,1146905830.5499647,phase_noise,31249980.1,210000.0,300.0,10,31191780.1,-67.8179245
1000000000.0,1146905830.5499647,phase_noise,31249980.1,210000.0,300.0,10,31191930.1,-69.93566895
1000000000.0,1146905830.5499647,phase_noise,31249980.1,210000.0,300.0,10,31192080.1,-67.06748199
1000000000.0,1146905830.5499647,phase_noise,31249980.1,210000.0,300.0,10,31192230.1,-62.37358093
1000000000.0,1146905830.5499647,phase_noise,31249980.1,210000.0,300.0,10,31192380.1,-61.27310181
1000000000.0,1146905830.5499647,phase_noise,31249980.1,210000.0,300.0,10,31192530.1,-64.13917542
1000000000.0,1146905830.5499647,phase_noise,31249980.1,210000.0,300.0,10,31192680.1,-69.93495178
1000000000.0,1146905830.5499647,phase_noise,31249980.1,210000.0,300.0,10,31192830.1,-72.12431335
1000000000.0,1146905830.5499647,phase_noise,31249980.1,210000.0,300.0,10,31192980.1,-70.07697296
1000000000.0,1146905830.5499647,phase_noise,31249980.1,210000.0,300.0,10,31193130.1,-68.59198761
1000000000.0,1146905830.5499647,phase_noise,31249980.1,210000.0,300.0,10,31193280.1,-67.40135193
1000000000.0,1146905830.5499647,phase_noise,31249980.1,210000.0,300.0,10,31193430.1,-64.50177002
1000000000.0,1146905830.5499647,phase_noise,31249980.1,210000.0,300.0,10,31193580.1,-63.09988403
1000000000.0,1146905830.5499647,phase_noise,31249980.1,210000.0,300.0,10,31193730.1,-64.65852356
1000000000.0,1146905830.5499647,phase_noise,31249980.1,210000.0,300.0,10,31193880.1,-67.89550781
1000000000.0,1146905830.5499647,phase_noise,31249980.1,210000.0,300.0,10,31194030.1,-71.22015381
1000000000.0,1146905830.5499647,phase_noise,31249980.1,210000.0,300.0,10,31194180.1,-71.87351227
1000000000.0,1146905830.5499647,phase_noise,31249980.1,210000.0,300.0,10,31194330.1,-70.98508453
1000000000.0,1146905830.5499647,phase_noise,31249980.1,210000.0,300.0,10,31194480.1,-70.88670349
1000000000.0,1146905830.5499647,phase_noise,31249980.1,210000.0,300.0,10,31194630.1,-70.74918365
1000000000.0,1146905830.5499647,phase_noise,31249980.1,210000.0,300.0,10,31194780.1,-70.5385437
1000000000.0,1146905830.5499647,phase_noise,31249980.1,210000.0,300.0,10,31194930.1,-70.81414032
1000000000.0,1146905830.5499647,phase_noise,31249980.1,210000.0,300.0,10,31195080.1,-71.05472565
1000000000.0,1146905830.5499647,phase_noise,31249980.1,210000.0,300.0,10,31195230.1,-71.98910522
1000000000.0,1146905830.5499647,phase_noise,31249980.1,210000.0,300.0,10,31195380.1,-74.97544861
1000000000.0,1146905830.5499647,phase_noise,31249980.1,210000.0,300.0,10,31195530.1,-76.33764648
1000000000.0,1146905830.5499647,phase_noise,31249980.1,210000.0,300.0,10,31195680.1,-72.73152161
1000000000.0,1146905830.5499647,phase_noise,31249980.1,210000.0,300.0,10,31195830.1,-69.30368805
1000000000.0,1146905830.5499647,phase_noise,31249980.1,210000.0,300.0,10,31195980.1,-67.76692963
1000000000.0,1146905830.5499647,phase_noise,31249980.1,210000.0,300.0,10,31196130.1,-67.4931488
1000000000.0,1146905830.5499647,phase_noise,31249980.1,210000.0,300.0,10,31196280.1,-67.61553955
1000000000.0,1146905830.5499647,phase_noise,31249980.1,210000.0,300.0,10,31196430.1,-67.1992569
1000000000.0,1146905830.5499647,phase_noise,31249980.1,210000.0,300.0,10,31196580.1,-67.15679169
1000000000.0,1146905830.5499647,phase_noise,31249980.1,210000.0,300.0,10,31196730.1,-68.39798737
1000000000.0,1146905830.5499647,phase_noise,31249980.1,210000.0,300.0,10,31196880.1,-69.02069092
1000000000.0,1146905830.5499647,phase_noise,31249980.1,210000.0,300.0,10,31197030.1,-67.78383636
1000000000.0,1146905830.5499647,phase_noise,31249980.1,210000.0,300.0,10,31197180.1,-67.70452118
1000000000.0,1146905830.5499647,phase_noise,31249980.1,210000.0,300.0,10,31197330.1,-69.82054138
1000000000.0,1146905830.5499647,phase_noise,31249980.1,210000.0,300.0,10,31197480.1,-69.94423676
1000000000.0,1146905830.5499647,phase_noise,31249980.1,210000.0,300.0,10,31197630.1,-68.12308502
1000000000.0,1146905830.5499647,phase_noise,31249980.1,210000.0,300.0,10,31197780.1,-68.30709839
1000000000.0,1146905830.5499647,phase_noise,31249980.1,210000.0,300.0,10,31197930.1,-69.26231384
1000000000.0,1146905830.5499647,phase_noise,31249980.1,210000.0,300.0,10,31198080.1,-70.1213913
1000000000.0,1146905830.5499647,phase_noise,31249980.1,210000.0,300.0,10,31198230.1,-70.66387177
1000000000.0,1146905830.5499647,phase_noise,31249980.1,210000.0,300.0,10,31198380.1,-71.07591248
1000000000.0,1146905830.5499647,phase_noise,31249980.1,210000.0,300.0,10,31198530.1,-71.83133698
1000000000.0,1146905830.5499647,phase_noise,31249980.1,210000.0,300.0,10,31198680.1,-70.10157013
1000000000.0,1146905830.5499647,phase_noise,31249980.1,210000.0,300.0,10,31198830.1,-69.20625305
1000000000.0,1146905830.5499647,phase_noise,31249980.1,210000.0,300.0,10,31198980.1,-70.27246857
1000000000.0,1146905830.5499647,phase_noise,31249980.1,210000.0,300.0,10,31199130.1,-70.1967926
1000000000.0,1146905830.5499647,phase_noise,31249980.1,210000.0,300.0,10,31199280.1,-70.2963028
1000000000.0,1146905830.5499647,phase_noise,31249980.1,210000.0,300.0,10,31199430.1,-70.93235016
1000000000.0,1146905830.5499647,phase_noise,31249980.1,210000.0,300.0,10,31199580.1,-70.48059845
1000000000.0,1146905830.5499647,phase_noise,31249980.1,210000.0,300.0,10,31199730.1,-71.93106842
1000000000.0,1146905830.5499647,phase_noise,31249980.1,210000.0,300.0,10,31199880.1,-73.91303253
1000000000.0,1146905830.5499647,phase_noise,31249980.1,210000.0,300.0,10,31200030.1,-73.69113922
1000000000.0,1146905830.5499647,phase_noise,31249980.1,210000.0,300.0,10,31200180.1,-74.44008636
1000000000.0,1146905830.5499647,phase_noise,31249980.1,210000.0,300.0,10,31200330.1,-74.78102112
1000000000.0,1146905830.5499647,phase_noise,31249980.1,210000.0,300.0,10,31200480.1,-74.35606384
1000000000.0,1146905830.5499647,phase_noise,31249980.1,210000.0,300.0,10,31200630.1,-72.35279083
1000000000.0,1146905830.5499647,phase_noise,31249980.1,210000.0,300.0,10,31200780.1,-69.16754913
1000000000.0,1146905830.5499647,phase_noise,31249980.1,210000.0,300.0,10,31200930.1,-68.07293701
1000000000.0,1146905830.5499647,phase_noise,31249980.1,210000.0,300.0,10,31201080.1,-68.94873047
1000000000.0,1146905830.5499647,phase_noise,31249980.1,210000.0,300.0,10,31201230.1,-68.39722443
1000000000.0,1146905830.5499647,phase_noise,31249980.1,210000.0,300.0,10,31201380.1,-67.5375824
1000000000.0,1146905830.5499647,phase_noise,31249980.1,210000.0,300.0,10,31201530.1,-69.22655487
1000000000.0,1146905830.5499647,phase_noise,31249980.1,210000.0,300.0,10,31201680.1,-71.41587067
1000000000.0,1146905830.5499647,phase_noise,31249980.1,210000.0,300.0,10,31201830.1,-70.78208923
1000000000.0,1146905830.5499647,phase_noise,31249980.1,210000.0,300.0,10,31201980.1,-69.07837677
1000000000.0,1146905830.5499647,phase_noise,31249980.1,210000.0,300.0,10,31202130.1,-68.08221436
1000000000.0,1146905830.5499647,phase_noise,31249980.1,210000.0,300.0,10,31202280.1,-68.31600189
1000000000.0,1146905830.5499647,phase_noise,31249980.1,210000.0,300.0,10,31202430.1,-70.10318756
1000000000.0,1146905830.5499647,phase_noise,31249980.1,210000.0,300.0,10,31202580.1,-73.24741364
1000000000.0,1146905830.5499647,phase_noise,31249980.1,210000.0,300.0,10,31202730.1,-71.77659607
1000000000.0,1146905830.5499647,phase_noise,31249980.1,210000.0,300.0,10,31202880.1,-69.81271362
1000000000.0,1146905830.5499647,phase_noise,31249980.1,210000.0,300.0,10,31203030.1,-70.68322754
1000000000.0,1146905830.5499647,phase_noise,31249980.1,210000.0,300.0,10,31203180.1,-71.7521286
1000000000.0,1146905830.5499647,phase_noise,31249980.1,210000.0,300.0,10,31203330.1,-69.49002838
1000000000.0,1146905830.5499647,phase_noise,31249980.1,210000.0,300.0,10,31203480.1,-68.55994415
1000000000.0,1146905830.5499647,phase_noise,31249980.1,210000.0,300.0,10,31203630.1,-68.5306778
1000000000.0,1146905830.5499647,phase_noise,31249980.1,210000.0,300.0,10,31203780.1,-68.46815491
1000000000.0,1146905830.5499647,phase_noise,31249980.1,210000.0,300.0,10,31203930.1,-70.05656433
1000000000.0,1146905830.5499647,phase_noise,31249980.1,210000.0,300.0,10,31204080.1,-71.88644409
1000000000.0,1146905830.5499647,phase_noise,31249980.1,210000.0,300.0,10,31204230.1,-70.10404205
1000000000.0,1146905830.5499647,phase_noise,31249980.1,210000.0,300.0,10,31204380.1,-67.27519989
1000000000.0,1146905830.5499647,phase_noise,31249980.1,210000.0,300.0,10,31204530.1,-66.54389191
1000000000.0,1146905830.5499647,phase_noise,31249980.1,210000.0,300.0,10,31204680.1,-66.97458649
1000000000.0,1146905830.5499647,phase_noise,31249980.1,210000.0,300.0,10,31204830.1,-66.63258362
1000000000.0,1146905830.5499647,phase_noise,31249980.1,210000.0,300.0,10,31204980.1,-66.80983734
1000000000.0,1146905830.5499647,phase_noise,31249980.1,210000.0,300.0,10,31205130.1,-68.556633
1000000000.0,1146905830.5499647,phase_noise,31249980.1,210000.0,300.0,10,31205280.1,-68.60066986
1000000000.0,1146905830.5499647,phase_noise,31249980.1,210000.0,300.0,10,31205430.1,-66.87405396
1000000000.0,1146905830.5499647,phase_noise,31249980.1,210000.0,300.0,10,31205580.1,-67.88479614
1000000000.0,1146905830.5499647,phase_noise,31249980.1,210000.0,300.0,10,31205730.1,-70.23500061
1000000000.0,1146905830.5499647,phase_noise,31249980.1,210000.0,300.0,10,31205880.1,-69.42776489
1000000000.0,1146905830.5499647,phase_noise,31249980.1,210000.0,300.0,10,31206030.1,-66.70209503
1000000000.0,1146905830.5499647,phase_noise,31249980.1,210000.0,300.0,10,31206180.1,-65.7934494
1000000000.0,1146905830.5499647,phase_noise,31249980.1,210000.0,300.0,10,31206330.1,-67.68289185
1000000000.0,1146905830.5499647,phase_noise,31249980.1,210000.0,300.0,10,31206480.1,-68.29252625
1000000000.0,1146905830.5499647,phase_noise,31249980.1,210000.0,300.0,10,31206630.1,-66.63690186
1000000000.0,1146905830.5499647,phase_noise,31249980.1,210000.0,300.0,10,31206780.1,-67.5515213
1000000000.0,1146905830.5499647,phase_noise,31249980.1,210000.0,300.0,10,31206930.1,-70.66924286
1000000000.0,1146905830.5499647,phase_noise,31249980.1,210000.0,300.0,10,31207080.1,-71.64228821
1000000000.0,1146905830.5499647,phase_noise,31249980.1,210000.0,300.0,10,31207230.1,-70.41889954
1000000000.0,1146905830.5499647,phase_noise,31249980.1,210000.0,300.0,10,31207380.1,-70.31075287
1000000000.0,1146905830.5499647,phase_noise,31249980.1,210000.0,300.0,10,31207530.1,-70.02708435
1000000000.0,1146905830.5499647,phase_noise,31249980.1,210000.0,300.0,10,31207680.1,-70.37931061
1000000000.0,1146905830.5499647,phase_noise,31249980.1,210000.0,300.0,10,31207830.1,-72.52368927
1000000000.0,1146905830.5499647,phase_noise,31249980.1,210000.0,300.0,10,31207980.1,-73.55969238
1000000000.0,1146905830.5499647,phase_noise,31249980.1,210000.0,300.0,10,31208130.1,-72.07855988
1000000000.0,1146905830.5499647,phase_noise,31249980.1,210000.0,300.0,10,31208280.1,-70.09223938
1000000000.0,1146905830.5499647,phase_noise,31249980.1,210000.0,300.0,10,31208430.1,-70.34635162
1000000000.0,1146905830.5499647,phase_noise,31249980.1,210000.0,300.0,10,31208580.1,-72.74159241
1000000000.0,1146905830.5499647,phase_noise,31249980.1,210000.0,300.0,10,31208730.1,-72.99471283
1000000000.0,1146905830.5499647,phase_noise,31249980.1,210000.0,300.0,10,31208880.1,-71.28730774
1000000000.0,1146905830.5499647,phase_noise,31249980.1,210000.0,300.0,10,31209030.1,-70.66271973
1000000000.0,1146905830.5499647,phase_noise,31249980.1,210000.0,300.0,10,31209180.1,-71.41255951
1000000000.0,1146905830.5499647,phase_noise,31249980.1,210000.0,300.0,10,31209330.1,-71.24321747
1000000000.0,1146905830.5499647,phase_noise,31249980.1,210000.0,300.0,10,31209480.1,-69.70819855
1000000000.0,1146905830.5499647,phase_noise,31249980.1,210000.0,300.0,10,31209630.1,-68.74526215
1000000000.0,1146905830.5499647,phase_noise,31249980.1,210000.0,300.0,10,31209780.1,-68.71144104
1000000000.0,1146905830.5499647,phase_noise,31249980.1,210000.0,300.0,10,31209930.1,-69.86643219
1000000000.0,1146905830.5499647,phase_noise,31249980.1,210000.0,300.0,10,31210080.1,-71.49025726
1000000000.0,1146905830.5499647,phase_noise,31249980.1,210000.0,300.0,10,31210230.1,-71.2164917
1000000000.0,1146905830.5499647,phase_noise,31249980.1,210000.0,300.0,10,31210380.1,-70.79125214
1000000000.0,1146905830.5499647,phase_noise,31249980.1,210000.0,300.0,10,31210530.1,-70.52716827
1000000000.0,1146905830.5499647,phase_noise,31249980.1,210000.0,300.0,10,31210680.1,-68.32808685
1000000000.0,1146905830.5499647,phase_noise,31249980.1,210000.0,300.0,10,31210830.1,-65.97554779
1000000000.0,1146905830.5499647,phase_noise,31249980.1,210000.0,300.0,10,31210980.1,-63.7796669
1000000000.0,1146905830.5499647,phase_noise,31249980.1,210000.0,300.0,10,31211130.1,-63.54762268
1000000000.0,1146905830.5499647,phase_noise,31249980.1,210000.0,300.0,10,31211280.1,-66.13461304
1000000000.0,1146905830.5499647,phase_noise,31249980.1,210000.0,300.0,10,31211430.1,-69.31142426
1000000000.0,1146905830.5499647,phase_noise,31249980.1,210000.0,300.0,10,31211580.1,-69.37947083
1000000000.0,1146905830.5499647,phase_noise,31249980.1,210000.0,300.0,10,31211730.1,-69.59550476
1000000000.0,1146905830.5499647,phase_noise,31249980.1,210000.0,300.0,10,31211880.1,-70.35450745
1000000000.0,1146905830.5499647,phase_noise,31249980.1,210000.0,300.0,10,31212030.1,-69.96047974
1000000000.0,1146905830.5499647,phase_noise,31249980.1,210000.0,300.0,10,31212180.1,-70.21664429
1000000000.0,1146905830.5499647,phase_noise,31249980.1,210000.0,300.0,10,31212330.1,-70.69567871
1000000000.0,1146905830.5499647,phase_noise,31249980.1,210000.0,300.0,10,31212480.1,-70.65077972
1000000000.0,1146905830.5499647,phase_noise,31249980.1,210000.0,300.0,10,31212630.1,-69.12956238
1000000000.0,1146905830.5499647,phase_noise,31249980.1,210000.0,300.0,10,31212780.1,-68.26678467
1000000000.0,1146905830.5499647,phase_noise,31249980.1,210000.0,300.0,10,31212930.1,-68.70510864
1000000000.0,1146905830.5499647,phase_noise,31249980.1,210000.0,300.0,10,31213080.1,-69.27429962
1000000000.0,1146905830.5499647,phase_noise,31249980.1,210000.0,300.0,10,31213230.1,-70.5165329
1000000000.0,1146905830.5499647,phase_noise,31249980.1,210000.0,300.0,10,31213380.1,-72.38848877
1000000000.0,1146905830.5499647,phase_noise,31249980.1,210000.0,300.0,10,31213530.1,-70.66671753
1000000000.0,1146905830.5499647,phase_noise,31249980.1,210000.0,300.0,10,31213680.1,-68.50404358
1000000000.0,1146905830.5499647,phase_noise,31249980.1,210000.0,300.0,10,31213830.1,-68.85154724
1000000000.0,1146905830.5499647,phase_noise,31249980.1,210000.0,300.0,10,31213980.1,-69.6550827
1000000000.0,1146905830.5499647,phase_noise,31249980.1,210000.0,300.0,10,31214130.1,-69.51892853
1000000000.0,1146905830.5499647,phase_noise,31249980.1,210000.0,300.0,10,31214280.1,-69.21500397
1000000000.0,1146905830.5499647,phase_noise,31249980.1,210000.0,300.0,10,31214430.1,-69.66368103
1000000000.0,1146905830.5499647,phase_noise,31249980.1,210000.0,300.0,10,31214580.1,-70.58479309
1000000000.0,1146905830.5499647,phase_noise,31249980.1,210000.0,300.0,10,31214730.1,-70.23282623
1000000000.0,1146905830.5499647,phase_noise,31249980.1,210000.0,300.0,10,31214880.1,-70.23470306
1000000000.0,1146905830.5499647,phase_noise,31249980.1,210000.0,300.0,10,31215030.1,-71.78227234
1000000000.0,1146905830.5499647,phase_noise,31249980.1,210000.0,300.0,10,31215180.1,-72.20752716
1000000000.0,1146905830.5499647,phase_noise,31249980.1,210000.0,300.0,10,31215330.1,-68.79344177
1000000000.0,1146905830.5499647,phase_noise,31249980.1,210000.0,300.0,10,31215480.1,-66.57449341
1000000000.0,1146905830.5499647,phase_noise,31249980.1,210000.0,300.0,10,31215630.1,-65.67416382
1000000000.0,1146905830.5499647,phase_noise,31249980.1,210000.0,300.0,10,31215780.1,-63.90145874
1000000000.0,1146905830.5499647,phase_noise,31249980.1,210000.0,300.0,10,31215930.1,-64.4421463
1000000000.0,1146905830.5499647,phase_noise,31249980.1,210000.0,300.0,10,31216080.1,-68.31637573
1000000000.0,1146905830.5499647,phase_noise,31249980.1,210000.0,300.0,10,31216230.1,-70.4637146
1000000000.0,1146905830.5499647,phase_noise,31249980.1,210000.0,300.0,10,31216380.1,-70.88885498
1000000000.0,1146905830.5499647,phase_noise,31249980.1,210000.0,300.0,10,31216530.1,-71.06987
1000000000.0,1146905830.5499647,phase_noise,31249980.1,210000.0,300.0,10,31216680.1,-70.48954773
1000000000.0,1146905830.5499647,phase_noise,31249980.1,210000.0,300.0,10,31216830.1,-70.97213745
1000000000.0,1146905830.5499647,phase_noise,31249980.1,210000.0,300.0,10,31216980.1,-70.75667572
1000000000.0,1146905830.5499647,phase_noise,31249980.1,210000.0,300.0,10,31217130.1,-70.39803314
1000000000.0,1146905830.5499647,phase_noise,31249980.1,210000.0,300.0,10,31217280.1,-70.08846283
1000000000.0,1146905830.5499647,phase_noise,31249980.1,210000.0,300.0,10,31217430.1,-70.29257965
1000000000.0,1146905830.5499647,phase_noise,31249980.1,210000.0,300.0,10,31217580.1,-70.61428833
1000000000.0,1146905830.5499647,phase_noise,31249980.1,210000.0,300.0,10,31217730.1,-69.98969269
1000000000.0,1146905830.5499647,phase_noise,31249980.1,210000.0,300.0,10,31217880.1,-70.04863739
1000000000.0,1146905830.5499647,phase_noise,31249980.1,210000.0,300.0,10,31218030.1,-71.21923828
1000000000.0,1146905830.5499647,phase_noise,31249980.1,210000.0,300.0,10,31218180.1,-72.45539093
1000000000.0,1146905830.5499647,phase_noise,31249980.1,210000.0,300.0,10,31218330.1,-72.67462921
1000000000.0,1146905830.5499647,phase_noise,31249980.1,210000.0,300.0,10,31218480.1,-72.32893372
1000000000.0,1146905830.5499647,phase_noise,31249980.1,210000.0,300.0,10,31218630.1,-72.43052673
1000000000.0,1146905830.5499647,phase_noise,31249980.1,210000.0,300.0,10,31218780.1,-72.01815033
1000000000.0,1146905830.5499647,phase_noise,31249980.1,210000.0,300.0,10,31218930.1,-72.09547424
1000000000.0,1146905830.5499647,phase_noise,31249980.1,210000.0,300.0,10,31219080.1,-71.73283386
1000000000.0,1146905830.5499647,phase_noise,31249980.1,210000.0,300.0,10,31219230.1,-71.25045013
1000000000.0,1146905830.5499647,phase_noise,31249980.1,210000.0,300.0,10,31219380.1,-71.90124512
1000000000.0,1146905830.5499647,phase_noise,31249980.1,210000.0,300.0,10,31219530.1,-71.87478638
1000000000.0,1146905830.5499647,phase_noise,31249980.1,210000.0,300.0,10,31219680.1,-70.15903473
1000000000.0,1146905830.5499647,phase_noise,31249980.1,210000.0,300.0,10,31219830.1,-69.6388855
1000000000.0,1146905830.5499647,phase_noise,31249980.1,210000.0,300.0,10,31219980.1,-70.54489899
1000000000.0,1146905830.5499647,phase_noise,31249980.1,210000.0,300.0,10,31220130.1,-69.64649963
1000000000.0,1146905830.5499647,phase_noise,31249980.1,210000.0,300.0,10,31220280.1,-68.29438019
1000000000.0,1146905830.5499647,phase_noise,31249980.1,210000.0,300.0,10,31220430.1,-68.0002594
1000000000.0,1146905830.5499647,phase_noise,31249980.1,210000.0,300.0,10,31220580.1,-65.71494293
1000000000.0,1146905830.5499647,phase_noise,31249980.1,210000.0,300.0,10,31220730.1,-65.03094482
1000000000.0,1146905830.5499647,phase_noise,31249980.1,210000.0,300.0,10,31220880.1,-68.46601868
1000000000.0,1146905830.5499647,phase_noise,31249980.1,210000.0,300.0,10,31221030.1,-71.87329865
1000000000.0,1146905830.5499647,phase_noise,31249980.1,210000.0,300.0,10,31221180.1,-72.03588867
1000000000.0,1146905830.5499647,phase_noise,31249980.1,210000.0,300.0,10,31221330.1,-71.91481018
1000000000.0,1146905830.5499647,phase_noise,31249980.1,210000.0,300.0,10,31221480.1,-71.81247711
1000000000.0,1146905830.5499647,phase_noise,31249980.1,210000.0,300.0,10,31221630.1,-72.37460327
1000000000.0,1146905830.5499647,phase_noise,31249980.1,210000.0,300.0,10,31221780.1,-73.14669037
1000000000.0,1146905830.5499647,phase_noise,31249980.1,210000.0,300.0,10,31221930.1,-73.97118378
1000000000.0,1146905830.5499647,phase_noise,31249980.1,210000.0,300.0,10,31222080.1,-73.01934052
1000000000.0,1146905830.5499647,phase_noise,31249980.1,210000.0,300.0,10,31222230.1,-71.45790863
1000000000.0,1146905830.5499647,phase_noise,31249980.1,210000.0,300.0,10,31222380.1,-71.06626892
1000000000.0,1146905830.5499647,phase_noise,31249980.1,210000.0,300.0,10,31222530.1,-71.02927399
1000000000.0,1146905830.5499647,phase_noise,31249980.1,210000.0,300.0,10,31222680.1,-70.99140167
1000000000.0,1146905830.5499647,phase_noise,31249980.1,210000.0,300.0,10,31222830.1,-71.43331146
1000000000.0,1146905830.5499647,phase_noise,31249980.1,210000.0,300.0,10,31222980.1,-72.77627563
1000000000.0,1146905830.5499647,phase_noise,31249980.1,210000.0,300.0,10,31223130.1,-72.62834167
1000000000.0,1146905830.5499647,phase_noise,31249980.1,210000.0,300.0,10,31223280.1,-70.94329834
1000000000.0,1146905830.5499647,phase_noise,31249980.1,210000.0,300.0,10,31223430.1,-70.86967468
1000000000.0,1146905830.5499647,phase_noise,31249980.1,210000.0,300.0,10,31223580.1,-72.22837067
1000000000.0,1146905830.5499647,phase_noise,31249980.1,210000.0,300.0,10,31223730.1,-72.84398651
1000000000.0,1146905830.5499647,phase_noise,31249980.1,210000.0,300.0,10,31223880.1,-72.15748596
1000000000.0,1146905830.5499647,phase_noise,31249980.1,210000.0,300.0,10,31224030.1,-70.75740051
1000000000.0,1146905830.5499647,phase_noise,31249980.1,210000.0,300.0,10,31224180.1,-68.85198212
1000000000.0,1146905830.5499647,phase_noise,31249980.1,210000.0,300.0,10,31224330.1,-67.941185
1000000000.0,1146905830.5499647,phase_noise,31249980.1,210000.0,300.0,10,31224480.1,-68.25097656
1000000000.0,1146905830.5499647,phase_noise,31249980.1,210000.0,300.0,10,31224630.1,-68.21808624
1000000000.0,1146905830.5499647,phase_noise,31249980.1,210000.0,300.0,10,31224780.1,-68.58596802
1000000000.0,1146905830.5499647,phase_noise,31249980.1,210000.0,300.0,10,31224930.1,-71.24866486
1000000000.0,1146905830.5499647,phase_noise,31249980.1,210000.0,300.0,10,31225080.1,-73.85597992
1000000000.0,1146905830.5499647,phase_noise,31249980.1,210000.0,300.0,10,31225230.1,-69.98710632
1000000000.0,1146905830.5499647,phase_noise,31249980.1,210000.0,300.0,10,31225380.1,-65.78855896
1000000000.0,1146905830.5499647,phase_noise,31249980.1,210000.0,300.0,10,31225530.1,-64.96492767
1000000000.0,1146905830.5499647,phase_noise,31249980.1,210000.0,300.0,10,31225680.1,-67.55850983
1000000000.0,1146905830.5499647,phase_noise,31249980.1,210000.0,300.0,10,31225830.1,-69.30998993
1000000000.0,1146905830.5499647,phase_noise,31249980.1,210000.0,300.0,10,31225980.1,-69.28443909
1000000000.0,1146905830.5499647,phase_noise,31249980.1,210000.0,300.0,10,31226130.1,-69.8246994
1000000000.0,1146905830.5499647,phase_noise,31249980.1,210000.0,300.0,10,31226280.1,-70.11009216
1000000000.0,1146905830.5499647,phase_noise,31249980.1,210000.0,300.0,10,31226430.1,-71.37632751
1000000000.0,1146905830.5499647,phase_noise,31249980.1,210000.0,300.0,10,31226580.1,-73.22190094
1000000000.0,1146905830.5499647,phase_noise,31249980.1,210000.0,300.0,10,31226730.1,-72.00888824
1000000000.0,1146905830.5499647,phase_noise,31249980.1,210000.0,300.0,10,31226880.1,-71.95370483
1000000000.0,1146905830.5499647,phase_noise,31249980.1,210000.0,300.0,10,31227030.1,-70.56217194
1000000000.0,1146905830.5499647,phase_noise,31249980.1,210000.0,300.0,10,31227180.1,-67.37987518
1000000000.0,1146905830.5499647,phase_noise,31249980.1,210000.0,300.0,10,31227330.1,-67.32508087
1000000000.0,1146905830.5499647,phase_noise,31249980.1,210000.0,300.0,10,31227480.1,-70.2882309
1000000000.0,1146905830.5499647,phase_noise,31249980.1,210000.0,300.0,10,31227630.1,-72.35031128
1000000000.0,1146905830.5499647,phase_noise,31249980.1,210000.0,300.0,10,31227780.1,-73.07950592
1000000000.0,1146905830.5499647,phase_noise,31249980.1,210000.0,300.0,10,31227930.1,-71.55208588
1000000000.0,1146905830.5499647,phase_noise,31249980.1,210000.0,300.0,10,31228080.1,-70.45927429
1000000000.0,1146905830.5499647,phase_noise,31249980.1,210000.0,300.0,10,31228230.1,-71.04837799
1000000000.0,1146905830.5499647,phase_noise,31249980.1,210000.0,300.0,10,31228380.1,-71.28977966
1000000000.0,1146905830.5499647,phase_noise,31249980.1,210000.0,300.0,10,31228530.1,-71.05314636
1000000000.0,1146905830.5499647,phase_noise,31249980.1,210000.0,300.0,10,31228680.1,-69.82590485
1000000000.0,1146905830.5499647,phase_noise,31249980.1,210000.0,300.0,10,31228830.1,-69.11867523
1000000000.0,1146905830.5499647,phase_noise,31249980.1,210000.0,300.0,10,31228980.1,-69.4907074
1000000000.0,1146905830.5499647,phase_noise,31249980.1,210000.0,300.0,10,31229130.1,-69.75136566
1000000000.0,1146905830.5499647,phase_noise,31249980.1,210000.0,300.0,10,31229280.1,-70.79563904
1000000000.0,1146905830.5499647,phase_noise,31249980.1,210000.0,300.0,10,31229430.1,-70.68500519
1000000000.0,1146905830.5499647,phase_noise,31249980.1,210000.0,300.0,10,31229580.1,-70.43092346
1000000000.0,1146905830.5499647,phase_noise,31249980.1,210000.0,300.0,10,31229730.1,-71.43791199
1000000000.0,1146905830.5499647,phase_noise,31249980.1,210000.0,300.0,10,31229880.1,-72.07920837
1000000000.0,1146905830.5499647,phase_noise,31249980.1,210000.0,300.0,10,31230030.1,-70.24339294
1000000000.0,1146905830.5499647,phase_noise,31249980.1,210000.0,300.0,10,31230180.1,-67.59701538
1000000000.0,1146905830.5499647,phase_noise,31249980.1,210000.0,300.0,10,31230330.1,-66.62883759
1000000000.0,1146905830.5499647,phase_noise,31249980.1,210000.0,300.0,10,31230480.1,-67.31102753
1000000000.0,1146905830.5499647,phase_noise,31249980.1,210000.0,300.0,10,31230630.1,-68.16394806
1000000000.0,1146905830.5499647,phase_noise,31249980.1,210000.0,300.0,10,31230780.1,-69.902771
1000000000.0,1146905830.5499647,phase_noise,31249980.1,210000.0,300.0,10,31230930.1,-71.25558472
1000000000.0,1146905830.5499647,phase_noise,31249980.1,210000.0,300.0,10,31231080.1,-70.67506409
1000000000.0,1146905830.5499647,phase_noise,31249980.1,210000.0,300.0,10,31231230.1,-70.89596558
1000000000.0,1146905830.5499647,phase_noise,31249980.1,210000.0,300.0,10,31231380.1,-71.59293365
1000000000.0,1146905830.5499647,phase_noise,31249980.1,210000.0,300.0,10,31231530.1,-73.00493622
1000000000.0,1146905830.5499647,phase_noise,31249980.1,210000.0,300.0,10,31231680.1,-73.13887024
1000000000.0,1146905830.5499647,phase_noise,31249980.1,210000.0,300.0,10,31231830.1,-72.61945343
1000000000.0,1146905830.5499647,phase_noise,31249980.1,210000.0,300.0,10,31231980.1,-74.31258392
1000000000.0,1146905830.5499647,phase_noise,31249980.1,210000.0,300.0,10,31232130.1,-73.07968903
1000000000.0,1146905830.5499647,phase_noise,31249980.1,210000.0,300.0,10,31232280.1,-71.04660797
1000000000.0,1146905830.5499647,phase_noise,31249980.1,210000.0,300.0,10,31232430.1,-71.32217407
1000000000.0,1146905830.5499647,phase_noise,31249980.1,210000.0,300.0,10,31232580.1,-72.0470047
1000000000.0,1146905830.5499647,phase_noise,31249980.1,210000.0,300.0,10,31232730.1,-72.72763824
1000000000.0,1146905830.5499647,phase_noise,31249980.1,210000.0,300.0,10,31232880.1,-75.05271912
1000000000.0,1146905830.5499647,phase_noise,31249980.1,210000.0,300.0,10,31233030.1,-74.81095886
1000000000.0,1146905830.5499647,phase_noise,31249980.1,210000.0,300.0,10,31233180.1,-72.49730682
1000000000.0,1146905830.5499647,phase_noise,31249980.1,210000.0,300.0,10,31233330.1,-71.0794754
1000000000.0,1146905830.5499647,phase_noise,31249980.1,210000.0,300.0,10,31233480.1,-71.31837463
1000000000.0,1146905830.5499647,phase_noise,31249980.1,210000.0,300.0,10,31233630.1,-72.25378418
1000000000.0,1146905830.5499647,phase_noise,31249980.1,210000.0,300.0,10,31233780.1,-72.13010406
1000000000.0,1146905830.5499647,phase_noise,31249980.1,210000.0,300.0,10,31233930.1,-70.85987854
1000000000.0,1146905830.5499647,phase_noise,31249980.1,210000.0,300.0,10,31234080.1,-65.41989899
1000000000.0,1146905830.5499647,phase_noise,31249980.1,210000.0,300.0,10,31234230.1,-60.46091461
1000000000.0,1146905830.5499647,phase_noise,31249980.1,210000.0,300.0,10,31234380.1,-60.38250351
1000000000.0,1146905830.5499647,phase_noise,31249980.1,210000.0,300.0,10,31234530.1,-65.58175659
1000000000.0,1146905830.5499647,phase_noise,31249980.1,210000.0,300.0,10,31234680.1,-70.40159607
1000000000.0,1146905830.5499647,phase_noise,31249980.1,210000.0,300.0,10,31234830.1,-69.96578217
1000000000.0,1146905830.5499647,phase_noise,31249980.1,210000.0,300.0,10,31234980.1,-70.53585052
1000000000.0,1146905830.5499647,phase_noise,31249980.1,210000.0,300.0,10,31235130.1,-70.56164551
1000000000.0,1146905830.5499647,phase_noise,31249980.1,210000.0,300.0,10,31235280.1,-71.47392273
1000000000.0,1146905830.5499647,phase_noise,31249980.1,210000.0,300.0,10,31235430.1,-69.98823547
1000000000.0,1146905830.5499647,phase_noise,31249980.1,210000.0,300.0,10,31235580.1,-68.62334442
1000000000.0,1146905830.5499647,phase_noise,31249980.1,210000.0,300.0,10,31235730.1,-70.42883301
1000000000.0,1146905830.5499647,phase_noise,31249980.1,210000.0,300.0,10,31235880.1,-71.82585144
1000000000.0,1146905830.5499647,phase_noise,31249980.1,210000.0,300.0,10,31236030.1,-71.9783783
1000000000.0,1146905830.5499647,phase_noise,31249980.1,210000.0,300.0,10,31236180.1,-72.65040588
1000000000.0,1146905830.5499647,phase_noise,31249980.1,210000.0,300.0,10,31236330.1,-72.94664764
1000000000.0,1146905830.5499647,phase_noise,31249980.1,210000.0,300.0,10,31236480.1,-72.51799011
1000000000.0,1146905830.5499647,phase_noise,31249980.1,210000.0,300.0,10,31236630.1,-72.36537933
1000000000.0,1146905830.5499647,phase_noise,31249980.1,210000.0,300.0,10,31236780.1,-72.25218201
1000000000.0,1146905830.5499647,phase_noise,31249980.1,210000.0,300.0,10,31236930.1,-73.1046524
1000000000.0,1146905830.5499647,phase_noise,31249980.1,210000.0,300.0,10,31237080.1,-71.97971344
1000000000.0,1146905830.5499647,phase_noise,31249980.1,210000.0,300.0,10,31237230.1,-70.50427246
1000000000.0,1146905830.5499647,phase_noise,31249980.1,210000.0,300.0,10,31237380.1,-70.70070648
1000000000.0,1146905830.5499647,phase_noise,31249980.1,210000.0,300.0,10,31237530.1,-69.77318573
1000000000.0,1146905830.5499647,phase_noise,31249980.1,210000.0,300.0,10,31237680.1,-69.41860962
1000000000.0,1146905830.5499647,phase_noise,31249980.1,210000.0,300.0,10,31237830.1,-70.44371033
1000000000.0,1146905830.5499647,phase_noise,31249980.1,210000.0,300.0,10,31237980.1,-70.27427673
1000000000.0,1146905830.5499647,phase_noise,31249980.1,210000.0,300.0,10,31238130.1,-68.67750549
1000000000.0,1146905830.5499647,phase_noise,31249980.1,210000.0,300.0,10,31238280.1,-68.67759705
1000000000.0,1146905830.5499647,phase_noise,31249980.1,210000.0,300.0,10,31238430.1,-70.01010132
1000000000.0,1146905830.5499647,phase_noise,31249980.1,210000.0,300.0,10,31238580.1,-70.74832916
1000000000.0,1146905830.5499647,phase_noise,31249980.1,210000.0,300.0,10,31238730.1,-71.95442963
1000000000.0,1146905830.5499647,phase_noise,31249980.1,210000.0,300.0,10,31238880.1,-71.25318146
1000000000.0,1146905830.5499647,phase_noise,31249980.1,210000.0,300.0,10,31239030.1,-70.81980896
1000000000.0,1146905830.5499647,phase_noise,31249980.1,210000.0,300.0,10,31239180.1,-70.33635712
1000000000.0,1146905830.5499647,phase_noise,31249980.1,210000.0,300.0,10,31239330.1,-65.3358078
1000000000.0,1146905830.5499647,phase_noise,31249980.1,210000.0,300.0,10,31239480.1,-61.08813477
1000000000.0,1146905830.5499647,phase_noise,31249980.1,210000.0,300.0,10,31239630.1,-61.02423477
1000000000.0,1146905830.5499647,phase_noise,31249980.1,210000.0,300.0,10,31239780.1,-65.09323883
1000000000.0,1146905830.5499647,phase_noise,31249980.1,210000.0,300.0,10,31239930.1,-70.36419678
1000000000.0,1146905830.5499647,phase_noise,31249980.1,210000.0,300.0,10,31240080.1,-69.77754974
1000000000.0,1146905830.5499647,phase_noise,31249980.1,210000.0,300.0,10,31240230.1,-66.13024139
1000000000.0,1146905830.5499647,phase_noise,31249980.1,210000.0,300.0,10,31240380.1,-65.43494415
1000000000.0,1146905830.5499647,phase_noise,31249980.1,210000.0,300.0,10,31240530.1,-68.55290985
1000000000.0,1146905830.5499647,phase_noise,31249980.1,210000.0,300.0,10,31240680.1,-69.82291412
1000000000.0,1146905830.5499647,phase_noise,31249980.1,210000.0,300.0,10,31240830.1,-70.4914856
1000000000.0,1146905830.5499647,phase_noise,31249980.1,210000.0,300.0,10,31240980.1,-71.13362122
1000000000.0,1146905830.5499647,phase_noise,31249980.1,210000.0,300.0,10,31241130.1,-70.9868927
1000000000.0,1146905830.5499647,phase_noise,31249980.1,210000.0,300.0,10,31241280.1,-72.49687195
1000000000.0,1146905830.5499647,phase_noise,31249980.1,210000.0,300.0,10,31241430.1,-72.60046387
1000000000.0,1146905830.5499647,phase_noise,31249980.1,210000.0,300.0,10,31241580.1,-72.59186554
1000000000.0,1146905830.5499647,phase_noise,31249980.1,210000.0,300.0,10,31241730.1,-73.19980621
1000000000.0,1146905830.5499647,phase_noise,31249980.1,210000.0,300.0,10,31241880.1,-72.0098877
1000000000.0,1146905830.5499647,phase_noise,31249980.1,210000.0,300.0,10,31242030.1,-71.10024261
1000000000.0,1146905830.5499647,phase_noise,31249980.1,210000.0,300.0,10,31242180.1,-71.43289948
1000000000.0,1146905830.5499647,phase_noise,31249980.1,210000.0,300.0,10,31242330.1,-71.80197144
1000000000.0,1146905830.5499647,phase_noise,31249980.1,210000.0,300.0,10,31242480.1,-71.20874023
1000000000.0,1146905830.5499647,phase_noise,31249980.1,210000.0,300.0,10,31242630.1,-70.17284393
1000000000.0,1146905830.5499647,phase_noise,31249980.1,210000.0,300.0,10,31242780.1,-69.40705872
1000000000.0,1146905830.5499647,phase_noise,31249980.1,210000.0,300.0,10,31242930.1,-69.66004181
1000000000.0,1146905830.5499647,phase_noise,31249980.1,210000.0,300.0,10,31243080.1,-69.75144196
1000000000.0,1146905830.5499647,phase_noise,31249980.1,210000.0,300.0,10,31243230.1,-69.34770966
1000000000.0,1146905830.5499647,phase_noise,31249980.1,210000.0,300.0,10,31243380.1,-70.25706482
1000000000.0,1146905830.5499647,phase_noise,31249980.1,210000.0,300.0,10,31243530.1,-71.49143219
1000000000.0,1146905830.5499647,phase_noise,31249980.1,210000.0,300.0,10,31243680.1,-70.97558594
1000000000.0,1146905830.5499647,phase_noise,31249980.1,210000.0,300.0,10,31243830.1,-69.95159912
1000000000.0,1146905830.5499647,phase_noise,31249980.1,210000.0,300.0,10,31243980.1,-69.60728455
1000000000.0,1146905830.5499647,phase_noise,31249980.1,210000.0,300.0,10,31244130.1,-70.66257477
1000000000.0,1146905830.5499647,phase_noise,31249980.1,210000.0,300.0,10,31244280.1,-71.7853775
1000000000.0,1146905830.5499647,phase_noise,31249980.1,210000.0,300.0,10,31244430.1,-71.51231384
1000000000.0,1146905830.5499647,phase_noise,31249980.1,210000.0,300.0,10,31244580.1,-70.28352356
1000000000.0,1146905830.5499647,phase_noise,31249980.1,210000.0,300.0,10,31244730.1,-68.11042786
1000000000.0,1146905830.5499647,phase_noise,31249980.1,210000.0,300.0,10,31244880.1,-67.38661957
1000000000.0,1146905830.5499647,phase_noise,31249980.1,210000.0,300.0,10,31245030.1,-64.30252075
1000000000.0,1146905830.5499647,phase_noise,31249980.1,210000.0,300.0,10,31245180.1,-62.38906479
1000000000.0,1146905830.5499647,phase_noise,31249980.1,210000.0,300.0,10,31245330.1,-65.21369934
1000000000.0,1146905830.5499647,phase_noise,31249980.1,210000.0,300.0,10,31245480.1,-70.83253479
1000000000.0,1146905830.5499647,phase_noise,31249980.1,210000.0,300.0,10,31245630.1,-74.02323151
1000000000.0,1146905830.5499647,phase_noise,31249980.1,210000.0,300.0,10,31245780.1,-74.89017487
1000000000.0,1146905830.5499647,phase_noise,31249980.1,210000.0,300.0,10,31245930.1,-73.57000732
1000000000.0,1146905830.5499647,phase_noise,31249980.1,210000.0,300.0,10,31246080.1,-72.89344788
1000000000.0,1146905830.5499647,phase_noise,31249980.1,210000.0,300.0,10,31246230.1,-72.30123138
1000000000.0,1146905830.5499647,phase_noise,31249980.1,210000.0,300.0,10,31246380.1,-73.24681854
1000000000.0,1146905830.5499647,phase_noise,31249980.1,210000.0,300.0,10,31246530.1,-74.19351959
1000000000.0,1146905830.5499647,phase_noise,31249980.1,210000.0,300.0,10,31246680.1,-73.34365845
1000000000.0,1146905830.5499647,phase_noise,31249980.1,210000.0,300.0,10,31246830.1,-73.561203
1000000000.0,1146905830.5499647,phase_noise,31249980.1,210000.0,300.0,10,31246980.1,-72.12963867
1000000000.0,1146905830.5499647,phase_noise,31249980.1,210000.0,300.0,10,31247130.1,-70.22837067
1000000000.0,1146905830.5499647,phase_noise,31249980.1,210000.0,300.0,10,31247280.1,-69.66040039
1000000000.0,1146905830.5499647,phase_noise,31249980.1,210000.0,300.0,10,31247430.1,-69.63504028
1000000000.0,1146905830.5499647,phase_noise,31249980.1,210000.0,300.0,10,31247580.1,-68.54654694
1000000000.0,1146905830.5499647,phase_noise,31249980.1,210000.0,300.0,10,31247730.1,-67.84893036
1000000000.0,1146905830.5499647,phase_noise,31249980.1,210000.0,300.0,10,31247880.1,-68.2881546
1000000000.0,1146905830.5499647,phase_noise,31249980.1,210000.0,300.0,10,31248030.1,-69.47621918
1000000000.0,1146905830.5499647,phase_noise,31249980.1,210000.0,300.0,10,31248180.1,-70.60864258
1000000000.0,1146905830.5499647,phase_noise,31249980.1,210000.0,300.0,10,31248330.1,-70.62931061
1000000000.0,1146905830.5499647,phase_noise,31249980.1,210000.0,300.0,10,31248480.1,-70.10315704
1000000000.0,1146905830.5499647,phase_noise,31249980.1,210000.0,300.0,10,31248630.1,-69.30632019
1000000000.0,1146905830.5499647,phase_noise,31249980.1,210000.0,300.0,10,31248780.1,-69.49047089
1000000000.0,1146905830.5499647,phase_noise,31249980.1,210000.0,300.0,10,31248930.1,-70.32216644
1000000000.0,1146905830.5499647,phase_noise,31249980.1,210000.0,300.0,10,31249080.1,-70.58495331
1000000000.0,1146905830.5499647,phase_noise,31249980.1,210000.0,300.0,10,31249230.1,-70.46170807
1000000000.0,1146905830.5499647,phase_noise,31249980.1,210000.0,300.0,10,31249380.1,-59.30650711
1000000000.0,1146905830.5499647,phase_noise,31249980.1,210000.0,300.0,10,31249530.1,-29.27514267
1000000000.0,1146905830.5499647,phase_noise,31249980.1,210000.0,300.0,10,31249680.1,-13.16932297
1000000000.0,1146905830.5499647,phase_noise,31249980.1,210000.0,300.0,10,31249830.1,-4.629491329
1000000000.0,1146905830.5499647,phase_noise,31249980.1,210000.0,300.0,10,31249980.1,-1.91507256
1000000000.0,1146905830.5499647,phase_noise,31249980.1,210000.0,300.0,10,31250130.1,-4.59581089
1000000000.0,1146905830.5499647,phase_noise,31249980.1,210000.0,300.0,10,31250280.1,-13.09568691
1000000000.0,1146905830.5499647,phase_noise,31249980.1,210000.0,300.0,10,31250430.1,-29.137146
1000000000.0,1146905830.5499647,phase_noise,31249980.1,210000.0,300.0,10,31250580.1,-58.88304901
1000000000.0,1146905830.5499647,phase_noise,31249980.1,210000.0,300.0,10,31250730.1,-69.77152252
1000000000.0,1146905830.5499647,phase_noise,31249980.1,210000.0,300.0,10,31250880.1,-70.14763641
1000000000.0,1146905830.5499647,phase_noise,31249980.1,210000.0,300.0,10,31251030.1,-70.89485168
1000000000.0,1146905830.5499647,phase_noise,31249980.1,210000.0,300.0,10,31251180.1,-70.34112549
1000000000.0,1146905830.5499647,phase_noise,31249980.1,210000.0,300.0,10,31251330.1,-70.57691193
1000000000.0,1146905830.5499647,phase_noise,31249980.1,210000.0,300.0,10,31251480.1,-71.5138092
1000000000.0,1146905830.5499647,phase_noise,31249980.1,210000.0,300.0,10,31251630.1,-71.60652161
1000000000.0,1146905830.5499647,phase_noise,31249980.1,210000.0,300.0,10,31251780.1,-71.5138092
1000000000.0,1146905830.5499647,phase_noise,31249980.1,210000.0,300.0,10,31251930.1,-70.44906616
1000000000.0,1146905830.5499647,phase_noise,31249980.1,210000.0,300.0,10,31252080.1,-69.1000824
1000000000.0,1146905830.5499647,phase_noise,31249980.1,210000.0,300.0,10,31252230.1,-68.83591461
1000000000.0,1146905830.5499647,phase_noise,31249980.1,210000.0,300.0,10,31252380.1,-69.66402435
1000000000.0,1146905830.5499647,phase_noise,31249980.1,210000.0,300.0,10,31252530.1,-70.73444366
1000000000.0,1146905830.5499647,phase_noise,31249980.1,210000.0,300.0,10,31252680.1,-71.09634399
1000000000.0,1146905830.5499647,phase_noise,31249980.1,210000.0,300.0,10,31252830.1,-71.68492889
1000000000.0,1146905830.5499647,phase_noise,31249980.1,210000.0,300.0,10,31252980.1,-73.07675171
1000000000.0,1146905830.5499647,phase_noise,31249980.1,210000.0,300.0,10,31253130.1,-72.12360382
1000000000.0,1146905830.5499647,phase_noise,31249980.1,210000.0,300.0,10,31253280.1,-70.58894348
1000000000.0,1146905830.5499647,phase_noise,31249980.1,210000.0,300.0,10,31253430.1,-71.85753632
1000000000.0,1146905830.5499647,phase_noise,31249980.1,210000.0,300.0,10,31253580.1,-75.09870911
1000000000.0,1146905830.5499647,phase_noise,31249980.1,210000.0,300.0,10,31253730.1,-73.51329041
1000000000.0,1146905830.5499647,phase_noise,31249980.1,210000.0,300.0,10,31253880.1,-71.5823288
1000000000.0,1146905830.5499647,phase_noise,31249980.1,210000.0,300.0,10,31254030.1,-71.67090607
1000000000.0,1146905830.5499647,phase_noise,31249980.1,210000.0,300.0,10,31254180.1,-73.73041534
1000000000.0,1146905830.5499647,phase_noise,31249980.1,210000.0,300.0,10,31254330.1,-74.23406219
1000000000.0,1146905830.5499647,phase_noise,31249980.1,210000.0,300.0,10,31254480.1,-71.2469101
1000000000.0,1146905830.5499647,phase_noise,31249980.1,210000.0,300.0,10,31254630.1,-65.14111328
1000000000.0,1146905830.5499647,phase_noise,31249980.1,210000.0,300.0,10,31254780.1,-62.23613358
1000000000.0,1146905830.5499647,phase_noise,31249980.1,210000.0,300.0,10,31254930.1,-64.34555817
1000000000.0,1146905830.5499647,phase_noise,31249980.1,210000.0,300.0,10,31255080.1,-68.25666809
1000000000.0,1146905830.5499647,phase_noise,31249980.1,210000.0,300.0,10,31255230.1,-68.39034271
1000000000.0,1146905830.5499647,phase_noise,31249980.1,210000.0,300.0,10,31255380.1,-69.54922485
1000000000.0,1146905830.5499647,phase_noise,31249980.1,210000.0,300.0,10,31255530.1,-70.82588196
1000000000.0,1146905830.5499647,phase_noise,31249980.1,210000.0,300.0,10,31255680.1,-71.55335236
1000000000.0,1146905830.5499647,phase_noise,31249980.1,210000.0,300.0,10,31255830.1,-70.76002502
1000000000.0,1146905830.5499647,phase_noise,31249980.1,210000.0,300.0,10,31255980.1,-69.65834808
1000000000.0,1146905830.5499647,phase_noise,31249980.1,210000.0,300.0,10,31256130.1,-69.71624756
1000000000.0,1146905830.5499647,phase_noise,31249980.1,210000.0,300.0,10,31256280.1,-70.36174011
1000000000.0,1146905830.5499647,phase_noise,31249980.1,210000.0,300.0,10,31256430.1,-70.51076508
1000000000.0,1146905830.5499647,phase_noise,31249980.1,210000.0,300.0,10,31256580.1,-69.74813843
1000000000.0,1146905830.5499647,phase_noise,31249980.1,210000.0,300.0,10,31256730.1,-69.36875153
1000000000.0,1146905830.5499647,phase_noise,31249980.1,210000.0,300.0,10,31256880.1,-69.97206879
1000000000.0,1146905830.5499647,phase_noise,31249980.1,210000.0,300.0,10,31257030.1,-69.80679321
1000000000.0,1146905830.5499647,phase_noise,31249980.1,210000.0,300.0,10,31257180.1,-69.11069489
1000000000.0,1146905830.5499647,phase_noise,31249980.1,210000.0,300.0,10,31257330.1,-69.7233963
1000000000.0,1146905830.5499647,phase_noise,31249980.1,210000.0,300.0,10,31257480.1,-70.87051392
1000000000.0,1146905830.5499647,phase_noise,31249980.1,210000.0,300.0,10,31257630.1,-71.19271088
1000000000.0,1146905830.5499647,phase_noise,31249980.1,210000.0,300.0,10,31257780.1,-71.30271912
1000000000.0,1146905830.5499647,phase_noise,31249980.1,210000.0,300.0,10,31257930.1,-71.3316803
1000000000.0,1146905830.5499647,phase_noise,31249980.1,210000.0,300.0,10,31258080.1,-72.48498535
1000000000.0,1146905830.5499647,phase_noise,31249980.1,210000.0,300.0,10,31258230.1,-74.19135284
1000000000.0,1146905830.5499647,phase_noise,31249980.1,210000.0,300.0,10,31258380.1,-72.52451324
1000000000.0,1146905830.5499647,phase_noise,31249980.1,210000.0,300.0,10,31258530.1,-71.60797119
1000000000.0,1146905830.5499647,phase_noise,31249980.1,210000.0,300.0,10,31258680.1,-72.4821701
1000000000.0,1146905830.5499647,phase_noise,31249980.1,210000.0,300.0,10,31258830.1,-72.12194061
1000000000.0,1146905830.5499647,phase_noise,31249980.1,210000.0,300.0,10,31258980.1,-71.58734131
1000000000.0,1146905830.5499647,phase_noise,31249980.1,210000.0,300.0,10,31259130.1,-71.2440567
1000000000.0,1146905830.5499647,phase_noise,31249980.1,210000.0,300.0,10,31259280.1,-70.06072998
1000000000.0,1146905830.5499647,phase_noise,31249980.1,210000.0,300.0,10,31259430.1,-68.44815826
1000000000.0,1146905830.5499647,phase_noise,31249980.1,210000.0,300.0,10,31259580.1,-65.82135773
1000000000.0,1146905830.5499647,phase_noise,31249980.1,210000.0,300.0,10,31259730.1,-66.89081573
1000000000.0,1146905830.5499647,phase_noise,31249980.1,210000.0,300.0,10,31259880.1,-70.23422241
1000000000.0,1146905830.5499647,phase_noise,31249980.1,210000.0,300.0,10,31260030.1,-69.65528107
1000000000.0,1146905830.5499647,phase_noise,31249980.1,210000.0,300.0,10,31260180.1,-64.90267944
1000000000.0,1146905830.5499647,phase_noise,31249980.1,210000.0,300.0,10,31260330.1,-60.99154663
1000000000.0,1146905830.5499647,phase_noise,31249980.1,210000.0,300.0,10,31260480.1,-61.24071503
1000000000.0,1146905830.5499647,phase_noise,31249980.1,210000.0,300.0,10,31260630.1,-65.64745331
1000000000.0,1146905830.5499647,phase_noise,31249980.1,210000.0,300.0,10,31260780.1,-70.01888275
1000000000.0,1146905830.5499647,phase_noise,31249980.1,210000.0,300.0,10,31260930.1,-70.51292419
1000000000.0,1146905830.5499647,phase_noise,31249980.1,210000.0,300.0,10,31261080.1,-71.82059479
1000000000.0,1146905830.5499647,phase_noise,31249980.1,210000.0,300.0,10,31261230.1,-72.74623108
1000000000.0,1146905830.5499647,phase_noise,31249980.1,210000.0,300.0,10,31261380.1,-70.91543579
1000000000.0,1146905830.5499647,phase_noise,31249980.1,210000.0,300.0,10,31261530.1,-69.68405914
1000000000.0,1146905830.5499647,phase_noise,31249980.1,210000.0,300.0,10,31261680.1,-68.49472046
1000000000.0,1146905830.5499647,phase_noise,31249980.1,210000.0,300.0,10,31261830.1,-68.84597778
1000000000.0,1146905830.5499647,phase_noise,31249980.1,210000.0,300.0,10,31261980.1,-70.32704163
1000000000.0,1146905830.5499647,phase_noise,31249980.1,210000.0,300.0,10,31262130.1,-70.2879715
1000000000.0,1146905830.5499647,phase_noise,31249980.1,210000.0,300.0,10,31262280.1,-69.75052643
1000000000.0,1146905830.5499647,phase_noise,31249980.1,210000.0,300.0,10,31262430.1,-70.22172546
1000000000.0,1146905830.5499647,phase_noise,31249980.1,210000.0,300.0,10,31262580.1,-70.60977173
1000000000.0,1146905830.5499647,phase_noise,31249980.1,210000.0,300.0,10,31262730.1,-69.62248993
1000000000.0,1146905830.5499647,phase_noise,31249980.1,210000.0,300.0,10,31262880.1,-70.35368347
1000000000.0,1146905830.5499647,phase_noise,31249980.1,210000.0,300.0,10,31263030.1,-73.40922546
1000000000.0,1146905830.5499647,phase_noise,31249980.1,210000.0,300.0,10,31263180.1,-73.66296387
1000000000.0,1146905830.5499647,phase_noise,31249980.1,210000.0,300.0,10,31263330.1,-72.5936203
1000000000.0,1146905830.5499647,phase_noise,31249980.1,210000.0,300.0,10,31263480.1,-72.81175232
1000000000.0,1146905830.5499647,phase_noise,31249980.1,210000.0,300.0,10,31263630.1,-73.1374054
1000000000.0,1146905830.5499647,phase_noise,31249980.1,210000.0,300.0,10,31263780.1,-72.01396179
1000000000.0,1146905830.5499647,phase_noise,31249980.1,210000.0,300.0,10,31263930.1,-71.0276947
1000000000.0,1146905830.5499647,phase_noise,31249980.1,210000.0,300.0,10,31264080.1,-70.08216858
1000000000.0,1146905830.5499647,phase_noise,31249980.1,210000.0,300.0,10,31264230.1,-68.25605774
1000000000.0,1146905830.5499647,phase_noise,31249980.1,210000.0,300.0,10,31264380.1,-66.9493866
1000000000.0,1146905830.5499647,phase_noise,31249980.1,210000.0,300.0,10,31264530.1,-68.59617615
1000000000.0,1146905830.5499647,phase_noise,31249980.1,210000.0,300.0,10,31264680.1,-72.71282959
1000000000.0,1146905830.5499647,phase_noise,31249980.1,210000.0,300.0,10,31264830.1,-72.82511139
1000000000.0,1146905830.5499647,phase_noise,31249980.1,210000.0,300.0,10,31264980.1,-71.37734985
1000000000.0,1146905830.5499647,phase_noise,31249980.1,210000.0,300.0,10,31265130.1,-70.12457275
1000000000.0,1146905830.5499647,phase_noise,31249980.1,210000.0,300.0,10,31265280.1,-69.20811462
1000000000.0,1146905830.5499647,phase_noise,31249980.1,210000.0,300.0,10,31265430.1,-63.84506226
1000000000.0,1146905830.5499647,phase_noise,31249980.1,210000.0,300.0,10,31265580.1,-59.52395248
1000000000.0,1146905830.5499647,phase_noise,31249980.1,210000.0,300.0,10,31265730.1,-60.03342056
1000000000.0,1146905830.5499647,phase_noise,31249980.1,210000.0,300.0,10,31265880.1,-65.48751068
1000000000.0,1146905830.5499647,phase_noise,31249980.1,210000.0,300.0,10,31266030.1,-72.46273041
1000000000.0,1146905830.5499647,phase_noise,31249980.1,210000.0,300.0,10,31266180.1,-73.97588348
1000000000.0,1146905830.5499647,phase_noise,31249980.1,210000.0,300.0,10,31266330.1,-72.96939087
1000000000.0,1146905830.5499647,phase_noise,31249980.1,210000.0,300.0,10,31266480.1,-71.47249603
1000000000.0,1146905830.5499647,phase_noise,31249980.1,210000.0,300.0,10,31266630.1,-70.66222382
1000000000.0,1146905830.5499647,phase_noise,31249980.1,210000.0,300.0,10,31266780.1,-70.91407013
1000000000.0,1146905830.5499647,phase_noise,31249980.1,210000.0,300.0,10,31266930.1,-72.54220581
1000000000.0,1146905830.5499647,phase_noise,31249980.1,210000.0,300.0,10,31267080.1,-73.14243317
1000000000.0,1146905830.5499647,phase_noise,31249980.1,210000.0,300.0,10,31267230.1,-71.72267151
1000000000.0,1146905830.5499647,phase_noise,31249980.1,210000.0,300.0,10,31267380.1,-70.97888184
1000000000.0,1146905830.5499647,phase_noise,31249980.1,210000.0,300.0,10,31267530.1,-70.83773804
1000000000.0,1146905830.5499647,phase_noise,31249980.1,210000.0,300.0,10,31267680.1,-71.53539276
1000000000.0,1146905830.5499647,phase_noise,31249980.1,210000.0,300.0,10,31267830.1,-72.60447693
1000000000.0,1146905830.5499647,phase_noise,31249980.1,210000.0,300.0,10,31267980.1,-71.98181915
1000000000.0,1146905830.5499647,phase_noise,31249980.1,210000.0,300.0,10,31268130.1,-70.53367615
1000000000.0,1146905830.5499647,phase_noise,31249980.1,210000.0,300.0,10,31268280.1,-72.01114655
1000000000.0,1146905830.5499647,phase_noise,31249980.1,210000.0,300.0,10,31268430.1,-73.85843658
1000000000.0,1146905830.5499647,phase_noise,31249980.1,210000.0,300.0,10,31268580.1,-72.94309235
1000000000.0,1146905830.5499647,phase_noise,31249980.1,210000.0,300.0,10,31268730.1,-72.2093277
1000000000.0,1146905830.5499647,phase_noise,31249980.1,210000.0,300.0,10,31268880.1,-71.62843323
1000000000.0,1146905830.5499647,phase_noise,31249980.1,210000.0,300.0,10,31269030.1,-70.68766022
1000000000.0,1146905830.5499647,phase_noise,31249980.1,210000.0,300.0,10,31269180.1,-67.94631958
1000000000.0,1146905830.5499647,phase_noise,31249980.1,210000.0,300.0,10,31269330.1,-66.55583954
1000000000.0,1146905830.5499647,phase_noise,31249980.1,210000.0,300.0,10,31269480.1,-66.32051086
1000000000.0,1146905830.5499647,phase_noise,31249980.1,210000.0,300.0,10,31269630.1,-65.94776154
1000000000.0,1146905830.5499647,phase_noise,31249980.1,210000.0,300.0,10,31269780.1,-67.00950623
1000000000.0,1146905830.5499647,phase_noise,31249980.1,210000.0,300.0,10,31269930.1,-69.4888382
1000000000.0,1146905830.5499647,phase_noise,31249980.1,210000.0,300.0,10,31270080.1,-71.19699097
1000000000.0,1146905830.5499647,phase_noise,31249980.1,210000.0,300.0,10,31270230.1,-70.77734375
1000000000.0,1146905830.5499647,phase_noise,31249980.1,210000.0,300.0,10,31270380.1,-70.51624298
1000000000.0,1146905830.5499647,phase_noise,31249980.1,210000.0,300.0,10,31270530.1,-71.45659637
1000000000.0,1146905830.5499647,phase_noise,31249980.1,210000.0,300.0,10,31270680.1,-71.78742218
1000000000.0,1146905830.5499647,phase_noise,31249980.1,210000.0,300.0,10,31270830.1,-70.26348114
1000000000.0,1146905830.5499647,phase_noise,31249980.1,210000.0,300.0,10,31270980.1,-69.97125244
1000000000.0,1146905830.5499647,phase_noise,31249980.1,210000.0,300.0,10,31271130.1,-69.79135895
1000000000.0,1146905830.5499647,phase_noise,31249980.1,210000.0,300.0,10,31271280.1,-70.42003632
1000000000.0,1146905830.5499647,phase_noise,31249980.1,210000.0,300.0,10,31271430.1,-71.33796692
1000000000.0,1146905830.5499647,phase_noise,31249980.1,210000.0,300.0,10,31271580.1,-71.32440186
1000000000.0,1146905830.5499647,phase_noise,31249980.1,210000.0,300.0,10,31271730.1,-71.07419586
1000000000.0,1146905830.5499647,phase_noise,31249980.1,210000.0,300.0,10,31271880.1,-70.6707077
1000000000.0,1146905830.5499647,phase_noise,31249980.1,210000.0,300.0,10,31272030.1,-71.63484192
1000000000.0,1146905830.5499647,phase_noise,31249980.1,210000.0,300.0,10,31272180.1,-71.11965942
1000000000.0,1146905830.5499647,phase_noise,31249980.1,210000.0,300.0,10,31272330.1,-69.92847443
1000000000.0,1146905830.5499647,phase_noise,31249980.1,210000.0,300.0,10,31272480.1,-68.4638443
1000000000.0,1146905830.5499647,phase_noise,31249980.1,210000.0,300.0,10,31272630.1,-65.77095032
1000000000.0,1146905830.5499647,phase_noise,31249980.1,210000.0,300.0,10,31272780.1,-65.93321991
1000000000.0,1146905830.5499647,phase_noise,31249980.1,210000.0,300.0,10,31272930.1,-69.56402588
1000000000.0,1146905830.5499647,phase_noise,31249980.1,210000.0,300.0,10,31273080.1,-71.85367584
1000000000.0,1146905830.5499647,phase_noise,31249980.1,210000.0,300.0,10,31273230.1,-72.03759003
1000000000.0,1146905830.5499647,phase_noise,31249980.1,210000.0,300.0,10,31273380.1,-73.19429779
1000000000.0,1146905830.5499647,phase_noise,31249980.1,210000.0,300.0,10,31273530.1,-70.33302307
1000000000.0,1146905830.5499647,phase_noise,31249980.1,210000.0,300.0,10,31273680.1,-68.83644104
1000000000.0,1146905830.5499647,phase_noise,31249980.1,210000.0,300.0,10,31273830.1,-68.43354034
1000000000.0,1146905830.5499647,phase_noise,31249980.1,210000.0,300.0,10,31273980.1,-68.19642639
1000000000.0,1146905830.5499647,phase_noise,31249980.1,210000.0,300.0,10,31274130.1,-69.12748718
1000000000.0,1146905830.5499647,phase_noise,31249980.1,210000.0,300.0,10,31274280.1,-68.18515015
1000000000.0,1146905830.5499647,phase_noise,31249980.1,210000.0,300.0,10,31274430.1,-65.40184784
1000000000.0,1146905830.5499647,phase_noise,31249980.1,210000.0,300.0,10,31274580.1,-66.31306458
1000000000.0,1146905830.5499647,phase_noise,31249980.1,210000.0,300.0,10,31274730.1,-70.58747101
1000000000.0,1146905830.5499647,phase_noise,31249980.1,210000.0,300.0,10,31274880.1,-72.64959717
1000000000.0,1146905830.5499647,phase_noise,31249980.1,210000.0,300.0,10,31275030.1,-70.11867523
1000000000.0,1146905830.5499647,phase_noise,31249980.1,210000.0,300.0,10,31275180.1,-67.99766541
1000000000.0,1146905830.5499647,phase_noise,31249980.1,210000.0,300.0,10,31275330.1,-68.03928375
1000000000.0,1146905830.5499647,phase_noise,31249980.1,210000.0,300.0,10,31275480.1,-68.43670654
1000000000.0,1146905830.5499647,phase_noise,31249980.1,210000.0,300.0,10,31275630.1,-68.21334076
1000000000.0,1146905830.5499647,phase_noise,31249980.1,210000.0,300.0,10,31275780.1,-68.95656586
1000000000.0,1146905830.5499647,phase_noise,31249980.1,210000.0,300.0,10,31275930.1,-70.27933502
1000000000.0,1146905830.5499647,phase_noise,31249980.1,210000.0,300.0,10,31276080.1,-70.585495
1000000000.0,1146905830.5499647,phase_noise,31249980.1,210000.0,300.0,10,31276230.1,-70.5969696
1000000000.0,1146905830.5499647,phase_noise,31249980.1,210000.0,300.0,10,31276380.1,-70.5338974
1000000000.0,1146905830.5499647,phase_noise,31249980.1,210000.0,300.0,10,31276530.1,-69.7050705
1000000000.0,1146905830.5499647,phase_noise,31249980.1,210000.0,300.0,10,31276680.1,-69.23150635
1000000000.0,1146905830.5499647,phase_noise,31249980.1,210000.0,300.0,10,31276830.1,-70.14679718
1000000000.0,1146905830.5499647,phase_noise,31249980.1,210000.0,300.0,10,31276980.1,-71.15740204
1000000000.0,1146905830.5499647,phase_noise,31249980.1,210000.0,300.0,10,31277130.1,-71.07850647
1000000000.0,1146905830.5499647,phase_noise,31249980.1,210000.0,300.0,10,31277280.1,-70.57427216
1000000000.0,1146905830.5499647,phase_noise,31249980.1,210000.0,300.0,10,31277430.1,-70.4875412
1000000000.0,1146905830.5499647,phase_noise,31249980.1,210000.0,300.0,10,31277580.1,-70.69226074
1000000000.0,1146905830.5499647,phase_noise,31249980.1,210000.0,300.0,10,31277730.1,-70.95314026
1000000000.0,1146905830.5499647,phase_noise,31249980.1,210000.0,300.0,10,31277880.1,-71.68237305
1000000000.0,1146905830.5499647,phase_noise,31249980.1,210000.0,300.0,10,31278030.1,-72.83200073
1000000000.0,1146905830.5499647,phase_noise,31249980.1,210000.0,300.0,10,31278180.1,-73.2310791
1000000000.0,1146905830.5499647,phase_noise,31249980.1,210000.0,300.0,10,31278330.1,-72.22290039
1000000000.0,1146905830.5499647,phase_noise,31249980.1,210000.0,300.0,10,31278480.1,-71.66338348
1000000000.0,1146905830.5499647,phase_noise,31249980.1,210000.0,300.0,10,31278630.1,-72.44029999
1000000000.0,1146905830.5499647,phase_noise,31249980.1,210000.0,300.0,10,31278780.1,-72.4969635
1000000000.0,1146905830.5499647,phase_noise,31249980.1,210000.0,300.0,10,31278930.1,-71.60242462
1000000000.0,1146905830.5499647,phase_noise,31249980.1,210000.0,300.0,10,31279080.1,-68.2617569
1000000000.0,1146905830.5499647,phase_noise,31249980.1,210000.0,300.0,10,31279230.1,-65.08332825
1000000000.0,1146905830.5499647,phase_noise,31249980.1,210000.0,300.0,10,31279380.1,-65.95666504
1000000000.0,1146905830.5499647,phase_noise,31249980.1,210000.0,300.0,10,31279530.1,-69.14735413
1000000000.0,1146905830.5499647,phase_noise,31249980.1,210000.0,300.0,10,31279680.1,-69.25653076
1000000000.0,1146905830.5499647,phase_noise,31249980.1,210000.0,300.0,10,31279830.1,-70.73691559
1000000000.0,1146905830.5499647,phase_noise,31249980.1,210000.0,300.0,10,31279980.1,-71.57997131
1000000000.0,1146905830.5499647,phase_noise,31249980.1,210000.0,300.0,10,31280130.1,-70.66601562
1000000000.0,1146905830.5499647,phase_noise,31249980.1,210000.0,300.0,10,31280280.1,-71.29232025
1000000000.0,1146905830.5499647,phase_noise,31249980.1,210000.0,300.0,10,31280430.1,-72.13293457
1000000000.0,1146905830.5499647,phase_noise,31249980.1,210000.0,300.0,10,31280580.1,-71.60074615
1000000000.0,1146905830.5499647,phase_noise,31249980.1,210000.0,300.0,10,31280730.1,-71.26868439
1000000000.0,1146905830.5499647,phase_noise,31249980.1,210000.0,300.0,10,31280880.1,-72.29556274
1000000000.0,1146905830.5499647,phase_noise,31249980.1,210000.0,300.0,10,31281030.1,-73.93852997
1000000000.0,1146905830.5499647,phase_noise,31249980.1,210000.0,300.0,10,31281180.1,-73.13381958
1000000000.0,1146905830.5499647,phase_noise,31249980.1,210000.0,300.0,10,31281330.1,-71.33149719
1000000000.0,1146905830.5499647,phase_noise,31249980.1,210000.0,300.0,10,31281480.1,-71.05826569
1000000000.0,1146905830.5499647,phase_noise,31249980.1,210000.0,300.0,10,31281630.1,-70.43318176
1000000000.0,1146905830.5499647,phase_noise,31249980.1,210000.0,300.0,10,31281780.1,-70.11199951
1000000000.0,1146905830.5499647,phase_noise,31249980.1,210000.0,300.0,10,31281930.1,-70.31271362
1000000000.0,1146905830.5499647,phase_noise,31249980.1,210000.0,300.0,10,31282080.1,-70.27232361
1000000000.0,1146905830.5499647,phase_noise,31249980.1,210000.0,300.0,10,31282230.1,-70.48838043
1000000000.0,1146905830.5499647,phase_noise,31249980.1,210000.0,300.0,10,31282380.1,-70.46017456
1000000000.0,1146905830.5499647,phase_noise,31249980.1,210000.0,300.0,10,31282530.1,-68.97577667
1000000000.0,1146905830.5499647,phase_noise,31249980.1,210000.0,300.0,10,31282680.1,-68.80978394
1000000000.0,1146905830.5499647,phase_noise,31249980.1,210000.0,300.0,10,31282830.1,-69.35683441
1000000000.0,1146905830.5499647,phase_noise,31249980.1,210000.0,300.0,10,31282980.1,-70.14826965
1000000000.0,1146905830.5499647,phase_noise,31249980.1,210000.0,300.0,10,31283130.1,-70.41053772
1000000000.0,1146905830.5499647,phase_noise,31249980.1,210000.0,300.0,10,31283280.1,-70.82361603
1000000000.0,1146905830.5499647,phase_noise,31249980.1,210000.0,300.0,10,31283430.1,-71.68326569
1000000000.0,1146905830.5499647,phase_noise,31249980.1,210000.0,300.0,10,31283580.1,-70.90613556
1000000000.0,1146905830.5499647,phase_noise,31249980.1,210000.0,300.0,10,31283730.1,-70.36897278
1000000000.0,1146905830.5499647,phase_noise,31249980.1,210000.0,300.0,10,31283880.1,-68.33385468
1000000000.0,1146905830.5499647,phase_noise,31249980.1,210000.0,300.0,10,31284030.1,-64.259758
1000000000.0,1146905830.5499647,phase_noise,31249980.1,210000.0,300.0,10,31284180.1,-63.54059601
1000000000.0,1146905830.5499647,phase_noise,31249980.1,210000.0,300.0,10,31284330.1,-65.45755005
1000000000.0,1146905830.5499647,phase_noise,31249980.1,210000.0,300.0,10,31284480.1,-66.7602005
1000000000.0,1146905830.5499647,phase_noise,31249980.1,210000.0,300.0,10,31284630.1,-68.75689697
1000000000.0,1146905830.5499647,phase_noise,31249980.1,210000.0,300.0,10,31284780.1,-71.52754211
1000000000.0,1146905830.5499647,phase_noise,31249980.1,210000.0,300.0,10,31284930.1,-72.14597321
1000000000.0,1146905830.5499647,phase_noise,31249980.1,210000.0,300.0,10,31285080.1,-71.75691223
1000000000.0,1146905830.5499647,phase_noise,31249980.1,210000.0,300.0,10,31285230.1,-72.08461761
1000000000.0,1146905830.5499647,phase_noise,31249980.1,210000.0,300.0,10,31285380.1,-71.06479645
1000000000.0,1146905830.5499647,phase_noise,31249980.1,210000.0,300.0,10,31285530.1,-69.82644653
1000000000.0,1146905830.5499647,phase_noise,31249980.1,210000.0,300.0,10,31285680.1,-69.50855255
1000000000.0,1146905830.5499647,phase_noise,31249980.1,210000.0,300.0,10,31285830.1,-70.29902649
1000000000.0,1146905830.5499647,phase_noise,31249980.1,210000.0,300.0,10,31285980.1,-70.85678864
1000000000.0,1146905830.5499647,phase_noise,31249980.1,210000.0,300.0,10,31286130.1,-69.84452057
1000000000.0,1146905830.5499647,phase_noise,31249980.1,210000.0,300.0,10,31286280.1,-69.0124054
1000000000.0,1146905830.5499647,phase_noise,31249980.1,210000.0,300.0,10,31286430.1,-69.94991302
1000000000.0,1146905830.5499647,phase_noise,31249980.1,210000.0,300.0,10,31286580.1,-71.06815338
1000000000.0,1146905830.5499647,phase_noise,31249980.1,210000.0,300.0,10,31286730.1,-69.37124634
1000000000.0,1146905830.5499647,phase_noise,31249980.1,210000.0,300.0,10,31286880.1,-68.12988281
1000000000.0,1146905830.5499647,phase_noise,31249980.1,210000.0,300.0,10,31287030.1,-67.49386597
1000000000.0,1146905830.5499647,phase_noise,31249980.1,210000.0,300.0,10,31287180.1,-67.41324615
1000000000.0,1146905830.5499647,phase_noise,31249980.1,210000.0,300.0,10,31287330.1,-68.170578
1000000000.0,1146905830.5499647,phase_noise,31249980.1,210000.0,300.0,10,31287480.1,-69.35583496
1000000000.0,1146905830.5499647,phase_noise,31249980.1,210000.0,300.0,10,31287630.1,-69.36038208
1000000000.0,1146905830.5499647,phase_noise,31249980.1,210000.0,300.0,10,31287780.1,-69.13697052
1000000000.0,1146905830.5499647,phase_noise,31249980.1,210000.0,300.0,10,31287930.1,-69.60720062
1000000000.0,1146905830.5499647,phase_noise,31249980.1,210000.0,300.0,10,31288080.1,-69.90557861
1000000000.0,1146905830.5499647,phase_noise,31249980.1,210000.0,300.0,10,31288230.1,-69.39442444
1000000000.0,1146905830.5499647,phase_noise,31249980.1,210000.0,300.0,10,31288380.1,-69.29373932
1000000000.0,1146905830.5499647,phase_noise,31249980.1,210000.0,300.0,10,31288530.1,-68.53269196
1000000000.0,1146905830.5499647,phase_noise,31249980.1,210000.0,300.0,10,31288680.1,-65.61191559
1000000000.0,1146905830.5499647,phase_noise,31249980.1,210000.0,300.0,10,31288830.1,-63.30800247
1000000000.0,1146905830.5499647,phase_noise,31249980.1,210000.0,300.0,10,31288980.1,-63.32975388
1000000000.0,1146905830.5499647,phase_noise,31249980.1,210000.0,300.0,10,31289130.1,-65.44852448
1000000000.0,1146905830.5499647,phase_noise,31249980.1,210000.0,300.0,10,31289280.1,-68.5878067
1000000000.0,1146905830.5499647,phase_noise,31249980.1,210000.0,300.0,10,31289430.1,-70.73472595
1000000000.0,1146905830.5499647,phase_noise,31249980.1,210000.0,300.0,10,31289580.1,-69.9283371
1000000000.0,1146905830.5499647,phase_noise,31249980.1,210000.0,300.0,10,31289730.1,-69.77751923
1000000000.0,1146905830.5499647,phase_noise,31249980.1,210000.0,300.0,10,31289880.1,-71.02024841
1000000000.0,1146905830.5499647,phase_noise,31249980.1,210000.0,300.0,10,31290030.1,-70.98672485
1000000000.0,1146905830.5499647,phase_noise,31249980.1,210000.0,300.0,10,31290180.1,-69.41142273
1000000000.0,1146905830.5499647,phase_noise,31249980.1,210000.0,300.0,10,31290330.1,-69.12502289
1000000000.0,1146905830.5499647,phase_noise,31249980.1,210000.0,300.0,10,31290480.1,-70.17768097
1000000000.0,1146905830.5499647,phase_noise,31249980.1,210000.0,300.0,10,31290630.1,-69.96144104
1000000000.0,1146905830.5499647,phase_noise,31249980.1,210000.0,300.0,10,31290780.1,-69.33099365
1000000000.0,1146905830.5499647,phase_noise,31249980.1,210000.0,300.0,10,31290930.1,-70.11105347
1000000000.0,1146905830.5499647,phase_noise,31249980.1,210000.0,300.0,10,31291080.1,-70.67867279
1000000000.0,1146905830.5499647,phase_noise,31249980.1,210000.0,300.0,10,31291230.1,-70.98214722
1000000000.0,1146905830.5499647,phase_noise,31249980.1,210000.0,300.0,10,31291380.1,-70.90718842
1000000000.0,1146905830.5499647,phase_noise,31249980.1,210000.0,300.0,10,31291530.1,-69.6441803
1000000000.0,1146905830.5499647,phase_noise,31249980.1,210000.0,300.0,10,31291680.1,-69.49565887
1000000000.0,1146905830.5499647,phase_noise,31249980.1,210000.0,300.0,10,31291830.1,-69.9046936
1000000000.0,1146905830.5499647,phase_noise,31249980.1,210000.0,300.0,10,31291980.1,-70.12257385
1000000000.0,1146905830.5499647,phase_noise,31249980.1,210000.0,300.0,10,31292130.1,-70.69488525
1000000000.0,1146905830.5499647,phase_noise,31249980.1,210000.0,300.0,10,31292280.1,-70.45928192
1000000000.0,1146905830.5499647,phase_noise,31249980.1,210000.0,300.0,10,31292430.1,-69.7953949
1000000000.0,1146905830.5499647,phase_noise,31249980.1,210000.0,300.0,10,31292580.1,-69.65544891
1000000000.0,1146905830.5499647,phase_noise,31249980.1,210000.0,300.0,10,31292730.1,-69.45627594
1000000000.0,1146905830.5499647,phase_noise,31249980.1,210000.0,300.0,10,31292880.1,-70.61448669
1000000000.0,1146905830.5499647,phase_noise,31249980.1,210000.0,300.0,10,31293030.1,-71.50330353
1000000000.0,1146905830.5499647,phase_noise,31249980.1,210000.0,300.0,10,31293180.1,-68.81932831
1000000000.0,1146905830.5499647,phase_noise,31249980.1,210000.0,300.0,10,31293330.1,-67.78625488
1000000000.0,1146905830.5499647,phase_noise,31249980.1,210000.0,300.0,10,31293480.1,-69.01488495
1000000000.0,1146905830.5499647,phase_noise,31249980.1,210000.0,300.0,10,31293630.1,-67.1317749
1000000000.0,1146905830.5499647,phase_noise,31249980.1,210000.0,300.0,10,31293780.1,-65.16532135
1000000000.0,1146905830.5499647,phase_noise,31249980.1,210000.0,300.0,10,31293930.1,-66.08834076
1000000000.0,1146905830.5499647,phase_noise,31249980.1,210000.0,300.0,10,31294080.1,-68.69689941
1000000000.0,1146905830.5499647,phase_noise,31249980.1,210000.0,300.0,10,31294230.1,-70.13890839
1000000000.0,1146905830.5499647,phase_noise,31249980.1,210000.0,300.0,10,31294380.1,-67.55449677
1000000000.0,1146905830.5499647,phase_noise,31249980.1,210000.0,300.0,10,31294530.1,-66.00880432
1000000000.0,1146905830.5499647,phase_noise,31249980.1,210000.0,300.0,10,31294680.1,-66.4740448
1000000000.0,1146905830.5499647,phase_noise,31249980.1,210000.0,300.0,10,31294830.1,-65.97236633
1000000000.0,1146905830.5499647,phase_noise,31249980.1,210000.0,300.0,10,31294980.1,-65.69127655
1000000000.0,1146905830.5499647,phase_noise,31249980.1,210000.0,300.0,10,31295130.1,-67.02468872
1000000000.0,1146905830.5499647,phase_noise,31249980.1,210000.0,300.0,10,31295280.1,-67.92620087
1000000000.0,1146905830.5499647,phase_noise,31249980.1,210000.0,300.0,10,31295430.1,-67.22319031
1000000000.0,1146905830.5499647,phase_noise,31249980.1,210000.0,300.0,10,31295580.1,-67.14958954
1000000000.0,1146905830.5499647,phase_noise,31249980.1,210000.0,300.0,10,31295730.1,-68.61009979
1000000000.0,1146905830.5499647,phase_noise,31249980.1,210000.0,300.0,10,31295880.1,-70.82857513
1000000000.0,1146905830.5499647,phase_noise,31249980.1,210000.0,300.0,10,31296030.1,-71.36646271
1000000000.0,1146905830.5499647,phase_noise,31249980.1,210000.0,300.0,10,31296180.1,-69.98023224
1000000000.0,1146905830.5499647,phase_noise,31249980.1,210000.0,300.0,10,31296330.1,-69.24580383
1000000000.0,1146905830.5499647,phase_noise,31249980.1,210000.0,300.0,10,31296480.1,-68.98627472
1000000000.0,1146905830.5499647,phase_noise,31249980.1,210000.0,300.0,10,31296630.1,-69.69158173
1000000000.0,1146905830.5499647,phase_noise,31249980.1,210000.0,300.0,10,31296780.1,-71.35746765
1000000000.0,1146905830.5499647,phase_noise,31249980.1,210000.0,300.0,10,31296930.1,-70.5667038
1000000000.0,1146905830.5499647,phase_noise,31249980.1,210000.0,300.0,10,31297080.1,-69.49736023
1000000000.0,1146905830.5499647,phase_noise,31249980.1,210000.0,300.0,10,31297230.1,-70.63220215
1000000000.0,1146905830.5499647,phase_noise,31249980.1,210000.0,300.0,10,31297380.1,-70.7700119
1000000000.0,1146905830.5499647,phase_noise,31249980.1,210000.0,300.0,10,31297530.1,-69.02262115
1000000000.0,1146905830.5499647,phase_noise,31249980.1,210000.0,300.0,10,31297680.1,-68.33516693
1000000000.0,1146905830.5499647,phase_noise,31249980.1,210000.0,300.0,10,31297830.1,-67.9569931
1000000000.0,1146905830.5499647,phase_noise,31249980.1,210000.0,300.0,10,31297980.1,-68.51793671
1000000000.0,1146905830.5499647,phase_noise,31249980.1,210000.0,300.0,10,31298130.1,-69.71751404
1000000000.0,1146905830.5499647,phase_noise,31249980.1,210000.0,300.0,10,31298280.1,-70.87109375
1000000000.0,1146905830.5499647,phase_noise,31249980.1,210000.0,300.0,10,31298430.1,-71.63607025
1000000000.0,1146905830.5499647,phase_noise,31249980.1,210000.0,300.0,10,31298580.1,-69.46499634
1000000000.0,1146905830.5499647,phase_noise,31249980.1,210000.0,300.0,10,31298730.1,-69.35822296
1000000000.0,1146905830.5499647,phase_noise,31249980.1,210000.0,300.0,10,31298880.1,-69.2675705
1000000000.0,1146905830.5499647,phase_noise,31249980.1,210000.0,300.0,10,31299030.1,-68.46906281
1000000000.0,1146905830.5499647,phase_noise,31249980.1,210000.0,300.0,10,31299180.1,-69.30669403
1000000000.0,1146905830.5499647,phase_noise,31249980.1,210000.0,300.0,10,31299330.1,-71.92623901
1000000000.0,1146905830.5499647,phase_noise,31249980.1,210000.0,300.0,10,31299480.1,-73.2012558
1000000000.0,1146905830.5499647,phase_noise,31249980.1,210000.0,300.0,10,31299630.1,-72.42894745
1000000000.0,1146905830.5499647,phase_noise,31249980.1,210000.0,300.0,10,31299780.1,-72.08404541
1000000000.0,1146905830.5499647,phase_noise,31249980.1,210000.0,300.0,10,31299930.1,-71.05374146
1000000000.0,1146905830.5499647,phase_noise,31249980.1,210000.0,300.0,10,31300080.1,-70.59124756
1000000000.0,1146905830.5499647,phase_noise,31249980.1,210000.0,300.0,10,31300230.1,-70.67066193
1000000000.0,1146905830.5499647,phase_noise,31249980.1,210000.0,300.0,10,31300380.1,-71.11365509
1000000000.0,1146905830.5499647,phase_noise,31249980.1,210000.0,300.0,10,31300530.1,-71.54779816
1000000000.0,1146905830.5499647,phase_noise,31249980.1,210000.0,300.0,10,31300680.1,-69.76515198
1000000000.0,1146905830.5499647,phase_noise,31249980.1,210000.0,300.0,10,31300830.1,-68.99664307
1000000000.0,1146905830.5499647,phase_noise,31249980.1,210000.0,300.0,10,31300980.1,-68.54473114
1000000000.0,1146905830.5499647,phase_noise,31249980.1,210000.0,300.0,10,31301130.1,-66.98845673
1000000000.0,1146905830.5499647,phase_noise,31249980.1,210000.0,300.0,10,31301280.1,-67.4162674
1000000000.0,1146905830.5499647,phase_noise,31249980.1,210000.0,300.0,10,31301430.1,-67.94944763
1000000000.0,1146905830.5499647,phase_noise,31249980.1,210000.0,300.0,10,31301580.1,-67.38399506
1000000000.0,1146905830.5499647,phase_noise,31249980.1,210000.0,300.0,10,31301730.1,-67.54857635
1000000000.0,1146905830.5499647,phase_noise,31249980.1,210000.0,300.0,10,31301880.1,-66.66264343
1000000000.0,1146905830.5499647,phase_noise,31249980.1,210000.0,300.0,10,31302030.1,-66.13722992
1000000000.0,1146905830.5499647,phase_noise,31249980.1,210000.0,300.0,10,31302180.1,-66.26469421
1000000000.0,1146905830.5499647,phase_noise,31249980.1,210000.0,300.0,10,31302330.1,-66.83312988
1000000000.0,1146905830.5499647,phase_noise,31249980.1,210000.0,300.0,10,31302480.1,-68.49269104
1000000000.0,1146905830.5499647,phase_noise,31249980.1,210000.0,300.0,10,31302630.1,-67.24852753
1000000000.0,1146905830.5499647,phase_noise,31249980.1,210000.0,300.0,10,31302780.1,-65.24488831
1000000000.0,1146905830.5499647,phase_noise,31249980.1,210000.0,300.0,10,31302930.1,-64.97439575
1000000000.0,1146905830.5499647,phase_noise,31249980.1,210000.0,300.0,10,31303080.1,-65.84151459
1000000000.0,1146905830.5499647,phase_noise,31249980.1,210000.0,300.0,10,31303230.1,-66.59296417
1000000000.0,1146905830.5499647,phase_noise,31249980.1,210000.0,300.0,10,31303380.1,-66.20341492
1000000000.0,1146905830.5499647,phase_noise,31249980.1,210000.0,300.0,10,31303530.1,-65.8406601
1000000000.0,1146905830.5499647,phase_noise,31249980.1,210000.0,300.0,10,31303680.1,-66.27213287
1000000000.0,1146905830.5499647,phase_noise,31249980.1,210000.0,300.0,10,31303830.1,-67.09967041
1000000000.0,1146905830.5499647,phase_noise,31249980.1,210000.0,300.0,10,31303980.1,-67.2388382
1000000000.0,1146905830.5499647,phase_noise,31249980.1,210000.0,300.0,10,31304130.1,-67.8772583
1000000000.0,1146905830.5499647,phase_noise,31249980.1,210000.0,300.0,10,31304280.1,-69.51880646
1000000000.0,1146905830.5499647,phase_noise,31249980.1,210000.0,300.0,10,31304430.1,-71.16223145
1000000000.0,1146905830.5499647,phase_noise,31249980.1,210000.0,300.0,10,31304580.1,-72.3621521
1000000000.0,1146905830.5499647,phase_noise,31249980.1,210000.0,300.0,10,31304730.1,-71.82504272
1000000000.0,1146905830.5499647,phase_noise,31249980.1,210000.0,300.0,10,31304880.1,-71.33176422
1000000000.0,1146905830.5499647,phase_noise,31249980.1,210000.0,300.0,10,31305030.1,-70.73079681
1000000000.0,1146905830.5499647,phase_noise,31249980.1,210000.0,300.0,10,31305180.1,-70.41571045
1000000000.0,1146905830.5499647,phase_noise,31249980.1,210000.0,300.0,10,31305330.1,-70.71701813
1000000000.0,1146905830.5499647,phase_noise,31249980.1,210000.0,300.0,10,31305480.1,-70.23802948
1000000000.0,1146905830.5499647,phase_noise,31249980.1,210000.0,300.0,10,31305630.1,-70.18570709
1000000000.0,1146905830.5499647,phase_noise,31249980.1,210000.0,300.0,10,31305780.1,-71.44022369
1000000000.0,1146905830.5499647,phase_noise,31249980.1,210000.0,300.0,10,31305930.1,-70.35330963
1000000000.0,1146905830.5499647,phase_noise,31249980.1,210000.0,300.0,10,31306080.1,-67.89182281
1000000000.0,1146905830.5499647,phase_noise,31249980.1,210000.0,300.0,10,31306230.1,-64.84604645
1000000000.0,1146905830.5499647,phase_noise,31249980.1,210000.0,300.0,10,31306380.1,-62.78717422
1000000000.0,1146905830.5499647,phase_noise,31249980.1,210000.0,300.0,10,31306530.1,-63.66160202
1000000000.0,1146905830.5499647,phase_noise,31249980.1,210000.0,300.0,10,31306680.1,-66.33811951
1000000000.0,1146905830.5499647,phase_noise,31249980.1,210000.0,300.0,10,31306830.1,-69.75673676
1000000000.0,1146905830.5499647,phase_noise,31249980.1,210000.0,300.0,10,31306980.1,-71.77857971
1000000000.0,1146905830.5499647,phase_noise,31249980.1,210000.0,300.0,10,31307130.1,-72.87710571
1000000000.0,1146905830.5499647,phase_noise,31249980.1,210000.0,300.0,10,31307280.1,-69.95214844
1000000000.0,1146905830.5499647,phase_noise,31249980.1,210000.0,300.0,10,31307430.1,-63.38301849
1000000000.0,1146905830.5499647,phase_noise,31249980.1,210000.0,300.0,10,31307580.1,-60.18946838
1000000000.0,1146905830.5499647,phase_noise,31249980.1,210000.0,300.0,10,31307730.1,-61.28072357
1000000000.0,1146905830.5499647,phase_noise,31249980.1,210000.0,300.0,10,31307880.1,-66.04075623
1000000000.0,1146905830.5499647,phase_noise,31249980.1,210000.0,300.0,10,31308030.1,-68.7118988
1000000000.0,1146905830.5499647,phase_noise,31249980.1,210000.0,300.0,10,31308180.1,-67.430336
1000000000.0,1146905830.5499647,phase_noise,31249980.1,210000.0,300.0,10,31308330.1,-67.39163208
1000000000.0,1146905830.5499647,phase_noise,31249980.1,210000.0,300.0,10,31308480.1,-68.03744507
1000000000.0,1146905830.5499647,phase_noise,31249980.1,210000.0,300.0,10,31308630.1,-69.44501495
1000000000.0,1146905830.5499647,phase_noise,31249980.1,210000.0,300.0,10,31308780.1,-69.69459534
1000000000.0,1146905830.5499647,phase_noise,31249980.1,210000.0,300.0,10,31308930.1,-69.50926971
1000000000.0,1146905830.5499647,phase_noise,31249980.1,210000.0,300.0,10,31309080.1,-70.76745605
1000000000.0,1146905830.5499647,phase_noise,31249980.1,210000.0,300.0,10,31309230.1,-71.25704956
1000000000.0,1146905830.5499647,phase_noise,31249980.1,210000.0,300.0,10,31309380.1,-71.90683746
1000000000.0,1146905830.5499647,phase_noise,31249980.1,210000.0,300.0,10,31309530.1,-72.92530823
1000000000.0,1146905830.5499647,phase_noise,31249980.1,210000.0,300.0,10,31309680.1,-72.6424408
1000000000.0,1146905830.5499647,phase_noise,31249980.1,210000.0,300.0,10,31309830.1,-72.61896515
1000000000.0,1146905830.5499647,phase_noise,31249980.1,210000.0,300.0,10,31309980.1,-72.80957794
1000000000.0,1146905830.5499647,phase_noise,31249980.1,210000.0,300.0,10,31310130.1,-71.67517853
1000000000.0,1146905830.5499647,phase_noise,31249980.1,210000.0,300.0,10,31310280.1,-70.56556702
1000000000.0,1146905830.5499647,phase_noise,31249980.1,210000.0,300.0,10,31310430.1,-69.7855835
1000000000.0,1146905830.5499647,phase_noise,31249980.1,210000.0,300.0,10,31310580.1,-68.997612
1000000000.0,1146905830.5499647,phase_noise,31249980.1,210000.0,300.0,10,31310730.1,-68.65785217
1000000000.0,1146905830.5499647,phase_noise,31249980.1,210000.0,300.0,10,31310880.1,-69.0708847
1000000000.0,1146905830.5499647,phase_noise,31249980.1,210000.0,300.0,10,31311030.1,-69.96586609
1000000000.0,1146905830.5499647,phase_noise,31249980.1,210000.0,300.0,10,31311180.1,-70.71865082
1000000000.0,1146905830.5499647,phase_noise,31249980.1,210000.0,300.0,10,31311330.1,-72.04283905
1000000000.0,1146905830.5499647,phase_noise,31249980.1,210000.0,300.0,10,31311480.1,-72.96873474
1000000000.0,1146905830.5499647,phase_noise,31249980.1,210000.0,300.0,10,31311630.1,-73.13210297
1000000000.0,1146905830.5499647,phase_noise,31249980.1,210000.0,300.0,10,31311780.1,-72.9876709
1000000000.0,1146905830.5499647,phase_noise,31249980.1,210000.0,300.0,10,31311930.1,-72.52562714
1000000000.0,1146905830.5499647,phase_noise,31249980.1,210000.0,300.0,10,31312080.1,-71.54432678
1000000000.0,1146905830.5499647,phase_noise,31249980.1,210000.0,300.0,10,31312230.1,-71.61839294
1000000000.0,1146905830.5499647,phase_noise,31249980.1,210000.0,300.0,10,31312380.1,-72.35951233
1000000000.0,1146905830.5499647,phase_noise,31249980.1,210000.0,300.0,10,31312530.1,-72.92487335
1000000000.0,1146905830.5499647,phase_noise,31249980.1,210000.0,300.0,10,31312680.1,-72.46694183
1000000000.0,1146905830.5499647,phase_noise,31249980.1,210000.0,300.0,10,31312830.1,-72.50509644
1000000000.0,1146905830.5499647,phase_noise,31249980.1,210000.0,300.0,10,31312980.1,-71.40325165
1000000000.0,1146905830.5499647,phase_noise,31249980.1,210000.0,300.0,10,31313130.1,-70.34673309
1000000000.0,1146905830.5499647,phase_noise,31249980.1,210000.0,300.0,10,31313280.1,-69.82723999
1000000000.0,1146905830.5499647,phase_noise,31249980.1,210000.0,300.0,10,31313430.1,-69.5870285
1000000000.0,1146905830.5499647,phase_noise,31249980.1,210000.0,300.0,10,31313580.1,-69.49565125
1000000000.0,1146905830.5499647,phase_noise,31249980.1,210000.0,300.0,10,31313730.1,-68.97489929
1000000000.0,1146905830.5499647,phase_noise,31249980.1,210000.0,300.0,10,31313880.1,-69.25548553
1000000000.0,1146905830.5499647,phase_noise,31249980.1,210000.0,300.0,10,31314030.1,-70.91619873
1000000000.0,1146905830.5499647,phase_noise,31249980.1,210000.0,300.0,10,31314180.1,-73.03320312
1000000000.0,1146905830.5499647,phase_noise,31249980.1,210000.0,300.0,10,31314330.1,-71.93476105
1000000000.0,1146905830.5499647,phase_noise,31249980.1,210000.0,300.0,10,31314480.1,-70.93291473
1000000000.0,1146905830.5499647,phase_noise,31249980.1,210000.0,300.0,10,31314630.1,-71.27163696
1000000000.0,1146905830.5499647,phase_noise,31249980.1,210000.0,300.0,10,31314780.1,-71.94360352
1000000000.0,1146905830.5499647,phase_noise,31249980.1,210000.0,300.0,10,31314930.1,-72.82687378
1000000000.0,1146905830.5499647,phase_noise,31249980.1,210000.0,300.0,10,31315080.1,-73.04204559
1000000000.0,1146905830.5499647,phase_noise,31249980.1,210000.0,300.0,10,31315230.1,-72.82423401
1000000000.0,1146905830.5499647,phase_noise,31249980.1,210000.0,300.0,10,31315380.1,-72.42533112
1000000000.0,1146905830.5499647,phase_noise,31249980.1,210000.0,300.0,10,31315530.1,-70.82446289
1000000000.0,1146905830.5499647,phase_noise,31249980.1,210000.0,300.0,10,31315680.1,-69.72293854
1000000000.0,1146905830.5499647,phase_noise,31249980.1,210000.0,300.0,10,31315830.1,-69.82646179
1000000000.0,1146905830.5499647,phase_noise,31249980.1,210000.0,300.0,10,31315980.1,-70.59642792
1000000000.0,1146905830.5499647,phase_noise,31249980.1,210000.0,300.0,10,31316130.1,-71.67419434
1000000000.0,1146905830.5499647,phase_noise,31249980.1,210000.0,300.0,10,31316280.1,-71.36552429
1000000000.0,1146905830.5499647,phase_noise,31249980.1,210000.0,300.0,10,31316430.1,-70.48135376
1000000000.0,1146905830.5499647,phase_noise,31249980.1,210000.0,300.0,10,31316580.1,-70.06795502
1000000000.0,1146905830.5499647,phase_noise,31249980.1,210000.0,300.0,10,31316730.1,-70.01260376
1000000000.0,1146905830.5499647,phase_noise,31249980.1,210000.0,300.0,10,31316880.1,-69.6965332
1000000000.0,1146905830.5499647,phase_noise,31249980.1,210000.0,300.0,10,31317030.1,-69.78669739
1000000000.0,1146905830.5499647,phase_noise,31249980.1,210000.0,300.0,10,31317180.1,-70.37012482
1000000000.0,1146905830.5499647,phase_noise,31249980.1,210000.0,300.0,10,31317330.1,-71.06941223
1000000000.0,1146905830.5499647,phase_noise,31249980.1,210000.0,300.0,10,31317480.1,-72.64778137
1000000000.0,1146905830.5499647,phase_noise,31249980.1,210000.0,300.0,10,31317630.1,-71.17905426
1000000000.0,1146905830.5499647,phase_noise,31249980.1,210000.0,300.0,10,31317780.1,-69.68315125
1000000000.0,1146905830.5499647,phase_noise,31249980.1,210000.0,300.0,10,31317930.1,-69.62635803
1000000000.0,1146905830.5499647,phase_noise,31249980.1,210000.0,300.0,10,31318080.1,-70.10883331
1000000000.0,1146905830.5499647,phase_noise,31249980.1,210000.0,300.0,10,31318230.1,-70.88529205
1000000000.0,1146905830.5499647,phase_noise,31249980.1,210000.0,300.0,10,31318380.1,-70.10532379
1000000000.0,1146905830.5499647,phase_noise,31249980.1,210000.0,300.0,10,31318530.1,-69.15057373
1000000000.0,1146905830.5499647,phase_noise,31249980.1,210000.0,300.0,10,31318680.1,-70.31909943
1000000000.0,1146905830.5499647,phase_noise,31249980.1,210000.0,300.0,10,31318830.1,-72.1035614
1000000000.0,1146905830.5499647,phase_noise,31249980.1,210000.0,300.0,10,31318980.1,-71.6483078
1000000000.0,1146905830.5499647,phase_noise,31249980.1,210000.0,300.0,10,31319130.1,-69.56304932
1000000000.0,1146905830.5499647,phase_noise,31249980.1,210000.0,300.0,10,31319280.1,-68.60511017
1000000000.0,1146905830.5499647,phase_noise,31249980.1,210000.0,300.0,10,31319430.1,-69.49543762
1000000000.0,1146905830.5499647,phase_noise,31249980.1,210000.0,300.0,10,31319580.1,-70.92686462
1000000000.0,1146905830.5499647,phase_noise,31249980.1,210000.0,300.0,10,31319730.1,-71.77692413
1000000000.0,1146905830.5499647,phase_noise,31249980.1,210000.0,300.0,10,31319880.1,-70.38365936
1000000000.0,1146905830.5499647,phase_noise,31249980.1,210000.0,300.0,10,31320030.1,-68.70135498
1000000000.0,1146905830.5499647,phase_noise,31249980.1,210000.0,300.0,10,31320180.1,-69.3944931
1000000000.0,1146905830.5499647,phase_noise,31249980.1,210000.0,300.0,10,31320330.1,-70.87238312
1000000000.0,1146905830.5499647,phase_noise,31249980.1,210000.0,300.0,10,31320480.1,-71.77601624
1000000000.0,1146905830.5499647,phase_noise,31249980.1,210000.0,300.0,10,31320630.1,-72.69474792
1000000000.0,1146905830.5499647,phase_noise,31249980.1,210000.0,300.0,10,31320780.1,-71.93663788
1000000000.0,1146905830.5499647,phase_noise,31249980.1,210000.0,300.0,10,31320930.1,-70.62818146
1000000000.0,1146905830.5499647,phase_noise,31249980.1,210000.0,300.0,10,31321080.1,-70.04524994
1000000000.0,1146905830.5499647,phase_noise,31249980.1,210000.0,300.0,10,31321230.1,-69.78366089
1000000000.0,1146905830.5499647,phase_noise,31249980.1,210000.0,300.0,10,31321380.1,-70.37969971
1000000000.0,1146905830.5499647,phase_noise,31249980.1,210000.0,300.0,10,31321530.1,-71.33174896
1000000000.0,1146905830.5499647,phase_noise,31249980.1,210000.0,300.0,10,31321680.1,-70.60212708
1000000000.0,1146905830.5499647,phase_noise,31249980.1,210000.0,300.0,10,31321830.1,-69.47853088
1000000000.0,1146905830.5499647,phase_noise,31249980.1,210000.0,300.0,10,31321980.1,-69.157341
1000000000.0,1146905830.5499647,phase_noise,31249980.1,210000.0,300.0,10,31322130.1,-70.27751923
1000000000.0,1146905830.5499647,phase_noise,31249980.1,210000.0,300.0,10,31322280.1,-71.73599243
1000000000.0,1146905830.5499647,phase_noise,31249980.1,210000.0,300.0,10,31322430.1,-70.52254486
1000000000.0,1146905830.5499647,phase_noise,31249980.1,210000.0,300.0,10,31322580.1,-69.58534241
1000000000.0,1146905830.5499647,phase_noise,31249980.1,210000.0,300.0,10,31322730.1,-70.17189789
1000000000.0,1146905830.5499647,phase_noise,31249980.1,210000.0,300.0,10,31322880.1,-69.83499908
1000000000.0,1146905830.5499647,phase_noise,31249980.1,210000.0,300.0,10,31323030.1,-69.83252716
1000000000.0,1146905830.5499647,phase_noise,31249980.1,210000.0,300.0,10,31323180.1,-70.34742737
1000000000.0,1146905830.5499647,phase_noise,31249980.1,210000.0,300.0,10,31323330.1,-69.61619568
1000000000.0,1146905830.5499647,phase_noise,31249980.1,210000.0,300.0,10,31323480.1,-70.9004364
1000000000.0,1146905830.5499647,phase_noise,31249980.1,210000.0,300.0,10,31323630.1,-72.46947479
1000000000.0,1146905830.5499647,phase_noise,31249980.1,210000.0,300.0,10,31323780.1,-71.88066864
1000000000.0,1146905830.5499647,phase_noise,31249980.1,210000.0,300.0,10,31323930.1,-71.17134857
1000000000.0,1146905830.5499647,phase_noise,31249980.1,210000.0,300.0,10,31324080.1,-70.6233902
1000000000.0,1146905830.5499647,phase_noise,31249980.1,210000.0,300.0,10,31324230.1,-70.19774628
1000000000.0,1146905830.5499647,phase_noise,31249980.1,210000.0,300.0,10,31324380.1,-70.23316193
1000000000.0,1146905830.5499647,phase_noise,31249980.1,210000.0,300.0,10,31324530.1,-70.29199219
1000000000.0,1146905830.5499647,phase_noise,31249980.1,210000.0,300.0,10,31324680.1,-71.16412354
1000000000.0,1146905830.5499647,phase_noise,31249980.1,210000.0,300.0,10,31324830.1,-72.14046478
1000000000.0,1146905830.5499647,phase_noise,31249980.1,210000.0,300.0,10,31324980.1,-71.79081726
1000000000.0,1146905830.5499647,phase_noise,31249980.1,210000.0,300.0,10,31325130.1,-71.23469543
1000000000.0,1146905830.5499647,phase_noise,31249980.1,210000.0,300.0,10,31325280.1,-69.46568298
1000000000.0,1146905830.5499647,phase_noise,31249980.1,210000.0,300.0,10,31325430.1,-68.75476074
1000000000.0,1146905830.5499647,phase_noise,31249980.1,210000.0,300.0,10,31325580.1,-68.4704895
1000000000.0,1146905830.5499647,phase_noise,31249980.1,210000.0,300.0,10,31325730.1,-68.99465942
1000000000.0,1146905830.5499647,phase_noise,31249980.1,210000.0,300.0,10,31325880.1,-70.01065063
1000000000.0,1146905830.5499647,phase_noise,31249980.1,210000.0,300.0,10,31326030.1,-70.40330505
1000000000.0,1146905830.5499647,phase_noise,31249980.1,210000.0,300.0,10,31326180.1,-70.49334717
1000000000.0,1146905830.5499647,phase_noise,31249980.1,210000.0,300.0,10,31326330.1,-70.07798767
1000000000.0,1146905830.5499647,phase_noise,31249980.1,210000.0,300.0,10,31326480.1,-70.60244751
1000000000.0,1146905830.5499647,phase_noise,31249980.1,210000.0,300.0,10,31326630.1,-71.67984009
1000000000.0,1146905830.5499647,phase_noise,31249980.1,210000.0,300.0,10,31326780.1,-70.88613129
1000000000.0,1146905830.5499647,phase_noise,31249980.1,210000.0,300.0,10,31326930.1,-69.61859131
1000000000.0,1146905830.5499647,phase_noise,31249980.1,210000.0,300.0,10,31327080.1,-69.8776474
1000000000.0,1146905830.5499647,phase_noise,31249980.1,210000.0,300.0,10,31327230.1,-71.12445831
1000000000.0,1146905830.5499647,phase_noise,31249980.1,210000.0,300.0,10,31327380.1,-71.11621857
1000000000.0,1146905830.5499647,phase_noise,31249980.1,210000.0,300.0,10,31327530.1,-70.66599274
1000000000.0,1146905830.5499647,phase_noise,31249980.1,210000.0,300.0,10,31327680.1,-70.10903168
1000000000.0,1146905830.5499647,phase_noise,31249980.1,210000.0,300.0,10,31327830.1,-69.95431519
1000000000.0,1146905830.5499647,phase_noise,31249980.1,210000.0,300.0,10,31327980.1,-70.42798615
1000000000.0,1146905830.5499647,phase_noise,31249980.1,210000.0,300.0,10,31328130.1,-69.33014679
1000000000.0,1146905830.5499647,phase_noise,31249980.1,210000.0,300.0,10,31328280.1,-68.78153992
1000000000.0,1146905830.5499647,phase_noise,31249980.1,210000.0,300.0,10,31328430.1,-69.4487915
1000000000.0,1146905830.5499647,phase_noise,31249980.1,210000.0,300.0,10,31328580.1,-69.98592377
1000000000.0,1146905830.5499647,phase_noise,31249980.1,210000.0,300.0,10,31328730.1,-71.03093719
1000000000.0,1146905830.5499647,phase_noise,31249980.1,210000.0,300.0,10,31328880.1,-71.71420288
1000000000.0,1146905830.5499647,phase_noise,31249980.1,210000.0,300.0,10,31329030.1,-70.57144928
1000000000.0,1146905830.5499647,phase_noise,31249980.1,210000.0,300.0,10,31329180.1,-70.65626526
1000000000.0,1146905830.5499647,phase_noise,31249980.1,210000.0,300.0,10,31329330.1,-73.19287872
1000000000.0,1146905830.5499647,phase_noise,31249980.1,210000.0,300.0,10,31329480.1,-73.41442871
1000000000.0,1146905830.5499647,phase_noise,31249980.1,210000.0,300.0,10,31329630.1,-71.96498108
1000000000.0,1146905830.5499647,phase_noise,31249980.1,210000.0,300.0,10,31329780.1,-71.70141602
1000000000.0,1146905830.5499647,phase_noise,31249980.1,210000.0,300.0,10,31329930.1,-71.18873596
1000000000.0,1146905830.5499647,phase_noise,31249980.1,210000.0,300.0,10,31330080.1,-71.26379395
1000000000.0,1146905830.5499647,phase_noise,31249980.1,210000.0,300.0,10,31330230.1,-71.95327759
1000000000.0,1146905830.5499647,phase_noise,31249980.1,210000.0,300.0,10,31330380.1,-71.09990692
1000000000.0,1146905830.5499647,phase_noise,31249980.1,210000.0,300.0,10,31330530.1,-70.07138824
1000000000.0,1146905830.5499647,phase_noise,31249980.1,210000.0,300.0,10,31330680.1,-69.72154236
1000000000.0,1146905830.5499647,phase_noise,31249980.1,210000.0,300.0,10,31330830.1,-70.17396545
1000000000.0,1146905830.5499647,phase_noise,31249980.1,210000.0,300.0,10,31330980.1,-70.59479523
1000000000.0,1146905830.5499647,phase_noise,31249980.1,210000.0,300.0,10,31331130.1,-71.67497253
1000000000.0,1146905830.5499647,phase_noise,31249980.1,210000.0,300.0,10,31331280.1,-72.91989899
1000000000.0,1146905830.5499647,phase_noise,31249980.1,210000.0,300.0,10,31331430.1,-72.83965302
1000000000.0,1146905830.5499647,phase_noise,31249980.1,210000.0,300.0,10,31331580.1,-72.20632935
1000000000.0,1146905830.5499647,phase_noise,31249980.1,210000.0,300.0,10,31331730.1,-72.85879517
1000000000.0,1146905830.5499647,phase_noise,31249980.1,210000.0,300.0,10,31331880.1,-72.92373657
1000000000.0,1146905830.5499647,phase_noise,31249980.1,210000.0,300.0,10,31332030.1,-72.76584625
1000000000.0,1146905830.5499647,phase_noise,31249980.1,210000.0,300.0,10,31332180.1,-73.19541931
1000000000.0,1146905830.5499647,phase_noise,31249980.1,210000.0,300.0,10,31332330.1,-71.31126404
1000000000.0,1146905830.5499647,phase_noise,31249980.1,210000.0,300.0,10,31332480.1,-69.85137177
1000000000.0,1146905830.5499647,phase_noise,31249980.1,210000.0,300.0,10,31332630.1,-70.19888306
1000000000.0,1146905830.5499647,phase_noise,31249980.1,210000.0,300.0,10,31332780.1,-65.96744537
1000000000.0,1146905830.5499647,phase_noise,31249980.1,210000.0,300.0,10,31332930.1,-61.48412323
1000000000.0,1146905830.5499647,phase_noise,31249980.1,210000.0,300.0,10,31333080.1,-61.7661705
1000000000.0,1146905830.5499647,phase_noise,31249980.1,210000.0,300.0,10,31333230.1,-66.55699921
1000000000.0,1146905830.5499647,phase_noise,31249980.1,210000.0,300.0,10,31333380.1,-70.50986481
1000000000.0,1146905830.5499647,phase_noise,31249980.1,210000.0,300.0,10,31333530.1,-70.64653015
1000000000.0,1146905830.5499647,phase_noise,31249980.1,210000.0,300.0,10,31333680.1,-71.68884277
1000000000.0,1146905830.5499647,phase_noise,31249980.1,210000.0,300.0,10,31333830.1,-71.23810577
1000000000.0,1146905830.5499647,phase_noise,31249980.1,210000.0,300.0,10,31333980.1,-70.34790802
1000000000.0,1146905830.5499647,phase_noise,31249980.1,210000.0,300.0,10,31334130.1,-70.84329987
1000000000.0,1146905830.5499647,phase_noise,31249980.1,210000.0,300.0,10,31334280.1,-71.79155731
1000000000.0,1146905830.5499647,phase_noise,31249980.1,210000.0,300.0,10,31334430.1,-71.12699127
1000000000.0,1146905830.5499647,phase_noise,31249980.1,210000.0,300.0,10,31334580.1,-70.72952271
1000000000.0,1146905830.5499647,phase_noise,31249980.1,210000.0,300.0,10,31334730.1,-71.02242279
1000000000.0,1146905830.5499647,phase_noise,31249980.1,210000.0,300.0,10,31334880.1,-71.35879517
1000000000.0,1146905830.5499647,phase_noise,31249980.1,210000.0,300.0,10,31335030.1,-70.42501831
1000000000.0,1146905830.5499647,phase_noise,31249980.1,210000.0,300.0,10,31335180.1,-69.64549255
1000000000.0,1146905830.5499647,phase_noise,31249980.1,210000.0,300.0,10,31335330.1,-69.5304718
1000000000.0,1146905830.5499647,phase_noise,31249980.1,210000.0,300.0,10,31335480.1,-69.63881683
1000000000.0,1146905830.5499647,phase_noise,31249980.1,210000.0,300.0,10,31335630.1,-69.75330353
1000000000.0,1146905830.5499647,phase_noise,31249980.1,210000.0,300.0,10,31335780.1,-70.79135132
1000000000.0,1146905830.5499647,phase_noise,31249980.1,210000.0,300.0,10,31335930.1,-71.5120163
1000000000.0,1146905830.5499647,phase_noise,31249980.1,210000.0,300.0,10,31336080.1,-72.61933136
1000000000.0,1146905830.5499647,phase_noise,31249980.1,210000.0,300.0,10,31336230.1,-74.84773254
1000000000.0,1146905830.5499647,phase_noise,31249980.1,210000.0,300.0,10,31336380.1,-74.55673981
1000000000.0,1146905830.5499647,phase_noise,31249980.1,210000.0,300.0,10,31336530.1,-71.88531494
1000000000.0,1146905830.5499647,phase_noise,31249980.1,210000.0,300.0,10,31336680.1,-70.01221466
1000000000.0,1146905830.5499647,phase_noise,31249980.1,210000.0,300.0,10,31336830.1,-69.97264099
1000000000.0,1146905830.5499647,phase_noise,31249980.1,210000.0,300.0,10,31336980.1,-70.54127502
1000000000.0,1146905830.5499647,phase_noise,31249980.1,210000.0,300.0,10,31337130.1,-70.39820862
1000000000.0,1146905830.5499647,phase_noise,31249980.1,210000.0,300.0,10,31337280.1,-69.14213562
1000000000.0,1146905830.5499647,phase_noise,31249980.1,210000.0,300.0,10,31337430.1,-67.86314392
1000000000.0,1146905830.5499647,phase_noise,31249980.1,210000.0,300.0,10,31337580.1,-67.38664246
1000000000.0,1146905830.5499647,phase_noise,31249980.1,210000.0,300.0,10,31337730.1,-67.90830994
1000000000.0,1146905830.5499647,phase_noise,31249980.1,210000.0,300.0,10,31337880.1,-68.55587769
1000000000.0,1146905830.5499647,phase_noise,31249980.1,210000.0,300.0,10,31338030.1,-68.75257874
1000000000.0,1146905830.5499647,phase_noise,31249980.1,210000.0,300.0,10,31338180.1,-69.07601166
1000000000.0,1146905830.5499647,phase_noise,31249980.1,210000.0,300.0,10,31338330.1,-69.56155396
1000000000.0,1146905830.5499647,phase_noise,31249980.1,210000.0,300.0,10,31338480.1,-69.55814362
1000000000.0,1146905830.5499647,phase_noise,31249980.1,210000.0,300.0,10,31338630.1,-68.84845734
1000000000.0,1146905830.5499647,phase_noise,31249980.1,210000.0,300.0,10,31338780.1,-69.16719055
1000000000.0,1146905830.5499647,phase_noise,31249980.1,210000.0,300.0,10,31338930.1,-69.90281677
1000000000.0,1146905830.5499647,phase_noise,31249980.1,210000.0,300.0,10,31339080.1,-71.02768707
1000000000.0,1146905830.5499647,phase_noise,31249980.1,210000.0,300.0,10,31339230.1,-71.61062622
1000000000.0,1146905830.5499647,phase_noise,31249980.1,210000.0,300.0,10,31339380.1,-69.93054199
1000000000.0,1146905830.5499647,phase_noise,31249980.1,210000.0,300.0,10,31339530.1,-69.01541901
1000000000.0,1146905830.5499647,phase_noise,31249980.1,210000.0,300.0,10,31339680.1,-69.16188812
1000000000.0,1146905830.5499647,phase_noise,31249980.1,210000.0,300.0,10,31339830.1,-69.77176666
1000000000.0,1146905830.5499647,phase_noise,31249980.1,210000.0,300.0,10,31339980.1,-69.71478271
1000000000.0,1146905830.5499647,phase_noise,31249980.1,210000.0,300.0,10,31340130.1,-69.32549286
1000000000.0,1146905830.5499647,phase_noise,31249980.1,210000.0,300.0,10,31340280.1,-69.60253906
1000000000.0,1146905830.5499647,phase_noise,31249980.1,210000.0,300.0,10,31340430.1,-68.1252594
1000000000.0,1146905830.5499647,phase_noise,31249980.1,210000.0,300.0,10,31340580.1,-67.55373383
1000000000.0,1146905830.5499647,phase_noise,31249980.1,210000.0,300.0,10,31340730.1,-68.14257812
1000000000.0,1146905830.5499647,phase_noise,31249980.1,210000.0,300.0,10,31340880.1,-68.41368103
1000000000.0,1146905830.5499647,phase_noise,31249980.1,210000.0,300.0,10,31341030.1,-68.54404449
1000000000.0,1146905830.5499647,phase_noise,31249980.1,210000.0,300.0,10,31341180.1,-69.30958557
1000000000.0,1146905830.5499647,phase_noise,31249980.1,210000.0,300.0,10,31341330.1,-69.95389557
1000000000.0,1146905830.5499647,phase_noise,31249980.1,210000.0,300.0,10,31341480.1,-69.5116272
1000000000.0,1146905830.5499647,phase_noise,31249980.1,210000.0,300.0,10,31341630.1,-68.89835358
1000000000.0,1146905830.5499647,phase_noise,31249980.1,210000.0,300.0,10,31341780.1,-68.64047241
1000000000.0,1146905830.5499647,phase_noise,31249980.1,210000.0,300.0,10,31341930.1,-68.62804413
1000000000.0,1146905830.5499647,phase_noise,31249980.1,210000.0,300.0,10,31342080.1,-69.53721619
1000000000.0,1146905830.5499647,phase_noise,31249980.1,210000.0,300.0,10,31342230.1,-71.01057434
1000000000.0,1146905830.5499647,phase_noise,31249980.1,210000.0,300.0,10,31342380.1,-70.59612274
1000000000.0,1146905830.5499647,phase_noise,31249980.1,210000.0,300.0,10,31342530.1,-69.26278687
1000000000.0,1146905830.5499647,phase_noise,31249980.1,210000.0,300.0,10,31342680.1,-67.99888611
1000000000.0,1146905830.5499647,phase_noise,31249980.1,210000.0,300.0,10,31342830.1,-66.88259125
1000000000.0,1146905830.5499647,phase_noise,31249980.1,210000.0,300.0,10,31342980.1,-66.90583801
1000000000.0,1146905830.5499647,phase_noise,31249980.1,210000.0,300.0,10,31343130.1,-68.88359833
1000000000.0,1146905830.5499647,phase_noise,31249980.1,210000.0,300.0,10,31343280.1,-66.02837372
1000000000.0,1146905830.5499647,phase_noise,31249980.1,210000.0,300.0,10,31343430.1,-63.88822937
1000000000.0,1146905830.5499647,phase_noise,31249980.1,210000.0,300.0,10,31343580.1,-66.24607849
1000000000.0,1146905830.5499647,phase_noise,31249980.1,210000.0,300.0,10,31343730.1,-70.40232086
1000000000.0,1146905830.5499647,phase_noise,31249980.1,210000.0,300.0,10,31343880.1,-70.25421143
1000000000.0,1146905830.5499647,phase_noise,31249980.1,210000.0,300.0,10,31344030.1,-68.60774231
1000000000.0,1146905830.5499647,phase_noise,31249980.1,210000.0,300.0,10,31344180.1,-67.83074188
1000000000.0,1146905830.5499647,phase_noise,31249980.1,210000.0,300.0,10,31344330.1,-68.65065002
1000000000.0,1146905830.5499647,phase_noise,31249980.1,210000.0,300.0,10,31344480.1,-69.66444397
1000000000.0,1146905830.5499647,phase_noise,31249980.1,210000.0,300.0,10,31344630.1,-68.48924255
1000000000.0,1146905830.5499647,phase_noise,31249980.1,210000.0,300.0,10,31344780.1,-67.4613266
1000000000.0,1146905830.5499647,phase_noise,31249980.1,210000.0,300.0,10,31344930.1,-69.40467834
1000000000.0,1146905830.5499647,phase_noise,31249980.1,210000.0,300.0,10,31345080.1,-72.17179108
1000000000.0,1146905830.5499647,phase_noise,31249980.1,210000.0,300.0,10,31345230.1,-71.38821411
1000000000.0,1146905830.5499647,phase_noise,31249980.1,210000.0,300.0,10,31345380.1,-71.02309418
1000000000.0,1146905830.5499647,phase_noise,31249980.1,210000.0,300.0,10,31345530.1,-70.82514954
1000000000.0,1146905830.5499647,phase_noise,31249980.1,210000.0,300.0,10,31345680.1,-70.01171112
1000000000.0,1146905830.5499647,phase_noise,31249980.1,210000.0,300.0,10,31345830.1,-69.17819977
1000000000.0,1146905830.5499647,phase_noise,31249980.1,210000.0,300.0,10,31345980.1,-67.80667114
1000000000.0,1146905830.5499647,phase_noise,31249980.1,210000.0,300.0,10,31346130.1,-66.56121063
1000000000.0,1146905830.5499647,phase_noise,31249980.1,210000.0,300.0,10,31346280.1,-67.57691193
1000000000.0,1146905830.5499647,phase_noise,31249980.1,210000.0,300.0,10,31346430.1,-69.87944794
1000000000.0,1146905830.5499647,phase_noise,31249980.1,210000.0,300.0,10,31346580.1,-69.35177612
1000000000.0,1146905830.5499647,phase_noise,31249980.1,210000.0,300.0,10,31346730.1,-69.59682465
1000000000.0,1146905830.5499647,phase_noise,31249980.1,210000.0,300.0,10,31346880.1,-71.31837463
1000000000.0,1146905830.5499647,phase_noise,31249980.1,210000.0,300.0,10,31347030.1,-72.41334534
1000000000.0,1146905830.5499647,phase_noise,31249980.1,210000.0,300.0,10,31347180.1,-70.49258423
1000000000.0,1146905830.5499647,phase_noise,31249980.1,210000.0,300.0,10,31347330.1,-68.32759857
1000000000.0,1146905830.5499647,phase_noise,31249980.1,210000.0,300.0,10,31347480.1,-67.38907623
1000000000.0,1146905830.5499647,phase_noise,31249980.1,210000.0,300.0,10,31347630.1,-68.20890045
1000000000.0,1146905830.5499647,phase_noise,31249980.1,210000.0,300.0,10,31347780.1,-67.99925995
1000000000.0,1146905830.5499647,phase_noise,31249980.1,210000.0,300.0,10,31347930.1,-67.19625092
1000000000.0,1146905830.5499647,phase_noise,31249980.1,210000.0,300.0,10,31348080.1,-67.13014984
1000000000.0,1146905830.5499647,phase_noise,31249980.1,210000.0,300.0,10,31348230.1,-68.1084671
1000000000.0,1146905830.5499647,phase_noise,31249980.1,210000.0,300.0,10,31348380.1,-69.85160828
1000000000.0,1146905830.5499647,phase_noise,31249980.1,210000.0,300.0,10,31348530.1,-70.60159302
1000000000.0,1146905830.5499647,phase_noise,31249980.1,210000.0,300.0,10,31348680.1,-70.72498322
1000000000.0,1146905830.5499647,phase_noise,31249980.1,210000.0,300.0,10,31348830.1,-70.80131531
1000000000.0,1146905830.5499647,phase_noise,31249980.1,210000.0,300.0,10,31348980.1,-70.32932281
1000000000.0,1146905830.5499647,phase_noise,31249980.1,210000.0,300.0,10,31349130.1,-70.41722107
1000000000.0,1146905830.5499647,phase_noise,31249980.1,210000.0,300.0,10,31349280.1,-70.52985382
1000000000.0,1146905830.5499647,phase_noise,31249980.1,210000.0,300.0,10,31349430.1,-70.46469116
1000000000.0,1146905830.5499647,phase_noise,31249980.1,210000.0,300.0,10,31349580.1,-71.98734283
1000000000.0,1146905830.5499647,phase_noise,31249980.1,210000.0,300.0,10,31349730.1,-72.33179474
1000000000.0,1146905830.5499647,phase_noise,31249980.1,210000.0,300.0,10,31349880.1,-72.77957916
1000000000.0,1146905830.5499647,phase_noise,31249980.1,210000.0,300.0,10,31350030.1,-71.64089203
1000000000.0,1146905830.5499647,phase_noise,31249980.1,210000.0,300.0,10,31350180.1,-68.88426208
1000000000.0,1146905830.5499647,phase_noise,31249980.1,210000.0,300.0,10,31350330.1,-68.86135864
1000000000.0,1146905830.5499647,phase_noise,31249980.1,210000.0,300.0,10,31350480.1,-69.96250153
1000000000.0,1146905830.5499647,phase_noise,31249980.1,210000.0,300.0,10,31350630.1,-69.46963501
1000000000.0,1146905830.5499647,phase_noise,31249980.1,210000.0,300.0,10,31350780.1,-69.50359344
1000000000.0,1146905830.5499647,phase_noise,31249980.1,210000.0,300.0,10,31350930.1,-68.7022934
1000000000.0,1146905830.5499647,phase_noise,31249980.1,210000.0,300.0,10,31351080.1,-67.87576294
1000000000.0,1146905830.5499647,phase_noise,31249980.1,210000.0,300.0,10,31351230.1,-68.27191925
1000000000.0,1146905830.5499647,phase_noise,31249980.1,210000.0,300.0,10,31351380.1,-69.16399384
1000000000.0,1146905830.5499647,phase_noise,31249980.1,210000.0,300.0,10,31351530.1,-69.31747437
1000000000.0,1146905830.5499647,phase_noise,31249980.1,210000.0,300.0,10,31351680.1,-67.76637268
1000000000.0,1146905830.5499647,phase_noise,31249980.1,210000.0,300.0,10,31351830.1,-67.79640961
1000000000.0,1146905830.5499647,phase_noise,31249980.1,210000.0,300.0,10,31351980.1,-69.49353027
1000000000.0,1146905830.5499647,phase_noise,31249980.1,210000.0,300.0,10,31352130.1,-71.05830383
1000000000.0,1146905830.5499647,phase_noise,31249980.1,210000.0,300.0,10,31352280.1,-70.71194458
1000000000.0,1146905830.5499647,phase_noise,31249980.1,210000.0,300.0,10,31352430.1,-69.62535095
1000000000.0,1146905830.5499647,phase_noise,31249980.1,210000.0,300.0,10,31352580.1,-68.95723724
1000000000.0,1146905830.5499647,phase_noise,31249980.1,210000.0,300.0,10,31352730.1,-68.01751709
1000000000.0,1146905830.5499647,phase_noise,31249980.1,210000.0,300.0,10,31352880.1,-68.43502045
1000000000.0,1146905830.5499647,phase_noise,31249980.1,210000.0,300.0,10,31353030.1,-69.88729095
1000000000.0,1146905830.5499647,phase_noise,31249980.1,210000.0,300.0,10,31353180.1,-71.19657135
1000000000.0,1146905830.5499647,phase_noise,31249980.1,210000.0,300.0,10,31353330.1,-71.92604065
1000000000.0,1146905830.5499647,phase_noise,31249980.1,210000.0,300.0,10,31353480.1,-69.3248291
1000000000.0,1146905830.5499647,phase_noise,31249980.1,210000.0,300.0,10,31353630.1,-67.76413727
1000000000.0,1146905830.5499647,phase_noise,31249980.1,210000.0,300.0,10,31353780.1,-69.06565094
1000000000.0,1146905830.5499647,phase_noise,31249980.1,210000.0,300.0,10,31353930.1,-69.82646179
1000000000.0,1146905830.5499647,phase_noise,31249980.1,210000.0,300.0,10,31354080.1,-68.94820404
1000000000.0,1146905830.5499647,phase_noise,31249980.1,210000.0,300.0,10,31354230.1,-69.03340149
1000000000.0,1146905830.5499647,phase_noise,31249980.1,210000.0,300.0,10,31354380.1,-69.12295532
1000000000.0,1146905830.5499647,phase_noise,31249980.1,210000.0,300.0,10,31354530.1,-68.87931061
1000000000.0,1146905830.5499647,phase_noise,31249980.1,210000.0,300.0,10,31354680.1,-69.81346893
1000000000.0,1146905830.5499647,phase_noise,31249980.1,210000.0,300.0,10,31354830.1,-70.30682373
1000000000.0,1146905830.5499647,phase_noise,31249980.1,210000.0,300.0,10,31354980.1,-70.40389252
1000000000.0,1146905830.5499647,phase_noise,31249980.1,2100000.0,3000.0,10,30199980.1,-46.24629593
1000000000.0,1146905830.5499647,phase_noise,31249980.1,2100000.0,3000.0,10,30201480.1,-45.12318802
1000000000.0,1146905830.5499647,phase_noise,31249980.1,2100000.0,3000.0,10,30202980.1,-45.60861588
1000000000.0,1146905830.5499647,phase_noise,31249980.1,2100000.0,3000.0,10,30204480.1,-46.27515411
1000000000.0,1146905830.5499647,phase_noise,31249980.1,2100000.0,3000.0,10,30205980.1,-45.60528183
1000000000.0,1146905830.5499647,phase_noise,31249980.1,2100000.0,3000.0,10,30207480.1,-44.55768204
1000000000.0,1146905830.5499647,phase_noise,31249980.1,2100000.0,3000.0,10,30208980.1,-45.64328766
1000000000.0,1146905830.5499647,phase_noise,31249980.1,2100000.0,3000.0,10,30210480.1,-46.89647675
1000000000.0,1146905830.5499647,phase_noise,31249980.1,2100000.0,3000.0,10,30211980.1,-47.58164215
1000000000.0,1146905830.5499647,phase_noise,31249980.1,2100000.0,3000.0,10,30213480.1,-49.98391342
1000000000.0,1146905830.5499647,phase_noise,31249980.1,2100000.0,3000.0,10,30214980.1,-52.50867081
1000000000.0,1146905830.5499647,phase_noise,31249980.1,2100000.0,3000.0,10,30216480.1,-53.351017
1000000000.0,1146905830.5499647,phase_noise,31249980.1,2100000.0,3000.0,10,30217980.1,-53.01522064
1000000000.0,1146905830.5499647,phase_noise,31249980.1,2100000.0,3000.0,10,30219480.1,-52.88840485
1000000000.0,1146905830.5499647,phase_noise,31249980.1,2100000.0,3000.0,10,30220980.1,-50.49810791
1000000000.0,1146905830.5499647,phase_noise,31249980.1,2100000.0,3000.0,10,30222480.1,-48.39425278
1000000000.0,1146905830.5499647,phase_noise,31249980.1,2100000.0,3000.0,10,30223980.1,-48.56703949
1000000000.0,1146905830.5499647,phase_noise,31249980.1,2100000.0,3000.0,10,30225480.1,-49.66595459
1000000000.0,1146905830.5499647,phase_noise,31249980.1,2100000.0,3000.0,10,30226980.1,-50.15024185
1000000000.0,1146905830.5499647,phase_noise,31249980.1,2100000.0,3000.0,10,30228480.1,-49.91979218
1000000000.0,1146905830.5499647,phase_noise,31249980.1,2100000.0,3000.0,10,30229980.1,-45.9783783
1000000000.0,1146905830.5499647,phase_noise,31249980.1,2100000.0,3000.0,10,30231480.1,-42.56924438
1000000000.0,1146905830.5499647,phase_noise,31249980.1,2100000.0,3000.0,10,30232980.1,-42.71263885
1000000000.0,1146905830.5499647,phase_noise,31249980.1,2100000.0,3000.0,10,30234480.1,-44.02329636
1000000000.0,1146905830.5499647,phase_noise,31249980.1,2100000.0,3000.0,10,30235980.1,-43.55488586
1000000000.0,1146905830.5499647,phase_noise,31249980.1,2100000.0,3000.0,10,30237480.1,-43.52150345
1000000000.0,1146905830.5499647,phase_noise,31249980.1,2100000.0,3000.0,10,30238980.1,-45.21028137
1000000000.0,1146905830.5499647,phase_noise,31249980.1,2100000.0,3000.0,10,30240480.1,-46.10231781
1000000000.0,1146905830.5499647,phase_noise,31249980.1,2100000.0,3000.0,10,30241980.1,-47.12179947
1000000000.0,1146905830.5499647,phase_noise,31249980.1,2100000.0,3000.0,10,30243480.1,-48.17434692
1000000000.0,1146905830.5499647,phase_noise,31249980.1,2100000.0,3000.0,10,30244980.1,-47.78313446
1000000000.0,1146905830.5499647,phase_noise,31249980.1,2100000.0,3000.0,10,30246480.1,-47.9311409
1000000000.0,1146905830.5499647,phase_noise,31249980.1,2100000.0,3000.0,10,30247980.1,-49.15399551
1000000000.0,1146905830.5499647,phase_noise,31249980.1,2100000.0,3000.0,10,30249480.1,-49.96648788
1000000000.0,1146905830.5499647,phase_noise,31249980.1,2100000.0,3000.0,10,30250980.1,-49.33036804
1000000000.0,1146905830.5499647,phase_noise,31249980.1,2100000.0,3000.0,10,30252480.1,-48.33815765
1000000000.0,1146905830.5499647,phase_noise,31249980.1,2100000.0,3000.0,10,30253980.1,-47.75089264
1000000000.0,1146905830.5499647,phase_noise,31249980.1,2100000.0,3000.0,10,30255480.1,-48.49898911
1000000000.0,1146905830.5499647,phase_noise,31249980.1,2100000.0,3000.0,10,30256980.1,-49.4556427
1000000000.0,1146905830.5499647,phase_noise,31249980.1,2100000.0,3000.0,10,30258480.1,-46.67053604
1000000000.0,1146905830.5499647,phase_noise,31249980.1,2100000.0,3000.0,10,30259980.1,-44.20015335
1000000000.0,1146905830.5499647,phase_noise,31249980.1,2100000.0,3000.0,10,30261480.1,-44.72555923
1000000000.0,1146905830.5499647,phase_noise,31249980.1,2100000.0,3000.0,10,30262980.1,-46.83768463
1000000000.0,1146905830.5499647,phase_noise,31249980.1,2100000.0,3000.0,10,30264480.1,-49.30160904
1000000000.0,1146905830.5499647,phase_noise,31249980.1,2100000.0,3000.0,10,30265980.1,-51.44350815
1000000000.0,1146905830.5499647,phase_noise,31249980.1,2100000.0,3000.0,10,30267480.1,-53.55595779
1000000000.0,1146905830.5499647,phase_noise,31249980.1,2100000.0,3000.0,10,30268980.1,-53.5037384
1000000000.0,1146905830.5499647,phase_noise,31249980.1,2100000.0,3000.0,10,30270480.1,-51.74030304
1000000000.0,1146905830.5499647,phase_noise,31249980.1,2100000.0,3000.0,10,30271980.1,-52.65686798
1000000000.0,1146905830.5499647,phase_noise,31249980.1,2100000.0,3000.0,10,30273480.1,-54.40611267
1000000000.0,1146905830.5499647,phase_noise,31249980.1,2100000.0,3000.0,10,30274980.1,-52.82595444
1000000000.0,1146905830.5499647,phase_noise,31249980.1,2100000.0,3000.0,10,30276480.1,-51.90945435
1000000000.0,1146905830.5499647,phase_noise,31249980.1,2100000.0,3000.0,10,30277980.1,-53.06699371
1000000000.0,1146905830.5499647,phase_noise,31249980.1,2100000.0,3000.0,10,30279480.1,-53.47174835
1000000000.0,1146905830.5499647,phase_noise,31249980.1,2100000.0,3000.0,10,30280980.1,-52.43823624
1000000000.0,1146905830.5499647,phase_noise,31249980.1,2100000.0,3000.0,10,30282480.1,-47.85541916
1000000000.0,1146905830.5499647,phase_noise,31249980.1,2100000.0,3000.0,10,30283980.1,-44.18948746
1000000000.0,1146905830.5499647,phase_noise,31249980.1,2100000.0,3000.0,10,30285480.1,-44.05331421
1000000000.0,1146905830.5499647,phase_noise,31249980.1,2100000.0,3000.0,10,30286980.1,-44.76196289
1000000000.0,1146905830.5499647,phase_noise,31249980.1,2100000.0,3000.0,10,30288480.1,-44.20179367
1000000000.0,1146905830.5499647,phase_noise,31249980.1,2100000.0,3000.0,10,30289980.1,-43.85495377
1000000000.0,1146905830.5499647,phase_noise,31249980.1,2100000.0,3000.0,10,30291480.1,-45.07143784
1000000000.0,1146905830.5499647,phase_noise,31249980.1,2100000.0,3000.0,10,30292980.1,-45.99157715
1000000000.0,1146905830.5499647,phase_noise,31249980.1,2100000.0,3000.0,10,30294480.1,-47.30974197
1000000000.0,1146905830.5499647,phase_noise,31249980.1,2100000.0,3000.0,10,30295980.1,-49.3796196
1000000000.0,1146905830.5499647,phase_noise,31249980.1,2100000.0,3000.0,10,30297480.1,-47.84719849
1000000000.0,1146905830.5499647,phase_noise,31249980.1,2100000.0,3000.0,10,30298980.1,-47.08939362
1000000000.0,1146905830.5499647,phase_noise,31249980.1,2100000.0,3000.0,10,30300480.1,-48.18465805
1000000000.0,1146905830.5499647,phase_noise,31249980.1,2100000.0,3000.0,10,30301980.1,-49.74357605
1000000000.0,1146905830.5499647,phase_noise,31249980.1,2100000.0,3000.0,10,30303480.1,-49.43727112
1000000000.0,1146905830.5499647,phase_noise,31249980.1,2100000.0,3000.0,10,30304980.1,-47.34322357
1000000000.0,1146905830.5499647,phase_noise,31249980.1,2100000.0,3000.0,10,30306480.1,-46.68777084
1000000000.0,1146905830.5499647,phase_noise,31249980.1,2100000.0,3000.0,10,30307980.1,-48.91216278
1000000000.0,1146905830.5499647,phase_noise,31249980.1,2100000.0,3000.0,10,30309480.1,-51.56433868
1000000000.0,1146905830.5499647,phase_noise,31249980.1,2100000.0,3000.0,10,30310980.1,-49.51093292
1000000000.0,1146905830.5499647,phase_noise,31249980.1,2100000.0,3000.0,10,30312480.1,-47.28873825
1000000000.0,1146905830.5499647,phase_noise,31249980.1,2100000.0,3000.0,10,30313980.1,-47.09880829
1000000000.0,1146905830.5499647,phase_noise,31249980.1,2100000.0,3000.0,10,30315480.1,-48.24416351
1000000000.0,1146905830.5499647,phase_noise,31249980.1,2100000.0,3000.0,10,30316980.1,-50.45659637
1000000000.0,1146905830.5499647,phase_noise,31249980.1,2100000.0,3000.0,10,30318480.1,-52.41448593
1000000000.0,1146905830.5499647,phase_noise,31249980.1,2100000.0,3000.0,10,30319980.1,-52.46107483
1000000000.0,1146905830.5499647,phase_noise,31249980.1,2100000.0,3000.0,10,30321480.1,-51.73412323
1000000000.0,1146905830.5499647,phase_noise,31249980.1,2100000.0,3000.0,10,30322980.1,-51.71390915
1000000000.0,1146905830.5499647,phase_noise,31249980.1,2100000.0,3000.0,10,30324480.1,-53.68379211
1000000000.0,1146905830.5499647,phase_noise,31249980.1,2100000.0,3000.0,10,30325980.1,-54.39120483
1000000000.0,1146905830.5499647,phase_noise,31249980.1,2100000.0,3000.0,10,30327480.1,-53.14782715
1000000000.0,1146905830.5499647,phase_noise,31249980.1,2100000.0,3000.0,10,30328980.1,-52.63132095
1000000000.0,1146905830.5499647,phase_noise,31249980.1,2100000.0,3000.0,10,30330480.1,-51.9579277
1000000000.0,1146905830.5499647,phase_noise,31249980.1,2100000.0,3000.0,10,30331980.1,-51.58252335
1000000000.0,1146905830.5499647,phase_noise,31249980.1,2100000.0,3000.0,10,30333480.1,-52.58670807
1000000000.0,1146905830.5499647,phase_noise,31249980.1,2100000.0,3000.0,10,30334980.1,-53.75109863
1000000000.0,1146905830.5499647,phase_noise,31249980.1,2100000.0,3000.0,10,30336480.1,-53.2000618
1000000000.0,1146905830.5499647,phase_noise,31249980.1,2100000.0,3000.0,10,30337980.1,-52.39741898
1000000000.0,1146905830.5499647,phase_noise,31249980.1,2100000.0,3000.0,10,30339480.1,-50.82215118
1000000000.0,1146905830.5499647,phase_noise,31249980.1,2100000.0,3000.0,10,30340980.1,-49.80075455
1000000000.0,1146905830.5499647,phase_noise,31249980.1,2100000.0,3000.0,10,30342480.1,-48.35958862
1000000000.0,1146905830.5499647,phase_noise,31249980.1,2100000.0,3000.0,10,30343980.1,-48.06284332
1000000000.0,1146905830.5499647,phase_noise,31249980.1,2100000.0,3000.0,10,30345480.1,-49.59137344
1000000000.0,1146905830.5499647,phase_noise,31249980.1,2100000.0,3000.0,10,30346980.1,-50.22904587
1000000000.0,1146905830.5499647,phase_noise,31249980.1,2100000.0,3000.0,10,30348480.1,-50.56705475
1000000000.0,1146905830.5499647,phase_noise,31249980.1,2100000.0,3000.0,10,30349980.1,-50.21299362
1000000000.0,1146905830.5499647,phase_noise,31249980.1,2100000.0,3000.0,10,30351480.1,-49.15790939
1000000000.0,1146905830.5499647,phase_noise,31249980.1,2100000.0,3000.0,10,30352980.1,-46.05398178
1000000000.0,1146905830.5499647,phase_noise,31249980.1,2100000.0,3000.0,10,30354480.1,-44.75738525
1000000000.0,1146905830.5499647,phase_noise,31249980.1,2100000.0,3000.0,10,30355980.1,-47.74681473
1000000000.0,1146905830.5499647,phase_noise,31249980.1,2100000.0,3000.0,10,30357480.1,-52.25427246
1000000000.0,1146905830.5499647,phase_noise,31249980.1,2100000.0,3000.0,10,30358980.1,-52.10586166
1000000000.0,1146905830.5499647,phase_noise,31249980.1,2100000.0,3000.0,10,30360480.1,-51.12760925
1000000000.0,1146905830.5499647,phase_noise,31249980.1,2100000.0,3000.0,10,30361980.1,-52.23934937
1000000000.0,1146905830.5499647,phase_noise,31249980.1,2100000.0,3000.0,10,30363480.1,-50.81566238
1000000000.0,1146905830.5499647,phase_noise,31249980.1,2100000.0,3000.0,10,30364980.1,-49.4431572
1000000000.0,1146905830.5499647,phase_noise,31249980.1,2100000.0,3000.0,10,30366480.1,-49.59576797
1000000000.0,1146905830.5499647,phase_noise,31249980.1,2100000.0,3000.0,10,30367980.1,-50.17186356
1000000000.0,1146905830.5499647,phase_noise,31249980.1,2100000.0,3000.0,10,30369480.1,-51.5589447
1000000000.0,1146905830.5499647,phase_noise,31249980.1,2100000.0,3000.0,10,30370980.1,-52.69229507
1000000000.0,1146905830.5499647,phase_noise,31249980.1,2100000.0,3000.0,10,30372480.1,-54.39459991
1000000000.0,1146905830.5499647,phase_noise,31249980.1,2100000.0,3000.0,10,30373980.1,-54.3082962
1000000000.0,1146905830.5499647,phase_noise,31249980.1,2100000.0,3000.0,10,30375480.1,-51.23934174
1000000000.0,1146905830.5499647,phase_noise,31249980.1,2100000.0,3000.0,10,30376980.1,-51.19800949
1000000000.0,1146905830.5499647,phase_noise,31249980.1,2100000.0,3000.0,10,30378480.1,-53.43298721
1000000000.0,1146905830.5499647,phase_noise,31249980.1,2100000.0,3000.0,10,30379980.1,-52.80264282
1000000000.0,1146905830.5499647,phase_noise,31249980.1,2100000.0,3000.0,10,30381480.1,-51.65021515
1000000000.0,1146905830.5499647,phase_noise,31249980.1,2100000.0,3000.0,10,30382980.1,-51.34603119
1000000000.0,1146905830.5499647,phase_noise,31249980.1,2100000.0,3000.0,10,30384480.1,-52.17786407
1000000000.0,1146905830.5499647,phase_noise,31249980.1,2100000.0,3000.0,10,30385980.1,-52.33265686
1000000000.0,1146905830.5499647,phase_noise,31249980.1,2100000.0,3000.0,10,30387480.1,-51.06378555
1000000000.0,1146905830.5499647,phase_noise,31249980.1,2100000.0,3000.0,10,30388980.1,-51.64709473
1000000000.0,1146905830.5499647,phase_noise,31249980.1,2100000.0,3000.0,10,30390480.1,-53.36251068
1000000000.0,1146905830.5499647,phase_noise,31249980.1,2100000.0,3000.0,10,30391980.1,-52.73063278
1000000000.0,1146905830.5499647,phase_noise,31249980.1,2100000.0,3000.0,10,30393480.1,-51.23978043
1000000000.0,1146905830.5499647,phase_noise,31249980.1,2100000.0,3000.0,10,30394980.1,-49.84852219
1000000000.0,1146905830.5499647,phase_noise,31249980.1,2100000.0,3000.0,10,30396480.1,-47.97958755
1000000000.0,1146905830.5499647,phase_noise,31249980.1,2100000.0,3000.0,10,30397980.1,-47.83709717
1000000000.0,1146905830.5499647,phase_noise,31249980.1,2100000.0,3000.0,10,30399480.1,-50.21921921
1000000000.0,1146905830.5499647,phase_noise,31249980.1,2100000.0,3000.0,10,30400980.1,-54.83106995
1000000000.0,1146905830.5499647,phase_noise,31249980.1,2100000.0,3000.0,10,30402480.1,-52.90950394
1000000000.0,1146905830.5499647,phase_noise,31249980.1,2100000.0,3000.0,10,30403980.1,-51.34754562
1000000000.0,1146905830.5499647,phase_noise,31249980.1,2100000.0,3000.0,10,30405480.1,-51.72310257
1000000000.0,1146905830.5499647,phase_noise,31249980.1,2100000.0,3000.0,10,30406980.1,-52.08859634
1000000000.0,1146905830.5499647,phase_noise,31249980.1,2100000.0,3000.0,10,30408480.1,-51.60307693
1000000000.0,1146905830.5499647,phase_noise,31249980.1,2100000.0,3000.0,10,30409980.1,-51.02091217
1000000000.0,1146905830.5499647,phase_noise,31249980.1,2100000.0,3000.0,10,30411480.1,-50.73324966
1000000000.0,1146905830.5499647,phase_noise,31249980.1,2100000.0,3000.0,10,30412980.1,-49.9079895
1000000000.0,1146905830.5499647,phase_noise,31249980.1,2100000.0,3000.0,10,30414480.1,-48.3584404
1000000000.0,1146905830.5499647,phase_noise,31249980.1,2100000.0,3000.0,10,30415980.1,-48.4552002
1000000000.0,1146905830.5499647,phase_noise,31249980.1,2100000.0,3000.0,10,30417480.1,-50.76586151
1000000000.0,1146905830.5499647,phase_noise,31249980.1,2100000.0,3000.0,10,30418980.1,-52.70017624
1000000000.0,1146905830.5499647,phase_noise,31249980.1,2100000.0,3000.0,10,30420480.1,-52.92984009
1000000000.0,1146905830.5499647,phase_noise,31249980.1,2100000.0,3000.0,10,30421980.1,-51.30099487
1000000000.0,1146905830.5499647,phase_noise,31249980.1,2100000.0,3000.0,10,30423480.1,-50.13479996
1000000000.0,1146905830.5499647,phase_noise,31249980.1,2100000.0,3000.0,10,30424980.1,-50.61745834
1000000000.0,1146905830.5499647,phase_noise,31249980.1,2100000.0,3000.0,10,30426480.1,-51.00179672
1000000000.0,1146905830.5499647,phase_noise,31249980.1,2100000.0,3000.0,10,30427980.1,-51.36905289
1000000000.0,1146905830.5499647,phase_noise,31249980.1,2100000.0,3000.0,10,30429480.1,-52.24792862
1000000000.0,1146905830.5499647,phase_noise,31249980.1,2100000.0,3000.0,10,30430980.1,-52.56012344
1000000000.0,1146905830.5499647,phase_noise,31249980.1,2100000.0,3000.0,10,30432480.1,-52.66635513
1000000000.0,1146905830.5499647,phase_noise,31249980.1,2100000.0,3000.0,10,30433980.1,-53.20199203
1000000000.0,1146905830.5499647,phase_noise,31249980.1,2100000.0,3000.0,10,30435480.1,-51.6309967
1000000000.0,1146905830.5499647,phase_noise,31249980.1,2100000.0,3000.0,10,30436980.1,-50.35718918
1000000000.0,1146905830.5499647,phase_noise,31249980.1,2100000.0,3000.0,10,30438480.1,-50.96026993
1000000000.0,1146905830.5499647,phase_noise,31249980.1,2100000.0,3000.0,10,30439980.1,-53.19548416
1000000000.0,1146905830.5499647,phase_noise,31249980.1,2100000.0,3000.0,10,30441480.1,-53.64682388
1000000000.0,1146905830.5499647,phase_noise,31249980.1,2100000.0,3000.0,10,30442980.1,-53.02961349
1000000000.0,1146905830.5499647,phase_noise,31249980.1,2100000.0,3000.0,10,30444480.1,-53.46201706
1000000000.0,1146905830.5499647,phase_noise,31249980.1,2100000.0,3000.0,10,30445980.1,-52.41305542
1000000000.0,1146905830.5499647,phase_noise,31249980.1,2100000.0,3000.0,10,30447480.1,-44.28886414
1000000000.0,1146905830.5499647,phase_noise,31249980.1,2100000.0,3000.0,10,30448980.1,-36.78850555
1000000000.0,1146905830.5499647,phase_noise,31249980.1,2100000.0,3000.0,10,30450480.1,-34.10286713
1000000000.0,1146905830.5499647,phase_noise,31249980.1,2100000.0,3000.0,10,30451980.1,-36.58257294
1000000000.0,1146905830.5499647,phase_noise,31249980.1,2100000.0,3000.0,10,30453480.1,-43.25263977
1000000000.0,1146905830.5499647,phase_noise,31249980.1,2100000.0,3000.0,10,30454980.1,-45.86790848
1000000000.0,1146905830.5499647,phase_noise,31249980.1,2100000.0,3000.0,10,30456480.1,-46.40291595
1000000000.0,1146905830.5499647,phase_noise,31249980.1,2100000.0,3000.0,10,30457980.1,-49.0415535
1000000000.0,1146905830.5499647,phase_noise,31249980.1,2100000.0,3000.0,10,30459480.1,-49.55987549
1000000000.0,1146905830.5499647,phase_noise,31249980.1,2100000.0,3000.0,10,30460980.1,-48.60593414
1000000000.0,1146905830.5499647,phase_noise,31249980.1,2100000.0,3000.0,10,30462480.1,-48.32574081
1000000000.0,1146905830.5499647,phase_noise,31249980.1,2100000.0,3000.0,10,30463980.1,-49.33142471
1000000000.0,1146905830.5499647,phase_noise,31249980.1,2100000.0,3000.0,10,30465480.1,-49.47240448
1000000000.0,1146905830.5499647,phase_noise,31249980.1,2100000.0,3000.0,10,30466980.1,-49.26208496
1000000000.0,1146905830.5499647,phase_noise,31249980.1,2100000.0,3000.0,10,30468480.1,-49.66905975
1000000000.0,1146905830.5499647,phase_noise,31249980.1,2100000.0,3000.0,10,30469980.1,-49.59417343
1000000000.0,1146905830.5499647,phase_noise,31249980.1,2100000.0,3000.0,10,30471480.1,-50.11595917
1000000000.0,1146905830.5499647,phase_noise,31249980.1,2100000.0,3000.0,10,30472980.1,-51.13141632
1000000000.0,1146905830.5499647,phase_noise,31249980.1,2100000.0,3000.0,10,30474480.1,-51.45760345
1000000000.0,1146905830.5499647,phase_noise,31249980.1,2100000.0,3000.0,10,30475980.1,-50.25517654
1000000000.0,1146905830.5499647,phase_noise,31249980.1,2100000.0,3000.0,10,30477480.1,-48.20874023
1000000000.0,1146905830.5499647,phase_noise,31249980.1,2100000.0,3000.0,10,30478980.1,-48.16672516
1000000000.0,1146905830.5499647,phase_noise,31249980.1,2100000.0,3000.0,10,30480480.1,-50.99618912
1000000000.0,1146905830.5499647,phase_noise,31249980.1,2100000.0,3000.0,10,30481980.1,-50.44205856
1000000000.0,1146905830.5499647,phase_noise,31249980.1,2100000.0,3000.0,10,30483480.1,-48.07892609
1000000000.0,1146905830.5499647,phase_noise,31249980.1,2100000.0,3000.0,10,30484980.1,-47.83585739
1000000000.0,1146905830.5499647,phase_noise,31249980.1,2100000.0,3000.0,10,30486480.1,-48.840271
1000000000.0,1146905830.5499647,phase_noise,31249980.1,2100000.0,3000.0,10,30487980.1,-48.48827362
1000000000.0,1146905830.5499647,phase_noise,31249980.1,2100000.0,3000.0,10,30489480.1,-46.26317215
1000000000.0,1146905830.5499647,phase_noise,31249980.1,2100000.0,3000.0,10,30490980.1,-45.84718704
1000000000.0,1146905830.5499647,phase_noise,31249980.1,2100000.0,3000.0,10,30492480.1,-47.91727066
1000000000.0,1146905830.5499647,phase_noise,31249980.1,2100000.0,3000.0,10,30493980.1,-50.01131439
1000000000.0,1146905830.5499647,phase_noise,31249980.1,2100000.0,3000.0,10,30495480.1,-50.1007309
1000000000.0,1146905830.5499647,phase_noise,31249980.1,2100000.0,3000.0,10,30496980.1,-49.20155334
1000000000.0,1146905830.5499647,phase_noise,31249980.1,2100000.0,3000.0,10,30498480.1,-48.85822296
1000000000.0,1146905830.5499647,phase_noise,31249980.1,2100000.0,3000.0,10,30499980.1,-48.9910202
1000000000.0,1146905830.5499647,phase_noise,31249980.1,2100000.0,3000.0,10,30501480.1,-49.05038452
1000000000.0,1146905830.5499647,phase_noise,31249980.1,2100000.0,3000.0,10,30502980.1,-51.01531601
1000000000.0,1146905830.5499647,phase_noise,31249980.1,2100000.0,3000.0,10,30504480.1,-51.80184555
1000000000.0,1146905830.5499647,phase_noise,31249980.1,2100000.0,3000.0,10,30505980.1,-48.86186218
1000000000.0,1146905830.5499647,phase_noise,31249980.1,2100000.0,3000.0,10,30507480.1,-47.91218948
1000000000.0,1146905830.5499647,phase_noise,31249980.1,2100000.0,3000.0,10,30508980.1,-48.88037491
1000000000.0,1146905830.5499647,phase_noise,31249980.1,2100000.0,3000.0,10,30510480.1,-48.77973938
1000000000.0,1146905830.5499647,phase_noise,31249980.1,2100000.0,3000.0,10,30511980.1,-48.6634407
1000000000.0,1146905830.5499647,phase_noise,31249980.1,2100000.0,3000.0,10,30513480.1,-47.6374321
1000000000.0,1146905830.5499647,phase_noise,31249980.1,2100000.0,3000.0,10,30514980.1,-46.47156525
1000000000.0,1146905830.5499647,phase_noise,31249980.1,2100000.0,3000.0,10,30516480.1,-46.99681854
1000000000.0,1146905830.5499647,phase_noise,31249980.1,2100000.0,3000.0,10,30517980.1,-49.01403427
1000000000.0,1146905830.5499647,phase_noise,31249980.1,2100000.0,3000.0,10,30519480.1,-50.10157013
1000000000.0,1146905830.5499647,phase_noise,31249980.1,2100000.0,3000.0,10,30520980.1,-49.02159119
1000000000.0,1146905830.5499647,phase_noise,31249980.1,2100000.0,3000.0,10,30522480.1,-49.08195496
1000000000.0,1146905830.5499647,phase_noise,31249980.1,2100000.0,3000.0,10,30523980.1,-50.28884125
1000000000.0,1146905830.5499647,phase_noise,31249980.1,2100000.0,3000.0,10,30525480.1,-48.99063492
1000000000.0,1146905830.5499647,phase_noise,31249980.1,2100000.0,3000.0,10,30526980.1,-48.25617218
1000000000.0,1146905830.5499647,phase_noise,31249980.1,2100000.0,3000.0,10,30528480.1,-48.8373909
1000000000.0,1146905830.5499647,phase_noise,31249980.1,2100000.0,3000.0,10,30529980.1,-45.45214081
1000000000.0,1146905830.5499647,phase_noise,31249980.1,2100000.0,3000.0,10,30531480.1,-36.42490387
1000000000.0,1146905830.5499647,phase_noise,31249980.1,2100000.0,3000.0,10,30532980.1,-31.42333221
1000000000.0,1146905830.5499647,phase_noise,31249980.1,2100000.0,3000.0,10,30534480.1,-31.77550697
1000000000.0,1146905830.5499647,phase_noise,31249980.1,2100000.0,3000.0,10,30535980.1,-37.57040405
1000000000.0,1146905830.5499647,phase_noise,31249980.1,2100000.0,3000.0,10,30537480.1,-46.45200729
1000000000.0,1146905830.5499647,phase_noise,31249980.1,2100000.0,3000.0,10,30538980.1,-48.48808289
1000000000.0,1146905830.5499647,phase_noise,31249980.1,2100000.0,3000.0,10,30540480.1,-46.51010513
1000000000.0,1146905830.5499647,phase_noise,31249980.1,2100000.0,3000.0,10,30541980.1,-38.49459076
1000000000.0,1146905830.5499647,phase_noise,31249980.1,2100000.0,3000.0,10,30543480.1,-33.23816299
1000000000.0,1146905830.5499647,phase_noise,31249980.1,2100000.0,3000.0,10,30544980.1,-32.93280029
1000000000.0,1146905830.5499647,phase_noise,31249980.1,2100000.0,3000.0,10,30546480.1,-37.39937973
1000000000.0,1146905830.5499647,phase_noise,31249980.1,2100000.0,3000.0,10,30547980.1,-44.95663452
1000000000.0,1146905830.5499647,phase_noise,31249980.1,2100000.0,3000.0,10,30549480.1,-46.66828537
1000000000.0,1146905830.5499647,phase_noise,31249980.1,2100000.0,3000.0,10,30550980.1,-46.88314056
1000000000.0,1146905830.5499647,phase_noise,31249980.1,2100000.0,3000.0,10,30552480.1,-46.45271683
1000000000.0,1146905830.5499647,phase_noise,31249980.1,2100000.0,3000.0,10,30553980.1,-43.20052719
1000000000.0,1146905830.5499647,phase_noise,31249980.1,2100000.0,3000.0,10,30555480.1,-39.32176208
1000000000.0,1146905830.5499647,phase_noise,31249980.1,2100000.0,3000.0,10,30556980.1,-39.33430862
1000000000.0,1146905830.5499647,phase_noise,31249980.1,2100000.0,3000.0,10,30558480.1,-42.87127304
1000000000.0,1146905830.5499647,phase_noise,31249980.1,2100000.0,3000.0,10,30559980.1,-45.17809677
1000000000.0,1146905830.5499647,phase_noise,31249980.1,2100000.0,3000.0,10,30561480.1,-45.72304916
1000000000.0,1146905830.5499647,phase_noise,31249980.1,2100000.0,3000.0,10,30562980.1,-45.60999298
1000000000.0,1146905830.5499647,phase_noise,31249980.1,2100000.0,3000.0,10,30564480.1,-45.73506165
1000000000.0,1146905830.5499647,phase_noise,31249980.1,2100000.0,3000.0,10,30565980.1,-46.5733757
1000000000.0,1146905830.5499647,phase_noise,31249980.1,2100000.0,3000.0,10,30567480.1,-46.73619843
1000000000.0,1146905830.5499647,phase_noise,31249980.1,2100000.0,3000.0,10,30568980.1,-46.01993179
1000000000.0,1146905830.5499647,phase_noise,31249980.1,2100000.0,3000.0,10,30570480.1,-47.12626266
1000000000.0,1146905830.5499647,phase_noise,31249980.1,2100000.0,3000.0,10,30571980.1,-47.47916031
1000000000.0,1146905830.5499647,phase_noise,31249980.1,2100000.0,3000.0,10,30573480.1,-45.4286499
1000000000.0,1146905830.5499647,phase_noise,31249980.1,2100000.0,3000.0,10,30574980.1,-45.38650894
1000000000.0,1146905830.5499647,phase_noise,31249980.1,2100000.0,3000.0,10,30576480.1,-46.61207581
1000000000.0,1146905830.5499647,phase_noise,31249980.1,2100000.0,3000.0,10,30577980.1,-47.06964111
1000000000.0,1146905830.5499647,phase_noise,31249980.1,2100000.0,3000.0,10,30579480.1,-47.61713791
1000000000.0,1146905830.5499647,phase_noise,31249980.1,2100000.0,3000.0,10,30580980.1,-47.57112503
1000000000.0,1146905830.5499647,phase_noise,31249980.1,2100000.0,3000.0,10,30582480.1,-48.49366379
1000000000.0,1146905830.5499647,phase_noise,31249980.1,2100000.0,3000.0,10,30583980.1,-50.05711746
1000000000.0,1146905830.5499647,phase_noise,31249980.1,2100000.0,3000.0,10,30585480.1,-49.83626175
1000000000.0,1146905830.5499647,phase_noise,31249980.1,2100000.0,3000.0,10,30586980.1,-49.28817368
1000000000.0,1146905830.5499647,phase_noise,31249980.1,2100000.0,3000.0,10,30588480.1,-49.36575699
1000000000.0,1146905830.5499647,phase_noise,31249980.1,2100000.0,3000.0,10,30589980.1,-49.44868851
1000000000.0,1146905830.5499647,phase_noise,31249980.1,2100000.0,3000.0,10,30591480.1,-48.55371857
1000000000.0,1146905830.5499647,phase_noise,31249980.1,2100000.0,3000.0,10,30592980.1,-49.13243866
1000000000.0,1146905830.5499647,phase_noise,31249980.1,2100000.0,3000.0,10,30594480.1,-48.82826233
1000000000.0,1146905830.5499647,phase_noise,31249980.1,2100000.0,3000.0,10,30595980.1,-49.70901108
1000000000.0,1146905830.5499647,phase_noise,31249980.1,2100000.0,3000.0,10,30597480.1,-50.65428925
1000000000.0,1146905830.5499647,phase_noise,31249980.1,2100000.0,3000.0,10,30598980.1,-49.26825333
1000000000.0,1146905830.5499647,phase_noise,31249980.1,2100000.0,3000.0,10,30600480.1,-47.61064148
1000000000.0,1146905830.5499647,phase_noise,31249980.1,2100000.0,3000.0,10,30601980.1,-46.83524323
1000000000.0,1146905830.5499647,phase_noise,31249980.1,2100000.0,3000.0,10,30603480.1,-47.32108688
1000000000.0,1146905830.5499647,phase_noise,31249980.1,2100000.0,3000.0,10,30604980.1,-47.76493454
1000000000.0,1146905830.5499647,phase_noise,31249980.1,2100000.0,3000.0,10,30606480.1,-46.28233719
1000000000.0,1146905830.5499647,phase_noise,31249980.1,2100000.0,3000.0,10,30607980.1,-44.02483749
1000000000.0,1146905830.5499647,phase_noise,31249980.1,2100000.0,3000.0,10,30609480.1,-42.90914917
1000000000.0,1146905830.5499647,phase_noise,31249980.1,2100000.0,3000.0,10,30610980.1,-43.74899673
1000000000.0,1146905830.5499647,phase_noise,31249980.1,2100000.0,3000.0,10,30612480.1,-45.26773453
1000000000.0,1146905830.5499647,phase_noise,31249980.1,2100000.0,3000.0,10,30613980.1,-46.55392075
1000000000.0,1146905830.5499647,phase_noise,31249980.1,2100000.0,3000.0,10,30615480.1,-46.14514542
1000000000.0,1146905830.5499647,phase_noise,31249980.1,2100000.0,3000.0,10,30616980.1,-44.92316437
1000000000.0,1146905830.5499647,phase_noise,31249980.1,2100000.0,3000.0,10,30618480.1,-45.38713455
1000000000.0,1146905830.5499647,phase_noise,31249980.1,2100000.0,3000.0,10,30619980.1,-45.24777603
1000000000.0,1146905830.5499647,phase_noise,31249980.1,2100000.0,3000.0,10,30621480.1,-45.46110916
1000000000.0,1146905830.5499647,phase_noise,31249980.1,2100000.0,3000.0,10,30622980.1,-46.00794601
1000000000.0,1146905830.5499647,phase_noise,31249980.1,2100000.0,3000.0,10,30624480.1,-44.34870148
1000000000.0,1146905830.5499647,phase_noise,31249980.1,2100000.0,3000.0,10,30625980.1,-43.7214241
1000000000.0,1146905830.5499647,phase_noise,31249980.1,2100000.0,3000.0,10,30627480.1,-44.86709976
1000000000.0,1146905830.5499647,phase_noise,31249980.1,2100000.0,3000.0,10,30628980.1,-46.80506897
1000000000.0,1146905830.5499647,phase_noise,31249980.1,2100000.0,3000.0,10,30630480.1,-47.70518494
1000000000.0,1146905830.5499647,phase_noise,31249980.1,2100000.0,3000.0,10,30631980.1,-48.21107864
1000000000.0,1146905830.5499647,phase_noise,31249980.1,2100000.0,3000.0,10,30633480.1,-49.29003143
1000000000.0,1146905830.5499647,phase_noise,31249980.1,2100000.0,3000.0,10,30634980.1,-49.85381699
1000000000.0,1146905830.5499647,phase_noise,31249980.1,2100000.0,3000.0,10,30636480.1,-48.61828613
1000000000.0,1146905830.5499647,phase_noise,31249980.1,2100000.0,3000.0,10,30637980.1,-48.28493118
1000000000.0,1146905830.5499647,phase_noise,31249980.1,2100000.0,3000.0,10,30639480.1,-49.57640457
1000000000.0,1146905830.5499647,phase_noise,31249980.1,2100000.0,3000.0,10,30640980.1,-49.55919647
1000000000.0,1146905830.5499647,phase_noise,31249980.1,2100000.0,3000.0,10,30642480.1,-46.79871368
1000000000.0,1146905830.5499647,phase_noise,31249980.1,2100000.0,3000.0,10,30643980.1,-44.7682457
1000000000.0,1146905830.5499647,phase_noise,31249980.1,2100000.0,3000.0,10,30645480.1,-45.25623703
1000000000.0,1146905830.5499647,phase_noise,31249980.1,2100000.0,3000.0,10,30646980.1,-47.28321075
1000000000.0,1146905830.5499647,phase_noise,31249980.1,2100000.0,3000.0,10,30648480.1,-49.47404099
1000000000.0,1146905830.5499647,phase_noise,31249980.1,2100000.0,3000.0,10,30649980.1,-51.61500931
1000000000.0,1146905830.5499647,phase_noise,31249980.1,2100000.0,3000.0,10,30651480.1,-52.01750183
1000000000.0,1146905830.5499647,phase_noise,31249980.1,2100000.0,3000.0,10,30652980.1,-50.14274216
1000000000.0,1146905830.5499647,phase_noise,31249980.1,2100000.0,3000.0,10,30654480.1,-49.33808136
1000000000.0,1146905830.5499647,phase_noise,31249980.1,2100000.0,3000.0,10,30655980.1,-50.58821869
1000000000.0,1146905830.5499647,phase_noise,31249980.1,2100000.0,3000.0,10,30657480.1,-51.75837708
1000000000.0,1146905830.5499647,phase_noise,31249980.1,2100000.0,3000.0,10,30658980.1,-50.16711426
1000000000.0,1146905830.5499647,phase_noise,31249980.1,2100000.0,3000.0,10,30660480.1,-49.6194725
1000000000.0,1146905830.5499647,phase_noise,31249980.1,2100000.0,3000.0,10,30661980.1,-49.91444397
1000000000.0,1146905830.5499647,phase_noise,31249980.1,2100000.0,3000.0,10,30663480.1,-49.99480057
1000000000.0,1146905830.5499647,phase_noise,31249980.1,2100000.0,3000.0,10,30664980.1,-50.652771
1000000000.0,1146905830.5499647,phase_noise,31249980.1,2100000.0,3000.0,10,30666480.1,-51.78727341
1000000000.0,1146905830.5499647,phase_noise,31249980.1,2100000.0,3000.0,10,30667980.1,-51.54152679
1000000000.0,1146905830.5499647,phase_noise,31249980.1,2100000.0,3000.0,10,30669480.1,-50.35225677
1000000000.0,1146905830.5499647,phase_noise,31249980.1,2100000.0,3000.0,10,30670980.1,-49.52137756
1000000000.0,1146905830.5499647,phase_noise,31249980.1,2100000.0,3000.0,10,30672480.1,-49.79078674
1000000000.0,1146905830.5499647,phase_noise,31249980.1,2100000.0,3000.0,10,30673980.1,-51.1556015
1000000000.0,1146905830.5499647,phase_noise,31249980.1,2100000.0,3000.0,10,30675480.1,-50.49861908
1000000000.0,1146905830.5499647,phase_noise,31249980.1,2100000.0,3000.0,10,30676980.1,-48.50682831
1000000000.0,1146905830.5499647,phase_noise,31249980.1,2100000.0,3000.0,10,30678480.1,-48.62300873
1000000000.0,1146905830.5499647,phase_noise,31249980.1,2100000.0,3000.0,10,30679980.1,-50.34214783
1000000000.0,1146905830.5499647,phase_noise,31249980.1,2100000.0,3000.0,10,30681480.1,-50.02952957
1000000000.0,1146905830.5499647,phase_noise,31249980.1,2100000.0,3000.0,10,30682980.1,-48.06668854
1000000000.0,1146905830.5499647,phase_noise,31249980.1,2100000.0,3000.0,10,30684480.1,-48.80519104
1000000000.0,1146905830.5499647,phase_noise,31249980.1,2100000.0,3000.0,10,30685980.1,-51.58659744
1000000000.0,1146905830.5499647,phase_noise,31249980.1,2100000.0,3000.0,10,30687480.1,-52.30884933
1000000000.0,1146905830.5499647,phase_noise,31249980.1,2100000.0,3000.0,10,30688980.1,-52.53366852
1000000000.0,1146905830.5499647,phase_noise,31249980.1,2100000.0,3000.0,10,30690480.1,-52.59566116
1000000000.0,1146905830.5499647,phase_noise,31249980.1,2100000.0,3000.0,10,30691980.1,-51.37270737
1000000000.0,1146905830.5499647,phase_noise,31249980.1,2100000.0,3000.0,10,30693480.1,-49.47142029
1000000000.0,1146905830.5499647,phase_noise,31249980.1,2100000.0,3000.0,10,30694980.1,-49.2210083
1000000000.0,1146905830.5499647,phase_noise,31249980.1,2100000.0,3000.0,10,30696480.1,-50.11407089
1000000000.0,1146905830.5499647,phase_noise,31249980.1,2100000.0,3000.0,10,30697980.1,-50.51180649
1000000000.0,1146905830.5499647,phase_noise,31249980.1,2100000.0,3000.0,10,30699480.1,-50.61013412
1000000000.0,1146905830.5499647,phase_noise,31249980.1,2100000.0,3000.0,10,30700980.1,-50.98320389
1000000000.0,1146905830.5499647,phase_noise,31249980.1,2100000.0,3000.0,10,30702480.1,-52.89895248
1000000000.0,1146905830.5499647,phase_noise,31249980.1,2100000.0,3000.0,10,30703980.1,-55.90005112
1000000000.0,1146905830.5499647,phase_noise,31249980.1,2100000.0,3000.0,10,30705480.1,-55.76362991
1000000000.0,1146905830.5499647,phase_noise,31249980.1,2100000.0,3000.0,10,30706980.1,-53.24876404
1000000000.0,1146905830.5499647,phase_noise,31249980.1,2100000.0,3000.0,10,30708480.1,-52.69361877
1000000000.0,1146905830.5499647,phase_noise,31249980.1,2100000.0,3000.0,10,30709980.1,-51.30052948
1000000000.0,1146905830.5499647,phase_noise,31249980.1,2100000.0,3000.0,10,30711480.1,-46.48220825
1000000000.0,1146905830.5499647,phase_noise,31249980.1,2100000.0,3000.0,10,30712980.1,-45.14433289
1000000000.0,1146905830.5499647,phase_noise,31249980.1,2100000.0,3000.0,10,30714480.1,-48.53717804
1000000000.0,1146905830.5499647,phase_noise,31249980.1,2100000.0,3000.0,10,30715980.1,-53.08826065
1000000000.0,1146905830.5499647,phase_noise,31249980.1,2100000.0,3000.0,10,30717480.1,-52.44507599
1000000000.0,1146905830.5499647,phase_noise,31249980.1,2100000.0,3000.0,10,30718980.1,-52.83078766
1000000000.0,1146905830.5499647,phase_noise,31249980.1,2100000.0,3000.0,10,30720480.1,-54.05376053
1000000000.0,1146905830.5499647,phase_noise,31249980.1,2100000.0,3000.0,10,30721980.1,-55.57538223
1000000000.0,1146905830.5499647,phase_noise,31249980.1,2100000.0,3000.0,10,30723480.1,-57.56291962
1000000000.0,1146905830.5499647,phase_noise,31249980.1,2100000.0,3000.0,10,30724980.1,-54.66047668
1000000000.0,1146905830.5499647,phase_noise,31249980.1,2100000.0,3000.0,10,30726480.1,-53.42373276
1000000000.0,1146905830.5499647,phase_noise,31249980.1,2100000.0,3000.0,10,30727980.1,-54.81072998
1000000000.0,1146905830.5499647,phase_noise,31249980.1,2100000.0,3000.0,10,30729480.1,-54.15538406
1000000000.0,1146905830.5499647,phase_noise,31249980.1,2100000.0,3000.0,10,30730980.1,-52.6452713
1000000000.0,1146905830.5499647,phase_noise,31249980.1,2100000.0,3000.0,10,30732480.1,-52.94867706
1000000000.0,1146905830.5499647,phase_noise,31249980.1,2100000.0,3000.0,10,30733980.1,-56.0941391
1000000000.0,1146905830.5499647,phase_noise,31249980.1,2100000.0,3000.0,10,30735480.1,-57.31017303
1000000000.0,1146905830.5499647,phase_noise,31249980.1,2100000.0,3000.0,10,30736980.1,-55.96271133
1000000000.0,1146905830.5499647,phase_noise,31249980.1,2100000.0,3000.0,10,30738480.1,-54.41160202
1000000000.0,1146905830.5499647,phase_noise,31249980.1,2100000.0,3000.0,10,30739980.1,-53.41674805
1000000000.0,1146905830.5499647,phase_noise,31249980.1,2100000.0,3000.0,10,30741480.1,-52.859478
1000000000.0,1146905830.5499647,phase_noise,31249980.1,2100000.0,3000.0,10,30742980.1,-51.66033554
1000000000.0,1146905830.5499647,phase_noise,31249980.1,2100000.0,3000.0,10,30744480.1,-51.53224182
1000000000.0,1146905830.5499647,phase_noise,31249980.1,2100000.0,3000.0,10,30745980.1,-52.90259933
1000000000.0,1146905830.5499647,phase_noise,31249980.1,2100000.0,3000.0,10,30747480.1,-53.43858337
1000000000.0,1146905830.5499647,phase_noise,31249980.1,2100000.0,3000.0,10,30748980.1,-53.23866272
1000000000.0,1146905830.5499647,phase_noise,31249980.1,2100000.0,3000.0,10,30750480.1,-54.49507523
1000000000.0,1146905830.5499647,phase_noise,31249980.1,2100000.0,3000.0,10,30751980.1,-56.10960388
1000000000.0,1146905830.5499647,phase_noise,31249980.1,2100000.0,3000.0,10,30753480.1,-54.46360016
1000000000.0,1146905830.5499647,phase_noise,31249980.1,2100000.0,3000.0,10,30754980.1,-53.06160355
1000000000.0,1146905830.5499647,phase_noise,31249980.1,2100000.0,3000.0,10,30756480.1,-52.55851746
1000000000.0,1146905830.5499647,phase_noise,31249980.1,2100000.0,3000.0,10,30757980.1,-53.257164
1000000000.0,1146905830.5499647,phase_noise,31249980.1,2100000.0,3000.0,10,30759480.1,-55.08312225
1000000000.0,1146905830.5499647,phase_noise,31249980.1,2100000.0,3000.0,10,30760980.1,-55.98783112
1000000000.0,1146905830.5499647,phase_noise,31249980.1,2100000.0,3000.0,10,30762480.1,-55.84199905
1000000000.0,1146905830.5499647,phase_noise,31249980.1,2100000.0,3000.0,10,30763980.1,-54.53845978
1000000000.0,1146905830.5499647,phase_noise,31249980.1,2100000.0,3000.0,10,30765480.1,-52.22102737
1000000000.0,1146905830.5499647,phase_noise,31249980.1,2100000.0,3000.0,10,30766980.1,-50.79905319
1000000000.0,1146905830.5499647,phase_noise,31249980.1,2100000.0,3000.0,10,30768480.1,-51.7294426
1000000000.0,1146905830.5499647,phase_noise,31249980.1,2100000.0,3000.0,10,30769980.1,-53.44479752
1000000000.0,1146905830.5499647,phase_noise,31249980.1,2100000.0,3000.0,10,30771480.1,-53.89896774
1000000000.0,1146905830.5499647,phase_noise,31249980.1,2100000.0,3000.0,10,30772980.1,-54.57284546
1000000000.0,1146905830.5499647,phase_noise,31249980.1,2100000.0,3000.0,10,30774480.1,-53.81381607
1000000000.0,1146905830.5499647,phase_noise,31249980.1,2100000.0,3000.0,10,30775980.1,-52.68943787
1000000000.0,1146905830.5499647,phase_noise,31249980.1,2100000.0,3000.0,10,30777480.1,-52.97198868
1000000000.0,1146905830.5499647,phase_noise,31249980.1,2100000.0,3000.0,10,30778980.1,-54.08528137
1000000000.0,1146905830.5499647,phase_noise,31249980.1,2100000.0,3000.0,10,30780480.1,-54.26618958
1000000000.0,1146905830.5499647,phase_noise,31249980.1,2100000.0,3000.0,10,30781980.1,-54.16179276
1000000000.0,1146905830.5499647,phase_noise,31249980.1,2100000.0,3000.0,10,30783480.1,-52.78438568
1000000000.0,1146905830.5499647,phase_noise,31249980.1,2100000.0,3000.0,10,30784980.1,-51.26707458
1000000000.0,1146905830.5499647,phase_noise,31249980.1,2100000.0,3000.0,10,30786480.1,-51.62707138
1000000000.0,1146905830.5499647,phase_noise,31249980.1,2100000.0,3000.0,10,30787980.1,-53.0211792
1000000000.0,1146905830.5499647,phase_noise,31249980.1,2100000.0,3000.0,10,30789480.1,-53.66122437
1000000000.0,1146905830.5499647,phase_noise,31249980.1,2100000.0,3000.0,10,30790980.1,-52.4587059
1000000000.0,1146905830.5499647,phase_noise,31249980.1,2100000.0,3000.0,10,30792480.1,-52.18174744
1000000000.0,1146905830.5499647,phase_noise,31249980.1,2100000.0,3000.0,10,30793980.1,-53.28718567
1000000000.0,1146905830.5499647,phase_noise,31249980.1,2100000.0,3000.0,10,30795480.1,-54.59537125
1000000000.0,1146905830.5499647,phase_noise,31249980.1,2100000.0,3000.0,10,30796980.1,-55.17528915
1000000000.0,1146905830.5499647,phase_noise,31249980.1,2100000.0,3000.0,10,30798480.1,-56.05053711
1000000000.0,1146905830.5499647,phase_noise,31249980.1,2100000.0,3000.0,10,30799980.1,-54.61027145
1000000000.0,1146905830.5499647,phase_noise,31249980.1,2100000.0,3000.0,10,30801480.1,-54.51094818
1000000000.0,1146905830.5499647,phase_noise,31249980.1,2100000.0,3000.0,10,30802980.1,-55.55423737
1000000000.0,1146905830.5499647,phase_noise,31249980.1,2100000.0,3000.0,10,30804480.1,-56.03554916
1000000000.0,1146905830.5499647,phase_noise,31249980.1,2100000.0,3000.0,10,30805980.1,-57.0653801
1000000000.0,1146905830.5499647,phase_noise,31249980.1,2100000.0,3000.0,10,30807480.1,-56.45970917
1000000000.0,1146905830.5499647,phase_noise,31249980.1,2100000.0,3000.0,10,30808980.1,-54.76963043
1000000000.0,1146905830.5499647,phase_noise,31249980.1,2100000.0,3000.0,10,30810480.1,-54.81666183
1000000000.0,1146905830.5499647,phase_noise,31249980.1,2100000.0,3000.0,10,30811980.1,-56.4709053
1000000000.0,1146905830.5499647,phase_noise,31249980.1,2100000.0,3000.0,10,30813480.1,-57.27931595
1000000000.0,1146905830.5499647,phase_noise,31249980.1,2100000.0,3000.0,10,30814980.1,-56.57477188
1000000000.0,1146905830.5499647,phase_noise,31249980.1,2100000.0,3000.0,10,30816480.1,-56.58373642
1000000000.0,1146905830.5499647,phase_noise,31249980.1,2100000.0,3000.0,10,30817980.1,-55.66249847
1000000000.0,1146905830.5499647,phase_noise,31249980.1,2100000.0,3000.0,10,30819480.1,-55.35312653
1000000000.0,1146905830.5499647,phase_noise,31249980.1,2100000.0,3000.0,10,30820980.1,-56.11943436
1000000000.0,1146905830.5499647,phase_noise,31249980.1,2100000.0,3000.0,10,30822480.1,-55.98512268
1000000000.0,1146905830.5499647,phase_noise,31249980.1,2100000.0,3000.0,10,30823980.1,-55.83623886
1000000000.0,1146905830.5499647,phase_noise,31249980.1,2100000.0,3000.0,10,30825480.1,-56.59504318
1000000000.0,1146905830.5499647,phase_noise,31249980.1,2100000.0,3000.0,10,30826980.1,-58.21969986
1000000000.0,1146905830.5499647,phase_noise,31249980.1,2100000.0,3000.0,10,30828480.1,-58.99818802
1000000000.0,1146905830.5499647,phase_noise,31249980.1,2100000.0,3000.0,10,30829980.1,-57.68967056
1000000000.0,1146905830.5499647,phase_noise,31249980.1,2100000.0,3000.0,10,30831480.1,-55.2577858
1000000000.0,1146905830.5499647,phase_noise,31249980.1,2100000.0,3000.0,10,30832980.1,-54.84107208
1000000000.0,1146905830.5499647,phase_noise,31249980.1,2100000.0,3000.0,10,30834480.1,-56.20565796
1000000000.0,1146905830.5499647,phase_noise,31249980.1,2100000.0,3000.0,10,30835980.1,-57.24263
1000000000.0,1146905830.5499647,phase_noise,31249980.1,2100000.0,3000.0,10,30837480.1,-57.30904007
1000000000.0,1146905830.5499647,phase_noise,31249980.1,2100000.0,3000.0,10,30838980.1,-57.40378571
1000000000.0,1146905830.5499647,phase_noise,31249980.1,2100000.0,3000.0,10,30840480.1,-57.97292709
1000000000.0,1146905830.5499647,phase_noise,31249980.1,2100000.0,3000.0,10,30841980.1,-58.97585297
1000000000.0,1146905830.5499647,phase_noise,31249980.1,2100000.0,3000.0,10,30843480.1,-60.12386322
1000000000.0,1146905830.5499647,phase_noise,31249980.1,2100000.0,3000.0,10,30844980.1,-59.40305328
1000000000.0,1146905830.5499647,phase_noise,31249980.1,2100000.0,3000.0,10,30846480.1,-59.05587387
1000000000.0,1146905830.5499647,phase_noise,31249980.1,2100000.0,3000.0,10,30847980.1,-60.36052704
1000000000.0,1146905830.5499647,phase_noise,31249980.1,2100000.0,3000.0,10,30849480.1,-60.33203888
1000000000.0,1146905830.5499647,phase_noise,31249980.1,2100000.0,3000.0,10,30850980.1,-58.71191025
1000000000.0,1146905830.5499647,phase_noise,31249980.1,2100000.0,3000.0,10,30852480.1,-58.02361679
1000000000.0,1146905830.5499647,phase_noise,31249980.1,2100000.0,3000.0,10,30853980.1,-58.84350586
1000000000.0,1146905830.5499647,phase_noise,31249980.1,2100000.0,3000.0,10,30855480.1,-59.08286667
1000000000.0,1146905830.5499647,phase_noise,31249980.1,2100000.0,3000.0,10,30856980.1,-57.89449692
1000000000.0,1146905830.5499647,phase_noise,31249980.1,2100000.0,3000.0,10,30858480.1,-57.49422455
1000000000.0,1146905830.5499647,phase_noise,31249980.1,2100000.0,3000.0,10,30859980.1,-57.5976181
1000000000.0,1146905830.5499647,phase_noise,31249980.1,2100000.0,3000.0,10,30861480.1,-57.34285355
1000000000.0,1146905830.5499647,phase_noise,31249980.1,2100000.0,3000.0,10,30862980.1,-57.68387222
1000000000.0,1146905830.5499647,phase_noise,31249980.1,2100000.0,3000.0,10,30864480.1,-57.92428589
1000000000.0,1146905830.5499647,phase_noise,31249980.1,2100000.0,3000.0,10,30865980.1,-57.14821243
1000000000.0,1146905830.5499647,phase_noise,31249980.1,2100000.0,3000.0,10,30867480.1,-56.23308563
1000000000.0,1146905830.5499647,phase_noise,31249980.1,2100000.0,3000.0,10,30868980.1,-56.40143204
1000000000.0,1146905830.5499647,phase_noise,31249980.1,2100000.0,3000.0,10,30870480.1,-57.57382584
1000000000.0,1146905830.5499647,phase_noise,31249980.1,2100000.0,3000.0,10,30871980.1,-58.28581238
1000000000.0,1146905830.5499647,phase_noise,31249980.1,2100000.0,3000.0,10,30873480.1,-58.21600342
1000000000.0,1146905830.5499647,phase_noise,31249980.1,2100000.0,3000.0,10,30874980.1,-59.09608078
1000000000.0,1146905830.5499647,phase_noise,31249980.1,2100000.0,3000.0,10,30876480.1,-59.5595665
1000000000.0,1146905830.5499647,phase_noise,31249980.1,2100000.0,3000.0,10,30877980.1,-57.65845871
1000000000.0,1146905830.5499647,phase_noise,31249980.1,2100000.0,3000.0,10,30879480.1,-54.50030136
1000000000.0,1146905830.5499647,phase_noise,31249980.1,2100000.0,3000.0,10,30880980.1,-52.51511383
1000000000.0,1146905830.5499647,phase_noise,31249980.1,2100000.0,3000.0,10,30882480.1,-52.70543289
1000000000.0,1146905830.5499647,phase_noise,31249980.1,2100000.0,3000.0,10,30883980.1,-54.17219925
1000000000.0,1146905830.5499647,phase_noise,31249980.1,2100000.0,3000.0,10,30885480.1,-56.27112198
1000000000.0,1146905830.5499647,phase_noise,31249980.1,2100000.0,3000.0,10,30886980.1,-57.872612
1000000000.0,1146905830.5499647,phase_noise,31249980.1,2100000.0,3000.0,10,30888480.1,-57.05513382
1000000000.0,1146905830.5499647,phase_noise,31249980.1,2100000.0,3000.0,10,30889980.1,-50.62308502
1000000000.0,1146905830.5499647,phase_noise,31249980.1,2100000.0,3000.0,10,30891480.1,-46.81991959
1000000000.0,1146905830.5499647,phase_noise,31249980.1,2100000.0,3000.0,10,30892980.1,-47.69709015
1000000000.0,1146905830.5499647,phase_noise,31249980.1,2100000.0,3000.0,10,30894480.1,-50.40548325
1000000000.0,1146905830.5499647,phase_noise,31249980.1,2100000.0,3000.0,10,30895980.1,-47.44839478
1000000000.0,1146905830.5499647,phase_noise,31249980.1,2100000.0,3000.0,10,30897480.1,-46.88373947
1000000000.0,1146905830.5499647,phase_noise,31249980.1,2100000.0,3000.0,10,30898980.1,-51.52697754
1000000000.0,1146905830.5499647,phase_noise,31249980.1,2100000.0,3000.0,10,30900480.1,-57.93166351
1000000000.0,1146905830.5499647,phase_noise,31249980.1,2100000.0,3000.0,10,30901980.1,-57.60031891
1000000000.0,1146905830.5499647,phase_noise,31249980.1,2100000.0,3000.0,10,30903480.1,-57.18112183
1000000000.0,1146905830.5499647,phase_noise,31249980.1,2100000.0,3000.0,10,30904980.1,-58.93494797
1000000000.0,1146905830.5499647,phase_noise,31249980.1,2100000.0,3000.0,10,30906480.1,-57.62314987
1000000000.0,1146905830.5499647,phase_noise,31249980.1,2100000.0,3000.0,10,30907980.1,-54.97401047
1000000000.0,1146905830.5499647,phase_noise,31249980.1,2100000.0,3000.0,10,30909480.1,-54.70586014
1000000000.0,1146905830.5499647,phase_noise,31249980.1,2100000.0,3000.0,10,30910980.1,-54.97524261
1000000000.0,1146905830.5499647,phase_noise,31249980.1,2100000.0,3000.0,10,30912480.1,-53.75750732
1000000000.0,1146905830.5499647,phase_noise,31249980.1,2100000.0,3000.0,10,30913980.1,-54.51860046
1000000000.0,1146905830.5499647,phase_noise,31249980.1,2100000.0,3000.0,10,30915480.1,-57.59560013
1000000000.0,1146905830.5499647,phase_noise,31249980.1,2100000.0,3000.0,10,30916980.1,-59.62439346
1000000000.0,1146905830.5499647,phase_noise,31249980.1,2100000.0,3000.0,10,30918480.1,-59.036026
1000000000.0,1146905830.5499647,phase_noise,31249980.1,2100000.0,3000.0,10,30919980.1,-58.03095245
1000000000.0,1146905830.5499647,phase_noise,31249980.1,2100000.0,3000.0,10,30921480.1,-57.17252731
1000000000.0,1146905830.5499647,phase_noise,31249980.1,2100000.0,3000.0,10,30922980.1,-57.1067543
1000000000.0,1146905830.5499647,phase_noise,31249980.1,2100000.0,3000.0,10,30924480.1,-57.58846664
1000000000.0,1146905830.5499647,phase_noise,31249980.1,2100000.0,3000.0,10,30925980.1,-58.6877594
1000000000.0,1146905830.5499647,phase_noise,31249980.1,2100000.0,3000.0,10,30927480.1,-58.74974442
1000000000.0,1146905830.5499647,phase_noise,31249980.1,2100000.0,3000.0,10,30928980.1,-57.57728958
1000000000.0,1146905830.5499647,phase_noise,31249980.1,2100000.0,3000.0,10,30930480.1,-57.66236115
1000000000.0,1146905830.5499647,phase_noise,31249980.1,2100000.0,3000.0,10,30931980.1,-59.15322876
1000000000.0,1146905830.5499647,phase_noise,31249980.1,2100000.0,3000.0,10,30933480.1,-58.42525864
1000000000.0,1146905830.5499647,phase_noise,31249980.1,2100000.0,3000.0,10,30934980.1,-57.04195023
1000000000.0,1146905830.5499647,phase_noise,31249980.1,2100000.0,3000.0,10,30936480.1,-56.59018326
1000000000.0,1146905830.5499647,phase_noise,31249980.1,2100000.0,3000.0,10,30937980.1,-57.37789536
1000000000.0,1146905830.5499647,phase_noise,31249980.1,2100000.0,3000.0,10,30939480.1,-58.29441452
1000000000.0,1146905830.5499647,phase_noise,31249980.1,2100000.0,3000.0,10,30940980.1,-58.61156082
1000000000.0,1146905830.5499647,phase_noise,31249980.1,2100000.0,3000.0,10,30942480.1,-60.1848259
1000000000.0,1146905830.5499647,phase_noise,31249980.1,2100000.0,3000.0,10,30943980.1,-62.01257324
1000000000.0,1146905830.5499647,phase_noise,31249980.1,2100000.0,3000.0,10,30945480.1,-60.23330688
1000000000.0,1146905830.5499647,phase_noise,31249980.1,2100000.0,3000.0,10,30946980.1,-59.76620865
1000000000.0,1146905830.5499647,phase_noise,31249980.1,2100000.0,3000.0,10,30948480.1,-61.50155258
1000000000.0,1146905830.5499647,phase_noise,31249980.1,2100000.0,3000.0,10,30949980.1,-61.27243805
1000000000.0,1146905830.5499647,phase_noise,31249980.1,2100000.0,3000.0,10,30951480.1,-60.30527115
1000000000.0,1146905830.5499647,phase_noise,31249980.1,2100000.0,3000.0,10,30952980.1,-60.67705154
1000000000.0,1146905830.5499647,phase_noise,31249980.1,2100000.0,3000.0,10,30954480.1,-61.54102707
1000000000.0,1146905830.5499647,phase_noise,31249980.1,2100000.0,3000.0,10,30955980.1,-61.55612183
1000000000.0,1146905830.5499647,phase_noise,31249980.1,2100000.0,3000.0,10,30957480.1,-60.46131134
1000000000.0,1146905830.5499647,phase_noise,31249980.1,2100000.0,3000.0,10,30958980.1,-59.65680313
1000000000.0,1146905830.5499647,phase_noise,31249980.1,2100000.0,3000.0,10,30960480.1,-59.91692734
1000000000.0,1146905830.5499647,phase_noise,31249980.1,2100000.0,3000.0,10,30961980.1,-60.20559692
1000000000.0,1146905830.5499647,phase_noise,31249980.1,2100000.0,3000.0,10,30963480.1,-59.78870392
1000000000.0,1146905830.5499647,phase_noise,31249980.1,2100000.0,3000.0,10,30964980.1,-59.97856903
1000000000.0,1146905830.5499647,phase_noise,31249980.1,2100000.0,3000.0,10,30966480.1,-59.94304657
1000000000.0,1146905830.5499647,phase_noise,31249980.1,2100000.0,3000.0,10,30967980.1,-58.63947296
1000000000.0,1146905830.5499647,phase_noise,31249980.1,2100000.0,3000.0,10,30969480.1,-57.92715073
1000000000.0,1146905830.5499647,phase_noise,31249980.1,2100000.0,3000.0,10,30970980.1,-58.76219177
1000000000.0,1146905830.5499647,phase_noise,31249980.1,2100000.0,3000.0,10,30972480.1,-58.27215576
1000000000.0,1146905830.5499647,phase_noise,31249980.1,2100000.0,3000.0,10,30973980.1,-54.12471008
1000000000.0,1146905830.5499647,phase_noise,31249980.1,2100000.0,3000.0,10,30975480.1,-53.04992294
1000000000.0,1146905830.5499647,phase_noise,31249980.1,2100000.0,3000.0,10,30976980.1,-55.43735123
1000000000.0,1146905830.5499647,phase_noise,31249980.1,2100000.0,3000.0,10,30978480.1,-57.74598312
1000000000.0,1146905830.5499647,phase_noise,31249980.1,2100000.0,3000.0,10,30979980.1,-58.54158783
1000000000.0,1146905830.5499647,phase_noise,31249980.1,2100000.0,3000.0,10,30981480.1,-59.41818237
1000000000.0,1146905830.5499647,phase_noise,31249980.1,2100000.0,3000.0,10,30982980.1,-59.50703812
1000000000.0,1146905830.5499647,phase_noise,31249980.1,2100000.0,3000.0,10,30984480.1,-60.00665665
1000000000.0,1146905830.5499647,phase_noise,31249980.1,2100000.0,3000.0,10,30985980.1,-61.97569275
1000000000.0,1146905830.5499647,phase_noise,31249980.1,2100000.0,3000.0,10,30987480.1,-60.61458206
1000000000.0,1146905830.5499647,phase_noise,31249980.1,2100000.0,3000.0,10,30988980.1,-59.34332657
1000000000.0,1146905830.5499647,phase_noise,31249980.1,2100000.0,3000.0,10,30990480.1,-59.60157013
1000000000.0,1146905830.5499647,phase_noise,31249980.1,2100000.0,3000.0,10,30991980.1,-60.12882996
1000000000.0,1146905830.5499647,phase_noise,31249980.1,2100000.0,3000.0,10,30993480.1,-60.88406372
1000000000.0,1146905830.5499647,phase_noise,31249980.1,2100000.0,3000.0,10,30994980.1,-62.49797058
1000000000.0,1146905830.5499647,phase_noise,31249980.1,2100000.0,3000.0,10,30996480.1,-61.35889816
1000000000.0,1146905830.5499647,phase_noise,31249980.1,2100000.0,3000.0,10,30997980.1,-60.43320084
1000000000.0,1146905830.5499647,phase_noise,31249980.1,2100000.0,3000.0,10,30999480.1,-60.27051926
1000000000.0,1146905830.5499647,phase_noise,31249980.1,2100000.0,3000.0,10,31000980.1,-59.92197037
1000000000.0,1146905830.5499647,phase_noise,31249980.1,2100000.0,3000.0,10,31002480.1,-60.35945129
1000000000.0,1146905830.5499647,phase_noise,31249980.1,2100000.0,3000.0,10,31003980.1,-61.11785889
1000000000.0,1146905830.5499647,phase_noise,31249980.1,2100000.0,3000.0,10,31005480.1,-60.90178299
1000000000.0,1146905830.5499647,phase_noise,31249980.1,2100000.0,3000.0,10,31006980.1,-59.94736481
1000000000.0,1146905830.5499647,phase_noise,31249980.1,2100000.0,3000.0,10,31008480.1,-60.36365509
1000000000.0,1146905830.5499647,phase_noise,31249980.1,2100000.0,3000.0,10,31009980.1,-61.46609879
1000000000.0,1146905830.5499647,phase_noise,31249980.1,2100000.0,3000.0,10,31011480.1,-61.42493057
1000000000.0,1146905830.5499647,phase_noise,31249980.1,2100000.0,3000.0,10,31012980.1,-61.40786362
1000000000.0,1146905830.5499647,phase_noise,31249980.1,2100000.0,3000.0,10,31014480.1,-62.27163315
1000000000.0,1146905830.5499647,phase_noise,31249980.1,2100000.0,3000.0,10,31015980.1,-62.32771301
1000000000.0,1146905830.5499647,phase_noise,31249980.1,2100000.0,3000.0,10,31017480.1,-60.69490814
1000000000.0,1146905830.5499647,phase_noise,31249980.1,2100000.0,3000.0,10,31018980.1,-61.04096222
1000000000.0,1146905830.5499647,phase_noise,31249980.1,2100000.0,3000.0,10,31020480.1,-60.02812958
1000000000.0,1146905830.5499647,phase_noise,31249980.1,2100000.0,3000.0,10,31021980.1,-59.96471024
1000000000.0,1146905830.5499647,phase_noise,31249980.1,2100000.0,3000.0,10,31023480.1,-61.90118408
1000000000.0,1146905830.5499647,phase_noise,31249980.1,2100000.0,3000.0,10,31024980.1,-62.36375427
1000000000.0,1146905830.5499647,phase_noise,31249980.1,2100000.0,3000.0,10,31026480.1,-60.51695633
1000000000.0,1146905830.5499647,phase_noise,31249980.1,2100000.0,3000.0,10,31027980.1,-59.62813187
1000000000.0,1146905830.5499647,phase_noise,31249980.1,2100000.0,3000.0,10,31029480.1,-60.00995636
1000000000.0,1146905830.5499647,phase_noise,31249980.1,2100000.0,3000.0,10,31030980.1,-61.31118011
1000000000.0,1146905830.5499647,phase_noise,31249980.1,2100000.0,3000.0,10,31032480.1,-60.52708817
1000000000.0,1146905830.5499647,phase_noise,31249980.1,2100000.0,3000.0,10,31033980.1,-59.56842804
1000000000.0,1146905830.5499647,phase_noise,31249980.1,2100000.0,3000.0,10,31035480.1,-59.69026184
1000000000.0,1146905830.5499647,phase_noise,31249980.1,2100000.0,3000.0,10,31036980.1,-60.52872086
1000000000.0,1146905830.5499647,phase_noise,31249980.1,2100000.0,3000.0,10,31038480.1,-62.40500259
1000000000.0,1146905830.5499647,phase_noise,31249980.1,2100000.0,3000.0,10,31039980.1,-63.16374588
1000000000.0,1146905830.5499647,phase_noise,31249980.1,2100000.0,3000.0,10,31041480.1,-61.01159668
1000000000.0,1146905830.5499647,phase_noise,31249980.1,2100000.0,3000.0,10,31042980.1,-60.63937378
1000000000.0,1146905830.5499647,phase_noise,31249980.1,2100000.0,3000.0,10,31044480.1,-62.67459869
1000000000.0,1146905830.5499647,phase_noise,31249980.1,2100000.0,3000.0,10,31045980.1,-63.2716713
1000000000.0,1146905830.5499647,phase_noise,31249980.1,2100000.0,3000.0,10,31047480.1,-63.03905869
1000000000.0,1146905830.5499647,phase_noise,31249980.1,2100000.0,3000.0,10,31048980.1,-63.19655228
1000000000.0,1146905830.5499647,phase_noise,31249980.1,2100000.0,3000.0,10,31050480.1,-63.90171814
1000000000.0,1146905830.5499647,phase_noise,31249980.1,2100000.0,3000.0,10,31051980.1,-62.5320015
1000000000.0,1146905830.5499647,phase_noise,31249980.1,2100000.0,3000.0,10,31053480.1,-60.80462646
1000000000.0,1146905830.5499647,phase_noise,31249980.1,2100000.0,3000.0,10,31054980.1,-61.08223343
1000000000.0,1146905830.5499647,phase_noise,31249980.1,2100000.0,3000.0,10,31056480.1,-61.7565155
1000000000.0,1146905830.5499647,phase_noise,31249980.1,2100000.0,3000.0,10,31057980.1,-62.55892944
1000000000.0,1146905830.5499647,phase_noise,31249980.1,2100000.0,3000.0,10,31059480.1,-62.80867386
1000000000.0,1146905830.5499647,phase_noise,31249980.1,2100000.0,3000.0,10,31060980.1,-62.39302063
1000000000.0,1146905830.5499647,phase_noise,31249980.1,2100000.0,3000.0,10,31062480.1,-63.69419098
1000000000.0,1146905830.5499647,phase_noise,31249980.1,2100000.0,3000.0,10,31063980.1,-63.4892807
1000000000.0,1146905830.5499647,phase_noise,31249980.1,2100000.0,3000.0,10,31065480.1,-63.04153824
1000000000.0,1146905830.5499647,phase_noise,31249980.1,2100000.0,3000.0,10,31066980.1,-63.67910385
1000000000.0,1146905830.5499647,phase_noise,31249980.1,2100000.0,3000.0,10,31068480.1,-59.74709702
1000000000.0,1146905830.5499647,phase_noise,31249980.1,2100000.0,3000.0,10,31069980.1,-54.06652069
1000000000.0,1146905830.5499647,phase_noise,31249980.1,2100000.0,3000.0,10,31071480.1,-52.48552704
1000000000.0,1146905830.5499647,phase_noise,31249980.1,2100000.0,3000.0,10,31072980.1,-54.96707535
1000000000.0,1146905830.5499647,phase_noise,31249980.1,2100000.0,3000.0,10,31074480.1,-58.94024277
1000000000.0,1146905830.5499647,phase_noise,31249980.1,2100000.0,3000.0,10,31075980.1,-61.02967834
1000000000.0,1146905830.5499647,phase_noise,31249980.1,2100000.0,3000.0,10,31077480.1,-60.86384583
1000000000.0,1146905830.5499647,phase_noise,31249980.1,2100000.0,3000.0,10,31078980.1,-60.14446259
1000000000.0,1146905830.5499647,phase_noise,31249980.1,2100000.0,3000.0,10,31080480.1,-60.42593002
1000000000.0,1146905830.5499647,phase_noise,31249980.1,2100000.0,3000.0,10,31081980.1,-60.95077133
1000000000.0,1146905830.5499647,phase_noise,31249980.1,2100000.0,3000.0,10,31083480.1,-61.10159302
1000000000.0,1146905830.5499647,phase_noise,31249980.1,2100000.0,3000.0,10,31084980.1,-61.16854477
1000000000.0,1146905830.5499647,phase_noise,31249980.1,2100000.0,3000.0,10,31086480.1,-62.23394394
1000000000.0,1146905830.5499647,phase_noise,31249980.1,2100000.0,3000.0,10,31087980.1,-61.90365601
1000000000.0,1146905830.5499647,phase_noise,31249980.1,2100000.0,3000.0,10,31089480.1,-61.09346771
1000000000.0,1146905830.5499647,phase_noise,31249980.1,2100000.0,3000.0,10,31090980.1,-61.61807632
1000000000.0,1146905830.5499647,phase_noise,31249980.1,2100000.0,3000.0,10,31092480.1,-63.23504257
1000000000.0,1146905830.5499647,phase_noise,31249980.1,2100000.0,3000.0,10,31093980.1,-64.04911804
1000000000.0,1146905830.5499647,phase_noise,31249980.1,2100000.0,3000.0,10,31095480.1,-62.63633728
1000000000.0,1146905830.5499647,phase_noise,31249980.1,2100000.0,3000.0,10,31096980.1,-62.2533989
1000000000.0,1146905830.5499647,phase_noise,31249980.1,2100000.0,3000.0,10,31098480.1,-62.50748444
1000000000.0,1146905830.5499647,phase_noise,31249980.1,2100000.0,3000.0,10,31099980.1,-63.59526443
1000000000.0,1146905830.5499647,phase_noise,31249980.1,2100000.0,3000.0,10,31101480.1,-63.20351028
1000000000.0,1146905830.5499647,phase_noise,31249980.1,2100000.0,3000.0,10,31102980.1,-62.34144592
1000000000.0,1146905830.5499647,phase_noise,31249980.1,2100000.0,3000.0,10,31104480.1,-63.57347107
1000000000.0,1146905830.5499647,phase_noise,31249980.1,2100000.0,3000.0,10,31105980.1,-64.87364197
1000000000.0,1146905830.5499647,phase_noise,31249980.1,2100000.0,3000.0,10,31107480.1,-63.82663345
1000000000.0,1146905830.5499647,phase_noise,31249980.1,2100000.0,3000.0,10,31108980.1,-61.77019119
1000000000.0,1146905830.5499647,phase_noise,31249980.1,2100000.0,3000.0,10,31110480.1,-60.44989777
1000000000.0,1146905830.5499647,phase_noise,31249980.1,2100000.0,3000.0,10,31111980.1,-60.23477936
1000000000.0,1146905830.5499647,phase_noise,31249980.1,2100000.0,3000.0,10,31113480.1,-60.10071182
1000000000.0,1146905830.5499647,phase_noise,31249980.1,2100000.0,3000.0,10,31114980.1,-60.50716019
1000000000.0,1146905830.5499647,phase_noise,31249980.1,2100000.0,3000.0,10,31116480.1,-61.48348618
1000000000.0,1146905830.5499647,phase_noise,31249980.1,2100000.0,3000.0,10,31117980.1,-60.02952957
1000000000.0,1146905830.5499647,phase_noise,31249980.1,2100000.0,3000.0,10,31119480.1,-59.89337921
1000000000.0,1146905830.5499647,phase_noise,31249980.1,2100000.0,3000.0,10,31120980.1,-62.20551682
1000000000.0,1146905830.5499647,phase_noise,31249980.1,2100000.0,3000.0,10,31122480.1,-64.04831696
1000000000.0,1146905830.5499647,phase_noise,31249980.1,2100000.0,3000.0,10,31123980.1,-63.63476181
1000000000.0,1146905830.5499647,phase_noise,31249980.1,2100000.0,3000.0,10,31125480.1,-62.34571838
1000000000.0,1146905830.5499647,phase_noise,31249980.1,2100000.0,3000.0,10,31126980.1,-62.17357254
1000000000.0,1146905830.5499647,phase_noise,31249980.1,2100000.0,3000.0,10,31128480.1,-64.29507446
1000000000.0,1146905830.5499647,phase_noise,31249980.1,2100000.0,3000.0,10,31129980.1,-64.40261078
1000000000.0,1146905830.5499647,phase_noise,31249980.1,2100000.0,3000.0,10,31131480.1,-63.03295517
1000000000.0,1146905830.5499647,phase_noise,31249980.1,2100000.0,3000.0,10,31132980.1,-63.45159149
1000000000.0,1146905830.5499647,phase_noise,31249980.1,2100000.0,3000.0,10,31134480.1,-61.7690773
1000000000.0,1146905830.5499647,phase_noise,31249980.1,2100000.0,3000.0,10,31135980.1,-60.17123413
1000000000.0,1146905830.5499647,phase_noise,31249980.1,2100000.0,3000.0,10,31137480.1,-61.50952148
1000000000.0,1146905830.5499647,phase_noise,31249980.1,2100000.0,3000.0,10,31138980.1,-63.80783463
1000000000.0,1146905830.5499647,phase_noise,31249980.1,2100000.0,3000.0,10,31140480.1,-62.34518814
1000000000.0,1146905830.5499647,phase_noise,31249980.1,2100000.0,3000.0,10,31141980.1,-60.39468384
1000000000.0,1146905830.5499647,phase_noise,31249980.1,2100000.0,3000.0,10,31143480.1,-59.88664627
1000000000.0,1146905830.5499647,phase_noise,31249980.1,2100000.0,3000.0,10,31144980.1,-60.04172516
1000000000.0,1146905830.5499647,phase_noise,31249980.1,2100000.0,3000.0,10,31146480.1,-60.23605728
1000000000.0,1146905830.5499647,phase_noise,31249980.1,2100000.0,3000.0,10,31147980.1,-61.4623909
1000000000.0,1146905830.5499647,phase_noise,31249980.1,2100000.0,3000.0,10,31149480.1,-63.7284584
1000000000.0,1146905830.5499647,phase_noise,31249980.1,2100000.0,3000.0,10,31150980.1,-63.91346741
1000000000.0,1146905830.5499647,phase_noise,31249980.1,2100000.0,3000.0,10,31152480.1,-63.42024994
1000000000.0,1146905830.5499647,phase_noise,31249980.1,2100000.0,3000.0,10,31153980.1,-62.16487503
1000000000.0,1146905830.5499647,phase_noise,31249980.1,2100000.0,3000.0,10,31155480.1,-59.17778778
1000000000.0,1146905830.5499647,phase_noise,31249980.1,2100000.0,3000.0,10,31156980.1,-57.65485764
1000000000.0,1146905830.5499647,phase_noise,31249980.1,2100000.0,3000.0,10,31158480.1,-58.46416473
1000000000.0,1146905830.5499647,phase_noise,31249980.1,2100000.0,3000.0,10,31159980.1,-60.33566666
1000000000.0,1146905830.5499647,phase_noise,31249980.1,2100000.0,3000.0,10,31161480.1,-61.12512207
1000000000.0,1146905830.5499647,phase_noise,31249980.1,2100000.0,3000.0,10,31162980.1,-61.46010208
1000000000.0,1146905830.5499647,phase_noise,31249980.1,2100000.0,3000.0,10,31164480.1,-60.10840607
1000000000.0,1146905830.5499647,phase_noise,31249980.1,2100000.0,3000.0,10,31165980.1,-57.87282944
1000000000.0,1146905830.5499647,phase_noise,31249980.1,2100000.0,3000.0,10,31167480.1,-58.1241684
1000000000.0,1146905830.5499647,phase_noise,31249980.1,2100000.0,3000.0,10,31168980.1,-61.66694641
1000000000.0,1146905830.5499647,phase_noise,31249980.1,2100000.0,3000.0,10,31170480.1,-62.19100571
1000000000.0,1146905830.5499647,phase_noise,31249980.1,2100000.0,3000.0,10,31171980.1,-59.69509888
1000000000.0,1146905830.5499647,phase_noise,31249980.1,2100000.0,3000.0,10,31173480.1,-59.43288803
1000000000.0,1146905830.5499647,phase_noise,31249980.1,2100000.0,3000.0,10,31174980.1,-60.77806854
1000000000.0,1146905830.5499647,phase_noise,31249980.1,2100000.0,3000.0,10,31176480.1,-61.95744324
1000000000.0,1146905830.5499647,phase_noise,31249980.1,2100000.0,3000.0,10,31177980.1,-63.94253922
1000000000.0,1146905830.5499647,phase_noise,31249980.1,2100000.0,3000.0,10,31179480.1,-63.42816162
1000000000.0,1146905830.5499647,phase_noise,31249980.1,2100000.0,3000.0,10,31180980.1,-62.09751129
1000000000.0,1146905830.5499647,phase_noise,31249980.1,2100000.0,3000.0,10,31182480.1,-62.15788651
1000000000.0,1146905830.5499647,phase_noise,31249980.1,2100000.0,3000.0,10,31183980.1,-61.59923553
1000000000.0,1146905830.5499647,phase_noise,31249980.1,2100000.0,3000.0,10,31185480.1,-59.694561
1000000000.0,1146905830.5499647,phase_noise,31249980.1,2100000.0,3000.0,10,31186980.1,-58.76486969
1000000000.0,1146905830.5499647,phase_noise,31249980.1,2100000.0,3000.0,10,31188480.1,-58.52826309
1000000000.0,1146905830.5499647,phase_noise,31249980.1,2100000.0,3000.0,10,31189980.1,-58.97397995
1000000000.0,1146905830.5499647,phase_noise,31249980.1,2100000.0,3000.0,10,31191480.1,-57.81652069
1000000000.0,1146905830.5499647,phase_noise,31249980.1,2100000.0,3000.0,10,31192980.1,-57.27363205
1000000000.0,1146905830.5499647,phase_noise,31249980.1,2100000.0,3000.0,10,31194480.1,-58.81064987
1000000000.0,1146905830.5499647,phase_noise,31249980.1,2100000.0,3000.0,10,31195980.1,-60.37651825
1000000000.0,1146905830.5499647,phase_noise,31249980.1,2100000.0,3000.0,10,31197480.1,-60.53532028
1000000000.0,1146905830.5499647,phase_noise,31249980.1,2100000.0,3000.0,10,31198980.1,-61.32061386
1000000000.0,1146905830.5499647,phase_noise,31249980.1,2100000.0,3000.0,10,31200480.1,-61.90335846
1000000000.0,1146905830.5499647,phase_noise,31249980.1,2100000.0,3000.0,10,31201980.1,-59.22938156
1000000000.0,1146905830.5499647,phase_noise,31249980.1,2100000.0,3000.0,10,31203480.1,-56.75366592
1000000000.0,1146905830.5499647,phase_noise,31249980.1,2100000.0,3000.0,10,31204980.1,-56.81409836
1000000000.0,1146905830.5499647,phase_noise,31249980.1,2100000.0,3000.0,10,31206480.1,-59.29296494
1000000000.0,1146905830.5499647,phase_noise,31249980.1,2100000.0,3000.0,10,31207980.1,-63.42383194
1000000000.0,1146905830.5499647,phase_noise,31249980.1,2100000.0,3000.0,10,31209480.1,-62.51722717
1000000000.0,1146905830.5499647,phase_noise,31249980.1,2100000.0,3000.0,10,31210980.1,-60.58333969
1000000000.0,1146905830.5499647,phase_noise,31249980.1,2100000.0,3000.0,10,31212480.1,-59.59584045
1000000000.0,1146905830.5499647,phase_noise,31249980.1,2100000.0,3000.0,10,31213980.1,-58.55381393
1000000000.0,1146905830.5499647,phase_noise,31249980.1,2100000.0,3000.0,10,31215480.1,-59.47415543
1000000000.0,1146905830.5499647,phase_noise,31249980.1,2100000.0,3000.0,10,31216980.1,-60.08422852
1000000000.0,1146905830.5499647,phase_noise,31249980.1,2100000.0,3000.0,10,31218480.1,-59.76123428
1000000000.0,1146905830.5499647,phase_noise,31249980.1,2100000.0,3000.0,10,31219980.1,-60.22724915
1000000000.0,1146905830.5499647,phase_noise,31249980.1,2100000.0,3000.0,10,31221480.1,-62.04834747
1000000000.0,1146905830.5499647,phase_noise,31249980.1,2100000.0,3000.0,10,31222980.1,-62.21358109
1000000000.0,1146905830.5499647,phase_noise,31249980.1,2100000.0,3000.0,10,31224480.1,-59.8413353
1000000000.0,1146905830.5499647,phase_noise,31249980.1,2100000.0,3000.0,10,31225980.1,-59.5941925
1000000000.0,1146905830.5499647,phase_noise,31249980.1,2100000.0,3000.0,10,31227480.1,-61.19836426
1000000000.0,1146905830.5499647,phase_noise,31249980.1,2100000.0,3000.0,10,31228980.1,-61.70303726
1000000000.0,1146905830.5499647,phase_noise,31249980.1,2100000.0,3000.0,10,31230480.1,-61.98346329
1000000000.0,1146905830.5499647,phase_noise,31249980.1,2100000.0,3000.0,10,31231980.1,-63.02510834
1000000000.0,1146905830.5499647,phase_noise,31249980.1,2100000.0,3000.0,10,31233480.1,-59.36668777
1000000000.0,1146905830.5499647,phase_noise,31249980.1,2100000.0,3000.0,10,31234980.1,-57.83502579
1000000000.0,1146905830.5499647,phase_noise,31249980.1,2100000.0,3000.0,10,31236480.1,-58.80156708
1000000000.0,1146905830.5499647,phase_noise,31249980.1,2100000.0,3000.0,10,31237980.1,-57.81113815
1000000000.0,1146905830.5499647,phase_noise,31249980.1,2100000.0,3000.0,10,31239480.1,-56.49809647
1000000000.0,1146905830.5499647,phase_noise,31249980.1,2100000.0,3000.0,10,31240980.1,-57.26900864
1000000000.0,1146905830.5499647,phase_noise,31249980.1,2100000.0,3000.0,10,31242480.1,-59.0669136
1000000000.0,1146905830.5499647,phase_noise,31249980.1,2100000.0,3000.0,10,31243980.1,-56.15223312
1000000000.0,1146905830.5499647,phase_noise,31249980.1,2100000.0,3000.0,10,31245480.1,-29.20429993
1000000000.0,1146905830.5499647,phase_noise,31249980.1,2100000.0,3000.0,10,31246980.1,-13.13275909
1000000000.0,1146905830.5499647,phase_noise,31249980.1,2100000.0,3000.0,10,31248480.1,-4.613776207
1000000000.0,1146905830.5499647,phase_noise,31249980.1,2100000.0,3000.0,10,31249980.1,-1.915708661
1000000000.0,1146905830.5499647,phase_noise,31249980.1,2100000.0,3000.0,10,31251480.1,-4.612268925
1000000000.0,1146905830.5499647,phase_noise,31249980.1,2100000.0,3000.0,10,31252980.1,-13.13216686
1000000000.0,1146905830.5499647,phase_noise,31249980.1,2100000.0,3000.0,10,31254480.1,-29.21791077
1000000000.0,1146905830.5499647,phase_noise,31249980.1,2100000.0,3000.0,10,31255980.1,-55.84453964
1000000000.0,1146905830.5499647,phase_noise,31249980.1,2100000.0,3000.0,10,31257480.1,-59.15621948
1000000000.0,1146905830.5499647,phase_noise,31249980.1,2100000.0,3000.0,10,31258980.1,-57.77890396
1000000000.0,1146905830.5499647,phase_noise,31249980.1,2100000.0,3000.0,10,31260480.1,-57.74894714
1000000000.0,1146905830.5499647,phase_noise,31249980.1,2100000.0,3000.0,10,31261980.1,-59.75259018
1000000000.0,1146905830.5499647,phase_noise,31249980.1,2100000.0,3000.0,10,31263480.1,-59.51891327
1000000000.0,1146905830.5499647,phase_noise,31249980.1,2100000.0,3000.0,10,31264980.1,-57.49488068
1000000000.0,1146905830.5499647,phase_noise,31249980.1,2100000.0,3000.0,10,31266480.1,-58.46599579
1000000000.0,1146905830.5499647,phase_noise,31249980.1,2100000.0,3000.0,10,31267980.1,-61.28279114
1000000000.0,1146905830.5499647,phase_noise,31249980.1,2100000.0,3000.0,10,31269480.1,-61.67609024
1000000000.0,1146905830.5499647,phase_noise,31249980.1,2100000.0,3000.0,10,31270980.1,-62.35427475
1000000000.0,1146905830.5499647,phase_noise,31249980.1,2100000.0,3000.0,10,31272480.1,-60.20619965
1000000000.0,1146905830.5499647,phase_noise,31249980.1,2100000.0,3000.0,10,31273980.1,-58.59736252
1000000000.0,1146905830.5499647,phase_noise,31249980.1,2100000.0,3000.0,10,31275480.1,-59.53609848
1000000000.0,1146905830.5499647,phase_noise,31249980.1,2100000.0,3000.0,10,31276980.1,-62.21084976
1000000000.0,1146905830.5499647,phase_noise,31249980.1,2100000.0,3000.0,10,31278480.1,-62.09470749
1000000000.0,1146905830.5499647,phase_noise,31249980.1,2100000.0,3000.0,10,31279980.1,-60.18346405
1000000000.0,1146905830.5499647,phase_noise,31249980.1,2100000.0,3000.0,10,31281480.1,-59.78706741
1000000000.0,1146905830.5499647,phase_noise,31249980.1,2100000.0,3000.0,10,31282980.1,-59.51802826
1000000000.0,1146905830.5499647,phase_noise,31249980.1,2100000.0,3000.0,10,31284480.1,-58.72703552
1000000000.0,1146905830.5499647,phase_noise,31249980.1,2100000.0,3000.0,10,31285980.1,-58.57991028
1000000000.0,1146905830.5499647,phase_noise,31249980.1,2100000.0,3000.0,10,31287480.1,-59.95925903
1000000000.0,1146905830.5499647,phase_noise,31249980.1,2100000.0,3000.0,10,31288980.1,-61.48022842
1000000000.0,1146905830.5499647,phase_noise,31249980.1,2100000.0,3000.0,10,31290480.1,-62.55241776
1000000000.0,1146905830.5499647,phase_noise,31249980.1,2100000.0,3000.0,10,31291980.1,-62.169384
1000000000.0,1146905830.5499647,phase_noise,31249980.1,2100000.0,3000.0,10,31293480.1,-59.30015945
1000000000.0,1146905830.5499647,phase_noise,31249980.1,2100000.0,3000.0,10,31294980.1,-57.12982178
1000000000.0,1146905830.5499647,phase_noise,31249980.1,2100000.0,3000.0,10,31296480.1,-57.08695602
1000000000.0,1146905830.5499647,phase_noise,31249980.1,2100000.0,3000.0,10,31297980.1,-59.27616501
1000000000.0,1146905830.5499647,phase_noise,31249980.1,2100000.0,3000.0,10,31299480.1,-62.52341461
1000000000.0,1146905830.5499647,phase_noise,31249980.1,2100000.0,3000.0,10,31300980.1,-61.10990143
1000000000.0,1146905830.5499647,phase_noise,31249980.1,2100000.0,3000.0,10,31302480.1,-58.79841614
1000000000.0,1146905830.5499647,phase_noise,31249980.1,2100000.0,3000.0,10,31303980.1,-58.88036346
1000000000.0,1146905830.5499647,phase_noise,31249980.1,2100000.0,3000.0,10,31305480.1,-58.09212112
1000000000.0,1146905830.5499647,phase_noise,31249980.1,2100000.0,3000.0,10,31306980.1,-55.88395309
1000000000.0,1146905830.5499647,phase_noise,31249980.1,2100000.0,3000.0,10,31308480.1,-55.80840683
1000000000.0,1146905830.5499647,phase_noise,31249980.1,2100000.0,3000.0,10,31309980.1,-58.01748276
1000000000.0,1146905830.5499647,phase_noise,31249980.1,2100000.0,3000.0,10,31311480.1,-59.76475525
1000000000.0,1146905830.5499647,phase_noise,31249980.1,2100000.0,3000.0,10,31312980.1,-61.0144043
1000000000.0,1146905830.5499647,phase_noise,31249980.1,2100000.0,3000.0,10,31314480.1,-61.35650253
1000000000.0,1146905830.5499647,phase_noise,31249980.1,2100000.0,3000.0,10,31315980.1,-60.90533447
1000000000.0,1146905830.5499647,phase_noise,31249980.1,2100000.0,3000.0,10,31317480.1,-60.47285843
1000000000.0,1146905830.5499647,phase_noise,31249980.1,2100000.0,3000.0,10,31318980.1,-61.47725296
1000000000.0,1146905830.5499647,phase_noise,31249980.1,2100000.0,3000.0,10,31320480.1,-61.76292419
1000000000.0,1146905830.5499647,phase_noise,31249980.1,2100000.0,3000.0,10,31321980.1,-60.31756592
1000000000.0,1146905830.5499647,phase_noise,31249980.1,2100000.0,3000.0,10,31323480.1,-59.60451889
1000000000.0,1146905830.5499647,phase_noise,31249980.1,2100000.0,3000.0,10,31324980.1,-60.79118347
1000000000.0,1146905830.5499647,phase_noise,31249980.1,2100000.0,3000.0,10,31326480.1,-59.86011887
1000000000.0,1146905830.5499647,phase_noise,31249980.1,2100000.0,3000.0,10,31327980.1,-58.7373085
1000000000.0,1146905830.5499647,phase_noise,31249980.1,2100000.0,3000.0,10,31329480.1,-59.57330322
1000000000.0,1146905830.5499647,phase_noise,31249980.1,2100000.0,3000.0,10,31330980.1,-59.44057465
1000000000.0,1146905830.5499647,phase_noise,31249980.1,2100000.0,3000.0,10,31332480.1,-56.7457962
1000000000.0,1146905830.5499647,phase_noise,31249980.1,2100000.0,3000.0,10,31333980.1,-56.1604538
1000000000.0,1146905830.5499647,phase_noise,31249980.1,2100000.0,3000.0,10,31335480.1,-58.51580429
1000000000.0,1146905830.5499647,phase_noise,31249980.1,2100000.0,3000.0,10,31336980.1,-61.76450348
1000000000.0,1146905830.5499647,phase_noise,31249980.1,2100000.0,3000.0,10,31338480.1,-60.601017
1000000000.0,1146905830.5499647,phase_noise,31249980.1,2100000.0,3000.0,10,31339980.1,-59.40924835
1000000000.0,1146905830.5499647,phase_noise,31249980.1,2100000.0,3000.0,10,31341480.1,-59.11362839
1000000000.0,1146905830.5499647,phase_noise,31249980.1,2100000.0,3000.0,10,31342980.1,-58.1424942
1000000000.0,1146905830.5499647,phase_noise,31249980.1,2100000.0,3000.0,10,31344480.1,-58.61475372
1000000000.0,1146905830.5499647,phase_noise,31249980.1,2100000.0,3000.0,10,31345980.1,-60.43318939
1000000000.0,1146905830.5499647,phase_noise,31249980.1,2100000.0,3000.0,10,31347480.1,-60.54572296
1000000000.0,1146905830.5499647,phase_noise,31249980.1,2100000.0,3000.0,10,31348980.1,-60.78027344
1000000000.0,1146905830.5499647,phase_noise,31249980.1,2100000.0,3000.0,10,31350480.1,-60.86034775
1000000000.0,1146905830.5499647,phase_noise,31249980.1,2100000.0,3000.0,10,31351980.1,-60.36322403
1000000000.0,1146905830.5499647,phase_noise,31249980.1,2100000.0,3000.0,10,31353480.1,-59.52033615
1000000000.0,1146905830.5499647,phase_noise,31249980.1,2100000.0,3000.0,10,31354980.1,-59.41457748
1000000000.0,1146905830.5499647,phase_noise,31249980.1,2100000.0,3000.0,10,31356480.1,-60.17148972
1000000000.0,1146905830.5499647,phase_noise,31249980.1,2100000.0,3000.0,10,31357980.1,-60.44336319
1000000000.0,1146905830.5499647,phase_noise,31249980.1,2100000.0,3000.0,10,31359480.1,-60.33085251
1000000000.0,1146905830.5499647,phase_noise,31249980.1,2100000.0,3000.0,10,31360980.1,-59.89052582
1000000000.0,1146905830.5499647,phase_noise,31249980.1,2100000.0,3000.0,10,31362480.1,-58.81969452
1000000000.0,1146905830.5499647,phase_noise,31249980.1,2100000.0,3000.0,10,31363980.1,-58.70026779
1000000000.0,1146905830.5499647,phase_noise,31249980.1,2100000.0,3000.0,10,31365480.1,-60.72079086
1000000000.0,1146905830.5499647,phase_noise,31249980.1,2100000.0,3000.0,10,31366980.1,-62.95504379
1000000000.0,1146905830.5499647,phase_noise,31249980.1,2100000.0,3000.0,10,31368480.1,-62.79085922
1000000000.0,1146905830.5499647,phase_noise,31249980.1,2100000.0,3000.0,10,31369980.1,-62.73592758
1000000000.0,1146905830.5499647,phase_noise,31249980.1,2100000.0,3000.0,10,31371480.1,-61.93420792
1000000000.0,1146905830.5499647,phase_noise,31249980.1,2100000.0,3000.0,10,31372980.1,-61.72570801
1000000000.0,1146905830.5499647,phase_noise,31249980.1,2100000.0,3000.0,10,31374480.1,-62.8502121
1000000000.0,1146905830.5499647,phase_noise,31249980.1,2100000.0,3000.0,10,31375980.1,-62.07397461
1000000000.0,1146905830.5499647,phase_noise,31249980.1,2100000.0,3000.0,10,31377480.1,-59.73078156
1000000000.0,1146905830.5499647,phase_noise,31249980.1,2100000.0,3000.0,10,31378980.1,-59.08274078
1000000000.0,1146905830.5499647,phase_noise,31249980.1,2100000.0,3000.0,10,31380480.1,-58.01686478
1000000000.0,1146905830.5499647,phase_noise,31249980.1,2100000.0,3000.0,10,31381980.1,-58.50370026
1000000000.0,1146905830.5499647,phase_noise,31249980.1,2100000.0,3000.0,10,31383480.1,-60.60801315
1000000000.0,1146905830.5499647,phase_noise,31249980.1,2100000.0,3000.0,10,31384980.1,-59.97121048
1000000000.0,1146905830.5499647,phase_noise,31249980.1,2100000.0,3000.0,10,31386480.1,-58.74346924
1000000000.0,1146905830.5499647,phase_noise,31249980.1,2100000.0,3000.0,10,31387980.1,-58.60506821
1000000000.0,1146905830.5499647,phase_noise,31249980.1,2100000.0,3000.0,10,31389480.1,-59.42666626
1000000000.0,1146905830.5499647,phase_noise,31249980.1,2100000.0,3000.0,10,31390980.1,-60.77082443
1000000000.0,1146905830.5499647,phase_noise,31249980.1,2100000.0,3000.0,10,31392480.1,-63.10413361
1000000000.0,1146905830.5499647,phase_noise,31249980.1,2100000.0,3000.0,10,31393980.1,-62.41389084
1000000000.0,1146905830.5499647,phase_noise,31249980.1,2100000.0,3000.0,10,31395480.1,-61.18220139
1000000000.0,1146905830.5499647,phase_noise,31249980.1,2100000.0,3000.0,10,31396980.1,-60.62286377
1000000000.0,1146905830.5499647,phase_noise,31249980.1,2100000.0,3000.0,10,31398480.1,-60.6974411
1000000000.0,1146905830.5499647,phase_noise,31249980.1,2100000.0,3000.0,10,31399980.1,-60.64496613
1000000000.0,1146905830.5499647,phase_noise,31249980.1,2100000.0,3000.0,10,31401480.1,-59.40242386
1000000000.0,1146905830.5499647,phase_noise,31249980.1,2100000.0,3000.0,10,31402980.1,-59.59938431
1000000000.0,1146905830.5499647,phase_noise,31249980.1,2100000.0,3000.0,10,31404480.1,-61.42235947
1000000000.0,1146905830.5499647,phase_noise,31249980.1,2100000.0,3000.0,10,31405980.1,-61.5692749
1000000000.0,1146905830.5499647,phase_noise,31249980.1,2100000.0,3000.0,10,31407480.1,-61.51828766
1000000000.0,1146905830.5499647,phase_noise,31249980.1,2100000.0,3000.0,10,31408980.1,-61.06771851
1000000000.0,1146905830.5499647,phase_noise,31249980.1,2100000.0,3000.0,10,31410480.1,-60.68899536
1000000000.0,1146905830.5499647,phase_noise,31249980.1,2100000.0,3000.0,10,31411980.1,-62.3134613
1000000000.0,1146905830.5499647,phase_noise,31249980.1,2100000.0,3000.0,10,31413480.1,-63.39971542
1000000000.0,1146905830.5499647,phase_noise,31249980.1,2100000.0,3000.0,10,31414980.1,-63.07638931
1000000000.0,1146905830.5499647,phase_noise,31249980.1,2100000.0,3000.0,10,31416480.1,-62.1410408
1000000000.0,1146905830.5499647,phase_noise,31249980.1,2100000.0,3000.0,10,31417980.1,-60.74710083
1000000000.0,1146905830.5499647,phase_noise,31249980.1,2100000.0,3000.0,10,31419480.1,-60.19902039
1000000000.0,1146905830.5499647,phase_noise,31249980.1,2100000.0,3000.0,10,31420980.1,-60.02858353
1000000000.0,1146905830.5499647,phase_noise,31249980.1,2100000.0,3000.0,10,31422480.1,-61.07536697
1000000000.0,1146905830.5499647,phase_noise,31249980.1,2100000.0,3000.0,10,31423980.1,-60.74124908
1000000000.0,1146905830.5499647,phase_noise,31249980.1,2100000.0,3000.0,10,31425480.1,-58.63370895
1000000000.0,1146905830.5499647,phase_noise,31249980.1,2100000.0,3000.0,10,31426980.1,-56.44834137
1000000000.0,1146905830.5499647,phase_noise,31249980.1,2100000.0,3000.0,10,31428480.1,-54.5176239
1000000000.0,1146905830.5499647,phase_noise,31249980.1,2100000.0,3000.0,10,31429980.1,-55.4194603
1000000000.0,1146905830.5499647,phase_noise,31249980.1,2100000.0,3000.0,10,31431480.1,-59.13587189
1000000000.0,1146905830.5499647,phase_noise,31249980.1,2100000.0,3000.0,10,31432980.1,-61.17533875
1000000000.0,1146905830.5499647,phase_noise,31249980.1,2100000.0,3000.0,10,31434480.1,-61.53406143
1000000000.0,1146905830.5499647,phase_noise,31249980.1,2100000.0,3000.0,10,31435980.1,-63.52270126
1000000000.0,1146905830.5499647,phase_noise,31249980.1,2100000.0,3000.0,10,31437480.1,-62.71487808
1000000000.0,1146905830.5499647,phase_noise,31249980.1,2100000.0,3000.0,10,31438980.1,-59.88681793
1000000000.0,1146905830.5499647,phase_noise,31249980.1,2100000.0,3000.0,10,31440480.1,-59.92965698
1000000000.0,1146905830.5499647,phase_noise,31249980.1,2100000.0,3000.0,10,31441980.1,-60.58700943
1000000000.0,1146905830.5499647,phase_noise,31249980.1,2100000.0,3000.0,10,31443480.1,-61.42102051
1000000000.0,1146905830.5499647,phase_noise,31249980.1,2100000.0,3000.0,10,31444980.1,-62.20430374
1000000000.0,1146905830.5499647,phase_noise,31249980.1,2100000.0,3000.0,10,31446480.1,-60.56510544
1000000000.0,1146905830.5499647,phase_noise,31249980.1,2100000.0,3000.0,10,31447980.1,-59.26913071
1000000000.0,1146905830.5499647,phase_noise,31249980.1,2100000.0,3000.0,10,31449480.1,-59.00151062
1000000000.0,1146905830.5499647,phase_noise,31249980.1,2100000.0,3000.0,10,31450980.1,-60.22257996
1000000000.0,1146905830.5499647,phase_noise,31249980.1,2100000.0,3000.0,10,31452480.1,-62.94788742
1000000000.0,1146905830.5499647,phase_noise,31249980.1,2100000.0,3000.0,10,31453980.1,-63.78316498
1000000000.0,1146905830.5499647,phase_noise,31249980.1,2100000.0,3000.0,10,31455480.1,-62.19836426
1000000000.0,1146905830.5499647,phase_noise,31249980.1,2100000.0,3000.0,10,31456980.1,-59.90108871
1000000000.0,1146905830.5499647,phase_noise,31249980.1,2100000.0,3000.0,10,31458480.1,-58.92169571
1000000000.0,1146905830.5499647,phase_noise,31249980.1,2100000.0,3000.0,10,31459980.1,-59.82492065
1000000000.0,1146905830.5499647,phase_noise,31249980.1,2100000.0,3000.0,10,31461480.1,-61.47563553
1000000000.0,1146905830.5499647,phase_noise,31249980.1,2100000.0,3000.0,10,31462980.1,-61.68900299
1000000000.0,1146905830.5499647,phase_noise,31249980.1,2100000.0,3000.0,10,31464480.1,-61.81393433
1000000000.0,1146905830.5499647,phase_noise,31249980.1,2100000.0,3000.0,10,31465980.1,-61.22790146
1000000000.0,1146905830.5499647,phase_noise,31249980.1,2100000.0,3000.0,10,31467480.1,-60.59478378
1000000000.0,1146905830.5499647,phase_noise,31249980.1,2100000.0,3000.0,10,31468980.1,-60.66607285
1000000000.0,1146905830.5499647,phase_noise,31249980.1,2100000.0,3000.0,10,31470480.1,-60.31805038
1000000000.0,1146905830.5499647,phase_noise,31249980.1,2100000.0,3000.0,10,31471980.1,-58.74449539
1000000000.0,1146905830.5499647,phase_noise,31249980.1,2100000.0,3000.0,10,31473480.1,-57.96184158
1000000000.0,1146905830.5499647,phase_noise,31249980.1,2100000.0,3000.0,10,31474980.1,-58.37796021
1000000000.0,1146905830.5499647,phase_noise,31249980.1,2100000.0,3000.0,10,31476480.1,-58.32452011
1000000000.0,1146905830.5499647,phase_noise,31249980.1,2100000.0,3000.0,10,31477980.1,-57.49278259
1000000000.0,1146905830.5499647,phase_noise,31249980.1,2100000.0,3000.0,10,31479480.1,-58.75203323
1000000000.0,1146905830.5499647,phase_noise,31249980.1,2100000.0,3000.0,10,31480980.1,-59.63711548
1000000000.0,1146905830.5499647,phase_noise,31249980.1,2100000.0,3000.0,10,31482480.1,-59.07993317
1000000000.0,1146905830.5499647,phase_noise,31249980.1,2100000.0,3000.0,10,31483980.1,-60.04877472
1000000000.0,1146905830.5499647,phase_noise,31249980.1,2100000.0,3000.0,10,31485480.1,-59.80918503
1000000000.0,1146905830.5499647,phase_noise,31249980.1,2100000.0,3000.0,10,31486980.1,-60.35821152
1000000000.0,1146905830.5499647,phase_noise,31249980.1,2100000.0,3000.0,10,31488480.1,-61.3689003
1000000000.0,1146905830.5499647,phase_noise,31249980.1,2100000.0,3000.0,10,31489980.1,-60.00207901
1000000000.0,1146905830.5499647,phase_noise,31249980.1,2100000.0,3000.0,10,31491480.1,-58.2335701
1000000000.0,1146905830.5499647,phase_noise,31249980.1,2100000.0,3000.0,10,31492980.1,-58.09139633
1000000000.0,1146905830.5499647,phase_noise,31249980.1,2100000.0,3000.0,10,31494480.1,-58.91341782
1000000000.0,1146905830.5499647,phase_noise,31249980.1,2100000.0,3000.0,10,31495980.1,-59.74362564
1000000000.0,1146905830.5499647,phase_noise,31249980.1,2100000.0,3000.0,10,31497480.1,-60.02747726
1000000000.0,1146905830.5499647,phase_noise,31249980.1,2100000.0,3000.0,10,31498980.1,-59.20737457
1000000000.0,1146905830.5499647,phase_noise,31249980.1,2100000.0,3000.0,10,31500480.1,-59.39773941
1000000000.0,1146905830.5499647,phase_noise,31249980.1,2100000.0,3000.0,10,31501980.1,-58.99103165
1000000000.0,1146905830.5499647,phase_noise,31249980.1,2100000.0,3000.0,10,31503480.1,-57.93881989
1000000000.0,1146905830.5499647,phase_noise,31249980.1,2100000.0,3000.0,10,31504980.1,-58.10535049
1000000000.0,1146905830.5499647,phase_noise,31249980.1,2100000.0,3000.0,10,31506480.1,-58.41677856
1000000000.0,1146905830.5499647,phase_noise,31249980.1,2100000.0,3000.0,10,31507980.1,-58.24697876
1000000000.0,1146905830.5499647,phase_noise,31249980.1,2100000.0,3000.0,10,31509480.1,-59.02671432
1000000000.0,1146905830.5499647,phase_noise,31249980.1,2100000.0,3000.0,10,31510980.1,-60.45065308
1000000000.0,1146905830.5499647,phase_noise,31249980.1,2100000.0,3000.0,10,31512480.1,-59.60155106
1000000000.0,1146905830.5499647,phase_noise,31249980.1,2100000.0,3000.0,10,31513980.1,-58.79716492
1000000000.0,1146905830.5499647,phase_noise,31249980.1,2100000.0,3000.0,10,31515480.1,-57.9010582
1000000000.0,1146905830.5499647,phase_noise,31249980.1,2100000.0,3000.0,10,31516980.1,-57.97002029
1000000000.0,1146905830.5499647,phase_noise,31249980.1,2100000.0,3000.0,10,31518480.1,-58.56905365
1000000000.0,1146905830.5499647,phase_noise,31249980.1,2100000.0,3000.0,10,31519980.1,-58.81166077
1000000000.0,1146905830.5499647,phase_noise,31249980.1,2100000.0,3000.0,10,31521480.1,-58.81163788
1000000000.0,1146905830.5499647,phase_noise,31249980.1,2100000.0,3000.0,10,31522980.1,-56.95977402
1000000000.0,1146905830.5499647,phase_noise,31249980.1,2100000.0,3000.0,10,31524480.1,-52.90820312
1000000000.0,1146905830.5499647,phase_noise,31249980.1,2100000.0,3000.0,10,31525980.1,-52.83216095
1000000000.0,1146905830.5499647,phase_noise,31249980.1,2100000.0,3000.0,10,31527480.1,-56.90051651
1000000000.0,1146905830.5499647,phase_noise,31249980.1,2100000.0,3000.0,10,31528980.1,-59.89972687
1000000000.0,1146905830.5499647,phase_noise,31249980.1,2100000.0,3000.0,10,31530480.1,-59.70588303
1000000000.0,1146905830.5499647,phase_noise,31249980.1,2100000.0,3000.0,10,31531980.1,-59.03144073
1000000000.0,1146905830.5499647,phase_noise,31249980.1,2100000.0,3000.0,10,31533480.1,-58.03930283
1000000000.0,1146905830.5499647,phase_noise,31249980.1,2100000.0,3000.0,10,31534980.1,-58.53573227
1000000000.0,1146905830.5499647,phase_noise,31249980.1,2100000.0,3000.0,10,31536480.1,-60.81651688
1000000000.0,1146905830.5499647,phase_noise,31249980.1,2100000.0,3000.0,10,31537980.1,-61.08168411
1000000000.0,1146905830.5499647,phase_noise,31249980.1,2100000.0,3000.0,10,31539480.1,-59.91798782
1000000000.0,1146905830.5499647,phase_noise,31249980.1,2100000.0,3000.0,10,31540980.1,-61.43795013
1000000000.0,1146905830.5499647,phase_noise,31249980.1,2100000.0,3000.0,10,31542480.1,-63.18995667
1000000000.0,1146905830.5499647,phase_noise,31249980.1,2100000.0,3000.0,10,31543980.1,-61.88428497
1000000000.0,1146905830.5499647,phase_noise,31249980.1,2100000.0,3000.0,10,31545480.1,-61.49447632
1000000000.0,1146905830.5499647,phase_noise,31249980.1,2100000.0,3000.0,10,31546980.1,-61.35123444
1000000000.0,1146905830.5499647,phase_noise,31249980.1,2100000.0,3000.0,10,31548480.1,-60.75069427
1000000000.0,1146905830.5499647,phase_noise,31249980.1,2100000.0,3000.0,10,31549980.1,-59.88222885
1000000000.0,1146905830.5499647,phase_noise,31249980.1,2100000.0,3000.0,10,31551480.1,-58.64086533
1000000000.0,1146905830.5499647,phase_noise,31249980.1,2100000.0,3000.0,10,31552980.1,-58.01730728
1000000000.0,1146905830.5499647,phase_noise,31249980.1,2100000.0,3000.0,10,31554480.1,-58.9408493
1000000000.0,1146905830.5499647,phase_noise,31249980.1,2100000.0,3000.0,10,31555980.1,-59.40129471
1000000000.0,1146905830.5499647,phase_noise,31249980.1,2100000.0,3000.0,10,31557480.1,-59.57215881
1000000000.0,1146905830.5499647,phase_noise,31249980.1,2100000.0,3000.0,10,31558980.1,-58.68627548
1000000000.0,1146905830.5499647,phase_noise,31249980.1,2100000.0,3000.0,10,31560480.1,-57.65297318
1000000000.0,1146905830.5499647,phase_noise,31249980.1,2100000.0,3000.0,10,31561980.1,-57.10697174
1000000000.0,1146905830.5499647,phase_noise,31249980.1,2100000.0,3000.0,10,31563480.1,-56.25592422
1000000000.0,1146905830.5499647,phase_noise,31249980.1,2100000.0,3000.0,10,31564980.1,-55.60536575
1000000000.0,1146905830.5499647,phase_noise,31249980.1,2100000.0,3000.0,10,31566480.1,-56.36074066
1000000000.0,1146905830.5499647,phase_noise,31249980.1,2100000.0,3000.0,10,31567980.1,-56.81324768
1000000000.0,1146905830.5499647,phase_noise,31249980.1,2100000.0,3000.0,10,31569480.1,-55.84715652
1000000000.0,1146905830.5499647,phase_noise,31249980.1,2100000.0,3000.0,10,31570980.1,-56.23197937
1000000000.0,1146905830.5499647,phase_noise,31249980.1,2100000.0,3000.0,10,31572480.1,-57.45013428
1000000000.0,1146905830.5499647,phase_noise,31249980.1,2100000.0,3000.0,10,31573980.1,-57.71229172
1000000000.0,1146905830.5499647,phase_noise,31249980.1,2100000.0,3000.0,10,31575480.1,-56.42960358
1000000000.0,1146905830.5499647,phase_noise,31249980.1,2100000.0,3000.0,10,31576980.1,-56.28012466
1000000000.0,1146905830.5499647,phase_noise,31249980.1,2100000.0,3000.0,10,31578480.1,-57.50536728
1000000000.0,1146905830.5499647,phase_noise,31249980.1,2100000.0,3000.0,10,31579980.1,-57.28924942
1000000000.0,1146905830.5499647,phase_noise,31249980.1,2100000.0,3000.0,10,31581480.1,-57.25128555
1000000000.0,1146905830.5499647,phase_noise,31249980.1,2100000.0,3000.0,10,31582980.1,-58.51554108
1000000000.0,1146905830.5499647,phase_noise,31249980.1,2100000.0,3000.0,10,31584480.1,-57.43415833
1000000000.0,1146905830.5499647,phase_noise,31249980.1,2100000.0,3000.0,10,31585980.1,-55.90000153
1000000000.0,1146905830.5499647,phase_noise,31249980.1,2100000.0,3000.0,10,31587480.1,-54.6724472
1000000000.0,1146905830.5499647,phase_noise,31249980.1,2100000.0,3000.0,10,31588980.1,-53.94202042
1000000000.0,1146905830.5499647,phase_noise,31249980.1,2100000.0,3000.0,10,31590480.1,-53.95036316
1000000000.0,1146905830.5499647,phase_noise,31249980.1,2100000.0,3000.0,10,31591980.1,-54.81944656
1000000000.0,1146905830.5499647,phase_noise,31249980.1,2100000.0,3000.0,10,31593480.1,-55.76786423
1000000000.0,1146905830.5499647,phase_noise,31249980.1,2100000.0,3000.0,10,31594980.1,-55.33882904
1000000000.0,1146905830.5499647,phase_noise,31249980.1,2100000.0,3000.0,10,31596480.1,-54.61284256
1000000000.0,1146905830.5499647,phase_noise,31249980.1,2100000.0,3000.0,10,31597980.1,-55.7080574
1000000000.0,1146905830.5499647,phase_noise,31249980.1,2100000.0,3000.0,10,31599480.1,-55.90464401
1000000000.0,1146905830.5499647,phase_noise,31249980.1,2100000.0,3000.0,10,31600980.1,-49.24170685
1000000000.0,1146905830.5499647,phase_noise,31249980.1,2100000.0,3000.0,10,31602480.1,-45.10522842
1000000000.0,1146905830.5499647,phase_noise,31249980.1,2100000.0,3000.0,10,31603980.1,-46.19525146
1000000000.0,1146905830.5499647,phase_noise,31249980.1,2100000.0,3000.0,10,31605480.1,-50.02362823
1000000000.0,1146905830.5499647,phase_noise,31249980.1,2100000.0,3000.0,10,31606980.1,-45.54429626
1000000000.0,1146905830.5499647,phase_noise,31249980.1,2100000.0,3000.0,10,31608480.1,-43.92092514
1000000000.0,1146905830.5499647,phase_noise,31249980.1,2100000.0,3000.0,10,31609980.1,-47.36140442
1000000000.0,1146905830.5499647,phase_noise,31249980.1,2100000.0,3000.0,10,31611480.1,-54.97132492
1000000000.0,1146905830.5499647,phase_noise,31249980.1,2100000.0,3000.0,10,31612980.1,-57.70627975
1000000000.0,1146905830.5499647,phase_noise,31249980.1,2100000.0,3000.0,10,31614480.1,-55.92577744
1000000000.0,1146905830.5499647,phase_noise,31249980.1,2100000.0,3000.0,10,31615980.1,-53.93404007
1000000000.0,1146905830.5499647,phase_noise,31249980.1,2100000.0,3000.0,10,31617480.1,-49.79024124
1000000000.0,1146905830.5499647,phase_noise,31249980.1,2100000.0,3000.0,10,31618980.1,-48.38177872
1000000000.0,1146905830.5499647,phase_noise,31249980.1,2100000.0,3000.0,10,31620480.1,-51.10183334
1000000000.0,1146905830.5499647,phase_noise,31249980.1,2100000.0,3000.0,10,31621980.1,-55.18853378
1000000000.0,1146905830.5499647,phase_noise,31249980.1,2100000.0,3000.0,10,31623480.1,-56.19363022
1000000000.0,1146905830.5499647,phase_noise,31249980.1,2100000.0,3000.0,10,31624980.1,-56.49802017
1000000000.0,1146905830.5499647,phase_noise,31249980.1,2100000.0,3000.0,10,31626480.1,-55.96783829
1000000000.0,1146905830.5499647,phase_noise,31249980.1,2100000.0,3000.0,10,31627980.1,-55.59339523
1000000000.0,1146905830.5499647,phase_noise,31249980.1,2100000.0,3000.0,10,31629480.1,-53.68634033
1000000000.0,1146905830.5499647,phase_noise,31249980.1,2100000.0,3000.0,10,31630980.1,-52.639534
1000000000.0,1146905830.5499647,phase_noise,31249980.1,2100000.0,3000.0,10,31632480.1,-54.63050079
1000000000.0,1146905830.5499647,phase_noise,31249980.1,2100000.0,3000.0,10,31633980.1,-57.68968964
1000000000.0,1146905830.5499647,phase_noise,31249980.1,2100000.0,3000.0,10,31635480.1,-59.1187706
1000000000.0,1146905830.5499647,phase_noise,31249980.1,2100000.0,3000.0,10,31636980.1,-57.53865051
1000000000.0,1146905830.5499647,phase_noise,31249980.1,2100000.0,3000.0,10,31638480.1,-54.84218597
1000000000.0,1146905830.5499647,phase_noise,31249980.1,2100000.0,3000.0,10,31639980.1,-53.5814476
1000000000.0,1146905830.5499647,phase_noise,31249980.1,2100000.0,3000.0,10,31641480.1,-53.92330551
1000000000.0,1146905830.5499647,phase_noise,31249980.1,2100000.0,3000.0,10,31642980.1,-55.61008835
1000000000.0,1146905830.5499647,phase_noise,31249980.1,2100000.0,3000.0,10,31644480.1,-58.04259109
1000000000.0,1146905830.5499647,phase_noise,31249980.1,2100000.0,3000.0,10,31645980.1,-59.79127884
1000000000.0,1146905830.5499647,phase_noise,31249980.1,2100000.0,3000.0,10,31647480.1,-59.05340195
1000000000.0,1146905830.5499647,phase_noise,31249980.1,2100000.0,3000.0,10,31648980.1,-57.25963593
1000000000.0,1146905830.5499647,phase_noise,31249980.1,2100000.0,3000.0,10,31650480.1,-56.03721237
1000000000.0,1146905830.5499647,phase_noise,31249980.1,2100000.0,3000.0,10,31651980.1,-55.95241547
1000000000.0,1146905830.5499647,phase_noise,31249980.1,2100000.0,3000.0,10,31653480.1,-57.44097137
1000000000.0,1146905830.5499647,phase_noise,31249980.1,2100000.0,3000.0,10,31654980.1,-59.65512848
1000000000.0,1146905830.5499647,phase_noise,31249980.1,2100000.0,3000.0,10,31656480.1,-60.09273911
1000000000.0,1146905830.5499647,phase_noise,31249980.1,2100000.0,3000.0,10,31657980.1,-59.90983582
1000000000.0,1146905830.5499647,phase_noise,31249980.1,2100000.0,3000.0,10,31659480.1,-57.48258209
1000000000.0,1146905830.5499647,phase_noise,31249980.1,2100000.0,3000.0,10,31660980.1,-55.24858093
1000000000.0,1146905830.5499647,phase_noise,31249980.1,2100000.0,3000.0,10,31662480.1,-55.2612114
1000000000.0,1146905830.5499647,phase_noise,31249980.1,2100000.0,3000.0,10,31663980.1,-56.51582718
1000000000.0,1146905830.5499647,phase_noise,31249980.1,2100000.0,3000.0,10,31665480.1,-55.31944656
1000000000.0,1146905830.5499647,phase_noise,31249980.1,2100000.0,3000.0,10,31666980.1,-54.83761978
1000000000.0,1146905830.5499647,phase_noise,31249980.1,2100000.0,3000.0,10,31668480.1,-55.71146393
1000000000.0,1146905830.5499647,phase_noise,31249980.1,2100000.0,3000.0,10,31669980.1,-57.82884598
1000000000.0,1146905830.5499647,phase_noise,31249980.1,2100000.0,3000.0,10,31671480.1,-59.98580551
1000000000.0,1146905830.5499647,phase_noise,31249980.1,2100000.0,3000.0,10,31672980.1,-58.13337708
1000000000.0,1146905830.5499647,phase_noise,31249980.1,2100000.0,3000.0,10,31674480.1,-55.57482529
1000000000.0,1146905830.5499647,phase_noise,31249980.1,2100000.0,3000.0,10,31675980.1,-54.44635773
1000000000.0,1146905830.5499647,phase_noise,31249980.1,2100000.0,3000.0,10,31677480.1,-55.09008026
1000000000.0,1146905830.5499647,phase_noise,31249980.1,2100000.0,3000.0,10,31678980.1,-55.78945923
1000000000.0,1146905830.5499647,phase_noise,31249980.1,2100000.0,3000.0,10,31680480.1,-55.85072327
1000000000.0,1146905830.5499647,phase_noise,31249980.1,2100000.0,3000.0,10,31681980.1,-55.29612732
1000000000.0,1146905830.5499647,phase_noise,31249980.1,2100000.0,3000.0,10,31683480.1,-54.03619385
1000000000.0,1146905830.5499647,phase_noise,31249980.1,2100000.0,3000.0,10,31684980.1,-54.6766243
1000000000.0,1146905830.5499647,phase_noise,31249980.1,2100000.0,3000.0,10,31686480.1,-57.70108032
1000000000.0,1146905830.5499647,phase_noise,31249980.1,2100000.0,3000.0,10,31687980.1,-56.9355545
1000000000.0,1146905830.5499647,phase_noise,31249980.1,2100000.0,3000.0,10,31689480.1,-54.05446243
1000000000.0,1146905830.5499647,phase_noise,31249980.1,2100000.0,3000.0,10,31690980.1,-53.20379639
1000000000.0,1146905830.5499647,phase_noise,31249980.1,2100000.0,3000.0,10,31692480.1,-54.13422775
1000000000.0,1146905830.5499647,phase_noise,31249980.1,2100000.0,3000.0,10,31693980.1,-53.33507538
1000000000.0,1146905830.5499647,phase_noise,31249980.1,2100000.0,3000.0,10,31695480.1,-51.81606293
1000000000.0,1146905830.5499647,phase_noise,31249980.1,2100000.0,3000.0,10,31696980.1,-52.09040451
1000000000.0,1146905830.5499647,phase_noise,31249980.1,2100000.0,3000.0,10,31698480.1,-52.34769058
1000000000.0,1146905830.5499647,phase_noise,31249980.1,2100000.0,3000.0,10,31699980.1,-52.9593811
1000000000.0,1146905830.5499647,phase_noise,31249980.1,2100000.0,3000.0,10,31701480.1,-53.86923981
1000000000.0,1146905830.5499647,phase_noise,31249980.1,2100000.0,3000.0,10,31702980.1,-53.14841461
1000000000.0,1146905830.5499647,phase_noise,31249980.1,2100000.0,3000.0,10,31704480.1,-53.0114212
1000000000.0,1146905830.5499647,phase_noise,31249980.1,2100000.0,3000.0,10,31705980.1,-52.18357086
1000000000.0,1146905830.5499647,phase_noise,31249980.1,2100000.0,3000.0,10,31707480.1,-51.5602684
1000000000.0,1146905830.5499647,phase_noise,31249980.1,2100000.0,3000.0,10,31708980.1,-51.97512436
1000000000.0,1146905830.5499647,phase_noise,31249980.1,2100000.0,3000.0,10,31710480.1,-53.30906296
1000000000.0,1146905830.5499647,phase_noise,31249980.1,2100000.0,3000.0,10,31711980.1,-53.24821854
1000000000.0,1146905830.5499647,phase_noise,31249980.1,2100000.0,3000.0,10,31713480.1,-52.26696014
1000000000.0,1146905830.5499647,phase_noise,31249980.1,2100000.0,3000.0,10,31714980.1,-51.55511093
1000000000.0,1146905830.5499647,phase_noise,31249980.1,2100000.0,3000.0,10,31716480.1,-51.44675446
1000000000.0,1146905830.5499647,phase_noise,31249980.1,2100000.0,3000.0,10,31717980.1,-51.7169342
1000000000.0,1146905830.5499647,phase_noise,31249980.1,2100000.0,3000.0,10,31719480.1,-52.26169205
1000000000.0,1146905830.5499647,phase_noise,31249980.1,2100000.0,3000.0,10,31720980.1,-53.8260498
1000000000.0,1146905830.5499647,phase_noise,31249980.1,2100000.0,3000.0,10,31722480.1,-54.02717972
1000000000.0,1146905830.5499647,phase_noise,31249980.1,2100000.0,3000.0,10,31723980.1,-52.83497238
1000000000.0,1146905830.5499647,phase_noise,31249980.1,2100000.0,3000.0,10,31725480.1,-53.04821396
1000000000.0,1146905830.5499647,phase_noise,31249980.1,2100000.0,3000.0,10,31726980.1,-54.62652969
1000000000.0,1146905830.5499647,phase_noise,31249980.1,2100000.0,3000.0,10,31728480.1,-54.71075821
1000000000.0,1146905830.5499647,phase_noise,31249980.1,2100000.0,3000.0,10,31729980.1,-53.40568542
1000000000.0,1146905830.5499647,phase_noise,31249980.1,2100000.0,3000.0,10,31731480.1,-51.87118912
1000000000.0,1146905830.5499647,phase_noise,31249980.1,2100000.0,3000.0,10,31732980.1,-50.68161392
1000000000.0,1146905830.5499647,phase_noise,31249980.1,2100000.0,3000.0,10,31734480.1,-51.11322403
1000000000.0,1146905830.5499647,phase_noise,31249980.1,2100000.0,3000.0,10,31735980.1,-53.09143448
1000000000.0,1146905830.5499647,phase_noise,31249980.1,2100000.0,3000.0,10,31737480.1,-55.66760635
1000000000.0,1146905830.5499647,phase_noise,31249980.1,2100000.0,3000.0,10,31738980.1,-56.10294724
1000000000.0,1146905830.5499647,phase_noise,31249980.1,2100000.0,3000.0,10,31740480.1,-54.50722885
1000000000.0,1146905830.5499647,phase_noise,31249980.1,2100000.0,3000.0,10,31741980.1,-52.30906296
1000000000.0,1146905830.5499647,phase_noise,31249980.1,2100000.0,3000.0,10,31743480.1,-51.15724564
1000000000.0,1146905830.5499647,phase_noise,31249980.1,2100000.0,3000.0,10,31744980.1,-51.33835602
1000000000.0,1146905830.5499647,phase_noise,31249980.1,2100000.0,3000.0,10,31746480.1,-52.45714951
1000000000.0,1146905830.5499647,phase_noise,31249980.1,2100000.0,3000.0,10,31747980.1,-53.91427231
1000000000.0,1146905830.5499647,phase_noise,31249980.1,2100000.0,3000.0,10,31749480.1,-53.69900131
1000000000.0,1146905830.5499647,phase_noise,31249980.1,2100000.0,3000.0,10,31750980.1,-53.00734329
1000000000.0,1146905830.5499647,phase_noise,31249980.1,2100000.0,3000.0,10,31752480.1,-53.56671143
1000000000.0,1146905830.5499647,phase_noise,31249980.1,2100000.0,3000.0,10,31753980.1,-53.1457634
1000000000.0,1146905830.5499647,phase_noise,31249980.1,2100000.0,3000.0,10,31755480.1,-51.53324509
1000000000.0,1146905830.5499647,phase_noise,31249980.1,2100000.0,3000.0,10,31756980.1,-51.35754013
1000000000.0,1146905830.5499647,phase_noise,31249980.1,2100000.0,3000.0,10,31758480.1,-52.42374802
1000000000.0,1146905830.5499647,phase_noise,31249980.1,2100000.0,3000.0,10,31759980.1,-53.02115631
1000000000.0,1146905830.5499647,phase_noise,31249980.1,2100000.0,3000.0,10,31761480.1,-54.39038849
1000000000.0,1146905830.5499647,phase_noise,31249980.1,2100000.0,3000.0,10,31762980.1,-56.41967392
1000000000.0,1146905830.5499647,phase_noise,31249980.1,2100000.0,3000.0,10,31764480.1,-54.53110123
1000000000.0,1146905830.5499647,phase_noise,31249980.1,2100000.0,3000.0,10,31765980.1,-52.74282837
1000000000.0,1146905830.5499647,phase_noise,31249980.1,2100000.0,3000.0,10,31767480.1,-51.63957214
1000000000.0,1146905830.5499647,phase_noise,31249980.1,2100000.0,3000.0,10,31768980.1,-51.2420578
1000000000.0,1146905830.5499647,phase_noise,31249980.1,2100000.0,3000.0,10,31770480.1,-52.44013214
1000000000.0,1146905830.5499647,phase_noise,31249980.1,2100000.0,3000.0,10,31771980.1,-52.50497055
1000000000.0,1146905830.5499647,phase_noise,31249980.1,2100000.0,3000.0,10,31773480.1,-51.53742218
1000000000.0,1146905830.5499647,phase_noise,31249980.1,2100000.0,3000.0,10,31774980.1,-53.07910538
1000000000.0,1146905830.5499647,phase_noise,31249980.1,2100000.0,3000.0,10,31776480.1,-53.92884445
1000000000.0,1146905830.5499647,phase_noise,31249980.1,2100000.0,3000.0,10,31777980.1,-52.99375916
1000000000.0,1146905830.5499647,phase_noise,31249980.1,2100000.0,3000.0,10,31779480.1,-53.24282837
1000000000.0,1146905830.5499647,phase_noise,31249980.1,2100000.0,3000.0,10,31780980.1,-52.21622467
1000000000.0,1146905830.5499647,phase_noise,31249980.1,2100000.0,3000.0,10,31782480.1,-51.39887238
1000000000.0,1146905830.5499647,phase_noise,31249980.1,2100000.0,3000.0,10,31783980.1,-51.60214233
1000000000.0,1146905830.5499647,phase_noise,31249980.1,2100000.0,3000.0,10,31785480.1,-46.9927063
1000000000.0,1146905830.5499647,phase_noise,31249980.1,2100000.0,3000.0,10,31786980.1,-43.89086533
1000000000.0,1146905830.5499647,phase_noise,31249980.1,2100000.0,3000.0,10,31788480.1,-45.3286438
1000000000.0,1146905830.5499647,phase_noise,31249980.1,2100000.0,3000.0,10,31789980.1,-50.05787277
1000000000.0,1146905830.5499647,phase_noise,31249980.1,2100000.0,3000.0,10,31791480.1,-51.64221191
1000000000.0,1146905830.5499647,phase_noise,31249980.1,2100000.0,3000.0,10,31792980.1,-52.04414368
1000000000.0,1146905830.5499647,phase_noise,31249980.1,2100000.0,3000.0,10,31794480.1,-54.21301651
1000000000.0,1146905830.5499647,phase_noise,31249980.1,2100000.0,3000.0,10,31795980.1,-54.99393845
1000000000.0,1146905830.5499647,phase_noise,31249980.1,2100000.0,3000.0,10,31797480.1,-52.52958679
1000000000.0,1146905830.5499647,phase_noise,31249980.1,2100000.0,3000.0,10,31798980.1,-50.76169586
1000000000.0,1146905830.5499647,phase_noise,31249980.1,2100000.0,3000.0,10,31800480.1,-49.93540955
1000000000.0,1146905830.5499647,phase_noise,31249980.1,2100000.0,3000.0,10,31801980.1,-49.43509293
1000000000.0,1146905830.5499647,phase_noise,31249980.1,2100000.0,3000.0,10,31803480.1,-49.21680832
1000000000.0,1146905830.5499647,phase_noise,31249980.1,2100000.0,3000.0,10,31804980.1,-48.46215057
1000000000.0,1146905830.5499647,phase_noise,31249980.1,2100000.0,3000.0,10,31806480.1,-48.38600922
1000000000.0,1146905830.5499647,phase_noise,31249980.1,2100000.0,3000.0,10,31807980.1,-49.75772476
1000000000.0,1146905830.5499647,phase_noise,31249980.1,2100000.0,3000.0,10,31809480.1,-51.0909996
1000000000.0,1146905830.5499647,phase_noise,31249980.1,2100000.0,3000.0,10,31810980.1,-52.0892067
1000000000.0,1146905830.5499647,phase_noise,31249980.1,2100000.0,3000.0,10,31812480.1,-51.97492981
1000000000.0,1146905830.5499647,phase_noise,31249980.1,2100000.0,3000.0,10,31813980.1,-51.13108826
1000000000.0,1146905830.5499647,phase_noise,31249980.1,2100000.0,3000.0,10,31815480.1,-48.646595
1000000000.0,1146905830.5499647,phase_noise,31249980.1,2100000.0,3000.0,10,31816980.1,-47.85810852
1000000000.0,1146905830.5499647,phase_noise,31249980.1,2100000.0,3000.0,10,31818480.1,-49.41384506
1000000000.0,1146905830.5499647,phase_noise,31249980.1,2100000.0,3000.0,10,31819980.1,-49.48057175
1000000000.0,1146905830.5499647,phase_noise,31249980.1,2100000.0,3000.0,10,31821480.1,-48.05846786
1000000000.0,1146905830.5499647,phase_noise,31249980.1,2100000.0,3000.0,10,31822980.1,-47.88899994
1000000000.0,1146905830.5499647,phase_noise,31249980.1,2100000.0,3000.0,10,31824480.1,-49.8204422
1000000000.0,1146905830.5499647,phase_noise,31249980.1,2100000.0,3000.0,10,31825980.1,-51.04356766
1000000000.0,1146905830.5499647,phase_noise,31249980.1,2100000.0,3000.0,10,31827480.1,-50.02998734
1000000000.0,1146905830.5499647,phase_noise,31249980.1,2100000.0,3000.0,10,31828980.1,-49.98590088
1000000000.0,1146905830.5499647,phase_noise,31249980.1,2100000.0,3000.0,10,31830480.1,-50.82844925
1000000000.0,1146905830.5499647,phase_noise,31249980.1,2100000.0,3000.0,10,31831980.1,-51.89016724
1000000000.0,1146905830.5499647,phase_noise,31249980.1,2100000.0,3000.0,10,31833480.1,-52.07803726
1000000000.0,1146905830.5499647,phase_noise,31249980.1,2100000.0,3000.0,10,31834980.1,-50.73418045
1000000000.0,1146905830.5499647,phase_noise,31249980.1,2100000.0,3000.0,10,31836480.1,-49.77878571
1000000000.0,1146905830.5499647,phase_noise,31249980.1,2100000.0,3000.0,10,31837980.1,-49.12298584
1000000000.0,1146905830.5499647,phase_noise,31249980.1,2100000.0,3000.0,10,31839480.1,-48.50598526
1000000000.0,1146905830.5499647,phase_noise,31249980.1,2100000.0,3000.0,10,31840980.1,-49.11501694
1000000000.0,1146905830.5499647,phase_noise,31249980.1,2100000.0,3000.0,10,31842480.1,-51.51421738
1000000000.0,1146905830.5499647,phase_noise,31249980.1,2100000.0,3000.0,10,31843980.1,-50.95098114
1000000000.0,1146905830.5499647,phase_noise,31249980.1,2100000.0,3000.0,10,31845480.1,-49.18074417
1000000000.0,1146905830.5499647,phase_noise,31249980.1,2100000.0,3000.0,10,31846980.1,-49.55479813
1000000000.0,1146905830.5499647,phase_noise,31249980.1,2100000.0,3000.0,10,31848480.1,-51.08787537
1000000000.0,1146905830.5499647,phase_noise,31249980.1,2100000.0,3000.0,10,31849980.1,-51.48352814
1000000000.0,1146905830.5499647,phase_noise,31249980.1,2100000.0,3000.0,10,31851480.1,-49.85250473
1000000000.0,1146905830.5499647,phase_noise,31249980.1,2100000.0,3000.0,10,31852980.1,-47.10935974
1000000000.0,1146905830.5499647,phase_noise,31249980.1,2100000.0,3000.0,10,31854480.1,-44.7481041
1000000000.0,1146905830.5499647,phase_noise,31249980.1,2100000.0,3000.0,10,31855980.1,-44.41321182
1000000000.0,1146905830.5499647,phase_noise,31249980.1,2100000.0,3000.0,10,31857480.1,-46.48089218
1000000000.0,1146905830.5499647,phase_noise,31249980.1,2100000.0,3000.0,10,31858980.1,-49.43507767
1000000000.0,1146905830.5499647,phase_noise,31249980.1,2100000.0,3000.0,10,31860480.1,-50.72408676
1000000000.0,1146905830.5499647,phase_noise,31249980.1,2100000.0,3000.0,10,31861980.1,-49.76140976
1000000000.0,1146905830.5499647,phase_noise,31249980.1,2100000.0,3000.0,10,31863480.1,-49.29275894
1000000000.0,1146905830.5499647,phase_noise,31249980.1,2100000.0,3000.0,10,31864980.1,-49.38303375
1000000000.0,1146905830.5499647,phase_noise,31249980.1,2100000.0,3000.0,10,31866480.1,-49.16708374
1000000000.0,1146905830.5499647,phase_noise,31249980.1,2100000.0,3000.0,10,31867980.1,-48.60149765
1000000000.0,1146905830.5499647,phase_noise,31249980.1,2100000.0,3000.0,10,31869480.1,-47.89004898
1000000000.0,1146905830.5499647,phase_noise,31249980.1,2100000.0,3000.0,10,31870980.1,-46.504776
1000000000.0,1146905830.5499647,phase_noise,31249980.1,2100000.0,3000.0,10,31872480.1,-44.48040009
1000000000.0,1146905830.5499647,phase_noise,31249980.1,2100000.0,3000.0,10,31873980.1,-43.35647583
1000000000.0,1146905830.5499647,phase_noise,31249980.1,2100000.0,3000.0,10,31875480.1,-43.83010864
1000000000.0,1146905830.5499647,phase_noise,31249980.1,2100000.0,3000.0,10,31876980.1,-45.3404274
1000000000.0,1146905830.5499647,phase_noise,31249980.1,2100000.0,3000.0,10,31878480.1,-44.91459656
1000000000.0,1146905830.5499647,phase_noise,31249980.1,2100000.0,3000.0,10,31879980.1,-44.8628006
1000000000.0,1146905830.5499647,phase_noise,31249980.1,2100000.0,3000.0,10,31881480.1,-45.39700699
1000000000.0,1146905830.5499647,phase_noise,31249980.1,2100000.0,3000.0,10,31882980.1,-44.86257935
1000000000.0,1146905830.5499647,phase_noise,31249980.1,2100000.0,3000.0,10,31884480.1,-45.88326263
1000000000.0,1146905830.5499647,phase_noise,31249980.1,2100000.0,3000.0,10,31885980.1,-46.60004425
1000000000.0,1146905830.5499647,phase_noise,31249980.1,2100000.0,3000.0,10,31887480.1,-45.45509338
1000000000.0,1146905830.5499647,phase_noise,31249980.1,2100000.0,3000.0,10,31888980.1,-43.77034378
1000000000.0,1146905830.5499647,phase_noise,31249980.1,2100000.0,3000.0,10,31890480.1,-42.87522888
1000000000.0,1146905830.5499647,phase_noise,31249980.1,2100000.0,3000.0,10,31891980.1,-43.95702362
1000000000.0,1146905830.5499647,phase_noise,31249980.1,2100000.0,3000.0,10,31893480.1,-46.17868423
1000000000.0,1146905830.5499647,phase_noise,31249980.1,2100000.0,3000.0,10,31894980.1,-47.44432449
1000000000.0,1146905830.5499647,phase_noise,31249980.1,2100000.0,3000.0,10,31896480.1,-46.88869095
1000000000.0,1146905830.5499647,phase_noise,31249980.1,2100000.0,3000.0,10,31897980.1,-46.45692062
1000000000.0,1146905830.5499647,phase_noise,31249980.1,2100000.0,3000.0,10,31899480.1,-47.33938599
1000000000.0,1146905830.5499647,phase_noise,31249980.1,2100000.0,3000.0,10,31900980.1,-49.25727081
1000000000.0,1146905830.5499647,phase_noise,31249980.1,2100000.0,3000.0,10,31902480.1,-50.85619736
1000000000.0,1146905830.5499647,phase_noise,31249980.1,2100000.0,3000.0,10,31903980.1,-49.63429642
1000000000.0,1146905830.5499647,phase_noise,31249980.1,2100000.0,3000.0,10,31905480.1,-48.86931229
1000000000.0,1146905830.5499647,phase_noise,31249980.1,2100000.0,3000.0,10,31906980.1,-49.41646576
1000000000.0,1146905830.5499647,phase_noise,31249980.1,2100000.0,3000.0,10,31908480.1,-48.81677246
1000000000.0,1146905830.5499647,phase_noise,31249980.1,2100000.0,3000.0,10,31909980.1,-49.69228363
1000000000.0,1146905830.5499647,phase_noise,31249980.1,2100000.0,3000.0,10,31911480.1,-49.38301849
1000000000.0,1146905830.5499647,phase_noise,31249980.1,2100000.0,3000.0,10,31912980.1,-49.01502609
1000000000.0,1146905830.5499647,phase_noise,31249980.1,2100000.0,3000.0,10,31914480.1,-49.87945938
1000000000.0,1146905830.5499647,phase_noise,31249980.1,2100000.0,3000.0,10,31915980.1,-50.42889404
1000000000.0,1146905830.5499647,phase_noise,31249980.1,2100000.0,3000.0,10,31917480.1,-48.41972351
1000000000.0,1146905830.5499647,phase_noise,31249980.1,2100000.0,3000.0,10,31918980.1,-47.37002945
1000000000.0,1146905830.5499647,phase_noise,31249980.1,2100000.0,3000.0,10,31920480.1,-47.60678482
1000000000.0,1146905830.5499647,phase_noise,31249980.1,2100000.0,3000.0,10,31921980.1,-46.78300858
1000000000.0,1146905830.5499647,phase_noise,31249980.1,2100000.0,3000.0,10,31923480.1,-46.17728806
1000000000.0,1146905830.5499647,phase_noise,31249980.1,2100000.0,3000.0,10,31924980.1,-45.05181885
1000000000.0,1146905830.5499647,phase_noise,31249980.1,2100000.0,3000.0,10,31926480.1,-45.11515808
1000000000.0,1146905830.5499647,phase_noise,31249980.1,2100000.0,3000.0,10,31927980.1,-47.13591003
1000000000.0,1146905830.5499647,phase_noise,31249980.1,2100000.0,3000.0,10,31929480.1,-47.00664139
1000000000.0,1146905830.5499647,phase_noise,31249980.1,2100000.0,3000.0,10,31930980.1,-46.18600464
1000000000.0,1146905830.5499647,phase_noise,31249980.1,2100000.0,3000.0,10,31932480.1,-46.83220291
1000000000.0,1146905830.5499647,phase_noise,31249980.1,2100000.0,3000.0,10,31933980.1,-46.43717957
1000000000.0,1146905830.5499647,phase_noise,31249980.1,2100000.0,3000.0,10,31935480.1,-45.75929642
1000000000.0,1146905830.5499647,phase_noise,31249980.1,2100000.0,3000.0,10,31936980.1,-45.80089569
1000000000.0,1146905830.5499647,phase_noise,31249980.1,2100000.0,3000.0,10,31938480.1,-46.10931778
1000000000.0,1146905830.5499647,phase_noise,31249980.1,2100000.0,3000.0,10,31939980.1,-45.26353836
1000000000.0,1146905830.5499647,phase_noise,31249980.1,2100000.0,3000.0,10,31941480.1,-42.70498276
1000000000.0,1146905830.5499647,phase_noise,31249980.1,2100000.0,3000.0,10,31942980.1,-39.2028656
1000000000.0,1146905830.5499647,phase_noise,31249980.1,2100000.0,3000.0,10,31944480.1,-39.14871216
1000000000.0,1146905830.5499647,phase_noise,31249980.1,2100000.0,3000.0,10,31945980.1,-43.03259659
1000000000.0,1146905830.5499647,phase_noise,31249980.1,2100000.0,3000.0,10,31947480.1,-46.21936798
1000000000.0,1146905830.5499647,phase_noise,31249980.1,2100000.0,3000.0,10,31948980.1,-46.76448059
1000000000.0,1146905830.5499647,phase_noise,31249980.1,2100000.0,3000.0,10,31950480.1,-46.77470016
1000000000.0,1146905830.5499647,phase_noise,31249980.1,2100000.0,3000.0,10,31951980.1,-44.86374283
1000000000.0,1146905830.5499647,phase_noise,31249980.1,2100000.0,3000.0,10,31953480.1,-37.19736099
1000000000.0,1146905830.5499647,phase_noise,31249980.1,2100000.0,3000.0,10,31954980.1,-32.56124878
1000000000.0,1146905830.5499647,phase_noise,31249980.1,2100000.0,3000.0,10,31956480.1,-32.70244217
1000000000.0,1146905830.5499647,phase_noise,31249980.1,2100000.0,3000.0,10,31957980.1,-37.85414505
1000000000.0,1146905830.5499647,phase_noise,31249980.1,2100000.0,3000.0,10,31959480.1,-46.47475052
1000000000.0,1146905830.5499647,phase_noise,31249980.1,2100000.0,3000.0,10,31960980.1,-49.16287613
1000000000.0,1146905830.5499647,phase_noise,31249980.1,2100000.0,3000.0,10,31962480.1,-46.72933197
1000000000.0,1146905830.5499647,phase_noise,31249980.1,2100000.0,3000.0,10,31963980.1,-37.11794662
1000000000.0,1146905830.5499647,phase_noise,31249980.1,2100000.0,3000.0,10,31965480.1,-31.32191467
1000000000.0,1146905830.5499647,phase_noise,31249980.1,2100000.0,3000.0,10,31966980.1,-31.00951958
1000000000.0,1146905830.5499647,phase_noise,31249980.1,2100000.0,3000.0,10,31968480.1,-36.12277603
1000000000.0,1146905830.5499647,phase_noise,31249980.1,2100000.0,3000.0,10,31969980.1,-45.66630554
1000000000.0,1146905830.5499647,phase_noise,31249980.1,2100000.0,3000.0,10,31971480.1,-49.13839722
1000000000.0,1146905830.5499647,phase_noise,31249980.1,2100000.0,3000.0,10,31972980.1,-48.4822731
1000000000.0,1146905830.5499647,phase_noise,31249980.1,2100000.0,3000.0,10,31974480.1,-49.02003479
1000000000.0,1146905830.5499647,phase_noise,31249980.1,2100000.0,3000.0,10,31975980.1,-50.10523987
1000000000.0,1146905830.5499647,phase_noise,31249980.1,2100000.0,3000.0,10,31977480.1,-48.88124084
1000000000.0,1146905830.5499647,phase_noise,31249980.1,2100000.0,3000.0,10,31978980.1,-48.71220016
1000000000.0,1146905830.5499647,phase_noise,31249980.1,2100000.0,3000.0,10,31980480.1,-50.18938065
1000000000.0,1146905830.5499647,phase_noise,31249980.1,2100000.0,3000.0,10,31981980.1,-49.7640686
1000000000.0,1146905830.5499647,phase_noise,31249980.1,2100000.0,3000.0,10,31983480.1,-47.32620621
1000000000.0,1146905830.5499647,phase_noise,31249980.1,2100000.0,3000.0,10,31984980.1,-46.62059784
1000000000.0,1146905830.5499647,phase_noise,31249980.1,2100000.0,3000.0,10,31986480.1,-48.38945007
1000000000.0,1146905830.5499647,phase_noise,31249980.1,2100000.0,3000.0,10,31987980.1,-49.59892654
1000000000.0,1146905830.5499647,phase_noise,31249980.1,2100000.0,3000.0,10,31989480.1,-49.25501633
1000000000.0,1146905830.5499647,phase_noise,31249980.1,2100000.0,3000.0,10,31990980.1,-48.88062286
1000000000.0,1146905830.5499647,phase_noise,31249980.1,2100000.0,3000.0,10,31992480.1,-47.35689926
1000000000.0,1146905830.5499647,phase_noise,31249980.1,2100000.0,3000.0,10,31993980.1,-47.97130203
1000000000.0,1146905830.5499647,phase_noise,31249980.1,2100000.0,3000.0,10,31995480.1,-50.78826904
1000000000.0,1146905830.5499647,phase_noise,31249980.1,2100000.0,3000.0,10,31996980.1,-50.20315552
1000000000.0,1146905830.5499647,phase_noise,31249980.1,2100000.0,3000.0,10,31998480.1,-48.62227631
1000000000.0,1146905830.5499647,phase_noise,31249980.1,2100000.0,3000.0,10,31999980.1,-48.59591675
1000000000.0,1146905830.5499647,phase_noise,31249980.1,2100000.0,3000.0,10,32001480.1,-48.4192009
1000000000.0,1146905830.5499647,phase_noise,31249980.1,2100000.0,3000.0,10,32002980.1,-49.2753067
1000000000.0,1146905830.5499647,phase_noise,31249980.1,2100000.0,3000.0,10,32004480.1,-50.82728195
1000000000.0,1146905830.5499647,phase_noise,31249980.1,2100000.0,3000.0,10,32005980.1,-50.51433563
1000000000.0,1146905830.5499647,phase_noise,31249980.1,2100000.0,3000.0,10,32007480.1,-48.09569168
1000000000.0,1146905830.5499647,phase_noise,31249980.1,2100000.0,3000.0,10,32008980.1,-46.00664139
1000000000.0,1146905830.5499647,phase_noise,31249980.1,2100000.0,3000.0,10,32010480.1,-46.42209625
1000000000.0,1146905830.5499647,phase_noise,31249980.1,2100000.0,3000.0,10,32011980.1,-48.65850067
1000000000.0,1146905830.5499647,phase_noise,31249980.1,2100000.0,3000.0,10,32013480.1,-49.25888824
1000000000.0,1146905830.5499647,phase_noise,31249980.1,2100000.0,3000.0,10,32014980.1,-48.14875412
1000000000.0,1146905830.5499647,phase_noise,31249980.1,2100000.0,3000.0,10,32016480.1,-48.46708679
1000000000.0,1146905830.5499647,phase_noise,31249980.1,2100000.0,3000.0,10,32017980.1,-51.03959656
1000000000.0,1146905830.5499647,phase_noise,31249980.1,2100000.0,3000.0,10,32019480.1,-50.92204666
1000000000.0,1146905830.5499647,phase_noise,31249980.1,2100000.0,3000.0,10,32020980.1,-48.09885406
1000000000.0,1146905830.5499647,phase_noise,31249980.1,2100000.0,3000.0,10,32022480.1,-48.21001053
1000000000.0,1146905830.5499647,phase_noise,31249980.1,2100000.0,3000.0,10,32023980.1,-49.8451004
1000000000.0,1146905830.5499647,phase_noise,31249980.1,2100000.0,3000.0,10,32025480.1,-50.84537506
1000000000.0,1146905830.5499647,phase_noise,31249980.1,2100000.0,3000.0,10,32026980.1,-51.32854462
1000000000.0,1146905830.5499647,phase_noise,31249980.1,2100000.0,3000.0,10,32028480.1,-50.59695053
1000000000.0,1146905830.5499647,phase_noise,31249980.1,2100000.0,3000.0,10,32029980.1,-49.65437317
1000000000.0,1146905830.5499647,phase_noise,31249980.1,2100000.0,3000.0,10,32031480.1,-49.27323532
1000000000.0,1146905830.5499647,phase_noise,31249980.1,2100000.0,3000.0,10,32032980.1,-48.84992981
1000000000.0,1146905830.5499647,phase_noise,31249980.1,2100000.0,3000.0,10,32034480.1,-49.22198486
1000000000.0,1146905830.5499647,phase_noise,31249980.1,2100000.0,3000.0,10,32035980.1,-49.14487076
1000000000.0,1146905830.5499647,phase_noise,31249980.1,2100000.0,3000.0,10,32037480.1,-48.59288025
1000000000.0,1146905830.5499647,phase_noise,31249980.1,2100000.0,3000.0,10,32038980.1,-49.37916946
1000000000.0,1146905830.5499647,phase_noise,31249980.1,2100000.0,3000.0,10,32040480.1,-50.47069168
1000000000.0,1146905830.5499647,phase_noise,31249980.1,2100000.0,3000.0,10,32041980.1,-49.65483856
1000000000.0,1146905830.5499647,phase_noise,31249980.1,2100000.0,3000.0,10,32043480.1,-47.02619553
1000000000.0,1146905830.5499647,phase_noise,31249980.1,2100000.0,3000.0,10,32044980.1,-46.6244545
1000000000.0,1146905830.5499647,phase_noise,31249980.1,2100000.0,3000.0,10,32046480.1,-43.55511856
1000000000.0,1146905830.5499647,phase_noise,31249980.1,2100000.0,3000.0,10,32047980.1,-36.67287827
1000000000.0,1146905830.5499647,phase_noise,31249980.1,2100000.0,3000.0,10,32049480.1,-34.21051025
1000000000.0,1146905830.5499647,phase_noise,31249980.1,2100000.0,3000.0,10,32050980.1,-37.00438309
1000000000.0,1146905830.5499647,phase_noise,31249980.1,2100000.0,3000.0,10,32052480.1,-44.90097046
1000000000.0,1146905830.5499647,phase_noise,31249980.1,2100000.0,3000.0,10,32053980.1,-53.40149307
1000000000.0,1146905830.5499647,phase_noise,31249980.1,2100000.0,3000.0,10,32055480.1,-53.67609024
1000000000.0,1146905830.5499647,phase_noise,31249980.1,2100000.0,3000.0,10,32056980.1,-52.98924637
1000000000.0,1146905830.5499647,phase_noise,31249980.1,2100000.0,3000.0,10,32058480.1,-53.2685318
1000000000.0,1146905830.5499647,phase_noise,31249980.1,2100000.0,3000.0,10,32059980.1,-52.24145126
1000000000.0,1146905830.5499647,phase_noise,31249980.1,2100000.0,3000.0,10,32061480.1,-50.6202774
1000000000.0,1146905830.5499647,phase_noise,31249980.1,2100000.0,3000.0,10,32062980.1,-50.80456543
1000000000.0,1146905830.5499647,phase_noise,31249980.1,2100000.0,3000.0,10,32064480.1,-52.06174088
1000000000.0,1146905830.5499647,phase_noise,31249980.1,2100000.0,3000.0,10,32065980.1,-53.54204559
1000000000.0,1146905830.5499647,phase_noise,31249980.1,2100000.0,3000.0,10,32067480.1,-53.56820297
1000000000.0,1146905830.5499647,phase_noise,31249980.1,2100000.0,3000.0,10,32068980.1,-53.54855728
1000000000.0,1146905830.5499647,phase_noise,31249980.1,2100000.0,3000.0,10,32070480.1,-53.03823471
1000000000.0,1146905830.5499647,phase_noise,31249980.1,2100000.0,3000.0,10,32071980.1,-51.59528351
1000000000.0,1146905830.5499647,phase_noise,31249980.1,2100000.0,3000.0,10,32073480.1,-50.99795914
1000000000.0,1146905830.5499647,phase_noise,31249980.1,2100000.0,3000.0,10,32074980.1,-50.50157547
1000000000.0,1146905830.5499647,phase_noise,31249980.1,2100000.0,3000.0,10,32076480.1,-50.06476593
1000000000.0,1146905830.5499647,phase_noise,31249980.1,2100000.0,3000.0,10,32077980.1,-50.72449493
1000000000.0,1146905830.5499647,phase_noise,31249980.1,2100000.0,3000.0,10,32079480.1,-51.67300797
1000000000.0,1146905830.5499647,phase_noise,31249980.1,2100000.0,3000.0,10,32080980.1,-51.80393982
1000000000.0,1146905830.5499647,phase_noise,31249980.1,2100000.0,3000.0,10,32082480.1,-50.57844543
1000000000.0,1146905830.5499647,phase_noise,31249980.1,2100000.0,3000.0,10,32083980.1,-48.68899536
1000000000.0,1146905830.5499647,phase_noise,31249980.1,2100000.0,3000.0,10,32085480.1,-48.54503632
1000000000.0,1146905830.5499647,phase_noise,31249980.1,2100000.0,3000.0,10,32086980.1,-49.95207214
1000000000.0,1146905830.5499647,phase_noise,31249980.1,2100000.0,3000.0,10,32088480.1,-50.71747589
1000000000.0,1146905830.5499647,phase_noise,31249980.1,2100000.0,3000.0,10,32089980.1,-50.63956833
1000000000.0,1146905830.5499647,phase_noise,31249980.1,2100000.0,3000.0,10,32091480.1,-51.53022003
1000000000.0,1146905830.5499647,phase_noise,31249980.1,2100000.0,3000.0,10,32092980.1,-52.30401611
1000000000.0,1146905830.5499647,phase_noise,31249980.1,2100000.0,3000.0,10,32094480.1,-50.97399521
1000000000.0,1146905830.5499647,phase_noise,31249980.1,2100000.0,3000.0,10,32095980.1,-50.22033691
1000000000.0,1146905830.5499647,phase_noise,31249980.1,2100000.0,3000.0,10,32097480.1,-52.30809784
1000000000.0,1146905830.5499647,phase_noise,31249980.1,2100000.0,3000.0,10,32098980.1,-54.45612335
1000000000.0,1146905830.5499647,phase_noise,31249980.1,2100000.0,3000.0,10,32100480.1,-49.83020401
1000000000.0,1146905830.5499647,phase_noise,31249980.1,2100000.0,3000.0,10,32101980.1,-47.54077148
1000000000.0,1146905830.5499647,phase_noise,31249980.1,2100000.0,3000.0,10,32103480.1,-47.77708817
1000000000.0,1146905830.5499647,phase_noise,31249980.1,2100000.0,3000.0,10,32104980.1,-49.67320251
1000000000.0,1146905830.5499647,phase_noise,31249980.1,2100000.0,3000.0,10,32106480.1,-50.74292374
1000000000.0,1146905830.5499647,phase_noise,31249980.1,2100000.0,3000.0,10,32107980.1,-51.88277054
1000000000.0,1146905830.5499647,phase_noise,31249980.1,2100000.0,3000.0,10,32109480.1,-52.74518204
1000000000.0,1146905830.5499647,phase_noise,31249980.1,2100000.0,3000.0,10,32110980.1,-51.74228668
1000000000.0,1146905830.5499647,phase_noise,31249980.1,2100000.0,3000.0,10,32112480.1,-51.78621674
1000000000.0,1146905830.5499647,phase_noise,31249980.1,2100000.0,3000.0,10,32113980.1,-53.51681519
1000000000.0,1146905830.5499647,phase_noise,31249980.1,2100000.0,3000.0,10,32115480.1,-52.90866852
1000000000.0,1146905830.5499647,phase_noise,31249980.1,2100000.0,3000.0,10,32116980.1,-51.63990402
1000000000.0,1146905830.5499647,phase_noise,31249980.1,2100000.0,3000.0,10,32118480.1,-52.4327774
1000000000.0,1146905830.5499647,phase_noise,31249980.1,2100000.0,3000.0,10,32119980.1,-54.16982269
1000000000.0,1146905830.5499647,phase_noise,31249980.1,2100000.0,3000.0,10,32121480.1,-53.94857025
1000000000.0,1146905830.5499647,phase_noise,31249980.1,2100000.0,3000.0,10,32122980.1,-52.35945892
1000000000.0,1146905830.5499647,phase_noise,31249980.1,2100000.0,3000.0,10,32124480.1,-52.20334625
1000000000.0,1146905830.5499647,phase_noise,31249980.1,2100000.0,3000.0,10,32125980.1,-53.74882507
1000000000.0,1146905830.5499647,phase_noise,31249980.1,2100000.0,3000.0,10,32127480.1,-55.0358429
1000000000.0,1146905830.5499647,phase_noise,31249980.1,2100000.0,3000.0,10,32128980.1,-53.67934418
1000000000.0,1146905830.5499647,phase_noise,31249980.1,2100000.0,3000.0,10,32130480.1,-51.56033707
1000000000.0,1146905830.5499647,phase_noise,31249980.1,2100000.0,3000.0,10,32131980.1,-49.85531998
1000000000.0,1146905830.5499647,phase_noise,31249980.1,2100000.0,3000.0,10,32133480.1,-49.34896851
1000000000.0,1146905830.5499647,phase_noise,31249980.1,2100000.0,3000.0,10,32134980.1,-48.98181915
1000000000.0,1146905830.5499647,phase_noise,31249980.1,2100000.0,3000.0,10,32136480.1,-50.2852211
1000000000.0,1146905830.5499647,phase_noise,31249980.1,2100000.0,3000.0,10,32137980.1,-52.18467331
1000000000.0,1146905830.5499647,phase_noise,31249980.1,2100000.0,3000.0,10,32139480.1,-51.0275383
1000000000.0,1146905830.5499647,phase_noise,31249980.1,2100000.0,3000.0,10,32140980.1,-51.60980606
1000000000.0,1146905830.5499647,phase_noise,31249980.1,2100000.0,3000.0,10,32142480.1,-53.18665314
1000000000.0,1146905830.5499647,phase_noise,31249980.1,2100000.0,3000.0,10,32143980.1,-49.98926163
1000000000.0,1146905830.5499647,phase_noise,31249980.1,2100000.0,3000.0,10,32145480.1,-46.66023254
1000000000.0,1146905830.5499647,phase_noise,31249980.1,2100000.0,3000.0,10,32146980.1,-47.59262085
1000000000.0,1146905830.5499647,phase_noise,31249980.1,2100000.0,3000.0,10,32148480.1,-50.16981506
1000000000.0,1146905830.5499647,phase_noise,31249980.1,2100000.0,3000.0,10,32149980.1,-50.55094528
1000000000.0,1146905830.5499647,phase_noise,31249980.1,2100000.0,3000.0,10,32151480.1,-50.23974228
1000000000.0,1146905830.5499647,phase_noise,31249980.1,2100000.0,3000.0,10,32152980.1,-49.6937294
1000000000.0,1146905830.5499647,phase_noise,31249980.1,2100000.0,3000.0,10,32154480.1,-49.49007034
1000000000.0,1146905830.5499647,phase_noise,31249980.1,2100000.0,3000.0,10,32155980.1,-48.20215607
1000000000.0,1146905830.5499647,phase_noise,31249980.1,2100000.0,3000.0,10,32157480.1,-48.55377579
1000000000.0,1146905830.5499647,phase_noise,31249980.1,2100000.0,3000.0,10,32158980.1,-49.94501877
1000000000.0,1146905830.5499647,phase_noise,31249980.1,2100000.0,3000.0,10,32160480.1,-51.04258728
1000000000.0,1146905830.5499647,phase_noise,31249980.1,2100000.0,3000.0,10,32161980.1,-53.63592529
1000000000.0,1146905830.5499647,phase_noise,31249980.1,2100000.0,3000.0,10,32163480.1,-55.49311829
1000000000.0,1146905830.5499647,phase_noise,31249980.1,2100000.0,3000.0,10,32164980.1,-54.57176971
1000000000.0,1146905830.5499647,phase_noise,31249980.1,2100000.0,3000.0,10,32166480.1,-52.76306152
1000000000.0,1146905830.5499647,phase_noise,31249980.1,2100000.0,3000.0,10,32167980.1,-52.41666031
1000000000.0,1146905830.5499647,phase_noise,31249980.1,2100000.0,3000.0,10,32169480.1,-53.48703766
1000000000.0,1146905830.5499647,phase_noise,31249980.1,2100000.0,3000.0,10,32170980.1,-54.49911499
1000000000.0,1146905830.5499647,phase_noise,31249980.1,2100000.0,3000.0,10,32172480.1,-55.35408783
1000000000.0,1146905830.5499647,phase_noise,31249980.1,2100000.0,3000.0,10,32173980.1,-56.99150085
1000000000.0,1146905830.5499647,phase_noise,31249980.1,2100000.0,3000.0,10,32175480.1,-55.56774521
1000000000.0,1146905830.5499647,phase_noise,31249980.1,2100000.0,3000.0,10,32176980.1,-53.26249695
1000000000.0,1146905830.5499647,phase_noise,31249980.1,2100000.0,3000.0,10,32178480.1,-54.14252472
1000000000.0,1146905830.5499647,phase_noise,31249980.1,2100000.0,3000.0,10,32179980.1,-55.75144577
1000000000.0,1146905830.5499647,phase_noise,31249980.1,2100000.0,3000.0,10,32181480.1,-55.09608459
1000000000.0,1146905830.5499647,phase_noise,31249980.1,2100000.0,3000.0,10,32182980.1,-51.44560242
1000000000.0,1146905830.5499647,phase_noise,31249980.1,2100000.0,3000.0,10,32184480.1,-48.20912933
1000000000.0,1146905830.5499647,phase_noise,31249980.1,2100000.0,3000.0,10,32185980.1,-46.69910049
1000000000.0,1146905830.5499647,phase_noise,31249980.1,2100000.0,3000.0,10,32187480.1,-46.87722015
1000000000.0,1146905830.5499647,phase_noise,31249980.1,2100000.0,3000.0,10,32188980.1,-49.25616074
1000000000.0,1146905830.5499647,phase_noise,31249980.1,2100000.0,3000.0,10,32190480.1,-51.35871887
1000000000.0,1146905830.5499647,phase_noise,31249980.1,2100000.0,3000.0,10,32191980.1,-49.09143829
1000000000.0,1146905830.5499647,phase_noise,31249980.1,2100000.0,3000.0,10,32193480.1,-46.97158432
1000000000.0,1146905830.5499647,phase_noise,31249980.1,2100000.0,3000.0,10,32194980.1,-47.56382751
1000000000.0,1146905830.5499647,phase_noise,31249980.1,2100000.0,3000.0,10,32196480.1,-49.05465317
1000000000.0,1146905830.5499647,phase_noise,31249980.1,2100000.0,3000.0,10,32197980.1,-48.59962845
1000000000.0,1146905830.5499647,phase_noise,31249980.1,2100000.0,3000.0,10,32199480.1,-46.99940491
1000000000.0,1146905830.5499647,phase_noise,31249980.1,2100000.0,3000.0,10,32200980.1,-46.13292313
1000000000.0,1146905830.5499647,phase_noise,31249980.1,2100000.0,3000.0,10,32202480.1,-47.24739456
1000000000.0,1146905830.5499647,phase_noise,31249980.1,2100000.0,3000.0,10,32203980.1,-49.39297867
1000000000.0,1146905830.5499647,phase_noise,31249980.1,2100000.0,3000.0,10,32205480.1,-47.62833405
1000000000.0,1146905830.5499647,phase_noise,31249980.1,2100000.0,3000.0,10,32206980.1,-46.39123917
1000000000.0,1146905830.5499647,phase_noise,31249980.1,2100000.0,3000.0,10,32208480.1,-45.06736374
1000000000.0,1146905830.5499647,phase_noise,31249980.1,2100000.0,3000.0,10,32209980.1,-43.64855957
1000000000.0,1146905830.5499647,phase_noise,31249980.1,2100000.0,3000.0,10,32211480.1,-44.08677292
1000000000.0,1146905830.5499647,phase_noise,31249980.1,2100000.0,3000.0,10,32212980.1,-44.69072342
1000000000.0,1146905830.5499647,phase_noise,31249980.1,2100000.0,3000.0,10,32214480.1,-43.83546829
1000000000.0,1146905830.5499647,phase_noise,31249980.1,2100000.0,3000.0,10,32215980.1,-43.86032486
1000000000.0,1146905830.5499647,phase_noise,31249980.1,2100000.0,3000.0,10,32217480.1,-47.26868439
1000000000.0,1146905830.5499647,phase_noise,31249980.1,2100000.0,3000.0,10,32218980.1,-52.05728912
1000000000.0,1146905830.5499647,phase_noise,31249980.1,2100000.0,3000.0,10,32220480.1,-54.13409805
1000000000.0,1146905830.5499647,phase_noise,31249980.1,2100000.0,3000.0,10,32221980.1,-54.41155243
1000000000.0,1146905830.5499647,phase_noise,31249980.1,2100000.0,3000.0,10,32223480.1,-53.5765152
1000000000.0,1146905830.5499647,phase_noise,31249980.1,2100000.0,3000.0,10,32224980.1,-54.21731186
1000000000.0,1146905830.5499647,phase_noise,31249980.1,2100000.0,3000.0,10,32226480.1,-54.48360443
1000000000.0,1146905830.5499647,phase_noise,31249980.1,2100000.0,3000.0,10,32227980.1,-52.7112999
1000000000.0,1146905830.5499647,phase_noise,31249980.1,2100000.0,3000.0,10,32229480.1,-52.11453247
1000000000.0,1146905830.5499647,phase_noise,31249980.1,2100000.0,3000.0,10,32230980.1,-53.77530289
1000000000.0,1146905830.5499647,phase_noise,31249980.1,2100000.0,3000.0,10,32232480.1,-54.41092682
1000000000.0,1146905830.5499647,phase_noise,31249980.1,2100000.0,3000.0,10,32233980.1,-51.92066193
1000000000.0,1146905830.5499647,phase_noise,31249980.1,2100000.0,3000.0,10,32235480.1,-49.02603912
1000000000.0,1146905830.5499647,phase_noise,31249980.1,2100000.0,3000.0,10,32236980.1,-46.45491028
1000000000.0,1146905830.5499647,phase_noise,31249980.1,2100000.0,3000.0,10,32238480.1,-44.46931839
1000000000.0,1146905830.5499647,phase_noise,31249980.1,2100000.0,3000.0,10,32239980.1,-44.10577774
1000000000.0,1146905830.5499647,phase_noise,31249980.1,2100000.0,3000.0,10,32241480.1,-47.01440811
1000000000.0,1146905830.5499647,phase_noise,31249980.1,2100000.0,3000.0,10,32242980.1,-49.5517807
1000000000.0,1146905830.5499647,phase_noise,31249980.1,2100000.0,3000.0,10,32244480.1,-47.70282745
1000000000.0,1146905830.5499647,phase_noise,31249980.1,2100000.0,3000.0,10,32245980.1,-46.92235947
1000000000.0,1146905830.5499647,phase_noise,31249980.1,2100000.0,3000.0,10,32247480.1,-48.33263779
1000000000.0,1146905830.5499647,phase_noise,31249980.1,2100000.0,3000.0,10,32248980.1,-50.4651947
1000000000.0,1146905830.5499647,phase_noise,31249980.1,2100000.0,3000.0,10,32250480.1,-50.69061279
1000000000.0,1146905830.5499647,phase_noise,31249980.1,2100000.0,3000.0,10,32251980.1,-48.42124557
1000000000.0,1146905830.5499647,phase_noise,31249980.1,2100000.0,3000.0,10,32253480.1,-47.07284164
1000000000.0,1146905830.5499647,phase_noise,31249980.1,2100000.0,3000.0,10,32254980.1,-47.53786087
1000000000.0,1146905830.5499647,phase_noise,31249980.1,2100000.0,3000.0,10,32256480.1,-48.48559952
1000000000.0,1146905830.5499647,phase_noise,31249980.1,2100000.0,3000.0,10,32257980.1,-47.33442307
1000000000.0,1146905830.5499647,phase_noise,31249980.1,2100000.0,3000.0,10,32259480.1,-46.19314575
1000000000.0,1146905830.5499647,phase_noise,31249980.1,2100000.0,3000.0,10,32260980.1,-45.2179985
1000000000.0,1146905830.5499647,phase_noise,31249980.1,2100000.0,3000.0,10,32262480.1,-43.1771965
1000000000.0,1146905830.5499647,phase_noise,31249980.1,2100000.0,3000.0,10,32263980.1,-42.95558167
1000000000.0,1146905830.5499647,phase_noise,31249980.1,2100000.0,3000.0,10,32265480.1,-43.65405273
1000000000.0,1146905830.5499647,phase_noise,31249980.1,2100000.0,3000.0,10,32266980.1,-42.85018539
1000000000.0,1146905830.5499647,phase_noise,31249980.1,2100000.0,3000.0,10,32268480.1,-42.74875259
1000000000.0,1146905830.5499647,phase_noise,31249980.1,2100000.0,3000.0,10,32269980.1,-45.97778702
1000000000.0,1146905830.5499647,phase_noise,31249980.1,2100000.0,3000.0,10,32271480.1,-49.65683365
1000000000.0,1146905830.5499647,phase_noise,31249980.1,2100000.0,3000.0,10,32272980.1,-50.06700897
1000000000.0,1146905830.5499647,phase_noise,31249980.1,2100000.0,3000.0,10,32274480.1,-49.8896637
1000000000.0,1146905830.5499647,phase_noise,31249980.1,2100000.0,3000.0,10,32275980.1,-48.6924057
1000000000.0,1146905830.5499647,phase_noise,31249980.1,2100000.0,3000.0,10,32277480.1,-48.95985413
1000000000.0,1146905830.5499647,phase_noise,31249980.1,2100000.0,3000.0,10,32278980.1,-51.92369461
1000000000.0,1146905830.5499647,phase_noise,31249980.1,2100000.0,3000.0,10,32280480.1,-53.44036102
1000000000.0,1146905830.5499647,phase_noise,31249980.1,2100000.0,3000.0,10,32281980.1,-53.22501755
1000000000.0,1146905830.5499647,phase_noise,31249980.1,2100000.0,3000.0,10,32283480.1,-54.89089203
1000000000.0,1146905830.5499647,phase_noise,31249980.1,2100000.0,3000.0,10,32284980.1,-55.01140213
1000000000.0,1146905830.5499647,phase_noise,31249980.1,2100000.0,3000.0,10,32286480.1,-51.52898407
1000000000.0,1146905830.5499647,phase_noise,31249980.1,2100000.0,3000.0,10,32287980.1,-47.75848007
1000000000.0,1146905830.5499647,phase_noise,31249980.1,2100000.0,3000.0,10,32289480.1,-46.08444977
1000000000.0,1146905830.5499647,phase_noise,31249980.1,2100000.0,3000.0,10,32290980.1,-44.96025848
1000000000.0,1146905830.5499647,phase_noise,31249980.1,2100000.0,3000.0,10,32292480.1,-44.21355438
1000000000.0,1146905830.5499647,phase_noise,31249980.1,2100000.0,3000.0,10,32293980.1,-45.41685867
1000000000.0,1146905830.5499647,phase_noise,31249980.1,2100000.0,3000.0,10,32295480.1,-46.63117981
1000000000.0,1146905830.5499647,phase_noise,31249980.1,2100000.0,3000.0,10,32296980.1,-46.01076126
1000000000.0,1146905830.5499647,phase_noise,31249980.1,2100000.0,3000.0,10,32298480.1,-45.55185699
1000000000.0,1146905830.5499647,phase_noise,31249980.1,2100000.0,3000.0,10,32299980.1,-46.64898682
1000000000.0,1146905830.5499647,L_trace,31249980.1,,,10,100.5,-90.04735567678547
1000000000.0,1146905830.5499647,L_trace,31249980.1,,,10,102.0,-90.99636230860234
1000000000.0,1146905830.5499647,L_trace,31249980.1,,,10,103.5,-91.23260442875205
1000000000.0,1146905830.5499647,L_trace,31249980.1,,,10,105.0,-91.28030200938905
1000000000.0,1146905830.5499647,L_trace,31249980.1,,,10,106.5,-92.95823213830239
1000000000.0,1146905830.5499647,L_trace,31249980.1,,,10,108.0,-94.36679231475817
1000000000.0,1146905830.5499647,L_trace,31249980.1,,,10,109.5,-93.2073298841534
1000000000.0,1146905830.5499647,L_trace,31249980.1,,,10,111.0,-92.48568483302206
1000000000.0,1146905830.5499647,L_trace,31249980.1,,,10,112.5,-93.72114305255754
1000000000.0,1146905830.5499647,L_trace,31249980.1,,,10,114.0,-96.20958969642608
1000000000.0,1146905830.5499647,L_trace,31249980.1,,,10,115.5,-95.9585892960692
1000000000.0,1146905830.5499647,L_trace,31249980.1,,,10,117.0,-95.49397355512744
1000000000.0,1146905830.5499647,L_trace,31249980.1,,,10,118.5,-95.17816373253868
1000000000.0,1146905830.5499647,L_trace,31249980.1,,,10,120.0,-94.80725606361618
1000000000.0,1146905830.5499647,L_trace,31249980.1,,,10,121.5,-94.30004484965592
1000000000.0,1146905830.5499647,L_trace,31249980.1,,,10,123.0,-93.53790120576934
1000000000.0,1146905830.5499647,L_trace,31249980.1,,,10,124.5,-93.60218014267225
1000000000.0,1146905830.5499647,L_trace,31249980.1,,,10,126.0,-94.76756145178771
1000000000.0,1146905830.5499647,L_trace,31249980.1,,,10,127.5,-95.19332635564056
1000000000.0,1146905830.5499647,L_trace,31249980.1,,,10,129.0,-94.62880052997419
1000000000.0,1146905830.5499647,L_trace,31249980.1,,,10,130.5,-93.93389586489124
1000000000.0,1146905830.5499647,L_trace,31249980.1,,,10,132.0,-93.71173811196824
1000000000.0,1146905830.5499647,L_trace,31249980.1,,,10,133.5,-94.48124815135368
1000000000.0,1146905830.5499647,L_trace,31249980.1,,,10,135.0,-93.72216349702528
1000000000.0,1146905830.5499647,L_trace,31249980.1,,,10,136.5,-92.34056631443767
1000000000.0,1146905830.5499647,L_trace,31249980.1,,,10,138.0,-91.88744517274664
1000000000.0,1146905830.5499647,L_trace,31249980.1,,,10,139.5,-92.36913162167507
1000000000.0,1146905830.5499647,L_trace,31249980.1,,,10,141.0,-93.62164626712762
1000000000.0,1146905830.5499647,L_trace,31249980.1,,,10,142.5,-94.28339300967077
1000000000.0,1146905830.5499647,L_trace,31249980.1,,,10,144.0,-93.87671452448407
1000000000.0,1146905830.5499647,L_trace,31249980.1,,,10,145.5,-93.8451393558164
1000000000.0,1146905830.5499647,L_trace,31249980.1,,,10,147.0,-94.00913694253322
1000000000.0,1146905830.5499647,L_trace,31249980.1,,,10,148.5,-93.83993408595958
1000000000.0,1146905830.5499647,L_trace,31249980.1,,,10,150.0,-93.54151608938855
1000000000.0,1146905830.5499647,L_trace,31249980.1,,,10,151.5,-93.53192481448222
1000000000.0,1146905830.5499647,L_trace,31249980.1,,,10,153.0,-94.21214789410432
1000000000.0,1146905830.5499647,L_trace,31249980.1,,,10,154.5,-94.47635616382992
1000000000.0,1146905830.5499647,L_trace,31249980.1,,,10,156.0,-93.93060599840948
1000000000.0,1146905830.5499647,L_trace,31249980.1,,,10,157.5,-93.94972018289425
1000000000.0,1146905830.5499647,L_trace,31249980.1,,,10,159.0,-93.61011314589781
1000000000.0,1146905830.5499647,L_trace,31249980.1,,,10,160.5,-93.54816563503695
1000000000.0,1146905830.5499647,L_trace,31249980.1,,,10,162.0,-93.8847131321878
1000000000.0,1146905830.5499647,L_trace,31249980.1,,,10,163.5,-94.53200921864597
1000000000.0,1146905830.5499647,L_trace,31249980.1,,,10,165.0,-94.82553209032415
1000000000.0,1146905830.5499647,L_trace,31249980.1,,,10,166.5,-94.00427917205384
1000000000.0,1146905830.5499647,L_trace,31249980.1,,,10,168.0,-93.67158563073242
1000000000.0,1146905830.5499647,L_trace,31249980.1,,,10,169.5,-93.7260589922095
1000000000.0,1146905830.5499647,L_trace,31249980.1,,,10,171.0,-93.71164586147974
1000000000.0,1146905830.5499647,L_trace,31249980.1,,,10,172.5,-93.97094055589923
1000000000.0,1146905830.5499647,L_trace,31249980.1,,,10,174.0,-94.34024643674422
1000000000.0,1146905830.5499647,L_trace,31249980.1,,,10,175.5,-94.04652184182379
1000000000.0,1146905830.5499647,L_trace,31249980.1,,,10,177.0,-92.87302240243801
1000000000.0,1146905830.5499647,L_trace,31249980.1,,,10,178.5,-92.42843171609896
1000000000.0,1146905830.5499647,L_trace,31249980.1,,,10,180.0,-93.84891466847223
1000000000.0,1146905830.5499647,L_trace,31249980.1,,,10,181.5,-95.78570382308051
1000000000.0,1146905830.5499647,L_trace,31249980.1,,,10,183.0,-94.68306029290919
1000000000.0,1146905830.5499647,L_trace,31249980.1,,,10,184.5,-93.34196249827875
1000000000.0,1146905830.5499647,L_trace,31249980.1,,,10,186.0,-93.82837483986276
1000000000.0,1146905830.5499647,L_trace,31249980.1,,,10,187.5,-94.57437252653368
1000000000.0,1146905830.5499647,L_trace,31249980.1,,,10,189.0,-95.55211740843464
1000000000.0,1146905830.5499647,L_trace,31249980.1,,,10,190.5,-96.12091472843353
1000000000.0,1146905830.5499647,L_trace,31249980.1,,,10,192.0,-94.19071229331182
1000000000.0,1146905830.5499647,L_trace,31249980.1,,,10,193.5,-92.67534663632222
1000000000.0,1146905830.5499647,L_trace,31249980.1,,,10,195.0,-92.41007352647951
1000000000.0,1146905830.5499647,L_trace,31249980.1,,,10,196.5,-91.24373809622188
1000000000.0,1146905830.5499647,L_trace,31249980.1,,,10,198.0,-87.62455460403612
1000000000.0,1146905830.5499647,L_trace,31249980.1,,,10,199.5,-85.06034055763854
1000000000.0,1146905830.5499647,L_trace,31249980.1,,,10,201.0,-85.59661554233662
1000000000.0,1146905830.5499647,L_trace,31249980.1,,,10,202.5,-89.58106892913709
1000000000.0,1146905830.5499647,L_trace,31249980.1,,,10,204.0,-93.87193645329367
1000000000.0,1146905830.5499647,L_trace,31249980.1,,,10,205.5,-94.03987929799177
1000000000.0,1146905830.5499647,L_trace,31249980.1,,,10,207.0,-94.5220095354461
1000000000.0,1146905830.5499647,L_trace,31249980.1,,,10,208.5,-95.9100470437169
1000000000.0,1146905830.5499647,L_trace,31249980.1,,,10,210.0,-96.49495386410165
1000000000.0,1146905830.5499647,L_trace,31249980.1,,,10,211.5,-96.4085113020031
1000000000.0,1146905830.5499647,L_trace,31249980.1,,,10,213.0,-96.3175982204619
1000000000.0,1146905830.5499647,L_trace,31249980.1,,,10,214.5,-95.78299474340325
1000000000.0,1146905830.5499647,L_trace,31249980.1,,,10,216.0,-95.32800831302698
1000000000.0,1146905830.5499647,L_trace,31249980.1,,,10,217.5,-94.63713112860874
1000000000.0,1146905830.5499647,L_trace,31249980.1,,,10,219.0,-94.61226223421359
1000000000.0,1146905830.5499647,L_trace,31249980.1,,,10,220.5,-95.24982069781457
1000000000.0,1146905830.5499647,L_trace,31249980.1,,,10,222.0,-95.46351425525157
1000000000.0,1146905830.5499647,L_trace,31249980.1,,,10,223.5,-95.78180469843905
1000000000.0,1146905830.5499647,L_trace,31249980.1,,,10,225.0,-89.33371086657384
1000000000.0,1146905830.5499647,L_trace,31249980.1,,,10,226.5,-83.63899981116704
1000000000.0,1146905830.5499647,L_trace,31249980.1,,,10,228.0,-82.58275067184597
1000000000.0,1146905830.5499647,L_trace,31249980.1,,,10,229.5,-85.74611998451526
1000000000.0,1146905830.5499647,L_trace,31249980.1,,,10,231.0,-87.46992574351164
1000000000.0,1146905830.5499647,L_trace,31249980.1,,,10,232.5,-85.27675396110449
1000000000.0,1146905830.5499647,L_trace,31249980.1,,,10,234.0,-86.22557297189776
1000000000.0,1146905830.5499647,L_trace,31249980.1,,,10,235.5,-90.64384315570022
1000000000.0,1146905830.5499647,L_trace,31249980.1,,,10,237.0,-93.50345113651632
1000000000.0,1146905830.5499647,L_trace,31249980.1,,,10,238.5,-92.82676875912098
1000000000.0,1146905830.5499647,L_trace,31249980.1,,,10,240.0,-93.39755930876355
1000000000.0,1146905830.5499647,L_trace,31249980.1,,,10,241.5,-94.73508541057298
1000000000.0,1146905830.5499647,L_trace,31249980.1,,,10,243.0,-95.56025797448162
1000000000.0,1146905830.5499647,L_trace,31249980.1,,,10,244.5,-95.20201265370963
1000000000.0,1146905830.5499647,L_trace,31249980.1,,,10,246.0,-94.71584966133302
1000000000.0,1146905830.5499647,L_trace,31249980.1,,,10,247.5,-94.58983555535796
1000000000.0,1146905830.5499647,L_trace,31249980.1,,,10,249.0,-94.59352848809783
1000000000.0,1146905830.5499647,L_trace,31249980.1,,,10,250.5,-95.36705315110825
1000000000.0,1146905830.5499647,L_trace,31249980.1,,,10,252.0,-95.92684537320373
1000000000.0,1146905830.5499647,L_trace,31249980.1,,,10,253.5,-95.90408176190856
1000000000.0,1146905830.5499647,L_trace,31249980.1,,,10,255.0,-94.88536003394209
1000000000.0,1146905830.5499647,L_trace,31249980.1,,,10,256.5,-94.24140357016672
1000000000.0,1146905830.5499647,L_trace,31249980.1,,,10,258.0,-93.89023170761085
1000000000.0,1146905830.5499647,L_trace,31249980.1,,,10,259.5,-93.04384578885184
1000000000.0,1146905830.5499647,L_trace,31249980.1,,,10,261.0,-93.34495970607968
1000000000.0,1146905830.5499647,L_trace,31249980.1,,,10,262.5,-93.98000538047366
1000000000.0,1146905830.5499647,L_trace,31249980.1,,,10,264.0,-93.95396517078119
1000000000.0,1146905830.5499647,L_trace,31249980.1,,,10,265.5,-94.43104271208072
1000000000.0,1146905830.5499647,L_trace,31249980.1,,,10,267.0,-94.09161675148677
1000000000.0,1146905830.5499647,L_trace,31249980.1,,,10,268.5,-94.3338878253329
1000000000.0,1146905830.5499647,L_trace,31249980.1,,,10,270.0,-95.64819536026876
1000000000.0,1146905830.5499647,L_trace,31249980.1,,,10,271.5,-95.92823642560147
1000000000.0,1146905830.5499647,L_trace,31249980.1,,,10,273.0,-95.58798892525111
1000000000.0,1146905830.5499647,L_trace,31249980.1,,,10,274.5,-95.85819903072999
1000000000.0,1146905830.5499647,L_trace,31249980.1,,,10,276.0,-96.77655024007711
1000000000.0,1146905830.5499647,L_trace,31249980.1,,,10,277.5,-96.66948948843509
1000000000.0,1146905830.5499647,L_trace,31249980.1,,,10,279.0,-95.75207831945333
1000000000.0,1146905830.5499647,L_trace,31249980.1,,,10,280.5,-95.23223681894443
1000000000.0,1146905830.5499647,L_trace,31249980.1,,,10,282.0,-94.9126406180479
1000000000.0,1146905830.5499647,L_trace,31249980.1,,,10,283.5,-95.12356156091606
1000000000.0,1146905830.5499647,L_trace,31249980.1,,,10,285.0,-95.1433073055074
1000000000.0,1146905830.5499647,L_trace,31249980.1,,,10,286.5,-94.85851758224588
1000000000.0,1146905830.5499647,L_trace,31249980.1,,,10,288.0,-96.32913924654169
1000000000.0,1146905830.5499647,L_trace,31249980.1,,,10,289.5,-96.34621189497798
1000000000.0,1146905830.5499647,L_trace,31249980.1,,,10,291.0,-94.71853360604935
1000000000.0,1146905830.5499647,L_trace,31249980.1,,,10,292.5,-94.67995399585416
1000000000.0,1146905830.5499647,L_trace,31249980.1,,,10,294.0,-94.35485657045255
1000000000.0,1146905830.5499647,L_trace,31249980.1,,,10,295.5,-93.69795177882956
1000000000.0,1146905830.5499647,L_trace,31249980.1,,,10,297.0,-92.24358493380034
1000000000.0,1146905830.5499647,L_trace,31249980.1,,,10,298.5,-86.46354097739827
1000000000.0,1146905830.5499647,L_trace,31249980.1,,,10,300.0,-83.15724578594667
1000000000.0,1146905830.5499647,L_trace,31249980.1,,,10,301.5,-84.06301749815775
1000000000.0,1146905830.5499647,L_trace,31249980.1,,,10,303.0,-88.6872386763007
1000000000.0,1146905830.5499647,L_trace,31249980.1,,,10,304.5,-93.7943453418972
1000000000.0,1146905830.5499647,L_trace,31249980.1,,,10,306.0,-95.29475519865348
1000000000.0,1146905830.5499647,L_trace,31249980.1,,,10,307.5,-96.1378873310603
1000000000.0,1146905830.5499647,L_trace,31249980.1,,,10,309.0,-95.37518144328153
1000000000.0,1146905830.5499647,L_trace,31249980.1,,,10,310.5,-92.05853675664362
1000000000.0,1146905830.5499647,L_trace,31249980.1,,,10,312.0,-90.60782915828756
1000000000.0,1146905830.5499647,L_trace,31249980.1,,,10,313.5,-90.038854048944
1000000000.0,1146905830.5499647,L_trace,31249980.1,,,10,315.0,-89.11509531552052
1000000000.0,1146905830.5499647,L_trace,31249980.1,,,10,316.5,-88.54260213510769
1000000000.0,1146905830.5499647,L_trace,31249980.1,,,10,318.0,-89.99335326473042
1000000000.0,1146905830.5499647,L_trace,31249980.1,,,10,319.5,-92.53676470911684
1000000000.0,1146905830.5499647,L_trace,31249980.1,,,10,321.0,-92.99873274445837
1000000000.0,1146905830.5499647,L_trace,31249980.1,,,10,322.5,-92.736760255042
1000000000.0,1146905830.5499647,L_trace,31249980.1,,,10,324.0,-93.5145163371724
1000000000.0,1146905830.5499647,L_trace,31249980.1,,,10,325.5,-94.89263801031838
1000000000.0,1146905830.5499647,L_trace,31249980.1,,,10,327.0,-95.09719309877259
1000000000.0,1146905830.5499647,L_trace,31249980.1,,,10,328.5,-94.52460044998408
1000000000.0,1146905830.5499647,L_trace,31249980.1,,,10,330.0,-93.65785402190072
1000000000.0,1146905830.5499647,L_trace,31249980.1,,,10,331.5,-92.85225931682905
1000000000.0,1146905830.5499647,L_trace,31249980.1,,,10,333.0,-92.62453846035883
1000000000.0,1146905830.5499647,L_trace,31249980.1,,,10,334.5,-93.55660805915608
1000000000.0,1146905830.5499647,L_trace,31249980.1,,,10,336.0,-94.16899079000711
1000000000.0,1146905830.5499647,L_trace,31249980.1,,,10,337.5,-93.27197432676738
1000000000.0,1146905830.5499647,L_trace,31249980.1,,,10,339.0,-92.88272946826825
1000000000.0,1146905830.5499647,L_trace,31249980.1,,,10,340.5,-93.30894057551552
1000000000.0,1146905830.5499647,L_trace,31249980.1,,,10,342.0,-94.27690178462352
1000000000.0,1146905830.5499647,L_trace,31249980.1,,,10,343.5,-95.69614924995481
1000000000.0,1146905830.5499647,L_trace,31249980.1,,,10,345.0,-95.60554012016918
1000000000.0,1146905830.5499647,L_trace,31249980.1,,,10,346.5,-94.92515527992464
1000000000.0,1146905830.5499647,L_trace,31249980.1,,,10,348.0,-95.47163121686849
1000000000.0,1146905830.5499647,L_trace,31249980.1,,,10,349.5,-94.59234787682335
1000000000.0,1146905830.5499647,L_trace,31249980.1,,,10,351.0,-93.310076749879
1000000000.0,1146905830.5499647,L_trace,31249980.1,,,10,352.5,-94.0347742043247
1000000000.0,1146905830.5499647,L_trace,31249980.1,,,10,354.0,-95.24688449574869
1000000000.0,1146905830.5499647,L_trace,31249980.1,,,10,355.5,-96.59449407255126
1000000000.0,1146905830.5499647,L_trace,31249980.1,,,10,357.0,-97.62811559604138
1000000000.0,1146905830.5499647,L_trace,31249980.1,,,10,358.5,-96.59499063670827
1000000000.0,1146905830.5499647,L_trace,31249980.1,,,10,360.0,-96.02610577143234
1000000000.0,1146905830.5499647,L_trace,31249980.1,,,10,361.5,-96.7948892601208
1000000000.0,1146905830.5499647,L_trace,31249980.1,,,10,363.0,-93.84314834317576
1000000000.0,1146905830.5499647,L_trace,31249980.1,,,10,364.5,-89.0828364743145
1000000000.0,1146905830.5499647,L_trace,31249980.1,,,10,366.0,-84.11007868237729
1000000000.0,1146905830.5499647,L_trace,31249980.1,,,10,367.5,-81.04622201172747
1000000000.0,1146905830.5499647,L_trace,31249980.1,,,10,369.0,-80.4471944464258
1000000000.0,1146905830.5499647,L_trace,31249980.1,,,10,370.5,-81.87914892446838
1000000000.0,1146905830.5499647,L_trace,31249980.1,,,10,372.0,-83.76595080536323
1000000000.0,1146905830.5499647,L_trace,31249980.1,,,10,373.5,-86.0724663260914
1000000000.0,1146905830.5499647,L_trace,31249980.1,,,10,375.0,-90.64139847205716
1000000000.0,1146905830.5499647,L_trace,31249980.1,,,10,376.5,-94.04459826193495
1000000000.0,1146905830.5499647,L_trace,31249980.1,,,10,378.0,-95.30187458204132
1000000000.0,1146905830.5499647,L_trace,31249980.1,,,10,379.5,-95.77512789246559
1000000000.0,1146905830.5499647,L_trace,31249980.1,,,10,381.0,-94.99418131136322
1000000000.0,1146905830.5499647,L_trace,31249980.1,,,10,382.5,-94.82047284367029
1000000000.0,1146905830.5499647,L_trace,31249980.1,,,10,384.0,-95.1959618559747
1000000000.0,1146905830.5499647,L_trace,31249980.1,,,10,385.5,-95.39111358252636
1000000000.0,1146905830.5499647,L_trace,31249980.1,,,10,387.0,-95.38378085363102
1000000000.0,1146905830.5499647,L_trace,31249980.1,,,10,388.5,-94.88991318135137
1000000000.0,1146905830.5499647,L_trace,31249980.1,,,10,390.0,-95.11236095874548
1000000000.0,1146905830.5499647,L_trace,31249980.1,,,10,391.5,-94.3486088255381
1000000000.0,1146905830.5499647,L_trace,31249980.1,,,10,393.0,-93.61907504327108
1000000000.0,1146905830.5499647,L_trace,31249980.1,,,10,394.5,-93.95121316796181
1000000000.0,1146905830.5499647,L_trace,31249980.1,,,10,396.0,-94.50503820076437
1000000000.0,1146905830.5499647,L_trace,31249980.1,,,10,397.5,-94.69375019358179
1000000000.0,1146905830.5499647,L_trace,31249980.1,,,10,399.0,-91.37088153287326
1000000000.0,1146905830.5499647,L_trace,31249980.1,,,10,400.5,-88.83923424114751
1000000000.0,1146905830.5499647,L_trace,31249980.1,,,10,402.0,-89.84063459938797
1000000000.0,1146905830.5499647,L_trace,31249980.1,,,10,403.5,-92.4393646862123
1000000000.0,1146905830.5499647,L_trace,31249980.1,,,10,405.0,-93.3049532625333
1000000000.0,1146905830.5499647,L_trace,31249980.1,,,10,406.5,-93.66585040559472
1000000000.0,1146905830.5499647,L_trace,31249980.1,,,10,408.0,-94.51779810007555
1000000000.0,1146905830.5499647,L_trace,31249980.1,,,10,409.5,-95.27836897760037
1000000000.0,1146905830.5499647,L_trace,31249980.1,,,10,411.0,-94.34272034714635
1000000000.0,1146905830.5499647,L_trace,31249980.1,,,10,412.5,-93.35148605690883
1000000000.0,1146905830.5499647,L_trace,31249980.1,,,10,414.0,-93.68299213149778
1000000000.0,1146905830.5499647,L_trace,31249980.1,,,10,415.5,-93.78797399799356
1000000000.0,1146905830.5499647,L_trace,31249980.1,,,10,417.0,-94.23709694598143
1000000000.0,1146905830.5499647,L_trace,31249980.1,,,10,418.5,-95.94427377611801
1000000000.0,1146905830.5499647,L_trace,31249980.1,,,10,420.0,-95.97572977245302
1000000000.0,1146905830.5499647,L_trace,31249980.1,,,10,421.5,-94.53570224363118
1000000000.0,1146905830.5499647,L_trace,31249980.1,,,10,423.0,-94.34014235507394
1000000000.0,1146905830.5499647,L_trace,31249980.1,,,10,424.5,-95.30595659100071
1000000000.0,1146905830.5499647,L_trace,31249980.1,,,10,426.0,-95.4747641212048
1000000000.0,1146905830.5499647,L_trace,31249980.1,,,10,427.5,-95.49581467833563
1000000000.0,1146905830.5499647,L_trace,31249980.1,,,10,429.0,-95.46655868565739
1000000000.0,1146905830.5499647,L_trace,31249980.1,,,10,430.5,-95.57730330573459
1000000000.0,1146905830.5499647,L_trace,31249980.1,,,10,432.0,-94.81988956033858
1000000000.0,1146905830.5499647,L_trace,31249980.1,,,10,433.5,-93.47518991353897
1000000000.0,1146905830.5499647,L_trace,31249980.1,,,10,435.0,-93.5648397723697
1000000000.0,1146905830.5499647,L_trace,31249980.1,,,10,436.5,-94.75068809358312
1000000000.0,1146905830.5499647,L_trace,31249980.1,,,10,438.0,-95.3409195968099
1000000000.0,1146905830.5499647,L_trace,31249980.1,,,10,439.5,-94.93751572750627
1000000000.0,1146905830.5499647,L_trace,31249980.1,,,10,441.0,-94.40142007727628
1000000000.0,1146905830.5499647,L_trace,31249980.1,,,10,442.5,-93.90343297122604
1000000000.0,1146905830.5499647,L_trace,31249980.1,,,10,444.0,-93.21423692194405
1000000000.0,1146905830.5499647,L_trace,31249980.1,,,10,445.5,-92.18293053244282
1000000000.0,1146905830.5499647,L_trace,31249980.1,,,10,447.0,-91.4425744188851
1000000000.0,1146905830.5499647,L_trace,31249980.1,,,10,448.5,-91.84630244440126
1000000000.0,1146905830.5499647,L_trace,31249980.1,,,10,450.0,-92.95357786275817
1000000000.0,1146905830.5499647,L_trace,31249980.1,,,10,451.5,-93.26240263418259
1000000000.0,1146905830.5499647,L_trace,31249980.1,,,10,453.0,-92.99479485132458
1000000000.0,1146905830.5499647,L_trace,31249980.1,,,10,454.5,-93.12680496512303
1000000000.0,1146905830.5499647,L_trace,31249980.1,,,10,456.0,-93.65861131936437
1000000000.0,1146905830.5499647,L_trace,31249980.1,,,10,457.5,-94.301767129032
1000000000.0,1146905830.5499647,L_trace,31249980.1,,,10,459.0,-95.28747960210477
1000000000.0,1146905830.5499647,L_trace,31249980.1,,,10,460.5,-95.85343237647534
1000000000.0,1146905830.5499647,L_trace,31249980.1,,,10,462.0,-94.80202259983298
1000000000.0,1146905830.5499647,L_trace,31249980.1,,,10,463.5,-92.72380309280003
1000000000.0,1146905830.5499647,L_trace,31249980.1,,,10,465.0,-91.43862560605814
1000000000.0,1146905830.5499647,L_trace,31249980.1,,,10,466.5,-91.60872796381082
1000000000.0,1146905830.5499647,L_trace,31249980.1,,,10,468.0,-92.74098881659718
1000000000.0,1146905830.5499647,L_trace,31249980.1,,,10,469.5,-93.36094250437104
1000000000.0,1146905830.5499647,L_trace,31249980.1,,,10,471.0,-93.10149996876922
1000000000.0,1146905830.5499647,L_trace,31249980.1,,,10,472.5,-93.06799799136796
1000000000.0,1146905830.5499647,L_trace,31249980.1,,,10,474.0,-93.63137681714123
1000000000.0,1146905830.5499647,L_trace,31249980.1,,,10,475.5,-93.47027494775173
1000000000.0,1146905830.5499647,L_trace,31249980.1,,,10,477.0,-93.4026387397873
1000000000.0,1146905830.5499647,L_trace,31249980.1,,,10,478.5,-93.82558875468777
1000000000.0,1146905830.5499647,L_trace,31249980.1,,,10,480.0,-94.30060957009194
1000000000.0,1146905830.5499647,L_trace,31249980.1,,,10,481.5,-94.5730502693621
1000000000.0,1146905830.5499647,L_trace,31249980.1,,,10,483.0,-93.75018490415638
1000000000.0,1146905830.5499647,L_trace,31249980.1,,,10,484.5,-93.58427406491994
1000000000.0,1146905830.5499647,L_trace,31249980.1,,,10,486.0,-94.8393609183366
1000000000.0,1146905830.5499647,L_trace,31249980.1,,,10,487.5,-94.80419119853595
1000000000.0,1146905830.5499647,L_trace,31249980.1,,,10,489.0,-93.77762105370682
1000000000.0,1146905830.5499647,L_trace,31249980.1,,,10,490.5,-94.18605908240859
1000000000.0,1146905830.5499647,L_trace,31249980.1,,,10,492.0,-95.09971259184427
1000000000.0,1146905830.5499647,L_trace,31249980.1,,,10,493.5,-94.6209297555199
1000000000.0,1146905830.5499647,L_trace,31249980.1,,,10,495.0,-93.96821554190345
1000000000.0,1146905830.5499647,L_trace,31249980.1,,,10,496.5,-91.26437269547809
1000000000.0,1146905830.5499647,L_trace,31249980.1,,,10,498.0,-83.33642310813819
1000000000.0,1146905830.5499647,L_trace,31249980.1,,,10,499.5,-78.42289318047591
1000000000.0,1146905830.5499647,L_trace,31249980.1,,,10,501.0,-78.13333997887024
1000000000.0,1146905830.5499647,L_trace,31249980.1,,,10,502.5,-82.50931781239973
1000000000.0,1146905830.5499647,L_trace,31249980.1,,,10,504.0,-90.93245986970962
1000000000.0,1146905830.5499647,L_trace,31249980.1,,,10,505.5,-95.1264863281685
1000000000.0,1146905830.5499647,L_trace,31249980.1,,,10,507.0,-94.44750660541689
1000000000.0,1146905830.5499647,L_trace,31249980.1,,,10,508.5,-93.5869216238785
1000000000.0,1146905830.5499647,L_trace,31249980.1,,,10,510.0,-92.33899841442198
1000000000.0,1146905830.5499647,L_trace,31249980.1,,,10,511.5,-92.06319305349285
1000000000.0,1146905830.5499647,L_trace,31249980.1,,,10,513.0,-93.64327738252875
1000000000.0,1146905830.5499647,L_trace,31249980.1,,,10,514.5,-95.45252644989988
1000000000.0,1146905830.5499647,L_trace,31249980.1,,,10,516.0,-95.47708449192986
1000000000.0,1146905830.5499647,L_trace,31249980.1,,,10,517.5,-95.05114082790372
1000000000.0,1146905830.5499647,L_trace,31249980.1,,,10,519.0,-94.71899794608416
1000000000.0,1146905830.5499647,L_trace,31249980.1,,,10,520.5,-94.60368332856459
1000000000.0,1146905830.5499647,L_trace,31249980.1,,,10,522.0,-94.48675316872162
1000000000.0,1146905830.5499647,L_trace,31249980.1,,,10,523.5,-94.6262568292205
1000000000.0,1146905830.5499647,L_trace,31249980.1,,,10,525.0,-95.25358599942366
1000000000.0,1146905830.5499647,L_trace,31249980.1,,,10,526.5,-94.5966125094471
1000000000.0,1146905830.5499647,L_trace,31249980.1,,,10,528.0,-93.67440133520552
1000000000.0,1146905830.5499647,L_trace,31249980.1,,,10,529.5,-93.58366542806785
1000000000.0,1146905830.5499647,L_trace,31249980.1,,,10,531.0,-93.85866421846461
1000000000.0,1146905830.5499647,L_trace,31249980.1,,,10,532.5,-94.42171761976034
1000000000.0,1146905830.5499647,L_trace,31249980.1,,,10,534.0,-95.09376884557877
1000000000.0,1146905830.5499647,L_trace,31249980.1,,,10,535.5,-95.60630028036998
1000000000.0,1146905830.5499647,L_trace,31249980.1,,,10,537.0,-95.66526568097008
1000000000.0,1146905830.5499647,L_trace,31249980.1,,,10,538.5,-95.48423863031067
1000000000.0,1146905830.5499647,L_trace,31249980.1,,,10,540.0,-94.85332153473503
1000000000.0,1146905830.5499647,L_trace,31249980.1,,,10,541.5,-94.27436892617955
1000000000.0,1146905830.5499647,L_trace,31249980.1,,,10,543.0,-94.4141599797152
1000000000.0,1146905830.5499647,L_trace,31249980.1,,,10,544.5,-94.3920245833131
1000000000.0,1146905830.5499647,L_trace,31249980.1,,,10,546.0,-92.96639709898342
1000000000.0,1146905830.5499647,L_trace,31249980.1,,,10,547.5,-91.49233633355391
1000000000.0,1146905830.5499647,L_trace,31249980.1,,,10,549.0,-90.57006693357933
1000000000.0,1146905830.5499647,L_trace,31249980.1,,,10,550.5,-90.48183509299808
1000000000.0,1146905830.5499647,L_trace,31249980.1,,,10,552.0,-91.40503052787909
1000000000.0,1146905830.5499647,L_trace,31249980.1,,,10,553.5,-93.12790132484183
1000000000.0,1146905830.5499647,L_trace,31249980.1,,,10,555.0,-95.1545670280902
1000000000.0,1146905830.5499647,L_trace,31249980.1,,,10,556.5,-95.90231389636432
1000000000.0,1146905830.5499647,L_trace,31249980.1,,,10,558.0,-93.28101100017972
1000000000.0,1146905830.5499647,L_trace,31249980.1,,,10,559.5,-90.69944554019014
1000000000.0,1146905830.5499647,L_trace,31249980.1,,,10,561.0,-90.73253221553156
1000000000.0,1146905830.5499647,L_trace,31249980.1,,,10,562.5,-92.86515081735065
1000000000.0,1146905830.5499647,L_trace,31249980.1,,,10,564.0,-93.94176673585582
1000000000.0,1146905830.5499647,L_trace,31249980.1,,,10,565.5,-94.57596082229195
1000000000.0,1146905830.5499647,L_trace,31249980.1,,,10,567.0,-93.91947671128361
1000000000.0,1146905830.5499647,L_trace,31249980.1,,,10,568.5,-93.47187401539989
1000000000.0,1146905830.5499647,L_trace,31249980.1,,,10,570.0,-93.76057966900767
1000000000.0,1146905830.5499647,L_trace,31249980.1,,,10,571.5,-93.79400513853301
1000000000.0,1146905830.5499647,L_trace,31249980.1,,,10,573.0,-93.19889516511194
1000000000.0,1146905830.5499647,L_trace,31249980.1,,,10,574.5,-92.67381935478315
1000000000.0,1146905830.5499647,L_trace,31249980.1,,,10,576.0,-92.98308325537717
1000000000.0,1146905830.5499647,L_trace,31249980.1,,,10,577.5,-92.58788006439796
1000000000.0,1146905830.5499647,L_trace,31249980.1,,,10,579.0,-91.52342425037263
1000000000.0,1146905830.5499647,L_trace,31249980.1,,,10,580.5,-91.26482848861802
1000000000.0,1146905830.5499647,L_trace,31249980.1,,,10,582.0,-91.91419391437888
1000000000.0,1146905830.5499647,L_trace,31249980.1,,,10,583.5,-93.51451977077647
1000000000.0,1146905830.5499647,L_trace,31249980.1,,,10,585.0,-95.01573185159002
1000000000.0,1146905830.5499647,L_trace,31249980.1,,,10,586.5,-96.240619598828
1000000000.0,1146905830.5499647,L_trace,31249980.1,,,10,588.0,-96.43100296063663
1000000000.0,1146905830.5499647,L_trace,31249980.1,,,10,589.5,-94.25090539974896
1000000000.0,1146905830.5499647,L_trace,31249980.1,,,10,591.0,-92.81946015716355
1000000000.0,1146905830.5499647,L_trace,31249980.1,,,10,592.5,-93.57293411061003
1000000000.0,1146905830.5499647,L_trace,31249980.1,,,10,594.0,-95.30651077173592
1000000000.0,1146905830.5499647,L_trace,31249980.1,,,10,595.5,-95.45541039857063
1000000000.0,1146905830.5499647,L_trace,31249980.1,,,10,597.0,-94.53963269637504
1000000000.0,1146905830.5499647,L_trace,31249980.1,,,10,598.5,-91.39277759819157
1000000000.0,1146905830.5499647,L_trace,31249980.1,,,10,600.0,-88.67254077641603
1000000000.0,1146905830.5499647,L_trace,31249980.1,,,10,601.5,-89.10686909184639
1000000000.0,1146905830.5499647,L_trace,31249980.1,,,10,603.0,-92.7097250917253
1000000000.0,1146905830.5499647,L_trace,31249980.1,,,10,604.5,-95.7128168523762
1000000000.0,1146905830.5499647,L_trace,31249980.1,,,10,606.0,-95.73836709926785
1000000000.0,1146905830.5499647,L_trace,31249980.1,,,10,607.5,-96.01104973290289
1000000000.0,1146905830.5499647,L_trace,31249980.1,,,10,609.0,-95.69066111351665
1000000000.0,1146905830.5499647,L_trace,31249980.1,,,10,610.5,-94.94153417641597
1000000000.0,1146905830.5499647,L_trace,31249980.1,,,10,612.0,-94.92451441616662
1000000000.0,1146905830.5499647,L_trace,31249980.1,,,10,613.5,-95.34807874140428
1000000000.0,1146905830.5499647,L_trace,31249980.1,,,10,615.0,-94.98915175817109
1000000000.0,1146905830.5499647,L_trace,31249980.1,,,10,616.5,-94.29106763302843
1000000000.0,1146905830.5499647,L_trace,31249980.1,,,10,618.0,-94.184316387376
1000000000.0,1146905830.5499647,L_trace,31249980.1,,,10,619.5,-94.69417111722798
1000000000.0,1146905830.5499647,L_trace,31249980.1,,,10,621.0,-94.390562880689
1000000000.0,1146905830.5499647,L_trace,31249980.1,,,10,622.5,-93.91271812581512
1000000000.0,1146905830.5499647,L_trace,31249980.1,,,10,624.0,-92.65473243342448
1000000000.0,1146905830.5499647,L_trace,31249980.1,,,10,625.5,-92.07940435081171
1000000000.0,1146905830.5499647,L_trace,31249980.1,,,10,627.0,-92.5883583660956
1000000000.0,1146905830.5499647,L_trace,31249980.1,,,10,628.5,-92.97878163932374
1000000000.0,1146905830.5499647,L_trace,31249980.1,,,10,630.0,-93.32883689818605
1000000000.0,1146905830.5499647,L_trace,31249980.1,,,10,631.5,-93.00345364719128
1000000000.0,1146905830.5499647,L_trace,31249980.1,,,10,633.0,-92.62736119103211
1000000000.0,1146905830.5499647,L_trace,31249980.1,,,10,634.5,-93.28407161581187
1000000000.0,1146905830.5499647,L_trace,31249980.1,,,10,636.0,-94.9429342849356
1000000000.0,1146905830.5499647,L_trace,31249980.1,,,10,637.5,-95.54709850307265
1000000000.0,1146905830.5499647,L_trace,31249980.1,,,10,639.0,-94.77049565828733
1000000000.0,1146905830.5499647,L_trace,31249980.1,,,10,640.5,-95.23050100941062
1000000000.0,1146905830.5499647,L_trace,31249980.1,,,10,642.0,-97.00427894046022
1000000000.0,1146905830.5499647,L_trace,31249980.1,,,10,643.5,-97.01780859783315
1000000000.0,1146905830.5499647,L_trace,31249980.1,,,10,645.0,-96.63189901734779
1000000000.0,1146905830.5499647,L_trace,31249980.1,,,10,646.5,-95.76287445245872
1000000000.0,1146905830.5499647,L_trace,31249980.1,,,10,648.0,-94.65342942418607
1000000000.0,1146905830.5499647,L_trace,31249980.1,,,10,649.5,-93.76570085611603
1000000000.0,1146905830.5499647,L_trace,31249980.1,,,10,651.0,-93.38906110925836
1000000000.0,1146905830.5499647,L_trace,31249980.1,,,10,652.5,-94.36734703174605
1000000000.0,1146905830.5499647,L_trace,31249980.1,,,10,654.0,-95.79186748561061
1000000000.0,1146905830.5499647,L_trace,31249980.1,,,10,655.5,-95.84487170227051
1000000000.0,1146905830.5499647,L_trace,31249980.1,,,10,657.0,-95.80884430730242
1000000000.0,1146905830.5499647,L_trace,31249980.1,,,10,658.5,-96.74648673684852
1000000000.0,1146905830.5499647,L_trace,31249980.1,,,10,660.0,-96.77646000507472
1000000000.0,1146905830.5499647,L_trace,31249980.1,,,10,661.5,-94.88161101266182
1000000000.0,1146905830.5499647,L_trace,31249980.1,,,10,663.0,-93.26099098158087
1000000000.0,1146905830.5499647,L_trace,31249980.1,,,10,664.5,-92.68650414487975
1000000000.0,1146905830.5499647,L_trace,31249980.1,,,10,666.0,-92.8331047956758
1000000000.0,1146905830.5499647,L_trace,31249980.1,,,10,667.5,-94.17546762966997
1000000000.0,1146905830.5499647,L_trace,31249980.1,,,10,669.0,-95.57529957639825
1000000000.0,1146905830.5499647,L_trace,31249980.1,,,10,670.5,-94.85676966723842
1000000000.0,1146905830.5499647,L_trace,31249980.1,,,10,672.0,-94.40770188902219
1000000000.0,1146905830.5499647,L_trace,31249980.1,,,10,673.5,-94.40530687378765
1000000000.0,1146905830.5499647,L_trace,31249980.1,,,10,675.0,-94.79905868803951
1000000000.0,1146905830.5499647,L_trace,31249980.1,,,10,676.5,-94.97087539147002
1000000000.0,1146905830.5499647,L_trace,31249980.1,,,10,678.0,-94.78142997216796
1000000000.0,1146905830.5499647,L_trace,31249980.1,,,10,679.5,-94.64493007515294
1000000000.0,1146905830.5499647,L_trace,31249980.1,,,10,681.0,-94.51475481737339
1000000000.0,1146905830.5499647,L_trace,31249980.1,,,10,682.5,-93.88041784371278
1000000000.0,1146905830.5499647,L_trace,31249980.1,,,10,684.0,-94.15751550107035
1000000000.0,1146905830.5499647,L_trace,31249980.1,,,10,685.5,-95.69443697329014
1000000000.0,1146905830.5499647,L_trace,31249980.1,,,10,687.0,-96.01478493294107
1000000000.0,1146905830.5499647,L_trace,31249980.1,,,10,688.5,-95.11288582446707
1000000000.0,1146905830.5499647,L_trace,31249980.1,,,10,690.0,-94.9200554448696
1000000000.0,1146905830.5499647,L_trace,31249980.1,,,10,691.5,-94.06718040879191
1000000000.0,1146905830.5499647,L_trace,31249980.1,,,10,693.0,-92.45944656120896
1000000000.0,1146905830.5499647,L_trace,31249980.1,,,10,694.5,-92.749536435727
1000000000.0,1146905830.5499647,L_trace,31249980.1,,,10,696.0,-93.95763487959417
1000000000.0,1146905830.5499647,L_trace,31249980.1,,,10,697.5,-94.46199799953885
1000000000.0,1146905830.5499647,L_trace,31249980.1,,,10,699.0,-93.95707885269557
1000000000.0,1146905830.5499647,L_trace,31249980.1,,,10,700.5,-92.21795697872274
1000000000.0,1146905830.5499647,L_trace,31249980.1,,,10,702.0,-92.10034613172526
1000000000.0,1146905830.5499647,L_trace,31249980.1,,,10,703.5,-93.67909267066538
1000000000.0,1146905830.5499647,L_trace,31249980.1,,,10,705.0,-95.68723430822503
1000000000.0,1146905830.5499647,L_trace,31249980.1,,,10,706.5,-98.27078297774645
1000000000.0,1146905830.5499647,L_trace,31249980.1,,,10,708.0,-97.64912734664176
1000000000.0,1146905830.5499647,L_trace,31249980.1,,,10,709.5,-95.14180763528795
1000000000.0,1146905830.5499647,L_trace,31249980.1,,,10,711.0,-94.51075827781136
1000000000.0,1146905830.5499647,L_trace,31249980.1,,,10,712.5,-94.81331424092478
1000000000.0,1146905830.5499647,L_trace,31249980.1,,,10,714.0,-95.28835252666573
1000000000.0,1146905830.5499647,L_trace,31249980.1,,,10,715.5,-95.0926905053783
1000000000.0,1146905830.5499647,L_trace,31249980.1,,,10,717.0,-94.19495326256073
1000000000.0,1146905830.5499647,L_trace,31249980.1,,,10,718.5,-93.47194221003771
1000000000.0,1146905830.5499647,L_trace,31249980.1,,,10,720.0,-93.87876485939887
1000000000.0,1146905830.5499647,L_trace,31249980.1,,,10,721.5,-94.40217511713519
1000000000.0,1146905830.5499647,L_trace,31249980.1,,,10,723.0,-94.09646027111695
1000000000.0,1146905830.5499647,L_trace,31249980.1,,,10,724.5,-93.7693892849042
1000000000.0,1146905830.5499647,L_trace,31249980.1,,,10,726.0,-93.46096730208784
1000000000.0,1146905830.5499647,L_trace,31249980.1,,,10,727.5,-93.71509310129616
1000000000.0,1146905830.5499647,L_trace,31249980.1,,,10,729.0,-94.92566222788768
1000000000.0,1146905830.5499647,L_trace,31249980.1,,,10,730.5,-95.67019346487727
1000000000.0,1146905830.5499647,L_trace,31249980.1,,,10,732.0,-96.02877052179413
1000000000.0,1146905830.5499647,L_trace,31249980.1,,,10,733.5,-96.19293366614788
1000000000.0,1146905830.5499647,L_trace,31249980.1,,,10,735.0,-95.31278587691527
1000000000.0,1146905830.5499647,L_trace,31249980.1,,,10,736.5,-93.49066178011559
1000000000.0,1146905830.5499647,L_trace,31249980.1,,,10,738.0,-92.77868533335281
1000000000.0,1146905830.5499647,L_trace,31249980.1,,,10,739.5,-93.79676937376892
1000000000.0,1146905830.5499647,L_trace,31249980.1,,,10,741.0,-95.0746946546939
1000000000.0,1146905830.5499647,L_trace,31249980.1,,,10,742.5,-95.3560309068323
1000000000.0,1146905830.5499647,L_trace,31249980.1,,,10,744.0,-94.10243385853339
1000000000.0,1146905830.5499647,L_trace,31249980.1,,,10,745.5,-92.29573240350199
1000000000.0,1146905830.5499647,L_trace,31249980.1,,,10,747.0,-92.72022613978126
1000000000.0,1146905830.5499647,L_trace,31249980.1,,,10,748.5,-94.2969791722055
1000000000.0,1146905830.5499647,L_trace,31249980.1,,,10,750.0,-94.08144329719369
1000000000.0,1146905830.5499647,L_trace,31249980.1,,,10,751.5,-93.8337131472516
1000000000.0,1146905830.5499647,L_trace,31249980.1,,,10,753.0,-94.03762470189021
1000000000.0,1146905830.5499647,L_trace,31249980.1,,,10,754.5,-93.29007495031244
1000000000.0,1146905830.5499647,L_trace,31249980.1,,,10,756.0,-92.86213264269652
1000000000.0,1146905830.5499647,L_trace,31249980.1,,,10,757.5,-93.76266689830193
1000000000.0,1146905830.5499647,L_trace,31249980.1,,,10,759.0,-94.59632806635845
1000000000.0,1146905830.5499647,L_trace,31249980.1,,,10,760.5,-94.36670299681748
1000000000.0,1146905830.5499647,L_trace,31249980.1,,,10,762.0,-93.96296523802637
1000000000.0,1146905830.5499647,L_trace,31249980.1,,,10,763.5,-94.20898880598972
1000000000.0,1146905830.5499647,L_trace,31249980.1,,,10,765.0,-94.8852673280583
1000000000.0,1146905830.5499647,L_trace,31249980.1,,,10,766.5,-94.53679411178355
1000000000.0,1146905830.5499647,L_trace,31249980.1,,,10,768.0,-93.76537205572487
1000000000.0,1146905830.5499647,L_trace,31249980.1,,,10,769.5,-93.24672671037321
1000000000.0,1146905830.5499647,L_trace,31249980.1,,,10,771.0,-93.2901138261067
1000000000.0,1146905830.5499647,L_trace,31249980.1,,,10,772.5,-93.33153838251424
1000000000.0,1146905830.5499647,L_trace,31249980.1,,,10,774.0,-93.39872462170521
1000000000.0,1146905830.5499647,L_trace,31249980.1,,,10,775.5,-93.64178207452322
1000000000.0,1146905830.5499647,L_trace,31249980.1,,,10,777.0,-93.70160491991717
1000000000.0,1146905830.5499647,L_trace,31249980.1,,,10,778.5,-94.46703167520165
1000000000.0,1146905830.5499647,L_trace,31249980.1,,,10,780.0,-94.4924052713301
1000000000.0,1146905830.5499647,L_trace,31249980.1,,,10,781.5,-93.55532694600574
1000000000.0,1146905830.5499647,L_trace,31249980.1,,,10,783.0,-93.68334022889202
1000000000.0,1146905830.5499647,L_trace,31249980.1,,,10,784.5,-94.57860813798762
1000000000.0,1146905830.5499647,L_trace,31249980.1,,,10,786.0,-95.4566611470991
1000000000.0,1146905830.5499647,L_trace,31249980.1,,,10,787.5,-95.05543899546188
1000000000.0,1146905830.5499647,L_trace,31249980.1,,,10,789.0,-93.78911672251225
1000000000.0,1146905830.5499647,L_trace,31249980.1,,,10,790.5,-92.47871928168084
1000000000.0,1146905830.5499647,L_trace,31249980.1,,,10,792.0,-91.86299613941237
1000000000.0,1146905830.5499647,L_trace,31249980.1,,,10,793.5,-91.78254455735429
1000000000.0,1146905830.5499647,L_trace,31249980.1,,,10,795.0,-92.291949822156
1000000000.0,1146905830.5499647,L_trace,31249980.1,,,10,796.5,-93.33918727451793
1000000000.0,1146905830.5499647,L_trace,31249980.1,,,10,798.0,-93.55144062890044
1000000000.0,1146905830.5499647,L_trace,31249980.1,,,10,799.5,-92.98538930729475
1000000000.0,1146905830.5499647,L_trace,31249980.1,,,10,801.0,-93.20051129244118
1000000000.0,1146905830.5499647,L_trace,31249980.1,,,10,802.5,-93.22163116412388
1000000000.0,1146905830.5499647,L_trace,31249980.1,,,10,804.0,-92.87178618755786
1000000000.0,1146905830.5499647,L_trace,31249980.1,,,10,805.5,-93.0309497206911
1000000000.0,1146905830.5499647,L_trace,31249980.1,,,10,807.0,-92.6970556506633
1000000000.0,1146905830.5499647,L_trace,31249980.1,,,10,808.5,-92.43715206478744
1000000000.0,1146905830.5499647,L_trace,31249980.1,,,10,810.0,-93.16304216169873
1000000000.0,1146905830.5499647,L_trace,31249980.1,,,10,811.5,-93.96211823543105
1000000000.0,1146905830.5499647,L_trace,31249980.1,,,10,813.0,-94.17486112663822
1000000000.0,1146905830.5499647,L_trace,31249980.1,,,10,814.5,-95.38132294309081
1000000000.0,1146905830.5499647,L_trace,31249980.1,,,10,816.0,-95.86517556642156
1000000000.0,1146905830.5499647,L_trace,31249980.1,,,10,817.5,-95.31847839701618
1000000000.0,1146905830.5499647,L_trace,31249980.1,,,10,819.0,-95.78751399511123
1000000000.0,1146905830.5499647,L_trace,31249980.1,,,10,820.5,-96.36622703973033
1000000000.0,1146905830.5499647,L_trace,31249980.1,,,10,822.0,-96.07919109034476
1000000000.0,1146905830.5499647,L_trace,31249980.1,,,10,823.5,-94.34074945837743
1000000000.0,1146905830.5499647,L_trace,31249980.1,,,10,825.0,-92.9010713784866
1000000000.0,1146905830.5499647,L_trace,31249980.1,,,10,826.5,-93.07885148084524
1000000000.0,1146905830.5499647,L_trace,31249980.1,,,10,828.0,-94.44014017463938
1000000000.0,1146905830.5499647,L_trace,31249980.1,,,10,829.5,-95.50787118193658
1000000000.0,1146905830.5499647,L_trace,31249980.1,,,10,831.0,-96.26479271117694
1000000000.0,1146905830.5499647,L_trace,31249980.1,,,10,832.5,-96.57416443712769
1000000000.0,1146905830.5499647,L_trace,31249980.1,,,10,834.0,-95.86518623591641
1000000000.0,1146905830.5499647,L_trace,31249980.1,,,10,835.5,-95.57571651268255
1000000000.0,1146905830.5499647,L_trace,31249980.1,,,10,837.0,-95.25768899422191
1000000000.0,1146905830.5499647,L_trace,31249980.1,,,10,838.5,-95.24673099187444
1000000000.0,1146905830.5499647,L_trace,31249980.1,,,10,840.0,-95.08889854371849
1000000000.0,1146905830.5499647,L_trace,31249980.1,,,10,841.5,-94.78898186309549
1000000000.0,1146905830.5499647,L_trace,31249980.1,,,10,843.0,-94.4394966946047
1000000000.0,1146905830.5499647,L_trace,31249980.1,,,10,844.5,-94.55166137182529
1000000000.0,1146905830.5499647,L_trace,31249980.1,,,10,846.0,-95.79417341260668
1000000000.0,1146905830.5499647,L_trace,31249980.1,,,10,847.5,-96.53290236303637
1000000000.0,1146905830.5499647,L_trace,31249980.1,,,10,849.0,-96.12186788894446
1000000000.0,1146905830.5499647,L_trace,31249980.1,,,10,850.5,-96.59397264112218
1000000000.0,1146905830.5499647,L_trace,31249980.1,,,10,852.0,-96.87999218340381
1000000000.0,1146905830.5499647,L_trace,31249980.1,,,10,853.5,-95.69258894131498
1000000000.0,1146905830.5499647,L_trace,31249980.1,,,10,855.0,-95.13601471676996
1000000000.0,1146905830.5499647,L_trace,31249980.1,,,10,856.5,-95.8237824725439
1000000000.0,1146905830.5499647,L_trace,31249980.1,,,10,858.0,-96.16841764484033
1000000000.0,1146905830.5499647,L_trace,31249980.1,,,10,859.5,-95.86806978553471
1000000000.0,1146905830.5499647,L_trace,31249980.1,,,10,861.0,-95.49340649826908
1000000000.0,1146905830.5499647,L_trace,31249980.1,,,10,862.5,-94.76344479517327
1000000000.0,1146905830.5499647,L_trace,31249980.1,,,10,864.0,-94.50156025932696
1000000000.0,1146905830.5499647,L_trace,31249980.1,,,10,865.5,-93.80598093194631
1000000000.0,1146905830.5499647,L_trace,31249980.1,,,10,867.0,-93.63791693530138
1000000000.0,1146905830.5499647,L_trace,31249980.1,,,10,868.5,-95.24103806215193
1000000000.0,1146905830.5499647,L_trace,31249980.1,,,10,870.0,-97.31909028406345
1000000000.0,1146905830.5499647,L_trace,31249980.1,,,10,871.5,-96.41631393363173
1000000000.0,1146905830.5499647,L_trace,31249980.1,,,10,873.0,-94.81841580771886
1000000000.0,1146905830.5499647,L_trace,31249980.1,,,10,874.5,-93.61903560963466
1000000000.0,1146905830.5499647,L_trace,31249980.1,,,10,876.0,-93.6657775343193
1000000000.0,1146905830.5499647,L_trace,31249980.1,,,10,877.5,-95.08499031566764
1000000000.0,1146905830.5499647,L_trace,31249980.1,,,10,879.0,-97.51247464832181
1000000000.0,1146905830.5499647,L_trace,31249980.1,,,10,880.5,-97.25718771055216
1000000000.0,1146905830.5499647,L_trace,31249980.1,,,10,882.0,-95.37169595661882
1000000000.0,1146905830.5499647,L_trace,31249980.1,,,10,883.5,-94.54211613274298
1000000000.0,1146905830.5499647,L_trace,31249980.1,,,10,885.0,-94.24780896894582
1000000000.0,1146905830.5499647,L_trace,31249980.1,,,10,886.5,-94.63903559571641
1000000000.0,1146905830.5499647,L_trace,31249980.1,,,10,888.0,-95.83668395576568
1000000000.0,1146905830.5499647,L_trace,31249980.1,,,10,889.5,-95.43295301240498
1000000000.0,1146905830.5499647,L_trace,31249980.1,,,10,891.0,-94.05457340406149
1000000000.0,1146905830.5499647,L_trace,31249980.1,,,10,892.5,-94.1099640024352
1000000000.0,1146905830.5499647,L_trace,31249980.1,,,10,894.0,-95.06791902194803
1000000000.0,1146905830.5499647,L_trace,31249980.1,,,10,895.5,-95.08536958801834
1000000000.0,1146905830.5499647,L_trace,31249980.1,,,10,897.0,-94.05201346769299
1000000000.0,1146905830.5499647,L_trace,31249980.1,,,10,898.5,-93.8278344687984
1000000000.0,1146905830.5499647,L_trace,31249980.1,,,10,900.0,-93.86128025649576
1000000000.0,1146905830.5499647,L_trace,31249980.1,,,10,901.5,-93.59542429441534
1000000000.0,1146905830.5499647,L_trace,31249980.1,,,10,903.0,-93.57889423117665
1000000000.0,1146905830.5499647,L_trace,31249980.1,,,10,904.5,-93.63337474282146
1000000000.0,1146905830.5499647,L_trace,31249980.1,,,10,906.0,-93.15518835474693
1000000000.0,1146905830.5499647,L_trace,31249980.1,,,10,907.5,-93.92671188726318
1000000000.0,1146905830.5499647,L_trace,31249980.1,,,10,909.0,-95.11695581858822
1000000000.0,1146905830.5499647,L_trace,31249980.1,,,10,910.5,-95.56815002326783
1000000000.0,1146905830.5499647,L_trace,31249980.1,,,10,912.0,-95.8866907807539
1000000000.0,1146905830.5499647,L_trace,31249980.1,,,10,913.5,-96.13232224391285
1000000000.0,1146905830.5499647,L_trace,31249980.1,,,10,915.0,-96.52728595824728
1000000000.0,1146905830.5499647,L_trace,31249980.1,,,10,916.5,-96.41346349259722
1000000000.0,1146905830.5499647,L_trace,31249980.1,,,10,918.0,-95.79779920304487
1000000000.0,1146905830.5499647,L_trace,31249980.1,,,10,919.5,-94.63226856147868
1000000000.0,1146905830.5499647,L_trace,31249980.1,,,10,921.0,-93.64483190871644
1000000000.0,1146905830.5499647,L_trace,31249980.1,,,10,922.5,-94.69918794689663
1000000000.0,1146905830.5499647,L_trace,31249980.1,,,10,924.0,-95.71417082117638
1000000000.0,1146905830.5499647,L_trace,31249980.1,,,10,925.5,-93.38024154749398
1000000000.0,1146905830.5499647,L_trace,31249980.1,,,10,927.0,-92.86982983834248
1000000000.0,1146905830.5499647,L_trace,31249980.1,,,10,928.5,-94.41614122958288
1000000000.0,1146905830.5499647,L_trace,31249980.1,,,10,930.0,-95.25375875462144
1000000000.0,1146905830.5499647,L_trace,31249980.1,,,10,931.5,-94.1563470268171
1000000000.0,1146905830.5499647,L_trace,31249980.1,,,10,933.0,-94.63751327864067
1000000000.0,1146905830.5499647,L_trace,31249980.1,,,10,934.5,-97.00797456524003
1000000000.0,1146905830.5499647,L_trace,31249980.1,,,10,936.0,-97.00227534944084
1000000000.0,1146905830.5499647,L_trace,31249980.1,,,10,937.5,-95.44165273737995
1000000000.0,1146905830.5499647,L_trace,31249980.1,,,10,939.0,-94.78345443125319
1000000000.0,1146905830.5499647,L_trace,31249980.1,,,10,940.5,-94.56073476996328
1000000000.0,1146905830.5499647,L_trace,31249980.1,,,10,942.0,-93.94056928829458
1000000000.0,1146905830.5499647,L_trace,31249980.1,,,10,943.5,-93.25139717780057
1000000000.0,1146905830.5499647,L_trace,31249980.1,,,10,945.0,-93.50453586444499
1000000000.0,1146905830.5499647,L_trace,31249980.1,,,10,946.5,-94.67681905968185
1000000000.0,1146905830.5499647,L_trace,31249980.1,,,10,948.0,-94.47618404605218
1000000000.0,1146905830.5499647,L_trace,31249980.1,,,10,949.5,-93.70936589609363
1000000000.0,1146905830.5499647,L_trace,31249980.1,,,10,951.0,-94.08366158533985
1000000000.0,1146905830.5499647,L_trace,31249980.1,,,10,952.5,-94.58094440615666
1000000000.0,1146905830.5499647,L_trace,31249980.1,,,10,954.0,-94.03070510176396
1000000000.0,1146905830.5499647,L_trace,31249980.1,,,10,955.5,-93.09956189979718
1000000000.0,1146905830.5499647,L_trace,31249980.1,,,10,957.0,-93.70053431943225
1000000000.0,1146905830.5499647,L_trace,31249980.1,,,10,958.5,-95.45173037420084
1000000000.0,1146905830.5499647,L_trace,31249980.1,,,10,960.0,-95.27002213856666
1000000000.0,1146905830.5499647,L_trace,31249980.1,,,10,961.5,-94.67028000238922
1000000000.0,1146905830.5499647,L_trace,31249980.1,,,10,963.0,-95.28039978505201
1000000000.0,1146905830.5499647,L_trace,31249980.1,,,10,964.5,-95.99186551210383
1000000000.0,1146905830.5499647,L_trace,31249980.1,,,10,966.0,-96.3967729941061
1000000000.0,1146905830.5499647,L_trace,31249980.1,,,10,967.5,-96.21777670261696
1000000000.0,1146905830.5499647,L_trace,31249980.1,,,10,969.0,-95.6989485487778
1000000000.0,1146905830.5499647,L_trace,31249980.1,,,10,970.5,-94.7874981420942
1000000000.0,1146905830.5499647,L_trace,31249980.1,,,10,972.0,-94.59382953796997
1000000000.0,1146905830.5499647,L_trace,31249980.1,,,10,973.5,-95.07894067565991
1000000000.0,1146905830.5499647,L_trace,31249980.1,,,10,975.0,-94.53442745344184
1000000000.0,1146905830.5499647,L_trace,31249980.1,,,10,976.5,-94.01326260629999
1000000000.0,1146905830.5499647,L_trace,31249980.1,,,10,978.0,-95.04896391644435
1000000000.0,1146905830.5499647,L_trace,31249980.1,,,10,979.5,-95.00590015151529
1000000000.0,1146905830.5499647,L_trace,31249980.1,,,10,981.0,-94.08376417837177
1000000000.0,1146905830.5499647,L_trace,31249980.1,,,10,982.5,-94.45762804898784
1000000000.0,1146905830.5499647,L_trace,31249980.1,,,10,984.0,-94.93997863561607
1000000000.0,1146905830.5499647,L_trace,31249980.1,,,10,985.5,-93.9197731619262
1000000000.0,1146905830.5499647,L_trace,31249980.1,,,10,987.0,-93.24440696174607
1000000000.0,1146905830.5499647,L_trace,31249980.1,,,10,988.5,-93.83542566541655
1000000000.0,1146905830.5499647,L_trace,31249980.1,,,10,990.0,-94.92186799198412
1000000000.0,1146905830.5499647,L_trace,31249980.1,,,10,991.5,-95.68756581257864
1000000000.0,1146905830.5499647,L_trace,31249980.1,,,10,993.0,-96.10049051707206
1000000000.0,1146905830.5499647,L_trace,31249980.1,,,10,994.5,-96.2628084014519
1000000000.0,1146905830.5499647,L_trace,31249980.1,,,10,996.0,-96.4803095176635
1000000000.0,1146905830.5499647,L_trace,31249980.1,,,10,997.5,-95.23880748817295
1000000000.0,1146905830.5499647,L_trace,31249980.1,,,10,999.0,-93.62803682655193
1000000000.0,1146905830.5499647,L_trace,31249980.1,,,10,1005.0,-91.61649249070527
1000000000.0,1146905830.5499647,L_trace,31249980.1,,,10,1020.0,-91.3339913353854
1000000000.0,1146905830.5499647,L_trace,31249980.1,,,10,1035.0,-91.6849047684678
1000000000.0,1146905830.5499647,L_trace,31249980.1,,,10,1050.0,-91.65546216258306
1000000000.0,1146905830.5499647,L_trace,31249980.1,,,10,1065.0,-91.80583559886304
1000000000.0,1146905830.5499647,L_trace,31249980.1,,,10,1080.0,-94.52144056095132
1000000000.0,1146905830.5499647,L_trace,31249980.1,,,10,1095.0,-97.6068119701507
1000000000.0,1146905830.5499647,L_trace,31249980.1,,,10,1110.0,-96.61150090778052
1000000000.0,1146905830.5499647,L_trace,31249980.1,,,10,1125.0,-95.16536658795734
1000000000.0,1146905830.5499647,L_trace,31249980.1,,,10,1140.0,-94.87389364867947
1000000000.0,1146905830.5499647,L_trace,31249980.1,,,10,1155.0,-95.99275991323378
1000000000.0,1146905830.5499647,L_trace,31249980.1,,,10,1170.0,-96.8449546471994
1000000000.0,1146905830.5499647,L_trace,31249980.1,,,10,1185.0,-94.54490745870521
1000000000.0,1146905830.5499647,L_trace,31249980.1,,,10,1200.0,-93.32698387542301
1000000000.0,1146905830.5499647,L_trace,31249980.1,,,10,1215.0,-93.88941514735717
1000000000.0,1146905830.5499647,L_trace,31249980.1,,,10,1230.0,-94.04712327673253
1000000000.0,1146905830.5499647,L_trace,31249980.1,,,10,1245.0,-93.25245862256402
1000000000.0,1146905830.5499647,L_trace,31249980.1,,,10,1260.0,-92.28410092078504
1000000000.0,1146905830.5499647,L_trace,31249980.1,,,10,1275.0,-92.15933732185312
1000000000.0,1146905830.5499647,L_trace,31249980.1,,,10,1290.0,-91.93128529511775
1000000000.0,1146905830.5499647,L_trace,31249980.1,,,10,1305.0,-89.28911246211247
1000000000.0,1146905830.5499647,L_trace,31249980.1,,,10,1320.0,-87.16620098098288
1000000000.0,1146905830.5499647,L_trace,31249980.1,,,10,1335.0,-87.84506635041667
1000000000.0,1146905830.5499647,L_trace,31249980.1,,,10,1350.0,-90.57807956664716
1000000000.0,1146905830.5499647,L_trace,31249980.1,,,10,1365.0,-93.69228149791701
1000000000.0,1146905830.5499647,L_trace,31249980.1,,,10,1380.0,-95.03795616786368
1000000000.0,1146905830.5499647,L_trace,31249980.1,,,10,1395.0,-93.87061623417023
1000000000.0,1146905830.5499647,L_trace,31249980.1,,,10,1410.0,-94.20856511784494
1000000000.0,1146905830.5499647,L_trace,31249980.1,,,10,1425.0,-96.15652758271695
1000000000.0,1146905830.5499647,L_trace,31249980.1,,,10,1440.0,-96.07983353324747
1000000000.0,1146905830.5499647,L_trace,31249980.1,,,10,1455.0,-95.19538394401127
1000000000.0,1146905830.5499647,L_trace,31249980.1,,,10,1470.0,-95.03186085813954
1000000000.0,1146905830.5499647,L_trace,31249980.1,,,10,1485.0,-93.52394646437237
1000000000.0,1146905830.5499647,L_trace,31249980.1,,,10,1500.0,-93.05498491893646
1000000000.0,1146905830.5499647,L_trace,31249980.1,,,10,1515.0,-94.92104090675181
1000000000.0,1146905830.5499647,L_trace,31249980.1,,,10,1530.0,-97.09859986688024
1000000000.0,1146905830.5499647,L_trace,31249980.1,,,10,1545.0,-95.6612825111785
1000000000.0,1146905830.5499647,L_trace,31249980.1,,,10,1560.0,-94.92791491728096
1000000000.0,1146905830.5499647,L_trace,31249980.1,,,10,1575.0,-96.18057931749928
1000000000.0,1146905830.5499647,L_trace,31249980.1,,,10,1590.0,-94.39229846169674
1000000000.0,1146905830.5499647,L_trace,31249980.1,,,10,1605.0,-93.10714325936911
1000000000.0,1146905830.5499647,L_trace,31249980.1,,,10,1620.0,-93.60273229888622
1000000000.0,1146905830.5499647,L_trace,31249980.1,,,10,1635.0,-93.55214019556368
1000000000.0,1146905830.5499647,L_trace,31249980.1,,,10,1650.0,-93.83512013130719
1000000000.0,1146905830.5499647,L_trace,31249980.1,,,10,1665.0,-95.32987366486223
1000000000.0,1146905830.5499647,L_trace,31249980.1,,,10,1680.0,-96.01261823086888
1000000000.0,1146905830.5499647,L_trace,31249980.1,,,10,1695.0,-95.73529562402061
1000000000.0,1146905830.5499647,L_trace,31249980.1,,,10,1710.0,-96.34992292519267
1000000000.0,1146905830.5499647,L_trace,31249980.1,,,10,1725.0,-96.17179995270445
1000000000.0,1146905830.5499647,L_trace,31249980.1,,,10,1740.0,-94.89278013216452
1000000000.0,1146905830.5499647,L_trace,31249980.1,,,10,1755.0,-93.7008792279733
1000000000.0,1146905830.5499647,L_trace,31249980.1,,,10,1770.0,-93.15367216951934
1000000000.0,1146905830.5499647,L_trace,31249980.1,,,10,1785.0,-93.0989997986099
1000000000.0,1146905830.5499647,L_trace,31249980.1,,,10,1800.0,-93.5845800326501
1000000000.0,1146905830.5499647,L_trace,31249980.1,,,10,1815.0,-94.21207027334425
1000000000.0,1146905830.5499647,L_trace,31249980.1,,,10,1830.0,-94.68243966655903
1000000000.0,1146905830.5499647,L_trace,31249980.1,,,10,1845.0,-94.50987872350326
1000000000.0,1146905830.5499647,L_trace,31249980.1,,,10,1860.0,-94.70670891377529
1000000000.0,1146905830.5499647,L_trace,31249980.1,,,10,1875.0,-94.5596045378822
1000000000.0,1146905830.5499647,L_trace,31249980.1,,,10,1890.0,-94.07065928309228
1000000000.0,1146905830.5499647,L_trace,31249980.1,,,10,1905.0,-94.4945632246132
1000000000.0,1146905830.5499647,L_trace,31249980.1,,,10,1920.0,-94.7599991803594
1000000000.0,1146905830.5499647,L_trace,31249980.1,,,10,1935.0,-94.05653952199528
1000000000.0,1146905830.5499647,L_trace,31249980.1,,,10,1950.0,-94.12953359144224
1000000000.0,1146905830.5499647,L_trace,31249980.1,,,10,1965.0,-94.92469649868045
1000000000.0,1146905830.5499647,L_trace,31249980.1,,,10,1980.0,-94.09615454349779
1000000000.0,1146905830.5499647,L_trace,31249980.1,,,10,1995.0,-92.9445826982577
1000000000.0,1146905830.5499647,L_trace,31249980.1,,,10,2010.0,-92.29521020523346
1000000000.0,1146905830.5499647,L_trace,31249980.1,,,10,2025.0,-92.4072467408787
1000000000.0,1146905830.5499647,L_trace,31249980.1,,,10,2040.0,-92.97028546910097
1000000000.0,1146905830.5499647,L_trace,31249980.1,,,10,2055.0,-93.61261992742415
1000000000.0,1146905830.5499647,L_trace,31249980.1,,,10,2070.0,-93.50227095869815
1000000000.0,1146905830.5499647,L_trace,31249980.1,,,10,2085.0,-92.61728529385259
1000000000.0,1146905830.5499647,L_trace,31249980.1,,,10,2100.0,-92.49039856188135
1000000000.0,1146905830.5499647,L_trace,31249980.1,,,10,2115.0,-92.99835286726665
1000000000.0,1146905830.5499647,L_trace,31249980.1,,,10,2130.0,-94.08919478598254
1000000000.0,1146905830.5499647,L_trace,31249980.1,,,10,2145.0,-94.3254079007604
1000000000.0,1146905830.5499647,L_trace,31249980.1,,,10,2160.0,-93.99670305810461
1000000000.0,1146905830.5499647,L_trace,31249980.1,,,10,2175.0,-93.77187841413128
1000000000.0,1146905830.5499647,L_trace,31249980.1,,,10,2190.0,-93.64717461398772
1000000000.0,1146905830.5499647,L_trace,31249980.1,,,10,2205.0,-92.9980240466559
1000000000.0,1146905830.5499647,L_trace,31249980.1,,,10,2220.0,-93.18542985662236
1000000000.0,1146905830.5499647,L_trace,31249980.1,,,10,2235.0,-94.06377782453684
1000000000.0,1146905830.5499647,L_trace,31249980.1,,,10,2250.0,-94.02874970681668
1000000000.0,1146905830.5499647,L_trace,31249980.1,,,10,2265.0,-92.49463943410403
1000000000.0,1146905830.5499647,L_trace,31249980.1,,,10,2280.0,-92.57218380017511
1000000000.0,1146905830.5499647,L_trace,31249980.1,,,10,2295.0,-94.38362514175789
1000000000.0,1146905830.5499647,L_trace,31249980.1,,,10,2310.0,-95.09786653024163
1000000000.0,1146905830.5499647,L_trace,31249980.1,,,10,2325.0,-95.84122212686314
1000000000.0,1146905830.5499647,L_trace,31249980.1,,,10,2340.0,-94.4753396836564
1000000000.0,1146905830.5499647,L_trace,31249980.1,,,10,2355.0,-92.57387082193483
1000000000.0,1146905830.5499647,L_trace,31249980.1,,,10,2370.0,-92.28968965717539
1000000000.0,1146905830.5499647,L_trace,31249980.1,,,10,2385.0,-93.42957444801611
1000000000.0,1146905830.5499647,L_trace,31249980.1,,,10,2400.0,-91.7060308157567
1000000000.0,1146905830.5499647,L_trace,31249980.1,,,10,2415.0,-89.18108726650566
1000000000.0,1146905830.5499647,L_trace,31249980.1,,,10,2430.0,-88.3154110659898
1000000000.0,1146905830.5499647,L_trace,31249980.1,,,10,2445.0,-88.91204222575207
1000000000.0,1146905830.5499647,L_trace,31249980.1,,,10,2460.0,-90.22204497134918
1000000000.0,1146905830.5499647,L_trace,31249980.1,,,10,2475.0,-91.69289068066185
1000000000.0,1146905830.5499647,L_trace,31249980.1,,,10,2490.0,-93.08873593794937
1000000000.0,1146905830.5499647,L_trace,31249980.1,,,10,2505.0,-95.37310448794658
1000000000.0,1146905830.5499647,L_trace,31249980.1,,,10,2520.0,-96.45857917433095
1000000000.0,1146905830.5499647,L_trace,31249980.1,,,10,2535.0,-95.35993336415319
1000000000.0,1146905830.5499647,L_trace,31249980.1,,,10,2550.0,-94.6954286503988
1000000000.0,1146905830.5499647,L_trace,31249980.1,,,10,2565.0,-95.47885407943228
1000000000.0,1146905830.5499647,L_trace,31249980.1,,,10,2580.0,-95.80232044340549
1000000000.0,1146905830.5499647,L_trace,31249980.1,,,10,2595.0,-94.21562909521786
1000000000.0,1146905830.5499647,L_trace,31249980.1,,,10,2610.0,-92.74173623689133
1000000000.0,1146905830.5499647,L_trace,31249980.1,,,10,2625.0,-91.83119528137846
1000000000.0,1146905830.5499647,L_trace,31249980.1,,,10,2640.0,-92.18294628444762
1000000000.0,1146905830.5499647,L_trace,31249980.1,,,10,2655.0,-94.52592668521935
1000000000.0,1146905830.5499647,L_trace,31249980.1,,,10,2670.0,-95.990349652922
1000000000.0,1146905830.5499647,L_trace,31249980.1,,,10,2685.0,-95.47731531121205
1000000000.0,1146905830.5499647,L_trace,31249980.1,,,10,2700.0,-94.70470188193055
1000000000.0,1146905830.5499647,L_trace,31249980.1,,,10,2715.0,-95.20562431580872
1000000000.0,1146905830.5499647,L_trace,31249980.1,,,10,2730.0,-94.84774044727696
1000000000.0,1146905830.5499647,L_trace,31249980.1,,,10,2745.0,-95.61131778091922
1000000000.0,1146905830.5499647,L_trace,31249980.1,,,10,2760.0,-97.42435639290383
1000000000.0,1146905830.5499647,L_trace,31249980.1,,,10,2775.0,-96.4459440178148
1000000000.0,1146905830.5499647,L_trace,31249980.1,,,10,2790.0,-95.23523249052518
1000000000.0,1146905830.5499647,L_trace,31249980.1,,,10,2805.0,-94.48422848622882
1000000000.0,1146905830.5499647,L_trace,31249980.1,,,10,2820.0,-94.50165284077902
1000000000.0,1146905830.5499647,L_trace,31249980.1,,,10,2835.0,-95.26041142877295
1000000000.0,1146905830.5499647,L_trace,31249980.1,,,10,2850.0,-94.87968840846715
1000000000.0,1146905830.5499647,L_trace,31249980.1,,,10,2865.0,-94.16628632096818
1000000000.0,1146905830.5499647,L_trace,31249980.1,,,10,2880.0,-94.64071491287034
1000000000.0,1146905830.5499647,L_trace,31249980.1,,,10,2895.0,-95.38195211324121
1000000000.0,1146905830.5499647,L_trace,31249980.1,,,10,2910.0,-95.71523086358799
1000000000.0,1146905830.5499647,L_trace,31249980.1,,,10,2925.0,-95.50954571716562
1000000000.0,1146905830.5499647,L_trace,31249980.1,,,10,2940.0,-96.43949073794911
1000000000.0,1146905830.5499647,L_trace,31249980.1,,,10,2955.0,-97.27637800856445
1000000000.0,1146905830.5499647,L_trace,31249980.1,,,10,2970.0,-97.53129035610031
1000000000.0,1146905830.5499647,L_trace,31249980.1,,,10,2985.0,-97.09317591306673
1000000000.0,1146905830.5499647,L_trace,31249980.1,,,10,3000.0,-95.71803891472233
1000000000.0,1146905830.5499647,L_trace,31249980.1,,,10,3015.0,-94.91914946437812
1000000000.0,1146905830.5499647,L_trace,31249980.1,,,10,3030.0,-95.39036864716188
1000000000.0,1146905830.5499647,L_trace,31249980.1,,,10,3045.0,-96.24369257269214
1000000000.0,1146905830.5499647,L_trace,31249980.1,,,10,3060.0,-96.29635416279288
1000000000.0,1146905830.5499647,L_trace,31249980.1,,,10,3075.0,-95.08474456655593
1000000000.0,1146905830.5499647,L_trace,31249980.1,,,10,3090.0,-93.79421193909396
1000000000.0,1146905830.5499647,L_trace,31249980.1,,,10,3105.0,-94.35446969403844
1000000000.0,1146905830.5499647,L_trace,31249980.1,,,10,3120.0,-95.89597874242688
1000000000.0,1146905830.5499647,L_trace,31249980.1,,,10,3135.0,-96.54470686722046
1000000000.0,1146905830.5499647,L_trace,31249980.1,,,10,3150.0,-96.71425570389205
1000000000.0,1146905830.5499647,L_trace,31249980.1,,,10,3165.0,-97.08331179912061
1000000000.0,1146905830.5499647,L_trace,31249980.1,,,10,3180.0,-97.42721861555147
1000000000.0,1146905830.5499647,L_trace,31249980.1,,,10,3195.0,-94.27289595200743
1000000000.0,1146905830.5499647,L_trace,31249980.1,,,10,3210.0,-92.53813522927351
1000000000.0,1146905830.5499647,L_trace,31249980.1,,,10,3225.0,-92.9077725491563
1000000000.0,1146905830.5499647,L_trace,31249980.1,,,10,3240.0,-93.44049743781835
1000000000.0,1146905830.5499647,L_trace,31249980.1,,,10,3255.0,-94.01734356273504
1000000000.0,1146905830.5499647,L_trace,31249980.1,,,10,3270.0,-96.18926075702068
1000000000.0,1146905830.5499647,L_trace,31249980.1,,,10,3285.0,-97.74609506938096
1000000000.0,1146905830.5499647,L_trace,31249980.1,,,10,3300.0,-95.68842393400564
1000000000.0,1146905830.5499647,L_trace,31249980.1,,,10,3315.0,-94.78640000978386
1000000000.0,1146905830.5499647,L_trace,31249980.1,,,10,3330.0,-95.41382197219383
1000000000.0,1146905830.5499647,L_trace,31249980.1,,,10,3345.0,-96.24015340248836
1000000000.0,1146905830.5499647,L_trace,31249980.1,,,10,3360.0,-96.57792485314381
1000000000.0,1146905830.5499647,L_trace,31249980.1,,,10,3375.0,-96.21075621980314
1000000000.0,1146905830.5499647,L_trace,31249980.1,,,10,3390.0,-94.70821883012763
1000000000.0,1146905830.5499647,L_trace,31249980.1,,,10,3405.0,-93.86647641401022
1000000000.0,1146905830.5499647,L_trace,31249980.1,,,10,3420.0,-94.38466136947936
1000000000.0,1146905830.5499647,L_trace,31249980.1,,,10,3435.0,-95.36015416298123
1000000000.0,1146905830.5499647,L_trace,31249980.1,,,10,3450.0,-94.8143324311624
1000000000.0,1146905830.5499647,L_trace,31249980.1,,,10,3465.0,-93.96677966104183
1000000000.0,1146905830.5499647,L_trace,31249980.1,,,10,3480.0,-93.71638336869421
1000000000.0,1146905830.5499647,L_trace,31249980.1,,,10,3495.0,-94.70940510023976
1000000000.0,1146905830.5499647,L_trace,31249980.1,,,10,3510.0,-94.87771580641491
1000000000.0,1146905830.5499647,L_trace,31249980.1,,,10,3525.0,-94.2962357918398
1000000000.0,1146905830.5499647,L_trace,31249980.1,,,10,3540.0,-94.77039960700297
1000000000.0,1146905830.5499647,L_trace,31249980.1,,,10,3555.0,-96.16497089987051
1000000000.0,1146905830.5499647,L_trace,31249980.1,,,10,3570.0,-97.83289916722832
1000000000.0,1146905830.5499647,L_trace,31249980.1,,,10,3585.0,-96.55109639975475
1000000000.0,1146905830.5499647,L_trace,31249980.1,,,10,3600.0,-94.87788122752
1000000000.0,1146905830.5499647,L_trace,31249980.1,,,10,3615.0,-95.76559002356208
1000000000.0,1146905830.5499647,L_trace,31249980.1,,,10,3630.0,-95.59896654360706
1000000000.0,1146905830.5499647,L_trace,31249980.1,,,10,3645.0,-93.87033345184331
1000000000.0,1146905830.5499647,L_trace,31249980.1,,,10,3660.0,-93.52726617074256
1000000000.0,1146905830.5499647,L_trace,31249980.1,,,10,3675.0,-94.41468831214709
1000000000.0,1146905830.5499647,L_trace,31249980.1,,,10,3690.0,-95.90656859797785
1000000000.0,1146905830.5499647,L_trace,31249980.1,,,10,3705.0,-94.91082288176425
1000000000.0,1146905830.5499647,L_trace,31249980.1,,,10,3720.0,-94.41037616462445
1000000000.0,1146905830.5499647,L_trace,31249980.1,,,10,3735.0,-95.76757505027119
1000000000.0,1146905830.5499647,L_trace,31249980.1,,,10,3750.0,-96.40670587676722
1000000000.0,1146905830.5499647,L_trace,31249980.1,,,10,3765.0,-97.20663745657652
1000000000.0,1146905830.5499647,L_trace,31249980.1,,,10,3780.0,-97.9411730576012
1000000000.0,1146905830.5499647,L_trace,31249980.1,,,10,3795.0,-96.85306413525463
1000000000.0,1146905830.5499647,L_trace,31249980.1,,,10,3810.0,-95.46025975208933
1000000000.0,1146905830.5499647,L_trace,31249980.1,,,10,3825.0,-94.3093539157757
1000000000.0,1146905830.5499647,L_trace,31249980.1,,,10,3840.0,-94.68433696500914
1000000000.0,1146905830.5499647,L_trace,31249980.1,,,10,3855.0,-95.83097986254027
1000000000.0,1146905830.5499647,L_trace,31249980.1,,,10,3870.0,-96.61089734870355
1000000000.0,1146905830.5499647,L_trace,31249980.1,,,10,3885.0,-96.07538588882227
1000000000.0,1146905830.5499647,L_trace,31249980.1,,,10,3900.0,-96.16785856762995
1000000000.0,1146905830.5499647,L_trace,31249980.1,,,10,3915.0,-95.4450747916561
1000000000.0,1146905830.5499647,L_trace,31249980.1,,,10,3930.0,-93.48980870679021
1000000000.0,1146905830.5499647,L_trace,31249980.1,,,10,3945.0,-92.70003250729954
1000000000.0,1146905830.5499647,L_trace,31249980.1,,,10,3960.0,-92.40861725271166
1000000000.0,1146905830.5499647,L_trace,31249980.1,,,10,3975.0,-93.01835617930715
1000000000.0,1146905830.5499647,L_trace,31249980.1,,,10,3990.0,-93.75351560974852
1000000000.0,1146905830.5499647,L_trace,31249980.1,,,10,4005.0,-93.8856699909457
1000000000.0,1146905830.5499647,L_trace,31249980.1,,,10,4020.0,-93.39972804338375
1000000000.0,1146905830.5499647,L_trace,31249980.1,,,10,4035.0,-93.81380545853015
1000000000.0,1146905830.5499647,L_trace,31249980.1,,,10,4050.0,-95.42286773521175
1000000000.0,1146905830.5499647,L_trace,31249980.1,,,10,4065.0,-95.98037822194622
1000000000.0,1146905830.5499647,L_trace,31249980.1,,,10,4080.0,-94.65220017819762
1000000000.0,1146905830.5499647,L_trace,31249980.1,,,10,4095.0,-93.47817427659653
1000000000.0,1146905830.5499647,L_trace,31249980.1,,,10,4110.0,-93.95650866561924
1000000000.0,1146905830.5499647,L_trace,31249980.1,,,10,4125.0,-95.3891766533776
1000000000.0,1146905830.5499647,L_trace,31249980.1,,,10,4140.0,-95.85851046103828
1000000000.0,1146905830.5499647,L_trace,31249980.1,,,10,4155.0,-94.13557589107864
1000000000.0,1146905830.5499647,L_trace,31249980.1,,,10,4170.0,-92.77525539421299
1000000000.0,1146905830.5499647,L_trace,31249980.1,,,10,4185.0,-93.3598395080036
1000000000.0,1146905830.5499647,L_trace,31249980.1,,,10,4200.0,-94.57444778935768
1000000000.0,1146905830.5499647,L_trace,31249980.1,,,10,4215.0,-94.01062641000594
1000000000.0,1146905830.5499647,L_trace,31249980.1,,,10,4230.0,-93.41905716554348
1000000000.0,1146905830.5499647,L_trace,31249980.1,,,10,4245.0,-93.10854083536458
1000000000.0,1146905830.5499647,L_trace,31249980.1,,,10,4260.0,-93.10581231397751
1000000000.0,1146905830.5499647,L_trace,31249980.1,,,10,4275.0,-94.68205308607882
1000000000.0,1146905830.5499647,L_trace,31249980.1,,,10,4290.0,-97.93136983685811
1000000000.0,1146905830.5499647,L_trace,31249980.1,,,10,4305.0,-97.16902604671041
1000000000.0,1146905830.5499647,L_trace,31249980.1,,,10,4320.0,-95.23635964647603
1000000000.0,1146905830.5499647,L_trace,31249980.1,,,10,4335.0,-94.81748074229127
1000000000.0,1146905830.5499647,L_trace,31249980.1,,,10,4350.0,-94.91238255255628
1000000000.0,1146905830.5499647,L_trace,31249980.1,,,10,4365.0,-95.35757612095827
1000000000.0,1146905830.5499647,L_trace,31249980.1,,,10,4380.0,-95.3503289107847
1000000000.0,1146905830.5499647,L_trace,31249980.1,,,10,4395.0,-95.28222658519124
1000000000.0,1146905830.5499647,L_trace,31249980.1,,,10,4410.0,-95.61341308797856
1000000000.0,1146905830.5499647,L_trace,31249980.1,,,10,4425.0,-94.60446303757799
1000000000.0,1146905830.5499647,L_trace,31249980.1,,,10,4440.0,-92.56519738495376
1000000000.0,1146905830.5499647,L_trace,31249980.1,,,10,4455.0,-92.67764906279403
1000000000.0,1146905830.5499647,L_trace,31249980.1,,,10,4470.0,-93.74070576821383
1000000000.0,1146905830.5499647,L_trace,31249980.1,,,10,4485.0,-93.16196041921364
1000000000.0,1146905830.5499647,L_trace,31249980.1,,,10,4500.0,-93.40412676390903
1000000000.0,1146905830.5499647,L_trace,31249980.1,,,10,4515.0,-94.84174444558688
1000000000.0,1146905830.5499647,L_trace,31249980.1,,,10,4530.0,-95.91613083840525
1000000000.0,1146905830.5499647,L_trace,31249980.1,,,10,4545.0,-96.15003522823746
1000000000.0,1146905830.5499647,L_trace,31249980.1,,,10,4560.0,-96.44718305916378
1000000000.0,1146905830.5499647,L_trace,31249980.1,,,10,4575.0,-97.28361699588207
1000000000.0,1146905830.5499647,L_trace,31249980.1,,,10,4590.0,-96.69061060122735
1000000000.0,1146905830.5499647,L_trace,31249980.1,,,10,4605.0,-95.46873406646655
1000000000.0,1146905830.5499647,L_trace,31249980.1,,,10,4620.0,-94.85738319058787
1000000000.0,1146905830.5499647,L_trace,31249980.1,,,10,4635.0,-94.5642108975364
1000000000.0,1146905830.5499647,L_trace,31249980.1,,,10,4650.0,-94.71433683427951
1000000000.0,1146905830.5499647,L_trace,31249980.1,,,10,4665.0,-94.74193577782091
1000000000.0,1146905830.5499647,L_trace,31249980.1,,,10,4680.0,-95.32653944471691
1000000000.0,1146905830.5499647,L_trace,31249980.1,,,10,4695.0,-95.38723003968313
1000000000.0,1146905830.5499647,L_trace,31249980.1,,,10,4710.0,-95.17710424232588
1000000000.0,1146905830.5499647,L_trace,31249980.1,,,10,4725.0,-96.59181029098384
1000000000.0,1146905830.5499647,L_trace,31249980.1,,,10,4740.0,-98.43570745266796
1000000000.0,1146905830.5499647,L_trace,31249980.1,,,10,4755.0,-98.44969266870736
1000000000.0,1146905830.5499647,L_trace,31249980.1,,,10,4770.0,-96.71950090195314
1000000000.0,1146905830.5499647,L_trace,31249980.1,,,10,4785.0,-90.36244323718161
1000000000.0,1146905830.5499647,L_trace,31249980.1,,,10,4800.0,-80.74010878064433
1000000000.0,1146905830.5499647,L_trace,31249980.1,,,10,4815.0,-76.58800436102892
1000000000.0,1146905830.5499647,L_trace,31249980.1,,,10,4830.0,-77.48499800785193
1000000000.0,1146905830.5499647,L_trace,31249980.1,,,10,4845.0,-80.2774995365498
1000000000.0,1146905830.5499647,L_trace,31249980.1,,,10,4860.0,-82.9372145202529
1000000000.0,1146905830.5499647,L_trace,31249980.1,,,10,4875.0,-88.62241738742186
1000000000.0,1146905830.5499647,L_trace,31249980.1,,,10,4890.0,-93.21132443635241
1000000000.0,1146905830.5499647,L_trace,31249980.1,,,10,4905.0,-94.41760223716304
1000000000.0,1146905830.5499647,L_trace,31249980.1,,,10,4920.0,-95.9398473896757
1000000000.0,1146905830.5499647,L_trace,31249980.1,,,10,4935.0,-96.02862737734466
1000000000.0,1146905830.5499647,L_trace,31249980.1,,,10,4950.0,-95.27047778358381
1000000000.0,1146905830.5499647,L_trace,31249980.1,,,10,4965.0,-95.37453279820333
1000000000.0,1146905830.5499647,L_trace,31249980.1,,,10,4980.0,-96.93453667496671
1000000000.0,1146905830.5499647,L_trace,31249980.1,,,10,4995.0,-98.56566063234503
1000000000.0,1146905830.5499647,L_trace,31249980.1,,,10,5010.0,-96.09087583415976
1000000000.0,1146905830.5499647,L_trace,31249980.1,,,10,5025.0,-95.91533274557821
1000000000.0,1146905830.5499647,L_trace,31249980.1,,,10,5040.0,-97.9168245718188
1000000000.0,1146905830.5499647,L_trace,31249980.1,,,10,5055.0,-96.04018430341826
1000000000.0,1146905830.5499647,L_trace,31249980.1,,,10,5070.0,-95.16731558042264
1000000000.0,1146905830.5499647,L_trace,31249980.1,,,10,5085.0,-94.98627351787657
1000000000.0,1146905830.5499647,L_trace,31249980.1,,,10,5100.0,-94.45113739917167
1000000000.0,1146905830.5499647,L_trace,31249980.1,,,10,5115.0,-94.9144552867632
1000000000.0,1146905830.5499647,L_trace,31249980.1,,,10,5130.0,-92.63864477340209
1000000000.0,1146905830.5499647,L_trace,31249980.1,,,10,5145.0,-88.72708632304114
1000000000.0,1146905830.5499647,L_trace,31249980.1,,,10,5160.0,-86.90567210001664
1000000000.0,1146905830.5499647,L_trace,31249980.1,,,10,5175.0,-85.54880710024815
1000000000.0,1146905830.5499647,L_trace,31249980.1,,,10,5190.0,-84.65984427159898
1000000000.0,1146905830.5499647,L_trace,31249980.1,,,10,5205.0,-86.41664930887448
1000000000.0,1146905830.5499647,L_trace,31249980.1,,,10,5220.0,-88.34249977178656
1000000000.0,1146905830.5499647,L_trace,31249980.1,,,10,5235.0,-90.39264990962371
1000000000.0,1146905830.5499647,L_trace,31249980.1,,,10,5250.0,-94.21169511815695
1000000000.0,1146905830.5499647,L_trace,31249980.1,,,10,5265.0,-95.75913757057286
1000000000.0,1146905830.5499647,L_trace,31249980.1,,,10,5280.0,-94.61505585398343
1000000000.0,1146905830.5499647,L_trace,31249980.1,,,10,5295.0,-94.8774694768912
1000000000.0,1146905830.5499647,L_trace,31249980.1,,,10,5310.0,-95.03706826260743
1000000000.0,1146905830.5499647,L_trace,31249980.1,,,10,5325.0,-94.38453298401318
1000000000.0,1146905830.5499647,L_trace,31249980.1,,,10,5340.0,-95.32580276410492
1000000000.0,1146905830.5499647,L_trace,31249980.1,,,10,5355.0,-97.31946398269005
1000000000.0,1146905830.5499647,L_trace,31249980.1,,,10,5370.0,-96.99228110304306
1000000000.0,1146905830.5499647,L_trace,31249980.1,,,10,5385.0,-96.3328593466714
1000000000.0,1146905830.5499647,L_trace,31249980.1,,,10,5400.0,-96.62980663909123
1000000000.0,1146905830.5499647,L_trace,31249980.1,,,10,5415.0,-95.38599558690882
1000000000.0,1146905830.5499647,L_trace,31249980.1,,,10,5430.0,-93.73222597048829
1000000000.0,1146905830.5499647,L_trace,31249980.1,,,10,5445.0,-93.91712598384366
1000000000.0,1146905830.5499647,L_trace,31249980.1,,,10,5460.0,-94.96734718450033
1000000000.0,1146905830.5499647,L_trace,31249980.1,,,10,5475.0,-93.70516643922375
1000000000.0,1146905830.5499647,L_trace,31249980.1,,,10,5490.0,-93.11733393975102
1000000000.0,1146905830.5499647,L_trace,31249980.1,,,10,5505.0,-94.71778461304729
1000000000.0,1146905830.5499647,L_trace,31249980.1,,,10,5520.0,-96.1011133962849
1000000000.0,1146905830.5499647,L_trace,31249980.1,,,10,5535.0,-95.671007088626
1000000000.0,1146905830.5499647,L_trace,31249980.1,,,10,5550.0,-94.33732513115307
1000000000.0,1146905830.5499647,L_trace,31249980.1,,,10,5565.0,-93.16461151054897
1000000000.0,1146905830.5499647,L_trace,31249980.1,,,10,5580.0,-92.62449088084706
1000000000.0,1146905830.5499647,L_trace,31249980.1,,,10,5595.0,-92.18471384899522
1000000000.0,1146905830.5499647,L_trace,31249980.1,,,10,5610.0,-92.84559920302466
1000000000.0,1146905830.5499647,L_trace,31249980.1,,,10,5625.0,-93.61821441140496
1000000000.0,1146905830.5499647,L_trace,31249980.1,,,10,5640.0,-93.36462487051757
1000000000.0,1146905830.5499647,L_trace,31249980.1,,,10,5655.0,-93.58276677881852
1000000000.0,1146905830.5499647,L_trace,31249980.1,,,10,5670.0,-93.70004763139652
1000000000.0,1146905830.5499647,L_trace,31249980.1,,,10,5685.0,-93.88164206744939
1000000000.0,1146905830.5499647,L_trace,31249980.1,,,10,5700.0,-94.37288625534111
1000000000.0,1146905830.5499647,L_trace,31249980.1,,,10,5715.0,-93.41036793517002
1000000000.0,1146905830.5499647,L_trace,31249980.1,,,10,5730.0,-93.43532018159608
1000000000.0,1146905830.5499647,L_trace,31249980.1,,,10,5745.0,-94.11719013571688
1000000000.0,1146905830.5499647,L_trace,31249980.1,,,10,5760.0,-94.67291736124241
1000000000.0,1146905830.5499647,L_trace,31249980.1,,,10,5775.0,-94.71688479660833
1000000000.0,1146905830.5499647,L_trace,31249980.1,,,10,5790.0,-94.12080642093714
1000000000.0,1146905830.5499647,L_trace,31249980.1,,,10,5805.0,-93.18115593421749
1000000000.0,1146905830.5499647,L_trace,31249980.1,,,10,5820.0,-93.0819163579301
1000000000.0,1146905830.5499647,L_trace,31249980.1,,,10,5835.0,-94.05095532072107
1000000000.0,1146905830.5499647,L_trace,31249980.1,,,10,5850.0,-94.53415645049722
1000000000.0,1146905830.5499647,L_trace,31249980.1,,,10,5865.0,-94.69213944979734
1000000000.0,1146905830.5499647,L_trace,31249980.1,,,10,5880.0,-95.85935030033231
1000000000.0,1146905830.5499647,L_trace,31249980.1,,,10,5895.0,-96.31167926890433
1000000000.0,1146905830.5499647,L_trace,31249980.1,,,10,5910.0,-94.7285672970995
1000000000.0,1146905830.5499647,L_trace,31249980.1,,,10,5925.0,-92.83488294382018
1000000000.0,1146905830.5499647,L_trace,31249980.1,,,10,5940.0,-92.64905225512584
1000000000.0,1146905830.5499647,L_trace,31249980.1,,,10,5955.0,-94.0482229476226
1000000000.0,1146905830.5499647,L_trace,31249980.1,,,10,5970.0,-95.35286103930025
1000000000.0,1146905830.5499647,L_trace,31249980.1,,,10,5985.0,-96.57221350114756
1000000000.0,1146905830.5499647,L_trace,31249980.1,,,10,6000.0,-96.89301298343017
1000000000.0,1146905830.5499647,L_trace,31249980.1,,,10,6015.0,-95.69721447661192
1000000000.0,1146905830.5499647,L_trace,31249980.1,,,10,6030.0,-94.41324445734298
1000000000.0,1146905830.5499647,L_trace,31249980.1,,,10,6045.0,-93.72648391725801
1000000000.0,1146905830.5499647,L_trace,31249980.1,,,10,6060.0,-93.76550981420245
1000000000.0,1146905830.5499647,L_trace,31249980.1,,,10,6075.0,-93.28466715227309
1000000000.0,1146905830.5499647,L_trace,31249980.1,,,10,6090.0,-92.50246873163474
1000000000.0,1146905830.5499647,L_trace,31249980.1,,,10,6105.0,-92.94674870059131
1000000000.0,1146905830.5499647,L_trace,31249980.1,,,10,6120.0,-95.53179636431231
1000000000.0,1146905830.5499647,L_trace,31249980.1,,,10,6135.0,-97.26646906665022
1000000000.0,1146905830.5499647,L_trace,31249980.1,,,10,6150.0,-96.28199705256016
1000000000.0,1146905830.5499647,L_trace,31249980.1,,,10,6165.0,-95.86721013429893
1000000000.0,1146905830.5499647,L_trace,31249980.1,,,10,6180.0,-96.55606846654726
1000000000.0,1146905830.5499647,L_trace,31249980.1,,,10,6195.0,-95.94764026457916
1000000000.0,1146905830.5499647,L_trace,31249980.1,,,10,6210.0,-95.13784117151053
1000000000.0,1146905830.5499647,L_trace,31249980.1,,,10,6225.0,-95.18925704178574
1000000000.0,1146905830.5499647,L_trace,31249980.1,,,10,6240.0,-95.11168214712511
1000000000.0,1146905830.5499647,L_trace,31249980.1,,,10,6255.0,-94.83302569707912
1000000000.0,1146905830.5499647,L_trace,31249980.1,,,10,6270.0,-93.14878008599358
1000000000.0,1146905830.5499647,L_trace,31249980.1,,,10,6285.0,-92.68343894077108
1000000000.0,1146905830.5499647,L_trace,31249980.1,,,10,6300.0,-93.7164496070024
1000000000.0,1146905830.5499647,L_trace,31249980.1,,,10,6315.0,-94.59982491796634
1000000000.0,1146905830.5499647,L_trace,31249980.1,,,10,6330.0,-93.66846334211495
1000000000.0,1146905830.5499647,L_trace,31249980.1,,,10,6345.0,-92.62997163752432
1000000000.0,1146905830.5499647,L_trace,31249980.1,,,10,6360.0,-92.47163278850465
1000000000.0,1146905830.5499647,L_trace,31249980.1,,,10,6375.0,-93.21510066048137
1000000000.0,1146905830.5499647,L_trace,31249980.1,,,10,6390.0,-94.21089081046841
1000000000.0,1146905830.5499647,L_trace,31249980.1,,,10,6405.0,-94.4608099456915
1000000000.0,1146905830.5499647,L_trace,31249980.1,,,10,6420.0,-94.25554256822262
1000000000.0,1146905830.5499647,L_trace,31249980.1,,,10,6435.0,-93.31967469627193
1000000000.0,1146905830.5499647,L_trace,31249980.1,,,10,6450.0,-92.25974148219508
1000000000.0,1146905830.5499647,L_trace,31249980.1,,,10,6465.0,-92.10401571099948
1000000000.0,1146905830.5499647,L_trace,31249980.1,,,10,6480.0,-93.63824706822355
1000000000.0,1146905830.5499647,L_trace,31249980.1,,,10,6495.0,-96.97636978331401
1000000000.0,1146905830.5499647,L_trace,31249980.1,,,10,6510.0,-98.65936142386548
1000000000.0,1146905830.5499647,L_trace,31249980.1,,,10,6525.0,-94.51658430583403
1000000000.0,1146905830.5499647,L_trace,31249980.1,,,10,6540.0,-92.68263831640968
1000000000.0,1146905830.5499647,L_trace,31249980.1,,,10,6555.0,-93.53985353672289
1000000000.0,1146905830.5499647,L_trace,31249980.1,,,10,6570.0,-94.89280279664999
1000000000.0,1146905830.5499647,L_trace,31249980.1,,,10,6585.0,-96.36429579290026
1000000000.0,1146905830.5499647,L_trace,31249980.1,,,10,6600.0,-95.56966170851852
1000000000.0,1146905830.5499647,L_trace,31249980.1,,,10,6615.0,-94.16048450845308
1000000000.0,1146905830.5499647,L_trace,31249980.1,,,10,6630.0,-93.85978034207446
1000000000.0,1146905830.5499647,L_trace,31249980.1,,,10,6645.0,-94.30783662168314
1000000000.0,1146905830.5499647,L_trace,31249980.1,,,10,6660.0,-94.46181309209958
1000000000.0,1146905830.5499647,L_trace,31249980.1,,,10,6675.0,-93.90292459350651
1000000000.0,1146905830.5499647,L_trace,31249980.1,,,10,6690.0,-93.60083328976675
1000000000.0,1146905830.5499647,L_trace,31249980.1,,,10,6705.0,-94.22058348332276
1000000000.0,1146905830.5499647,L_trace,31249980.1,,,10,6720.0,-95.4773939070333
1000000000.0,1146905830.5499647,L_trace,31249980.1,,,10,6735.0,-94.5892592588465
1000000000.0,1146905830.5499647,L_trace,31249980.1,,,10,6750.0,-92.59300774630212
1000000000.0,1146905830.5499647,L_trace,31249980.1,,,10,6765.0,-92.37032989105849
1000000000.0,1146905830.5499647,L_trace,31249980.1,,,10,6780.0,-93.29121870032056
1000000000.0,1146905830.5499647,L_trace,31249980.1,,,10,6795.0,-93.70373897048863
1000000000.0,1146905830.5499647,L_trace,31249980.1,,,10,6810.0,-94.44217427123219
1000000000.0,1146905830.5499647,L_trace,31249980.1,,,10,6825.0,-95.46948177932708
1000000000.0,1146905830.5499647,L_trace,31249980.1,,,10,6840.0,-96.04719040841606
1000000000.0,1146905830.5499647,L_trace,31249980.1,,,10,6855.0,-96.17576779554557
1000000000.0,1146905830.5499647,L_trace,31249980.1,,,10,6870.0,-95.20939015476279
1000000000.0,1146905830.5499647,L_trace,31249980.1,,,10,6885.0,-94.42874833422391
1000000000.0,1146905830.5499647,L_trace,31249980.1,,,10,6900.0,-95.06111576752856
1000000000.0,1146905830.5499647,L_trace,31249980.1,,,10,6915.0,-95.03837272739798
1000000000.0,1146905830.5499647,L_trace,31249980.1,,,10,6930.0,-93.67986846529918
1000000000.0,1146905830.5499647,L_trace,31249980.1,,,10,6945.0,-93.38225481789631
1000000000.0,1146905830.5499647,L_trace,31249980.1,,,10,6960.0,-94.56466608460941
1000000000.0,1146905830.5499647,L_trace,31249980.1,,,10,6975.0,-96.47528744673212
1000000000.0,1146905830.5499647,L_trace,31249980.1,,,10,6990.0,-98.5815137238556
1000000000.0,1146905830.5499647,L_trace,31249980.1,,,10,7005.0,-97.2132388967049
1000000000.0,1146905830.5499647,L_trace,31249980.1,,,10,7020.0,-94.87492778650929
1000000000.0,1146905830.5499647,L_trace,31249980.1,,,10,7035.0,-94.619473967086
1000000000.0,1146905830.5499647,L_trace,31249980.1,,,10,7050.0,-95.74565846226227
1000000000.0,1146905830.5499647,L_trace,31249980.1,,,10,7065.0,-95.56425957836345
1000000000.0,1146905830.5499647,L_trace,31249980.1,,,10,7080.0,-95.02712759625602
1000000000.0,1146905830.5499647,L_trace,31249980.1,,,10,7095.0,-94.91221866382648
1000000000.0,1146905830.5499647,L_trace,31249980.1,,,10,7110.0,-95.11091720589395
1000000000.0,1146905830.5499647,L_trace,31249980.1,,,10,7125.0,-94.94319339735237
1000000000.0,1146905830.5499647,L_trace,31249980.1,,,10,7140.0,-94.46360747543648
1000000000.0,1146905830.5499647,L_trace,31249980.1,,,10,7155.0,-94.62628721380158
1000000000.0,1146905830.5499647,L_trace,31249980.1,,,10,7170.0,-94.40748904835876
1000000000.0,1146905830.5499647,L_trace,31249980.1,,,10,7185.0,-95.49534088119985
1000000000.0,1146905830.5499647,L_trace,31249980.1,,,10,7200.0,-98.36327538535168
1000000000.0,1146905830.5499647,L_trace,31249980.1,,,10,7215.0,-99.0558918346867
1000000000.0,1146905830.5499647,L_trace,31249980.1,,,10,7230.0,-95.74717735717249
1000000000.0,1146905830.5499647,L_trace,31249980.1,,,10,7245.0,-93.94387428607087
1000000000.0,1146905830.5499647,L_trace,31249980.1,,,10,7260.0,-93.7345297657983
1000000000.0,1146905830.5499647,L_trace,31249980.1,,,10,7275.0,-94.23751081061943
1000000000.0,1146905830.5499647,L_trace,31249980.1,,,10,7290.0,-95.33342804008035
1000000000.0,1146905830.5499647,L_trace,31249980.1,,,10,7305.0,-96.97334839084166
1000000000.0,1146905830.5499647,L_trace,31249980.1,,,10,7320.0,-97.96726420074471
1000000000.0,1146905830.5499647,L_trace,31249980.1,,,10,7335.0,-96.58614260663225
1000000000.0,1146905830.5499647,L_trace,31249980.1,,,10,7350.0,-94.70161435137977
1000000000.0,1146905830.5499647,L_trace,31249980.1,,,10,7365.0,-93.02296258239639
1000000000.0,1146905830.5499647,L_trace,31249980.1,,,10,7380.0,-92.82636338963015
1000000000.0,1146905830.5499647,L_trace,31249980.1,,,10,7395.0,-94.16432830105039
1000000000.0,1146905830.5499647,L_trace,31249980.1,,,10,7410.0,-96.00680660704786
1000000000.0,1146905830.5499647,L_trace,31249980.1,,,10,7425.0,-97.40107102129242
1000000000.0,1146905830.5499647,L_trace,31249980.1,,,10,7440.0,-95.1954909218076
1000000000.0,1146905830.5499647,L_trace,31249980.1,,,10,7455.0,-93.6979659711503
1000000000.0,1146905830.5499647,L_trace,31249980.1,,,10,7470.0,-94.36028699707225
1000000000.0,1146905830.5499647,L_trace,31249980.1,,,10,7485.0,-94.85587748518134
1000000000.0,1146905830.5499647,L_trace,31249980.1,,,10,7500.0,-94.29087574641319
1000000000.0,1146905830.5499647,L_trace,31249980.1,,,10,7515.0,-94.53428220762459
1000000000.0,1146905830.5499647,L_trace,31249980.1,,,10,7530.0,-95.8202552846695
1000000000.0,1146905830.5499647,L_trace,31249980.1,,,10,7545.0,-96.51541798852078
1000000000.0,1146905830.5499647,L_trace,31249980.1,,,10,7560.0,-96.05777314285685
1000000000.0,1146905830.5499647,L_trace,31249980.1,,,10,7575.0,-95.27306143461655
1000000000.0,1146905830.5499647,L_trace,31249980.1,,,10,7590.0,-94.88417793586841
1000000000.0,1146905830.5499647,L_trace,31249980.1,,,10,7605.0,-95.20326969332717
1000000000.0,1146905830.5499647,L_trace,31249980.1,,,10,7620.0,-95.08462442605412
1000000000.0,1146905830.5499647,L_trace,31249980.1,,,10,7635.0,-94.59923547100769
1000000000.0,1146905830.5499647,L_trace,31249980.1,,,10,7650.0,-93.61322906530337
1000000000.0,1146905830.5499647,L_trace,31249980.1,,,10,7665.0,-93.80327247555945
1000000000.0,1146905830.5499647,L_trace,31249980.1,,,10,7680.0,-94.85903539117031
1000000000.0,1146905830.5499647,L_trace,31249980.1,,,10,7695.0,-94.48651245952993
1000000000.0,1146905830.5499647,L_trace,31249980.1,,,10,7710.0,-93.26208807980687
1000000000.0,1146905830.5499647,L_trace,31249980.1,,,10,7725.0,-92.6810898159508
1000000000.0,1146905830.5499647,L_trace,31249980.1,,,10,7740.0,-93.7911040723239
1000000000.0,1146905830.5499647,L_trace,31249980.1,,,10,7755.0,-95.5208069754031
1000000000.0,1146905830.5499647,L_trace,31249980.1,,,10,7770.0,-94.86528661532732
1000000000.0,1146905830.5499647,L_trace,31249980.1,,,10,7785.0,-93.6271595115703
1000000000.0,1146905830.5499647,L_trace,31249980.1,,,10,7800.0,-93.7962796073993
1000000000.0,1146905830.5499647,L_trace,31249980.1,,,10,7815.0,-94.30451509961749
1000000000.0,1146905830.5499647,L_trace,31249980.1,,,10,7830.0,-94.54146342304874
1000000000.0,1146905830.5499647,L_trace,31249980.1,,,10,7845.0,-94.61437727346528
1000000000.0,1146905830.5499647,L_trace,31249980.1,,,10,7860.0,-95.81683399985475
1000000000.0,1146905830.5499647,L_trace,31249980.1,,,10,7875.0,-95.99284894063156
1000000000.0,1146905830.5499647,L_trace,31249980.1,,,10,7890.0,-94.03399731349295
1000000000.0,1146905830.5499647,L_trace,31249980.1,,,10,7905.0,-92.72003436055203
1000000000.0,1146905830.5499647,L_trace,31249980.1,,,10,7920.0,-93.03765719618403
1000000000.0,1146905830.5499647,L_trace,31249980.1,,,10,7935.0,-93.76619637837258
1000000000.0,1146905830.5499647,L_trace,31249980.1,,,10,7950.0,-94.72757507532363
1000000000.0,1146905830.5499647,L_trace,31249980.1,,,10,7965.0,-95.26796423779517
1000000000.0,1146905830.5499647,L_trace,31249980.1,,,10,7980.0,-95.3563716884556
1000000000.0,1146905830.5499647,L_trace,31249980.1,,,10,7995.0,-95.60877155052809
1000000000.0,1146905830.5499647,L_trace,31249980.1,,,10,8010.0,-94.94045141714179
1000000000.0,1146905830.5499647,L_trace,31249980.1,,,10,8025.0,-95.4234075687079
1000000000.0,1146905830.5499647,L_trace,31249980.1,,,10,8040.0,-96.1054633419887
1000000000.0,1146905830.5499647,L_trace,31249980.1,,,10,8055.0,-96.16853965958414
1000000000.0,1146905830.5499647,L_trace,31249980.1,,,10,8070.0,-95.89889427239085
1000000000.0,1146905830.5499647,L_trace,31249980.1,,,10,8085.0,-94.75139911286549
1000000000.0,1146905830.5499647,L_trace,31249980.1,,,10,8100.0,-94.18903238634928
1000000000.0,1146905830.5499647,L_trace,31249980.1,,,10,8115.0,-94.81055403530593
1000000000.0,1146905830.5499647,L_trace,31249980.1,,,10,8130.0,-95.1861820644317
1000000000.0,1146905830.5499647,L_trace,31249980.1,,,10,8145.0,-94.18321152789538
1000000000.0,1146905830.5499647,L_trace,31249980.1,,,10,8160.0,-93.76764079738675
1000000000.0,1146905830.5499647,L_trace,31249980.1,,,10,8175.0,-94.55128728283078
1000000000.0,1146905830.5499647,L_trace,31249980.1,,,10,8190.0,-96.11455993318471
1000000000.0,1146905830.5499647,L_trace,31249980.1,,,10,8205.0,-96.80404253244642
1000000000.0,1146905830.5499647,L_trace,31249980.1,,,10,8220.0,-96.18805247235866
1000000000.0,1146905830.5499647,L_trace,31249980.1,,,10,8235.0,-94.96630016772247
1000000000.0,1146905830.5499647,L_trace,31249980.1,,,10,8250.0,-95.60562198977429
1000000000.0,1146905830.5499647,L_trace,31249980.1,,,10,8265.0,-96.48152067940876
1000000000.0,1146905830.5499647,L_trace,31249980.1,,,10,8280.0,-95.2816984085329
1000000000.0,1146905830.5499647,L_trace,31249980.1,,,10,8295.0,-94.21232710794446
1000000000.0,1146905830.5499647,L_trace,31249980.1,,,10,8310.0,-94.36768898388543
1000000000.0,1146905830.5499647,L_trace,31249980.1,,,10,8325.0,-93.43833731901607
1000000000.0,1146905830.5499647,L_trace,31249980.1,,,10,8340.0,-92.14254350210531
1000000000.0,1146905830.5499647,L_trace,31249980.1,,,10,8355.0,-92.47339576073874
1000000000.0,1146905830.5499647,L_trace,31249980.1,,,10,8370.0,-93.38851994339073
1000000000.0,1146905830.5499647,L_trace,31249980.1,,,10,8385.0,-94.00784524188985
1000000000.0,1146905830.5499647,L_trace,31249980.1,,,10,8400.0,-94.75373842416933
1000000000.0,1146905830.5499647,L_trace,31249980.1,,,10,8415.0,-95.29621136656121
1000000000.0,1146905830.5499647,L_trace,31249980.1,,,10,8430.0,-95.11072787248895
1000000000.0,1146905830.5499647,L_trace,31249980.1,,,10,8445.0,-95.13202309892755
1000000000.0,1146905830.5499647,L_trace,31249980.1,,,10,8460.0,-96.39574421658085
1000000000.0,1146905830.5499647,L_trace,31249980.1,,,10,8475.0,-98.02436932729468
1000000000.0,1146905830.5499647,L_trace,31249980.1,,,10,8490.0,-96.11515728442133
1000000000.0,1146905830.5499647,L_trace,31249980.1,,,10,8505.0,-94.55066392773368
1000000000.0,1146905830.5499647,L_trace,31249980.1,,,10,8520.0,-95.0092259544592
1000000000.0,1146905830.5499647,L_trace,31249980.1,,,10,8535.0,-96.75634604221844
1000000000.0,1146905830.5499647,L_trace,31249980.1,,,10,8550.0,-96.95151824991918
1000000000.0,1146905830.5499647,L_trace,31249980.1,,,10,8565.0,-96.85362702674901
1000000000.0,1146905830.5499647,L_trace,31249980.1,,,10,8580.0,-98.28943293456496
1000000000.0,1146905830.5499647,L_trace,31249980.1,,,10,8595.0,-97.94340477113217
1000000000.0,1146905830.5499647,L_trace,31249980.1,,,10,8610.0,-96.19555850925506
1000000000.0,1146905830.5499647,L_trace,31249980.1,,,10,8625.0,-95.34543140349213
1000000000.0,1146905830.5499647,L_trace,31249980.1,,,10,8640.0,-93.78123304813714
1000000000.0,1146905830.5499647,L_trace,31249980.1,,,10,8655.0,-91.58936534269517
1000000000.0,1146905830.5499647,L_trace,31249980.1,,,10,8670.0,-90.90930866600047
1000000000.0,1146905830.5499647,L_trace,31249980.1,,,10,8685.0,-91.37128255334956
1000000000.0,1146905830.5499647,L_trace,31249980.1,,,10,8700.0,-92.2816995509371
1000000000.0,1146905830.5499647,L_trace,31249980.1,,,10,8715.0,-93.7334894369282
1000000000.0,1146905830.5499647,L_trace,31249980.1,,,10,8730.0,-94.99001486652139
1000000000.0,1146905830.5499647,L_trace,31249980.1,,,10,8745.0,-95.74137355868706
1000000000.0,1146905830.5499647,L_trace,31249980.1,,,10,8760.0,-95.13747991486528
1000000000.0,1146905830.5499647,L_trace,31249980.1,,,10,8775.0,-93.88622815500551
1000000000.0,1146905830.5499647,L_trace,31249980.1,,,10,8790.0,-92.99225201248605
1000000000.0,1146905830.5499647,L_trace,31249980.1,,,10,8805.0,-93.6642730622789
1000000000.0,1146905830.5499647,L_trace,31249980.1,,,10,8820.0,-95.13474199784203
1000000000.0,1146905830.5499647,L_trace,31249980.1,,,10,8835.0,-95.3198987675599
1000000000.0,1146905830.5499647,L_trace,31249980.1,,,10,8850.0,-95.44321381660266
1000000000.0,1146905830.5499647,L_trace,31249980.1,,,10,8865.0,-95.35838859922224
1000000000.0,1146905830.5499647,L_trace,31249980.1,,,10,8880.0,-95.05271269209001
1000000000.0,1146905830.5499647,L_trace,31249980.1,,,10,8895.0,-93.6242834615356
1000000000.0,1146905830.5499647,L_trace,31249980.1,,,10,8910.0,-92.27031261978843
1000000000.0,1146905830.5499647,L_trace,31249980.1,,,10,8925.0,-91.87110361230067
1000000000.0,1146905830.5499647,L_trace,31249980.1,,,10,8940.0,-92.37541897588768
1000000000.0,1146905830.5499647,L_trace,31249980.1,,,10,8955.0,-92.94794323194778
1000000000.0,1146905830.5499647,L_trace,31249980.1,,,10,8970.0,-95.07552554960068
1000000000.0,1146905830.5499647,L_trace,31249980.1,,,10,8985.0,-97.61302967193649
1000000000.0,1146905830.5499647,L_trace,31249980.1,,,10,9000.0,-95.232297794198
1000000000.0,1146905830.5499647,L_trace,31249980.1,,,10,9015.0,-93.08330683172619
1000000000.0,1146905830.5499647,L_trace,31249980.1,,,10,9030.0,-93.2642879005664
1000000000.0,1146905830.5499647,L_trace,31249980.1,,,10,9045.0,-94.84226285358092
1000000000.0,1146905830.5499647,L_trace,31249980.1,,,10,9060.0,-95.44160417347624
1000000000.0,1146905830.5499647,L_trace,31249980.1,,,10,9075.0,-95.74238044598366
1000000000.0,1146905830.5499647,L_trace,31249980.1,,,10,9090.0,-96.50880455404203
1000000000.0,1146905830.5499647,L_trace,31249980.1,,,10,9105.0,-96.42651111670644
1000000000.0,1146905830.5499647,L_trace,31249980.1,,,10,9120.0,-95.32343908790567
1000000000.0,1146905830.5499647,L_trace,31249980.1,,,10,9135.0,-95.12481577584431
1000000000.0,1146905830.5499647,L_trace,31249980.1,,,10,9150.0,-94.55476237701687
1000000000.0,1146905830.5499647,L_trace,31249980.1,,,10,9165.0,-93.77214335465355
1000000000.0,1146905830.5499647,L_trace,31249980.1,,,10,9180.0,-93.33409798719809
1000000000.0,1146905830.5499647,L_trace,31249980.1,,,10,9195.0,-93.8623889683676
1000000000.0,1146905830.5499647,L_trace,31249980.1,,,10,9210.0,-94.58346080119907
1000000000.0,1146905830.5499647,L_trace,31249980.1,,,10,9225.0,-94.07619694745694
1000000000.0,1146905830.5499647,L_trace,31249980.1,,,10,9240.0,-93.77178663932516
1000000000.0,1146905830.5499647,L_trace,31249980.1,,,10,9255.0,-94.91722688723978
1000000000.0,1146905830.5499647,L_trace,31249980.1,,,10,9270.0,-95.05455592160915
1000000000.0,1146905830.5499647,L_trace,31249980.1,,,10,9285.0,-94.23728555055494
1000000000.0,1146905830.5499647,L_trace,31249980.1,,,10,9300.0,-94.55602286464395
1000000000.0,1146905830.5499647,L_trace,31249980.1,,,10,9315.0,-94.07261188712877
1000000000.0,1146905830.5499647,L_trace,31249980.1,,,10,9330.0,-93.22787746726344
1000000000.0,1146905830.5499647,L_trace,31249980.1,,,10,9345.0,-93.79060215861394
1000000000.0,1146905830.5499647,L_trace,31249980.1,,,10,9360.0,-95.40098212820756
1000000000.0,1146905830.5499647,L_trace,31249980.1,,,10,9375.0,-95.42409322517013
1000000000.0,1146905830.5499647,L_trace,31249980.1,,,10,9390.0,-94.11108121722292
1000000000.0,1146905830.5499647,L_trace,31249980.1,,,10,9405.0,-93.04734038743688
1000000000.0,1146905830.5499647,L_trace,31249980.1,,,10,9420.0,-92.62827366652522
1000000000.0,1146905830.5499647,L_trace,31249980.1,,,10,9435.0,-92.94050194552699
1000000000.0,1146905830.5499647,L_trace,31249980.1,,,10,9450.0,-93.55355573952782
1000000000.0,1146905830.5499647,L_trace,31249980.1,,,10,9465.0,-93.54728317958082
1000000000.0,1146905830.5499647,L_trace,31249980.1,,,10,9480.0,-93.47225949657633
1000000000.0,1146905830.5499647,L_trace,31249980.1,,,10,9495.0,-95.32457225083114
1000000000.0,1146905830.5499647,L_trace,31249980.1,,,10,9510.0,-96.62864480543884
1000000000.0,1146905830.5499647,L_trace,31249980.1,,,10,9525.0,-97.03517792226707
1000000000.0,1146905830.5499647,L_trace,31249980.1,,,10,9540.0,-96.62793916140626
1000000000.0,1146905830.5499647,L_trace,31249980.1,,,10,9555.0,-97.00883938432885
1000000000.0,1146905830.5499647,L_trace,31249980.1,,,10,9570.0,-98.16783380727539
1000000000.0,1146905830.5499647,L_trace,31249980.1,,,10,9585.0,-95.74005732122198
1000000000.0,1146905830.5499647,L_trace,31249980.1,,,10,9600.0,-91.52903697429444
1000000000.0,1146905830.5499647,L_trace,31249980.1,,,10,9615.0,-83.92360380910613
1000000000.0,1146905830.5499647,L_trace,31249980.1,,,10,9630.0,-79.1625303890918
1000000000.0,1146905830.5499647,L_trace,31249980.1,,,10,9645.0,-79.37421221919034
1000000000.0,1146905830.5499647,L_trace,31249980.1,,,10,9660.0,-84.4693091967976
1000000000.0,1146905830.5499647,L_trace,31249980.1,,,10,9675.0,-87.56672006165469
1000000000.0,1146905830.5499647,L_trace,31249980.1,,,10,9690.0,-84.75781287458847
1000000000.0,1146905830.5499647,L_trace,31249980.1,,,10,9705.0,-86.14206696799565
1000000000.0,1146905830.5499647,L_trace,31249980.1,,,10,9720.0,-91.84222285210323
1000000000.0,1146905830.5499647,L_trace,31249980.1,,,10,9735.0,-95.67768658707205
1000000000.0,1146905830.5499647,L_trace,31249980.1,,,10,9750.0,-95.19999582292202
1000000000.0,1146905830.5499647,L_trace,31249980.1,,,10,9765.0,-96.61155725623202
1000000000.0,1146905830.5499647,L_trace,31249980.1,,,10,9780.0,-96.23645185767482
1000000000.0,1146905830.5499647,L_trace,31249980.1,,,10,9795.0,-93.55826699224484
1000000000.0,1146905830.5499647,L_trace,31249980.1,,,10,9810.0,-93.84653937874457
1000000000.0,1146905830.5499647,L_trace,31249980.1,,,10,9825.0,-96.19246872105795
1000000000.0,1146905830.5499647,L_trace,31249980.1,,,10,9840.0,-96.40511195139854
1000000000.0,1146905830.5499647,L_trace,31249980.1,,,10,9855.0,-93.88182124774654
1000000000.0,1146905830.5499647,L_trace,31249980.1,,,10,9870.0,-92.18709161571628
1000000000.0,1146905830.5499647,L_trace,31249980.1,,,10,9885.0,-92.09268886311071
1000000000.0,1146905830.5499647,L_trace,31249980.1,,,10,9900.0,-93.41547350769338
1000000000.0,1146905830.5499647,L_trace,31249980.1,,,10,9915.0,-94.8778422723948
1000000000.0,1146905830.5499647,L_trace,31249980.1,,,10,9930.0,-95.09128613502003
1000000000.0,1146905830.5499647,L_trace,31249980.1,,,10,9945.0,-94.06169323717712
1000000000.0,1146905830.5499647,L_trace,31249980.1,,,10,9960.0,-93.04323694139372
1000000000.0,1146905830.5499647,L_trace,31249980.1,,,10,9975.0,-92.30859477158262
1000000000.0,1146905830.5499647,L_trace,31249980.1,,,10,9990.0,-90.05541634877036
1000000000.0,1146905830.5499647,L_trace,31249980.1,,,10,10050.0,-93.12492613842342
1000000000.0,1146905830.5499647,L_trace,31249980.1,,,10,10200.0,-88.12655011504222
1000000000.0,1146905830.5499647,L_trace,31249980.1,,,10,10350.0,-84.13749601069739
1000000000.0,1146905830.5499647,L_trace,31249980.1,,,10,10500.0,-84.29339092596484
1000000000.0,1146905830.5499647,L_trace,31249980.1,,,10,10650.0,-88.61847179705514
1000000000.0,1146905830.5499647,L_trace,31249980.1,,,10,10800.0,-93.3043556769449
1000000000.0,1146905830.5499647,L_trace,31249980.1,,,10,10950.0,-93.79329253543635
1000000000.0,1146905830.5499647,L_trace,31249980.1,,,10,11100.0,-94.65726408045067
1000000000.0,1146905830.5499647,L_trace,31249980.1,,,10,11250.0,-95.4619462990728
1000000000.0,1146905830.5499647,L_trace,31249980.1,,,10,11400.0,-93.96071485418251
1000000000.0,1146905830.5499647,L_trace,31249980.1,,,10,11550.0,-92.97365735242708
1000000000.0,1146905830.5499647,L_trace,31249980.1,,,10,11700.0,-91.71483229975426
1000000000.0,1146905830.5499647,L_trace,31249980.1,,,10,11850.0,-91.89056082527127
1000000000.0,1146905830.5499647,L_trace,31249980.1,,,10,12000.0,-93.43021511159965
1000000000.0,1146905830.5499647,L_trace,31249980.1,,,10,12150.0,-93.49477891432578
1000000000.0,1146905830.5499647,L_trace,31249980.1,,,10,12300.0,-92.711033949311
1000000000.0,1146905830.5499647,L_trace,31249980.1,,,10,12450.0,-93.12130357882818
1000000000.0,1146905830.5499647,L_trace,31249980.1,,,10,12600.0,-93.78463716963421
1000000000.0,1146905830.5499647,L_trace,31249980.1,,,10,12750.0,-93.17067618282479
1000000000.0,1146905830.5499647,L_trace,31249980.1,,,10,12900.0,-94.22067522417215
1000000000.0,1146905830.5499647,L_trace,31249980.1,,,10,13050.0,-96.38390555782263
1000000000.0,1146905830.5499647,L_trace,31249980.1,,,10,13200.0,-96.03017352629684
1000000000.0,1146905830.5499647,L_trace,31249980.1,,,10,13350.0,-95.6076366683324
1000000000.0,1146905830.5499647,L_trace,31249980.1,,,10,13500.0,-95.79202394797711
1000000000.0,1146905830.5499647,L_trace,31249980.1,,,10,13650.0,-96.17061532324341
1000000000.0,1146905830.5499647,L_trace,31249980.1,,,10,13800.0,-95.45017172244718
1000000000.0,1146905830.5499647,L_trace,31249980.1,,,10,13950.0,-94.60671090302613
1000000000.0,1146905830.5499647,L_trace,31249980.1,,,10,14100.0,-93.99671700838815
1000000000.0,1146905830.5499647,L_trace,31249980.1,,,10,14250.0,-92.33759541621022
1000000000.0,1146905830.5499647,L_trace,31249980.1,,,10,14400.0,-90.83584401960789
1000000000.0,1146905830.5499647,L_trace,31249980.1,,,10,14550.0,-92.36630381410492
1000000000.0,1146905830.5499647,L_trace,31249980.1,,,10,14700.0,-95.17898352194337
1000000000.0,1146905830.5499647,L_trace,31249980.1,,,10,14850.0,-94.67719405733324
1000000000.0,1146905830.5499647,L_trace,31249980.1,,,10,15000.0,-94.06588668924314
1000000000.0,1146905830.5499647,L_trace,31249980.1,,,10,15150.0,-93.1740878352054
1000000000.0,1146905830.5499647,L_trace,31249980.1,,,10,15300.0,-92.89362230053754
1000000000.0,1146905830.5499647,L_trace,31249980.1,,,10,15450.0,-87.75680726893029
1000000000.0,1146905830.5499647,L_trace,31249980.1,,,10,15600.0,-83.06168278968408
1000000000.0,1146905830.5499647,L_trace,31249980.1,,,10,15750.0,-83.37154577085184
1000000000.0,1146905830.5499647,L_trace,31249980.1,,,10,15900.0,-88.58320932751316
1000000000.0,1146905830.5499647,L_trace,31249980.1,,,10,16050.0,-94.71741082492547
1000000000.0,1146905830.5499647,L_trace,31249980.1,,,10,16200.0,-96.08530057015562
1000000000.0,1146905830.5499647,L_trace,31249980.1,,,10,16350.0,-95.72650101449094
1000000000.0,1146905830.5499647,L_trace,31249980.1,,,10,16500.0,-94.52438775283639
1000000000.0,1146905830.5499647,L_trace,31249980.1,,,10,16650.0,-93.99547663240634
1000000000.0,1146905830.5499647,L_trace,31249980.1,,,10,16800.0,-94.76357369390598
1000000000.0,1146905830.5499647,L_trace,31249980.1,,,10,16950.0,-96.65972347677341
1000000000.0,1146905830.5499647,L_trace,31249980.1,,,10,17100.0,-97.12301596501753
1000000000.0,1146905830.5499647,L_trace,31249980.1,,,10,17250.0,-95.32578663407992
1000000000.0,1146905830.5499647,L_trace,31249980.1,,,10,17400.0,-94.60982441318187
1000000000.0,1146905830.5499647,L_trace,31249980.1,,,10,17550.0,-94.20284103534897
1000000000.0,1146905830.5499647,L_trace,31249980.1,,,10,17700.0,-94.41376365713982
1000000000.0,1146905830.5499647,L_trace,31249980.1,,,10,17850.0,-95.96522247466915
1000000000.0,1146905830.5499647,L_trace,31249980.1,,,10,18000.0,-96.12231990519639
1000000000.0,1146905830.5499647,L_trace,31249980.1,,,10,18150.0,-94.58216958690726
1000000000.0,1146905830.5499647,L_trace,31249980.1,,,10,18300.0,-95.66814262276263
1000000000.0,1146905830.5499647,L_trace,31249980.1,,,10,18450.0,-96.54038927287381
1000000000.0,1146905830.5499647,L_trace,31249980.1,,,10,18600.0,-95.34539090611825
1000000000.0,1146905830.5499647,L_trace,31249980.1,,,10,18750.0,-94.63282355302667
1000000000.0,1146905830.5499647,L_trace,31249980.1,,,10,18900.0,-94.2552764738093
1000000000.0,1146905830.5499647,L_trace,31249980.1,,,10,19050.0,-94.09198174535844
1000000000.0,1146905830.5499647,L_trace,31249980.1,,,10,19200.0,-91.94493040221138
1000000000.0,1146905830.5499647,L_trace,31249980.1,,,10,19350.0,-90.41551979432015
1000000000.0,1146905830.5499647,L_trace,31249980.1,,,10,19500.0,-89.91722725658185
1000000000.0,1146905830.5499647,L_trace,31249980.1,,,10,19650.0,-89.40459819287516
1000000000.0,1146905830.5499647,L_trace,31249980.1,,,10,19800.0,-90.42296973119572
1000000000.0,1146905830.5499647,L_trace,31249980.1,,,10,19950.0,-92.97938491254786
1000000000.0,1146905830.5499647,L_trace,31249980.1,,,10,20100.0,-94.7453726541814
1000000000.0,1146905830.5499647,L_trace,31249980.1,,,10,20250.0,-94.22471684867797
1000000000.0,1146905830.5499647,L_trace,31249980.1,,,10,20400.0,-93.6030097697495
1000000000.0,1146905830.5499647,L_trace,31249980.1,,,10,20550.0,-94.18332369924795
1000000000.0,1146905830.5499647,L_trace,31249980.1,,,10,20700.0,-94.39291672492048
1000000000.0,1146905830.5499647,L_trace,31249980.1,,,10,20850.0,-93.12951531950787
1000000000.0,1146905830.5499647,L_trace,31249980.1,,,10,21000.0,-92.85397285919366
1000000000.0,1146905830.5499647,L_trace,31249980.1,,,10,21150.0,-92.57164205909241
1000000000.0,1146905830.5499647,L_trace,31249980.1,,,10,21300.0,-93.24245463049947
1000000000.0,1146905830.5499647,L_trace,31249980.1,,,10,21450.0,-94.3228582227864
1000000000.0,1146905830.5499647,L_trace,31249980.1,,,10,21600.0,-94.43669232377019
1000000000.0,1146905830.5499647,L_trace,31249980.1,,,10,21750.0,-94.19090380476405
1000000000.0,1146905830.5499647,L_trace,31249980.1,,,10,21900.0,-93.69334049994319
1000000000.0,1146905830.5499647,L_trace,31249980.1,,,10,22050.0,-94.72290285046225
1000000000.0,1146905830.5499647,L_trace,31249980.1,,,10,22200.0,-95.11959144251769
1000000000.0,1146905830.5499647,L_trace,31249980.1,,,10,22350.0,-94.10235527809466
1000000000.0,1146905830.5499647,L_trace,31249980.1,,,10,22500.0,-92.41057121453828
1000000000.0,1146905830.5499647,L_trace,31249980.1,,,10,22650.0,-89.60850090830168
1000000000.0,1146905830.5499647,L_trace,31249980.1,,,10,22800.0,-89.72622409864316
1000000000.0,1146905830.5499647,L_trace,31249980.1,,,10,22950.0,-93.16412217584629
1000000000.0,1146905830.5499647,L_trace,31249980.1,,,10,23100.0,-95.03303841626905
1000000000.0,1146905830.5499647,L_trace,31249980.1,,,10,23250.0,-95.15285148932605
1000000000.0,1146905830.5499647,L_trace,31249980.1,,,10,23400.0,-96.33771349976088
1000000000.0,1146905830.5499647,L_trace,31249980.1,,,10,23550.0,-93.95305730785176
1000000000.0,1146905830.5499647,L_trace,31249980.1,,,10,23700.0,-92.55637873164812
1000000000.0,1146905830.5499647,L_trace,31249980.1,,,10,23850.0,-92.20328938086375
1000000000.0,1146905830.5499647,L_trace,31249980.1,,,10,24000.0,-91.83608584820455
1000000000.0,1146905830.5499647,L_trace,31249980.1,,,10,24150.0,-92.34741603064906
1000000000.0,1146905830.5499647,L_trace,31249980.1,,,10,24300.0,-90.99017366174256
1000000000.0,1146905830.5499647,L_trace,31249980.1,,,10,24450.0,-88.3075316138739
1000000000.0,1146905830.5499647,L_trace,31249980.1,,,10,24600.0,-89.1725344511328
1000000000.0,1146905830.5499647,L_trace,31249980.1,,,10,24750.0,-93.40655874724398
1000000000.0,1146905830.5499647,L_trace,31249980.1,,,10,24900.0,-96.34066998698437
1000000000.0,1146905830.5499647,L_trace,31249980.1,,,10,25050.0,-93.77665785043544
1000000000.0,1146905830.5499647,L_trace,31249980.1,,,10,25200.0,-91.41149882939158
1000000000.0,1146905830.5499647,L_trace,31249980.1,,,10,25350.0,-91.25740094484756
1000000000.0,1146905830.5499647,L_trace,31249980.1,,,10,25500.0,-91.472484826684
1000000000.0,1146905830.5499647,L_trace,31249980.1,,,10,25650.0,-91.20476742346786
1000000000.0,1146905830.5499647,L_trace,31249980.1,,,10,25800.0,-92.03359524854984
1000000000.0,1146905830.5499647,L_trace,31249980.1,,,10,25950.0,-93.64142904817263
1000000000.0,1146905830.5499647,L_trace,31249980.1,,,10,26100.0,-94.43038589278036
1000000000.0,1146905830.5499647,L_trace,31249980.1,,,10,26250.0,-94.7063823747228
1000000000.0,1146905830.5499647,L_trace,31249980.1,,,10,26400.0,-94.4286481054614
1000000000.0,1146905830.5499647,L_trace,31249980.1,,,10,26550.0,-93.3780875277639
1000000000.0,1146905830.5499647,L_trace,31249980.1,,,10,26700.0,-93.13323991619004
1000000000.0,1146905830.5499647,L_trace,31249980.1,,,10,26850.0,-94.34232217632434
1000000000.0,1146905830.5499647,L_trace,31249980.1,,,10,27000.0,-95.02147631371547
1000000000.0,1146905830.5499647,L_trace,31249980.1,,,10,27150.0,-94.38192273007628
1000000000.0,1146905830.5499647,L_trace,31249980.1,,,10,27300.0,-93.90746686671619
1000000000.0,1146905830.5499647,L_trace,31249980.1,,,10,27450.0,-93.87960225787256
1000000000.0,1146905830.5499647,L_trace,31249980.1,,,10,27600.0,-94.00487600745585
1000000000.0,1146905830.5499647,L_trace,31249980.1,,,10,27750.0,-94.32783115641975
1000000000.0,1146905830.5499647,L_trace,31249980.1,,,10,27900.0,-95.42924686330278
1000000000.0,1146905830.5499647,L_trace,31249980.1,,,10,28050.0,-96.49398301136739
1000000000.0,1146905830.5499647,L_trace,31249980.1,,,10,28200.0,-96.31831583113805
1000000000.0,1146905830.5499647,L_trace,31249980.1,,,10,28350.0,-95.42772553924925
1000000000.0,1146905830.5499647,L_trace,31249980.1,,,10,28500.0,-94.86692659188542
1000000000.0,1146905830.5499647,L_trace,31249980.1,,,10,28650.0,-95.29924805880161
1000000000.0,1146905830.5499647,L_trace,31249980.1,,,10,28800.0,-95.38994618939235
1000000000.0,1146905830.5499647,L_trace,31249980.1,,,10,28950.0,-94.86538620494142
1000000000.0,1146905830.5499647,L_trace,31249980.1,,,10,29100.0,-91.49232308474578
1000000000.0,1146905830.5499647,L_trace,31249980.1,,,10,29250.0,-88.18669362107102
1000000000.0,1146905830.5499647,L_trace,31249980.1,,,10,29400.0,-88.96375852852067
1000000000.0,1146905830.5499647,L_trace,31249980.1,,,10,29550.0,-91.6656798835291
1000000000.0,1146905830.5499647,L_trace,31249980.1,,,10,29700.0,-91.87850109418036
1000000000.0,1146905830.5499647,L_trace,31249980.1,,,10,29850.0,-93.28721081819882
1000000000.0,1146905830.5499647,L_trace,31249980.1,,,10,30000.0,-94.16130728102341
1000000000.0,1146905830.5499647,L_trace,31249980.1,,,10,30150.0,-93.25179189797372
1000000000.0,1146905830.5499647,L_trace,31249980.1,,,10,30300.0,-93.81845180019506
1000000000.0,1146905830.5499647,L_trace,31249980.1,,,10,30450.0,-95.13157875482182
1000000000.0,1146905830.5499647,L_trace,31249980.1,,,10,30600.0,-94.87803318593959
1000000000.0,1146905830.5499647,L_trace,31249980.1,,,10,30750.0,-94.38919375517048
1000000000.0,1146905830.5499647,L_trace,31249980.1,,,10,30900.0,-95.13472641713584
1000000000.0,1146905830.5499647,L_trace,31249980.1,,,10,31050.0,-96.04959381853926
1000000000.0,1146905830.5499647,L_trace,31249980.1,,,10,31200.0,-95.66989324005472
1000000000.0,1146905830.5499647,L_trace,31249980.1,,,10,31350.0,-94.97597521958149
1000000000.0,1146905830.5499647,L_trace,31249980.1,,,10,31500.0,-94.77692874370932
1000000000.0,1146905830.5499647,L_trace,31249980.1,,,10,31650.0,-94.54051371942849
1000000000.0,1146905830.5499647,L_trace,31249980.1,,,10,31800.0,-94.25715472904628
1000000000.0,1146905830.5499647,L_trace,31249980.1,,,10,31950.0,-93.8720019008304
1000000000.0,1146905830.5499647,L_trace,31249980.1,,,10,32100.0,-93.28867658592594
1000000000.0,1146905830.5499647,L_trace,31249980.1,,,10,32250.0,-93.3615186958168
1000000000.0,1146905830.5499647,L_trace,31249980.1,,,10,32400.0,-93.66618393552052
1000000000.0,1146905830.5499647,L_trace,31249980.1,,,10,32550.0,-92.71409656450976
1000000000.0,1146905830.5499647,L_trace,31249980.1,,,10,32700.0,-92.53186880172962
1000000000.0,1146905830.5499647,L_trace,31249980.1,,,10,32850.0,-92.97594152588734
1000000000.0,1146905830.5499647,L_trace,31249980.1,,,10,33000.0,-93.57146344849849
1000000000.0,1146905830.5499647,L_trace,31249980.1,,,10,33150.0,-93.81190219137362
1000000000.0,1146905830.5499647,L_trace,31249980.1,,,10,33300.0,-93.78300658346916
1000000000.0,1146905830.5499647,L_trace,31249980.1,,,10,33450.0,-94.49538343087522
1000000000.0,1146905830.5499647,L_trace,31249980.1,,,10,33600.0,-94.0271227400201
1000000000.0,1146905830.5499647,L_trace,31249980.1,,,10,33750.0,-93.54572140966093
1000000000.0,1146905830.5499647,L_trace,31249980.1,,,10,33900.0,-91.45474247655919
1000000000.0,1146905830.5499647,L_trace,31249980.1,,,10,34050.0,-87.479630827473
1000000000.0,1146905830.5499647,L_trace,31249980.1,,,10,34200.0,-86.84691642982793
1000000000.0,1146905830.5499647,L_trace,31249980.1,,,10,34350.0,-88.69414262984849
1000000000.0,1146905830.5499647,L_trace,31249980.1,,,10,34500.0,-89.79599047635955
1000000000.0,1146905830.5499647,L_trace,31249980.1,,,10,34650.0,-91.90476699563278
1000000000.0,1146905830.5499647,L_trace,31249980.1,,,10,34800.0,-94.9838759150024
1000000000.0,1146905830.5499647,L_trace,31249980.1,,,10,34950.0,-95.08995267580498
1000000000.0,1146905830.5499647,L_trace,31249980.1,,,10,35100.0,-94.05909022736874
1000000000.0,1146905830.5499647,L_trace,31249980.1,,,10,35250.0,-94.19039838985888
1000000000.0,1146905830.5499647,L_trace,31249980.1,,,10,35400.0,-93.94780266967165
1000000000.0,1146905830.5499647,L_trace,31249980.1,,,10,35550.0,-92.87393737101385
1000000000.0,1146905830.5499647,L_trace,31249980.1,,,10,35700.0,-92.48893460283827
1000000000.0,1146905830.5499647,L_trace,31249980.1,,,10,35850.0,-93.02112151343512
1000000000.0,1146905830.5499647,L_trace,31249980.1,,,10,36000.0,-93.34413920294975
1000000000.0,1146905830.5499647,L_trace,31249980.1,,,10,36150.0,-92.44935232356693
1000000000.0,1146905830.5499647,L_trace,31249980.1,,,10,36300.0,-91.88042653422993
1000000000.0,1146905830.5499647,L_trace,31249980.1,,,10,36450.0,-93.42317949225531
1000000000.0,1146905830.5499647,L_trace,31249980.1,,,10,36600.0,-94.80797339999913
1000000000.0,1146905830.5499647,L_trace,31249980.1,,,10,36750.0,-93.03588135394904
1000000000.0,1146905830.5499647,L_trace,31249980.1,,,10,36900.0,-91.79413993840838
1000000000.0,1146905830.5499647,L_trace,31249980.1,,,10,37050.0,-91.18703273668329
1000000000.0,1146905830.5499647,L_trace,31249980.1,,,10,37200.0,-90.948716413988
1000000000.0,1146905830.5499647,L_trace,31249980.1,,,10,37350.0,-91.75329017248893
1000000000.0,1146905830.5499647,L_trace,31249980.1,,,10,37500.0,-93.08485660371392
1000000000.0,1146905830.5499647,L_trace,31249980.1,,,10,37650.0,-93.10654798004728
1000000000.0,1146905830.5499647,L_trace,31249980.1,,,10,37800.0,-92.77297810400384
1000000000.0,1146905830.5499647,L_trace,31249980.1,,,10,37950.0,-92.90988502555223
1000000000.0,1146905830.5499647,L_trace,31249980.1,,,10,38100.0,-93.25388097157412
1000000000.0,1146905830.5499647,L_trace,31249980.1,,,10,38250.0,-92.62343700509751
1000000000.0,1146905830.5499647,L_trace,31249980.1,,,10,38400.0,-92.46602959648759
1000000000.0,1146905830.5499647,L_trace,31249980.1,,,10,38550.0,-92.03426322221918
1000000000.0,1146905830.5499647,L_trace,31249980.1,,,10,38700.0,-88.99504143013303
1000000000.0,1146905830.5499647,L_trace,31249980.1,,,10,38850.0,-86.55579623109921
1000000000.0,1146905830.5499647,L_trace,31249980.1,,,10,39000.0,-86.6785228927984
1000000000.0,1146905830.5499647,L_trace,31249980.1,,,10,39150.0,-88.83368271007687
1000000000.0,1146905830.5499647,L_trace,31249980.1,,,10,39300.0,-91.58564163547457
1000000000.0,1146905830.5499647,L_trace,31249980.1,,,10,39450.0,-93.75934334537502
1000000000.0,1146905830.5499647,L_trace,31249980.1,,,10,39600.0,-93.46803389270569
1000000000.0,1146905830.5499647,L_trace,31249980.1,,,10,39750.0,-93.56731430905076
1000000000.0,1146905830.5499647,L_trace,31249980.1,,,10,39900.0,-94.37853374790889
1000000000.0,1146905830.5499647,L_trace,31249980.1,,,10,40050.0,-93.52019089247376
1000000000.0,1146905830.5499647,L_trace,31249980.1,,,10,40200.0,-92.17698059251174
1000000000.0,1146905830.5499647,L_trace,31249980.1,,,10,40350.0,-92.0606289727076
1000000000.0,1146905830.5499647,L_trace,31249980.1,,,10,40500.0,-93.06623489409961
1000000000.0,1146905830.5499647,L_trace,31249980.1,,,10,40650.0,-93.68484803476103
1000000000.0,1146905830.5499647,L_trace,31249980.1,,,10,40800.0,-93.37787704695728
1000000000.0,1146905830.5499647,L_trace,31249980.1,,,10,40950.0,-93.50776906325775
1000000000.0,1146905830.5499647,L_trace,31249980.1,,,10,41100.0,-94.10197302409372
1000000000.0,1146905830.5499647,L_trace,31249980.1,,,10,41250.0,-95.00251407453449
1000000000.0,1146905830.5499647,L_trace,31249980.1,,,10,41400.0,-94.8578844403645
1000000000.0,1146905830.5499647,L_trace,31249980.1,,,10,41550.0,-93.1107264915597
1000000000.0,1146905830.5499647,L_trace,31249980.1,,,10,41700.0,-92.91334936955344
1000000000.0,1146905830.5499647,L_trace,31249980.1,,,10,41850.0,-93.98664306774047
1000000000.0,1146905830.5499647,L_trace,31249980.1,,,10,42000.0,-94.63926145035174
1000000000.0,1146905830.5499647,L_trace,31249980.1,,,10,42150.0,-94.64336312288611
1000000000.0,1146905830.5499647,L_trace,31249980.1,,,10,42300.0,-93.54874825783598
1000000000.0,1146905830.5499647,L_trace,31249980.1,,,10,42450.0,-93.03933083849547
1000000000.0,1146905830.5499647,L_trace,31249980.1,,,10,42600.0,-93.10038886675159
1000000000.0,1146905830.5499647,L_trace,31249980.1,,,10,42750.0,-93.04060726028952
1000000000.0,1146905830.5499647,L_trace,31249980.1,,,10,42900.0,-94.22768926174922
1000000000.0,1146905830.5499647,L_trace,31249980.1,,,10,43050.0,-94.19591733135815
1000000000.0,1146905830.5499647,L_trace,31249980.1,,,10,43200.0,-91.26896140370228
1000000000.0,1146905830.5499647,L_trace,31249980.1,,,10,43350.0,-90.30330308561253
1000000000.0,1146905830.5499647,L_trace,31249980.1,,,10,43500.0,-91.76834027402208
1000000000.0,1146905830.5499647,L_trace,31249980.1,,,10,43650.0,-90.5282332503322
1000000000.0,1146905830.5499647,L_trace,31249980.1,,,10,43800.0,-88.59767541041518
1000000000.0,1146905830.5499647,L_trace,31249980.1,,,10,43950.0,-89.51402083677716
1000000000.0,1146905830.5499647,L_trace,31249980.1,,,10,44100.0,-92.17661183733644
1000000000.0,1146905830.5499647,L_trace,31249980.1,,,10,44250.0,-93.31632480269121
1000000000.0,1146905830.5499647,L_trace,31249980.1,,,10,44400.0,-90.8461431929772
1000000000.0,1146905830.5499647,L_trace,31249980.1,,,10,44550.0,-89.54955266991776
1000000000.0,1146905830.5499647,L_trace,31249980.1,,,10,44700.0,-90.53810447838616
1000000000.0,1146905830.5499647,L_trace,31249980.1,,,10,44850.0,-90.20468567410907
1000000000.0,1146905830.5499647,L_trace,31249980.1,,,10,45000.0,-89.3442803042984
1000000000.0,1146905830.5499647,L_trace,31249980.1,,,10,45150.0,-89.95384855973579
1000000000.0,1146905830.5499647,L_trace,31249980.1,,,10,45300.0,-90.55401732319082
1000000000.0,1146905830.5499647,L_trace,31249980.1,,,10,45450.0,-89.99990919934046
1000000000.0,1146905830.5499647,L_trace,31249980.1,,,10,45600.0,-90.34157666957763
1000000000.0,1146905830.5499647,L_trace,31249980.1,,,10,45750.0,-92.42278303807394
1000000000.0,1146905830.5499647,L_trace,31249980.1,,,10,45900.0,-94.45501508529362
1000000000.0,1146905830.5499647,L_trace,31249980.1,,,10,46050.0,-93.79194998764682
1000000000.0,1146905830.5499647,L_trace,31249980.1,,,10,46200.0,-92.28835211911253
1000000000.0,1146905830.5499647,L_trace,31249980.1,,,10,46350.0,-92.00317405333995
1000000000.0,1146905830.5499647,L_trace,31249980.1,,,10,46500.0,-91.8975161904269
1000000000.0,1146905830.5499647,L_trace,31249980.1,,,10,46650.0,-92.71927197926263
1000000000.0,1146905830.5499647,L_trace,31249980.1,,,10,46800.0,-94.67995267718739
1000000000.0,1146905830.5499647,L_trace,31249980.1,,,10,46950.0,-93.75421094668579
1000000000.0,1146905830.5499647,L_trace,31249980.1,,,10,47100.0,-92.78181128191883
1000000000.0,1146905830.5499647,L_trace,31249980.1,,,10,47250.0,-94.29644933267369
1000000000.0,1146905830.5499647,L_trace,31249980.1,,,10,47400.0,-94.96404126158322
1000000000.0,1146905830.5499647,L_trace,31249980.1,,,10,47550.0,-92.65901983691361
1000000000.0,1146905830.5499647,L_trace,31249980.1,,,10,47700.0,-91.45520990324471
1000000000.0,1146905830.5499647,L_trace,31249980.1,,,10,47850.0,-91.14878849342318
1000000000.0,1146905830.5499647,L_trace,31249980.1,,,10,48000.0,-91.91875874580789
1000000000.0,1146905830.5499647,L_trace,31249980.1,,,10,48150.0,-93.34689946077897
1000000000.0,1146905830.5499647,L_trace,31249980.1,,,10,48300.0,-94.26458179997572
1000000000.0,1146905830.5499647,L_trace,31249980.1,,,10,48450.0,-93.39594552506071
1000000000.0,1146905830.5499647,L_trace,31249980.1,,,10,48600.0,-91.52486745754382
1000000000.0,1146905830.5499647,L_trace,31249980.1,,,10,48750.0,-91.98083282344452
1000000000.0,1146905830.5499647,L_trace,31249980.1,,,10,48900.0,-92.23486122660739
1000000000.0,1146905830.5499647,L_trace,31249980.1,,,10,49050.0,-91.39612114422724
1000000000.0,1146905830.5499647,L_trace,31249980.1,,,10,49200.0,-92.36620040567605
1000000000.0,1146905830.5499647,L_trace,31249980.1,,,10,49350.0,-95.26391624855734
1000000000.0,1146905830.5499647,L_trace,31249980.1,,,10,49500.0,-96.87002487039504
1000000000.0,1146905830.5499647,L_trace,31249980.1,,,10,49650.0,-96.5772981835306
1000000000.0,1146905830.5499647,L_trace,31249980.1,,,10,49800.0,-96.23385496298775
1000000000.0,1146905830.5499647,L_trace,31249980.1,,,10,49950.0,-95.30487331788258
1000000000.0,1146905830.5499647,L_trace,31249980.1,,,10,50100.0,-95.07163719514693
1000000000.0,1146905830.5499647,L_trace,31249980.1,,,10,50250.0,-94.38493652335634
1000000000.0,1146905830.5499647,L_trace,31249980.1,,,10,50400.0,-93.91523821218354
1000000000.0,1146905830.5499647,L_trace,31249980.1,,,10,50550.0,-94.35881727862751
1000000000.0,1146905830.5499647,L_trace,31249980.1,,,10,50700.0,-93.15224840999647
1000000000.0,1146905830.5499647,L_trace,31249980.1,,,10,50850.0,-92.68502828365013
1000000000.0,1146905830.5499647,L_trace,31249980.1,,,10,51000.0,-92.45287917531526
1000000000.0,1146905830.5499647,L_trace,31249980.1,,,10,51150.0,-91.08693372107261
1000000000.0,1146905830.5499647,L_trace,31249980.1,,,10,51300.0,-91.68423409051566
1000000000.0,1146905830.5499647,L_trace,31249980.1,,,10,51450.0,-92.60001896404053
1000000000.0,1146905830.5499647,L_trace,31249980.1,,,10,51600.0,-91.97855278433859
1000000000.0,1146905830.5499647,L_trace,31249980.1,,,10,51750.0,-91.96231698868708
1000000000.0,1146905830.5499647,L_trace,31249980.1,,,10,51900.0,-91.18606486119133
1000000000.0,1146905830.5499647,L_trace,31249980.1,,,10,52050.0,-90.55417858648849
1000000000.0,1146905830.5499647,L_trace,31249980.1,,,10,52200.0,-90.2965597517732
1000000000.0,1146905830.5499647,L_trace,31249980.1,,,10,52350.0,-90.56002522271336
1000000000.0,1146905830.5499647,L_trace,31249980.1,,,10,52500.0,-92.28773625052246
1000000000.0,1146905830.5499647,L_trace,31249980.1,,,10,52650.0,-91.47648731562971
1000000000.0,1146905830.5499647,L_trace,31249980.1,,,10,52800.0,-89.43249232720282
1000000000.0,1146905830.5499647,L_trace,31249980.1,,,10,52950.0,-89.28542863916888
1000000000.0,1146905830.5499647,L_trace,31249980.1,,,10,53100.0,-90.27610368429508
1000000000.0,1146905830.5499647,L_trace,31249980.1,,,10,53250.0,-90.53200321285975
1000000000.0,1146905830.5499647,L_trace,31249980.1,,,10,53400.0,-89.78363070174416
1000000000.0,1146905830.5499647,L_trace,31249980.1,,,10,53550.0,-89.59668381643007
1000000000.0,1146905830.5499647,L_trace,31249980.1,,,10,53700.0,-90.02173342519364
1000000000.0,1146905830.5499647,L_trace,31249980.1,,,10,53850.0,-90.42159096454817
1000000000.0,1146905830.5499647,L_trace,31249980.1,,,10,54000.0,-90.6244980925501
1000000000.0,1146905830.5499647,L_trace,31249980.1,,,10,54150.0,-91.66180717309314
1000000000.0,1146905830.5499647,L_trace,31249980.1,,,10,54300.0,-93.96425887607947
1000000000.0,1146905830.5499647,L_trace,31249980.1,,,10,54450.0,-96.1503588896229
1000000000.0,1146905830.5499647,L_trace,31249980.1,,,10,54600.0,-96.60476867340749
1000000000.0,1146905830.5499647,L_trace,31249980.1,,,10,54750.0,-95.03593536174797
1000000000.0,1146905830.5499647,L_trace,31249980.1,,,10,54900.0,-94.32067232118804
1000000000.0,1146905830.5499647,L_trace,31249980.1,,,10,55050.0,-93.90190470701278
1000000000.0,1146905830.5499647,L_trace,31249980.1,,,10,55200.0,-93.60632888665933
1000000000.0,1146905830.5499647,L_trace,31249980.1,,,10,55350.0,-93.86270717623542
1000000000.0,1146905830.5499647,L_trace,31249980.1,,,10,55500.0,-93.6799028274342
1000000000.0,1146905830.5499647,L_trace,31249980.1,,,10,55650.0,-93.69666575741334
1000000000.0,1146905830.5499647,L_trace,31249980.1,,,10,55800.0,-94.78110272192576
1000000000.0,1146905830.5499647,L_trace,31249980.1,,,10,55950.0,-93.89477601863761
1000000000.0,1146905830.5499647,L_trace,31249980.1,,,10,56100.0,-91.02330098410269
1000000000.0,1146905830.5499647,L_trace,31249980.1,,,10,56250.0,-87.8809090232699
1000000000.0,1146905830.5499647,L_trace,31249980.1,,,10,56400.0,-86.07035124939935
1000000000.0,1146905830.5499647,L_trace,31249980.1,,,10,56550.0,-87.19103676310773
1000000000.0,1146905830.5499647,L_trace,31249980.1,,,10,56700.0,-89.9669153725404
1000000000.0,1146905830.5499647,L_trace,31249980.1,,,10,56850.0,-92.26506746120404
1000000000.0,1146905830.5499647,L_trace,31249980.1,,,10,57000.0,-93.97460187804002
1000000000.0,1146905830.5499647,L_trace,31249980.1,,,10,57150.0,-95.6140551419778
1000000000.0,1146905830.5499647,L_trace,31249980.1,,,10,57300.0,-93.07317766329675
1000000000.0,1146905830.5499647,L_trace,31249980.1,,,10,57450.0,-86.87429680657016
1000000000.0,1146905830.5499647,L_trace,31249980.1,,,10,57600.0,-83.82721051244195
1000000000.0,1146905830.5499647,L_trace,31249980.1,,,10,57750.0,-84.92250284414288
1000000000.0,1146905830.5499647,L_trace,31249980.1,,,10,57900.0,-89.65348424084623
1000000000.0,1146905830.5499647,L_trace,31249980.1,,,10,58050.0,-92.41045701997282
1000000000.0,1146905830.5499647,L_trace,31249980.1,,,10,58200.0,-90.74944393049005
1000000000.0,1146905830.5499647,L_trace,31249980.1,,,10,58350.0,-90.36148077447857
1000000000.0,1146905830.5499647,L_trace,31249980.1,,,10,58500.0,-90.90743217396872
1000000000.0,1146905830.5499647,L_trace,31249980.1,,,10,58650.0,-92.17534554947511
1000000000.0,1146905830.5499647,L_trace,31249980.1,,,10,58800.0,-92.88652607662588
1000000000.0,1146905830.5499647,L_trace,31249980.1,,,10,58950.0,-93.18881349729112
1000000000.0,1146905830.5499647,L_trace,31249980.1,,,10,59100.0,-94.18189762122037
1000000000.0,1146905830.5499647,L_trace,31249980.1,,,10,59250.0,-93.58882168199533
1000000000.0,1146905830.5499647,L_trace,31249980.1,,,10,59400.0,-93.60472554223047
1000000000.0,1146905830.5499647,L_trace,31249980.1,,,10,59550.0,-94.85343194616753
1000000000.0,1146905830.5499647,L_trace,31249980.1,,,10,59700.0,-95.62300030349954
1000000000.0,1146905830.5499647,L_trace,31249980.1,,,10,59850.0,-95.81859975123486
1000000000.0,1146905830.5499647,L_trace,31249980.1,,,10,60000.0,-95.6675712518295
1000000000.0,1146905830.5499647,L_trace,31249980.1,,,10,60150.0,-94.519420522656
1000000000.0,1146905830.5499647,L_trace,31249980.1,,,10,60300.0,-93.99350850574788
1000000000.0,1146905830.5499647,L_trace,31249980.1,,,10,60450.0,-93.73599856720897
1000000000.0,1146905830.5499647,L_trace,31249980.1,,,10,60600.0,-93.0345835500087
1000000000.0,1146905830.5499647,L_trace,31249980.1,,,10,60750.0,-92.60552273914915
1000000000.0,1146905830.5499647,L_trace,31249980.1,,,10,60900.0,-92.91664296503119
1000000000.0,1146905830.5499647,L_trace,31249980.1,,,10,61050.0,-93.24081757160755
1000000000.0,1146905830.5499647,L_trace,31249980.1,,,10,61200.0,-93.73448334837208
1000000000.0,1146905830.5499647,L_trace,31249980.1,,,10,61350.0,-95.3148857897314
1000000000.0,1146905830.5499647,L_trace,31249980.1,,,10,61500.0,-96.18549174277992
1000000000.0,1146905830.5499647,L_trace,31249980.1,,,10,61650.0,-95.64768766794644
1000000000.0,1146905830.5499647,L_trace,31249980.1,,,10,61800.0,-95.36275439754307
1000000000.0,1146905830.5499647,L_trace,31249980.1,,,10,61950.0,-96.01704826797709
1000000000.0,1146905830.5499647,L_trace,31249980.1,,,10,62100.0,-95.67387073275735
1000000000.0,1146905830.5499647,L_trace,31249980.1,,,10,62250.0,-95.22436238316104
1000000000.0,1146905830.5499647,L_trace,31249980.1,,,10,62400.0,-95.63563543622897
1000000000.0,1146905830.5499647,L_trace,31249980.1,,,10,62550.0,-96.85544949104566
1000000000.0,1146905830.5499647,L_trace,31249980.1,,,10,62700.0,-96.49894819408318
1000000000.0,1146905830.5499647,L_trace,31249980.1,,,10,62850.0,-95.66433975077274
1000000000.0,1146905830.5499647,L_trace,31249980.1,,,10,63000.0,-94.7132522714147
1000000000.0,1146905830.5499647,L_trace,31249980.1,,,10,63150.0,-94.35760230272774
1000000000.0,1146905830.5499647,L_trace,31249980.1,,,10,63300.0,-93.8405649803078
1000000000.0,1146905830.5499647,L_trace,31249980.1,,,10,63450.0,-93.48672737432987
1000000000.0,1146905830.5499647,L_trace,31249980.1,,,10,63600.0,-93.26495101158808
1000000000.0,1146905830.5499647,L_trace,31249980.1,,,10,63750.0,-92.02121635263646
1000000000.0,1146905830.5499647,L_trace,31249980.1,,,10,63900.0,-91.93531012004424
1000000000.0,1146905830.5499647,L_trace,31249980.1,,,10,64050.0,-93.37040724450564
1000000000.0,1146905830.5499647,L_trace,31249980.1,,,10,64200.0,-95.24424038447418
1000000000.0,1146905830.5499647,L_trace,31249980.1,,,10,64350.0,-94.9588003452043
1000000000.0,1146905830.5499647,L_trace,31249980.1,,,10,64500.0,-94.02618689900117
1000000000.0,1146905830.5499647,L_trace,31249980.1,,,10,64650.0,-94.22760763318432
1000000000.0,1146905830.5499647,L_trace,31249980.1,,,10,64800.0,-95.22846996719034
1000000000.0,1146905830.5499647,L_trace,31249980.1,,,10,64950.0,-96.00806478659545
1000000000.0,1146905830.5499647,L_trace,31249980.1,,,10,65100.0,-95.86719762811221
1000000000.0,1146905830.5499647,L_trace,31249980.1,,,10,65250.0,-95.54320248923202
1000000000.0,1146905830.5499647,L_trace,31249980.1,,,10,65400.0,-95.5171028942551
1000000000.0,1146905830.5499647,L_trace,31249980.1,,,10,65550.0,-94.56193359104013
1000000000.0,1146905830.5499647,L_trace,31249980.1,,,10,65700.0,-93.55599340929473
1000000000.0,1146905830.5499647,L_trace,31249980.1,,,10,65850.0,-93.38383888823961
1000000000.0,1146905830.5499647,L_trace,31249980.1,,,10,66000.0,-93.9409551862203
1000000000.0,1146905830.5499647,L_trace,31249980.1,,,10,66150.0,-95.10831056608701
1000000000.0,1146905830.5499647,L_trace,31249980.1,,,10,66300.0,-94.96248752870676
1000000000.0,1146905830.5499647,L_trace,31249980.1,,,10,66450.0,-93.85938135577297
1000000000.0,1146905830.5499647,L_trace,31249980.1,,,10,66600.0,-93.36056646417205
1000000000.0,1146905830.5499647,L_trace,31249980.1,,,10,66750.0,-93.87796294955905
1000000000.0,1146905830.5499647,L_trace,31249980.1,,,10,66900.0,-93.73512657602423
1000000000.0,1146905830.5499647,L_trace,31249980.1,,,10,67050.0,-93.3271708498129
1000000000.0,1146905830.5499647,L_trace,31249980.1,,,10,67200.0,-93.12704093293259
1000000000.0,1146905830.5499647,L_trace,31249980.1,,,10,67350.0,-93.59110313038651
1000000000.0,1146905830.5499647,L_trace,31249980.1,,,10,67500.0,-95.28513023593518
1000000000.0,1146905830.5499647,L_trace,31249980.1,,,10,67650.0,-94.80188849588188
1000000000.0,1146905830.5499647,L_trace,31249980.1,,,10,67800.0,-93.29930400219962
1000000000.0,1146905830.5499647,L_trace,31249980.1,,,10,67950.0,-93.31020191258172
1000000000.0,1146905830.5499647,L_trace,31249980.1,,,10,68100.0,-93.85009123530484
1000000000.0,1146905830.5499647,L_trace,31249980.1,,,10,68250.0,-93.84230519943216
1000000000.0,1146905830.5499647,L_trace,31249980.1,,,10,68400.0,-92.79078932973819
1000000000.0,1146905830.5499647,L_trace,31249980.1,,,10,68550.0,-92.41564505325911
1000000000.0,1146905830.5499647,L_trace,31249980.1,,,10,68700.0,-93.3053418658123
1000000000.0,1146905830.5499647,L_trace,31249980.1,,,10,68850.0,-94.09486316356784
1000000000.0,1146905830.5499647,L_trace,31249980.1,,,10,69000.0,-94.30601330701072
1000000000.0,1146905830.5499647,L_trace,31249980.1,,,10,69150.0,-93.69738632145918
1000000000.0,1146905830.5499647,L_trace,31249980.1,,,10,69300.0,-93.1652901588127
1000000000.0,1146905830.5499647,L_trace,31249980.1,,,10,69450.0,-93.5585607762054
1000000000.0,1146905830.5499647,L_trace,31249980.1,,,10,69600.0,-94.42719907041443
1000000000.0,1146905830.5499647,L_trace,31249980.1,,,10,69750.0,-94.5639095760148
1000000000.0,1146905830.5499647,L_trace,31249980.1,,,10,69900.0,-93.48647975053187
1000000000.0,1146905830.5499647,L_trace,31249980.1,,,10,70050.0,-92.52036799437364
1000000000.0,1146905830.5499647,L_trace,31249980.1,,,10,70200.0,-93.46993858057262
1000000000.0,1146905830.5499647,L_trace,31249980.1,,,10,70350.0,-94.79155922204407
1000000000.0,1146905830.5499647,L_trace,31249980.1,,,10,70500.0,-95.05920981665719
1000000000.0,1146905830.5499647,L_trace,31249980.1,,,10,70650.0,-95.67187538901963
1000000000.0,1146905830.5499647,L_trace,31249980.1,,,10,70800.0,-95.28378240129972
1000000000.0,1146905830.5499647,L_trace,31249980.1,,,10,70950.0,-94.3093681224511
1000000000.0,1146905830.5499647,L_trace,31249980.1,,,10,71100.0,-94.07689249528462
1000000000.0,1146905830.5499647,L_trace,31249980.1,,,10,71250.0,-93.82368499408022
1000000000.0,1146905830.5499647,L_trace,31249980.1,,,10,71400.0,-94.3719748632173
1000000000.0,1146905830.5499647,L_trace,31249980.1,,,10,71550.0,-94.9930843141797
1000000000.0,1146905830.5499647,L_trace,31249980.1,,,10,71700.0,-94.27308697526674
1000000000.0,1146905830.5499647,L_trace,31249980.1,,,10,71850.0,-93.43870552984794
1000000000.0,1146905830.5499647,L_trace,31249980.1,,,10,72000.0,-93.03157677911554
1000000000.0,1146905830.5499647,L_trace,31249980.1,,,10,72150.0,-93.9980109575194
1000000000.0,1146905830.5499647,L_trace,31249980.1,,,10,72300.0,-95.53578633251703
1000000000.0,1146905830.5499647,L_trace,31249980.1,,,10,72450.0,-94.44355898061343
1000000000.0,1146905830.5499647,L_trace,31249980.1,,,10,72600.0,-93.22494509437628
1000000000.0,1146905830.5499647,L_trace,31249980.1,,,10,72750.0,-93.83646992527355
1000000000.0,1146905830.5499647,L_trace,31249980.1,,,10,72900.0,-93.71305004930541
1000000000.0,1146905830.5499647,L_trace,31249980.1,,,10,73050.0,-93.46667220594959
1000000000.0,1146905830.5499647,L_trace,31249980.1,,,10,73200.0,-94.20893016373805
1000000000.0,1146905830.5499647,L_trace,31249980.1,,,10,73350.0,-93.50742713539078
1000000000.0,1146905830.5499647,L_trace,31249980.1,,,10,73500.0,-93.98529595678775
1000000000.0,1146905830.5499647,L_trace,31249980.1,,,10,73650.0,-94.69251418957167
1000000000.0,1146905830.5499647,L_trace,31249980.1,,,10,73800.0,-95.06762251279717
1000000000.0,1146905830.5499647,L_trace,31249980.1,,,10,73950.0,-95.03192621593543
1000000000.0,1146905830.5499647,L_trace,31249980.1,,,10,74100.0,-94.12877347404296
1000000000.0,1146905830.5499647,L_trace,31249980.1,,,10,74250.0,-93.3173878059901
1000000000.0,1146905830.5499647,L_trace,31249980.1,,,10,74400.0,-93.84938529520096
1000000000.0,1146905830.5499647,L_trace,31249980.1,,,10,74550.0,-94.50763967865372
1000000000.0,1146905830.5499647,L_trace,31249980.1,,,10,74700.0,-95.33778215478574
1000000000.0,1146905830.5499647,L_trace,31249980.1,,,10,74850.0,-96.1624633979311
1000000000.0,1146905830.5499647,L_trace,31249980.1,,,10,75000.0,-95.48972978157943
1000000000.0,1146905830.5499647,L_trace,31249980.1,,,10,75150.0,-94.71655283484853
1000000000.0,1146905830.5499647,L_trace,31249980.1,,,10,75300.0,-93.41797355338966
1000000000.0,1146905830.5499647,L_trace,31249980.1,,,10,75450.0,-92.49255882922213
1000000000.0,1146905830.5499647,L_trace,31249980.1,,,10,75600.0,-91.85503848657457
1000000000.0,1146905830.5499647,L_trace,31249980.1,,,10,75750.0,-92.18127452036948
1000000000.0,1146905830.5499647,L_trace,31249980.1,,,10,75900.0,-93.09236049597996
1000000000.0,1146905830.5499647,L_trace,31249980.1,,,10,76050.0,-94.0524582561881
1000000000.0,1146905830.5499647,L_trace,31249980.1,,,10,76200.0,-94.84987029092079
1000000000.0,1146905830.5499647,L_trace,31249980.1,,,10,76350.0,-94.56473256059404
1000000000.0,1146905830.5499647,L_trace,31249980.1,,,10,76500.0,-94.96727727203766
1000000000.0,1146905830.5499647,L_trace,31249980.1,,,10,76650.0,-96.14726640788838
1000000000.0,1146905830.5499647,L_trace,31249980.1,,,10,76800.0,-95.67095702011767
1000000000.0,1146905830.5499647,L_trace,31249980.1,,,10,76950.0,-94.20195645693458
1000000000.0,1146905830.5499647,L_trace,31249980.1,,,10,77100.0,-94.11282085281388
1000000000.0,1146905830.5499647,L_trace,31249980.1,,,10,77250.0,-94.76962319544282
1000000000.0,1146905830.5499647,L_trace,31249980.1,,,10,77400.0,-94.54851246146258
1000000000.0,1146905830.5499647,L_trace,31249980.1,,,10,77550.0,-94.47271056714361
1000000000.0,1146905830.5499647,L_trace,31249980.1,,,10,77700.0,-94.52999165995277
1000000000.0,1146905830.5499647,L_trace,31249980.1,,,10,77850.0,-94.89439425634842
1000000000.0,1146905830.5499647,L_trace,31249980.1,,,10,78000.0,-94.775632119437
1000000000.0,1146905830.5499647,L_trace,31249980.1,,,10,78150.0,-93.02109464962795
1000000000.0,1146905830.5499647,L_trace,31249980.1,,,10,78300.0,-92.21646618081799
1000000000.0,1146905830.5499647,L_trace,31249980.1,,,10,78450.0,-92.46814078821933
1000000000.0,1146905830.5499647,L_trace,31249980.1,,,10,78600.0,-92.87881004795726
1000000000.0,1146905830.5499647,L_trace,31249980.1,,,10,78750.0,-93.80629468335425
1000000000.0,1146905830.5499647,L_trace,31249980.1,,,10,78900.0,-94.83441407035428
1000000000.0,1146905830.5499647,L_trace,31249980.1,,,10,79050.0,-94.79044801259498
1000000000.0,1146905830.5499647,L_trace,31249980.1,,,10,79200.0,-95.07083649963943
1000000000.0,1146905830.5499647,L_trace,31249980.1,,,10,79350.0,-96.16944577319421
1000000000.0,1146905830.5499647,L_trace,31249980.1,,,10,79500.0,-96.26123426299736
1000000000.0,1146905830.5499647,L_trace,31249980.1,,,10,79650.0,-95.7506795106436
1000000000.0,1146905830.5499647,L_trace,31249980.1,,,10,79800.0,-95.12050972897266
1000000000.0,1146905830.5499647,L_trace,31249980.1,,,10,79950.0,-94.85083434313462
1000000000.0,1146905830.5499647,L_trace,31249980.1,,,10,80100.0,-95.14252004471936
1000000000.0,1146905830.5499647,L_trace,31249980.1,,,10,80250.0,-94.61727379990046
1000000000.0,1146905830.5499647,L_trace,31249980.1,,,10,80400.0,-94.20783295640662
1000000000.0,1146905830.5499647,L_trace,31249980.1,,,10,80550.0,-94.23669316680851
1000000000.0,1146905830.5499647,L_trace,31249980.1,,,10,80700.0,-93.99344626709947
1000000000.0,1146905830.5499647,L_trace,31249980.1,,,10,80850.0,-94.18874927102111
1000000000.0,1146905830.5499647,L_trace,31249980.1,,,10,81000.0,-94.56591982585684
1000000000.0,1146905830.5499647,L_trace,31249980.1,,,10,81150.0,-95.29554747684358
1000000000.0,1146905830.5499647,L_trace,31249980.1,,,10,81300.0,-95.73372748143025
1000000000.0,1146905830.5499647,L_trace,31249980.1,,,10,81450.0,-95.36086946620044
1000000000.0,1146905830.5499647,L_trace,31249980.1,,,10,81600.0,-94.97072895251415
1000000000.0,1146905830.5499647,L_trace,31249980.1,,,10,81750.0,-95.8073111463132
1000000000.0,1146905830.5499647,L_trace,31249980.1,,,10,81900.0,-95.51295258082305
1000000000.0,1146905830.5499647,L_trace,31249980.1,,,10,82050.0,-94.70965464916618
1000000000.0,1146905830.5499647,L_trace,31249980.1,,,10,82200.0,-95.67125965555785
1000000000.0,1146905830.5499647,L_trace,31249980.1,,,10,82350.0,-94.7398433000403
1000000000.0,1146905830.5499647,L_trace,31249980.1,,,10,82500.0,-93.31815642940963
1000000000.0,1146905830.5499647,L_trace,31249980.1,,,10,82650.0,-93.53027969466321
1000000000.0,1146905830.5499647,L_trace,31249980.1,,,10,82800.0,-89.69123327286489
1000000000.0,1146905830.5499647,L_trace,31249980.1,,,10,82950.0,-85.28784449748973
1000000000.0,1146905830.5499647,L_trace,31249980.1,,,10,83100.0,-85.55230150510411
1000000000.0,1146905830.5499647,L_trace,31249980.1,,,10,83250.0,-90.22105411567902
1000000000.0,1146905830.5499647,L_trace,31249980.1,,,10,83400.0,-94.10099713414
1000000000.0,1146905830.5499647,L_trace,31249980.1,,,10,83550.0,-94.47013529082543
1000000000.0,1146905830.5499647,L_trace,31249980.1,,,10,83700.0,-94.5906026573504
1000000000.0,1146905830.5499647,L_trace,31249980.1,,,10,83850.0,-93.75586184483761
1000000000.0,1146905830.5499647,L_trace,31249980.1,,,10,84000.0,-93.92866058933319
1000000000.0,1146905830.5499647,L_trace,31249980.1,,,10,84150.0,-95.2987030819784
1000000000.0,1146905830.5499647,L_trace,31249980.1,,,10,84300.0,-96.39084443215535
1000000000.0,1146905830.5499647,L_trace,31249980.1,,,10,84450.0,-94.47214857631415
1000000000.0,1146905830.5499647,L_trace,31249980.1,,,10,84600.0,-92.98447827343311
1000000000.0,1146905830.5499647,L_trace,31249980.1,,,10,84750.0,-93.21594509392996
1000000000.0,1146905830.5499647,L_trace,31249980.1,,,10,84900.0,-94.39685218941854
1000000000.0,1146905830.5499647,L_trace,31249980.1,,,10,85050.0,-94.29828943986246
1000000000.0,1146905830.5499647,L_trace,31249980.1,,,10,85200.0,-93.53654207516351
1000000000.0,1146905830.5499647,L_trace,31249980.1,,,10,85350.0,-93.47611252109371
1000000000.0,1146905830.5499647,L_trace,31249980.1,,,10,85500.0,-94.05644748437142
1000000000.0,1146905830.5499647,L_trace,31249980.1,,,10,85650.0,-93.793315932916
1000000000.0,1146905830.5499647,L_trace,31249980.1,,,10,85800.0,-93.43319633068405
1000000000.0,1146905830.5499647,L_trace,31249980.1,,,10,85950.0,-93.61432965455617
1000000000.0,1146905830.5499647,L_trace,31249980.1,,,10,86100.0,-94.48497219604369
1000000000.0,1146905830.5499647,L_trace,31249980.1,,,10,86250.0,-95.75770361444317
1000000000.0,1146905830.5499647,L_trace,31249980.1,,,10,86400.0,-96.45206272602069
1000000000.0,1146905830.5499647,L_trace,31249980.1,,,10,86550.0,-95.75124018668565
1000000000.0,1146905830.5499647,L_trace,31249980.1,,,10,86700.0,-94.1191331087809
1000000000.0,1146905830.5499647,L_trace,31249980.1,,,10,86850.0,-93.35969802249684
1000000000.0,1146905830.5499647,L_trace,31249980.1,,,10,87000.0,-93.26999110093386
1000000000.0,1146905830.5499647,L_trace,31249980.1,,,10,87150.0,-93.41796847319739
1000000000.0,1146905830.5499647,L_trace,31249980.1,,,10,87300.0,-92.66754734631358
1000000000.0,1146905830.5499647,L_trace,31249980.1,,,10,87450.0,-91.32393066895386
1000000000.0,1146905830.5499647,L_trace,31249980.1,,,10,87600.0,-91.0871193593062
1000000000.0,1146905830.5499647,L_trace,31249980.1,,,10,87750.0,-91.58951968675986
1000000000.0,1146905830.5499647,L_trace,31249980.1,,,10,87900.0,-92.0363972462181
1000000000.0,1146905830.5499647,L_trace,31249980.1,,,10,88050.0,-92.44945349008162
1000000000.0,1146905830.5499647,L_trace,31249980.1,,,10,88200.0,-92.56140169321961
1000000000.0,1146905830.5499647,L_trace,31249980.1,,,10,88350.0,-92.28028537496415
1000000000.0,1146905830.5499647,L_trace,31249980.1,,,10,88500.0,-92.64331532517055
1000000000.0,1146905830.5499647,L_trace,31249980.1,,,10,88650.0,-93.08443789180284
1000000000.0,1146905830.5499647,L_trace,31249980.1,,,10,88800.0,-93.2583495135983
1000000000.0,1146905830.5499647,L_trace,31249980.1,,,10,88950.0,-93.42800419222709
1000000000.0,1146905830.5499647,L_trace,31249980.1,,,10,89100.0,-94.3705989550244
1000000000.0,1146905830.5499647,L_trace,31249980.1,,,10,89250.0,-94.75309498446688
1000000000.0,1146905830.5499647,L_trace,31249980.1,,,10,89400.0,-93.16355850258863
1000000000.0,1146905830.5499647,L_trace,31249980.1,,,10,89550.0,-92.36290368039123
1000000000.0,1146905830.5499647,L_trace,31249980.1,,,10,89700.0,-92.34929365208977
1000000000.0,1146905830.5499647,L_trace,31249980.1,,,10,89850.0,-93.1043221524023
1000000000.0,1146905830.5499647,L_trace,31249980.1,,,10,90000.0,-93.45126780740631
1000000000.0,1146905830.5499647,L_trace,31249980.1,,,10,90150.0,-93.21224367478642
1000000000.0,1146905830.5499647,L_trace,31249980.1,,,10,90300.0,-93.07303201232313
1000000000.0,1146905830.5499647,L_trace,31249980.1,,,10,90450.0,-91.65082640449688
1000000000.0,1146905830.5499647,L_trace,31249980.1,,,10,90600.0,-91.49459825889218
1000000000.0,1146905830.5499647,L_trace,31249980.1,,,10,90750.0,-92.1038755615626
1000000000.0,1146905830.5499647,L_trace,31249980.1,,,10,90900.0,-91.7646559660191
1000000000.0,1146905830.5499647,L_trace,31249980.1,,,10,91050.0,-91.69361217664043
1000000000.0,1146905830.5499647,L_trace,31249980.1,,,10,91200.0,-92.13600007219583
1000000000.0,1146905830.5499647,L_trace,31249980.1,,,10,91350.0,-92.84864943150554
1000000000.0,1146905830.5499647,L_trace,31249980.1,,,10,91500.0,-92.82304855804995
1000000000.0,1146905830.5499647,L_trace,31249980.1,,,10,91650.0,-92.57451998761735
1000000000.0,1146905830.5499647,L_trace,31249980.1,,,10,91800.0,-92.84685535004805
1000000000.0,1146905830.5499647,L_trace,31249980.1,,,10,91950.0,-93.0015036124318
1000000000.0,1146905830.5499647,L_trace,31249980.1,,,10,92100.0,-93.28709122498104
1000000000.0,1146905830.5499647,L_trace,31249980.1,,,10,92250.0,-93.51881425758855
1000000000.0,1146905830.5499647,L_trace,31249980.1,,,10,92400.0,-93.0414390686368
1000000000.0,1146905830.5499647,L_trace,31249980.1,,,10,92550.0,-92.30227287127357
1000000000.0,1146905830.5499647,L_trace,31249980.1,,,10,92700.0,-91.63460284371318
1000000000.0,1146905830.5499647,L_trace,31249980.1,,,10,92850.0,-91.19688636094547
1000000000.0,1146905830.5499647,L_trace,31249980.1,,,10,93000.0,-91.45675010915772
1000000000.0,1146905830.5499647,L_trace,31249980.1,,,10,93150.0,-92.72612696607844
1000000000.0,1146905830.5499647,L_trace,31249980.1,,,10,93300.0,-89.68545284857495
1000000000.0,1146905830.5499647,L_trace,31249980.1,,,10,93450.0,-87.81447635701338
1000000000.0,1146905830.5499647,L_trace,31249980.1,,,10,93600.0,-89.98666612259935
1000000000.0,1146905830.5499647,L_trace,31249980.1,,,10,93750.0,-93.19968312080654
1000000000.0,1146905830.5499647,L_trace,31249980.1,,,10,93900.0,-93.6206289922269
1000000000.0,1146905830.5499647,L_trace,31249980.1,,,10,94050.0,-92.9645197882888
1000000000.0,1146905830.5499647,L_trace,31249980.1,,,10,94200.0,-92.37412091514824
1000000000.0,1146905830.5499647,L_trace,31249980.1,,,10,94350.0,-92.74905834083806
1000000000.0,1146905830.5499647,L_trace,31249980.1,,,10,94500.0,-93.5054772282586
1000000000.0,1146905830.5499647,L_trace,31249980.1,,,10,94650.0,-92.35051797832739
1000000000.0,1146905830.5499647,L_trace,31249980.1,,,10,94800.0,-91.3627375354165
1000000000.0,1146905830.5499647,L_trace,31249980.1,,,10,94950.0,-93.16992530048928
1000000000.0,1146905830.5499647,L_trace,31249980.1,,,10,95100.0,-95.83599185319831
1000000000.0,1146905830.5499647,L_trace,31249980.1,,,10,95250.0,-95.03980395751857
1000000000.0,1146905830.5499647,L_trace,31249980.1,,,10,95400.0,-93.82489827403629
1000000000.0,1146905830.5499647,L_trace,31249980.1,,,10,95550.0,-93.47263369019925
1000000000.0,1146905830.5499647,L_trace,31249980.1,,,10,95700.0,-93.5702302672481
1000000000.0,1146905830.5499647,L_trace,31249980.1,,,10,95850.0,-93.19696042054174
1000000000.0,1146905830.5499647,L_trace,31249980.1,,,10,96000.0,-92.46164255586496
1000000000.0,1146905830.5499647,L_trace,31249980.1,,,10,96150.0,-91.67216896182066
1000000000.0,1146905830.5499647,L_trace,31249980.1,,,10,96300.0,-92.30598574675722
1000000000.0,1146905830.5499647,L_trace,31249980.1,,,10,96450.0,-93.59173027271432
1000000000.0,1146905830.5499647,L_trace,31249980.1,,,10,96600.0,-93.0058241204239
1000000000.0,1146905830.5499647,L_trace,31249980.1,,,10,96750.0,-92.94257931220407
1000000000.0,1146905830.5499647,L_trace,31249980.1,,,10,96900.0,-93.81922994568967
1000000000.0,1146905830.5499647,L_trace,31249980.1,,,10,97050.0,-94.51967076519338
1000000000.0,1146905830.5499647,L_trace,31249980.1,,,10,97200.0,-92.98395141886765
1000000000.0,1146905830.5499647,L_trace,31249980.1,,,10,97350.0,-91.75370764080805
1000000000.0,1146905830.5499647,L_trace,31249980.1,,,10,97500.0,-91.40050712754913
1000000000.0,1146905830.5499647,L_trace,31249980.1,,,10,97650.0,-91.83364702857797
1000000000.0,1146905830.5499647,L_trace,31249980.1,,,10,97800.0,-91.06059145954839
1000000000.0,1146905830.5499647,L_trace,31249980.1,,,10,97950.0,-90.79992292216083
1000000000.0,1146905830.5499647,L_trace,31249980.1,,,10,98100.0,-91.37902579378637
1000000000.0,1146905830.5499647,L_trace,31249980.1,,,10,98250.0,-92.46988209103075
1000000000.0,1146905830.5499647,L_trace,31249980.1,,,10,98400.0,-94.33628936626806
1000000000.0,1146905830.5499647,L_trace,31249980.1,,,10,98550.0,-94.97640084675791
1000000000.0,1146905830.5499647,L_trace,31249980.1,,,10,98700.0,-94.64781283965799
1000000000.0,1146905830.5499647,L_trace,31249980.1,,,10,98850.0,-94.92964333046285
1000000000.0,1146905830.5499647,L_trace,31249980.1,,,10,99000.0,-95.12103736456253
1000000000.0,1146905830.5499647,L_trace,31249980.1,,,10,99150.0,-94.9177250460033
1000000000.0,1146905830.5499647,L_trace,31249980.1,,,10,99300.0,-94.72379500897505
1000000000.0,1146905830.5499647,L_trace,31249980.1,,,10,99450.0,-94.85265294913926
1000000000.0,1146905830.5499647,L_trace,31249980.1,,,10,99600.0,-95.42068777204533
1000000000.0,1146905830.5499647,L_trace,31249980.1,,,10,99750.0,-94.5821433323477
1000000000.0,1146905830.5499647,L_trace,31249980.1,,,10,99900.0,-94.98370893608667
1000000000.0,1146905830.5499647,L_trace,31249980.1,,,10,100500.0,-95.19081952055933
1000000000.0,1146905830.5499647,L_trace,31249980.1,,,10,102000.0,-94.00712598090476
1000000000.0,1146905830.5499647,L_trace,31249980.1,,,10,103500.0,-92.99246939955448
1000000000.0,1146905830.5499647,L_trace,31249980.1,,,10,105000.0,-92.84584061340801
1000000000.0,1146905830.5499647,L_trace,31249980.1,,,10,106500.0,-93.15573310161075
1000000000.0,1146905830.5499647,L_trace,31249980.1,,,10,108000.0,-93.54795527445363
1000000000.0,1146905830.5499647,L_trace,31249980.1,,,10,109500.0,-94.35126671923511
1000000000.0,1146905830.5499647,L_trace,31249980.1,,,10,111000.0,-94.5507142505082
1000000000.0,1146905830.5499647,L_trace,31249980.1,,,10,112500.0,-93.08860880055475
1000000000.0,1146905830.5499647,L_trace,31249980.1,,,10,114000.0,-92.50276885161841
1000000000.0,1146905830.5499647,L_trace,31249980.1,,,10,115500.0,-94.34238151726771
1000000000.0,1146905830.5499647,L_trace,31249980.1,,,10,117000.0,-96.32522490966446
1000000000.0,1146905830.5499647,L_trace,31249980.1,,,10,118500.0,-96.03922043299353
1000000000.0,1146905830.5499647,L_trace,31249980.1,,,10,120000.0,-96.61880255681302
1000000000.0,1146905830.5499647,L_trace,31249980.1,,,10,121500.0,-96.08515466736779
1000000000.0,1146905830.5499647,L_trace,31249980.1,,,10,123000.0,-95.07286956294023
1000000000.0,1146905830.5499647,L_trace,31249980.1,,,10,124500.0,-95.71964381973518
1000000000.0,1146905830.5499647,L_trace,31249980.1,,,10,126000.0,-95.91362693827917
1000000000.0,1146905830.5499647,L_trace,31249980.1,,,10,127500.0,-94.50275498480465
1000000000.0,1146905830.5499647,L_trace,31249980.1,,,10,129000.0,-93.49829741180403
1000000000.0,1146905830.5499647,L_trace,31249980.1,,,10,130500.0,-91.9835493499764
1000000000.0,1146905830.5499647,L_trace,31249980.1,,,10,132000.0,-92.32894702243668
1000000000.0,1146905830.5499647,L_trace,31249980.1,,,10,133500.0,-94.15272658891827
1000000000.0,1146905830.5499647,L_trace,31249980.1,,,10,135000.0,-93.35992304781074
1000000000.0,1146905830.5499647,L_trace,31249980.1,,,10,136500.0,-92.49828474822138
1000000000.0,1146905830.5499647,L_trace,31249980.1,,,10,138000.0,-92.47292348088959
1000000000.0,1146905830.5499647,L_trace,31249980.1,,,10,139500.0,-93.03721626269257
1000000000.0,1146905830.5499647,L_trace,31249980.1,,,10,141000.0,-94.37082510077437
1000000000.0,1146905830.5499647,L_trace,31249980.1,,,10,142500.0,-96.57937624701871
1000000000.0,1146905830.5499647,L_trace,31249980.1,,,10,144000.0,-96.60090157531076
1000000000.0,1146905830.5499647,L_trace,31249980.1,,,10,145500.0,-95.3442919620221
1000000000.0,1146905830.5499647,L_trace,31249980.1,,,10,147000.0,-94.5266944751056
1000000000.0,1146905830.5499647,L_trace,31249980.1,,,10,148500.0,-94.90116535045507
1000000000.0,1146905830.5499647,L_trace,31249980.1,,,10,150000.0,-95.00326065841902
1000000000.0,1146905830.5499647,L_trace,31249980.1,,,10,151500.0,-93.8121688884951
1000000000.0,1146905830.5499647,L_trace,31249980.1,,,10,153000.0,-93.85573322198655
1000000000.0,1146905830.5499647,L_trace,31249980.1,,,10,154500.0,-95.11606801422823
1000000000.0,1146905830.5499647,L_trace,31249980.1,,,10,156000.0,-95.76354967640381
1000000000.0,1146905830.5499647,L_trace,31249980.1,,,10,157500.0,-95.42138309813265
1000000000.0,1146905830.5499647,L_trace,31249980.1,,,10,159000.0,-94.463185224141
1000000000.0,1146905830.5499647,L_trace,31249980.1,,,10,160500.0,-94.0155244741803
1000000000.0,1146905830.5499647,L_trace,31249980.1,,,10,162000.0,-95.232726698623
1000000000.0,1146905830.5499647,L_trace,31249980.1,,,10,163500.0,-95.90683068804276
1000000000.0,1146905830.5499647,L_trace,31249980.1,,,10,165000.0,-95.14753481849205
1000000000.0,1146905830.5499647,L_trace,31249980.1,,,10,166500.0,-94.71929291842464
1000000000.0,1146905830.5499647,L_trace,31249980.1,,,10,168000.0,-93.97674221482734
1000000000.0,1146905830.5499647,L_trace,31249980.1,,,10,169500.0,-93.43999339427911
1000000000.0,1146905830.5499647,L_trace,31249980.1,,,10,171000.0,-93.21513654775126
1000000000.0,1146905830.5499647,L_trace,31249980.1,,,10,172500.0,-94.09731873616333
1000000000.0,1146905830.5499647,L_trace,31249980.1,,,10,174000.0,-94.01206967180269
1000000000.0,1146905830.5499647,L_trace,31249980.1,,,10,175500.0,-91.91327191309732
1000000000.0,1146905830.5499647,L_trace,31249980.1,,,10,177000.0,-88.7738593957105
1000000000.0,1146905830.5499647,L_trace,31249980.1,,,10,178500.0,-86.51278990808215
1000000000.0,1146905830.5499647,L_trace,31249980.1,,,10,180000.0,-87.81951767079336
1000000000.0,1146905830.5499647,L_trace,31249980.1,,,10,181500.0,-92.55974032003358
1000000000.0,1146905830.5499647,L_trace,31249980.1,,,10,183000.0,-95.37823428232203
1000000000.0,1146905830.5499647,L_trace,31249980.1,,,10,184500.0,-95.35171812952478
1000000000.0,1146905830.5499647,L_trace,31249980.1,,,10,186000.0,-96.63495879608367
1000000000.0,1146905830.5499647,L_trace,31249980.1,,,10,187500.0,-96.30598899371024
1000000000.0,1146905830.5499647,L_trace,31249980.1,,,10,189000.0,-94.09059019552475
1000000000.0,1146905830.5499647,L_trace,31249980.1,,,10,190500.0,-94.26384086338157
1000000000.0,1146905830.5499647,L_trace,31249980.1,,,10,192000.0,-94.5909986654537
1000000000.0,1146905830.5499647,L_trace,31249980.1,,,10,193500.0,-94.71452912650486
1000000000.0,1146905830.5499647,L_trace,31249980.1,,,10,195000.0,-94.73613075922975
1000000000.0,1146905830.5499647,L_trace,31249980.1,,,10,196500.0,-93.81221487266122
1000000000.0,1146905830.5499647,L_trace,31249980.1,,,10,198000.0,-93.73008694138461
1000000000.0,1146905830.5499647,L_trace,31249980.1,,,10,199500.0,-93.92331450219723
1000000000.0,1146905830.5499647,L_trace,31249980.1,,,10,201000.0,-94.58882428299867
1000000000.0,1146905830.5499647,L_trace,31249980.1,,,10,202500.0,-96.12223377897598
1000000000.0,1146905830.5499647,L_trace,31249980.1,,,10,204000.0,-96.64889225670771
1000000000.0,1146905830.5499647,L_trace,31249980.1,,,10,205500.0,-95.55895690029355
1000000000.0,1146905830.5499647,L_trace,31249980.1,,,10,207000.0,-93.38356183575125
1000000000.0,1146905830.5499647,L_trace,31249980.1,,,10,208500.0,-92.97112861201788
1000000000.0,1146905830.5499647,L_trace,31249980.1,,,10,210000.0,-94.31007875914226
1000000000.0,1146905830.5499647,L_trace,31249980.1,,,10,211500.0,-95.04450636408995
1000000000.0,1146905830.5499647,L_trace,31249980.1,,,10,213000.0,-94.199228259963
1000000000.0,1146905830.5499647,L_trace,31249980.1,,,10,214500.0,-93.7525632914726
1000000000.0,1146905830.5499647,L_trace,31249980.1,,,10,216000.0,-93.44838003858703
1000000000.0,1146905830.5499647,L_trace,31249980.1,,,10,217500.0,-93.68980403969694
1000000000.0,1146905830.5499647,L_trace,31249980.1,,,10,219000.0,-94.10565929511021
1000000000.0,1146905830.5499647,L_trace,31249980.1,,,10,220500.0,-93.29027183402877
1000000000.0,1146905830.5499647,L_trace,31249980.1,,,10,222000.0,-92.2928786353271
1000000000.0,1146905830.5499647,L_trace,31249980.1,,,10,223500.0,-92.18313955117115
1000000000.0,1146905830.5499647,L_trace,31249980.1,,,10,225000.0,-93.05780566293724
1000000000.0,1146905830.5499647,L_trace,31249980.1,,,10,226500.0,-92.88361144250158
1000000000.0,1146905830.5499647,L_trace,31249980.1,,,10,228000.0,-91.68419817095972
1000000000.0,1146905830.5499647,L_trace,31249980.1,,,10,229500.0,-92.4723792636294
1000000000.0,1146905830.5499647,L_trace,31249980.1,,,10,231000.0,-93.41156029474311
1000000000.0,1146905830.5499647,L_trace,31249980.1,,,10,232500.0,-92.9417807727141
1000000000.0,1146905830.5499647,L_trace,31249980.1,,,10,234000.0,-94.16944537126771
1000000000.0,1146905830.5499647,L_trace,31249980.1,,,10,235500.0,-93.99717207877097
1000000000.0,1146905830.5499647,L_trace,31249980.1,,,10,237000.0,-93.98040294247852
1000000000.0,1146905830.5499647,L_trace,31249980.1,,,10,238500.0,-94.52582504062988
1000000000.0,1146905830.5499647,L_trace,31249980.1,,,10,240000.0,-93.8016880866031
1000000000.0,1146905830.5499647,L_trace,31249980.1,,,10,241500.0,-92.2983080239762
1000000000.0,1146905830.5499647,L_trace,31249980.1,,,10,243000.0,-92.04998181540053
1000000000.0,1146905830.5499647,L_trace,31249980.1,,,10,244500.0,-92.92378692780962
1000000000.0,1146905830.5499647,L_trace,31249980.1,,,10,246000.0,-93.5056116083099
1000000000.0,1146905830.5499647,L_trace,31249980.1,,,10,247500.0,-93.31929300546524
1000000000.0,1146905830.5499647,L_trace,31249980.1,,,10,249000.0,-92.67899137754527
1000000000.0,1146905830.5499647,L_trace,31249980.1,,,10,250500.0,-92.94124132074549
1000000000.0,1146905830.5499647,L_trace,31249980.1,,,10,252000.0,-92.78152630125274
1000000000.0,1146905830.5499647,L_trace,31249980.1,,,10,253500.0,-92.44954999166674
1000000000.0,1146905830.5499647,L_trace,31249980.1,,,10,255000.0,-92.89747616747961
1000000000.0,1146905830.5499647,L_trace,31249980.1,,,10,256500.0,-92.60651565390508
1000000000.0,1146905830.5499647,L_trace,31249980.1,,,10,258000.0,-92.21576325451773
1000000000.0,1146905830.5499647,L_trace,31249980.1,,,10,259500.0,-92.43363774398118
1000000000.0,1146905830.5499647,L_trace,31249980.1,,,10,261000.0,-92.99079290751317
1000000000.0,1146905830.5499647,L_trace,31249980.1,,,10,262500.0,-93.2075959195768
1000000000.0,1146905830.5499647,L_trace,31249980.1,,,10,264000.0,-93.23090730302283
1000000000.0,1146905830.5499647,L_trace,31249980.1,,,10,265500.0,-91.95648028975816
1000000000.0,1146905830.5499647,L_trace,31249980.1,,,10,267000.0,-91.79988507414853
1000000000.0,1146905830.5499647,L_trace,31249980.1,,,10,268500.0,-92.10189833336065
1000000000.0,1146905830.5499647,L_trace,31249980.1,,,10,270000.0,-91.80352523764681
1000000000.0,1146905830.5499647,L_trace,31249980.1,,,10,271500.0,-91.37520636295466
1000000000.0,1146905830.5499647,L_trace,31249980.1,,,10,273000.0,-89.26119057586396
1000000000.0,1146905830.5499647,L_trace,31249980.1,,,10,274500.0,-86.10748494100005
1000000000.0,1146905830.5499647,L_trace,31249980.1,,,10,276000.0,-86.55952578222012
1000000000.0,1146905830.5499647,L_trace,31249980.1,,,10,277500.0,-90.66140879830353
1000000000.0,1146905830.5499647,L_trace,31249980.1,,,10,279000.0,-92.42282135017349
1000000000.0,1146905830.5499647,L_trace,31249980.1,,,10,280500.0,-91.85508226659225
1000000000.0,1146905830.5499647,L_trace,31249980.1,,,10,282000.0,-91.96003623081832
1000000000.0,1146905830.5499647,L_trace,31249980.1,,,10,283500.0,-92.01668527914428
1000000000.0,1146905830.5499647,L_trace,31249980.1,,,10,285000.0,-92.32650577721226
1000000000.0,1146905830.5499647,L_trace,31249980.1,,,10,286500.0,-93.40127543703926
1000000000.0,1146905830.5499647,L_trace,31249980.1,,,10,288000.0,-93.75058658118182
1000000000.0,1146905830.5499647,L_trace,31249980.1,,,10,289500.0,-93.04645751157508
1000000000.0,1146905830.5499647,L_trace,31249980.1,,,10,291000.0,-93.58569800871504
1000000000.0,1146905830.5499647,L_trace,31249980.1,,,10,292500.0,-94.7437698279975
1000000000.0,1146905830.5499647,L_trace,31249980.1,,,10,294000.0,-94.84610450358916
1000000000.0,1146905830.5499647,L_trace,31249980.1,,,10,295500.0,-94.64668928876559
1000000000.0,1146905830.5499647,L_trace,31249980.1,,,10,297000.0,-94.13007385714606
1000000000.0,1146905830.5499647,L_trace,31249980.1,,,10,298500.0,-93.65127471348467
1000000000.0,1146905830.5499647,L_trace,31249980.1,,,10,300000.0,-93.65094225699626
1000000000.0,1146905830.5499647,L_trace,31249980.1,,,10,301500.0,-92.96880690732782
1000000000.0,1146905830.5499647,L_trace,31249980.1,,,10,303000.0,-91.93331122915248
1000000000.0,1146905830.5499647,L_trace,31249980.1,,,10,304500.0,-92.66817511893213
1000000000.0,1146905830.5499647,L_trace,31249980.1,,,10,306000.0,-93.64256081695078
1000000000.0,1146905830.5499647,L_trace,31249980.1,,,10,307500.0,-92.9966975087781
1000000000.0,1146905830.5499647,L_trace,31249980.1,,,10,309000.0,-91.77775744497957
1000000000.0,1146905830.5499647,L_trace,31249980.1,,,10,310500.0,-91.09086216591608
1000000000.0,1146905830.5499647,L_trace,31249980.1,,,10,312000.0,-90.3693212458762
1000000000.0,1146905830.5499647,L_trace,31249980.1,,,10,313500.0,-89.54883867520228
1000000000.0,1146905830.5499647,L_trace,31249980.1,,,10,315000.0,-89.3935265898904
1000000000.0,1146905830.5499647,L_trace,31249980.1,,,10,316500.0,-90.40046063756678
1000000000.0,1146905830.5499647,L_trace,31249980.1,,,10,318000.0,-90.95651051306154
1000000000.0,1146905830.5499647,L_trace,31249980.1,,,10,319500.0,-89.78960438263782
1000000000.0,1146905830.5499647,L_trace,31249980.1,,,10,321000.0,-89.9817494448971
1000000000.0,1146905830.5499647,L_trace,31249980.1,,,10,322500.0,-91.1805066824121
1000000000.0,1146905830.5499647,L_trace,31249980.1,,,10,324000.0,-91.30169545920862
1000000000.0,1146905830.5499647,L_trace,31249980.1,,,10,325500.0,-90.0994956096508
1000000000.0,1146905830.5499647,L_trace,31249980.1,,,10,327000.0,-89.80280162942591
1000000000.0,1146905830.5499647,L_trace,31249980.1,,,10,328500.0,-90.4647594638873
1000000000.0,1146905830.5499647,L_trace,31249980.1,,,10,330000.0,-90.77328628050009
1000000000.0,1146905830.5499647,L_trace,31249980.1,,,10,331500.0,-91.18161343597441
1000000000.0,1146905830.5499647,L_trace,31249980.1,,,10,333000.0,-92.16367354681812
1000000000.0,1146905830.5499647,L_trace,31249980.1,,,10,334500.0,-90.64312907060204
1000000000.0,1146905830.5499647,L_trace,31249980.1,,,10,336000.0,-88.28360655406051
1000000000.0,1146905830.5499647,L_trace,31249980.1,,,10,337500.0,-87.31992754352002
1000000000.0,1146905830.5499647,L_trace,31249980.1,,,10,339000.0,-87.55697716633196
1000000000.0,1146905830.5499647,L_trace,31249980.1,,,10,340500.0,-87.44070404201126
1000000000.0,1146905830.5499647,L_trace,31249980.1,,,10,342000.0,-88.02504090569154
1000000000.0,1146905830.5499647,L_trace,31249980.1,,,10,343500.0,-89.7261801455449
1000000000.0,1146905830.5499647,L_trace,31249980.1,,,10,345000.0,-89.9038450798506
1000000000.0,1146905830.5499647,L_trace,31249980.1,,,10,346500.0,-88.83883590361062
1000000000.0,1146905830.5499647,L_trace,31249980.1,,,10,348000.0,-89.68093366401477
1000000000.0,1146905830.5499647,L_trace,31249980.1,,,10,349500.0,-89.92995082492703
1000000000.0,1146905830.5499647,L_trace,31249980.1,,,10,351000.0,-83.36473045097725
1000000000.0,1146905830.5499647,L_trace,31249980.1,,,10,352500.0,-79.03307167302783
1000000000.0,1146905830.5499647,L_trace,31249980.1,,,10,354000.0,-79.90578019052224
1000000000.0,1146905830.5499647,L_trace,31249980.1,,,10,355500.0,-83.33936021225423
1000000000.0,1146905830.5499647,L_trace,31249980.1,,,10,357000.0,-79.61764465483756
1000000000.0,1146905830.5499647,L_trace,31249980.1,,,10,358500.0,-78.26189277623484
1000000000.0,1146905830.5499647,L_trace,31249980.1,,,10,360000.0,-81.82197911559483
1000000000.0,1146905830.5499647,L_trace,31249980.1,,,10,361500.0,-89.01842985768721
1000000000.0,1146905830.5499647,L_trace,31249980.1,,,10,363000.0,-90.91764958410512
1000000000.0,1146905830.5499647,L_trace,31249980.1,,,10,364500.0,-89.22401791715947
1000000000.0,1146905830.5499647,L_trace,31249980.1,,,10,366000.0,-87.18048730152948
1000000000.0,1146905830.5499647,L_trace,31249980.1,,,10,367500.0,-84.13669381623541
1000000000.0,1146905830.5499647,L_trace,31249980.1,,,10,369000.0,-83.10322579553764
1000000000.0,1146905830.5499647,L_trace,31249980.1,,,10,370500.0,-85.60579424021823
1000000000.0,1146905830.5499647,L_trace,31249980.1,,,10,372000.0,-89.37922542028497
1000000000.0,1146905830.5499647,L_trace,31249980.1,,,10,373500.0,-90.68735719134943
1000000000.0,1146905830.5499647,L_trace,31249980.1,,,10,375000.0,-90.73460182590605
1000000000.0,1146905830.5499647,L_trace,31249980.1,,,10,376500.0,-90.07704374431593
1000000000.0,1146905830.5499647,L_trace,31249980.1,,,10,378000.0,-89.86321571495932
1000000000.0,1146905830.5499647,L_trace,31249980.1,,,10,379500.0,-88.33789948866585
1000000000.0,1146905830.5499647,L_trace,31249980.1,,,10,381000.0,-87.25429070558837
1000000000.0,1146905830.5499647,L_trace,31249980.1,,,10,382500.0,-88.4872878192384
1000000000.0,1146905830.5499647,L_trace,31249980.1,,,10,384000.0,-90.53951755485322
1000000000.0,1146905830.5499647,L_trace,31249980.1,,,10,385500.0,-91.60959057534905
1000000000.0,1146905830.5499647,L_trace,31249980.1,,,10,387000.0,-90.73965435707728
1000000000.0,1146905830.5499647,L_trace,31249980.1,,,10,388500.0,-89.04396696060849
1000000000.0,1146905830.5499647,L_trace,31249980.1,,,10,390000.0,-88.26994126687056
1000000000.0,1146905830.5499647,L_trace,31249980.1,,,10,391500.0,-88.48064378118073
1000000000.0,1146905830.5499647,L_trace,31249980.1,,,10,393000.0,-89.73279173712507
1000000000.0,1146905830.5499647,L_trace,31249980.1,,,10,394500.0,-91.66065557232065
1000000000.0,1146905830.5499647,L_trace,31249980.1,,,10,396000.0,-92.42058906390827
1000000000.0,1146905830.5499647,L_trace,31249980.1,,,10,397500.0,-91.63705815170262
1000000000.0,1146905830.5499647,L_trace,31249980.1,,,10,399000.0,-91.05434900501434
1000000000.0,1146905830.5499647,L_trace,31249980.1,,,10,400500.0,-90.80304056174283
1000000000.0,1146905830.5499647,L_trace,31249980.1,,,10,402000.0,-90.74866730140262
1000000000.0,1146905830.5499647,L_trace,31249980.1,,,10,403500.0,-91.30278939819597
1000000000.0,1146905830.5499647,L_trace,31249980.1,,,10,405000.0,-92.65626221752817
1000000000.0,1146905830.5499647,L_trace,31249980.1,,,10,406500.0,-93.23727324728236
1000000000.0,1146905830.5499647,L_trace,31249980.1,,,10,408000.0,-92.54678509229682
1000000000.0,1146905830.5499647,L_trace,31249980.1,,,10,409500.0,-90.8498378583951
1000000000.0,1146905830.5499647,L_trace,31249980.1,,,10,411000.0,-89.32284181446998
1000000000.0,1146905830.5499647,L_trace,31249980.1,,,10,412500.0,-89.29452602535838
1000000000.0,1146905830.5499647,L_trace,31249980.1,,,10,414000.0,-89.99304222658705
1000000000.0,1146905830.5499647,L_trace,31249980.1,,,10,415500.0,-88.86898655003507
1000000000.0,1146905830.5499647,L_trace,31249980.1,,,10,417000.0,-87.96834555090578
1000000000.0,1146905830.5499647,L_trace,31249980.1,,,10,418500.0,-88.60770343412726
1000000000.0,1146905830.5499647,L_trace,31249980.1,,,10,420000.0,-90.88770075021033
1000000000.0,1146905830.5499647,L_trace,31249980.1,,,10,421500.0,-92.59298308143892
1000000000.0,1146905830.5499647,L_trace,31249980.1,,,10,423000.0,-91.30532396254301
1000000000.0,1146905830.5499647,L_trace,31249980.1,,,10,424500.0,-89.18404491634269
1000000000.0,1146905830.5499647,L_trace,31249980.1,,,10,426000.0,-88.21493313147856
1000000000.0,1146905830.5499647,L_trace,31249980.1,,,10,427500.0,-88.64358458607639
1000000000.0,1146905830.5499647,L_trace,31249980.1,,,10,429000.0,-89.08031359094245
1000000000.0,1146905830.5499647,L_trace,31249980.1,,,10,430500.0,-88.72380218539338
1000000000.0,1146905830.5499647,L_trace,31249980.1,,,10,432000.0,-88.60445061679086
1000000000.0,1146905830.5499647,L_trace,31249980.1,,,10,433500.0,-88.25478691209764
1000000000.0,1146905830.5499647,L_trace,31249980.1,,,10,435000.0,-88.65181144816992
1000000000.0,1146905830.5499647,L_trace,31249980.1,,,10,436500.0,-90.61408016251201
1000000000.0,1146905830.5499647,L_trace,31249980.1,,,10,438000.0,-89.82601875621239
1000000000.0,1146905830.5499647,L_trace,31249980.1,,,10,439500.0,-87.54786248410437
1000000000.0,1146905830.5499647,L_trace,31249980.1,,,10,441000.0,-87.04552280752678
1000000000.0,1146905830.5499647,L_trace,31249980.1,,,10,442500.0,-88.27214230787068
1000000000.0,1146905830.5499647,L_trace,31249980.1,,,10,444000.0,-87.94045510900877
1000000000.0,1146905830.5499647,L_trace,31249980.1,,,10,445500.0,-86.56133497765636
1000000000.0,1146905830.5499647,L_trace,31249980.1,,,10,447000.0,-86.6147695911137
1000000000.0,1146905830.5499647,L_trace,31249980.1,,,10,448500.0,-86.42499706754661
1000000000.0,1146905830.5499647,L_trace,31249980.1,,,10,450000.0,-86.83584960064815
1000000000.0,1146905830.5499647,L_trace,31249980.1,,,10,451500.0,-87.95335623286809
1000000000.0,1146905830.5499647,L_trace,31249980.1,,,10,453000.0,-87.17366555843854
1000000000.0,1146905830.5499647,L_trace,31249980.1,,,10,454500.0,-86.86058102481523
1000000000.0,1146905830.5499647,L_trace,31249980.1,,,10,456000.0,-85.82941627816106
1000000000.0,1146905830.5499647,L_trace,31249980.1,,,10,457500.0,-84.98890058495613
1000000000.0,1146905830.5499647,L_trace,31249980.1,,,10,459000.0,-85.33918779235465
1000000000.0,1146905830.5499647,L_trace,31249980.1,,,10,460500.0,-86.61057509130507
1000000000.0,1146905830.5499647,L_trace,31249980.1,,,10,462000.0,-86.2622153649126
1000000000.0,1146905830.5499647,L_trace,31249980.1,,,10,463500.0,-85.0642412309032
1000000000.0,1146905830.5499647,L_trace,31249980.1,,,10,465000.0,-84.53770523357903
1000000000.0,1146905830.5499647,L_trace,31249980.1,,,10,466500.0,-85.1932733510153
1000000000.0,1146905830.5499647,L_trace,31249980.1,,,10,468000.0,-85.89854684026348
1000000000.0,1146905830.5499647,L_trace,31249980.1,,,10,469500.0,-86.27830531904745
1000000000.0,1146905830.5499647,L_trace,31249980.1,,,10,471000.0,-87.08273163555987
1000000000.0,1146905830.5499647,L_trace,31249980.1,,,10,472500.0,-86.59661564353351
1000000000.0,1146905830.5499647,L_trace,31249980.1,,,10,474000.0,-85.89059549961213
1000000000.0,1146905830.5499647,L_trace,31249980.1,,,10,475500.0,-86.54316612407771
1000000000.0,1146905830.5499647,L_trace,31249980.1,,,10,477000.0,-87.72860458894361
1000000000.0,1146905830.5499647,L_trace,31249980.1,,,10,478500.0,-87.41492283517309
1000000000.0,1146905830.5499647,L_trace,31249980.1,,,10,480000.0,-86.55419740416542
1000000000.0,1146905830.5499647,L_trace,31249980.1,,,10,481500.0,-84.92873755317896
1000000000.0,1146905830.5499647,L_trace,31249980.1,,,10,483000.0,-83.86893656588248
1000000000.0,1146905830.5499647,L_trace,31249980.1,,,10,484500.0,-84.76089854517657
1000000000.0,1146905830.5499647,L_trace,31249980.1,,,10,486000.0,-86.88395704593121
1000000000.0,1146905830.5499647,L_trace,31249980.1,,,10,487500.0,-88.8829273716024
1000000000.0,1146905830.5499647,L_trace,31249980.1,,,10,489000.0,-89.17400773991669
1000000000.0,1146905830.5499647,L_trace,31249980.1,,,10,490500.0,-87.91463675290868
1000000000.0,1146905830.5499647,L_trace,31249980.1,,,10,492000.0,-85.88629236318292
1000000000.0,1146905830.5499647,L_trace,31249980.1,,,10,493500.0,-84.9306090998757
1000000000.0,1146905830.5499647,L_trace,31249980.1,,,10,495000.0,-85.2440631987063
1000000000.0,1146905830.5499647,L_trace,31249980.1,,,10,496500.0,-86.4745177854013
1000000000.0,1146905830.5499647,L_trace,31249980.1,,,10,498000.0,-88.00367445687264
1000000000.0,1146905830.5499647,L_trace,31249980.1,,,10,499500.0,-87.20782339154171
1000000000.0,1146905830.5499647,L_trace,31249980.1,,,10,501000.0,-86.2504630473874
1000000000.0,1146905830.5499647,L_trace,31249980.1,,,10,502500.0,-86.63117486759971
1000000000.0,1146905830.5499647,L_trace,31249980.1,,,10,504000.0,-86.15147968854085
1000000000.0,1146905830.5499647,L_trace,31249980.1,,,10,505500.0,-84.66174338997334
1000000000.0,1146905830.5499647,L_trace,31249980.1,,,10,507000.0,-84.63529942510102
1000000000.0,1146905830.5499647,L_trace,31249980.1,,,10,508500.0,-85.76515063662588
1000000000.0,1146905830.5499647,L_trace,31249980.1,,,10,510000.0,-86.34344947468058
1000000000.0,1146905830.5499647,L_trace,31249980.1,,,10,511500.0,-87.52998226651714
1000000000.0,1146905830.5499647,L_trace,31249980.1,,,10,513000.0,-89.31418518605943
1000000000.0,1146905830.5499647,L_trace,31249980.1,,,10,514500.0,-88.83103662436346
1000000000.0,1146905830.5499647,L_trace,31249980.1,,,10,516000.0,-87.23193725720238
1000000000.0,1146905830.5499647,L_trace,31249980.1,,,10,517500.0,-85.37398432935983
1000000000.0,1146905830.5499647,L_trace,31249980.1,,,10,519000.0,-85.01623671585394
1000000000.0,1146905830.5499647,L_trace,31249980.1,,,10,520500.0,-86.34262264822482
1000000000.0,1146905830.5499647,L_trace,31249980.1,,,10,522000.0,-86.6355924499114
1000000000.0,1146905830.5499647,L_trace,31249980.1,,,10,523500.0,-85.50796016147797
1000000000.0,1146905830.5499647,L_trace,31249980.1,,,10,525000.0,-86.92720820157399
1000000000.0,1146905830.5499647,L_trace,31249980.1,,,10,526500.0,-88.50536641759915
1000000000.0,1146905830.5499647,L_trace,31249980.1,,,10,528000.0,-87.22450247941399
1000000000.0,1146905830.5499647,L_trace,31249980.1,,,10,529500.0,-86.75839428195954
1000000000.0,1146905830.5499647,L_trace,31249980.1,,,10,531000.0,-85.64164446199483
1000000000.0,1146905830.5499647,L_trace,31249980.1,,,10,532500.0,-85.01954657924792
1000000000.0,1146905830.5499647,L_trace,31249980.1,,,10,534000.0,-85.410942083822
1000000000.0,1146905830.5499647,L_trace,31249980.1,,,10,535500.0,-80.82564378182266
1000000000.0,1146905830.5499647,L_trace,31249980.1,,,10,537000.0,-77.60153294888941
1000000000.0,1146905830.5499647,L_trace,31249980.1,,,10,538500.0,-78.99623711599202
1000000000.0,1146905830.5499647,L_trace,31249980.1,,,10,540000.0,-83.76390635945553
1000000000.0,1146905830.5499647,L_trace,31249980.1,,,10,541500.0,-85.26517511070055
1000000000.0,1146905830.5499647,L_trace,31249980.1,,,10,543000.0,-85.73382072145992
1000000000.0,1146905830.5499647,L_trace,31249980.1,,,10,544500.0,-88.0484834166138
1000000000.0,1146905830.5499647,L_trace,31249980.1,,,10,546000.0,-88.55240605146085
1000000000.0,1146905830.5499647,L_trace,31249980.1,,,10,547500.0,-85.83934398167611
1000000000.0,1146905830.5499647,L_trace,31249980.1,,,10,549000.0,-84.00003776453508
1000000000.0,1146905830.5499647,L_trace,31249980.1,,,10,550500.0,-83.38868171414768
1000000000.0,1146905830.5499647,L_trace,31249980.1,,,10,552000.0,-83.06916709796619
1000000000.0,1146905830.5499647,L_trace,31249980.1,,,10,553500.0,-82.7713085955582
1000000000.0,1146905830.5499647,L_trace,31249980.1,,,10,555000.0,-81.95402571316637
1000000000.0,1146905830.5499647,L_trace,31249980.1,,,10,556500.0,-82.0238936663115
1000000000.0,1146905830.5499647,L_trace,31249980.1,,,10,558000.0,-83.61957548052955
1000000000.0,1146905830.5499647,L_trace,31249980.1,,,10,559500.0,-84.90749032936905
1000000000.0,1146905830.5499647,L_trace,31249980.1,,,10,561000.0,-85.43475421369705
1000000000.0,1146905830.5499647,L_trace,31249980.1,,,10,562500.0,-85.2676810315394
1000000000.0,1146905830.5499647,L_trace,31249980.1,,,10,564000.0,-84.48187354697119
1000000000.0,1146905830.5499647,L_trace,31249980.1,,,10,565500.0,-81.85416907115417
1000000000.0,1146905830.5499647,L_trace,31249980.1,,,10,567000.0,-81.09014642173564
1000000000.0,1146905830.5499647,L_trace,31249980.1,,,10,568500.0,-82.83978596593562
1000000000.0,1146905830.5499647,L_trace,31249980.1,,,10,570000.0,-83.01902920332749
1000000000.0,1146905830.5499647,L_trace,31249980.1,,,10,571500.0,-81.46057160271907
1000000000.0,1146905830.5499647,L_trace,31249980.1,,,10,573000.0,-81.31593678937813
1000000000.0,1146905830.5499647,L_trace,31249980.1,,,10,574500.0,-83.27530635858835
1000000000.0,1146905830.5499647,L_trace,31249980.1,,,10,576000.0,-84.22822329041078
1000000000.0,1146905830.5499647,L_trace,31249980.1,,,10,577500.0,-83.03774037652009
1000000000.0,1146905830.5499647,L_trace,31249980.1,,,10,579000.0,-82.87643143950699
1000000000.0,1146905830.5499647,L_trace,31249980.1,,,10,580500.0,-83.71282958412014
1000000000.0,1146905830.5499647,L_trace,31249980.1,,,10,582000.0,-84.84134942302657
1000000000.0,1146905830.5499647,L_trace,31249980.1,,,10,583500.0,-85.0592223923935
1000000000.0,1146905830.5499647,L_trace,31249980.1,,,10,585000.0,-83.82228493699492
1000000000.0,1146905830.5499647,L_trace,31249980.1,,,10,586500.0,-83.01445018996611
1000000000.0,1146905830.5499647,L_trace,31249980.1,,,10,588000.0,-82.62971034994705
1000000000.0,1146905830.5499647,L_trace,31249980.1,,,10,589500.0,-82.15614029904481
1000000000.0,1146905830.5499647,L_trace,31249980.1,,,10,591000.0,-82.73828377080208
1000000000.0,1146905830.5499647,L_trace,31249980.1,,,10,592500.0,-84.76358159219231
1000000000.0,1146905830.5499647,L_trace,31249980.1,,,10,594000.0,-83.8948133250756
1000000000.0,1146905830.5499647,L_trace,31249980.1,,,10,595500.0,-82.38770026197953
1000000000.0,1146905830.5499647,L_trace,31249980.1,,,10,597000.0,-82.96782827963492
1000000000.0,1146905830.5499647,L_trace,31249980.1,,,10,598500.0,-84.656862077338
1000000000.0,1146905830.5499647,L_trace,31249980.1,,,10,600000.0,-84.67777113950979
1000000000.0,1146905830.5499647,L_trace,31249980.1,,,10,601500.0,-82.78815149876793
1000000000.0,1146905830.5499647,L_trace,31249980.1,,,10,603000.0,-80.32441534537476
1000000000.0,1146905830.5499647,L_trace,31249980.1,,,10,604500.0,-78.12374319724839
1000000000.0,1146905830.5499647,L_trace,31249980.1,,,10,606000.0,-77.71610175027028
1000000000.0,1146905830.5499647,L_trace,31249980.1,,,10,607500.0,-79.76589622640206
1000000000.0,1146905830.5499647,L_trace,31249980.1,,,10,609000.0,-82.62569364377649
1000000000.0,1146905830.5499647,L_trace,31249980.1,,,10,610500.0,-83.24144410551737
1000000000.0,1146905830.5499647,L_trace,31249980.1,,,10,612000.0,-82.08972517088147
1000000000.0,1146905830.5499647,L_trace,31249980.1,,,10,613500.0,-82.07144217113913
1000000000.0,1146905830.5499647,L_trace,31249980.1,,,10,615000.0,-82.74104923331859
1000000000.0,1146905830.5499647,L_trace,31249980.1,,,10,616500.0,-82.35712248614828
1000000000.0,1146905830.5499647,L_trace,31249980.1,,,10,618000.0,-81.53090238363043
1000000000.0,1146905830.5499647,L_trace,31249980.1,,,10,619500.0,-80.92563337087823
1000000000.0,1146905830.5499647,L_trace,31249980.1,,,10,621000.0,-79.78132749570955
1000000000.0,1146905830.5499647,L_trace,31249980.1,,,10,622500.0,-77.79844729967523
1000000000.0,1146905830.5499647,L_trace,31249980.1,,,10,624000.0,-76.66411761940368
1000000000.0,1146905830.5499647,L_trace,31249980.1,,,10,625500.0,-77.21066894522258
1000000000.0,1146905830.5499647,L_trace,31249980.1,,,10,627000.0,-78.79037441833661
1000000000.0,1146905830.5499647,L_trace,31249980.1,,,10,628500.0,-78.30826190315078
1000000000.0,1146905830.5499647,L_trace,31249980.1,,,10,630000.0,-78.18002396090155
1000000000.0,1146905830.5499647,L_trace,31249980.1,,,10,631500.0,-78.52106792867454
1000000000.0,1146905830.5499647,L_trace,31249980.1,,,10,633000.0,-78.02176617803346
1000000000.0,1146905830.5499647,L_trace,31249980.1,,,10,634500.0,-79.14123032216112
1000000000.0,1146905830.5499647,L_trace,31249980.1,,,10,636000.0,-79.7059212333926
1000000000.0,1146905830.5499647,L_trace,31249980.1,,,10,637500.0,-78.48940364198084
1000000000.0,1146905830.5499647,L_trace,31249980.1,,,10,639000.0,-76.88865710295653
1000000000.0,1146905830.5499647,L_trace,31249980.1,,,10,640500.0,-76.0211558724991
1000000000.0,1146905830.5499647,L_trace,31249980.1,,,10,642000.0,-77.11979815845962
1000000000.0,1146905830.5499647,L_trace,31249980.1,,,10,643500.0,-79.35920144594424
1000000000.0,1146905830.5499647,L_trace,31249980.1,,,10,645000.0,-80.73067159335545
1000000000.0,1146905830.5499647,L_trace,31249980.1,,,10,646500.0,-80.22850977916028
1000000000.0,1146905830.5499647,L_trace,31249980.1,,,10,648000.0,-79.77096363592713
1000000000.0,1146905830.5499647,L_trace,31249980.1,,,10,649500.0,-80.6018962536696
1000000000.0,1146905830.5499647,L_trace,31249980.1,,,10,651000.0,-82.3917585623449
1000000000.0,1146905830.5499647,L_trace,31249980.1,,,10,652500.0,-83.88307000933344
1000000000.0,1146905830.5499647,L_trace,31249980.1,,,10,654000.0,-82.80049304497956
1000000000.0,1146905830.5499647,L_trace,31249980.1,,,10,655500.0,-81.97773877307056
1000000000.0,1146905830.5499647,L_trace,31249980.1,,,10,657000.0,-82.40113067826867
1000000000.0,1146905830.5499647,L_trace,31249980.1,,,10,658500.0,-81.8122541235211
1000000000.0,1146905830.5499647,L_trace,31249980.1,,,10,660000.0,-82.6977783560863
1000000000.0,1146905830.5499647,L_trace,31249980.1,,,10,661500.0,-82.50337912798945
1000000000.0,1146905830.5499647,L_trace,31249980.1,,,10,663000.0,-82.27845276571561
1000000000.0,1146905830.5499647,L_trace,31249980.1,,,10,664500.0,-82.98680682035408
1000000000.0,1146905830.5499647,L_trace,31249980.1,,,10,666000.0,-83.36802869925938
1000000000.0,1146905830.5499647,L_trace,31249980.1,,,10,667500.0,-81.58553625818661
1000000000.0,1146905830.5499647,L_trace,31249980.1,,,10,669000.0,-80.59841336748613
1000000000.0,1146905830.5499647,L_trace,31249980.1,,,10,670500.0,-80.74095824387025
1000000000.0,1146905830.5499647,L_trace,31249980.1,,,10,672000.0,-80.05296053471665
1000000000.0,1146905830.5499647,L_trace,31249980.1,,,10,673500.0,-79.51824314994211
1000000000.0,1146905830.5499647,L_trace,31249980.1,,,10,675000.0,-78.34494053490693
1000000000.0,1146905830.5499647,L_trace,31249980.1,,,10,676500.0,-78.39807592491893
1000000000.0,1146905830.5499647,L_trace,31249980.1,,,10,678000.0,-80.43314486231034
1000000000.0,1146905830.5499647,L_trace,31249980.1,,,10,679500.0,-80.19504014869158
1000000000.0,1146905830.5499647,L_trace,31249980.1,,,10,681000.0,-79.23117440558268
1000000000.0,1146905830.5499647,L_trace,31249980.1,,,10,682500.0,-79.9129353567848
1000000000.0,1146905830.5499647,L_trace,31249980.1,,,10,684000.0,-79.63374372657951
1000000000.0,1146905830.5499647,L_trace,31249980.1,,,10,685500.0,-78.87616209442032
1000000000.0,1146905830.5499647,L_trace,31249980.1,,,10,687000.0,-78.83339544521347
1000000000.0,1146905830.5499647,L_trace,31249980.1,,,10,688500.0,-79.04089042827232
1000000000.0,1146905830.5499647,L_trace,31249980.1,,,10,690000.0,-78.349607413807
1000000000.0,1146905830.5499647,L_trace,31249980.1,,,10,691500.0,-75.91633201086194
1000000000.0,1146905830.5499647,L_trace,31249980.1,,,10,693000.0,-72.39708981319042
1000000000.0,1146905830.5499647,L_trace,31249980.1,,,10,694500.0,-72.36337521788406
1000000000.0,1146905830.5499647,L_trace,31249980.1,,,10,696000.0,-76.244750223504
1000000000.0,1146905830.5499647,L_trace,31249980.1,,,10,697500.0,-79.46347531193268
1000000000.0,1146905830.5499647,L_trace,31249980.1,,,10,699000.0,-79.95240529114787
1000000000.0,1146905830.5499647,L_trace,31249980.1,,,10,700500.0,-79.85016680308264
1000000000.0,1146905830.5499647,L_trace,31249980.1,,,10,702000.0,-78.03894028494851
1000000000.0,1146905830.5499647,L_trace,31249980.1,,,10,703500.0,-70.4261957783864
1000000000.0,1146905830.5499647,L_trace,31249980.1,,,10,705000.0,-65.87205229662834
1000000000.0,1146905830.5499647,L_trace,31249980.1,,,10,706500.0,-66.09104734401615
1000000000.0,1146905830.5499647,L_trace,31249980.1,,,10,708000.0,-71.29157288882699
1000000000.0,1146905830.5499647,L_trace,31249980.1,,,10,709500.0,-79.62139181263524
1000000000.0,1146905830.5499647,L_trace,31249980.1,,,10,711000.0,-81.94138672720341
1000000000.0,1146905830.5499647,L_trace,31249980.1,,,10,712500.0,-79.71745635160683
1000000000.0,1146905830.5499647,L_trace,31249980.1,,,10,714000.0,-70.4672857119683
1000000000.0,1146905830.5499647,L_trace,31249980.1,,,10,715500.0,-64.67179162839982
1000000000.0,1146905830.5499647,L_trace,31249980.1,,,10,717000.0,-64.34049901322277
1000000000.0,1146905830.5499647,L_trace,31249980.1,,,10,718500.0,-69.40021315852712
1000000000.0,1146905830.5499647,L_trace,31249980.1,,,10,720000.0,-78.68690312778759
1000000000.0,1146905830.5499647,L_trace,31249980.1,,,10,721500.0,-82.11428672984277
1000000000.0,1146905830.5499647,L_trace,31249980.1,,,10,723000.0,-81.49675137140997
1000000000.0,1146905830.5499647,L_trace,31249980.1,,,10,724500.0,-82.13430994093106
1000000000.0,1146905830.5499647,L_trace,31249980.1,,,10,726000.0,-83.3250703597425
1000000000.0,1146905830.5499647,L_trace,31249980.1,,,10,727500.0,-82.10943843828936
1000000000.0,1146905830.5499647,L_trace,31249980.1,,,10,729000.0,-81.99314109742943
1000000000.0,1146905830.5499647,L_trace,31249980.1,,,10,730500.0,-83.27425342630049
1000000000.0,1146905830.5499647,L_trace,31249980.1,,,10,732000.0,-82.50187994737563
1000000000.0,1146905830.5499647,L_trace,31249980.1,,,10,733500.0,-80.28739031439987
1000000000.0,1146905830.5499647,L_trace,31249980.1,,,10,735000.0,-79.67444226460374
1000000000.0,1146905830.5499647,L_trace,31249980.1,,,10,736500.0,-81.12618405265674
1000000000.0,1146905830.5499647,L_trace,31249980.1,,,10,738000.0,-82.2350437557168
1000000000.0,1146905830.5499647,L_trace,31249980.1,,,10,739500.0,-82.1398794763182
1000000000.0,1146905830.5499647,L_trace,31249980.1,,,10,741000.0,-82.00949884717468
1000000000.0,1146905830.5499647,L_trace,31249980.1,,,10,742500.0,-80.75467542613046
1000000000.0,1146905830.5499647,L_trace,31249980.1,,,10,744000.0,-81.52279477397798
1000000000.0,1146905830.5499647,L_trace,31249980.1,,,10,745500.0,-84.39455497830342
1000000000.0,1146905830.5499647,L_trace,31249980.1,,,10,747000.0,-83.71927838024858
1000000000.0,1146905830.5499647,L_trace,31249980.1,,,10,748500.0,-81.96005738763488
1000000000.0,1146905830.5499647,L_trace,31249980.1,,,10,750000.0,-81.91797687453482
1000000000.0,1146905830.5499647,L_trace,31249980.1,,,10,751500.0,-81.76216674063704
1000000000.0,1146905830.5499647,L_trace,31249980.1,,,10,753000.0,-82.36727342275778
1000000000.0,1146905830.5499647,L_trace,31249980.1,,,10,754500.0,-83.57783056884644
1000000000.0,1146905830.5499647,L_trace,31249980.1,,,10,756000.0,-83.3845462417988
1000000000.0,1146905830.5499647,L_trace,31249980.1,,,10,757500.0,-81.1345649404622
1000000000.0,1146905830.5499647,L_trace,31249980.1,,,10,759000.0,-79.05518240986818
1000000000.0,1146905830.5499647,L_trace,31249980.1,,,10,760500.0,-79.47090725335939
1000000000.0,1146905830.5499647,L_trace,31249980.1,,,10,762000.0,-81.70155313007186
1000000000.0,1146905830.5499647,L_trace,31249980.1,,,10,763500.0,-82.1735377113644
1000000000.0,1146905830.5499647,L_trace,31249980.1,,,10,765000.0,-81.11848841409666
1000000000.0,1146905830.5499647,L_trace,31249980.1,,,10,766500.0,-81.39767125197596
1000000000.0,1146905830.5499647,L_trace,31249980.1,,,10,768000.0,-83.8595588468407
1000000000.0,1146905830.5499647,L_trace,31249980.1,,,10,769500.0,-84.08795963648318
1000000000.0,1146905830.5499647,L_trace,31249980.1,,,10,771000.0,-81.26165698996228
1000000000.0,1146905830.5499647,L_trace,31249980.1,,,10,772500.0,-81.33837529749927
1000000000.0,1146905830.5499647,L_trace,31249980.1,,,10,774000.0,-83.17430012682327
1000000000.0,1146905830.5499647,L_trace,31249980.1,,,10,775500.0,-84.26970984970856
1000000000.0,1146905830.5499647,L_trace,31249980.1,,,10,777000.0,-84.35786206171018
1000000000.0,1146905830.5499647,L_trace,31249980.1,,,10,778500.0,-83.47879934877828
1000000000.0,1146905830.5499647,L_trace,31249980.1,,,10,780000.0,-82.75316895742425
1000000000.0,1146905830.5499647,L_trace,31249980.1,,,10,781500.0,-82.59563953294824
1000000000.0,1146905830.5499647,L_trace,31249980.1,,,10,783000.0,-82.18011987726567
1000000000.0,1146905830.5499647,L_trace,31249980.1,,,10,784500.0,-82.47438994544525
1000000000.0,1146905830.5499647,L_trace,31249980.1,,,10,786000.0,-82.36614608303792
1000000000.0,1146905830.5499647,L_trace,31249980.1,,,10,787500.0,-81.5862568116012
1000000000.0,1146905830.5499647,L_trace,31249980.1,,,10,789000.0,-82.10436570582962
1000000000.0,1146905830.5499647,L_trace,31249980.1,,,10,790500.0,-83.12044977194044
1000000000.0,1146905830.5499647,L_trace,31249980.1,,,10,792000.0,-82.46637941437741
1000000000.0,1146905830.5499647,L_trace,31249980.1,,,10,793500.0,-79.8323840071253
1000000000.0,1146905830.5499647,L_trace,31249980.1,,,10,795000.0,-79.3587283426339
1000000000.0,1146905830.5499647,L_trace,31249980.1,,,10,796500.0,-76.5302462687678
1000000000.0,1146905830.5499647,L_trace,31249980.1,,,10,798000.0,-69.75649085189008
1000000000.0,1146905830.5499647,L_trace,31249980.1,,,10,799500.0,-67.28535516062392
1000000000.0,1146905830.5499647,L_trace,31249980.1,,,10,801000.0,-70.02410307662055
1000000000.0,1146905830.5499647,L_trace,31249980.1,,,10,802500.0,-77.71314218924769
1000000000.0,1146905830.5499647,L_trace,31249980.1,,,10,804000.0,-86.00821411463555
1000000000.0,1146905830.5499647,L_trace,31249980.1,,,10,805500.0,-86.69673473097488
1000000000.0,1146905830.5499647,L_trace,31249980.1,,,10,807000.0,-86.13838299320693
1000000000.0,1146905830.5499647,L_trace,31249980.1,,,10,808500.0,-86.58256021536255
1000000000.0,1146905830.5499647,L_trace,31249980.1,,,10,810000.0,-85.82132312848971
1000000000.0,1146905830.5499647,L_trace,31249980.1,,,10,811500.0,-83.91594738895616
1000000000.0,1146905830.5499647,L_trace,31249980.1,,,10,813000.0,-83.70411916337414
1000000000.0,1146905830.5499647,L_trace,31249980.1,,,10,814500.0,-84.9700306551306
1000000000.0,1146905830.5499647,L_trace,31249980.1,,,10,816000.0,-86.49769134000749
1000000000.0,1146905830.5499647,L_trace,31249980.1,,,10,817500.0,-86.2229114488133
1000000000.0,1146905830.5499647,L_trace,31249980.1,,,10,819000.0,-86.15528044548954
1000000000.0,1146905830.5499647,L_trace,31249980.1,,,10,820500.0,-85.75412941421298
1000000000.0,1146905830.5499647,L_trace,31249980.1,,,10,822000.0,-84.60969524320794
1000000000.0,1146905830.5499647,L_trace,31249980.1,,,10,823500.0,-84.12887747006648
1000000000.0,1146905830.5499647,L_trace,31249980.1,,,10,825000.0,-83.6881303673376
1000000000.0,1146905830.5499647,L_trace,31249980.1,,,10,826500.0,-83.22864173997881
1000000000.0,1146905830.5499647,L_trace,31249980.1,,,10,828000.0,-84.13218601431716
1000000000.0,1146905830.5499647,L_trace,31249980.1,,,10,829500.0,-85.38511644998498
1000000000.0,1146905830.5499647,L_trace,31249980.1,,,10,831000.0,-85.35797980409352
1000000000.0,1146905830.5499647,L_trace,31249980.1,,,10,832500.0,-83.80014253974291
1000000000.0,1146905830.5499647,L_trace,31249980.1,,,10,834000.0,-81.69952468752412
1000000000.0,1146905830.5499647,L_trace,31249980.1,,,10,835500.0,-81.57973625734454
1000000000.0,1146905830.5499647,L_trace,31249980.1,,,10,837000.0,-83.05897485211429
1000000000.0,1146905830.5499647,L_trace,31249980.1,,,10,838500.0,-83.85435557756827
1000000000.0,1146905830.5499647,L_trace,31249980.1,,,10,840000.0,-83.9550559439368
1000000000.0,1146905830.5499647,L_trace,31249980.1,,,10,841500.0,-84.69549566553417
1000000000.0,1146905830.5499647,L_trace,31249980.1,,,10,843000.0,-85.32397066308845
1000000000.0,1146905830.5499647,L_trace,31249980.1,,,10,844500.0,-84.46141730099149
1000000000.0,1146905830.5499647,L_trace,31249980.1,,,10,846000.0,-83.87647262862116
1000000000.0,1146905830.5499647,L_trace,31249980.1,,,10,847500.0,-85.72739890649399
1000000000.0,1146905830.5499647,L_trace,31249980.1,,,10,849000.0,-87.76855150978746
1000000000.0,1146905830.5499647,L_trace,31249980.1,,,10,850500.0,-83.14935732047542
1000000000.0,1146905830.5499647,L_trace,31249980.1,,,10,852000.0,-80.81540743532719
1000000000.0,1146905830.5499647,L_trace,31249980.1,,,10,853500.0,-81.0061576833218
1000000000.0,1146905830.5499647,L_trace,31249980.1,,,10,855000.0,-82.88897769231633
1000000000.0,1146905830.5499647,L_trace,31249980.1,,,10,856500.0,-84.11325052949276
1000000000.0,1146905830.5499647,L_trace,31249980.1,,,10,858000.0,-85.41504364643713
1000000000.0,1146905830.5499647,L_trace,31249980.1,,,10,859500.0,-86.17188676024045
1000000000.0,1146905830.5499647,L_trace,31249980.1,,,10,861000.0,-84.82342986301829
1000000000.0,1146905830.5499647,L_trace,31249980.1,,,10,862500.0,-84.53899671050043
1000000000.0,1146905830.5499647,L_trace,31249980.1,,,10,864000.0,-86.01350094329354
1000000000.0,1146905830.5499647,L_trace,31249980.1,,,10,865500.0,-85.65691244284135
1000000000.0,1146905830.5499647,L_trace,31249980.1,,,10,867000.0,-84.61948236671948
1000000000.0,1146905830.5499647,L_trace,31249980.1,,,10,868500.0,-85.15289363911036
1000000000.0,1146905830.5499647,L_trace,31249980.1,,,10,870000.0,-86.56165406529244
1000000000.0,1146905830.5499647,L_trace,31249980.1,,,10,871500.0,-86.81213209916494
1000000000.0,1146905830.5499647,L_trace,31249980.1,,,10,873000.0,-84.86902299651753
1000000000.0,1146905830.5499647,L_trace,31249980.1,,,10,874500.0,-84.82365115136689
1000000000.0,1146905830.5499647,L_trace,31249980.1,,,10,876000.0,-87.14855772874854
1000000000.0,1146905830.5499647,L_trace,31249980.1,,,10,877500.0,-87.83239703044602
1000000000.0,1146905830.5499647,L_trace,31249980.1,,,10,879000.0,-86.28683810716582
1000000000.0,1146905830.5499647,L_trace,31249980.1,,,10,880500.0,-84.68864079314409
1000000000.0,1146905830.5499647,L_trace,31249980.1,,,10,882000.0,-83.13970838893171
1000000000.0,1146905830.5499647,L_trace,31249980.1,,,10,883500.0,-82.59961530982936
1000000000.0,1146905830.5499647,L_trace,31249980.1,,,10,885000.0,-82.33536519667828
1000000000.0,1146905830.5499647,L_trace,31249980.1,,,10,886500.0,-83.67134831209822
1000000000.0,1146905830.5499647,L_trace,31249980.1,,,10,888000.0,-85.34092526060496
1000000000.0,1146905830.5499647,L_trace,31249980.1,,,10,889500.0,-84.20628551361786
1000000000.0,1146905830.5499647,L_trace,31249980.1,,,10,891000.0,-84.97975517339559
1000000000.0,1146905830.5499647,L_trace,31249980.1,,,10,892500.0,-85.82448923346267
1000000000.0,1146905830.5499647,L_trace,31249980.1,,,10,894000.0,-81.85388411768713
1000000000.0,1146905830.5499647,L_trace,31249980.1,,,10,895500.0,-78.73441614906837
1000000000.0,1146905830.5499647,L_trace,31249980.1,,,10,897000.0,-79.884515145691
1000000000.0,1146905830.5499647,L_trace,31249980.1,,,10,898500.0,-82.76345687602284
1000000000.0,1146905830.5499647,L_trace,31249980.1,,,10,900000.0,-83.50768297684434
1000000000.0,1146905830.5499647,L_trace,31249980.1,,,10,901500.0,-83.52931565980634
1000000000.0,1146905830.5499647,L_trace,31249980.1,,,10,903000.0,-83.08214484811595
1000000000.0,1146905830.5499647,L_trace,31249980.1,,,10,904500.0,-82.6694264873827
1000000000.0,1146905830.5499647,L_trace,31249980.1,,,10,906000.0,-81.26094107453135
1000000000.0,1146905830.5499647,L_trace,31249980.1,,,10,907500.0,-81.58459691695118
1000000000.0,1146905830.5499647,L_trace,31249980.1,,,10,909000.0,-83.00128762921722
1000000000.0,1146905830.5499647,L_trace,31249980.1,,,10,910500.0,-84.05997075173094
1000000000.0,1146905830.5499647,L_trace,31249980.1,,,10,912000.0,-86.1016717653691
1000000000.0,1146905830.5499647,L_trace,31249980.1,,,10,913500.0,-87.32597544065062
1000000000.0,1146905830.5499647,L_trace,31249980.1,,,10,915000.0,-87.27107798961565
1000000000.0,1146905830.5499647,L_trace,31249980.1,,,10,916500.0,-85.80298967496039
1000000000.0,1146905830.5499647,L_trace,31249980.1,,,10,918000.0,-85.10859621354358
1000000000.0,1146905830.5499647,L_trace,31249980.1,,,10,919500.0,-85.78452926300115
1000000000.0,1146905830.5499647,L_trace,31249980.1,,,10,921000.0,-86.59457083210187
1000000000.0,1146905830.5499647,L_trace,31249980.1,,,10,922500.0,-87.24133815313097
1000000000.0,1146905830.5499647,L_trace,31249980.1,,,10,924000.0,-88.6285793653884
1000000000.0,1146905830.5499647,L_trace,31249980.1,,,10,925500.0,-87.65340323540298
1000000000.0,1146905830.5499647,L_trace,31249980.1,,,10,927000.0,-85.54854205166056
1000000000.0,1146905830.5499647,L_trace,31249980.1,,,10,928500.0,-85.90247146087039
1000000000.0,1146905830.5499647,L_trace,31249980.1,,,10,930000.0,-86.93082693645526
1000000000.0,1146905830.5499647,L_trace,31249980.1,,,10,931500.0,-86.68051912420276
1000000000.0,1146905830.5499647,L_trace,31249980.1,,,10,933000.0,-84.05200705292667
1000000000.0,1146905830.5499647,L_trace,31249980.1,,,10,934500.0,-81.35561105680756
1000000000.0,1146905830.5499647,L_trace,31249980.1,,,10,936000.0,-80.02335753153028
1000000000.0,1146905830.5499647,L_trace,31249980.1,,,10,937500.0,-80.2071067836439
1000000000.0,1146905830.5499647,L_trace,31249980.1,,,10,939000.0,-82.51067883449657
1000000000.0,1146905830.5499647,L_trace,31249980.1,,,10,940500.0,-84.58931195057589
1000000000.0,1146905830.5499647,L_trace,31249980.1,,,10,942000.0,-82.12987550944555
1000000000.0,1146905830.5499647,L_trace,31249980.1,,,10,943500.0,-79.95635953838097
1000000000.0,1146905830.5499647,L_trace,31249980.1,,,10,945000.0,-80.581124931602
1000000000.0,1146905830.5499647,L_trace,31249980.1,,,10,946500.0,-82.37074984110401
1000000000.0,1146905830.5499647,L_trace,31249980.1,,,10,948000.0,-82.2630455991308
1000000000.0,1146905830.5499647,L_trace,31249980.1,,,10,949500.0,-80.68072219495346
1000000000.0,1146905830.5499647,L_trace,31249980.1,,,10,951000.0,-79.71388029137026
1000000000.0,1146905830.5499647,L_trace,31249980.1,,,10,952500.0,-80.6659498461694
1000000000.0,1146905830.5499647,L_trace,31249980.1,,,10,954000.0,-82.51529396231777
1000000000.0,1146905830.5499647,L_trace,31249980.1,,,10,955500.0,-80.59511719764869
1000000000.0,1146905830.5499647,L_trace,31249980.1,,,10,957000.0,-79.31581235408058
1000000000.0,1146905830.5499647,L_trace,31249980.1,,,10,958500.0,-78.198400276207
1000000000.0,1146905830.5499647,L_trace,31249980.1,,,10,960000.0,-76.87953066402598
1000000000.0,1146905830.5499647,L_trace,31249980.1,,,10,961500.0,-77.27290248659835
1000000000.0,1146905830.5499647,L_trace,31249980.1,,,10,963000.0,-77.85519704855302
1000000000.0,1146905830.5499647,L_trace,31249980.1,,,10,964500.0,-77.07202543932615
1000000000.0,1146905830.5499647,L_trace,31249980.1,,,10,966000.0,-77.15078836346933
1000000000.0,1146905830.5499647,L_trace,31249980.1,,,10,967500.0,-80.68115073248234
1000000000.0,1146905830.5499647,L_trace,31249980.1,,,10,969000.0,-85.37258707258847
1000000000.0,1146905830.5499647,L_trace,31249980.1,,,10,970500.0,-86.91930837649178
1000000000.0,1146905830.5499647,L_trace,31249980.1,,,10,972000.0,-86.81644576018071
1000000000.0,1146905830.5499647,L_trace,31249980.1,,,10,973500.0,-85.79248235359432
1000000000.0,1146905830.5499647,L_trace,31249980.1,,,10,975000.0,-86.59515080823192
1000000000.0,1146905830.5499647,L_trace,31249980.1,,,10,976500.0,-87.57368567922433
1000000000.0,1146905830.5499647,L_trace,31249980.1,,,10,978000.0,-85.81299862728729
1000000000.0,1146905830.5499647,L_trace,31249980.1,,,10,979500.0,-85.05238806955812
1000000000.0,1146905830.5499647,L_trace,31249980.1,,,10,981000.0,-86.76639833754321
1000000000.0,1146905830.5499647,L_trace,31249980.1,,,10,982500.0,-87.09143708887812
1000000000.0,1146905830.5499647,L_trace,31249980.1,,,10,984000.0,-84.80453526296684
1000000000.0,1146905830.5499647,L_trace,31249980.1,,,10,985500.0,-82.29063871670549
1000000000.0,1146905830.5499647,L_trace,31249980.1,,,10,987000.0,-79.77108170787713
1000000000.0,1146905830.5499647,L_trace,31249980.1,,,10,988500.0,-77.72454921947258
1000000000.0,1146905830.5499647,L_trace,31249980.1,,,10,990000.0,-77.28170915695007
1000000000.0,1146905830.5499647,L_trace,31249980.1,,,10,991500.0,-79.96806947659655
1000000000.0,1146905830.5499647,L_trace,31249980.1,,,10,993000.0,-82.63244564840858
1000000000.0,1146905830.5499647,L_trace,31249980.1,,,10,994500.0,-81.21168939179557
1000000000.0,1146905830.5499647,L_trace,31249980.1,,,10,996000.0,-80.44589779478615
1000000000.0,1146905830.5499647,L_trace,31249980.1,,,10,997500.0,-81.46439680698013
1000000000.0,1146905830.5499647,L_trace,31249980.1,,,10,999000.0,-82.98981953904615
