swept,vco_tune_coarse,vco_current_min,vco_current_max,vctrl_set,vctrl_meas,i_ctrl,f_meas,f_std,n_valid,f_vco,clock,set_div_freq,clk_div_val,total_div
vco_current_max,0,15,0,0.0,-2.490604e-06,-1.025403e-09,5009546.0,4961.056339127787,5,10259550208.0,ok,4,63,2048
vco_current_max,0,15,0,0.05,0.04999372,-7.417459e-10,5012478.0,4477.121843327474,5,10265554944.0,ok,4,63,2048
vco_current_max,0,15,0,0.1,0.09998503,-5.719336e-10,5009322.0,2620.7193668914647,5,10259091456.0,ok,4,63,2048
vco_current_max,0,15,0,0.15,0.1499876,-3.754091e-10,5003386.0,4747.102274019383,5,10246934528.0,ok,4,63,2048
vco_current_max,0,15,0,0.2,0.1999845,-2.456653e-10,5001200.0,3898.7177379235854,5,10242457600.0,ok,4,63,2048
vco_current_max,0,15,0,0.25,0.2499761,-1.725261e-10,4992332.0,1959.4693159118365,5,10224295936.0,ok,4,63,2048
vco_current_max,0,15,0,0.3,0.2999622,5.19792e-11,4957376.0,2854.019971899286,5,10152706048.0,ok,4,63,2048
vco_current_max,0,15,0,0.35,0.3499997,-1.248267e-10,4856668.0,4089.4950788575356,5,9946456064.0,ok,4,63,2048
vco_current_max,0,15,0,0.4,0.3999856,5.134312e-11,4562792.0,12503.99416186684,5,9344598016.0,ok,4,63,2048
vco_current_max,0,15,0,0.45,0.4499781,-9.111924e-11,3906152.0,16519.05475503971,5,7999799296.0,ok,4,63,2048
vco_current_max,0,15,0,0.5,0.499974,-4.53278e-11,2756042.6,20494.88628414415,5,5644375244.8,ok,4,63,2048
vco_current_max,0,15,0,0.55,0.5499698,-8.440165e-12,4992146.0,76986.56785439912,5,2955350432.0,ok,2,73,592
vco_current_max,0,15,0,0.6,0.5999645,-3.896787e-11,598839.0,138217.43129909484,5,nan,unstable,5,9,640
vco_current_max,0,15,0,0.65,0.6499845,7.741863e-11,274.36926,38.28612530745308,5,nan,unstable,5,9,640
vco_current_max,0,15,0,0.7,0.6999727,-5.260375e-12,nan,nan,0,nan,no_clock,5,9,640
vco_current_max,0,15,0,0.75,0.7499748,3.661591e-10,nan,nan,0,nan,no_clock,5,9,640
vco_current_max,0,15,1,0.0,-2.833753e-06,-1.405095e-09,4966170.0,5831.663570543143,5,9852881280.0,ok,3,123,1984
vco_current_max,0,15,1,0.05,0.04999359,-4.466412e-10,4964366.0,6102.661714366936,5,9849302144.0,ok,3,123,1984
vco_current_max,0,15,1,0.1,0.09998478,-4.364653e-10,4962326.0,4872.712796789895,5,9845254784.0,ok,3,123,1984
vco_current_max,0,15,1,0.15,0.1499874,-6.100934e-10,4961054.0,9884.05938873295,5,9842731136.0,ok,3,123,1984
vco_current_max,0,15,1,0.2,0.1999842,-3.544211e-10,4953588.0,8576.296986462165,5,9827918592.0,ok,3,123,1984
vco_current_max,0,15,1,0.25,0.2499778,-2.100497e-10,4944326.0,4249.9388230891045,5,9809542784.0,ok,3,123,1984
vco_current_max,0,15,1,0.3,0.2999623,-1.725262e-10,4909058.0,3914.609814528135,5,9739571072.0,ok,3,123,1984
vco_current_max,0,15,1,0.35,0.3499989,6.533493e-11,4802118.0,3135.621150585638,5,9527402112.0,ok,3,123,1984
vco_current_max,0,15,1,0.4,0.3999847,6.342699e-11,4488196.0,9968.040429292008,5,8904580864.0,ok,3,123,1984
vco_current_max,0,15,1,0.45,0.4499778,-1.08291e-10,3761198.8,20069.104294910623,5,7462218419.2,ok,3,123,1984
vco_current_max,0,15,1,0.5,0.4999731,8.568618e-11,2616871.6,14133.73315157747,5,5191873254.400001,ok,3,123,1984
vco_current_max,0,15,1,0.55,0.5499697,-2.265855e-10,5086810.0,87971.12509227105,5,2645141200.0,ok,2,64,520
vco_current_max,0,15,1,0.6,0.5999644,-4.023989e-11,79735.632,24793.249995032318,5,nan,unstable,5,9,640
vco_current_max,0,15,1,0.65,0.6499858,7.169487e-11,245.27870000000001,69.68872714399367,5,nan,unstable,5,9,640
vco_current_max,0,15,1,0.7,0.6999729,1.836292e-10,nan,nan,0,nan,no_clock,5,9,640
vco_current_max,0,15,1,0.75,0.7499752,3.718833e-10,nan,nan,0,nan,no_clock,5,9,640
vco_current_max,0,15,2,0.0,-1.461216e-06,-1.386015e-09,4985892.0,5635.558534874782,5,9333589824.0,ok,3,116,1872
vco_current_max,0,15,2,0.05,0.04999581,-9.452666e-10,4990346.0,4796.877109120058,5,9341927712.0,ok,3,116,1872
vco_current_max,0,15,2,0.1,0.09998591,-4.390093e-10,4984450.0,8235.31116594874,5,9330890400.0,ok,3,116,1872
vco_current_max,0,15,2,0.15,0.1499874,-4.345573e-10,4980214.0,3757.3634373054733,5,9322960608.0,ok,3,116,1872
vco_current_max,0,15,2,0.2,0.199985,-1.623502e-10,4982066.0,8248.137971687913,5,9326427552.0,ok,3,116,1872
vco_current_max,0,15,2,0.25,0.2499773,-1.458145e-10,4962620.0,6603.571003631293,5,9290024640.0,ok,3,116,1872
vco_current_max,0,15,2,0.3,0.2999634,-1.098399e-11,4918626.0,1818.0291526815515,5,9207667872.0,ok,3,116,1872
vco_current_max,0,15,2,0.35,0.3500002,8.187084e-11,4804412.0,4379.779674823838,5,8993859264.0,ok,3,116,1872
vco_current_max,0,15,2,0.4,0.3999859,-1.146508e-10,4484462.0,10959.321146859416,5,8394912864.0,ok,3,116,1872
vco_current_max,0,15,2,0.45,0.4499784,1.295703e-10,3762728.0,17916.59168201363,5,7043826816.0,ok,3,116,1872
vco_current_max,0,15,2,0.5,0.4999749,-7.140341e-11,2604278.2,26617.89900048462,5,4875208790.400001,ok,3,116,1872
vco_current_max,0,15,2,0.55,0.5499706,-8.984714e-11,4859392.0,26264.941842692133,5,2429696000.0,ok,1,124,500
vco_current_max,0,15,2,0.6,0.5999634,1.836292e-10,85883.538,42041.44848349329,5,nan,unstable,5,9,640
vco_current_max,0,15,2,0.65,0.6499847,2.908332e-11,252.10558,53.693572897526565,5,nan,unstable,5,9,640
vco_current_max,0,15,2,0.7,0.6999732,1.588256e-10,nan,nan,0,nan,no_clock,5,9,640
vco_current_max,0,15,2,0.75,0.7499755,3.814228e-10,nan,nan,0,nan,no_clock,5,9,640
vco_current_max,0,15,3,0.0,-1.461172e-06,-1.440076e-09,5009528.0,2872.1020176866978,5,8896921728.0,ok,3,110,1776
vco_current_max,0,15,3,0.05,0.04999521,-1.003778e-09,5009886.0,8222.832845193923,5,8897557536.0,ok,3,110,1776
vco_current_max,0,15,3,0.1,0.09998754,-6.342617e-10,5009862.0,7553.43762799429,5,8897514912.0,ok,3,110,1776
vco_current_max,0,15,3,0.15,0.1499884,-5.204175e-10,5006958.0,6335.741471998364,5,8892357408.0,ok,3,110,1776
vco_current_max,0,15,3,0.2,0.1999847,-2.297654e-10,5001736.0,8280.587539540898,5,8883083136.0,ok,3,110,1776
vco_current_max,0,15,3,0.25,0.249977,-8.984705e-11,4977550.0,7889.626100139347,5,8840128800.0,ok,3,110,1776
vco_current_max,0,15,3,0.3,0.2999626,-1.210107e-10,4934782.0,2267.701479472111,5,8764172832.0,ok,3,110,1776
vco_current_max,0,15,3,0.35,0.3500004,-7.71273e-11,4810000.0,1850.0,5,8542560000.0,ok,3,110,1776
vco_current_max,0,15,3,0.4,0.3999847,-8.984716e-11,4472232.0,10500.82949104498,5,7942684032.0,ok,3,110,1776
vco_current_max,0,15,3,0.45,0.4499775,-1.254628e-10,3704519.2,28722.952376105073,5,6579226099.200001,ok,3,110,1776
vco_current_max,0,15,3,0.5,0.4999748,1.572761e-11,2479634.4,30518.143313445526,5,4403830694.4,ok,3,110,1776
vco_current_max,0,15,3,0.55,0.549969,-7.394738e-11,4942598.0,76139.43078326761,5,2115431944.0,ok,1,106,428
vco_current_max,0,15,3,0.6,0.5999654,2.971948e-11,3743.4494,1139.0208591339756,5,nan,unstable,5,9,640
vco_current_max,0,15,3,0.65,0.649986,5.6431e-11,99.188614,55.87677045386017,5,nan,unstable,5,9,640
vco_current_max,0,15,3,0.7,0.6999722,8.314241e-11,nan,nan,0,nan,no_clock,5,9,640
vco_current_max,0,15,3,0.75,0.7499749,2.485005e-10,nan,nan,0,nan,no_clock,5,9,640
vco_current_max,0,15,4,0.0,-1.80435e-06,-1.137339e-09,5009946.0,3435.9758439197444,5,8496868416.0,ok,3,105,1696
vco_current_max,0,15,4,0.05,0.04999509,-7.919899e-10,5010496.0,6483.165122068078,5,8497801216.0,ok,3,105,1696
vco_current_max,0,15,4,0.1,0.09998584,-4.580894e-10,5007690.0,8759.206585073787,5,8493042240.0,ok,3,105,1696
vco_current_max,0,15,4,0.15,0.149987,-3.722291e-10,5002952.0,7518.109469806887,5,8485006592.0,ok,3,105,1696
vco_current_max,0,15,4,0.2,0.1999842,-2.094137e-10,4997572.0,8780.861005618983,5,8475882112.0,ok,3,105,1696
vco_current_max,0,15,4,0.25,0.2499774,-1.566263e-10,4974816.0,3424.694146927576,5,8437287936.0,ok,3,105,1696
vco_current_max,0,15,4,0.3,0.2999624,-9.111911e-11,4922894.0,4564.27212159836,5,8349228224.0,ok,3,105,1696
vco_current_max,0,15,4,0.35,0.3500013,-2.624778e-11,4799096.0,8407.59953851276,5,8139266816.0,ok,3,105,1696
vco_current_max,0,15,4,0.4,0.3999856,-5.931951e-11,4470904.0,11339.511894257177,5,7582653184.0,ok,3,105,1696
vco_current_max,0,15,4,0.45,0.4499778,-2.179598e-11,3755822.0,16157.843915572399,5,6369874112.0,ok,3,105,1696
vco_current_max,0,15,4,0.5,0.4999733,-5.896089e-12,2630621.0,16608.335587890797,5,4461533216.0,ok,3,105,1696
vco_current_max,0,15,4,0.55,0.5499696,-1.108349e-10,4872898.0,125353.25332834406,5,2319499448.0,ok,1,118,476
vco_current_max,0,15,4,0.6,0.5999633,-1.05747e-10,6634248.0,1965696.371904878,5,nan,unstable,0,0,2
vco_current_max,0,15,4,0.65,0.6499858,8.823067e-11,103.5993,4.4112013777428025,5,nan,unverified,5,9,640
vco_current_max,0,15,4,0.7,0.6999732,1.276622e-10,nan,nan,0,nan,no_clock,5,9,640
vco_current_max,0,15,4,0.75,0.7499756,2.05253e-10,nan,nan,0,nan,no_clock,5,9,640
vco_current_max,0,15,5,0.0,-2.261848e-06,-1.317963e-09,5018754.0,4922.416073433858,5,8030006400.0,ok,3,99,1600
vco_current_max,0,15,5,0.05,0.04999464,-8.276061e-10,5014260.0,4294.665295456679,5,8022816000.0,ok,3,99,1600
vco_current_max,0,15,5,0.1,0.0999857,-6.654257e-10,5012104.0,9331.218034104659,5,8019366400.0,ok,3,99,1600
vco_current_max,0,15,5,0.15,0.1499872,-5.229615e-10,5011734.0,3363.373306666984,5,8018774400.0,ok,3,99,1600
vco_current_max,0,15,5,0.2,0.1999841,-3.944892e-10,4998030.0,6452.143054830697,5,7996848000.0,ok,3,99,1600
vco_current_max,0,15,5,0.25,0.2499772,-2.348534e-10,4975740.0,1400.071426749364,5,7961184000.0,ok,3,99,1600
vco_current_max,0,15,5,0.3,0.2999621,-1.648942e-10,4916202.0,2980.867323447993,5,7865923200.0,ok,3,99,1600
vco_current_max,0,15,5,0.35,0.3499998,-1.260987e-10,4787508.0,4962.012696477106,5,7660012800.0,ok,3,99,1600
vco_current_max,0,15,5,0.4,0.3999852,-1.235547e-10,4424574.0,9829.754829089075,5,7079318400.0,ok,3,99,1600
vco_current_max,0,15,5,0.45,0.4499776,1.191164e-11,3667793.2,27081.0016653742,5,5868469120.0,ok,3,99,1600
vco_current_max,0,15,5,0.5,0.4999754,-6.82234e-11,2506272.2,27332.10864898645,5,4010035520.0000005,ok,3,99,1600
vco_current_max,0,15,5,0.55,0.5499699,4.434705e-11,4908412.0,28812.898500498002,5,1982998448.0,ok,1,100,404
vco_current_max,0,15,5,0.6,0.5999638,-3.833181e-11,2957.1572,689.2685739849163,5,nan,unstable,5,9,640
vco_current_max,0,15,5,0.65,0.6499847,1.003145e-10,57.906254,9.801875356199956,5,nan,unstable,5,9,640
vco_current_max,0,15,5,0.7,0.6999728,8.886655e-11,nan,nan,0,nan,no_clock,5,9,640
vco_current_max,0,15,5,0.75,0.7499741,2.217889e-10,nan,nan,0,nan,no_clock,5,9,640
vco_current_max,0,15,6,0.0,-2.033063e-06,-1.318599e-09,4983904.0,4878.368579761066,5,7416049152.0,ok,3,92,1488
vco_current_max,0,15,6,0.05,0.04999339,-8.746703e-10,4981406.0,4923.15752337867,5,7412332128.0,ok,3,92,1488
vco_current_max,0,15,6,0.1,0.09998573,-1.006589e-10,4982060.0,5718.797950618644,5,7413305280.0,ok,3,92,1488
vco_current_max,0,15,6,0.15,0.1499876,-4.008492e-10,4975340.0,4720.487262984617,5,7403305920.0,ok,3,92,1488
vco_current_max,0,15,6,0.2,0.1999858,-3.677771e-10,4962224.0,6105.983131322916,5,7383789312.0,ok,3,92,1488
vco_current_max,0,15,6,0.25,0.2499776,-2.450292e-10,4933880.0,4672.338814769323,5,7341613440.0,ok,3,92,1488
vco_current_max,0,15,6,0.3,0.2999632,-1.350026e-10,4869872.0,3733.8880540262585,5,7246369536.0,ok,3,92,1488
vco_current_max,0,15,6,0.35,0.3500014,-5.041551e-11,4731836.0,7170.532058362197,5,7040971968.0,ok,3,92,1488
vco_current_max,0,15,6,0.4,0.3999858,-4.787155e-11,4375796.0,8116.703764460053,5,6511184448.0,ok,3,92,1488
vco_current_max,0,15,6,0.45,0.4499793,-2.815587e-11,3581736.0,23358.521571366626,5,5329623168.0,ok,3,92,1488
vco_current_max,0,15,6,0.5,0.4999747,-4.596377e-11,2449433.8,43936.54819395807,5,3644757494.3999996,ok,3,92,1488
vco_current_max,0,15,6,0.55,0.5499697,-3.896775e-11,4883446.0,94255.8426836236,5,1836175696.0,ok,1,93,376
vco_current_max,0,15,6,0.6,0.5999643,5.706688e-11,6332103.85,4116241.6882903376,4,nan,unstable,0,0,2
vco_current_max,0,15,6,0.65,0.6499861,-4.624162e-12,48.901318,0.572825486531457,5,nan,unverified,5,9,640
vco_current_max,0,15,6,0.7,0.6999728,8.695852e-11,nan,nan,0,nan,no_clock,5,9,640
vco_current_max,0,15,6,0.75,0.7499747,2.434127e-10,nan,nan,0,nan,no_clock,5,9,640
vco_current_max,0,15,7,0.0,-1.91867e-06,-1.658224e-09,5003970.0,6332.203407977353,5,6885462720.0,ok,3,85,1376
vco_current_max,0,15,7,0.05,0.04999487,-9.675264e-10,4999600.0,1673.320053068151,5,6879449600.0,ok,3,85,1376
vco_current_max,0,15,7,0.1,0.09998724,-7.3157e-10,4996582.0,2227.9183108902357,5,6875296832.0,ok,3,85,1376
vco_current_max,0,15,7,0.15,0.1499873,-5.732056e-10,4989946.0,4258.647672677325,5,6866165696.0,ok,3,85,1376
vco_current_max,0,15,7,0.2,0.1999845,-5.127855e-10,4974658.0,8123.153328603369,5,6845129408.0,ok,3,85,1376
vco_current_max,0,15,7,0.25,0.2499779,-3.601451e-10,4940080.0,3981.0111780802627,5,6797550080.0,ok,3,85,1376
vco_current_max,0,15,7,0.3,0.2999617,-9.175502e-11,4867768.0,4646.576158850729,5,6698048768.0,ok,3,85,1376
vco_current_max,0,15,7,0.35,0.3500009,-5.280494e-10,4722058.0,3461.086534601526,5,6497551808.0,ok,3,85,1376
vco_current_max,0,15,7,0.4,0.3999843,-1.289197e-11,4344598.0,5897.145071981865,5,5978166848.0,ok,3,85,1376
vco_current_max,0,15,7,0.45,0.4499785,-1.566262e-10,3501878.0,18521.380726068994,5,4818584128.0,ok,3,85,1376
vco_current_max,0,15,7,0.5,0.499975,-8.793914e-11,2259901.0,29813.29059329077,5,3109623776.0,ok,3,85,1376
vco_current_max,0,15,7,0.55,0.5499694,6.660714e-11,4510828.0,126885.83340940785,5,1317161776.0,ok,1,72,292
vco_current_max,0,15,7,0.6,0.5999653,-1.80794e-10,734.21586,102.96150593774355,5,nan,unstable,5,9,640
vco_current_max,0,15,7,0.65,0.649985,6.088299e-11,363.641975,409.0409308966963,4,nan,unstable,0,0,2
vco_current_max,0,15,7,0.7,0.6999725,2.35145e-10,nan,nan,0,nan,no_clock,5,9,640
vco_current_max,0,15,7,0.75,0.7499743,1.308422e-10,nan,nan,0,nan,no_clock,5,9,640
vco_current_max,0,15,8,0.0,-1.804248e-06,-1.325596e-09,9872976.0,21740.96203023224,5,6318704640.0,ok,5,9,640
vco_current_max,0,15,8,0.05,0.04999558,-5.700257e-10,9889990.0,3212.8336402621285,5,6329593600.0,ok,5,9,640
vco_current_max,0,15,8,0.1,0.09998607,-2.89549e-10,9869992.0,20156.535416583873,5,6316794880.0,ok,5,9,640
vco_current_max,0,15,8,0.15,0.1499872,-1.877899e-10,9866592.0,12141.99818810726,5,6314618880.0,ok,5,9,640
vco_current_max,0,15,8,0.2,0.1999837,-3.741372e-10,9840768.0,16585.839442126526,5,6298091520.0,ok,5,9,640
vco_current_max,0,15,8,0.25,0.2499772,-2.94001e-10,9782260.0,23208.326092159252,5,6260646400.0,ok,5,9,640
vco_current_max,0,15,8,0.3,0.2999619,-2.043257e-10,9690226.0,17899.661449312385,5,6201744640.0,ok,5,9,640
vco_current_max,0,15,8,0.35,0.3499998,-1.051109e-10,9547170.0,17442.319226524894,5,6110188800.0,ok,5,9,640
vco_current_max,0,15,8,0.4,0.3999847,-9.938694e-11,9212660.0,8827.771519471944,5,5896102400.0,ok,5,9,640
vco_current_max,0,15,8,0.45,0.4499779,1.263905e-10,8284568.0,21068.737978341276,5,5302123520.0,ok,5,9,640
vco_current_max,0,15,8,0.5,0.4999742,-3.451575e-11,6361942.0,30914.056996777374,5,4071642880.0,ok,5,9,640
vco_current_max,0,15,8,0.55,0.5499691,-7.076732e-11,3619131.6,41030.41021973824,5,2316244224.0,ok,5,9,640
vco_current_max,0,15,8,0.6,0.5999646,6.187745e-12,20937.494,6809.014484856087,5,nan,unstable,5,9,640
vco_current_max,0,15,8,0.65,0.6499856,4.307532e-11,134.49092000000002,71.8016559111766,5,nan,unstable,5,9,640
vco_current_max,0,15,8,0.7,0.6999728,5.961115e-11,nan,nan,0,nan,no_clock,5,9,640
vco_current_max,0,15,8,0.75,0.7499755,2.306929e-10,nan,nan,0,nan,no_clock,5,9,640
vco_current_max,0,15,9,0.0,-2.261761e-06,-1.371388e-09,8980246.0,19175.139634432915,5,5747357440.0,ok,5,9,640
vco_current_max,0,15,9,0.05,0.04999457,-8.931147e-10,8965540.0,6721.677617976036,5,5737945600.0,ok,5,9,640
vco_current_max,0,15,9,0.1,0.09998623,-2.96545e-10,8967622.0,21329.20814282612,5,5739278080.0,ok,5,9,640
vco_current_max,0,15,9,0.15,0.1499871,-4.021213e-10,8948526.0,17229.793382394346,5,5727056640.0,ok,5,9,640
vco_current_max,0,15,9,0.2,0.1999842,-1.858819e-10,8906530.0,16759.49581580544,5,5700179200.0,ok,5,9,640
vco_current_max,0,15,9,0.25,0.2499777,-7.013118e-11,8853456.0,24022.799170787737,5,5666211840.0,ok,5,9,640
vco_current_max,0,15,9,0.3,0.2999626,4.053147e-11,8760454.0,17311.134567092937,5,5606690560.0,ok,5,9,640
vco_current_max,0,15,9,0.35,0.3500003,2.908371e-11,8620354.0,4258.970532887026,5,5517026560.0,ok,5,9,640
vco_current_max,0,15,9,0.4,0.3999857,8.568693e-11,8296938.0,11640.005154638035,5,5310040320.0,ok,5,9,640
vco_current_max,0,15,9,0.45,0.4499788,1.763573e-11,7456732.0,44159.61922390183,5,4772308480.0,ok,5,9,640
vco_current_max,0,15,9,0.5,0.4999746,1.015867e-10,5574842.0,72675.92462432108,5,3567898880.0,ok,5,9,640
vco_current_max,0,15,9,0.55,0.5499698,3.03555e-11,3003729.4,34207.302784639425,5,1922386816.0,ok,5,9,640
vco_current_max,0,15,9,0.6,0.5999644,1.047667e-10,2893.7234,446.30080794549326,5,nan,unstable,5,9,640
vco_current_max,0,15,9,0.65,0.6499862,-6.532053e-12,55.843856,9.569137182582343,5,nan,unstable,5,9,640
vco_current_max,0,15,9,0.7,0.6999721,-2.2432e-11,nan,nan,0,nan,no_clock,5,9,640
vco_current_max,0,15,9,0.75,0.7499751,2.796644e-10,nan,nan,0,nan,no_clock,5,9,640
vco_current_max,0,15,10,0.0,-2.947985e-06,-1.320508e-09,7816962.0,12457.8778289081,5,5002855680.0,ok,5,9,640
vco_current_max,0,15,10,0.05,0.04999333,-8.543188e-10,7824428.0,25191.599194969738,5,5007633920.0,ok,5,9,640
vco_current_max,0,15,10,0.1,0.09998593,-5.789299e-10,7792818.0,31438.007570455226,5,4987403520.0,ok,5,9,640
vco_current_max,0,15,10,0.15,0.1499866,-3.785893e-10,7805488.0,5583.468456076384,5,4995512320.0,ok,5,9,640
vco_current_max,0,15,10,0.2,0.1999837,-2.068697e-10,7756964.0,9048.5816568123,5,4964456960.0,ok,5,9,640
vco_current_max,0,15,10,0.25,0.2499771,-1.337304e-10,7702568.0,13948.337535348075,5,4929643520.0,ok,5,9,640
vco_current_max,0,15,10,0.3,0.2999625,-8.157906e-11,7627346.0,24465.499790521346,5,4881501440.0,ok,5,9,640
vco_current_max,0,15,10,0.35,0.3499999,-8.2851e-11,7521282.0,12143.307621896103,5,4813620480.0,ok,5,9,640
vco_current_max,0,15,10,0.4,0.399986,-1.925179e-11,7228888.0,21216.942993749122,5,4626488320.0,ok,5,9,640
vco_current_max,0,15,10,0.45,0.4499778,-7.168044e-12,6508914.0,20602.703220694122,5,4165704960.0,ok,5,9,640
vco_current_max,0,15,10,0.5,0.499974,3.735159e-11,4954466.0,10279.70719427358,5,3170858240.0,ok,5,9,640
vco_current_max,0,15,10,0.55,0.5499693,6.597126e-11,2797790.6,34764.657984798294,5,1790585984.0,ok,5,9,640
vco_current_max,0,15,10,0.6,0.599964,4.689146e-11,1787.0140000000001,472.02883933876325,5,nan,unstable,5,9,640
vco_current_max,0,15,10,0.65,0.6499861,1.000383e-11,44.761724,4.743574751142853,5,nan,unstable,5,9,640
vco_current_max,0,15,10,0.7,0.6999738,1.467423e-10,nan,nan,0,nan,no_clock,5,9,640
vco_current_max,0,15,10,0.75,0.7499764,2.262412e-10,nan,nan,0,nan,no_clock,5,9,640
vco_current_max,0,15,11,0.0,-2.490473e-06,-1.447072e-09,6767428.0,4548.133683171593,5,4331153920.0,ok,5,9,640
vco_current_max,0,15,11,0.05,0.04999493,-1.083916e-09,6762216.0,12498.157064143497,5,4327818240.0,ok,5,9,640
vco_current_max,0,15,11,0.1,0.09998588,-8.002582e-10,6757844.0,5775.264496107516,5,4325020160.0,ok,5,9,640
vco_current_max,0,15,11,0.15,0.1499873,-3.620532e-10,6735118.0,17445.153195085448,5,4310475520.0,ok,5,9,640
vco_current_max,0,15,11,0.2,0.1999843,-3.283451e-10,6697372.0,21126.54065387895,5,4286318080.0,ok,5,9,640
vco_current_max,0,15,11,0.25,0.2499777,-1.636221e-10,6642972.0,8970.157189258169,5,4251502080.0,ok,5,9,640
vco_current_max,0,15,11,0.3,0.2999621,-2.132296e-10,6571228.0,12094.135769041126,5,4205585920.0,ok,5,9,640
vco_current_max,0,15,11,0.35,0.3500004,-1.289183e-11,6474554.0,5085.95910325673,5,4143714560.0,ok,5,9,640
vco_current_max,0,15,11,0.4,0.3999851,-9.938682e-11,6215070.0,13950.516119484611,5,3977644800.0,ok,5,9,640
vco_current_max,0,15,11,0.45,0.4499795,-8.439971e-12,5515708.0,18789.065170997732,5,3530053120.0,ok,5,9,640
vco_current_max,0,15,11,0.5,0.4999743,-9.075907e-12,4042230.0,38737.68578529182,5,2587027200.0,ok,5,9,640
vco_current_max,0,15,11,0.55,0.5499697,2.335968e-11,2093452.4,35140.283967264695,5,1339809536.0,ok,5,9,640
vco_current_max,0,15,11,0.6,0.5999641,-1.324585e-10,603.6653,81.39877357128914,5,nan,unstable,5,9,640
vco_current_max,0,15,11,0.65,0.6499861,6.978712e-11,nan,nan,0,nan,no_clock,5,9,640
vco_current_max,0,15,11,0.7,0.6999724,1.416542e-10,nan,nan,0,nan,no_clock,5,9,640
vco_current_max,0,15,11,0.75,0.7499748,2.192453e-10,nan,nan,0,nan,no_clock,5,9,640
vco_current_max,0,15,12,0.0,-3.176756e-06,-1.305244e-09,5584536.0,4764.187233936131,5,3574103040.0,ok,5,9,640
vco_current_max,0,15,12,0.05,0.04999457,-8.193385e-10,5590456.0,8774.977492848628,5,3577891840.0,ok,5,9,640
vco_current_max,0,15,12,0.1,0.09998601,-5.808378e-10,5588908.0,19675.80544729999,5,3576901120.0,ok,5,9,640
vco_current_max,0,15,12,0.15,0.1499878,-3.906733e-10,5564784.0,6075.6670415683575,5,3561461760.0,ok,5,9,640
vco_current_max,0,15,12,0.2,0.199984,-2.520252e-10,5544462.0,9984.308689138172,5,3548455680.0,ok,5,9,640
vco_current_max,0,15,12,0.25,0.2499773,-1.7189e-10,5499668.0,6864.01995917844,5,3519787520.0,ok,5,9,640
vco_current_max,0,15,12,0.3,0.2999634,-9.239097e-11,5447148.0,8988.983257298903,5,3486174720.0,ok,5,9,640
vco_current_max,0,15,12,0.35,0.3499998,-6.949517e-11,5390500.0,8268.192063565046,5,3449920000.0,ok,5,9,640
vco_current_max,0,15,12,0.4,0.3999853,-5.16874e-11,5259802.0,6849.57078947287,5,3366273280.0,ok,5,9,640
vco_current_max,0,15,12,0.45,0.4499776,-1.146508e-10,4934722.0,14637.700297519415,5,3158222080.0,ok,5,9,640
vco_current_max,0,15,12,0.5,0.4999737,-2.688377e-11,4102030.0,5222.0877051233065,5,2625299200.0,ok,5,9,640
vco_current_max,0,15,12,0.55,0.5499689,-5.232358e-11,2554658.6,32415.248476604338,5,1634981504.0,ok,5,9,640
vco_current_max,0,15,12,0.6,0.599964,6.915118e-11,1299.3822,217.4317151640947,5,nan,unstable,5,9,640
vco_current_max,0,15,12,0.65,0.6499855,5.388731e-11,28.222634,2.9185524996614327,5,nan,unstable,5,9,640
vco_current_max,0,15,12,0.7,0.6999732,8.12348e-11,nan,nan,0,nan,no_clock,5,9,640
vco_current_max,0,15,12,0.75,0.7499751,2.389609e-10,nan,nan,0,nan,no_clock,5,9,640
vco_current_max,0,15,13,0.0,-2.833593e-06,-1.481417e-09,4393132.0,1963.3950188385422,5,2811604480.0,ok,5,9,640
vco_current_max,0,15,13,0.05,0.04999412,-1.075647e-09,4385436.0,7948.061398856957,5,2806679040.0,ok,5,9,640
vco_current_max,0,15,13,0.1,0.09998578,-6.69242e-10,4384404.0,3309.4229104180686,5,2806018560.0,ok,5,9,640
vco_current_max,0,15,13,0.15,0.1499866,-5.859258e-10,4366190.0,6529.326152061942,5,2794361600.0,ok,5,9,640
vco_current_max,0,15,13,0.2,0.1999838,-2.475732e-10,4338846.0,4028.5208203508146,5,2776861440.0,ok,5,9,640
vco_current_max,0,15,13,0.25,0.2499773,-3.855853e-10,4297408.0,4397.399231363921,5,2750341120.0,ok,5,9,640
vco_current_max,0,15,13,0.3,0.299962,-1.78886e-10,4262234.0,9569.492149534373,5,2727829760.0,ok,5,9,640
vco_current_max,0,15,13,0.35,0.3499995,-2.688377e-11,4210016.0,3675.5788659747186,5,2694410240.0,ok,5,9,640
vco_current_max,0,15,13,0.4,0.3999853,-1.661661e-10,4101936.0,3707.725718010975,5,2625239040.0,ok,5,9,640
vco_current_max,0,15,13,0.45,0.449979,1.034948e-10,3832866.0,8004.834789050927,5,2453034240.0,ok,5,9,640
vco_current_max,0,15,13,0.5,0.4999742,6.215531e-11,3133298.2,8202.597893350618,5,2005310848.0,ok,5,9,640
vco_current_max,0,15,13,0.55,0.5499696,-7.013121e-11,3651781.6,2336591.0148703386,5,nan,unstable,0,115,232
vco_current_max,0,15,13,0.6,0.5999634,-6.885928e-11,401.47672,27.324638245766398,5,nan,unverified,5,9,640
vco_current_max,0,15,13,0.65,0.6499861,9.777076e-11,nan,nan,0,nan,no_clock,5,9,640
vco_current_max,0,15,13,0.7,0.6999739,4.498341e-11,nan,nan,0,nan,no_clock,5,9,640
vco_current_max,0,15,13,0.75,0.7499748,2.345091e-10,nan,nan,0,nan,no_clock,5,9,640
vco_current_max,0,15,14,0.0,-3.062421e-06,-1.412728e-09,2867290.0,4285.6677426044125,5,1835065600.0,ok,5,9,640
vco_current_max,0,15,14,0.05,0.04999444,-1.036215e-09,2862125.8,3483.4819792845205,5,1831760512.0,ok,5,9,640
vco_current_max,0,15,14,0.1,0.09998614,-5.922859e-10,2858042.0,5168.677732263833,5,1829146880.0,ok,5,9,640
vco_current_max,0,15,14,0.15,0.1499879,-4.345574e-10,2847237.0,3529.091951196511,5,1822231680.0,ok,5,9,640
vco_current_max,0,15,14,0.2,0.1999847,-2.170455e-10,2823912.0,3126.4302327095033,5,1807303680.0,ok,5,9,640
vco_current_max,0,15,14,0.25,0.2499789,-1.381824e-10,2810263.6,2460.4302062850716,5,1798568704.0,ok,5,9,640
vco_current_max,0,15,14,0.3,0.2999632,-1.432703e-10,2787730.8,3624.0685975847646,5,1784147712.0,ok,5,9,640
vco_current_max,0,15,14,0.35,0.3499999,-1.979658e-10,2758631.0,1586.391817931497,5,1765523840.0,ok,5,9,640
vco_current_max,0,15,14,0.4,0.3999861,3.989556e-11,2717856.4,1010.7330508101534,5,1739428096.0,ok,5,9,640
vco_current_max,0,15,14,0.45,0.4499787,1.143068e-10,2615990.2,2796.8019593814647,5,1674233728.0,ok,5,9,640
vco_current_max,0,15,14,0.5,0.4999751,-8.348701e-11,2324888.4,7896.260273065978,5,1487928576.0,ok,5,9,640
vco_current_max,0,15,14,0.55,0.5499698,4.498346e-11,277494.45999999996,36501.15649589749,5,nan,unstable,5,9,640
vco_current_max,0,15,14,0.6,0.5999647,1.063974e-11,181.70108,58.50578448099811,5,nan,unstable,5,9,640
vco_current_max,0,15,14,0.65,0.649986,1.063985e-11,nan,nan,0,nan,no_clock,5,9,640
vco_current_max,0,15,14,0.7,0.6999727,2.071616e-10,nan,nan,0,nan,no_clock,5,9,640
vco_current_max,0,15,14,0.75,0.7499768,3.648876e-10,nan,nan,0,nan,no_clock,5,9,640
vco_current_max,0,15,15,0.0,-1.2323e-06,-1.87383e-09,nan,nan,0,nan,no_clock,5,9,640
vco_current_max,0,15,15,0.05,0.04999569,-1.303972e-09,nan,nan,0,nan,no_clock,5,9,640
vco_current_max,0,15,15,0.1,0.09998643,-7.652781e-10,nan,nan,0,nan,no_clock,5,9,640
vco_current_max,0,15,15,0.15,0.1499878,-3.824053e-10,nan,nan,0,nan,no_clock,5,9,640
vco_current_max,0,15,15,0.2,0.1999848,-2.67289e-10,nan,nan,0,nan,no_clock,5,9,640
vco_current_max,0,15,15,0.25,0.2499772,-3.321611e-10,nan,nan,0,nan,no_clock,5,9,640
vco_current_max,0,15,15,0.3,0.2999632,-9.938679e-11,nan,nan,0,nan,no_clock,5,9,640
vco_current_max,0,15,15,0.35,0.3499998,-7.967108e-11,nan,nan,0,nan,no_clock,5,9,640
vco_current_max,0,15,15,0.4,0.399985,-2.079947e-12,nan,nan,0,nan,no_clock,5,9,640
vco_current_max,0,15,15,0.45,0.4499773,-5.995533e-11,nan,nan,0,nan,no_clock,5,9,640
vco_current_max,0,15,15,0.5,0.4999758,-1.75706e-10,nan,nan,0,nan,no_clock,5,9,640
vco_current_max,0,15,15,0.55,0.5499701,1.003149e-10,nan,nan,0,nan,no_clock,5,9,640
vco_current_max,0,15,15,0.6,0.5999653,1.827183e-11,nan,nan,0,nan,no_clock,5,9,640
vco_current_max,0,15,15,0.65,0.6499867,-2.306771e-11,nan,nan,0,nan,no_clock,5,9,640
vco_current_max,0,15,15,0.7,0.6999734,1.829938e-10,nan,nan,0,nan,no_clock,5,9,640
vco_current_max,0,15,15,0.75,0.7499754,3.267282e-10,nan,nan,0,nan,no_clock,5,9,640
vco_current_min,0,0,0,0.0,-2.261761e-06,-1.286164e-09,5001600.0,2607.6809620810595,5,12483993600.0,ok,4,77,2496
vco_current_min,0,0,0,0.05,0.04999433,-8.587706e-10,5002000.0,2449.489742783178,5,12484992000.0,ok,4,77,2496
vco_current_min,0,0,0,0.1,0.09998586,-5.782937e-10,5004326.0,2786.679027085825,5,12490797696.0,ok,4,77,2496
vco_current_min,0,0,0,0.15,0.1499877,-4.574535e-10,4996730.0,2883.4874717952216,5,12471838080.0,ok,4,77,2496
vco_current_min,0,0,0,0.2,0.1999839,-1.871538e-10,4993166.0,1341.335155731035,5,12462942336.0,ok,4,77,2496
vco_current_min,0,0,0,0.25,0.2499776,-1.827019e-10,4988930.0,2814.284989122459,5,12452369280.0,ok,4,77,2496
vco_current_min,0,0,0,0.3,0.299963,-2.62837e-10,4970592.0,1770.9658381798333,5,12406597632.0,ok,4,77,2496
vco_current_min,0,0,0,0.35,0.3499999,-1.578982e-10,4927212.0,1623.1204514761066,5,12298321152.0,ok,4,77,2496
vco_current_min,0,0,0,0.4,0.3999858,-3.89675e-11,4763538.0,4890.042944596704,5,11889790848.0,ok,4,77,2496
vco_current_min,0,0,0,0.45,0.4499786,3.671569e-11,4349766.0,11737.96745608029,5,10857015936.0,ok,4,77,2496
vco_current_min,0,0,0,0.5,0.4999749,1.191189e-11,3635847.6,14102.865269157186,5,9075075609.6,ok,4,77,2496
vco_current_min,0,0,0,0.55,0.5499704,-1.222826e-10,2923245.2,6071.991205527228,5,7296420019.200001,ok,4,77,2496
vco_current_min,0,0,0,0.6,0.5999652,4.816345e-11,2497030.4,4000.601554766483,5,6232587878.4,ok,4,77,2496
vco_current_min,0,0,0,0.65,0.6499873,5.452347e-11,2377165.0,2750.605115242826,5,5933403840.0,ok,4,77,2496
vco_current_min,0,0,0,0.7,0.6999739,7.169509e-11,2354971.6,3300.0167120788947,5,5878009113.6,ok,4,77,2496
vco_current_min,0,0,0,0.75,0.7499755,2.097053e-10,2351880.8,2715.2675190485375,5,5870294476.799999,ok,4,77,2496
vco_current_min,0,1,0,0.0,-1.4611e-06,-1.149423e-09,4991142.0,4404.562407322662,5,12457890432.0,ok,4,77,2496
vco_current_min,0,1,0,0.05,0.04999413,-9.102871e-10,4989074.0,5310.600719316036,5,12452728704.0,ok,4,77,2496
vco_current_min,0,1,0,0.1,0.09998605,-5.757499e-10,4989948.0,5021.052678472912,5,12454910208.0,ok,4,77,2496
vco_current_min,0,1,0,0.15,0.1499878,-4.879817e-10,4987894.0,4780.677776215419,5,12449783424.0,ok,4,77,2496
vco_current_min,0,1,0,0.2,0.1999839,-2.405773e-10,4983756.0,1089.9678894352805,5,12439454976.0,ok,4,77,2496
vco_current_min,0,1,0,0.25,0.2499774,-1.210106e-10,4978512.0,2656.4487572697503,5,12426365952.0,ok,4,77,2496
vco_current_min,0,1,0,0.3,0.2999629,1.636391e-11,4963902.0,3368.4002137513294,5,12389899392.0,ok,4,77,2496
vco_current_min,0,1,0,0.35,0.3499997,-1.254625e-10,4915484.0,5492.716085872271,5,12269048064.0,ok,4,77,2496
vco_current_min,0,1,0,0.4,0.3999851,-9.429897e-11,4760278.0,7073.9430305876795,5,11881653888.0,ok,4,77,2496
vco_current_min,0,1,0,0.45,0.4499787,2.281494e-10,4339194.0,11814.164380099,5,10830628224.0,ok,4,77,2496
vco_current_min,0,1,0,0.5,0.4999751,8.096052e-12,3641259.2,14011.295825154788,5,9088582963.2,ok,4,77,2496
vco_current_min,0,1,0,0.55,0.5499697,-7.267517e-11,2897260.8,15984.947973015114,5,7231562956.799999,ok,4,77,2496
vco_current_min,0,1,0,0.6,0.5999632,8.632295e-11,2477539.4,3549.8417992919067,5,6183938342.4,ok,4,77,2496
vco_current_min,0,1,0,0.65,0.6499854,4.879927e-11,2349403.8,4792.147764833635,5,5864111884.799999,ok,4,77,2496
vco_current_min,0,1,0,0.7,0.6999731,7.932704e-11,2327025.8,6138.957012392252,5,5808256396.799999,ok,4,77,2496
vco_current_min,0,1,0,0.75,0.7499753,3.082844e-10,2321872.6,4943.10532964856,5,5795394009.6,ok,4,77,2496
vco_current_min,0,2,0,0.0,-1.460998e-06,-1.243552e-09,5008518.0,1681.686653333492,5,12340988352.0,ok,4,76,2464
vco_current_min,0,2,0,0.05,0.04999455,-8.702185e-10,5007134.0,2999.063187063587,5,12337578176.0,ok,4,76,2464
vco_current_min,0,2,0,0.1,0.09998593,-6.488902e-10,5009322.0,2201.8446811707677,5,12342969408.0,ok,4,76,2464
vco_current_min,0,2,0,0.15,0.1499872,-3.824053e-10,5005166.0,2732.9800584709724,5,12332729024.0,ok,4,76,2464
vco_current_min,0,2,0,0.2,0.1999849,-2.335813e-10,5002000.0,1414.213562373095,5,12324928000.0,ok,4,76,2464
vco_current_min,0,2,0,0.25,0.2499769,-9.429885e-11,4998182.0,4629.861768994837,5,12315520448.0,ok,4,76,2464
vco_current_min,0,2,0,0.3,0.299964,-1.935138e-10,4979560.0,2559.8437452313374,5,12269635840.0,ok,4,76,2464
vco_current_min,0,2,0,0.35,0.3500006,-1.006588e-10,4932696.0,4066.8206255009577,5,12154162944.0,ok,4,76,2464
vco_current_min,0,2,0,0.4,0.3999859,5.961145e-11,4764964.0,4870.572861584148,5,11740871296.0,ok,4,76,2464
vco_current_min,0,2,0,0.45,0.4499789,4.689155e-11,4327214.0,10730.376507839788,5,10662255296.0,ok,4,76,2464
vco_current_min,0,2,0,0.5,0.4999745,3.035575e-11,3609668.0,8271.875240838683,5,8894221952.0,ok,4,76,2464
vco_current_min,0,2,0,0.55,0.5499698,7.614726e-11,2845025.8,11256.310194730777,5,7010143571.2,ok,4,76,2464
vco_current_min,0,2,0,0.6,0.5999647,-1.680741e-10,2397522.4,4711.559009499934,5,5907495193.599999,ok,4,76,2464
vco_current_min,0,2,0,0.65,0.649986,1.162147e-10,2267953.2,2355.3613735475924,5,5588236684.8,ok,4,76,2464
vco_current_min,0,2,0,0.7,0.6999734,1.651862e-10,2246920.6,1718.2077290013567,5,5536412358.400001,ok,4,76,2464
vco_current_min,0,2,0,0.75,0.7499758,2.103417e-10,2242076.4,4055.5932734927947,5,5524476249.599999,ok,4,76,2464
vco_current_min,0,3,0,0.0,-2.376037e-06,-1.267084e-09,4998042.0,3940.878074744257,5,12315175488.0,ok,4,76,2464
vco_current_min,0,3,0,0.05,0.04999402,-8.93115e-10,4997196.0,2274.220745662127,5,12313090944.0,ok,4,76,2464
vco_current_min,0,3,0,0.1,0.09998604,-3.855853e-10,4993748.0,2624.170345080517,5,12304595072.0,ok,4,76,2464
vco_current_min,0,3,0,0.15,0.149988,-3.715933e-10,4995200.0,1095.4451150103323,5,12308172800.0,ok,4,76,2464
vco_current_min,0,3,0,0.2,0.1999844,-2.571131e-10,4991538.0,3305.195909473446,5,12299149632.0,ok,4,76,2464
vco_current_min,0,3,0,0.25,0.2499782,-1.572622e-10,4987482.0,4434.790863163674,5,12289155648.0,ok,4,76,2464
vco_current_min,0,3,0,0.3,0.299963,-9.175488e-11,4969114.0,2076.8196840361466,5,12243896896.0,ok,4,76,2464
vco_current_min,0,3,0,0.35,0.3500007,-2.243164e-11,4917752.0,4002.907693165057,5,12117340928.0,ok,4,76,2464
vco_current_min,0,3,0,0.4,0.3999852,-4.087543e-11,4748766.0,10068.6136086355,5,11700959424.0,ok,4,76,2464
vco_current_min,0,3,0,0.45,0.4499786,7.460005e-12,4318392.0,12782.060475525845,5,10640517888.0,ok,4,76,2464
vco_current_min,0,3,0,0.5,0.4999748,-5.260042e-12,3585020.0,15669.21087674807,5,8833489280.0,ok,4,76,2464
vco_current_min,0,3,0,0.55,0.5499701,2.399592e-11,2827198.8,9968.038558312262,5,6966217843.2,ok,4,76,2464
vco_current_min,0,3,0,0.6,0.5999654,2.908374e-11,2377965.2,630.841660006693,5,5859306252.8,ok,4,76,2464
vco_current_min,0,3,0,0.65,0.6499866,8.950288e-11,2245645.0,3272.3519065039445,5,5533269280.0,ok,4,76,2464
vco_current_min,0,3,0,0.7,0.6999731,5.55192e-12,2219317.4,2942.950186462557,5,5468398073.599999,ok,4,76,2464
vco_current_min,0,3,0,0.75,0.7499764,3.031966e-10,2213162.2,3594.393718000297,5,5453231660.8,ok,4,76,2464
vco_current_min,0,4,0,0.0,-1.91851e-06,-1.28362e-09,5016590.0,2648.603405570566,5,12200346880.0,ok,4,75,2432
vco_current_min,0,4,0,0.05,0.04999528,-7.487426e-10,5018608.0,3986.3667668693006,5,12205254656.0,ok,4,75,2432
vco_current_min,0,4,0,0.1,0.09998719,-6.329901e-10,5012502.0,5134.980038909596,5,12190404864.0,ok,4,75,2432
vco_current_min,0,4,0,0.15,0.1499876,-3.315251e-10,5014950.0,2010.0,5,12196358400.0,ok,4,75,2432
vco_current_min,0,4,0,0.2,0.1999846,-3.989414e-10,5011734.0,1100.9223405853838,5,12188537088.0,ok,4,75,2432
vco_current_min,0,4,0,0.25,0.2499774,-2.424853e-10,5001382.0,3943.300647934418,5,12163361024.0,ok,4,75,2432
vco_current_min,0,4,0,0.3,0.2999629,-5.677532e-11,4991538.0,3305.195909473446,5,12139420416.0,ok,4,75,2432
vco_current_min,0,4,0,0.35,0.3500001,-2.7158e-12,4934270.0,4713.889052576439,5,12000144640.0,ok,4,75,2432
vco_current_min,0,4,0,0.4,0.3999861,-3.70594e-11,4759464.0,7906.281047369869,5,11575016448.0,ok,4,75,2432
vco_current_min,0,4,0,0.45,0.4499795,-4.405544e-11,4305914.0,12114.40795086578,5,10471982848.0,ok,4,75,2432
vco_current_min,0,4,0,0.5,0.4999742,5.261544e-11,3558276.0,14625.213844590444,5,8653727232.0,ok,4,75,2432
vco_current_min,0,4,0,0.55,0.5499697,5.552031e-12,2760631.8,7706.97876602758,5,6713856537.599999,ok,4,75,2432
vco_current_min,0,4,0,0.6,0.599964,5.579545e-11,2311172.6,3020.7761916434656,5,5620771763.2,ok,4,75,2432
vco_current_min,0,4,0,0.65,0.6499867,4.943554e-11,2168717.0,1937.0433655445095,5,5274319744.0,ok,4,75,2432
vco_current_min,0,4,0,0.7,0.6999729,1.130347e-10,2144399.8,3498.485558066519,5,5215180313.599999,ok,4,75,2432
vco_current_min,0,4,0,0.75,0.7499757,4.125872e-10,2138607.6,2052.227156042917,5,5201093683.2,ok,4,75,2432
vco_current_min,0,5,0,0.0,-2.261644e-06,-1.335137e-09,5002800.0,1788.8543819998317,5,12166809600.0,ok,4,75,2432
vco_current_min,0,5,0,0.05,0.04999517,-7.309345e-10,5006154.0,5225.876003121391,5,12174966528.0,ok,4,75,2432
vco_current_min,0,5,0,0.1,0.09998668,-5.38862e-10,5004946.0,2689.317757350366,5,12172028672.0,ok,4,75,2432
vco_current_min,0,5,0,0.15,0.1499876,-4.084814e-10,5002584.0,4188.708631547437,5,12166284288.0,ok,4,75,2432
vco_current_min,0,5,0,0.2,0.1999842,-3.162611e-10,4999926.0,2909.08576704091,5,12159820032.0,ok,4,75,2432
vco_current_min,0,5,0,0.25,0.2499773,-1.534462e-10,4993568.0,3238.82231683061,5,12144357376.0,ok,4,75,2432
vco_current_min,0,5,0,0.3,0.2999623,-1.254625e-10,4979828.0,3836.113919059235,5,12110941696.0,ok,4,75,2432
vco_current_min,0,5,0,0.35,0.35,-6.059128e-11,4926824.0,1062.5817615600222,5,11982035968.0,ok,4,75,2432
vco_current_min,0,5,0,0.4,0.3999859,-8.73029e-11,4744714.0,17988.327604310525,5,11539144448.0,ok,4,75,2432
vco_current_min,0,5,0,0.45,0.449979,-8.60309e-11,4288216.0,8069.388452664799,5,10428941312.0,ok,4,75,2432
vco_current_min,0,5,0,0.5,0.4999742,-1.019308e-10,3529237.2,20406.406425434147,5,8583104870.400001,ok,4,75,2432
vco_current_min,0,5,0,0.55,0.5499689,-7.076731e-11,2750075.2,13224.960158730159,5,6688182886.400001,ok,4,75,2432
vco_current_min,0,5,0,0.6,0.5999659,-6.949513e-11,2277952.2,4771.991429162462,5,5539979750.400001,ok,4,75,2432
vco_current_min,0,5,0,0.65,0.6499867,-2.433964e-11,2140466.4,2004.1464018379497,5,5205614284.8,ok,4,75,2432
vco_current_min,0,5,0,0.7,0.6999729,1.518302e-10,2115183.6,1752.9866799265762,5,5144126515.2,ok,4,75,2432
vco_current_min,0,5,0,0.75,0.7499757,2.249696e-10,2108927.8,5634.927612667265,5,5128912409.599999,ok,4,75,2432
vco_current_min,0,6,0,0.0,-2.147266e-06,-1.323689e-09,5020736.0,3389.2595061458483,5,12049766400.0,ok,4,74,2400
vco_current_min,0,6,0,0.05,0.04999597,-7.735468e-10,5022926.0,3051.619242303994,5,12055022400.0,ok,4,74,2400
vco_current_min,0,6,0,0.1,0.09998614,-5.922859e-10,5020104.0,4379.255644513118,5,12048249600.0,ok,4,74,2400
vco_current_min,0,6,0,0.15,0.1499867,-2.94001e-10,5016856.0,6588.143137485706,5,12040454400.0,ok,4,74,2400
vco_current_min,0,6,0,0.2,0.199984,-2.513892e-10,5012828.0,5398.696138883906,5,12030787200.0,ok,4,74,2400
vco_current_min,0,6,0,0.25,0.2499777,-2.751954e-11,5005968.0,3046.6325672781745,5,12014323200.0,ok,4,74,2400
vco_current_min,0,6,0,0.3,0.2999633,-6.313507e-11,4990740.0,2875.9780944923764,5,11977776000.0,ok,4,74,2400
vco_current_min,0,6,0,0.35,0.35,2.145201e-11,4932136.0,3898.990895090677,5,11837126400.0,ok,4,74,2400
vco_current_min,0,6,0,0.4,0.3999855,-7.458306e-11,4749114.0,2646.503353483611,5,11397873600.0,ok,4,74,2400
vco_current_min,0,6,0,0.45,0.4499784,-8.348698e-11,4264894.0,9102.097560452756,5,10235745600.0,ok,4,74,2400
vco_current_min,0,6,0,0.5,0.4999753,-3.197151e-11,3489767.2,12885.156312594736,5,8375441280.0,ok,4,74,2400
vco_current_min,0,6,0,0.55,0.5499703,-8.439888e-12,2675243.4,9042.65435588467,5,6420584160.0,ok,4,74,2400
vco_current_min,0,6,0,0.6,0.5999644,1.04767e-10,2189288.4,7337.140641966733,5,5254292160.0,ok,4,74,2400
vco_current_min,0,6,0,0.65,0.649986,1.7727e-10,2045901.4,3947.6642207766354,5,4910163360.0,ok,4,74,2400
vco_current_min,0,6,0,0.7,0.6999729,1.543745e-10,2015652.6,2526.746188282472,5,4837566240.0,ok,4,74,2400
vco_current_min,0,6,0,0.75,0.7499762,2.764851e-10,2015188.0,2568.490218007458,5,4836451200.0,ok,4,74,2400
vco_current_min,0,7,0,0.0,-1.11782e-06,-1.190128e-09,5011998.0,5274.354936861948,5,12028795200.0,ok,4,74,2400
vco_current_min,0,7,0,0.05,0.04999587,-7.792709e-10,5009322.0,2620.7193668914647,5,12022372800.0,ok,4,74,2400
vco_current_min,0,7,0,0.1,0.09998678,-5.325019e-10,5010930.0,3481.4221232134432,5,12026232000.0,ok,4,74,2400
vco_current_min,0,7,0,0.15,0.1499884,-5.013376e-10,5006150.0,3072.8000260348867,5,12014760000.0,ok,4,74,2400
vco_current_min,0,7,0,0.2,0.1999841,-1.979657e-10,5000058.0,4356.204770209959,5,12000139200.0,ok,4,74,2400
vco_current_min,0,7,0,0.25,0.2499772,-7.140293e-11,4998528.0,4450.024719032468,5,11996467200.0,ok,4,74,2400
vco_current_min,0,7,0,0.3,0.2999634,-3.833142e-11,4978632.0,5823.887876667956,5,11948716800.0,ok,4,74,2400
vco_current_min,0,7,0,0.35,0.3500006,-1.324584e-10,4919790.0,2832.7901440099654,5,11807496000.0,ok,4,74,2400
vco_current_min,0,7,0,0.4,0.3999855,-4.532734e-11,4728784.0,6816.911324052851,5,11349081600.0,ok,4,74,2400
vco_current_min,0,7,0,0.45,0.4499786,-2.079836e-12,4263822.0,11242.02028107048,5,10233172800.0,ok,4,74,2400
vco_current_min,0,7,0,0.5,0.4999743,-3.705941e-11,3469621.6,6181.856298879811,5,8327091840.0,ok,4,74,2400
vco_current_min,0,7,0,0.55,0.5499698,1.000389e-11,2644513.2,8242.381251798535,5,6346831680.0,ok,4,74,2400
vco_current_min,0,7,0,0.6,0.5999647,1.445591e-11,2167848.0,2477.2722902418295,5,5202835200.0,ok,4,74,2400
vco_current_min,0,7,0,0.65,0.6499856,2.145173e-11,2022094.6,2960.3082271952694,5,4853027040.0,ok,4,74,2400
vco_current_min,0,7,0,0.7,0.699974,4.943551e-11,5020994.0,9547.62693029006,5,4779986288.0,ok,2,118,952
vco_current_min,0,7,0,0.75,0.7499748,4.380272e-10,5003724.0,10889.393004203677,5,4763545248.0,ok,2,118,952
vco_current_min,0,8,0,0.0,-1.918539e-06,-1.12144e-09,5005794.0,2389.9853556036696,5,10892607744.0,ok,4,67,2176
vco_current_min,0,8,0,0.05,0.04999438,-6.806904e-10,5003570.0,6845.933099293332,5,10887768320.0,ok,4,67,2176
vco_current_min,0,8,0,0.1,0.09998503,-5.636659e-10,5000584.0,6516.538958680444,5,10881270784.0,ok,4,67,2176
vco_current_min,0,8,0,0.15,0.1499872,-3.601453e-10,5000874.0,8270.41595084552,5,10881901824.0,ok,4,67,2176
vco_current_min,0,8,0,0.2,0.1999844,-3.162611e-10,4992552.0,2733.856250793008,5,10863793152.0,ok,4,67,2176
vco_current_min,0,8,0,0.25,0.2499779,-8.412286e-11,4988886.0,4753.3546049079905,5,10855815936.0,ok,4,67,2176
vco_current_min,0,8,0,0.3,0.2999628,1.445605e-11,4958234.0,6266.919498445787,5,10789117184.0,ok,4,67,2176
vco_current_min,0,8,0,0.35,0.3499995,1.63638e-11,4880032.0,6180.847029331821,5,10618949632.0,ok,4,67,2176
vco_current_min,0,8,0,0.4,0.3999853,-1.034781e-11,4617664.0,13178.948364721671,5,10048036864.0,ok,4,67,2176
vco_current_min,0,8,0,0.45,0.4499794,-1.289172e-11,4017876.0,12208.301683690488,5,8742898176.0,ok,4,67,2176
vco_current_min,0,8,0,0.5,0.4999754,9.013915e-11,3030949.6,23453.12424390405,5,6595346329.6,ok,4,67,2176
vco_current_min,0,8,0,0.55,0.5499698,3.162781e-11,4952068.0,56534.243781976955,5,4120120576.0,ok,2,103,832
vco_current_min,0,8,0,0.6,0.5999644,4.879952e-11,3151943.0,21335.848928505282,5,2622416576.0,ok,2,103,832
vco_current_min,0,8,0,0.65,0.6499856,5.897544e-11,2547340.8,5637.0814434421645,5,2119387545.6,ok,2,103,832
vco_current_min,0,8,0,0.7,0.6999735,1.054029e-10,2433474.8,3539.1382001837683,5,2024651033.6,ok,2,103,832
vco_current_min,0,8,0,0.75,0.749975,2.84753e-10,2414159.4,3529.0288749172905,5,2008580620.8,ok,2,103,832
vco_current_min,0,9,0,0.0,-1.918539e-06,-1.200304e-09,4989148.0,4271.664780855352,5,10856386048.0,ok,4,67,2176
vco_current_min,0,9,0,0.05,0.04999496,-7.099467e-10,4988134.0,3615.014522792405,5,10854179584.0,ok,4,67,2176
vco_current_min,0,9,0,0.1,0.09998711,-5.452219e-10,4985492.0,4052.6127374818334,5,10848430592.0,ok,4,67,2176
vco_current_min,0,9,0,0.15,0.1499883,-3.111731e-10,4987648.0,6277.748003862532,5,10853122048.0,ok,4,67,2176
vco_current_min,0,9,0,0.2,0.199985,-2.170455e-10,4980080.0,8358.78280612674,5,10836654080.0,ok,4,67,2176
vco_current_min,0,9,0,0.25,0.2499775,-1.350024e-10,4972020.0,5062.8055463349565,5,10819115520.0,ok,4,67,2176
vco_current_min,0,9,0,0.3,0.2999632,-1.547182e-10,4947696.0,2013.9836146304667,5,10766186496.0,ok,4,67,2176
vco_current_min,0,9,0,0.35,0.3500015,-3.069944e-11,4864102.0,6061.486616334313,5,10584285952.0,ok,4,67,2176
vco_current_min,0,9,0,0.4,0.3999853,-3.642341e-11,4606614.0,5987.309913475333,5,10023992064.0,ok,4,67,2176
vco_current_min,0,9,0,0.45,0.4499788,-9.302685e-11,4007012.0,15233.153645913246,5,8719258112.0,ok,4,67,2176
vco_current_min,0,9,0,0.5,0.4999743,-1.443845e-12,2996998.8,23630.0007448159,5,6521469388.799999,ok,4,67,2176
vco_current_min,0,9,0,0.55,0.5499702,-4.214749e-11,4823552.0,42678.79883501877,5,4013195264.0,ok,2,103,832
vco_current_min,0,9,0,0.6,0.599965,3.925962e-11,3054365.2,28359.245109840285,5,2541231846.4,ok,2,103,832
vco_current_min,0,9,0,0.65,0.6499868,-1.101987e-10,2447202.4,3676.865689687346,5,2036072396.8,ok,2,103,832
vco_current_min,0,9,0,0.7,0.6999735,7.105935e-11,2322685.8,3705.457488624043,5,1932474585.6,ok,2,103,832
vco_current_min,0,9,0,0.75,0.7499757,1.448343e-10,2304794.2,667.082603580696,5,1917588774.4,ok,2,103,832
vco_current_min,0,10,0,0.0,-1.689754e-06,-1.206028e-09,4986108.0,6273.158693991409,5,10690215552.0,ok,4,66,2144
vco_current_min,0,10,0,0.05,0.04999516,-5.280498e-10,4981412.0,7591.710610922943,5,10680147328.0,ok,4,66,2144
vco_current_min,0,10,0,0.1,0.09998675,-4.784416e-10,4984918.0,6607.603196318617,5,10687664192.0,ok,4,66,2144
vco_current_min,0,10,0,0.15,0.1499876,-3.703213e-10,4983456.0,5042.2098329998125,5,10684529664.0,ok,4,66,2144
vco_current_min,0,10,0,0.2,0.1999846,-1.502661e-10,4980472.0,6494.283640248554,5,10678131968.0,ok,4,66,2144
vco_current_min,0,10,0,0.25,0.2499781,-8.475882e-11,4968830.0,7004.041690338515,5,10653171520.0,ok,4,66,2144
vco_current_min,0,10,0,0.3,0.2999633,-1.375463e-10,4943964.0,5584.481175543526,5,10599858816.0,ok,4,66,2144
vco_current_min,0,10,0,0.35,0.3500001,2.526795e-11,4851088.0,7218.830930282271,5,10400732672.0,ok,4,66,2144
vco_current_min,0,10,0,0.4,0.3999858,-1.161973e-11,4594690.0,10408.083397052504,5,9851015360.0,ok,4,66,2144
vco_current_min,0,10,0,0.45,0.4499784,-8.439721e-12,3976170.0,14863.717569975555,5,8524908480.0,ok,4,66,2144
vco_current_min,0,10,0,0.5,0.4999742,2.844788e-11,2935714.0,16612.843841437865,5,6294170816.0,ok,4,66,2144
vco_current_min,0,10,0,0.55,0.5499701,-3.197145e-11,4960102.0,90671.59047904696,5,3769677520.0,ok,2,94,760
vco_current_min,0,10,0,0.6,0.5999645,1.318384e-11,2848155.4,49353.930256870124,5,2164598104.0,ok,2,94,760
vco_current_min,0,10,0,0.65,0.6499864,6.660733e-11,2128734.8,6771.198357750273,5,1617838447.9999998,ok,2,94,760
vco_current_min,0,10,0,0.7,0.6999731,6.533543e-11,5034444.0,12499.481189233416,5,1510333200.0,ok,1,74,300
vco_current_min,0,10,0,0.75,0.7499749,3.947796e-10,4977656.0,10438.710648351165,5,1493296800.0,ok,1,74,300
vco_current_min,0,11,0,0.0,-2.147295e-06,-1.250548e-09,4968034.0,2879.7534616699395,5,10651464896.0,ok,4,66,2144
vco_current_min,0,11,0,0.05,0.04999427,-7.964429e-10,4971008.0,7581.198454070438,5,10657841152.0,ok,4,66,2144
vco_current_min,0,11,0,0.1,0.09998595,-5.75114e-10,4971336.0,6488.692472293628,5,10658544384.0,ok,4,66,2144
vco_current_min,0,11,0,0.15,0.149987,-9.36628e-11,4970874.0,6293.514916165687,5,10657553856.0,ok,4,66,2144
vco_current_min,0,11,0,0.2,0.199984,-6.249905e-11,4964298.0,3191.8129644451287,5,10643454912.0,ok,4,66,2144
vco_current_min,0,11,0,0.25,0.2499775,-9.711787e-12,4953904.0,4141.651844373208,5,10621170176.0,ok,4,66,2144
vco_current_min,0,11,0,0.3,0.2999628,-1.890618e-10,4924108.0,2125.1635231200444,5,10557287552.0,ok,4,66,2144
vco_current_min,0,11,0,0.35,0.3499996,-6.69511e-11,4840132.0,4509.17619970655,5,10377243008.0,ok,4,66,2144
vco_current_min,0,11,0,0.4,0.3999847,4.498366e-11,4574004.0,2697.319039342584,5,9806664576.0,ok,4,66,2144
vco_current_min,0,11,0,0.45,0.4499786,1.677305e-10,3956298.0,15681.904221107843,5,8482302912.0,ok,4,66,2144
vco_current_min,0,11,0,0.5,0.4999745,5.452347e-11,2935589.8,20624.665893051457,5,6293904531.2,ok,4,66,2144
vco_current_min,0,11,0,0.55,0.5499692,-1.289166e-11,4962386.0,39512.57116412446,5,3731714272.0,ok,2,93,752
vco_current_min,0,11,0,0.6,0.5999649,1.823582e-10,2758873.0,19561.411464922465,5,2074672496.0,ok,2,93,752
vco_current_min,0,11,0,0.65,0.6499857,1.155789e-10,2017786.8,5895.915128290095,5,1517375673.6000001,ok,2,93,752
vco_current_min,0,11,0,0.7,0.6999735,3.417169e-11,5050606.0,9341.52985329491,5,1414169680.0,ok,1,69,280
vco_current_min,0,11,0,0.75,0.7499752,1.836301e-10,4977630.0,15921.644073398953,5,1393736400.0,ok,1,69,280
vco_current_min,0,12,0,0.0,-1.575288e-06,-1.206029e-09,4967752.0,7580.9280434522,5,10491892224.0,ok,4,65,2112
vco_current_min,0,12,0,0.05,0.04999427,-6.387144e-10,4978366.0,6317.466264254998,5,10514308992.0,ok,4,65,2112
vco_current_min,0,12,0,0.1,0.09998622,-4.828937e-10,4970572.0,5710.281954509777,5,10497848064.0,ok,4,65,2112
vco_current_min,0,12,0,0.15,0.1499864,-3.213491e-10,4971628.0,7348.776768959579,5,10500078336.0,ok,4,65,2112
vco_current_min,0,12,0,0.2,0.1999841,-1.922418e-10,4966168.0,4351.927159316892,5,10488546816.0,ok,4,65,2112
vco_current_min,0,12,0,0.25,0.2499769,-1.241904e-10,4953906.0,6163.714788988861,5,10462649472.0,ok,4,65,2112
vco_current_min,0,12,0,0.3,0.2999621,-1.006587e-10,4925272.0,3187.7452846800666,5,10402174464.0,ok,4,65,2112
vco_current_min,0,12,0,0.35,0.3499993,-1.292784e-10,4836330.0,3886.7724399558047,5,10214328960.0,ok,4,65,2112
vco_current_min,0,12,0,0.4,0.3999856,1.100203e-12,4560626.0,5706.433211735681,5,9632042112.0,ok,4,65,2112
vco_current_min,0,12,0,0.45,0.4499789,-1.534461e-10,3920502.0,2694.794982925417,5,8280100224.0,ok,4,65,2112
vco_current_min,0,12,0,0.5,0.4999736,-1.443984e-12,2850895.2,14300.389477213548,5,6021090662.400001,ok,4,65,2112
vco_current_min,0,12,0,0.55,0.5499701,-1.7189e-10,4849252.0,69527.2901097116,5,3375079392.0,ok,2,86,696
vco_current_min,0,12,0,0.6,0.599964,2.84478e-11,2443462.6,15048.863804287685,5,1700649969.6000001,ok,2,86,696
vco_current_min,0,12,0,0.65,0.6499864,1.954395e-11,840004.32,178497.7394302572,5,nan,unstable,5,9,640
vco_current_min,0,12,0,0.7,0.6999738,1.104909e-10,249.5709,44.19929695074346,5,nan,unstable,5,9,640
vco_current_min,0,12,0,0.75,0.7499757,1.683663e-10,nan,nan,0,nan,no_clock,5,9,640
vco_current_min,0,13,0,0.0,-1.918481e-06,-1.186312e-09,5032670.0,3798.229850864742,5,10467953600.0,ok,4,64,2080
vco_current_min,0,13,0,0.05,0.04999439,-7.105826e-10,5027154.0,6192.106265238025,5,10456480320.0,ok,4,64,2080
vco_current_min,0,13,0,0.1,0.09998635,-3.289812e-10,5031474.0,4528.612370252062,5,10465465920.0,ok,4,64,2080
vco_current_min,0,13,0,0.15,0.1499875,-3.099011e-10,5030536.0,3607.745833619658,5,10463514880.0,ok,4,64,2080
vco_current_min,0,13,0,0.2,0.1999838,-2.70469e-10,5026380.0,4380.479425816311,5,10454870400.0,ok,4,64,2080
vco_current_min,0,13,0,0.25,0.2499772,-1.6235e-10,5014840.0,4732.499339672431,5,10430867200.0,ok,4,64,2080
vco_current_min,0,13,0,0.3,0.2999636,-7.585492e-11,4985492.0,3530.378166712456,5,10369823360.0,ok,4,64,2080
vco_current_min,0,13,0,0.35,0.3499997,-5.895867e-12,4884982.0,7902.292072557177,5,10160762560.0,ok,4,64,2080
vco_current_min,0,13,0,0.4,0.3999856,-9.711565e-12,4607976.0,7114.062130737965,5,9584590080.0,ok,4,64,2080
vco_current_min,0,13,0,0.45,0.4499789,6.188133e-12,3944768.0,16747.857176367368,5,8205117440.0,ok,4,64,2080
vco_current_min,0,13,0,0.5,0.4999733,2.145198e-11,2866158.8,32310.710603451607,5,5961610304.0,ok,4,64,2080
vco_current_min,0,13,0,0.55,0.5499701,6.978756e-11,4941136.0,27293.93943717176,5,3320443392.0,ok,2,83,672
vco_current_min,0,13,0,0.6,0.5999647,1.127601e-11,2386553.0,19073.38074385346,5,1603763616.0,ok,2,83,672
vco_current_min,0,13,0,0.65,0.6499854,5.325151e-11,3871.1446,894.9714390978073,5,nan,unstable,5,9,640
vco_current_min,0,13,0,0.7,0.6999738,2.13522e-10,90.897796,12.48661732952844,5,nan,unstable,5,9,640
vco_current_min,0,13,0,0.75,0.749975,3.146443e-10,nan,nan,0,nan,no_clock,5,9,640
vco_current_min,0,14,0,0.0,-2.147179e-06,-1.123984e-09,5024254.0,4836.267155565333,5,10289672192.0,ok,4,63,2048
vco_current_min,0,14,0,0.05,0.04999379,-8.212467e-10,5024252.0,4556.678614956293,5,10289668096.0,ok,4,63,2048
vco_current_min,0,14,0,0.1,0.09998668,-3.938534e-10,5019152.0,1881.9458015575262,5,10279223296.0,ok,4,63,2048
vco_current_min,0,14,0,0.15,0.1499872,-5.553979e-10,5020912.0,2710.1143887297453,5,10282827776.0,ok,4,63,2048
vco_current_min,0,14,0,0.2,0.1999846,-1.928777e-10,5020218.0,5766.014221279722,5,10281406464.0,ok,4,63,2048
vco_current_min,0,14,0,0.25,0.2499772,-8.984685e-11,5005750.0,4051.1911828498046,5,10251776000.0,ok,4,63,2048
vco_current_min,0,14,0,0.3,0.2999621,-1.445423e-10,4971384.0,3541.9316763596667,5,10181394432.0,ok,4,63,2048
vco_current_min,0,14,0,0.35,0.3500008,-1.012947e-10,4875286.0,4573.552229941187,5,9984585728.0,ok,4,63,2048
vco_current_min,0,14,0,0.4,0.3999853,5.515974e-11,4586028.0,6016.537210056961,5,9392185344.0,ok,4,63,2048
vco_current_min,0,14,0,0.45,0.4499784,5.961148e-11,3907936.0,8318.682588006348,5,8003452928.0,ok,4,63,2048
vco_current_min,0,14,0,0.5,0.4999746,-3.833146e-11,2772147.0,15725.893233772129,5,5677357056.0,ok,4,63,2048
vco_current_min,0,14,0,0.55,0.5499695,-3.133552e-11,4832966.0,59027.26048191632,5,2977107056.0,ok,2,76,616
vco_current_min,0,14,0,0.6,0.5999637,-7.076706e-11,3681320.0,886946.3523798945,5,nan,unstable,0,97,196
vco_current_min,0,14,0,0.65,0.649986,1.699996e-11,4808.792333333333,701.8987777780591,3,nan,unstable,0,0,2
vco_current_min,0,14,0,0.7,0.6999733,7.551126e-11,nan,nan,0,nan,no_clock,5,9,640
vco_current_min,0,14,0,0.75,0.7499749,2.822092e-10,nan,nan,0,nan,no_clock,5,9,640
vco_current_min,0,15,0,0.0,-1.689681e-06,-1.116988e-09,5009402.0,6270.02551828938,5,10259255296.0,ok,4,63,2048
vco_current_min,0,15,0,0.05,0.04999404,-6.247223e-10,5005170.0,5038.531532103377,5,10250588160.0,ok,4,63,2048
vco_current_min,0,15,0,0.1,0.09998578,-3.512413e-10,5006552.0,3610.2589934795537,5,10253418496.0,ok,4,63,2048
vco_current_min,0,15,0,0.15,0.1499864,-3.353412e-10,5000400.0,2607.6809620810595,5,10240819200.0,ok,4,63,2048
vco_current_min,0,15,0,0.2,0.199984,-2.234054e-10,4995496.0,6109.012195109779,5,10230775808.0,ok,4,63,2048
vco_current_min,0,15,0,0.25,0.2499769,-2.106856e-10,4988968.0,4872.46549500353,5,10217406464.0,ok,4,63,2048
vco_current_min,0,15,0,0.3,0.2999622,-9.111878e-11,4954272.0,9810.327211668324,5,10146349056.0,ok,4,63,2048
vco_current_min,0,15,0,0.35,0.3499999,-7.140299e-11,4848520.0,3517.157943567505,5,9929768960.0,ok,4,63,2048
vco_current_min,0,15,0,0.4,0.3999847,3.862383e-11,4564760.0,5200.903767615779,5,9348628480.0,ok,4,63,2048
vco_current_min,0,15,0,0.45,0.4499769,-2.243156e-11,3893516.0,11197.764509043758,5,7973920768.0,ok,4,63,2048
vco_current_min,0,15,0,0.5,0.4999747,6.824152e-12,2765468.6,26683.484851120927,5,5663679692.8,ok,4,63,2048
vco_current_min,0,15,0,0.55,0.54997,1.785422e-10,4951606.0,68209.07402977993,5,2931350752.0,ok,2,73,592
vco_current_min,0,15,0,0.6,0.5999635,-4.341935e-11,596809.96,111360.44508490436,5,nan,unstable,5,9,640
vco_current_min,0,15,0,0.65,0.6499858,2.173378e-10,318.59884,72.56855464285478,5,nan,unstable,5,9,640
vco_current_min,0,15,0,0.7,0.6999739,1.00315e-10,nan,nan,0,nan,no_clock,5,9,640
vco_current_min,0,15,0,0.75,0.7499755,2.733052e-10,nan,nan,0,nan,no_clock,5,9,640
vco_current_max,1,15,0,0.0,-2.490284e-06,-1.553922e-09,9070584.0,4038.673049406203,5,5805173760.0,ok,5,9,640
vco_current_max,1,15,0,0.05,0.04999394,-9.885158e-10,9069152.0,3279.438976410447,5,5804257280.0,ok,5,9,640
vco_current_max,1,15,0,0.1,0.09998522,-6.539785e-10,9067480.0,328.63353450309967,5,5803187200.0,ok,5,9,640
vco_current_max,1,15,0,0.15,0.1499867,-4.650857e-10,9060026.0,5105.313898282847,5,5798416640.0,ok,5,9,640
vco_current_max,1,15,0,0.2,0.1999837,-2.84461e-10,9049900.0,3970.9885419124544,5,5791936000.0,ok,5,9,640
vco_current_max,1,15,0,0.25,0.249978,-2.087776e-10,9042634.0,8289.959589768818,5,5787285760.0,ok,5,9,640
vco_current_max,1,15,0,0.3,0.2999631,-8.984676e-11,9022214.0,3278.0756550146916,5,5774216960.0,ok,5,9,640
vco_current_max,1,15,0,0.35,0.3500003,-1.585341e-10,8976420.0,4080.5330534134873,5,5744908800.0,ok,5,9,640
vco_current_max,1,15,0,0.4,0.3999847,-1.057466e-10,8833728.0,7896.449835210758,5,5653585920.0,ok,5,9,640
vco_current_max,1,15,0,0.45,0.4499779,-1.718348e-13,8204302.0,25687.948925517583,5,5250753280.0,ok,5,9,640
vco_current_max,1,15,0,0.5,0.4999739,8.250733e-11,6330644.0,72229.58902001313,5,4051612160.0,ok,5,9,640
vco_current_max,1,15,0,0.55,0.5499684,-7.521903e-11,3572776.4,33530.21897930283,5,2286576896.0,ok,5,9,640
vco_current_max,1,15,0,0.6,0.5999645,1.289347e-10,5007316.0,84697.31595511158,5,861258352.0,ok,0,85,172
vco_current_max,1,15,0,0.65,0.6499868,4.75277e-11,1727.1792,233.10841712216228,5,nan,unstable,5,9,640
vco_current_max,1,15,0,0.7,0.6999733,8.314327e-11,2033.1363000000001,1157.4118512496752,5,nan,unstable,0,0,2
vco_current_max,1,15,0,0.75,0.7499757,1.912622e-10,nan,nan,0,nan,no_clock,5,9,640
vco_current_max,1,15,1,0.0,-1.803986e-06,-1.581271e-09,8940796.0,5352.801135854012,5,5722109440.0,ok,5,9,640
vco_current_max,1,15,1,0.05,0.04999416,-9.999637e-10,8940688.0,6696.33257835959,5,5722040320.0,ok,5,9,640
vco_current_max,1,15,1,0.1,0.0999854,-7.907187e-10,8930340.0,3109.276443161656,5,5715417600.0,ok,5,9,640
vco_current_max,1,15,1,0.15,0.1499879,-5.007018e-10,8928740.0,3716.1539257678764,5,5714393600.0,ok,5,9,640
vco_current_max,1,15,1,0.2,0.1999844,-2.90185e-10,8922894.0,4142.617530016499,5,5710652160.0,ok,5,9,640
vco_current_max,1,15,1,0.25,0.2499775,-2.590211e-10,8913648.0,6852.4316851757085,5,5704734720.0,ok,5,9,640
vco_current_max,1,15,1,0.3,0.2999638,-1.305503e-10,8890120.0,4509.434554353794,5,5689676800.0,ok,5,9,640
vco_current_max,1,15,1,0.35,0.3500014,-5.096059e-10,8835638.0,7340.04564018508,5,5654808320.0,ok,5,9,640
vco_current_max,1,15,1,0.4,0.3999845,1.381997e-11,8657976.0,7679.24996337533,5,5541104640.0,ok,5,9,640
vco_current_max,1,15,1,0.45,0.4499792,-1.988743e-11,7930964.0,16460.998754632114,5,5075816960.0,ok,5,9,640
vco_current_max,1,15,1,0.5,0.499974,-7.839902e-11,5908284.0,62138.60700080104,5,3781301760.0,ok,5,9,640
vco_current_max,1,15,1,0.55,0.5499697,2.208808e-11,3203071.2,14856.51832361809,5,2049965568.0,ok,5,9,640
vco_current_max,1,15,1,0.6,0.599964,3.008094e-12,5160376.0,186613.93283996778,5,763735648.0,ok,0,73,148
vco_current_max,1,15,1,0.65,0.649985,1.111269e-10,662.300925,68.6297053257735,4,nan,unstable,5,9,640
vco_current_max,1,15,1,0.7,0.6999742,-1.39174e-09,1645.4484400000001,1304.567908294301,5,nan,unstable,0,0,2
vco_current_max,1,15,1,0.75,0.7499747,2.07162e-10,nan,nan,0,nan,no_clock,5,9,640
vco_current_max,1,15,2,0.0,-2.490313e-06,-1.599078e-09,8760546.0,3953.6919455111824,5,5606749440.0,ok,5,9,640
vco_current_max,1,15,2,0.05,0.04999362,-9.5608e-10,8752414.0,2741.4193404147422,5,5601544960.0,ok,5,9,640
vco_current_max,1,15,2,0.1,0.09998523,-6.781466e-10,8752816.0,5874.064180786587,5,5601802240.0,ok,5,9,640
vco_current_max,1,15,2,0.15,0.149987,-4.987939e-10,8745072.0,7821.478121173772,5,5596846080.0,ok,5,9,640
vco_current_max,1,15,2,0.2,0.199984,-2.69833e-10,8737712.0,921.2600067299134,5,5592135680.0,ok,5,9,640
vco_current_max,1,15,2,0.25,0.2499761,-2.609291e-10,8729096.0,5805.349257366002,5,5586621440.0,ok,5,9,640
vco_current_max,1,15,2,0.3,0.2999626,-7.585491e-11,8701830.0,10260.614016714595,5,5569171200.0,ok,5,9,640
vco_current_max,1,15,2,0.35,0.3499993,-1.248264e-10,8637900.0,5936.779429960321,5,5528256000.0,ok,5,9,640
vco_current_max,1,15,2,0.4,0.3999846,4.64323e-13,8407254.0,3966.986261634895,5,5380642560.0,ok,5,9,640
vco_current_max,1,15,2,0.45,0.4499776,-4.914323e-11,7564272.0,17032.730843878206,5,4841134080.0,ok,5,9,640
vco_current_max,1,15,2,0.5,0.4999736,1.07311e-10,5607330.0,41634.66344285732,5,3588691200.0,ok,5,9,640
vco_current_max,1,15,2,0.55,0.5499698,-9.048283e-11,3070650.2,18824.254359734943,5,1965216128.0,ok,5,9,640
vco_current_max,1,15,2,0.6,0.5999619,7.741938e-11,5079314.0,102819.31715392784,5,741579844.0,ok,0,72,146
vco_current_max,1,15,2,0.65,0.6499863,4.434775e-11,615.55134,78.32824941614612,5,nan,unstable,5,9,640
vco_current_max,1,15,2,0.7,0.6999722,2.523176e-10,1333.6342,237.70655363535937,5,nan,unstable,0,0,2
vco_current_max,1,15,2,0.75,0.7499754,3.07013e-10,nan,nan,0,nan,no_clock,5,9,640
vco_current_max,1,15,3,0.0,-2.604764e-06,-1.59717e-09,8563328.0,4769.021912300257,5,5480529920.0,ok,5,9,640
vco_current_max,1,15,3,0.05,0.04999348,-1.059112e-09,8559092.0,4781.6179270201,5,5477818880.0,ok,5,9,640
vco_current_max,1,15,3,0.1,0.09998692,-6.756025e-10,8551516.0,7615.200588297067,5,5472970240.0,ok,5,9,640
vco_current_max,1,15,3,0.15,0.1499874,-4.568176e-10,8552294.0,8877.307024092384,5,5473468160.0,ok,5,9,640
vco_current_max,1,15,3,0.2,0.199984,-3.690493e-10,8545676.0,3926.535368489631,5,5469232640.0,ok,5,9,640
vco_current_max,1,15,3,0.25,0.2499765,-5.486708e-11,8535694.0,7644.251434901916,5,5462844160.0,ok,5,9,640
vco_current_max,1,15,3,0.3,0.2999624,-8.666678e-11,8497118.0,4950.193935594847,5,5438155520.0,ok,5,9,640
vco_current_max,1,15,3,0.35,0.3500002,-3.35168e-12,8427084.0,8531.068514553144,5,5393333760.0,ok,5,9,640
vco_current_max,1,15,3,0.4,0.399985,3.925979e-11,8153558.0,9213.100455329899,5,5218277120.0,ok,5,9,640
vco_current_max,1,15,3,0.45,0.4499777,-4.62369e-12,7190456.0,45480.17458189887,5,4601891840.0,ok,5,9,640
vco_current_max,1,15,3,0.5,0.4999726,1.231747e-09,5088982.0,31594.06304988328,5,3256948480.0,ok,5,9,640
vco_current_max,1,15,3,0.55,0.5499694,-2.179557e-11,2645560.0,20133.619483341787,5,1693158400.0,ok,5,9,640
vco_current_max,1,15,3,0.6,0.5999637,3.989564e-11,5091890.0,100255.35945773672,5,631394360.0,ok,0,61,124
vco_current_max,1,15,3,0.65,0.6499853,2.790292e-10,319.57188,33.68602599850567,5,nan,unstable,5,9,640
vco_current_max,1,15,3,0.7,0.6999732,-1.062291e-09,nan,nan,0,nan,no_clock,5,9,640
vco_current_max,1,15,3,0.75,0.7499754,1.98258e-10,nan,nan,0,nan,no_clock,5,9,640
vco_current_max,1,15,4,0.0,-2.147237e-06,-1.544382e-09,8358902.0,9296.962944962188,5,5349697280.0,ok,5,9,640
vco_current_max,1,15,4,0.05,0.04999438,-9.668916e-10,8352160.0,10422.070331752708,5,5345382400.0,ok,5,9,640
vco_current_max,1,15,4,0.1,0.09998673,-6.934108e-10,8355912.0,6993.316094672112,5,5347783680.0,ok,5,9,640
vco_current_max,1,15,4,0.15,0.149987,-4.288336e-10,8348790.0,4904.813961813435,5,5343225600.0,ok,5,9,640
vco_current_max,1,15,4,0.2,0.1999845,-1.846098e-10,8337858.0,5738.172182847078,5,5336229120.0,ok,5,9,640
vco_current_max,1,15,4,0.25,0.2499773,-1.827018e-10,8331328.0,1739.6608864948364,5,5332049920.0,ok,5,9,640
vco_current_max,1,15,4,0.3,0.2999625,1.191217e-11,8302382.0,6150.318690929764,5,5313524480.0,ok,5,9,640
vco_current_max,1,15,4,0.35,0.3499992,1.174872e-10,8219948.0,5493.365999093816,5,5260766720.0,ok,5,9,640
vco_current_max,1,15,4,0.4,0.3999853,5.261575e-11,7933948.0,9018.509854737644,5,5077726720.0,ok,5,9,640
vco_current_max,1,15,4,0.45,0.4499784,-5.677506e-11,6984096.0,33552.52121674316,5,4469821440.0,ok,5,9,640
vco_current_max,1,15,4,0.5,0.4999742,-6.822298e-11,5197662.0,29133.300877174905,5,3326503680.0,ok,5,9,640
vco_current_max,1,15,4,0.55,0.5499701,6.188217e-12,2917162.4,33840.686972932446,5,1866983936.0,ok,5,9,640
vco_current_max,1,15,4,0.6,0.5999646,1.098552e-10,4998414.0,109430.84565148895,5,719771616.0,ok,0,71,144
vco_current_max,1,15,4,0.65,0.649984,-1.032028e-10,627.6406,103.63849155945874,5,nan,unstable,5,9,640
vco_current_max,1,15,4,0.7,0.6999731,2.19246e-10,1953.1388,1738.1464867800125,5,nan,unstable,0,0,2
vco_current_max,1,15,4,0.75,0.7499749,2.663094e-10,nan,nan,0,nan,no_clock,5,9,640
vco_current_max,1,15,5,0.0,-2.147077e-06,-1.531663e-09,8080374.0,8729.546379967289,5,5171439360.0,ok,5,9,640
vco_current_max,1,15,5,0.05,0.04999429,-1.005052e-09,8070258.0,3627.722425985759,5,5164965120.0,ok,5,9,640
vco_current_max,1,15,5,0.1,0.09998637,-6.978627e-10,8072270.0,5793.27627513137,5,5166252800.0,ok,5,9,640
vco_current_max,1,15,5,0.15,0.1499879,-4.084816e-10,8071268.0,4282.717595172486,5,5165611520.0,ok,5,9,640
vco_current_max,1,15,5,0.2,0.1999836,-3.645974e-10,8055884.0,6717.8627553709375,5,5155765760.0,ok,5,9,640
vco_current_max,1,15,5,0.25,0.2499766,-1.451781e-10,8054250.0,4782.018402306708,5,5154720000.0,ok,5,9,640
vco_current_max,1,15,5,0.3,0.2999626,-1.267343e-10,8018508.0,7435.450221741788,5,5131845120.0,ok,5,9,640
vco_current_max,1,15,5,0.35,0.349999,-4.659928e-11,7918508.0,16181.945803888975,5,5067845120.0,ok,5,9,640
vco_current_max,1,15,5,0.4,0.3999853,-4.469126e-11,7574428.0,9469.512659054846,5,4847633920.0,ok,5,9,640
vco_current_max,1,15,5,0.45,0.4499785,-2.079698e-12,6520058.0,39993.81727217346,5,4172837120.0,ok,5,9,640
vco_current_max,1,15,5,0.5,0.4999744,7.996348e-11,4699226.0,39181.75187507572,5,3007504640.0,ok,5,9,640
vco_current_max,1,15,5,0.55,0.5499706,4.280215e-12,2495349.8,43549.32044475551,5,1597023872.0,ok,5,9,640
vco_current_max,1,15,5,0.6,0.5999641,1.064007e-11,5117412.0,72762.03178856401,5,603854616.0,ok,0,58,118
vco_current_max,1,15,5,0.65,0.6499845,4.642675e-13,268.75006,81.44605427887836,5,nan,unstable,5,9,640
vco_current_max,1,15,5,0.7,0.6999737,1.168511e-10,nan,nan,0,nan,no_clock,5,9,640
vco_current_max,1,15,5,0.75,0.7499753,3.101927e-10,nan,nan,0,nan,no_clock,5,9,640
vco_current_max,1,15,6,0.0,-2.94784e-06,-1.550742e-09,7678018.0,5704.364118812893,5,4913931520.0,ok,5,9,640
vco_current_max,1,15,6,0.05,0.049993,-8.708552e-10,7676138.0,9722.243568230535,5,4912728320.0,ok,5,9,640
vco_current_max,1,15,6,0.1,0.09998559,-7.048588e-10,7677116.0,4218.01256517806,5,4913354240.0,ok,5,9,640
vco_current_max,1,15,6,0.15,0.1499868,-5.630302e-10,7661934.0,6668.071685277536,5,4903637760.0,ok,5,9,640
vco_current_max,1,15,6,0.2,0.1999832,-4.059375e-10,7656822.0,10969.540555556554,5,4900366080.0,ok,5,9,640
vco_current_max,1,15,6,0.25,0.2499775,-1.820658e-10,7645272.0,7290.032235868371,5,4892974080.0,ok,5,9,640
vco_current_max,1,15,6,0.3,0.2999624,-1.152865e-10,7617748.0,3319.4683309228903,5,4875358720.0,ok,5,9,640
vco_current_max,1,15,6,0.35,0.3499996,-1.108346e-10,7501174.0,11499.968695609567,5,4800751360.0,ok,5,9,640
vco_current_max,1,15,6,0.4,0.399985,-6.186299e-11,7107698.0,10117.023771841203,5,4548926720.0,ok,5,9,640
vco_current_max,1,15,6,0.45,0.4499786,-1.988754e-11,6038916.0,21643.006491705353,5,3864906240.0,ok,5,9,640
vco_current_max,1,15,6,0.5,0.4999739,-4.977915e-11,4306308.0,16973.33408614819,5,2756037120.0,ok,5,9,640
vco_current_max,1,15,6,0.55,0.5499704,4.280215e-12,2304255.8,20781.106014839537,5,1474723712.0,ok,5,9,640
vco_current_max,1,15,6,0.6,0.5999648,1.318409e-11,4989388.0,104289.03906930967,5,578769008.0,ok,0,57,116
vco_current_max,1,15,6,0.65,0.6499858,2.272393e-11,307.70114,46.80969751662576,5,nan,unstable,5,9,640
vco_current_max,1,15,6,0.7,0.699972,3.798786e-11,nan,nan,0,nan,no_clock,5,9,640
vco_current_max,1,15,6,0.75,0.7499756,1.957142e-10,nan,nan,0,nan,no_clock,5,9,640
vco_current_max,1,15,7,0.0,-2.71904e-06,-1.742179e-09,7268068.0,7283.468953733516,5,4651563520.0,ok,5,9,640
vco_current_max,1,15,7,0.05,0.04999396,-1.108721e-09,7258296.0,12026.598854206455,5,4645309440.0,ok,5,9,640
vco_current_max,1,15,7,0.1,0.09998625,-7.188508e-10,7265310.0,11793.222629968452,5,4649798400.0,ok,5,9,640
vco_current_max,1,15,7,0.15,0.1499869,-4.924338e-10,7252212.0,8518.927162501157,5,4641415680.0,ok,5,9,640
vco_current_max,1,15,7,0.2,0.1999833,-3.258012e-10,7256602.0,11926.481878575929,5,4644225280.0,ok,5,9,640
vco_current_max,1,15,7,0.25,0.2499781,-2.297653e-10,7235932.0,2700.494399179528,5,4630996480.0,ok,5,9,640
vco_current_max,1,15,7,0.3,0.2999626,-1.737979e-10,7196432.0,13435.582235243844,5,4605716480.0,ok,5,9,640
vco_current_max,1,15,7,0.35,0.3499996,-7.331109e-11,7063750.0,9503.288904374107,5,4520800000.0,ok,5,9,640
vco_current_max,1,15,7,0.4,0.399985,-8.157897e-11,6611430.0,18990.321218978894,5,4231315200.0,ok,5,9,640
vco_current_max,1,15,7,0.45,0.4499778,-7.331094e-11,5505688.0,12566.022441488794,5,3523640320.0,ok,5,9,640
vco_current_max,1,15,7,0.5,0.4999748,6.215564e-11,3709356.0,28237.048004350596,5,2373987840.0,ok,5,9,640
vco_current_max,1,15,7,0.55,0.54997,-9.493473e-11,4949732.0,72629.84902916983,5,1158237288.0,ok,0,116,234
vco_current_max,1,15,7,0.6,0.5999639,-5.741109e-11,4737132.0,221430.20880178025,5,407393352.0,ok,0,42,86
vco_current_max,1,15,7,0.65,0.6499872,1.130351e-10,127.87669,29.519629391991025,5,nan,unstable,5,9,640
vco_current_max,1,15,7,0.7,0.6999735,1.022232e-10,nan,nan,0,nan,no_clock,5,9,640
vco_current_max,1,15,7,0.75,0.7499748,2.796653e-10,nan,nan,0,nan,no_clock,5,9,640
vco_current_max,1,15,8,0.0,-2.375862e-06,-1.282985e-09,6825890.0,6744.7090374604,5,4368569600.0,ok,5,9,640
vco_current_max,1,15,8,0.05,0.04999417,-6.934107e-10,6821546.0,8986.90046679054,5,4365789440.0,ok,5,9,640
vco_current_max,1,15,8,0.1,0.09998623,-5.261419e-10,6824292.0,13576.9241730224,5,4367546880.0,ok,5,9,640
vco_current_max,1,15,8,0.15,0.1499875,-3.137171e-10,6820120.0,9814.033319690738,5,4364876800.0,ok,5,9,640
vco_current_max,1,15,8,0.2,0.1999847,-3.219852e-10,6814944.0,17819.57575252565,5,4361564160.0,ok,5,9,640
vco_current_max,1,15,8,0.25,0.2499775,-1.426342e-10,6809990.0,13499.298129902903,5,4358393600.0,ok,5,9,640
vco_current_max,1,15,8,0.3,0.2999634,-1.051105e-10,6797296.0,361.4968879534096,5,4350269440.0,ok,5,9,640
vco_current_max,1,15,8,0.35,0.3500001,-8.094279e-11,6732114.0,14529.080493961068,5,4308552960.0,ok,5,9,640
vco_current_max,1,15,8,0.4,0.3999868,-4.659907e-11,6554878.0,9461.702806577683,5,4195121920.0,ok,5,9,640
vco_current_max,1,15,8,0.45,0.4499788,-4.787135e-11,6027014.0,6611.632173676936,5,3857288960.0,ok,5,9,640
vco_current_max,1,15,8,0.5,0.4999745,6.660766e-11,4731620.0,11766.664778092389,5,3028236800.0,ok,5,9,640
vco_current_max,1,15,8,0.55,0.5499693,5.579567e-11,2849897.0,44525.00454800651,5,1823934080.0,ok,5,9,640
vco_current_max,1,15,8,0.6,0.5999655,3.989592e-11,4967160.0,103913.47578634832,5,715271040.0,ok,0,71,144
vco_current_max,1,15,8,0.65,0.6499846,6.597159e-11,581.622925,102.42973141242975,4,nan,unstable,5,9,640
vco_current_max,1,15,8,0.7,0.6999732,7.932741e-11,2568.38525,1611.072517343105,4,nan,unstable,0,0,2
vco_current_max,1,15,8,0.75,0.7499765,3.292728e-10,nan,nan,0,nan,no_clock,5,9,640
vco_current_max,1,15,9,0.0,-2.490313e-06,-1.482054e-09,6297776.0,9355.353013115006,5,4030576640.0,ok,5,9,640
vco_current_max,1,15,9,0.05,0.04999486,-9.637119e-10,6302584.0,5035.75515687568,5,4033653760.0,ok,5,9,640
vco_current_max,1,15,9,0.1,0.09998526,-7.722746e-10,6298474.0,3744.3731117504835,5,4031023360.0,ok,5,9,640
vco_current_max,1,15,9,0.15,0.1499867,-4.530017e-10,6300114.0,5486.959996209194,5,4032072960.0,ok,5,9,640
vco_current_max,1,15,9,0.2,0.1999851,-3.226212e-10,6295936.0,3569.373894676768,5,4029399040.0,ok,5,9,640
vco_current_max,1,15,9,0.25,0.2499769,-1.896978e-10,6288568.0,8790.396464324007,5,4024683520.0,ok,5,9,640
vco_current_max,1,15,9,0.3,0.2999629,-4.623607e-12,6259422.0,11344.514974206699,5,4006030080.0,ok,5,9,640
vco_current_max,1,15,9,0.35,0.3499995,1.700018e-11,6189630.0,3668.5760180211614,5,3961363200.0,ok,5,9,640
vco_current_max,1,15,9,0.4,0.3999855,8.441556e-11,5995982.0,8851.458636857544,5,3837428480.0,ok,5,9,640
vco_current_max,1,15,9,0.45,0.4499786,7.805559e-11,5444610.0,12394.777125870396,5,3484550400.0,ok,5,9,640
vco_current_max,1,15,9,0.5,0.4999742,6.851558e-11,4202634.0,23470.619506097406,5,2689685760.0,ok,5,9,640
vco_current_max,1,15,9,0.55,0.54997,5.452377e-11,2369047.8,26739.973722874147,5,1516190592.0,ok,5,9,640
vco_current_max,1,15,9,0.6,0.5999649,-1.464502e-10,5025882.0,114024.11990451845,5,593054076.0,ok,0,58,118
vco_current_max,1,15,9,0.65,0.6499864,-1.098366e-11,318.75666,33.831559388949245,5,nan,unstable,5,9,640
vco_current_max,1,15,9,0.7,0.6999737,-3.57874e-11,nan,nan,0,nan,no_clock,5,9,640
vco_current_max,1,15,9,0.75,0.7499755,1.874459e-10,nan,nan,0,nan,no_clock,5,9,640
vco_current_max,1,15,10,0.0,-1.804088e-06,-1.426085e-09,5608562.0,7571.7844660291275,5,3589479680.0,ok,5,9,640
vco_current_max,1,15,10,0.05,0.04999518,-9.026553e-10,5602254.0,5208.625538469818,5,3585442560.0,ok,5,9,640
vco_current_max,1,15,10,0.1,0.09998622,-6.234503e-10,5603660.0,13223.961206839651,5,3586342400.0,ok,5,9,640
vco_current_max,1,15,10,0.15,0.1499891,-4.873458e-10,5603692.0,5052.996140904918,5,3586362880.0,ok,5,9,640
vco_current_max,1,15,10,0.2,0.1999847,-3.226212e-10,5590976.0,5387.103117631961,5,3578224640.0,ok,5,9,640
vco_current_max,1,15,10,0.25,0.2499774,-1.521741e-10,5583500.0,7700.100648692847,5,3573440000.0,ok,5,9,640
vco_current_max,1,15,10,0.3,0.2999622,-1.58534e-10,5552478.0,8592.265126263272,5,3553585920.0,ok,5,9,640
vco_current_max,1,15,10,0.35,0.3500009,-1.216464e-10,5487782.0,11517.936881230076,5,3512180480.0,ok,5,9,640
vco_current_max,1,15,10,0.4,0.3999862,-9.938669e-11,5318380.0,8303.749153243973,5,3403763200.0,ok,5,9,640
vco_current_max,1,15,10,0.45,0.4499792,-4.341921e-11,4831426.0,5887.926629977653,5,3092112640.0,ok,5,9,640
vco_current_max,1,15,10,0.5,0.4999746,3.925985e-11,3759322.0,40505.388777297274,5,2405966080.0,ok,5,9,640
vco_current_max,1,15,10,0.55,0.5499696,6.02477e-11,2229603.4,21487.223664308054,5,1426946176.0,ok,5,9,640
vco_current_max,1,15,10,0.6,0.5999654,-7.64909e-11,5012912.0,85968.34719825664,5,581497792.0,ok,0,57,116
vco_current_max,1,15,10,0.65,0.649985,-7.907185e-10,286.12832,42.32234569175013,5,nan,unstable,5,9,640
vco_current_max,1,15,10,0.7,0.6999723,6.660755e-11,nan,nan,0,nan,no_clock,5,9,640
vco_current_max,1,15,10,0.75,0.7499751,2.230619e-10,nan,nan,0,nan,no_clock,5,9,640
vco_current_max,1,15,11,0.0,-2.147164e-06,-1.53357e-09,4945468.0,7583.50644491056,5,3165099520.0,ok,5,9,640
vco_current_max,1,15,11,0.05,0.04999427,-1.05466e-09,4941650.0,7297.773633102084,5,3162656000.0,ok,5,9,640
vco_current_max,1,15,11,0.1,0.09998596,-7.760906e-10,4945834.0,4036.7474530864574,5,3165333760.0,ok,5,9,640
vco_current_max,1,15,11,0.15,0.149987,-3.747734e-10,4936204.0,5040.246025741204,5,3159170560.0,ok,5,9,640
vco_current_max,1,15,11,0.2,0.199984,-5.617581e-10,4933388.0,5422.496657444797,5,3157368320.0,ok,5,9,640
vco_current_max,1,15,11,0.25,0.2499771,-1.604421e-10,4913780.0,1364.7160876900368,5,3144819200.0,ok,5,9,640
vco_current_max,1,15,11,0.3,0.2999628,-1.477222e-10,4877426.0,2415.280522009814,5,3121552640.0,ok,5,9,640
vco_current_max,1,15,11,0.35,0.3499996,3.353595e-11,4806634.0,5363.793433755629,5,3076245760.0,ok,5,9,640
vco_current_max,1,15,11,0.4,0.3999856,1.44563e-11,4633778.0,6884.113595808832,5,2965617920.0,ok,5,9,640
vco_current_max,1,15,11,0.45,0.4499778,1.003152e-10,4163922.0,9488.404502338632,5,2664910080.0,ok,5,9,640
vco_current_max,1,15,11,0.5,0.499974,5.770373e-11,3110843.8,11325.80203341026,5,1990940032.0,ok,5,9,640
vco_current_max,1,15,11,0.55,0.54997,4.280215e-12,4847842.0,95119.95752732441,5,1066525240.0,ok,0,109,220
vco_current_max,1,15,11,0.6,0.5999653,-3.006334e-11,4609108.0,357787.9929790825,5,396383288.0,ok,0,42,86
vco_current_max,1,15,11,0.65,0.649986,1.39111e-10,123.366052,33.30200689241596,5,nan,unstable,5,9,640
vco_current_max,1,15,11,0.7,0.6999734,6.151959e-11,nan,nan,0,nan,no_clock,5,9,640
vco_current_max,1,15,11,0.75,0.7499766,3.051049e-10,nan,nan,0,nan,no_clock,5,9,640
vco_current_max,1,15,12,0.0,-1.575245e-06,-1.372662e-09,4176660.0,3038.8155587333695,5,2673062400.0,ok,5,9,640
vco_current_max,1,15,12,0.05,0.04999431,-8.358756e-10,4176680.0,7105.216393608291,5,2673075200.0,ok,5,9,640
vco_current_max,1,15,12,0.1,0.09998604,-4.447337e-10,4174850.0,2586.49376569904,5,2671904000.0,ok,5,9,640
vco_current_max,1,15,12,0.15,0.1499875,-4.084815e-10,4170556.0,2108.039373446331,5,2669155840.0,ok,5,9,640
vco_current_max,1,15,12,0.2,0.1999842,-2.66017e-10,4169288.0,4821.1170904677265,5,2668344320.0,ok,5,9,640
vco_current_max,1,15,12,0.25,0.2499786,-1.439062e-10,4147986.0,10836.336096670313,5,2654711040.0,ok,5,9,640
vco_current_max,1,15,12,0.3,0.2999624,8.75956e-11,4118702.0,3402.4285444370466,5,2635969280.0,ok,5,9,640
vco_current_max,1,15,12,0.35,0.3500001,-3.642339e-11,4073688.0,5919.41044361683,5,2607160320.0,ok,5,9,640
vco_current_max,1,15,12,0.4,0.399985,-2.990891e-10,3992304.0,5575.995875177814,5,2555074560.0,ok,5,9,640
vco_current_max,1,15,12,0.45,0.4499792,-9.075546e-12,3772000.0,6727.098185696415,5,2414080000.0,ok,5,9,640
vco_current_max,1,15,12,0.5,0.4999747,-3.987644e-12,3179903.2,44984.97951205491,5,2035138048.0,ok,5,9,640
vco_current_max,1,15,12,0.55,0.5499693,2.472295e-10,2043968.0,21067.057696792876,5,1308139520.0,ok,5,9,640
vco_current_max,1,15,12,0.6,0.5999656,1.073112e-10,5075584.0,67477.54055980404,5,568465408.0,ok,0,55,112
vco_current_max,1,15,12,0.65,0.6499848,8.377923e-11,297.15488,50.40936480825761,5,nan,unstable,5,9,640
vco_current_max,1,15,12,0.7,0.6999734,1.219389e-10,nan,nan,0,nan,no_clock,5,9,640
vco_current_max,1,15,12,0.75,0.7499764,2.637655e-10,nan,nan,0,nan,no_clock,5,9,640
vco_current_max,1,15,13,0.0,-2.604531e-06,-1.24737e-09,3353034.8,3111.3339100777985,5,2145942272.0,ok,5,9,640
vco_current_max,1,15,13,0.05,0.04999444,-1.008232e-09,3354910.0,2803.452871014599,5,2147142400.0,ok,5,9,640
vco_current_max,1,15,13,0.1,0.0999857,-8.040753e-10,3348914.0,3233.1681830675,5,2143304960.0,ok,5,9,640
vco_current_max,1,15,13,0.15,0.1499874,-5.013379e-10,3346192.8,3953.2877077187286,5,2141563392.0,ok,5,9,640
vco_current_max,1,15,13,0.2,0.1999846,-2.66653e-10,3332248.4,1369.8152430163711,5,2132638976.0,ok,5,9,640
vco_current_max,1,15,13,0.25,0.2499772,-1.744339e-10,3313757.0,3139.161990085889,5,2120804480.0,ok,5,9,640
vco_current_max,1,15,13,0.3,0.299963,-1.114705e-10,3285319.0,3099.643205273794,5,2102604160.0,ok,5,9,640
vco_current_max,1,15,13,0.35,0.3500006,-9.048266e-11,3248384.6,3304.7760589788836,5,2078966144.0,ok,5,9,640
vco_current_max,1,15,13,0.4,0.3999848,-7.167683e-12,3173804.8,2356.4075835899016,5,2031235072.0,ok,5,9,640
vco_current_max,1,15,13,0.45,0.449979,-6.186299e-11,2981755.2,6321.737514323099,5,1908323328.0,ok,5,9,640
vco_current_max,1,15,13,0.5,0.4999746,2.208819e-11,2468281.4,15992.839188211703,5,1579700096.0,ok,5,9,640
vco_current_max,1,15,13,0.55,0.5499697,1.25481e-11,4971628.0,38163.92170623978,5,964495832.0,ok,0,96,194
vco_current_max,1,15,13,0.6,0.5999647,-2.179543e-11,2062570.4,59260.09180131262,5,400138657.59999996,ok,0,96,194
vco_current_max,1,15,13,0.65,0.6499857,9.013942e-11,103.480498,14.079643544032644,5,nan,unstable,5,9,640
vco_current_max,1,15,13,0.7,0.6999727,2.081596e-11,nan,nan,0,nan,no_clock,5,9,640
vco_current_max,1,15,13,0.75,0.7499747,2.580413e-10,nan,nan,0,nan,no_clock,5,9,640
vco_current_max,1,15,14,0.0,-1.803899e-06,-1.527211e-09,2250233.2,2249.7485859535504,5,1440149248.0,ok,5,9,640
vco_current_max,1,15,14,0.05,0.04999385,-9.47176e-10,2249529.6,2415.3886436762095,5,1439698944.0,ok,5,9,640
vco_current_max,1,15,14,0.1,0.0999855,-6.749667e-10,2250508.4,1456.6072909332838,5,1440325376.0,ok,5,9,640
vco_current_max,1,15,14,0.15,0.1499869,-4.758978e-10,2244730.6,1405.1145149061695,5,1436627584.0,ok,5,9,640
vco_current_max,1,15,14,0.2,0.1999836,-1.839738e-10,2234871.6,2411.139834186313,5,1430317824.0,ok,5,9,640
vco_current_max,1,15,14,0.25,0.2499762,-2.86369e-10,2220375.6,1975.0191897801906,5,1421040384.0,ok,5,9,640
vco_current_max,1,15,14,0.3,0.2999622,-1.687099e-10,2203488.0,2159.747670446712,5,1410232320.0,ok,5,9,640
vco_current_max,1,15,14,0.35,0.3500004,-9.93866e-11,2183360.2,1443.0920622053188,5,1397350528.0,ok,5,9,640
vco_current_max,1,15,14,0.4,0.3999857,-2.052342e-11,2147853.4,2507.2687929298686,5,1374626176.0,ok,5,9,640
vco_current_max,1,15,14,0.45,0.4499786,-2.306752e-11,2076370.6,2291.032692913831,5,1328877184.0,ok,5,9,640
vco_current_max,1,15,14,0.5,0.4999737,-8.793885e-11,4945062.0,10444.559349249732,5,1176924756.0,ok,0,118,238
vco_current_max,1,15,14,0.55,0.5499694,1.318412e-11,3496125.4,53488.29829785203,5,832077845.1999999,ok,0,118,238
vco_current_max,1,15,14,0.6,0.5999655,1.123992e-10,4712576.0,224790.7414241076,5,358155776.0,ok,0,37,76
vco_current_max,1,15,14,0.65,0.6499858,-2.497544e-11,98.247158,29.41676702592282,5,nan,unstable,5,9,640
vco_current_max,1,15,14,0.7,0.6999728,7.741954e-11,nan,nan,0,nan,no_clock,5,9,640
vco_current_max,1,15,14,0.75,0.7499753,3.311808e-10,nan,nan,0,nan,no_clock,5,9,640
vco_current_max,1,15,15,0.0,-1.575259e-06,-1.695751e-09,5061174.0,5994.812757709785,5,678197316.0,ok,0,66,134
vco_current_max,1,15,15,0.05,0.04999396,-1.160873e-09,5061830.0,7358.512077859219,5,678285220.0,ok,0,66,134
vco_current_max,1,15,15,0.1,0.09998607,-7.608271e-10,5056052.0,3184.630276813935,5,677510968.0,ok,0,66,134
vco_current_max,1,15,15,0.15,0.149987,-6.749666e-10,5031456.0,4874.0465734336185,5,674215104.0,ok,0,66,134
vco_current_max,1,15,15,0.2,0.199984,-4.561816e-10,5003786.0,4684.973852648486,5,670507324.0,ok,0,66,134
vco_current_max,1,15,15,0.25,0.2499772,-2.87641e-10,4975600.0,4724.251263427888,5,666730400.0,ok,0,66,134
vco_current_max,1,15,15,0.3,0.2999623,-1.356383e-10,4946548.0,4256.1802123500365,5,662837432.0,ok,0,66,134
vco_current_max,1,15,15,0.35,0.3500006,-7.013085e-11,4890322.0,9295.44081794941,5,655303148.0,ok,0,66,134
vco_current_max,1,15,15,0.4,0.3999849,-1.515381e-10,4828808.0,2950.672804632869,5,647060272.0,ok,0,66,134
vco_current_max,1,15,15,0.45,0.4499791,-6.504303e-11,4690048.0,3815.589076407469,5,628466432.0,ok,0,66,134
vco_current_max,1,15,15,0.5,0.4999749,9.268344e-11,4318098.0,19850.27254220959,5,578625132.0,ok,0,66,134
vco_current_max,1,15,15,0.55,0.5499694,-1.044747e-10,3340084.4,20494.813082826593,5,447571309.59999996,ok,0,66,134
vco_current_max,1,15,15,0.6,0.5999646,1.155792e-10,11812733.333333334,2100270.957122755,3,nan,unstable,0,0,2
vco_current_max,1,15,15,0.65,0.6499867,-4.469124e-11,nan,nan,0,nan,no_clock,5,9,640
vco_current_max,1,15,15,0.7,0.6999733,1.874465e-10,nan,nan,0,nan,no_clock,5,9,640
vco_current_max,1,15,15,0.75,0.7499741,4.055918e-10,nan,nan,0,nan,no_clock,5,9,640
vco_current_min,1,0,0,0.0,-2.490284e-06,-1.590811e-09,9596868.0,2522.284678619763,5,6141995520.0,ok,5,9,640
vco_current_min,1,0,0,0.05,0.04999328,-1.042576e-09,9594264.0,6899.9478258897,5,6140328960.0,ok,5,9,640
vco_current_min,1,0,0,0.1,0.09998657,-7.671868e-10,9593136.0,5822.721013409452,5,6139607040.0,ok,5,9,640
vco_current_min,1,0,0,0.15,0.1499869,-4.218376e-10,9587928.0,7131.347698717263,5,6136273920.0,ok,5,9,640
vco_current_min,1,0,0,0.2,0.1999842,-3.200772e-10,9581586.0,2535.7010864847616,5,6132215040.0,ok,5,9,640
vco_current_min,1,0,0,0.25,0.2499769,-2.278574e-10,9579318.0,3105.586901054292,5,6130763520.0,ok,5,9,640
vco_current_min,1,0,0,0.3,0.299963,-2.85097e-10,9574608.0,2229.230809046026,5,6127749120.0,ok,5,9,640
vco_current_min,1,0,0,0.35,0.3500005,-1.547181e-10,9556784.0,5845.08169318445,5,6116341760.0,ok,5,9,640
vco_current_min,1,0,0,0.4,0.3999852,-1.356383e-10,9528348.0,5862.970237004449,5,6098142720.0,ok,5,9,640
vco_current_min,1,0,0,0.45,0.4499776,4.498393e-11,9399756.0,3401.3570821070816,5,6015843840.0,ok,5,9,640
vco_current_min,1,0,0,0.5,0.4999743,7.423953e-11,8891376.0,11542.851900635302,5,5690480640.0,ok,5,9,640
vco_current_min,1,0,0,0.55,0.549969,-1.229184e-10,7722798.0,32142.22487632118,5,4942590720.0,ok,5,9,640
vco_current_min,1,0,0,0.6,0.5999644,-1.734354e-11,6802318.0,14219.473267319012,5,4353483520.0,ok,5,9,640
vco_current_min,1,0,0,0.65,0.6499862,-5.168715e-11,6495860.0,8310.246687072533,5,4157350400.0,ok,5,9,640
vco_current_min,1,0,0,0.7,0.6999738,2.208814e-11,6433548.0,10805.531916569402,5,4117470720.0,ok,5,9,640
vco_current_min,1,0,0,0.75,0.7499759,2.275141e-10,6420470.0,8043.021820186738,5,4109100800.0,ok,5,9,640
vco_current_min,1,1,0,0.0,-2.718967e-06,-1.732004e-09,9582720.0,0.0,5,6132940800.0,ok,5,9,640
vco_current_min,1,1,0,0.05,0.04999418,-1.189493e-09,9582720.0,0.0,5,6132940800.0,ok,5,9,640
vco_current_min,1,1,0,0.1,0.09998617,-9.026556e-10,9578504.0,4192.0197995715625,5,6130242560.0,ok,5,9,640
vco_current_min,1,1,0,0.15,0.1499887,-5.293221e-10,9580452.0,3105.586901054292,5,6131489280.0,ok,5,9,640
vco_current_min,1,1,0,0.2,0.1999842,-2.043256e-10,9577050.0,0.0,5,6129312000.0,ok,5,9,640
vco_current_min,1,1,0,0.25,0.2499774,-3.213492e-10,9572980.0,0.0,5,6126707200.0,ok,5,9,640
vco_current_min,1,1,0,0.3,0.2999626,-6.504293e-11,9569536.0,3143.9274800796534,5,6124503040.0,ok,5,9,640
vco_current_min,1,1,0,0.35,0.3500004,-1.235544e-10,9551862.0,3160.3591568048087,5,6113191680.0,ok,5,9,640
vco_current_min,1,1,0,0.4,0.3999846,1.276632e-10,9515988.0,3672.263607095765,5,6090232320.0,ok,5,9,640
vco_current_min,1,1,0,0.45,0.4499795,1.55647e-10,9391042.0,5219.566073918406,5,6010266880.0,ok,5,9,640
vco_current_min,1,1,0,0.5,0.4999752,3.926004e-11,8886374.0,26686.798796408686,5,5687279360.0,ok,5,9,640
vco_current_min,1,1,0,0.55,0.5499703,7.551154e-11,7677936.0,14200.636605448362,5,4913879040.0,ok,5,9,640
vco_current_min,1,1,0,0.6,0.5999646,-7.167544e-12,6738662.0,12519.461649767532,5,4312743680.0,ok,5,9,640
vco_current_min,1,1,0,0.65,0.6499868,-1.356383e-10,6433214.0,9476.606987735642,5,4117256960.0,ok,5,9,640
vco_current_min,1,1,0,0.7,0.6999729,1.763611e-11,6367360.0,7490.1535364770725,5,4075110400.0,ok,5,9,640
vco_current_min,1,1,0,0.75,0.7499754,3.877846e-10,6356820.0,6211.477280003526,5,4068364800.0,ok,5,9,640
vco_current_min,1,2,0,0.0,-2.49024e-06,-1.702747e-09,9564626.0,5845.08169318445,5,6121360640.0,ok,5,9,640
vco_current_min,1,2,0,0.05,0.04999419,-1.076285e-09,9563160.0,8534.714406469615,5,6120422400.0,ok,5,9,640
vco_current_min,1,2,0,0.1,0.09998552,-8.078914e-10,9560546.0,8963.455248953944,5,6118749440.0,ok,5,9,640
vco_current_min,1,2,0,0.15,0.1499863,-6.050062e-10,9564626.0,5845.08169318445,5,6121360640.0,ok,5,9,640
vco_current_min,1,2,0,0.2,0.1999844,-3.079931e-10,9564138.0,5671.562394966664,5,6121048320.0,ok,5,9,640
vco_current_min,1,2,0,0.25,0.2499777,-3.302532e-10,9550708.0,3160.3591568048087,5,6112453120.0,ok,5,9,640
vco_current_min,1,2,0,0.3,0.2999616,-2.83189e-10,9543768.0,2589.3667179447566,5,6108011520.0,ok,5,9,640
vco_current_min,1,2,0,0.35,0.3499998,-1.171944e-10,9530970.0,0.0,5,6099820800.0,ok,5,9,640
vco_current_min,1,2,0,0.4,0.3999856,1.022234e-10,9484784.0,3264.42644273079,5,6070261760.0,ok,5,9,640
vco_current_min,1,2,0,0.45,0.449978,-4.623579e-12,9357072.0,6958.823176371131,5,5988526080.0,ok,5,9,640
vco_current_min,1,2,0,0.5,0.4999751,4.879985e-11,8782670.0,19723.161511279068,5,5620908800.0,ok,5,9,640
vco_current_min,1,2,0,0.55,0.5499701,-5.9955e-11,7463622.0,25476.142172628886,5,4776718080.0,ok,5,9,640
vco_current_min,1,2,0,0.6,0.599964,-1.988751e-11,6505062.0,8559.767520207544,5,4163239680.0,ok,5,9,640
vco_current_min,1,2,0,0.65,0.6499866,6.597162e-11,6174782.0,6127.611280099285,5,3951860480.0,ok,5,9,640
vco_current_min,1,2,0,0.7,0.6999736,-3.006334e-11,6112274.0,2503.773152663795,5,3911855360.0,ok,5,9,640
vco_current_min,1,2,0,0.75,0.7499758,2.904773e-10,6104034.0,11549.613846358674,5,3906581760.0,ok,5,9,640
vco_current_min,1,3,0,0.0,-2.604633e-06,-1.613707e-09,9556784.0,5845.08169318445,5,6116341760.0,ok,5,9,640
vco_current_min,1,3,0,0.05,0.0499935,-1.106176e-09,9556784.0,5845.08169318445,5,6116341760.0,ok,5,9,640
vco_current_min,1,3,0,0.1,0.09998593,-7.760911e-10,9553016.0,2580.4224460347573,5,6113930240.0,ok,5,9,640
vco_current_min,1,3,0,0.15,0.1499871,-5.11514e-10,9550708.0,3160.3591568048087,5,6112453120.0,ok,5,9,640
vco_current_min,1,3,0,0.2,0.1999833,-3.359772e-10,9548400.0,0.0,5,6110976000.0,ok,5,9,640
vco_current_min,1,3,0,0.25,0.2499766,-3.073571e-10,9547242.0,2589.3667179447566,5,6110234880.0,ok,5,9,640
vco_current_min,1,3,0,0.3,0.2999623,-1.585341e-10,9537962.0,2598.3109898547555,5,6104295680.0,ok,5,9,640
vco_current_min,1,3,0,0.35,0.3500001,2.717609e-11,9520504.0,2004.664560468908,5,6093122560.0,ok,5,9,640
vco_current_min,1,3,0,0.4,0.3999851,-1.607139e-11,9481204.0,2674.3373010897485,5,6067970560.0,ok,5,9,640
vco_current_min,1,3,0,0.45,0.449978,-5.423111e-11,9340282.0,7323.050593844071,5,5977780480.0,ok,5,9,640
vco_current_min,1,3,0,0.5,0.4999738,9.077553e-11,8759688.0,14829.12236108395,5,5606200320.0,ok,5,9,640
vco_current_min,1,3,0,0.55,0.5499694,-1.095626e-10,7430734.0,31223.48763351077,5,4755669760.0,ok,5,9,640
vco_current_min,1,3,0,0.6,0.599965,2.154302e-10,6442532.0,13674.67440197389,5,4123220480.0,ok,5,9,640
vco_current_min,1,3,0,0.65,0.6499844,8.377943e-11,6110454.0,4829.454420532406,5,3910690560.0,ok,5,9,640
vco_current_min,1,3,0,0.7,0.6999716,2.167015e-10,6048062.0,10962.769723021642,5,3870759680.0,ok,5,9,640
vco_current_min,1,3,0,0.75,0.7499753,1.785426e-10,6043922.0,9239.340885582695,5,3868110080.0,ok,5,9,640
vco_current_min,1,4,0,0.0,-2.718982e-06,-1.558375e-09,9536800.0,0.0,5,6103552000.0,ok,5,9,640
vco_current_min,1,4,0,0.05,0.04999407,-1.114445e-09,9536800.0,0.0,5,6103552000.0,ok,5,9,640
vco_current_min,1,4,0,0.1,0.09998616,-6.851427e-10,9535634.0,2607.255261764755,5,6102805760.0,ok,5,9,640
vco_current_min,1,4,0,0.15,0.1499876,-6.056424e-10,9532136.0,2607.255261764755,5,6100567040.0,ok,5,9,640
vco_current_min,1,4,0,0.2,0.1999853,-2.361253e-10,9530680.0,7736.753194977852,5,6099635200.0,ok,5,9,640
vco_current_min,1,4,0,0.25,0.2499775,-2.914571e-10,9520482.0,5862.970237004449,5,6093108480.0,ok,5,9,640
vco_current_min,1,4,0,0.3,0.2999632,6.824458e-12,9515016.0,3696.0086579985173,5,6089610240.0,ok,5,9,640
vco_current_min,1,4,0,0.35,0.3500015,-3.13351e-11,9498888.0,5885.330916779447,5,6079288320.0,ok,5,9,640
vco_current_min,1,4,0,0.4,0.3999848,-6.059103e-11,9450434.0,7235.414984643245,5,6048277760.0,ok,5,9,640
vco_current_min,1,4,0,0.45,0.4499783,-5.677511e-11,9305368.0,13085.857633338366,5,5955435520.0,ok,5,9,640
vco_current_min,1,4,0,0.5,0.4999748,1.127623e-11,8619182.0,60211.195968856155,5,5516276480.0,ok,5,9,640
vco_current_min,1,4,0,0.55,0.5499693,3.226375e-11,7251744.0,46916.11588782686,5,4641116160.0,ok,5,9,640
vco_current_min,1,4,0,0.6,0.5999653,-4.596311e-11,6212732.0,11705.841276901032,5,3976148480.0,ok,5,9,640
vco_current_min,1,4,0,0.65,0.6499868,8.505149e-11,5864630.0,12567.376416738698,5,3753363200.0,ok,5,9,640
vco_current_min,1,4,0,0.7,0.6999734,-1.273705e-10,5803382.0,9200.348906427407,5,3714164480.0,ok,5,9,640
vco_current_min,1,4,0,0.75,0.749976,2.618575e-10,5781718.0,10872.452345262314,5,3700299520.0,ok,5,9,640
vco_current_min,1,5,0,0.0,-1.575187e-06,-1.704656e-09,9534468.0,3193.2225102551183,5,6102059520.0,ok,5,9,640
vco_current_min,1,5,0,0.05,0.04999489,-1.066745e-09,9532136.0,2607.255261764755,5,6100567040.0,ok,5,9,640
vco_current_min,1,5,0,0.1,0.09998618,-7.989873e-10,9530970.0,0.0,5,6099820800.0,ok,5,9,640
vco_current_min,1,5,0,0.15,0.1499868,-5.14694e-10,9520482.0,5862.970237004449,5,6093108480.0,ok,5,9,640
vco_current_min,1,5,0,0.2,0.1999851,-4.040295e-10,9519536.0,1841.0540459204342,5,6092503040.0,ok,5,9,640
vco_current_min,1,5,0,0.25,0.2499774,-2.65381e-10,9512000.0,0.0,5,6087680000.0,ok,5,9,640
vco_current_min,1,5,0,0.3,0.2999631,-2.424852e-10,9503892.0,3247.994766005635,5,6082490880.0,ok,5,9,640
vco_current_min,1,5,0,0.35,0.35,-1.59806e-10,9484784.0,3264.42644273079,5,6070261760.0,ok,5,9,640
vco_current_min,1,5,0,0.4,0.3999852,-9.429875e-11,9440294.0,2714.5865246847447,5,6041788160.0,ok,5,9,640
vco_current_min,1,5,0,0.45,0.4499785,-1.988745e-11,9288518.0,11517.943392811063,5,5944651520.0,ok,5,9,640
vco_current_min,1,5,0,0.5,0.4999745,2.081607e-11,8618020.0,24149.960662493842,5,5515532800.0,ok,5,9,640
vco_current_min,1,5,0,0.55,0.5499698,1.827205e-11,7189346.0,11045.407642998061,5,4601181440.0,ok,5,9,640
vco_current_min,1,5,0,0.6,0.5999655,2.208805e-11,6143610.0,28337.069361527138,5,3931910400.0,ok,5,9,640
vco_current_min,1,5,0,0.65,0.6499872,8.123552e-11,5799030.0,14834.382359909698,5,3711379200.0,ok,5,9,640
vco_current_min,1,5,0,0.7,0.6999733,1.187591e-10,5730082.0,4552.37520422032,5,3667252480.0,ok,5,9,640
vco_current_min,1,5,0,0.75,0.7499751,2.955651e-10,5720492.0,8763.613410003889,5,3661114880.0,ok,5,9,640
vco_current_min,1,6,0,0.0,-2.147135e-06,-1.573639e-09,9502706.0,2651.9766213147504,5,6081731840.0,ok,5,9,640
vco_current_min,1,6,0,0.05,0.04999498,-1.125257e-09,9501520.0,0.0,5,6080972800.0,ok,5,9,640
vco_current_min,1,6,0,0.1,0.09998681,-7.748189e-10,9501520.0,0.0,5,6080972800.0,ok,5,9,640
vco_current_min,1,6,0,0.15,0.1499874,-5.534902e-10,9498888.0,5885.330916779447,5,6079288320.0,ok,5,9,640
vco_current_min,1,6,0,0.2,0.1999838,-4.689017e-10,9496256.0,7208.028856767986,5,6077603840.0,ok,5,9,640
vco_current_min,1,6,0,0.25,0.2499777,-3.168972e-10,9488360.0,0.0,5,6072550400.0,ok,5,9,640
vco_current_min,1,6,0,0.3,0.2999633,-2.72377e-10,9478812.0,3275.3808938808934,5,6066439680.0,ok,5,9,640
vco_current_min,1,6,0,0.35,0.3500002,-1.324582e-10,9464006.0,4351.675539375609,5,6056963840.0,ok,5,9,640
vco_current_min,1,6,0,0.4,0.3999857,-1.362743e-10,9412864.0,5938.996548239442,5,6024232960.0,ok,5,9,640
vco_current_min,1,6,0,0.45,0.4499796,6.533576e-11,9243650.0,10164.366679729732,5,5915936000.0,ok,5,9,640
vco_current_min,1,6,0,0.5,0.4999743,-1.607139e-11,8484018.0,8338.400326201663,5,5429771520.0,ok,5,9,640
vco_current_min,1,6,0,0.55,0.5499694,-4.623552e-12,7002582.0,26765.91339745386,5,4481652480.0,ok,5,9,640
vco_current_min,1,6,0,0.6,0.5999647,-2.624756e-11,5885316.0,6635.2716598493535,5,3766602240.0,ok,5,9,640
vco_current_min,1,6,0,0.65,0.6499865,7.932757e-11,5537124.0,12131.48300909662,5,3543759360.0,ok,5,9,640
vco_current_min,1,6,0,0.7,0.6999748,8.823145e-11,5461346.0,3716.8642697844107,5,3495261440.0,ok,5,9,640
vco_current_min,1,6,0,0.75,0.7499758,2.879333e-10,5455290.0,11331.544466664727,5,3491385600.0,ok,5,9,640
vco_current_min,1,7,0,0.0,-1.346474e-06,-1.738999e-09,9496256.0,7208.028856767986,5,6077603840.0,ok,5,9,640
vco_current_min,1,7,0,0.05,0.04999455,-1.130981e-09,9493624.0,7208.028856767986,5,6075919360.0,ok,5,9,640
vco_current_min,1,7,0,0.1,0.09998634,-7.659153e-10,9489800.0,7041.647534490774,5,6073472000.0,ok,5,9,640
vco_current_min,1,7,0,0.15,0.149988,-5.541262e-10,9490992.0,5885.330916779447,5,6074234880.0,ok,5,9,640
vco_current_min,1,7,0,0.2,0.199984,-4.027575e-10,9485976.0,3264.42644273079,5,6071024640.0,ok,5,9,640
vco_current_min,1,7,0,0.25,0.2499782,-2.67925e-10,9476420.0,0.0,5,6064908800.0,ok,5,9,640
vco_current_min,1,7,0,0.3,0.2999628,-1.260984e-10,9469216.0,2692.2258449097467,5,6060298240.0,ok,5,9,640
vco_current_min,1,7,0,0.35,0.3500004,-2.291293e-10,9451862.0,9152.90227195724,5,6049191680.0,ok,5,9,640
vco_current_min,1,7,0,0.4,0.3999856,-1.210104e-10,9402240.0,0.0,5,6017433600.0,ok,5,9,640
vco_current_min,1,7,0,0.45,0.4499777,-7.903493e-11,9233902.0,8074.269007160958,5,5909697280.0,ok,5,9,640
vco_current_min,1,7,0,0.5,0.4999749,1.763634e-11,8479434.0,20033.158263239475,5,5426837760.0,ok,5,9,640
vco_current_min,1,7,0,0.55,0.5499701,2.154302e-10,6943476.0,23639.922377199127,5,4443824640.0,ok,5,9,640
vco_current_min,1,7,0,0.6,0.5999654,-1.225553e-11,5823624.0,21945.803243444974,5,3727119360.0,ok,5,9,640
vco_current_min,1,7,0,0.65,0.6499856,7.360351e-11,5459348.0,6464.558762978337,5,3493982720.0,ok,5,9,640
vco_current_min,1,7,0,0.7,0.6999731,1.003152e-10,5390728.0,5322.811287280435,5,3450065920.0,ok,5,9,640
vco_current_min,1,7,0,0.75,0.7499755,2.376897e-10,5379658.0,6991.36038264371,5,3442981120.0,ok,5,9,640
vco_current_min,1,8,0,0.0,-7.744966e-07,-1.642964e-09,9259670.0,2973.9704100747203,5,5926188800.0,ok,5,9,640
vco_current_min,1,8,0,0.05,0.04999442,-1.027312e-09,9257010.0,3642.3550074093546,5,5924486400.0,ok,5,9,640
vco_current_min,1,8,0,0.1,0.09998699,-6.387146e-10,9254342.0,6660.001501501332,5,5922778880.0,ok,5,9,640
vco_current_min,1,8,0,0.15,0.1499876,-5.29322e-10,9251682.0,3653.309458559458,5,5921076480.0,ok,5,9,640
vco_current_min,1,8,0,0.2,0.1999854,-3.906735e-10,9246342.0,2991.8589538947185,5,5917658880.0,ok,5,9,640
vco_current_min,1,8,0,0.25,0.2499773,-3.308892e-10,9236964.0,3675.2183608596647,5,5911656960.0,ok,5,9,640
vco_current_min,1,8,0,0.3,0.2999633,-1.260983e-10,9220800.0,0.0,5,5901312000.0,ok,5,9,640
vco_current_min,1,8,0,0.35,0.3500011,-7.967076e-11,9188604.0,2664.2128293362753,5,5880706560.0,ok,5,9,640
vco_current_min,1,8,0,0.4,0.3999866,-1.260984e-10,9086412.0,3899.784609436783,5,5815303680.0,ok,5,9,640
vco_current_min,1,8,0,0.45,0.4499789,-1.286423e-10,8640578.0,13438.28560494232,5,5529969920.0,ok,5,9,640
vco_current_min,1,8,0,0.5,0.4999744,1.28935e-10,7198346.0,30741.25615520615,5,4606941440.0,ok,5,9,640
vco_current_min,1,8,0,0.55,0.5499698,4.94359e-11,4892596.0,33680.38717117129,5,3131261440.0,ok,5,9,640
vco_current_min,1,8,0,0.6,0.5999652,7.042364e-11,3184119.4,15452.266170371257,5,2037836416.0,ok,5,9,640
vco_current_min,1,8,0,0.65,0.649986,-7.167711e-12,2586277.4,5910.7865635632625,5,1655217536.0,ok,5,9,640
vco_current_min,1,8,0,0.7,0.6999732,-8.077983e-13,2470328.0,2418.4160105325136,5,1581009920.0,ok,5,9,640
vco_current_min,1,8,0,0.75,0.7499761,1.804505e-10,2450709.0,2332.1895291763917,5,1568453760.0,ok,5,9,640
vco_current_min,1,9,0,0.0,-2.147208e-06,-1.600986e-09,9246342.0,2991.8589538947185,5,5917658880.0,ok,5,9,640
vco_current_min,1,9,0,0.05,0.04999407,-9.459039e-10,9246342.0,2991.8589538947185,5,5917658880.0,ok,5,9,640
vco_current_min,1,9,0,0.1,0.0999855,-7.894473e-10,9240990.0,0.0,5,5914233600.0,ok,5,9,640
vco_current_min,1,9,0,0.15,0.1499875,-5.560342e-10,9239648.0,3000.803225804718,5,5913374720.0,ok,5,9,640
vco_current_min,1,9,0,0.2,0.1999839,-1.280063e-10,9229504.0,3181.7573760423656,5,5906882560.0,ok,5,9,640
vco_current_min,1,9,0,0.25,0.2499775,-6.758692e-11,9224850.0,3697.1272631598713,5,5903904000.0,ok,5,9,640
vco_current_min,1,9,0,0.3,0.2999622,-1.973296e-10,9209956.0,3719.036165460078,5,5894371840.0,ok,5,9,640
vco_current_min,1,9,0,0.35,0.3499998,-2.526611e-10,9179880.0,0.0,5,5875123200.0,ok,5,9,640
vco_current_min,1,9,0,0.4,0.3999853,1.445633e-11,9072132.0,6396.273915335396,5,5806164480.0,ok,5,9,640
vco_current_min,1,9,0,0.45,0.449979,1.448351e-10,8634688.0,18237.282418167462,5,5526200320.0,ok,5,9,640
vco_current_min,1,9,0,0.5,0.4999747,1.524667e-10,7102440.0,41097.35332110816,5,4545561600.0,ok,5,9,640
vco_current_min,1,9,0,0.55,0.5499695,1.696387e-10,4785886.0,36754.66473796217,5,3062967040.0,ok,5,9,640
vco_current_min,1,9,0,0.6,0.599964,-1.248265e-10,3082330.0,16819.397774593475,5,1972691200.0,ok,5,9,640
vco_current_min,1,9,0,0.65,0.6499866,7.233153e-11,2479019.4,4127.2014489239555,5,1586572416.0,ok,5,9,640
vco_current_min,1,9,0,0.7,0.6999729,3.038334e-10,2363664.0,2475.019898909906,5,1512744960.0,ok,5,9,640
vco_current_min,1,9,0,0.75,0.7499762,2.542256e-10,2343840.8,3115.9014265537994,5,1500058112.0,ok,5,9,640
vco_current_min,1,10,0,0.0,-2.718967e-06,-1.654411e-09,9205878.0,3045.5245853547135,5,5891761920.0,ok,5,9,640
vco_current_min,1,10,0,0.05,0.04999376,-1.047029e-09,9200426.0,4822.471358131637,5,5888272640.0,ok,5,9,640
vco_current_min,1,10,0,0.1,0.09998629,-9.128318e-10,9199060.0,5707.219112667744,5,5887398400.0,ok,5,9,640
vco_current_min,1,10,0,0.15,0.1499873,-3.417013e-10,9194966.0,3054.468857264713,5,5884778240.0,ok,5,9,640
vco_current_min,1,10,0,0.2,0.1999839,-5.846544e-10,9189490.0,3751.899518910388,5,5881273600.0,ok,5,9,640
vco_current_min,1,10,0,0.25,0.249978,-1.998736e-10,9178502.0,3081.3016729947103,5,5874241280.0,ok,5,9,640
vco_current_min,1,10,0,0.3,0.2999634,-2.221334e-10,9163308.0,3795.717323510801,5,5864517120.0,ok,5,9,640
vco_current_min,1,10,0,0.35,0.350001,4.116801e-11,9122868.0,2978.44254602972,5,5838635520.0,ok,5,9,640
vco_current_min,1,10,0,0.4,0.3999865,2.399611e-11,9014364.0,3516.280705518261,5,5769192960.0,ok,5,9,640
vco_current_min,1,10,0,0.45,0.4499786,-6.531498e-12,8520898.0,20483.80384596572,5,5453374720.0,ok,5,9,640
vco_current_min,1,10,0,0.5,0.4999749,-5.868295e-11,6902236.0,36498.55928663486,5,4417431040.0,ok,5,9,640
vco_current_min,1,10,0,0.55,0.5499694,-8.285084e-11,4477766.0,66562.405154862,5,2865770240.0,ok,5,9,640
vco_current_min,1,10,0,0.6,0.5999646,-1.400902e-10,2655612.0,21502.957529140032,5,1699591680.0,ok,5,9,640
vco_current_min,1,10,0,0.65,0.6499858,8.31433e-11,5000900.0,14356.23035479718,5,1280230400.0,ok,1,63,256
vco_current_min,1,10,0,0.7,0.6999736,1.35931e-10,4657478.0,5162.0364198637735,5,1192314368.0,ok,1,63,256
vco_current_min,1,10,0,0.75,0.7499752,2.313298e-10,4601186.0,10499.070435043286,5,1177903616.0,ok,1,63,256
vco_current_min,1,11,0,0.0,-2.718938e-06,-1.480783e-09,9188120.0,3063.4131291747117,5,5880396800.0,ok,5,9,640
vco_current_min,1,11,0,0.05,0.04999467,-1.031765e-09,9190860.0,3751.899518910388,5,5882150400.0,ok,5,9,640
vco_current_min,1,11,0,0.1,0.09998662,-5.388621e-10,9189490.0,3751.899518910388,5,5881273600.0,ok,5,9,640
vco_current_min,1,11,0,0.15,0.1499882,-3.957615e-10,9184002.0,3762.853970060491,5,5877761280.0,ok,5,9,640
vco_current_min,1,11,0,0.2,0.199984,-4.9625e-10,9175746.0,3773.8084212105946,5,5872477440.0,ok,5,9,640
vco_current_min,1,11,0,0.25,0.2499776,1.416552e-10,9168844.0,3784.7628723606977,5,5868060160.0,ok,5,9,640
vco_current_min,1,11,0,0.3,0.2999628,-2.306724e-11,9152200.0,0.0,5,5857408000.0,ok,5,9,640
vco_current_min,1,11,0,0.35,0.3500002,-2.456652e-10,9113316.0,3855.9668048363696,5,5832522240.0,ok,5,9,640
vco_current_min,1,11,0,0.4,0.3999858,-2.138655e-10,9005152.0,8438.18226871167,5,5763297280.0,ok,5,9,640
vco_current_min,1,11,0,0.45,0.4499782,2.351459e-10,8472990.0,63023.51386585803,5,5422713600.0,ok,5,9,640
vco_current_min,1,11,0,0.5,0.4999747,6.915174e-11,6833738.0,28134.983916824975,5,4373592320.0,ok,5,9,640
vco_current_min,1,11,0,0.55,0.5499701,-1.248264e-10,4439440.0,60967.48641694194,5,2841241600.0,ok,5,9,640
vco_current_min,1,11,0,0.6,0.599965,-7.839891e-11,2581334.4,24283.208309447087,5,1652054016.0,ok,5,9,640
vco_current_min,1,11,0,0.65,0.6499851,-1.909698e-10,5021984.0,15135.38007451415,5,1205276160.0,ok,0,119,240
vco_current_min,1,11,0,0.7,0.6999738,2.097062e-10,4671188.0,9173.511868417678,5,1121085120.0,ok,0,119,240
vco_current_min,1,11,0,0.75,0.7499751,3.86512e-10,4621410.0,8878.896327810118,5,1109138400.0,ok,0,119,240
vco_current_min,1,12,0,0.0,-3.062232e-06,-1.785427e-09,9141462.0,3547.9106527645254,5,5850535680.0,ok,5,9,640
vco_current_min,1,12,0,0.05,0.04999476,-1.079464e-09,9143910.0,3174.1219258245264,5,5852102400.0,ok,5,9,640
vco_current_min,1,12,0,0.1,0.0999859,-7.88175e-10,9143910.0,3174.1219258245264,5,5852102400.0,ok,5,9,640
vco_current_min,1,12,0,0.15,0.1499877,-6.507986e-10,9136838.0,3134.9673044547053,5,5847576320.0,ok,5,9,640
vco_current_min,1,12,0,0.2,0.1999838,-3.932175e-10,9134034.0,3839.5351281112144,5,5845781760.0,ok,5,9,640
vco_current_min,1,12,0,0.25,0.2499775,-8.857463e-11,9121534.0,7841.05732666201,5,5837781760.0,ok,5,9,640
vco_current_min,1,12,0,0.3,0.299963,-1.973296e-10,9100608.0,3877.8757071365762,5,5824389120.0,ok,5,9,640
vco_current_min,1,12,0,0.35,0.3500001,-5.55031e-11,9067240.0,0.0,5,5803033600.0,ok,5,9,640
vco_current_min,1,12,0,0.4,0.3999865,8.377979e-11,8937764.0,6771.9332542487455,5,5720168960.0,ok,5,9,640
vco_current_min,1,12,0,0.45,0.449978,8.096385e-12,8380860.0,11129.15091100844,5,5363750400.0,ok,5,9,640
vco_current_min,1,12,0,0.5,0.4999746,-3.896712e-11,6671250.0,30306.71625234248,5,4269600000.0,ok,5,9,640
vco_current_min,1,12,0,0.55,0.5499695,7.46031e-12,4087518.0,63629.71491370993,5,2616011520.0,ok,5,9,640
vco_current_min,1,12,0,0.6,0.5999647,6.851569e-11,2113792.2,17420.89719847976,5,1352827008.0,ok,5,9,640
vco_current_min,1,12,0,0.65,0.6499857,-6.695099e-11,5015974.0,28543.771299532233,5,882811424.0,ok,0,87,176
vco_current_min,1,12,0,0.7,0.6999732,1.422908e-10,4448790.0,10960.85991152154,5,782987040.0,ok,0,87,176
vco_current_min,1,12,0,0.75,0.7499757,2.586776e-10,4353818.0,12839.747661071848,5,766271968.0,ok,0,87,176
vco_current_min,1,13,0,0.0,-1.804074e-06,-1.727551e-09,9135436.0,3839.5351281112144,5,5846679040.0,ok,5,9,640
vco_current_min,1,13,0,0.05,0.04999363,-1.113809e-09,9134108.0,6435.403639244395,5,5845829120.0,ok,5,9,640
vco_current_min,1,13,0,0.1,0.09998662,-5.935583e-10,9127012.0,3850.489579261318,5,5841287680.0,ok,5,9,640
vco_current_min,1,13,0,0.15,0.1499871,-4.530017e-10,9122942.0,5705.683131755566,5,5838682880.0,ok,5,9,640
vco_current_min,1,13,0,0.2,0.1999837,-3.391573e-10,9120204.0,3647.8322329844063,5,5836930560.0,ok,5,9,640
vco_current_min,1,13,0,0.25,0.2499765,-1.076545e-10,9107676.0,3866.9212559864727,5,5828912640.0,ok,5,9,640
vco_current_min,1,13,0,0.3,0.2999622,-1.807938e-10,9086412.0,3899.784609436783,5,5815303680.0,ok,5,9,640
vco_current_min,1,13,0,0.35,0.3499999,-7.076691e-11,9052464.0,4540.675059944281,5,5793576960.0,ok,5,9,640
vco_current_min,1,13,0,0.4,0.3999847,-5.868303e-11,8922892.0,6494.048814106651,5,5710650880.0,ok,5,9,640
vco_current_min,1,13,0,0.45,0.4499779,6.915168e-11,8357148.0,17215.93215600015,5,5348574720.0,ok,5,9,640
vco_current_min,1,13,0,0.5,0.4999744,3.226405e-11,6650114.0,46765.82277689552,5,4256072960.0,ok,5,9,640
vco_current_min,1,13,0,0.55,0.5499687,-1.717237e-13,3987106.0,58542.92937665487,5,2551747840.0,ok,5,9,640
vco_current_min,1,13,0,0.6,0.599964,8.09619e-12,2013226.2,31791.928412727655,5,1288464768.0,ok,5,9,640
vco_current_min,1,13,0,0.65,0.6499854,-5.995505e-11,4988908.0,58578.201320969216,5,798225280.0,ok,0,79,160
vco_current_min,1,13,0,0.7,0.6999724,7.86915e-11,4351504.0,8696.926468586475,5,696240640.0,ok,0,79,160
vco_current_min,1,13,0,0.75,0.7499758,3.547127e-10,4257730.0,7612.785298430529,5,681236800.0,ok,0,79,160
vco_current_min,1,14,0,0.0,-2.261484e-06,-1.576819e-09,9076428.0,3193.1050718696997,5,5808913920.0,ok,5,9,640
vco_current_min,1,14,0,0.05,0.04999476,-9.88516e-10,9070704.0,3921.6935117369894,5,5805250560.0,ok,5,9,640
vco_current_min,1,14,0,0.1,0.09998593,-6.139104e-10,9072136.0,3921.6935117369894,5,5806167040.0,ok,5,9,640
vco_current_min,1,14,0,0.15,0.149987,-4.835298e-10,9070704.0,3921.6935117369894,5,5805250560.0,ok,5,9,640
vco_current_min,1,14,0,0.2,0.1999864,-2.80645e-10,9067240.0,0.0,5,5803033600.0,ok,5,9,640
vco_current_min,1,14,0,0.25,0.2499778,-3.607813e-10,9056796.0,3714.0315022896616,5,5796349440.0,ok,5,9,640
vco_current_min,1,14,0,0.3,0.2999626,-1.725259e-10,9030982.0,7300.001369862885,5,5779828480.0,ok,5,9,640
vco_current_min,1,14,0,0.35,0.3499995,6.915171e-11,8991800.0,9675.267438164177,5,5754752000.0,ok,5,9,640
vco_current_min,1,14,0,0.4,0.3999855,-6.249902e-11,8850730.0,8195.309634174904,5,5664467200.0,ok,5,9,640
vco_current_min,1,14,0,0.45,0.4499792,-4.72351e-11,8236784.0,19929.66833642748,5,5271541760.0,ok,5,9,640
vco_current_min,1,14,0,0.5,0.4999736,2.972006e-11,6368362.0,62677.93248025975,5,4075751680.0,ok,5,9,640
vco_current_min,1,14,0,0.55,0.5499694,-2.05235e-11,3665525.0,59725.63428713001,5,2345936000.0,ok,5,9,640
vco_current_min,1,14,0,0.6,0.599965,-3.896715e-11,4925724.0,239405.669586165,5,945739008.0,ok,0,95,192
vco_current_min,1,14,0,0.65,0.649985,1.382006e-11,476651.16,84924.60976894744,5,nan,unstable,5,9,640
vco_current_min,1,14,0,0.7,0.6999733,5.325168e-11,76.59656,11.536953218592853,5,nan,unstable,5,9,640
vco_current_min,1,14,0,0.75,0.7499752,2.07162e-10,nan,nan,0,nan,no_clock,5,9,640
vco_current_min,1,15,0,0.0,-1.80403e-06,-1.58445e-09,9065918.0,3301.729849639428,5,5802187520.0,ok,5,9,640
vco_current_min,1,15,0,0.05,0.04999407,-9.675281e-10,9066038.0,3371.9460256652983,5,5802264320.0,ok,5,9,640
vco_current_min,1,15,0,0.1,0.09998526,-6.819627e-10,9064356.0,3949.079639612248,5,5801187840.0,ok,5,9,640
vco_current_min,1,15,0,0.15,0.149987,-3.919455e-10,9058584.0,3233.354295464696,5,5797493760.0,ok,5,9,640
vco_current_min,1,15,0,0.2,0.1999826,-3.499693e-10,9048450.0,3970.9885419124544,5,5791008000.0,ok,5,9,640
vco_current_min,1,15,0,0.25,0.2499766,-1.966936e-10,9038276.0,5147.740280938812,5,5784496640.0,ok,5,9,640
vco_current_min,1,15,0,0.3,0.2999614,-1.159225e-10,9019564.0,6546.3142301603575,5,5772520960.0,ok,5,9,640
vco_current_min,1,15,0,0.35,0.3499999,-2.052361e-11,8979212.0,4193.1575214866425,5,5746695680.0,ok,5,9,640
vco_current_min,1,15,0,0.4,0.3999842,-3.642318e-11,8834450.0,6058.605450101533,5,5654048000.0,ok,5,9,640
vco_current_min,1,15,0,0.45,0.4499771,1.37839e-10,8184620.0,21662.34867229313,5,5238156800.0,ok,5,9,640
vco_current_min,1,15,0,0.5,0.499974,-1.273704e-10,6333306.0,21682.88680042397,5,4053315840.0,ok,5,9,640
vco_current_min,1,15,0,0.55,0.5499705,1.969862e-10,3588919.0,43760.84985463605,5,2296908160.0,ok,5,9,640
vco_current_min,1,15,0,0.6,0.5999644,2.972006e-11,4798858.0,132822.81400422144,5,835001292.0,ok,0,86,174
vco_current_min,1,15,0,0.65,0.6499863,7.042358e-11,1381.2492,280.41431353481227,5,nan,unstable,5,9,640
vco_current_min,1,15,0,0.7,0.6999733,1.060392e-10,15.11772,0.7825775722572172,5,nan,unverified,5,9,640
vco_current_min,1,15,0,0.75,0.7499766,2.20518e-10,nan,nan,0,nan,no_clock,5,9,640
vco_current_max,2,15,0,0.0,-2.375993e-06,-1.74981e-09,6023300.0,0.0,5,3854912000.0,ok,5,9,640
vco_current_max,2,15,0,0.05,0.04999408,-1.102361e-09,6022140.0,1588.3954167649817,5,3854169600.0,ok,5,9,640
vco_current_max,2,15,0,0.1,0.09998637,-6.972267e-10,6020400.0,2050.609665440988,5,3853056000.0,ok,5,9,640
vco_current_max,2,15,0,0.15,0.1499876,-5.484021e-10,6017500.0,2050.609665440988,5,3851200000.0,ok,5,9,640
vco_current_max,2,15,0,0.2,0.1999842,-4.173856e-10,6015760.0,1588.3954167649817,5,3850086400.0,ok,5,9,640
vco_current_max,2,15,0,0.25,0.249977,-1.877898e-10,6011200.0,0.0,5,3847168000.0,ok,5,9,640
vco_current_max,2,15,0,0.3,0.2999628,-2.062336e-10,6003686.0,1582.91819118993,5,3842359040.0,ok,5,9,640
vco_current_max,2,15,0,0.35,0.35,-1.000227e-10,5992132.0,2670.1067394394554,5,3834964480.0,ok,5,9,640
vco_current_max,2,15,0,0.4,0.3999852,4.280326e-12,5958320.0,2008.183258569795,5,3813324800.0,ok,5,9,640
vco_current_max,2,15,0,0.45,0.4499794,1.827219e-11,5834718.0,4276.16884605835,5,3734219520.0,ok,5,9,640
vco_current_max,2,15,0,0.5,0.4999753,-4.405516e-11,4982234.0,42192.68277794148,5,3188629760.0,ok,5,9,640
vco_current_max,2,15,0,0.55,0.5499695,7.551151e-11,2997560.2,12270.526361978122,5,1918438528.0,ok,5,9,640
vco_current_max,2,15,0,0.6,0.5999647,-6.377102e-11,5011648.0,91011.30545157562,5,751747200.0,ok,0,74,150
vco_current_max,2,15,0,0.65,0.6499848,4.371173e-11,5040632.0,201314.98123587325,5,241950336.0,ok,0,23,48
vco_current_max,2,15,0,0.7,0.699973,1.416548e-10,46.883548,1.812097869409927,5,nan,unverified,5,9,640
vco_current_max,2,15,0,0.75,0.7499757,3.801524e-10,nan,nan,0,nan,no_clock,5,9,640
vco_current_max,2,15,1,0.0,-2.718982e-06,-1.849028e-09,5982474.0,2021.096237194063,5,3828783360.0,ok,5,9,640
vco_current_max,2,15,1,0.05,0.04999431,-1.349766e-09,5979854.0,2699.5888575855397,5,3827106560.0,ok,5,9,640
vco_current_max,2,15,1,0.1,0.09998626,-7.493789e-10,5978544.0,1566.4865144647752,5,3826268160.0,ok,5,9,640
vco_current_max,2,15,1,0.15,0.1499873,-4.752619e-10,5977400.0,0.0,5,3825536000.0,ok,5,9,640
vco_current_max,2,15,1,0.2,0.199985,-6.043705e-10,5974352.0,420.38077976996044,5,3823585280.0,ok,5,9,640
vco_current_max,2,15,1,0.25,0.2499774,-3.238932e-10,5972024.0,1464.4555302227513,5,3822095360.0,ok,5,9,640
vco_current_max,2,15,1,0.3,0.2999629,-2.062336e-10,5964272.0,1739.6608864948364,5,3817134080.0,ok,5,9,640
vco_current_max,2,15,1,0.35,0.350001,-1.089265e-10,5943566.0,1265.6144752648809,5,3803882240.0,ok,5,9,640
vco_current_max,2,15,1,0.4,0.3999855,-1.197384e-10,5904756.0,1528.1459354394135,5,3779043840.0,ok,5,9,640
vco_current_max,2,15,1,0.45,0.4499793,-6.249895e-11,5741862.0,3517.2745130285184,5,3674791680.0,ok,5,9,640
vco_current_max,2,15,1,0.5,0.4999753,-1.225545e-11,4699260.0,18031.310268530127,5,3007526400.0,ok,5,9,640
vco_current_max,2,15,1,0.55,0.5499699,-1.289152e-11,2705477.2,41948.39898851921,5,1731505408.0,ok,5,9,640
vco_current_max,2,15,1,0.6,0.5999646,4.243997e-11,5119782.0,79105.6955598015,5,665571660.0,ok,0,64,130
vco_current_max,2,15,1,0.65,0.649986,1.636419e-11,285425.1,49964.364474193004,5,nan,unstable,5,9,640
vco_current_max,2,15,1,0.7,0.6999744,-4.623607e-12,32.589028,0.29995544389125445,5,nan,unverified,5,9,640
vco_current_max,2,15,1,0.75,0.7499758,2.071621e-10,nan,nan,0,nan,no_clock,5,9,640
vco_current_max,2,15,2,0.0,-1.803943e-06,-1.700204e-09,5920670.0,0.0,5,3789228800.0,ok,5,9,640
vco_current_max,2,15,2,0.05,0.04999453,-1.125257e-09,5921232.0,1256.6702033548818,5,3789588480.0,ok,5,9,640
vco_current_max,2,15,2,0.1,0.09998657,-8.18703e-10,5918640.0,1252.1980673998821,5,3787929600.0,ok,5,9,640
vco_current_max,2,15,2,0.15,0.1499873,-5.057899e-10,5917520.0,2504.3961347997642,5,3787212800.0,ok,5,9,640
vco_current_max,2,15,2,0.2,0.199984,-4.320137e-10,5915068.0,1357.4498149102972,5,3785643520.0,ok,5,9,640
vco_current_max,2,15,2,0.25,0.2499775,-2.85097e-10,5907304.0,1954.323412334816,5,3780674560.0,ok,5,9,640
vco_current_max,2,15,2,0.3,0.2999619,-2.914571e-10,5898060.0,0.0,5,3774758400.0,ok,5,9,640
vco_current_max,2,15,2,0.35,0.3499999,-9.175474e-11,5882372.0,1517.1914842893102,5,3764718080.0,ok,5,9,640
vco_current_max,2,15,2,0.4,0.3999855,-1.67438e-10,5831136.0,1216.4209797598855,5,3731927040.0,ok,5,9,640
vco_current_max,2,15,2,0.45,0.4499778,9.013959e-11,5627992.0,12625.550285037085,5,3601914880.0,ok,5,9,640
vco_current_max,2,15,2,0.5,0.4999747,3.989586e-11,4544808.0,22545.17509357601,5,2908677120.0,ok,5,9,640
vco_current_max,2,15,2,0.55,0.5499705,-9.711482e-12,2536392.4,52937.60251749223,5,1623291136.0,ok,5,9,640
vco_current_max,2,15,2,0.6,0.5999653,-3.769532e-11,5099122.0,75474.12947493995,5,652687616.0,ok,0,63,128
vco_current_max,2,15,2,0.65,0.6499866,7.487558e-11,4755360.0,263073.7573381275,5,180703680.0,ok,0,18,38
vco_current_max,2,15,2,0.7,0.6999733,2.446861e-10,32.43594,0.430312631234549,5,nan,unverified,5,9,640
vco_current_max,2,15,2,0.75,0.749975,1.702745e-10,nan,nan,0,nan,no_clock,5,9,640
vco_current_max,2,15,3,0.0,-2.490196e-06,-1.608619e-09,5859150.0,1506.237033139207,5,3749856000.0,ok,5,9,640
vco_current_max,2,15,3,0.05,0.04999511,-1.136069e-09,5857076.0,948.0928224599108,5,3748528640.0,ok,5,9,640
vco_current_max,2,15,3,0.1,0.09998609,-7.449272e-10,5854708.0,2076.757087384078,5,3747013120.0,ok,5,9,640
vco_current_max,2,15,3,0.15,0.1499873,-5.662104e-10,5853736.0,1500.7598075641552,5,3746391040.0,ok,5,9,640
vco_current_max,2,15,3,0.2,0.199984,-4.835299e-10,5849454.0,2793.4709592190143,5,3743650560.0,ok,5,9,640
vco_current_max,2,15,3,0.25,0.2499774,-3.677774e-10,5842746.0,1220.8931157148852,5,3739357440.0,ok,5,9,640
vco_current_max,2,15,3,0.3,0.2999641,-1.413621e-10,5830592.0,1489.8053564140519,5,3731578880.0,ok,5,9,640
vco_current_max,2,15,3,0.35,0.3500005,-1.165584e-10,5808780.0,1478.8509052639486,5,3717619200.0,ok,5,9,640
vco_current_max,2,15,3,0.4,0.3999859,-1.98874e-11,5745812.0,3217.564296171873,5,3677319680.0,ok,5,9,640
vco_current_max,2,15,3,0.45,0.4499791,6.08838e-11,5460314.0,14058.971512881018,5,3494600960.0,ok,5,9,640
vco_current_max,2,15,3,0.5,0.4999746,-5.105107e-11,4189550.0,32540.162876052113,5,2681312000.0,ok,5,9,640
vco_current_max,2,15,3,0.55,0.5499701,-1.54718e-10,2238084.8,42060.332811331864,5,1432374272.0,ok,5,9,640
vco_current_max,2,15,3,0.6,0.5999647,4.625586e-11,833056.1,17702.4546007044,5,nan,unverified,5,9,640
vco_current_max,2,15,3,0.65,0.6499857,2.809375e-10,43047.492,14164.509558898257,5,nan,unstable,5,9,640
vco_current_max,2,15,3,0.7,0.6999721,1.562827e-10,19.450782,0.1988421536546007,5,nan,unverified,5,9,640
vco_current_max,2,15,3,0.75,0.749975,8.250756e-11,nan,nan,0,nan,no_clock,5,9,640
vco_current_max,2,15,4,0.0,-2.147135e-06,-1.583179e-09,5799096.0,2239.8727642435406,5,3711421440.0,ok,5,9,640
vco_current_max,2,15,4,0.05,0.04999421,-9.344562e-10,5797488.0,1203.0045718948868,5,3710392320.0,ok,5,9,640
vco_current_max,2,15,4,0.1,0.09998596,-7.16307e-10,5795874.0,1473.3736796888968,5,3709359360.0,ok,5,9,640
vco_current_max,2,15,4,0.15,0.1499871,-6.686066e-10,5793722.0,1203.0045718948868,5,3707982080.0,ok,5,9,640
vco_current_max,2,15,4,0.2,0.1999839,-4.320137e-10,5789372.0,2285.4036842536157,5,3705198080.0,ok,5,9,640
vco_current_max,2,15,4,0.25,0.2499777,-2.602931e-10,5784212.0,1182.6749342063524,5,3701895680.0,ok,5,9,640
vco_current_max,2,15,4,0.3,0.2999622,-1.769778e-10,5772540.0,1887.975105768082,5,3694425600.0,ok,5,9,640
vco_current_max,2,15,4,0.35,0.3499998,-1.032025e-10,5749098.0,2659.8721773799584,5,3679422720.0,ok,5,9,640
vco_current_max,2,15,4,0.4,0.3999856,-8.603067e-11,5682536.0,2458.908294345277,5,3636823040.0,ok,5,9,640
vco_current_max,2,15,4,0.45,0.4499789,2.526837e-11,5389414.0,13202.745169092675,5,3449224960.0,ok,5,9,640
vco_current_max,2,15,4,0.5,0.4999738,-6.504296e-11,4245884.0,22535.217549426943,5,2717365760.0,ok,5,9,640
vco_current_max,2,15,4,0.55,0.5499704,-2.815537e-11,2449031.2,51572.84204598385,5,1567379968.0,ok,5,9,640
vco_current_max,2,15,4,0.6,0.5999652,3.7988e-11,5022658.0,139868.0532501972,5,632854908.0,ok,0,62,126
vco_current_max,2,15,4,0.65,0.6499857,5.515988e-11,5153000.0,450231.65148620994,5,185508000.0,ok,0,17,36
vco_current_max,2,15,4,0.7,0.6999747,-7.967081e-11,30.688354,2.279144255917119,5,nan,unverified,5,9,640
vco_current_max,2,15,4,0.75,0.749975,8.377951e-11,nan,nan,0,nan,no_clock,5,9,640
vco_current_max,2,15,5,0.0,-2.604589e-06,-1.730096e-09,5707548.0,1167.2274842548902,5,3652830720.0,ok,5,9,640
vco_current_max,2,15,5,0.05,0.04999283,-1.068017e-09,5704518.0,2700.299983335185,5,3650891520.0,ok,5,9,640
vco_current_max,2,15,5,0.1,0.0999857,-7.194868e-10,5703996.0,2004.664560468908,5,3650557440.0,ok,5,9,640
vco_current_max,2,15,5,0.15,0.1499875,-6.641547e-10,5698994.0,2185.413004445613,5,3647356160.0,ok,5,9,640
vco_current_max,2,15,5,0.2,0.1999837,-3.486972e-10,5694804.0,1708.8241571326173,5,3644674560.0,ok,5,9,640
vco_current_max,2,15,5,0.25,0.2499779,-2.049616e-10,5688676.0,2316.5664246897823,5,3640752640.0,ok,5,9,640
vco_current_max,2,15,5,0.3,0.2999629,-1.489941e-10,5673134.0,639.5154415649398,5,3630805760.0,ok,5,9,640
vco_current_max,2,15,5,0.35,0.3499999,-1.152864e-10,5644170.0,2280.7893370497854,5,3612268800.0,ok,5,9,640
vco_current_max,2,15,5,0.4,0.3999865,-2.024176e-10,5555524.0,3220.4859881701086,5,3555535360.0,ok,5,9,640
vco_current_max,2,15,5,0.45,0.4499789,-1.60442e-10,5120306.0,17284.096158029206,5,3276995840.0,ok,5,9,640
vco_current_max,2,15,5,0.5,0.4999746,-8.439471e-12,3855984.0,19063.039631706168,5,2467829760.0,ok,5,9,640
vco_current_max,2,15,5,0.55,0.5499703,1.041313e-10,2130982.4,56679.87950587051,5,1363828736.0,ok,5,9,640
vco_current_max,2,15,5,0.6,0.5999634,5.388762e-11,5066800.0,77893.03852078182,5,526947200.0,ok,0,51,104
vco_current_max,2,15,5,0.65,0.6499857,2.135222e-10,36268.554000000004,7690.038581832993,5,nan,unstable,5,9,640
vco_current_max,2,15,5,0.7,0.6999731,9.33193e-11,18.922038,0.8877078436174819,5,nan,unverified,5,9,640
vco_current_max,2,15,5,0.75,0.7499766,1.333871e-10,nan,nan,0,nan,no_clock,5,9,640
vco_current_max,2,15,6,0.0,-3.634079e-06,-1.628971e-09,5566112.0,2218.1794336797916,5,3562311680.0,ok,5,9,640
vco_current_max,2,15,6,0.05,0.0499949,-1.077557e-09,5563098.0,2143.646426069374,5,3560382720.0,ok,5,9,640
vco_current_max,2,15,6,0.1,0.09998591,-7.91991e-10,5562140.0,2064.013081353895,5,3559769600.0,ok,5,9,640
vco_current_max,2,15,6,0.15,0.149987,-5.394981e-10,5557994.0,1104.6175808848961,5,3557116160.0,ok,5,9,640
vco_current_max,2,15,6,0.2,0.1999837,-3.188052e-10,5552560.0,1746.5537495307724,5,3553638400.0,ok,5,9,640
vco_current_max,2,15,6,0.25,0.2499776,-2.170455e-10,5545824.0,2200.290889859793,5,3549327360.0,ok,5,9,640
vco_current_max,2,15,6,0.3,0.2999632,-9.684258e-11,5528876.0,3119.43584643121,5,3538480640.0,ok,5,9,640
vco_current_max,2,15,6,0.35,0.3499998,-2.879133e-11,5491426.0,2155.5695303097973,5,3514512640.0,ok,5,9,640
vco_current_max,2,15,6,0.4,0.3999848,-1.161951e-11,5369568.0,7296.157893028358,5,3436523520.0,ok,5,9,640
vco_current_max,2,15,6,0.45,0.449978,-1.159224e-10,4842484.0,18996.924224726485,5,3099189760.0,ok,5,9,640
vco_current_max,2,15,6,0.5,0.4999742,1.028593e-10,3547851.2,29963.68430617303,5,2270624768.0,ok,5,9,640
vco_current_max,2,15,6,0.55,0.5499697,-3.769536e-11,4886154.0,32239.98418113756,5,1250855424.0,ok,1,63,256
vco_current_max,2,15,6,0.6,0.5999633,-5.86832e-11,5072722.0,49804.47289149841,5,517417644.0,ok,0,50,102
vco_current_max,2,15,6,0.65,0.6499851,1.887181e-10,45990.75,13646.385495894141,5,nan,unstable,5,9,640
vco_current_max,2,15,6,0.7,0.6999725,-3.069939e-11,18.451842,1.1031432362662612,5,nan,unverified,5,9,640
vco_current_max,2,15,6,0.75,0.7499753,3.712483e-10,nan,nan,0,nan,no_clock,5,9,640
vco_current_max,2,15,7,0.0,-2.947665e-06,-1.667768e-09,5403574.0,2954.1631640787887,5,3458287360.0,ok,5,9,640
vco_current_max,2,15,7,0.05,0.04999452,-1.055296e-09,5404510.0,3715.6493375990153,5,3458886400.0,ok,5,9,640
vco_current_max,2,15,7,0.1,0.0999854,-6.927749e-10,5401280.0,2437.3653808979893,5,3456819200.0,ok,5,9,640
vco_current_max,2,15,7,0.15,0.149987,-5.229621e-10,5393484.0,1949.417861824396,5,3451829760.0,ok,5,9,640
vco_current_max,2,15,7,0.2,0.1999842,-2.81281e-10,5388856.0,1911.2901401932675,5,3448867840.0,ok,5,9,640
vco_current_max,2,15,7,0.25,0.2499779,-2.78737e-10,5378212.0,3050.232778002361,5,3442055680.0,ok,5,9,640
vco_current_max,2,15,7,0.3,0.2999624,-3.576013e-10,5357928.0,4347.265807378242,5,3429073920.0,ok,5,9,640
vco_current_max,2,15,7,0.35,0.3499993,-1.057466e-10,5309326.0,2976.706233406313,5,3397968640.0,ok,5,9,640
vco_current_max,2,15,7,0.4,0.3999853,2.071623e-10,5132544.0,2850.092980939394,5,3284828160.0,ok,5,9,640
vco_current_max,2,15,7,0.45,0.4499784,-1.795218e-10,4463972.0,20118.258373924917,5,2856942080.0,ok,5,9,640
vco_current_max,2,15,7,0.5,0.4999747,-7.331083e-11,3089706.4,32121.010900966365,5,1977412096.0,ok,5,9,640
vco_current_max,2,15,7,0.55,0.5499692,5.515957e-11,4795876.0,96193.8830175807,5,978358704.0,ok,0,101,204
vco_current_max,2,15,7,0.6,0.599964,2.364181e-10,5109844.0,66402.17526557394,5,408787520.0,ok,0,39,80
vco_current_max,2,15,7,0.65,0.6499847,1.352951e-10,674.44348,144.55217977590996,5,nan,unstable,5,9,640
vco_current_max,2,15,7,0.7,0.6999736,1.028593e-10,1848.5381,903.2043374428106,4,nan,unstable,0,0,2
vco_current_max,2,15,7,0.75,0.7499755,2.955653e-10,nan,nan,0,nan,no_clock,5,9,640
vco_current_max,2,15,8,0.0,-2.604676e-06,-1.427358e-09,5265076.0,4124.982424204981,5,3369648640.0,ok,5,9,640
vco_current_max,2,15,8,0.05,0.04999373,-1.030492e-09,5264756.0,4788.786902755227,5,3369443840.0,ok,5,9,640
vco_current_max,2,15,8,0.1,0.09998593,-6.406225e-10,5263176.0,992.8141820099066,5,3368432640.0,ok,5,9,640
vco_current_max,2,15,8,0.15,0.1499888,-3.849495e-10,5258672.0,4384.737164300729,5,3365550080.0,ok,5,9,640
vco_current_max,2,15,8,0.2,0.1999836,-4.313775e-10,5260000.0,2584.5986148723364,5,3366400000.0,ok,5,9,640
vco_current_max,2,15,8,0.25,0.2499781,6.342807e-11,5257468.0,2460.176822913345,5,3364779520.0,ok,5,9,640
vco_current_max,2,15,8,0.3,0.2999625,-2.475732e-10,5242600.0,2694.438717061496,5,3355264000.0,ok,5,9,640
vco_current_max,2,15,8,0.35,0.3499998,-6.695089e-11,5228432.0,3935.5901717531515,5,3346196480.0,ok,5,9,640
vco_current_max,2,15,8,0.4,0.3999851,-2.115957e-11,5148208.0,1896.1856449198217,5,3294853120.0,ok,5,9,640
vco_current_max,2,15,8,0.45,0.4499786,6.151987e-11,4827552.0,16011.099899757044,5,3089633280.0,ok,5,9,640
vco_current_max,2,15,8,0.5,0.4999755,-6.377104e-11,3912208.0,19792.41571915869,5,2503813120.0,ok,5,9,640
vco_current_max,2,15,8,0.55,0.5499698,-6.531525e-12,2381454.4,22444.228808315067,5,1524130816.0,ok,5,9,640
vco_current_max,2,15,8,0.6,0.5999652,2.463219e-11,4886446.0,225459.42269064736,5,615692196.0,ok,0,62,126
vco_current_max,2,15,8,0.65,0.6499857,-7.967084e-11,288543.08,33712.388139554874,5,nan,unstable,5,9,640
vco_current_max,2,15,8,0.7,0.6999736,-3.006331e-11,31.931934000000002,0.36576274062566816,5,nan,unverified,5,9,640
vco_current_max,2,15,8,0.75,0.7499745,3.235487e-10,nan,nan,0,nan,no_clock,5,9,640
vco_current_max,2,15,9,0.0,-1.575172e-06,-1.671584e-09,4961636.0,4283.045645332302,5,3175447040.0,ok,5,9,640
vco_current_max,2,15,9,0.05,0.04999387,-9.840644e-10,4955650.0,4084.4216236818647,5,3171616000.0,ok,5,9,640
vco_current_max,2,15,9,0.1,0.09998676,-5.153301e-10,4956370.0,4178.289123552845,5,3172076800.0,ok,5,9,640
vco_current_max,2,15,9,0.15,0.1499878,-3.207132e-10,4960066.0,2921.982203915691,5,3174442240.0,ok,5,9,640
vco_current_max,2,15,9,0.2,0.1999844,-3.582373e-10,4957050.0,4096.54732671307,5,3172512000.0,ok,5,9,640
vco_current_max,2,15,9,0.25,0.2499781,-3.188051e-10,4953970.0,5187.031906591668,5,3170540800.0,ok,5,9,640
vco_current_max,2,15,9,0.3,0.2999633,-2.380333e-10,4948218.0,3182.2429197030197,5,3166859520.0,ok,5,9,640
vco_current_max,2,15,9,0.35,0.3500009,-1.57262e-10,4918142.0,5152.593521713119,5,3147610880.0,ok,5,9,640
vco_current_max,2,15,9,0.4,0.3999855,7.169562e-11,4812218.0,4414.931483047048,5,3079819520.0,ok,5,9,640
vco_current_max,2,15,9,0.45,0.449979,-9.557062e-11,4431480.0,18137.47501721229,5,2836147200.0,ok,5,9,640
vco_current_max,2,15,9,0.5,0.4999746,2.972014e-11,3475360.2,32358.942708314808,5,2224230528.0,ok,5,9,640
vco_current_max,2,15,9,0.55,0.5499695,8.187151e-11,2037321.8,17946.16917896407,5,1303885952.0,ok,5,9,640
vco_current_max,2,15,9,0.6,0.5999652,8.759543e-11,5269120.0,107022.90315628707,5,537450240.0,ok,0,50,102
vco_current_max,2,15,9,0.65,0.6499855,-9.711593e-12,44598.432,12362.595865477446,5,nan,unstable,5,9,640
vco_current_max,2,15,9,0.7,0.6999736,1.581906e-10,18.262664,1.0381981255425203,5,nan,unverified,5,9,640
vco_current_max,2,15,9,0.75,0.7499754,4.488399e-10,nan,nan,0,nan,no_clock,5,9,640
vco_current_max,2,15,10,0.0,-2.26144e-06,-1.328142e-09,4499388.0,2456.8516438727024,5,2879608320.0,ok,5,9,640
vco_current_max,2,15,10,0.05,0.04999407,-9.60532e-10,4499712.0,1847.0841886606036,5,2879815680.0,ok,5,9,640
vco_current_max,2,15,10,0.1,0.09998482,-8.714918e-10,4500290.0,5876.265821080595,5,2880185600.0,ok,5,9,640
vco_current_max,2,15,10,0.15,0.1499877,-4.154776e-10,4500774.0,5505.322878814648,5,2880495360.0,ok,5,9,640
vco_current_max,2,15,10,0.2,0.1999839,-4.250177e-10,4499064.0,2661.9316294751075,5,2879400960.0,ok,5,9,640
vco_current_max,2,15,10,0.25,0.2499775,-4.409177e-10,4498416.0,2661.9316294751075,5,2878986240.0,ok,5,9,640
vco_current_max,2,15,10,0.3,0.2999632,3.735218e-11,4486104.0,4198.366348950506,5,2871106560.0,ok,5,9,640
vco_current_max,2,15,10,0.35,0.3499995,-2.049616e-10,4453456.0,4473.257202531507,5,2850211840.0,ok,5,9,640
vco_current_max,2,15,10,0.4,0.3999856,-1.489941e-10,4338754.0,4950.634302793936,5,2776802560.0,ok,5,9,640
vco_current_max,2,15,10,0.45,0.4499787,-1.861541e-11,3993592.0,7981.890127031316,5,2555898880.0,ok,5,9,640
vco_current_max,2,15,10,0.5,0.499974,1.492868e-10,3159300.4,5847.257245923083,5,2021952256.0,ok,5,9,640
vco_current_max,2,15,10,0.55,0.5499691,1.575546e-10,4875800.0,21299.046927034084,5,1170192000.0,ok,0,119,240
vco_current_max,2,15,10,0.6,0.5999653,-1.311863e-10,2086078.6,33596.41383838459,5,500658864.0,ok,0,119,240
vco_current_max,2,15,10,0.65,0.6499864,2.911133e-10,34514.274,6044.264849903585,5,nan,unstable,5,9,640
vco_current_max,2,15,10,0.7,0.6999735,2.35146e-10,18.901006,0.8223989176670897,5,nan,unverified,5,9,640
vco_current_max,2,15,10,0.75,0.7499754,7.932718e-11,nan,nan,0,nan,no_clock,5,9,640
vco_current_max,2,15,11,0.0,-1.804045e-06,-1.478238e-09,4027452.0,3761.7176927568607,5,2577569280.0,ok,5,9,640
vco_current_max,2,15,11,0.05,0.04999453,-1.190129e-09,4025808.0,1961.9174294551747,5,2576517120.0,ok,5,9,640
vco_current_max,2,15,11,0.1,0.09998593,-7.67187e-10,4026434.0,4875.979901517232,5,2576917760.0,ok,5,9,640
vco_current_max,2,15,11,0.15,0.1499879,-6.997709e-10,4028776.0,3417.642462283028,5,2578416640.0,ok,5,9,640
vco_current_max,2,15,11,0.2,0.199984,-4.409177e-10,4023200.0,4611.263384366588,5,2574848000.0,ok,5,9,640
vco_current_max,2,15,11,0.25,0.2499776,-1.229183e-10,4016802.0,5725.623983462414,5,2570753280.0,ok,5,9,640
vco_current_max,2,15,11,0.3,0.2999637,2.208833e-11,4002538.0,5025.6163801070215,5,2561624320.0,ok,5,9,640
vco_current_max,2,15,11,0.35,0.350001,-4.787108e-11,3958074.0,4073.4236214761654,5,2533167360.0,ok,5,9,640
vco_current_max,2,15,11,0.4,0.3999856,-1.057465e-10,3830890.0,5391.196527673611,5,2451769600.0,ok,5,9,640
vco_current_max,2,15,11,0.45,0.4499809,-2.316733e-10,3463921.4,10589.855372005795,5,2216909696.0,ok,5,9,640
vco_current_max,2,15,11,0.5,0.4999744,4.56199e-11,2668351.8,28277.275720974256,5,1707745152.0,ok,5,9,640
vco_current_max,2,15,11,0.55,0.549969,7.296749e-11,4920182.0,76827.71453063015,5,924994216.0,ok,0,93,188
vco_current_max,2,15,11,0.6,0.599965,1.397468e-10,2072283.8,23405.312008174555,5,389589354.40000004,ok,0,93,188
vco_current_max,2,15,11,0.65,0.6499853,1.575547e-10,662.1301,129.57616250055406,5,nan,unstable,5,9,640
vco_current_max,2,15,11,0.7,0.6999741,3.127369e-10,1760.4566666666667,252.2614647094028,3,nan,unstable,0,0,2
vco_current_max,2,15,11,0.75,0.749976,2.046179e-10,nan,nan,0,nan,no_clock,5,9,640
vco_current_max,2,15,12,0.0,-3.634093e-06,-1.391106e-09,3450654.6,3421.986820547385,5,2208418944.0,ok,5,9,640
vco_current_max,2,15,12,0.05,0.04999394,-9.986919e-10,3450462.4,3722.9233540324194,5,2208295936.0,ok,5,9,640
vco_current_max,2,15,12,0.1,0.09998581,-6.794186e-10,3451155.0,1824.7421735686387,5,2208739200.0,ok,5,9,640
vco_current_max,2,15,12,0.15,0.1499871,-5.795662e-10,3452645.0,3803.1046527804097,5,2209692800.0,ok,5,9,640
vco_current_max,2,15,12,0.2,0.1999848,-2.997251e-10,3444950.8,4232.98325061652,5,2204768512.0,ok,5,9,640
vco_current_max,2,15,12,0.25,0.2499777,-3.919455e-10,3443224.8,2856.5361366522216,5,2203663872.0,ok,5,9,640
vco_current_max,2,15,12,0.3,0.2999632,-2.017816e-10,3431464.4,4318.5061421746295,5,2196137216.0,ok,5,9,640
vco_current_max,2,15,12,0.35,0.3500005,2.399628e-11,3400045.4,4031.8295846922892,5,2176029056.0,ok,5,9,640
vco_current_max,2,15,12,0.4,0.3999854,-2.272214e-10,3338186.8,2695.859176589163,5,2136439552.0,ok,5,9,640
vco_current_max,2,15,12,0.45,0.4499792,4.053186e-11,3168586.6,6537.558244482415,5,2027895424.0,ok,5,9,640
vco_current_max,2,15,12,0.5,0.4999749,-3.197126e-11,2687032.2,9242.041830677894,5,1719700608.0,ok,5,9,640
vco_current_max,2,15,12,0.55,0.5499695,-6.567899e-11,4843556.0,47515.70929703144,5,1084956544.0,ok,0,111,224
vco_current_max,2,15,12,0.6,0.5999636,-1.718625e-13,2194048.4,35854.25833565659,5,491466841.59999996,ok,0,111,224
vco_current_max,2,15,12,0.65,0.649986,1.130352e-10,51715.876,20636.50995893152,5,nan,unstable,5,9,640
vco_current_max,2,15,12,0.7,0.6999734,7.678352e-11,17.690798,0.824183890051243,5,nan,unverified,5,9,640
vco_current_max,2,15,12,0.75,0.7499754,2.561338e-10,nan,nan,0,nan,no_clock,5,9,640
vco_current_max,2,15,13,0.0,-2.490211e-06,-1.602259e-09,2808837.6,1546.0009055624773,5,1797656064.0,ok,5,9,640
vco_current_max,2,15,13,0.05,0.04999432,-9.745244e-10,2810750.4,4170.386229115956,5,1798880256.0,ok,5,9,640
vco_current_max,2,15,13,0.1,0.09998554,-6.79419e-10,2807043.2,2330.9099510706114,5,1796507648.0,ok,5,9,640
vco_current_max,2,15,13,0.15,0.1499867,-5.280501e-10,2806654.8,2136.545857219077,5,1796259072.0,ok,5,9,640
vco_current_max,2,15,13,0.2,0.1999836,-3.544213e-10,2802922.0,3994.2738388848607,5,1793870080.0,ok,5,9,640
vco_current_max,2,15,13,0.25,0.2499786,-1.941497e-10,2793684.4,3679.6979223843905,5,1787958016.0,ok,5,9,640
vco_current_max,2,15,13,0.3,0.2999626,-1.59806e-10,2775078.4,1443.206603366268,5,1776050176.0,ok,5,9,640
vco_current_max,2,15,13,0.35,0.3500009,-8.221476e-11,2744545.6,1420.6369346177087,5,1756509184.0,ok,5,9,640
vco_current_max,2,15,13,0.4,0.3999852,5.452386e-11,2685233.0,2459.6422504096,5,1718549120.0,ok,5,9,640
vco_current_max,2,15,13,0.45,0.4499795,-5.359502e-11,2528221.4,1965.374722540208,5,1618061696.0,ok,5,9,640
vco_current_max,2,15,13,0.5,0.4999751,-1.489941e-10,2104023.0,9221.929028137225,5,1346574720.0,ok,5,9,640
vco_current_max,2,15,13,0.55,0.5499706,-5.550306e-11,4997586.0,52645.47065037979,5,849589620.0,ok,0,84,170
vco_current_max,2,15,13,0.6,0.5999647,-1.057466e-10,2221518.2,62344.23661574501,5,377658094.00000006,ok,0,84,170
vco_current_max,2,15,13,0.65,0.6499845,4.37119e-11,656.1046,157.66865959167342,5,nan,unstable,5,9,640
vco_current_max,2,15,13,0.7,0.6999732,2.682178e-10,2946.0788000000002,1109.0106006759809,5,nan,unstable,0,0,2
vco_current_max,2,15,13,0.75,0.7499751,1.855384e-10,nan,nan,0,nan,no_clock,5,9,640
vco_current_max,2,15,14,0.0,-1.232067e-06,-1.571731e-09,5036808.0,7953.085564735236,5,1239054768.0,ok,0,122,246
vco_current_max,2,15,14,0.05,0.04999451,-1.017772e-09,5033082.0,6725.7542327979845,5,1238138172.0,ok,0,122,246
vco_current_max,2,15,14,0.1,0.09998609,-8.161596e-10,5033588.0,3396.8397077283466,5,1238262648.0,ok,0,122,246
vco_current_max,2,15,14,0.15,0.1499884,-4.549097e-10,5028516.0,6419.893301294033,5,1237014936.0,ok,0,122,246
vco_current_max,2,15,14,0.2,0.1999846,-2.240414e-10,5025618.0,7758.828519821791,5,1236302028.0,ok,0,122,246
vco_current_max,2,15,14,0.25,0.2499768,-3.264372e-10,4998108.0,4332.801634046959,5,1229534568.0,ok,0,122,246
vco_current_max,2,15,14,0.3,0.2999626,-1.330943e-10,4966168.0,5533.666957813779,5,1221677328.0,ok,0,122,246
vco_current_max,2,15,14,0.35,0.3499989,-7.267488e-11,4912674.0,3849.7376533992547,5,1208517804.0,ok,0,122,246
vco_current_max,2,15,14,0.4,0.3999855,-3.960317e-11,4835072.0,2508.868270754764,5,1189427712.0,ok,0,122,246
vco_current_max,2,15,14,0.45,0.4499786,-8.921078e-11,4657508.0,8840.538445140091,5,1145746968.0,ok,0,122,246
vco_current_max,2,15,14,0.5,0.4999751,-1.089266e-10,4148544.0,10252.510911966883,5,1020541824.0,ok,0,122,246
vco_current_max,2,15,14,0.55,0.5499705,5.897582e-11,2953545.4,13849.512854248702,5,726572168.4,ok,0,122,246
vco_current_max,2,15,14,0.6,0.5999646,-4.532719e-11,5023642.0,90903.62407517096,5,371749508.0,ok,0,36,74
vco_current_max,2,15,14,0.65,0.6499854,9.52273e-11,581.03216,188.82263626728655,5,nan,unstable,5,9,640
vco_current_max,2,15,14,0.7,0.6999732,-2.62475e-11,2737.3022,992.8052645837452,5,nan,unstable,0,0,2
vco_current_max,2,15,14,0.75,0.7499771,2.37054e-10,nan,nan,0,nan,no_clock,5,9,640
vco_current_max,2,15,15,0.0,-1.689652e-06,-1.60035e-09,5089652.0,7260.610855844017,5,590399632.0,ok,0,57,116
vco_current_max,2,15,15,0.05,0.04999636,-1.077556e-09,5097008.0,6774.387057143989,5,591252928.0,ok,0,57,116
vco_current_max,2,15,15,0.1,0.09998745,-7.455631e-10,5088904.0,7328.402281534495,5,590312864.0,ok,0,57,116
vco_current_max,2,15,15,0.15,0.1499875,-6.895944e-10,5066784.0,3116.8942875882076,5,587746944.0,ok,0,57,116
vco_current_max,2,15,15,0.2,0.1999847,-2.78101e-10,5045196.0,8623.121824490247,5,585242736.0,ok,0,57,116
vco_current_max,2,15,15,0.25,0.2499778,-3.111731e-10,5016450.0,6045.4280245488,5,581908200.0,ok,0,57,116
vco_current_max,2,15,15,0.3,0.2999626,-3.960317e-11,4984216.0,14055.715207701101,5,578169056.0,ok,0,57,116
vco_current_max,2,15,15,0.35,0.3500006,4.561998e-11,4936442.0,13278.52853293617,5,572627272.0,ok,0,57,116
vco_current_max,2,15,15,0.4,0.3999848,5.552392e-12,4868148.0,5914.226069402488,5,564705168.0,ok,0,57,116
vco_current_max,2,15,15,0.45,0.4499783,-7.394697e-11,4737522.0,11629.695610805986,5,549552552.0,ok,0,57,116
vco_current_max,2,15,15,0.5,0.4999749,-8.85747e-11,4376270.0,8594.309163626824,5,507647320.0,ok,0,57,116
vco_current_max,2,15,15,0.55,0.5499704,4.689182e-11,3437883.0,23701.36880013473,5,398794428.0,ok,0,57,116
vco_current_max,2,15,15,0.6,0.5999647,4.498382e-11,2016961.6,27079.79067127366,5,233967545.60000002,ok,0,57,116
vco_current_max,2,15,15,0.65,0.6499866,-1.73162e-10,49.096762,0.15832302760495806,5,nan,unverified,5,9,640
vco_current_max,2,15,15,0.7,0.6999733,1.314788e-10,nan,nan,0,nan,no_clock,5,9,640
vco_current_max,2,15,15,0.75,0.7499752,2.440498e-10,nan,nan,0,nan,no_clock,5,9,640
vco_current_min,2,0,0,0.0,-1.575274e-06,-1.754263e-09,6210578.0,2789.250795464617,5,3974769920.0,ok,5,9,640
vco_current_min,2,0,0,0.05,0.04999452,-1.222565e-09,6210900.0,0.0,5,3974976000.0,ok,5,9,640
vco_current_min,2,0,0,0.1,0.09998595,-8.104353e-10,6210900.0,0.0,5,3974976000.0,ok,5,9,640
vco_current_min,2,0,0,0.15,0.1499871,-5.802022e-10,6209020.0,2574.2960202742806,5,3973772800.0,ok,5,9,640
vco_current_min,2,0,0,0.2,0.1999831,-3.232572e-10,6208238.0,2804.589096463152,5,3973272320.0,ok,5,9,640
vco_current_min,2,0,0,0.25,0.2499779,-1.394543e-10,6206410.0,191.70289512680813,5,3972102400.0,ok,5,9,640
vco_current_min,2,0,0,0.3,0.299963,-1.833378e-10,6203120.0,0.0,5,3969996800.0,ok,5,9,640
vco_current_min,2,0,0,0.35,0.3500004,-1.267344e-10,6199014.0,936.6055733338341,5,3967368960.0,ok,5,9,640
vco_current_min,2,0,0,0.4,0.399985,-1.025666e-10,6187608.0,2511.1989168522673,5,3960069120.0,ok,5,9,640
vco_current_min,2,0,0,0.45,0.4499794,2.844816e-11,6160032.0,2804.3394944264505,5,3942420480.0,ok,5,9,640
vco_current_min,2,0,0,0.5,0.4999747,-2.879136e-11,6056384.0,2107.2921012522206,5,3876085760.0,ok,5,9,640
vco_current_min,2,0,0,0.55,0.5499692,1.588267e-10,5725524.0,9271.767900459976,5,3664335360.0,ok,5,9,640
vco_current_min,2,0,0,0.6,0.5999646,-6.949502e-11,5285366.0,6311.804813205174,5,3382634240.0,ok,5,9,640
vco_current_min,2,0,0,0.65,0.6499861,1.21303e-10,5103686.0,5673.409909393115,5,3266359040.0,ok,5,9,640
vco_current_min,2,0,0,0.7,0.6999739,5.452364e-11,5068022.0,5703.65847504915,5,3243534080.0,ok,5,9,640
vco_current_min,2,0,0,0.75,0.7499757,3.203688e-10,5061450.0,4807.676153819015,5,3239328000.0,ok,5,9,640
vco_current_min,2,1,0,0.0,-1.460852e-06,-1.800692e-09,6208378.0,1971.476603969725,5,3973361920.0,ok,5,9,640
vco_current_min,2,1,0,0.05,0.04999418,-1.0165e-09,6208080.0,2574.2960202742806,5,3973171200.0,ok,5,9,640
vco_current_min,2,1,0,0.1,0.09998612,-7.150347e-10,6205584.0,1377.4178741398705,5,3971573760.0,ok,5,9,640
vco_current_min,2,1,0,0.15,0.1499875,-4.752617e-10,6204352.0,1686.9854771159116,5,3970785280.0,ok,5,9,640
vco_current_min,2,1,0,0.2,0.1999856,-4.199295e-10,6205038.0,1756.7071469086702,5,3971224320.0,ok,5,9,640
vco_current_min,2,1,0,0.25,0.2499774,-3.041771e-10,6203120.0,0.0,5,3969996800.0,ok,5,9,640
vco_current_min,2,1,0,0.3,0.2999639,-2.259494e-10,6200040.0,0.0,5,3968025600.0,ok,5,9,640
vco_current_min,2,1,0,0.35,0.350001,-2.952731e-10,6196488.0,1681.5082515408599,5,3965752320.0,ok,5,9,640
vco_current_min,2,1,0,0.4,0.3999858,2.90841e-11,6186198.0,1988.3460463410286,5,3959166720.0,ok,5,9,640
vco_current_min,2,1,0,0.45,0.4499784,1.219392e-10,6156354.0,1355.0571943648727,5,3940066560.0,ok,5,9,640
vco_current_min,2,1,0,0.5,0.4999737,1.295709e-10,6050482.0,4763.425238208321,5,3872308480.0,ok,5,9,640
vco_current_min,2,1,0,0.55,0.5499708,-3.705929e-11,5711520.0,8509.009930655857,5,3655372800.0,ok,5,9,640
vco_current_min,2,1,0,0.6,0.5999659,-7.839888e-11,5257892.0,9620.62731842368,5,3365050880.0,ok,5,9,640
vco_current_min,2,1,0,0.65,0.6499854,7.23317e-11,5071342.0,8275.516298092827,5,3245658880.0,ok,5,9,640
vco_current_min,2,1,0,0.7,0.6999744,1.130351e-10,5030574.0,2899.462019064916,5,3219567360.0,ok,5,9,640
vco_current_min,2,1,0,0.75,0.7499763,4.214915e-10,5021576.0,3117.511828365692,5,3213808640.0,ok,5,9,640
vco_current_min,2,2,0,0.0,-1.918335e-06,-1.85666e-09,6200040.0,0.0,5,3968025600.0,ok,5,9,640
vco_current_min,2,2,0,0.05,0.04999486,-1.220021e-09,6199014.0,936.6055733338341,5,3967368960.0,ok,5,9,640
vco_current_min,2,2,0,0.1,0.09998707,-8.574994e-10,6198672.0,764.7352483049281,5,3967150080.0,ok,5,9,640
vco_current_min,2,2,0,0.15,0.149988,-6.043703e-10,6198672.0,764.7352483049281,5,3967150080.0,ok,5,9,640
vco_current_min,2,2,0,0.2,0.1999837,-3.359772e-10,6196488.0,1681.5082515408599,5,3965752320.0,ok,5,9,640
vco_current_min,2,2,0,0.25,0.2499779,-2.78737e-10,6195874.0,3363.0165030817197,5,3965359360.0,ok,5,9,640
vco_current_min,2,2,0,0.3,0.2999628,-3.270732e-10,6193418.0,1681.5082515408599,5,3963787520.0,ok,5,9,640
vco_current_min,2,2,0,0.35,0.3500005,-2.310374e-10,6184668.0,912.3157348199142,5,3958187520.0,ok,5,9,640
vco_current_min,2,2,0,0.4,0.3999859,-1.178305e-10,6175640.0,1364.0014662748717,5,3952409600.0,ok,5,9,640
vco_current_min,2,2,0,0.45,0.4499786,4.752798e-11,6143888.0,1654.1221236656017,5,3932088320.0,ok,5,9,640
vco_current_min,2,2,0,0.5,0.4999757,-1.439062e-10,6027114.0,4461.908784365723,5,3857352960.0,ok,5,9,640
vco_current_min,2,2,0,0.55,0.5499709,-1.820658e-10,5633692.0,13591.647067224781,5,3605562880.0,ok,5,9,640
vco_current_min,2,2,0,0.6,0.5999644,1.779065e-10,5119416.0,9322.589768942962,5,3276426240.0,ok,5,9,640
vco_current_min,2,2,0,0.65,0.649986,1.276631e-10,4898970.0,9437.367217608946,5,3135340800.0,ok,5,9,640
vco_current_min,2,2,0,0.7,0.6999745,2.326021e-10,4858434.0,2866.326917851486,5,3109397760.0,ok,5,9,640
vco_current_min,2,2,0,0.75,0.7499776,1.22575e-10,4859312.0,6679.24172342939,5,3109959680.0,ok,5,9,640
vco_current_min,2,3,0,0.0,-2.147121e-06,-1.786064e-09,6198330.0,0.0,5,3966931200.0,ok,5,9,640
vco_current_min,2,3,0,0.05,0.04999407,-1.158329e-09,6198330.0,0.0,5,3966931200.0,ok,5,9,640
vco_current_min,2,3,0,0.1,0.09998572,-9.007477e-10,6198330.0,0.0,5,3966931200.0,ok,5,9,640
vco_current_min,2,3,0,0.15,0.1499865,-4.561817e-10,6196488.0,1681.5082515408599,5,3965752320.0,ok,5,9,640
vco_current_min,2,3,0,0.2,0.1999848,-3.321612e-10,6194646.0,1372.9457381848708,5,3964573440.0,ok,5,9,640
vco_current_min,2,3,0,0.25,0.2499776,-3.327972e-10,6192804.0,1372.9457381848708,5,3963394560.0,ok,5,9,640
vco_current_min,2,3,0,0.3,0.299963,-3.124451e-10,6187932.0,838.0155129829042,5,3960276480.0,ok,5,9,640
vco_current_min,2,3,0,0.35,0.3500006,-1.324583e-10,6183036.0,1676.0310259658083,5,3957143040.0,ok,5,9,640
vco_current_min,2,3,0,0.4,0.3999861,-1.330943e-10,6173200.0,0.0,5,3950848000.0,ok,5,9,640
vco_current_min,2,3,0,0.45,0.4499787,1.321149e-10,6139810.0,1881.5419208723467,5,3929478400.0,ok,5,9,640
vco_current_min,2,3,0,0.5,0.4999746,-2.170455e-10,6020482.0,4716.738279786149,5,3853108480.0,ok,5,9,640
vco_current_min,2,3,0,0.55,0.5499699,8.505144e-11,5614502.0,7808.599106113721,5,3593281280.0,ok,5,9,640
vco_current_min,2,3,0,0.6,0.5999646,1.690027e-10,5070082.0,7742.11340655767,5,3244852480.0,ok,5,9,640
vco_current_min,2,3,0,0.65,0.6499867,1.709106e-10,4856678.0,6127.154315014434,5,3108273920.0,ok,5,9,640
vco_current_min,2,3,0,0.7,0.6999724,2.376897e-10,4824592.0,7050.0439714940785,5,3087738880.0,ok,5,9,640
vco_current_min,2,3,0,0.75,0.749975,3.998681e-10,4815318.0,6144.462547692841,5,3081803520.0,ok,5,9,640
vco_current_min,2,4,0,0.0,-1.232125e-06,-1.93298e-09,6190256.0,1205.2095253523348,5,3961763840.0,ok,5,9,640
vco_current_min,2,4,0,0.05,0.04999417,-1.137341e-09,6187932.0,838.0155129829042,5,3960276480.0,ok,5,9,640
vco_current_min,2,4,0,0.1,0.09998626,-7.264828e-10,6186096.0,1676.0310259658083,5,3959101440.0,ok,5,9,640
vco_current_min,2,4,0,0.15,0.1499879,-4.956138e-10,6188906.0,1988.8262870346418,5,3960899840.0,ok,5,9,640
vco_current_min,2,4,0,0.2,0.1999847,-6.088221e-10,6184260.0,2163.7467504308356,5,3957926400.0,ok,5,9,640
vco_current_min,2,4,0,0.25,0.2499782,-3.652333e-10,6182424.0,1676.0310259658083,5,3956751360.0,ok,5,9,640
vco_current_min,2,4,0,0.3,0.2999622,-1.479952e-11,6181200.0,0.0,5,3955968000.0,ok,5,9,640
vco_current_min,2,4,0,0.35,0.3500011,-2.240414e-10,6176628.0,845.2336954949205,5,3953041920.0,ok,5,9,640
vco_current_min,2,4,0,0.4,0.3999862,1.257549e-10,6166944.0,1665.076574815705,5,3946844160.0,ok,5,9,640
vco_current_min,2,4,0,0.45,0.4499796,-1.73436e-11,6130166.0,1648.64489809055,5,3923306240.0,ok,5,9,640
vco_current_min,2,4,0,0.5,0.4999751,6.088366e-11,6000314.0,2690.163563800536,5,3840200960.0,ok,5,9,640
vco_current_min,2,4,0,0.55,0.5499704,-3.197134e-11,5538274.0,13525.626787694535,5,3544495360.0,ok,5,9,640
vco_current_min,2,4,0,0.6,0.5999653,4.64323e-13,4933500.0,1378.8582233137677,5,3157440000.0,ok,5,9,640
vco_current_min,2,4,0,0.65,0.6499848,1.827216e-11,4701670.0,11648.010559747961,5,3009068800.0,ok,5,9,640
vco_current_min,2,4,0,0.7,0.6999739,2.16066e-10,4647000.0,8952.753766300066,5,2974080000.0,ok,5,9,640
vco_current_min,2,4,0,0.75,0.7499761,3.24821e-10,4645190.0,4029.75185340239,5,2972921600.0,ok,5,9,640
vco_current_min,2,5,0,0.0,-3.176567e-06,-1.868744e-09,6187320.0,1873.8596532291313,5,3959884800.0,ok,5,9,640
vco_current_min,2,5,0,0.05,0.04999442,-1.073104e-09,6184872.0,1368.4736022298714,5,3958318080.0,ok,5,9,640
vco_current_min,2,5,0,0.1,0.09998614,-6.170904e-10,6184056.0,1824.6314696398283,5,3957795840.0,ok,5,9,640
vco_current_min,2,5,0,0.15,0.1499875,-5.32502e-10,6183648.0,1368.4736022298714,5,3957534720.0,ok,5,9,640
vco_current_min,2,5,0,0.2,0.1999846,-5.17238e-10,6182424.0,1676.0310259658083,5,3956751360.0,ok,5,9,640
vco_current_min,2,5,0,0.25,0.2499775,-1.318223e-10,6179976.0,1676.0310259658083,5,3955184640.0,ok,5,9,640
vco_current_min,2,5,0,0.3,0.2999627,-2.246774e-10,6177006.0,1035.195633684764,5,3953283840.0,ok,5,9,640
vco_current_min,2,5,0,0.35,0.3500006,-1.839738e-10,6172590.0,1364.0014662748717,5,3950457600.0,ok,5,9,640
vco_current_min,2,5,0,0.4,0.3999861,-2.997251e-10,6162080.0,0.0,5,3943731200.0,ok,5,9,640
vco_current_min,2,5,0,0.45,0.4499786,9.840748e-11,6124300.0,1987.4606914351791,5,3919552000.0,ok,5,9,640
vco_current_min,2,5,0,0.5,0.4999762,1.422911e-10,5987968.0,3272.303470034526,5,3832299520.0,ok,5,9,640
vco_current_min,2,5,0,0.55,0.5499702,1.950783e-10,5511798.0,16284.252208805905,5,3527550720.0,ok,5,9,640
vco_current_min,2,5,0,0.6,0.5999648,5.388778e-11,4891092.0,14544.37073234865,5,3130298880.0,ok,5,9,640
vco_current_min,2,5,0,0.65,0.6499869,1.556466e-10,4649682.0,2189.0454540735327,5,2975796480.0,ok,5,9,640
vco_current_min,2,5,0,0.7,0.6999728,1.365666e-10,4602476.0,3771.190793370179,5,2945584640.0,ok,5,9,640
vco_current_min,2,5,0,0.75,0.7499745,3.763362e-10,4600382.0,6915.281628393742,5,2944244480.0,ok,5,9,640
vco_current_min,2,6,0,0.0,-2.719054e-06,-1.813411e-09,6176250.0,0.0,5,3952800000.0,ok,5,9,640
vco_current_min,2,6,0,0.05,0.04999373,-1.153877e-09,6176250.0,0.0,5,3952800000.0,ok,5,9,640
vco_current_min,2,6,0,0.1,0.09998605,-7.640071e-10,6176250.0,0.0,5,3952800000.0,ok,5,9,640
vco_current_min,2,6,0,0.15,0.1499878,-5.31866e-10,6173810.0,2551.8130809289305,5,3951238400.0,ok,5,9,640
vco_current_min,2,6,0,0.2,0.1999838,-2.84461e-10,6174420.0,1670.5538003907566,5,3951628800.0,ok,5,9,640
vco_current_min,2,6,0,0.25,0.2499779,-2.81917e-10,6170362.0,1805.400232635412,5,3949031680.0,ok,5,9,640
vco_current_min,2,6,0,0.3,0.2999634,4.280382e-12,6168558.0,889.9550550449163,5,3947877120.0,ok,5,9,640
vco_current_min,2,6,0,0.35,0.3500002,-1.540821e-10,6162688.0,1359.529330319872,5,3944120320.0,ok,5,9,640
vco_current_min,2,6,0,0.4,0.3999855,-7.967084e-11,6147870.0,0.0,5,3934636800.0,ok,5,9,640
vco_current_min,2,6,0,0.45,0.4499792,4.307599e-11,6107550.0,1396.6925216381735,5,3908832000.0,ok,5,9,640
vco_current_min,2,6,0,0.5,0.4999742,-4.787121e-11,5957132.0,10908.94449522959,5,3812564480.0,ok,5,9,640
vco_current_min,2,6,0,0.55,0.5499709,7.42397e-11,5409174.0,9747.403756898551,5,3461871360.0,ok,5,9,640
vco_current_min,2,6,0,0.6,0.5999657,5.897577e-11,4714866.0,15041.874218327981,5,3017514240.0,ok,5,9,640
vco_current_min,2,6,0,0.65,0.6499865,6.469963e-11,4461716.0,3225.279832820712,5,2855498240.0,ok,5,9,640
vco_current_min,2,6,0,0.7,0.6999744,9.649934e-11,4407040.0,4982.3940028865645,5,2820505600.0,ok,5,9,640
vco_current_min,2,6,0,0.75,0.7499755,2.98109e-10,4399404.0,8754.360627710055,5,2815618560.0,ok,5,9,640
vco_current_min,2,7,0,0.0,-2.032699e-06,-1.79624e-09,6173200.0,2156.67568261897,5,3950848000.0,ok,5,9,640
vco_current_min,2,7,0,0.05,0.04999429,-1.162781e-09,6173200.0,0.0,5,3950848000.0,ok,5,9,640
vco_current_min,2,7,0,0.1,0.09998697,-8.161593e-10,6173200.0,0.0,5,3950848000.0,ok,5,9,640
vco_current_min,2,7,0,0.15,0.1499886,-5.668461e-10,6173810.0,1364.0014662748717,5,3951238400.0,ok,5,9,640
vco_current_min,2,7,0,0.2,0.1999844,-3.868574e-10,6170760.0,1364.0014662748717,5,3949286400.0,ok,5,9,640
vco_current_min,2,7,0,0.25,0.249978,-2.507531e-10,6169752.0,889.9550550449163,5,3948641280.0,ok,5,9,640
vco_current_min,2,7,0,0.3,0.2999632,-7.394679e-11,6165728.0,1359.529330319872,5,3946065920.0,ok,5,9,640
vco_current_min,2,7,0,0.35,0.3500009,-7.14028e-11,6160032.0,2804.3394944264505,5,3942420480.0,ok,5,9,640
vco_current_min,2,7,0,0.4,0.3999858,-8.221478e-11,6145530.0,1849.6486152780478,5,3933139200.0,ok,5,9,640
vco_current_min,2,7,0,0.45,0.4499792,-6.531442e-12,6105934.0,1958.6934420679515,5,3907797760.0,ok,5,9,640
vco_current_min,2,7,0,0.5,0.4999751,1.445627e-11,5946628.0,5522.093805795044,5,3805841920.0,ok,5,9,640
vco_current_min,2,7,0,0.55,0.5499695,-9.075629e-12,5374764.0,18088.600830357223,5,3439848960.0,ok,5,9,640
vco_current_min,2,7,0,0.6,0.5999647,2.844799e-11,4668896.0,6578.4253434997645,5,2988093440.0,ok,5,9,640
vco_current_min,2,7,0,0.65,0.6499863,4.498385e-11,4408666.0,4498.608673801267,5,2821546240.0,ok,5,9,640
vco_current_min,2,7,0,0.7,0.6999742,8.377946e-11,4347580.0,2882.7504227733625,5,2782451200.0,ok,5,9,640
vco_current_min,2,7,0,0.75,0.7499765,2.510458e-10,4341552.0,2481.1831854984025,5,2778593280.0,ok,5,9,640
vco_current_min,2,8,0,0.0,-3.290887e-06,-1.684939e-09,6093252.0,1626.7359957903434,5,3899681280.0,ok,5,9,640
vco_current_min,2,8,0,0.05,0.04999476,-1.114445e-09,6091470.0,0.0,5,3898540800.0,ok,5,9,640
vco_current_min,2,8,0,0.1,0.09998596,-7.029509e-10,6090282.0,1626.7359957903434,5,3897780480.0,ok,5,9,640
vco_current_min,2,8,0,0.15,0.1499881,-3.556933e-10,6088546.0,2019.7722643902207,5,3896669440.0,ok,5,9,640
vco_current_min,2,8,0,0.2,0.1999851,-3.779534e-10,6087998.0,2375.7146293273527,5,3896318720.0,ok,5,9,640
vco_current_min,2,8,0,0.25,0.2499776,-2.70469e-10,6085252.0,2446.695730980867,5,3894561280.0,ok,5,9,640
vco_current_min,2,8,0,0.3,0.2999624,-1.133785e-10,6079248.0,1323.7522426798755,5,3890718720.0,ok,5,9,640
vco_current_min,2,8,0,0.35,0.349999,-5.995503e-11,6070618.0,1381.8538272914398,5,3885195520.0,ok,5,9,640
vco_current_min,2,8,0,0.4,0.3999855,-1.443734e-12,6045312.0,2877.1374663022275,5,3868999680.0,ok,5,9,640
vco_current_min,2,8,0,0.45,0.4499793,-7.394693e-11,5971320.0,2384.4810756221154,5,3821644800.0,ok,5,9,640
vco_current_min,2,8,0,0.5,0.4999737,1.130352e-10,5534508.0,13292.4309289159,5,3542085120.0,ok,5,9,640
vco_current_min,2,8,0,0.55,0.5499695,-6.8223e-11,3993534.0,26449.542151046775,5,2555861760.0,ok,5,9,640
vco_current_min,2,8,0,0.6,0.5999646,2.370538e-10,2682108.4,6670.017563695016,5,1716549376.0,ok,5,9,640
vco_current_min,2,8,0,0.65,0.649987,2.440498e-10,2194868.8,3484.7821596191634,5,1404716032.0,ok,5,9,640
vco_current_min,2,8,0,0.7,0.6999735,1.740904e-10,2106970.8,3989.6710014736805,5,1348461312.0,ok,5,9,640
vco_current_min,2,8,0,0.75,0.7499764,2.93657e-10,2090678.4,3196.089610758747,5,1338034176.0,ok,5,9,640
vco_current_min,2,9,0,0.0,-2.147062e-06,-1.746632e-09,6088546.0,2019.7722643902207,5,3896669440.0,ok,5,9,640
vco_current_min,2,9,0,0.05,0.04999452,-1.165325e-09,6087952.0,1225.3652516698849,5,3896289280.0,ok,5,9,640
vco_current_min,2,9,0,0.1,0.09998753,-6.692427e-10,6086856.0,1500.7598075641552,5,3895587840.0,ok,5,9,640
vco_current_min,2,9,0,0.15,0.1499869,-5.267781e-10,6086856.0,1500.7598075641552,5,3895587840.0,ok,5,9,640
vco_current_min,2,9,0,0.2,0.1999847,-2.59657e-10,6082800.0,0.0,5,3892992000.0,ok,5,9,640
vco_current_min,2,9,0,0.25,0.249979,-5.026098e-10,6081616.0,1621.2587702152916,5,3892234240.0,ok,5,9,640
vco_current_min,2,9,0,0.3,0.2999628,-1.871538e-10,6076906.0,2047.3836963305143,5,3889219840.0,ok,5,9,640
vco_current_min,2,9,0,0.35,0.3500008,-1.470861e-10,6065610.0,2144.1082062246765,5,3881990400.0,ok,5,9,640
vco_current_min,2,9,0,0.4,0.399986,-1.960577e-10,6040896.0,1305.863698859877,5,3866173440.0,ok,5,9,640
vco_current_min,2,9,0,0.45,0.4499792,1.000411e-11,5961582.0,4999.931999537594,5,3815412480.0,ok,5,9,640
vco_current_min,2,9,0,0.5,0.4999762,1.111271e-10,5492682.0,24025.848996445475,5,3515316480.0,ok,5,9,640
vco_current_min,2,9,0,0.55,0.5499701,1.736139e-12,3987916.0,22144.948182373333,5,2552266240.0,ok,5,9,640
vco_current_min,2,9,0,0.6,0.5999664,-1.098363e-11,2611718.4,8757.05443057196,5,1671499776.0,ok,5,9,640
vco_current_min,2,9,0,0.65,0.6499859,-3.57874e-11,2119961.0,4022.27609693815,5,1356775040.0,ok,5,9,640
vco_current_min,2,9,0,0.7,0.6999736,1.123991e-10,2018407.6,5052.7242948730145,5,1291780864.0,ok,5,9,640
vco_current_min,2,9,0,0.75,0.7499766,1.664585e-10,2000088.0,2861.164186131233,5,1280056320.0,ok,5,9,640
vco_current_min,2,10,0,0.0,-1.575187e-06,-1.619431e-09,6074050.0,0.0,5,3887392000.0,ok,5,9,640
vco_current_min,2,10,0,0.05,0.04999442,-1.05148e-09,6071100.0,2950.0,5,3885504000.0,ok,5,9,640
vco_current_min,2,10,0,0.1,0.09998629,-5.878343e-10,6071100.0,2085.965004500315,5,3885504000.0,ok,5,9,640
vco_current_min,2,10,0,0.15,0.1499881,-3.932175e-10,6069920.0,1615.78154464024,5,3884748800.0,ok,5,9,640
vco_current_min,2,10,0,0.2,0.1999846,-4.733538e-10,6068418.0,366.9741135284613,5,3883787520.0,ok,5,9,640
vco_current_min,2,10,0,0.25,0.2499779,-4.313775e-10,6065806.0,1310.3358348148768,5,3882115840.0,ok,5,9,640
vco_current_min,2,10,0,0.3,0.2999629,-3.855854e-10,6058752.0,1314.8079707698764,5,3877601280.0,ok,5,9,640
vco_current_min,2,10,0,0.35,0.3500001,-9.557065e-11,6049278.0,1604.8270934901368,5,3871537920.0,ok,5,9,640
vco_current_min,2,10,0,0.4,0.399985,2.844788e-11,6022140.0,1588.3954167649817,5,3854169600.0,ok,5,9,640
vco_current_min,2,10,0,0.45,0.4499786,2.192461e-10,5931336.0,3220.0124223362864,5,3796055040.0,ok,5,9,640
vco_current_min,2,10,0,0.5,0.4999746,-6.3771e-11,5373266.0,25419.622931900467,5,3438890240.0,ok,5,9,640
vco_current_min,2,10,0,0.55,0.5499696,-2.115949e-11,3696716.8,38463.665077576785,5,2365898752.0,ok,5,9,640
vco_current_min,2,10,0,0.6,0.5999647,-8.666692e-11,2268578.8,32207.60600696674,5,1451890432.0,ok,5,9,640
vco_current_min,2,10,0,0.65,0.6499861,-1.534462e-10,5014870.0,30326.209786255848,5,1103271400.0,ok,0,109,220
vco_current_min,2,10,0,0.7,0.6999735,-2.751943e-11,4687454.0,5792.562472688577,5,1031239880.0,ok,0,109,220
vco_current_min,2,10,0,0.75,0.7499757,1.709105e-10,4636656.0,3354.076624050202,5,1020064320.0,ok,0,109,220
vco_current_min,2,11,0,0.0,-7.745257e-07,-1.914537e-09,6068154.0,2078.9011520512463,5,3883618560.0,ok,5,9,640
vco_current_min,2,11,0,0.05,0.04999373,-1.375842e-09,6068740.0,1319.2801067248758,5,3883993600.0,ok,5,9,640
vco_current_min,2,11,0,0.1,0.09998712,-6.323546e-10,6067564.0,1310.3358348148768,5,3883240960.0,ok,5,9,640
vco_current_min,2,11,0,0.15,0.1499878,-6.050063e-10,6065612.0,536.7681063550627,5,3881991680.0,ok,5,9,640
vco_current_min,2,11,0,0.2,0.1999842,-2.259494e-10,6064632.0,1314.8079707698764,5,3881364480.0,ok,5,9,640
vco_current_min,2,11,0,0.25,0.2499774,-1.979657e-10,6059340.0,0.0,5,3877977600.0,ok,5,9,640
vco_current_min,2,11,0,0.3,0.299962,-3.811334e-10,6054588.0,1654.1221236656017,5,3874936320.0,ok,5,9,640
vco_current_min,2,11,0,0.35,0.3499998,2.491381e-10,6045408.0,1443.994459823167,5,3869061120.0,ok,5,9,640
vco_current_min,2,11,0,0.4,0.3999857,7.296774e-11,6018080.0,1296.919426949878,5,3851571200.0,ok,5,9,640
vco_current_min,2,11,0,0.45,0.4499794,-2.494812e-10,5914618.0,16514.392813542978,5,3785355520.0,ok,5,9,640
vco_current_min,2,11,0,0.5,0.4999744,7.460199e-12,5348996.0,14517.454322297694,5,3423357440.0,ok,5,9,640
vco_current_min,2,11,0,0.55,0.5499702,-2.37034e-11,3666079.4,7087.56882153535,5,2346290816.0,ok,5,9,640
vco_current_min,2,11,0,0.6,0.5999642,-8.285102e-11,2182013.0,20900.66666400859,5,1396488320.0,ok,5,9,640
vco_current_min,2,11,0,0.65,0.6499851,-2.583851e-10,5000374.0,9914.765756184057,5,1040077792.0,ok,0,103,208
vco_current_min,2,11,0,0.7,0.6999735,-2.433945e-11,4661648.0,6677.02553537127,5,969622784.0,ok,0,103,208
vco_current_min,2,11,0,0.75,0.7499753,2.256059e-10,4597952.0,6683.4848694375005,5,956374016.0,ok,0,103,208
vco_current_min,2,12,0,0.0,-2.604647e-06,-1.510038e-09,6051036.0,1310.3358348148768,5,3872663040.0,ok,5,9,640
vco_current_min,2,12,0,0.05,0.04999392,-9.942396e-10,6052226.0,2655.9612195964005,5,3873424640.0,ok,5,9,640
vco_current_min,2,12,0,0.1,0.09998559,-5.649382e-10,6051036.0,2451.4138777448416,5,3872663040.0,ok,5,9,640
vco_current_min,2,12,0,0.15,0.149988,-5.878343e-10,6049278.0,1604.8270934901368,5,3871537920.0,ok,5,9,640
vco_current_min,2,12,0,0.2,0.1999834,-5.146941e-10,6046416.0,1276.7458635139571,5,3869706240.0,ok,5,9,640
vco_current_min,2,12,0,0.25,0.2499768,-2.577491e-10,6043232.0,1599.349867915085,5,3867668480.0,ok,5,9,640
vco_current_min,2,12,0,0.3,0.2999623,-1.852458e-10,6037392.0,1599.349867915085,5,3863930880.0,ok,5,9,640
vco_current_min,2,12,0,0.35,0.3500001,-1.515381e-10,6024462.0,1616.7003432918546,5,3855655680.0,ok,5,9,640
vco_current_min,2,12,0,0.4,0.399985,3.608008e-11,5997312.0,1577.4409656148785,5,3838279680.0,ok,5,9,640
vco_current_min,2,12,0,0.45,0.449978,-1.324583e-10,5890662.0,6158.280604194648,5,3770023680.0,ok,5,9,640
vco_current_min,2,12,0,0.5,0.4999755,3.877848e-10,5234020.0,25746.972637574305,5,3349772800.0,ok,5,9,640
vco_current_min,2,12,0,0.55,0.5499702,-8.22148e-11,3394773.2,35065.56777238892,5,2172654848.0,ok,5,9,640
vco_current_min,2,12,0,0.6,0.5999637,-3.111731e-10,4921880.0,44062.74560215239,5,1151719920.0,ok,0,116,234
vco_current_min,2,12,0,0.65,0.6499866,-1.604421e-10,3248695.0,11208.684400945545,5,760194630.0,ok,0,116,234
vco_current_min,2,12,0,0.7,0.6999722,-7.80373e-12,2904834.0,5595.294809033748,5,679731156.0,ok,0,116,234
vco_current_min,2,12,0,0.75,0.7499763,1.111271e-10,2853575.6,2735.8411503594284,5,667736690.4,ok,0,116,234
vco_current_min,2,13,0,0.0,-2.375862e-06,-1.787972e-09,6047482.0,2139.6308092752824,5,3870388480.0,ok,5,9,640
vco_current_min,2,13,0,0.05,0.04999429,-1.012684e-09,6047392.0,1783.7937100460915,5,3870330880.0,ok,5,9,640
vco_current_min,2,13,0,0.1,0.09998616,-1.001236e-09,6046272.0,1708.8943794161182,5,3869614080.0,ok,5,9,640
vco_current_min,2,13,0,0.15,0.1499866,-7.194867e-10,6043816.0,1305.863698859877,5,3868042240.0,ok,5,9,640
vco_current_min,2,13,0,0.2,0.1999835,-4.937059e-10,6041480.0,0.0,5,3866547200.0,ok,5,9,640
vco_current_min,2,13,0,0.25,0.2499767,-5.5503e-11,6037976.0,2443.0472774795007,5,3864304640.0,ok,5,9,640
vco_current_min,2,13,0,0.3,0.2999624,-2.456652e-10,6030684.0,1593.8726423400333,5,3859637760.0,ok,5,9,640
vco_current_min,2,13,0,0.35,0.3499992,1.511948e-10,6018080.0,1296.919426949878,5,3851571200.0,ok,5,9,640
vco_current_min,2,13,0,0.4,0.3999859,3.644307e-12,5992158.0,2778.1504638878005,5,3834981120.0,ok,5,9,640
vco_current_min,2,13,0,0.45,0.4499776,-2.068696e-10,5887358.0,2477.563319069767,5,3767909120.0,ok,5,9,640
vco_current_min,2,13,0,0.5,0.4999739,1.47379e-10,5176214.0,29667.35883087674,5,3312776960.0,ok,5,9,640
vco_current_min,2,13,0,0.55,0.5499699,9.204731e-11,3368283.0,35453.47046482192,5,2155701120.0,ok,5,9,640
vco_current_min,2,13,0,0.6,0.5999649,2.262419e-10,4943670.0,50317.26145171257,5,1097494740.0,ok,0,110,222
vco_current_min,2,13,0,0.65,0.6499858,2.29422e-10,3119893.0,27644.9554168568,5,692616246.0,ok,0,110,222
vco_current_min,2,13,0,0.7,0.6999738,2.752134e-10,2733931.6,2786.1297170088833,5,606932815.2,ok,0,110,222
vco_current_min,2,13,0,0.75,0.749976,3.648884e-10,2674630.0,3149.0862166666698,5,593767860.0,ok,0,110,222
vco_current_min,2,14,0,0.0,-2.147091e-06,-1.471879e-09,6027774.0,1593.8726423400333,5,3857775360.0,ok,5,9,640
vco_current_min,2,14,0,0.05,0.04999463,-1.328777e-09,6026270.0,1800.7081940170094,5,3856812800.0,ok,5,9,640
vco_current_min,2,14,0,0.1,0.0999864,-4.873459e-10,6025786.0,1433.2934102967195,5,3856503040.0,ok,5,9,640
vco_current_min,2,14,0,0.15,0.1499868,-6.635186e-10,6024624.0,1812.9616653420999,5,3855759360.0,ok,5,9,640
vco_current_min,2,14,0,0.2,0.1999846,-6.705146e-10,6020400.0,2050.609665440988,5,3853056000.0,ok,5,9,640
vco_current_min,2,14,0,0.25,0.2499773,6.1883e-12,6016920.0,2426.314076948819,5,3850828800.0,ok,5,9,640
vco_current_min,2,14,0,0.3,0.2999634,-3.960318e-11,6009466.0,1582.91819118993,5,3846058240.0,ok,5,9,640
vco_current_min,2,14,0,0.35,0.3500008,-3.334332e-10,5999616.0,1287.975155039879,5,3839754240.0,ok,5,9,640
vco_current_min,2,14,0,0.4,0.3999851,-1.896978e-10,5966190.0,1561.0092888897234,5,3818361600.0,ok,5,9,640
vco_current_min,2,14,0,0.45,0.4499778,-1.74434e-10,5842034.0,9009.882352173085,5,3738901760.0,ok,5,9,640
vco_current_min,2,14,0,0.5,0.4999747,-5.895534e-12,5070574.0,23894.486393308394,5,3245167360.0,ok,5,9,640
vco_current_min,2,14,0,0.55,0.5499699,9.967918e-11,3056458.8,26232.315170415288,5,1956133632.0,ok,5,9,640
vco_current_min,2,14,0,0.6,0.599966,2.205179e-10,5023008.0,81200.01798029357,5,823773312.0,ok,0,81,164
vco_current_min,2,14,0,0.65,0.6499862,2.453216e-10,2030800.0,9688.88879077472,5,333051200.0,ok,0,81,164
vco_current_min,2,14,0,0.7,0.6999741,2.440498e-10,5116416.0,13515.148167889245,5,225122304.0,ok,0,21,44
vco_current_min,2,14,0,0.75,0.7499768,3.229131e-10,4447178.0,377365.1186450597,5,195675832.0,ok,0,21,44
vco_current_min,2,15,0,0.0,-1.003427e-06,-1.754899e-09,6022140.0,1588.3954167649817,5,3854169600.0,ok,5,9,640
vco_current_min,2,15,0,0.05,0.04999554,-1.142428e-09,6022140.0,1588.3954167649817,5,3854169600.0,ok,5,9,640
vco_current_min,2,15,0,0.1,0.09998668,-6.984985e-10,6020400.0,0.0,5,3853056000.0,ok,5,9,640
vco_current_min,2,15,0,0.15,0.149988,-5.795663e-10,6018660.0,1588.3954167649817,5,3851942400.0,ok,5,9,640
vco_current_min,2,15,0,0.2,0.199984,-2.380333e-10,6016340.0,1588.3954167649817,5,3850457600.0,ok,5,9,640
vco_current_min,2,15,0,0.25,0.2499787,-2.151375e-10,6010622.0,1292.4472909948784,5,3846798080.0,ok,5,9,640
vco_current_min,2,15,0,0.3,0.2999626,-2.84461e-10,6004842.0,1292.4472909948784,5,3843098880.0,ok,5,9,640
vco_current_min,2,15,0,0.35,0.350001,-1.369103e-10,5993426.0,2757.1325684486046,5,3835792640.0,ok,5,9,640
vco_current_min,2,15,0,0.4,0.399986,-2.183175e-10,5960802.0,2766.879108309577,5,3814913280.0,ok,5,9,640
vco_current_min,2,15,0,0.45,0.4499781,5.706771e-11,5835266.0,6069.368171399721,5,3734570240.0,ok,5,9,640
vco_current_min,2,15,0,0.5,0.4999757,1.327509e-10,5026786.0,39362.35676379147,5,3217143040.0,ok,5,9,640
vco_current_min,2,15,0,0.55,0.5499707,8.314338e-11,3002762.4,22755.752037671708,5,1921767936.0,ok,5,9,640
vco_current_min,2,15,0,0.6,0.5999658,1.804502e-10,5019212.0,155677.06292193464,5,752881800.0,ok,0,74,150
vco_current_min,2,15,0,0.65,0.6499859,1.626425e-10,5134468.0,136339.18556306546,5,246454464.0,ok,0,23,48
vco_current_min,2,15,0,0.7,0.6999742,5.388756e-11,48.582036,0.33192813812631095,5,nan,unverified,5,9,640
vco_current_min,2,15,0,0.75,0.7499755,7.61475e-11,nan,nan,0,nan,no_clock,5,9,640
vco_current_max,3,15,0,0.0,-1.460881e-06,-1.656955e-09,4493880.0,603.7383539249432,5,2876083200.0,ok,5,9,640
vco_current_max,3,15,0,0.05,0.04999533,-1.216841e-09,4494528.0,887.3105431583691,5,2876497920.0,ok,5,9,640
vco_current_max,3,15,0,0.1,0.09998567,-7.665508e-10,4492692.0,1084.490663860229,5,2875322880.0,ok,5,9,640
vco_current_max,3,15,0,0.15,0.1499876,-5.388621e-10,4491578.0,720.0138887549323,5,2874609920.0,ok,5,9,640
vco_current_max,3,15,0,0.2,0.1999843,-3.232572e-10,4490290.0,0.0,5,2873785600.0,ok,5,9,640
vco_current_max,3,15,0,0.25,0.2499772,-2.227694e-10,4487392.0,720.0138887549323,5,2871930880.0,ok,5,9,640
vco_current_max,3,15,0,0.3,0.299963,-1.483581e-10,4485042.0,698.0114612239544,5,2870426880.0,ok,5,9,640
vco_current_max,3,15,0,0.35,0.3500001,-3.57874e-11,4478132.0,1215.9440776614688,5,2866004480.0,ok,5,9,640
vco_current_max,3,15,0,0.4,0.3999855,9.013928e-11,4463588.0,656.5592128665928,5,2856696320.0,ok,5,9,640
vco_current_max,3,15,0,0.45,0.4499794,-1.318223e-10,4411680.0,1910.601999370879,5,2823475200.0,ok,5,9,640
vco_current_max,3,15,0,0.5,0.4999751,1.191208e-11,4102476.0,12830.43569018605,5,2625584640.0,ok,5,9,640
vco_current_max,3,15,0,0.55,0.5499699,2.526782e-11,2608492.8,31005.02852280578,5,1669435392.0,ok,5,9,640
vco_current_max,3,15,0,0.6,0.5999647,7.23315e-11,5066652.0,90707.20131279544,5,678931368.0,ok,0,66,134
vco_current_max,3,15,0,0.65,0.6499864,1.372028e-10,5193728.0,53056.78910375184,5,228524032.0,ok,0,21,44
vco_current_max,3,15,0,0.7,0.6999735,-2.179565e-11,161.53544,9.546442610365387,5,nan,unverified,5,9,640
vco_current_max,3,15,0,0.75,0.7499766,3.222768e-10,nan,nan,0,nan,no_clock,5,9,640
vco_current_max,3,15,1,0.0,-1.460794e-06,-1.923441e-09,4473056.0,1112.7578352903204,5,2862755840.0,ok,5,9,640
vco_current_max,3,15,1,0.05,0.04999418,-1.204121e-09,4471360.0,876.3560920082658,5,2861670400.0,ok,5,9,640
vco_current_max,3,15,1,0.1,0.0999868,-8.40327e-10,4469760.0,876.3560920082658,5,2860646400.0,ok,5,9,640
vco_current_max,3,15,1,0.15,0.1499882,-7.70367e-10,4469120.0,715.5417527999327,5,2860236800.0,ok,5,9,640
vco_current_max,3,15,1,0.2,0.1999848,-5.948302e-10,4467520.0,715.5417527999327,5,2859212800.0,ok,5,9,640
vco_current_max,3,15,1,0.25,0.2499778,-3.995774e-10,4465920.0,715.5417527999327,5,2858188800.0,ok,5,9,640
vco_current_max,3,15,1,0.3,0.299963,-9.429865e-11,4462176.0,870.8788664332142,5,2855792640.0,ok,5,9,640
vco_current_max,3,15,1,0.35,0.3500004,-2.227694e-10,4453590.0,1124.2997820866105,5,2850297600.0,ok,5,9,640
vco_current_max,3,15,1,0.4,0.3999866,-5.232309e-11,4434622.0,859.9244152831108,5,2838158080.0,ok,5,9,640
vco_current_max,3,15,1,0.45,0.4499798,2.372408e-12,4371516.0,2943.013761435716,5,2797770240.0,ok,5,9,640
vco_current_max,3,15,1,0.5,0.4999755,5.515985e-11,3950448.0,12039.49209892178,5,2528286720.0,ok,5,9,640
vco_current_max,3,15,1,0.55,0.5499712,1.763611e-11,2378142.8,25786.259532937303,5,1522011392.0,ok,5,9,640
vco_current_max,3,15,1,0.6,0.5999646,2.208789e-11,5051364.0,55695.01081784615,5,596060952.0,ok,0,58,118
vco_current_max,3,15,1,0.65,0.6499871,4.943579e-11,5142088.0,90495.21269105897,5,205683520.0,ok,0,19,40
vco_current_max,3,15,1,0.7,0.6999742,1.651864e-10,114.61574800000001,22.532423094587944,5,nan,unstable,5,9,640
vco_current_max,3,15,1,0.75,0.7499769,2.033461e-10,nan,nan,0,nan,no_clock,5,9,640
vco_current_max,3,15,2,0.0,-1.346489e-06,-1.796239e-09,4441696.0,706.5974808899335,5,2842685440.0,ok,5,9,640
vco_current_max,3,15,2,0.05,0.0499952,-1.179317e-09,4440432.0,865.4016408581624,5,2841876480.0,ok,5,9,640
vco_current_max,3,15,2,0.1,0.09998669,-6.018263e-10,4438852.0,1413.194961779867,5,2840865280.0,ok,5,9,640
vco_current_max,3,15,2,0.15,0.1499879,-4.714458e-10,4437904.0,706.5974808899335,5,2840258560.0,ok,5,9,640
vco_current_max,3,15,2,0.2,0.1999843,-4.860737e-10,4436122.0,1318.2450455055766,5,2839118080.0,ok,5,9,640
vco_current_max,3,15,2,0.25,0.2499773,-2.71741e-10,4433994.0,702.125344934934,5,2837756160.0,ok,5,9,640
vco_current_max,3,15,2,0.3,0.299963,-2.72377e-10,4428656.0,702.125344934934,5,2834339840.0,ok,5,9,640
vco_current_max,3,15,2,0.35,0.3500006,-2.323093e-10,4419792.0,697.6532089799343,5,2828666880.0,ok,5,9,640
vco_current_max,3,15,2,0.4,0.3999864,-6.949497e-11,4400656.0,460.6300033649567,5,2816419840.0,ok,5,9,640
vco_current_max,3,15,2,0.45,0.4499783,-4.341923e-11,4324650.0,1625.96125415091,5,2767776000.0,ok,5,9,640
vco_current_max,3,15,2,0.5,0.4999747,1.034952e-10,3832467.0,36910.00264156046,5,2452778880.0,ok,5,9,640
vco_current_max,3,15,2,0.55,0.5499712,-6.186304e-11,2256753.6,10806.842614751082,5,1444322304.0,ok,5,9,640
vco_current_max,3,15,2,0.6,0.5999647,2.017997e-11,5064244.0,163747.50343135005,5,587452304.0,ok,0,57,116
vco_current_max,3,15,2,0.65,0.6499856,2.554974e-10,5306152.0,368798.0321531014,5,212246080.0,ok,0,19,40
vco_current_max,3,15,2,0.7,0.6999742,-2.94274e-11,107.6641,21.1722357952579,5,nan,unstable,5,9,640
vco_current_max,3,15,2,0.75,0.7499766,2.923851e-10,nan,nan,0,nan,no_clock,5,9,640
vco_current_max,3,15,3,0.0,-2.147135e-06,-1.777795e-09,4408584.0,858.6501033599193,5,2821493760.0,ok,5,9,640
vco_current_max,3,15,3,0.05,0.04999506,-1.208572e-09,4407890.0,693.1810730249348,5,2821049600.0,ok,5,9,640
vco_current_max,3,15,3,0.1,0.09998668,-8.695832e-10,4407652.0,926.4286265007142,5,2820897280.0,ok,5,9,640
vco_current_max,3,15,3,0.15,0.1499869,-5.7575e-10,4405720.0,848.9699641330075,5,2819660800.0,ok,5,9,640
vco_current_max,3,15,3,0.2,0.1999852,-4.186575e-10,4403240.0,1296.823041127817,5,2818073600.0,ok,5,9,640
vco_current_max,3,15,3,0.25,0.2499782,-2.590211e-10,4400140.0,1296.823041127817,5,2816089600.0,ok,5,9,640
vco_current_max,3,15,3,0.3,0.299963,-1.108346e-10,4393748.0,1326.8458840423027,5,2811998720.0,ok,5,9,640
vco_current_max,3,15,3,0.35,0.3499998,-1.750699e-10,4384072.0,688.7089370699352,5,2805806080.0,ok,5,9,640
vco_current_max,3,15,3,0.4,0.3999853,-4.659922e-11,4357232.0,832.5382874078525,5,2788628480.0,ok,5,9,640
vco_current_max,3,15,3,0.45,0.4499795,-1.210104e-10,4252876.0,3707.112083549673,5,2721840640.0,ok,5,9,640
vco_current_max,3,15,3,0.5,0.4999751,2.781203e-11,3559842.0,17121.513367690368,5,2278298880.0,ok,5,9,640
vco_current_max,3,15,3,0.55,0.5499694,9.71353e-11,2008385.2,39001.207971035976,5,1285366528.0,ok,5,9,640
vco_current_max,3,15,3,0.6,0.5999649,-5.895617e-12,5203400.0,62188.53632302339,5,489119600.0,ok,0,46,94
vco_current_max,3,15,3,0.65,0.6499867,2.971992e-11,5307324.0,106663.3448284836,5,180449016.0,ok,0,16,34
vco_current_max,3,15,3,0.7,0.6999731,5.96114e-11,66.63447,13.644711012121146,5,nan,unstable,5,9,640
vco_current_max,3,15,3,0.75,0.7499766,1.670944e-10,nan,nan,0,nan,no_clock,5,9,640
vco_current_max,3,15,4,0.0,-2.147121e-06,-2.013117e-09,4382840.0,1088.9444430272831,5,2805017600.0,ok,5,9,640
vco_current_max,3,15,4,0.05,0.04999611,-1.274717e-09,4382840.0,1540.0,5,2805017600.0,ok,5,9,640
vco_current_max,3,15,4,0.1,0.09998681,-8.644953e-10,4380068.0,688.7089370699352,5,2803243520.0,ok,5,9,640
vco_current_max,3,15,4,0.15,0.149988,-4.758978e-10,4379660.0,479.58315233127195,5,2802982400.0,ok,5,9,640
vco_current_max,3,15,4,0.2,0.1999847,-3.862214e-10,4377330.0,1081.8733752154178,5,2801491200.0,ok,5,9,640
vco_current_max,3,15,4,0.25,0.2499776,-2.494812e-10,4374576.0,684.2368011149357,5,2799728640.0,ok,5,9,640
vco_current_max,3,15,4,0.3,0.2999624,-1.133785e-10,4368762.0,1368.4736022298714,5,2796007680.0,ok,5,9,640
vco_current_max,3,15,4,0.35,0.3499997,-1.502662e-10,4356624.0,1271.7232403317948,5,2788239360.0,ok,5,9,640
vco_current_max,3,15,4,0.4,0.3999861,3.00826e-12,4331400.0,821.5838362577492,5,2772096000.0,ok,5,9,640
vco_current_max,3,15,4,0.45,0.4499781,-1.489942e-10,4227652.0,2787.5831826153635,5,2705697280.0,ok,5,9,640
vco_current_max,3,15,4,0.5,0.499975,-1.032027e-10,3619274.0,20561.02818440751,5,2316335360.0,ok,5,9,640
vco_current_max,3,15,4,0.55,0.5499702,-1.935138e-10,2180655.4,24532.261122856165,5,1395619456.0,ok,5,9,640
vco_current_max,3,15,4,0.6,0.5999656,-1.534462e-10,4953408.0,76817.22378477368,5,564688512.0,ok,0,56,114
vco_current_max,3,15,4,0.65,0.6499867,9.586323e-11,5158520.0,107404.24479507316,5,206340800.0,ok,0,19,40
vco_current_max,3,15,4,0.7,0.6999729,-5.259765e-12,95.633768,18.526259750017545,5,nan,unstable,5,9,640
vco_current_max,3,15,4,0.75,0.7499765,3.798775e-11,nan,nan,0,nan,no_clock,5,9,640
vco_current_max,3,15,5,0.0,-1.804045e-06,-1.658227e-09,4336250.0,883.8834764831844,5,2775200000.0,ok,5,9,640
vco_current_max,3,15,5,0.05,0.04999463,-1.293161e-09,4335944.0,866.4179130188849,5,2775004160.0,ok,5,9,640
vco_current_max,3,15,5,0.1,0.09998614,-8.950234e-10,4334400.0,821.5838362577492,5,2774016000.0,ok,5,9,640
vco_current_max,3,15,5,0.15,0.1499877,-8.14887e-10,4331700.0,670.820393249937,5,2772288000.0,ok,5,9,640
vco_current_max,3,15,5,0.2,0.1999849,-3.289812e-10,4329900.0,821.5838362577492,5,2771136000.0,ok,5,9,640
vco_current_max,3,15,5,0.25,0.2499788,-3.486972e-10,4324800.0,670.820393249937,5,2767872000.0,ok,5,9,640
vco_current_max,3,15,5,0.3,0.2999627,-1.356383e-10,4317722.0,666.3482572949373,5,2763342080.0,ok,5,9,640
vco_current_max,3,15,5,0.35,0.3499991,-2.558411e-10,4303840.0,1046.5180361560904,5,2754457600.0,ok,5,9,640
vco_current_max,3,15,5,0.4,0.3999851,2.717607e-11,4269376.0,1345.4664618636914,5,2732400640.0,ok,5,9,640
vco_current_max,3,15,5,0.45,0.4499794,-1.318224e-10,4122066.0,5948.695655351684,5,2638122240.0,ok,5,9,640
vco_current_max,3,15,5,0.5,0.4999748,4.625592e-11,3347622.6,40137.34847744679,5,2142478464.0,ok,5,9,640
vco_current_max,3,15,5,0.55,0.5499697,-5.804715e-11,4831140.0,82389.47718003798,5,1169135880.0,ok,0,120,242
vco_current_max,3,15,5,0.6,0.5999656,-2.342173e-10,5105180.0,156539.77306103392,5,479886920.0,ok,0,46,94
vco_current_max,3,15,5,0.65,0.6499863,2.21154e-10,5289684.0,109406.11079825477,5,179849256.0,ok,0,16,34
vco_current_max,3,15,5,0.7,0.6999736,8.059947e-11,60.545084,5.50219523360722,5,nan,unverified,5,9,640
vco_current_max,3,15,5,0.75,0.7499764,1.995301e-10,nan,nan,0,nan,no_clock,5,9,640
vco_current_max,3,15,6,0.0,-1.918408e-06,-1.828039e-09,4268164.0,1305.863698859877,5,2731624960.0,ok,5,9,640
vco_current_max,3,15,6,0.05,0.04999497,-1.227017e-09,4267580.0,1032.3759005323593,5,2731251200.0,ok,5,9,640
vco_current_max,3,15,6,0.1,0.09998648,-7.334788e-10,4265244.0,799.6749339575425,5,2729756160.0,ok,5,9,640
vco_current_max,3,15,6,0.15,0.1499876,-6.126383e-10,4263996.0,909.2194454585757,5,2728957440.0,ok,5,9,640
vco_current_max,3,15,6,0.2,0.1999856,-5.01974e-10,4260660.0,1604.5092707740894,5,2726822400.0,ok,5,9,640
vco_current_max,3,15,6,0.25,0.249977,-2.940011e-10,4256040.0,1213.1570384744095,5,2723865600.0,ok,5,9,640
vco_current_max,3,15,6,0.3,0.2999634,-2.609291e-10,4247712.0,2366.161448422318,5,2718535680.0,ok,5,9,640
vco_current_max,3,15,6,0.35,0.3500012,3.4172e-11,4230226.0,639.5154415649398,5,2707344640.0,ok,5,9,640
vco_current_max,3,15,6,0.4,0.399986,-5.295908e-11,4181240.0,766.8115805072325,5,2675993600.0,ok,5,9,640
vco_current_max,3,15,6,0.45,0.4499787,1.382011e-11,3971844.0,4254.630418732043,5,2541980160.0,ok,5,9,640
vco_current_max,3,15,6,0.5,0.4999746,-1.534461e-10,3092784.0,31909.1061297555,5,1979381760.0,ok,5,9,640
vco_current_max,3,15,6,0.55,0.5499698,-1.41635e-11,4831342.0,39239.18602621619,5,1101545976.0,ok,0,113,228
vco_current_max,3,15,6,0.6,0.599965,6.724363e-11,2010110.4,23669.734837974,5,458305171.2,ok,0,113,228
vco_current_max,3,15,6,0.65,0.6499867,8.568729e-11,5259102.0,65086.87901566644,5,178809468.0,ok,0,16,34
vco_current_max,3,15,6,0.7,0.6999739,1.874463e-10,71.94768,14.328103641864123,5,nan,unstable,5,9,640
vco_current_max,3,15,6,0.75,0.7499758,1.359307e-10,nan,nan,0,nan,no_clock,5,9,640
vco_current_max,3,15,7,0.0,-1.689623e-06,-1.835672e-09,4188556.0,1270.287369062607,5,2680675840.0,ok,5,9,640
vco_current_max,3,15,7,0.05,0.04999498,-1.120805e-09,4187400.0,989.9494936611666,5,2679936000.0,ok,5,9,640
vco_current_max,3,15,7,0.1,0.09998696,-8.912077e-10,4186280.0,1171.3240371477057,5,2679219200.0,ok,5,9,640
vco_current_max,3,15,7,0.15,0.1499876,-6.425304e-10,4182640.0,766.8115805072325,5,2676889600.0,ok,5,9,640
vco_current_max,3,15,7,0.2,0.1999847,-3.493333e-10,4179840.0,1252.1980673998821,5,2675097600.0,ok,5,9,640
vco_current_max,3,15,7,0.25,0.2499779,-2.094135e-10,4173892.0,1522.6687098643617,5,2671290880.0,ok,5,9,640
vco_current_max,3,15,7,0.3,0.2999636,-1.928777e-10,4162772.0,1522.6687098643617,5,2664174080.0,ok,5,9,640
vco_current_max,3,15,7,0.35,0.3500001,-1.66166e-10,4139294.0,1292.006191935627,5,2649148160.0,ok,5,9,640
vco_current_max,3,15,7,0.4,0.3999861,3.417208e-11,4071882.0,2830.9927587332327,5,2606004480.0,ok,5,9,640
vco_current_max,3,15,7,0.45,0.4499774,-8.603079e-11,3760429.2,17062.641902706626,5,2406674688.0,ok,5,9,640
vco_current_max,3,15,7,0.5,0.4999748,5.007181e-11,2708126.4,9407.456632905623,5,1733200896.0,ok,5,9,640
vco_current_max,3,15,7,0.55,0.5499705,4.053177e-11,4903610.0,39365.61062653544,5,892457020.0,ok,0,90,182
vco_current_max,3,15,7,0.6,0.5999647,1.187589e-10,2010820.8,75011.2382193495,5,365969385.6,ok,0,90,182
vco_current_max,3,15,7,0.65,0.649986,-3.32433e-11,5147600.0,132924.2724260697,5,154428000.0,ok,0,14,30
vco_current_max,3,15,7,0.7,0.6999741,3.35633e-10,32.040472,0.8466914418310829,5,nan,unverified,5,9,640
vco_current_max,3,15,7,0.75,0.7499768,2.16702e-10,nan,nan,0,nan,no_clock,5,9,640
vco_current_max,3,15,8,0.0,-1.689637e-06,-1.560918e-09,4170834.0,2108.039373446331,5,2669333760.0,ok,5,9,640
vco_current_max,3,15,8,0.05,0.04999497,-1.003144e-09,4169722.0,2061.703179412594,5,2668622080.0,ok,5,9,640
vco_current_max,3,15,8,0.1,0.09998683,-7.016787e-10,4168888.0,1812.3382686463362,5,2668088320.0,ok,5,9,640
vco_current_max,3,15,8,0.15,0.1499882,-5.592142e-10,4168722.0,963.8568358423361,5,2667982080.0,ok,5,9,640
vco_current_max,3,15,8,0.2,0.1999853,-3.327972e-10,4167776.0,1584.843840887802,5,2667376640.0,ok,5,9,640
vco_current_max,3,15,8,0.25,0.2499778,-3.747734e-10,4163884.0,1243.253795489883,5,2664885760.0,ok,5,9,640
vco_current_max,3,15,8,0.3,0.2999631,-1.400904e-10,4159708.0,3102.397460029904,5,2662213120.0,ok,5,9,640
vco_current_max,3,15,8,0.35,0.3500001,-4.596318e-11,4148556.0,1294.9633199438508,5,2655075840.0,ok,5,9,640
vco_current_max,3,15,8,0.4,0.3999851,1.736306e-12,4118142.0,2250.515496502968,5,2635610880.0,ok,5,9,640
vco_current_max,3,15,8,0.45,0.4499782,7.996359e-11,3983270.0,5846.644336711444,5,2549292800.0,ok,5,9,640
vco_current_max,3,15,8,0.5,0.4999748,3.735195e-11,3365576.8,12771.846839827042,5,2153969152.0,ok,5,9,640
vco_current_max,3,15,8,0.55,0.5499706,-2.306749e-11,2120382.0,17115.08656127687,5,1357044480.0,ok,5,9,640
vco_current_max,3,15,8,0.6,0.5999655,5.197967e-11,4977840.0,60990.101246021884,5,567473760.0,ok,0,56,114
vco_current_max,3,15,8,0.65,0.6499857,6.024753e-11,5143026.0,82191.88116839765,5,205721040.0,ok,0,19,40
vco_current_max,3,15,8,0.7,0.6999728,-5.741119e-11,100.37544,22.644852631624698,5,nan,unstable,5,9,640
vco_current_max,3,15,8,0.75,0.7499756,3.629801e-10,nan,nan,0,nan,no_clock,5,9,640
vco_current_max,3,15,9,0.0,-1.918423e-06,-1.627062e-09,4024544.0,1415.8672254134567,5,2575708160.0,ok,5,9,640
vco_current_max,3,15,9,0.05,0.04999464,-1.08328e-09,4025912.0,1646.7300932453988,5,2576583680.0,ok,5,9,640
vco_current_max,3,15,9,0.1,0.09998753,-8.352393e-10,4025064.0,1920.8019158674326,5,2576040960.0,ok,5,9,640
vco_current_max,3,15,9,0.15,0.1499869,-6.005544e-10,4023250.0,1916.428970768288,5,2574880000.0,ok,5,9,640
vco_current_max,3,15,9,0.2,0.1999842,-4.326496e-10,4021600.0,1605.4127195210583,5,2573824000.0,ok,5,9,640
vco_current_max,3,15,9,0.25,0.2499781,-2.596571e-10,4018350.0,1824.3354954612926,5,2571744000.0,ok,5,9,640
vco_current_max,3,15,9,0.3,0.2999627,-5.486708e-11,4012674.0,2158.582868457915,5,2568111360.0,ok,5,9,640
vco_current_max,3,15,9,0.35,0.3500006,-1.801578e-10,3999514.0,1416.2732787142459,5,2559688960.0,ok,5,9,640
vco_current_max,3,15,9,0.4,0.3999852,6.851564e-11,3954750.0,2850.438562747845,5,2531040000.0,ok,5,9,640
vco_current_max,3,15,9,0.45,0.4499781,-3.515138e-11,3742960.0,6394.497634685621,5,2395494400.0,ok,5,9,640
vco_current_max,3,15,9,0.5,0.4999758,-7.167711e-12,3026349.0,15610.632049984395,5,1936863360.0,ok,5,9,640
vco_current_max,3,15,9,0.55,0.5499709,-2.688338e-11,4814196.0,72065.67997320222,5,1116893472.0,ok,0,115,232
vco_current_max,3,15,9,0.6,0.5999644,-3.133552e-11,2031638.6,42232.711750490285,5,471340155.20000005,ok,0,115,232
vco_current_max,3,15,9,0.65,0.6499863,5.579567e-11,5276406.0,45068.76945291495,5,179397804.0,ok,0,16,34
vco_current_max,3,15,9,0.7,0.6999733,-4.278336e-11,59.615111999999996,9.659907422181641,5,nan,unstable,5,9,640
vco_current_max,3,15,9,0.75,0.7499766,3.407204e-10,nan,nan,0,nan,no_clock,5,9,640
vco_current_max,3,15,10,0.0,-1.689623e-06,-1.646779e-09,3759143.6,2168.8543750099957,5,2405851904.0,ok,5,9,640
vco_current_max,3,15,10,0.05,0.04999461,-1.069288e-09,3755442.0,1713.7298503556503,5,2403482880.0,ok,5,9,640
vco_current_max,3,15,10,0.1,0.09998625,-5.388621e-10,3759962.0,2601.4553619080225,5,2406375680.0,ok,5,9,640
vco_current_max,3,15,10,0.15,0.1499877,-4.498217e-10,3758832.0,1288.398230362026,5,2405652480.0,ok,5,9,640
vco_current_max,3,15,10,0.2,0.1999847,-4.428257e-10,3756572.0,3352.12171616724,5,2404206080.0,ok,5,9,640
vco_current_max,3,15,10,0.25,0.2499779,-2.65381e-10,3753408.0,2946.679487151597,5,2402181120.0,ok,5,9,640
vco_current_max,3,15,10,0.3,0.299963,-1.797948e-11,3750140.6,2533.1722799683403,5,2400089984.0,ok,5,9,640
vco_current_max,3,15,10,0.35,0.3500014,-1.375463e-10,3732274.0,2034.350019047853,5,2388655360.0,ok,5,9,640
vco_current_max,3,15,10,0.4,0.3999852,-4.787125e-11,3670863.2,2360.6569424632626,5,2349352448.0,ok,5,9,640
vco_current_max,3,15,10,0.45,0.4499792,-2.624748e-11,3428631.6,7371.874578423049,5,2194324224.0,ok,5,9,640
vco_current_max,3,15,10,0.5,0.4999755,-1.280065e-10,2751701.0,11714.593889674537,5,1761088640.0,ok,5,9,640
vco_current_max,3,15,10,0.55,0.5499706,7.80554e-11,4779582.0,32323.402048670556,5,1041948876.0,ok,0,108,218
vco_current_max,3,15,10,0.6,0.5999656,-2.87641e-10,2093581.8,28436.83115609051,5,456400832.40000004,ok,0,108,218
vco_current_max,3,15,10,0.65,0.6499875,4.943571e-11,5278778.0,18178.08625790955,5,179478452.0,ok,0,16,34
vco_current_max,3,15,10,0.7,0.6999738,7.932729e-11,57.296832,1.9135299623784303,5,nan,unverified,5,9,640
vco_current_max,3,15,10,0.75,0.7499755,4.752757e-11,nan,nan,0,nan,no_clock,5,9,640
vco_current_max,3,15,11,0.0,-2.147121e-06,-1.610527e-09,3423699.2,1254.4079081383375,5,2191167488.0,ok,5,9,640
vco_current_max,3,15,11,0.05,0.04999405,-1.15006e-09,3421112.6,2158.556068301215,5,2189512064.0,ok,5,9,640
vco_current_max,3,15,11,0.1,0.09998637,-8.078905e-10,3420515.6,2880.277122083915,5,2189129984.0,ok,5,9,640
vco_current_max,3,15,11,0.15,0.1499878,-4.930698e-10,3421429.4,2172.5868912427877,5,2189714816.0,ok,5,9,640
vco_current_max,3,15,11,0.2,0.1999851,-3.792254e-10,3420347.0,1937.2134626829331,5,2189022080.0,ok,5,9,640
vco_current_max,3,15,11,0.25,0.2499781,-3.060851e-10,3415801.4,3360.977655385409,5,2186112896.0,ok,5,9,640
vco_current_max,3,15,11,0.3,0.2999627,-2.208615e-10,3412075.8,2934.896028822827,5,2183728512.0,ok,5,9,640
vco_current_max,3,15,11,0.35,0.3500011,-1.159225e-10,3385564.0,2857.370819477234,5,2166760960.0,ok,5,9,640
vco_current_max,3,15,11,0.4,0.3999858,-1.057466e-10,3300161.8,3598.2166694072216,5,2112103552.0,ok,5,9,640
vco_current_max,3,15,11,0.45,0.4499786,-1.528102e-10,3001125.6,7545.615336074322,5,1920720384.0,ok,5,9,640
vco_current_max,3,15,11,0.5,0.4999739,1.690021e-10,2330314.4,12785.481093803235,5,1491401216.0,ok,5,9,640
vco_current_max,3,15,11,0.55,0.5499705,1.07947e-10,4970264.0,56107.0336945378,5,844944880.0,ok,0,84,170
vco_current_max,3,15,11,0.6,0.5999652,2.345097e-10,2066062.0,14644.339247641048,5,351230540.0,ok,0,84,170
vco_current_max,3,15,11,0.65,0.6499853,1.600987e-10,5151174.0,52315.14866651915,5,154535220.0,ok,0,14,30
vco_current_max,3,15,11,0.7,0.6999739,1.747264e-10,9841.35,0.0,1,nan,unstable,0,0,2
vco_current_max,3,15,11,0.75,0.7499766,5.467823e-10,nan,nan,0,nan,no_clock,5,9,640
vco_current_max,3,15,12,0.0,-2.147091e-06,-1.761896e-09,2977083.8,3599.203828626548,5,1905333632.0,ok,5,9,640
vco_current_max,3,15,12,0.05,0.0499952,-1.125256e-09,2975008.0,3215.0436233432356,5,1904005120.0,ok,5,9,640
vco_current_max,3,15,12,0.1,0.09998653,-3.830413e-10,2975424.8,3380.5380045193992,5,1904271872.0,ok,5,9,640
vco_current_max,3,15,12,0.15,0.1499878,-5.79566e-10,2974180.6,1980.6569112292013,5,1903475584.0,ok,5,9,640
vco_current_max,3,15,12,0.2,0.1999847,-3.995774e-10,2976527.4,2987.493397482244,5,1904977536.0,ok,5,9,640
vco_current_max,3,15,12,0.25,0.2499767,9.141149e-11,2974457.0,1796.1976505941655,5,1903652480.0,ok,5,9,640
vco_current_max,3,15,12,0.3,0.2999635,-2.323093e-10,2965963.6,1809.403299433269,5,1898216704.0,ok,5,9,640
vco_current_max,3,15,12,0.35,0.3500017,9.904341e-11,2947969.2,4478.933712391823,5,1886700288.0,ok,5,9,640
vco_current_max,3,15,12,0.4,0.3999853,3.190971e-10,2898001.4,3736.229222090101,5,1854720896.0,ok,5,9,640
vco_current_max,3,15,12,0.45,0.4499782,1.944421e-10,2760540.2,5917.4814490625995,5,1766745728.0,ok,5,9,640
vco_current_max,3,15,12,0.5,0.4999752,1.441987e-10,2361335.0,11747.143397439226,5,1511254400.0,ok,5,9,640
vco_current_max,3,15,12,0.55,0.5499699,-3.849493e-10,4886972.0,29906.165250663616,5,977394400.0,ok,0,99,200
vco_current_max,3,15,12,0.6,0.5999647,1.785422e-10,2210801.8,40424.97256894555,5,442160359.99999994,ok,0,99,200
vco_current_max,3,15,12,0.65,0.6499878,-1.502662e-10,5257444.0,64605.880769477946,5,178753096.0,ok,0,16,34
vco_current_max,3,15,12,0.7,0.6999739,3.008177e-12,125640000.0,0.0,1,nan,unstable,0,0,2
vco_current_max,3,15,12,0.75,0.749975,1.060388e-10,nan,nan,0,nan,no_clock,5,9,640
vco_current_max,3,15,13,0.0,-2.032786e-06,-1.783519e-09,2450166.4,2393.204295500073,5,1568106496.0,ok,5,9,640
vco_current_max,3,15,13,0.05,0.04999424,-1.19458e-09,2451380.2,2858.9919901951457,5,1568883328.0,ok,5,9,640
vco_current_max,3,15,13,0.1,0.09998596,-8.63859e-10,2450519.0,1453.1593167990907,5,1568332160.0,ok,5,9,640
vco_current_max,3,15,13,0.15,0.1499876,-3.054491e-10,2451150.0,2666.604301354065,5,1568736000.0,ok,5,9,640
vco_current_max,3,15,13,0.2,0.1999842,-3.970335e-10,2447431.4,1296.2340837981387,5,1566356096.0,ok,5,9,640
vco_current_max,3,15,13,0.25,0.2499783,-4.358296e-10,2445484.0,1759.320891707934,5,1565109760.0,ok,5,9,640
vco_current_max,3,15,13,0.3,0.2999636,-3.525132e-10,2432831.6,2855.4131574957764,5,1557012224.0,ok,5,9,640
vco_current_max,3,15,13,0.35,0.3499995,-1.229184e-10,2407579.8,2543.5483482725467,5,1540851072.0,ok,5,9,640
vco_current_max,3,15,13,0.4,0.3999861,7.869144e-11,2359013.0,2641.820016579479,5,1509768320.0,ok,5,9,640
vco_current_max,3,15,13,0.45,0.4499798,-1.483582e-10,2228074.0,2891.6327567656303,5,1425967360.0,ok,5,9,640
vco_current_max,3,15,13,0.5,0.4999749,8.568721e-11,4875256.0,29802.219380442122,5,1170061440.0,ok,0,119,240
vco_current_max,3,15,13,0.55,0.5499705,-2.95909e-10,3144469.0,14545.086558697407,5,754672560.0,ok,0,119,240
vco_current_max,3,15,13,0.6,0.5999645,3.445363e-10,5136980.0,136372.9188658804,5,349314640.0,ok,0,33,68
vco_current_max,3,15,13,0.65,0.6499861,2.79665e-10,2153918.2,31025.331314911047,5,146466437.60000002,ok,0,33,68
vco_current_max,3,15,13,0.7,0.6999744,-1.095627e-10,29.52446,2.1095706294054244,5,nan,unverified,5,9,640
vco_current_max,3,15,13,0.75,0.7499761,2.624934e-10,nan,nan,0,nan,no_clock,5,9,640
vco_current_max,3,15,14,0.0,-1.232183e-06,-1.251821e-09,5019816.0,3867.567711107331,5,1094319888.0,ok,0,108,218
vco_current_max,3,15,14,0.05,0.04999393,-1.230197e-09,5028912.0,2081.7108348663605,5,1096302816.0,ok,0,108,218
vco_current_max,3,15,14,0.1,0.09998734,-6.399863e-10,5033908.0,6119.678913145689,5,1097391944.0,ok,0,108,218
vco_current_max,3,15,14,0.15,0.149987,-6.959545e-10,5027998.0,3456.37382237512,5,1096103564.0,ok,0,108,218
vco_current_max,3,15,14,0.2,0.1999838,-2.265854e-10,5026012.0,7781.704183532037,5,1095670616.0,ok,0,108,218
vco_current_max,3,15,14,0.25,0.2499778,-5.39498e-10,4997702.0,8043.371183776117,5,1089499036.0,ok,0,108,218
vco_current_max,3,15,14,0.3,0.2999635,-2.482092e-10,4973048.0,9461.488783484341,5,1084124464.0,ok,0,108,218
vco_current_max,3,15,14,0.35,0.3500003,2.971992e-11,4928256.0,4509.997782704555,5,1074359808.0,ok,0,108,218
vco_current_max,3,15,14,0.4,0.3999853,-9.175477e-11,4859642.0,12390.763495442885,5,1059401956.0,ok,0,108,218
vco_current_max,3,15,14,0.45,0.4499786,7.04235e-11,4674364.0,4277.958625325869,5,1019011352.0,ok,0,108,218
vco_current_max,3,15,14,0.5,0.4999755,-9.175484e-11,4174570.0,17819.618402199303,5,910056260.0,ok,0,108,218
vco_current_max,3,15,14,0.55,0.5499696,-7.967095e-11,3011851.0,8975.97234287183,5,656583518.0,ok,0,108,218
vco_current_max,3,15,14,0.6,0.5999659,1.028591e-10,5046380.0,54858.65109533774,5,333061080.0,ok,0,32,66
vco_current_max,3,15,14,0.65,0.649987,2.018e-11,2230654.2,36000.647913614,5,147223177.20000002,ok,0,32,66
vco_current_max,3,15,14,0.7,0.6999742,1.607345e-10,31.632028000000002,0.4280811759117664,5,nan,unverified,5,9,640
vco_current_max,3,15,14,0.75,0.7499762,2.694893e-10,nan,nan,0,nan,no_clock,5,9,640
vco_current_max,3,15,15,0.0,-2.261571e-06,-1.807051e-09,5009166.0,10517.118426641397,5,530971596.0,ok,0,52,106
vco_current_max,3,15,15,0.05,0.04999439,-1.174228e-09,5007360.0,7141.54395071542,5,530780160.0,ok,0,52,106
vco_current_max,3,15,15,0.1,0.09998612,-8.269712e-10,4996984.0,4270.981151913457,5,529680304.0,ok,0,52,106
vco_current_max,3,15,15,0.15,0.1499884,-6.406223e-10,4997166.0,6364.682238729597,5,529699596.0,ok,0,52,106
vco_current_max,3,15,15,0.2,0.1999854,-1.744339e-10,4980220.0,6293.810451546821,5,527903320.0,ok,0,52,106
vco_current_max,3,15,15,0.25,0.2499786,-2.265854e-10,4944716.0,2865.0445022721724,5,524139896.0,ok,0,52,106
vco_current_max,3,15,15,0.3,0.2999626,-3.197134e-11,4907486.0,8840.247734085284,5,520193516.0,ok,0,52,106
vco_current_max,3,15,15,0.35,0.3500019,-3.83313e-11,4873836.0,5520.749949055835,5,516626616.0,ok,0,52,106
vco_current_max,3,15,15,0.4,0.3999859,-1.496302e-10,4806262.0,4200.829679956092,5,509463772.0,ok,0,52,106
vco_current_max,3,15,15,0.45,0.4499786,2.145184e-11,4680834.0,5425.659406929263,5,496168404.0,ok,0,52,106
vco_current_max,3,15,15,0.5,0.4999748,7.996351e-11,4323668.0,11598.755105613705,5,458308808.0,ok,0,52,106
vco_current_max,3,15,15,0.55,0.5499702,-2.43395e-11,3391797.6,10765.571294641079,5,359530545.6,ok,0,52,106
vco_current_max,3,15,15,0.6,0.5999655,1.009512e-10,2020466.8,15611.778604630543,5,214169480.8,ok,0,52,106
vco_current_max,3,15,15,0.65,0.6499864,4.371176e-11,3985.4144,468.2505901355597,5,nan,unstable,5,9,640
vco_current_max,3,15,15,0.7,0.6999739,1.213029e-10,4746.61,2255.0380261686646,4,nan,unstable,0,0,2
vco_current_max,3,15,15,0.75,0.7499759,2.313298e-10,nan,nan,0,nan,no_clock,5,9,640
vco_current_min,3,0,0,0.0,-2.719069e-06,-1.868107e-09,4592406.0,925.6511221837308,5,2939139840.0,ok,5,9,640
vco_current_min,3,0,0,0.05,0.04999427,-1.263269e-09,4591730.0,1195.0104602052654,5,2938707200.0,ok,5,9,640
vco_current_min,3,0,0,0.1,0.0999859,-8.791233e-10,4592068.0,755.7909763949289,5,2938923520.0,ok,5,9,640
vco_current_min,3,0,0,0.15,0.1499868,-6.310822e-10,4591392.0,755.7909763949289,5,2938490880.0,ok,5,9,640
vco_current_min,3,0,0,0.2,0.1999844,-4.460057e-10,4590040.0,0.0,5,2937625600.0,ok,5,9,640
vco_current_min,3,0,0,0.25,0.2499778,-2.70469e-10,4590040.0,0.0,5,2937625600.0,ok,5,9,640
vco_current_min,3,0,0,0.3,0.2999628,-2.055976e-10,4589026.0,925.6511221837308,5,2936976640.0,ok,5,9,640
vco_current_min,3,0,0,0.35,0.3500005,-1.400902e-10,4585056.0,751.3188404399293,5,2934435840.0,ok,5,9,640
vco_current_min,3,0,0,0.4,0.3999845,-2.43395e-11,4581360.0,0.0,5,2932070400.0,ok,5,9,640
vco_current_min,3,0,0,0.45,0.449979,-1.443679e-12,4568786.0,1397.2222443119063,5,2924023040.0,ok,5,9,640
vco_current_min,3,0,0,0.5,0.4999743,-2.497552e-11,4522826.0,3847.957899977597,5,2894608640.0,ok,5,9,640
vco_current_min,3,0,0,0.55,0.5499697,-2.497549e-11,4394340.0,5412.610276012859,5,2812377600.0,ok,5,9,640
vco_current_min,3,0,0,0.6,0.5999652,1.191205e-11,4205484.0,5158.335971997171,5,2691509760.0,ok,5,9,640
vco_current_min,3,0,0,0.65,0.6499859,-1.161976e-11,4124050.0,2815.119890874987,5,2639392000.0,ok,5,9,640
vco_current_min,3,0,0,0.7,0.6999739,8.759543e-11,4103190.0,1811.2150617748296,5,2626041600.0,ok,5,9,640
vco_current_min,3,0,0,0.75,0.7499761,2.478657e-10,4100584.0,2301.5277534715933,5,2624373760.0,ok,5,9,640
vco_current_min,3,1,0,0.0,-1.689623e-06,-1.738363e-09,4591392.0,755.7909763949289,5,2938490880.0,ok,5,9,640
vco_current_min,3,1,0,0.05,0.04999404,-1.196488e-09,4590040.0,0.0,5,2937625600.0,ok,5,9,640
vco_current_min,3,1,0,0.1,0.09998604,-8.384193e-10,4589702.0,755.7909763949289,5,2937409280.0,ok,5,9,640
vco_current_min,3,1,0,0.15,0.149987,-6.050062e-10,4589702.0,755.7909763949289,5,2937409280.0,ok,5,9,640
vco_current_min,3,1,0,0.2,0.1999839,-4.663577e-10,4590040.0,0.0,5,2937625600.0,ok,5,9,640
vco_current_min,3,1,0,0.25,0.2499772,-3.385212e-10,4587960.0,872.066511224918,5,2936294400.0,ok,5,9,640
vco_current_min,3,1,0,0.3,0.2999634,-2.583851e-10,4587960.0,872.066511224918,5,2936294400.0,ok,5,9,640
vco_current_min,3,1,0,0.35,0.3500003,3.735198e-11,4584720.0,0.0,5,2934220800.0,ok,5,9,640
vco_current_min,3,1,0,0.4,0.3999848,-4.596326e-11,4580016.0,1405.5888445772468,5,2931210240.0,ok,5,9,640
vco_current_min,3,1,0,0.45,0.4499801,-1.101986e-10,4567450.0,0.0,5,2923168000.0,ok,5,9,640
vco_current_min,3,1,0,0.5,0.4999759,4.243986e-11,4521840.0,2373.5205918634874,5,2893977600.0,ok,5,9,640
vco_current_min,3,1,0,0.55,0.5499705,1.382019e-11,4386228.0,2530.4782156738675,5,2807185920.0,ok,5,9,640
vco_current_min,3,1,0,0.6,0.5999653,4.625578e-11,4196160.0,2229.4057504187076,5,2685542400.0,ok,5,9,640
vco_current_min,3,1,0,0.65,0.649987,-3.069947e-11,4103460.0,3107.9333969697614,5,2626214400.0,ok,5,9,640
vco_current_min,3,1,0,0.7,0.6999742,-3.351708e-12,4081484.0,3661.9298190981212,5,2612149760.0,ok,5,9,640
vco_current_min,3,1,0,0.75,0.7499757,2.523178e-10,4084394.0,2440.118849564504,5,2614012160.0,ok,5,9,640
vco_current_min,3,2,0,0.0,-1.346503e-06,-1.875104e-09,4586064.0,751.3188404399293,5,2935080960.0,ok,5,9,640
vco_current_min,3,2,0,0.05,0.04999439,-1.301429e-09,4586400.0,0.0,5,2935296000.0,ok,5,9,640
vco_current_min,3,2,0,0.1,0.09998536,-8.956595e-10,4586064.0,751.3188404399293,5,2935080960.0,ok,5,9,640
vco_current_min,3,2,0,0.15,0.149988,-6.107302e-10,4584720.0,0.0,5,2934220800.0,ok,5,9,640
vco_current_min,3,2,0,0.2,0.1999846,-3.773174e-10,4584720.0,0.0,5,2934220800.0,ok,5,9,640
vco_current_min,3,2,0,0.25,0.2499769,-3.652333e-10,4583936.0,997.8376621475059,5,2933719040.0,ok,5,9,640
vco_current_min,3,2,0,0.3,0.2999633,-2.036896e-10,4581696.0,751.3188404399293,5,2932285440.0,ok,5,9,640
vco_current_min,3,2,0,0.35,0.3500003,-1.070185e-10,4579344.0,751.3188404399293,5,2930780160.0,ok,5,9,640
vco_current_min,3,2,0,0.4,0.3999859,-6.3771e-11,4574436.0,279.3385043276347,5,2927639040.0,ok,5,9,640
vco_current_min,3,2,0,0.45,0.4499785,7.805526e-11,4560286.0,1464.8481149934964,5,2918583040.0,ok,5,9,640
vco_current_min,3,2,0,0.5,0.4999754,7.932752e-11,4511188.0,892.7877687334208,5,2887160320.0,ok,5,9,640
vco_current_min,3,2,0,0.55,0.5499699,1.000411e-11,4356320.0,4162.691437039262,5,2788044800.0,ok,5,9,640
vco_current_min,3,2,0,0.6,0.5999643,2.033459e-10,4129882.0,5454.9262139831,5,2643124480.0,ok,5,9,640
vco_current_min,3,2,0,0.65,0.6499864,5.388767e-11,4020676.0,4604.479340815854,5,2573232640.0,ok,5,9,640
vco_current_min,3,2,0,0.7,0.6999736,1.435625e-10,3996276.0,4942.234312535172,5,2557616640.0,ok,5,9,640
vco_current_min,3,2,0,0.75,0.7499766,2.644014e-10,3996416.0,2623.219396085657,5,2557706240.0,ok,5,9,640
vco_current_min,3,3,0,0.0,-1.689637e-06,-1.824859e-09,4584720.0,1187.9393923933999,5,2934220800.0,ok,5,9,640
vco_current_min,3,3,0,0.05,0.04999463,-1.197125e-09,4584720.0,0.0,5,2934220800.0,ok,5,9,640
vco_current_min,3,3,0,0.1,0.09998635,-9.179194e-10,4583376.0,751.3188404399293,5,2933360640.0,ok,5,9,640
vco_current_min,3,3,0,0.15,0.1499877,-5.992822e-10,4583376.0,751.3188404399293,5,2933360640.0,ok,5,9,640
vco_current_min,3,3,0,0.2,0.1999846,-4.561817e-10,4582368.0,920.1738966086791,5,2932715520.0,ok,5,9,640
vco_current_min,3,3,0,0.25,0.2499768,-2.558411e-10,4582144.0,1091.640966618604,5,2932572160.0,ok,5,9,640
vco_current_min,3,3,0,0.3,0.2999634,-2.119576e-10,4580016.0,751.3188404399293,5,2931210240.0,ok,5,9,640
vco_current_min,3,3,0,0.35,0.3499995,-2.87915e-11,4578336.0,1405.5888445772468,5,2930135040.0,ok,5,9,640
vco_current_min,3,3,0,0.4,0.3999855,-5.995508e-11,4574130.0,0.0,5,2927443200.0,ok,5,9,640
vco_current_min,3,3,0,0.45,0.4499785,-7.585495e-11,4558692.0,742.3745685299302,5,2917562880.0,ok,5,9,640
vco_current_min,3,3,0,0.5,0.499975,-1.734354e-11,4507584.0,2759.8876788739067,5,2884853760.0,ok,5,9,640
vco_current_min,3,3,0,0.55,0.5499696,4.561962e-11,4348482.0,5571.769916283335,5,2783028480.0,ok,5,9,640
vco_current_min,3,3,0,0.6,0.5999658,3.54439e-11,4112182.0,3197.4474194269405,5,2631796480.0,ok,5,9,640
vco_current_min,3,3,0,0.65,0.6499871,-5.613916e-11,3998464.0,2774.9738737508865,5,2559016960.0,ok,5,9,640
vco_current_min,3,3,0,0.7,0.6999735,-6.122729e-11,3975168.0,2845.227583164482,5,2544107520.0,ok,5,9,640
vco_current_min,3,3,0,0.75,0.7499758,2.446856e-10,3972276.0,2900.7378371717773,5,2542256640.0,ok,5,9,640
vco_current_min,3,4,0,0.0,-1.918379e-06,-1.691299e-09,4581024.0,751.3188404399293,5,2931855360.0,ok,5,9,640
vco_current_min,3,4,0,0.05,0.04999565,-1.066108e-09,4580688.0,920.1738966086791,5,2931640320.0,ok,5,9,640
vco_current_min,3,4,0,0.1,0.09998614,-9.738877e-10,4580352.0,920.1738966086791,5,2931425280.0,ok,5,9,640
vco_current_min,3,4,0,0.15,0.1499869,-5.280498e-10,4579680.0,0.0,5,2930995200.0,ok,5,9,640
vco_current_min,3,4,0,0.2,0.1999846,-2.342173e-10,4579344.0,751.3188404399293,5,2930780160.0,ok,5,9,640
vco_current_min,3,4,0,0.25,0.2499775,-2.348533e-10,4576992.0,920.1738966086791,5,2929274880.0,ok,5,9,640
vco_current_min,3,4,0,0.3,0.2999628,-3.041771e-10,4575648.0,920.1738966086791,5,2928414720.0,ok,5,9,640
vco_current_min,3,4,0,0.35,0.3500002,-1.394543e-10,4574436.0,279.3385043276347,5,2927639040.0,ok,5,9,640
vco_current_min,3,4,0,0.4,0.3999858,-1.540821e-10,4568786.0,746.8467044849298,5,2924023040.0,ok,5,9,640
vco_current_min,3,4,0,0.45,0.4499784,-1.127426e-10,4551720.0,1173.7972567696688,5,2913100800.0,ok,5,9,640
vco_current_min,3,4,0,0.5,0.4999748,-7.331105e-11,4500036.0,1774.6210863167382,5,2880023040.0,ok,5,9,640
vco_current_min,3,4,0,0.55,0.5499698,-3.06995e-11,4316334.0,4928.775710052142,5,2762453760.0,ok,5,9,640
vco_current_min,3,4,0,0.6,0.5999641,3.09919e-11,4032600.0,2055.4804791094466,5,2580864000.0,ok,5,9,640
vco_current_min,3,4,0,0.65,0.6499872,1.639145e-10,3900662.0,2446.0825824162193,5,2496423680.0,ok,5,9,640
vco_current_min,3,4,0,0.7,0.6999742,1.728183e-10,3870226.0,4466.248985446288,5,2476944640.0,ok,5,9,640
vco_current_min,3,4,0,0.75,0.7499762,3.636162e-10,3868320.0,3851.233568611491,5,2475724800.0,ok,5,9,640
vco_current_min,3,5,0,0.0,-2.03283e-06,-1.901815e-09,4579680.0,0.0,5,2930995200.0,ok,5,9,640
vco_current_min,3,5,0,0.05,0.0499944,-1.192673e-09,4579680.0,0.0,5,2930995200.0,ok,5,9,640
vco_current_min,3,5,0,0.1,0.09998634,-9.503556e-10,4579344.0,751.3188404399293,5,2930780160.0,ok,5,9,640
vco_current_min,3,5,0,0.15,0.1499878,-6.113662e-10,4579008.0,920.1738966086791,5,2930565120.0,ok,5,9,640
vco_current_min,3,5,0,0.2,0.1999844,-5.159659e-10,4576992.0,920.1738966086791,5,2929274880.0,ok,5,9,640
vco_current_min,3,5,0,0.25,0.2499769,-2.463012e-10,4577664.0,751.3188404399293,5,2929704960.0,ok,5,9,640
vco_current_min,3,5,0,0.3,0.2999646,-2.195895e-10,4575648.0,920.1738966086791,5,2928414720.0,ok,5,9,640
vco_current_min,3,5,0,0.35,0.350001,-1.070186e-10,4574130.0,0.0,5,2927443200.0,ok,5,9,640
vco_current_min,3,5,0,0.4,0.3999867,1.098552e-10,4567784.0,746.8467044849298,5,2923381760.0,ok,5,9,640
vco_current_min,3,5,0,0.45,0.4499794,-1.515382e-10,4551472.0,933.8736531244471,5,2912942080.0,ok,5,9,640
vco_current_min,3,5,0,0.5,0.4999751,1.282989e-10,4495392.0,1486.2267660084715,5,2877050880.0,ok,5,9,640
vco_current_min,3,5,0,0.55,0.5499697,-7.649101e-11,4311562.0,1886.9605189298477,5,2759399680.0,ok,5,9,640
vco_current_min,3,5,0,0.6,0.5999645,1.191197e-11,4017574.0,4034.66603326719,5,2571247360.0,ok,5,9,640
vco_current_min,3,5,0,0.65,0.6499863,8.250728e-11,3877760.0,3080.259729308553,5,2481766400.0,ok,5,9,640
vco_current_min,3,5,0,0.7,0.6999731,-3.769544e-11,3841372.0,2841.816320594982,5,2458478080.0,ok,5,9,640
vco_current_min,3,5,0,0.75,0.7499754,1.8681e-10,3837420.0,4375.5913886010885,5,2455948800.0,ok,5,9,640
vco_current_min,3,6,0,0.0,-1.689623e-06,-1.909448e-09,4574334.0,279.3385043276347,5,2927573760.0,ok,5,9,640
vco_current_min,3,6,0,0.05,0.04999439,-1.068652e-09,4574436.0,279.3385043276347,5,2927639040.0,ok,5,9,640
vco_current_min,3,6,0,0.1,0.0999865,-9.579878e-10,4574436.0,279.3385043276347,5,2927639040.0,ok,5,9,640
vco_current_min,3,6,0,0.15,0.149987,-6.864146e-10,4573796.0,746.8467044849298,5,2927229440.0,ok,5,9,640
vco_current_min,3,6,0,0.2,0.1999846,-5.52854e-10,4573796.0,746.8467044849298,5,2927229440.0,ok,5,9,640
vco_current_min,3,6,0,0.25,0.2499778,-1.451782e-10,4572588.0,286.2167011199731,5,2926456320.0,ok,5,9,640
vco_current_min,3,6,0,0.3,0.2999629,-3.951254e-10,4570790.0,0.0,5,2925305600.0,ok,5,9,640
vco_current_min,3,6,0,0.35,0.3500005,-2.094136e-10,4568452.0,914.6966710336274,5,2923809280.0,ok,5,9,640
vco_current_min,3,6,0,0.4,0.3999852,-1.121066e-10,4562290.0,1460.5478424207815,5,2919865600.0,ok,5,9,640
vco_current_min,3,6,0,0.45,0.4499791,8.505141e-11,4545090.0,903.7422198835241,5,2908857600.0,ok,5,9,640
vco_current_min,3,6,0,0.5,0.4999754,6.660758e-11,4481918.0,2388.0159128448036,5,2868427520.0,ok,5,9,640
vco_current_min,3,6,0,0.55,0.54997,4.916151e-12,4266676.0,8090.110011612945,5,2730672640.0,ok,5,9,640
vco_current_min,3,6,0,0.6,0.5999654,4.916012e-12,3914572.0,4686.199953053647,5,2505326080.0,ok,5,9,640
vco_current_min,3,6,0,0.65,0.6499861,-4.278347e-11,3742144.0,4145.513237224071,5,2394972160.0,ok,5,9,640
vco_current_min,3,6,0,0.7,0.6999734,-3.324346e-11,3709252.0,5565.835067624624,5,2373921280.0,ok,5,9,640
vco_current_min,3,6,0,0.75,0.7499751,3.566202e-10,3703980.2,3817.4193115244752,5,2370547328.0,ok,5,9,640
vco_current_min,3,7,0,0.0,-1.232183e-06,-1.64487e-09,4574232.0,228.07893370497854,5,2927508480.0,ok,5,9,640
vco_current_min,3,7,0,0.05,0.04999462,-1.193309e-09,4573796.0,746.8467044849298,5,2927229440.0,ok,5,9,640
vco_current_min,3,7,0,0.1,0.0999867,-8.683113e-10,4573462.0,914.6966710336274,5,2927015680.0,ok,5,9,640
vco_current_min,3,7,0,0.15,0.1499882,-6.406223e-10,4572716.0,350.5424368033063,5,2926538240.0,ok,5,9,640
vco_current_min,3,7,0,0.2,0.199985,-3.836774e-10,4572844.0,350.5424368033063,5,2926620160.0,ok,5,9,640
vco_current_min,3,7,0,0.25,0.2499781,-2.246774e-10,4570456.0,746.8467044849298,5,2925091840.0,ok,5,9,640
vco_current_min,3,7,0,0.3,0.2999626,-9.620676e-11,4569454.0,746.8467044849298,5,2924450560.0,ok,5,9,640
vco_current_min,3,7,0,0.35,0.3500007,-1.407262e-10,4566448.0,914.6966710336274,5,2922526720.0,ok,5,9,640
vco_current_min,3,7,0,0.4,0.3999867,-1.222824e-10,4559024.0,909.2194454585757,5,2917775360.0,ok,5,9,640
vco_current_min,3,7,0,0.45,0.4499788,2.272399e-11,4541790.0,903.7422198835241,5,2906745600.0,ok,5,9,640
vco_current_min,3,7,0,0.5,0.4999755,-2.624748e-11,4479542.0,1683.9150809942882,5,2866906880.0,ok,5,9,640
vco_current_min,3,7,0,0.55,0.5499697,9.586307e-11,4259162.0,8231.383237342312,5,2725863680.0,ok,5,9,640
vco_current_min,3,7,0,0.6,0.5999663,-7.3947e-11,3883922.0,5402.36244618963,5,2485710080.0,ok,5,9,640
vco_current_min,3,7,0,0.65,0.6499867,6.978726e-11,3708320.0,2847.2794032198526,5,2373324800.0,ok,5,9,640
vco_current_min,3,7,0,0.7,0.6999742,2.135221e-10,3673271.2,4102.163721744903,5,2350893568.0,ok,5,9,640
vco_current_min,3,7,0,0.75,0.7499762,1.944421e-10,3667374.0,3133.6847320686234,5,2347119360.0,ok,5,9,640
vco_current_min,3,8,0,0.0,-1.003427e-06,-1.545654e-09,4533704.0,679.1759713064059,5,2901570560.0,ok,5,9,640
vco_current_min,3,8,0,0.05,0.04999495,-1.132252e-09,4533456.0,679.1759713064059,5,2901411840.0,ok,5,9,640
vco_current_min,3,8,0,0.1,0.09998731,-7.792711e-10,4532304.0,898.2649943084724,5,2900674560.0,ok,5,9,640
vco_current_min,3,8,0,0.15,0.1499888,-6.934106e-10,4532304.0,898.2649943084724,5,2900674560.0,ok,5,9,640
vco_current_min,3,8,0,0.2,0.1999852,-1.254624e-10,4530664.0,898.2649943084724,5,2899624960.0,ok,5,9,640
vco_current_min,3,8,0,0.25,0.249977,-3.283452e-10,4528292.0,781.7096647733096,5,2898106880.0,ok,5,9,640
vco_current_min,3,8,0,0.3,0.2999625,-7.331091e-11,4526072.0,733.430296619931,5,2896686080.0,ok,5,9,640
vco_current_min,3,8,0,0.35,0.3500004,3.607981e-11,4520856.0,1395.3064179598687,5,2893347840.0,ok,5,9,640
vco_current_min,3,8,0,0.4,0.399986,-3.175331e-10,4508580.0,1152.5840533340725,5,2885491200.0,ok,5,9,640
vco_current_min,3,8,0,0.45,0.4499789,-1.833379e-10,4476480.0,715.5417527999327,5,2864947200.0,ok,5,9,640
vco_current_min,3,8,0,0.5,0.4999748,-7.839902e-11,4325304.0,5208.366346562038,5,2768194560.0,ok,5,9,640
vco_current_min,3,8,0,0.55,0.5499697,-3.578743e-11,3394886.2,14336.035756093803,5,2172727168.0,ok,5,9,640
vco_current_min,3,8,0,0.6,0.5999647,1.041311e-10,2356359.4,11507.47630021457,5,1508070016.0,ok,5,9,640
vco_current_min,3,8,0,0.65,0.6499876,8.695927e-11,5001112.0,13001.517988296597,5,1240275776.0,ok,0,123,248
vco_current_min,3,8,0,0.7,0.6999735,1.836302e-10,4808520.0,3558.5460514091988,5,1192512960.0,ok,0,123,248
vco_current_min,3,8,0,0.75,0.7499766,2.89205e-10,4767314.0,10948.916841404907,5,1182293872.0,ok,0,123,248
vco_current_min,3,9,0,0.0,-1.689725e-06,-1.878283e-09,4530008.0,733.430296619931,5,2899205120.0,ok,5,9,640
vco_current_min,3,9,0,0.05,0.04999507,-1.1755e-09,4530008.0,1372.1224435158838,5,2899205120.0,ok,5,9,640
vco_current_min,3,9,0,0.1,0.09998667,-7.589187e-10,4529314.0,818.400879764923,5,2898760960.0,ok,5,9,640
vco_current_min,3,9,0,0.15,0.149988,-5.719341e-10,4528658.0,936.1730609241007,5,2898341120.0,ok,5,9,640
vco_current_min,3,9,0,0.2,0.1999848,-4.860738e-10,4527384.0,898.2649943084724,5,2897525760.0,ok,5,9,640
vco_current_min,3,9,0,0.25,0.2499781,-3.149891e-10,4526072.0,733.430296619931,5,2896686080.0,ok,5,9,640
vco_current_min,3,9,0,0.3,0.299964,-1.66802e-10,4524432.0,733.430296619931,5,2895636480.0,ok,5,9,640
vco_current_min,3,9,0,0.35,0.3500004,-1.839738e-10,4517498.0,801.3862988596698,5,2891198720.0,ok,5,9,640
vco_current_min,3,9,0,0.4,0.3999865,-1.734354e-11,4507474.0,1407.7925983609944,5,2884783360.0,ok,5,9,640
vco_current_min,3,9,0,0.45,0.4499791,3.099188e-11,4473920.0,1338.656042454521,5,2863308800.0,ok,5,9,640
vco_current_min,3,9,0,0.5,0.4999758,-1.543568e-11,4306156.0,14694.927015810592,5,2755939840.0,ok,5,9,640
vco_current_min,3,9,0,0.55,0.5499699,8.505138e-11,3394172.0,35093.45439679599,5,2172270080.0,ok,5,9,640
vco_current_min,3,9,0,0.6,0.5999659,2.590395e-11,2290654.2,11883.450875061502,5,1466018688.0,ok,5,9,640
vco_current_min,3,9,0,0.65,0.6499872,7.169551e-11,4987272.0,9964.83416821374,5,1196945280.0,ok,0,119,240
vco_current_min,3,9,0,0.7,0.6999731,6.151943e-11,4770584.0,2372.989675493764,5,1144940160.0,ok,0,119,240
vco_current_min,3,9,0,0.75,0.7499764,4.431152e-10,4731760.0,5569.349154075367,5,1135622400.0,ok,0,119,240
vco_current_min,3,10,0,0.0,-2.032888e-06,-1.79433e-09,4522136.0,898.2649943084724,5,2894167040.0,ok,5,9,640
vco_current_min,3,10,0,0.05,0.04999475,-1.10872e-09,4520560.0,2116.9789795838788,5,2893158400.0,ok,5,9,640
vco_current_min,3,10,0,0.1,0.09998706,-7.570109e-10,4519608.0,1708.8943794161182,5,2892549120.0,ok,5,9,640
vco_current_min,3,10,0,0.15,0.1499879,-6.139104e-10,4518984.0,1395.3064179598687,5,2892149760.0,ok,5,9,640
vco_current_min,3,10,0,0.2,0.1999851,-3.518773e-10,4517954.0,902.7624272199192,5,2891490560.0,ok,5,9,640
vco_current_min,3,10,0,0.25,0.2499788,-1.846098e-10,4515752.0,892.7877687334208,5,2890081280.0,ok,5,9,640
vco_current_min,3,10,0,0.3,0.299964,-2.475732e-10,4512818.0,892.7877687334208,5,2888203520.0,ok,5,9,640
vco_current_min,3,10,0,0.35,0.3499999,-1.67438e-10,4507276.0,728.9581606649315,5,2884656640.0,ok,5,9,640
vco_current_min,3,10,0,0.4,0.3999864,6.188328e-12,4498416.0,724.4860247099318,5,2878986240.0,ok,5,9,640
vco_current_min,3,10,0,0.45,0.4499793,2.033461e-10,4461222.0,1330.2894421891801,5,2855182080.0,ok,5,9,640
vco_current_min,3,10,0,0.5,0.499975,3.67158e-11,4269610.0,11390.092185755128,5,2732550400.0,ok,5,9,640
vco_current_min,3,10,0,0.55,0.5499706,-1.543557e-11,3185468.8,22517.66790100609,5,2038700032.0,ok,5,9,640
vco_current_min,3,10,0,0.6,0.5999649,4.879971e-11,2002023.6,16476.608124853854,5,1281295104.0,ok,5,9,640
vco_current_min,3,10,0,0.65,0.6499864,9.840723e-11,5000036.0,22725.678867747825,5,980007056.0,ok,0,97,196
vco_current_min,3,10,0,0.7,0.6999742,2.408697e-10,4680716.0,7201.852539451221,5,917420336.0,ok,0,97,196
vco_current_min,3,10,0,0.75,0.7499752,3.439002e-10,4630470.0,7142.174038764388,5,907572120.0,ok,0,97,196
vco_current_min,3,11,0,0.0,-2.490313e-06,-1.903723e-09,4517478.0,1131.490167875974,5,2891185920.0,ok,5,9,640
vco_current_min,3,11,0,0.05,0.04999473,-1.113808e-09,4517708.0,892.7877687334208,5,2891333120.0,ok,5,9,640
vco_current_min,3,11,0,0.1,0.0999876,-7.697308e-10,4516404.0,728.9581606649315,5,2890498560.0,ok,5,9,640
vco_current_min,3,11,0,0.15,0.1499875,-6.965905e-10,4516336.0,696.153718657022,5,2890455040.0,ok,5,9,640
vco_current_min,3,11,0,0.2,0.199985,-3.417012e-10,4515392.0,1324.677319198906,5,2889850880.0,ok,5,9,640
vco_current_min,3,11,0,0.25,0.2499777,-3.957615e-10,4513470.0,0.0,5,2888620800.0,ok,5,9,640
vco_current_min,3,11,0,0.3,0.2999636,-1.668019e-10,4509884.0,728.9581606649315,5,2886325760.0,ok,5,9,640
vco_current_min,3,11,0,0.35,0.3500011,-1.833379e-10,4505280.0,54.772255750516614,5,2883379200.0,ok,5,9,640
vco_current_min,3,11,0,0.4,0.3999843,-1.006587e-10,4493880.0,0.0,5,2876083200.0,ok,5,9,640
vco_current_min,3,11,0,0.45,0.4499783,-1.718348e-13,4455816.0,1422.1392336898662,5,2851722240.0,ok,5,9,640
vco_current_min,3,11,0,0.5,0.4999744,6.024753e-11,4260690.0,10075.432993177017,5,2726841600.0,ok,5,9,640
vco_current_min,3,11,0,0.55,0.5499699,7.169548e-11,3152908.4,26141.418148218356,5,2017861376.0,ok,5,9,640
vco_current_min,3,11,0,0.6,0.5999652,1.034951e-10,4961910.0,70617.24399889875,5,1220629860.0,ok,0,122,246
vco_current_min,3,11,0,0.65,0.6499851,8.695911e-11,3759838.0,9472.154242831986,5,924920148.0,ok,0,122,246
vco_current_min,3,11,0,0.7,0.6999726,1.810862e-10,3513191.4,5673.754118747128,5,864245084.4,ok,0,122,246
vco_current_min,3,11,0,0.75,0.7499762,1.645504e-10,3472291.0,7275.357929339284,5,854183586.0,ok,0,122,246
vco_current_min,3,12,0,0.0,-2.490357e-06,-1.754262e-09,4508580.0,0.0,5,2885491200.0,ok,5,9,640
vco_current_min,3,12,0,0.05,0.04999451,-1.249277e-09,4509232.0,892.7877687334208,5,2885908480.0,ok,5,9,640
vco_current_min,3,12,0,0.1,0.09998608,-9.802474e-10,4507928.0,892.7877687334208,5,2885073920.0,ok,5,9,640
vco_current_min,3,12,0,0.15,0.1499873,-5.916501e-10,4507960.0,651.3447627792826,5,2885094400.0,ok,5,9,640
vco_current_min,3,12,0,0.2,0.1999844,-4.949777e-10,4506308.0,1020.4753794188275,5,2884037120.0,ok,5,9,640
vco_current_min,3,12,0,0.25,0.2499776,-2.106856e-10,4504916.0,736.9396176078471,5,2883146240.0,ok,5,9,640
vco_current_min,3,12,0,0.3,0.2999623,-2.259494e-10,4502952.0,887.3105431583691,5,2881889280.0,ok,5,9,640
vco_current_min,3,12,0,0.35,0.3500012,-2.284934e-10,4495824.0,724.4860247099318,5,2877327360.0,ok,5,9,640
vco_current_min,3,12,0,0.4,0.3999862,1.791785e-10,4483850.0,0.0,5,2869664000.0,ok,5,9,640
vco_current_min,3,12,0,0.45,0.4499784,-1.439063e-10,4439800.0,1117.228714274745,5,2841472000.0,ok,5,9,640
vco_current_min,3,12,0,0.5,0.4999743,-7.776302e-11,4203172.0,19007.274133867802,5,2690030080.0,ok,5,9,640
vco_current_min,3,12,0,0.55,0.5499711,2.236979e-10,2977628.0,13989.219635133333,5,1905681920.0,ok,5,9,640
vco_current_min,3,12,0,0.6,0.5999656,-2.272214e-10,4955482.0,65888.06887441762,5,1020829292.0,ok,0,102,206
vco_current_min,3,12,0,0.65,0.6499875,1.295707e-10,3318494.2,13009.379739249676,5,683609805.2,ok,0,102,206
vco_current_min,3,12,0,0.7,0.6999742,-1.607164e-11,2967624.6,5555.554139777598,5,611330667.6,ok,0,102,206
vco_current_min,3,12,0,0.75,0.7499763,1.600986e-10,2909949.2,2840.5300913737915,5,599449535.2,ok,0,102,206
vco_current_min,3,13,0,0.0,-1.23214e-06,-1.927892e-09,4507054.0,1139.6622306631032,5,2884514560.0,ok,5,9,640
vco_current_min,3,13,0,0.05,0.04999544,-1.100453e-09,4506298.0,892.7877687334208,5,2884030720.0,ok,5,9,640
vco_current_min,3,13,0,0.1,0.09998678,-8.848471e-10,4505802.0,786.7146877998401,5,2883713280.0,ok,5,9,640
vco_current_min,3,13,0,0.15,0.1499885,-5.286858e-10,4505280.0,54.772255750516614,5,2883379200.0,ok,5,9,640
vco_current_min,3,13,0,0.2,0.1999858,-5.42678e-10,4504592.0,906.4877274403664,5,2882938880.0,ok,5,9,640
vco_current_min,3,13,0,0.25,0.2499783,-1.000226e-10,4502628.0,887.3105431583691,5,2881681920.0,ok,5,9,640
vco_current_min,3,13,0,0.3,0.2999638,-2.78737e-10,4499388.0,887.3105431583691,5,2879608320.0,ok,5,9,640
vco_current_min,3,13,0,0.35,0.3500006,-9.111878e-11,4493808.0,1276.6048723077945,5,2876037120.0,ok,5,9,640
vco_current_min,3,13,0,0.4,0.3999858,1.28935e-10,4479664.0,881.8333175833175,5,2866984960.0,ok,5,9,640
vco_current_min,3,13,0,0.45,0.4499784,2.141577e-10,4435502.0,5057.916567125243,5,2838721280.0,ok,5,9,640
vco_current_min,3,13,0,0.5,0.4999751,-1.445423e-10,4186880.0,9622.234667685048,5,2679603200.0,ok,5,9,640
vco_current_min,3,13,0,0.55,0.54997,1.13671e-10,2924324.0,13092.474174120032,5,1871567360.0,ok,5,9,640
vco_current_min,3,13,0,0.6,0.5999646,1.721823e-10,4944830.0,75019.94368166375,5,969186680.0,ok,0,97,196
vco_current_min,3,13,0,0.65,0.6499863,1.022232e-10,3165254.2,12280.778770094346,5,620389823.2,ok,0,97,196
vco_current_min,3,13,0,0.7,0.6999744,1.734545e-10,2784571.8,4885.886326962591,5,545776072.8,ok,0,97,196
vco_current_min,3,13,0,0.75,0.749976,3.273648e-10,2722320.2,6053.533777885443,5,533574759.20000005,ok,0,97,196
vco_current_min,3,14,0,0.0,-2.032801e-06,-1.865563e-09,4497174.0,1119.7678330796969,5,2878191360.0,ok,5,9,640
vco_current_min,3,14,0,0.05,0.04999598,-1.306517e-09,4496796.0,724.4860247099318,5,2877949440.0,ok,5,9,640
vco_current_min,3,14,0,0.1,0.09998622,-9.249154e-10,4496472.0,887.3105431583691,5,2877742080.0,ok,5,9,640
vco_current_min,3,14,0,0.15,0.1499874,-5.509461e-10,4495176.0,724.4860247099318,5,2876912640.0,ok,5,9,640
vco_current_min,3,14,0,0.2,0.1999832,-5.910142e-10,4493088.0,1084.490663860229,5,2875576320.0,ok,5,9,640
vco_current_min,3,14,0,0.25,0.2499773,-2.297654e-10,4490934.0,881.8333175833175,5,2874197760.0,ok,5,9,640
vco_current_min,3,14,0,0.3,0.2999627,-3.238932e-10,4487392.0,720.0138887549323,5,2871930880.0,ok,5,9,640
vco_current_min,3,14,0,0.35,0.3500007,-1.489941e-10,4480630.0,1138.4419177103416,5,2867603200.0,ok,5,9,640
vco_current_min,3,14,0,0.4,0.399987,-2.243153e-11,4465744.0,898.7101868789515,5,2858076160.0,ok,5,9,640
vco_current_min,3,14,0,0.45,0.449979,-1.534461e-10,4416984.0,1778.6736631546553,5,2826869760.0,ok,5,9,640
vco_current_min,3,14,0,0.5,0.499975,-8.475891e-11,4125358.0,12916.199905544974,5,2640229120.0,ok,5,9,640
vco_current_min,3,14,0,0.55,0.5499702,-2.316734e-10,2668132.2,11788.90407120187,5,1707604608.0,ok,5,9,640
vco_current_min,3,14,0,0.6,0.5999668,-2.624742e-11,4971026.0,130464.62635519254,5,725769796.0,ok,0,72,146
vco_current_min,3,14,0,0.65,0.6499873,1.772703e-10,2064863.2,6452.185420460264,5,301470027.2,ok,0,72,146
vco_current_min,3,14,0,0.7,0.6999744,-6.631518e-11,5149516.0,20767.003394808795,5,205980640.0,ok,0,19,40
vco_current_min,3,14,0,0.75,0.7499751,3.687039e-10,4664018.0,12860.245720825089,5,186560720.0,ok,0,19,40
vco_current_min,3,15,0,0.0,-2.03283e-06,-1.768891e-09,4494852.0,887.3105431583691,5,2876705280.0,ok,5,9,640
vco_current_min,3,15,0,0.05,0.04999553,-1.249913e-09,4492692.0,1084.490663860229,5,2875322880.0,ok,5,9,640
vco_current_min,3,15,0,0.1,0.09998747,-9.331833e-10,4492692.0,1084.490663860229,5,2875322880.0,ok,5,9,640
vco_current_min,3,15,0,0.15,0.1499886,-5.693901e-10,4491256.0,881.8333175833175,5,2874403840.0,ok,5,9,640
vco_current_min,3,15,0,0.2,0.1999846,-7.074027e-10,4489968.0,720.0138887549323,5,2873579520.0,ok,5,9,640
vco_current_min,3,15,0,0.25,0.2499794,-1.267344e-10,4488358.0,720.0138887549323,5,2872549120.0,ok,5,9,640
vco_current_min,3,15,0,0.3,0.2999639,2.272413e-11,4484808.0,685.2152946337377,5,2870277120.0,ok,5,9,640
vco_current_min,3,15,0,0.35,0.3500024,-2.990891e-10,4477368.0,1643.447595757163,5,2865515520.0,ok,5,9,640
vco_current_min,3,15,0,0.4,0.3999865,9.07753e-11,4464438.0,732.5776409364403,5,2857240320.0,ok,5,9,640
vco_current_min,3,15,0,0.45,0.4499793,1.632786e-10,4412304.0,2610.379282786316,5,2823874560.0,ok,5,9,640
vco_current_min,3,15,0,0.5,0.4999755,2.262419e-10,4103918.0,6553.447184497637,5,2626507520.0,ok,5,9,640
vco_current_min,3,15,0,0.55,0.5499707,-1.76342e-10,2613605.2,39158.72315589465,5,1672707328.0,ok,5,9,640
vco_current_min,3,15,0,0.6,0.5999653,-3.705949e-11,5021896.0,202879.35856069735,5,682977856.0,ok,0,67,136
vco_current_min,3,15,0,0.65,0.6499874,2.25606e-10,5201194.0,102810.40137067845,5,228852536.0,ok,0,21,44
vco_current_min,3,15,0,0.7,0.6999736,-1.540822e-10,171.74462,7.3479399910451075,5,nan,unverified,5,9,640
vco_current_min,3,15,0,0.75,0.7499753,2.796653e-10,nan,nan,0,nan,no_clock,5,9,640
vco_current_max,4,15,0,0.0,-1.003355e-06,-1.763167e-09,3574692.0,558.6770086552694,5,2287802880.0,ok,5,9,640
vco_current_max,4,15,0,0.05,0.04999509,-1.1119e-09,3574080.0,0.0,5,2287411200.0,ok,5,9,640
vco_current_max,4,15,0,0.1,0.09998687,-8.390555e-10,3574080.0,0.0,5,2287411200.0,ok,5,9,640
vco_current_max,4,15,0,0.15,0.149988,-6.457103e-10,3572856.0,456.1578674099571,5,2286627840.0,ok,5,9,640
vco_current_max,4,15,0,0.2,0.199985,-4.447335e-10,3572448.0,558.6770086552694,5,2286366720.0,ok,5,9,640
vco_current_max,4,15,0,0.25,0.2499785,-2.284934e-10,3571702.8,1147.0367038591223,5,2285889792.0,ok,5,9,640
vco_current_max,4,15,0,0.3,0.2999634,-1.776139e-10,3569184.0,456.1578674099571,5,2284277760.0,ok,5,9,640
vco_current_max,4,15,0,0.35,0.3500005,-1.451782e-10,3565308.0,558.6770086552694,5,2281797120.0,ok,5,9,640
vco_current_max,4,15,0,0.4,0.3999858,-1.248264e-10,3556743.2,575.7440403512659,5,2276315648.0,ok,5,9,640
vco_current_max,4,15,0,0.45,0.4499791,1.957145e-10,3529576.8,1608.2150664634378,5,2258929152.0,ok,5,9,640
vco_current_max,4,15,0,0.5,0.4999753,-2.005097e-10,3386858.6,5466.606470197027,5,2167589504.0,ok,5,9,640
vco_current_max,4,15,0,0.55,0.5499699,7.678341e-11,2317267.8,9986.02254153274,5,1483051392.0,ok,5,9,640
vco_current_max,4,15,0,0.6,0.5999649,1.918982e-10,5040042.0,118447.19253743417,5,624965208.0,ok,0,61,124
vco_current_max,4,15,0,0.65,0.6499864,3.439006e-10,5260652.0,51729.15589877724,5,210426080.0,ok,0,19,40
vco_current_max,4,15,0,0.7,0.6999738,2.338737e-10,92193.982,28530.230375090207,5,nan,unstable,5,9,640
vco_current_max,4,15,0,0.75,0.7499757,1.473787e-10,9.4430148,0.37303302045958286,5,nan,unverified,5,9,640
vco_current_max,4,15,1,0.0,-1.689594e-06,-2.032833e-09,3560856.0,553.1997830802178,5,2278947840.0,ok,5,9,640
vco_current_max,4,15,1,0.05,0.04999485,-9.007474e-10,3560048.0,451.68573145495753,5,2278430720.0,ok,5,9,640
vco_current_max,4,15,1,0.1,0.0999874,-7.404749e-10,3560250.0,714.177848998413,5,2278560000.0,ok,5,9,640
vco_current_max,4,15,1,0.15,0.149988,-1.22002e-09,3559038.0,845.0266267994162,5,2277784320.0,ok,5,9,640
vco_current_max,4,15,1,0.2,0.1999853,-5.980103e-10,3558432.0,451.68573145495753,5,2277396480.0,ok,5,9,640
vco_current_max,4,15,1,0.25,0.2499781,-1.693459e-10,3556816.0,553.1997830802178,5,2276362240.0,ok,5,9,640
vco_current_max,4,15,1,0.3,0.299964,2.081621e-11,3554190.0,714.177848998413,5,2274681600.0,ok,5,9,640
vco_current_max,4,15,1,0.35,0.3499997,1.531029e-10,3549948.0,451.68573145495753,5,2271966720.0,ok,5,9,640
vco_current_max,4,15,1,0.4,0.3999863,-3.351652e-12,3539400.0,547.7225575051662,5,2265216000.0,ok,5,9,640
vco_current_max,4,15,1,0.45,0.44998,3.464448e-10,3506975.4,1594.764810246326,5,2244464256.0,ok,5,9,640
vco_current_max,4,15,1,0.5,0.4999759,-1.890618e-10,3324440.6,5975.498790896037,5,2127641984.0,ok,5,9,640
vco_current_max,4,15,1,0.55,0.5499706,3.095569e-10,2120108.6,39040.10282132976,5,1356869504.0,ok,5,9,640
vco_current_max,4,15,1,0.6,0.5999648,3.127372e-10,5196826.0,185877.59394289565,5,550863556.0,ok,0,52,106
vco_current_max,4,15,1,0.65,0.6499869,2.408697e-10,5254042.0,42346.10749525864,5,189145512.0,ok,0,17,36
vco_current_max,4,15,1,0.7,0.6999724,1.531027e-10,30605.262,6550.850886810047,5,nan,unstable,5,9,640
vco_current_max,4,15,1,0.75,0.7499768,4.291238e-10,6.81694,0.15860858425696894,5,nan,unverified,5,9,640
vco_current_max,4,15,2,0.0,-1.117834e-06,-1.790514e-09,3542818.0,869.2640565443851,5,2267403520.0,ok,5,9,640
vco_current_max,4,15,2,0.05,0.04999451,-1.491594e-09,3542200.0,447.21359549995793,5,2267008000.0,ok,5,9,640
vco_current_max,4,15,2,0.1,0.09998708,-6.024624e-10,3541800.0,447.21359549995793,5,2266752000.0,ok,5,9,640
vco_current_max,4,15,2,0.15,0.1499888,-6.825988e-10,3540600.0,547.7225575051662,5,2265984000.0,ok,5,9,640
vco_current_max,4,15,2,0.2,0.1999854,-5.490379e-10,3540000.0,0.0,5,2265600000.0,ok,5,9,640
vco_current_max,4,15,2,0.25,0.2499781,-1.381822e-10,3537800.0,447.21359549995793,5,2264192000.0,ok,5,9,640
vco_current_max,4,15,2,0.3,0.2999643,-1.861541e-11,3535092.4,558.2909635664901,5,2262459136.0,ok,5,9,640
vco_current_max,4,15,2,0.35,0.3500011,-4.122974e-10,3530395.4,629.5413409776994,5,2259453056.0,ok,5,9,640
vco_current_max,4,15,2,0.4,0.3999863,2.262422e-10,3518262.0,442.74145954495833,5,2251687680.0,ok,5,9,640
vco_current_max,4,15,2,0.45,0.4499792,1.31479e-10,3478822.0,963.5982046475596,5,2226446080.0,ok,5,9,640
vco_current_max,4,15,2,0.5,0.4999752,1.798146e-10,3237910.0,11316.317135004656,5,2072262400.0,ok,5,9,640
vco_current_max,4,15,2,0.55,0.5499703,1.906263e-10,2053280.4,36019.107919269736,5,1314099456.0,ok,5,9,640
vco_current_max,4,15,2,0.6,0.5999658,-1.178306e-10,5169426.0,102988.66918258532,5,537620304.0,ok,0,51,104
vco_current_max,4,15,2,0.65,0.6499867,2.071621e-10,5299964.0,55951.79425183789,5,190798704.0,ok,0,17,36
vco_current_max,4,15,2,0.7,0.6999738,-8.157897e-11,31978.212,12182.28421985877,5,nan,unstable,5,9,640
vco_current_max,4,15,2,0.75,0.7499766,1.572806e-11,7.1322008,0.03592198484493865,5,nan,unverified,5,9,640
vco_current_max,4,15,3,0.0,-1.00334e-06,-1.994036e-09,3523078.6,563.4578954988563,5,2254770304.0,ok,5,9,640
vco_current_max,4,15,3,0.05,0.0499952,-1.383473e-09,3522171.0,0.0,5,2254189440.0,ok,5,9,640
vco_current_max,4,15,3,0.1,0.09998711,-1.07374e-09,3521828.4,312.7495803354499,5,2253970176.0,ok,5,9,640
vco_current_max,4,15,3,0.15,0.1499883,-9.878799e-10,3521203.2,543.3407770451248,5,2253570048.0,ok,5,9,640
vco_current_max,4,15,3,0.2,0.1999854,-5.41406e-10,3519866.2,1183.13088878619,5,2252714368.0,ok,5,9,640
vco_current_max,4,15,3,0.25,0.2499782,-4.568177e-10,3517800.0,404.1658075592244,5,2251392000.0,ok,5,9,640
vco_current_max,4,15,3,0.3,0.2999637,-3.315252e-10,3513920.8,541.1498868151041,5,2248909312.0,ok,5,9,640
vco_current_max,4,15,3,0.35,0.3500011,-3.442452e-10,3507932.4,873.0697566632348,5,2245076736.0,ok,5,9,640
vco_current_max,4,15,3,0.4,0.3999858,-1.413622e-10,3492582.4,1139.6195856512823,5,2235252736.0,ok,5,9,640
vco_current_max,4,15,3,0.45,0.4499807,-1.769779e-10,3443260.0,1914.4702922740796,5,2203686400.0,ok,5,9,640
vco_current_max,4,15,3,0.5,0.4999766,-1.807939e-10,3091518.2,17788.173478465967,5,1978571648.0,ok,5,9,640
vco_current_max,4,15,3,0.55,0.54997,-1.419983e-10,4770124.0,59879.54600696301,5,1106668768.0,ok,0,115,232
vco_current_max,4,15,3,0.6,0.5999646,-2.75557e-10,5184866.0,71769.20843927428,5,456268208.0,ok,0,43,88
vco_current_max,4,15,3,0.65,0.6499865,6.533557e-11,5195226.0,78178.918385969,5,166247232.0,ok,0,15,32
vco_current_max,4,15,3,0.7,0.6999747,7.169548e-11,2786.4808000000003,422.2828715739012,5,nan,unstable,5,9,640
vco_current_max,4,15,3,0.75,0.7499772,1.766344e-10,3130.3282,1890.864430084082,5,nan,unstable,0,0,2
vco_current_max,4,15,4,0.0,-1.346503e-06,-1.646779e-09,3507294.8,712.8584712269329,5,2244668672.0,ok,5,9,640
vco_current_max,4,15,4,0.05,0.04999486,-1.001872e-09,3506779.2,440.05817797195857,5,2244338688.0,ok,5,9,640
vco_current_max,4,15,4,0.1,0.09998614,-9.077435e-10,3506385.6,538.9589965850835,5,2244086784.0,ok,5,9,640
vco_current_max,4,15,4,0.15,0.1499878,-5.007019e-10,3505549.8,698.1584347409978,5,2243551872.0,ok,5,9,640
vco_current_max,4,15,4,0.2,0.199985,-4.103894e-10,3504529.0,790.3252495017479,5,2242898560.0,ok,5,9,640
vco_current_max,4,15,4,0.25,0.2499775,-1.025665e-10,3502669.4,930.4196902473636,5,2241708416.0,ok,5,9,640
vco_current_max,4,15,4,0.3,0.2999626,-7.776291e-11,3499453.2,283.53341954697333,5,2239650048.0,ok,5,9,640
vco_current_max,4,15,4,0.35,0.3500009,-1.954217e-10,3492128.0,0.0,5,2234961920.0,ok,5,9,640
vco_current_max,4,15,4,0.4,0.399986,-5.804705e-11,3477747.2,379.024009793575,5,2225758208.0,ok,5,9,640
vco_current_max,4,15,4,0.45,0.4499787,1.064027e-11,3427381.6,1481.0417954939692,5,2193524224.0,ok,5,9,640
vco_current_max,4,15,4,0.5,0.4999744,3.607992e-11,3123418.4,4126.178231729696,5,1998987776.0,ok,5,9,640
vco_current_max,4,15,4,0.55,0.5499702,-2.90185e-10,4861970.0,50267.19407327208,5,1225216440.0,ok,1,62,252
vco_current_max,4,15,4,0.6,0.599966,1.009512e-10,2094706.8,15432.268958257564,5,527866113.6,ok,1,62,252
vco_current_max,4,15,4,0.65,0.649986,1.127601e-11,5293468.0,73477.95941641276,5,190564848.0,ok,0,17,36
vco_current_max,4,15,4,0.7,0.6999751,3.162798e-11,27826.138,6355.316239576124,5,nan,unstable,5,9,640
vco_current_max,4,15,4,0.75,0.7499752,1.92534e-10,6.7158416,0.42074915386106215,5,nan,unverified,5,9,640
vco_current_max,4,15,5,0.0,-1.23214e-06,-1.764439e-09,3478273.0,400.26116474122244,5,2226094720.0,ok,5,9,640
vco_current_max,4,15,5,0.05,0.04999533,-1.253729e-09,3477608.8,379.024009793575,5,2225669632.0,ok,5,9,640
vco_current_max,4,15,5,0.1,0.09998686,-8.651315e-10,3477138.6,432.45554684845933,5,2225368704.0,ok,5,9,640
vco_current_max,4,15,5,0.15,0.1499892,-6.030985e-10,3476225.8,949.1805413091863,5,2224784512.0,ok,5,9,640
vco_current_max,4,15,5,0.2,0.1999845,-3.442452e-10,3473595.8,313.4967304454705,5,2223101312.0,ok,5,9,640
vco_current_max,4,15,5,0.25,0.2499784,-3.537853e-10,3471870.4,566.9539663852789,5,2221997056.0,ok,5,9,640
vco_current_max,4,15,5,0.3,0.2999634,-1.947857e-10,3467526.8,1163.0310399985033,5,2219217152.0,ok,5,9,640
vco_current_max,4,15,5,0.35,0.3500005,-1.070186e-10,3460196.4,691.5582404975014,5,2214525696.0,ok,5,9,640
vco_current_max,4,15,5,0.4,0.3999864,-6.313515e-11,3440387.8,868.7187116667857,5,2201848192.0,ok,5,9,640
vco_current_max,4,15,5,0.45,0.4499799,8.44155e-11,3371410.8,1171.617343674973,5,2157702912.0,ok,5,9,640
vco_current_max,4,15,5,0.5,0.4999748,-7.903489e-11,2905763.0,19248.019898160954,5,1859688320.0,ok,5,9,640
vco_current_max,4,15,5,0.55,0.5499707,6.91516e-11,4879068.0,67090.25763849771,5,1063636824.0,ok,0,108,218
vco_current_max,4,15,5,0.6,0.5999664,-1.861561e-11,5232568.0,45777.51981049214,5,450000848.0,ok,0,42,86
vco_current_max,4,15,5,0.65,0.6499867,-3.197151e-11,5235216.0,61426.88564464261,5,167526912.0,ok,0,15,32
vco_current_max,4,15,5,0.7,0.6999736,1.766343e-10,2809.7601999999997,533.1440269844538,5,nan,unstable,5,9,640
vco_current_max,4,15,5,0.75,0.7499751,3.337242e-10,4147.6939999999995,1334.8315917111042,5,nan,unstable,0,0,2
vco_current_max,4,15,6,0.0,-1.003384e-06,-1.814047e-09,3439293.6,575.9399274229909,5,2201147904.0,ok,5,9,640
vco_current_max,4,15,6,0.05,0.04999507,-1.237193e-09,3437953.2,423.0640613429602,5,2200290048.0,ok,5,9,640
vco_current_max,4,15,6,0.1,0.09998789,-7.398385e-10,3437284.6,437.6303234466277,5,2199862144.0,ok,5,9,640
vco_current_max,4,15,6,0.15,0.1499882,-6.158183e-10,3436398.0,517.597816842382,5,2199294720.0,ok,5,9,640
vco_current_max,4,15,6,0.2,0.1999851,-4.301056e-10,3433948.4,443.10754902167935,5,2197726976.0,ok,5,9,640
vco_current_max,4,15,6,0.25,0.2499783,-3.054491e-10,3430412.0,787.095928079926,5,2195463680.0,ok,5,9,640
vco_current_max,4,15,6,0.3,0.2999638,-1.687099e-10,3425803.2,453.51427761427755,5,2192514048.0,ok,5,9,640
vco_current_max,4,15,6,0.35,0.3500005,-1.814299e-10,3416773.8,754.8140168279865,5,2186735232.0,ok,5,9,640
vco_current_max,4,15,6,0.4,0.3999873,1.13671e-10,3391119.6,1131.2560718069096,5,2170316544.0,ok,5,9,640
vco_current_max,4,15,6,0.45,0.4499793,-9.366273e-11,3295884.4,5115.297967860719,5,2109366016.0,ok,5,9,640
vco_current_max,4,15,6,0.5,0.4999757,5.89758e-11,2731768.2,8361.456404239634,5,1748331648.0,ok,5,9,640
vco_current_max,4,15,6,0.55,0.5499701,-4.087555e-11,4901270.0,80485.51360338082,5,999859080.0,ok,0,101,204
vco_current_max,4,15,6,0.6,0.5999656,-7.585499e-11,2070620.6,37478.96573813103,5,422406602.40000004,ok,0,101,204
vco_current_max,4,15,6,0.65,0.6499858,1.099981e-12,5259476.0,139224.22106084847,5,168303232.0,ok,0,15,32
vco_current_max,4,15,6,0.7,0.6999738,1.480145e-10,47964400.0,11822864.344142666,5,nan,unstable,0,0,2
vco_current_max,4,15,6,0.75,0.7499771,2.179736e-10,3.4196514000000002,0.0992892945754979,5,nan,unverified,5,9,640
vco_current_max,4,15,7,0.0,-4.314934e-07,-1.790515e-09,3390200.0,0.0,5,2169728000.0,ok,5,9,640
vco_current_max,4,15,7,0.05,0.04999496,-1.237829e-09,3390068.4,714.7536638590949,5,2169643776.0,ok,5,9,640
vco_current_max,4,15,7,0.1,0.0999874,-8.842108e-10,3387979.8,511.02514615232,5,2168307072.0,ok,5,9,640
vco_current_max,4,15,7,0.15,0.1499878,-5.49674e-10,3385751.6,419.4863525789605,5,2166881024.0,ok,5,9,640
vco_current_max,4,15,7,0.2,0.1999835,-4.606336e-10,3383847.2,719.0682860479942,5,2165662208.0,ok,5,9,640
vco_current_max,4,15,7,0.25,0.2499787,-2.914571e-10,3380162.6,426.1945565114599,5,2163304064.0,ok,5,9,640
vco_current_max,4,15,7,0.3,0.2999642,-1.64894e-10,3373785.0,839.1918731732333,5,2159222400.0,ok,5,9,640
vco_current_max,4,15,7,0.35,0.3500015,-1.152865e-10,3360710.4,495.1411919846702,5,2150854656.0,ok,5,9,640
vco_current_max,4,15,7,0.4,0.3999866,2.145212e-11,3326049.0,1315.3756117550606,5,2128671360.0,ok,5,9,640
vco_current_max,4,15,7,0.45,0.4499787,-5.550328e-11,3167503.0,4342.269107275596,5,2027201920.0,ok,5,9,640
vco_current_max,4,15,7,0.5,0.4999747,3.008316e-12,2420413.8,29836.19641810933,5,1549064832.0,ok,5,9,640
vco_current_max,4,15,7,0.55,0.5499709,-1.330944e-10,5034032.0,237890.8071363835,5,835649312.0,ok,0,82,166
vco_current_max,4,15,7,0.6,0.5999655,9.07753e-11,2003986.0,21364.033666421703,5,332661676.0,ok,0,82,166
vco_current_max,4,15,7,0.65,0.649988,-4.787129e-11,5056158.0,98722.97057929325,5,141572424.0,ok,0,13,28
vco_current_max,4,15,7,0.7,0.6999752,2.535895e-10,333.83742,15.628242942570344,5,nan,unverified,5,9,640
vco_current_max,4,15,7,0.75,0.7499766,2.046179e-10,nan,nan,0,nan,no_clock,5,9,640
vco_current_max,4,15,8,0.0,-1.117776e-06,-1.704019e-09,3398283.0,765.5644976094437,5,2174901120.0,ok,5,9,640
vco_current_max,4,15,8,0.05,0.04999588,-1.259453e-09,3397732.8,413.22536224196114,5,2174548992.0,ok,5,9,640
vco_current_max,4,15,8,0.1,0.0999874,-6.660625e-10,3397003.2,497.33208221469084,5,2174082048.0,ok,5,9,640
vco_current_max,4,15,8,0.15,0.1499882,-6.927744e-10,3396695.4,623.8155176011575,5,2173885056.0,ok,5,9,640
vco_current_max,4,15,8,0.2,0.1999864,-1.038386e-10,3395534.4,408.3060126914616,5,2173142016.0,ok,5,9,640
vco_current_max,4,15,8,0.25,0.2499774,-1.305503e-10,3393514.8,502.8093077897425,5,2171849472.0,ok,5,9,640
vco_current_max,4,15,8,0.3,0.2999641,-2.170455e-10,3391120.6,651.599416819874,5,2170317184.0,ok,5,9,640
vco_current_max,4,15,8,0.35,0.3500014,-2.81917e-10,3385012.8,1060.9093740749017,5,2166408192.0,ok,5,9,640
vco_current_max,4,15,8,0.4,0.3999867,1.130351e-10,3369800.0,796.2813573103416,5,2156672000.0,ok,5,9,640
vco_current_max,4,15,8,0.45,0.4499792,1.721824e-10,3311238.6,4073.951497011225,5,2119192704.0,ok,5,9,640
vco_current_max,4,15,8,0.5,0.4999755,-1.483583e-10,2929731.8,17309.45095027569,5,1875028352.0,ok,5,9,640
vco_current_max,4,15,8,0.55,0.5499706,1.632786e-10,4851002.0,41323.109999127606,5,1183644488.0,ok,0,121,244
vco_current_max,4,15,8,0.6,0.5999653,1.556467e-10,2117706.2,46612.01534154042,5,516720312.8000001,ok,0,121,244
vco_current_max,4,15,8,0.65,0.6499868,2.167018e-10,5277722.0,27336.219928878243,5,189997992.0,ok,0,17,36
vco_current_max,4,15,8,0.7,0.6999738,5.226142e-10,24378.422,5418.63261837523,5,nan,unstable,5,9,640
vco_current_max,4,15,8,0.75,0.7499764,1.499226e-10,7.4090564,0.021219319600307592,5,nan,unverified,5,9,640
vco_current_max,4,15,9,0.0,-1.003427e-06,-1.772071e-09,3322022.6,738.7708034295888,5,2126094464.0,ok,5,9,640
vco_current_max,4,15,9,0.05,0.0499952,-9.687998e-10,3321446.4,893.532763808916,5,2125725696.0,ok,5,9,640
vco_current_max,4,15,9,0.1,0.09998763,-5.878343e-10,3320517.2,1119.959240329754,5,2125131008.0,ok,5,9,640
vco_current_max,4,15,9,0.15,0.149988,-6.819625e-10,3319046.8,463.5522624257161,5,2124189952.0,ok,5,9,640
vco_current_max,4,15,9,0.2,0.1999845,-3.951254e-10,3318481.2,619.3389217544785,5,2123827968.0,ok,5,9,640
vco_current_max,4,15,9,0.25,0.2499781,-2.507532e-10,3314759.4,713.9855040545291,5,2121446016.0,ok,5,9,640
vco_current_max,4,15,9,0.3,0.2999632,-8.221486e-11,3312570.0,829.967469242018,5,2120044800.0,ok,5,9,640
vco_current_max,4,15,9,0.35,0.350001,-1.992377e-10,3305349.8,836.1436479457342,5,2115423872.0,ok,5,9,640
vco_current_max,4,15,9,0.4,0.3999862,3.159168e-10,3282392.4,2521.6562612695648,5,2100731136.0,ok,5,9,640
vco_current_max,4,15,9,0.45,0.4499792,2.427778e-10,3184488.6,1856.6344012755985,5,2038072704.0,ok,5,9,640
vco_current_max,4,15,9,0.5,0.4999764,2.23698e-10,2687293.6,11477.466588929807,5,1719867904.0,ok,5,9,640
vco_current_max,4,15,9,0.55,0.5499698,1.213032e-10,4874162.0,81247.61578040305,5,1023574020.0,ok,0,104,210
vco_current_max,4,15,9,0.6,0.5999653,2.014382e-10,2041746.4,28243.347345879527,5,428766744.0,ok,0,104,210
vco_current_max,4,15,9,0.65,0.6499867,8.632317e-11,5280002.0,101596.13043812249,5,168960064.0,ok,0,15,32
vco_current_max,4,15,9,0.7,0.6999734,1.099981e-12,3175.1558,413.7411056992041,5,nan,unstable,5,9,640
vco_current_max,4,15,9,0.75,0.7499774,1.085829e-10,3369.18,1613.9709443481318,3,nan,unstable,0,0,2
vco_current_max,4,15,10,0.0,-1.575303e-06,-1.352945e-09,3178130.0,1031.5987592082495,5,2034003200.0,ok,5,9,640
vco_current_max,4,15,10,0.05,0.04999531,-1.267085e-09,3177490.6,1601.793931815201,5,2033593984.0,ok,5,9,640
vco_current_max,4,15,10,0.1,0.09998701,-5.66846e-10,3177540.0,1696.8967263802474,5,2033625600.0,ok,5,9,640
vco_current_max,4,15,10,0.15,0.1499884,-1.082905e-10,3176008.6,889.134860412075,5,2032645504.0,ok,5,9,640
vco_current_max,4,15,10,0.2,0.1999855,-2.234054e-10,3174662.4,562.2355378308988,5,2031783936.0,ok,5,9,640
vco_current_max,4,15,10,0.25,0.2499784,-5.105123e-11,3172382.8,1959.7251593016813,5,2030324992.0,ok,5,9,640
vco_current_max,4,15,10,0.3,0.2999637,-4.151135e-11,3169221.0,1375.7069091925068,5,2028301440.0,ok,5,9,640
vco_current_max,4,15,10,0.35,0.3500015,2.38962e-10,3158956.0,1055.4240853799008,5,2021731840.0,ok,5,9,640
vco_current_max,4,15,10,0.4,0.3999864,-2.412133e-10,3124623.0,1552.1140422017966,5,1999758720.0,ok,5,9,640
vco_current_max,4,15,10,0.45,0.4499787,1.893541e-10,2976143.8,6405.045839024106,5,1904732032.0,ok,5,9,640
vco_current_max,4,15,10,0.5,0.4999758,2.21154e-10,2450504.4,18992.01665963886,5,1568322816.0,ok,5,9,640
vco_current_max,4,15,10,0.55,0.5499702,1.664584e-10,4912436.0,42645.35179829098,5,962837456.0,ok,0,97,196
vco_current_max,4,15,10,0.6,0.599966,1.391108e-10,2141796.8,37032.76899179968,5,419792172.79999995,ok,0,97,196
vco_current_max,4,15,10,0.65,0.6499863,-1.133786e-10,5246044.0,77188.66775634879,5,167873408.0,ok,0,15,32
vco_current_max,4,15,10,0.7,0.6999745,8.441511e-11,45224520.0,9156205.49965978,5,nan,unstable,0,0,2
vco_current_max,4,15,10,0.75,0.7499769,3.79516e-10,3.562839,0.0,5,nan,unverified,5,9,640
vco_current_max,4,15,11,0.0,-3.170862e-07,-1.931072e-09,2961449.0,2667.8342339808146,5,1895327360.0,ok,5,9,640
vco_current_max,4,15,11,0.05,0.04999507,-9.859716e-10,2962610.2,2080.124563577864,5,1896070528.0,ok,5,9,640
vco_current_max,4,15,11,0.1,0.09998724,-7.671866e-10,2962070.8,1023.0264903706062,5,1895725312.0,ok,5,9,640
vco_current_max,4,15,11,0.15,0.1499885,-7.748189e-10,2961879.0,916.3318176294,5,1895602560.0,ok,5,9,640
vco_current_max,4,15,11,0.2,0.199986,-4.867097e-10,2960746.0,628.3565866607909,5,1894877440.0,ok,5,9,640
vco_current_max,4,15,11,0.25,0.2499782,-1.273704e-10,2957352.0,2174.889882269905,5,1892705280.0,ok,5,9,640
vco_current_max,4,15,11,0.3,0.2999636,-1.64894e-10,2951632.8,1176.5080535210968,5,1889044992.0,ok,5,9,640
vco_current_max,4,15,11,0.35,0.350002,-3.156251e-10,2938248.6,1710.894736680197,5,1880479104.0,ok,5,9,640
vco_current_max,4,15,11,0.4,0.3999863,1.448347e-10,2885252.6,2385.2487920550343,5,1846561664.0,ok,5,9,640
vco_current_max,4,15,11,0.45,0.4499806,-4.256535e-10,2666734.6,6674.671737246709,5,1706710144.0,ok,5,9,640
vco_current_max,4,15,11,0.5,0.4999761,-2.494812e-10,2085819.4,8095.602127081098,5,1334924416.0,ok,5,9,640
vco_current_max,4,15,11,0.55,0.5499711,2.463194e-11,4958470.0,61984.817495899755,5,773521320.0,ok,0,77,156
vco_current_max,4,15,11,0.6,0.5999658,-1.496303e-10,2077372.6,23321.951286288204,5,324070125.6,ok,0,77,156
vco_current_max,4,15,11,0.65,0.6499878,-1.464503e-10,5122922.0,98688.78619174521,5,143441816.0,ok,0,13,28
vco_current_max,4,15,11,0.7,0.6999732,2.326014e-10,52368000.0,415778.78733768995,2,nan,unstable,0,0,2
vco_current_max,4,15,11,0.75,0.7499768,2.599493e-10,nan,nan,0,nan,no_clock,5,9,640
vco_current_max,4,15,12,0.0,-1.232154e-06,-1.398737e-09,2621443.8,2147.8663133444784,5,1677724032.0,ok,5,9,640
vco_current_max,4,15,12,0.05,0.04999527,-7.538306e-10,2621491.2,3628.6508098741056,5,1677754368.0,ok,5,9,640
vco_current_max,4,15,12,0.1,0.09998796,-4.021215e-10,2621957.8,1300.9516516765716,5,1678052992.0,ok,5,9,640
vco_current_max,4,15,12,0.15,0.1499882,-6.253582e-10,2621848.4,1856.340297467035,5,1677982976.0,ok,5,9,640
vco_current_max,4,15,12,0.2,0.1999857,-1.034756e-11,2619756.0,2038.7731605060922,5,1676643840.0,ok,5,9,640
vco_current_max,4,15,12,0.25,0.2499776,1.372029e-10,2619319.6,967.4716016504051,5,1676364544.0,ok,5,9,640
vco_current_max,4,15,12,0.3,0.2999642,-3.563293e-10,2616259.8,2792.49211279101,5,1674406272.0,ok,5,9,640
vco_current_max,4,15,12,0.35,0.3500018,3.353604e-11,2607832.0,1188.2356668607454,5,1669012480.0,ok,5,9,640
vco_current_max,4,15,12,0.4,0.3999869,1.715464e-10,2570491.8,2398.9418917514445,5,1645114752.0,ok,5,9,640
vco_current_max,4,15,12,0.45,0.4499809,-1.954217e-10,2459220.2,6202.155165746823,5,1573900928.0,ok,5,9,640
vco_current_max,4,15,12,0.5,0.4999761,-2.69833e-10,2124762.8,6476.496676444758,5,1359848192.0,ok,5,9,640
vco_current_max,4,15,12,0.55,0.5499719,-8.285092e-11,4849208.0,67128.92759459218,5,882555856.0,ok,0,90,182
vco_current_max,4,15,12,0.6,0.599967,-1.439063e-10,2281065.8,27100.533467074038,5,415153975.59999996,ok,0,90,182
vco_current_max,4,15,12,0.65,0.6499872,-1.6871e-10,5220756.0,76595.79120291141,5,167064192.0,ok,0,15,32
vco_current_max,4,15,12,0.7,0.6999751,2.580414e-10,3342.378,393.59582922269385,5,nan,unstable,5,9,640
vco_current_max,4,15,12,0.75,0.7499765,1.480144e-10,2489.8874,717.5583153673296,5,nan,unstable,0,0,2
vco_current_max,4,15,13,0.0,-7.745984e-07,-1.51449e-09,2183583.2,3081.596453139184,5,1397493248.0,ok,5,9,640
vco_current_max,4,15,13,0.05,0.04999576,-1.167232e-09,2184248.0,1346.7494198996337,5,1397918720.0,ok,5,9,640
vco_current_max,4,15,13,0.1,0.09998748,-4.460056e-10,2183665.8,1802.5378498106497,5,1397546112.0,ok,5,9,640
vco_current_max,4,15,13,0.15,0.1499878,-4.250175e-10,2184273.4,2399.82849387201,5,1397934976.0,ok,5,9,640
vco_current_max,4,15,13,0.2,0.1999853,-1.852458e-10,2182216.0,1223.4522875862385,5,1396618240.0,ok,5,9,640
vco_current_max,4,15,13,0.25,0.2499784,-5.687538e-10,2179744.0,1230.866361551895,5,1395036160.0,ok,5,9,640
vco_current_max,4,15,13,0.3,0.2999654,9.967932e-11,2173869.8,1851.9645514965994,5,1391276672.0,ok,5,9,640
vco_current_max,4,15,13,0.35,0.3500023,2.208816e-11,2157687.8,2102.104707192294,5,1380920192.0,ok,5,9,640
vco_current_max,4,15,13,0.4,0.3999872,1.569187e-10,2117522.2,2611.8470858762003,5,1355214208.0,ok,5,9,640
vco_current_max,4,15,13,0.45,0.4499798,-1.210105e-10,4982860.0,8348.736431340973,5,1275612160.0,ok,1,63,256
vco_current_max,4,15,13,0.5,0.499977,-1.127426e-10,4188466.0,25512.75622115337,5,1072247296.0,ok,1,63,256
vco_current_max,4,15,13,0.55,0.549971,2.485018e-10,2711521.2,41721.01177104889,5,694149427.2,ok,1,63,256
vco_current_max,4,15,13,0.6,0.5999661,1.899901e-10,5087328.0,31199.01472803268,5,325588992.0,ok,0,31,64
vco_current_max,4,15,13,0.65,0.6499875,1.976221e-10,2172740.8,38022.011798430656,5,139055411.2,ok,0,31,64
vco_current_max,4,15,13,0.7,0.6999748,-1.229185e-10,285.63004,26.13720023659765,5,nan,unverified,5,9,640
vco_current_max,4,15,13,0.75,0.7499772,1.700001e-11,nan,nan,0,nan,no_clock,5,9,640
vco_current_max,4,15,14,0.0,-5.459005e-07,-1.492866e-09,5000462.0,4062.353997376398,5,990091476.0,ok,0,98,198
vco_current_max,4,15,14,0.05,0.04999553,-1.069288e-09,5000186.0,6543.926955582558,5,990036828.0,ok,0,98,198
vco_current_max,4,15,14,0.1,0.09998713,-9.777035e-10,4999448.0,6444.638857220783,5,989890704.0,ok,0,98,198
vco_current_max,4,15,14,0.15,0.1499888,-2.77465e-10,4993964.0,1261.915211097798,5,988804872.0,ok,0,98,198
vco_current_max,4,15,14,0.2,0.1999855,-3.512413e-10,4999600.0,1673.320053068151,5,989920800.0,ok,0,98,198
vco_current_max,4,15,14,0.25,0.2499795,-3.270732e-10,4985644.0,3777.2847390685283,5,987157512.0,ok,0,98,198
vco_current_max,4,15,14,0.3,0.2999646,-1.216465e-10,4956620.0,9377.654290919452,5,981410760.0,ok,0,98,198
vco_current_max,4,15,14,0.35,0.3500014,-2.456652e-10,4911018.0,7949.472938503533,5,972381564.0,ok,0,98,198
vco_current_max,4,15,14,0.4,0.3999864,-2.030537e-10,4842770.0,5933.270598919284,5,958868460.0,ok,0,98,198
vco_current_max,4,15,14,0.45,0.4499794,-1.534462e-10,4670072.0,3944.587430898192,5,924674256.0,ok,0,98,198
vco_current_max,4,15,14,0.5,0.4999762,-2.624748e-11,4187730.0,14607.511766211246,5,829170540.0,ok,0,98,198
vco_current_max,4,15,14,0.55,0.549971,-1.734368e-11,3032203.6,19128.38887099486,5,600376312.8000001,ok,0,98,198
vco_current_max,4,15,14,0.6,0.5999663,5.643155e-11,5030468.0,60844.76246974755,5,311889016.0,ok,0,30,62
vco_current_max,4,15,14,0.65,0.6499871,-5.99553e-11,2221172.6,64974.06055342394,5,137712701.20000002,ok,0,30,62
vco_current_max,4,15,14,0.7,0.6999744,1.906261e-10,312.13894,52.11979220524578,5,nan,unstable,5,9,640
vco_current_max,4,15,14,0.75,0.7499774,4.532912e-10,nan,nan,0,nan,no_clock,5,9,640
vco_current_max,4,15,15,0.0,-1.346576e-06,-1.771434e-09,5082962.0,8411.68354136079,5,487964352.0,ok,0,47,96
vco_current_max,4,15,15,0.05,0.04999624,-1.1119e-09,5081512.0,4406.957000017132,5,487825152.0,ok,0,47,96
vco_current_max,4,15,15,0.1,0.09998655,-7.563747e-10,5080046.0,4629.511853316719,5,487684416.0,ok,0,47,96
vco_current_max,4,15,15,0.15,0.1499889,-4.409176e-10,5074606.0,5561.742532696026,5,487162176.0,ok,0,47,96
vco_current_max,4,15,15,0.2,0.199985,-4.358296e-10,5054436.0,3112.881301945193,5,485225856.0,ok,0,47,96
vco_current_max,4,15,15,0.25,0.2499789,-2.195895e-10,5022528.0,3063.4816793968266,5,482162688.0,ok,0,47,96
vco_current_max,4,15,15,0.3,0.2999645,-1.71254e-10,4990958.0,3113.1206208561853,5,479131968.0,ok,0,47,96
vco_current_max,4,15,15,0.35,0.3500018,-1.61078e-10,4946616.0,7090.647361137063,5,474875136.0,ok,0,47,96
vco_current_max,4,15,15,0.4,0.3999865,-1.121066e-10,4886294.0,6003.730506943162,5,469084224.0,ok,0,47,96
vco_current_max,4,15,15,0.45,0.4499794,-8.921086e-11,4755232.0,4321.315771845422,5,456502272.0,ok,0,47,96
vco_current_max,4,15,15,0.5,0.499975,2.605855e-10,4402882.0,7724.501278399791,5,422676672.0,ok,0,47,96
vco_current_max,4,15,15,0.55,0.5499708,1.556466e-10,3472916.2,21198.03067975891,5,333399955.20000005,ok,0,47,96
vco_current_max,4,15,15,0.6,0.5999644,1.263905e-10,2070255.8,24692.86958212836,5,198744556.8,ok,0,47,96
vco_current_max,4,15,15,0.65,0.6499876,1.454706e-10,5316788.0,25759.026961436255,5,116969336.0,ok,0,10,22
vco_current_max,4,15,15,0.7,0.6999739,-1.006588e-10,53.559592,2.505269414168862,5,nan,unverified,5,9,640
vco_current_max,4,15,15,0.75,0.7499766,-1.235546e-10,nan,nan,0,nan,no_clock,5,9,640
vco_current_min,4,0,0,0.0,-1.918539e-06,-1.884642e-09,3637920.0,749.5331880577404,5,2328268800.0,ok,5,9,640
vco_current_min,4,0,0,0.05,0.04999416,-3.353412e-10,3637496.0,580.585910955476,5,2327997440.0,ok,5,9,640
vco_current_min,4,0,0,0.1,0.09998771,-1.967323e-09,3637920.0,0.0,5,2328268800.0,ok,5,9,640
vco_current_min,4,0,0,0.15,0.1499875,-8.39055e-10,3637284.0,580.585910955476,5,2327861760.0,ok,5,9,640
vco_current_min,4,0,0,0.2,0.1999864,-5.515819e-10,3637284.0,580.585910955476,5,2327861760.0,ok,5,9,640
vco_current_min,4,0,0,0.25,0.2499783,6.188217e-12,3636012.0,474.0464112299554,5,2327047680.0,ok,5,9,640
vco_current_min,4,0,0,0.3,0.2999642,5.515971e-11,3635376.0,580.585910955476,5,2326640640.0,ok,5,9,640
vco_current_min,4,0,0,0.35,0.3500006,-4.161134e-10,3633892.0,474.0464112299554,5,2325690880.0,ok,5,9,640
vco_current_min,4,0,0,0.4,0.3999867,-3.684132e-10,3631560.0,0.0,5,2324198400.0,ok,5,9,640
vco_current_min,4,0,0,0.45,0.4499798,3.16553e-10,3623970.0,575.1086853804244,5,2319340800.0,ok,5,9,640
vco_current_min,4,0,0,0.5,0.4999759,-3.467892e-10,3598400.0,1040.0,5,2302976000.0,ok,5,9,640
vco_current_min,4,0,0,0.55,0.5499703,-3.658692e-10,3529220.0,2212.3236652895075,5,2258700800.0,ok,5,9,640
vco_current_min,4,0,0,0.6,0.5999664,-2.024177e-10,3429214.4,875.4009367141437,5,2194697216.0,ok,5,9,640
vco_current_min,4,0,0,0.65,0.6499875,1.734543e-10,3384371.8,674.8556882771309,5,2165997952.0,ok,5,9,640
vco_current_min,4,0,0,0.7,0.6999744,-3.665052e-10,3371900.4,840.6668781390165,5,2158016256.0,ok,5,9,640
vco_current_min,4,0,0,0.75,0.7499757,5.054424e-10,3371237.6,1431.210955799319,5,2157592064.0,ok,5,9,640
vco_current_min,4,1,0,0.0,-1.460925e-06,-1.360577e-09,3637072.0,886.8596281261201,5,2327726080.0,ok,5,9,640
vco_current_min,4,1,0,0.05,0.04999449,-2.018839e-09,3637072.0,474.0464112299554,5,2327726080.0,ok,5,9,640
vco_current_min,4,1,0,0.1,0.0999874,-7.023147e-10,3637072.0,474.0464112299554,5,2327726080.0,ok,5,9,640
vco_current_min,4,1,0,0.15,0.1499879,-1.212389e-09,3636224.0,580.585910955476,5,2327183360.0,ok,5,9,640
vco_current_min,4,1,0,0.2,0.1999858,-2.77465e-10,3636224.0,580.585910955476,5,2327183360.0,ok,5,9,640
vco_current_min,4,1,0,0.25,0.2499787,1.511948e-10,3635588.0,474.0464112299554,5,2326776320.0,ok,5,9,640
vco_current_min,4,1,0,0.3,0.2999645,-3.283452e-10,3634952.0,474.0464112299554,5,2326369280.0,ok,5,9,640
vco_current_min,4,1,0,0.35,0.3500022,-2.272603e-09,3633044.0,580.585910955476,5,2325148160.0,ok,5,9,640
vco_current_min,4,1,0,0.4,0.3999867,5.505986e-10,3630900.0,0.0,5,2323776000.0,ok,5,9,640
vco_current_min,4,1,0,0.45,0.4499799,1.372027e-10,3623130.0,575.1086853804244,5,2318803200.0,ok,5,9,640
vco_current_min,4,1,0,0.5,0.4999757,-2.497552e-11,3596382.0,892.7877687334208,5,2301684480.0,ok,5,9,640
vco_current_min,4,1,0,0.55,0.5499709,-1.299145e-10,3523114.6,1302.097845785792,5,2254793344.0,ok,5,9,640
vco_current_min,4,1,0,0.6,0.5999654,-1.807939e-10,3421700.2,2095.9430335770103,5,2189888128.0,ok,5,9,640
vco_current_min,4,1,0,0.65,0.6499874,-5.550325e-11,3373408.2,942.1020114616039,5,2158981248.0,ok,5,9,640
vco_current_min,4,1,0,0.7,0.6999744,3.369043e-10,3365045.6,1254.6179896685685,5,2153629184.0,ok,5,9,640
vco_current_min,4,1,0,0.75,0.7499771,1.613704e-10,3364303.4,856.9911318094254,5,2153154176.0,ok,5,9,640
vco_current_min,4,2,0,0.0,8.266361e-07,-1.402553e-09,3634528.0,474.0464112299554,5,2326097920.0,ok,5,9,640
vco_current_min,4,2,0,0.05,0.04999587,-9.548076e-10,3634528.0,474.0464112299554,5,2326097920.0,ok,5,9,640
vco_current_min,4,2,0,0.1,0.09998756,-6.399862e-10,3634528.0,474.0464112299554,5,2326097920.0,ok,5,9,640
vco_current_min,4,2,0,0.15,0.1499883,-6.558863e-10,3633892.0,474.0464112299554,5,2325690880.0,ok,5,9,640
vco_current_min,4,2,0,0.2,0.1999856,-2.208615e-10,3633044.0,580.585910955476,5,2325148160.0,ok,5,9,640
vco_current_min,4,2,0,0.25,0.2499778,-5.414057e-10,3632408.0,474.0464112299554,5,2324741120.0,ok,5,9,640
vco_current_min,4,2,0,0.3,0.2999636,-3.642341e-11,3631772.0,474.0464112299554,5,2324334080.0,ok,5,9,640
vco_current_min,4,2,0,0.35,0.3500009,1.098552e-10,3630270.0,575.1086853804244,5,2323372800.0,ok,5,9,640
vco_current_min,4,2,0,0.4,0.399987,-1.566261e-10,3626910.0,878.4930278607793,5,2321222400.0,ok,5,9,640
vco_current_min,4,2,0,0.45,0.449979,-3.709573e-10,3618300.0,0.0,5,2315712000.0,ok,5,9,640
vco_current_min,4,2,0,0.5,0.4999757,1.954373e-11,3590858.0,996.5540627582631,5,2298149120.0,ok,5,9,640
vco_current_min,4,2,0,0.55,0.5499706,-1.038388e-10,3509454.8,2991.48269257905,5,2246051072.0,ok,5,9,640
vco_current_min,4,2,0,0.6,0.5999661,1.308426e-10,3389274.8,1601.2817366097697,5,2169135872.0,ok,5,9,640
vco_current_min,4,2,0,0.65,0.6499879,2.624934e-10,3331853.8,1431.9950069745355,5,2132386432.0,ok,5,9,640
vco_current_min,4,2,0,0.7,0.6999754,1.346586e-10,3319846.8,790.5470890465665,5,2124701952.0,ok,5,9,640
vco_current_min,4,2,0,0.75,0.7499778,4.144957e-10,3316816.4,1911.7414312610376,5,2122762496.0,ok,5,9,640
vco_current_min,4,3,0,0.0,-1.804088e-06,-1.690662e-09,3633680.0,0.0,5,2325555200.0,ok,5,9,640
vco_current_min,4,3,0,0.05,0.04999474,-1.349129e-09,3633256.0,580.585910955476,5,2325283840.0,ok,5,9,640
vco_current_min,4,3,0,0.1,0.09998694,-1.089639e-09,3633256.0,580.585910955476,5,2325283840.0,ok,5,9,640
vco_current_min,4,3,0,0.15,0.1499875,-2.380333e-10,3632620.0,749.5331880577404,5,2324876800.0,ok,5,9,640
vco_current_min,4,3,0,0.2,0.1999854,-3.226212e-10,3632408.0,474.0464112299554,5,2324741120.0,ok,5,9,640
vco_current_min,4,3,0,0.25,0.2499785,-3.951253e-10,3631772.0,474.0464112299554,5,2324334080.0,ok,5,9,640
vco_current_min,4,3,0,0.3,0.2999641,-1.598061e-10,3631296.0,361.4968879534096,5,2324029440.0,ok,5,9,640
vco_current_min,4,3,0,0.35,0.3500019,-2.76829e-10,3629430.0,939.1485505499116,5,2322835200.0,ok,5,9,640
vco_current_min,4,3,0,0.4,0.3999856,-2.164095e-10,3626700.0,742.4621202458749,5,2321088000.0,ok,5,9,640
vco_current_min,4,3,0,0.45,0.4499796,-2.361253e-10,3617880.0,575.1086853804244,5,2315443200.0,ok,5,9,640
vco_current_min,4,3,0,0.5,0.4999752,-2.463012e-10,3589344.0,861.7598273300978,5,2297180160.0,ok,5,9,640
vco_current_min,4,3,0,0.55,0.5499718,-1.623502e-10,3506530.6,2677.6935597637007,5,2244179584.0,ok,5,9,640
vco_current_min,4,3,0,0.6,0.5999661,-1.095627e-10,3380730.0,2685.6476872441776,5,2163667200.0,ok,5,9,640
vco_current_min,4,3,0,0.65,0.649987,-2.532971e-10,3319670.4,883.1875791699066,5,2124589056.0,ok,5,9,640
vco_current_min,4,3,0,0.7,0.699975,1.626423e-10,3307024.0,1200.574862305554,5,2116495360.0,ok,5,9,640
vco_current_min,4,3,0,0.75,0.7499764,3.890554e-10,3307111.4,1244.019212070296,5,2116551296.0,ok,5,9,640
vco_current_min,4,4,0,0.0,-6.603659e-07,-1.853478e-09,3630900.0,0.0,5,2323776000.0,ok,5,9,640
vco_current_min,4,4,0,0.05,0.04999597,-1.052116e-09,3630690.0,469.5742752749558,5,2323641600.0,ok,5,9,640
vco_current_min,4,4,0,0.1,0.09998748,-6.520704e-10,3630690.0,469.5742752749558,5,2323641600.0,ok,5,9,640
vco_current_min,4,4,0,0.15,0.1499884,-7.283906e-10,3630270.0,575.1086853804244,5,2323372800.0,ok,5,9,640
vco_current_min,4,4,0,0.2,0.199985,-5.75114e-10,3630060.0,469.5742752749558,5,2323238400.0,ok,5,9,640
vco_current_min,4,4,0,0.25,0.2499786,-2.74285e-10,3629430.0,575.1086853804244,5,2322835200.0,ok,5,9,640
vco_current_min,4,4,0,0.3,0.2999631,-2.055977e-10,3628380.0,575.1086853804244,5,2322163200.0,ok,5,9,640
vco_current_min,4,4,0,0.35,0.3500007,-1.69982e-10,3626910.0,469.5742752749558,5,2321222400.0,ok,5,9,640
vco_current_min,4,4,0,0.4,0.3999873,-2.456652e-10,3623760.0,469.5742752749558,5,2319206400.0,ok,5,9,640
vco_current_min,4,4,0,0.45,0.4499788,-3.833145e-11,3614730.0,575.1086853804244,5,2313427200.0,ok,5,9,640
vco_current_min,4,4,0,0.5,0.4999767,-3.620532e-10,3584160.4,742.6777901620595,5,2293862656.0,ok,5,9,640
vco_current_min,4,4,0,0.55,0.5499707,-1.439064e-10,3490294.0,3451.114240357743,5,2233788160.0,ok,5,9,640
vco_current_min,4,4,0,0.6,0.5999659,-5.804723e-11,3343620.4,2331.9671524273235,5,2139917056.0,ok,5,9,640
vco_current_min,4,4,0,0.65,0.6499867,-9.62069e-11,3270773.8,1572.5432267508577,5,2093295232.0,ok,5,9,640
vco_current_min,4,4,0,0.7,0.699974,2.478653e-10,3254915.8,1682.804266692951,5,2083146112.0,ok,5,9,640
vco_current_min,4,4,0,0.75,0.7499757,3.928717e-10,3252895.8,2678.050260917446,5,2081853312.0,ok,5,9,640
vco_current_min,4,5,0,0.0,-8.891075e-07,-1.943155e-09,3630480.0,575.1086853804244,5,2323507200.0,ok,5,9,640
vco_current_min,4,5,0,0.05,0.04999585,-1.374569e-09,3629850.0,742.4621202458749,5,2323104000.0,ok,5,9,640
vco_current_min,4,5,0,0.1,0.09998704,-7.640069e-10,3630270.0,575.1086853804244,5,2323372800.0,ok,5,9,640
vco_current_min,4,5,0,0.15,0.1499884,-6.247223e-10,3629640.0,878.4930278607793,5,2322969600.0,ok,5,9,640
vco_current_min,4,5,0,0.2,0.199985,-6.03098e-10,3629850.0,0.0,5,2323104000.0,ok,5,9,640
vco_current_min,4,5,0,0.25,0.2499789,-6.304461e-10,3628380.0,575.1086853804244,5,2322163200.0,ok,5,9,640
vco_current_min,4,5,0,0.3,0.2999637,-1.992377e-10,3627540.0,878.4930278607793,5,2321625600.0,ok,5,9,640
vco_current_min,4,5,0,0.35,0.3500012,-1.292784e-10,3625860.0,469.5742752749558,5,2320550400.0,ok,5,9,640
vco_current_min,4,5,0,0.4,0.3999861,-2.61565e-10,3622290.0,878.4930278607793,5,2318265600.0,ok,5,9,640
vco_current_min,4,5,0,0.45,0.4499787,3.607981e-11,3612960.0,0.0,5,2312294400.0,ok,5,9,640
vco_current_min,4,5,0,0.5,0.4999757,-5.232327e-11,3581928.0,921.2600067299134,5,2292433920.0,ok,5,9,640
vco_current_min,4,5,0,0.55,0.5499703,6.787929e-11,3485053.8,993.5563396204566,5,2230434432.0,ok,5,9,640
vco_current_min,4,5,0,0.6,0.5999665,9.013923e-11,3334175.2,3809.1050392447833,5,2133872128.0,ok,5,9,640
vco_current_min,4,5,0,0.65,0.6499875,-5.895895e-12,3256149.6,2111.4409297917855,5,2083935744.0,ok,5,9,640
vco_current_min,4,5,0,0.7,0.699974,5.26155e-11,3237599.0,1730.2063460755194,5,2072063360.0,ok,5,9,640
vco_current_min,4,5,0,0.75,0.7499772,4.303955e-10,3233561.2,1657.6376865889604,5,2069479168.0,ok,5,9,640
vco_current_min,4,6,0,0.0,-8.890784e-07,-1.828675e-09,3626429.0,870.8214512745997,5,2320914560.0,ok,5,9,640
vco_current_min,4,6,0,0.05,0.04999564,-1.160236e-09,3626192.6,571.265087328116,5,2320763264.0,ok,5,9,640
vco_current_min,4,6,0,0.1,0.09998748,-8.549551e-10,3626009.0,503.2693116016513,5,2320645760.0,ok,5,9,640
vco_current_min,4,6,0,0.15,0.1499888,-6.609745e-10,3626070.0,575.1086853804244,5,2320684800.0,ok,5,9,640
vco_current_min,4,6,0,0.2,0.1999859,-3.576013e-10,3625650.0,0.0,5,2320416000.0,ok,5,9,640
vco_current_min,4,6,0,0.25,0.2499784,-3.499692e-10,3625020.0,575.1086853804244,5,2320012800.0,ok,5,9,640
vco_current_min,4,6,0,0.3,0.2999643,-1.203745e-10,3623760.0,469.5742752749558,5,2319206400.0,ok,5,9,640
vco_current_min,4,6,0,0.35,0.3500018,2.590403e-11,3622290.0,469.5742752749558,5,2318265600.0,ok,5,9,640
vco_current_min,4,6,0,0.4,0.3999872,3.862383e-11,3618930.0,575.1086853804244,5,2316115200.0,ok,5,9,640
vco_current_min,4,6,0,0.45,0.44998,-7.0767e-11,3608800.0,0.0,5,2309632000.0,ok,5,9,640
vco_current_min,4,6,0,0.5,0.499975,-1.089267e-10,3575304.0,456.1578674099571,5,2288194560.0,ok,5,9,640
vco_current_min,4,6,0,0.55,0.5499705,5.070758e-11,3464063.6,1053.7413344839426,5,2217000704.0,ok,5,9,640
vco_current_min,4,6,0,0.6,0.5999655,4.752765e-11,3278070.0,2518.1409809619477,5,2097964800.0,ok,5,9,640
vco_current_min,4,6,0,0.65,0.6499873,-1.648941e-10,3181813.6,1739.6224590410416,5,2036360704.0,ok,5,9,640
vco_current_min,4,6,0,0.7,0.6999758,6.724341e-11,3160375.4,3113.931887501716,5,2022640256.0,ok,5,9,640
vco_current_min,4,6,0,0.75,0.7499757,2.071616e-10,3156433.2,898.9303087559124,5,2020117248.0,ok,5,9,640
vco_current_min,4,7,0,0.0,-1.117834e-06,-1.880827e-09,3626280.0,575.1086853804244,5,2320819200.0,ok,5,9,640
vco_current_min,4,7,0,0.05,0.04999577,-1.325597e-09,3625860.0,469.5742752749558,5,2320550400.0,ok,5,9,640
vco_current_min,4,7,0,0.1,0.09998731,-8.880269e-10,3625440.0,878.4930278607793,5,2320281600.0,ok,5,9,640
vco_current_min,4,7,0,0.15,0.1499881,-5.36318e-10,3625440.0,469.5742752749558,5,2320281600.0,ok,5,9,640
vco_current_min,4,7,0,0.2,0.1999858,-5.178737e-10,3625020.0,575.1086853804244,5,2320012800.0,ok,5,9,640
vco_current_min,4,7,0,0.25,0.2499781,-3.340691e-10,3624390.0,469.5742752749558,5,2319609600.0,ok,5,9,640
vco_current_min,4,7,0,0.3,0.2999626,-2.577491e-10,3623550.0,0.0,5,2319072000.0,ok,5,9,640
vco_current_min,4,7,0,0.35,0.3500008,-9.239075e-11,3621660.0,469.5742752749558,5,2317862400.0,ok,5,9,640
vco_current_min,4,7,0,0.4,0.3999866,-1.445423e-10,3618090.0,469.5742752749558,5,2315577600.0,ok,5,9,640
vco_current_min,4,7,0,0.45,0.4499798,1.636397e-11,3607760.0,0.0,5,2308966400.0,ok,5,9,640
vco_current_min,4,7,0,0.5,0.4999763,-7.967098e-11,3572040.0,1249.2397688194208,5,2286105600.0,ok,5,9,640
vco_current_min,4,7,0,0.55,0.5499715,-2.942754e-11,3457203.2,3570.0393135090267,5,2212610048.0,ok,5,9,640
vco_current_min,4,7,0,0.6,0.5999664,-8.439888e-12,3265682.2,3277.7200460075906,5,2090036608.0,ok,5,9,640
vco_current_min,4,7,0,0.65,0.6499874,2.141578e-10,3160835.6,961.4553031732677,5,2022934784.0,ok,5,9,640
vco_current_min,4,7,0,0.7,0.6999752,1.321145e-10,3139088.4,2828.034175889676,5,2009016576.0,ok,5,9,640
vco_current_min,4,7,0,0.75,0.7499771,3.693396e-10,3134228.2,3506.2538698730873,5,2005906048.0,ok,5,9,640
vco_current_min,4,8,0,0.0,-1.003558e-06,-1.91199e-09,3601104.0,569.6314598053727,5,2304706560.0,ok,5,9,640
vco_current_min,4,8,0,0.05,0.04999573,-1.157056e-09,3600064.0,569.6314598053727,5,2304040960.0,ok,5,9,640
vco_current_min,4,8,0,0.1,0.09998838,-8.962951e-10,3599856.0,569.6314598053727,5,2303907840.0,ok,5,9,640
vco_current_min,4,8,0,0.15,0.1499883,-4.434616e-10,3598905.6,473.2322896844635,5,2303299584.0,ok,5,9,640
vco_current_min,4,8,0,0.2,0.1999847,-4.250175e-10,3598816.0,569.6314598053727,5,2303242240.0,ok,5,9,640
vco_current_min,4,8,0,0.25,0.2499789,-1.617141e-10,3598192.0,465.1021393199563,5,2302842880.0,ok,5,9,640
vco_current_min,4,8,0,0.3,0.2999635,-1.623501e-10,3596056.0,728.9581606649315,5,2301475840.0,ok,5,9,640
vco_current_min,4,8,0,0.35,0.3500011,-3.896737e-11,3592846.0,460.6300033649567,5,2299421440.0,ok,5,9,640
vco_current_min,4,8,0,0.4,0.3999868,-9.111885e-11,3586872.0,921.2600067299134,5,2295598080.0,ok,5,9,640
vco_current_min,4,8,0,0.45,0.4499801,-6.822311e-11,3569932.0,935.7724082275562,5,2284756480.0,ok,5,9,640
vco_current_min,4,8,0,0.5,0.4999766,-6.122716e-11,3496490.0,2364.780750936543,5,2237753600.0,ok,5,9,640
vco_current_min,4,8,0,0.55,0.5499705,-4.623829e-12,3002119.0,10484.081624062263,5,1921356160.0,ok,5,9,640
vco_current_min,4,8,0,0.6,0.5999655,-4.723547e-11,2104476.0,5443.180182577094,5,1346864640.0,ok,5,9,640
vco_current_min,4,8,0,0.65,0.6499869,-3.26075e-11,4996710.0,12465.877425997738,5,1119263040.0,ok,0,111,224
vco_current_min,4,8,0,0.7,0.6999752,1.111269e-10,4798284.0,6540.159019473456,5,1074815616.0,ok,0,111,224
vco_current_min,4,8,0,0.75,0.7499769,2.45957e-10,4768262.0,8676.72000239722,5,1068090688.0,ok,0,111,224
vco_current_min,4,9,0,0.0,-1.689725e-06,-1.883371e-09,3598876.8,511.049117013228,5,2303281152.0,ok,5,9,640
vco_current_min,4,9,0,0.05,0.04999575,-1.172956e-09,3598763.0,669.9470128301193,5,2303208320.0,ok,5,9,640
vco_current_min,4,9,0,0.1,0.09998692,-8.435072e-10,3598732.8,386.3925465119637,5,2303188992.0,ok,5,9,640
vco_current_min,4,9,0,0.15,0.1499885,-5.8211e-10,3598178.8,795.3255308362733,5,2302834432.0,ok,5,9,640
vco_current_min,4,9,0,0.2,0.1999842,-4.886176e-10,3597568.0,465.1021393199563,5,2302443520.0,ok,5,9,640
vco_current_min,4,9,0,0.25,0.2499771,-3.436092e-10,3595730.0,0.0,5,2301267200.0,ok,5,9,640
vco_current_min,4,9,0,0.3,0.2999647,-2.965451e-10,3594082.0,564.1542342303211,5,2300212480.0,ok,5,9,640
vco_current_min,4,9,0,0.35,0.3500006,-9.302686e-11,3591770.0,715.7513534740958,5,2298732800.0,ok,5,9,640
vco_current_min,4,9,0,0.4,0.3999859,-5.232327e-11,3585615.4,578.8270898981837,5,2294793856.0,ok,5,9,640
vco_current_min,4,9,0,0.45,0.4499806,-5.259626e-12,3566940.0,721.2489168102785,5,2282841600.0,ok,5,9,640
vco_current_min,4,9,0,0.5,0.4999755,-2.561162e-11,3487080.4,5839.059239295316,5,2231731456.0,ok,5,9,640
vco_current_min,4,9,0,0.55,0.5499706,4.243964e-11,2941699.2,25174.58665400487,5,1882687488.0,ok,5,9,640
vco_current_min,4,9,0,0.6,0.5999662,1.232107e-10,2052374.2,10875.978631828953,5,1313519488.0,ok,5,9,640
vco_current_min,4,9,0,0.65,0.6499876,-1.152866e-10,4997118.0,12174.007967797623,5,1079377488.0,ok,0,107,216
vco_current_min,4,9,0,0.7,0.6999739,-7.140322e-11,4785264.0,7423.936287442128,5,1033617024.0,ok,0,107,216
vco_current_min,4,9,0,0.75,0.7499763,5.41694e-10,4742820.0,4693.825731745907,5,1024449120.0,ok,0,107,216
vco_current_min,4,10,0,0.0,-2.147237e-06,-1.902451e-09,3593464.0,460.6300033649567,5,2299816960.0,ok,5,9,640
vco_current_min,4,10,0,0.05,0.04999529,-1.192036e-09,3592765.2,748.2250329947535,5,2299369728.0,ok,5,9,640
vco_current_min,4,10,0,0.1,0.09998737,-1.0006e-09,3592353.2,690.3743187575853,5,2299106048.0,ok,5,9,640
vco_current_min,4,10,0,0.15,0.1499884,-6.361701e-10,3591610.0,0.0,5,2298630400.0,ok,5,9,640
vco_current_min,4,10,0,0.2,0.1999845,-4.498216e-10,3590942.0,885.4208039119027,5,2298202880.0,ok,5,9,640
vco_current_min,4,10,0,0.25,0.2499778,-2.71741e-10,3589550.0,0.0,5,2297312000.0,ok,5,9,640
vco_current_min,4,10,0,0.3,0.2999633,-1.801579e-10,3587902.0,564.1542342303211,5,2296257280.0,ok,5,9,640
vco_current_min,4,10,0,0.35,0.350002,-1.171945e-10,3585173.8,469.3982317819274,5,2294511232.0,ok,5,9,640
vco_current_min,4,10,0,0.4,0.3999855,-1.369105e-10,3577970.0,878.692210048547,5,2289900800.0,ok,5,9,640
vco_current_min,4,10,0,0.45,0.449979,-5.25982e-12,3558836.0,553.1997830802178,5,2277655040.0,ok,5,9,640
vco_current_min,4,10,0,0.5,0.4999759,4.053166e-11,3469445.0,2490.3320059783196,5,2220444800.0,ok,5,9,640
vco_current_min,4,10,0,0.55,0.5499705,1.89079e-11,2816163.2,25453.462175114804,5,1802344448.0,ok,5,9,640
vco_current_min,4,10,0,0.6,0.5999653,3.226377e-11,4936876.0,12755.190316102697,5,1135481480.0,ok,0,114,230
vco_current_min,4,10,0,0.65,0.649986,-4.62394e-12,3849702.0,8857.233569235937,5,885431460.0,ok,0,114,230
vco_current_min,4,10,0,0.7,0.6999747,-1.416378e-11,3627337.8,4460.787228729924,5,834287694.0,ok,0,114,230
vco_current_min,4,10,0,0.75,0.7499766,2.109777e-10,3582169.8,6628.544425437609,5,823899054.0,ok,0,114,230
vco_current_min,4,11,0,0.0,-1.804088e-06,-1.810867e-09,3591320.0,719.9652769404925,5,2298444800.0,ok,5,9,640
vco_current_min,4,11,0,0.05,0.04999506,-1.218112e-09,3590892.0,427.22359485402956,5,2298170880.0,ok,5,9,640
vco_current_min,4,11,0,0.1,0.09998658,-7.710029e-10,3590908.0,1033.6198527505169,5,2298181120.0,ok,5,9,640
vco_current_min,4,11,0,0.15,0.1499874,-5.318659e-10,3590168.0,564.1542342303211,5,2297707520.0,ok,5,9,640
vco_current_min,4,11,0,0.2,0.1999847,-4.809856e-10,3589962.0,564.1542342303211,5,2297575680.0,ok,5,9,640
vco_current_min,4,11,0,0.25,0.2499778,-3.512412e-10,3588108.0,564.1542342303211,5,2296389120.0,ok,5,9,640
vco_current_min,4,11,0,0.3,0.2999628,6.660753e-11,3586872.0,564.1542342303211,5,2295598080.0,ok,5,9,640
vco_current_min,4,11,0,0.35,0.3500016,9.395529e-11,3582958.0,921.2600067299134,5,2293093120.0,ok,5,9,640
vco_current_min,4,11,0,0.4,0.3999861,-1.7189e-10,3576936.0,853.3932270647571,5,2289239040.0,ok,5,9,640
vco_current_min,4,11,0,0.45,0.4499787,5.261561e-11,3556614.0,553.1997830802178,5,2276232960.0,ok,5,9,640
vco_current_min,4,11,0,0.5,0.499975,6.915124e-11,3463638.0,4677.210921051134,5,2216728320.0,ok,5,9,640
vco_current_min,4,11,0,0.55,0.549971,2.090699e-10,2770074.6,16805.54335033533,5,1772847744.0,ok,5,9,640
vco_current_min,4,11,0,0.6,0.5999658,1.422905e-10,4944790.0,29890.883225492016,5,1097743380.0,ok,0,110,222
vco_current_min,4,11,0,0.65,0.6499869,1.600981e-10,3787360.0,19609.978327372013,5,840793920.0,ok,0,110,222
vco_current_min,4,11,0,0.7,0.6999736,3.903274e-10,3538286.0,8179.346673176287,5,785499492.0,ok,0,110,222
vco_current_min,4,11,0,0.75,0.7499757,2.090699e-10,3495517.4,3418.1323555415465,5,776004862.8,ok,0,110,222
vco_current_min,4,12,0,0.0,-2.147208e-06,-1.71483e-09,3585636.0,460.6300033649567,5,2294807040.0,ok,5,9,640
vco_current_min,4,12,0,0.05,0.04999472,-1.338953e-09,3585018.0,564.1542342303211,5,2294411520.0,ok,5,9,640
vco_current_min,4,12,0,0.1,0.09998666,-6.590663e-10,3584658.6,236.0684222847266,5,2294181504.0,ok,5,9,640
vco_current_min,4,12,0,0.15,0.1499877,-7.067663e-10,3583782.0,564.1542342303211,5,2293620480.0,ok,5,9,640
vco_current_min,4,12,0,0.2,0.1999855,-3.372492e-10,3582958.0,564.1542342303211,5,2293093120.0,ok,5,9,640
vco_current_min,4,12,0,0.25,0.2499784,-4.294694e-10,3582546.0,861.7598273300978,5,2292829440.0,ok,5,9,640
vco_current_min,4,12,0,0.3,0.2999636,-2.81281e-10,3580692.0,564.1542342303211,5,2291642880.0,ok,5,9,640
vco_current_min,4,12,0,0.35,0.3500015,-6.44071e-11,3577208.4,152.9470496609856,5,2289413376.0,ok,5,9,640
vco_current_min,4,12,0,0.4,0.3999862,-1.458142e-10,3569592.0,558.6770086552694,5,2284538880.0,ok,5,9,640
vco_current_min,4,12,0,0.45,0.4499802,-1.871538e-10,3547322.0,1316.8788858509351,5,2270286080.0,ok,5,9,640
vco_current_min,4,12,0,0.5,0.4999756,-2.024177e-10,3438840.4,7836.613956295155,5,2200857856.0,ok,5,9,640
vco_current_min,4,12,0,0.55,0.5499713,1.950781e-10,2618445.8,44337.414682184615,5,1675805312.0,ok,5,9,640
vco_current_min,4,12,0,0.6,0.5999655,3.489884e-10,4919424.0,57567.193174585125,5,924851712.0,ok,0,93,188
vco_current_min,4,12,0,0.65,0.6499866,-2.66017e-10,3321106.8,18276.98212780217,5,624368078.4,ok,0,93,188
vco_current_min,4,12,0,0.7,0.6999747,-1.941498e-10,2976943.0,7262.006954003831,5,559665284.0,ok,0,93,188
vco_current_min,4,12,0,0.75,0.7499759,3.776076e-10,2919183.0,9647.095676938216,5,548806404.0,ok,0,93,188
vco_current_min,4,13,0,0.0,-1.117849e-06,-1.995307e-09,3584109.8,545.0992570165547,5,2293830272.0,ok,5,9,640
vco_current_min,4,13,0,0.05,0.04999525,-1.362484e-09,3583490.8,270.1170116819746,5,2293434112.0,ok,5,9,640
vco_current_min,4,13,0,0.1,0.09998667,-9.236433e-10,3583370.0,0.0,5,2293356800.0,ok,5,9,640
vco_current_min,4,13,0,0.15,0.1499888,-5.503099e-10,3583576.0,460.6300033649567,5,2293488640.0,ok,5,9,640
vco_current_min,4,13,0,0.2,0.1999846,-2.272214e-10,3582546.0,861.7598273300978,5,2292829440.0,ok,5,9,640
vco_current_min,4,13,0,0.25,0.2499787,-3.830414e-10,3580898.0,564.1542342303211,5,2291774720.0,ok,5,9,640
vco_current_min,4,13,0,0.3,0.2999634,6.824208e-12,3579250.0,0.0,5,2290720000.0,ok,5,9,640
vco_current_min,4,13,0,0.35,0.3500009,-3.461532e-10,3575304.0,853.3932270647571,5,2288194560.0,ok,5,9,640
vco_current_min,4,13,0,0.4,0.3999862,7.55114e-11,3567552.0,558.6770086552694,5,2283233280.0,ok,5,9,640
vco_current_min,4,13,0,0.45,0.4499795,-1.311864e-10,3544494.0,553.1997830802178,5,2268476160.0,ok,5,9,640
vco_current_min,4,13,0,0.5,0.4999759,2.399594e-11,3432531.0,824.2141711958125,5,2196819840.0,ok,5,9,640
vco_current_min,4,13,0,0.55,0.5499705,-1.019309e-10,2562168.6,23475.797192001806,5,1639787904.0,ok,5,9,640
vco_current_min,4,13,0,0.6,0.5999653,1.416545e-10,5029280.0,58297.9660880206,5,895211840.0,ok,0,88,178
vco_current_min,4,13,0,0.65,0.649986,-2.399413e-10,3198397.8,11655.247238904887,5,569314808.4,ok,0,88,178
vco_current_min,4,13,0,0.7,0.6999732,3.171886e-10,2815577.2,5658.868720866389,5,501172741.6,ok,0,88,178
vco_current_min,4,13,0,0.75,0.7499761,4.113154e-10,2750381.8,3181.34078652382,5,489567960.4,ok,0,88,178
vco_current_min,4,14,0,0.0,-1.80403e-06,-1.99976e-09,3576528.0,558.6770086552694,5,2288977920.0,ok,5,9,640
vco_current_min,4,14,0,0.05,0.04999471,-1.253728e-09,3576528.0,558.6770086552694,5,2288977920.0,ok,5,9,640
vco_current_min,4,14,0,0.1,0.09998687,-8.206108e-10,3576120.0,721.2489168102785,5,2288716800.0,ok,5,9,640
vco_current_min,4,14,0,0.15,0.1499885,-6.552502e-10,3575712.0,558.6770086552694,5,2288455680.0,ok,5,9,640
vco_current_min,4,14,0,0.2,0.1999862,-1.782499e-10,3574284.0,456.1578674099571,5,2287541760.0,ok,5,9,640
vco_current_min,4,14,0,0.25,0.2499789,-3.862214e-10,3573264.0,456.1578674099571,5,2286888960.0,ok,5,9,640
vco_current_min,4,14,0,0.3,0.2999633,-3.397932e-10,3571600.2,366.2740777068451,5,2285824128.0,ok,5,9,640
vco_current_min,4,14,0,0.35,0.3500008,-3.069944e-11,3567348.0,558.6770086552694,5,2283102720.0,ok,5,9,640
vco_current_min,4,14,0,0.4,0.3999864,-2.393053e-10,3559644.0,553.1997830802178,5,2278172160.0,ok,5,9,640
vco_current_min,4,14,0,0.45,0.4499792,8.096052e-12,3533662.0,1176.5464291731116,5,2261543680.0,ok,5,9,640
vco_current_min,4,14,0,0.5,0.4999752,8.759518e-11,3392204.4,6936.975443231726,5,2171010816.0,ok,5,9,640
vco_current_min,4,14,0,0.55,0.5499704,-8.666692e-11,2397842.0,31084.219694243573,5,1534618880.0,ok,5,9,640
vco_current_min,4,14,0,0.6,0.5999655,5.643147e-11,5032014.0,109309.39314624338,5,674289876.0,ok,0,66,134
vco_current_min,4,14,0,0.65,0.6499871,4.469313e-10,2100127.6,31193.549730673487,5,281417098.40000004,ok,0,66,134
vco_current_min,4,14,0,0.7,0.6999744,2.463177e-11,4997312.0,19543.368952153567,5,189897856.0,ok,0,18,38
vco_current_min,4,14,0,0.75,0.7499763,4.354829e-10,4531784.0,9842.112578100294,5,172207792.0,ok,0,18,38
vco_current_min,4,15,0,0.0,-1.117864e-06,-2.032831e-09,3575100.0,0.0,5,2288064000.0,ok,5,9,640
vco_current_min,4,15,0,0.05,0.04999594,-1.322416e-09,3575304.0,456.1578674099571,5,2288194560.0,ok,5,9,640
vco_current_min,4,15,0,0.1,0.09998701,-1.055296e-09,3574488.0,558.6770086552694,5,2287672320.0,ok,5,9,640
vco_current_min,4,15,0,0.15,0.1499877,-5.496738e-10,3573264.0,853.3932270647571,5,2286888960.0,ok,5,9,640
vco_current_min,4,15,0,0.2,0.1999858,-6.2663e-10,3572448.0,558.6770086552694,5,2286366720.0,ok,5,9,640
vco_current_min,4,15,0,0.25,0.2499789,-2.367613e-10,3571736.6,740.6954839878532,5,2285911424.0,ok,5,9,640
vco_current_min,4,15,0,0.3,0.2999633,-3.387943e-11,3569796.0,456.1578674099571,5,2284669440.0,ok,5,9,640
vco_current_min,4,15,0,0.35,0.3500005,-6.822302e-11,3565308.0,558.6770086552694,5,2281797120.0,ok,5,9,640
vco_current_min,4,15,0,0.4,0.3999857,-5.931923e-11,3557162.0,542.2361109332354,5,2276583680.0,ok,5,9,640
vco_current_min,4,15,0,0.45,0.449979,3.862377e-11,3530705.2,299.60423895532585,5,2259651328.0,ok,5,9,640
vco_current_min,4,15,0,0.5,0.4999753,8.250703e-11,3390437.6,5112.206989158401,5,2169880064.0,ok,5,9,640
vco_current_min,4,15,0,0.55,0.5499714,1.155788e-10,2337850.6,21000.021233322597,5,1496224384.0,ok,5,9,640
vco_current_min,4,15,0,0.6,0.5999647,-2.017817e-10,4980020.0,120129.1952441204,5,617522480.0,ok,0,61,124
vco_current_min,4,15,0,0.65,0.6499858,1.944416e-10,5471826.0,448062.0879744235,5,218873040.0,ok,0,19,40
vco_current_min,4,15,0,0.7,0.6999748,-2.115971e-11,95930.0,18984.320263707094,5,nan,unstable,5,9,640
vco_current_min,4,15,0,0.75,0.7499766,1.569184e-10,9.902352,0.06103218860568566,5,nan,unverified,5,9,640
vco_current_max,5,15,0,0.0,-1.11782e-06,-1.863019e-09,2964410.4,314.39115763647044,5,1897222656.0,ok,5,9,640
vco_current_max,5,15,0,0.05,0.0499952,-1.185677e-09,2963988.6,314.39115763647044,5,1896952704.0,ok,5,9,640
vco_current_max,5,15,0,0.1,0.09998805,-1.14688e-09,2963425.8,629.5650879774068,5,1896592512.0,ok,5,9,640
vco_current_max,5,15,0,0.15,0.1499874,-7.824507e-10,2963145.0,0.0,5,1896412800.0,ok,5,9,640
vco_current_max,5,15,0,0.2,0.1999843,-5.089697e-10,2962440.0,0.0,5,1895961600.0,ok,5,9,640
vco_current_max,5,15,0,0.25,0.2499786,-1.70618e-10,2961293.4,335.0370128806667,5,1895227776.0,ok,5,9,640
vco_current_max,5,15,0,0.3,0.2999629,-9.048283e-11,2960743.6,383.9535128111214,5,1894875904.0,ok,5,9,640
vco_current_max,5,15,0,0.35,0.3500011,2.472296e-10,2958340.0,313.04951684997053,5,1893337600.0,ok,5,9,640
vco_current_max,5,15,0,0.4,0.3999868,-2.79373e-10,2952392.4,612.5833004579866,5,1889531136.0,ok,5,9,640
vco_current_max,5,15,0,0.45,0.4499806,1.359309e-10,2936364.0,377.9285646785646,5,1879272960.0,ok,5,9,640
vco_current_max,5,15,0,0.5,0.4999751,-1.019307e-10,2850640.0,3502.2104448476534,5,1824409600.0,ok,5,9,640
vco_current_max,5,15,0,0.55,0.5499708,-1.636221e-10,2123310.4,47494.27382643091,5,1358918656.0,ok,5,9,640
vco_current_max,5,15,0,0.6,0.599966,9.777104e-11,5021436.0,101607.85835751091,5,572443704.0,ok,0,56,114
vco_current_max,5,15,0,0.65,0.6499868,2.904772e-10,5339132.0,233625.90004106992,5,202887016.0,ok,0,18,38
vco_current_max,5,15,0,0.7,0.6999739,-7.167905e-12,2465463.8,14409.277539141232,5,93687624.39999999,ok,0,18,38
vco_current_max,5,15,0,0.75,0.7499766,8.736823e-10,27309700.0,208540.15200915147,5,nan,inconsistent,0,0,2
vco_current_max,5,15,1,0.0,-1.117849e-06,-1.779066e-09,2955224.4,330.04363347896896,5,1891343616.0,ok,5,9,640
vco_current_max,5,15,1,0.05,0.04999542,-1.208573e-09,2955076.8,404.2192474388126,5,1891249152.0,ok,5,9,640
vco_current_max,5,15,1,0.1,0.09998763,-6.189984e-10,2954789.6,603.2070954489842,5,1891065344.0,ok,5,9,640
vco_current_max,5,15,1,0.15,0.1499882,-4.574535e-10,2954075.6,312.15508965897067,5,1890608384.0,ok,5,9,640
vco_current_max,5,15,1,0.2,0.1999849,-5.223258e-10,2953517.2,382.31034513860595,5,1890251008.0,ok,5,9,640
vco_current_max,5,15,1,0.25,0.2499784,-3.111731e-10,2952073.8,381.7626225811008,5,1889327232.0,ok,5,9,640
vco_current_max,5,15,1,0.3,0.2999629,-4.320135e-10,2950355.6,512.8984304908721,5,1888227584.0,ok,5,9,640
vco_current_max,5,15,1,0.35,0.3500007,-2.78737e-10,2947950.8,334.64264522024087,5,1886688512.0,ok,5,9,640
vco_current_max,5,15,1,0.4,0.3999863,-2.115949e-11,2940169.6,578.9687383615802,5,1881708544.0,ok,5,9,640
vco_current_max,5,15,1,0.45,0.4499791,3.989573e-11,2919678.8,549.6155019647827,5,1868594432.0,ok,5,9,640
vco_current_max,5,15,1,0.5,0.4999753,5.261561e-11,2812628.4,3620.1940970064024,5,1800082176.0,ok,5,9,640
vco_current_max,5,15,1,0.55,0.5499694,-1.044747e-10,4845846.0,46086.48804150735,5,1192078116.0,ok,0,122,246
vco_current_max,5,15,1,0.6,0.5999657,1.346585e-10,2016780.0,60776.32694972608,5,496127880.0,ok,0,122,246
vco_current_max,5,15,1,0.65,0.6499868,-6.531747e-12,5260748.0,85858.60393693809,5,178865432.0,ok,0,16,34
vco_current_max,5,15,1,0.7,0.6999739,1.918981e-10,2670184.6,10047.764119444684,5,90786276.4,ok,0,16,34
vco_current_max,5,15,1,0.75,0.7499763,7.547517e-10,27090400.0,109279.57265655827,5,nan,inconsistent,0,0,2
vco_current_max,5,15,2,0.0,-7.746421e-07,-1.705927e-09,2941905.2,613.2868007710586,5,1882819328.0,ok,5,9,640
vco_current_max,5,15,2,0.05,0.0499961,-1.077556e-09,2942200.8,379.57173235108013,5,1883008512.0,ok,5,9,640
vco_current_max,5,15,2,0.1,0.09998734,-7.201225e-10,2941157.0,351.062672467467,5,1882340480.0,ok,5,9,640
vco_current_max,5,15,2,0.15,0.1499877,-6.037342e-10,2940308.0,489.31789258109086,5,1881797120.0,ok,5,9,640
vco_current_max,5,15,2,0.2,0.1999846,-4.014854e-10,2940031.2,379.024009793575,5,1881619968.0,ok,5,9,640
vco_current_max,5,15,2,0.25,0.2499786,-2.335813e-10,2938546.6,378.47628723606977,5,1880669824.0,ok,5,9,640
vco_current_max,5,15,2,0.3,0.2999639,-1.559901e-10,2937352.2,49.64070910049533,5,1879905408.0,ok,5,9,640
vco_current_max,5,15,2,0.35,0.3500015,-3.302532e-10,2933736.2,533.9749057774158,5,1877591168.0,ok,5,9,640
vco_current_max,5,15,2,0.4,0.3999867,5.007175e-11,2926320.0,0.0,5,1872844800.0,ok,5,9,640
vco_current_max,5,15,2,0.45,0.4499789,1.073109e-10,2902206.4,630.8635351643015,5,1857412096.0,ok,5,9,640
vco_current_max,5,15,2,0.5,0.4999756,2.230619e-10,2765935.2,5452.979891765603,5,1770198528.0,ok,5,9,640
vco_current_max,5,15,2,0.55,0.5499703,1.736195e-12,4879990.0,22229.55914992468,5,1151677640.0,ok,0,117,236
vco_current_max,5,15,2,0.6,0.5999659,-7.013105e-11,2052625.8,61710.07127041744,5,484419688.8,ok,0,117,236
vco_current_max,5,15,2,0.65,0.6499865,9.077519e-11,5197942.0,24099.7493762902,5,176730028.0,ok,0,16,34
vco_current_max,5,15,2,0.7,0.6999739,3.22638e-11,2694431.4,15383.203235997371,5,91610667.6,ok,0,16,34
vco_current_max,5,15,2,0.75,0.7499751,2.147933e-10,6868.9226,1961.2018409900602,5,nan,unstable,5,9,640
vco_current_max,5,15,3,0.0,-1.689681e-06,-1.873195e-09,2927985.2,306.78852651297115,5,1873910528.0,ok,5,9,640
vco_current_max,5,15,3,0.05,0.0499953,-1.068016e-09,2927985.2,306.78852651297115,5,1873910528.0,ok,5,9,640
vco_current_max,5,15,3,0.1,0.09998661,-8.485953e-10,2927130.6,70.2125344934934,5,1873363584.0,ok,5,9,640
vco_current_max,5,15,3,0.15,0.1499873,-5.92922e-10,2927036.4,70.2125344934934,5,1873303296.0,ok,5,9,640
vco_current_max,5,15,3,0.2,0.1999844,-4.409176e-10,2926457.0,573.1121181758417,5,1872932480.0,ok,5,9,640
vco_current_max,5,15,3,0.25,0.249978,-3.353411e-10,2924624.4,297.2756296772408,5,1871759616.0,ok,5,9,640
vco_current_max,5,15,3,0.3,0.2999632,-2.164095e-10,2922283.8,374.0945067760285,5,1870261632.0,ok,5,9,640
vco_current_max,5,15,3,0.35,0.3500006,-7.140311e-11,2918064.6,378.6248803235202,5,1867561344.0,ok,5,9,640
vco_current_max,5,15,3,0.4,0.3999864,-1.833378e-10,2908392.0,478.7112908632927,5,1861370880.0,ok,5,9,640
vco_current_max,5,15,3,0.45,0.4499795,1.435627e-10,2877464.6,938.0361400287304,5,1841577344.0,ok,5,9,640
vco_current_max,5,15,3,0.5,0.4999753,-3.133549e-11,2676711.8,10571.36028143966,5,1713095552.0,ok,5,9,640
vco_current_max,5,15,3,0.55,0.54997,3.644113e-12,4777668.0,57886.39710674694,5,1022420952.0,ok,0,106,214
vco_current_max,5,15,3,0.6,0.5999653,-1.443901e-12,5147852.0,38761.74299486544,5,422123864.0,ok,0,40,82
vco_current_max,5,15,3,0.65,0.6499866,-5.232337e-11,5244186.0,77663.1848432705,5,157325580.0,ok,0,14,30
vco_current_max,5,15,3,0.7,0.6999731,2.01798e-11,2969797.4,14399.418314640352,5,89093922.0,ok,0,14,30
vco_current_max,5,15,3,0.75,0.7499757,2.707612e-10,5742.1432,1189.9026738980376,5,nan,unstable,5,9,640
vco_current_max,5,15,4,0.0,-1.68971e-06,-1.841395e-09,2918278.0,0.0,5,1867697920.0,ok,5,9,640
vco_current_max,5,15,4,0.05,0.04999435,-1.220656e-09,2917987.4,336.6679372913316,5,1867511936.0,ok,5,9,640
vco_current_max,5,15,4,0.1,0.09998658,-9.357275e-10,2917540.2,304.5524585354714,5,1867225728.0,ok,5,9,640
vco_current_max,5,15,4,0.15,0.1499885,-6.546144e-10,2916826.6,603.7054745486412,5,1866769024.0,ok,5,9,640
vco_current_max,5,15,4,0.2,0.1999853,-3.563293e-10,2915704.0,304.1052449399714,5,1866050560.0,ok,5,9,640
vco_current_max,5,15,4,0.25,0.2499784,-3.684133e-10,2915024.0,304.1052449399714,5,1865615360.0,ok,5,9,640
vco_current_max,5,15,4,0.3,0.2999635,-1.019308e-10,2912186.8,98.8342046054907,5,1863799552.0,ok,5,9,640
vco_current_max,5,15,4,0.35,0.350001,-1.776139e-10,2907667.4,566.6183018576086,5,1860907136.0,ok,5,9,640
vco_current_max,5,15,4,0.4,0.3999862,-6.377106e-11,2898928.8,352.27716360842925,5,1855314432.0,ok,5,9,640
vco_current_max,5,15,4,0.45,0.4499794,-4.787129e-11,2868938.4,1881.9747075877508,5,1836120576.0,ok,5,9,640
vco_current_max,5,15,4,0.5,0.4999753,2.081585e-11,2699161.2,4825.492016364756,5,1727463168.0,ok,5,9,640
vco_current_max,5,15,4,0.55,0.549971,-1.241905e-10,4883736.0,84015.20594511449,5,1113491808.0,ok,0,113,228
vco_current_max,5,15,4,0.6,0.5999653,9.268303e-11,2090686.8,30018.16099796921,5,476676590.40000004,ok,0,113,228
vco_current_max,5,15,4,0.65,0.649987,4.498366e-11,5285142.0,171212.7164377693,5,179694828.0,ok,0,16,34
vco_current_max,5,15,4,0.7,0.6999738,8.568696e-11,2685685.6,14739.443300206423,5,91313310.4,ok,0,16,34
vco_current_max,5,15,4,0.75,0.7499779,4.323034e-10,6982.0946,2150.7870129798534,5,nan,unstable,5,9,640
vco_current_max,5,15,5,0.0,-1.460925e-06,-1.821043e-09,2898201.6,300.52753617597176,5,1854849024.0,ok,5,9,640
vco_current_max,5,15,5,0.05,0.0499945,-1.272173e-09,2897932.8,601.0550723519435,5,1854676992.0,ok,5,9,640
vco_current_max,5,15,5,0.1,0.09998634,-9.541714e-10,2897395.2,368.0695586434716,5,1854332928.0,ok,5,9,640
vco_current_max,5,15,5,0.15,0.1499879,-6.444382e-10,2896227.2,427.53619729795975,5,1853585408.0,ok,5,9,640
vco_current_max,5,15,5,0.2,0.1999851,-4.046655e-10,2895499.2,300.0803225804718,5,1853119488.0,ok,5,9,640
vco_current_max,5,15,5,0.25,0.2499782,-3.149891e-10,2894132.0,366.9741135284613,5,1852244480.0,ok,5,9,640
vco_current_max,5,15,5,0.3,0.2999634,-1.388183e-10,2890623.8,171.437160499117,5,1849999232.0,ok,5,9,640
vco_current_max,5,15,5,0.35,0.3500001,-1.286424e-10,2885844.2,148.02770011048608,5,1846940288.0,ok,5,9,640
vco_current_max,5,15,5,0.4,0.3999861,-1.286425e-10,2873631.4,362.04461051091477,5,1839124096.0,ok,5,9,640
vco_current_max,5,15,5,0.45,0.4499797,2.653999e-11,2832228.2,1541.4878202567804,5,1812626048.0,ok,5,9,640
vco_current_max,5,15,5,0.5,0.4999748,1.445602e-11,2562687.8,23126.037667529647,5,1640120192.0,ok,5,9,640
vco_current_max,5,15,5,0.55,0.5499709,-3.515152e-11,4781692.0,62823.149554921234,5,956338400.0,ok,0,99,200
vco_current_max,5,15,5,0.6,0.5999646,-5.486732e-11,2009514.2,32660.799350291472,5,401902840.0,ok,0,99,200
vco_current_max,5,15,5,0.65,0.6499874,1.391106e-10,5214232.0,51174.78402494729,5,156426960.0,ok,0,14,30
vco_current_max,5,15,5,0.7,0.699974,1.798138e-10,2969591.8,18114.308714383777,5,89087754.0,ok,0,14,30
vco_current_max,5,15,5,0.75,0.7499781,5.56958e-10,3790.51825,909.3095173277999,4,nan,unstable,5,9,640
vco_current_max,5,15,6,0.0,-7.746712e-07,-2.109788e-09,2871792.0,552.1956175124899,5,1837946880.0,ok,5,9,640
vco_current_max,5,15,6,0.05,0.04999563,-8.193389e-10,2871264.0,361.4968879534096,5,1837608960.0,ok,5,9,640
vco_current_max,5,15,6,0.1,0.09998782,-5.318659e-10,2871132.0,295.16097302997224,5,1837524480.0,ok,5,9,640
vco_current_max,5,15,6,0.15,0.1499888,-7.404746e-10,2869286.0,465.98336880193483,5,1836343040.0,ok,5,9,640
vco_current_max,5,15,6,0.2,0.1999857,-3.588733e-10,2868171.4,382.1606991829484,5,1835629696.0,ok,5,9,640
vco_current_max,5,15,6,0.25,0.2499782,3.903283e-10,2866228.2,359.85372028089415,5,1834386048.0,ok,5,9,640
vco_current_max,5,15,6,0.3,0.2999639,-2.412133e-10,2862458.0,301.24740662784137,5,1831973120.0,ok,5,9,640
vco_current_max,5,15,6,0.35,0.3500008,3.22277e-10,2856352.6,292.03047786147255,5,1828065664.0,ok,5,9,640
vco_current_max,5,15,6,0.4,0.3999875,2.249699e-10,2840591.2,288.8999826929728,5,1817978368.0,ok,5,9,640
vco_current_max,5,15,6,0.45,0.4499801,-1.305504e-10,2785126.6,2272.685151973322,5,1782481024.0,ok,5,9,640
vco_current_max,5,15,6,0.5,0.4999756,-2.96545e-10,2439283.8,7689.07141337626,5,1561141632.0,ok,5,9,640
vco_current_max,5,15,6,0.55,0.5499706,2.07162e-10,4897590.0,114338.6765272364,5,920746920.0,ok,0,93,188
vco_current_max,5,15,6,0.6,0.5999652,-4.708095e-10,2094190.6,43671.84907695116,5,393707832.8,ok,0,93,188
vco_current_max,5,15,6,0.65,0.6499867,8.018153e-10,5216844.0,51138.14114728849,5,156505320.0,ok,0,14,30
vco_current_max,5,15,6,0.7,0.6999741,-1.356384e-10,2983526.4,6345.909651105978,5,89505792.0,ok,0,14,30
vco_current_max,5,15,6,0.75,0.7499764,8.202589e-10,4261.9130000000005,714.8426350414475,5,nan,unstable,5,9,640
vco_current_max,5,15,7,0.0,-1.575288e-06,-2.266881e-09,2838537.8,662.0662353571581,5,1816664192.0,ok,5,9,640
vco_current_max,5,15,7,0.05,0.04999425,-2.146675e-09,2837263.0,339.70133941449217,5,1815848320.0,ok,5,9,640
vco_current_max,5,15,7,0.1,0.09998676,-6.927744e-10,2836545.6,402.36587827498494,5,1815389184.0,ok,5,9,640
vco_current_max,5,15,7,0.15,0.1499878,-4.040294e-10,2834987.0,643.0,5,1814391680.0,ok,5,9,640
vco_current_max,5,15,7,0.2,0.1999849,1.954389e-11,2833350.6,530.785549916348,5,1813344384.0,ok,5,9,640
vco_current_max,5,15,7,0.25,0.2499776,-6.186311e-11,2830897.2,704.5052874180576,5,1811774208.0,ok,5,9,640
vco_current_max,5,15,7,0.3,0.2999627,-7.967101e-11,2826669.4,711.9134778889918,5,1809068416.0,ok,5,9,640
vco_current_max,5,15,7,0.35,0.3500016,1.003152e-10,2818124.8,628.5067223188627,5,1803599872.0,ok,5,9,640
vco_current_max,5,15,7,0.4,0.3999861,-3.556933e-10,2796449.0,556.9102261585793,5,1789727360.0,ok,5,9,640
vco_current_max,5,15,7,0.45,0.4499795,-1.076547e-10,2712027.0,2695.3343020857355,5,1735697280.0,ok,5,9,640
vco_current_max,5,15,7,0.5,0.4999748,-4.580896e-10,2189369.4,5603.339254408928,5,1401196416.0,ok,5,9,640
vco_current_max,5,15,7,0.55,0.5499709,-3.417012e-10,4874240.0,64785.538895651705,5,750632960.0,ok,0,76,154
vco_current_max,5,15,7,0.6,0.5999649,-1.71254e-10,2000114.6,54313.281955705825,5,308017648.40000004,ok,0,76,154
vco_current_max,5,15,7,0.65,0.649986,2.61857e-10,5107684.0,39633.173983419496,5,132799784.0,ok,0,12,26
vco_current_max,5,15,7,0.7,0.6999735,-1.222826e-10,3310774.2,11240.55017336785,5,86080129.2,ok,0,12,26
vco_current_max,5,15,7,0.75,0.749977,1.187587e-10,3943.6062,1311.8259731573391,5,nan,unstable,5,9,640
vco_current_max,5,15,8,0.0,-1.918481e-06,-2.002939e-09,2849762.2,905.3006130562378,5,1823847808.0,ok,5,9,640
vco_current_max,5,15,8,0.05,0.04999506,-1.366937e-09,2849990.0,356.01966237835796,5,1823993600.0,ok,5,9,640
vco_current_max,5,15,8,0.1,0.09998644,-6.406223e-10,2849372.2,509.3762852744521,5,1823598208.0,ok,5,9,640
vco_current_max,5,15,8,0.15,0.1499881,-3.963974e-10,2849144.4,623.8559929983842,5,1823452416.0,ok,5,9,640
vco_current_max,5,15,8,0.2,0.1999848,-5.687536e-10,2848461.0,0.0,5,1823015040.0,ok,5,9,640
vco_current_max,5,15,8,0.25,0.2499772,-3.124451e-10,2846863.6,273.3135561950779,5,1821992704.0,ok,5,9,640
vco_current_max,5,15,8,0.3,0.2999629,-2.179557e-11,2845136.8,690.810538425696,5,1820887552.0,ok,5,9,640
vco_current_max,5,15,8,0.35,0.3500004,-2.86369e-10,2841495.6,577.7999653859456,5,1818557184.0,ok,5,9,640
vco_current_max,5,15,8,0.4,0.3999868,2.682174e-10,2831636.0,309.46324499041884,5,1812247040.0,ok,5,9,640
vco_current_max,5,15,8,0.45,0.4499802,-1.216466e-10,2799037.6,1315.9189944673647,5,1791384064.0,ok,5,9,640
vco_current_max,5,15,8,0.5,0.4999761,-1.000228e-10,2588770.0,8176.378048989663,5,1656812800.0,ok,5,9,640
vco_current_max,5,15,8,0.55,0.5499692,-4.341955e-11,4861790.0,80290.10648890684,5,1069593800.0,ok,0,109,220
vco_current_max,5,15,8,0.6,0.5999664,-2.450292e-10,2145916.6,21711.02811476232,5,472101652.0,ok,0,109,220
vco_current_max,5,15,8,0.65,0.6499869,1.988939e-10,5161080.0,101822.5034066635,5,175476720.0,ok,0,16,34
vco_current_max,5,15,8,0.7,0.6999739,-5.168732e-11,2684415.2,12199.423806065595,5,91270116.80000001,ok,0,16,34
vco_current_max,5,15,8,0.75,0.7499757,3.671571e-11,6420.3324,1072.6990747561965,5,nan,unstable,5,9,640
vco_current_max,5,15,9,0.0,-2.147237e-06,-1.63851e-09,2802824.0,0.0,5,1793807360.0,ok,5,9,640
vco_current_max,5,15,9,0.05,0.04999507,-1.253729e-09,2802411.4,745.4849428392233,5,1793543296.0,ok,5,9,640
vco_current_max,5,15,9,0.1,0.09998663,-8.625868e-10,2801759.2,343.9697661132443,5,1793125888.0,ok,5,9,640
vco_current_max,5,15,9,0.15,0.1499887,-5.064258e-10,2801242.8,740.842223418725,5,1792795392.0,ok,5,9,640
vco_current_max,5,15,9,0.2,0.199985,-5.38862e-10,2800056.6,280.40292437847364,5,1792036224.0,ok,5,9,640
vco_current_max,5,15,9,0.25,0.2499795,-3.009971e-10,2799429.6,686.8440871114783,5,1791634944.0,ok,5,9,640
vco_current_max,5,15,9,0.3,0.2999638,-7.5855e-11,2795912.0,757.7133362954621,5,1789383680.0,ok,5,9,640
vco_current_max,5,15,9,0.35,0.3500002,-9.49348e-11,2791084.8,61.344926440578604,5,1786294272.0,ok,5,9,640
vco_current_max,5,15,9,0.4,0.3999868,-3.833145e-11,2777646.0,581.6128437371376,5,1777693440.0,ok,5,9,640
vco_current_max,5,15,9,0.45,0.4499797,1.620063e-10,2724710.2,1389.5798645633865,5,1743814528.0,ok,5,9,640
vco_current_max,5,15,9,0.5,0.4999748,6.08833e-11,2398418.2,11318.093841279106,5,1534987648.0,ok,5,9,640
vco_current_max,5,15,9,0.55,0.5499704,1.244828e-10,4825878.0,36551.32719888568,5,926568576.0,ok,0,95,192
vco_current_max,5,15,9,0.6,0.5999656,1.759979e-10,2076415.2,24608.974840492643,5,398671718.4,ok,0,95,192
vco_current_max,5,15,9,0.65,0.6499864,-5.25982e-12,5176716.0,122301.55366960798,5,155301480.0,ok,0,14,30
vco_current_max,5,15,9,0.7,0.6999739,3.553476e-10,2981922.8,14042.44261871844,5,89457684.0,ok,0,14,30
vco_current_max,5,15,9,0.75,0.7499766,2.828449e-10,4948.537333333334,950.4635237552955,3,nan,unstable,5,9,640
vco_current_max,5,15,10,0.0,-1.117864e-06,-1.621338e-09,2718428.0,994.0533184895064,5,1739793920.0,ok,5,9,640
vco_current_max,5,15,10,0.05,0.04999494,-1.207936e-09,2718009.0,0.0,5,1739525760.0,ok,5,9,640
vco_current_max,5,15,10,0.1,0.09998724,-8.63223e-10,2717113.2,1169.0208295834595,5,1738952448.0,ok,5,9,640
vco_current_max,5,15,10,0.15,0.1499888,-4.243815e-10,2717831.2,419.80555022533946,5,1739411968.0,ok,5,9,640
vco_current_max,5,15,10,0.2,0.199986,-4.790776e-10,2715649.8,1059.5013921652014,5,1738015872.0,ok,5,9,640
vco_current_max,5,15,10,0.25,0.2499782,-4.977936e-11,2714399.0,619.0048465076828,5,1737215360.0,ok,5,9,640
vco_current_max,5,15,10,0.3,0.2999632,-1.203746e-10,2710444.8,525.9231883079506,5,1734684672.0,ok,5,9,640
vco_current_max,5,15,10,0.35,0.3500008,3.353587e-11,2704984.0,531.9713338141445,5,1731189760.0,ok,5,9,640
vco_current_max,5,15,10,0.4,0.3999858,7.460199e-12,2686801.4,341.644259427844,5,1719552896.0,ok,5,9,640
vco_current_max,5,15,10,0.45,0.4499802,2.243338e-10,2603783.0,3008.342899338438,5,1666421120.0,ok,5,9,640
vco_current_max,5,15,10,0.5,0.4999757,5.388759e-11,2218107.6,13245.692669694552,5,1419588864.0,ok,5,9,640
vco_current_max,5,15,10,0.55,0.5499709,6.406331e-11,4838506.0,37739.19024038539,5,870931080.0,ok,0,89,180
vco_current_max,5,15,10,0.6,0.5999658,3.162762e-11,2154490.2,36015.99000721763,5,387808236.00000006,ok,0,89,180
vco_current_max,5,15,10,0.65,0.6499873,1.117628e-10,5193724.0,67887.39153922471,5,155811720.0,ok,0,14,30
vco_current_max,5,15,10,0.7,0.6999742,1.79814e-10,2970880.2,21014.4453459995,5,89126406.0,ok,0,14,30
vco_current_max,5,15,10,0.75,0.7499774,1.085828e-10,7579.1638,1806.9287977953647,5,nan,unstable,5,9,640
vco_current_max,5,15,11,0.0,-2.833563e-06,-1.811502e-09,2584565.0,1096.4554254505742,5,1654121600.0,ok,5,9,640
vco_current_max,5,15,11,0.05,0.04999541,-1.361213e-09,2583057.2,712.3027446247838,5,1653156608.0,ok,5,9,640
vco_current_max,5,15,11,0.1,0.0999864,-8.93115e-10,2581913.4,866.4056786517503,5,1652424576.0,ok,5,9,640
vco_current_max,5,15,11,0.15,0.1499883,-5.166018e-10,2582373.4,837.0733540138523,5,1652718976.0,ok,5,9,640
vco_current_max,5,15,11,0.2,0.1999845,-4.542736e-10,2580338.8,895.0478758144728,5,1651416832.0,ok,5,9,640
vco_current_max,5,15,11,0.25,0.2499781,-3.283452e-10,2578375.6,1381.535486333956,5,1650160384.0,ok,5,9,640
vco_current_max,5,15,11,0.3,0.2999638,-3.769549e-11,2574544.4,1250.5985766823821,5,1647708416.0,ok,5,9,640
vco_current_max,5,15,11,0.35,0.3500008,-1.871538e-10,2565488.4,1195.478272491809,5,1641912576.0,ok,5,9,640
vco_current_max,5,15,11,0.4,0.3999852,-1.101988e-10,2530162.4,2724.0252017923767,5,1619303936.0,ok,5,9,640
vco_current_max,5,15,11,0.45,0.4499789,-1.051107e-10,2381125.8,958.6715808868018,5,1523920512.0,ok,5,9,640
vco_current_max,5,15,11,0.5,0.4999755,6.215553e-11,4891340.0,20521.784766437835,5,1183704280.0,ok,0,120,242
vco_current_max,5,15,11,0.55,0.5499705,1.009508e-10,2908108.0,25133.57691416007,5,703762136.0,ok,0,120,242
vco_current_max,5,15,11,0.6,0.5999663,2.478655e-10,5179220.0,38495.049032310635,5,310753200.0,ok,0,29,60
vco_current_max,5,15,11,0.65,0.6499871,4.943534e-11,2162861.8,16452.050759707738,5,129771707.99999999,ok,0,29,60
vco_current_max,5,15,11,0.7,0.6999741,1.063985e-11,4850680.0,10807.925332828683,5,87312240.0,ok,0,8,18
vco_current_max,5,15,11,0.75,0.7499768,1.988937e-10,5912.8708,1031.083784977341,5,nan,unstable,5,9,640
vco_current_max,5,15,12,0.0,-1.346663e-06,-1.437533e-09,2339971.2,391.75910965796317,5,1497581568.0,ok,5,9,640
vco_current_max,5,15,12,0.05,0.04999506,-1.069924e-09,2339355.2,1805.3479443032581,5,1497187328.0,ok,5,9,640
vco_current_max,5,15,12,0.1,0.09998635,-4.237454e-10,2339708.4,842.5098219012049,5,1497413376.0,ok,5,9,640
vco_current_max,5,15,12,0.15,0.1499878,-3.913094e-10,2339626.0,1407.0060412094897,5,1497360640.0,ok,5,9,640
vco_current_max,5,15,12,0.2,0.1999844,-2.418492e-10,2337945.0,1343.5670805732032,5,1496284800.0,ok,5,9,640
vco_current_max,5,15,12,0.25,0.2499781,-4.917977e-10,2337211.4,725.2887700771329,5,1495815296.0,ok,5,9,640
vco_current_max,5,15,12,0.3,0.299963,-1.496302e-10,2335194.0,1648.7534685331218,5,1494524160.0,ok,5,9,640
vco_current_max,5,15,12,0.35,0.3500008,-1.861564e-11,2329337.6,1166.3216966171897,5,1490776064.0,ok,5,9,640
vco_current_max,5,15,12,0.4,0.3999858,-7.585511e-11,2306494.0,504.9930692593711,5,1476156160.0,ok,5,9,640
vco_current_max,5,15,12,0.45,0.4499793,-8.079093e-13,2215608.2,4653.25742894158,5,1417989248.0,ok,5,9,640
vco_current_max,5,15,12,0.5,0.4999748,6.787937e-11,4923734.0,4973.527922913472,5,1211238564.0,ok,0,122,246
vco_current_max,5,15,12,0.55,0.5499715,6.597156e-11,3343730.6,52833.45280974924,5,822557727.6,ok,0,122,246
vco_current_max,5,15,12,0.6,0.5999652,1.127601e-11,5090452.0,163353.8406955894,5,386874352.0,ok,0,37,76
vco_current_max,5,15,12,0.65,0.6499876,-6.631516e-11,5233318.0,109078.68820259986,5,156999540.0,ok,0,14,30
vco_current_max,5,15,12,0.7,0.699974,1.314785e-10,2978109.2,17967.076089336293,5,89343276.0,ok,0,14,30
vco_current_max,5,15,12,0.75,0.7499781,3.165525e-10,6969.0778,1400.9446785027596,5,nan,unstable,5,9,640
vco_current_max,5,15,13,0.0,-1.003398e-06,-1.655682e-09,5016042.0,3419.710514064019,5,1264042584.0,ok,1,62,252
vco_current_max,5,15,13,0.05,0.04999657,-1.097272e-09,5013202.0,9229.887323255902,5,1263326904.0,ok,1,62,252
vco_current_max,5,15,13,0.1,0.09998781,-7.500147e-10,5017116.0,2619.3281581352117,5,1264313232.0,ok,1,62,252
vco_current_max,5,15,13,0.15,0.1499899,-5.433139e-10,5015094.0,2984.540165586652,5,1263803688.0,ok,1,62,252
vco_current_max,5,15,13,0.2,0.1999862,-3.512412e-10,5010976.0,11452.461744096769,5,1262765952.0,ok,1,62,252
vco_current_max,5,15,13,0.25,0.2499785,-2.482092e-10,5013792.0,4235.8788934529275,5,1263475584.0,ok,1,62,252
vco_current_max,5,15,13,0.3,0.2999638,-1.521742e-10,5006734.0,4116.847094561565,5,1261696968.0,ok,1,62,252
vco_current_max,5,15,13,0.35,0.350001,-9.938669e-11,4967640.0,3556.4940601665567,5,1251845280.0,ok,1,62,252
vco_current_max,5,15,13,0.4,0.3999872,-9.302682e-11,4879164.0,5694.794113925454,5,1229549328.0,ok,1,62,252
vco_current_max,5,15,13,0.45,0.4499794,-1.161973e-11,4621478.0,4364.873423136117,5,1164612456.0,ok,1,62,252
vco_current_max,5,15,13,0.5,0.4999767,-1.286424e-10,3911380.0,20938.099245155947,5,985667760.0,ok,1,62,252
vco_current_max,5,15,13,0.55,0.549971,7.805537e-11,2566530.8,47079.93714099457,5,646765761.5999999,ok,1,62,252
vco_current_max,5,15,13,0.6,0.5999656,5.706732e-11,5235340.0,130386.61434365109,5,303649720.0,ok,0,28,58
vco_current_max,5,15,13,0.65,0.649987,5.325154e-11,2266793.6,25011.90489147118,5,131474028.80000001,ok,0,28,58
vco_current_max,5,15,13,0.7,0.6999747,9.395498e-11,4851056.0,26859.395562819354,5,87319008.0,ok,0,8,18
vco_current_max,5,15,13,0.75,0.7499774,6.720726e-10,26737000.0,64700.231838842745,5,nan,inconsistent,0,0,2
vco_current_max,5,15,14,0.0,-1.804132e-06,-1.496045e-09,5027946.0,10221.94844440139,5,905030280.0,ok,0,89,180
vco_current_max,5,15,14,0.05,0.0499952,-9.726157e-10,5031026.0,3913.6466370892504,5,905584680.0,ok,0,89,180
vco_current_max,5,15,14,0.1,0.09998678,-8.38419e-10,5030236.0,2700.1907340038038,5,905442480.0,ok,0,89,180
vco_current_max,5,15,14,0.15,0.1499884,-5.522179e-10,5025976.0,5172.183291415725,5,904675680.0,ok,0,89,180
vco_current_max,5,15,14,0.2,0.1999846,-3.862214e-10,5022634.0,10171.935902275436,5,904074120.0,ok,0,89,180
vco_current_max,5,15,14,0.25,0.249978,-2.583851e-10,5020294.0,9257.784832237137,5,903652920.0,ok,0,89,180
vco_current_max,5,15,14,0.3,0.2999637,-2.386693e-10,4999200.0,4147.288270665545,5,899856000.0,ok,0,89,180
vco_current_max,5,15,14,0.35,0.3500017,1.064004e-11,4957224.0,4192.747309342646,5,892300320.0,ok,0,89,180
vco_current_max,5,15,14,0.4,0.3999851,-4.023942e-11,4887372.0,6028.156434599222,5,879726960.0,ok,0,89,180
vco_current_max,5,15,14,0.45,0.4499797,2.262418e-10,4724756.0,6400.236714372368,5,850456080.0,ok,0,89,180
vco_current_max,5,15,14,0.5,0.4999754,-1.73162e-10,4238402.0,13052.479457942081,5,762912360.0,ok,0,89,180
vco_current_max,5,15,14,0.55,0.549971,-1.229186e-10,3091735.8,37226.57298489884,5,556512444.0,ok,0,89,180
vco_current_max,5,15,14,0.6,0.5999655,-1.7825e-10,4995392.0,32493.35116604626,5,289732736.0,ok,0,28,58
vco_current_max,5,15,14,0.65,0.6499866,5.007147e-11,2229250.0,35200.243237795956,5,129296500.0,ok,0,28,58
vco_current_max,5,15,14,0.7,0.6999744,1.572792e-11,4845608.0,29168.95730052756,5,87220944.0,ok,0,8,18
vco_current_max,5,15,14,0.75,0.7499765,1.321148e-10,5362.534799999999,1141.4607648461686,5,nan,unstable,5,9,640
vco_current_max,5,15,15,0.0,-7.746712e-07,-1.957147e-09,5014982.0,7927.951816200702,5,451348380.0,ok,0,44,90
vco_current_max,5,15,15,0.05,0.04999496,-1.050208e-09,5009982.0,5120.763614930883,5,450898380.0,ok,0,44,90
vco_current_max,5,15,15,0.1,0.09998617,-1.209208e-09,5007766.0,8558.5676371692,5,450698940.0,ok,0,44,90
vco_current_max,5,15,15,0.15,0.1499882,-5.115138e-10,5008040.0,7857.938660997552,5,450723600.0,ok,0,44,90
vco_current_max,5,15,15,0.2,0.1999846,-6.851424e-10,4991724.0,7965.693943405056,5,449255160.0,ok,0,44,90
vco_current_max,5,15,15,0.25,0.2499783,-1.922418e-10,4965380.0,5773.062445530968,5,446884200.0,ok,0,44,90
vco_current_max,5,15,15,0.3,0.2999637,-3.703213e-10,4931128.0,5067.590157066769,5,443801520.0,ok,0,44,90
vco_current_max,5,15,15,0.35,0.3500008,-3.175331e-10,4892580.0,8569.830803463976,5,440332200.0,ok,0,44,90
vco_current_max,5,15,15,0.4,0.3999871,-3.451536e-11,4823724.0,2495.4518628897654,5,434135160.0,ok,0,44,90
vco_current_max,5,15,15,0.45,0.4499787,-7.167739e-12,4709656.0,3533.451570348743,5,423869040.0,ok,0,44,90
vco_current_max,5,15,15,0.5,0.4999748,-1.057467e-10,4365670.0,7004.06310651182,5,392910300.0,ok,0,44,90
vco_current_max,5,15,15,0.55,0.5499708,1.785424e-10,3447720.4,31603.65897803607,5,310294836.0,ok,0,44,90
vco_current_max,5,15,15,0.6,0.5999654,-1.788859e-10,2072393.0,15675.864218600516,5,186515370.0,ok,0,44,90
vco_current_max,5,15,15,0.65,0.6499866,-1.159226e-10,4960770.0,14375.04434775768,5,109136940.0,ok,0,10,22
vco_current_max,5,15,15,0.7,0.6999747,1.639143e-10,3818174.0,17319.844976211538,5,83999828.0,ok,0,10,22
vco_current_max,5,15,15,0.75,0.7499759,2.421413e-10,5550.1218,1127.6017872667637,5,nan,unstable,5,9,640
vco_current_min,5,0,0,0.0,-6.603368e-07,-2.17466e-09,3007496.0,0.0,5,1924797440.0,ok,5,9,640
vco_current_min,5,0,0,0.05,0.04999552,-1.310333e-09,3007061.6,396.5511316337402,5,1924519424.0,ok,5,9,640
vco_current_min,5,0,0,0.1,0.09998782,-9.897876e-10,3007098.8,576.1902463596551,5,1924543232.0,ok,5,9,640
vco_current_min,5,0,0,0.15,0.149988,-4.396456e-10,3007206.4,396.5511316337402,5,1924612096.0,ok,5,9,640
vco_current_min,5,0,0,0.2,0.1999845,-4.320135e-10,3006664.4,240.60091437897736,5,1924265216.0,ok,5,9,640
vco_current_min,5,0,0,0.25,0.2499786,-7.967094e-11,3006664.4,240.60091437897736,5,1924265216.0,ok,5,9,640
vco_current_min,5,0,0,0.3,0.2999633,-9.811479e-11,3005944.8,396.00340907623513,5,1923804672.0,ok,5,9,640
vco_current_min,5,0,0,0.35,0.3500009,-3.006356e-11,3005401.6,244.62583673847698,5,1923457024.0,ok,5,9,640
vco_current_min,5,0,0,0.4,0.3999879,-2.323094e-10,3003409.0,248.20354550247666,5,1922181760.0,ok,5,9,640
vco_current_min,5,0,0,0.45,0.4499802,3.877842e-10,2997654.8,321.54657516446974,5,1918499072.0,ok,5,9,640
vco_current_min,5,0,0,0.5,0.4999751,8.377934e-11,2982443.2,1468.7023864622813,5,1908763648.0,ok,5,9,640
vco_current_min,5,0,0,0.55,0.5499704,-1.051108e-10,2937716.0,1327.8800774166318,5,1880138240.0,ok,5,9,640
vco_current_min,5,0,0,0.6,0.5999655,1.003149e-10,2875445.0,1153.4786517313617,5,1840284800.0,ok,5,9,640
vco_current_min,5,0,0,0.65,0.6499861,-8.730303e-11,2847322.8,490.8469211475203,5,1822286592.0,ok,5,9,640
vco_current_min,5,0,0,0.7,0.6999744,-2.052369e-11,2840160.0,704.5704365072381,5,1817702400.0,ok,5,9,640
vco_current_min,5,0,0,0.75,0.7499756,4.812748e-10,2839290.0,645.0,5,1817145600.0,ok,5,9,640
vco_current_min,5,1,0,0.0,-2.147237e-06,-2.026471e-09,3007061.6,396.5511316337402,5,1924519424.0,ok,5,9,640
vco_current_min,5,1,0,0.05,0.04999529,-1.495409e-09,3006556.8,294.67473593777936,5,1924196352.0,ok,5,9,640
vco_current_min,5,1,0,0.1,0.09998635,-1.080735e-09,3006197.0,448.70034544225615,5,1923966080.0,ok,5,9,640
vco_current_min,5,1,0,0.15,0.1499885,-9.300034e-10,3005800.2,396.00340907623513,5,1923712128.0,ok,5,9,640
vco_current_min,5,1,0,0.2,0.199986,-5.795661e-10,3005546.2,451.5924047191228,5,1923549568.0,ok,5,9,640
vco_current_min,5,1,0,0.25,0.2499776,-1.343664e-10,3005511.0,0.0,5,1923527040.0,ok,5,9,640
vco_current_min,5,1,0,0.3,0.299964,-2.62837e-10,3005073.4,244.62583673847698,5,1923246976.0,ok,5,9,640
vco_current_min,5,1,0,0.35,0.3500004,-8.66669e-11,3004386.4,322.88821595096965,5,1922807296.0,ok,5,9,640
vco_current_min,5,1,0,0.4,0.3999862,3.989586e-11,3001811.4,394.90796396122477,5,1921159296.0,ok,5,9,640
vco_current_min,5,1,0,0.45,0.4499795,-2.05235e-11,2997223.4,393.8125188462144,5,1918222976.0,ok,5,9,640
vco_current_min,5,1,0,0.5,0.4999756,9.777126e-11,2981365.2,594.8652788657278,5,1908073728.0,ok,5,9,640
vco_current_min,5,1,0,0.55,0.5499704,-3.900373e-10,2934726.6,616.260334598942,5,1878225024.0,ok,5,9,640
vco_current_min,5,1,0,0.6,0.5999651,6.024739e-11,2870499.0,793.6734215028245,5,1837119360.0,ok,5,9,640
vco_current_min,5,1,0,0.65,0.6499867,1.200308e-10,2841472.8,333.015314963141,5,1818542592.0,ok,5,9,640
vco_current_min,5,1,0,0.7,0.6999748,-4.278337e-11,2834601.2,862.6750257194188,5,1814144768.0,ok,5,9,640
vco_current_min,5,1,0,0.75,0.749976,3.254565e-10,2832833.8,696.6044071063576,5,1813013632.0,ok,5,9,640
vco_current_min,5,2,0,0.0,-1.11782e-06,-1.959055e-09,3005073.4,244.62583673847698,5,1923246976.0,ok,5,9,640
vco_current_min,5,2,0,0.05,0.049994,-1.071831e-09,3004819.6,322.88821595096965,5,1923084544.0,ok,5,9,640
vco_current_min,5,2,0,0.1,0.09998667,-8.263349e-10,3004699.8,639.15272040413,5,1923007872.0,ok,5,9,640
vco_current_min,5,2,0,0.15,0.1499877,-6.075499e-10,3004819.6,322.88821595096965,5,1923084544.0,ok,5,9,640
vco_current_min,5,2,0,0.2,0.1999846,-2.90821e-10,3004334.0,370.0027026928317,5,1922773760.0,ok,5,9,640
vco_current_min,5,2,0,0.25,0.2499783,1.509204e-11,3003697.8,546.0148349633002,5,1922366592.0,ok,5,9,640
vco_current_min,5,2,0,0.3,0.2999638,-3.391572e-10,3003697.8,546.0148349633002,5,1922366592.0,ok,5,9,640
vco_current_min,5,2,0,0.35,0.3500015,1.12399e-10,3002532.4,394.90796396122477,5,1921620736.0,ok,5,9,640
vco_current_min,5,2,0,0.4,0.3999869,1.09855e-10,2999808.0,394.3602414037196,5,1919877120.0,ok,5,9,640
vco_current_min,5,2,0,0.45,0.4499797,-2.70469e-10,2995163.2,354.7043839593754,5,1916904448.0,ok,5,9,640
vco_current_min,5,2,0,0.5,0.4999755,-7.7127e-11,2977646.4,572.2537024781927,5,1905693696.0,ok,5,9,640
vco_current_min,5,2,0,0.55,0.54997,1.16851e-10,2925907.8,1682.7158702526106,5,1872580992.0,ok,5,9,640
vco_current_min,5,2,0,0.6,0.5999658,1.130348e-10,2851188.2,660.9018081379411,5,1824760448.0,ok,5,9,640
vco_current_min,5,2,0,0.65,0.6499862,-6.949516e-11,2815340.4,567.0668390939467,5,1801817856.0,ok,5,9,640
vco_current_min,5,2,0,0.7,0.699975,3.035583e-11,2807690.2,1242.4317687503003,5,1796921728.0,ok,5,9,640
vco_current_min,5,2,0,0.75,0.749976,3.66796e-10,2806925.4,583.1717585754647,5,1796432256.0,ok,5,9,640
vco_current_min,5,3,0,0.0,-1.117791e-06,-1.870651e-09,3004478.4,456.0118419515002,5,1922866176.0,ok,5,9,640
vco_current_min,5,3,0,0.05,0.04999504,-1.163416e-09,3004454.4,320.66930005848707,5,1922850816.0,ok,5,9,640
vco_current_min,5,3,0,0.1,0.09998781,-7.353866e-10,3004334.0,370.0027026928317,5,1922773760.0,ok,5,9,640
vco_current_min,5,3,0,0.15,0.149989,-7.417466e-10,3004386.4,322.88821595096965,5,1922807296.0,ok,5,9,640
vco_current_min,5,3,0,0.2,0.1999855,-5.108778e-10,3004386.4,322.88821595096965,5,1922807296.0,ok,5,9,640
vco_current_min,5,3,0,0.25,0.2499779,-2.90821e-10,3003664.4,322.88821595096965,5,1922345216.0,ok,5,9,640
vco_current_min,5,3,0,0.3,0.2999634,-4.192934e-10,3003298.0,303.9860194153672,5,1922110720.0,ok,5,9,640
vco_current_min,5,3,0,0.35,0.3500018,-8.157888e-11,3002099.8,322.44100235546966,5,1921343872.0,ok,5,9,640
vco_current_min,5,3,0,0.4,0.3999869,5.197967e-11,2999376.0,321.99378875996973,5,1919600640.0,ok,5,9,640
vco_current_min,5,3,0,0.45,0.4499798,-7.167655e-12,2994309.2,262.06716696297536,5,1916357888.0,ok,5,9,640
vco_current_min,5,3,0,0.5,0.4999759,-1.935138e-10,2976949.2,776.6705865423255,5,1905247488.0,ok,5,9,640
vco_current_min,5,3,0,0.55,0.5499699,-2.85733e-10,2923037.6,1119.0416882314976,5,1870744064.0,ok,5,9,640
vco_current_min,5,3,0,0.6,0.5999658,-1.191026e-10,2845956.4,1132.7931408690645,5,1821412096.0,ok,5,9,640
vco_current_min,5,3,0,0.65,0.6499867,-7.776303e-11,2809602.8,1162.2971651002165,5,1798145792.0,ok,5,9,640
vco_current_min,5,3,0,0.7,0.6999748,6.406345e-11,2801117.4,979.8131454517234,5,1792715136.0,ok,5,9,640
vco_current_min,5,3,0,0.75,0.749976,1.365666e-10,2799945.4,737.046674234407,5,1791965056.0,ok,5,9,640
vco_current_min,5,4,0,0.0,-2.147164e-06,-1.846483e-09,3002931.8,453.41890123813766,5,1921876352.0,ok,5,9,640
vco_current_min,5,4,0,0.05,0.0499961,-1.15324e-09,3002820.8,322.44100235546966,5,1921805312.0,ok,5,9,640
vco_current_min,5,4,0,0.1,0.09998711,-7.347506e-10,3002388.2,322.44100235546966,5,1921528448.0,ok,5,9,640
vco_current_min,5,4,0,0.15,0.1499885,-5.44586e-10,3002532.4,394.90796396122477,5,1921620736.0,ok,5,9,640
vco_current_min,5,4,0,0.2,0.1999844,-5.490379e-10,3002244.0,0.0,5,1921436160.0,ok,5,9,640
vco_current_min,5,4,0,0.25,0.2499785,-2.043256e-10,3001699.0,873.3172390374531,5,1921087360.0,ok,5,9,640
vco_current_min,5,4,0,0.3,0.2999637,-7.521891e-11,3001266.4,573.775043026446,5,1920810496.0,ok,5,9,640
vco_current_min,5,4,0,0.35,0.3500029,2.908404e-11,2999448.0,65.72670690061993,5,1919646720.0,ok,5,9,640
vco_current_min,5,4,0,0.4,0.3999864,-1.928778e-10,2997079.6,393.8125188462144,5,1918130944.0,ok,5,9,640
vco_current_min,5,4,0,0.45,0.4499794,-1.254624e-10,2991304.8,320.2049343779699,5,1914435072.0,ok,5,9,640
vco_current_min,5,4,0,0.5,0.4999754,8.759524e-11,2972510.8,387.23984815615245,5,1902406912.0,ok,5,9,640
vco_current_min,5,4,0,0.55,0.5499699,-9.111899e-11,2913852.0,984.8809572735174,5,1864865280.0,ok,5,9,640
vco_current_min,5,4,0,0.6,0.5999652,-1.369104e-10,2823833.8,1675.8044933702738,5,1807253632.0,ok,5,9,640
vco_current_min,5,4,0,0.65,0.6499867,6.469927e-11,2778458.0,1323.84515710864,5,1778213120.0,ok,5,9,640
vco_current_min,5,4,0,0.7,0.6999727,-9.366284e-11,2769998.2,1798.1237999648413,5,1772798848.0,ok,5,9,640
vco_current_min,5,4,0,0.75,0.7499774,4.030476e-10,2767281.4,772.820677777193,5,1771060096.0,ok,5,9,640
vco_current_min,5,5,0,0.0,-1.460998e-06,-1.62897e-09,3002244.0,0.0,5,1921436160.0,ok,5,9,640
vco_current_min,5,5,0,0.05,0.04999471,-1.416545e-09,3002676.6,394.90796396122477,5,1921713024.0,ok,5,9,640
vco_current_min,5,5,0,0.1,0.09998619,-8.110708e-10,3002099.8,322.44100235546966,5,1921343872.0,ok,5,9,640
vco_current_min,5,5,0,0.15,0.149989,-5.280497e-10,3002388.2,322.44100235546966,5,1921528448.0,ok,5,9,640
vco_current_min,5,5,0,0.2,0.1999855,-5.102417e-10,3001266.4,573.775043026446,5,1920810496.0,ok,5,9,640
vco_current_min,5,5,0,0.25,0.2499789,-3.372492e-10,3000753.2,702.7280412791281,5,1920482048.0,ok,5,9,640
vco_current_min,5,5,0,0.3,0.299964,-1.877898e-10,3000168.0,591.5403621055794,5,1920107520.0,ok,5,9,640
vco_current_min,5,5,0,0.35,0.3500022,-2.243161e-11,2998800.0,0.0,5,1919232000.0,ok,5,9,640
vco_current_min,5,5,0,0.4,0.3999864,-1.229185e-10,2996935.8,321.54657516446974,5,1918038912.0,ok,5,9,640
vco_current_min,5,5,0,0.45,0.4499801,-9.875073e-11,2990898.2,885.204044274539,5,1914174848.0,ok,5,9,640
vco_current_min,5,5,0,0.5,0.4999754,4.561956e-11,2972099.8,575.809169777627,5,1902143872.0,ok,5,9,640
vco_current_min,5,5,0,0.55,0.5499696,1.581903e-10,2911013.0,1203.1076427319379,5,1863048320.0,ok,5,9,640
vco_current_min,5,5,0,0.6,0.5999656,-7.967098e-11,2818211.4,487.2769233197895,5,1803655296.0,ok,5,9,640
vco_current_min,5,5,0,0.65,0.6499869,1.715463e-10,2771146.8,759.777072568,5,1773533952.0,ok,5,9,640
vco_current_min,5,5,0,0.7,0.6999742,5.13434e-11,2760684.0,1525.993283078271,5,1766837760.0,ok,5,9,640
vco_current_min,5,5,0,0.75,0.7499768,3.769719e-10,2759901.8,823.851442919171,5,1766337152.0,ok,5,9,640
vco_current_min,5,6,0,0.0,-1.575347e-06,-1.730094e-09,2999232.0,394.3602414037196,5,1919508480.0,ok,5,9,640
vco_current_min,5,6,0,0.05,0.04999505,-1.300157e-09,2998800.0,0.0,5,1919232000.0,ok,5,9,640
vco_current_min,5,6,0,0.1,0.09998724,-1.039396e-09,2998800.0,0.0,5,1919232000.0,ok,5,9,640
vco_current_min,5,6,0,0.15,0.1499875,-6.940464e-10,2998686.0,254.91174943497603,5,1919159040.0,ok,5,9,640
vco_current_min,5,6,0,0.2,0.1999851,-1.528102e-10,2998344.0,254.91174943497603,5,1918940160.0,ok,5,9,640
vco_current_min,5,6,0,0.25,0.2499779,-4.924335e-10,2998314.2,531.8159456052441,5,1918921088.0,ok,5,9,640
vco_current_min,5,6,0,0.3,0.2999641,-3.194411e-10,2997654.8,601.5585590780004,5,1918499072.0,ok,5,9,640
vco_current_min,5,6,0,0.35,0.3500003,-3.324341e-11,2996792.0,0.0,5,1917946880.0,ok,5,9,640
vco_current_min,5,6,0,0.4,0.3999866,9.077508e-11,2994192.0,0.0,5,1916282880.0,ok,5,9,640
vco_current_min,5,6,0,0.45,0.4499792,1.944421e-10,2987497.8,272.35307965947436,5,1911998592.0,ok,5,9,640
vco_current_min,5,6,0,0.5,0.4999748,-9.55709e-11,2966374.4,385.59668048363693,5,1898479616.0,ok,5,9,640
vco_current_min,5,6,0,0.55,0.5499701,1.104909e-10,2896156.4,3338.6502212720634,5,1853540096.0,ok,5,9,640
vco_current_min,5,6,0,0.6,0.5999644,1.683664e-10,2785832.8,926.3299628102288,5,1782932992.0,ok,5,9,640
vco_current_min,5,6,0,0.65,0.6499867,-1.443928e-12,2727288.2,1121.8753050138862,5,1745464448.0,ok,5,9,640
vco_current_min,5,6,0,0.7,0.6999738,3.09916e-11,2713261.8,2333.464527264128,5,1736487552.0,ok,5,9,640
vco_current_min,5,6,0,0.75,0.7499764,2.80301e-10,2711981.4,1301.1267424813004,5,1735668096.0,ok,5,9,640
vco_current_min,5,7,0,0.0,-1.575405e-06,-1.829946e-09,2998344.0,254.91174943497603,5,1918940160.0,ok,5,9,640
vco_current_min,5,7,0,0.05,0.04999436,-1.260724e-09,2998230.0,0.0,5,1918867200.0,ok,5,9,640
vco_current_min,5,7,0,0.1,0.09998696,-7.786345e-10,2997942.4,393.8125188462144,5,1918683136.0,ok,5,9,640
vco_current_min,5,7,0,0.15,0.1499875,-6.915023e-10,2997511.0,508.4097756731277,5,1918407040.0,ok,5,9,640
vco_current_min,5,7,0,0.2,0.1999854,-5.274138e-10,2997511.0,508.4097756731277,5,1918407040.0,ok,5,9,640
vco_current_min,5,7,0,0.25,0.2499784,-2.914571e-10,2997654.8,601.5585590780004,5,1918499072.0,ok,5,9,640
vco_current_min,5,7,0,0.3,0.2999632,-1.73798e-10,2997223.4,393.8125188462144,5,1918222976.0,ok,5,9,640
vco_current_min,5,7,0,0.35,0.3499998,-2.157735e-10,2996214.0,0.0,5,1917576960.0,ok,5,9,640
vco_current_min,5,7,0,0.4,0.3999849,7.741921e-11,2993331.6,320.6521479734698,5,1915732224.0,ok,5,9,640
vco_current_min,5,7,0,0.45,0.4499791,1.257548e-10,2986804.8,597.37525894533,5,1911555072.0,ok,5,9,640
vco_current_min,5,7,0,0.5,0.499976,-6.531886e-12,2964969.2,381.7626225811008,5,1897580288.0,ok,5,9,640
vco_current_min,5,7,0,0.55,0.5499721,-2.879152e-11,2895496.4,2072.375641624848,5,1853117696.0,ok,5,9,640
vco_current_min,5,7,0,0.6,0.5999655,-7.839911e-11,2776091.8,2392.5651924242316,5,1776698752.0,ok,5,9,640
vco_current_min,5,7,0,0.65,0.6499869,-6.88592e-11,2716097.6,1503.4754071816408,5,1738302464.0,ok,5,9,640
vco_current_min,5,7,0,0.7,0.6999739,3.417167e-11,2702168.0,584.0,5,1729387520.0,ok,5,9,640
vco_current_min,5,7,0,0.75,0.7499766,4.571066e-10,2699523.2,884.1632767764107,5,1727694848.0,ok,5,9,640
vco_current_min,5,8,0,0.0,-1.346634e-06,-1.904358e-09,2981918.6,475.99663864359377,5,1908427904.0,ok,5,9,640
vco_current_min,5,8,0,0.05,0.04999528,-1.420997e-09,2981791.8,317.96886640047006,5,1908346752.0,ok,5,9,640
vco_current_min,5,8,0,0.1,0.09998711,-9.770674e-10,2981365.2,317.96886640047006,5,1908073728.0,ok,5,9,640
vco_current_min,5,8,0,0.15,0.149988,-5.369537e-10,2980796.4,389.4307383861731,5,1907709696.0,ok,5,9,640
vco_current_min,5,8,0,0.2,0.199984,-4.371015e-10,2980372.2,527.9386327974114,5,1907438208.0,ok,5,9,640
vco_current_min,5,8,0,0.25,0.2499766,-4.033934e-10,2979302.0,317.52165280497013,5,1906753280.0,ok,5,9,640
vco_current_min,5,8,0,0.3,0.2999636,-1.216465e-10,2979160.0,0.0,5,1906662400.0,ok,5,9,640
vco_current_min,5,8,0,0.35,0.3500008,-1.928778e-10,2977232.8,317.0744392094702,5,1905428992.0,ok,5,9,640
vco_current_min,5,8,0,0.4,0.3999859,-2.561154e-11,2973767.0,572.0218527294215,5,1903210880.0,ok,5,9,640
vco_current_min,5,8,0,0.45,0.4499786,9.204706e-11,2961878.4,313.94394404097045,5,1895602176.0,ok,5,9,640
vco_current_min,5,8,0,0.5,0.4999755,-1.165586e-10,2917887.2,2162.670733144553,5,1867447808.0,ok,5,9,640
vco_current_min,5,8,0,0.55,0.5499706,-1.012948e-10,2623531.2,4426.083731697809,5,1679059968.0,ok,5,9,640
vco_current_min,5,8,0,0.6,0.5999651,3.226375e-11,4944270.0,24701.022246052897,5,1206401880.0,ok,0,121,244
vco_current_min,5,8,0,0.65,0.6499865,1.143069e-10,4176948.0,5875.2846739541055,5,1019175312.0,ok,0,121,244
vco_current_min,5,8,0,0.7,0.699974,1.575543e-10,4019760.0,3949.759486348504,5,980821440.0,ok,0,121,244
vco_current_min,5,8,0,0.75,0.7499763,1.282987e-10,4001280.0,4340.691189200172,5,976312320.0,ok,0,121,244
vco_current_min,5,9,0,0.0,-1.689798e-06,-1.884642e-09,2980358.4,210.3254620819838,5,1907429376.0,ok,5,9,640
vco_current_min,5,9,0,0.05,0.04999471,-1.371389e-09,2980458.2,363.8134137164269,5,1907493248.0,ok,5,9,640
vco_current_min,5,9,0,0.1,0.09998703,-9.166473e-10,2980278.2,486.6910724473996,5,1907378048.0,ok,5,9,640
vco_current_min,5,9,0,0.15,0.149988,-5.57942e-10,2980126.8,351.6378819183166,5,1907281152.0,ok,5,9,640
vco_current_min,5,9,0,0.2,0.1999848,-4.161134e-10,2979444.0,388.88301582866796,5,1906844160.0,ok,5,9,640
vco_current_min,5,9,0,0.25,0.2499779,-2.85733e-10,2978876.0,388.88301582866796,5,1906480640.0,ok,5,9,640
vco_current_min,5,9,0,0.3,0.299963,-1.178306e-10,2978060.0,356.01966237835796,5,1905958400.0,ok,5,9,640
vco_current_min,5,9,0,0.35,0.3500008,-3.474252e-10,2975977.2,608.195034507846,5,1904625408.0,ok,5,9,640
vco_current_min,5,9,0,0.4,0.3999866,-5.613923e-11,2971823.6,369.16500375848193,5,1901967104.0,ok,5,9,640
vco_current_min,5,9,0,0.45,0.4499791,3.925979e-11,2960888.6,316.2369364890825,5,1894968704.0,ok,5,9,640
vco_current_min,5,9,0,0.5,0.4999761,9.368117e-12,2915429.2,1973.0897597423186,5,1865874688.0,ok,5,9,640
vco_current_min,5,9,0,0.55,0.5499699,-8.221508e-11,2598171.8,11757.733293454143,5,1662829952.0,ok,5,9,640
vco_current_min,5,9,0,0.6,0.5999661,9.77711e-11,4945548.0,34785.44408225946,5,1177040424.0,ok,0,118,238
vco_current_min,5,9,0,0.65,0.6499864,1.823579e-10,4133480.0,11855.376417474057,5,983768240.0,ok,0,118,238
vco_current_min,5,9,0,0.7,0.6999742,-6.758716e-11,3972000.0,7538.660358445657,5,945336000.0,ok,0,118,238
vco_current_min,5,9,0,0.75,0.7499764,2.109775e-10,3947372.0,4488.955335041774,5,939474536.0,ok,0,118,238
vco_current_min,5,10,0,0.0,-1.91851e-06,-1.895454e-09,2976949.2,593.1919588126595,5,1905247488.0,ok,5,9,640
vco_current_min,5,10,0,0.05,0.04999517,-1.21684e-09,2977091.0,0.0,5,1905338240.0,ok,5,9,640
vco_current_min,5,10,0,0.1,0.09998667,-9.490834e-10,2976382.0,0.0,5,1904884480.0,ok,5,9,640
vco_current_min,5,10,0,0.15,0.1499882,-7.697304e-10,2976118.8,360.4014428383993,5,1904716032.0,ok,5,9,640
vco_current_min,5,10,0,0.2,0.1999852,-5.127857e-10,2975582.4,316.6272256139702,5,1904372736.0,ok,5,9,640
vco_current_min,5,10,0,0.25,0.2499789,-2.380333e-10,2975157.6,592.3552987861254,5,1904100864.0,ok,5,9,640
vco_current_min,5,10,0,0.3,0.2999638,-1.839739e-10,2973351.0,616.3801586683335,5,1902944640.0,ok,5,9,640
vco_current_min,5,10,0,0.35,0.3499998,-5.995507e-11,2971688.8,301.4219633669716,5,1901880832.0,ok,5,9,640
vco_current_min,5,10,0,0.4,0.3999867,1.149429e-10,2967167.6,491.11943557550234,5,1898987264.0,ok,5,9,640
vco_current_min,5,10,0,0.45,0.4499799,-8.666688e-11,2954929.2,404.2192474388126,5,1891154688.0,ok,5,9,640
vco_current_min,5,10,0,0.5,0.4999754,8.695919e-11,2901380.8,1598.6677891294364,5,1856883712.0,ok,5,9,640
vco_current_min,5,10,0,0.55,0.5499717,7.460144e-12,2489791.8,14315.366960018873,5,1593466752.0,ok,5,9,640
vco_current_min,5,10,0,0.6,0.599965,1.829941e-10,4966576.0,24987.325387083747,5,1042980960.0,ok,0,104,210
vco_current_min,5,10,0,0.65,0.6499865,-1.426344e-10,3872904.0,11458.773058229228,5,813309840.0,ok,0,104,210
vco_current_min,5,10,0,0.7,0.6999748,1.168509e-10,3654129.2,2296.606453008438,5,767367132.0,ok,0,104,210
vco_current_min,5,10,0,0.75,0.7499759,1.950777e-10,3618498.0,6635.380169967656,5,759884580.0,ok,0,104,210
vco_current_min,5,11,0,0.0,-1.460969e-06,-1.62897e-09,2975855.6,294.2665458389723,5,1904547584.0,ok,5,9,640
vco_current_min,5,11,0,0.05,0.04999552,-1.002508e-09,2975714.0,483.14801044814413,5,1904456960.0,ok,5,9,640
vco_current_min,5,11,0,0.1,0.09998607,-6.387142e-10,2975157.6,316.6272256139702,5,1904100864.0,ok,5,9,640
vco_current_min,5,11,0,0.15,0.1499879,-8.021668e-10,2975299.2,387.7875707136576,5,1904191488.0,ok,5,9,640
vco_current_min,5,11,0,0.2,0.1999847,-3.264371e-10,2974732.8,387.7875707136576,5,1903828992.0,ok,5,9,640
vco_current_min,5,11,0,0.25,0.2499774,-1.070186e-10,2974174.8,297.844254602972,5,1903471872.0,ok,5,9,640
vco_current_min,5,11,0,0.3,0.299963,-2.70469e-10,2972652.2,387.23984815615245,5,1902497408.0,ok,5,9,640
vco_current_min,5,11,0,0.35,0.3500013,-2.715661e-12,2970989.2,315.7327984229703,5,1901433088.0,ok,5,9,640
vco_current_min,5,11,0,0.4,0.3999865,-1.051107e-10,2965670.4,385.59668048363693,5,1898029056.0,ok,5,9,640
vco_current_min,5,11,0,0.45,0.4499797,-4.659942e-11,2953218.8,722.0797739862265,5,1890060032.0,ok,5,9,640
vco_current_min,5,11,0,0.5,0.4999752,1.699987e-11,2897413.2,2357.8759933465544,5,1854344448.0,ok,5,9,640
vco_current_min,5,11,0,0.55,0.549971,1.127609e-11,2463962.4,22073.159522370148,5,1576935936.0,ok,5,9,640
vco_current_min,5,11,0,0.6,0.5999653,1.954381e-11,4925188.0,55090.310128007084,5,1004738352.0,ok,0,101,204
vco_current_min,5,11,0,0.65,0.6499873,-1.861561e-11,3790662.0,11457.23823615447,5,773295048.0,ok,0,101,204
vco_current_min,5,11,0,0.7,0.6999742,-2.132296e-10,3538404.8,5780.5808704662195,5,721834579.1999999,ok,0,101,204
vco_current_min,5,11,0,0.75,0.7499766,1.938059e-10,3502467.8,7526.238217064352,5,714503431.1999999,ok,0,101,204
vco_current_min,5,12,0,0.0,-8.890638e-07,-1.304609e-09,2971958.4,369.16500375848193,5,1902053376.0,ok,5,9,640
vco_current_min,5,12,0,0.05,0.04999518,-8.42871e-10,2971547.6,487.9823767309635,5,1901790464.0,ok,5,9,640
vco_current_min,5,12,0,0.1,0.09998652,-1.384109e-09,2971271.6,386.69212559864724,5,1901613824.0,ok,5,9,640
vco_current_min,5,12,0,0.15,0.1499883,-9.554435e-10,2971130.4,386.69212559864724,5,1901523456.0,ok,5,9,640
vco_current_min,5,12,0,0.2,0.1999858,-2.151375e-10,2970706.8,590.6819787330573,5,1901252352.0,ok,5,9,640
vco_current_min,5,12,0,0.25,0.2499786,-2.564771e-10,2969732.8,373.5467842185233,5,1900628992.0,ok,5,9,640
vco_current_min,5,12,0,0.3,0.2999637,1.976222e-10,2968335.2,938.7013369544117,5,1899734528.0,ok,5,9,640
vco_current_min,5,12,0,0.35,0.350002,-4.682655e-10,2965529.6,385.59668048363693,5,1897938944.0,ok,5,9,640
vco_current_min,5,12,0,0.4,0.399986,-5.274137e-10,2961033.6,5.366563145999495,5,1895061504.0,ok,5,9,640
vco_current_min,5,12,0,0.45,0.4499795,-4.854376e-10,2947063.2,965.5341526844092,5,1886120448.0,ok,5,9,640
vco_current_min,5,12,0,0.5,0.4999754,1.950779e-10,2882715.2,3177.2984121734617,5,1844937728.0,ok,5,9,640
vco_current_min,5,12,0,0.55,0.5499701,-9.684284e-11,2347608.0,11949.476034538084,5,1502469120.0,ok,5,9,640
vco_current_min,5,12,0,0.6,0.5999656,-3.983052e-10,4989512.0,33349.403592868046,5,858196064.0,ok,0,85,172
vco_current_min,5,12,0,0.65,0.6499872,5.022625e-10,3359825.4,12516.992861706041,5,577889968.8,ok,0,85,172
vco_current_min,5,12,0,0.7,0.6999758,-1.528102e-10,3009138.6,4876.515538783815,5,517571839.2,ok,0,85,172
vco_current_min,5,12,0,0.75,0.7499766,6.205573e-10,2957681.2,8002.144662526415,5,508721166.40000004,ok,0,85,172
vco_current_min,5,13,0,0.0,-1.003486e-06,-2.115511e-09,2970720.4,324.67337433180444,5,1901261056.0,ok,5,9,640
vco_current_min,5,13,0,0.05,0.04999585,-1.938703e-09,2970424.4,386.69212559864724,5,1901071616.0,ok,5,9,640
vco_current_min,5,13,0,0.1,0.09998644,-1.556466e-09,2970989.2,315.7327984229703,5,1901433088.0,ok,5,9,640
vco_current_min,5,13,0,0.15,0.1499889,-4.994298e-10,2970429.2,622.0958125562332,5,1901074688.0,ok,5,9,640
vco_current_min,5,13,0,0.2,0.1999868,-5.931905e-11,2969869.2,373.5467842185233,5,1900716288.0,ok,5,9,640
vco_current_min,5,13,0,0.25,0.2499783,-7.143983e-10,2968755.0,0.0,5,1900003200.0,ok,5,9,640
vco_current_min,5,13,0,0.3,0.299964,-2.83825e-10,2967033.4,344.51748867074946,5,1898901376.0,ok,5,9,640
vco_current_min,5,13,0,0.35,0.3500012,-4.453695e-10,2964551.0,0.0,5,1897312640.0,ok,5,9,640
vco_current_min,5,13,0,0.4,0.3999857,2.160659e-10,2960323.0,0.0,5,1894606720.0,ok,5,9,640
vco_current_min,5,13,0,0.45,0.4499798,2.777572e-10,2945058.4,791.2817450188018,5,1884837376.0,ok,5,9,640
vco_current_min,5,13,0,0.5,0.4999758,-1.216466e-10,2878478.0,2132.1716628827053,5,1842225920.0,ok,5,9,640
vco_current_min,5,13,0,0.55,0.5499716,-8.603103e-11,2328359.6,14718.520333240023,5,1490150144.0,ok,5,9,640
vco_current_min,5,13,0,0.6,0.5999658,-1.82702e-10,4961226.0,94206.4678246669,5,823563516.0,ok,0,82,166
vco_current_min,5,13,0,0.65,0.6499863,-1.356385e-10,3180033.6,23949.845819963015,5,527885577.6,ok,0,82,166
vco_current_min,5,13,0,0.7,0.6999739,-2.609291e-10,2800056.6,7136.925444475373,5,464809395.6,ok,0,82,166
vco_current_min,5,13,0,0.75,0.7499757,-1.248267e-10,2735991.2,2031.1438156861273,5,454174539.20000005,ok,0,82,166
vco_current_min,5,14,0,0.0,-2.028828e-07,-2.133955e-09,2964969.2,381.7626225811008,5,1897580288.0,ok,5,9,640
vco_current_min,5,14,0,0.05,0.04999503,-8.924789e-10,2964970.6,626.1567695074453,5,1897581184.0,ok,5,9,640
vco_current_min,5,14,0,0.1,0.09998824,-1.104268e-09,2964269.8,385.0489579261318,5,1897132672.0,ok,5,9,640
vco_current_min,5,14,0,0.15,0.1499896,-6.177261e-10,2964267.4,940.0435096313362,5,1897131136.0,ok,5,9,640
vco_current_min,5,14,0,0.2,0.1999854,3.671574e-11,2963848.0,0.0,5,1896862720.0,ok,5,9,640
vco_current_min,5,14,0,0.25,0.2499787,-5.846539e-10,2962722.0,386.1444030411421,5,1896142080.0,ok,5,9,640
vco_current_min,5,14,0,0.3,0.2999636,-3.207131e-10,2961457.2,384.5012353686266,5,1895332608.0,ok,5,9,640
vco_current_min,5,14,0,0.35,0.3500007,-3.620532e-10,2959762.2,313.4967304454705,5,1894247808.0,ok,5,9,640
vco_current_min,5,14,0,0.4,0.3999868,1.473786e-10,2953936.0,0.0,5,1890519040.0,ok,5,9,640
vco_current_min,5,14,0,0.45,0.4499792,1.467426e-10,2937396.6,60.797203883073436,5,1879933824.0,ok,5,9,640
vco_current_min,5,14,0,0.5,0.4999754,3.063768e-10,2860606.4,5142.421832172075,5,1830788096.0,ok,5,9,640
vco_current_min,5,14,0,0.55,0.5499693,-4.701735e-10,2142573.6,20042.86654398517,5,1371247104.0,ok,5,9,640
vco_current_min,5,14,0,0.6,0.599967,2.497735e-10,4973104.0,81462.39181364613,5,616664896.0,ok,0,61,124
vco_current_min,5,14,0,0.65,0.6499872,-3.133563e-11,2103211.8,22579.116705486955,5,260798263.2,ok,0,61,124
vco_current_min,5,14,0,0.7,0.6999742,-4.532738e-11,4910716.0,17396.323749574218,5,176785776.0,ok,0,17,36
vco_current_min,5,14,0,0.75,0.7499766,7.805515e-11,4485340.0,7044.7001355629045,5,161472240.0,ok,0,17,36
vco_current_min,5,15,0,0.0,-5.45886e-07,-2.03156e-09,2963988.6,314.39115763647044,5,1896952704.0,ok,5,9,640
vco_current_min,5,15,0,0.05,0.04999455,-1.272808e-09,2963707.4,314.39115763647044,5,1896772736.0,ok,5,9,640
vco_current_min,5,15,0,0.1,0.0999867,-6.62246e-10,2963285.6,314.39115763647044,5,1896502784.0,ok,5,9,640
vco_current_min,5,15,0,0.15,0.1499885,-7.913548e-10,2963004.0,315.28558482747036,5,1896322560.0,ok,5,9,640
vco_current_min,5,15,0,0.2,0.1999848,-6.081859e-10,2962206.0,320.4176961405222,5,1895811840.0,ok,5,9,640
vco_current_min,5,15,0,0.25,0.2499781,1.174868e-10,2961410.4,313.94394404097045,5,1895302656.0,ok,5,9,640
vco_current_min,5,15,0,0.3,0.2999632,-4.320134e-10,2960603.4,383.9535128111214,5,1894786176.0,ok,5,9,640
vco_current_min,5,15,0,0.35,0.350001,-3.022691e-10,2958340.0,313.04951684997053,5,1893337600.0,ok,5,9,640
vco_current_min,5,15,0,0.4,0.399986,3.101927e-10,2952492.0,0.0,5,1889594880.0,ok,5,9,640
vco_current_min,5,15,0,0.45,0.4499793,-1.922418e-10,2936064.0,621.152155272764,5,1879080960.0,ok,5,9,640
vco_current_min,5,15,0,0.5,0.4999751,-7.394707e-11,2855594.8,2874.7795915513243,5,1827580672.0,ok,5,9,640
vco_current_min,5,15,0,0.55,0.5499701,5.007161e-11,2108913.4,23240.47012863552,5,1349704576.0,ok,5,9,640
vco_current_min,5,15,0,0.6,0.5999655,1.505582e-10,4972712.0,146452.2583301466,5,566889168.0,ok,0,56,114
vco_current_min,5,15,0,0.65,0.6499863,9.459103e-11,297775.6,3386.9512714238904,5,nan,unverified,5,9,640
vco_current_min,5,15,0,0.7,0.6999744,-1.225581e-11,5323460.0,36285.38824375454,5,95822280.0,ok,0,8,18
vco_current_min,5,15,0,0.75,0.7499774,4.990824e-10,5980.7724,1108.7438267935474,5,nan,unstable,5,9,640
vco_current_max,6,15,0,0.0,-1.346591e-06,-1.69257e-09,2535740.8,163.2213221365395,5,1622874112.0,ok,5,9,640
vco_current_max,6,15,0,0.05,0.04999584,-1.351037e-09,2535518.8,293.1163591476941,5,1622732032.0,ok,5,9,640
vco_current_max,6,15,0,0.1,0.09998673,-1.054659e-09,2535253.6,281.5293945576554,5,1622562304.0,ok,5,9,640
vco_current_max,6,15,0,0.15,0.1499885,-6.641541e-10,2535253.6,281.5293945576554,5,1622562304.0,ok,5,9,640
vco_current_max,6,15,0,0.2,0.1999854,-3.029051e-10,2534225.6,281.5293945576554,5,1621904384.0,ok,5,9,640
vco_current_max,6,15,0,0.25,0.2499791,8.732126e-12,2533471.2,77.81516561699269,5,1621421568.0,ok,5,9,640
vco_current_max,6,15,0,0.3,0.2999648,-3.099011e-10,2532373.2,280.9816720001502,5,1620718848.0,ok,5,9,640
vco_current_max,6,15,0,0.35,0.3500015,-6.567918e-11,2530564.0,145.34441853748632,5,1619560960.0,ok,5,9,640
vco_current_max,6,15,0,0.4,0.3999866,4.24395e-11,2526847.6,268.06025442053135,5,1617182464.0,ok,5,9,640
vco_current_max,6,15,0,0.45,0.4499795,6.787931e-11,2515528.4,277.14761409761405,5,1609938176.0,ok,5,9,640
vco_current_max,6,15,0,0.5,0.4999759,1.670943e-10,2462136.8,2139.2660423612583,5,1575767552.0,ok,5,9,640
vco_current_max,6,15,0,0.55,0.5499719,-4.21474e-11,4836036.0,28819.22066954622,5,1189664856.0,ok,0,122,246
vco_current_max,6,15,0,0.6,0.5999649,-1.197386e-10,2140294.2,27770.380762603887,5,526512373.20000005,ok,0,122,246
vco_current_max,6,15,0,0.65,0.6499862,-5.041537e-11,5171256.0,65220.104875720644,5,186165216.0,ok,0,17,36
vco_current_max,6,15,0,0.7,0.6999747,3.470802e-10,2464189.2,22698.504591712644,5,88710811.2,ok,0,17,36
vco_current_max,6,15,0,0.75,0.7499775,5.25794e-10,2012268.4,8095.113421070763,5,72441662.39999999,ok,0,17,36
vco_current_max,6,15,1,0.0,-1.804205e-06,-1.536113e-09,2528496.0,152.0526224699857,5,1618237440.0,ok,5,9,640
vco_current_max,6,15,1,0.05,0.04999436,-1.301429e-09,2528393.8,304.49663380733784,5,1618172032.0,ok,5,9,640
vco_current_max,6,15,1,0.1,0.09998712,-9.497193e-10,2528325.8,228.5261473004785,5,1618128512.0,ok,5,9,640
vco_current_max,6,15,1,0.15,0.1499883,-7.194861e-10,2527712.6,279.8862268851399,5,1617736064.0,ok,5,9,640
vco_current_max,6,15,1,0.2,0.1999841,-3.086291e-10,2527099.4,457.052294600957,5,1617343616.0,ok,5,9,640
vco_current_max,6,15,1,0.25,0.2499783,-2.323094e-10,2526428.4,99.28141820099067,5,1616914176.0,ok,5,9,640
vco_current_max,6,15,1,0.3,0.2999642,-4.625416e-10,2524704.0,279.3385043276347,5,1615810560.0,ok,5,9,640
vco_current_max,6,15,1,0.35,0.350001,-1.74434e-10,2523016.8,435.9641040269256,5,1614730752.0,ok,5,9,640
vco_current_max,6,15,1,0.4,0.3999853,-1.407264e-10,2518348.2,510.1702656956793,5,1611742848.0,ok,5,9,640
vco_current_max,6,15,1,0.45,0.4499792,6.469936e-11,2503880.4,540.0711064295145,5,1602483456.0,ok,5,9,640
vco_current_max,6,15,1,0.5,0.4999756,-5.895923e-12,2436510.8,3002.0227680682237,5,1559366912.0,ok,5,9,640
vco_current_max,6,15,1,0.55,0.5499704,-9.811486e-11,4818116.0,93173.97292162657,5,1088894216.0,ok,0,112,226
vco_current_max,6,15,1,0.6,0.599966,-1.178306e-10,2053744.0,26832.531254058013,5,464146144.0,ok,0,112,226
vco_current_max,6,15,1,0.65,0.6499866,-6.885925e-11,5229964.0,77438.15261226213,5,167358848.0,ok,0,15,32
vco_current_max,6,15,1,0.7,0.6999742,2.319653e-10,2682754.6,34929.387767322805,5,85848147.2,ok,0,15,32
vco_current_max,6,15,1,0.75,0.7499764,2.008017e-10,2251641.0,5956.6085988589175,5,72052512.0,ok,0,15,32
vco_current_max,6,15,2,0.0,-6.60395e-07,-1.745994e-09,2518968.8,454.3690130279573,5,1612140032.0,ok,5,9,640
vco_current_max,6,15,2,0.05,0.04999469,-1.223836e-09,2518867.2,278.24305921262436,5,1612075008.0,ok,5,9,640
vco_current_max,6,15,2,0.1,0.09998687,-8.110708e-10,2518506.0,216.3504102145406,5,1611843840.0,ok,5,9,640
vco_current_max,6,15,2,0.15,0.1499886,-5.000657e-10,2518427.0,216.3504102145406,5,1611793280.0,ok,5,9,640
vco_current_max,6,15,2,0.2,0.1999856,-4.396455e-10,2517660.6,226.73729291847866,5,1611302784.0,ok,5,9,640
vco_current_max,6,15,2,0.25,0.2499794,-4.332855e-10,2516849.4,424.1866334527763,5,1610783616.0,ok,5,9,640
vco_current_max,6,15,2,0.3,0.2999641,-1.591702e-10,2515629.6,277.14761409761405,5,1610002944.0,ok,5,9,640
vco_current_max,6,15,2,0.35,0.3500008,-2.513892e-10,2512806.6,243.7258706005581,5,1608196224.0,ok,5,9,640
vco_current_max,6,15,2,0.4,0.3999861,-1.941498e-10,2507354.4,420.83999334664,5,1604706816.0,ok,5,9,640
vco_current_max,6,15,2,0.45,0.4499798,3.798759e-11,2490745.2,924.7395308950515,5,1594076928.0,ok,5,9,640
vco_current_max,6,15,2,0.5,0.4999759,3.607964e-11,2403591.8,10657.812355263157,5,1538298752.0,ok,5,9,640
vco_current_max,6,15,2,0.55,0.5499698,-1.076548e-10,4861340.0,21500.911608580693,5,1059772120.0,ok,0,108,218
vco_current_max,6,15,2,0.6,0.599966,-1.076548e-10,2102796.0,38774.02012301536,5,458409528.0,ok,0,108,218
vco_current_max,6,15,2,0.65,0.6499869,8.2507e-11,5148242.0,40224.83088839529,5,164743744.0,ok,0,15,32
vco_current_max,6,15,2,0.7,0.6999742,2.395975e-10,2688953.2,21268.530583940206,5,86046502.4,ok,0,15,32
vco_current_max,6,15,2,0.75,0.7499762,2.713969e-10,2253726.6,3013.8742176806254,5,72119251.2,ok,0,15,32
vco_current_max,6,15,3,0.0,-1.575332e-06,-1.773979e-09,2508508.8,225.3956521319788,5,1605445632.0,ok,5,9,640
vco_current_max,6,15,3,0.05,0.04999481,-1.244188e-09,2508318.0,201.24611797498108,5,1605323520.0,ok,5,9,640
vco_current_max,6,15,3,0.1,0.09998711,-8.511389e-10,2508037.4,395.75472201857554,5,1605143936.0,ok,5,9,640
vco_current_max,6,15,3,0.15,0.1499888,-5.210539e-10,2507354.4,224.94843853647885,5,1604706816.0,ok,5,9,640
vco_current_max,6,15,3,0.2,0.1999852,-4.173854e-10,2506851.4,224.94843853647885,5,1604384896.0,ok,5,9,640
vco_current_max,6,15,3,0.25,0.2499779,-2.62837e-10,2505853.2,207.5071083119805,5,1603746048.0,ok,5,9,640
vco_current_max,6,15,3,0.3,0.2999634,-1.998737e-10,2504377.6,224.5012249409789,5,1602801664.0,ok,5,9,640
vco_current_max,6,15,3,0.35,0.3500015,-1.661661e-10,2500993.8,351.0871686632822,5,1600636032.0,ok,5,9,640
vco_current_max,6,15,3,0.4,0.3999859,-1.161982e-11,2494482.0,352.13917703090067,5,1596468480.0,ok,5,9,640
vco_current_max,6,15,3,0.45,0.4499798,-1.235546e-10,2473848.8,487.3347925194753,5,1583263232.0,ok,5,9,640
vco_current_max,6,15,3,0.5,0.4999753,-8.666708e-11,2352427.8,6585.095230898335,5,1505553792.0,ok,5,9,640
vco_current_max,6,15,3,0.55,0.5499709,6.279122e-11,4934108.0,62843.20862273027,5,947348736.0,ok,0,95,192
vco_current_max,6,15,3,0.6,0.5999661,-2.115977e-11,2007183.6,40716.25700257822,5,385379251.20000005,ok,0,95,192
vco_current_max,6,15,3,0.65,0.6499874,-1.225586e-11,5344000.0,109882.23400532044,5,149632000.0,ok,0,13,28
vco_current_max,6,15,3,0.7,0.6999747,1.092188e-10,3011211.8,21468.818067141005,5,84313930.39999999,ok,0,13,28
vco_current_max,6,15,3,0.75,0.7499768,2.841168e-10,2567823.6,2330.104890342922,5,71899060.8,ok,0,13,28
vco_current_max,6,15,4,0.0,-3.172172e-07,-1.811502e-09,2501793.6,274.40900131008823,5,1601147904.0,ok,5,9,640
vco_current_max,6,15,4,0.05,0.04999494,-1.178044e-09,2501392.8,224.05401134547893,5,1600891392.0,ok,5,9,640
vco_current_max,6,15,4,0.1,0.0999878,-8.078908e-10,2501092.2,224.05401134547893,5,1600699008.0,ok,5,9,640
vco_current_max,6,15,4,0.15,0.1499878,-6.476181e-10,2499900.0,223.60679774997897,5,1599936000.0,ok,5,9,640
vco_current_max,6,15,4,0.2,0.1999854,-3.175331e-10,2499483.0,324.33778688274975,5,1599669120.0,ok,5,9,640
vco_current_max,6,15,4,0.25,0.2499787,-4.968858e-10,2498500.0,0.0,5,1599040000.0,ok,5,9,640
vco_current_max,6,15,4,0.3,0.2999637,-3.073571e-10,2497081.6,372.081711455965,5,1598132224.0,ok,5,9,640
vco_current_max,6,15,4,0.35,0.3500016,-2.284934e-10,2494083.6,416.6566932139696,5,1596213504.0,ok,5,9,640
vco_current_max,6,15,4,0.4,0.3999852,-1.655301e-10,2487177.0,442.74145954495833,5,1591793280.0,ok,5,9,640
vco_current_max,6,15,4,0.45,0.4499792,-1.712541e-10,2468191.4,418.64758449082206,5,1579642496.0,ok,5,9,640
vco_current_max,6,15,4,0.5,0.4999761,-8.730294e-11,2359455.0,2805.9233774285426,5,1510051200.0,ok,5,9,640
vco_current_max,6,15,4,0.55,0.5499701,3.417172e-11,4877802.0,96707.19373448906,5,1024338420.0,ok,0,104,210
vco_current_max,6,15,4,0.6,0.5999647,-9.429897e-11,2115039.8,71310.84847482885,5,444158357.99999994,ok,0,104,210
vco_current_max,6,15,4,0.65,0.6499861,8.377898e-11,5296976.0,180111.97872434804,5,169503232.0,ok,0,15,32
vco_current_max,6,15,4,0.7,0.6999744,1.372025e-10,2713300.6,34651.527654635946,5,86825619.2,ok,0,15,32
vco_current_max,6,15,4,0.75,0.7499762,2.300572e-10,2254544.0,5869.5534753505735,5,72145408.0,ok,0,15,32
vco_current_max,6,15,5,0.0,-1.232402e-06,-1.930433e-09,2486880.0,350.017856687341,5,1591603200.0,ok,5,9,640
vco_current_max,6,15,5,0.05,0.04999483,-1.331321e-09,2486283.4,399.83471585143775,5,1591221376.0,ok,5,9,640
vco_current_max,6,15,5,0.1,0.09998657,-7.500142e-10,2486375.4,333.3066155959104,5,1591280256.0,ok,5,9,640
vco_current_max,6,15,5,0.15,0.1499881,-6.393501e-10,2485840.8,44.913249715423625,5,1590938112.0,ok,5,9,640
vco_current_max,6,15,5,0.2,0.1999846,-4.555455e-10,2484820.0,0.0,5,1590284800.0,ok,5,9,640
vco_current_max,6,15,5,0.25,0.2499779,-3.162611e-10,2483422.2,229.10848958517445,5,1589390208.0,ok,5,9,640
vco_current_max,6,15,5,0.3,0.2999631,-2.195895e-10,2481246.6,389.4114790295735,5,1587997824.0,ok,5,9,640
vco_current_max,6,15,5,0.35,0.3500006,-1.75706e-10,2477782.4,439.1637507809587,5,1585780736.0,ok,5,9,640
vco_current_max,6,15,5,0.4,0.3999859,-2.815567e-11,2468987.2,267.28860806252106,5,1580151808.0,ok,5,9,640
vco_current_max,6,15,5,0.45,0.4499785,4.916123e-12,2443045.2,1213.546538044586,5,1563548928.0,ok,5,9,640
vco_current_max,6,15,5,0.5,0.4999751,3.289971e-11,2283741.0,7371.46623813743,5,1461594240.0,ok,5,9,640
vco_current_max,6,15,5,0.55,0.549971,-6.695117e-11,4872646.0,25497.256322985028,5,896566864.0,ok,0,91,184
vco_current_max,6,15,5,0.6,0.5999663,-1.012948e-10,2034598.4,35403.77568565251,5,374366105.59999996,ok,0,91,184
vco_current_max,6,15,5,0.65,0.6499864,-7.013115e-11,5243366.0,91349.35949419679,5,146814248.0,ok,0,13,28
vco_current_max,6,15,5,0.7,0.6999734,8.095774e-12,2989356.4,9549.215402324948,5,83701979.2,ok,0,13,28
vco_current_max,6,15,5,0.75,0.7499762,1.556463e-10,2578852.8,6519.121505233662,5,72207878.39999999,ok,0,13,28
vco_current_max,6,15,6,0.0,-1.575376e-06,-1.86747e-09,2467336.8,266.7408855050159,5,1579095552.0,ok,5,9,640
vco_current_max,6,15,6,0.05,0.04999552,-1.062292e-09,2467142.0,344.36100243784864,5,1578970880.0,ok,5,9,640
vco_current_max,6,15,6,0.1,0.09998667,-8.55591e-10,2466460.2,266.7408855050159,5,1578534528.0,ok,5,9,640
vco_current_max,6,15,6,0.15,0.1499876,-6.164542e-10,2465616.0,308.577380894971,5,1577994240.0,ok,5,9,640
vco_current_max,6,15,6,0.2,0.1999851,-4.428254e-10,2464603.2,406.61677289556076,5,1577346048.0,ok,5,9,640
vco_current_max,6,15,6,0.25,0.249978,-3.461532e-10,2463252.4,385.59668048363693,5,1576481536.0,ok,5,9,640
vco_current_max,6,15,6,0.3,0.2999636,-1.082906e-10,2460556.0,499.1332487422572,5,1574755840.0,ok,5,9,640
vco_current_max,6,15,6,0.35,0.3500007,-9.938675e-11,2455958.4,216.00416662647967,5,1571813376.0,ok,5,9,640
vco_current_max,6,15,6,0.4,0.3999863,-7.649105e-11,2445774.0,0.0,5,1565295360.0,ok,5,9,640
vco_current_max,6,15,6,0.45,0.449979,-5.895812e-12,2410463.8,1105.5680440389003,5,1542696832.0,ok,5,9,640
vco_current_max,6,15,6,0.5,0.4999747,6.188078e-12,2184020.0,7148.525582244216,5,1397772800.0,ok,5,9,640
vco_current_max,6,15,6,0.55,0.5499701,2.017972e-11,4901518.0,30493.252040410516,5,852864132.0,ok,0,86,174
vco_current_max,6,15,6,0.6,0.5999661,2.59949e-10,2113287.8,20977.23051787342,5,367712077.2,ok,0,86,174
vco_current_max,6,15,6,0.65,0.6499876,-5.895923e-12,5225406.0,54371.406364007176,5,146311368.0,ok,0,13,28
vco_current_max,6,15,6,0.7,0.6999742,1.435624e-10,3019901.4,11021.763098524663,5,84557239.2,ok,0,13,28
vco_current_max,6,15,6,0.75,0.7499759,1.72182e-10,2582957.0,7645.04028766363,5,72322796.0,ok,0,13,28
vco_current_max,6,15,7,0.0,-1.689754e-06,-1.949515e-09,2442240.0,337.28993462598316,5,1563033600.0,ok,5,9,640
vco_current_max,6,15,7,0.05,0.0499946,-1.461065e-09,2441667.6,213.32088505347994,5,1562667264.0,ok,5,9,640
vco_current_max,6,15,7,0.1,0.09998616,-8.320586e-10,2441190.6,213.32088505347994,5,1562361984.0,ok,5,9,640
vco_current_max,6,15,7,0.15,0.1499882,-7.385663e-10,2440332.0,0.0,5,1561812480.0,ok,5,9,640
vco_current_max,6,15,7,0.2,0.199985,-5.356817e-10,2439214.4,260.71593737245905,5,1561097216.0,ok,5,9,640
vco_current_max,6,15,7,0.25,0.2499782,-2.971811e-10,2437415.0,260.1682148149539,5,1559945600.0,ok,5,9,640
vco_current_max,6,15,7,0.3,0.2999644,-2.418493e-10,2434179.6,423.9584885339601,5,1557874944.0,ok,5,9,640
vco_current_max,6,15,7,0.35,0.3500018,-1.998737e-10,2427779.2,422.1696341519603,5,1553778688.0,ok,5,9,640
vco_current_max,6,15,7,0.4,0.3999865,7.996306e-11,2412755.6,398.96716656887946,5,1544163584.0,ok,5,9,640
vco_current_max,6,15,7,0.45,0.4499795,1.613704e-10,2358056.4,2737.91175898713,5,1509156096.0,ok,5,9,640
vco_current_max,6,15,7,0.5,0.4999755,4.689168e-11,4851638.0,41369.21222358482,5,1242019328.0,ok,1,63,256
vco_current_max,6,15,7,0.55,0.5499712,2.841169e-10,2764304.6,48314.6442685859,5,707661977.6,ok,1,63,256
vco_current_max,6,15,7,0.6,0.5999668,2.052537e-10,5192142.0,120645.88190236747,5,301144236.0,ok,0,28,58
vco_current_max,6,15,7,0.65,0.6499872,-8.285103e-11,2122363.8,14075.810818563881,5,123097100.39999999,ok,0,28,58
vco_current_max,6,15,7,0.7,0.6999732,1.543743e-10,5143424.0,15337.914786567306,5,82294784.0,ok,0,7,16
vco_current_max,6,15,7,0.75,0.7499757,-2.815584e-11,4502318.0,8668.028610935708,5,72037088.0,ok,0,7,16
vco_current_max,6,15,8,0.0,-1.91851e-06,-1.780974e-09,2454633.2,431.1139060619594,5,1570965248.0,ok,5,9,640
vco_current_max,6,15,8,0.05,0.04999575,-8.64495e-10,2454151.2,431.1139060619595,5,1570656768.0,ok,5,9,640
vco_current_max,6,15,8,0.1,0.0999872,-9.09651e-10,2453862.0,482.0,5,1570471680.0,ok,5,9,640
vco_current_max,6,15,8,0.15,0.149988,-4.778056e-10,2453738.8,357.02268835467584,5,1570392832.0,ok,5,9,640
vco_current_max,6,15,8,0.2,0.1999851,-6.170899e-10,2453364.4,311.4109824652946,5,1570153216.0,ok,5,9,640
vco_current_max,6,15,8,0.25,0.2499784,-1.470863e-10,2452771.2,481.1493531119002,5,1569773568.0,ok,5,9,640
vco_current_max,6,15,8,0.3,0.2999636,-1.540822e-10,2450765.2,500.07069500221667,5,1568489728.0,ok,5,9,640
vco_current_max,6,15,8,0.35,0.3500002,1.410187e-10,2448576.0,214.66252583997982,5,1567088640.0,ok,5,9,640
vco_current_max,6,15,8,0.4,0.3999863,-4.151149e-11,2442055.0,430.17322092385064,5,1562915200.0,ok,5,9,640
vco_current_max,6,15,8,0.45,0.4499786,2.844763e-11,2420694.4,917.6419781156484,5,1549244416.0,ok,5,9,640
vco_current_max,6,15,8,0.5,0.499975,6.188022e-12,2295163.4,5790.2803731771055,5,1468904576.0,ok,5,9,640
vco_current_max,6,15,8,0.55,0.5499704,9.522705e-11,4864954.0,68422.35000348935,5,992450616.0,ok,0,101,204
vco_current_max,6,15,8,0.6,0.5999648,-7.521918e-11,2156756.6,45413.4486226272,5,439978346.40000004,ok,0,101,204
vco_current_max,6,15,8,0.65,0.6499882,1.168508e-10,5259288.0,53004.936751212146,5,168297216.0,ok,0,15,32
vco_current_max,6,15,8,0.7,0.6999737,2.103415e-10,2702505.6,22037.24788398043,5,86480179.2,ok,0,15,32
vco_current_max,6,15,8,0.75,0.7499766,5.3279e-10,2253399.0,4534.7897415426,5,72108768.0,ok,0,15,32
vco_current_max,6,15,9,0.0,-7.747876e-07,-1.889094e-09,2422007.8,390.00538457821324,5,1550084992.0,ok,5,9,640
vco_current_max,6,15,9,0.05,0.04999585,-1.158328e-09,2421822.2,209.74317628948026,5,1549966208.0,ok,5,9,640
vco_current_max,6,15,9,0.1,0.09998696,-6.679701e-10,2421353.2,392.39355244448143,5,1549666048.0,ok,5,9,640
vco_current_max,6,15,9,0.15,0.1499884,-6.02462e-10,2420884.2,392.39355244448143,5,1549365888.0,ok,5,9,640
vco_current_max,6,15,9,0.2,0.1999864,-2.456652e-10,2420509.0,331.6330803764908,5,1549125760.0,ok,5,9,640
vco_current_max,6,15,9,0.25,0.2499785,-3.175331e-10,2418655.2,338.19994086338926,5,1547939328.0,ok,5,9,640
vco_current_max,6,15,9,0.3,0.2999648,2.14519e-11,2417115.6,404.52972696700544,5,1546953984.0,ok,5,9,640
vco_current_max,6,15,9,0.35,0.3500018,-6.695128e-11,2413600.4,416.80307100596076,5,1544704256.0,ok,5,9,640
vco_current_max,6,15,9,0.4,0.3999861,-1.432703e-10,2404800.2,849.2253528952135,5,1539072128.0,ok,5,9,640
vco_current_max,6,15,9,0.45,0.4499796,-1.553543e-10,2372795.2,832.3347884114901,5,1518588928.0,ok,5,9,640
vco_current_max,6,15,9,0.5,0.4999751,9.649881e-11,2163074.8,7958.089513193478,5,1384367872.0,ok,5,9,640
vco_current_max,6,15,9,0.55,0.5499713,-3.578776e-11,4856634.0,34954.4350547967,5,864480852.0,ok,0,88,178
vco_current_max,6,15,9,0.6,0.5999669,1.594622e-10,2112148.6,16625.204158144945,5,375962450.8,ok,0,88,178
vco_current_max,6,15,9,0.65,0.6499861,2.370533e-10,218406.64,1844.884505328187,5,nan,unverified,5,9,640
vco_current_max,6,15,9,0.7,0.699974,1.594621e-10,5307210.0,33937.393830404835,5,84915360.0,ok,0,7,16
vco_current_max,6,15,9,0.75,0.7499763,5.359696e-10,4525448.0,4805.863085856691,5,72407168.0,ok,0,7,16
vco_current_max,6,15,10,0.0,-1.003587e-06,-1.822313e-09,2365440.0,548.6857023834319,5,1513881600.0,ok,5,9,640
vco_current_max,6,15,10,0.05,0.04999515,-1.120168e-09,2364864.6,556.0627662413659,5,1513513344.0,ok,5,9,640
vco_current_max,6,15,10,0.1,0.09998732,-5.382258e-10,2364691.2,365.4281051041367,5,1513402368.0,ok,5,9,640
vco_current_max,6,15,10,0.15,0.149988,-4.364655e-10,2364076.6,547.1067537510389,5,1513009024.0,ok,5,9,640
vco_current_max,6,15,10,0.2,0.1999851,-3.347052e-10,2363444.8,1004.8605375871817,5,1512604672.0,ok,5,9,640
vco_current_max,6,15,10,0.25,0.2499785,-4.787129e-11,2362422.2,413.2798083623249,5,1511950208.0,ok,5,9,640
vco_current_max,6,15,10,0.3,0.2999645,-4.479135e-10,2360152.8,468.1123796696686,5,1510497792.0,ok,5,9,640
vco_current_max,6,15,10,0.35,0.3500012,-3.029051e-10,2355420.0,313.9554108468271,5,1507468800.0,ok,5,9,640
vco_current_max,6,15,10,0.4,0.3999866,1.378387e-10,2342863.8,735.8540616181988,5,1499432832.0,ok,5,9,640
vco_current_max,6,15,10,0.45,0.4499797,-7.20391e-11,2294214.4,4005.2970926012467,5,1468297216.0,ok,5,9,640
vco_current_max,6,15,10,0.5,0.4999764,-1.369104e-10,2014142.4,14271.932500541054,5,1289051136.0,ok,5,9,640
vco_current_max,6,15,10,0.55,0.5499711,-1.343665e-10,4888618.0,37976.063118759426,5,811510588.0,ok,0,82,166
vco_current_max,6,15,10,0.6,0.5999657,9.586298e-11,2224378.0,52268.28629293293,5,369246748.0,ok,0,82,166
vco_current_max,6,15,10,0.65,0.6499867,-1.979658e-10,5286118.0,53706.584047023505,5,148011304.0,ok,0,13,28
vco_current_max,6,15,10,0.7,0.6999751,4.915929e-12,3004684.4,30430.49074201729,5,84131163.2,ok,0,13,28
vco_current_max,6,15,10,0.75,0.7499766,3.642519e-10,2569114.4,4071.805348982193,5,71935203.2,ok,0,13,28
vco_current_max,6,15,11,0.0,-8.891511e-07,-1.616885e-09,2275902.4,391.1908741266851,5,1456577536.0,ok,5,9,640
vco_current_max,6,15,11,0.05,0.04999584,-1.311604e-09,2276192.0,347.21391101164136,5,1456762880.0,ok,5,9,640
vco_current_max,6,15,11,0.1,0.09998753,-9.42723e-10,2274971.4,930.3492892457112,5,1455981696.0,ok,5,9,640
vco_current_max,6,15,11,0.15,0.1499886,-6.209058e-10,2274516.0,654.5914756548545,5,1455690240.0,ok,5,9,640
vco_current_max,6,15,11,0.2,0.1999848,-1.547182e-10,2273118.8,742.9163479154298,5,1454796032.0,ok,5,9,640
vco_current_max,6,15,11,0.25,0.2499789,-4.720815e-10,2272271.0,704.3869675114667,5,1454253440.0,ok,5,9,640
vco_current_max,6,15,11,0.3,0.2999638,-9.302686e-11,2268801.6,737.0080053839307,5,1452033024.0,ok,5,9,640
vco_current_max,6,15,11,0.35,0.35,2.371991e-12,2261606.4,620.2792113234168,5,1447428096.0,ok,5,9,640
vco_current_max,6,15,11,0.4,0.3999872,-7.07671e-11,2239894.8,865.34195552972,5,1433532672.0,ok,5,9,640
vco_current_max,6,15,11,0.45,0.4499792,7.360323e-11,2141230.0,1079.076456976057,5,1370387200.0,ok,5,9,640
vco_current_max,6,15,11,0.5,0.4999752,-9.07599e-12,4900058.0,46519.27686454294,5,1087812876.0,ok,0,110,222
vco_current_max,6,15,11,0.55,0.5499711,9.713483e-11,2971939.6,25935.386546184345,5,659770591.2,ok,0,110,222
vco_current_max,6,15,11,0.6,0.599966,-1.610782e-10,5075604.0,38325.40776038788,5,294385032.0,ok,0,28,58
vco_current_max,6,15,11,0.65,0.6499869,-1.797987e-11,2126627.4,23586.007765198414,5,123344389.19999999,ok,0,28,58
vco_current_max,6,15,11,0.7,0.6999744,-1.922418e-10,5154492.0,15740.720123298044,5,82471872.0,ok,0,7,16
vco_current_max,6,15,11,0.75,0.7499762,2.733047e-10,4505166.0,15186.384691558422,5,72082656.0,ok,0,7,16
vco_current_max,6,15,12,0.0,-1.117893e-06,-1.354217e-09,2107791.8,1447.9815951869002,5,1348986752.0,ok,5,9,640
vco_current_max,6,15,12,0.05,0.04999561,-1.123348e-09,2107851.4,793.8997417810388,5,1349024896.0,ok,5,9,640
vco_current_max,6,15,12,0.1,0.09998765,-8.778508e-10,2106215.0,832.5487973686587,5,1347977600.0,ok,5,9,640
vco_current_max,6,15,12,0.15,0.1499897,-3.588732e-10,2105948.8,1023.4499010699058,5,1347807232.0,ok,5,9,640
vco_current_max,6,15,12,0.2,0.1999843,-5.274137e-10,2105186.8,1396.3859423526148,5,1347319552.0,ok,5,9,640
vco_current_max,6,15,12,0.25,0.2499784,-7.649097e-11,2105132.8,724.2801253658697,5,1347284992.0,ok,5,9,640
vco_current_max,6,15,12,0.3,0.2999641,1.575544e-10,2105802.0,1394.373694530989,5,1347713280.0,ok,5,9,640
vco_current_max,6,15,12,0.35,0.3500014,-2.450292e-10,2100138.2,812.6670289854264,5,1344088448.0,ok,5,9,640
vco_current_max,6,15,12,0.4,0.3999852,-1.585342e-10,2085912.0,1127.6488815229677,5,1334983680.0,ok,5,9,640
vco_current_max,6,15,12,0.45,0.4499794,-5.359532e-11,2016941.6,2073.097272199257,5,1290842624.0,ok,5,9,640
vco_current_max,6,15,12,0.5,0.4999744,-6.05913e-11,4922376.0,37164.46326801989,5,1112456976.0,ok,0,112,226
vco_current_max,6,15,12,0.55,0.5499706,4.816345e-11,3373644.6,48648.42006478731,5,762443679.6,ok,0,112,226
vco_current_max,6,15,12,0.6,0.5999655,2.908357e-11,5076372.0,33119.50890336389,5,365498784.0,ok,0,35,72
vco_current_max,6,15,12,0.65,0.6499857,1.174866e-10,5270688.0,57900.12409313127,5,147579264.0,ok,0,13,28
vco_current_max,6,15,12,0.7,0.6999744,3.101924e-10,3008935.2,18420.284408770673,5,84250185.60000001,ok,0,13,28
vco_current_max,6,15,12,0.75,0.7499756,4.367543e-10,2575985.6,2014.3611394186496,5,72127596.8,ok,0,13,28
vco_current_max,6,15,13,0.0,-1.003558e-06,-1.864926e-09,5021856.0,2190.45200814809,5,1155026880.0,ok,0,114,230
vco_current_max,6,15,13,0.05,0.04999516,-1.282984e-09,5019008.0,2493.0944627109498,5,1154371840.0,ok,0,114,230
vco_current_max,6,15,13,0.1,0.0999864,-8.77851e-10,5016408.0,4423.682854816787,5,1153773840.0,ok,0,114,230
vco_current_max,6,15,13,0.15,0.149988,-6.145459e-10,5016444.0,7646.128432089014,5,1153782120.0,ok,0,114,230
vco_current_max,6,15,13,0.2,0.1999848,-2.78101e-10,5013888.0,3545.9441619969143,5,1153194240.0,ok,0,114,230
vco_current_max,6,15,13,0.25,0.2499784,-2.95909e-10,5011332.0,3595.5973078196616,5,1152606360.0,ok,0,114,230
vco_current_max,6,15,13,0.3,0.2999645,-2.64109e-10,5005350.0,4791.883763197935,5,1151230500.0,ok,0,114,230
vco_current_max,6,15,13,0.35,0.3500016,-1.884258e-10,4984044.0,4207.770193344689,5,1146330120.0,ok,0,114,230
vco_current_max,6,15,13,0.4,0.3999866,9.268311e-11,4905882.0,3264.2181299661947,5,1128352860.0,ok,0,114,230
vco_current_max,6,15,13,0.45,0.4499809,1.95714e-10,4647692.0,7216.139549648413,5,1068969160.0,ok,0,114,230
vco_current_max,6,15,13,0.5,0.4999755,1.954387e-11,3931536.0,12230.13818401084,5,904253280.0,ok,0,114,230
vco_current_max,6,15,13,0.55,0.5499713,-1.642581e-10,2569753.6,13797.183111055678,5,591043328.0,ok,0,114,230
vco_current_max,6,15,13,0.6,0.5999658,-3.792252e-10,5298226.0,124850.98589919104,5,286104204.0,ok,0,26,54
vco_current_max,6,15,13,0.65,0.6499866,2.57405e-10,2275213.6,23612.808267971854,5,122861534.4,ok,0,26,54
vco_current_max,6,15,13,0.7,0.6999745,2.554969e-10,5177206.0,6375.937578113512,5,82835296.0,ok,0,7,16
vco_current_max,6,15,13,0.75,0.7499759,1.041308e-10,4515298.0,17191.364692775267,5,72244768.0,ok,0,7,16
vco_current_max,6,15,14,0.0,-1.117936e-06,-1.513853e-09,5030024.0,4324.156565158112,5,834983984.0,ok,0,82,166
vco_current_max,6,15,14,0.05,0.04999504,-1.113172e-09,5036910.0,5196.542119525252,5,836127060.0,ok,0,82,166
vco_current_max,6,15,14,0.1,0.09998738,-8.237905e-10,5034806.0,5447.061593189488,5,835777796.0,ok,0,82,166
vco_current_max,6,15,14,0.15,0.1499892,-4.752616e-10,5031798.0,6665.42721811588,5,835278468.0,ok,0,82,166
vco_current_max,6,15,14,0.2,0.1999849,-4.619055e-10,5029162.0,4588.651217950652,5,834840892.0,ok,0,82,166
vco_current_max,6,15,14,0.25,0.2499789,-3.455172e-10,5031862.0,4842.28974762973,5,835289092.0,ok,0,82,166
vco_current_max,6,15,14,0.3,0.2999637,-2.075056e-10,5010798.0,6010.475854705682,5,831792468.0,ok,0,82,166
vco_current_max,6,15,14,0.35,0.3500011,-2.202255e-10,4973078.0,6114.852410320302,5,825530948.0,ok,0,82,166
vco_current_max,6,15,14,0.4,0.3999863,-4.469149e-11,4908674.0,4994.920419786486,5,814839884.0,ok,0,82,166
vco_current_max,6,15,14,0.45,0.4499796,-8.539502e-11,4744912.0,11523.91296391985,5,787655392.0,ok,0,82,166
vco_current_max,6,15,14,0.5,0.499975,1.130348e-10,4278284.0,18979.429127347325,5,710195144.0,ok,0,82,166
vco_current_max,6,15,14,0.55,0.5499701,-1.76342e-10,3145723.0,11495.765089805898,5,522190018.0,ok,0,82,166
vco_current_max,6,15,14,0.6,0.5999663,1.073108e-10,5041972.0,138343.2178315945,5,272266488.0,ok,0,26,54
vco_current_max,6,15,14,0.65,0.6499872,1.346584e-10,2273403.4,33291.40661341902,5,122763783.6,ok,0,26,54
vco_current_max,6,15,14,0.7,0.6999749,-1.553543e-10,5161460.0,15891.068246030536,5,82583360.0,ok,0,7,16
vco_current_max,6,15,14,0.75,0.7499762,3.36268e-10,4520286.0,17111.133217878938,5,72324576.0,ok,0,7,16
vco_current_max,6,15,15,0.0,-8.891366e-07,-1.591445e-09,5021578.0,5364.207303973253,5,421812552.0,ok,0,41,84
vco_current_max,6,15,15,0.05,0.04999596,-1.095364e-09,5022494.0,5687.335052553172,5,421889496.0,ok,0,41,84
vco_current_max,6,15,15,0.1,0.09998715,-8.714905e-10,5024926.0,8470.016528909491,5,422093784.0,ok,0,41,84
vco_current_max,6,15,15,0.15,0.1499894,-4.809856e-10,5010126.0,1797.7986539098308,5,420850584.0,ok,0,41,84
vco_current_max,6,15,15,0.2,0.1999853,-7.932621e-10,4998848.0,4869.1190168242965,5,419903232.0,ok,0,41,84
vco_current_max,6,15,15,0.25,0.2499781,-3.200771e-10,4977300.0,11170.70275318433,5,418093200.0,ok,0,41,84
vco_current_max,6,15,15,0.3,0.2999639,-2.80009e-10,4958182.0,3464.3354341056524,5,416487288.0,ok,0,41,84
vco_current_max,6,15,15,0.35,0.3500017,-2.342173e-10,4904952.0,6966.560844491348,5,412015968.0,ok,0,41,84
vco_current_max,6,15,15,0.4,0.3999856,1.244826e-10,4844968.0,5996.162939747384,5,406977312.0,ok,0,41,84
vco_current_max,6,15,15,0.45,0.4499794,-1.267345e-10,4723864.0,6882.625225885832,5,396804576.0,ok,0,41,84
vco_current_max,6,15,15,0.5,0.4999759,-1.121067e-10,4377084.0,4875.964519969357,5,367675056.0,ok,0,41,84
vco_current_max,6,15,15,0.55,0.5499709,8.441506e-11,3456278.4,22315.45897578627,5,290327385.59999996,ok,0,41,84
vco_current_max,6,15,15,0.6,0.5999672,6.851517e-11,2062075.6,26307.833715454413,5,173214350.4,ok,0,41,84
vco_current_max,6,15,15,0.65,0.6499872,-1.286426e-10,5167760.0,27564.51613941373,5,103355200.0,ok,0,9,20
vco_current_max,6,15,15,0.7,0.6999736,8.731849e-12,3976462.0,5278.922238487701,5,79529240.0,ok,0,9,20
vco_current_max,6,15,15,0.75,0.7499768,5.505979e-10,3599067.2,5269.545255522529,5,71981344.0,ok,0,9,20
vco_current_min,6,0,0,0.0,-1.117936e-06,-1.866198e-09,2567405.2,354.37649470584245,5,1643139328.0,ok,5,9,640
vco_current_min,6,0,0,0.05,0.04999677,-1.417817e-09,2567657.8,446.6186292576699,5,1643300992.0,ok,5,9,640
vco_current_min,6,0,0,0.1,0.09998742,-9.999632e-10,2567640.2,416.70157187128535,5,1643289728.0,ok,5,9,640
vco_current_min,6,0,0,0.15,0.1499888,-7.423823e-10,2566911.6,235.68156482847783,5,1642823424.0,ok,5,9,640
vco_current_min,6,0,0,0.2,0.1999844,-2.539332e-10,2566911.6,235.68156482847783,5,1642823424.0,ok,5,9,640
vco_current_min,6,0,0,0.25,0.249979,-1.648941e-10,2567041.0,416.3706281667812,5,1642906240.0,ok,5,9,640
vco_current_min,6,0,0,0.3,0.2999636,-2.76829e-10,2566595.4,235.68156482847783,5,1642621056.0,ok,5,9,640
vco_current_min,6,0,0,0.35,0.3500017,-7.903503e-11,2565752.2,288.64978780522256,5,1642081408.0,ok,5,9,640
vco_current_min,6,0,0,0.4,0.3999862,4.371153e-11,2564460.4,288.1020652477174,5,1641254656.0,ok,5,9,640
vco_current_min,6,0,0,0.45,0.4499789,2.399569e-11,2560819.0,227.33235581412515,5,1638924160.0,ok,5,9,640
vco_current_min,6,0,0,0.5,0.4999752,-7.013123e-11,2549768.0,284.81572990268637,5,1631851520.0,ok,5,9,640
vco_current_min,6,0,0,0.55,0.5499713,2.434132e-10,2517819.0,1302.6409712580055,5,1611404160.0,ok,5,9,640
vco_current_min,6,0,0,0.6,0.599965,-2.062337e-10,2474987.4,1520.4893291305928,5,1583991936.0,ok,5,9,640
vco_current_min,6,0,0,0.65,0.6499879,1.435622e-10,2453669.2,264.0022727174901,5,1570348288.0,ok,5,9,640
vco_current_min,6,0,0,0.7,0.6999744,2.809366e-10,2449440.0,339.4112549695428,5,1567641600.0,ok,5,9,640
vco_current_min,6,0,0,0.75,0.7499771,3.807876e-10,2448672.0,429.32505167995964,5,1567150080.0,ok,5,9,640
vco_current_min,6,1,0,0.0,-2.147295e-06,-2.086255e-09,2567534.6,289.3471962884728,5,1643222144.0,ok,5,9,640
vco_current_min,6,1,0,0.05,0.04999572,-1.517669e-09,2566911.6,235.68156482847783,5,1642823424.0,ok,5,9,640
vco_current_min,6,1,0,0.1,0.09998696,-9.42087e-10,2567017.0,0.0,5,1642890880.0,ok,5,9,640
vco_current_min,6,1,0,0.15,0.1499878,-6.889582e-10,2566700.8,288.64978780522256,5,1642688512.0,ok,5,9,640
vco_current_min,6,1,0,0.2,0.1999851,-5.070615e-10,2566490.0,372.64527368531054,5,1642553600.0,ok,5,9,640
vco_current_min,6,1,0,0.25,0.2499778,-2.997251e-10,2565541.4,235.68156482847783,5,1641946496.0,ok,5,9,640
vco_current_min,6,1,0,0.3,0.2999638,-2.545691e-10,2565646.8,288.64978780522256,5,1642013952.0,ok,5,9,640
vco_current_min,6,1,0,0.35,0.3500008,-1.846099e-10,2565010.8,308.3159094175972,5,1641606912.0,ok,5,9,640
vco_current_min,6,1,0,0.4,0.3999856,-2.011458e-10,2564250.0,0.0,5,1641120000.0,ok,5,9,640
vco_current_min,6,1,0,0.45,0.4499795,-4.659942e-11,2560530.0,234.7871376374779,5,1638739200.0,ok,5,9,640
vco_current_min,6,1,0,0.5,0.4999761,-6.758716e-11,2549456.0,435.0632137977193,5,1631651840.0,ok,5,9,640
vco_current_min,6,1,0,0.55,0.5499699,-1.706181e-10,2517143.6,553.2732597912175,5,1610971904.0,ok,5,9,640
vco_current_min,6,1,0,0.6,0.5999659,1.550103e-10,2471797.2,874.7497927979177,5,1581950208.0,ok,5,9,640
vco_current_min,6,1,0,0.65,0.6499857,1.855377e-10,2450614.6,776.6529469460604,5,1568393344.0,ok,5,9,640
vco_current_min,6,1,0,0.7,0.6999745,-3.197173e-11,2445931.2,708.1276014956626,5,1565395968.0,ok,5,9,640
vco_current_min,6,1,0,0.75,0.7499768,2.389613e-10,2445710.4,535.3146738134496,5,1565254656.0,ok,5,9,640
vco_current_min,6,2,0,0.0,-1.003486e-06,-1.73709e-09,2565752.2,288.64978780522256,5,1642081408.0,ok,5,9,640
vco_current_min,6,2,0,0.05,0.04999471,-1.149424e-09,2565436.0,372.64527368531054,5,1641879040.0,ok,5,9,640
vco_current_min,6,2,0,0.1,0.09998786,-9.230068e-10,2565436.0,372.64527368531054,5,1641879040.0,ok,5,9,640
vco_current_min,6,2,0,0.15,0.1499885,-6.762382e-10,2565119.8,288.64978780522256,5,1641676672.0,ok,5,9,640
vco_current_min,6,2,0,0.2,0.1999859,-4.752616e-10,2565436.0,0.0,5,1641879040.0,ok,5,9,640
vco_current_min,6,2,0,0.25,0.2499794,-3.849493e-10,2565378.6,264.7901055553247,5,1641842304.0,ok,5,9,640
vco_current_min,6,2,0,0.3,0.2999639,-4.701736e-10,2564836.2,134.61129224548733,5,1641495168.0,ok,5,9,640
vco_current_min,6,2,0,0.35,0.3500011,-2.011457e-10,2563934.4,288.1020652477174,5,1640918016.0,ok,5,9,640
vco_current_min,6,2,0,0.4,0.3999863,-1.617141e-10,2562420.0,234.7871376374779,5,1639948800.0,ok,5,9,640
vco_current_min,6,2,0,0.45,0.4499796,6.787934e-11,2558587.2,438.4098539038556,5,1637495808.0,ok,5,9,640
vco_current_min,6,2,0,0.5,0.4999757,-9.302689e-11,2546733.0,366.9884194358182,5,1629909120.0,ok,5,9,640
vco_current_min,6,2,0,0.55,0.5499709,-1.273706e-10,2510397.0,677.1225886056379,5,1606654080.0,ok,5,9,640
vco_current_min,6,2,0,0.6,0.5999662,5.515929e-11,2458765.2,2105.231269955869,5,1573609728.0,ok,5,9,640
vco_current_min,6,2,0,0.65,0.6499881,7.233128e-11,2433783.0,886.102702851086,5,1557621120.0,ok,5,9,640
vco_current_min,6,2,0,0.7,0.6999744,5.515929e-11,2427873.6,615.41270705113,5,1553839104.0,ok,5,9,640
vco_current_min,6,2,0,0.75,0.7499769,1.957137e-10,2427047.8,452.07986020171256,5,1553310592.0,ok,5,9,640
vco_current_min,6,3,0,0.0,-1.57539e-06,-1.830582e-09,2565225.2,471.36312965695566,5,1641744128.0,ok,5,9,640
vco_current_min,6,3,0,0.05,0.04999549,-1.543109e-09,2565691.6,240.45020274476792,5,1642042624.0,ok,5,9,640
vco_current_min,6,3,0,0.1,0.099988,-1.256908e-09,2564987.8,257.0850053970476,5,1641592192.0,ok,5,9,640
vco_current_min,6,3,0,0.15,0.1499884,-3.417012e-10,2565185.4,309.4903875728615,5,1641718656.0,ok,5,9,640
vco_current_min,6,3,0,0.2,0.1999861,-7.322063e-10,2564882.4,59.4794082014944,5,1641524736.0,ok,5,9,640
vco_current_min,6,3,0,0.25,0.2499774,-6.60974e-10,2564675.8,297.9785227159837,5,1641392512.0,ok,5,9,640
vco_current_min,6,3,0,0.3,0.2999639,-6.65426e-10,2564327.6,410.4227089233733,5,1641169664.0,ok,5,9,640
vco_current_min,6,3,0,0.35,0.3500022,4.087717e-10,2563724.0,0.0,5,1640783360.0,ok,5,9,640
vco_current_min,6,3,0,0.4,0.3999862,1.130348e-10,2562000.0,371.23106012293744,5,1639680000.0,ok,5,9,640
vco_current_min,6,3,0,0.45,0.4499798,2.167016e-10,2557923.4,264.54356919040765,5,1637070976.0,ok,5,9,640
vco_current_min,6,3,0,0.5,0.4999754,-3.588732e-10,2546110.2,434.2265537711852,5,1629510528.0,ok,5,9,640
vco_current_min,6,3,0,0.55,0.5499703,-3.219851e-10,2508430.2,1306.894486942232,5,1605395328.0,ok,5,9,640
vco_current_min,6,3,0,0.6,0.5999658,-2.157736e-10,2454879.0,700.1864037526008,5,1571122560.0,ok,5,9,640
vco_current_min,6,3,0,0.65,0.649986,-3.779532e-10,2429507.4,287.4261644318415,5,1554884736.0,ok,5,9,640
vco_current_min,6,3,0,0.7,0.6999741,-1.744341e-10,2423978.0,712.7902917408458,5,1551345920.0,ok,5,9,640
vco_current_min,6,3,0,0.75,0.7499764,3.26092e-10,2422502.4,960.7313880580774,5,1550401536.0,ok,5,9,640
vco_current_min,6,4,0,0.0,-1.689812e-06,-2.202007e-09,2564250.0,0.0,5,1641120000.0,ok,5,9,640
vco_current_min,6,4,0,0.05,0.04999401,-1.349128e-09,2563829.2,235.23435123297787,5,1640850688.0,ok,5,9,640
vco_current_min,6,4,0,0.1,0.09998662,-1.164052e-09,2563724.0,0.0,5,1640783360.0,ok,5,9,640
vco_current_min,6,4,0,0.15,0.1499874,-4.402814e-10,2563829.2,576.2041304954348,5,1640850688.0,ok,5,9,640
vco_current_min,6,4,0,0.2,0.1999835,-6.546142e-10,2563618.8,235.23435123297787,5,1640716032.0,ok,5,9,640
vco_current_min,6,4,0,0.25,0.2499774,-1.7825e-10,2563303.2,235.23435123297787,5,1640514048.0,ok,5,9,640
vco_current_min,6,4,0,0.3,0.2999625,-9.938682e-11,2562928.8,368.61728120097683,5,1640274432.0,ok,5,9,640
vco_current_min,6,4,0,0.35,0.3499998,1.954381e-11,2562210.0,287.5543426902122,5,1639814400.0,ok,5,9,640
vco_current_min,6,4,0,0.4,0.3999861,2.554973e-10,2560151.0,375.1899518910388,5,1638496640.0,ok,5,9,640
vco_current_min,6,4,0,0.45,0.4499798,1.382003e-11,2556072.6,542.8800972590541,5,1635886464.0,ok,5,9,640
vco_current_min,6,4,0,0.5,0.4999751,-6.631519e-11,2542967.0,594.3298747328793,5,1627498880.0,ok,5,9,640
vco_current_min,6,4,0,0.55,0.5499713,-1.426344e-10,2501191.6,1340.4524609250416,5,1600762624.0,ok,5,9,640
vco_current_min,6,4,0,0.6,0.5999667,2.720329e-10,2439833.2,1133.314916517029,5,1561493248.0,ok,5,9,640
vco_current_min,6,4,0,0.65,0.6499867,-1.80158e-10,2409304.8,296.86562616780003,5,1541955072.0,ok,5,9,640
vco_current_min,6,4,0,0.7,0.6999742,3.019244e-10,2402677.2,253.04782156738676,5,1537713408.0,ok,5,9,640
vco_current_min,6,4,0,0.75,0.7499757,1.62006e-10,2402005.0,542.7365843574579,5,1537283200.0,ok,5,9,640
vco_current_min,6,5,0,0.0,-1.689783e-06,-1.662678e-09,2563829.2,235.23435123297787,5,1640850688.0,ok,5,9,640
vco_current_min,6,5,0,0.05,0.04999516,-8.606789e-10,2563724.0,0.0,5,1640783360.0,ok,5,9,640
vco_current_min,6,5,0,0.1,0.09998709,-7.652785e-10,2563618.8,235.23435123297787,5,1640716032.0,ok,5,9,640
vco_current_min,6,5,0,0.15,0.1499882,-7.493782e-10,2563063.4,300.9747497714717,5,1640360576.0,ok,5,9,640
vco_current_min,6,5,0,0.2,0.1999847,-2.86369e-10,2562794.2,368.61728120097683,5,1640188288.0,ok,5,9,640
vco_current_min,6,5,0,0.25,0.2499782,-8.857493e-11,2562420.0,234.7871376374779,5,1639948800.0,ok,5,9,640
vco_current_min,6,5,0,0.3,0.2999637,-5.089697e-10,2562315.0,287.5543426902122,5,1639881600.0,ok,5,9,640
vco_current_min,6,5,0,0.35,0.3500002,4.371159e-11,2561370.0,439.24651393038965,5,1639276800.0,ok,5,9,640
vco_current_min,6,5,0,0.4,0.399985,3.044686e-10,2559530.4,287.00662013270704,5,1638099456.0,ok,5,9,640
vco_current_min,6,5,0,0.45,0.4499795,1.868101e-10,2555863.4,439.31230349262927,5,1635752576.0,ok,5,9,640
vco_current_min,6,5,0,0.5,0.4999748,1.092188e-10,2541468.6,432.55323371811704,5,1626539904.0,ok,5,9,640
vco_current_min,6,5,0,0.55,0.5499704,2.364175e-10,2499398.6,1242.0385662289236,5,1599615104.0,ok,5,9,640
vco_current_min,6,5,0,0.6,0.599964,-3.054491e-10,2435913.0,1144.8668044798924,5,1558984320.0,ok,5,9,640
vco_current_min,6,5,0,0.65,0.6499867,9.522683e-11,2404046.4,417.261069355865,5,1538589696.0,ok,5,9,640
vco_current_min,6,5,0,0.7,0.6999734,3.782434e-10,2396444.0,463.33573140866224,5,1533724160.0,ok,5,9,640
vco_current_min,6,5,0,0.75,0.749977,2.936566e-10,2395769.4,1236.5087140817084,5,1533292416.0,ok,5,9,640
vco_current_min,6,6,0,0.0,-1.689798e-06,-2.027742e-09,2561552.8,569.3546346522526,5,1639393792.0,ok,5,9,640
vco_current_min,6,6,0,0.05,0.04999572,-1.246096e-09,2561475.0,0.0,5,1639344000.0,ok,5,9,640
vco_current_min,6,6,0,0.1,0.09998614,-1.005051e-09,2561580.0,234.7871376374779,5,1639411200.0,ok,5,9,640
vco_current_min,6,6,0,0.15,0.1499877,-5.617579e-10,2561160.0,287.5543426902122,5,1639142400.0,ok,5,9,640
vco_current_min,6,6,0,0.2,0.1999853,-2.342173e-10,2560845.0,234.7871376374779,5,1638940800.0,ok,5,9,640
vco_current_min,6,6,0,0.25,0.2499781,-5.318656e-10,2560393.0,430.03778903719615,5,1638651520.0,ok,5,9,640
vco_current_min,6,6,0,0.3,0.299962,-3.423372e-10,2560151.0,375.1899518910388,5,1638496640.0,ok,5,9,640
vco_current_min,6,6,0,0.35,0.3500008,-6.120019e-10,2559216.0,0.0,5,1637898240.0,ok,5,9,640
vco_current_min,6,6,0,0.4,0.399985,1.91262e-10,2557704.2,275.8082667361513,5,1636930688.0,ok,5,9,640
vco_current_min,6,6,0,0.45,0.4499793,6.978729e-11,2552812.8,396.00340907623513,5,1633800192.0,ok,5,9,640
vco_current_min,6,6,0,0.5,0.4999745,-1.098385e-11,2538766.8,1049.1630950429012,5,1624810752.0,ok,5,9,640
vco_current_min,6,6,0,0.55,0.5499701,-1.935138e-10,2490633.8,2054.496458989404,5,1594005632.0,ok,5,9,640
vco_current_min,6,6,0,0.6,0.599965,-2.456652e-10,2414523.0,727.7523617275316,5,1545294720.0,ok,5,9,640
vco_current_min,6,6,0,0.65,0.6499865,-1.082908e-10,2374664.2,764.6095081804829,5,1519785088.0,ok,5,9,640
vco_current_min,6,6,0,0.7,0.6999744,-6.88592e-11,2365171.2,400.7033815679623,5,1513709568.0,ok,5,9,640
vco_current_min,6,6,0,0.75,0.7499752,-4.914359e-11,2363736.0,547.4609575120403,5,1512791040.0,ok,5,9,640
vco_current_min,6,7,0,0.0,-7.747149e-07,-2.002303e-09,2561326.4,230.6182993606535,5,1639248896.0,ok,5,9,640
vco_current_min,6,7,0,0.05,0.04999449,-1.560282e-09,2561370.0,234.7871376374779,5,1639276800.0,ok,5,9,640
vco_current_min,6,7,0,0.1,0.09998537,-8.899349e-10,2560950.0,371.23106012293744,5,1639008000.0,ok,5,9,640
vco_current_min,6,7,0,0.15,0.1499874,-4.472775e-10,2561055.0,234.7871376374779,5,1639075200.0,ok,5,9,640
vco_current_min,6,7,0,0.2,0.1999848,-1.820659e-10,2560845.0,234.7871376374779,5,1638940800.0,ok,5,9,640
vco_current_min,6,7,0,0.25,0.2499779,3.544373e-11,2560393.0,430.03778903719615,5,1638651520.0,ok,5,9,640
vco_current_min,6,7,0,0.3,0.2999629,-3.963974e-10,2559740.0,0.0,5,1638233600.0,ok,5,9,640
vco_current_min,6,7,0,0.35,0.3500008,-2.85097e-10,2559006.4,287.00662013270704,5,1637764096.0,ok,5,9,640
vco_current_min,6,7,0,0.4,0.3999871,-9.747887e-11,2557574.6,233.892710446478,5,1636847744.0,ok,5,9,640
vco_current_min,6,7,0,0.45,0.4499796,-3.881293e-10,2552379.0,0.0,5,1633522560.0,ok,5,9,640
vco_current_min,6,7,0,0.5,0.4999756,-1.566262e-10,2537405.0,515.0,5,1623939200.0,ok,5,9,640
vco_current_min,6,7,0,0.55,0.5499709,-1.903338e-10,2487902.4,1219.1781248037548,5,1592257536.0,ok,5,9,640
vco_current_min,6,7,0,0.6,0.5999649,2.319653e-10,2409708.2,1189.096800096611,5,1542213248.0,ok,5,9,640
vco_current_min,6,7,0,0.65,0.6499869,-1.445424e-10,2367032.4,780.7488712768018,5,1514900736.0,ok,5,9,640
vco_current_min,6,7,0,0.7,0.6999742,1.467423e-10,2357502.2,907.5225617030135,5,1508801408.0,ok,5,9,640
vco_current_min,6,7,0,0.75,0.7499772,2.402334e-10,2356384.6,1135.8057932586892,5,1508086144.0,ok,5,9,640
vco_current_min,6,8,0,0.0,-1.575463e-06,-1.980678e-09,2548220.4,410.2441955713694,5,1630861056.0,ok,5,9,640
vco_current_min,6,8,0,0.05,0.04999459,-1.206028e-09,2548370.2,334.9629830294685,5,1630956928.0,ok,5,9,640
vco_current_min,6,8,0,0.1,0.0999877,-6.635184e-10,2547771.0,0.0,5,1630573440.0,ok,5,9,640
vco_current_min,6,8,0,0.15,0.1499876,-6.291742e-10,2547667.2,232.10385606447815,5,1630507008.0,ok,5,9,640
vco_current_min,6,8,0,0.2,0.1999853,-3.245291e-10,2547459.6,284.2680073451812,5,1630374144.0,ok,5,9,640
vco_current_min,6,8,0,0.25,0.2499779,-5.235977e-10,2547148.2,232.10385606447815,5,1630174848.0,ok,5,9,640
vco_current_min,6,8,0,0.3,0.2999629,-3.642359e-11,2546317.8,232.10385606447815,5,1629643392.0,ok,5,9,640
vco_current_min,6,8,0,0.35,0.3500017,2.535893e-10,2545037.6,231.6566424689782,5,1628824064.0,ok,5,9,640
vco_current_min,6,8,0,0.4,0.3999857,-2.74921e-10,2541985.6,231.20942887347823,5,1626870784.0,ok,5,9,640
vco_current_min,6,8,0,0.45,0.4499787,-6.822322e-11,2534530.4,191.407418873982,5,1622099456.0,ok,5,9,640
vco_current_min,6,8,0,0.5,0.499974,-7.712724e-11,2505575.4,1130.16936783829,5,1603568256.0,ok,5,9,640
vco_current_min,6,8,0,0.55,0.5499697,1.938056e-10,2326903.2,7416.9413979079,5,1489218048.0,ok,5,9,640
vco_current_min,6,8,0,0.6,0.5999644,5.070719e-11,4939580.0,31618.21310574018,5,1106465920.0,ok,0,111,224
vco_current_min,6,8,0,0.65,0.6499865,-4.723549e-11,4200484.0,9266.273792630995,5,940908416.0,ok,0,111,224
vco_current_min,6,8,0,0.7,0.6999742,-4.723552e-11,4034376.0,1497.9586109101947,5,903700224.0,ok,0,111,224
vco_current_min,6,8,0,0.75,0.7499757,3.909637e-10,4011058.0,4132.423018036755,5,898476992.0,ok,0,111,224
vco_current_min,6,9,0,0.0,-2.147368e-06,-1.958417e-09,2547425.4,193.19627325598185,5,1630352256.0,ok,5,9,640
vco_current_min,6,9,0,0.05,0.04999413,-1.09282e-09,2547304.4,370.3846649093345,5,1630274816.0,ok,5,9,640
vco_current_min,6,9,0,0.1,0.099986,-1.064199e-09,2547390.4,375.0550626241432,5,1630329856.0,ok,5,9,640
vco_current_min,6,9,0,0.15,0.1499867,-6.724222e-10,2547079.0,244.65894629054543,5,1630130560.0,ok,5,9,640
vco_current_min,6,9,0,0.2,0.1999845,-3.556932e-10,2546733.0,366.9884194358182,5,1629909120.0,ok,5,9,640
vco_current_min,6,9,0,0.25,0.2499775,-2.507532e-10,2546317.8,232.10385606447815,5,1629643392.0,ok,5,9,640
vco_current_min,6,9,0,0.3,0.2999627,-1.547183e-10,2545798.8,232.10385606447815,5,1629311232.0,ok,5,9,640
vco_current_min,6,9,0,0.35,0.3499998,-1.515382e-10,2544416.0,0.0,5,1628426240.0,ok,5,9,640
vco_current_min,6,9,0,0.4,0.3999855,-5.741134e-11,2541261.8,283.17256223017085,5,1626407552.0,ok,5,9,640
vco_current_min,6,9,0,0.45,0.4499786,-7.267514e-11,2533277.6,631.6282925898744,5,1621297664.0,ok,5,9,640
vco_current_min,6,9,0,0.5,0.4999748,-4.977947e-11,2502390.2,1080.3403167520871,5,1601529728.0,ok,5,9,640
vco_current_min,6,9,0,0.55,0.5499705,-8.221507e-11,2306877.8,8528.956806081269,5,1476401792.0,ok,5,9,640
vco_current_min,6,9,0,0.6,0.5999646,-9.684292e-11,4953042.0,40644.94089059548,5,1079763156.0,ok,0,108,218
vco_current_min,6,9,0,0.65,0.6499863,-1.000229e-10,4163828.0,6816.961933295506,5,907714504.0,ok,0,108,218
vco_current_min,6,9,0,0.7,0.6999725,1.022228e-10,3996604.0,2141.898690414652,5,871259672.0,ok,0,108,218
vco_current_min,6,9,0,0.75,0.7499757,3.025603e-10,3965220.0,4454.772721475249,5,864417960.0,ok,0,108,218
vco_current_min,6,10,0,0.0,-1.918554e-06,-1.897362e-09,2544934.0,366.2813126546316,5,1628757760.0,ok,5,9,640
vco_current_min,6,10,0,0.05,0.04999467,-1.266448e-09,2544623.2,283.72028478767606,5,1628558848.0,ok,5,9,640
vco_current_min,6,10,0,0.1,0.09998678,-9.484467e-10,2544519.6,231.6566424689782,5,1628492544.0,ok,5,9,640
vco_current_min,6,10,0,0.15,0.1499869,-6.43166e-10,2544251.6,261.1068746701243,5,1628321024.0,ok,5,9,640
vco_current_min,6,10,0,0.2,0.1999847,-4.256535e-10,2544031.6,224.48786158721364,5,1628180224.0,ok,5,9,640
vco_current_min,6,10,0,0.25,0.2499772,-4.091174e-10,2543070.4,423.9372595089986,5,1627565056.0,ok,5,9,640
vco_current_min,6,10,0,0.3,0.2999623,-8.348701e-11,2542089.0,365.57420587344507,5,1626936960.0,ok,5,9,640
vco_current_min,6,10,0,0.35,0.3500008,-1.72526e-10,2540631.8,350.0459969775401,5,1626004352.0,ok,5,9,640
vco_current_min,6,10,0,0.4,0.3999846,-5.804734e-11,2537405.0,0.0,5,1623939200.0,ok,5,9,640
vco_current_min,6,10,0,0.45,0.4499782,-6.313525e-11,2528564.0,186.22566955175648,5,1618280960.0,ok,5,9,640
vco_current_min,6,10,0,0.5,0.4999748,-1.693461e-10,2494008.4,1825.7148736864692,5,1596165376.0,ok,5,9,640
vco_current_min,6,10,0,0.55,0.5499695,-1.734388e-11,2243638.0,11541.393156807371,5,1435928320.0,ok,5,9,640
vco_current_min,6,10,0,0.6,0.599965,1.321142e-10,5011150.0,67786.04133595647,5,962140800.0,ok,0,95,192
vco_current_min,6,10,0,0.65,0.6499858,-1.861586e-11,3939156.0,20318.09119971657,5,756317952.0,ok,0,95,192
vco_current_min,6,10,0,0.7,0.6999726,1.034947e-10,3704661.2,9519.483557420539,5,711294950.4000001,ok,0,95,192
vco_current_min,6,10,0,0.75,0.7499758,2.936565e-10,3668328.0,2710.7784859704047,5,704318976.0,ok,0,95,192
vco_current_min,6,11,0,0.0,-1.80419e-06,-1.852842e-09,2543794.4,231.6566424689782,5,1628028416.0,ok,5,9,640
vco_current_min,6,11,0,0.05,0.04999536,-1.28362e-09,2543432.4,529.6213741910346,5,1627796736.0,ok,5,9,640
vco_current_min,6,11,0,0.1,0.09998614,-8.574987e-10,2543432.4,529.6213741910346,5,1627796736.0,ok,5,9,640
vco_current_min,6,11,0,0.15,0.1499875,-6.6797e-10,2542657.4,461.83200408806664,5,1627300736.0,ok,5,9,640
vco_current_min,6,11,0,0.2,0.1999848,-4.555454e-10,2542502.6,231.20942887347823,5,1627201664.0,ok,5,9,640
vco_current_min,6,11,0,0.25,0.2499778,-2.176815e-10,2542295.8,283.17256223017085,5,1627069312.0,ok,5,9,640
vco_current_min,6,11,0,0.3,0.2999634,-1.470863e-10,2541261.8,283.17256223017085,5,1626407552.0,ok,5,9,640
vco_current_min,6,11,0,0.35,0.3500012,-1.289174e-11,2540113.2,230.7622152779783,5,1625672448.0,ok,5,9,640
vco_current_min,6,11,0,0.4,0.3999855,-5.804733e-11,2536890.0,364.15999231107196,5,1623609600.0,ok,5,9,640
vco_current_min,6,11,0,0.45,0.4499788,-2.115974e-11,2527508.2,559.7724537702798,5,1617605248.0,ok,5,9,640
vco_current_min,6,11,0,0.5,0.4999747,-5.550335e-11,2490223.8,2399.149891107265,5,1593743232.0,ok,5,9,640
vco_current_min,6,11,0,0.55,0.549969,2.653963e-11,2219680.6,9532.769052064568,5,1420595584.0,ok,5,9,640
vco_current_min,6,11,0,0.6,0.5999643,-4.787154e-11,4935894.0,22159.066541711545,5,927948072.0,ok,0,93,188
vco_current_min,6,11,0,0.65,0.6499858,7.741904e-11,3807966.0,9628.155586611592,5,715897608.0,ok,0,93,188
vco_current_min,6,11,0,0.7,0.6999735,-2.243189e-11,3574833.0,3370.0363499523264,5,672068604.0,ok,0,93,188
vco_current_min,6,11,0,0.75,0.749975,2.338731e-10,3530658.4,8080.200665825076,5,663763779.1999999,ok,0,93,188
vco_current_min,6,12,0,0.0,-2.147339e-06,-1.732001e-09,2541000.8,121.1948843804886,5,1626240512.0,ok,5,9,640
vco_current_min,6,12,0,0.05,0.04999413,-1.307152e-09,2540631.8,350.0459969775401,5,1626004352.0,ok,5,9,640
vco_current_min,6,12,0,0.1,0.0999859,-7.652783e-10,2540147.6,197.98686825140703,5,1625694464.0,ok,5,9,640
vco_current_min,6,12,0,0.15,0.1499878,-6.412579e-10,2540302.4,76.92073842599277,5,1625793536.0,ok,5,9,640
vco_current_min,6,12,0,0.2,0.199985,-4.390094e-10,2539958.4,282.6248396726657,5,1625573376.0,ok,5,9,640
vco_current_min,6,12,0,0.25,0.2499774,-2.412133e-10,2538926.4,282.6248396726657,5,1624912896.0,ok,5,9,640
vco_current_min,6,12,0,0.3,0.2999633,-2.100496e-10,2538240.0,438.1780460041329,5,1624473600.0,ok,5,9,640
vco_current_min,6,12,0,0.35,0.3500009,-7.331109e-11,2536581.0,282.07711711516055,5,1623411840.0,ok,5,9,640
vco_current_min,6,12,0,0.4,0.3999864,-1.241906e-10,2533011.0,451.87110994176203,5,1621127040.0,ok,5,9,640
vco_current_min,6,12,0,0.45,0.449979,5.961134e-11,2523304.8,391.75910965796317,5,1614915072.0,ok,5,9,640
vco_current_min,6,12,0,0.5,0.4999739,-9.048291e-11,2482862.0,2577.0882794347576,5,1589031680.0,ok,5,9,640
vco_current_min,6,12,0,0.55,0.5499701,-1.928778e-10,2108228.8,23257.410489992217,5,1349266432.0,ok,5,9,640
vco_current_min,6,12,0,0.6,0.5999642,-2.179573e-11,4863418.0,73466.86137300273,5,778146880.0,ok,0,79,160
vco_current_min,6,12,0,0.65,0.649986,-5.61394e-11,3364656.8,15538.568360695266,5,538345088.0,ok,0,79,160
vco_current_min,6,12,0,0.7,0.6999744,1.127587e-11,3023071.4,5884.859029747441,5,483691424.0,ok,0,79,160
vco_current_min,6,12,0,0.75,0.7499751,4.043191e-10,2966857.6,3427.9750290805796,5,474697216.0,ok,0,79,160
vco_current_min,6,13,0,0.0,-1.918583e-06,-2.111694e-09,2540164.8,230.7622152779783,5,1625705472.0,ok,5,9,640
vco_current_min,6,13,0,0.05,0.04999515,-1.244188e-09,2540216.4,382.6758419341362,5,1625738496.0,ok,5,9,640
vco_current_min,6,13,0,0.1,0.0999863,-9.630745e-10,2539648.8,230.7622152779783,5,1625375232.0,ok,5,9,640
vco_current_min,6,13,0,0.15,0.1499882,-7.830865e-10,2539442.4,282.6248396726657,5,1625243136.0,ok,5,9,640
vco_current_min,6,13,0,0.2,0.1999853,-3.607812e-10,2539236.0,0.0,5,1625111040.0,ok,5,9,640
vco_current_min,6,13,0,0.25,0.2499782,-2.73649e-10,2538400.0,438.1780460041329,5,1624576000.0,ok,5,9,640
vco_current_min,6,13,0,0.3,0.2999633,-1.935138e-10,2537611.0,282.07711711516055,5,1624071040.0,ok,5,9,640
vco_current_min,6,13,0,0.35,0.3500002,-7.521912e-11,2535963.0,230.31500168247834,5,1623016320.0,ok,5,9,640
vco_current_min,6,13,0,0.4,0.3999859,-1.623501e-10,2531860.2,280.9816720001502,5,1620390528.0,ok,5,9,640
vco_current_min,6,13,0,0.45,0.4499786,-7.267524e-11,2522298.6,580.3492913754612,5,1614271104.0,ok,5,9,640
vco_current_min,6,13,0,0.5,0.499974,-6.567924e-11,2479998.0,1122.4330715013703,5,1587198720.0,ok,5,9,640
vco_current_min,6,13,0,0.55,0.5499704,-2.87641e-10,2099251.6,12875.323075558144,5,1343521024.0,ok,5,9,640
vco_current_min,6,13,0,0.6,0.5999642,1.855379e-10,5119236.0,63084.3441750804,5,767885400.0,ok,0,74,150
vco_current_min,6,13,0,0.65,0.6499863,3.035558e-11,3278438.0,19658.96669461546,5,491765700.0,ok,0,74,150
vco_current_min,6,13,0,0.7,0.6999744,5.070747e-11,2899673.2,8456.798283038328,5,434950980.0,ok,0,74,150
vco_current_min,6,13,0,0.75,0.7499757,1.893538e-10,2834189.0,4548.441216504837,5,425128350.0,ok,0,74,150
vco_current_min,6,14,0,0.0,-2.49056e-06,-1.943789e-09,2536272.0,230.31500168247834,5,1623214080.0,ok,5,9,640
vco_current_min,6,14,0,0.05,0.04999366,-1.122076e-09,2535860.0,0.0,5,1622950400.0,ok,5,9,640
vco_current_min,6,14,0,0.1,0.09998639,-8.422347e-10,2535860.0,0.0,5,1622950400.0,ok,5,9,640
vco_current_min,6,14,0,0.15,0.1499877,-4.377375e-10,2535741.0,485.4297065487443,5,1622874240.0,ok,5,9,640
vco_current_min,6,14,0,0.2,0.1999845,-6.20906e-10,2535253.6,281.5293945576554,5,1622562304.0,ok,5,9,640
vco_current_min,6,14,0,0.25,0.2499785,-1.67438e-10,2534842.4,281.5293945576554,5,1622299136.0,ok,5,9,640
vco_current_min,6,14,0,0.3,0.2999631,-2.227695e-10,2533761.2,181.73387136139482,5,1621607168.0,ok,5,9,640
vco_current_min,6,14,0,0.35,0.3500007,-1.896978e-10,2531655.0,0.0,5,1620259200.0,ok,5,9,640
vco_current_min,6,14,0,0.4,0.3999864,1.254791e-11,2527917.0,361.3315651863258,5,1617866880.0,ok,5,9,640
vco_current_min,6,14,0,0.45,0.4499791,-8.412296e-11,2516869.0,619.8786171501644,5,1610796160.0,ok,5,9,640
vco_current_min,6,14,0,0.5,0.4999748,6.342724e-11,2467177.4,2029.8312245110428,5,1578993536.0,ok,5,9,640
vco_current_min,6,14,0,0.55,0.5499705,-9.62069e-11,4854180.0,56276.20633980226,5,1223253360.0,ok,1,62,252
vco_current_min,6,14,0,0.6,0.5999663,1.772701e-10,2279509.8,61079.05636304477,5,574436469.5999999,ok,1,62,252
vco_current_min,6,14,0,0.65,0.6499866,4.371153e-11,5081390.0,39101.53705418752,5,254069500.0,ok,0,24,50
vco_current_min,6,14,0,0.7,0.6999735,1.60734e-10,3311106.6,9241.432210431454,5,165555330.0,ok,0,24,50
vco_current_min,6,14,0,0.75,0.7499766,6.279127e-11,3033861.8,6429.904680475443,5,151693090.0,ok,0,24,50
vco_current_min,6,15,0,0.0,-2.03299e-06,-2.002302e-09,2535518.8,293.1163591476941,5,1622732032.0,ok,5,9,640
vco_current_min,6,15,0,0.05,0.04999424,-1.146244e-09,2535356.4,281.5293945576554,5,1622628096.0,ok,5,9,640
vco_current_min,6,15,0,0.1,0.09998618,-8.708549e-10,2535150.8,229.86778808697838,5,1622496512.0,ok,5,9,640
vco_current_min,6,15,0,0.15,0.1499871,-5.821099e-10,2534739.6,281.5293945576554,5,1622233344.0,ok,5,9,640
vco_current_min,6,15,0,0.2,0.1999846,-5.433137e-10,2534431.2,430.04325363851484,5,1622035968.0,ok,5,9,640
vco_current_min,6,15,0,0.25,0.249977,-3.07993e-10,2533710.4,214.66904760584373,5,1621574656.0,ok,5,9,640
vco_current_min,6,15,0,0.3,0.2999633,-1.051107e-10,2532578.4,229.42057449147842,5,1620850176.0,ok,5,9,640
vco_current_min,6,15,0,0.35,0.3499992,-5.295936e-11,2530874.4,230.22988511485644,5,1619759616.0,ok,5,9,640
vco_current_min,6,15,0,0.4,0.3999853,-1.553542e-10,2526905.4,524.3546509758447,5,1617219456.0,ok,5,9,640
vco_current_min,6,15,0,0.45,0.4499785,1.827186e-11,2515326.0,357.79603128039304,5,1609808640.0,ok,5,9,640
vco_current_min,6,15,0,0.5,0.4999744,9.58629e-11,2462439.2,1256.9459813373046,5,1575961088.0,ok,5,9,640
vco_current_min,6,15,0,0.55,0.5499702,1.130348e-10,4800840.0,53052.82838831498,5,1181006640.0,ok,0,122,246
vco_current_min,6,15,0,0.6,0.599966,2.650369e-10,2125562.2,37904.014447021305,5,522888301.20000005,ok,0,122,246
vco_current_min,6,15,0,0.65,0.6499865,-1.178307e-10,5231832.0,111198.42948531243,5,188345952.0,ok,0,17,36
vco_current_min,6,15,0,0.7,0.6999731,-1.229186e-10,2470582.2,27306.086193374547,5,88940959.2,ok,0,17,36
vco_current_min,6,15,0,0.75,0.7499761,2.256053e-10,2009712.2,6120.14176306399,5,72349639.2,ok,0,17,36
vco_current_max,7,15,0,0.0,-3.40557e-06,-1.950149e-09,2215994.0,250.65813372001315,5,1418236160.0,ok,5,9,640
vco_current_max,7,15,0,0.05,0.04999457,-1.13098e-09,2215803.0,154.2886904474855,5,1418113920.0,ok,5,9,640
vco_current_max,7,15,0,0.1,0.09998519,-1.064199e-09,2215498.2,351.5098860629669,5,1417918848.0,ok,5,9,640
vco_current_max,7,15,0,0.15,0.1499876,-3.569652e-10,2215262.4,175.75494303148346,5,1417767936.0,ok,5,9,640
vco_current_max,7,15,0,0.2,0.1999847,-5.369537e-10,2214967.4,221.5712075157781,5,1417579136.0,ok,5,9,640
vco_current_max,7,15,0,0.25,0.2499785,-5.604857e-10,2214643.2,350.615458871967,5,1417371648.0,ok,5,9,640
vco_current_max,7,15,0,0.3,0.299962,-5.550334e-11,2213920.8,292.4776914569725,5,1416909312.0,ok,5,9,640
vco_current_max,7,15,0,0.35,0.3500015,1.880819e-10,2212369.6,175.3077294359835,5,1415916544.0,ok,5,9,640
vco_current_max,7,15,0,0.4,0.3999861,8.377896e-11,2209228.2,174.86051584048354,5,1413906048.0,ok,5,9,640
vco_current_max,7,15,0,0.45,0.4499792,3.979591e-10,2200968.8,347.0377501079674,5,1408620032.0,ok,5,9,640
vco_current_max,7,15,0,0.5,0.4999746,1.302064e-10,2162425.2,1018.8391433391239,5,1383952128.0,ok,5,9,640
vco_current_max,7,15,0,0.55,0.5499708,4.984461e-10,4823218.0,35571.99628921605,5,1090047268.0,ok,0,112,226
vco_current_max,7,15,0,0.6,0.599965,-8.66671e-11,2209746.2,77749.80987243634,5,499402641.20000005,ok,0,112,226
vco_current_max,7,15,0,0.65,0.6499859,-1.877899e-10,5224980.0,33580.71395905691,5,177649320.0,ok,0,16,34
vco_current_max,7,15,0,0.7,0.6999741,-1.051109e-10,2485696.6,9281.757096584675,5,84513684.4,ok,0,16,34
vco_current_max,7,15,0,0.75,0.7499761,-2.306777e-11,2016928.8,6477.734688917106,5,68575579.2,ok,0,16,34
vco_current_max,7,15,1,0.0,-8.856296e-08,-1.574272e-09,2210401.2,174.86051584048354,5,1414656768.0,ok,5,9,640
vco_current_max,7,15,1,0.05,0.04999467,-1.46488e-09,2210244.8,174.86051584048354,5,1414556672.0,ok,5,9,640
vco_current_max,7,15,1,0.1,0.09998716,-8.136145e-10,2209853.8,174.86051584048354,5,1414306432.0,ok,5,9,640
vco_current_max,7,15,1,0.15,0.1499883,-6.927741e-10,2209853.8,174.86051584048354,5,1414306432.0,ok,5,9,640
vco_current_max,7,15,1,0.2,0.1999842,-2.482092e-10,2209346.6,274.53833976331975,5,1413981824.0,ok,5,9,640
vco_current_max,7,15,1,0.25,0.2499778,1.187586e-10,2208998.0,84.970583144992,5,1413758720.0,ok,5,9,640
vco_current_max,7,15,1,0.3,0.299962,5.261544e-11,2208024.0,213.61179742701478,5,1413135360.0,ok,5,9,640
vco_current_max,7,15,1,0.35,0.3499996,6.915127e-11,2206139.2,268.77537089547474,5,1411929088.0,ok,5,9,640
vco_current_max,7,15,1,0.4,0.3999849,2.55497e-10,2202598.4,173.5188750539837,5,1409662976.0,ok,5,9,640
vco_current_max,7,15,1,0.45,0.4499784,-7.140316e-11,2192238.8,485.7578614906814,5,1403032832.0,ok,5,9,640
vco_current_max,7,15,1,0.5,0.4999746,-2.214975e-10,2141848.0,2763.411297653681,5,1370782720.0,ok,5,9,640
vco_current_max,7,15,1,0.55,0.54997,2.59949e-10,4804444.0,30976.098527735863,5,1008933240.0,ok,0,104,210
vco_current_max,7,15,1,0.6,0.5999662,3.349963e-10,2059070.2,22987.493734637537,5,432404742.0,ok,0,104,210
vco_current_max,7,15,1,0.65,0.6499875,3.260924e-10,5353772.0,147600.32103623624,5,160613160.0,ok,0,14,30
vco_current_max,7,15,1,0.7,0.6999742,-6.822333e-11,2741862.6,13084.591923327222,5,82255878.0,ok,0,14,30
vco_current_max,7,15,1,0.75,0.7499762,4.279882e-12,2278271.4,3251.0664096569913,5,68348142.0,ok,0,14,30
vco_current_max,7,15,2,0.0,-2.490488e-06,-2.13777e-09,2203013.6,197.69876074472495,5,1409928704.0,ok,5,9,640
vco_current_max,7,15,2,0.05,0.04999549,-1.523393e-09,2203026.4,286.9508668744529,5,1409936896.0,ok,5,9,640
vco_current_max,7,15,2,0.1,0.09998671,-1.180588e-09,2202908.8,212.51635231200444,5,1409861632.0,ok,5,9,640
vco_current_max,7,15,2,0.15,0.1499879,-8.473228e-10,2202676.0,0.0,5,1409712640.0,ok,5,9,640
vco_current_max,7,15,2,0.2,0.1999844,-1.655301e-10,2201900.0,0.0,5,1409216000.0,ok,5,9,640
vco_current_max,7,15,2,0.25,0.2499778,-5.204175e-10,2201279.2,212.51635231200444,5,1408818688.0,ok,5,9,640
vco_current_max,7,15,2,0.3,0.2999648,2.046177e-10,2200482.0,0.0,5,1408308480.0,ok,5,9,640
vco_current_max,7,15,2,0.35,0.3500008,-2.87641e-10,2198469.6,173.07166145848373,5,1407020544.0,ok,5,9,640
vco_current_max,7,15,2,0.4,0.399986,-2.106856e-10,2194115.0,385.0,5,1404233600.0,ok,5,9,640
vco_current_max,7,15,2,0.45,0.4499787,-5.973737e-10,2182139.4,208.68229440946828,5,1396569216.0,ok,5,9,640
vco_current_max,7,15,2,0.5,0.4999733,2.402329e-10,2123641.0,3139.6993486638175,5,1359130240.0,ok,5,9,640
vco_current_max,7,15,2,0.55,0.5499717,-4.466414e-10,4914260.0,109065.18601276945,5,982852000.0,ok,0,99,200
vco_current_max,7,15,2,0.6,0.5999645,9.141071e-11,2161396.2,41358.46926205079,5,432279240.00000006,ok,0,99,200
vco_current_max,7,15,2,0.65,0.6499867,6.342729e-11,5274926.0,61776.634175066545,5,158247780.0,ok,0,14,30
vco_current_max,7,15,2,0.7,0.6999741,1.690019e-10,2736012.8,29543.81067499587,5,82080384.0,ok,0,14,30
vco_current_max,7,15,2,0.75,0.7499752,3.826955e-10,2283566.4,5265.240811207023,5,68506992.0,ok,0,14,30
vco_current_max,7,15,3,0.0,-1.91851e-06,-1.855386e-09,2195063.2,162.67359957903432,5,1404840448.0,ok,5,9,640
vco_current_max,7,15,3,0.05,0.04999482,-1.131616e-09,2194790.4,398.8618808560176,5,1404665856.0,ok,5,9,640
vco_current_max,7,15,3,0.1,0.09998648,-9.134667e-10,2194423.0,172.1772342674838,5,1404430720.0,ok,5,9,640
vco_current_max,7,15,3,0.15,0.1499881,-4.561815e-10,2194115.0,0.0,5,1404233600.0,ok,5,9,640
vco_current_max,7,15,3,0.2,0.1999849,-5.604858e-10,2193807.0,172.1772342674838,5,1404036480.0,ok,5,9,640
vco_current_max,7,15,3,0.25,0.2499777,-4.218373e-10,2192533.2,206.43691530344083,5,1403221248.0,ok,5,9,640
vco_current_max,7,15,3,0.3,0.2999624,1.111269e-10,2191641.6,210.3254620819838,5,1402650624.0,ok,5,9,640
vco_current_max,7,15,3,0.35,0.3500003,-8.080203e-13,2189432.0,186.22566955175648,5,1401236480.0,ok,5,9,640
vco_current_max,7,15,3,0.4,0.3999861,7.869103e-11,2184199.6,170.83559348098393,5,1397887744.0,ok,5,9,640
vco_current_max,7,15,3,0.45,0.4499795,-2.96545e-10,2168843.2,411.8873632438849,5,1388059648.0,ok,5,9,640
vco_current_max,7,15,3,0.5,0.4999756,-2.571131e-10,2087352.0,5246.323712848836,5,1335905280.0,ok,5,9,640
vco_current_max,7,15,3,0.55,0.5499704,-1.67078e-11,4854894.0,63189.96067414507,5,873880920.0,ok,0,89,180
vco_current_max,7,15,3,0.6,0.5999654,1.982577e-10,2007157.6,22234.296273999767,5,361288368.0,ok,0,89,180
vco_current_max,7,15,3,0.65,0.6499864,3.502597e-10,5329920.0,116429.30644816192,5,138577920.0,ok,0,12,26
vco_current_max,7,15,3,0.7,0.6999745,2.745766e-10,3065794.2,6905.556907302987,5,79710649.2,ok,0,12,26
vco_current_max,7,15,3,0.75,0.7499768,4.030472e-10,2623245.2,4965.050926224221,5,68204375.2,ok,0,12,26
vco_current_max,7,15,4,0.0,-2.147397e-06,-1.53802e-09,2189644.8,171.73002067198385,5,1401372672.0,ok,5,9,640
vco_current_max,7,15,4,0.05,0.04999524,-1.141791e-09,2189568.0,0.0,5,1401323520.0,ok,5,9,640
vco_current_max,7,15,4,0.1,0.09998701,-6.285378e-10,2189296.0,152.0526224699857,5,1401149440.0,ok,5,9,640
vco_current_max,7,15,4,0.15,0.1499883,-7.143981e-10,2188691.8,209.77773952447862,5,1400762752.0,ok,5,9,640
vco_current_max,7,15,4,0.2,0.1999851,-7.112181e-10,2188462.0,383.0,5,1400615680.0,ok,5,9,640
vco_current_max,7,15,4,0.25,0.2499775,-7.903504e-11,2187542.8,209.77773952447862,5,1400027392.0,ok,5,9,640
vco_current_max,7,15,4,0.3,0.2999632,-3.896755e-11,2186330.4,197.727843259365,5,1399251456.0,ok,5,9,640
vco_current_max,7,15,4,0.35,0.3500011,-3.321611e-10,2183970.4,170.83559348098393,5,1397741056.0,ok,5,9,640
vco_current_max,7,15,4,0.4,0.399987,-1.725261e-10,2179224.0,416.26914370392626,5,1394703360.0,ok,5,9,640
vco_current_max,7,15,4,0.45,0.4499787,-5.931934e-11,2164973.0,417.5038921974261,5,1385582720.0,ok,5,9,640
vco_current_max,7,15,4,0.5,0.4999754,1.772699e-10,2094258.6,5190.355267224008,5,1340325504.0,ok,5,9,640
vco_current_max,7,15,4,0.55,0.5499701,1.804498e-10,4847936.0,36703.250945931206,5,940499584.0,ok,0,96,194
vco_current_max,7,15,4,0.6,0.599964,7.805492e-11,2165440.8,26849.984193663877,5,420095515.2,ok,0,96,194
vco_current_max,7,15,4,0.65,0.6499863,-8.348718e-11,5325068.0,72285.01552880791,5,159752040.0,ok,0,14,30
vco_current_max,7,15,4,0.7,0.6999734,-5.260098e-12,2719854.2,22773.358869521202,5,81595626.0,ok,0,14,30
vco_current_max,7,15,4,0.75,0.7499765,5.722212e-10,2280189.0,2078.770550108886,5,68405670.0,ok,0,14,30
vco_current_max,7,15,5,0.0,-1.461114e-06,-1.794965e-09,2178065.6,340.1452630862291,5,1393961984.0,ok,5,9,640
vco_current_max,7,15,5,0.05,0.04999409,-8.002583e-10,2177904.6,455.3106631740574,5,1393858944.0,ok,5,9,640
vco_current_max,7,15,5,0.1,0.09998555,-6.730581e-10,2177582.4,207.58684929445798,5,1393652736.0,ok,5,9,640
vco_current_max,7,15,5,0.15,0.1499872,-8.683106e-10,2177127.6,207.58684929445798,5,1393361664.0,ok,5,9,640
vco_current_max,7,15,5,0.2,0.1999847,-6.52706e-10,2176521.2,169.49395269448405,5,1392973568.0,ok,5,9,640
vco_current_max,7,15,5,0.25,0.2499779,-2.532972e-10,2175384.2,169.49395269448405,5,1392245888.0,ok,5,9,640
vco_current_max,7,15,5,0.3,0.2999627,-3.347052e-10,2173575.6,316.25749002988056,5,1391088384.0,ok,5,9,640
vco_current_max,7,15,5,0.35,0.3500009,-2.240415e-10,2170992.2,206.4914041794476,5,1389435008.0,ok,5,9,640
vco_current_max,7,15,5,0.4,0.3999859,3.16277e-11,2165025.0,335.4101966249685,5,1385616000.0,ok,5,9,640
vco_current_max,7,15,5,0.45,0.4499796,1.562821e-10,2145499.4,682.2739918830264,5,1373119616.0,ok,5,9,640
vco_current_max,7,15,5,0.5,0.4999747,2.31329e-10,2039960.6,2243.718520670541,5,1305574784.0,ok,5,9,640
vco_current_max,7,15,5,0.55,0.5499701,4.915957e-12,4878290.0,49549.004530868224,5,829309300.0,ok,0,84,170
vco_current_max,7,15,5,0.6,0.5999647,-9.239103e-11,2084031.0,36868.6964781778,5,354285270.0,ok,0,84,170
vco_current_max,7,15,5,0.65,0.6499875,3.203682e-10,5338276.0,27478.45938185036,5,138795176.0,ok,0,12,26
vco_current_max,7,15,5,0.7,0.6999741,1.931697e-10,3059985.4,11050.518327209815,5,79559620.39999999,ok,0,12,26
vco_current_max,7,15,5,0.75,0.7499754,1.963494e-10,2628384.4,6429.672410006594,5,68337994.39999999,ok,0,12,26
vco_current_max,7,15,6,0.0,-2.376124e-06,-1.866833e-09,2162767.2,167.25788471698428,5,1384171008.0,ok,5,9,640
vco_current_max,7,15,6,0.05,0.04999481,-1.203484e-09,2162381.6,292.52487073751524,5,1383924224.0,ok,5,9,640
vco_current_max,7,15,6,0.1,0.09998624,-7.366582e-10,2162243.6,334.51576943396856,5,1383835904.0,ok,5,9,640
vco_current_max,7,15,6,0.15,0.1499874,-6.469819e-10,2161570.4,204.84823650693212,5,1383405056.0,ok,5,9,640
vco_current_max,7,15,6,0.2,0.1999834,-2.73013e-10,2160897.2,167.25788471698428,5,1382974208.0,ok,5,9,640
vco_current_max,7,15,6,0.25,0.2499781,-4.765335e-10,2159864.2,187.29308583073748,5,1382313088.0,ok,5,9,640
vco_current_max,7,15,6,0.3,0.2999636,-1.858819e-10,2158028.8,204.30051394942694,5,1381138432.0,ok,5,9,640
vco_current_max,7,15,6,0.35,0.350001,1.950778e-10,2154442.4,101.51748617849044,5,1378843136.0,ok,5,9,640
vco_current_max,7,15,6,0.4,0.3999861,8.823081e-11,2146989.6,202.1096237194063,5,1374073344.0,ok,5,9,640
vco_current_max,7,15,6,0.45,0.4499793,9.840698e-11,2122344.0,321.99378875996973,5,1358300160.0,ok,5,9,640
vco_current_max,7,15,6,0.5,0.4999752,1.31839e-11,4912214.0,24393.330645895818,5,1237877928.0,ok,1,62,252
vco_current_max,7,15,6,0.55,0.5499702,-2.65381e-10,3192918.2,22146.842849489858,5,804615386.4000001,ok,1,62,252
vco_current_max,7,15,6,0.6,0.5999653,-1.903339e-10,5145248.0,62424.17095965312,5,360167360.0,ok,0,34,70
vco_current_max,7,15,6,0.65,0.6499866,-4.087561e-11,5310884.0,22759.026341212404,5,138082984.0,ok,0,12,26
vco_current_max,7,15,6,0.7,0.6999747,2.262414e-10,3068896.8,12525.468502215796,5,79791316.8,ok,0,12,26
vco_current_max,7,15,6,0.75,0.7499763,1.461059e-10,2630639.0,7125.476194613241,5,68396614.0,ok,0,12,26
vco_current_max,7,15,7,0.0,-1.918539e-06,-1.866198e-09,2143820.8,201.56190116190112,5,1372045312.0,ok,5,9,640
vco_current_max,7,15,7,0.05,0.0499955,-1.393012e-09,2143232.0,0.0,5,1371668480.0,ok,5,9,640
vco_current_max,7,15,7,0.1,0.09998637,-1.043211e-09,2142559.2,368.1850078425247,5,1371237888.0,ok,5,9,640
vco_current_max,7,15,7,0.15,0.1499884,-6.202701e-10,2141885.4,164.12738954848456,5,1370806656.0,ok,5,9,640
vco_current_max,7,15,7,0.2,0.1999845,-3.944893e-10,2140931.2,328.2547790969691,5,1370195968.0,ok,5,9,640
vco_current_max,7,15,7,0.25,0.249978,-3.499692e-10,2139709.2,163.6801759529846,5,1369413888.0,ok,5,9,640
vco_current_max,7,15,7,0.3,0.2999635,-4.023952e-11,2137002.0,163.23296235748464,5,1367681280.0,ok,5,9,640
vco_current_max,7,15,7,0.35,0.3500011,-2.253135e-10,2132764.8,325.07722159511576,5,1364969472.0,ok,5,9,640
vco_current_max,7,15,7,0.4,0.3999861,1.028589e-10,2121552.0,301.1976095522672,5,1357793280.0,ok,5,9,640
vco_current_max,7,15,7,0.45,0.4499782,3.86236e-11,2085494.4,516.1674147018581,5,1334716416.0,ok,5,9,640
vco_current_max,7,15,7,0.5,0.4999753,9.395484e-11,4872796.0,42776.66688745162,5,1130488672.0,ok,0,115,232
vco_current_max,7,15,7,0.55,0.5499707,-5.929216e-10,2803786.2,27478.868975996807,5,650478398.4000001,ok,0,115,232
vco_current_max,7,15,7,0.6,0.5999649,-1.038389e-10,5163540.0,59823.62743933203,5,278831160.0,ok,0,26,54
vco_current_max,7,15,7,0.65,0.6499854,2.370529e-10,2171690.4,29195.957781857403,5,117271281.6,ok,0,26,54
vco_current_max,7,15,7,0.7,0.6999735,1.645501e-10,4862576.0,9737.393388376584,5,77801216.0,ok,0,7,16
vco_current_max,7,15,7,0.75,0.7499756,4.049548e-10,4269984.0,6099.3671802901,5,68319744.0,ok,0,7,16
vco_current_max,7,15,8,0.0,-2.032946e-06,-1.745358e-09,2154578.6,101.51748617849044,5,1378930304.0,ok,5,9,640
vco_current_max,7,15,8,0.05,0.04999457,-1.109355e-09,2154294.0,261.61326418971953,5,1378748160.0,ok,5,9,640
vco_current_max,7,15,8,0.1,0.09998577,-9.605307e-10,2154322.8,165.9162439304844,5,1378766592.0,ok,5,9,640
vco_current_max,7,15,8,0.15,0.149988,-5.808377e-10,2153951.8,310.40086984414205,5,1378529152.0,ok,5,9,640
vco_current_max,7,15,8,0.2,0.1999841,-4.002133e-10,2153506.6,203.20506883441664,5,1378244224.0,ok,5,9,640
vco_current_max,7,15,8,0.25,0.2499781,-2.70469e-10,2152838.8,165.9162439304844,5,1377816832.0,ok,5,9,640
vco_current_max,7,15,8,0.3,0.2999629,-1.75706e-10,2151772.0,202.65734627691145,5,1377134080.0,ok,5,9,640
vco_current_max,7,15,8,0.35,0.3500012,-4.596346e-11,2149848.0,330.9380606699689,5,1375902720.0,ok,5,9,640
vco_current_max,7,15,8,0.4,0.3999868,-1.235546e-10,2145440.0,260.2152954766495,5,1373081600.0,ok,5,9,640
vco_current_max,7,15,8,0.45,0.4499792,-4.087551e-11,2130664.8,413.8836793109871,5,1363625472.0,ok,5,9,640
vco_current_max,7,15,8,0.5,0.4999752,-2.05238e-11,2051678.8,5920.459711880489,5,1313074432.0,ok,5,9,640
vco_current_max,7,15,8,0.55,0.549971,1.76357e-11,4905618.0,12000.161248916616,5,922256184.0,ok,0,93,188
vco_current_max,7,15,8,0.6,0.5999655,-3.642359e-11,2222287.4,56205.74728886718,5,417790031.2,ok,0,93,188
vco_current_max,7,15,8,0.65,0.6499865,-5.896089e-12,5324246.0,63195.229883275206,5,159727380.0,ok,0,14,30
vco_current_max,7,15,8,0.7,0.6999748,2.141574e-10,2758793.6,19639.22699089758,5,82763808.0,ok,0,14,30
vco_current_max,7,15,8,0.75,0.7499766,3.000165e-10,2285369.6,7391.965557279065,5,68561088.0,ok,0,14,30
vco_current_max,7,15,9,0.0,-2.032975e-06,-7.016782e-10,2130440.4,423.01808471979064,5,1363481856.0,ok,5,9,640
vco_current_max,7,15,9,0.05,0.04999537,-1.111263e-09,2129866.2,198.8232883743753,5,1363114368.0,ok,5,9,640
vco_current_max,7,15,9,0.1,0.09998658,-7.589183e-10,2129503.2,198.8232883743753,5,1362882048.0,ok,5,9,640
vco_current_max,7,15,9,0.15,0.1499878,-7.035861e-10,2129212.8,198.8232883743753,5,1362696192.0,ok,5,9,640
vco_current_max,7,15,9,0.2,0.1999847,-4.631774e-10,2128835.4,338.0721816417317,5,1362454656.0,ok,5,9,640
vco_current_max,7,15,9,0.25,0.2499781,-2.66017e-10,2128496.0,213.54624791833734,5,1362237440.0,ok,5,9,640
vco_current_max,7,15,9,0.3,0.2999633,-8.984699e-11,2127039.6,396.5511316337402,5,1361305344.0,ok,5,9,640
vco_current_max,7,15,9,0.35,0.3500016,-1.979657e-10,2124196.2,302.0342695788013,5,1359485568.0,ok,5,9,640
vco_current_max,7,15,9,0.4,0.3999864,-1.916058e-10,2117956.4,321.0993615689698,5,1355492096.0,ok,5,9,640
vco_current_max,7,15,9,0.45,0.4499792,-4.62394e-12,2095451.6,1153.9256041877222,5,1341089024.0,ok,5,9,640
vco_current_max,7,15,9,0.5,0.4999753,-9.493491e-11,4889206.0,12205.526617069827,5,1232079912.0,ok,1,62,252
vco_current_max,7,15,9,0.55,0.5499719,-1.543587e-11,3264501.2,47079.3878804727,5,822654302.4000001,ok,1,62,252
vco_current_max,7,15,9,0.6,0.5999658,-2.370379e-11,4984230.0,155388.56489458933,5,358864560.0,ok,0,35,72
vco_current_max,7,15,9,0.65,0.6499863,-6.531969e-12,5378180.0,104406.47082436988,5,139832680.0,ok,0,12,26
vco_current_max,7,15,9,0.7,0.6999733,8.123491e-11,3071396.8,8498.318021820553,5,79856316.8,ok,0,12,26
vco_current_max,7,15,9,0.75,0.7499762,2.421411e-10,2626183.8,3977.15962717113,5,68280778.8,ok,0,12,26
vco_current_max,7,15,10,0.0,-7.748022e-07,-1.718009e-09,2089393.2,455.04032788314487,5,1337211648.0,ok,5,9,640
vco_current_max,7,15,10,0.05,0.04999502,-1.167867e-09,2089114.0,427.43596011566456,5,1337032960.0,ok,5,9,640
vco_current_max,7,15,10,0.1,0.09998752,-7.659144e-10,2088834.8,517.6506543992773,5,1336854272.0,ok,5,9,640
vco_current_max,7,15,10,0.15,0.1499889,-5.547615e-10,2088695.2,517.6506543992773,5,1336764928.0,ok,5,9,640
vco_current_max,7,15,10,0.2,0.1999847,-3.423372e-10,2088196.4,143.59770193147241,5,1336445696.0,ok,5,9,640
vco_current_max,7,15,10,0.25,0.2499787,-2.84461e-10,2087007.4,269.6067506573231,5,1335684736.0,ok,5,9,640
vco_current_max,7,15,10,0.3,0.2999637,-2.291294e-10,2085656.8,151.24549580070146,5,1334820352.0,ok,5,9,640
vco_current_max,7,15,10,0.35,0.3500005,3.735168e-11,2082208.2,395.6408725094009,5,1332613248.0,ok,5,9,640
vco_current_max,7,15,10,0.4,0.3999863,1.572789e-11,2073116.2,596.2585009876169,5,1326794368.0,ok,5,9,640
vco_current_max,7,15,10,0.45,0.4499791,-1.585342e-10,2041048.0,1397.2564188437282,5,1306270720.0,ok,5,9,640
vco_current_max,7,15,10,0.5,0.4999756,1.572778e-11,4879256.0,16129.51115192274,5,1151504416.0,ok,0,117,236
vco_current_max,7,15,10,0.55,0.5499709,9.367979e-12,3232376.6,20973.60898367279,5,762840877.6,ok,0,117,236
vco_current_max,7,15,10,0.6,0.5999659,2.526759e-11,5017874.0,91527.55940152671,5,351251180.0,ok,0,34,70
vco_current_max,7,15,10,0.65,0.6499871,6.660711e-11,5024708.0,58352.66506338849,5,140691824.0,ok,0,13,28
vco_current_max,7,15,10,0.7,0.6999736,7.678308e-11,2848925.4,15650.449891297054,5,79769911.2,ok,0,13,28
vco_current_max,7,15,10,0.75,0.7499757,1.57554e-10,2438752.4,3049.2004361799504,5,68285067.2,ok,0,13,28
vco_current_max,7,15,11,0.0,-2.147368e-06,-1.730093e-09,2026078.0,501.648781519501,5,1296689920.0,ok,5,9,640
vco_current_max,7,15,11,0.05,0.04999545,-1.076283e-09,2025404.0,200.89300634915094,5,1296258560.0,ok,5,9,640
vco_current_max,7,15,11,0.1,0.09998707,-8.721267e-10,2025044.2,261.48843186649765,5,1296028288.0,ok,5,9,640
vco_current_max,7,15,11,0.15,0.1499891,-4.580895e-10,2024369.8,310.2905090395128,5,1295596672.0,ok,5,9,640
vco_current_max,7,15,11,0.2,0.1999863,-1.311864e-10,2023694.4,274.4244887031768,5,1295164416.0,ok,5,9,640
vco_current_max,7,15,11,0.25,0.2499777,9.368062e-12,2021841.0,400.4915729450496,5,1293978240.0,ok,5,9,640
vco_current_max,7,15,11,0.3,0.2999634,-2.234055e-10,2019566.8,455.3978480405896,5,1292522752.0,ok,5,9,640
vco_current_max,7,15,11,0.35,0.3500005,-3.963973e-10,2014082.0,541.5787108075797,5,1289012480.0,ok,5,9,640
vco_current_max,7,15,11,0.4,0.3999871,-3.486972e-10,4964400.0,1970.0,5,1270886400.0,ok,1,63,256
vco_current_max,7,15,11,0.45,0.4499798,-3.04177e-10,4786254.0,2927.145367076941,5,1225281024.0,ok,1,63,256
vco_current_max,7,15,11,0.5,0.4999758,-2.024177e-10,3979772.0,17414.748634419044,5,1018821632.0,ok,1,63,256
vco_current_max,7,15,11,0.55,0.5499707,1.130347e-10,2407332.2,19112.189361765963,5,616277043.2,ok,1,63,256
vco_current_max,7,15,11,0.6,0.5999647,1.639139e-10,5175288.0,59861.114005671494,5,279465552.0,ok,0,26,54
vco_current_max,7,15,11,0.65,0.6499866,-5.677543e-11,2154940.6,9728.25617980941,5,116366792.4,ok,0,26,54
vco_current_max,7,15,11,0.7,0.6999739,-2.92093e-10,4881536.0,65791.1128496851,5,78104576.0,ok,0,7,16
vco_current_max,7,15,11,0.75,0.749975,-1.248267e-10,4270170.0,5854.724587886265,5,68322720.0,ok,0,7,16
vco_current_max,7,15,12,0.0,-1.575449e-06,-1.952058e-09,4968536.0,4009.4675456973087,5,1212322784.0,ok,0,121,244
vco_current_max,7,15,12,0.05,0.04999467,-6.39986e-10,4965374.0,3915.971143918198,5,1211551256.0,ok,0,121,244
vco_current_max,7,15,12,0.1,0.09998704,-8.638585e-10,4967676.0,2201.176957902295,5,1212112944.0,ok,0,121,244
vco_current_max,7,15,12,0.15,0.1499879,-4.809855e-10,4962430.0,3114.8434952658536,5,1210832920.0,ok,0,121,244
vco_current_max,7,15,12,0.2,0.1999851,-5.363178e-10,4965582.0,1762.0215662698342,5,1211602008.0,ok,0,121,244
vco_current_max,7,15,12,0.25,0.249978,-3.544212e-10,4962824.0,1648.2202522721288,5,1210929056.0,ok,0,121,244
vco_current_max,7,15,12,0.3,0.2999651,-4.148414e-10,4956652.0,2281.2102051323545,5,1209423088.0,ok,0,121,244
vco_current_max,7,15,12,0.35,0.3500015,-3.429731e-10,4951352.0,2147.072425420251,5,1208129888.0,ok,0,121,244
vco_current_max,7,15,12,0.4,0.3999886,5.833936e-11,4922168.0,2529.4505332186277,5,1201008992.0,ok,0,121,244
vco_current_max,7,15,12,0.45,0.4499799,-2.316734e-10,4782488.0,7742.0649700193035,5,1166927072.0,ok,0,121,244
vco_current_max,7,15,12,0.5,0.4999752,2.66945e-10,4229478.0,20359.521605381597,5,1031992632.0,ok,0,121,244
vco_current_max,7,15,12,0.55,0.5499703,1.804498e-10,2924175.0,25176.35227748452,5,713498700.0,ok,0,121,244
vco_current_max,7,15,12,0.6,0.5999649,5.515916e-11,5074746.0,74782.16418371428,5,345082728.0,ok,0,33,68
vco_current_max,7,15,12,0.65,0.6499865,3.655234e-10,4979864.0,103632.7654750176,5,139436192.0,ok,0,13,28
vco_current_max,7,15,12,0.7,0.6999737,-1.000229e-10,2857827.8,31146.545381470478,5,80019178.39999999,ok,0,13,28
vco_current_max,7,15,12,0.75,0.749976,5.455094e-10,2448430.0,3873.028530749548,5,68556040.0,ok,0,13,28
vco_current_max,7,15,13,0.0,-1.461114e-06,-1.31224e-09,5004366.0,3605.714908308753,5,1060925592.0,ok,0,105,212
vco_current_max,7,15,13,0.05,0.04999516,-7.996227e-10,5003564.0,3161.713143218404,5,1060755568.0,ok,0,105,212
vco_current_max,7,15,13,0.1,0.09998634,-1.256272e-09,5005350.0,4354.555086343495,5,1061134200.0,ok,0,105,212
vco_current_max,7,15,13,0.15,0.1499877,-8.047103e-10,5006558.0,6776.4053892901065,5,1061390296.0,ok,0,105,212
vco_current_max,7,15,13,0.2,0.1999844,-2.297654e-10,5006552.0,3610.2589934795537,5,1061389024.0,ok,0,105,212
vco_current_max,7,15,13,0.25,0.2499777,-4.358293e-10,5003350.0,6907.398207719025,5,1060710200.0,ok,0,105,212
vco_current_max,7,15,13,0.3,0.299963,-3.703212e-10,4995348.0,4323.687083959708,5,1059013776.0,ok,0,105,212
vco_current_max,7,15,13,0.35,0.3500026,2.908368e-11,4978632.0,5823.887876667956,5,1055469984.0,ok,0,105,212
vco_current_max,7,15,13,0.4,0.3999864,-2.234055e-10,4911866.0,7083.684069747888,5,1041315592.0,ok,0,105,212
vco_current_max,7,15,13,0.45,0.4499789,-8.412306e-11,4672454.0,10390.759356274208,5,990560248.0,ok,0,105,212
vco_current_max,7,15,13,0.5,0.4999751,-2.72377e-10,3962816.0,7938.118794777513,5,840116992.0,ok,0,105,212
vco_current_max,7,15,13,0.55,0.5499706,2.618569e-10,2634245.6,21175.358056004625,5,558460067.2,ok,0,105,212
vco_current_max,7,15,13,0.6,0.5999658,2.605848e-10,5231838.0,213501.50542794773,5,272055576.0,ok,0,25,52
vco_current_max,7,15,13,0.65,0.6499861,-1.267346e-10,2242418.6,28905.967875163773,5,116605767.2,ok,0,25,52
vco_current_max,7,15,13,0.7,0.6999732,3.165519e-10,4877154.0,11785.312045083914,5,78034464.0,ok,0,7,16
vco_current_max,7,15,13,0.75,0.7499758,4.043188e-10,4276028.0,9472.912434937842,5,68416448.0,ok,0,7,16
vco_current_max,7,15,14,0.0,-1.804219e-06,-1.377112e-09,4991324.0,6967.2720630100275,5,778646544.0,ok,0,77,156
vco_current_max,7,15,14,0.05,0.04999596,-9.916953e-10,4982458.0,6030.938567088874,5,777263448.0,ok,0,77,156
vco_current_max,7,15,14,0.1,0.09998511,-7.894465e-10,4983406.0,6125.053469154372,5,777411336.0,ok,0,77,156
vco_current_max,7,15,14,0.15,0.1499878,-4.491854e-10,4987624.0,3729.4879005032312,5,778069344.0,ok,0,77,156
vco_current_max,7,15,14,0.2,0.199985,-2.062336e-10,4983252.0,5242.382092140938,5,777387312.0,ok,0,77,156
vco_current_max,7,15,14,0.25,0.2499777,-1.502663e-10,4978236.0,7298.375161637006,5,776604816.0,ok,0,77,156
vco_current_max,7,15,14,0.3,0.2999633,-3.925812e-10,4968576.0,10481.237045311016,5,775097856.0,ok,0,77,156
vco_current_max,7,15,14,0.35,0.3500013,-3.963973e-10,4934124.0,4518.255194209375,5,769723344.0,ok,0,77,156
vco_current_max,7,15,14,0.4,0.3999869,1.823579e-10,4873914.0,7934.735660373319,5,760330584.0,ok,0,77,156
vco_current_max,7,15,14,0.45,0.4499799,-2.92729e-10,4714548.0,6318.047166648885,5,735469488.0,ok,0,77,156
vco_current_max,7,15,14,0.5,0.4999751,-3.531491e-10,4243688.0,13060.672647302665,5,662015328.0,ok,0,77,156
vco_current_max,7,15,14,0.55,0.5499703,1.58826e-10,3136652.0,30507.10813072914,5,489317712.0,ok,0,77,156
vco_current_max,7,15,14,0.6,0.5999651,2.669448e-10,5123608.0,150353.15866319535,5,256180400.0,ok,0,24,50
vco_current_max,7,15,14,0.65,0.6499881,4.024114e-10,2326831.8,26491.97571341179,5,116341589.99999999,ok,0,24,50
vco_current_max,7,15,14,0.7,0.6999727,6.342699e-11,4869700.0,23739.991575398675,5,77915200.0,ok,0,7,16
vco_current_max,7,15,14,0.75,0.7499762,8.291621e-10,4284428.0,5588.619686469996,5,68550848.0,ok,0,7,16
vco_current_max,7,15,15,0.0,-1.4611e-06,-1.538657e-09,5080716.0,1035.195633684764,5,396295848.0,ok,0,38,78
vco_current_max,7,15,15,0.05,0.04999584,-7.894466e-10,5079900.0,7649.2352558932325,5,396232200.0,ok,0,38,78
vco_current_max,7,15,15,0.1,0.0999873,-1.086459e-09,5076630.0,3381.212800165053,5,395977140.0,ok,0,38,78
vco_current_max,7,15,15,0.15,0.1499888,-8.218826e-10,5082300.0,1668.0377693565574,5,396419400.0,ok,0,38,78
vco_current_max,7,15,15,0.2,0.199985,-9.875079e-11,5069420.0,5274.637428297798,5,395414760.0,ok,0,38,78
vco_current_max,7,15,15,0.25,0.2499776,-3.556931e-10,5043424.0,6046.840497317587,5,393387072.0,ok,0,38,78
vco_current_max,7,15,15,0.3,0.2999637,-2.577491e-10,5007768.0,9603.383257998194,5,390605904.0,ok,0,38,78
vco_current_max,7,15,15,0.35,0.3500007,-2.879177e-11,4964366.0,6102.661714366936,5,387220548.0,ok,0,38,78
vco_current_max,7,15,15,0.4,0.3999864,1.575543e-10,4906660.0,7104.846937126795,5,382719480.0,ok,0,38,78
vco_current_max,7,15,15,0.45,0.4499788,-2.70469e-10,4788918.0,5294.706790748663,5,373535604.0,ok,0,38,78
vco_current_max,7,15,15,0.5,0.4999752,-3.868572e-10,4442570.0,9808.87863111783,5,346520460.0,ok,0,38,78
vco_current_max,7,15,15,0.55,0.5499704,2.618569e-10,3522681.2,11588.515487326235,5,274769133.6,ok,0,38,78
vco_current_max,7,15,15,0.6,0.5999649,-3.09901e-10,2136957.6,15009.071616858919,5,166682692.8,ok,0,38,78
vco_current_max,7,15,15,0.65,0.6499857,1.918975e-10,4891242.0,39553.2567559234,5,97824840.0,ok,0,9,20
vco_current_max,7,15,15,0.7,0.6999742,1.550099e-10,3769443.6,12911.353736150211,5,75388872.0,ok,0,9,20
vco_current_max,7,15,15,0.75,0.7499768,-1.070189e-10,3410052.8,9713.528334235712,5,68201056.0,ok,0,9,20
vco_current_min,7,0,0,0.0,-2.948e-06,-1.973046e-09,2240828.4,179.77986539098308,5,1434130176.0,ok,5,9,640
vco_current_min,7,0,0,0.05,0.04999447,-9.00111e-10,2240667.6,179.77986539098308,5,1434027264.0,ok,5,9,640
vco_current_min,7,0,0,0.1,0.09998658,-1.136703e-09,2240587.2,220.18446811707676,5,1433975808.0,ok,5,9,640
vco_current_min,7,0,0,0.15,0.1499886,-8.829385e-10,2240506.8,220.18446811707676,5,1433924352.0,ok,5,9,640
vco_current_min,7,0,0,0.2,0.1999851,-2.259495e-10,2240748.0,366.9741135284613,5,1434078720.0,ok,5,9,640
vco_current_min,7,0,0,0.25,0.2499789,-4.262893e-10,2240346.0,284.2569260369921,5,1433821440.0,ok,5,9,640
vco_current_min,7,0,0,0.3,0.2999639,-3.486972e-10,2240131.6,219.1627249328681,5,1433684224.0,ok,5,9,640
vco_current_min,7,0,0,0.35,0.3500016,1.066746e-10,2239344.4,219.6367455595716,5,1433180416.0,ok,5,9,640
vco_current_min,7,0,0,0.4,0.3999861,-1.076548e-10,2238301.8,335.5006706401643,5,1432513152.0,ok,5,9,640
vco_current_min,7,0,0,0.45,0.4499794,1.340225e-10,2235680.0,178.88543819998318,5,1430835200.0,ok,5,9,640
vco_current_min,7,0,0,0.5,0.4999762,1.581901e-10,2227805.2,452.6496437643578,5,1425795328.0,ok,5,9,640
vco_current_min,7,0,0,0.55,0.549971,-5.741133e-11,2203670.0,617.8110552588065,5,1410348800.0,ok,5,9,640
vco_current_min,7,0,0,0.6,0.5999669,3.922353e-10,2170409.8,635.0411010320513,5,1389062272.0,ok,5,9,640
vco_current_min,7,0,0,0.65,0.649987,1.626418e-10,2155198.6,520.5322276286071,5,1379327104.0,ok,5,9,640
vco_current_min,7,0,0,0.7,0.6999742,-6.122741e-11,2152195.0,222.35219810022116,5,1377404800.0,ok,5,9,640
vco_current_min,7,0,0,0.75,0.7499765,2.211532e-10,2151526.2,548.6822395521838,5,1376976768.0,ok,5,9,640
vco_current_min,7,1,0,0.0,-8.891948e-07,-2.17593e-09,2240667.6,336.3373306666984,5,1434027264.0,ok,5,9,640
vco_current_min,7,1,0,0.05,0.04999572,-1.560917e-09,2240587.2,220.18446811707676,5,1433975808.0,ok,5,9,640
vco_current_min,7,1,0,0.1,0.09998763,-1.024131e-09,2240426.4,179.77986539098308,5,1433872896.0,ok,5,9,640
vco_current_min,7,1,0,0.15,0.1499885,-6.329898e-10,2240346.0,0.0,5,1433821440.0,ok,5,9,640
vco_current_min,7,1,0,0.2,0.1999847,-7.888104e-10,2240734.6,145.25253870414795,5,1434070144.0,ok,5,9,640
vco_current_min,7,1,0,0.25,0.2499786,-6.532053e-12,2240372.8,337.00400591090903,5,1433838592.0,ok,5,9,640
vco_current_min,7,1,0,0.3,0.2999633,-7.167961e-12,2239872.2,160.5496807844849,5,1433518208.0,ok,5,9,640
vco_current_min,7,1,0,0.35,0.3500005,-1.77614e-10,2239344.4,219.6367455595716,5,1433180416.0,ok,5,9,640
vco_current_min,7,1,0,0.4,0.3999856,7.614706e-11,2238141.4,219.6367455595716,5,1432410496.0,ok,5,9,640
vco_current_min,7,1,0,0.45,0.4499798,2.717568e-11,2235520.0,178.88543819998318,5,1430732800.0,ok,5,9,640
vco_current_min,7,1,0,0.5,0.4999753,2.081574e-11,2227646.4,517.6246709730902,5,1425693696.0,ok,5,9,640
vco_current_min,7,1,0,0.55,0.5499709,4.424789e-10,2203261.6,1171.7255651388682,5,1410087424.0,ok,5,9,640
vco_current_min,7,1,0,0.6,0.599965,7.996279e-11,2168941.4,470.13381073902775,5,1388122496.0,ok,5,9,640
vco_current_min,7,1,0,0.65,0.649987,2.771206e-10,2152862.0,463.5256195724245,5,1377831680.0,ok,5,9,640
vco_current_min,7,1,0,0.7,0.6999741,2.497728e-10,2149294.4,264.9128158470254,5,1375548416.0,ok,5,9,640
vco_current_min,7,1,0,0.75,0.7499774,3.935072e-10,2149368.4,322.7147347116335,5,1375595776.0,ok,5,9,640
vco_current_min,7,2,0,0.0,-1.003558e-06,-2.05191e-09,2239620.4,287.82685767662474,5,1433357056.0,ok,5,9,640
vco_current_min,7,2,0,0.05,0.04999526,-1.129708e-09,2239656.8,160.5496807844849,5,1433380352.0,ok,5,9,640
vco_current_min,7,2,0,0.1,0.09998725,-1.173591e-09,2239576.6,268.9466489845151,5,1433329024.0,ok,5,9,640
vco_current_min,7,2,0,0.15,0.1499879,-7.996225e-10,2239344.4,219.6367455595716,5,1433180416.0,ok,5,9,640
vco_current_min,7,2,0,0.2,0.1999852,-5.643017e-10,2239344.4,219.6367455595716,5,1433180416.0,ok,5,9,640
vco_current_min,7,2,0,0.25,0.2499782,-3.544212e-10,2238702.8,179.33265179548314,5,1432769792.0,ok,5,9,640
vco_current_min,7,2,0,0.3,0.2999642,-1.70618e-10,2238301.8,179.33265179548314,5,1432513152.0,ok,5,9,640
vco_current_min,7,2,0,0.35,0.3500017,2.590375e-11,2237981.0,283.5498192558056,5,1432307840.0,ok,5,9,640
vco_current_min,7,2,0,0.4,0.3999871,-1.591702e-10,2236871.8,511.4354309196812,5,1431597952.0,ok,5,9,640
vco_current_min,7,2,0,0.45,0.4499808,-1.543585e-11,2233841.4,218.54130044456127,5,1429658496.0,ok,5,9,640
vco_current_min,7,2,0,0.5,0.4999761,2.841168e-10,2224965.6,354.1931676359667,5,1423977984.0,ok,5,9,640
vco_current_min,7,2,0,0.55,0.5499707,1.473782e-10,2198351.4,1075.5458149237531,5,1406944896.0,ok,5,9,640
vco_current_min,7,2,0,0.6,0.5999665,1.238465e-10,2159706.4,649.8717565797117,5,1382212096.0,ok,5,9,640
vco_current_min,7,2,0,0.65,0.6499853,-1.553543e-10,2140280.8,533.1540115201235,5,1369779712.0,ok,5,9,640
vco_current_min,7,2,0,0.7,0.6999745,2.974724e-10,2136199.0,416.16403016118534,5,1367167360.0,ok,5,9,640
vco_current_min,7,2,0,0.75,0.7499776,2.803007e-10,2135520.8,378.31957390544835,5,1366733312.0,ok,5,9,640
vco_current_min,7,3,0,0.0,-1.34678e-06,-1.974953e-09,2239103.8,335.5006706401643,5,1433026432.0,ok,5,9,640
vco_current_min,7,3,0,0.05,0.0499949,-1.078827e-09,2239103.8,335.5006706401643,5,1433026432.0,ok,5,9,640
vco_current_min,7,3,0,0.1,0.09998655,-8.129784e-10,2239023.6,219.6367455595716,5,1432975104.0,ok,5,9,640
vco_current_min,7,3,0,0.15,0.1499882,-7.080382e-10,2238863.2,179.33265179548314,5,1432872448.0,ok,5,9,640
vco_current_min,7,3,0,0.2,0.199985,-2.075056e-10,2238863.2,335.5006706401643,5,1432872448.0,ok,5,9,640
vco_current_min,7,3,0,0.25,0.2499783,-8.094304e-11,2238382.0,0.0,5,1432564480.0,ok,5,9,640
vco_current_min,7,3,0,0.3,0.2999633,-2.329454e-10,2238301.8,179.33265179548314,5,1432513152.0,ok,5,9,640
vco_current_min,7,3,0,0.35,0.3500006,-1.235546e-10,2237660.2,179.33265179548314,5,1432102528.0,ok,5,9,640
vco_current_min,7,3,0,0.4,0.3999862,-2.151376e-10,2236480.0,178.88543819998318,5,1431347200.0,ok,5,9,640
vco_current_min,7,3,0,0.45,0.4499796,-3.578771e-11,2233522.2,178.43822460448322,5,1429454208.0,ok,5,9,640
vco_current_min,7,3,0,0.5,0.4999756,-8.221507e-11,2224252.8,331.31737050749393,5,1423521792.0,ok,5,9,640
vco_current_min,7,3,0,0.55,0.5499708,1.117626e-10,2196935.6,704.572778355792,5,1406038784.0,ok,5,9,640
vco_current_min,7,3,0,0.6,0.5999658,5.770331e-11,2156186.4,551.7651674399173,5,1379959296.0,ok,5,9,640
vco_current_min,7,3,0,0.65,0.6499864,-1.479983e-11,2137270.0,506.6927076641226,5,1367852800.0,ok,5,9,640
vco_current_min,7,3,0,0.7,0.6999741,4.498321e-11,2132837.6,223.08025461703238,5,1365016064.0,ok,5,9,640
vco_current_min,7,3,0,0.75,0.7499765,3.807872e-10,2131875.2,304.5442496584035,5,1364400128.0,ok,5,9,640
vco_current_min,7,4,0,0.0,-1.346707e-06,-2.060814e-09,2237900.8,335.5006706401643,5,1432256512.0,ok,5,9,640
vco_current_min,7,4,0,0.05,0.0499947,-1.20094e-09,2238141.4,219.6367455595716,5,1432410496.0,ok,5,9,640
vco_current_min,7,4,0,0.1,0.09998691,-9.624387e-10,2237981.0,0.0,5,1432307840.0,ok,5,9,640
vco_current_min,7,4,0,0.15,0.1499882,-6.304459e-10,2237900.8,335.5006706401643,5,1432256512.0,ok,5,9,640
vco_current_min,7,4,0,0.2,0.1999848,-3.111731e-10,2237580.0,283.5498192558056,5,1432051200.0,ok,5,9,640
vco_current_min,7,4,0,0.25,0.2499779,-2.456652e-10,2237339.4,219.6367455595716,5,1431897216.0,ok,5,9,640
vco_current_min,7,4,0,0.3,0.2999644,-1.655301e-10,2236795.8,275.4781298034383,5,1431549312.0,ok,5,9,640
vco_current_min,7,4,0,0.35,0.350002,-1.464503e-10,2236240.0,219.08902300206645,5,1431193600.0,ok,5,9,640
vco_current_min,7,4,0,0.4,0.3999869,-9.111899e-11,2234960.0,357.77087639996637,5,1430374400.0,ok,5,9,640
vco_current_min,7,4,0,0.45,0.4499792,-1.444039e-12,2231944.2,188.94761178697127,5,1428444288.0,ok,5,9,640
vco_current_min,7,4,0,0.5,0.4999758,-4.787143e-11,2222349.0,330.48071048095983,5,1422303360.0,ok,5,9,640
vco_current_min,7,4,0,0.55,0.5499709,-3.769565e-11,2191782.2,545.7033992930592,5,1402740608.0,ok,5,9,640
vco_current_min,7,4,0,0.6,0.5999652,1.543741e-10,2145218.8,542.3492417252927,5,1372940032.0,ok,5,9,640
vco_current_min,7,4,0,0.65,0.649987,9.077497e-11,2122272.0,301.1976095522672,5,1358254080.0,ok,5,9,640
vco_current_min,7,4,0,0.7,0.6999733,7.169496e-11,2117133.2,611.5126327395044,5,1354965248.0,ok,5,9,640
vco_current_min,7,4,0,0.75,0.7499768,3.477158e-10,2116956.0,648.6358762819091,5,1354851840.0,ok,5,9,640
vco_current_min,7,5,0,0.0,-7.748167e-07,-1.822313e-09,2237660.2,335.5006706401643,5,1432102528.0,ok,5,9,640
vco_current_min,7,5,0,0.05,0.04999584,-1.227652e-09,2237565.0,422.9940897932263,5,1432041600.0,ok,5,9,640
vco_current_min,7,5,0,0.1,0.09998836,-9.058351e-10,2237499.8,179.33265179548314,5,1431999872.0,ok,5,9,640
vco_current_min,7,5,0,0.15,0.1499881,-4.943417e-10,2237580.0,283.5498192558056,5,1432051200.0,ok,5,9,640
vco_current_min,7,5,0,0.2,0.1999851,-3.792253e-10,2237275.8,502.9196754950039,5,1431856512.0,ok,5,9,640
vco_current_min,7,5,0,0.25,0.2499788,-2.259494e-10,2236795.8,275.4781298034383,5,1431549312.0,ok,5,9,640
vco_current_min,7,5,0,0.3,0.299964,-1.019309e-10,2236720.0,178.88543819998318,5,1431500800.0,ok,5,9,640
vco_current_min,7,5,0,0.35,0.3500012,-1.352776e-11,2236080.0,178.88543819998318,5,1431091200.0,ok,5,9,640
vco_current_min,7,5,0,0.4,0.3999886,-9.938683e-11,2235040.0,219.08902300206645,5,1430425600.0,ok,5,9,640
vco_current_min,7,5,0,0.45,0.4499804,-1.712541e-10,2231519.2,343.4307790516162,5,1428172288.0,ok,5,9,640
vco_current_min,7,5,0,0.5,0.4999757,-3.960358e-11,2221793.4,469.1085162305199,5,1421947776.0,ok,5,9,640
vco_current_min,7,5,0,0.55,0.5499709,-7.77631e-11,2190553.6,611.5266143022722,5,1401954304.0,ok,5,9,640
vco_current_min,7,5,0,0.6,0.5999658,6.024711e-11,2140937.8,1518.699838677808,5,1370200192.0,ok,5,9,640
vco_current_min,7,5,0,0.65,0.6499872,1.505581e-10,2118091.2,238.59945515444917,5,1355578368.0,ok,5,9,640
vco_current_min,7,5,0,0.7,0.6999748,9.204681e-11,2112797.4,586.610859088033,5,1352190336.0,ok,5,9,640
vco_current_min,7,5,0,0.75,0.7499776,3.165522e-10,2111869.2,407.0426267603923,5,1351596288.0,ok,5,9,640
vco_current_min,7,6,0,0.0,-1.689812e-06,-1.90245e-09,2236160.0,219.08902300206645,5,1431142400.0,ok,5,9,640
vco_current_min,7,6,0,0.05,0.04999411,-1.36948e-09,2236000.0,282.842712474619,5,1431040000.0,ok,5,9,640
vco_current_min,7,6,0,0.1,0.09998637,-8.784867e-10,2236320.0,178.88543819998318,5,1431244800.0,ok,5,9,640
vco_current_min,7,6,0,0.15,0.1499885,-5.770218e-10,2235920.0,334.66401061363024,5,1430988800.0,ok,5,9,640
vco_current_min,7,6,0,0.2,0.199986,-4.434614e-10,2235760.0,219.08902300206645,5,1430886400.0,ok,5,9,640
vco_current_min,7,6,0,0.25,0.2499784,-1.73162e-10,2235680.0,178.88543819998318,5,1430835200.0,ok,5,9,640
vco_current_min,7,6,0,0.3,0.299964,-1.292785e-10,2235200.0,282.842712474619,5,1430528000.0,ok,5,9,640
vco_current_min,7,6,0,0.35,0.350001,-8.4123e-11,2234400.2,282.48929183245156,5,1430016128.0,ok,5,9,640
vco_current_min,7,6,0,0.4,0.3999866,3.989548e-11,2233362.6,218.54130044456127,5,1429352064.0,ok,5,9,640
vco_current_min,7,6,0,0.45,0.4499798,3.544368e-11,2229755.2,217.99357788705612,5,1427043328.0,ok,5,9,640
vco_current_min,7,6,0,0.5,0.4999754,1.162148e-10,2218530.8,430.71243306874715,5,1419859712.0,ok,5,9,640
vco_current_min,7,6,0,0.55,0.5499712,-6.531969e-12,2183206.8,733.9602850291016,5,1397252352.0,ok,5,9,640
vco_current_min,7,6,0,0.6,0.5999656,-7.013118e-11,2126803.2,736.4164582625784,5,1361154048.0,ok,5,9,640
vco_current_min,7,6,0,0.65,0.6499878,3.289954e-11,2097356.8,401.3417496348966,5,1342308352.0,ok,5,9,640
vco_current_min,7,6,0,0.7,0.6999753,1.276625e-10,2091460.0,530.8012810836085,5,1338534400.0,ok,5,9,640
vco_current_min,7,6,0,0.75,0.7499769,2.504091e-10,2090422.8,662.8406294125308,5,1337870592.0,ok,5,9,640
vco_current_min,7,7,0,0.0,-8.892093e-07,-2.046186e-09,2235840.0,357.77087639996637,5,1430937600.0,ok,5,9,640
vco_current_min,7,7,0,0.05,0.04999619,-1.259452e-09,2235920.0,521.5361924162119,5,1430988800.0,ok,5,9,640
vco_current_min,7,7,0,0.1,0.09998707,-9.955111e-10,2236160.0,219.08902300206645,5,1431142400.0,ok,5,9,640
vco_current_min,7,7,0,0.15,0.1499889,-5.922859e-10,2235600.0,0.0,5,1430784000.0,ok,5,9,640
vco_current_min,7,7,0,0.2,0.1999859,-5.026097e-10,2235520.0,178.88543819998318,5,1430732800.0,ok,5,9,640
vco_current_min,7,7,0,0.25,0.2499783,-3.779532e-10,2235360.0,219.08902300206645,5,1430630400.0,ok,5,9,640
vco_current_min,7,7,0,0.3,0.2999634,-1.865179e-10,2234960.0,357.77087639996637,5,1430374400.0,ok,5,9,640
vco_current_min,7,7,0,0.35,0.3500012,-2.075056e-10,2234320.2,178.43822460448322,5,1429964928.0,ok,5,9,640
vco_current_min,7,7,0,0.4,0.3999868,-2.443933e-10,2232724.2,178.43822460448322,5,1428943488.0,ok,5,9,640
vco_current_min,7,7,0,0.45,0.4499798,1.509171e-11,2229312.4,164.39677612410776,5,1426759936.0,ok,5,9,640
vco_current_min,7,7,0,0.5,0.4999755,3.671549e-11,2218037.2,494.6687780727625,5,1419543808.0,ok,5,9,640
vco_current_min,7,7,0,0.55,0.5499704,5.833933e-11,2181529.8,565.1143247166896,5,1396179072.0,ok,5,9,640
vco_current_min,7,7,0,0.6,0.5999653,2.612208e-10,2123450.6,982.5432814894212,5,1359008384.0,ok,5,9,640
vco_current_min,7,7,0,0.65,0.6499869,-1.191027e-10,2092663.8,367.6454814083807,5,1339304832.0,ok,5,9,640
vco_current_min,7,7,0,0.7,0.6999741,1.887176e-10,2085772.8,311.26066246797075,5,1334894592.0,ok,5,9,640
vco_current_min,7,7,0,0.75,0.7499768,1.092186e-10,2084275.8,721.7854251784252,5,1333936512.0,ok,5,9,640
vco_current_min,7,8,0,0.0,-8.853385e-08,-1.806413e-09,2226284.0,205.71825392998065,5,1424821760.0,ok,5,9,640
vco_current_min,7,8,0,0.05,0.04999571,-1.370752e-09,2226192.0,251.9523764523764,5,1424762880.0,ok,5,9,640
vco_current_min,7,8,0,0.1,0.09998774,-1.138611e-09,2226204.8,382.814837747964,5,1424771072.0,ok,5,9,640
vco_current_min,7,8,0,0.15,0.1499889,-7.074022e-10,2225849.6,354.6784459196809,5,1424543744.0,ok,5,9,640
vco_current_min,7,8,0,0.2,0.199985,-5.948296e-10,2225836.8,177.09658381798334,5,1424535552.0,ok,5,9,640
vco_current_min,7,8,0,0.25,0.2499789,-3.804972e-10,2225520.0,0.0,5,1424332800.0,ok,5,9,640
vco_current_min,7,8,0,0.3,0.299964,-3.118091e-10,2225203.2,177.09658381798334,5,1424130048.0,ok,5,9,640
vco_current_min,7,8,0,0.35,0.3500017,6.823903e-12,2223777.6,216.89813277204578,5,1423217664.0,ok,5,9,640
vco_current_min,7,8,0,0.4,0.3999874,-1.248266e-10,2221480.0,0.0,5,1421747200.0,ok,5,9,640
vco_current_min,7,8,0,0.45,0.4499798,3.862363e-11,2215498.2,351.5098860629669,5,1417918848.0,ok,5,9,640
vco_current_min,7,8,0,0.5,0.4999761,-1.025669e-10,2195227.4,963.0162511609034,5,1404945536.0,ok,5,9,640
vco_current_min,7,8,0,0.55,0.5499726,-1.034797e-11,2071996.4,4080.447806307538,5,1326077696.0,ok,5,9,640
vco_current_min,7,8,0,0.6,0.5999667,-4.151159e-11,4972328.0,19562.827505245757,5,1024299568.0,ok,0,102,206
vco_current_min,7,8,0,0.65,0.6499874,1.127581e-11,4222292.0,6447.725955714929,5,869792152.0,ok,0,102,206
vco_current_min,7,8,0,0.7,0.699975,1.066746e-10,4075398.0,5239.558187481078,5,839531988.0,ok,0,102,206
vco_current_min,7,8,0,0.75,0.7499766,2.154292e-10,4041314.0,9482.635709548269,5,832510684.0,ok,0,102,206
vco_current_min,7,9,0,0.0,-8.891657e-07,-1.829946e-09,2226192.0,251.9523764523764,5,1424762880.0,ok,5,9,640
vco_current_min,7,9,0,0.05,0.04999547,-1.087731e-09,2225928.8,303.1488083433613,5,1424594432.0,ok,5,9,640
vco_current_min,7,9,0,0.1,0.09998725,-7.379302e-10,2225770.4,379.49018432628793,5,1424493056.0,ok,5,9,640
vco_current_min,7,9,0,0.15,0.1499897,-6.024619e-10,2225678.4,216.89813277204578,5,1424434176.0,ok,5,9,640
vco_current_min,7,9,0,0.2,0.1999854,-4.072093e-10,2225361.6,216.89813277204578,5,1424231424.0,ok,5,9,640
vco_current_min,7,9,0,0.25,0.2499794,-3.385212e-10,2225124.0,280.0142853498728,5,1424079360.0,ok,5,9,640
vco_current_min,7,9,0,0.3,0.2999638,-1.089268e-10,2224569.6,216.89813277204578,5,1423724544.0,ok,5,9,640
vco_current_min,7,9,0,0.35,0.3500008,-7.967112e-11,2223269.0,396.4908573977463,5,1422892160.0,ok,5,9,640
vco_current_min,7,9,0,0.4,0.3999866,-1.543582e-11,2221006.0,176.64937022248338,5,1421443840.0,ok,5,9,640
vco_current_min,7,9,0,0.45,0.4499799,-1.229186e-10,2214918.4,66.18761213399378,5,1417547776.0,ok,5,9,640
vco_current_min,7,9,0,0.5,0.4999754,1.289344e-10,2193191.0,344.3544685349676,5,1403642240.0,ok,5,9,640
vco_current_min,7,9,0,0.55,0.5499709,8.568707e-11,2062990.8,5266.359245247138,5,1320314112.0,ok,5,9,640
vco_current_min,7,9,0,0.6,0.5999671,9.39549e-11,4958346.0,25519.434358935152,5,1001585892.0,ok,0,100,202
vco_current_min,7,9,0,0.65,0.6499867,1.636369e-11,4167900.0,6778.082324669715,5,841915800.0,ok,0,100,202
vco_current_min,7,9,0,0.7,0.6999738,-3.988199e-12,3998590.0,10377.817689668671,5,807715180.0,ok,0,100,202
vco_current_min,7,9,0,0.75,0.7499769,3.661597e-10,3973912.0,10032.650198227784,5,802730224.0,ok,0,100,202
vco_current_min,7,10,0,0.0,-1.232343e-06,-1.819133e-09,2223619.2,177.09658381798334,5,1423116288.0,ok,5,9,640
vco_current_min,7,10,0,0.05,0.04999618,-1.352944e-09,2223698.4,216.89813277204578,5,1423166976.0,ok,5,9,640
vco_current_min,7,10,0,0.1,0.09998889,-7.404742e-10,2223060.0,0.0,5,1422758400.0,ok,5,9,640
vco_current_min,7,10,0,0.15,0.1499888,-6.3299e-10,2223077.0,310.2337828154761,5,1422769280.0,ok,5,9,640
vco_current_min,7,10,0,0.2,0.1999856,-4.142054e-10,2222823.0,216.3504102145406,5,1422606720.0,ok,5,9,640
vco_current_min,7,10,0,0.25,0.2499796,-2.70469e-10,2222428.0,216.3504102145406,5,1422353920.0,ok,5,9,640
vco_current_min,7,10,0,0.3,0.2999643,-2.297654e-10,2221488.2,142.53490800502172,5,1421752448.0,ok,5,9,640
vco_current_min,7,10,0,0.35,0.3500014,-1.617141e-10,2220669.0,317.73416561647883,5,1421228160.0,ok,5,9,640
vco_current_min,7,10,0,0.4,0.3999875,-5.741135e-11,2218220.0,0.0,5,1419660800.0,ok,5,9,640
vco_current_min,7,10,0,0.45,0.4499798,-1.479986e-11,2211563.6,476.99926624681507,5,1415400704.0,ok,5,9,640
vco_current_min,7,10,0,0.5,0.4999757,-9.075907e-12,2186704.6,333.99071843391096,5,1399490944.0,ok,5,9,640
vco_current_min,7,10,0,0.55,0.5499714,-5.260126e-12,2015419.4,7048.113066629961,5,1289868416.0,ok,5,9,640
vco_current_min,7,10,0,0.6,0.5999663,6.82393e-12,5011752.0,36950.06995933837,5,892091856.0,ok,0,88,178
vco_current_min,7,10,0,0.65,0.6499879,-6.504329e-11,3952264.0,5626.053679089811,5,703502992.0,ok,0,88,178
vco_current_min,7,10,0,0.7,0.6999744,9.395471e-11,3718947.0,5974.017659833288,5,661972566.0,ok,0,88,178
vco_current_min,7,10,0,0.75,0.7499759,2.198808e-10,3687453.8,6159.559659586065,5,656366776.4,ok,0,88,178
vco_current_min,7,11,0,0.0,-1.232343e-06,-2.178474e-09,2222998.0,361.6731950255645,5,1422718720.0,ok,5,9,640
vco_current_min,7,11,0,0.05,0.04999616,-1.337044e-09,2222902.0,216.3504102145406,5,1422657280.0,ok,5,9,640
vco_current_min,7,11,0,0.1,0.09998752,-7.716384e-10,2222665.0,279.30717856868625,5,1422505600.0,ok,5,9,640
vco_current_min,7,11,0,0.15,0.1499889,-7.39202e-10,2222507.0,216.3504102145406,5,1422404480.0,ok,5,9,640
vco_current_min,7,11,0,0.2,0.1999853,-3.130811e-10,2222270.0,0.0,5,1422252800.0,ok,5,9,640
vco_current_min,7,11,0,0.25,0.2499787,-3.658692e-10,2221796.0,330.48071048095983,5,1421949440.0,ok,5,9,640
vco_current_min,7,11,0,0.3,0.2999645,-3.086291e-10,2220927.0,216.3504102145406,5,1421393280.0,ok,5,9,640
vco_current_min,7,11,0,0.35,0.3500004,4.243944e-11,2219796.0,278.6000717874997,5,1420669440.0,ok,5,9,640
vco_current_min,7,11,0,0.4,0.3999863,7.10591e-11,2217410.0,232.55106965997814,5,1419142400.0,ok,5,9,640
vco_current_min,7,11,0,0.45,0.44998,-5.295936e-11,2210614.2,324.23247832381014,5,1414793088.0,ok,5,9,640
vco_current_min,7,11,0,0.5,0.4999757,4.625531e-11,2185292.0,1144.3662001300108,5,1398586880.0,ok,5,9,640
vco_current_min,7,11,0,0.55,0.5499712,-4.341957e-11,2003810.0,6067.4307577425225,5,1282438400.0,ok,5,9,640
vco_current_min,7,11,0,0.6,0.5999658,-8.730304e-11,4977416.0,35727.39677054571,5,866070384.0,ok,0,86,174
vco_current_min,7,11,0,0.65,0.6499867,8.695891e-11,3841111.2,16035.188093689452,5,668353348.8000001,ok,0,86,174
vco_current_min,7,11,0,0.7,0.6999745,2.192453e-10,3599518.2,2512.188527957247,5,626316166.8000001,ok,0,86,174
vco_current_min,7,11,0,0.75,0.7499753,5.734926e-10,3560052.0,4045.0272557796197,5,619449048.0,ok,0,86,174
vco_current_min,7,12,0,0.0,-1.804292e-06,-1.705288e-09,2220590.2,475.77851990185513,5,1421177728.0,ok,5,9,640
vco_current_min,7,12,0,0.05,0.04999535,-9.662546e-10,2220590.0,223.60679774997897,5,1421177600.0,ok,5,9,640
vco_current_min,7,12,0,0.1,0.09998692,-9.656188e-10,2220211.2,317.40699425185954,5,1420935168.0,ok,5,9,640
vco_current_min,7,12,0,0.15,0.1499891,-5.814738e-10,2219874.8,329.6440504544258,5,1420719872.0,ok,5,9,640
vco_current_min,7,12,0,0.2,0.1999846,-4.612693e-10,2219559.6,215.80268765703545,5,1420518144.0,ok,5,9,640
vco_current_min,7,12,0,0.25,0.2499783,-2.310374e-10,2219165.6,215.80268765703545,5,1420265984.0,ok,5,9,640
vco_current_min,7,12,0,0.3,0.299964,-3.283451e-10,2218141.2,431.6053753140709,5,1419610368.0,ok,5,9,640
vco_current_min,7,12,0,0.35,0.3500004,-9.429894e-11,2216755.8,215.25496509953027,5,1418723712.0,ok,5,9,640
vco_current_min,7,12,0,0.4,0.3999853,2.335956e-11,2214564.8,214.7072425420251,5,1417321472.0,ok,5,9,640
vco_current_min,7,12,0,0.45,0.4499792,7.614701e-11,2207322.0,326.2974103482895,5,1412686080.0,ok,5,9,640
vco_current_min,7,12,0,0.5,0.4999753,-1.165588e-10,2177213.0,1039.214366721323,5,1393416320.0,ok,5,9,640
vco_current_min,7,12,0,0.55,0.5499704,4.307549e-11,4820208.0,23740.14047978655,5,1195411584.0,ok,0,123,248
vco_current_min,7,12,0,0.6,0.5999654,2.027095e-10,2938225.4,29270.077738195367,5,728679899.1999999,ok,0,123,248
vco_current_min,7,12,0,0.65,0.6499865,-4.278357e-11,2033667.0,6389.067459340213,5,504349416.0,ok,0,123,248
vco_current_min,7,12,0,0.7,0.6999742,-5.041556e-11,5044756.0,9918.71362627231,5,454028040.0,ok,0,44,90
vco_current_min,7,12,0,0.75,0.7499768,1.976216e-10,4946326.0,15332.89209510065,5,445169340.0,ok,0,44,90
vco_current_min,7,13,0,0.0,-5.460461e-07,-1.987038e-09,2219559.6,215.80268765703545,5,1420518144.0,ok,5,9,640
vco_current_min,7,13,0,0.05,0.04999559,-1.333228e-09,2219480.8,176.20215662698342,5,1420467712.0,ok,5,9,640
vco_current_min,7,13,0,0.1,0.09998725,-7.640063e-10,2219244.4,215.80268765703545,5,1420316416.0,ok,5,9,640
vco_current_min,7,13,0,0.15,0.1499888,-7.525581e-10,2218929.2,176.20215662698342,5,1420114688.0,ok,5,9,640
vco_current_min,7,13,0,0.2,0.1999859,-5.248696e-10,2218937.6,39.354796403996296,5,1420120064.0,ok,5,9,640
vco_current_min,7,13,0,0.25,0.2499789,-2.539332e-10,2218141.2,176.20215662698342,5,1419610368.0,ok,5,9,640
vco_current_min,7,13,0,0.3,0.2999637,-1.095627e-10,2217722.0,232.55106965997814,5,1419342080.0,ok,5,9,640
vco_current_min,7,13,0,0.35,0.3500019,-1.731621e-10,2216351.8,324.90106186345406,5,1418465152.0,ok,5,9,640
vco_current_min,7,13,0,0.4,0.3999877,-1.140147e-10,2213578.8,206.76363316598983,5,1416690432.0,ok,5,9,640
vco_current_min,7,13,0,0.45,0.4499791,1.191178e-11,2205983.6,405.45566958670094,5,1411829504.0,ok,5,9,640
vco_current_min,7,13,0,0.5,0.4999764,-1.248266e-10,2175452.8,1501.533616007314,5,1392289792.0,ok,5,9,640
vco_current_min,7,13,0,0.55,0.5499706,6.088319e-11,4850308.0,32092.59603086045,5,1183475152.0,ok,0,121,244
vco_current_min,7,13,0,0.6,0.5999665,3.417139e-11,2867963.6,22896.36784077335,5,699783118.4,ok,0,121,244
vco_current_min,7,13,0,0.65,0.6499865,-8.539522e-11,5070234.0,33217.927087643504,5,466461528.0,ok,0,45,92
vco_current_min,7,13,0,0.7,0.6999747,1.295702e-10,4433026.0,6751.913062236509,5,407838392.0,ok,0,45,92
vco_current_min,7,13,0,0.75,0.7499766,2.593128e-10,4331840.0,7961.441452400439,5,398529280.0,ok,0,45,92
vco_current_min,7,14,0,0.0,-4.317262e-07,-1.965413e-09,2216755.8,351.5098860629669,5,1418723712.0,ok,5,9,640
vco_current_min,7,14,0,0.05,0.04999561,-1.095364e-09,2216598.6,175.75494303148346,5,1418623104.0,ok,5,9,640
vco_current_min,7,14,0,0.1,0.09998729,-1.023495e-09,2216284.2,215.25496509953027,5,1418421888.0,ok,5,9,640
vco_current_min,7,14,0,0.15,0.1499884,-6.50798e-10,2216082.2,207.9511961975694,5,1418292608.0,ok,5,9,640
vco_current_min,7,14,0,0.2,0.1999848,-3.156251e-10,2215498.2,215.25496509953027,5,1417918848.0,ok,5,9,640
vco_current_min,7,14,0,0.25,0.249978,-2.97181e-10,2215341.0,277.8929650063132,5,1417818240.0,ok,5,9,640
vco_current_min,7,14,0,0.3,0.2999637,-2.532971e-10,2214564.8,214.7072425420251,5,1417321472.0,ok,5,9,640
vco_current_min,7,14,0,0.35,0.3500009,-1.578983e-10,2213481.2,160.89344299877482,5,1416627968.0,ok,5,9,640
vco_current_min,7,14,0,0.4,0.399987,-4.977947e-11,2209932.0,276.4787514439401,5,1414356480.0,ok,5,9,640
vco_current_min,7,14,0,0.45,0.4499791,5.551726e-12,2201822.4,324.6240902952213,5,1409166336.0,ok,5,9,640
vco_current_min,7,14,0,0.5,0.4999765,5.897521e-11,2167489.6,905.5279123251806,5,1387193344.0,ok,5,9,640
vco_current_min,7,14,0,0.55,0.5499715,1.063985e-11,4860184.0,55081.93651279882,5,1108121952.0,ok,0,113,228
vco_current_min,7,14,0,0.6,0.5999659,2.081563e-11,2350728.8,26486.11856614706,5,535966166.4,ok,0,113,228
vco_current_min,7,14,0,0.65,0.6499872,7.805503e-11,5253786.0,79103.01625096226,5,241674156.0,ok,0,22,46
vco_current_min,7,14,0,0.7,0.6999742,1.41654e-10,3413250.4,12535.955520023195,5,157009518.4,ok,0,22,46
vco_current_min,7,14,0,0.75,0.7499772,3.45808e-10,3122669.2,2808.7281285307768,5,143642783.20000002,ok,0,22,46
vco_current_min,7,15,0,0.0,-1.804248e-06,-1.642961e-09,2216048.4,328.8073904278917,5,1418270976.0,ok,5,9,640
vco_current_min,7,15,0,0.05,0.04999593,-1.127163e-09,2216038.8,171.65139090610364,5,1418264832.0,ok,5,9,640
vco_current_min,7,15,0,0.1,0.09998774,-6.972262e-10,2215891.2,215.25496509953027,5,1418170368.0,ok,5,9,640
vco_current_min,7,15,0,0.15,0.1499886,-5.267777e-10,2215341.0,277.8929650063132,5,1417818240.0,ok,5,9,640
vco_current_min,7,15,0,0.2,0.1999847,-3.843132e-10,2214948.0,0.0,5,1417566720.0,ok,5,9,640
vco_current_min,7,15,0,0.25,0.2499783,-3.168971e-10,2214721.6,175.3077294359835,5,1417421824.0,ok,5,9,640
vco_current_min,7,15,0,0.3,0.2999641,-1.960578e-10,2214094.4,327.9707304013576,5,1417020416.0,ok,5,9,640
vco_current_min,7,15,0,0.35,0.350001,-3.006378e-11,2212604.8,214.7072425420251,5,1416067072.0,ok,5,9,640
vco_current_min,7,15,0,0.4,0.3999864,-8.857502e-11,2209152.2,237.2007588520745,5,1413857408.0,ok,5,9,640
vco_current_min,7,15,0,0.45,0.4499785,-1.082909e-10,2200995.6,397.12063658289026,5,1408637184.0,ok,5,9,640
vco_current_min,7,15,0,0.5,0.4999754,3.162762e-11,2162742.0,1519.6493016482455,5,1384154880.0,ok,5,9,640
vco_current_min,7,15,0,0.55,0.54997,-1.280066e-10,4789340.0,34124.16372601679,5,1091969520.0,ok,0,113,228
vco_current_min,7,15,0,0.6,0.5999663,-1.133788e-10,2179840.8,28213.157412810073,5,497003702.4,ok,0,113,228
vco_current_min,7,15,0,0.65,0.6499866,5.515921e-11,5256202.0,22870.101005461256,5,178710868.0,ok,0,16,34
vco_current_min,7,15,0,0.7,0.6999745,1.48014e-10,2470436.2,18745.008127498906,5,83994830.80000001,ok,0,16,34
vco_current_min,7,15,0,0.75,0.7499774,1.849016e-10,2017286.6,5516.564673780233,5,68587744.4,ok,0,16,34
vco_current_max,8,15,0,0.0,-8.891657e-07,-1.86747e-09,4950176.0,1073.5362127101255,5,1247444352.0,ok,1,62,252
vco_current_max,8,15,0,0.05,0.04999572,-1.188856e-09,4949000.0,0.0,5,1247148000.0,ok,1,62,252
vco_current_max,8,15,0,0.1,0.09998757,-9.605305e-10,4949000.0,1385.9292911256332,5,1247148000.0,ok,1,62,252
vco_current_max,8,15,0,0.15,0.1499882,-6.298099e-10,4947826.0,1071.718246555502,5,1246852152.0,ok,1,62,252
vco_current_max,8,15,0,0.2,0.1999855,-5.668458e-10,4947824.0,1073.5362127101255,5,1246851648.0,ok,1,62,252
vco_current_max,8,15,0,0.25,0.2499791,-3.251651e-10,4946650.0,1640.4572533290832,5,1246555800.0,ok,1,62,252
vco_current_max,8,15,0,0.3,0.2999642,-8.475905e-11,4945080.0,0.0,5,1246160160.0,ok,1,62,252
vco_current_max,8,15,0,0.35,0.3500012,-2.094137e-10,4942028.0,996.8550546594023,5,1245391056.0,ok,1,62,252
vco_current_max,8,15,0,0.4,0.3999863,-2.272214e-10,4936620.0,1068.058987135074,5,1244028240.0,ok,1,62,252
vco_current_max,8,15,0,0.45,0.4499798,-1.311865e-10,4917850.0,1461.7797371697284,5,1239298200.0,ok,1,62,252
vco_current_max,8,15,0,0.5,0.4999761,1.72182e-10,4838558.0,5328.922968105281,5,1219316616.0,ok,1,62,252
vco_current_max,8,15,0,0.55,0.5499706,5.579515e-11,4105592.0,25102.903616912525,5,1034609184.0,ok,1,62,252
vco_current_max,8,15,0,0.6,0.599966,6.915107e-11,5102852.0,115012.64656549731,5,479668088.0,ok,0,46,94
vco_current_max,8,15,0,0.65,0.6499875,1.282985e-10,5278324.0,62143.576337381804,5,168906368.0,ok,0,15,32
vco_current_max,8,15,0,0.7,0.6999744,2.561328e-10,2504505.4,8922.004472090339,5,80144172.8,ok,0,15,32
vco_current_max,8,15,0,0.75,0.7499774,3.566197e-10,2036713.8,2650.6053459540144,5,65174841.6,ok,0,15,32
vco_current_max,8,15,1,0.0,-2.033063e-06,-2.037281e-09,4939350.0,0.0,5,1244716200.0,ok,1,62,252
vco_current_max,8,15,1,0.05,0.0499949,-1.197759e-09,4939350.0,0.0,5,1244716200.0,ok,1,62,252
vco_current_max,8,15,1,0.1,0.09998704,-9.160107e-10,4937790.0,872.066511224918,5,1244323080.0,ok,1,62,252
vco_current_max,8,15,1,0.15,0.1499889,-6.450739e-10,4937010.0,872.066511224918,5,1244126520.0,ok,1,62,252
vco_current_max,8,15,1,0.2,0.1999853,-6.558858e-10,4936620.0,1068.058987135074,5,1244028240.0,ok,1,62,252
vco_current_max,8,15,1,0.25,0.2499781,-3.067211e-10,4935450.0,0.0,5,1243733400.0,ok,1,62,252
vco_current_max,8,15,1,0.3,0.2999638,-9.1119e-11,4933704.0,1452.353262811772,5,1243293408.0,ok,1,62,252
vco_current_max,8,15,1,0.35,0.3500014,9.904275e-11,4928764.0,1062.5817615600222,5,1242048528.0,ok,1,62,252
vco_current_max,8,15,1,0.4,0.3999861,-4.62419e-12,4922168.0,867.5943752699184,5,1240386336.0,ok,1,62,252
vco_current_max,8,15,1,0.45,0.4499786,2.908346e-11,4899456.0,1606.387250945425,5,1234662912.0,ok,1,62,252
vco_current_max,8,15,1,0.5,0.4999766,2.46316e-11,4797658.0,4318.335327414952,5,1209009816.0,ok,1,62,252
vco_current_max,8,15,1,0.55,0.5499705,1.531022e-10,3766513.6,30003.383255892993,5,949161427.2,ok,1,62,252
vco_current_max,8,15,1,0.6,0.5999657,9.367784e-12,5259780.0,78546.57440016083,5,420782400.0,ok,0,39,80
vco_current_max,8,15,1,0.65,0.6499872,1.709098e-10,5075700.0,95045.17846792651,5,152271000.0,ok,0,14,30
vco_current_max,8,15,1,0.7,0.699974,1.57554e-10,2608775.8,14746.987495756548,5,78263274.0,ok,0,14,30
vco_current_max,8,15,1,0.75,0.7499762,1.620058e-10,2171419.6,7568.411742234958,5,65142588.0,ok,0,14,30
vco_current_max,8,15,2,0.0,-1.689798e-06,-1.897362e-09,4924496.0,1062.5817615600222,5,1240972992.0,ok,1,62,252
vco_current_max,8,15,2,0.05,0.04999535,-1.365664e-09,4923720.0,0.0,5,1240777440.0,ok,1,62,252
vco_current_max,8,15,2,0.1,0.09998737,-1.082007e-09,4923720.0,0.0,5,1240777440.0,ok,1,62,252
vco_current_max,8,15,2,0.15,0.1499885,-7.455622e-10,4922168.0,867.5943752699184,5,1240386336.0,ok,1,62,252
vco_current_max,8,15,2,0.2,0.1999851,-2.95909e-10,4921004.0,1062.5817615600222,5,1240093008.0,ok,1,62,252
vco_current_max,8,15,2,0.25,0.2499779,-1.655301e-10,4919840.0,0.0,5,1239799680.0,ok,1,62,252
vco_current_max,8,15,2,0.3,0.2999635,-3.607812e-10,4917462.0,979.3977741449079,5,1239200424.0,ok,1,62,252
vco_current_max,8,15,2,0.35,0.3500003,-6.567924e-11,4913780.0,0.0,5,1238272560.0,ok,1,62,252
vco_current_max,8,15,2,0.4,0.3999865,-6.695128e-11,4905584.0,1064.3683572899,5,1236207168.0,ok,1,62,252
vco_current_max,8,15,2,0.45,0.4499799,-8.5395e-11,4878904.0,1046.1500848348674,5,1229483808.0,ok,1,62,252
vco_current_max,8,15,2,0.5,0.4999759,-2.815573e-11,4757792.0,5406.761507593987,5,1198963584.0,ok,1,62,252
vco_current_max,8,15,2,0.55,0.5499703,6.8515e-11,3682624.0,54524.35905171192,5,928021248.0,ok,1,62,252
vco_current_max,8,15,2,0.6,0.5999658,-1.83974e-10,5123038.0,166692.22618346664,5,420089116.0,ok,0,40,82
vco_current_max,8,15,2,0.65,0.6499863,2.971939e-11,5133212.0,33273.484488403075,5,153996360.0,ok,0,14,30
vco_current_max,8,15,2,0.7,0.6999742,2.39955e-11,2614996.4,20296.051815562554,5,78449892.0,ok,0,14,30
vco_current_max,8,15,2,0.75,0.7499768,1.572753e-11,2166962.8,2798.3100614478017,5,65008883.99999999,ok,0,14,30
vco_current_max,8,15,3,0.0,-5.460897e-07,-2.04873e-09,4906832.0,1057.1045359849707,5,1226708000.0,ok,0,124,250
vco_current_max,8,15,3,0.05,0.04999594,-1.366936e-09,4906356.0,1780.17695749608,5,1226589000.0,ok,0,124,250
vco_current_max,8,15,3,0.1,0.09998719,-9.815191e-10,4905584.0,1064.3683572899,5,1226396000.0,ok,0,124,250
vco_current_max,8,15,3,0.15,0.1499883,-6.72422e-10,4905108.0,1303.5796868622954,5,1226277000.0,ok,0,124,250
vco_current_max,8,15,3,0.2,0.1999852,-3.391572e-10,4903680.0,0.0,5,1225920000.0,ok,0,124,250
vco_current_max,8,15,3,0.25,0.2499786,-4.828935e-10,4901376.0,858.6501033599193,5,1225344000.0,ok,0,124,250
vco_current_max,8,15,3,0.3,0.2999637,-1.903339e-10,4899072.0,1051.627310409919,5,1224768000.0,ok,0,124,250
vco_current_max,8,15,3,0.35,0.3500009,-1.674381e-10,4894464.0,858.6501033599193,5,1223616000.0,ok,0,124,250
vco_current_max,8,15,3,0.4,0.3999864,-1.191027e-10,4883536.0,1094.8652885172678,5,1220884000.0,ok,0,124,250
vco_current_max,8,15,3,0.45,0.4499793,-6.885928e-11,4850024.0,1572.9208498840621,5,1212506000.0,ok,0,124,250
vco_current_max,8,15,3,0.5,0.4999759,-3.006373e-11,4673782.0,4800.923869423467,5,1168445500.0,ok,0,124,250
vco_current_max,8,15,3,0.55,0.5499701,-4.214774e-11,3309639.8,28860.116808495422,5,827409950.0,ok,0,124,250
vco_current_max,8,15,3,0.6,0.5999664,1.191178e-11,5241684.0,25946.50805021747,5,356434512.0,ok,0,33,68
vco_current_max,8,15,3,0.65,0.6499881,-8.157915e-11,5147386.0,57880.37387577935,5,133832036.0,ok,0,12,26
vco_current_max,8,15,3,0.7,0.6999736,1.282982e-10,2940607.6,27580.243160639468,5,76455797.60000001,ok,0,12,26
vco_current_max,8,15,3,0.75,0.7499762,1.806047e-09,2505149.8,5512.071588794906,5,65133894.8,ok,0,12,26
vco_current_max,8,15,4,0.0,-7.748022e-07,-1.684301e-09,4935840.0,872.066511224918,5,1224088320.0,ok,0,123,248
vco_current_max,8,15,4,0.05,0.04999539,-1.367573e-09,4935060.0,1631.4870517414474,5,1223894880.0,ok,0,123,248
vco_current_max,8,15,4,0.1,0.09998715,-9.452668e-10,4934670.0,1068.058987135074,5,1223798160.0,ok,0,123,248
vco_current_max,8,15,4,0.15,0.1499881,-6.89594e-10,4933584.0,584.1917493426281,5,1223528832.0,ok,0,123,248
vco_current_max,8,15,4,0.2,0.1999861,-3.582372e-10,4933110.0,872.066511224918,5,1223411280.0,ok,0,123,248
vco_current_max,8,15,4,0.25,0.2499782,-1.73162e-10,4930746.0,1100.9223405853838,5,1222825008.0,ok,0,123,248
vco_current_max,8,15,4,0.3,0.2999639,-8.857499e-11,4928376.0,1062.5817615600222,5,1222237248.0,ok,0,123,248
vco_current_max,8,15,4,0.35,0.3500003,-1.636222e-10,4923720.0,0.0,5,1221082560.0,ok,0,123,248
vco_current_max,8,15,4,0.4,0.3999864,1.378385e-10,4912622.0,1057.1045359849707,5,1218330256.0,ok,0,123,248
vco_current_max,8,15,4,0.45,0.4499778,4.816333e-11,4880814.0,1046.1500848348674,5,1210441872.0,ok,0,123,248
vco_current_max,8,15,4,0.5,0.4999764,6.597131e-11,4734892.0,6409.549126108637,5,1174253216.0,ok,0,123,248
vco_current_max,8,15,4,0.55,0.5499703,1.085827e-10,3533621.4,23849.310258370155,5,876338107.1999999,ok,0,123,248
vco_current_max,8,15,4,0.6,0.5999661,-3.006378e-11,5109008.0,89701.16816407688,5,408720640.0,ok,0,39,80
vco_current_max,8,15,4,0.65,0.649987,9.077483e-11,5254926.0,217196.33693964547,5,147137928.0,ok,0,13,28
vco_current_max,8,15,4,0.7,0.6999735,7.296697e-11,2803886.4,25956.46375760766,5,78508819.2,ok,0,13,28
vco_current_max,8,15,4,0.75,0.7499762,9.013867e-11,2325597.0,4237.60333207345,5,65116716.0,ok,0,13,28
vco_current_max,8,15,5,0.0,-7.748895e-07,-1.793057e-09,4912236.0,863.1222393149188,5,1218234528.0,ok,0,123,248
vco_current_max,8,15,5,0.05,0.04999512,-1.314784e-09,4911850.0,1364.7160876900368,5,1218138800.0,ok,0,123,248
vco_current_max,8,15,5,0.1,0.09998735,-9.331825e-10,4911078.0,1057.1045359849707,5,1217947344.0,ok,0,123,248
vco_current_max,8,15,5,0.15,0.1499885,-1.111899e-09,4910062.0,701.655185971001,5,1217695376.0,ok,0,123,248
vco_current_max,8,15,5,0.2,0.1999857,-7.729103e-10,4908170.0,1422.8316836505996,5,1217226160.0,ok,0,123,248
vco_current_max,8,15,5,0.25,0.2499791,8.886702e-11,4907076.0,971.7149787875044,5,1216954848.0,ok,0,123,248
vco_current_max,8,15,5,0.3,0.2999642,2.834808e-10,4903296.0,858.6501033599193,5,1216017408.0,ok,0,123,248
vco_current_max,8,15,5,0.35,0.350001,1.327504e-10,4896384.0,858.6501033599193,5,1214303232.0,ok,0,123,248
vco_current_max,8,15,5,0.4,0.3999862,2.815724e-10,4883488.0,854.1779674049196,5,1211105024.0,ok,0,123,248
vco_current_max,8,15,5,0.45,0.4499792,-2.094137e-10,4844436.0,2074.5312723600964,5,1201420128.0,ok,0,123,248
vco_current_max,8,15,5,0.5,0.4999761,2.268773e-10,4614368.0,7176.828686822613,5,1144363264.0,ok,0,123,248
vco_current_max,8,15,5,0.55,0.5499724,-3.12445e-10,3123316.0,39147.425534765374,5,774582368.0,ok,0,123,248
vco_current_max,8,15,5,0.6,0.5999664,4.243944e-11,5209104.0,124768.46829227328,5,343800864.0,ok,0,32,66
vco_current_max,8,15,5,0.65,0.6499874,-9.747898e-11,5148996.0,76338.3552350979,5,133873896.0,ok,0,12,26
vco_current_max,8,15,5,0.7,0.6999744,3.051041e-10,2939840.4,8035.2874746333755,5,76435850.39999999,ok,0,12,26
vco_current_max,8,15,5,0.75,0.7499766,3.007816e-12,2503462.0,4626.540392128874,5,65090012.0,ok,0,12,26
vco_current_max,8,15,6,0.0,-7.748895e-07,-2.289138e-09,4922168.0,1623.1204514761066,5,1210853328.0,ok,0,122,246
vco_current_max,8,15,6,0.05,0.04999582,-1.257544e-09,4921780.0,0.0,5,1210757880.0,ok,0,122,246
vco_current_max,8,15,6,0.1,0.09998699,-9.484465e-10,4919840.0,0.0,5,1210280640.0,ok,0,122,246
vco_current_max,8,15,6,0.15,0.1499888,-4.568174e-10,4919516.0,913.9365404665688,5,1210200936.0,ok,0,122,246
vco_current_max,8,15,6,0.2,0.1999845,-6.399858e-10,4917462.0,979.3977741449079,5,1209695652.0,ok,0,122,246
vco_current_max,8,15,6,0.25,0.2499785,-2.494812e-10,4914552.0,1057.1045359849707,5,1208979792.0,ok,0,122,246
vco_current_max,8,15,6,0.3,0.2999645,-2.77465e-10,4910692.0,1057.1045359849707,5,1208030232.0,ok,0,122,246
vco_current_max,8,15,6,0.35,0.3500015,-2.348534e-10,4903680.0,0.0,5,1206305280.0,ok,0,122,246
vco_current_max,8,15,6,0.4,0.3999868,2.717571e-11,4887308.0,854.1779674049196,5,1202277768.0,ok,0,122,246
vco_current_max,8,15,6,0.45,0.4499802,-4.850753e-11,4835820.0,1870.0,5,1189611720.0,ok,0,122,246
vco_current_max,8,15,6,0.5,0.4999769,-8.348708e-11,4529518.0,14759.070770207723,5,1114261428.0,ok,0,122,246
vco_current_max,8,15,6,0.55,0.5499719,2.090695e-10,3026964.2,45955.74564404325,5,744633193.2,ok,0,122,246
vco_current_max,8,15,6,0.6,0.5999662,2.911124e-10,5234566.0,69491.91161566935,5,345481356.0,ok,0,32,66
vco_current_max,8,15,6,0.65,0.6499876,-1.744341e-10,5156374.0,29475.743077995507,5,134065724.0,ok,0,12,26
vco_current_max,8,15,6,0.7,0.6999747,2.128854e-10,2925664.6,11436.983509649735,5,76067279.60000001,ok,0,12,26
vco_current_max,8,15,6,0.75,0.7499779,2.205172e-10,2500660.6,6272.105451919634,5,65017175.6,ok,0,12,26
vco_current_max,8,15,7,0.0,-2.029556e-07,-1.961597e-09,4922944.0,1062.5817615600222,5,1201198336.0,ok,0,121,244
vco_current_max,8,15,7,0.05,0.04999525,-1.330684e-09,4923332.0,867.5943752699184,5,1201293008.0,ok,0,121,244
vco_current_max,8,15,7,0.1,0.09998704,-6.011899e-10,4921004.0,1062.5817615600222,5,1200724976.0,ok,0,121,244
vco_current_max,8,15,7,0.15,0.1499891,-7.557382e-10,4919452.0,867.5943752699184,5,1200346288.0,ok,0,121,244
vco_current_max,8,15,7,0.2,0.199984,-5.401337e-10,4917900.0,0.0,5,1199967600.0,ok,0,121,244
vco_current_max,8,15,7,0.25,0.2499791,-4.669935e-10,4914938.0,1057.1045359849707,5,1199244872.0,ok,0,121,244
vco_current_max,8,15,7,0.3,0.2999644,-7.203915e-11,4909946.0,657.7081419596385,5,1198026824.0,ok,0,121,244
vco_current_max,8,15,7,0.35,0.3500015,-3.378851e-10,4899072.0,1051.627310409919,5,1195373568.0,ok,0,121,244
vco_current_max,8,15,7,0.4,0.3999871,-5.423145e-11,4876540.0,1040.6728592598156,5,1189875760.0,ok,0,121,244
vco_current_max,8,15,7,0.45,0.4499792,-1.79522e-10,4799864.0,1724.5521157680332,5,1171166816.0,ok,0,121,244
vco_current_max,8,15,7,0.5,0.4999764,-8.857506e-11,4280782.0,18203.588107842916,5,1044510808.0,ok,0,121,244
vco_current_max,8,15,7,0.55,0.5499709,2.463155e-11,2504623.4,31655.590664209692,5,611128109.6,ok,0,121,244
vco_current_max,8,15,7,0.6,0.5999658,-8.081869e-13,5196478.0,37634.75547947668,5,270216856.0,ok,0,25,52
vco_current_max,8,15,7,0.65,0.6499861,-2.879194e-11,2136588.8,28056.273499878775,5,111102617.6,ok,0,25,52
vco_current_max,8,15,7,0.7,0.6999741,4.243927e-11,5305006.0,20247.377114085666,5,74270084.0,ok,0,6,14
vco_current_max,8,15,7,0.75,0.7499763,1.728177e-10,4649242.0,9303.924978201405,5,65089388.0,ok,0,6,14
vco_current_max,8,15,8,0.0,-6.605114e-07,-1.697656e-09,4908852.0,1025.2902028206454,5,1207577592.0,ok,0,122,246
vco_current_max,8,15,8,0.05,0.049995,-1.113807e-09,4908530.0,492.9503017546495,5,1207498380.0,ok,0,122,246
vco_current_max,8,15,8,0.1,0.09998751,-9.204628e-10,4907604.0,863.1222393149188,5,1207270584.0,ok,0,122,246
vco_current_max,8,15,8,0.15,0.1499876,-6.870501e-10,4906832.0,1057.1045359849707,5,1207080672.0,ok,0,122,246
vco_current_max,8,15,8,0.2,0.1999853,-7.671863e-10,4905108.0,1303.5796868622954,5,1206656568.0,ok,0,122,246
vco_current_max,8,15,8,0.25,0.2499781,-3.938532e-10,4904156.0,1064.3683572899,5,1206422376.0,ok,0,122,246
vco_current_max,8,15,8,0.3,0.2999635,-2.497577e-11,4901760.0,1357.6450198781713,5,1205832960.0,ok,0,122,246
vco_current_max,8,15,8,0.35,0.3500007,-1.146508e-10,4898688.0,1051.627310409919,5,1205077248.0,ok,0,122,246
vco_current_max,8,15,8,0.4,0.3999868,-2.526612e-10,4888072.0,854.1779674049196,5,1202465712.0,ok,0,122,246
vco_current_max,8,15,8,0.45,0.4499799,1.085827e-10,4857340.0,2302.3792042146315,5,1194905640.0,ok,0,122,246
vco_current_max,8,15,8,0.5,0.4999749,8.187087e-11,4692540.0,8421.6536380927,5,1154364840.0,ok,0,122,246
vco_current_max,8,15,8,0.55,0.5499716,8.2507e-11,3497146.0,61488.49092309877,5,860297916.0,ok,0,122,246
vco_current_max,8,15,8,0.6,0.5999653,-1.162004e-11,5111930.0,46860.292359309926,5,408954400.0,ok,0,39,80
vco_current_max,8,15,8,0.65,0.6499872,6.088316e-11,5309414.0,50906.648681680075,5,148663592.0,ok,0,13,28
vco_current_max,8,15,8,0.7,0.6999744,1.289344e-10,2801291.4,17313.159353509112,5,78436159.2,ok,0,13,28
vco_current_max,8,15,8,0.75,0.7499766,2.860241e-10,2329931.2,5692.215315674557,5,65238073.60000001,ok,0,13,28
vco_current_max,8,15,9,0.0,-1.117995e-06,-1.829309e-09,4943512.0,876.5386471799176,5,1196329904.0,ok,0,120,242
vco_current_max,8,15,9,0.05,0.04999476,-1.220019e-09,4942392.0,996.8550546594023,5,1196058864.0,ok,0,120,242
vco_current_max,8,15,9,0.1,0.09998678,-8.778505e-10,4942028.0,996.8550546594023,5,1195970776.0,ok,0,120,242
vco_current_max,8,15,9,0.15,0.149989,-7.525582e-10,4940520.0,1068.058987135074,5,1195605840.0,ok,0,120,242
vco_current_max,8,15,9,0.2,0.1999851,-5.115136e-10,4939740.0,872.066511224918,5,1195417080.0,ok,0,120,242
vco_current_max,8,15,9,0.25,0.2499783,-3.067211e-10,4937400.0,1378.8582233137677,5,1194850800.0,ok,0,120,242
vco_current_max,8,15,9,0.3,0.2999642,-2.354894e-10,4935840.0,872.066511224918,5,1194473280.0,ok,0,120,242
vco_current_max,8,15,9,0.35,0.3500013,-8.157912e-11,4929540.0,0.0,5,1192948680.0,ok,0,120,242
vco_current_max,8,15,9,0.4,0.3999882,-7.394717e-11,4915762.0,1458.379237372776,5,1189614404.0,ok,0,120,242
vco_current_max,8,15,9,0.45,0.4499796,-8.857508e-11,4869516.0,1673.1646661342093,5,1178422872.0,ok,0,120,242
vco_current_max,8,15,9,0.5,0.4999758,-1.416392e-11,4591260.0,11894.36421167605,5,1111084920.0,ok,0,120,242
vco_current_max,8,15,9,0.55,0.5499714,3.643807e-12,3163481.8,56080.49804700383,5,765562595.5999999,ok,0,120,242
vco_current_max,8,15,9,0.6,0.5999663,5.134332e-11,5137856.0,47714.12872514807,5,349374208.0,ok,0,33,68
vco_current_max,8,15,9,0.65,0.649987,8.441478e-11,5199370.0,66992.43128891502,5,135183620.0,ok,0,12,26
vco_current_max,8,15,9,0.7,0.6999735,5.770298e-11,2929065.0,22265.05719732155,5,76155690.0,ok,0,12,26
vco_current_max,8,15,9,0.75,0.7499769,4.10679e-10,2500180.4,5329.732479215068,5,65004690.4,ok,0,12,26
vco_current_max,8,15,10,0.0,-4.317553e-07,-1.780337e-09,4947824.0,1073.5362127101255,5,1177582112.0,ok,0,118,238
vco_current_max,8,15,10,0.05,0.04999569,-1.219383e-09,4947760.0,992.3708984044222,5,1177566880.0,ok,0,118,238
vco_current_max,8,15,10,0.1,0.09998779,-8.937504e-10,4945864.0,1073.5362127101255,5,1177115632.0,ok,0,118,238
vco_current_max,8,15,10,0.15,0.1499881,-6.647898e-10,4944688.0,876.5386471799176,5,1176835744.0,ok,0,118,238
vco_current_max,8,15,10,0.2,0.1999854,-4.657215e-10,4942756.0,813.9287438099235,5,1176375928.0,ok,0,118,238
vco_current_max,8,15,10,0.25,0.2499782,-3.550572e-10,4941300.0,0.0,5,1176029400.0,ok,0,118,238
vco_current_max,8,15,10,0.3,0.2999637,-1.693461e-10,4937400.0,0.0,5,1175101200.0,ok,0,118,238
vco_current_max,8,15,10,0.35,0.3500016,7.233114e-11,4929166.0,1648.3264239828227,5,1173141508.0,ok,0,118,238
vco_current_max,8,15,10,0.4,0.3999853,5.579529e-11,4912236.0,863.1222393149188,5,1169112168.0,ok,0,118,238
vco_current_max,8,15,10,0.45,0.4499805,-5.995539e-11,4842670.0,3127.4110698787263,5,1152555460.0,ok,0,118,238
vco_current_max,8,15,10,0.5,0.4999765,1.75998e-10,4458914.0,12093.890192985878,5,1061221532.0,ok,0,118,238
vco_current_max,8,15,10,0.55,0.5499704,-2.716077e-12,2997165.0,24874.81065254568,5,713325270.0,ok,0,118,238
vco_current_max,8,15,10,0.6,0.5999661,2.208761e-11,5135488.0,67738.95902654543,5,338942208.0,ok,0,32,66
vco_current_max,8,15,10,0.65,0.6499869,9.14108e-11,5104260.0,108601.35887731792,5,132710760.0,ok,0,12,26
vco_current_max,8,15,10,0.7,0.6999735,4.30751e-11,2922284.2,19491.007008361576,5,75979389.2,ok,0,12,26
vco_current_max,8,15,10,0.75,0.7499751,2.631281e-10,2505759.2,6575.5719675173505,5,65149739.2,ok,0,12,26
vco_current_max,8,15,11,0.0,-1.804277e-06,-1.952057e-09,4952136.0,1073.5362127101255,5,1148895552.0,ok,0,115,232
vco_current_max,8,15,11,0.05,0.04999548,-1.127163e-09,4950960.0,0.0,5,1148622720.0,ok,0,115,232
vco_current_max,8,15,11,0.1,0.09998738,-7.442903e-10,4950960.0,1385.9292911256332,5,1148622720.0,ok,0,115,232
vco_current_max,8,15,11,0.15,0.1499883,-5.859258e-10,4949784.0,1073.5362127101255,5,1148349888.0,ok,0,115,232
vco_current_max,8,15,11,0.2,0.199986,-7.150339e-10,4948218.0,1070.803436677339,5,1147986576.0,ok,0,115,232
vco_current_max,8,15,11,0.25,0.2499791,-3.213491e-10,4943512.0,876.5386471799176,5,1146894784.0,ok,0,115,232
vco_current_max,8,15,11,0.3,0.2999636,-3.238931e-10,4939350.0,1378.8582233137677,5,1145929200.0,ok,0,115,232
vco_current_max,8,15,11,0.35,0.3500021,-2.208615e-10,4927212.0,867.5943752699184,5,1143113184.0,ok,0,115,232
vco_current_max,8,15,11,0.4,0.3999864,-1.152868e-10,4895616.0,858.6501033599193,5,1135782912.0,ok,0,115,232
vco_current_max,8,15,11,0.45,0.4499804,1.127579e-11,4761890.0,4559.166590507524,5,1104758480.0,ok,0,115,232
vco_current_max,8,15,11,0.5,0.4999758,-8.157923e-11,4068182.0,19433.26838182399,5,943818224.0,ok,0,115,232
vco_current_max,8,15,11,0.55,0.5499707,-9.048305e-11,2501650.6,19034.71656736711,5,580382939.2,ok,0,115,232
vco_current_max,8,15,11,0.6,0.5999658,-1.203747e-10,5232390.0,102659.87385536765,5,261619500.0,ok,0,24,50
vco_current_max,8,15,11,0.65,0.6499875,-8.348715e-11,2242860.4,35030.14405908146,5,112143020.0,ok,0,24,50
vco_current_max,8,15,11,0.7,0.6999754,6.787895e-11,5302956.0,12444.574319758793,5,74241384.0,ok,0,6,14
vco_current_max,8,15,11,0.75,0.7499765,3.85875e-10,4651948.0,12262.763554762034,5,65127272.0,ok,0,6,14
vco_current_max,8,15,12,0.0,-1.346722e-06,-1.499224e-09,4958096.0,1648.2202522721288,5,1100697312.0,ok,0,110,222
vco_current_max,8,15,12,0.05,0.04999615,-1.165959e-09,4956980.0,1532.4327065160153,5,1100449560.0,ok,0,110,222
vco_current_max,8,15,12,0.1,0.09998735,-8.765784e-10,4957308.0,1079.0134382851772,5,1100522376.0,ok,0,110,222
vco_current_max,8,15,12,0.15,0.1499883,-6.221778e-10,4958096.0,1648.2202522721288,5,1100697312.0,ok,0,110,222
vco_current_max,8,15,12,0.2,0.1999851,-4.530014e-10,4956324.0,1977.2784325936498,5,1100303928.0,ok,0,110,222
vco_current_max,8,15,12,0.25,0.2499783,-2.081417e-10,4957768.0,2132.339091232912,5,1100624496.0,ok,0,110,222
vco_current_max,8,15,12,0.3,0.2999643,-1.458144e-10,4952920.0,1385.9292911256332,5,1099548240.0,ok,0,110,222
vco_current_max,8,15,12,0.35,0.3500017,-7.076731e-11,4942784.0,1573.3658188736656,5,1097298048.0,ok,0,110,222
vco_current_max,8,15,12,0.4,0.3999857,-6.567941e-11,4918626.0,2290.126634053235,5,1091934972.0,ok,0,110,222
vco_current_max,8,15,12,0.45,0.4499799,-6.249935e-11,4814444.0,5178.593438376873,5,1068806568.0,ok,0,110,222
vco_current_max,8,15,12,0.5,0.4999757,-1.03839e-10,4312176.0,14077.578982197187,5,957303072.0,ok,0,110,222
vco_current_max,8,15,12,0.55,0.5499724,1.890774e-11,3013937.2,11564.301154847188,5,669094058.4000001,ok,0,110,222
vco_current_max,8,15,12,0.6,0.5999656,-3.260778e-11,5153918.0,44579.242030344125,5,329850752.0,ok,0,31,64
vco_current_max,8,15,12,0.65,0.6499861,8.12348e-11,2006756.2,12864.577264721915,5,128432396.8,ok,0,31,64
vco_current_max,8,15,12,0.7,0.6999744,3.099149e-11,4819840.0,26470.85944959098,5,77117440.0,ok,0,7,16
vco_current_max,8,15,12,0.75,0.7499771,3.140081e-10,4074872.0,11889.462561444903,5,65197952.0,ok,0,7,16
vco_current_max,8,15,13,0.0,-8.891948e-07,-1.754897e-09,5000132.0,4697.565326847515,5,980025872.0,ok,0,97,196
vco_current_max,8,15,13,0.05,0.04999581,-1.217475e-09,5001464.0,5088.529257064363,5,980286944.0,ok,0,97,196
vco_current_max,8,15,13,0.1,0.09998761,-6.768741e-10,4999384.0,5423.769906623989,5,979879264.0,ok,0,97,196
vco_current_max,8,15,13,0.15,0.1499887,-5.286855e-10,5001382.0,6895.623249569251,5,980270872.0,ok,0,97,196
vco_current_max,8,15,13,0.2,0.1999857,-4.224733e-10,4995384.0,3313.197851019465,5,979095264.0,ok,0,97,196
vco_current_max,8,15,13,0.25,0.2499797,-2.202255e-10,4992952.0,3118.0073765146867,5,978618592.0,ok,0,97,196
vco_current_max,8,15,13,0.3,0.2999638,-2.100496e-10,4988352.0,4229.5295246634705,5,977716992.0,ok,0,97,196
vco_current_max,8,15,13,0.35,0.3500007,-1.044748e-10,4977582.0,5713.70457759237,5,975606072.0,ok,0,97,196
vco_current_max,8,15,13,0.4,0.3999863,-7.14032e-11,4920616.0,1735.1887505398367,5,964440736.0,ok,0,97,196
vco_current_max,8,15,13,0.45,0.4499795,2.71756e-11,4699644.0,8453.181649532915,5,921130224.0,ok,0,97,196
vco_current_max,8,15,13,0.5,0.4999751,-4.914358e-11,4013984.0,27015.30455130943,5,786740864.0,ok,0,97,196
vco_current_max,8,15,13,0.55,0.5499703,-2.179593e-11,2687768.4,21588.39306896185,5,526802606.4,ok,0,97,196
vco_current_max,8,15,13,0.6,0.5999659,4.116743e-11,5153698.0,106082.4397343877,5,257684900.0,ok,0,24,50
vco_current_max,8,15,13,0.65,0.6499875,-1.416395e-11,2221242.4,28205.142453105957,5,111062120.0,ok,0,24,50
vco_current_max,8,15,13,0.7,0.6999738,8.314274e-11,5294702.0,25235.55467985596,5,74125828.0,ok,0,6,14
vco_current_max,8,15,13,0.75,0.7499755,2.453205e-10,4647770.0,14494.393743789355,5,65068780.0,ok,0,6,14
vco_current_max,8,15,14,0.0,-1.232343e-06,-1.648685e-09,4978342.0,7861.216190895656,5,726837932.0,ok,0,72,146
vco_current_max,8,15,14,0.05,0.04999422,-1.126527e-09,4978904.0,7717.439990048513,5,726919984.0,ok,0,72,146
vco_current_max,8,15,14,0.1,0.09998655,-7.093101e-10,4976136.0,2168.981327720458,5,726515856.0,ok,0,72,146
vco_current_max,8,15,14,0.15,0.1499871,-4.701735e-10,4978632.0,6903.544017387012,5,726880272.0,ok,0,72,146
vco_current_max,8,15,14,0.2,0.1999839,-3.970331e-10,4977982.0,6179.880257739627,5,726785372.0,ok,0,72,146
vco_current_max,8,15,14,0.25,0.2499776,-2.71741e-10,4970808.0,6535.512221700759,5,725737968.0,ok,0,72,146
vco_current_max,8,15,14,0.3,0.2999634,-7.013118e-11,4960830.0,4468.870103281141,5,724281180.0,ok,0,72,146
vco_current_max,8,15,14,0.35,0.3500006,-9.811496e-11,4935060.0,3488.266044899672,5,720518760.0,ok,0,72,146
vco_current_max,8,15,14,0.4,0.3999864,5.007136e-11,4871940.0,4775.751249803532,5,711303240.0,ok,0,72,146
vco_current_max,8,15,14,0.45,0.4499782,-4.278362e-11,4720520.0,7182.454315900659,5,689195920.0,ok,0,72,146
vco_current_max,8,15,14,0.5,0.4999749,-2.78737e-10,4266108.0,13526.33431495762,5,622851768.0,ok,0,72,146
vco_current_max,8,15,14,0.55,0.5499697,-7.839929e-11,3149228.0,29497.637574897417,5,459787288.0,ok,0,72,146
vco_current_max,8,15,14,0.6,0.5999654,-1.439065e-10,5095674.0,39226.62463174725,5,244592352.0,ok,0,23,48
vco_current_max,8,15,14,0.65,0.6499878,-2.087777e-10,2288465.0,13068.25347932921,5,109846320.0,ok,0,23,48
vco_current_max,8,15,14,0.7,0.6999739,9.36759e-12,5310626.0,25643.291130430196,5,74348764.0,ok,0,6,14
vco_current_max,8,15,14,0.75,0.7499774,3.763353e-10,4644292.0,4367.095144372286,5,65020088.0,ok,0,6,14
vco_current_max,8,15,15,0.0,-2.376182e-06,-1.746629e-09,5053984.0,8961.97969201002,5,373994816.0,ok,0,36,74
vco_current_max,8,15,15,0.05,0.04999533,-1.227015e-09,5053870.0,7301.5066938269665,5,373986380.0,ok,0,36,74
vco_current_max,8,15,15,0.1,0.09998676,-7.5065e-10,5049612.0,3649.2629392796566,5,373671288.0,ok,0,36,74
vco_current_max,8,15,15,0.15,0.1499886,-6.88958e-10,5041452.0,6483.110364632088,5,373067448.0,ok,0,36,74
vco_current_max,8,15,15,0.2,0.1999853,-5.242335e-10,5031862.0,4842.28974762973,5,372357788.0,ok,0,36,74
vco_current_max,8,15,15,0.25,0.2499785,-2.61565e-10,5009322.0,2620.7193668914647,5,370689828.0,ok,0,36,74
vco_current_max,8,15,15,0.3,0.2999635,-9.302698e-11,4987190.0,8595.015997658178,5,369052060.0,ok,0,36,74
vco_current_max,8,15,15,0.35,0.3500004,-1.502663e-10,4939878.0,2472.0173947608055,5,365550972.0,ok,0,36,74
vco_current_max,8,15,15,0.4,0.3999862,-1.032029e-10,4877494.0,12253.517046138222,5,360934556.0,ok,0,36,74
vco_current_max,8,15,15,0.45,0.4499789,6.597106e-11,4754302.0,5069.932938412499,5,351818348.0,ok,0,36,74
vco_current_max,8,15,15,0.5,0.4999756,-8.921106e-11,4408236.0,11470.173494764584,5,326209464.0,ok,0,36,74
vco_current_max,8,15,15,0.55,0.5499709,2.71756e-11,3495530.0,14197.92736634471,5,258669220.0,ok,0,36,74
vco_current_max,8,15,15,0.6,0.5999651,-1.6072e-11,2142680.0,40618.69370129965,5,158558320.0,ok,0,36,74
vco_current_max,8,15,15,0.65,0.6499874,-5.486758e-11,5181104.0,45744.716416215764,5,93259872.0,ok,0,8,18
vco_current_max,8,15,15,0.7,0.6999753,5.26153e-11,3967412.0,7925.558024517895,5,71413416.0,ok,0,8,18
vco_current_max,8,15,15,0.75,0.7499761,2.472287e-10,3594305.6,9263.332380952332,5,64697500.800000004,ok,0,8,18
vco_current_min,8,0,0,0.0,-5.460897e-07,-2.078622e-09,4921392.0,867.5943752699184,5,1259876352.0,ok,1,63,256
vco_current_min,8,0,0,0.05,0.04999476,-1.360575e-09,4922556.0,1062.5817615600222,5,1260174336.0,ok,1,63,256
vco_current_min,8,0,0,0.1,0.09998779,-9.255504e-10,4921992.0,965.9813662799091,5,1260029952.0,ok,1,63,256
vco_current_min,8,0,0,0.15,0.1499886,-8.83574e-10,4921004.0,1062.5817615600222,5,1259777024.0,ok,1,63,256
vco_current_min,8,0,0,0.2,0.1999855,-3.06721e-10,4921004.0,1062.5817615600222,5,1259777024.0,ok,1,63,256
vco_current_min,8,0,0,0.25,0.2499788,-2.501172e-10,4920616.0,1062.5817615600222,5,1259677696.0,ok,1,63,256
vco_current_min,8,0,0,0.3,0.2999643,4.638234e-13,4920228.0,867.5943752699184,5,1259578368.0,ok,1,63,256
vco_current_min,8,0,0,0.35,0.3500017,-3.417011e-10,4918676.0,1062.5817615600222,5,1259181056.0,ok,1,63,256
vco_current_min,8,0,0,0.4,0.399987,-3.351902e-12,4916586.0,1199.5124009363137,5,1258646016.0,ok,1,63,256
vco_current_min,8,0,0,0.45,0.4499799,1.270263e-10,4910306.0,863.1222393149188,5,1257038336.0,ok,1,63,256
vco_current_min,8,0,0,0.5,0.4999755,1.378382e-10,4894144.0,1365.1666564928987,5,1252900864.0,ok,1,63,256
vco_current_min,8,0,0,0.55,0.5499708,7.105905e-11,4847392.0,1681.5231190798418,5,1240932352.0,ok,1,63,256
vco_current_min,8,0,0,0.6,0.5999659,1.314785e-10,4786996.0,1681.6747604694554,5,1225470976.0,ok,1,63,256
vco_current_min,8,0,0,0.65,0.6499886,2.720327e-10,4758032.0,783.8494753458727,5,1218056192.0,ok,1,63,256
vco_current_min,8,0,0,0.7,0.6999736,2.20875e-11,4752336.0,991.3778290843507,5,1216598016.0,ok,1,63,256
vco_current_min,8,0,0,0.75,0.7499758,2.141572e-10,4750164.0,991.3778290843507,5,1216041984.0,ok,1,63,256
vco_current_min,8,1,0,0.0,-2.261746e-06,-1.749809e-09,4921780.0,0.0,5,1259975680.0,ok,1,63,256
vco_current_min,8,1,0,0.05,0.04999465,-1.41718e-09,4921392.0,867.5943752699184,5,1259876352.0,ok,1,63,256
vco_current_min,8,1,0,0.1,0.09998748,-9.955107e-10,4921004.0,1062.5817615600222,5,1259777024.0,ok,1,63,256
vco_current_min,8,1,0,0.15,0.1499886,-5.935576e-10,4920616.0,1062.5817615600222,5,1259677696.0,ok,1,63,256
vco_current_min,8,1,0,0.2,0.1999856,-5.019734e-10,4921004.0,1062.5817615600222,5,1259777024.0,ok,1,63,256
vco_current_min,8,1,0,0.25,0.2499777,-2.335814e-10,4920184.0,769.2073842599276,5,1259567104.0,ok,1,63,256
vco_current_min,8,1,0,0.3,0.2999643,-2.011458e-10,4919452.0,867.5943752699184,5,1259379712.0,ok,1,63,256
vco_current_min,8,1,0,0.35,0.3500009,-9.938696e-11,4918288.0,867.5943752699184,5,1259081728.0,ok,1,63,256
vco_current_min,8,1,0,0.4,0.399987,-1.292786e-10,4917024.0,1199.5124009363137,5,1258758144.0,ok,1,63,256
vco_current_min,8,1,0,0.45,0.4499791,-3.896768e-11,4911078.0,1057.1045359849707,5,1257235968.0,ok,1,63,256
vco_current_min,8,1,0,0.5,0.4999757,-6.567927e-11,4892544.0,858.6501033599193,5,1252491264.0,ok,1,63,256
vco_current_min,8,1,0,0.55,0.5499708,2.590361e-11,4846042.0,1253.5030913404244,5,1240586752.0,ok,1,63,256
vco_current_min,8,1,0,0.6,0.5999663,-1.006589e-10,4783620.0,1294.005409571382,5,1224606720.0,ok,1,63,256
vco_current_min,8,1,0,0.65,0.6499876,-5.041556e-11,4753060.0,1279.8632739476511,5,1216783360.0,ok,1,63,256
vco_current_min,8,1,0,0.7,0.699974,3.152801e-10,4745340.0,1207.4767078498865,5,1214807040.0,ok,1,63,256
vco_current_min,8,1,0,0.75,0.7499763,2.605846e-10,4743000.0,1272.7922061357856,5,1214208000.0,ok,1,63,256
vco_current_min,8,2,0,0.0,-8.891948e-07,-1.847117e-09,4997200.0,1095.4451150103323,5,1259294400.0,ok,1,62,252
vco_current_min,8,2,0,0.05,0.04999535,-1.305243e-09,4996800.0,1095.4451150103323,5,1259193600.0,ok,1,62,252
vco_current_min,8,2,0,0.1,0.09998793,-8.638584e-10,4996800.0,1095.4451150103323,5,1259193600.0,ok,1,62,252
vco_current_min,8,2,0,0.15,0.1499887,-7.5383e-10,4996400.0,894.4271909999159,5,1259092800.0,ok,1,62,252
vco_current_min,8,2,0,0.2,0.1999851,-6.431659e-10,4995600.0,894.4271909999159,5,1258891200.0,ok,1,62,252
vco_current_min,8,2,0,0.25,0.2499784,-3.760452e-10,4994800.0,1095.4451150103323,5,1258689600.0,ok,1,62,252
vco_current_min,8,2,0,0.3,0.299964,-3.499692e-10,4994400.0,894.4271909999159,5,1258588800.0,ok,1,62,252
vco_current_min,8,2,0,0.35,0.3500014,-1.464504e-10,4993782.0,487.46281909495417,5,1258433064.0,ok,1,62,252
vco_current_min,8,2,0,0.4,0.3999875,-1.502664e-10,4992512.0,889.9550550449163,5,1258113024.0,ok,1,62,252
vco_current_min,8,2,0,0.45,0.4499781,-4.977962e-11,4986144.0,1089.9678894352805,5,1256508288.0,ok,1,62,252
vco_current_min,8,2,0,0.5,0.4999745,5.134326e-11,4966660.0,648.459713474939,5,1251598320.0,ok,1,62,252
vco_current_min,8,2,0,0.55,0.5499712,1.155786e-10,4912622.0,1726.2444786298377,5,1237980744.0,ok,1,62,252
vco_current_min,8,2,0,0.6,0.5999663,-8.080481e-13,4839100.0,1415.0441689219458,5,1219453200.0,ok,1,62,252
vco_current_min,8,2,0,0.65,0.6499871,-1.734402e-11,4804080.0,1547.8210490880397,5,1210628160.0,ok,1,62,252
vco_current_min,8,2,0,0.7,0.6999744,-2.036898e-10,4794668.0,820.6826426822978,5,1208256336.0,ok,1,62,252
vco_current_min,8,2,0,0.75,0.7499763,3.095561e-10,4794362.0,934.034260613603,5,1208179224.0,ok,1,62,252
vco_current_min,8,3,0,0.0,-1.689841e-06,-2.017566e-09,4995600.0,894.4271909999159,5,1258891200.0,ok,1,62,252
vco_current_min,8,3,0,0.05,0.04999536,-1.33132e-09,4995600.0,1673.320053068151,5,1258891200.0,ok,1,62,252
vco_current_min,8,3,0,0.1,0.09998704,-1.546924e-09,4995200.0,1095.4451150103323,5,1258790400.0,ok,1,62,252
vco_current_min,8,3,0,0.15,0.1499874,1.651862e-10,4995200.0,1095.4451150103323,5,1258790400.0,ok,1,62,252
vco_current_min,8,3,0,0.2,0.199985,-5.331376e-10,4994800.0,1095.4451150103323,5,1258689600.0,ok,1,62,252
vco_current_min,8,3,0,0.25,0.2499782,-3.601452e-10,4994800.0,1095.4451150103323,5,1258689600.0,ok,1,62,252
vco_current_min,8,3,0,0.3,0.2999637,-2.208615e-10,4994000.0,0.0,5,1258488000.0,ok,1,62,252
vco_current_min,8,3,0,0.35,0.3500017,-8.221514e-11,4993128.0,487.46281909495417,5,1258268256.0,ok,1,62,252
vco_current_min,8,3,0,0.4,0.3999862,-9.493502e-11,4990920.0,1407.1424945612296,5,1257711840.0,ok,1,62,252
vco_current_min,8,3,0,0.45,0.4499789,-7.839923e-11,4984950.0,0.0,5,1256207400.0,ok,1,62,252
vco_current_min,8,3,0,0.5,0.4999753,2.764845e-10,4964794.0,881.0107831349171,5,1251128088.0,ok,1,62,252
vco_current_min,8,3,0,0.55,0.5499715,-2.115982e-11,4911078.0,1057.1045359849707,5,1237591656.0,ok,1,62,252
vco_current_min,8,3,0,0.6,0.5999659,1.254763e-11,4834698.0,1024.2411825346605,5,1218343896.0,ok,1,62,252
vco_current_min,8,3,0,0.65,0.6499871,1.232103e-10,4797616.0,1007.8095058095056,5,1208999232.0,ok,1,62,252
vco_current_min,8,3,0,0.7,0.6999744,7.996295e-11,4789888.0,822.8730157199226,5,1207051776.0,ok,1,62,252
vco_current_min,8,3,0,0.75,0.7499768,3.477152e-10,4787280.0,0.0,5,1206394560.0,ok,1,62,252
vco_current_min,8,4,0,0.0,-1.003718e-06,-1.94824e-09,4993564.0,597.0175876806311,5,1258378128.0,ok,1,62,252
vco_current_min,8,4,0,0.05,0.04999638,-1.242916e-09,4993564.0,597.0175876806311,5,1258378128.0,ok,1,62,252
vco_current_min,8,4,0,0.1,0.09998711,-8.924784e-10,4993564.0,597.0175876806311,5,1258378128.0,ok,1,62,252
vco_current_min,8,4,0,0.15,0.149988,-6.380777e-10,4993782.0,487.46281909495417,5,1258433064.0,ok,1,62,252
vco_current_min,8,4,0,0.2,0.1999859,-4.561815e-10,4993346.0,597.0175876806311,5,1258323192.0,ok,1,62,252
vco_current_min,8,4,0,0.25,0.2499786,-3.906732e-10,4992910.0,0.0,5,1258213320.0,ok,1,62,252
vco_current_min,8,4,0,0.3,0.2999634,-2.609291e-10,4992512.0,889.9550550449163,5,1258113024.0,ok,1,62,252
vco_current_min,8,4,0,0.35,0.3500015,-9.302703e-11,4990522.0,889.9550550449163,5,1257611544.0,ok,1,62,252
vco_current_min,8,4,0,0.4,0.3999863,-4.850752e-11,4988134.0,1089.9678894352805,5,1257009768.0,ok,1,62,252
vco_current_min,8,4,0,0.45,0.4499795,1.445577e-11,4982308.0,1457.916321329863,5,1255541616.0,ok,1,62,252
vco_current_min,8,4,0,0.5,0.4999746,1.099759e-12,4959672.0,1079.0134382851772,5,1249837344.0,ok,1,62,252
vco_current_min,8,4,0,0.55,0.5499701,-2.052405e-11,4900224.0,1606.387250945425,5,1234856448.0,ok,1,62,252
vco_current_min,8,4,0,0.6,0.5999652,5.007125e-11,4815912.0,831.8172876299218,5,1213609824.0,ok,1,62,252
vco_current_min,8,4,0,0.65,0.6499873,9.459075e-11,4769856.0,2064.8680345242406,5,1202003712.0,ok,1,62,252
vco_current_min,8,4,0,0.7,0.6999738,8.950271e-11,4761024.0,991.3778290843507,5,1199778048.0,ok,1,62,252
vco_current_min,8,4,0,0.75,0.7499763,2.574045e-10,4758394.0,1822.684832877039,5,1199115288.0,ok,1,62,252
vco_current_min,8,5,0,0.0,-1.003675e-06,-1.94824e-09,4993346.0,597.0175876806311,5,1258323192.0,ok,1,62,252
vco_current_min,8,5,0,0.05,0.04999548,-1.248004e-09,4993564.0,597.0175876806311,5,1258378128.0,ok,1,62,252
vco_current_min,8,5,0,0.1,0.09998842,-1.486504e-09,4993564.0,597.0175876806311,5,1258378128.0,ok,1,62,252
vco_current_min,8,5,0,0.15,0.1499879,-6.196337e-10,4993128.0,487.46281909495417,5,1258268256.0,ok,1,62,252
vco_current_min,8,5,0,0.2,0.1999853,-4.580894e-10,4993128.0,487.46281909495417,5,1258268256.0,ok,1,62,252
vco_current_min,8,5,0,0.25,0.2499785,-3.715932e-10,4992512.0,889.9550550449163,5,1258113024.0,ok,1,62,252
vco_current_min,8,5,0,0.3,0.2999645,-2.513892e-10,4991716.0,1089.9678894352805,5,1257912432.0,ok,1,62,252
vco_current_min,8,5,0,0.35,0.3500013,-1.161998e-11,4990522.0,889.9550550449163,5,1257611544.0,ok,1,62,252
vco_current_min,8,5,0,0.4,0.3999867,-1.721123e-13,4988532.0,889.9550550449163,5,1257110064.0,ok,1,62,252
vco_current_min,8,5,0,0.45,0.4499792,-8.60311e-11,4979700.0,0.0,5,1254884400.0,ok,1,62,252
vco_current_min,8,5,0,0.5,0.4999762,1.193945e-10,4958664.0,1446.3160097295472,5,1249583328.0,ok,1,62,252
vco_current_min,8,5,0,0.55,0.5499713,-2.497577e-11,4897152.0,1051.627310409919,5,1234082304.0,ok,1,62,252
vco_current_min,8,5,0,0.6,0.5999651,5.51591e-11,4808150.0,0.0,5,1211653800.0,ok,1,62,252
vco_current_min,8,5,0,0.65,0.6499875,1.104906e-10,4762276.0,371.1872842649651,5,1200093552.0,ok,1,62,252
vco_current_min,8,5,0,0.7,0.6999748,1.079466e-10,4750888.0,1982.7556581687013,5,1197223776.0,ok,1,62,252
vco_current_min,8,5,0,0.75,0.7499778,2.841165e-10,4750526.0,991.3778290843507,5,1197132552.0,ok,1,62,252
vco_current_min,8,6,0,0.0,-1.232343e-06,-1.832489e-09,4991318.0,889.9550550449163,5,1257812136.0,ok,1,62,252
vco_current_min,8,6,0,0.05,0.04999537,-1.195216e-09,4990920.0,0.0,5,1257711840.0,ok,1,62,252
vco_current_min,8,6,0,0.1,0.09998678,-7.614621e-10,4991318.0,889.9550550449163,5,1257812136.0,ok,1,62,252
vco_current_min,8,6,0,0.15,0.1499876,-6.7751e-10,4990920.0,0.0,5,1257711840.0,ok,1,62,252
vco_current_min,8,6,0,0.2,0.1999854,-3.703212e-10,4989328.0,889.9550550449163,5,1257310656.0,ok,1,62,252
vco_current_min,8,6,0,0.25,0.2499778,-3.06721e-10,4990522.0,889.9550550449163,5,1257611544.0,ok,1,62,252
vco_current_min,8,6,0,0.3,0.2999635,-2.564771e-10,4988134.0,1089.9678894352805,5,1257009768.0,ok,1,62,252
vco_current_min,8,6,0,0.35,0.3500012,-7.203925e-11,4986542.0,1664.9534528028103,5,1256608584.0,ok,1,62,252
vco_current_min,8,6,0,0.4,0.399987,-5.93193e-11,4984552.0,889.9550550449163,5,1256107104.0,ok,1,62,252
vco_current_min,8,6,0,0.45,0.4499799,-7.967112e-11,4976136.0,885.4829190899167,5,1253986272.0,ok,1,62,252
vco_current_min,8,6,0,0.5,0.4999759,2.371797e-12,4953704.0,1073.5362127101255,5,1248333408.0,ok,1,62,252
vco_current_min,8,6,0,0.55,0.5499708,4.879921e-11,4883488.0,854.1779674049196,5,1230638976.0,ok,1,62,252
vco_current_min,8,6,0,0.6,0.5999664,5.325118e-11,4780326.0,818.400879764923,5,1204642152.0,ok,1,62,252
vco_current_min,8,6,0,0.65,0.6499869,5.551726e-12,4724232.0,1385.5215624449877,5,1190506464.0,ok,1,62,252
vco_current_min,8,6,0,0.7,0.6999747,1.238464e-10,4712576.0,998.5389326410864,5,1187569152.0,ok,1,62,252
vco_current_min,8,6,0,0.75,0.7499779,2.968361e-10,4709632.0,962.6629732154447,5,1186827264.0,ok,1,62,252
vco_current_min,8,7,0,0.0,-1.117965e-06,-2.012478e-09,4990920.0,0.0,5,1257711840.0,ok,1,62,252
vco_current_min,8,7,0,0.05,0.0499949,-1.255e-09,4990522.0,889.9550550449163,5,1257611544.0,ok,1,62,252
vco_current_min,8,7,0,0.1,0.09998653,-7.684581e-10,4989726.0,1089.9678894352805,5,1257410952.0,ok,1,62,252
vco_current_min,8,7,0,0.15,0.149988,-5.477656e-10,4989328.0,889.9550550449163,5,1257310656.0,ok,1,62,252
vco_current_min,8,7,0,0.2,0.1999855,-2.67925e-10,4988930.0,0.0,5,1257210360.0,ok,1,62,252
vco_current_min,8,7,0,0.25,0.2499787,-2.456652e-10,4988930.0,1407.1424945612296,5,1257210360.0,ok,1,62,252
vco_current_min,8,7,0,0.3,0.2999633,-1.419984e-10,4987338.0,889.9550550449163,5,1256809176.0,ok,1,62,252
vco_current_min,8,7,0,0.35,0.3500002,-2.443933e-10,4985348.0,889.9550550449163,5,1256307696.0,ok,1,62,252
vco_current_min,8,7,0,0.4,0.3999875,-1.458144e-10,4983358.0,889.9550550449163,5,1255806216.0,ok,1,62,252
vco_current_min,8,7,0,0.45,0.4499792,-1.063828e-10,4974552.0,1084.490663860229,5,1253587104.0,ok,1,62,252
vco_current_min,8,7,0,0.5,0.4999764,1.454703e-10,4953312.0,876.5386471799176,5,1248234624.0,ok,1,62,252
vco_current_min,8,7,0,0.55,0.5499713,-6.18634e-11,4880618.0,1853.960625256103,5,1229915736.0,ok,1,62,252
vco_current_min,8,7,0,0.6,0.5999659,-2.115988e-11,4771312.0,996.8550546594023,5,1202370624.0,ok,1,62,252
vco_current_min,8,7,0,0.65,0.6499862,5.551698e-12,4713440.0,1258.6500705120545,5,1187786880.0,ok,1,62,252
vco_current_min,8,7,0,0.7,0.6999741,-4.341986e-11,4701828.0,969.4689267841441,5,1184860656.0,ok,1,62,252
vco_current_min,8,7,0,0.75,0.7499768,4.392985e-10,4698678.0,1590.792255450095,5,1184066856.0,ok,1,62,252
vco_current_min,8,8,0,0.0,-7.748749e-07,-1.962233e-09,4969008.0,1084.490663860229,5,1252190016.0,ok,1,62,252
vco_current_min,8,8,0,0.05,0.04999558,-1.228287e-09,4969404.0,885.4829190899167,5,1252289808.0,ok,1,62,252
vco_current_min,8,8,0,0.1,0.09998768,-7.27754e-10,4968216.0,885.4829190899167,5,1251990432.0,ok,1,62,252
vco_current_min,8,8,0,0.15,0.1499884,4.914507e-10,4968216.0,885.4829190899167,5,1251990432.0,ok,1,62,252
vco_current_min,8,8,0,0.2,0.1999856,-5.630297e-10,4967240.0,794.1977083824909,5,1251744480.0,ok,1,62,252
vco_current_min,8,8,0,0.25,0.2499785,-2.526611e-10,4966950.0,794.1977083824909,5,1251671400.0,ok,1,62,252
vco_current_min,8,8,0,0.3,0.2999643,2.054721e-09,4966660.0,648.459713474939,5,1251598320.0,ok,1,62,252
vco_current_min,8,8,0,0.35,0.350002,-8.730303e-11,4964006.0,881.0107831349171,5,1250929512.0,ok,1,62,252
vco_current_min,8,8,0,0.4,0.3999866,-2.433975e-11,4959672.0,1079.0134382851772,5,1249837344.0,ok,1,62,252
vco_current_min,8,8,0,0.45,0.4499796,-7.521916e-11,4947046.0,5.477225575051661,5,1246655592.0,ok,1,62,252
vco_current_min,8,8,0,0.5,0.4999758,3.035541e-11,4903480.0,2355.2069972722143,5,1235676960.0,ok,1,62,252
vco_current_min,8,8,0,0.55,0.5499704,-6.377143e-11,4669710.0,7663.608810475649,5,1176766920.0,ok,1,62,252
vco_current_min,8,8,0,0.6,0.5999658,-8.603117e-11,3796214.8,15619.132216611779,5,956646129.5999999,ok,1,62,252
vco_current_min,8,8,0,0.65,0.6499872,1.76357e-11,3221770.2,4989.23147388453,5,811886090.4000001,ok,1,62,252
vco_current_min,8,8,0,0.7,0.699975,6.046565e-10,3110152.6,6269.396924744835,5,783758455.2,ok,1,62,252
vco_current_min,8,8,0,0.75,0.7499766,3.190957e-10,3091862.4,2245.356163284569,5,779149324.8,ok,1,62,252
vco_current_min,8,9,0,0.0,-1.4611e-06,-1.93743e-09,4967820.0,0.0,5,1251890640.0,ok,1,62,252
vco_current_min,8,9,0,0.05,0.04999626,-1.221291e-09,4967530.0,648.459713474939,5,1251817560.0,ok,1,62,252
vco_current_min,8,9,0,0.1,0.0999883,-9.554427e-10,4967820.0,0.0,5,1251890640.0,ok,1,62,252
vco_current_min,8,9,0,0.15,0.149988,-6.527057e-10,4966950.0,794.1977083824909,5,1251671400.0,ok,1,62,252
vco_current_min,8,9,0,0.2,0.1999854,-4.523654e-10,4967240.0,794.1977083824909,5,1251744480.0,ok,1,62,252
vco_current_min,8,9,0,0.25,0.2499783,-3.327971e-10,4966370.0,0.0,5,1251525240.0,ok,1,62,252
vco_current_min,8,9,0,0.3,0.2999642,-1.998737e-10,4965976.0,881.0107831349171,5,1251425952.0,ok,1,62,252
vco_current_min,8,9,0,0.35,0.350001,-1.483583e-10,4962824.0,881.0107831349171,5,1250631648.0,ok,1,62,252
vco_current_min,8,9,0,0.4,0.3999865,-3.722292e-10,4958490.0,0.0,5,1249539480.0,ok,1,62,252
vco_current_min,8,9,0,0.45,0.4499795,-1.006589e-10,4946718.0,725.6169788531688,5,1246572936.0,ok,1,62,252
vco_current_min,8,9,0,0.5,0.4999768,6.787901e-11,4899840.0,1357.6450198781713,5,1234759680.0,ok,1,62,252
vco_current_min,8,9,0,0.55,0.5499708,-9.684296e-11,4667498.0,22626.913620730513,5,1176209496.0,ok,1,62,252
vco_current_min,8,9,0,0.6,0.5999656,-8.98471e-11,3709825.4,14791.105969466922,5,934876000.8,ok,1,62,252
vco_current_min,8,9,0,0.65,0.649986,5.706688e-11,3123038.2,4465.870150373833,5,787005626.4000001,ok,1,62,252
vco_current_min,8,9,0,0.7,0.6999726,8.768611e-10,2999781.4,1927.1356464971532,5,755944912.8,ok,1,62,252
vco_current_min,8,9,0,0.75,0.7499765,2.650365e-10,2979848.4,3177.2309956942067,5,750921796.8,ok,1,62,252
vco_current_min,8,10,0,0.0,-6.604532e-07,-1.866833e-09,4963612.0,1079.0134382851772,5,1250830224.0,ok,1,62,252
vco_current_min,8,10,0,0.05,0.04999546,-1.220019e-09,4964006.0,881.0107831349171,5,1250929512.0,ok,1,62,252
vco_current_min,8,10,0,0.1,0.09998711,-8.994744e-10,4962824.0,881.0107831349171,5,1250631648.0,ok,1,62,252
vco_current_min,8,10,0,0.15,0.1499877,-6.660618e-10,4962036.0,881.0107831349171,5,1250433072.0,ok,1,62,252
vco_current_min,8,10,0,0.2,0.1999837,-4.803494e-10,4962430.0,0.0,5,1250532360.0,ok,1,62,252
vco_current_min,8,10,0,0.25,0.2499781,-2.95909e-10,4962430.0,0.0,5,1250532360.0,ok,1,62,252
vco_current_min,8,10,0,0.3,0.2999646,-1.591702e-10,4960460.0,0.0,5,1250035920.0,ok,1,62,252
vco_current_min,8,10,0,0.35,0.3500012,-1.260986e-10,4958096.0,881.0107831349171,5,1249440192.0,ok,1,62,252
vco_current_min,8,10,0,0.4,0.3999858,-1.191028e-10,4952920.0,0.0,5,1248135840.0,ok,1,62,252
vco_current_min,8,10,0,0.45,0.4499789,-8.081591e-13,4939740.0,872.066511224918,5,1244814480.0,ok,1,62,252
vco_current_min,8,10,0,0.5,0.4999757,6.469922e-11,4885780.0,1350.5739520663058,5,1231216560.0,ok,1,62,252
vco_current_min,8,10,0,0.55,0.5499709,-7.608258e-10,4560776.0,14104.725449295353,5,1149315552.0,ok,1,62,252
vco_current_min,8,10,0,0.6,0.5999666,1.123985e-10,3308272.4,28894.60556574531,5,833684644.8,ok,1,62,252
vco_current_min,8,10,0,0.65,0.6499867,5.643111e-11,2612418.2,4694.2329724886895,5,658329386.4000001,ok,1,62,252
vco_current_min,8,10,0,0.7,0.6999744,4.498302e-11,2462773.6,3174.5208772348624,5,620618947.2,ok,1,62,252
vco_current_min,8,10,0,0.75,0.7499784,1.988933e-10,2439475.2,2782.439792699925,5,614747750.4000001,ok,1,62,252
vco_current_min,8,11,0,0.0,-1.575565e-06,-1.750444e-09,4962430.0,0.0,5,1250532360.0,ok,1,62,252
vco_current_min,8,11,0,0.05,0.04999547,-1.083915e-09,4962430.0,0.0,5,1250532360.0,ok,1,62,252
vco_current_min,8,11,0,0.1,0.09998871,-5.719337e-10,4962430.0,0.0,5,1250532360.0,ok,1,62,252
vco_current_min,8,11,0,0.15,0.149988,-9.166465e-10,4962036.0,881.0107831349171,5,1250433072.0,ok,1,62,252
vco_current_min,8,11,0,0.2,0.1999855,-4.587254e-10,4960854.0,881.0107831349171,5,1250135208.0,ok,1,62,252
vco_current_min,8,11,0,0.25,0.2499786,-1.267346e-10,4960460.0,0.0,5,1250035920.0,ok,1,62,252
vco_current_min,8,11,0,0.3,0.2999637,-4.784415e-10,4959386.0,1241.6642058141163,5,1249765272.0,ok,1,62,252
vco_current_min,8,11,0,0.35,0.3500009,-4.122973e-10,4956192.0,733.430296619931,5,1248960384.0,ok,1,62,252
vco_current_min,8,11,0,0.4,0.3999866,-3.684132e-10,4952136.0,1073.5362127101255,5,1247938272.0,ok,1,62,252
vco_current_min,8,11,0,0.45,0.4499804,3.553477e-10,4938570.0,1068.058987135074,5,1244519640.0,ok,1,62,252
vco_current_min,8,11,0,0.5,0.4999743,-1.044749e-10,4884480.0,1124.2997820866105,5,1230888960.0,ok,1,62,252
vco_current_min,8,11,0,0.55,0.549971,4.342109e-10,4530534.0,24470.445030689574,5,1141694568.0,ok,1,62,252
vco_current_min,8,11,0,0.6,0.5999653,-5.795656e-10,3202577.0,37238.29395931022,5,807049404.0,ok,1,62,252
vco_current_min,8,11,0,0.65,0.649987,-7.932615e-10,2480696.8,4307.311597737039,5,625135593.5999999,ok,1,62,252
vco_current_min,8,11,0,0.7,0.6999738,-2.145016e-10,2327983.2,4155.080709204094,5,586651766.4000001,ok,1,62,252
vco_current_min,8,11,0,0.75,0.7499772,-1.171948e-10,2301077.8,2737.8705593946547,5,579871605.5999999,ok,1,62,252
vco_current_min,8,12,0,0.0,-1.118067e-06,-1.448979e-09,4958096.0,881.0107831349171,5,1249440192.0,ok,1,62,252
vco_current_min,8,12,0,0.05,0.04999593,-1.756169e-09,4958096.0,881.0107831349171,5,1249440192.0,ok,1,62,252
vco_current_min,8,12,0,0.1,0.09998805,-8.568625e-10,4957702.0,1079.0134382851772,5,1249340904.0,ok,1,62,252
vco_current_min,8,12,0,0.15,0.1499888,-2.443933e-10,4957308.0,1079.0134382851772,5,1249241616.0,ok,1,62,252
vco_current_min,8,12,0,0.2,0.1999858,-8.511384e-10,4956258.0,1493.057266148891,5,1248977016.0,ok,1,62,252
vco_current_min,8,12,0,0.25,0.249978,1.887179e-10,4955864.0,898.2649943084724,5,1248877728.0,ok,1,62,252
vco_current_min,8,12,0,0.3,0.2999642,-8.905701e-10,4954880.0,0.0,5,1248629760.0,ok,1,62,252
vco_current_min,8,12,0,0.35,0.3500005,-7.58282e-10,4951352.0,876.5386471799176,5,1247740704.0,ok,1,62,252
vco_current_min,8,12,0,0.4,0.3999862,-5.369535e-10,4945932.0,1020.9407426486613,5,1246374864.0,ok,1,62,252
vco_current_min,8,12,0,0.45,0.4499792,-6.527057e-10,4930344.0,1100.9223405853838,5,1242446688.0,ok,1,62,252
vco_current_min,8,12,0,0.5,0.4999762,4.596504e-10,4867612.0,4613.227720371064,5,1226638224.0,ok,1,62,252
vco_current_min,8,12,0,0.55,0.5499699,3.985951e-10,4414564.0,16186.811915877692,5,1112470128.0,ok,1,62,252
vco_current_min,8,12,0,0.6,0.5999668,-7.296618e-10,2749899.0,46285.76802862841,5,692974548.0,ok,1,62,252
vco_current_min,8,12,0,0.65,0.6499875,3.833312e-10,4980750.0,16008.235380578335,5,478152000.0,ok,0,47,96
vco_current_min,8,12,0,0.7,0.6999738,-2.85097e-10,4460956.0,11061.000406834817,5,428251776.0,ok,0,47,96
vco_current_min,8,12,0,0.75,0.7499772,-1.375465e-10,4367144.0,5582.372255591703,5,419245824.0,ok,0,47,96
vco_current_min,8,13,0,0.0,-7.748895e-07,-1.57936e-09,4956520.0,0.0,5,1249043040.0,ok,1,62,252
vco_current_min,8,13,0,0.05,0.04999514,-9.090148e-10,4955864.0,898.2649943084724,5,1248877728.0,ok,1,62,252
vco_current_min,8,13,0,0.1,0.09998629,-1.041939e-09,4955864.0,898.2649943084724,5,1248877728.0,ok,1,62,252
vco_current_min,8,13,0,0.15,0.1499886,-5.305936e-10,4956192.0,733.430296619931,5,1248960384.0,ok,1,62,252
vco_current_min,8,13,0,0.2,0.1999847,-1.045119e-09,4954488.0,876.5386471799176,5,1248530976.0,ok,1,62,252
vco_current_min,8,13,0,0.25,0.2499787,-6.291737e-10,4954488.0,876.5386471799176,5,1248530976.0,ok,1,62,252
vco_current_min,8,13,0,0.3,0.2999631,-3.194411e-10,4952920.0,0.0,5,1248135840.0,ok,1,62,252
vco_current_min,8,13,0,0.35,0.3500015,3.289957e-11,4950176.0,1073.5362127101255,5,1247444352.0,ok,1,62,252
vco_current_min,8,13,0,0.4,0.3999866,4.816345e-11,4945080.0,0.0,5,1246160160.0,ok,1,62,252
vco_current_min,8,13,0,0.45,0.4499802,-1.289188e-11,4928376.0,1062.5817615600222,5,1241950752.0,ok,1,62,252
vco_current_min,8,13,0,0.5,0.4999761,-2.399413e-10,4862592.0,2464.258509166601,5,1225373184.0,ok,1,62,252
vco_current_min,8,13,0,0.55,0.5499701,8.059894e-11,4369690.0,31438.314204168135,5,1101161880.0,ok,1,62,252
vco_current_min,8,13,0,0.6,0.5999663,-1.286426e-10,2626433.6,35363.35112514084,5,661861267.2,ok,1,62,252
vco_current_min,8,13,0,0.65,0.6499882,-1.29443e-09,5006062.0,34505.47666675538,5,440533456.0,ok,0,43,88
vco_current_min,8,13,0,0.7,0.6999755,2.008015e-10,4387982.0,10662.388100233456,5,386142416.0,ok,0,43,88
vco_current_min,8,13,0,0.75,0.7499761,3.890549e-10,4275754.0,7831.73543986261,5,376266352.0,ok,0,43,88
vco_current_min,8,14,0,0.0,-7.748895e-07,-2.114237e-09,4950176.0,1073.5362127101255,5,1247444352.0,ok,1,62,252
vco_current_min,8,14,0,0.05,0.04999548,-1.075647e-09,4950960.0,0.0,5,1247641920.0,ok,1,62,252
vco_current_min,8,14,0,0.1,0.09998688,-7.977141e-10,4950176.0,1073.5362127101255,5,1247444352.0,ok,1,62,252
vco_current_min,8,14,0,0.15,0.149988,-3.378851e-10,4949000.0,0.0,5,1247148000.0,ok,1,62,252
vco_current_min,8,14,0,0.2,0.1999858,-4.962495e-10,4949000.0,0.0,5,1247148000.0,ok,1,62,252
vco_current_min,8,14,0,0.25,0.2499774,-3.760452e-10,4947432.0,876.5386471799176,5,1246752864.0,ok,1,62,252
vco_current_min,8,14,0,0.3,0.299963,-3.512411e-10,4945864.0,1073.5362127101255,5,1246357728.0,ok,1,62,252
vco_current_min,8,14,0,0.35,0.3500017,-1.451784e-10,4943120.0,0.0,5,1245666240.0,ok,1,62,252
vco_current_min,8,14,0,0.4,0.3999859,-1.222827e-10,4938570.0,1068.058987135074,5,1244519640.0,ok,1,62,252
vco_current_min,8,14,0,0.45,0.44998,1.572775e-11,4920228.0,867.5943752699184,5,1239897456.0,ok,1,62,252
vco_current_min,8,14,0,0.5,0.4999767,2.046176e-10,4844060.0,1082.4047302187846,5,1220703120.0,ok,1,62,252
vco_current_min,8,14,0,0.55,0.5499714,1.022227e-10,4153368.0,36720.26307095307,5,1046648736.0,ok,1,62,252
vco_current_min,8,14,0,0.6,0.5999668,-6.885942e-11,2029105.4,17769.77813029752,5,511334560.79999995,ok,1,62,252
vco_current_min,8,14,0,0.65,0.6499867,-1.642582e-10,5185166.0,79749.43059357854,5,228147304.0,ok,0,21,44
vco_current_min,8,14,0,0.7,0.6999748,-2.291295e-10,3400357.6,14074.398115017211,5,149615734.4,ok,0,21,44
vco_current_min,8,14,0,0.75,0.7499776,4.030471e-10,3100501.2,7597.641917068742,5,136422052.8,ok,0,21,44
vco_current_min,8,15,0,0.0,-1.232343e-06,-1.910717e-09,4949784.0,1073.5362127101255,5,1247345568.0,ok,1,62,252
vco_current_min,8,15,0,0.05,0.04999559,-1.019679e-09,4948608.0,1639.853652006788,5,1247049216.0,ok,1,62,252
vco_current_min,8,15,0,0.1,0.09998873,-8.320583e-10,4948608.0,876.5386471799176,5,1247049216.0,ok,1,62,252
vco_current_min,8,15,0,0.15,0.1499884,-5.757497e-10,4948416.0,781.5881268289585,5,1247000832.0,ok,1,62,252
vco_current_min,8,15,0,0.2,0.1999851,-4.555454e-10,4947438.0,873.1952817096528,5,1246754376.0,ok,1,62,252
vco_current_min,8,15,0,0.25,0.249978,-4.110252e-10,4945864.0,1073.5362127101255,5,1246357728.0,ok,1,62,252
vco_current_min,8,15,0,0.3,0.2999637,-1.73162e-10,4944296.0,1073.5362127101255,5,1245962592.0,ok,1,62,252
vco_current_min,8,15,0,0.35,0.3500012,-2.125936e-10,4942756.0,813.9287438099235,5,1245574512.0,ok,1,62,252
vco_current_min,8,15,0,0.4,0.3999865,-1.140148e-10,4935450.0,0.0,5,1243733400.0,ok,1,62,252
vco_current_min,8,15,0,0.45,0.4499798,-6.695131e-11,4917024.0,1199.5124009363137,5,1239090048.0,ok,1,62,252
vco_current_min,8,15,0,0.5,0.4999763,-2.497585e-11,4836856.0,3257.5803904124914,5,1218887712.0,ok,1,62,252
vco_current_min,8,15,0,0.55,0.5499713,5.007125e-11,4066064.0,27373.00641142657,5,1024648128.0,ok,1,62,252
vco_current_min,8,15,0,0.6,0.5999664,4.371131e-11,5006606.0,151122.87444328208,5,480634176.0,ok,0,47,96
vco_current_min,8,15,0,0.65,0.6499873,3.643835e-12,5312782.0,41086.874059728616,5,170009024.0,ok,0,15,32
vco_current_min,8,15,0,0.7,0.6999735,-1.362746e-10,2598104.6,142037.48047540127,5,83139347.2,ok,0,15,32
vco_current_min,8,15,0,0.75,0.7499762,2.930201e-10,2046054.2,5524.665890350293,5,65473734.4,ok,0,15,32
vco_current_max,9,15,0,0.0,-1.690001e-06,-1.851568e-09,4938180.0,1068.058987135074,5,1116028680.0,ok,0,112,226
vco_current_max,9,15,0,0.05,0.04999537,-1.251184e-09,4937400.0,0.0,5,1115852400.0,ok,0,112,226
vco_current_max,9,15,0,0.1,0.09998719,-8.574981e-10,4937400.0,0.0,5,1115852400.0,ok,0,112,226
vco_current_max,9,15,0,0.15,0.1499885,-6.698779e-10,4935840.0,872.066511224918,5,1115499840.0,ok,0,112,226
vco_current_max,9,15,0,0.2,0.1999851,-3.525132e-10,4935450.0,1378.8582233137677,5,1115411700.0,ok,0,112,226
vco_current_max,9,15,0,0.25,0.2499782,-3.620531e-10,4935450.0,0.0,5,1115411700.0,ok,0,112,226
vco_current_max,9,15,0,0.3,0.2999636,-2.342174e-10,4933500.0,0.0,5,1114971000.0,ok,0,112,226
vco_current_max,9,15,0,0.35,0.3500009,-1.407264e-10,4931148.0,898.8993269549154,5,1114439448.0,ok,0,112,226
vco_current_max,9,15,0,0.4,0.399985,-1.038389e-10,4924108.0,867.5943752699184,5,1112848408.0,ok,0,112,226
vco_current_max,9,15,0,0.45,0.4499784,-1.289216e-11,4907012.0,1341.8531961433039,5,1108984712.0,ok,0,112,226
vco_current_max,9,15,0,0.5,0.4999753,-5.29596e-11,4835072.0,1024.2411825346605,5,1092726272.0,ok,0,112,226
vco_current_max,9,15,0,0.55,0.5499706,6.088305e-11,4159368.0,36145.44743117728,5,940017168.0,ok,0,112,226
vco_current_max,9,15,0,0.6,0.5999663,-2.751985e-11,5203024.0,129942.67747741695,5,457866112.0,ok,0,43,88
vco_current_max,9,15,0,0.65,0.649987,4.561937e-11,5317088.0,80929.83949075891,5,159512640.0,ok,0,14,30
vco_current_max,9,15,0,0.7,0.6999733,2.65393e-11,2557816.2,10848.660733012162,5,76734486.0,ok,0,14,30
vco_current_max,9,15,0,0.75,0.7499774,3.795153e-10,2084876.0,4144.589002542954,5,62546280.0,ok,0,14,30
vco_current_max,9,15,1,0.0,-1.232314e-06,-1.866198e-09,4927212.0,867.5943752699184,5,1113549912.0,ok,0,112,226
vco_current_max,9,15,1,0.05,0.0499951,-1.288707e-09,4927600.0,0.0,5,1113637600.0,ok,0,112,226
vco_current_max,9,15,1,0.1,0.09998748,-9.681628e-10,4927212.0,867.5943752699184,5,1113549912.0,ok,0,112,226
vco_current_max,9,15,1,0.15,0.149988,-6.97862e-10,4926048.0,867.5943752699184,5,1113286848.0,ok,0,112,226
vco_current_max,9,15,1,0.2,0.1999862,-3.684132e-10,4924496.0,1062.5817615600222,5,1112936096.0,ok,0,112,226
vco_current_max,9,15,1,0.25,0.2499786,-3.677772e-10,4923720.0,0.0,5,1112760720.0,ok,0,112,226
vco_current_max,9,15,1,0.3,0.2999639,-2.367613e-10,4922556.0,1062.5817615600222,5,1112497656.0,ok,0,112,226
vco_current_max,9,15,1,0.35,0.3500012,-1.286426e-10,4919452.0,867.5943752699184,5,1111796152.0,ok,0,112,226
vco_current_max,9,15,1,0.4,0.3999869,-9.07599e-12,4911464.0,863.1222393149188,5,1109990864.0,ok,0,112,226
vco_current_max,9,15,1,0.45,0.4499799,5.261525e-11,4890624.0,1402.1697472132253,5,1105281024.0,ok,0,112,226
vco_current_max,9,15,1,0.5,0.4999764,-8.094315e-11,4801418.0,2886.0388077778857,5,1085120468.0,ok,0,112,226
vco_current_max,9,15,1,0.55,0.5499708,-5.041564e-11,3896256.0,52554.38782822991,5,880553856.0,ok,0,112,226
vco_current_max,9,15,1,0.6,0.5999653,2.844747e-11,5039530.0,80363.506021079,5,403162400.0,ok,0,39,80
vco_current_max,9,15,1,0.65,0.6499876,5.452314e-11,5117960.0,57744.333055287774,5,143302880.0,ok,0,13,28
vco_current_max,9,15,1,0.7,0.6999744,6.151904e-11,2670304.4,17183.435593617476,5,74768523.2,ok,0,13,28
vco_current_max,9,15,1,0.75,0.7499766,1.969853e-10,2230413.0,6637.635271691267,5,62451564.0,ok,0,13,28
vco_current_max,9,15,2,0.0,-1.461158e-06,-1.819769e-09,4913780.0,1364.7160876900368,5,1110514280.0,ok,0,112,226
vco_current_max,9,15,2,0.05,0.04999558,-1.256272e-09,4914166.0,863.1222393149188,5,1110601516.0,ok,0,112,226
vco_current_max,9,15,2,0.1,0.0999866,-9.853341e-10,4913780.0,0.0,5,1110514280.0,ok,0,112,226
vco_current_max,9,15,2,0.15,0.1499887,-5.948297e-10,4911464.0,863.1222393149188,5,1109990864.0,ok,0,112,226
vco_current_max,9,15,2,0.2,0.1999846,-4.892534e-10,4910692.0,1057.1045359849707,5,1109816392.0,ok,0,112,226
vco_current_max,9,15,2,0.25,0.2499771,-4.243813e-10,4909534.0,863.1222393149188,5,1109554684.0,ok,0,112,226
vco_current_max,9,15,2,0.3,0.2999632,-1.400905e-10,4907990.0,0.0,5,1109205740.0,ok,0,112,226
vco_current_max,9,15,2,0.35,0.3500002,-1.419984e-10,4904156.0,1064.3683572899,5,1108339256.0,ok,0,112,226
vco_current_max,9,15,2,0.4,0.3999863,-2.64109e-10,4896768.0,1051.627310409919,5,1106669568.0,ok,0,112,226
vco_current_max,9,15,2,0.45,0.4499796,-3.960365e-11,4873880.0,849.7058314499201,5,1101496880.0,ok,0,112,226
vco_current_max,9,15,2,0.5,0.4999758,1.747259e-10,4762300.0,5491.684623137057,5,1076279800.0,ok,0,112,226
vco_current_max,9,15,2,0.55,0.5499712,-1.267346e-10,3770360.2,31739.973490852193,5,852101405.2,ok,0,112,226
vco_current_max,9,15,2,0.6,0.5999658,-1.108349e-10,5241306.0,70202.49197856156,5,398339256.0,ok,0,37,76
vco_current_max,9,15,2,0.65,0.649987,8.63227e-11,5212928.0,47235.870585816454,5,145961984.0,ok,0,13,28
vco_current_max,9,15,2,0.7,0.6999741,1.995293e-10,2664755.0,22782.407598846967,5,74613140.0,ok,0,13,28
vco_current_max,9,15,2,0.75,0.7499761,1.000364e-11,2231973.8,5251.842838471082,5,62495266.39999999,ok,0,13,28
vco_current_max,9,15,3,0.0,-1.346794e-06,-2.076713e-09,4942392.0,996.8550546594023,5,1107095808.0,ok,0,111,224
vco_current_max,9,15,3,0.05,0.04999571,-1.352308e-09,4942392.0,996.8550546594023,5,1107095808.0,ok,0,111,224
vco_current_max,9,15,3,0.1,0.09998819,-8.250626e-10,4941274.0,1333.371666115641,5,1106845376.0,ok,0,111,224
vco_current_max,9,15,3,0.15,0.1499899,-7.061302e-10,4940520.0,1068.058987135074,5,1106676480.0,ok,0,111,224
vco_current_max,9,15,3,0.2,0.1999853,-3.506052e-10,4939740.0,872.066511224918,5,1106501760.0,ok,0,111,224
vco_current_max,9,15,3,0.25,0.249979,-4.243813e-10,4938570.0,1068.058987135074,5,1106239680.0,ok,0,111,224
vco_current_max,9,15,3,0.3,0.2999638,-2.624775e-11,4936230.0,1068.058987135074,5,1105715520.0,ok,0,111,224
vco_current_max,9,15,3,0.35,0.3500013,-1.222827e-10,4931148.0,898.8993269549154,5,1104577152.0,ok,0,111,224
vco_current_max,9,15,3,0.4,0.3999872,-1.479986e-11,4921392.0,867.5943752699184,5,1102391808.0,ok,0,111,224
vco_current_max,9,15,3,0.45,0.4499798,8.187095e-11,4890624.0,1402.1697472132253,5,1095499776.0,ok,0,111,224
vco_current_max,9,15,3,0.5,0.4999762,3.09914e-11,4739024.0,6878.962857873271,5,1061541376.0,ok,0,111,224
vco_current_max,9,15,3,0.55,0.5499697,-2.475732e-10,3400483.6,37459.17598266144,5,761708326.4,ok,0,111,224
vco_current_max,9,15,3,0.6,0.599966,-1.089269e-10,5079904.0,81093.07140563859,5,335273664.0,ok,0,32,66
vco_current_max,9,15,3,0.65,0.6499875,2.243331e-10,5297576.0,63679.78863030247,5,127141824.0,ok,0,11,24
vco_current_max,9,15,3,0.7,0.6999747,3.375396e-10,3037883.8,14520.937166725844,5,72909211.19999999,ok,0,11,24
vco_current_max,9,15,3,0.75,0.7499768,3.337239e-10,2599128.2,5306.857280914949,5,62379076.800000004,ok,0,11,24
vco_current_max,9,15,4,0.0,-1.003587e-06,-1.791149e-09,4933380.0,268.32815729997475,5,1105077120.0,ok,0,111,224
vco_current_max,9,15,4,0.05,0.04999535,-9.859706e-10,4933110.0,872.066511224918,5,1105016640.0,ok,0,111,224
vco_current_max,9,15,4,0.1,0.09998708,-9.605303e-10,4932990.0,845.8723307923011,5,1104989760.0,ok,0,111,224
vco_current_max,9,15,4,0.15,0.1499881,-2.94637e-10,4932330.0,1068.058987135074,5,1104841920.0,ok,0,111,224
vco_current_max,9,15,4,0.2,0.199984,-5.865617e-10,4930746.0,1100.9223405853838,5,1104487104.0,ok,0,111,224
vco_current_max,9,15,4,0.25,0.2499789,-4.192934e-10,4929540.0,0.0,5,1104216960.0,ok,0,111,224
vco_current_max,9,15,4,0.3,0.2999636,-9.111903e-11,4927600.0,0.0,5,1103782400.0,ok,0,111,224
vco_current_max,9,15,4,0.35,0.3500006,-1.292786e-10,4922556.0,1062.5817615600222,5,1102652544.0,ok,0,111,224
vco_current_max,9,15,4,0.4,0.3999868,-3.833166e-11,4913008.0,1057.1045359849707,5,1100513792.0,ok,0,111,224
vco_current_max,9,15,4,0.45,0.449979,-7.203922e-11,4885016.0,1046.1500848348674,5,1094243584.0,ok,0,111,224
vco_current_max,9,15,4,0.5,0.499975,-9.111896e-11,4750984.0,13643.706607810063,5,1064220416.0,ok,0,111,224
vco_current_max,9,15,4,0.55,0.5499706,6.151918e-11,3702587.2,68662.7056647202,5,829379532.8000001,ok,0,111,224
vco_current_max,9,15,4,0.6,0.599966,-1.477224e-10,5173436.0,32673.733793369865,5,393181136.0,ok,0,37,76
vco_current_max,9,15,4,0.65,0.649987,1.257543e-10,5251864.0,189827.1858296382,5,147052192.0,ok,0,13,28
vco_current_max,9,15,4,0.7,0.699975,1.804497e-10,2679521.8,21377.62580830715,5,75026610.39999999,ok,0,13,28
vco_current_max,9,15,4,0.75,0.7499754,2.160649e-10,2226824.4,5294.403724688928,5,62351083.199999996,ok,0,13,28
vco_current_max,9,15,5,0.0,-3.172172e-07,-1.917078e-09,4912236.0,863.1222393149188,5,1100340864.0,ok,0,111,224
vco_current_max,9,15,5,0.05,0.04999501,-1.484596e-09,4911464.0,1614.7538512107658,5,1100167936.0,ok,0,111,224
vco_current_max,9,15,5,0.1,0.09998681,-7.856303e-10,4911464.0,863.1222393149188,5,1100167936.0,ok,0,111,224
vco_current_max,9,15,5,0.15,0.1499877,-5.299577e-10,4909148.0,1057.1045359849707,5,1099649152.0,ok,0,111,224
vco_current_max,9,15,5,0.2,0.199985,-3.372491e-10,4908672.0,1093.6727115549697,5,1099542528.0,ok,0,111,224
vco_current_max,9,15,5,0.25,0.2499788,-4.937055e-10,4906832.0,1057.1045359849707,5,1099130368.0,ok,0,111,224
vco_current_max,9,15,5,0.3,0.2999632,-6.186332e-11,4903296.0,858.6501033599193,5,1098338304.0,ok,0,111,224
vco_current_max,9,15,5,0.35,0.3500015,-1.655301e-10,4898688.0,1051.627310409919,5,1097306112.0,ok,0,111,224
vco_current_max,9,15,5,0.4,0.3999866,-1.063828e-10,4886162.0,854.1779674049196,5,1094500288.0,ok,0,111,224
vco_current_max,9,15,5,0.45,0.4499797,-3.769558e-11,4850776.0,840.7615595399209,5,1086573824.0,ok,0,111,224
vco_current_max,9,15,5,0.5,0.4999752,6.660686e-11,4660760.0,11618.838151897977,5,1044010240.0,ok,0,111,224
vco_current_max,9,15,5,0.55,0.5499713,-1.248266e-10,3298222.8,33542.55478045761,5,738801907.1999999,ok,0,111,224
vco_current_max,9,15,5,0.6,0.599966,5.325126e-11,5168950.0,80339.02165199674,5,330812800.0,ok,0,31,64
vco_current_max,9,15,5,0.65,0.6499866,1.270264e-10,4941528.0,60480.857467466514,5,128479728.0,ok,0,12,26
vco_current_max,9,15,5,0.7,0.6999737,1.912612e-10,2799822.8,20169.760613353843,5,72795392.8,ok,0,12,26
vco_current_max,9,15,5,0.75,0.7499755,2.160651e-10,2396713.4,4634.462730457545,5,62314548.4,ok,0,12,26
vco_current_max,9,15,6,0.0,-7.748895e-07,-1.988945e-09,4927988.0,867.5943752699184,5,1094013336.0,ok,0,110,222
vco_current_max,9,15,6,0.05,0.04999616,-1.414636e-09,4927988.0,867.5943752699184,5,1094013336.0,ok,0,110,222
vco_current_max,9,15,6,0.1,0.09998688,-1.024767e-09,4927988.0,867.5943752699184,5,1094013336.0,ok,0,110,222
vco_current_max,9,15,6,0.15,0.1499882,-9.210984e-10,4925660.0,1371.7871555019021,5,1093496520.0,ok,0,110,222
vco_current_max,9,15,6,0.2,0.199985,-4.555454e-10,4924884.0,1062.5817615600222,5,1093324248.0,ok,0,110,222
vco_current_max,9,15,6,0.25,0.2499784,-2.049617e-10,4921780.0,0.0,5,1092635160.0,ok,0,110,222
vco_current_max,9,15,6,0.3,0.2999643,-1.343665e-10,4918676.0,1062.5817615600222,5,1091946072.0,ok,0,110,222
vco_current_max,9,15,6,0.35,0.3500016,-2.068697e-10,4911850.0,0.0,5,1090430700.0,ok,0,110,222
vco_current_max,9,15,6,0.4,0.3999864,-2.393053e-10,4897152.0,1051.627310409919,5,1087167744.0,ok,0,110,222
vco_current_max,9,15,6,0.45,0.4499798,-9.302709e-11,4851528.0,1029.7184081097123,5,1077039216.0,ok,0,110,222
vco_current_max,9,15,6,0.5,0.4999761,1.441979e-10,4598592.0,12023.558957313762,5,1020887424.0,ok,0,110,222
vco_current_max,9,15,6,0.55,0.5499712,7.614695e-11,3134412.0,35590.63368359715,5,695839464.0,ok,0,110,222
vco_current_max,9,15,6,0.6,0.5999664,-6.18634e-11,5225010.0,104692.37890123617,5,323950620.0,ok,0,30,62
vco_current_max,9,15,6,0.65,0.6499882,8.50508e-11,2001253.8,8729.032603902908,5,124077735.60000001,ok,0,30,62
vco_current_max,9,15,6,0.7,0.6999745,-3.988171e-12,5246572.0,33453.09731549532,5,73452008.0,ok,0,6,14
vco_current_max,9,15,6,0.75,0.7499768,1.257542e-10,4454282.0,10839.43817732266,5,62359948.0,ok,0,6,14
vco_current_max,9,15,7,0.0,-1.4611e-06,-1.986402e-09,4937790.0,872.066511224918,5,1086313800.0,ok,0,109,220
vco_current_max,9,15,7,0.05,0.0499957,-1.419088e-09,4936620.0,1068.058987135074,5,1086056400.0,ok,0,109,220
vco_current_max,9,15,7,0.1,0.0999864,-7.837221e-10,4935450.0,0.0,5,1085799000.0,ok,0,109,220
vco_current_max,9,15,7,0.15,0.1499877,-9.236423e-10,4933992.0,753.471963645629,5,1085478240.0,ok,0,109,220
vco_current_max,9,15,7,0.2,0.1999857,-6.749657e-10,4931550.0,0.0,5,1084941000.0,ok,0,109,220
vco_current_max,9,15,7,0.25,0.2499785,3.644002e-12,4928764.0,1062.5817615600222,5,1084328080.0,ok,0,109,220
vco_current_max,9,15,7,0.3,0.2999637,-1.133787e-10,4923720.0,0.0,5,1083218400.0,ok,0,109,220
vco_current_max,9,15,7,0.35,0.3500015,1.699971e-11,4914938.0,1057.1045359849707,5,1081286360.0,ok,0,109,220
vco_current_max,9,15,7,0.4,0.3999871,1.200304e-10,4894144.0,1365.1666564928987,5,1076711680.0,ok,0,109,220
vco_current_max,9,15,7,0.45,0.4499803,-7.076729e-11,4827360.0,3289.9240112805037,5,1062019200.0,ok,0,109,220
vco_current_max,9,15,7,0.5,0.4999759,7.487488e-11,4379722.0,27924.527211754186,5,963538840.0,ok,0,109,220
vco_current_max,9,15,7,0.55,0.5499713,-1.00023e-10,2620661.2,49953.10243818696,5,576545464.0,ok,0,109,220
vco_current_max,9,15,7,0.6,0.5999654,1.381964e-11,5147898.0,29545.991606307613,5,257394900.0,ok,0,24,50
vco_current_max,9,15,7,0.65,0.6499879,2.42777e-10,2115999.0,22738.997647213917,5,105799950.0,ok,0,24,50
vco_current_max,9,15,7,0.7,0.6999747,1.995292e-10,5094678.0,20578.081057280342,5,71325492.0,ok,0,6,14
vco_current_max,9,15,7,0.75,0.7499772,2.167009e-10,4447104.0,12607.558447217289,5,62259456.0,ok,0,6,14
vco_current_max,9,15,8,0.0,-1.117951e-06,-1.929798e-09,4917024.0,1199.5124009363137,5,1091579328.0,ok,0,110,222
vco_current_max,9,15,8,0.05,0.04999592,-1.268355e-09,4916586.0,1199.5124009363137,5,1091482092.0,ok,0,110,222
vco_current_max,9,15,8,0.1,0.0999868,-7.080381e-10,4916586.0,1199.5124009363137,5,1091482092.0,ok,0,110,222
vco_current_max,9,15,8,0.15,0.1499881,-6.329894e-10,4915324.0,863.1222393149188,5,1091201928.0,ok,0,110,222
vco_current_max,9,15,8,0.2,0.1999865,-2.202255e-10,4915710.0,0.0,5,1091287620.0,ok,0,110,222
vco_current_max,9,15,8,0.25,0.2499795,-3.881293e-10,4913394.0,863.1222393149188,5,1090773468.0,ok,0,110,222
vco_current_max,9,15,8,0.3,0.2999638,-3.684131e-10,4911078.0,1057.1045359849707,5,1090259316.0,ok,0,110,222
vco_current_max,9,15,8,0.35,0.3500008,-3.391571e-10,4907462.0,841.8847902177589,5,1089456564.0,ok,0,110,222
vco_current_max,9,15,8,0.4,0.3999877,-1.352787e-11,4898688.0,1051.627310409919,5,1087508736.0,ok,0,110,222
vco_current_max,9,15,8,0.45,0.4499803,-1.439064e-10,4871980.0,1589.6540504147436,5,1081579560.0,ok,0,110,222
vco_current_max,9,15,8,0.5,0.4999764,-2.380333e-10,4740410.0,4733.180748714336,5,1052371020.0,ok,0,110,222
vco_current_max,9,15,8,0.55,0.5499718,2.803005e-10,3661851.4,26212.108934612646,5,812931010.8,ok,0,110,222
vco_current_max,9,15,8,0.6,0.5999662,-6.504336e-11,5062710.0,117296.9117240518,5,384765960.0,ok,0,37,76
vco_current_max,9,15,8,0.65,0.6499889,-2.052394e-11,5241096.0,105774.91800989496,5,146750688.0,ok,0,13,28
vco_current_max,9,15,8,0.7,0.6999748,1.079465e-10,2673044.8,21881.715362375042,5,74845254.39999999,ok,0,13,28
vco_current_max,9,15,8,0.75,0.7499772,1.104905e-10,2232105.8,7991.595347613642,5,62498962.39999999,ok,0,13,28
vco_current_max,9,15,9,0.0,-4.316535e-07,-1.81341e-09,4919840.0,0.0,5,1082364800.0,ok,0,109,220
vco_current_max,9,15,9,0.05,0.04999649,-9.369986e-10,4919452.0,867.5943752699184,5,1082279440.0,ok,0,109,220
vco_current_max,9,15,9,0.1,0.09998711,-6.91502e-10,4919452.0,867.5943752699184,5,1082279440.0,ok,0,109,220
vco_current_max,9,15,9,0.15,0.1499886,-7.131261e-10,4918676.0,1062.5817615600222,5,1082108720.0,ok,0,109,220
vco_current_max,9,15,9,0.2,0.1999848,-5.948296e-10,4917024.0,1199.5124009363137,5,1081745280.0,ok,0,109,220
vco_current_max,9,15,9,0.25,0.2499789,-7.967112e-11,4914552.0,1057.1045359849707,5,1081201440.0,ok,0,109,220
vco_current_max,9,15,9,0.3,0.2999638,-3.461531e-10,4912236.0,863.1222393149188,5,1080691920.0,ok,0,109,220
vco_current_max,9,15,9,0.35,0.3500015,2.434131e-10,4906446.0,863.1222393149188,5,1079418120.0,ok,0,109,220
vco_current_max,9,15,9,0.4,0.3999853,-1.865179e-10,4895232.0,1051.627310409919,5,1076951040.0,ok,0,109,220
vco_current_max,9,15,9,0.45,0.4499796,-1.458144e-10,4856970.0,1589.0720562642841,5,1068533400.0,ok,0,109,220
vco_current_max,9,15,9,0.5,0.4999756,-1.394545e-10,4628846.0,9275.412659283682,5,1018346120.0,ok,0,109,220
vco_current_max,9,15,9,0.55,0.5499709,2.590367e-11,3215507.4,27485.566072031335,5,707411628.0,ok,0,109,220
vco_current_max,9,15,9,0.6,0.5999657,-1.356385e-10,5098136.0,142463.56351713234,5,326280704.0,ok,0,31,64
vco_current_max,9,15,9,0.65,0.6499886,7.932696e-11,5284670.0,101598.53050118392,5,126832080.0,ok,0,11,24
vco_current_max,9,15,9,0.7,0.6999742,2.122493e-10,3040230.2,13332.57203993288,5,72965524.80000001,ok,0,11,24
vco_current_max,9,15,9,0.75,0.7499766,-1.734396e-11,2596122.8,3175.7225477046954,5,62306947.199999996,ok,0,11,24
vco_current_max,9,15,10,0.0,-5.461043e-07,-1.812137e-09,4942392.0,996.8550546594023,5,1067556672.0,ok,0,107,216
vco_current_max,9,15,10,0.05,0.0499957,-1.301428e-09,4940884.0,1585.2539228779722,5,1067230944.0,ok,0,107,216
vco_current_max,9,15,10,0.1,0.09998823,-7.938981e-10,4940130.0,1068.058987135074,5,1067068080.0,ok,0,107,216
vco_current_max,9,15,10,0.15,0.1499896,-4.523655e-10,4940130.0,1068.058987135074,5,1067068080.0,ok,0,107,216
vco_current_max,9,15,10,0.2,0.1999855,-2.278575e-10,4938570.0,1068.058987135074,5,1066731120.0,ok,0,107,216
vco_current_max,9,15,10,0.25,0.249978,-3.232571e-10,4936230.0,1068.058987135074,5,1066225680.0,ok,0,107,216
vco_current_max,9,15,10,0.3,0.2999634,-8.348715e-11,4933704.0,456.1578674099571,5,1065680064.0,ok,0,107,216
vco_current_max,9,15,10,0.35,0.3500004,-2.99725e-10,4925660.0,0.0,5,1063942560.0,ok,0,107,216
vco_current_max,9,15,10,0.4,0.399987,-2.62201e-10,4910306.0,1614.7538512107658,5,1060626096.0,ok,0,107,216
vco_current_max,9,15,10,0.45,0.4499798,-1.019309e-10,4855670.0,3707.3170892169446,5,1048824720.0,ok,0,107,216
vco_current_max,9,15,10,0.5,0.4999764,1.282984e-10,4539396.0,10185.073882893535,5,980509536.0,ok,0,107,216
vco_current_max,9,15,10,0.55,0.5499708,1.639139e-10,3123778.4,19701.805813173574,5,674736134.4,ok,0,107,216
vco_current_max,9,15,10,0.6,0.5999649,1.352942e-10,5173792.0,17266.126375073247,5,320775104.0,ok,0,30,62
vco_current_max,9,15,10,0.65,0.6499871,1.569179e-10,5289446.0,41329.66948815342,5,126946704.0,ok,0,11,24
vco_current_max,9,15,10,0.7,0.6999747,1.696378e-10,3052850.4,37953.3890291763,5,73268409.6,ok,0,11,24
vco_current_max,9,15,10,0.75,0.7499765,4.755497e-10,2604771.8,5190.786857500508,5,62514523.199999996,ok,0,11,24
vco_current_max,9,15,11,0.0,-1.232343e-06,-1.971774e-09,4927600.0,0.0,5,1044651200.0,ok,0,105,212
vco_current_max,9,15,11,0.05,0.04999569,-1.351672e-09,4927600.0,1371.7871555019021,5,1044651200.0,ok,0,105,212
vco_current_max,9,15,11,0.1,0.09998732,-9.484463e-10,4926048.0,867.5943752699184,5,1044322176.0,ok,0,105,212
vco_current_max,9,15,11,0.15,0.1499892,-5.795658e-10,4924884.0,1062.5817615600222,5,1044075408.0,ok,0,105,212
vco_current_max,9,15,11,0.2,0.1999858,-3.474251e-10,4922556.0,1062.5817615600222,5,1043581872.0,ok,0,105,212
vco_current_max,9,15,11,0.25,0.2499791,-2.297654e-10,4919452.0,867.5943752699184,5,1042923824.0,ok,0,105,212
vco_current_max,9,15,11,0.3,0.299963,-3.270731e-10,4914938.0,1057.1045359849707,5,1041966856.0,ok,0,105,212
vco_current_max,9,15,11,0.35,0.3500017,-2.513892e-10,4904724.0,1951.276505265207,5,1039801488.0,ok,0,105,212
vco_current_max,9,15,11,0.4,0.3999863,-2.513892e-10,4877424.0,1188.4780183074486,5,1034013888.0,ok,0,105,212
vco_current_max,9,15,11,0.45,0.4499804,-2.005098e-10,4771930.0,6569.375921653441,5,1011649160.0,ok,0,105,212
vco_current_max,9,15,11,0.5,0.4999761,-1.229188e-10,4151044.0,39041.01023283081,5,880021328.0,ok,0,105,212
vco_current_max,9,15,11,0.55,0.5499728,-8.030719e-11,2584321.2,19180.12761167141,5,547876094.4000001,ok,0,105,212
vco_current_max,9,15,11,0.6,0.5999669,-8.793911e-11,5239664.0,74135.77833947654,5,251503872.0,ok,0,23,48
vco_current_max,9,15,11,0.65,0.6499876,8.759482e-11,2211888.4,12667.935913162808,5,106170643.19999999,ok,0,23,48
vco_current_max,9,15,11,0.7,0.6999742,1.092186e-10,5109524.0,14932.60794369155,5,71533336.0,ok,0,6,14
vco_current_max,9,15,11,0.75,0.7499771,4.475663e-10,4452826.0,5544.5450670005375,5,62339564.0,ok,0,6,14
vco_current_max,9,15,12,0.0,-8.893112e-07,-1.317963e-09,4943150.0,2339.4230057858285,5,1008402600.0,ok,0,101,204
vco_current_max,9,15,12,0.05,0.04999583,-1.254364e-09,4940494.0,2183.8452326115053,5,1007860776.0,ok,0,101,204
vco_current_max,9,15,12,0.1,0.09998796,-9.586228e-10,4940858.0,2482.965968353171,5,1007935032.0,ok,0,101,204
vco_current_max,9,15,12,0.15,0.1499881,-7.411101e-10,4941274.0,1333.371666115641,5,1008019896.0,ok,0,101,204
vco_current_max,9,15,12,0.2,0.1999854,-4.892534e-10,4938960.0,1631.4870517414474,5,1007547840.0,ok,0,101,204
vco_current_max,9,15,12,0.25,0.2499787,-2.068697e-10,4937400.0,2388.2524992135986,5,1007229600.0,ok,0,101,204
vco_current_max,9,15,12,0.3,0.2999645,-1.725261e-10,4933500.0,1378.8582233137677,5,1006434000.0,ok,0,101,204
vco_current_max,9,15,12,0.35,0.3500015,-2.561179e-11,4926436.0,1735.1887505398367,5,1004992944.0,ok,0,101,204
vco_current_max,9,15,12,0.4,0.3999873,4.561937e-11,4908762.0,1057.1045359849707,5,1001387448.0,ok,0,101,204
vco_current_max,9,15,12,0.45,0.4499803,-8.080758e-13,4823646.0,7520.05518596772,5,984023784.0,ok,0,101,204
vco_current_max,9,15,12,0.5,0.4999764,8.250697e-11,4401682.0,21937.789770166,5,897943128.0,ok,0,101,204
vco_current_max,9,15,12,0.55,0.5499707,-9.493513e-11,3091417.8,29778.871221052013,5,630649231.1999999,ok,0,101,204
vco_current_max,9,15,12,0.6,0.5999661,1.969856e-10,4997036.0,94815.7852364257,5,309816232.0,ok,0,30,62
vco_current_max,9,15,12,0.65,0.6499856,2.027094e-10,5275608.0,55211.43468521716,5,126614592.0,ok,0,11,24
vco_current_max,9,15,12,0.7,0.6999741,1.015866e-10,3046762.8,10210.512900927162,5,73122307.19999999,ok,0,11,24
vco_current_max,9,15,12,0.75,0.7499766,3.413557e-10,2601306.4,6526.842598071444,5,62431353.599999994,ok,0,11,24
vco_current_max,9,15,13,0.0,-1.804248e-06,-1.507492e-09,5006332.0,3679.601880638719,5,911152424.0,ok,0,90,182
vco_current_max,9,15,13,0.05,0.04999606,-1.097907e-09,5001382.0,3398.473186594239,5,910251524.0,ok,0,90,182
vco_current_max,9,15,13,0.1,0.09998714,-7.455622e-10,5004186.0,4118.613844487002,5,910761852.0,ok,0,90,182
vco_current_max,9,15,13,0.15,0.1499881,-4.631773e-10,5003530.0,2595.7272583998497,5,910642460.0,ok,0,90,182
vco_current_max,9,15,13,0.2,0.1999854,-6.374418e-10,5003166.0,4615.103465795756,5,910576212.0,ok,0,90,182
vco_current_max,9,15,13,0.25,0.2499798,-4.469144e-11,4999526.0,3224.8844940555623,5,909913732.0,ok,0,90,182
vco_current_max,9,15,13,0.3,0.2999631,-4.278357e-11,4994582.0,1368.8023962574,5,909013924.0,ok,0,90,182
vco_current_max,9,15,13,0.35,0.3500024,-2.71105e-10,4976788.0,4303.477663471718,5,905775416.0,ok,0,90,182
vco_current_max,9,15,13,0.4,0.3999865,-1.098396e-11,4937744.0,4909.1424913114915,5,898669408.0,ok,0,90,182
vco_current_max,9,15,13,0.45,0.4499803,-8.440026e-12,4736614.0,4642.540252921885,5,862063748.0,ok,0,90,182
vco_current_max,9,15,13,0.5,0.4999753,2.97195e-11,4061886.0,16800.621417078597,5,739263252.0,ok,0,90,182
vco_current_max,9,15,13,0.55,0.5499715,-1.737981e-10,2737951.2,15408.192259314523,5,498307118.40000004,ok,0,90,182
vco_current_max,9,15,13,0.6,0.5999668,1.887175e-10,5094086.0,93420.88620859898,5,244516128.0,ok,0,23,48
vco_current_max,9,15,13,0.65,0.6499882,9.268269e-11,2212419.8,23685.45083379246,5,106196150.39999999,ok,0,23,48
vco_current_max,9,15,13,0.7,0.6999755,8.759468e-11,5075292.0,16945.35836151009,5,71054088.0,ok,0,6,14
vco_current_max,9,15,13,0.75,0.7499769,1.56918e-10,4450044.0,12779.609931449395,5,62300616.0,ok,0,6,14
vco_current_max,9,15,14,0.0,-6.604678e-07,-1.691933e-09,5024144.0,2633.7577717018703,5,683283584.0,ok,0,67,136
vco_current_max,9,15,14,0.05,0.04999534,-1.202847e-09,5021984.0,5130.855679124097,5,682989824.0,ok,0,67,136
vco_current_max,9,15,14,0.1,0.09998772,-7.430182e-10,5027540.0,2824.0131019526098,5,683745440.0,ok,0,67,136
vco_current_max,9,15,14,0.15,0.1499892,-4.765335e-10,5023940.0,6238.862075731439,5,683255840.0,ok,0,67,136
vco_current_max,9,15,14,0.2,0.1999847,-3.881292e-10,5024000.0,4648.50513606256,5,683264000.0,ok,0,67,136
vco_current_max,9,15,14,0.25,0.2499785,-1.273706e-10,5022528.0,3380.106507197665,5,683063808.0,ok,0,67,136
vco_current_max,9,15,14,0.3,0.2999638,-4.214749e-11,5011734.0,3651.346327041575,5,681595824.0,ok,0,67,136
vco_current_max,9,15,14,0.35,0.3500014,-2.564771e-10,4991934.0,2014.0580925087538,5,678903024.0,ok,0,67,136
vco_current_max,9,15,14,0.4,0.3999868,1.098546e-10,4935100.0,4782.358204902682,5,671173600.0,ok,0,67,136
vco_current_max,9,15,14,0.45,0.4499795,5.643117e-11,4781392.0,9445.658791211972,5,650269312.0,ok,0,67,136
vco_current_max,9,15,14,0.5,0.4999762,-1.159227e-10,4325816.0,10671.641392025876,5,588310976.0,ok,0,67,136
vco_current_max,9,15,14,0.55,0.5499715,1.117625e-10,3216835.8,14068.007968436754,5,437489668.79999995,ok,0,67,136
vco_current_max,9,15,14,0.6,0.5999663,1.537379e-10,5069732.0,31763.899634648136,5,233207672.0,ok,0,22,46
vco_current_max,9,15,14,0.65,0.6499879,3.480732e-11,2290830.6,22663.52730269496,5,105378207.60000001,ok,0,22,46
vco_current_max,9,15,14,0.7,0.6999747,2.332367e-10,5101034.0,29277.84537837441,5,71414476.0,ok,0,6,14
vco_current_max,9,15,14,0.75,0.7499764,1.969853e-10,4465954.0,9835.526422108784,5,62523356.0,ok,0,6,14
vco_current_max,9,15,15,0.0,-7.748022e-07,-1.878282e-09,5070462.0,9211.762589211687,5,354932340.0,ok,0,34,70
vco_current_max,9,15,15,0.05,0.04999579,-1.176771e-09,5062248.0,9958.828746393825,5,354357360.0,ok,0,34,70
vco_current_max,9,15,15,0.1,0.09998842,-7.856303e-10,5070074.0,3959.6312959668353,5,354905180.0,ok,0,34,70
vco_current_max,9,15,15,0.15,0.1499886,-5.414056e-10,5069778.0,6556.791898482062,5,354884460.0,ok,0,34,70
vco_current_max,9,15,15,0.2,0.1999856,-5.566696e-10,5058922.0,6461.324941527086,5,354124540.0,ok,0,34,70
vco_current_max,9,15,15,0.25,0.2499788,-3.754091e-10,5040122.0,6917.558817964615,5,352808540.0,ok,0,34,70
vco_current_max,9,15,15,0.3,0.299964,-2.68561e-10,5008260.0,4145.648320829928,5,350578200.0,ok,0,34,70
vco_current_max,9,15,15,0.35,0.3500011,-5.677539e-11,4970966.0,5229.1089107036205,5,347967620.0,ok,0,34,70
vco_current_max,9,15,15,0.4,0.3999868,-1.734382e-11,4906672.0,7695.503232407872,5,343467040.0,ok,0,34,70
vco_current_max,9,15,15,0.45,0.4499792,-6.122738e-11,4785474.0,7365.058044577789,5,334983180.0,ok,0,34,70
vco_current_max,9,15,15,0.5,0.4999755,2.39955e-11,4448430.0,10985.754411964615,5,311390100.0,ok,0,34,70
vco_current_max,9,15,15,0.55,0.5499703,2.526757e-11,3539825.4,17699.612772600423,5,247787778.0,ok,0,34,70
vco_current_max,9,15,15,0.6,0.599965,-4.151167e-11,2169518.8,36827.185280713486,5,151866316.0,ok,0,34,70
vco_current_max,9,15,15,0.65,0.6499868,3.671544e-11,4945132.0,73788.8739580704,5,89012376.0,ok,0,8,18
vco_current_max,9,15,15,0.7,0.6999739,2.841164e-10,3815580.0,9239.093570258936,5,68680440.0,ok,0,8,18
vco_current_max,9,15,15,0.75,0.7499765,3.960511e-10,3443988.4,6670.119361750583,5,61991791.199999996,ok,0,8,18
vco_current_min,9,0,0,0.0,-4.317117e-07,-1.757441e-09,4939740.0,872.066511224918,5,1126260720.0,ok,0,113,228
vco_current_min,9,0,0,0.05,0.04999605,-1.278532e-09,4939350.0,0.0,5,1126171800.0,ok,0,113,228
vco_current_min,9,0,0,0.1,0.09998722,-9.885145e-10,4939350.0,0.0,5,1126171800.0,ok,0,113,228
vco_current_min,9,0,0,0.15,0.1499893,-6.380777e-10,4938570.0,1068.058987135074,5,1125993960.0,ok,0,113,228
vco_current_min,9,0,0,0.2,0.1999852,-1.992378e-10,4939350.0,0.0,5,1126171800.0,ok,0,113,228
vco_current_min,9,0,0,0.25,0.2499785,-1.979658e-10,4938570.0,1068.058987135074,5,1125993960.0,ok,0,113,228
vco_current_min,9,0,0,0.3,0.2999633,-3.213491e-10,4938180.0,1068.058987135074,5,1125905040.0,ok,0,113,228
vco_current_min,9,0,0,0.35,0.3500011,4.498318e-11,4937010.0,872.066511224918,5,1125638280.0,ok,0,113,228
vco_current_min,9,0,0,0.4,0.3999866,5.325126e-11,4935060.0,872.066511224918,5,1125193680.0,ok,0,113,228
vco_current_min,9,0,0,0.45,0.4499797,-7.167961e-12,4930344.0,1100.9223405853838,5,1124118432.0,ok,0,113,228
vco_current_min,9,0,0,0.5,0.4999763,1.918977e-10,4913394.0,863.1222393149188,5,1120253832.0,ok,0,113,228
vco_current_min,9,0,0,0.55,0.5499705,-1.222828e-10,4872360.0,1699.4116628998402,5,1110898080.0,ok,0,113,228
vco_current_min,9,0,0,0.6,0.5999658,1.123985e-10,4817710.0,693.1810730249348,5,1098437880.0,ok,0,113,228
vco_current_min,9,0,0,0.65,0.6499871,-8.157923e-11,4792096.0,1007.8095058095056,5,1092597888.0,ok,0,113,228
vco_current_min,9,0,0,0.7,0.6999745,1.763562e-11,4785450.0,1294.005409571382,5,1091082600.0,ok,0,113,228
vco_current_min,9,0,0,0.75,0.7499766,3.852387e-10,4783986.0,818.400879764923,5,1090748808.0,ok,0,113,228
vco_current_min,9,1,0,0.0,-1.346751e-06,-1.645505e-09,4939350.0,0.0,5,1126171800.0,ok,0,113,228
vco_current_min,9,1,0,0.05,0.04999548,-1.361848e-09,4939350.0,0.0,5,1126171800.0,ok,0,113,228
vco_current_min,9,1,0,0.1,0.09998711,-6.056418e-10,4938960.0,872.066511224918,5,1126082880.0,ok,0,113,228
vco_current_min,9,1,0,0.15,0.1499887,-7.481061e-10,4939350.0,0.0,5,1126171800.0,ok,0,113,228
vco_current_min,9,1,0,0.2,0.1999855,-5.941937e-10,4938570.0,1068.058987135074,5,1125993960.0,ok,0,113,228
vco_current_min,9,1,0,0.25,0.2499778,-2.463012e-10,4938570.0,1068.058987135074,5,1125993960.0,ok,0,113,228
vco_current_min,9,1,0,0.3,0.2999644,-2.92093e-10,4938180.0,1068.058987135074,5,1125905040.0,ok,0,113,228
vco_current_min,9,1,0,0.35,0.350001,-1.159228e-10,4936230.0,1068.058987135074,5,1125460440.0,ok,0,113,228
vco_current_min,9,1,0,0.4,0.3999873,6.151921e-11,4934670.0,1068.058987135074,5,1125104760.0,ok,0,113,228
vco_current_min,9,1,0,0.45,0.4499795,-1.687102e-10,4929152.0,867.5943752699184,5,1123846656.0,ok,0,113,228
vco_current_min,9,1,0,0.5,0.4999758,-1.356386e-10,4913008.0,1057.1045359849707,5,1120165824.0,ok,0,113,228
vco_current_min,9,1,0,0.55,0.5499706,-4.278362e-11,4869616.0,1119.8571337451933,5,1110272448.0,ok,0,113,228
vco_current_min,9,1,0,0.6,0.5999649,3.544315e-11,4813328.0,2023.8379381758807,5,1097438784.0,ok,0,113,228
vco_current_min,9,1,0,0.65,0.6499878,8.695883e-11,4786182.0,1002.332280234454,5,1091249496.0,ok,0,113,228
vco_current_min,9,1,0,0.7,0.6999727,-5.741164e-11,4780692.0,1002.332280234454,5,1089997776.0,ok,0,113,228
vco_current_min,9,1,0,0.75,0.7499766,2.510445e-10,4779228.0,1002.332280234454,5,1089663984.0,ok,0,113,228
vco_current_min,9,2,0,0.0,-1.346751e-06,-2.002937e-09,4936620.0,1068.058987135074,5,1125549360.0,ok,0,113,228
vco_current_min,9,2,0,0.05,0.04999559,-1.29952e-09,4937400.0,0.0,5,1125727200.0,ok,0,113,228
vco_current_min,9,2,0,0.1,0.09998804,-1.039395e-09,4936620.0,1068.058987135074,5,1125549360.0,ok,0,113,228
vco_current_min,9,2,0,0.15,0.1499889,-6.806898e-10,4937010.0,872.066511224918,5,1125638280.0,ok,0,113,228
vco_current_min,9,2,0,0.2,0.1999855,-4.962495e-10,4936230.0,1068.058987135074,5,1125460440.0,ok,0,113,228
vco_current_min,9,2,0,0.25,0.2499781,-4.116613e-10,4935840.0,872.066511224918,5,1125371520.0,ok,0,113,228
vco_current_min,9,2,0,0.3,0.2999631,-2.094137e-10,4933890.0,872.066511224918,5,1124926920.0,ok,0,113,228
vco_current_min,9,2,0,0.35,0.3500015,-1.865179e-10,4934280.0,1068.058987135074,5,1125015840.0,ok,0,113,228
vco_current_min,9,2,0,0.4,0.3999867,-1.311866e-10,4931148.0,898.8993269549154,5,1124301744.0,ok,0,113,228
vco_current_min,9,2,0,0.45,0.44998,-2.080031e-12,4926048.0,867.5943752699184,5,1123138944.0,ok,0,113,228
vco_current_min,9,2,0,0.5,0.4999761,3.480752e-11,4908736.0,800.3624179082874,5,1119191808.0,ok,0,113,228
vco_current_min,9,2,0,0.55,0.5499722,3.862347e-11,4858812.0,2464.258509166601,5,1107809136.0,ok,0,113,228
vco_current_min,9,2,0,0.6,0.5999663,-4.469174e-11,4797248.0,822.8730157199226,5,1093772544.0,ok,0,113,228
vco_current_min,9,2,0,0.65,0.6499876,3.798734e-11,4764760.0,0.0,5,1086365280.0,ok,0,113,228
vco_current_min,9,2,0,0.7,0.6999761,1.740899e-10,4758600.0,554.7071299343465,5,1084960800.0,ok,0,113,228
vco_current_min,9,2,0,0.75,0.7499768,2.758483e-10,4758540.0,1160.3232308283757,5,1084947120.0,ok,0,113,228
vco_current_min,9,3,0,0.0,-8.860661e-08,-1.928525e-09,4936620.0,1068.058987135074,5,1125549360.0,ok,0,113,228
vco_current_min,9,3,0,0.05,0.04999603,-1.295704e-09,4936230.0,1068.058987135074,5,1125460440.0,ok,0,113,228
vco_current_min,9,3,0,0.1,0.09998666,-8.326942e-10,4935840.0,872.066511224918,5,1125371520.0,ok,0,113,228
vco_current_min,9,3,0,0.15,0.1499888,-6.425296e-10,4935840.0,872.066511224918,5,1125371520.0,ok,0,113,228
vco_current_min,9,3,0,0.2,0.199986,-5.941937e-10,4935840.0,872.066511224918,5,1125371520.0,ok,0,113,228
vco_current_min,9,3,0,0.25,0.2499785,-3.843132e-10,4935450.0,0.0,5,1125282600.0,ok,0,113,228
vco_current_min,9,3,0,0.3,0.2999636,-2.106856e-10,4934280.0,1068.058987135074,5,1125015840.0,ok,0,113,228
vco_current_min,9,3,0,0.35,0.3500007,-1.305506e-10,4932924.0,1321.6013014521436,5,1124706672.0,ok,0,113,228
vco_current_min,9,3,0,0.4,0.3999866,-1.289194e-11,4931148.0,898.8993269549154,5,1124301744.0,ok,0,113,228
vco_current_min,9,3,0,0.45,0.4499799,-1.352793e-11,4925660.0,0.0,5,1123050480.0,ok,0,113,228
vco_current_min,9,3,0,0.5,0.4999761,-4.723562e-11,4907256.0,1231.8806760396885,5,1118854368.0,ok,0,113,228
vco_current_min,9,3,0,0.55,0.5499719,-3.578768e-11,4858434.0,1035.195633684764,5,1107722952.0,ok,0,113,228
vco_current_min,9,3,0,0.6,0.5999665,-3.769574e-11,4792096.0,1645.7460314398452,5,1092597888.0,ok,0,113,228
vco_current_min,9,3,0,0.65,0.6499869,8.568679e-11,4760662.0,1514.3546480266768,5,1085430936.0,ok,0,113,228
vco_current_min,9,3,0,0.7,0.6999738,2.844736e-11,4752698.0,809.4566078549238,5,1083615144.0,ok,0,113,228
vco_current_min,9,3,0,0.75,0.7499774,2.955642e-10,4751612.0,809.4566078549238,5,1083367536.0,ok,0,113,228
vco_current_min,9,4,0,0.0,-6.604678e-07,-1.947605e-09,4933890.0,872.066511224918,5,1124926920.0,ok,0,113,228
vco_current_min,9,4,0,0.05,0.0499965,-1.256908e-09,4933770.0,974.4229061347029,5,1124899560.0,ok,0,113,228
vco_current_min,9,4,0,0.1,0.09998745,-9.490825e-10,4933890.0,872.066511224918,5,1124926920.0,ok,0,113,228
vco_current_min,9,4,0,0.15,0.1499896,-4.561814e-10,4933500.0,0.0,5,1124838000.0,ok,0,113,228
vco_current_min,9,4,0,0.2,0.1999849,-3.10537e-10,4933110.0,872.066511224918,5,1124749080.0,ok,0,113,228
vco_current_min,9,4,0,0.25,0.2499786,-2.74285e-10,4933110.0,872.066511224918,5,1124749080.0,ok,0,113,228
vco_current_min,9,4,0,0.3,0.2999644,-2.571131e-10,4932318.0,1767.6594694680307,5,1124568504.0,ok,0,113,228
vco_current_min,9,4,0,0.35,0.3500016,-2.208616e-10,4929942.0,898.8993269549154,5,1124026776.0,ok,0,113,228
vco_current_min,9,4,0,0.4,0.3999866,-8.793914e-11,4927600.0,1371.7871555019021,5,1123492800.0,ok,0,113,228
vco_current_min,9,4,0,0.45,0.4499802,1.000375e-11,4923332.0,867.5943752699184,5,1122519696.0,ok,0,113,228
vco_current_min,9,4,0,0.5,0.4999767,2.781156e-11,4903296.0,858.6501033599193,5,1117951488.0,ok,0,113,228
vco_current_min,9,4,0,0.55,0.549971,-6.504348e-11,4848520.0,0.0,5,1105462560.0,ok,0,113,228
vco_current_min,9,4,0,0.6,0.599966,-1.114709e-10,4772404.0,1522.7212482920174,5,1088108112.0,ok,0,113,228
vco_current_min,9,4,0,0.65,0.6499869,-1.324586e-10,4737300.0,670.820393249937,5,1080104400.0,ok,0,113,228
vco_current_min,9,4,0,0.7,0.6999756,8.187084e-11,4727390.0,1265.72113832392,5,1077844920.0,ok,0,113,228
vco_current_min,9,4,0,0.75,0.7499769,3.08284e-10,4725600.0,0.0,5,1077436800.0,ok,0,113,228
vco_current_min,9,5,0,0.0,-3.173336e-07,-1.964141e-09,4933260.0,328.63353450309967,5,1124783280.0,ok,0,113,228
vco_current_min,9,5,0,0.05,0.04999636,-1.310967e-09,4933314.0,1080.499884312812,5,1124795592.0,ok,0,113,228
vco_current_min,9,5,0,0.1,0.09998747,-9.039265e-10,4933110.0,872.066511224918,5,1124749080.0,ok,0,113,228
vco_current_min,9,5,0,0.15,0.149989,-6.851418e-10,4932720.0,1068.058987135074,5,1124660160.0,ok,0,113,228
vco_current_min,9,5,0,0.2,0.1999855,-4.192933e-10,4931940.0,872.066511224918,5,1124482320.0,ok,0,113,228
vco_current_min,9,5,0,0.25,0.2499788,-3.645971e-10,4931148.0,898.8993269549154,5,1124301744.0,ok,0,113,228
vco_current_min,9,5,0,0.3,0.2999642,-1.127428e-10,4931550.0,0.0,5,1124393400.0,ok,0,113,228
vco_current_min,9,5,0,0.35,0.3500008,-1.095628e-10,4929540.0,0.0,5,1123935120.0,ok,0,113,228
vco_current_min,9,5,0,0.4,0.3999865,-1.241907e-10,4927988.0,1623.1204514761066,5,1123581264.0,ok,0,113,228
vco_current_min,9,5,0,0.45,0.4499794,-8.857508e-11,4921780.0,0.0,5,1122165840.0,ok,0,113,228
vco_current_min,9,5,0,0.5,0.4999761,-1.6072e-11,4902528.0,1051.627310409919,5,1117776384.0,ok,0,113,228
vco_current_min,9,5,0,0.55,0.5499713,-4.023971e-11,4848160.0,2482.3879632321778,5,1105380480.0,ok,0,113,228
vco_current_min,9,5,0,0.6,0.5999659,-2.179593e-11,4768400.0,1286.9343417595164,5,1087195200.0,ok,0,113,228
vco_current_min,9,5,0,0.65,0.649987,1.276623e-10,4729896.0,980.4233779342474,5,1078416288.0,ok,0,113,228
vco_current_min,9,5,0,0.7,0.6999745,2.717537e-11,4721166.0,850.6938344669015,5,1076425848.0,ok,0,113,228
vco_current_min,9,5,0,0.75,0.7499771,3.292719e-10,4719136.0,796.0401999899251,5,1075963008.0,ok,0,113,228
vco_current_min,9,6,0,0.0,-2.033019e-06,-1.850297e-09,4930746.0,1100.9223405853838,5,1124210088.0,ok,0,113,228
vco_current_min,9,6,0,0.05,0.04999501,-1.189491e-09,4931148.0,898.8993269549154,5,1124301744.0,ok,0,113,228
vco_current_min,9,6,0,0.1,0.09998745,-1.034943e-09,4929942.0,898.8993269549154,5,1124026776.0,ok,0,113,228
vco_current_min,9,6,0,0.15,0.1499888,-6.075498e-10,4929956.0,1656.69248806168,5,1124029968.0,ok,0,113,228
vco_current_min,9,6,0,0.2,0.199986,-3.277091e-10,4929942.0,898.8993269549154,5,1124026776.0,ok,0,113,228
vco_current_min,9,6,0,0.25,0.2499797,-2.67289e-10,4929152.0,867.5943752699184,5,1123846656.0,ok,0,113,228
vco_current_min,9,6,0,0.3,0.2999637,-2.80645e-10,4929152.0,867.5943752699184,5,1123846656.0,ok,0,113,228
vco_current_min,9,6,0,0.35,0.3500022,-2.227695e-10,4927988.0,867.5943752699184,5,1123581264.0,ok,0,113,228
vco_current_min,9,6,0,0.4,0.3999865,-6.885929e-11,4924496.0,1062.5817615600222,5,1122785088.0,ok,0,113,228
vco_current_min,9,6,0,0.45,0.4499797,3.289941e-11,4917900.0,0.0,5,1121281200.0,ok,0,113,228
vco_current_min,9,6,0,0.5,0.4999755,-1.152868e-10,4896384.0,858.6501033599193,5,1116375552.0,ok,0,113,228
vco_current_min,9,6,0,0.55,0.5499719,-4.469167e-11,4835072.0,2132.128044935388,5,1102396416.0,ok,0,113,228
vco_current_min,9,6,0,0.6,0.5999662,4.43473e-11,4741920.0,2052.315765178448,5,1081157760.0,ok,0,113,228
vco_current_min,9,6,0,0.65,0.6499868,-5.359567e-11,4696794.0,1648.781368162559,5,1070869032.0,ok,0,113,228
vco_current_min,9,6,0,0.7,0.6999748,1.289343e-10,4686120.0,1547.6433697722482,5,1068435360.0,ok,0,113,228
vco_current_min,9,6,0,0.75,0.7499772,3.400838e-10,4683642.0,1600.7560713612802,5,1067870376.0,ok,0,113,228
vco_current_min,9,7,0,0.0,-7.748022e-07,-2.014386e-09,4930344.0,1100.9223405853838,5,1124118432.0,ok,0,113,228
vco_current_min,9,7,0,0.05,0.04999557,-1.157691e-09,4930344.0,1100.9223405853838,5,1124118432.0,ok,0,113,228
vco_current_min,9,7,0,0.1,0.09998733,-9.128304e-10,4929540.0,0.0,5,1123935120.0,ok,0,113,228
vco_current_min,9,7,0,0.15,0.1499882,-6.927741e-10,4930344.0,1100.9223405853838,5,1124118432.0,ok,0,113,228
vco_current_min,9,7,0,0.2,0.1999858,-3.251651e-10,4929942.0,898.8993269549154,5,1124026776.0,ok,0,113,228
vco_current_min,9,7,0,0.25,0.2499785,-3.397931e-10,4929152.0,867.5943752699184,5,1123846656.0,ok,0,113,228
vco_current_min,9,7,0,0.3,0.2999638,-2.83825e-10,4928764.0,1062.5817615600222,5,1123758192.0,ok,0,113,228
vco_current_min,9,7,0,0.35,0.3500018,-1.80158e-10,4926048.0,867.5943752699184,5,1123138944.0,ok,0,113,228
vco_current_min,9,7,0,0.4,0.399988,-2.055977e-10,4924108.0,867.5943752699184,5,1122696624.0,ok,0,113,228
vco_current_min,9,7,0,0.45,0.4499797,-1.521744e-10,4916586.0,1199.5124009363137,5,1120981608.0,ok,0,113,228
vco_current_min,9,7,0,0.5,0.4999759,-6.059137e-11,4894848.0,1051.627310409919,5,1116025344.0,ok,0,113,228
vco_current_min,9,7,0,0.55,0.5499713,-9.938698e-11,4833950.0,1870.0,5,1102140600.0,ok,0,113,228
vco_current_min,9,7,0,0.6,0.5999656,-4.787161e-11,4736520.0,985.900603509299,5,1079926560.0,ok,0,113,228
vco_current_min,9,7,0,0.65,0.6499871,1.022226e-10,4688390.0,1038.315944209661,5,1068952920.0,ok,0,113,228
vco_current_min,9,7,0,0.7,0.6999745,8.82307e-11,4677050.0,958.5144756340407,5,1066367400.0,ok,0,113,228
vco_current_min,9,7,0,0.75,0.7499757,2.256048e-10,4676304.0,1046.2695637358472,5,1066197312.0,ok,0,113,228
vco_current_min,9,8,0,0.0,-1.117951e-06,-1.805141e-09,4912236.0,863.1222393149188,5,1119989808.0,ok,0,113,228
vco_current_min,9,8,0,0.05,0.04999525,-1.26772e-09,4912236.0,863.1222393149188,5,1119989808.0,ok,0,113,228
vco_current_min,9,8,0,0.1,0.09998703,-9.039266e-10,4912236.0,863.1222393149188,5,1119989808.0,ok,0,113,228
vco_current_min,9,8,0,0.15,0.1499887,-6.27266e-10,4912236.0,863.1222393149188,5,1119989808.0,ok,0,113,228
vco_current_min,9,8,0,0.2,0.1999854,-4.218373e-10,4911850.0,0.0,5,1119901800.0,ok,0,113,228
vco_current_min,9,8,0,0.25,0.2499792,-2.64745e-10,4911464.0,863.1222393149188,5,1119813792.0,ok,0,113,228
vco_current_min,9,8,0,0.3,0.2999638,-1.820659e-10,4909238.0,982.0234213092883,5,1119306264.0,ok,0,113,228
vco_current_min,9,8,0,0.35,0.350001,-1.210107e-10,4906690.0,898.4430978086481,5,1118725320.0,ok,0,113,228
vco_current_min,9,8,0,0.4,0.3999868,2.14517e-11,4902912.0,1051.627310409919,5,1117863936.0,ok,0,113,228
vco_current_min,9,8,0,0.45,0.4499792,-6.567935e-11,4892032.0,1593.5871485425578,5,1115383296.0,ok,0,113,228
vco_current_min,9,8,0,0.5,0.4999764,-1.986018e-10,4852650.0,2194.1057403871855,5,1106404200.0,ok,0,113,228
vco_current_min,9,8,0,0.55,0.5499712,-4.151178e-11,4664070.0,3338.150685634188,5,1063407960.0,ok,0,113,228
vco_current_min,9,8,0,0.6,0.5999658,-1.763421e-10,3889836.0,26355.779821511638,5,886882608.0,ok,0,113,228
vco_current_min,9,8,0,0.65,0.6499873,4.943512e-11,3343223.8,4937.791733153596,5,762255026.4,ok,0,113,228
vco_current_min,9,8,0,0.7,0.6999751,-6.122744e-11,3224936.6,3312.25750810531,5,735285544.8000001,ok,0,113,228
vco_current_min,9,8,0,0.75,0.7499778,3.11464e-10,3207568.8,4950.887364907427,5,731325686.4,ok,0,113,228
vco_current_min,9,9,0,0.0,-4.317553e-07,-1.988309e-09,4911464.0,863.1222393149188,5,1119813792.0,ok,0,113,228
vco_current_min,9,9,0,0.05,0.04999591,-1.356759e-09,4910692.0,1057.1045359849707,5,1119637776.0,ok,0,113,228
vco_current_min,9,9,0,0.1,0.09998818,-1.042575e-09,4911464.0,863.1222393149188,5,1119813792.0,ok,0,113,228
vco_current_min,9,9,0,0.15,0.1499874,-5.687537e-10,4910306.0,1614.7538512107658,5,1119549768.0,ok,0,113,228
vco_current_min,9,9,0,0.2,0.1999863,-5.884697e-10,4909920.0,0.0,5,1119461760.0,ok,0,113,228
vco_current_min,9,9,0,0.25,0.2499783,-2.399413e-10,4909534.0,881.8333175833175,5,1119373752.0,ok,0,113,228
vco_current_min,9,9,0,0.3,0.2999643,-7.267524e-11,4908376.0,863.1222393149188,5,1119109728.0,ok,0,113,228
vco_current_min,9,9,0,0.35,0.3500014,-2.049617e-10,4906446.0,863.1222393149188,5,1118669688.0,ok,0,113,228
vco_current_min,9,9,0,0.4,0.399987,-1.082908e-10,4901376.0,858.6501033599193,5,1117513728.0,ok,0,113,228
vco_current_min,9,9,0,0.45,0.44998,2.590367e-11,4889218.0,854.1779674049196,5,1114741704.0,ok,0,113,228
vco_current_min,9,9,0,0.5,0.4999754,3.671527e-11,4847856.0,5568.31033617919,5,1105311168.0,ok,0,113,228
vco_current_min,9,9,0,0.55,0.5499727,5.551781e-12,4650756.0,8371.984830373262,5,1060372368.0,ok,0,113,228
vco_current_min,9,9,0,0.6,0.5999656,-4.85077e-11,3815312.2,20243.24261821707,5,869891181.6,ok,0,113,228
vco_current_min,9,9,0,0.65,0.6499873,2.653949e-11,3240700.2,10613.71274342772,5,738879645.6,ok,0,113,228
vco_current_min,9,9,0,0.7,0.6999748,6.088299e-11,3117177.0,3217.747970242542,5,710716356.0,ok,0,113,228
vco_current_min,9,9,0,0.75,0.7499768,1.734535e-10,3097158.2,4008.0680133949822,5,706152069.6,ok,0,113,228
vco_current_min,9,10,0,0.0,-8.89253e-07,-1.871285e-09,4907604.0,863.1222393149188,5,1118933712.0,ok,0,113,228
vco_current_min,9,10,0,0.05,0.0499957,-1.270264e-09,4906446.0,863.1222393149188,5,1118669688.0,ok,0,113,228
vco_current_min,9,10,0,0.1,0.09998709,-8.454141e-10,4907076.0,971.7149787875044,5,1118813328.0,ok,0,113,228
vco_current_min,9,10,0,0.15,0.1499889,-6.43802e-10,4906446.0,863.1222393149188,5,1118669688.0,ok,0,113,228
vco_current_min,9,10,0,0.2,0.1999859,-4.930694e-10,4905584.0,1064.3683572899,5,1118473152.0,ok,0,113,228
vco_current_min,9,10,0,0.25,0.2499783,-3.652331e-10,4904156.0,1064.3683572899,5,1118147568.0,ok,0,113,228
vco_current_min,9,10,0,0.3,0.2999646,-1.757061e-10,4903680.0,0.0,5,1118039040.0,ok,0,113,228
vco_current_min,9,10,0,0.35,0.350002,-1.426344e-10,4899840.0,0.0,5,1117163520.0,ok,0,113,228
vco_current_min,9,10,0,0.4,0.3999873,-1.572622e-10,4896768.0,1051.627310409919,5,1116463104.0,ok,0,113,228
vco_current_min,9,10,0,0.45,0.4499795,-1.044749e-10,4884676.0,822.8183274575257,5,1113706128.0,ok,0,113,228
vco_current_min,9,10,0,0.5,0.4999772,-4.659961e-11,4836194.0,836.2894235849213,5,1102652232.0,ok,0,113,228
vco_current_min,9,10,0,0.55,0.5499725,-7.521926e-11,4564926.0,9603.06097033649,5,1040803128.0,ok,0,113,228
vco_current_min,9,10,0,0.6,0.5999658,3.353534e-11,3408415.0,20149.70572986117,5,777118620.0,ok,0,113,228
vco_current_min,9,10,0,0.65,0.6499878,6.088316e-11,2720675.0,11047.962119775755,5,620313900.0,ok,0,113,228
vco_current_min,9,10,0,0.7,0.6999742,2.081543e-11,2569693.4,5852.427727020642,5,585890095.1999999,ok,0,113,228
vco_current_min,9,10,0,0.75,0.7499772,3.445357e-10,2545433.6,2333.6393894515923,5,580358860.8000001,ok,0,113,228
vco_current_min,9,11,0,0.0,-7.748458e-07,-1.913261e-09,4906060.0,0.0,5,1118581680.0,ok,0,113,228
vco_current_min,9,11,0,0.05,0.04999628,-1.301428e-09,4906060.0,0.0,5,1118581680.0,ok,0,113,228
vco_current_min,9,11,0,0.1,0.09998703,-8.918425e-10,4904632.0,1303.5796868622954,5,1118256096.0,ok,0,113,228
vco_current_min,9,11,0,0.15,0.1499889,-6.088217e-10,4906060.0,0.0,5,1118581680.0,ok,0,113,228
vco_current_min,9,11,0,0.2,0.1999852,-3.836772e-10,4905108.0,1303.5796868622954,5,1118364624.0,ok,0,113,228
vco_current_min,9,11,0,0.25,0.2499791,-3.690492e-10,4903680.0,0.0,5,1118039040.0,ok,0,113,228
vco_current_min,9,11,0,0.3,0.2999642,-1.642581e-10,4902144.0,1606.387250945425,5,1117688832.0,ok,0,113,228
vco_current_min,9,11,0,0.35,0.3500015,-1.553542e-10,4899840.0,0.0,5,1117163520.0,ok,0,113,228
vco_current_min,9,11,0,0.4,0.3999872,-1.693462e-10,4895680.0,715.5417527999327,5,1116215040.0,ok,0,113,228
vco_current_min,9,11,0,0.45,0.4499792,-2.062337e-10,4883340.0,1107.7680262582053,5,1113401520.0,ok,0,113,228
vco_current_min,9,11,0,0.5,0.4999764,4.180351e-11,4834698.0,1024.2411825346605,5,1102311144.0,ok,0,113,228
vco_current_min,9,11,0,0.55,0.5499709,1.000369e-11,4545778.0,14575.36002985861,5,1036437384.0,ok,0,113,228
vco_current_min,9,11,0,0.6,0.5999669,-8.603111e-11,3301017.0,29456.830175699488,5,752631876.0,ok,0,113,228
vco_current_min,9,11,0,0.65,0.6499867,2.971925e-11,2590893.8,6848.75968332953,5,590723786.4,ok,0,113,228
vco_current_min,9,11,0,0.7,0.6999747,8.886664e-11,2434917.6,3251.5858131071986,5,555161212.8000001,ok,0,113,228
vco_current_min,9,11,0,0.75,0.7499779,2.364169e-10,2407026.8,3563.895298686537,5,548802110.4,ok,0,113,228
vco_current_min,9,12,0,0.0,-6.604532e-07,-1.928525e-09,4945472.0,876.5386471799176,5,1117676672.0,ok,0,112,226
vco_current_min,9,12,0,0.05,0.04999615,-1.210479e-09,4945080.0,0.0,5,1117588080.0,ok,0,112,226
vco_current_min,9,12,0,0.1,0.09998719,-9.452662e-10,4944296.0,1073.5362127101255,5,1117410896.0,ok,0,112,226
vco_current_min,9,12,0,0.15,0.1499887,-5.433136e-10,4944688.0,876.5386471799176,5,1117499488.0,ok,0,112,226
vco_current_min,9,12,0,0.2,0.1999864,-4.879815e-10,4943512.0,876.5386471799176,5,1117233712.0,ok,0,112,226
vco_current_min,9,12,0,0.25,0.2499795,-2.76193e-10,4942756.0,813.9287438099235,5,1117062856.0,ok,0,112,226
vco_current_min,9,12,0,0.3,0.2999644,-1.566262e-10,4940910.0,872.066511224918,5,1116645660.0,ok,0,112,226
vco_current_min,9,12,0,0.35,0.3500013,-1.362745e-10,4938960.0,872.066511224918,5,1116204960.0,ok,0,112,226
vco_current_min,9,12,0,0.4,0.3999864,-8.412306e-11,4934094.0,877.3140828688435,5,1115105244.0,ok,0,112,226
vco_current_min,9,12,0,0.45,0.4499795,-2.815578e-11,4920356.0,811.9605901766415,5,1112000456.0,ok,0,112,226
vco_current_min,9,12,0,0.5,0.4999765,3.007872e-12,4862426.0,4934.438164573551,5,1098908276.0,ok,0,112,226
vco_current_min,9,12,0,0.55,0.5499713,-4.15116e-11,4467236.0,16449.803342289535,5,1009595336.0,ok,0,112,226
vco_current_min,9,12,0,0.6,0.5999665,-1.543593e-11,2863895.8,16821.01168776718,5,647240450.8,ok,0,112,226
vco_current_min,9,12,0,0.65,0.6499861,1.753614e-10,5058972.0,36599.43947658215,5,455307480.0,ok,0,44,90
vco_current_min,9,12,0,0.7,0.6999748,2.459568e-10,4523814.0,12929.02277823038,5,407143260.0,ok,0,44,90
vco_current_min,9,12,0,0.75,0.7499766,3.617074e-10,4423592.0,12198.510974705068,5,398123280.0,ok,0,44,90
vco_current_min,9,13,0,0.0,-8.892239e-07,-1.917077e-09,4944296.0,1073.5362127101255,5,1117410896.0,ok,0,112,226
vco_current_min,9,13,0,0.05,0.0499966,-1.115715e-09,4944296.0,1073.5362127101255,5,1117410896.0,ok,0,112,226
vco_current_min,9,13,0,0.1,0.09998725,-1.020951e-09,4943120.0,0.0,5,1117145120.0,ok,0,112,226
vco_current_min,9,13,0,0.15,0.149989,-5.197816e-10,4943120.0,0.0,5,1117145120.0,ok,0,112,226
vco_current_min,9,13,0,0.2,0.1999853,-2.88277e-10,4943120.0,0.0,5,1117145120.0,ok,0,112,226
vco_current_min,9,13,0,0.25,0.249978,-2.69833e-10,4942028.0,996.8550546594023,5,1116898328.0,ok,0,112,226
vco_current_min,9,13,0,0.3,0.2999636,-3.359771e-10,4940130.0,1068.058987135074,5,1116469380.0,ok,0,112,226
vco_current_min,9,13,0,0.35,0.3500014,-1.470864e-10,4937400.0,0.0,5,1115852400.0,ok,0,112,226
vco_current_min,9,13,0,0.4,0.3999862,-1.161984e-11,4932720.0,1068.058987135074,5,1114794720.0,ok,0,112,226
vco_current_min,9,13,0,0.45,0.4499796,-9.747893e-11,4918676.0,1062.5817615600222,5,1111620776.0,ok,0,112,226
vco_current_min,9,13,0,0.5,0.4999761,8.123499e-11,4858812.0,2070.391267369528,5,1098091512.0,ok,0,112,226
vco_current_min,9,13,0,0.55,0.5499715,-4.850753e-11,4439372.0,18774.911983814996,5,1003298072.0,ok,0,112,226
vco_current_min,9,13,0,0.6,0.5999661,1.699971e-11,2757805.6,8115.692903258477,5,623264065.6,ok,0,112,226
vco_current_min,9,13,0,0.65,0.6499872,-8.081313e-13,5093186.0,12298.486898801819,5,417641252.0,ok,0,40,82
vco_current_min,9,13,0,0.7,0.6999734,1.123985e-10,4457194.0,16312.356666036947,5,365489908.0,ok,0,40,82
vco_current_min,9,13,0,0.75,0.7499776,4.15131e-10,4361784.0,3840.1406224251737,5,357666288.0,ok,0,40,82
vco_current_min,9,14,0,0.0,-5.461479e-07,-1.852205e-09,4939350.0,0.0,5,1116293100.0,ok,0,112,226
vco_current_min,9,14,0,0.05,0.04999593,-1.293796e-09,4939350.0,0.0,5,1116293100.0,ok,0,112,226
vco_current_min,9,14,0,0.1,0.09998699,-8.218821e-10,4938960.0,872.066511224918,5,1116204960.0,ok,0,112,226
vco_current_min,9,14,0,0.15,0.1499894,-6.37442e-10,4938960.0,872.066511224918,5,1116204960.0,ok,0,112,226
vco_current_min,9,14,0,0.2,0.199986,-4.040293e-10,4938180.0,1068.058987135074,5,1116028680.0,ok,0,112,226
vco_current_min,9,14,0,0.25,0.2499798,-3.02269e-10,4937010.0,872.066511224918,5,1115764260.0,ok,0,112,226
vco_current_min,9,14,0,0.3,0.2999647,-1.324585e-10,4934280.0,1068.058987135074,5,1115147280.0,ok,0,112,226
vco_current_min,9,14,0,0.35,0.3500022,-1.922419e-10,4932720.0,1068.058987135074,5,1114794720.0,ok,0,112,226
vco_current_min,9,14,0,0.4,0.3999874,-4.850755e-11,4926048.0,867.5943752699184,5,1113286848.0,ok,0,112,226
vco_current_min,9,14,0,0.45,0.44998,-2.080003e-12,4909534.0,863.1222393149188,5,1109554684.0,ok,0,112,226
vco_current_min,9,14,0,0.5,0.4999768,-1.352793e-11,4840426.0,1931.1084899611415,5,1093936276.0,ok,0,112,226
vco_current_min,9,14,0,0.55,0.5499718,-1.05111e-10,4244172.0,26314.9628538594,5,959182872.0,ok,0,112,226
vco_current_min,9,14,0,0.6,0.5999662,1.191169e-11,2144710.8,62647.647451440665,5,484704640.79999995,ok,0,112,226
vco_current_min,9,14,0,0.65,0.6499874,1.321145e-10,5170320.0,61837.87835946508,5,217153440.0,ok,0,20,42
vco_current_min,9,14,0,0.7,0.6999742,-2.561187e-11,3390506.0,11884.1567643649,5,142401252.0,ok,0,20,42
vco_current_min,9,14,0,0.75,0.7499775,3.16552e-10,3095714.0,4602.841948188097,5,130019988.0,ok,0,20,42
vco_current_min,9,15,0,0.0,-1.118053e-06,-1.969865e-09,4938570.0,1068.058987135074,5,1116116820.0,ok,0,112,226
vco_current_min,9,15,0,0.05,0.04999557,-1.127163e-09,4937790.0,872.066511224918,5,1115940540.0,ok,0,112,226
vco_current_min,9,15,0,0.1,0.09998797,-9.78975e-10,4938180.0,1068.058987135074,5,1116028680.0,ok,0,112,226
vco_current_min,9,15,0,0.15,0.1499886,-4.994296e-10,4937010.0,872.066511224918,5,1115764260.0,ok,0,112,226
vco_current_min,9,15,0,0.2,0.1999861,-3.715932e-10,4936230.0,1068.058987135074,5,1115587980.0,ok,0,112,226
vco_current_min,9,15,0,0.25,0.2499787,-2.094136e-10,4935450.0,0.0,5,1115411700.0,ok,0,112,226
vco_current_min,9,15,0,0.3,0.2999637,-1.356385e-10,4933194.0,1087.970587837741,5,1114901844.0,ok,0,112,226
vco_current_min,9,15,0,0.35,0.350002,-2.081417e-10,4930746.0,1100.9223405853838,5,1114348596.0,ok,0,112,226
vco_current_min,9,15,0,0.4,0.3999866,-2.179584e-11,4924108.0,867.5943752699184,5,1112848408.0,ok,0,112,226
vco_current_min,9,15,0,0.45,0.4499803,1.219385e-10,4907848.0,317.52165280497013,5,1109173648.0,ok,0,112,226
vco_current_min,9,15,0,0.5,0.4999758,4.879933e-11,4836942.0,2508.868270754764,5,1093148892.0,ok,0,112,226
vco_current_min,9,15,0,0.55,0.5499716,-1.559903e-10,4180072.0,11448.208156737892,5,944696272.0,ok,0,112,226
vco_current_min,9,15,0,0.6,0.5999668,-4.087562e-11,5156376.0,109075.96472183961,5,464073840.0,ok,0,44,90
vco_current_min,9,15,0,0.65,0.6499881,-8.285114e-11,5139124.0,87843.51615230346,5,164451968.0,ok,0,15,32
vco_current_min,9,15,0,0.7,0.699975,4.37112e-11,2420270.4,11331.365531126423,5,77448652.8,ok,0,15,32
vco_current_min,9,15,0,0.75,0.749977,3.502595e-10,5234908.0,11790.134435196233,5,62818896.0,ok,0,5,12
vco_current_max,10,15,0,0.0,-1.118038e-06,-1.765072e-09,4933890.0,1631.4870517414474,5,1016381340.0,ok,0,102,206
vco_current_max,10,15,0,0.05,0.04999524,-1.222563e-09,4933380.0,268.32815729997475,5,1016276280.0,ok,0,102,206
vco_current_max,10,15,0,0.1,0.09998716,-8.803946e-10,4933908.0,558.6770086552694,5,1016385048.0,ok,0,102,206
vco_current_max,10,15,0,0.15,0.1499884,-5.433136e-10,4933500.0,0.0,5,1016301000.0,ok,0,102,206
vco_current_max,10,15,0,0.2,0.1999857,-3.684132e-10,4932720.0,1068.058987135074,5,1016140320.0,ok,0,102,206
vco_current_max,10,15,0,0.25,0.2499785,-2.030537e-10,4930344.0,1100.9223405853838,5,1015650864.0,ok,0,102,206
vco_current_max,10,15,0,0.3,0.299964,-1.019308e-10,4928764.0,1062.5817615600222,5,1015325384.0,ok,0,102,206
vco_current_max,10,15,0,0.35,0.3500019,-1.451784e-10,4926048.0,867.5943752699184,5,1014765888.0,ok,0,102,206
vco_current_max,10,15,0,0.4,0.3999877,8.731904e-12,4921780.0,0.0,5,1013886680.0,ok,0,102,206
vco_current_max,10,15,0,0.45,0.4499791,-1.416392e-11,4906446.0,863.1222393149188,5,1010727876.0,ok,0,102,206
vco_current_max,10,15,0,0.5,0.4999757,-7.076739e-11,4841376.0,840.7615595399209,5,997323456.0,ok,0,102,206
vco_current_max,10,15,0,0.55,0.5499715,-1.012949e-10,4240814.0,29311.429170205945,5,873607684.0,ok,0,102,206
vco_current_max,10,15,0,0.6,0.5999667,-1.034786e-11,2050340.6,33469.366513275985,5,422370163.6,ok,0,102,206
vco_current_max,10,15,0,0.65,0.6499877,-1.79799e-11,5222088.0,69478.43060979429,5,156662640.0,ok,0,14,30
vco_current_max,10,15,0,0.7,0.6999754,1.251182e-10,2459311.8,25955.480725657926,5,73779354.0,ok,0,14,30
vco_current_max,10,15,0,0.75,0.7499772,3.687034e-10,2000687.8,4296.713302048439,5,60020634.0,ok,0,14,30
vco_current_max,10,15,1,0.0,-7.748022e-07,-1.857294e-09,4923720.0,0.0,5,1014286320.0,ok,0,102,206
vco_current_max,10,15,1,0.05,0.04999686,-1.260088e-09,4923332.0,867.5943752699184,5,1014206392.0,ok,0,102,206
vco_current_max,10,15,1,0.1,0.09998761,-1.041303e-09,4923332.0,867.5943752699184,5,1014206392.0,ok,0,102,206
vco_current_max,10,15,1,0.15,0.1499888,-6.323538e-10,4922944.0,1062.5817615600222,5,1014126464.0,ok,0,102,206
vco_current_max,10,15,1,0.2,0.1999853,-4.841655e-10,4921392.0,867.5943752699184,5,1013806752.0,ok,0,102,206
vco_current_max,10,15,1,0.25,0.2499791,-3.747732e-10,4920616.0,1062.5817615600222,5,1013646896.0,ok,0,102,206
vco_current_max,10,15,1,0.3,0.2999638,-9.875094e-11,4919064.0,1062.5817615600222,5,1013327184.0,ok,0,102,206
vco_current_max,10,15,1,0.35,0.3500012,-1.668022e-10,4917900.0,0.0,5,1013087400.0,ok,0,102,206
vco_current_max,10,15,1,0.4,0.3999873,4.37114e-11,4910306.0,863.1222393149188,5,1011523036.0,ok,0,102,206
vco_current_max,10,15,1,0.45,0.4499797,-9.712009e-12,4891520.0,1920.0,5,1007653120.0,ok,0,102,206
vco_current_max,10,15,1,0.5,0.4999771,3.607953e-11,4813698.0,3459.6994089082364,5,991621788.0,ok,0,102,206
vco_current_max,10,15,1,0.55,0.5499709,-1.292786e-10,4026302.0,16782.48104423181,5,829418212.0,ok,0,102,206
vco_current_max,10,15,1,0.6,0.5999652,6.024711e-11,5203416.0,41107.019838465545,5,385052784.0,ok,0,36,74
vco_current_max,10,15,1,0.65,0.6499869,6.660711e-11,5399036.0,121747.43787858535,5,140374936.0,ok,0,12,26
vco_current_max,10,15,1,0.7,0.6999729,1.492858e-10,2773454.6,31334.070431401025,5,72109819.60000001,ok,0,12,26
vco_current_max,10,15,1,0.75,0.7499766,4.04955e-10,2299681.4,3056.5853169836437,5,59791716.4,ok,0,12,26
vco_current_max,10,15,2,0.0,-1.346707e-06,-2.00103e-09,4911464.0,863.1222393149188,5,1011761584.0,ok,0,102,206
vco_current_max,10,15,2,0.05,0.04999477,-1.169775e-09,4911078.0,1057.1045359849707,5,1011682068.0,ok,0,102,206
vco_current_max,10,15,2,0.1,0.09998634,-8.594064e-10,4910692.0,1057.1045359849707,5,1011602552.0,ok,0,102,206
vco_current_max,10,15,2,0.15,0.1499896,-4.447334e-10,4909920.0,0.0,5,1011443520.0,ok,0,102,206
vco_current_max,10,15,2,0.2,0.1999855,-4.752614e-10,4909148.0,1057.1045359849707,5,1011284488.0,ok,0,102,206
vco_current_max,10,15,2,0.25,0.2499789,-4.040293e-10,4908350.0,492.9503017546495,5,1011120100.0,ok,0,102,206
vco_current_max,10,15,2,0.3,0.2999645,-3.684132e-10,4906356.0,1780.17695749608,5,1010709336.0,ok,0,102,206
vco_current_max,10,15,2,0.35,0.3500019,-2.64109e-10,4902144.0,858.6501033599193,5,1009841664.0,ok,0,102,206
vco_current_max,10,15,2,0.4,0.3999875,-1.089268e-10,4895616.0,858.6501033599193,5,1008496896.0,ok,0,102,206
vco_current_max,10,15,2,0.45,0.4499801,-9.111907e-11,4875020.0,849.7058314499201,5,1004254120.0,ok,0,102,206
vco_current_max,10,15,2,0.5,0.4999759,3.607953e-11,4779960.0,1294.005409571382,5,984671760.0,ok,0,102,206
vco_current_max,10,15,2,0.55,0.549971,-7.96712e-11,3914972.0,16200.60245793347,5,806484232.0,ok,0,102,206
vco_current_max,10,15,2,0.6,0.5999672,1.747259e-10,5147230.0,16856.776085598336,5,380895020.0,ok,0,36,74
vco_current_max,10,15,2,0.65,0.6499874,8.441453e-11,5285232.0,72768.34318575627,5,137416032.0,ok,0,12,26
vco_current_max,10,15,2,0.7,0.6999752,6.823681e-12,2778242.8,14052.429512365468,5,72234312.8,ok,0,12,26
vco_current_max,10,15,2,0.75,0.7499774,3.807872e-10,2301151.6,5000.057529669033,5,59829941.6,ok,0,12,26
vco_current_max,10,15,3,0.0,2.545712e-07,-2.021382e-09,4946326.0,989.5857719268199,5,1009050504.0,ok,0,101,204
vco_current_max,10,15,3,0.05,0.04999603,-1.338315e-09,4945472.0,876.5386471799176,5,1008876288.0,ok,0,101,204
vco_current_max,10,15,3,0.1,0.09998737,-1.085823e-09,4944688.0,876.5386471799176,5,1008716352.0,ok,0,101,204
vco_current_max,10,15,3,0.15,0.1499892,-8.136143e-10,4944296.0,1073.5362127101255,5,1008636384.0,ok,0,101,204
vco_current_max,10,15,3,0.2,0.1999859,-5.490375e-10,4943904.0,1073.5362127101255,5,1008556416.0,ok,0,101,204
vco_current_max,10,15,3,0.25,0.2499792,-2.361253e-10,4943120.0,0.0,5,1008396480.0,ok,0,101,204
vco_current_max,10,15,3,0.3,0.2999645,1.740894e-10,4940130.0,1068.058987135074,5,1007786520.0,ok,0,101,204
vco_current_max,10,15,3,0.35,0.3500014,-2.83825e-10,4935840.0,872.066511224918,5,1006911360.0,ok,0,101,204
vco_current_max,10,15,3,0.4,0.3999875,-3.705967e-11,4926436.0,1062.5817615600222,5,1004992944.0,ok,0,101,204
vco_current_max,10,15,3,0.45,0.4499796,3.607944e-11,4899840.0,0.0,5,999567360.0,ok,0,101,204
vco_current_max,10,15,3,0.5,0.4999759,1.448342e-10,4764436.0,5723.3451756817885,5,971944944.0,ok,0,101,204
vco_current_max,10,15,3,0.55,0.549971,-1.87154e-10,3574060.8,41005.63414580977,5,729108403.1999999,ok,0,101,204
vco_current_max,10,15,3,0.6,0.5999669,5.57952e-11,5162470.0,116334.83098367402,5,320073140.0,ok,0,30,62
vco_current_max,10,15,3,0.65,0.6499865,-4.341963e-11,5181948.0,43901.42503381866,5,124366752.0,ok,0,11,24
vco_current_max,10,15,3,0.7,0.6999752,1.511941e-10,2934938.8,18722.63936254715,5,70438531.19999999,ok,0,11,24
vco_current_max,10,15,3,0.75,0.7499774,-8.082701e-13,2488021.2,7039.7544843552605,5,59712508.800000004,ok,0,11,24
vco_current_max,10,15,4,0.0,-3.173191e-07,-1.960961e-09,4937790.0,872.066511224918,5,1007309160.0,ok,0,101,204
vco_current_max,10,15,4,0.05,0.04999604,-1.35358e-09,4937010.0,872.066511224918,5,1007150040.0,ok,0,101,204
vco_current_max,10,15,4,0.1,0.09998758,-8.295143e-10,4937010.0,872.066511224918,5,1007150040.0,ok,0,101,204
vco_current_max,10,15,4,0.15,0.1499884,-5.846536e-10,4935540.0,666.4457967456918,5,1006850160.0,ok,0,101,204
vco_current_max,10,15,4,0.2,0.1999857,-5.592135e-10,4933890.0,872.066511224918,5,1006513560.0,ok,0,101,204
vco_current_max,10,15,4,0.25,0.2499793,-2.92729e-10,4933500.0,0.0,5,1006434000.0,ok,0,101,204
vco_current_max,10,15,4,0.3,0.2999649,-4.256532e-10,4931148.0,898.8993269549154,5,1005954192.0,ok,0,101,204
vco_current_max,10,15,4,0.35,0.350002,1.136707e-10,4926436.0,1062.5817615600222,5,1004992944.0,ok,0,101,204
vco_current_max,10,15,4,0.4,0.3999863,2.027096e-10,4919452.0,867.5943752699184,5,1003568208.0,ok,0,101,204
vco_current_max,10,15,4,0.45,0.4499799,7.996293e-11,4893312.0,1051.627310409919,5,998235648.0,ok,0,101,204
vco_current_max,10,15,4,0.5,0.4999761,-2.83189e-10,4782918.0,1980.6362614069249,5,975715272.0,ok,0,101,204
vco_current_max,10,15,4,0.55,0.5499719,-4.659964e-11,3846615.8,30622.89411861655,5,784709623.1999999,ok,0,101,204
vco_current_max,10,15,4,0.6,0.5999664,1.969855e-10,5191010.0,43710.91568475774,5,373752720.0,ok,0,35,72
vco_current_max,10,15,4,0.65,0.6499886,-7.394722e-11,5356524.0,49201.3646152218,5,139269624.0,ok,0,12,26
vco_current_max,10,15,4,0.7,0.699975,1.823576e-10,2771110.8,36203.68508453249,5,72048880.8,ok,0,12,26
vco_current_max,10,15,4,0.75,0.7499774,4.170385e-10,2308076.6,4196.032864504281,5,60009991.6,ok,0,12,26
vco_current_max,10,15,5,0.0,-1.232402e-06,-1.976225e-09,4917024.0,1199.5124009363137,5,1003072896.0,ok,0,101,204
vco_current_max,10,15,5,0.05,0.0499957,-1.158963e-09,4917462.0,979.3977741449079,5,1003162248.0,ok,0,101,204
vco_current_max,10,15,5,0.1,0.09998985,-1.91644e-09,4916148.0,979.3977741449079,5,1002894192.0,ok,0,101,204
vco_current_max,10,15,5,0.15,0.1499896,-4.091172e-10,4915710.0,0.0,5,1002804840.0,ok,0,101,204
vco_current_max,10,15,5,0.2,0.1999854,-5.280494e-10,4914552.0,1057.1045359849707,5,1002568608.0,ok,0,101,204
vco_current_max,10,15,5,0.25,0.2499796,1.890757e-11,4913008.0,1057.1045359849707,5,1002253632.0,ok,0,101,204
vco_current_max,10,15,5,0.3,0.2999641,-3.849491e-10,4909534.0,863.1222393149188,5,1001544936.0,ok,0,101,204
vco_current_max,10,15,5,0.35,0.3500019,-1.82066e-10,4903680.0,0.0,5,1000350720.0,ok,0,101,204
vco_current_max,10,15,5,0.4,0.3999868,-2.005098e-10,4894528.0,834.4579078659391,5,998483712.0,ok,0,101,204
vco_current_max,10,15,5,0.45,0.4499805,-4.977958e-11,4861080.0,1336.431816442575,5,991660320.0,ok,0,101,204
vco_current_max,10,15,5,0.5,0.4999761,-1.547184e-10,4691484.0,5112.032863744129,5,957062736.0,ok,0,101,204
vco_current_max,10,15,5,0.55,0.5499712,-2.463012e-10,3429024.0,37962.732705905146,5,699520896.0,ok,0,101,204
vco_current_max,10,15,5,0.6,0.599967,-1.101989e-10,5148014.0,58595.58584057335,5,319176868.0,ok,0,30,62
vco_current_max,10,15,5,0.65,0.6499878,1.143063e-10,5134650.0,80113.97630875651,5,123231600.0,ok,0,11,24
vco_current_max,10,15,5,0.7,0.6999748,-1.03203e-10,2912505.4,9038.039654703889,5,69900129.6,ok,0,11,24
vco_current_max,10,15,5,0.75,0.7499768,1.461059e-10,2495544.8,8452.160061191458,5,59893075.199999996,ok,0,11,24
vco_current_max,10,15,6,0.0,-5.461188e-07,-2.237622e-09,4940910.0,872.066511224918,5,998063820.0,ok,0,100,202
vco_current_max,10,15,6,0.05,0.04999569,-1.060383e-09,4939740.0,872.066511224918,5,997827480.0,ok,0,100,202
vco_current_max,10,15,6,0.1,0.0999873,-1.188219e-09,4939350.0,0.0,5,997748700.0,ok,0,100,202
vco_current_max,10,15,6,0.15,0.1499884,-7.633699e-10,4937790.0,872.066511224918,5,997433580.0,ok,0,100,202
vco_current_max,10,15,6,0.2,0.1999856,-6.482537e-10,4936620.0,1068.058987135074,5,997197240.0,ok,0,100,202
vco_current_max,10,15,6,0.25,0.2499785,-3.722291e-10,4934280.0,1068.058987135074,5,996724560.0,ok,0,100,202
vco_current_max,10,15,6,0.3,0.2999645,-1.286426e-10,4930344.0,1100.9223405853838,5,995929488.0,ok,0,100,202
vco_current_max,10,15,6,0.35,0.3500012,5.388712e-11,4925272.0,867.5943752699184,5,994904944.0,ok,0,100,202
vco_current_max,10,15,6,0.4,0.3999864,-1.750701e-10,4911078.0,1057.1045359849707,5,992037756.0,ok,0,100,202
vco_current_max,10,15,6,0.45,0.4499792,-2.043258e-10,4869494.0,3972.7421260383867,5,983637788.0,ok,0,100,202
vco_current_max,10,15,6,0.5,0.4999755,4.113148e-10,4656618.0,3974.609414772727,5,940636836.0,ok,0,100,202
vco_current_max,10,15,6,0.55,0.5499708,9.840651e-11,3298641.2,19939.181056402493,5,666325522.4000001,ok,0,100,202
vco_current_max,10,15,6,0.6,0.5999659,3.099135e-11,5133816.0,128631.40782872587,5,308028960.0,ok,0,29,60
vco_current_max,10,15,6,0.65,0.6499866,-1.159229e-10,5095368.0,60250.93169404105,5,122288832.0,ok,0,11,24
vco_current_max,10,15,6,0.7,0.6999751,-9.111924e-11,2907412.4,7127.482886685873,5,69777897.6,ok,0,11,24
vco_current_max,10,15,6,0.75,0.7499768,1.4229e-10,2490185.0,6250.919212403885,5,59764440.0,ok,0,11,24
vco_current_max,10,15,7,0.0,-1.575623e-06,-1.834396e-09,4955536.0,898.2649943084724,5,991107200.0,ok,0,99,200
vco_current_max,10,15,7,0.05,0.04999569,-9.236425e-10,4954816.0,1275.8056278289416,5,990963200.0,ok,0,99,200
vco_current_max,10,15,7,0.1,0.09998685,-1.089003e-09,4952920.0,0.0,5,990584000.0,ok,0,99,200
vco_current_max,10,15,7,0.15,0.1499879,-2.348534e-10,4952528.0,876.5386471799176,5,990505600.0,ok,0,99,200
vco_current_max,10,15,7,0.2,0.1999852,-4.778053e-10,4950176.0,1753.0772943598352,5,990035200.0,ok,0,99,200
vco_current_max,10,15,7,0.25,0.2499792,-4.087555e-11,4948608.0,876.5386471799176,5,989721600.0,ok,0,99,200
vco_current_max,10,15,7,0.3,0.2999636,-7.754538e-10,4943904.0,1073.5362127101255,5,988780800.0,ok,0,99,200
vco_current_max,10,15,7,0.35,0.3500018,-1.070558e-09,4936620.0,1068.058987135074,5,987324000.0,ok,0,99,200
vco_current_max,10,15,7,0.4,0.3999862,-6.822339e-11,4917024.0,1199.5124009363137,5,983404800.0,ok,0,99,200
vco_current_max,10,15,7,0.45,0.4499798,4.272148e-10,4854158.0,2173.734114375537,5,970831600.0,ok,0,99,200
vco_current_max,10,15,7,0.5,0.4999767,-3.970332e-10,4453958.0,8481.987974525784,5,890791600.0,ok,0,99,200
vco_current_max,10,15,7,0.55,0.5499722,-1.726911e-09,2758609.4,18266.369119231113,5,551721880.0,ok,0,99,200
vco_current_max,10,15,7,0.6,0.5999666,-4.281972e-10,5158898.0,277567.07517283096,5,247627104.0,ok,0,23,48
vco_current_max,10,15,7,0.65,0.6499866,2.103411e-10,2107390.2,32297.90502803549,5,101154729.60000001,ok,0,23,48
vco_current_max,10,15,7,0.7,0.6999741,2.90476e-10,4882382.0,20632.989846360124,5,68353348.0,ok,0,6,14
vco_current_max,10,15,7,0.75,0.7499766,1.890749e-11,4255750.0,5615.825852000755,5,59580500.0,ok,0,6,14
vco_current_max,10,15,8,0.0,-1.232387e-06,-1.731365e-09,4930746.0,1100.9223405853838,5,996010692.0,ok,0,100,202
vco_current_max,10,15,8,0.05,0.04999589,-1.119531e-09,4931148.0,898.8993269549154,5,996091896.0,ok,0,100,202
vco_current_max,10,15,8,0.1,0.09998771,-6.641535e-10,4929942.0,898.8993269549154,5,995848284.0,ok,0,100,202
vco_current_max,10,15,8,0.15,0.1499884,-3.506051e-10,4929152.0,867.5943752699184,5,995688704.0,ok,0,100,202
vco_current_max,10,15,8,0.2,0.1999861,-3.486971e-10,4927988.0,867.5943752699184,5,995453576.0,ok,0,100,202
vco_current_max,10,15,8,0.25,0.2499798,-5.083335e-10,4927600.0,0.0,5,995375200.0,ok,0,100,202
vco_current_max,10,15,8,0.3,0.2999648,-2.61565e-10,4925660.0,0.0,5,994983320.0,ok,0,100,202
vco_current_max,10,15,8,0.35,0.3500022,-1.871539e-10,4921780.0,0.0,5,994199560.0,ok,0,100,202
vco_current_max,10,15,8,0.4,0.3999886,-3.588732e-10,4914166.0,863.1222393149188,5,992661532.0,ok,0,100,202
vco_current_max,10,15,8,0.45,0.4499801,-4.151166e-11,4890112.0,1144.8668044798924,5,987802624.0,ok,0,100,202
vco_current_max,10,15,8,0.5,0.4999758,3.226333e-11,4769456.0,8227.53182916967,5,963430112.0,ok,0,100,202
vco_current_max,10,15,8,0.55,0.5499722,2.949284e-10,3790678.2,35325.62806518803,5,765716996.4000001,ok,0,100,202
vco_current_max,10,15,8,0.6,0.5999664,1.562819e-10,5154932.0,42800.76599781831,5,371155104.0,ok,0,35,72
vco_current_max,10,15,8,0.65,0.6499876,2.192451e-10,5343276.0,39634.23621062982,5,138925176.0,ok,0,12,26
vco_current_max,10,15,8,0.7,0.6999745,2.116131e-10,2754120.4,15642.699408989485,5,71607130.39999999,ok,0,12,26
vco_current_max,10,15,8,0.75,0.7499775,2.675807e-10,2300174.4,5974.647211342272,5,59804534.4,ok,0,12,26
vco_current_max,10,15,9,0.0,-3.1729e-07,-1.651229e-09,4941274.0,1333.371666115641,5,988254800.0,ok,0,99,200
vco_current_max,10,15,9,0.05,0.04999557,-1.116351e-09,4940130.0,1068.058987135074,5,988026000.0,ok,0,99,200
vco_current_max,10,15,9,0.1,0.09998848,-7.869021e-10,4940520.0,1068.058987135074,5,988104000.0,ok,0,99,200
vco_current_max,10,15,9,0.15,0.1499895,-7.105818e-10,4939350.0,0.0,5,987870000.0,ok,0,99,200
vco_current_max,10,15,9,0.2,0.1999862,-3.576012e-10,4938180.0,1068.058987135074,5,987636000.0,ok,0,99,200
vco_current_max,10,15,9,0.25,0.249978,-3.423371e-10,4936620.0,1068.058987135074,5,987324000.0,ok,0,99,200
vco_current_max,10,15,9,0.3,0.2999645,-2.106857e-10,4934280.0,1068.058987135074,5,986856000.0,ok,0,99,200
vco_current_max,10,15,9,0.35,0.3500019,-2.323094e-10,4929152.0,867.5943752699184,5,985830400.0,ok,0,99,200
vco_current_max,10,15,9,0.4,0.3999875,-2.879186e-11,4918676.0,1062.5817615600222,5,983735200.0,ok,0,99,200
vco_current_max,10,15,9,0.45,0.4499805,-3.133577e-11,4882464.0,2217.6970036504085,5,976492800.0,ok,0,99,200
vco_current_max,10,15,9,0.5,0.4999748,-1.098413e-11,4692258.0,7690.7034788762985,5,938451600.0,ok,0,99,200
vco_current_max,10,15,9,0.55,0.5499709,2.844747e-11,3364918.6,37780.21724130236,5,672983720.0,ok,0,99,200
vco_current_max,10,15,9,0.6,0.5999674,-1.752987e-09,5097940.0,252508.1668976273,5,316072280.0,ok,0,30,62
vco_current_max,10,15,9,0.65,0.6499879,-1.722789e-13,5082984.0,69421.01900721423,5,121991616.0,ok,0,11,24
vco_current_max,10,15,9,0.7,0.6999745,-6.186358e-11,2907324.2,14148.249015337551,5,69775780.80000001,ok,0,11,24
vco_current_max,10,15,9,0.75,0.7499776,4.812737e-10,2486816.4,2580.907069229731,5,59683593.599999994,ok,0,11,24
vco_current_max,10,15,10,0.0,-1.575492e-06,-2.09007e-09,4928764.0,1062.5817615600222,5,975895272.0,ok,0,98,198
vco_current_max,10,15,10,0.05,0.04999546,-1.300155e-09,4927600.0,1371.7871555019021,5,975664800.0,ok,0,98,198
vco_current_max,10,15,10,0.1,0.09998735,-6.043698e-10,4926824.0,1062.5817615600222,5,975511152.0,ok,0,98,198
vco_current_max,10,15,10,0.15,0.1499882,-6.069137e-10,4926824.0,1062.5817615600222,5,975511152.0,ok,0,98,198
vco_current_max,10,15,10,0.2,0.1999859,-2.030537e-10,4925660.0,0.0,5,975280680.0,ok,0,98,198
vco_current_max,10,15,10,0.25,0.2499779,-5.547617e-10,4923720.0,0.0,5,974896560.0,ok,0,98,198
vco_current_max,10,15,10,0.3,0.2999636,-4.504573e-10,4919840.0,1940.0,5,974128320.0,ok,0,98,198
vco_current_max,10,15,10,0.35,0.3500013,-2.76193e-10,4914938.0,1057.1045359849707,5,973157724.0,ok,0,98,198
vco_current_max,10,15,10,0.4,0.3999867,1.810857e-10,4899456.0,858.6501033599193,5,970092288.0,ok,0,98,198
vco_current_max,10,15,10,0.45,0.4499796,-1.521743e-10,4852400.0,1278.436545159751,5,960775200.0,ok,0,98,198
vco_current_max,10,15,10,0.5,0.4999773,-2.418493e-10,4574888.0,7727.374715904491,5,905827824.0,ok,0,98,198
vco_current_max,10,15,10,0.55,0.5499708,-3.836771e-10,3208598.6,29911.186399071503,5,635302522.8000001,ok,0,98,198
vco_current_max,10,15,10,0.6,0.5999672,1.111266e-10,5101026.0,89808.4037270455,5,306061560.0,ok,0,29,60
vco_current_max,10,15,10,0.65,0.6499882,2.077971e-10,5061412.0,102931.98370768923,5,121473888.0,ok,0,11,24
vco_current_max,10,15,10,0.7,0.6999753,3.11464e-10,2916696.2,13061.693944508115,5,70000708.80000001,ok,0,11,24
vco_current_max,10,15,10,0.75,0.7499778,-3.197187e-11,2487892.4,2367.9846494434883,5,59709417.599999994,ok,0,11,24
vco_current_max,10,15,11,0.0,-1.4611e-06,-1.692569e-09,4933194.0,1087.970587837741,5,957039636.0,ok,0,96,194
vco_current_max,10,15,11,0.05,0.04999499,-1.408911e-09,4932924.0,1321.6013014521436,5,956987256.0,ok,0,96,194
vco_current_max,10,15,11,0.1,0.0999877,-7.01678e-10,4932720.0,1068.058987135074,5,956947680.0,ok,0,96,194
vco_current_max,10,15,11,0.15,0.1499882,-4.949774e-10,4931148.0,898.8993269549154,5,956642712.0,ok,0,96,194
vco_current_max,10,15,11,0.2,0.1999857,-2.253135e-10,4929152.0,867.5943752699184,5,956255488.0,ok,0,96,194
vco_current_max,10,15,11,0.25,0.2499786,-2.83825e-10,4926436.0,1062.5817615600222,5,955728584.0,ok,0,96,194
vco_current_max,10,15,11,0.3,0.2999644,-9.493495e-11,4921004.0,1062.5817615600222,5,954674776.0,ok,0,96,194
vco_current_max,10,15,11,0.35,0.3500005,-8.984709e-11,4911464.0,863.1222393149188,5,952824016.0,ok,0,96,194
vco_current_max,10,15,11,0.4,0.3999863,3.035547e-11,4888296.0,870.8788664332142,5,948329424.0,ok,0,96,194
vco_current_max,10,15,11,0.45,0.4499794,5.38872e-11,4799290.0,4518.09694451104,5,931062260.0,ok,0,96,194
vco_current_max,10,15,11,0.5,0.4999761,2.656728e-10,4258320.0,10018.71249213191,5,826114080.0,ok,0,96,194
vco_current_max,10,15,11,0.55,0.5499709,-1.413625e-10,2669321.4,4378.569321136757,5,517848351.59999996,ok,0,96,194
vco_current_max,10,15,11,0.6,0.5999659,-2.88277e-10,5218920.0,41133.01411275376,5,240070320.0,ok,0,22,46
vco_current_max,10,15,11,0.65,0.6499876,2.777565e-10,2208343.6,28236.435554085077,5,101583805.60000001,ok,0,22,46
vco_current_max,10,15,11,0.7,0.6999758,2.758487e-10,4873800.0,16883.19134524039,5,68233200.0,ok,0,6,14
vco_current_max,10,15,11,0.75,0.7499776,3.458076e-10,4249706.0,9040.745544478066,5,59495884.0,ok,0,6,14
vco_current_max,10,15,12,0.0,-8.89253e-07,-1.756169e-09,4938570.0,1744.133022449836,5,928451160.0,ok,0,93,188
vco_current_max,10,15,12,0.05,0.04999614,-8.390543e-10,4938180.0,1068.058987135074,5,928377840.0,ok,0,93,188
vco_current_max,10,15,12,0.1,0.09998715,-9.630741e-10,4935904.0,1012.2894842879679,5,927949952.0,ok,0,93,188
vco_current_max,10,15,12,0.15,0.1499887,-3.296171e-10,4937400.0,0.0,5,928231200.0,ok,0,93,188
vco_current_max,10,15,12,0.2,0.1999861,-3.900372e-10,4936230.0,2957.321423180105,5,928011240.0,ok,0,93,188
vco_current_max,10,15,12,0.25,0.249979,-1.229186e-10,4933842.0,1675.3865225672553,5,927562296.0,ok,0,93,188
vco_current_max,10,15,12,0.3,0.2999645,-2.88913e-10,4933864.0,3168.9083293778,5,927566432.0,ok,0,93,188
vco_current_max,10,15,12,0.35,0.3500023,-2.94637e-10,4926436.0,2211.9403246923275,5,926169968.0,ok,0,93,188
vco_current_max,10,15,12,0.4,0.3999873,8.568693e-11,4909148.0,1057.1045359849707,5,922919824.0,ok,0,93,188
vco_current_max,10,15,12,0.45,0.4499801,-2.482092e-10,4840140.0,2933.6581259581017,5,909946320.0,ok,0,93,188
vco_current_max,10,15,12,0.5,0.4999776,-1.330946e-10,4459736.0,15128.320461968011,5,838430368.0,ok,0,93,188
vco_current_max,10,15,12,0.55,0.5499722,-2.443933e-10,3158952.4,25077.672126814323,5,593883051.1999999,ok,0,93,188
vco_current_max,10,15,12,0.6,0.599966,3.289938e-11,5118374.0,72887.51456868317,5,296865692.0,ok,0,28,58
vco_current_max,10,15,12,0.65,0.6499878,1.531019e-10,2019106.6,51211.87836625406,5,117108182.80000001,ok,0,28,58
vco_current_max,10,15,12,0.7,0.6999748,6.787887e-11,5075778.0,26117.63618706716,5,71060892.0,ok,0,6,14
vco_current_max,10,15,12,0.75,0.7499766,2.962e-10,4268760.0,2614.3832924802746,5,59762640.0,ok,0,6,14
vco_current_max,10,15,13,0.0,-4.317262e-07,-1.686845e-09,4995200.0,1095.4451150103323,5,849184000.0,ok,0,84,170
vco_current_max,10,15,13,0.05,0.04999555,-1.143699e-09,4994368.0,4068.6570265875202,5,849042560.0,ok,0,84,170
vco_current_max,10,15,13,0.1,0.09998814,-9.955106e-10,4995782.0,2308.163772352387,5,849282940.0,ok,0,84,170
vco_current_max,10,15,13,0.15,0.1499892,-5.235976e-10,4996982.0,3896.359839645204,5,849486940.0,ok,0,84,170
vco_current_max,10,15,13,0.2,0.1999853,-3.111731e-10,4993968.0,3118.0073765146867,5,848974560.0,ok,0,84,170
vco_current_max,10,15,13,0.25,0.2499785,-1.8461e-10,4991538.0,3305.195909473446,5,848561460.0,ok,0,84,170
vco_current_max,10,15,13,0.3,0.2999646,-6.50433e-11,4991138.0,2694.8691990521543,5,848493460.0,ok,0,84,170
vco_current_max,10,15,13,0.35,0.3500021,-4.205652e-10,4975344.0,1656.5868525374697,5,845808480.0,ok,0,84,170
vco_current_max,10,15,13,0.4,0.3999863,-2.052408e-11,4936620.0,2223.342078943319,5,839225400.0,ok,0,84,170
vco_current_max,10,15,13,0.45,0.4499798,-1.352798e-11,4755424.0,10330.248302920894,5,808422080.0,ok,0,84,170
vco_current_max,10,15,13,0.5,0.4999762,-2.475732e-10,4119936.0,11011.767796316812,5,700389120.0,ok,0,84,170
vco_current_max,10,15,13,0.55,0.549971,-1.178308e-10,2778142.6,25492.124838859552,5,472284242.0,ok,0,84,170
vco_current_max,10,15,13,0.6,0.5999665,-1.496304e-10,5079226.0,53885.38280461595,5,233644396.0,ok,0,22,46
vco_current_max,10,15,13,0.65,0.6499872,-1.407265e-10,2189460.6,27634.061659481038,5,100715187.60000001,ok,0,22,46
vco_current_max,10,15,13,0.7,0.6999741,2.319646e-10,4884754.0,24396.83340107892,5,68386556.0,ok,0,6,14
vco_current_max,10,15,13,0.75,0.7499775,1.174863e-10,4248820.0,7333.675749581515,5,59483480.0,ok,0,6,14
vco_current_max,10,15,14,0.0,-1.346794e-06,-1.514488e-09,5036024.0,3010.976585760839,5,644611072.0,ok,0,63,128
vco_current_max,10,15,14,0.05,0.04999535,-1.301428e-09,5038894.0,4914.827565642563,5,644978432.0,ok,0,63,128
vco_current_max,10,15,14,0.1,0.09998794,-8.886626e-10,5037648.0,3396.8397077283466,5,644818944.0,ok,0,63,128
vco_current_max,10,15,14,0.15,0.1499886,-5.802016e-10,5034702.0,6174.355836846464,5,644441856.0,ok,0,63,128
vco_current_max,10,15,14,0.2,0.1999861,-4.555454e-10,5033994.0,2646.7961765122755,5,644351232.0,ok,0,63,128
vco_current_max,10,15,14,0.25,0.2499788,-3.919452e-10,5030538.0,4663.841764039599,5,643908864.0,ok,0,63,128
vco_current_max,10,15,14,0.3,0.299965,-1.140148e-10,5023740.0,2856.711395993652,5,643038720.0,ok,0,63,128
vco_current_max,10,15,14,0.35,0.3500012,-9.048302e-11,5004588.0,4954.666487262286,5,640587264.0,ok,0,63,128
vco_current_max,10,15,14,0.4,0.3999874,-1.197387e-10,4950508.0,6292.401767210991,5,633665024.0,ok,0,63,128
vco_current_max,10,15,14,0.45,0.4499802,7.678297e-11,4799502.0,5547.722055042052,5,614336256.0,ok,0,63,128
vco_current_max,10,15,14,0.5,0.4999758,-2.080169e-12,4349274.0,12268.187722724168,5,556707072.0,ok,0,63,128
vco_current_max,10,15,14,0.55,0.5499713,-1.388185e-10,3214877.2,36061.72105155271,5,411504281.6,ok,0,63,128
vco_current_max,10,15,14,0.6,0.599966,2.567685e-10,5100120.0,30243.012416093738,5,224405280.0,ok,0,21,44
vco_current_max,10,15,14,0.65,0.6499879,7.99629e-11,2293033.8,20728.367198117656,5,100893487.19999999,ok,0,21,44
vco_current_max,10,15,14,0.7,0.6999752,-4.787158e-11,4860298.0,28670.677006307335,5,68044172.0,ok,0,6,14
vco_current_max,10,15,14,0.75,0.7499774,2.822083e-10,4257856.0,8854.36784869479,5,59609984.0,ok,0,6,14
vco_current_max,10,15,15,0.0,-4.316971e-07,-1.984493e-09,4958196.0,7184.126947653417,5,337157328.0,ok,0,33,68
vco_current_max,10,15,15,0.05,0.04999592,-1.193307e-09,4958528.0,8131.996679782893,5,337179904.0,ok,0,33,68
vco_current_max,10,15,15,0.1,0.09998871,-7.32842e-10,4957450.0,7263.814424942311,5,337106600.0,ok,0,33,68
vco_current_max,10,15,15,0.15,0.1499882,-5.846536e-10,4954254.0,4252.079491260717,5,336889272.0,ok,0,33,68
vco_current_max,10,15,15,0.2,0.1999853,-6.520698e-10,4952856.0,2660.1654083909893,5,336794208.0,ok,0,33,68
vco_current_max,10,15,15,0.25,0.2499794,-1.572622e-10,4929132.0,3892.007194237955,5,335180976.0,ok,0,33,68
vco_current_max,10,15,15,0.3,0.299964,-1.489944e-10,4902880.0,5446.7605051076,5,333395840.0,ok,0,33,68
vco_current_max,10,15,15,0.35,0.350002,-1.988784e-11,4864526.0,5495.769281911314,5,330787768.0,ok,0,33,68
vco_current_max,10,15,15,0.4,0.399987,-1.098391e-11,4804782.0,3613.4637122849317,5,326725176.0,ok,0,33,68
vco_current_max,10,15,15,0.45,0.44998,-1.721678e-13,4687868.0,6284.896180526772,5,318775024.0,ok,0,33,68
vco_current_max,10,15,15,0.5,0.4999757,1.174862e-10,4355374.0,7991.334682016515,5,296165432.0,ok,0,33,68
vco_current_max,10,15,15,0.55,0.5499712,1.607339e-10,3492928.4,34535.91803181146,5,237519131.2,ok,0,33,68
vco_current_max,10,15,15,0.6,0.5999658,3.15916e-10,2099782.6,14328.846631882134,5,142785216.8,ok,0,33,68
vco_current_max,10,15,15,0.65,0.6499876,-1.722233e-13,5295162.0,18740.27267677821,5,84722592.0,ok,0,7,16
vco_current_max,10,15,15,0.7,0.699975,2.065254e-10,4084760.0,6657.311769776146,5,65356160.0,ok,0,7,16
vco_current_max,10,15,15,0.75,0.7499776,3.381756e-10,3704447.0,6903.553070702072,5,59271152.0,ok,0,7,16
vco_current_min,10,0,0,0.0,-1.804321e-06,-1.887184e-09,4929152.0,867.5943752699184,5,1025263616.0,ok,0,103,208
vco_current_min,10,0,0,0.05,0.04999592,-1.172319e-09,4929152.0,867.5943752699184,5,1025263616.0,ok,0,103,208
vco_current_min,10,0,0,0.1,0.09998756,-1.005051e-09,4929152.0,867.5943752699184,5,1025263616.0,ok,0,103,208
vco_current_min,10,0,0,0.15,0.1499886,-6.030978e-10,4928376.0,1062.5817615600222,5,1025102208.0,ok,0,103,208
vco_current_min,10,0,0,0.2,0.1999857,-5.159655e-10,4928376.0,1062.5817615600222,5,1025102208.0,ok,0,103,208
vco_current_min,10,0,0,0.25,0.2499789,-3.12445e-10,4928376.0,1062.5817615600222,5,1025102208.0,ok,0,103,208
vco_current_min,10,0,0,0.3,0.2999642,-1.203747e-10,4927600.0,0.0,5,1024940800.0,ok,0,103,208
vco_current_min,10,0,0,0.35,0.3500012,-2.380333e-10,4926824.0,1062.5817615600222,5,1024779392.0,ok,0,103,208
vco_current_min,10,0,0,0.4,0.3999877,1.318376e-11,4924108.0,867.5943752699184,5,1024214464.0,ok,0,103,208
vco_current_min,10,0,0,0.45,0.4499802,-5.868338e-11,4919840.0,0.0,5,1023326720.0,ok,0,103,208
vco_current_min,10,0,0,0.5,0.4999759,-9.175503e-11,4905108.0,1303.5796868622954,5,1020262464.0,ok,0,103,208
vco_current_min,10,0,0,0.55,0.5499716,2.971953e-11,4865448.0,1314.8079707698764,5,1012013184.0,ok,0,103,208
vco_current_min,10,0,0,0.6,0.5999665,-8.221521e-11,4816284.0,1018.763956959609,5,1001787072.0,ok,0,103,208
vco_current_min,10,0,0,0.65,0.6499874,-2.080308e-12,4792464.0,1007.8095058095056,5,996832512.0,ok,0,103,208
vco_current_min,10,0,0,0.7,0.6999757,1.969855e-10,4786914.0,818.400879764923,5,995678112.0,ok,0,103,208
vco_current_min,10,0,0,0.75,0.7499772,2.586766e-10,4786182.0,1002.332280234454,5,995525856.0,ok,0,103,208
vco_current_min,10,1,0,0.0,-1.346809e-06,-1.764436e-09,4928764.0,1062.5817615600222,5,1025182912.0,ok,0,103,208
vco_current_min,10,1,0,0.05,0.04999547,-1.34086e-09,4928764.0,1062.5817615600222,5,1025182912.0,ok,0,103,208
vco_current_min,10,1,0,0.1,0.09998816,-8.187023e-10,4928764.0,1062.5817615600222,5,1025182912.0,ok,0,103,208
vco_current_min,10,1,0,0.15,0.149989,-6.69878e-10,4928376.0,1062.5817615600222,5,1025102208.0,ok,0,103,208
vco_current_min,10,1,0,0.2,0.1999859,-4.822574e-10,4927988.0,867.5943752699184,5,1025021504.0,ok,0,103,208
vco_current_min,10,1,0,0.25,0.2499785,-3.07993e-10,4927212.0,867.5943752699184,5,1024860096.0,ok,0,103,208
vco_current_min,10,1,0,0.3,0.2999646,-2.87005e-10,4927600.0,0.0,5,1024940800.0,ok,0,103,208
vco_current_min,10,1,0,0.35,0.3500014,-4.15116e-11,4925660.0,1371.7871555019021,5,1024537280.0,ok,0,103,208
vco_current_min,10,1,0,0.4,0.3999869,8.695877e-11,4923720.0,0.0,5,1024133760.0,ok,0,103,208
vco_current_min,10,1,0,0.45,0.4499804,-9.076018e-12,4919840.0,0.0,5,1023326720.0,ok,0,103,208
vco_current_min,10,1,0,0.5,0.4999767,-5.168753e-11,4903772.0,1525.4900851857412,5,1019984576.0,ok,0,103,208
vco_current_min,10,1,0,0.55,0.5499724,8.250678e-11,4863726.0,1035.195633684764,5,1011655008.0,ok,0,103,208
vco_current_min,10,1,0,0.6,0.599966,-3.451578e-11,4812220.0,1547.8210490880397,5,1000941760.0,ok,0,103,208
vco_current_min,10,1,0,0.65,0.6499882,-1.289199e-11,4787362.0,1443.3364126218114,5,995771296.0,ok,0,103,208
vco_current_min,10,1,0,0.7,0.6999758,1.238462e-10,4782888.0,1002.332280234454,5,994840704.0,ok,0,103,208
vco_current_min,10,1,0,0.75,0.7499768,3.165518e-10,4781988.0,442.74145954495833,5,994653504.0,ok,0,103,208
vco_current_min,10,2,0,0.0,-8.857751e-08,-1.937429e-09,4926824.0,1062.5817615600222,5,1024779392.0,ok,0,103,208
vco_current_min,10,2,0,0.05,0.04999603,-1.277895e-09,4926048.0,867.5943752699184,5,1024617984.0,ok,0,103,208
vco_current_min,10,2,0,0.1,0.09998733,-9.592585e-10,4926436.0,1062.5817615600222,5,1024698688.0,ok,0,103,208
vco_current_min,10,2,0,0.15,0.1499893,-6.406218e-10,4926436.0,1062.5817615600222,5,1024698688.0,ok,0,103,208
vco_current_min,10,2,0,0.2,0.1999862,-4.663575e-10,4924496.0,1062.5817615600222,5,1024295168.0,ok,0,103,208
vco_current_min,10,2,0,0.25,0.2499797,-2.145016e-10,4925660.0,1371.7871555019021,5,1024537280.0,ok,0,103,208
vco_current_min,10,2,0,0.3,0.2999655,-2.278575e-10,4923720.0,0.0,5,1024133760.0,ok,0,103,208
vco_current_min,10,2,0,0.35,0.3500025,-2.017817e-10,4923332.0,867.5943752699184,5,1024053056.0,ok,0,103,208
vco_current_min,10,2,0,0.4,0.3999872,-1.101988e-10,4921780.0,0.0,5,1023730240.0,ok,0,103,208
vco_current_min,10,2,0,0.45,0.4499792,-8.412322e-11,4915710.0,0.0,5,1022467680.0,ok,0,103,208
vco_current_min,10,2,0,0.5,0.499977,-4.278372e-11,4899456.0,858.6501033599193,5,1019086848.0,ok,0,103,208
vco_current_min,10,2,0,0.55,0.5499728,-6.949533e-11,4857524.0,1117.197386319893,5,1010364992.0,ok,0,103,208
vco_current_min,10,2,0,0.6,0.5999674,-4.659963e-11,4797248.0,822.8730157199226,5,997827584.0,ok,0,103,208
vco_current_min,10,2,0,0.65,0.6499879,6.851486e-11,4767672.0,996.8550546594023,5,991675776.0,ok,0,103,208
vco_current_min,10,2,0,0.7,0.699977,1.365662e-10,4761748.0,809.4566078549238,5,990443584.0,ok,0,103,208
vco_current_min,10,2,0,0.75,0.7499776,3.210038e-10,4761024.0,1618.9132157098477,5,990292992.0,ok,0,103,208
vco_current_min,10,3,0,0.0,-5.461625e-07,-1.922164e-09,4925272.0,867.5943752699184,5,1024456576.0,ok,0,103,208
vco_current_min,10,3,0,0.05,0.04999578,-1.336407e-09,4925272.0,867.5943752699184,5,1024456576.0,ok,0,103,208
vco_current_min,10,3,0,0.1,0.09998713,-8.657663e-10,4925272.0,867.5943752699184,5,1024456576.0,ok,0,103,208
vco_current_min,10,3,0,0.15,0.1499891,-5.763857e-10,4924108.0,867.5943752699184,5,1024214464.0,ok,0,103,208
vco_current_min,10,3,0,0.2,0.1999862,-4.466413e-10,4925272.0,867.5943752699184,5,1024456576.0,ok,0,103,208
vco_current_min,10,3,0,0.25,0.2499792,-2.84461e-10,4924496.0,1062.5817615600222,5,1024295168.0,ok,0,103,208
vco_current_min,10,3,0,0.3,0.2999653,-1.718901e-10,4923720.0,0.0,5,1024133760.0,ok,0,103,208
vco_current_min,10,3,0,0.35,0.3500015,-1.617143e-10,4923720.0,0.0,5,1024133760.0,ok,0,103,208
vco_current_min,10,3,0,0.4,0.3999877,-5.613945e-11,4921304.0,825.7602557643471,5,1023631232.0,ok,0,103,208
vco_current_min,10,3,0,0.45,0.4499814,-5.423142e-11,4915710.0,0.0,5,1022467680.0,ok,0,103,208
vco_current_min,10,3,0,0.5,0.4999771,-6.313544e-11,4899072.0,1051.627310409919,5,1019006976.0,ok,0,103,208
vco_current_min,10,3,0,0.55,0.5499711,3.544329e-11,4852906.0,1399.7785539148683,5,1009404448.0,ok,0,103,208
vco_current_min,10,3,0,0.6,0.5999659,-7.331138e-11,4793568.0,822.8730157199226,5,997062144.0,ok,0,103,208
vco_current_min,10,3,0,0.65,0.6499882,-1.861603e-11,4762940.0,0.0,5,990691520.0,ok,0,103,208
vco_current_min,10,3,0,0.7,0.6999757,2.081557e-11,4756680.0,1279.8632739476511,5,989389440.0,ok,0,103,208
vco_current_min,10,3,0,0.75,0.7499778,4.074987e-10,4755956.0,991.3778290843507,5,989238848.0,ok,0,103,208
vco_current_min,10,4,0,0.0,-8.857751e-08,-1.872557e-09,4923332.0,867.5943752699184,5,1024053056.0,ok,0,103,208
vco_current_min,10,4,0,0.05,0.04999648,-1.165959e-09,4922944.0,1062.5817615600222,5,1023972352.0,ok,0,103,208
vco_current_min,10,4,0,0.1,0.0999886,-8.733984e-10,4922168.0,867.5943752699184,5,1023810944.0,ok,0,103,208
vco_current_min,10,4,0,0.15,0.1499897,-6.183617e-10,4922944.0,1062.5817615600222,5,1023972352.0,ok,0,103,208
vco_current_min,10,4,0,0.2,0.1999857,-5.108775e-10,4922168.0,867.5943752699184,5,1023810944.0,ok,0,103,208
vco_current_min,10,4,0,0.25,0.2499783,-3.963972e-10,4921780.0,0.0,5,1023730240.0,ok,0,103,208
vco_current_min,10,4,0,0.3,0.299964,-3.677771e-10,4921004.0,1062.5817615600222,5,1023568832.0,ok,0,103,208
vco_current_min,10,4,0,0.35,0.3500024,-7.168016e-12,4920572.0,1005.3457116832996,5,1023478976.0,ok,0,103,208
vco_current_min,10,4,0,0.4,0.399987,1.098545e-10,4918288.0,867.5943752699184,5,1023003904.0,ok,0,103,208
vco_current_min,10,4,0,0.45,0.4499803,4.279715e-12,4912236.0,863.1222393149188,5,1021745088.0,ok,0,103,208
vco_current_min,10,4,0,0.5,0.4999769,4.434741e-11,4895232.0,1051.627310409919,5,1018208256.0,ok,0,103,208
vco_current_min,10,4,0,0.55,0.5499716,-4.278376e-11,4845482.0,1994.0210630783217,5,1007860256.0,ok,0,103,208
vco_current_min,10,4,0,0.6,0.5999671,3.417142e-11,4776300.0,0.0,5,993470400.0,ok,0,103,208
vco_current_min,10,4,0,0.65,0.6499874,5.261513e-11,4741200.0,0.0,5,986169600.0,ok,0,103,208
vco_current_min,10,4,0,0.7,0.6999759,1.028585e-10,4733670.0,895.6282711035868,5,984603360.0,ok,0,103,208
vco_current_min,10,4,0,0.75,0.7499766,3.063757e-10,4732044.0,980.4233779342474,5,984265152.0,ok,0,103,208
vco_current_min,10,5,0,0.0,-3.173918e-07,-1.895452e-09,4923720.0,0.0,5,1024133760.0,ok,0,103,208
vco_current_min,10,5,0,0.05,0.04999581,-1.273443e-09,4922944.0,1062.5817615600222,5,1023972352.0,ok,0,103,208
vco_current_min,10,5,0,0.1,0.09998755,-8.625862e-10,4921780.0,0.0,5,1023730240.0,ok,0,103,208
vco_current_min,10,5,0,0.15,0.1499892,-6.317177e-10,4921780.0,0.0,5,1023730240.0,ok,0,103,208
vco_current_min,10,5,0,0.2,0.1999855,-4.396453e-10,4923332.0,867.5943752699184,5,1024053056.0,ok,0,103,208
vco_current_min,10,5,0,0.25,0.2499783,-3.149891e-10,4921780.0,0.0,5,1023730240.0,ok,0,103,208
vco_current_min,10,5,0,0.3,0.2999654,-3.200771e-10,4920764.0,830.7105392373447,5,1023518912.0,ok,0,103,208
vco_current_min,10,5,0,0.35,0.3500028,-1.8143e-10,4919904.0,143.10835055998655,5,1023340032.0,ok,0,103,208
vco_current_min,10,5,0,0.4,0.3999889,2.399558e-11,4917900.0,0.0,5,1022923200.0,ok,0,103,208
vco_current_min,10,5,0,0.45,0.449981,-1.121068e-10,4911850.0,0.0,5,1021664800.0,ok,0,103,208
vco_current_min,10,5,0,0.5,0.4999762,-6.885935e-11,4894144.0,1365.1666564928987,5,1017981952.0,ok,0,103,208
vco_current_min,10,5,0,0.55,0.5499715,-9.076073e-12,4845534.0,1973.7730365976734,5,1007871072.0,ok,0,103,208
vco_current_min,10,5,0,0.6,0.5999675,-9.111908e-11,4772040.0,0.0,5,992584320.0,ok,0,103,208
vco_current_min,10,5,0,0.65,0.6499877,6.024703e-11,4735550.0,559.0169943749474,5,984994400.0,ok,0,103,208
vco_current_min,10,5,0,0.7,0.6999752,2.135212e-10,4728822.0,800.5123359449248,5,983594976.0,ok,0,103,208
vco_current_min,10,5,0,0.75,0.7499779,1.664575e-10,4725958.0,800.5123359449248,5,982999264.0,ok,0,103,208
vco_current_min,10,6,0,0.0,-8.85484e-08,-1.862381e-09,4920680.0,1012.6203632161463,5,1023501440.0,ok,0,103,208
vco_current_min,10,6,0,0.05,0.04999638,-1.410184e-09,4919904.0,143.10835055998655,5,1023340032.0,ok,0,103,208
vco_current_min,10,6,0,0.1,0.09998731,-8.644941e-10,4920356.0,811.9605901766415,5,1023434048.0,ok,0,103,208
vco_current_min,10,6,0,0.15,0.1499888,-7.54466e-10,4920248.0,746.404715955091,5,1023411584.0,ok,0,103,208
vco_current_min,10,6,0,0.2,0.1999868,-3.830412e-10,4919064.0,1062.5817615600222,5,1023165312.0,ok,0,103,208
vco_current_min,10,6,0,0.25,0.2499781,-2.488452e-10,4919452.0,867.5943752699184,5,1023246016.0,ok,0,103,208
vco_current_min,10,6,0,0.3,0.299965,-1.674381e-10,4919064.0,1062.5817615600222,5,1023165312.0,ok,0,103,208
vco_current_min,10,6,0,0.35,0.3500022,-2.482092e-10,4917900.0,0.0,5,1022923200.0,ok,0,103,208
vco_current_min,10,6,0,0.4,0.3999864,-3.451578e-11,4915324.0,863.1222393149188,5,1022387392.0,ok,0,103,208
vco_current_min,10,6,0,0.45,0.4499792,-5.168749e-11,4909148.0,1057.1045359849707,5,1021102784.0,ok,0,103,208
vco_current_min,10,6,0,0.5,0.4999757,-7.903522e-11,4888836.0,1046.1500848348674,5,1016877888.0,ok,0,103,208
vco_current_min,10,6,0,0.55,0.5499701,-3.642366e-11,4834966.0,964.8730486442245,5,1005672928.0,ok,0,103,208
vco_current_min,10,6,0,0.6,0.5999658,-1.515384e-10,4750164.0,991.3778290843507,5,988034112.0,ok,0,103,208
vco_current_min,10,6,0,0.65,0.6499869,-5.8962e-12,4705368.0,969.4689267841441,5,978716544.0,ok,0,103,208
vco_current_min,10,6,0,0.7,0.6999742,-3.960383e-11,4697308.0,939.6382282559603,5,977040064.0,ok,0,103,208
vco_current_min,10,6,0,0.75,0.7499774,2.26877e-10,4694624.0,963.9917012090924,5,976481792.0,ok,0,103,208
vco_current_min,10,7,0,0.0,-2.02941e-07,-1.850297e-09,4920228.0,867.5943752699184,5,1023407424.0,ok,0,103,208
vco_current_min,10,7,0,0.05,0.04999547,-1.378384e-09,4920248.0,746.404715955091,5,1023411584.0,ok,0,103,208
vco_current_min,10,7,0,0.1,0.09998766,-9.846984e-10,4919840.0,0.0,5,1023326720.0,ok,0,103,208
vco_current_min,10,7,0,0.15,0.1499881,-6.050058e-10,4919840.0,0.0,5,1023326720.0,ok,0,103,208
vco_current_min,10,7,0,0.2,0.1999861,-4.854375e-10,4919904.0,143.10835055998655,5,1023340032.0,ok,0,103,208
vco_current_min,10,7,0,0.25,0.2499791,-3.016331e-10,4919452.0,867.5943752699184,5,1023246016.0,ok,0,103,208
vco_current_min,10,7,0,0.3,0.299964,-2.214975e-10,4917900.0,0.0,5,1022923200.0,ok,0,103,208
vco_current_min,10,7,0,0.35,0.3500013,-1.292786e-10,4916148.0,979.3977741449079,5,1022558784.0,ok,0,103,208
vco_current_min,10,7,0,0.4,0.3999865,-1.292786e-10,4914938.0,1057.1045359849707,5,1022307104.0,ok,0,103,208
vco_current_min,10,7,0,0.45,0.4499796,-3.833163e-11,4908556.0,1611.1269347881935,5,1020979648.0,ok,0,103,208
vco_current_min,10,7,0,0.5,0.499976,-1.02567e-10,4887690.0,1350.5739520663058,5,1016639520.0,ok,0,103,208
vco_current_min,10,7,0,0.55,0.549972,1.735778e-12,4829836.0,1564.5542496187213,5,1004605888.0,ok,0,103,208
vco_current_min,10,7,0,0.6,0.599967,2.844744e-11,4742280.0,1609.9689437998486,5,986394240.0,ok,0,103,208
vco_current_min,10,7,0,0.65,0.6499881,-6.885938e-11,4698750.0,843.4749551705729,5,977340000.0,ok,0,103,208
vco_current_min,10,7,0,0.7,0.6999741,1.187584e-10,4687232.0,787.095928079926,5,974944256.0,ok,0,103,208
vco_current_min,10,7,0,0.75,0.7499763,2.186091e-10,4685824.0,963.9917012090924,5,974651392.0,ok,0,103,208
vco_current_min,10,8,0,0.0,-1.34678e-06,-1.773977e-09,4951352.0,876.5386471799176,5,1019978512.0,ok,0,102,206
vco_current_min,10,8,0,0.05,0.04999441,-1.246731e-09,4950960.0,1385.9292911256332,5,1019897760.0,ok,0,102,206
vco_current_min,10,8,0,0.1,0.09998673,-1.01141e-09,4950960.0,1385.9292911256332,5,1019897760.0,ok,0,102,206
vco_current_min,10,8,0,0.15,0.1499897,-7.442901e-10,4949784.0,1073.5362127101255,5,1019655504.0,ok,0,102,206
vco_current_min,10,8,0,0.2,0.1999862,-3.881292e-10,4949392.0,876.5386471799176,5,1019574752.0,ok,0,102,206
vco_current_min,10,8,0,0.25,0.2499792,-4.294693e-10,4949000.0,0.0,5,1019494000.0,ok,0,102,206
vco_current_min,10,8,0,0.3,0.2999646,-1.299146e-10,4948608.0,876.5386471799176,5,1019413248.0,ok,0,102,206
vco_current_min,10,8,0,0.35,0.3500016,-4.402813e-10,4945864.0,1073.5362127101255,5,1018847984.0,ok,0,102,206
vco_current_min,10,8,0,0.4,0.3999864,-1.369105e-10,4942756.0,813.9287438099235,5,1018207736.0,ok,0,102,206
vco_current_min,10,8,0,0.45,0.4499798,-1.998738e-10,4932330.0,1068.058987135074,5,1016059980.0,ok,0,102,206
vco_current_min,10,8,0,0.5,0.4999759,7.4239e-11,4896000.0,0.0,5,1008576000.0,ok,0,102,206
vco_current_min,10,8,0,0.55,0.5499722,-2.71741e-10,4718382.0,6234.093358299986,5,971986692.0,ok,0,102,206
vco_current_min,10,8,0,0.6,0.5999665,7.932677e-11,4040876.0,14243.30298772023,5,832420456.0,ok,0,102,206
vco_current_min,10,8,0,0.65,0.6499873,5.261516e-11,3488710.6,7479.2669293186755,5,718674383.6,ok,0,102,206
vco_current_min,10,8,0,0.7,0.6999752,1.887175e-10,3371879.6,2830.9254317272294,5,694607197.6,ok,0,102,206
vco_current_min,10,8,0,0.75,0.7499784,2.574047e-10,3348699.2,4220.27057189465,5,689832035.2,ok,0,102,206
vco_current_min,10,9,0,0.0,2.544693e-07,-1.8433e-09,4950176.0,1073.5362127101255,5,1019736256.0,ok,0,102,206
vco_current_min,10,9,0,0.05,0.04999547,-1.199667e-09,4950568.0,876.5386471799176,5,1019817008.0,ok,0,102,206
vco_current_min,10,9,0,0.1,0.09998848,-8.702183e-10,4950176.0,1073.5362127101255,5,1019736256.0,ok,0,102,206
vco_current_min,10,9,0,0.15,0.149989,-6.825981e-10,4949392.0,876.5386471799176,5,1019574752.0,ok,0,102,206
vco_current_min,10,9,0,0.2,0.1999866,-4.250174e-10,4948744.0,143.10835055998655,5,1019441264.0,ok,0,102,206
vco_current_min,10,9,0,0.25,0.2499811,-3.264371e-10,4947432.0,876.5386471799176,5,1019170992.0,ok,0,102,206
vco_current_min,10,9,0,0.3,0.2999646,-2.507532e-10,4946648.0,876.5386471799176,5,1019009488.0,ok,0,102,206
vco_current_min,10,9,0,0.35,0.350002,-1.318225e-10,4945080.0,0.0,5,1018686480.0,ok,0,102,206
vco_current_min,10,9,0,0.4,0.3999879,-1.241908e-10,4942392.0,996.8550546594023,5,1018132752.0,ok,0,102,206
vco_current_min,10,9,0,0.45,0.4499798,-1.184668e-10,4931148.0,898.8993269549154,5,1015816488.0,ok,0,102,206
vco_current_min,10,9,0,0.5,0.4999765,-5.486751e-11,4891456.0,2543.949685037029,5,1007639936.0,ok,0,102,206
vco_current_min,10,9,0,0.55,0.5499719,2.526757e-11,4714508.0,3233.5305781761213,5,971188648.0,ok,0,102,206
vco_current_min,10,9,0,0.6,0.5999669,5.515904e-11,3976414.0,25007.57145346185,5,819141284.0,ok,0,102,206
vco_current_min,10,9,0,0.65,0.6499863,-1.798006e-11,3385276.4,9359.347375752222,5,697366938.4,ok,0,102,206
vco_current_min,10,9,0,0.7,0.6999758,7.423884e-11,3255797.8,3463.7118384761743,5,670694346.8,ok,0,102,206
vco_current_min,10,9,0,0.75,0.7499772,2.974719e-10,3233459.0,4101.722930671939,5,666092554.0,ok,0,102,206
vco_current_min,10,10,0,0.0,-1.232416e-06,-1.948241e-09,4945472.0,876.5386471799176,5,1018767232.0,ok,0,102,206
vco_current_min,10,10,0,0.05,0.04999546,-1.284255e-09,4945864.0,1073.5362127101255,5,1018847984.0,ok,0,102,206
vco_current_min,10,10,0,0.1,0.09998804,-9.528986e-10,4945472.0,876.5386471799176,5,1018767232.0,ok,0,102,206
vco_current_min,10,10,0,0.15,0.1499887,-6.348978e-10,4945472.0,876.5386471799176,5,1018767232.0,ok,0,102,206
vco_current_min,10,10,0,0.2,0.1999855,-4.498213e-10,4944296.0,1073.5362127101255,5,1018524976.0,ok,0,102,206
vco_current_min,10,10,0,0.25,0.2499791,-3.137171e-10,4943904.0,1073.5362127101255,5,1018444224.0,ok,0,102,206
vco_current_min,10,10,0,0.3,0.2999637,-1.337305e-10,4942756.0,813.9287438099235,5,1018207736.0,ok,0,102,206
vco_current_min,10,10,0,0.35,0.3500012,-1.203747e-10,4941300.0,0.0,5,1017907800.0,ok,0,102,206
vco_current_min,10,10,0,0.4,0.399987,-1.095628e-10,4937010.0,872.066511224918,5,1017024060.0,ok,0,102,206
vco_current_min,10,10,0,0.45,0.4499802,-7.458333e-11,4925660.0,1371.7871555019021,5,1014685960.0,ok,0,102,206
vco_current_min,10,10,0,0.5,0.4999757,-7.649127e-11,4880618.0,1853.960625256103,5,1005407308.0,ok,0,102,206
vco_current_min,10,10,0,0.55,0.5499711,-9.175512e-11,4656282.0,8282.600437060815,5,959194092.0,ok,0,102,206
vco_current_min,10,10,0,0.6,0.5999668,-7.331133e-11,3579881.8,36595.61001267775,5,737455650.8,ok,0,102,206
vco_current_min,10,10,0,0.65,0.6499877,1.735723e-12,2851922.4,5917.893907464039,5,587496014.4,ok,0,102,206
vco_current_min,10,10,0,0.7,0.6999747,2.908343e-11,2694441.0,2577.7511516824115,5,555054846.0,ok,0,102,206
vco_current_min,10,10,0,0.75,0.7499772,2.529528e-10,2663884.8,3052.246500530388,5,548760268.8,ok,0,102,206
vco_current_min,10,11,0,0.0,-2.030138e-07,-1.997849e-09,4945472.0,876.5386471799176,5,1018767232.0,ok,0,102,206
vco_current_min,10,11,0,0.05,0.04999592,-1.28044e-09,4944688.0,876.5386471799176,5,1018605728.0,ok,0,102,206
vco_current_min,10,11,0,0.1,0.09998932,-8.912066e-10,4944296.0,1073.5362127101255,5,1018524976.0,ok,0,102,206
vco_current_min,10,11,0,0.15,0.1499891,-6.425297e-10,4943904.0,1073.5362127101255,5,1018444224.0,ok,0,102,206
vco_current_min,10,11,0,0.2,0.1999863,-4.110253e-10,4943120.0,0.0,5,1018282720.0,ok,0,102,206
vco_current_min,10,11,0,0.25,0.2499789,-3.200771e-10,4943120.0,0.0,5,1018282720.0,ok,0,102,206
vco_current_min,10,11,0,0.3,0.2999645,-1.661662e-10,4941300.0,0.0,5,1017907800.0,ok,0,102,206
vco_current_min,10,11,0,0.35,0.350002,-9.684299e-11,4938570.0,1068.058987135074,5,1017345420.0,ok,0,102,206
vco_current_min,10,11,0,0.4,0.3999863,-1.203748e-10,4935840.0,872.066511224918,5,1016783040.0,ok,0,102,206
vco_current_min,10,11,0,0.45,0.44998,-4.624051e-12,4923720.0,1371.7871555019021,5,1014286320.0,ok,0,102,206
vco_current_min,10,11,0,0.5,0.4999761,-2.052386e-11,4877424.0,1188.4780183074486,5,1004749344.0,ok,0,102,206
vco_current_min,10,11,0,0.55,0.5499709,-8.603114e-11,4630436.0,8172.577928658741,5,953869816.0,ok,0,102,206
vco_current_min,10,11,0,0.6,0.5999661,7.869091e-11,3449706.6,13162.93522737235,5,710639559.6,ok,0,102,206
vco_current_min,10,11,0,0.65,0.6499885,-4.469168e-11,2711128.6,6173.616104034976,5,558492491.6,ok,0,102,206
vco_current_min,10,11,0,0.7,0.6999753,6.469891e-11,2547635.0,5974.015148959701,5,524812810.0,ok,0,102,206
vco_current_min,10,11,0,0.75,0.7499772,3.025599e-10,2521016.4,4882.245466995694,5,519329378.4,ok,0,102,206
vco_current_min,10,12,0,0.0,-7.74904e-07,-1.896725e-09,4941300.0,0.0,5,1017907800.0,ok,0,102,206
vco_current_min,10,12,0,0.05,0.04999616,-1.206028e-09,4940910.0,872.066511224918,5,1017827460.0,ok,0,102,206
vco_current_min,10,12,0,0.1,0.09998827,-8.886625e-10,4940130.0,1068.058987135074,5,1017666780.0,ok,0,102,206
vco_current_min,10,12,0,0.15,0.1499879,-6.145458e-10,4940520.0,1068.058987135074,5,1017747120.0,ok,0,102,206
vco_current_min,10,12,0,0.2,0.1999863,-4.765334e-10,4938570.0,1068.058987135074,5,1017345420.0,ok,0,102,206
vco_current_min,10,12,0,0.25,0.2499781,-3.506051e-10,4937790.0,872.066511224918,5,1017184740.0,ok,0,102,206
vco_current_min,10,12,0,0.3,0.2999649,-2.272215e-10,4936620.0,1068.058987135074,5,1016943720.0,ok,0,102,206
vco_current_min,10,12,0,0.35,0.3500009,-1.489945e-10,4935450.0,0.0,5,1016702700.0,ok,0,102,206
vco_current_min,10,12,0,0.4,0.399987,-6.63154e-11,4929942.0,898.8993269549154,5,1015568052.0,ok,0,102,206
vco_current_min,10,12,0,0.45,0.4499803,-1.324585e-10,4917462.0,979.3977741449079,5,1012997172.0,ok,0,102,206
vco_current_min,10,12,0,0.5,0.4999757,-1.00659e-10,4867214.0,2511.0714844464305,5,1002646084.0,ok,0,102,206
vco_current_min,10,12,0,0.55,0.5499709,-2.306791e-11,4523716.0,15636.52870684539,5,931885496.0,ok,0,102,206
vco_current_min,10,12,0,0.6,0.5999658,-7.168349e-12,2970320.8,43639.912960499816,5,611886084.8,ok,0,102,206
vco_current_min,10,12,0,0.65,0.6499863,2.272349e-11,2077087.8,8796.820232333954,5,427880086.8,ok,0,102,206
vco_current_min,10,12,0,0.7,0.6999749,1.454701e-10,5066682.0,4987.767035457851,5,385067832.0,ok,0,37,76
vco_current_min,10,12,0,0.75,0.7499776,3.006521e-10,4967718.0,9025.19916677743,5,377546568.0,ok,0,37,76
vco_current_min,10,13,0,0.0,-2.031011e-07,-1.958416e-09,4939740.0,872.066511224918,5,1017586440.0,ok,0,102,206
vco_current_min,10,13,0,0.05,0.04999593,-1.23592e-09,4940520.0,1068.058987135074,5,1017747120.0,ok,0,102,206
vco_current_min,10,13,0,0.1,0.09998771,-9.738867e-10,4939350.0,0.0,5,1017506100.0,ok,0,102,206
vco_current_min,10,13,0,0.15,0.1499892,-6.749659e-10,4938960.0,872.066511224918,5,1017425760.0,ok,0,102,206
vco_current_min,10,13,0,0.2,0.1999851,-4.994295e-10,4938180.0,1068.058987135074,5,1017265080.0,ok,0,102,206
vco_current_min,10,13,0,0.25,0.2499789,-1.140147e-10,4937400.0,0.0,5,1017104400.0,ok,0,102,206
vco_current_min,10,13,0,0.3,0.2999641,-2.246775e-10,4937010.0,872.066511224918,5,1017024060.0,ok,0,102,206
vco_current_min,10,13,0,0.35,0.3500009,-4.023956e-11,4933584.0,584.1917493426281,5,1016318304.0,ok,0,102,206
vco_current_min,10,13,0,0.4,0.3999863,-1.375465e-10,4929540.0,0.0,5,1015485240.0,ok,0,102,206
vco_current_min,10,13,0,0.45,0.4499794,-1.77614e-10,4915324.0,863.1222393149188,5,1012556744.0,ok,0,102,206
vco_current_min,10,13,0,0.5,0.4999759,9.331866e-11,4863558.0,3140.886817445035,5,1001892948.0,ok,0,102,206
vco_current_min,10,13,0,0.55,0.5499702,-2.361254e-10,4498020.0,19274.994163423242,5,926592120.0,ok,0,102,206
vco_current_min,10,13,0,0.6,0.5999654,-1.797995e-11,2856366.4,10871.013329032396,5,588411478.4,ok,0,102,206
vco_current_min,10,13,0,0.65,0.649986,1.454698e-10,5098308.0,28990.23921943384,5,397668024.0,ok,0,38,78
vco_current_min,10,13,0,0.7,0.699975,-1.162001e-11,4453426.0,7425.798273586483,5,347367228.0,ok,0,38,78
vco_current_min,10,13,0,0.75,0.7499772,2.16701e-10,4350412.0,7329.254395912316,5,339332136.0,ok,0,38,78
vco_current_min,10,14,0,0.0,-4.31799e-07,-1.737724e-09,4935450.0,0.0,5,1016702700.0,ok,0,102,206
vco_current_min,10,14,0,0.05,0.04999719,-1.288708e-09,4935078.0,509.3819784798045,5,1016626068.0,ok,0,102,206
vco_current_min,10,14,0,0.1,0.09998781,-9.796106e-10,4934874.0,867.2542879686441,5,1016584044.0,ok,0,102,206
vco_current_min,10,14,0,0.15,0.1499895,-6.399857e-10,4933500.0,0.0,5,1016301000.0,ok,0,102,206
vco_current_min,10,14,0,0.2,0.199985,-4.021212e-10,4933380.0,268.32815729997475,5,1016276280.0,ok,0,102,206
vco_current_min,10,14,0,0.25,0.2499791,-1.7507e-10,4933194.0,1087.970587837741,5,1016237964.0,ok,0,102,206
vco_current_min,10,14,0,0.3,0.2999642,-3.334331e-10,4931550.0,0.0,5,1015899300.0,ok,0,102,206
vco_current_min,10,14,0,0.35,0.3500018,-1.884259e-10,4929540.0,0.0,5,1015485240.0,ok,0,102,206
vco_current_min,10,14,0,0.4,0.3999864,-2.240415e-10,4923720.0,0.0,5,1014286320.0,ok,0,102,206
vco_current_min,10,14,0,0.45,0.4499808,-9.048312e-11,4908376.0,863.1222393149188,5,1011125456.0,ok,0,102,206
vco_current_min,10,14,0,0.5,0.4999762,-9.684306e-11,4846640.0,2302.5203582161876,5,998407840.0,ok,0,102,206
vco_current_min,10,14,0,0.55,0.5499706,-1.464504e-10,4327010.0,12939.219450956074,5,891364060.0,ok,0,102,206
vco_current_min,10,14,0,0.6,0.5999663,8.731404e-12,2192503.2,24280.992189364915,5,451655659.20000005,ok,0,102,206
vco_current_min,10,14,0,0.65,0.6499879,8.731627e-12,5235372.0,176072.07833725368,5,209414880.0,ok,0,19,40
vco_current_min,10,14,0,0.7,0.6999761,9.204662e-11,3395923.8,15202.797758965287,5,135836952.0,ok,0,19,40
vco_current_min,10,14,0,0.75,0.7499771,3.178239e-10,3109803.0,4001.888991463906,5,124392120.0,ok,0,19,40
vco_current_min,10,15,0,0.0,-4.317408e-07,-1.879553e-09,4934298.0,821.4742844423068,5,1016465388.0,ok,0,102,206
vco_current_min,10,15,0,0.05,0.04999544,-1.209843e-09,4933500.0,0.0,5,1016301000.0,ok,0,102,206
vco_current_min,10,15,0,0.1,0.09998665,-9.083784e-10,4934280.0,1068.058987135074,5,1016461680.0,ok,0,102,206
vco_current_min,10,15,0,0.15,0.1499895,-6.584299e-10,4933500.0,1378.8582233137677,5,1016301000.0,ok,0,102,206
vco_current_min,10,15,0,0.2,0.1999862,-4.898895e-10,4931940.0,872.066511224918,5,1015979640.0,ok,0,102,206
vco_current_min,10,15,0,0.25,0.2499783,-3.14353e-10,4931550.0,0.0,5,1015899300.0,ok,0,102,206
vco_current_min,10,15,0,0.3,0.2999648,-2.380333e-10,4929540.0,0.0,5,1015485240.0,ok,0,102,206
vco_current_min,10,15,0,0.35,0.3500009,-1.941499e-10,4926436.0,1062.5817615600222,5,1014845816.0,ok,0,102,206
vco_current_min,10,15,0,0.4,0.3999872,-7.903515e-11,4922168.0,1623.1204514761066,5,1013966608.0,ok,0,102,206
vco_current_min,10,15,0,0.45,0.4499792,-5.295944e-11,4907218.0,1057.1045359849707,5,1010886908.0,ok,0,102,206
vco_current_min,10,15,0,0.5,0.4999768,-3.896763e-11,4842308.0,4677.212845274416,5,997515448.0,ok,0,102,206
vco_current_min,10,15,0,0.55,0.5499727,-7.776324e-11,4271590.0,8501.9762408513,5,879947540.0,ok,0,102,206
vco_current_min,10,15,0,0.6,0.5999672,-1.034808e-11,2041096.6,28452.87241738521,5,420465899.6,ok,0,102,206
vco_current_min,10,15,0,0.65,0.6499873,4.371128e-11,5161902.0,65158.9603968633,5,154857060.0,ok,0,14,30
vco_current_min,10,15,0,0.7,0.6999749,9.204662e-11,2460374.6,7083.4758275863405,5,73811238.0,ok,0,14,30
vco_current_min,10,15,0,0.75,0.7499779,3.190959e-10,5022906.0,12218.333765288948,5,60274872.0,ok,0,5,12
vco_current_max,11,15,0,0.0,-1.232314e-06,-1.945698e-09,4913780.0,0.0,5,933618200.0,ok,0,94,190
vco_current_max,11,15,0,0.05,0.04999579,-1.301427e-09,4913780.0,1364.7160876900368,5,933618200.0,ok,0,94,190
vco_current_max,11,15,0,0.1,0.09998685,-9.249143e-10,4914166.0,863.1222393149188,5,933691540.0,ok,0,94,190
vco_current_max,11,15,0,0.15,0.14999,-6.476177e-10,4913394.0,863.1222393149188,5,933544860.0,ok,0,94,190
vco_current_max,11,15,0,0.2,0.1999852,-4.103893e-10,4912236.0,863.1222393149188,5,933324840.0,ok,0,94,190
vco_current_max,11,15,0,0.25,0.2499801,-1.680741e-10,4912236.0,863.1222393149188,5,933324840.0,ok,0,94,190
vco_current_max,11,15,0,0.3,0.2999643,-1.80158e-10,4910306.0,863.1222393149188,5,932958140.0,ok,0,94,190
vco_current_max,11,15,0,0.35,0.3500021,-6.631531e-11,4908350.0,492.9503017546495,5,932586500.0,ok,0,94,190
vco_current_max,11,15,0,0.4,0.3999864,-9.557105e-11,4902912.0,1051.627310409919,5,931553280.0,ok,0,94,190
vco_current_max,11,15,0,0.45,0.4499801,-2.497591e-11,4888072.0,854.1779674049196,5,928733680.0,ok,0,94,190
vco_current_max,11,15,0,0.5,0.4999752,-5.741155e-11,4833950.0,2956.729612257435,5,918450500.0,ok,0,94,190
vco_current_max,11,15,0,0.55,0.549971,3.417144e-11,4357904.0,6220.070739147586,5,828001760.0,ok,0,94,190
vco_current_max,11,15,0,0.6,0.5999665,3.162737e-11,2128090.4,19364.299853080152,5,404337176.0,ok,0,94,190
vco_current_max,11,15,0,0.65,0.6499873,4.243927e-11,5342174.0,72442.91600977973,5,149580872.0,ok,0,13,28
vco_current_max,11,15,0,0.7,0.6999752,7.360287e-11,2528008.4,19375.189013271585,5,70784235.2,ok,0,13,28
vco_current_max,11,15,0,0.75,0.7499771,2.872963e-10,2056966.4,5760.446059117297,5,57595059.199999996,ok,0,13,28
vco_current_max,11,15,1,0.0,2.545712e-07,-1.813409e-09,4957702.0,1079.0134382851772,5,932047976.0,ok,0,93,188
vco_current_max,11,15,1,0.05,0.04999626,-1.095999e-09,4958096.0,881.0107831349171,5,932122048.0,ok,0,93,188
vco_current_max,11,15,1,0.1,0.09998794,-9.567147e-10,4957308.0,1079.0134382851772,5,931973904.0,ok,0,93,188
vco_current_max,11,15,1,0.15,0.1499895,-5.407697e-10,4955864.0,898.2649943084724,5,931702432.0,ok,0,93,188
vco_current_max,11,15,1,0.2,0.199986,-5.630297e-10,4956520.0,0.0,5,931825760.0,ok,0,93,188
vco_current_max,11,15,1,0.25,0.2499791,-9.713425e-10,4955208.0,733.430296619931,5,931579104.0,ok,0,93,188
vco_current_max,11,15,1,0.3,0.2999645,-3.480611e-10,4952920.0,0.0,5,931148960.0,ok,0,93,188
vco_current_max,11,15,1,0.35,0.3500019,9.268286e-11,4951352.0,876.5386471799176,5,930854176.0,ok,0,93,188
vco_current_max,11,15,1,0.4,0.3999872,-2.815578e-11,4944688.0,876.5386471799176,5,929601344.0,ok,0,93,188
vco_current_max,11,15,1,0.45,0.4499796,-1.140148e-10,4928764.0,1062.5817615600222,5,926607632.0,ok,0,93,188
vco_current_max,11,15,1,0.5,0.499977,-1.688116e-09,4852400.0,1278.436545159751,5,912251200.0,ok,0,93,188
vco_current_max,11,15,1,0.55,0.5499721,-9.302707e-11,4109192.0,40000.38962310243,5,772528096.0,ok,0,93,188
vco_current_max,11,15,1,0.6,0.5999658,1.636363e-11,5099556.0,116041.77838175352,5,367168032.0,ok,0,35,72
vco_current_max,11,15,1,0.65,0.6499877,-7.712735e-11,5090112.0,169654.32670580494,5,132342912.0,ok,0,12,26
vco_current_max,11,15,1,0.7,0.6999745,8.44145e-11,2641366.8,8474.198292464014,5,68675536.8,ok,0,12,26
vco_current_max,11,15,1,0.75,0.7499774,6.701635e-10,2208381.0,2500.603727102717,5,57417906.0,ok,0,12,26
vco_current_max,11,15,2,0.0,-1.232343e-06,-1.95969e-09,4945932.0,1020.9407426486613,5,929835216.0,ok,0,93,188
vco_current_max,11,15,2,0.05,0.04999535,-1.246095e-09,4946258.0,1075.3697038693251,5,929896504.0,ok,0,93,188
vco_current_max,11,15,2,0.1,0.09998725,-9.738867e-10,4946256.0,1073.5362127101255,5,929896128.0,ok,0,93,188
vco_current_max,11,15,2,0.15,0.1499883,-6.666979e-10,4945080.0,1385.9292911256332,5,929675040.0,ok,0,93,188
vco_current_max,11,15,2,0.2,0.1999855,-4.345573e-10,4944296.0,1073.5362127101255,5,929527648.0,ok,0,93,188
vco_current_max,11,15,2,0.25,0.249979,-9.111897e-11,4943120.0,0.0,5,929306560.0,ok,0,93,188
vco_current_max,11,15,2,0.3,0.2999631,-1.133787e-10,4942392.0,996.8550546594023,5,929169696.0,ok,0,93,188
vco_current_max,11,15,2,0.35,0.3500024,-8.030712e-11,4938570.0,1068.058987135074,5,928451160.0,ok,0,93,188
vco_current_max,11,15,2,0.4,0.3999874,-1.80158e-10,4931940.0,872.066511224918,5,927204720.0,ok,0,93,188
vco_current_max,11,15,2,0.45,0.4499792,-1.489944e-10,4911464.0,863.1222393149188,5,923355232.0,ok,0,93,188
vco_current_max,11,15,2,0.5,0.4999759,-9.429901e-11,4827360.0,3015.592810709032,5,907543680.0,ok,0,93,188
vco_current_max,11,15,2,0.55,0.5499713,-9.048311e-11,4069358.0,41647.025944237605,5,765039304.0,ok,0,93,188
vco_current_max,11,15,2,0.6,0.599966,5.261519e-11,5188054.0,41137.63520184407,5,363163780.0,ok,0,34,70
vco_current_max,11,15,2,0.65,0.6499875,2.116131e-10,5086868.0,69946.04077429973,5,132258568.0,ok,0,12,26
vco_current_max,11,15,2,0.7,0.6999748,9.777057e-11,2659667.8,20712.91317511856,5,69151362.8,ok,0,12,26
vco_current_max,11,15,2,0.75,0.7499785,6.597092e-11,2207120.8,2043.6787174113254,5,57385140.8,ok,0,12,26
vco_current_max,11,15,3,0.0,-3.173627e-07,-1.942517e-09,4933890.0,1631.4870517414474,5,927571320.0,ok,0,93,188
vco_current_max,11,15,3,0.05,0.04999614,-1.419724e-09,4933110.0,872.066511224918,5,927424680.0,ok,0,93,188
vco_current_max,11,15,3,0.1,0.0999874,-8.4605e-10,4933110.0,872.066511224918,5,927424680.0,ok,0,93,188
vco_current_max,11,15,3,0.15,0.1499888,-7.659141e-10,4931550.0,0.0,5,927131400.0,ok,0,93,188
vco_current_max,11,15,3,0.2,0.1999857,-6.577938e-10,4931148.0,898.8993269549154,5,927055824.0,ok,0,93,188
vco_current_max,11,15,3,0.25,0.2499789,-4.364654e-10,4929152.0,867.5943752699184,5,926680576.0,ok,0,93,188
vco_current_max,11,15,3,0.3,0.2999646,-1.101988e-10,4927212.0,867.5943752699184,5,926315856.0,ok,0,93,188
vco_current_max,11,15,3,0.35,0.3500023,-2.97817e-10,4924108.0,867.5943752699184,5,925732304.0,ok,0,93,188
vco_current_max,11,15,3,0.4,0.3999872,-3.353411e-10,4914938.0,1057.1045359849707,5,924008344.0,ok,0,93,188
vco_current_max,11,15,3,0.45,0.4499801,-1.725261e-10,4889348.0,1839.312371512789,5,919197424.0,ok,0,93,188
vco_current_max,11,15,3,0.5,0.4999762,4.434725e-11,4775698.0,5680.054577202582,5,897831224.0,ok,0,93,188
vco_current_max,11,15,3,0.55,0.5499721,5.770312e-11,3645314.0,20602.295503171485,5,685319032.0,ok,0,93,188
vco_current_max,11,15,3,0.6,0.5999662,-8.793916e-11,5220396.0,59191.46965568603,5,302782968.0,ok,0,28,58
vco_current_max,11,15,3,0.65,0.6499888,-1.566263e-10,5353236.0,67099.68166839542,5,117771192.0,ok,0,10,22
vco_current_max,11,15,3,0.7,0.6999756,-1.108348e-10,3048524.2,18573.1584201503,5,67067532.400000006,ok,0,10,22
vco_current_max,11,15,3,0.75,0.7499782,3.515316e-10,2604397.4,5526.878757490525,5,57296742.8,ok,0,10,22
vco_current_max,11,15,4,0.0,2.569868e-08,-1.931704e-09,4924884.0,1062.5817615600222,5,925878192.0,ok,0,93,188
vco_current_max,11,15,4,0.05,0.04999542,-1.303971e-09,4924496.0,1062.5817615600222,5,925805248.0,ok,0,93,188
vco_current_max,11,15,4,0.1,0.099988,-7.970781e-10,4924108.0,867.5943752699184,5,925732304.0,ok,0,93,188
vco_current_max,11,15,4,0.15,0.1499897,-5.286857e-10,4923720.0,0.0,5,925659360.0,ok,0,93,188
vco_current_max,11,15,4,0.2,0.1999865,-5.643016e-10,4922168.0,867.5943752699184,5,925367584.0,ok,0,93,188
vco_current_max,11,15,4,0.25,0.2499795,-2.367613e-10,4921780.0,0.0,5,925294640.0,ok,0,93,188
vco_current_max,11,15,4,0.3,0.2999635,-2.189535e-10,4919452.0,867.5943752699184,5,924856976.0,ok,0,93,188
vco_current_max,11,15,4,0.35,0.3500016,-1.986018e-10,4915710.0,0.0,5,924153480.0,ok,0,93,188
vco_current_max,11,15,4,0.4,0.3999872,-1.725261e-10,4907784.0,1039.5575982118548,5,922663392.0,ok,0,93,188
vco_current_max,11,15,4,0.45,0.4499801,3.798728e-11,4885016.0,1708.3559348098393,5,918383008.0,ok,0,93,188
vco_current_max,11,15,4,0.5,0.4999764,6.215514e-11,4793936.0,1007.8095058095056,5,901259968.0,ok,0,93,188
vco_current_max,11,15,4,0.55,0.5499712,1.340223e-10,3931468.0,27913.618898308403,5,739115984.0,ok,0,93,188
vco_current_max,11,15,4,0.6,0.5999668,-1.884259e-10,5071478.0,71902.58284651533,5,355003460.0,ok,0,34,70
vco_current_max,11,15,4,0.65,0.6499874,7.169482e-11,5127444.0,94441.62048588536,5,133313544.0,ok,0,12,26
vco_current_max,11,15,4,0.7,0.6999741,1.314782e-10,2635804.0,24281.561193630034,5,68530904.0,ok,0,12,26
vco_current_max,11,15,4,0.75,0.7499771,3.680674e-10,2203497.0,4862.310561862539,5,57290922.0,ok,0,12,26
vco_current_max,11,15,5,0.0,-1.232416e-06,-1.929797e-09,4958664.0,389.0758280849634,5,922311504.0,ok,0,92,186
vco_current_max,11,15,5,0.05,0.04999499,-1.252455e-09,4958490.0,0.0,5,922279140.0,ok,0,92,186
vco_current_max,11,15,5,0.1,0.09998738,-8.6513e-10,4958096.0,881.0107831349171,5,922205856.0,ok,0,92,186
vco_current_max,11,15,5,0.15,0.1499895,-5.706617e-10,4956914.0,881.0107831349171,5,921986004.0,ok,0,92,186
vco_current_max,11,15,5,0.2,0.1999857,-4.301053e-10,4955864.0,898.2649943084724,5,921790704.0,ok,0,92,186
vco_current_max,11,15,5,0.25,0.2499796,-2.443933e-10,4954488.0,876.5386471799176,5,921534768.0,ok,0,92,186
vco_current_max,11,15,5,0.3,0.2999658,-2.380333e-10,4951744.0,1073.5362127101255,5,921024384.0,ok,0,92,186
vco_current_max,11,15,5,0.35,0.3500027,-1.108348e-10,4947370.0,732.3250644351865,5,920210820.0,ok,0,92,186
vco_current_max,11,15,5,0.4,0.3999878,-5.16875e-11,4938570.0,1068.058987135074,5,918574020.0,ok,0,92,186
vco_current_max,11,15,5,0.45,0.4499788,-2.370398e-11,4907604.0,863.1222393149188,5,912814344.0,ok,0,92,186
vco_current_max,11,15,5,0.5,0.4999772,-2.561185e-11,4759076.0,6242.98246033096,5,885188136.0,ok,0,92,186
vco_current_max,11,15,5,0.55,0.5499713,-2.115999e-11,3563512.0,30934.24429333938,5,662813232.0,ok,0,92,186
vco_current_max,11,15,5,0.6,0.5999661,3.353531e-11,5176626.0,89987.91352176135,5,300244308.0,ok,0,28,58
vco_current_max,11,15,5,0.65,0.6499882,1.060385e-10,5299506.0,78292.6387344302,5,116589132.0,ok,0,10,22
vco_current_max,11,15,5,0.7,0.6999745,1.44198e-10,3034784.6,14448.673184759908,5,66765261.2,ok,0,10,22
vco_current_max,11,15,5,0.75,0.7499782,3.07012e-10,2605308.2,2774.3937535973514,5,57316780.400000006,ok,0,10,22
vco_current_max,11,15,6,0.0,-1.003587e-06,-1.894181e-09,4935450.0,0.0,5,917993700.0,ok,0,92,186
vco_current_max,11,15,6,0.05,0.04999605,-1.158963e-09,4934280.0,1068.058987135074,5,917776080.0,ok,0,92,186
vco_current_max,11,15,6,0.1,0.09998804,-8.632224e-10,4933974.0,1009.8910832362072,5,917719164.0,ok,0,92,186
vco_current_max,11,15,6,0.15,0.1499904,-6.469818e-10,4932870.0,796.5550828411052,5,917513820.0,ok,0,92,186
vco_current_max,11,15,6,0.2,0.1999867,-6.628819e-10,4931940.0,872.066511224918,5,917340840.0,ok,0,92,186
vco_current_max,11,15,6,0.25,0.2499797,-2.66017e-10,4929942.0,898.8993269549154,5,916969212.0,ok,0,92,186
vco_current_max,11,15,6,0.3,0.299965,-3.09901e-10,4926436.0,1062.5817615600222,5,916317096.0,ok,0,92,186
vco_current_max,11,15,6,0.35,0.350002,-2.202255e-10,4921004.0,1062.5817615600222,5,915306744.0,ok,0,92,186
vco_current_max,11,15,6,0.4,0.3999871,-5.295954e-11,4908762.0,1057.1045359849707,5,913029732.0,ok,0,92,186
vco_current_max,11,15,6,0.45,0.4499804,-1.025669e-10,4871980.0,2477.2969139770066,5,906188280.0,ok,0,92,186
vco_current_max,11,15,6,0.5,0.4999769,-9.366304e-11,4686042.0,7483.316109853973,5,871603812.0,ok,0,92,186
vco_current_max,11,15,6,0.55,0.5499716,-1.861597e-11,3356667.2,55670.66935739142,5,624340099.2,ok,0,92,186
vco_current_max,11,15,6,0.6,0.599966,2.59035e-11,5074284.0,75829.96986680134,5,294308472.0,ok,0,28,58
vco_current_max,11,15,6,0.65,0.6499875,1.060385e-10,5243614.0,49890.195229122925,5,115359508.0,ok,0,10,22
vco_current_max,11,15,6,0.7,0.6999753,1.352942e-10,3052307.6,6515.1679410434235,5,67150767.2,ok,0,10,22
vco_current_max,11,15,6,0.75,0.7499785,3.031963e-10,2600837.0,3909.8934768098225,5,57218414.0,ok,0,10,22
vco_current_max,11,15,7,0.0,-3.173627e-07,-1.857929e-09,4955864.0,898.2649943084724,5,911878976.0,ok,0,91,184
vco_current_max,11,15,7,0.05,0.04999616,-1.312876e-09,4955536.0,898.2649943084724,5,911818624.0,ok,0,91,184
vco_current_max,11,15,7,0.1,0.09998771,-9.516267e-10,4954488.0,876.5386471799176,5,911625792.0,ok,0,91,184
vco_current_max,11,15,7,0.15,0.1499887,-6.139099e-10,4953704.0,1073.5362127101255,5,911481536.0,ok,0,91,184
vco_current_max,11,15,7,0.2,0.1999858,-6.215418e-10,4951352.0,876.5386471799176,5,911048768.0,ok,0,91,184
vco_current_max,11,15,7,0.25,0.2499791,-2.539332e-10,4949000.0,0.0,5,910616000.0,ok,0,91,184
vco_current_max,11,15,7,0.3,0.2999643,-3.404291e-10,4945080.0,0.0,5,909894720.0,ok,0,91,184
vco_current_max,11,15,7,0.35,0.3500021,-3.833156e-11,4938570.0,1068.058987135074,5,908696880.0,ok,0,91,184
vco_current_max,11,15,7,0.4,0.3999876,6.21552e-11,4920616.0,1062.5817615600222,5,905393344.0,ok,0,91,184
vco_current_max,11,15,7,0.45,0.4499809,-1.057468e-10,4864902.0,2963.9028324153946,5,895141968.0,ok,0,91,184
vco_current_max,11,15,7,0.5,0.4999757,4.243939e-11,4523958.0,18113.735672135663,5,832408272.0,ok,0,91,184
vco_current_max,11,15,7,0.55,0.5499712,5.007125e-11,2832131.4,29501.580598334047,5,521112177.59999996,ok,0,91,184
vco_current_max,11,15,7,0.6,0.5999659,-3.705974e-11,5208336.0,41880.92023821826,5,229166784.0,ok,0,21,44
vco_current_max,11,15,7,0.65,0.6499865,7.932682e-11,2217783.0,20464.977986794904,5,97582452.0,ok,0,21,44
vco_current_max,11,15,7,0.7,0.6999755,1.340222e-10,5457490.0,19863.330536443278,5,65489880.0,ok,0,5,12
vco_current_max,11,15,7,0.75,0.7499771,3.203674e-10,4773908.0,9279.090472670261,5,57286896.0,ok,0,5,12
vco_current_max,11,15,8,0.0,-1.232343e-06,-1.872557e-09,4927212.0,867.5943752699184,5,916461432.0,ok,0,92,186
vco_current_max,11,15,8,0.05,0.04999582,-1.190127e-09,4925660.0,1371.7871555019021,5,916172760.0,ok,0,92,186
vco_current_max,11,15,8,0.1,0.09998724,-9.039265e-10,4926436.0,1062.5817615600222,5,916317096.0,ok,0,92,186
vco_current_max,11,15,8,0.15,0.149988,-6.304458e-10,4924884.0,1062.5817615600222,5,916028424.0,ok,0,92,186
vco_current_max,11,15,8,0.2,0.1999858,-4.555453e-10,4924108.0,867.5943752699184,5,915884088.0,ok,0,92,186
vco_current_max,11,15,8,0.25,0.2499791,-3.200771e-10,4922944.0,1062.5817615600222,5,915667584.0,ok,0,92,186
vco_current_max,11,15,8,0.3,0.2999642,-2.456652e-10,4921392.0,867.5943752699184,5,915378912.0,ok,0,92,186
vco_current_max,11,15,8,0.35,0.3500017,-4.624051e-12,4918676.0,1062.5817615600222,5,914873736.0,ok,0,92,186
vco_current_max,11,15,8,0.4,0.3999872,9.713477e-11,4911850.0,0.0,5,913604100.0,ok,0,92,186
vco_current_max,11,15,8,0.45,0.44998,1.327503e-10,4888836.0,1046.1500848348674,5,909323496.0,ok,0,92,186
vco_current_max,11,15,8,0.5,0.4999755,-2.624781e-11,4787820.0,6724.533441064889,5,890534520.0,ok,0,92,186
vco_current_max,11,15,8,0.55,0.5499716,-6.50434e-11,3857784.0,37445.399316872026,5,717547824.0,ok,0,92,186
vco_current_max,11,15,8,0.6,0.5999665,-3.769572e-11,5130512.0,87856.70304535676,5,348874816.0,ok,0,33,68
vco_current_max,11,15,8,0.65,0.6499872,7.805481e-11,5148820.0,61249.074686888125,5,133869320.0,ok,0,12,26
vco_current_max,11,15,8,0.7,0.6999748,-1.35281e-11,2652236.8,16191.700627173168,5,68958156.8,ok,0,12,26
vco_current_max,11,15,8,0.75,0.7499771,2.745764e-10,2208667.0,5542.356538513198,5,57425342.0,ok,0,12,26
vco_current_max,11,15,9,0.0,-1.118009e-06,-1.838213e-09,4944296.0,1073.5362127101255,5,909750464.0,ok,0,91,184
vco_current_max,11,15,9,0.05,0.04999556,-1.179315e-09,4943512.0,876.5386471799176,5,909606208.0,ok,0,91,184
vco_current_max,11,15,9,0.1,0.09998842,-9.433581e-10,4942028.0,996.8550546594023,5,909333152.0,ok,0,91,184
vco_current_max,11,15,9,0.15,0.1499892,-7.487421e-10,4942028.0,996.8550546594023,5,909333152.0,ok,0,91,184
vco_current_max,11,15,9,0.2,0.1999862,-4.841655e-10,4940910.0,872.066511224918,5,909127440.0,ok,0,91,184
vco_current_max,11,15,9,0.25,0.2499778,-1.699821e-10,4939740.0,872.066511224918,5,908912160.0,ok,0,91,184
vco_current_max,11,15,9,0.3,0.2999645,-5.80474e-11,4938570.0,1068.058987135074,5,908696880.0,ok,0,91,184
vco_current_max,11,15,9,0.35,0.350001,-4.087572e-11,4933788.0,711.7021849060181,5,907816992.0,ok,0,91,184
vco_current_max,11,15,9,0.4,0.3999879,-1.82702e-10,4923720.0,0.0,5,905964480.0,ok,0,91,184
vco_current_max,11,15,9,0.45,0.4499798,-1.655302e-10,4890242.0,1916.6689855058437,5,899804528.0,ok,0,91,184
vco_current_max,11,15,9,0.5,0.4999762,-1.861591e-11,4723472.0,5338.086735900794,5,869118848.0,ok,0,91,184
vco_current_max,11,15,9,0.55,0.5499712,7.233072e-11,3490453.2,17742.07284113105,5,642243388.8000001,ok,0,91,184
vco_current_max,11,15,9,0.6,0.5999667,1.963495e-10,5178752.0,21514.110950722552,5,300367616.0,ok,0,28,58
vco_current_max,11,15,9,0.65,0.6499878,3.035541e-11,5317516.0,69230.31763613396,5,116985352.0,ok,0,10,22
vco_current_max,11,15,9,0.7,0.699975,2.027092e-10,3047431.6,17553.207422006955,5,67043495.2,ok,0,10,22
vco_current_max,11,15,9,0.75,0.7499779,2.084333e-10,2608851.0,1809.815736477059,5,57394722.0,ok,0,10,22
vco_current_max,11,15,10,0.0,-8.863572e-08,-1.82104e-09,4941274.0,1333.371666115641,5,899311868.0,ok,0,90,182
vco_current_max,11,15,10,0.05,0.04999616,-1.250548e-09,4941300.0,0.0,5,899316600.0,ok,0,90,182
vco_current_max,11,15,10,0.1,0.09998805,-9.878788e-10,4940520.0,1068.058987135074,5,899174640.0,ok,0,90,182
vco_current_max,11,15,10,0.15,0.1499894,-6.91502e-10,4938960.0,872.066511224918,5,898890720.0,ok,0,90,182
vco_current_max,11,15,10,0.2,0.1999857,-4.453694e-10,4937400.0,0.0,5,898606800.0,ok,0,90,182
vco_current_max,11,15,10,0.25,0.2499783,-3.315251e-10,4935450.0,0.0,5,898251900.0,ok,0,90,182
vco_current_max,11,15,10,0.3,0.2999645,-2.316734e-10,4932720.0,1068.058987135074,5,897755040.0,ok,0,90,182
vco_current_max,11,15,10,0.35,0.3500015,-1.197387e-10,4927988.0,1623.1204514761066,5,896893816.0,ok,0,90,182
vco_current_max,11,15,10,0.4,0.3999881,-9.1119e-11,4913780.0,0.0,5,894307960.0,ok,0,90,182
vco_current_max,11,15,10,0.45,0.4499804,-6.567935e-11,4873120.0,1589.6540504147436,5,886907840.0,ok,0,90,182
vco_current_max,11,15,10,0.5,0.4999757,-3.642371e-11,4642606.0,7881.369170391652,5,844954292.0,ok,0,90,182
vco_current_max,11,15,10,0.55,0.5499719,-2.306791e-11,3332170.4,28913.033580030995,5,606455012.8,ok,0,90,182
vco_current_max,11,15,10,0.6,0.5999664,-8.094328e-11,5176356.0,83530.89775645896,5,289875936.0,ok,0,27,56
vco_current_max,11,15,10,0.65,0.6499869,8.250683e-11,5260860.0,109714.98347992402,5,115738920.0,ok,0,10,22
vco_current_max,11,15,10,0.7,0.6999754,2.844749e-11,3055481.2,21522.03958039293,5,67220586.4,ok,0,10,22
vco_current_max,11,15,10,0.75,0.749978,2.853882e-10,2605644.8,5289.393462392451,5,57324185.599999994,ok,0,10,22
vco_current_max,11,15,11,0.0,2.575689e-08,-2.034101e-09,4962430.0,0.0,5,883312540.0,ok,0,88,178
vco_current_max,11,15,11,0.05,0.04999637,-1.283619e-09,4961248.0,1079.0134382851772,5,883102144.0,ok,0,88,178
vco_current_max,11,15,11,0.1,0.09998782,-8.918425e-10,4960854.0,881.0107831349171,5,883032012.0,ok,0,88,178
vco_current_max,11,15,11,0.15,0.1499882,-6.374418e-10,4959278.0,1079.0134382851772,5,882751484.0,ok,0,88,178
vco_current_max,11,15,11,0.2,0.1999866,-2.75557e-10,4958096.0,881.0107831349171,5,882541088.0,ok,0,88,178
vco_current_max,11,15,11,0.25,0.2499785,-2.74921e-10,4956192.0,733.430296619931,5,882202176.0,ok,0,88,178
vco_current_max,11,15,11,0.3,0.2999637,-1.502663e-10,4951352.0,876.5386471799176,5,881340656.0,ok,0,88,178
vco_current_max,11,15,11,0.35,0.3500016,-5.741144e-11,4943904.0,1073.5362127101255,5,880014912.0,ok,0,88,178
vco_current_max,11,15,11,0.4,0.3999868,-1.509024e-10,4923720.0,0.0,5,876422160.0,ok,0,88,178
vco_current_max,11,15,11,0.45,0.4499804,1.670937e-10,4842304.0,2937.835938237532,5,861930112.0,ok,0,88,178
vco_current_max,11,15,11,0.5,0.4999764,-1.861591e-11,4342148.0,24602.82646364031,5,772902344.0,ok,0,88,178
vco_current_max,11,15,11,0.55,0.5499716,8.314285e-11,2767873.4,55046.06352683178,5,492681465.2,ok,0,88,178
vco_current_max,11,15,11,0.6,0.5999663,8.568665e-11,5229270.0,45555.2796062103,5,230087880.0,ok,0,21,44
vco_current_max,11,15,11,0.65,0.6499876,1.099704e-12,2237976.6,38305.29651105706,5,98470970.4,ok,0,21,44
vco_current_max,11,15,11,0.7,0.6999761,5.897519e-11,5445920.0,23142.476099155854,5,65351040.0,ok,0,5,12
vco_current_max,11,15,11,0.75,0.7499775,3.178239e-10,4779082.0,10902.697831270938,5,57348984.0,ok,0,5,12
vco_current_max,11,15,12,0.0,-4.317553e-07,-1.935521e-09,4944688.0,1639.853652006788,5,860375712.0,ok,0,86,174
vco_current_max,11,15,12,0.05,0.04999578,-1.022222e-09,4945080.0,1385.9292911256332,5,860443920.0,ok,0,86,174
vco_current_max,11,15,12,0.1,0.09998719,-8.466861e-10,4944688.0,876.5386471799176,5,860375712.0,ok,0,86,174
vco_current_max,11,15,12,0.15,0.1499879,-7.245739e-10,4942758.0,2085.6222093178812,5,860039892.0,ok,0,86,174
vco_current_max,11,15,12,0.2,0.1999858,-4.237453e-10,4942394.0,2163.9963031391712,5,859976556.0,ok,0,86,174
vco_current_max,11,15,12,0.25,0.2499791,-3.588732e-10,4942758.0,2085.6222093178812,5,860039892.0,ok,0,86,174
vco_current_max,11,15,12,0.3,0.299964,-1.966938e-10,4940130.0,1068.058987135074,5,859582620.0,ok,0,86,174
vco_current_max,11,15,12,0.35,0.3500022,-6.631533e-11,4934364.0,1148.1419772832976,5,858579336.0,ok,0,86,174
vco_current_max,11,15,12,0.4,0.3999859,-5.232358e-11,4919020.0,1649.7878651511533,5,855909480.0,ok,0,86,174
vco_current_max,11,15,12,0.45,0.4499804,-9.366302e-11,4860972.0,2383.0379770368745,5,845809128.0,ok,0,86,174
vco_current_max,11,15,12,0.5,0.4999755,-3.578776e-11,4520538.0,12398.29706048375,5,786573612.0,ok,0,86,174
vco_current_max,11,15,12,0.55,0.549971,-1.543604e-11,3248029.6,27164.46986046295,5,565157150.4,ok,0,86,174
vco_current_max,11,15,12,0.6,0.5999662,8.950271e-11,5039624.0,77550.60979773145,5,282218944.0,ok,0,27,56
vco_current_max,11,15,12,0.65,0.6499874,2.371631e-12,5249734.0,37045.03178565245,5,115494148.0,ok,0,10,22
vco_current_max,11,15,12,0.7,0.6999751,-9.076184e-12,3037096.8,16973.88051389546,5,66816129.599999994,ok,0,10,22
vco_current_max,11,15,12,0.75,0.7499774,1.709096e-10,2603808.8,3771.92586088327,5,57283793.599999994,ok,0,10,22
vco_current_max,11,15,13,0.0,-1.00366e-06,-1.62706e-09,4969510.0,2403.4142381204288,5,795121600.0,ok,0,79,160
vco_current_max,11,15,13,0.05,0.04999476,-1.123347e-09,4968428.0,2343.004481429773,5,794948480.0,ok,0,79,160
vco_current_max,11,15,13,0.1,0.09998733,-8.161581e-10,4969114.0,2076.8196840361466,5,795058240.0,ok,0,79,160
vco_current_max,11,15,13,0.15,0.1499886,-5.051534e-10,4968036.0,3416.2084245549186,5,794885760.0,ok,0,79,160
vco_current_max,11,15,13,0.2,0.1999854,-3.932172e-10,4967348.0,2759.940216743834,5,794775680.0,ok,0,79,160
vco_current_max,11,15,13,0.25,0.2499792,-1.928779e-10,4965480.0,3116.552582582235,5,794476800.0,ok,0,79,160
vco_current_max,11,15,13,0.3,0.2999644,-4.231093e-10,4963218.0,4085.078946605561,5,794114880.0,ok,0,79,160
vco_current_max,11,15,13,0.35,0.3500022,-1.451784e-10,4949392.0,3770.1352760875834,5,791902720.0,ok,0,79,160
vco_current_max,11,15,13,0.4,0.3999873,-5.35955e-11,4916588.0,2330.4227084372483,5,786654080.0,ok,0,79,160
vco_current_max,11,15,13,0.45,0.4499794,-1.267347e-10,4757130.0,10727.991424306789,5,761140800.0,ok,0,79,160
vco_current_max,11,15,13,0.5,0.4999766,-6.758737e-11,4139778.0,21533.37340037552,5,662364480.0,ok,0,79,160
vco_current_max,11,15,13,0.55,0.5499718,-3.260781e-11,2809207.0,40096.16853890157,5,449473120.0,ok,0,79,160
vco_current_max,11,15,13,0.6,0.5999659,-6.567952e-11,5015776.0,62230.747062846676,5,220694144.0,ok,0,21,44
vco_current_max,11,15,13,0.65,0.6499868,-1.750701e-10,2196491.0,37902.58974001645,5,96645604.0,ok,0,21,44
vco_current_max,11,15,13,0.7,0.6999748,-3.069986e-11,5420526.0,23782.22613633972,5,65046312.0,ok,0,5,12
vco_current_max,11,15,13,0.75,0.7499768,1.550098e-10,4768730.0,8133.431010342437,5,57224760.0,ok,0,5,12
vco_current_max,11,15,14,0.0,-8.860661e-08,-1.646776e-09,5011926.0,4752.96013027671,5,611454972.0,ok,0,60,122
vco_current_max,11,15,14,0.05,0.04999603,-1.085823e-09,5014264.0,4688.910321172713,5,611740208.0,ok,0,60,122
vco_current_max,11,15,14,0.1,0.09998691,-7.958058e-10,5007936.0,3301.7313639967742,5,610968192.0,ok,0,60,122
vco_current_max,11,15,14,0.15,0.1499892,-5.363175e-10,5008710.0,3956.020727953786,5,611062620.0,ok,0,60,122
vco_current_max,11,15,14,0.2,0.1999853,-2.997251e-10,5011806.0,3947.046997439985,5,611440332.0,ok,0,60,122
vco_current_max,11,15,14,0.25,0.2499789,-2.564771e-10,5011524.0,4512.153587811479,5,611405928.0,ok,0,60,122
vco_current_max,11,15,14,0.3,0.2999642,-2.412133e-10,5002184.0,5378.594611978114,5,610266448.0,ok,0,60,122
vco_current_max,11,15,14,0.35,0.3500014,-1.489944e-10,4980224.0,9025.365920559676,5,607587328.0,ok,0,60,122
vco_current_max,11,15,14,0.4,0.3999872,-7.013129e-11,4931074.0,9164.65656748795,5,601591028.0,ok,0,60,122
vco_current_max,11,15,14,0.45,0.4499803,6.724302e-11,4788716.0,7224.574727968422,5,584223352.0,ok,0,60,122
vco_current_max,11,15,14,0.5,0.4999764,3.544345e-11,4349086.0,7862.072245915831,5,530588492.0,ok,0,60,122
vco_current_max,11,15,14,0.55,0.5499715,-7.458327e-11,3234129.8,32056.991284273703,5,394563835.59999996,ok,0,60,122
vco_current_max,11,15,14,0.6,0.5999663,-4.023977e-11,5051184.0,79735.08311903864,5,212149728.0,ok,0,20,42
vco_current_max,11,15,14,0.65,0.649988,-1.280067e-10,2305902.4,19949.87971893565,5,96847900.8,ok,0,20,42
vco_current_max,11,15,14,0.7,0.6999747,1.893534e-10,5442638.0,20549.859366915385,5,65311656.0,ok,0,5,12
vco_current_max,11,15,14,0.75,0.7499772,4.68554e-10,4776786.0,22040.823033634657,5,57321432.0,ok,0,5,12
vco_current_max,11,15,15,0.0,-1.232358e-06,-1.838849e-09,5031136.0,3957.0228707956694,5,321992704.0,ok,0,31,64
vco_current_max,11,15,15,0.05,0.04999557,-1.146879e-09,5024922.0,7626.632284304784,5,321595008.0,ok,0,31,64
vco_current_max,11,15,15,0.1,0.09998703,-9.955108e-10,5029212.0,3324.3525685462423,5,321869568.0,ok,0,31,64
vco_current_max,11,15,15,0.15,0.1499888,-3.894013e-10,5026202.0,5324.0792631214645,5,321676928.0,ok,0,31,64
vco_current_max,11,15,15,0.2,0.1999862,-3.404291e-10,5021288.0,7894.863520036302,5,321362432.0,ok,0,31,64
vco_current_max,11,15,15,0.25,0.2499783,-1.152867e-10,5009550.0,6964.621310595429,5,320611200.0,ok,0,31,64
vco_current_max,11,15,15,0.3,0.2999645,-2.399413e-10,4980076.0,5988.608352530661,5,318724864.0,ok,0,31,64
vco_current_max,11,15,15,0.35,0.3500011,-1.299146e-10,4939328.0,4928.455133203507,5,316116992.0,ok,0,31,64
vco_current_max,11,15,15,0.4,0.3999867,-2.815587e-11,4883818.0,5131.103195220303,5,312564352.0,ok,0,31,64
vco_current_max,11,15,15,0.45,0.44998,-1.797992e-11,4761364.0,5149.027092568071,5,304727296.0,ok,0,31,64
vco_current_max,11,15,15,0.5,0.4999777,7.869078e-11,4426412.0,7368.308489741727,5,283290368.0,ok,0,31,64
vco_current_max,11,15,15,0.55,0.5499709,7.678286e-11,3533503.0,12925.425292809517,5,226144192.0,ok,0,31,64
vco_current_max,11,15,15,0.6,0.5999658,1.314781e-10,2151200.8,15074.222424390586,5,137676851.2,ok,0,31,64
vco_current_max,11,15,15,0.65,0.6499884,2.590347e-11,5123094.0,37375.33384466285,5,81969504.0,ok,0,7,16
vco_current_max,11,15,15,0.7,0.6999747,1.569177e-10,3931000.0,8972.014823884321,5,62896000.0,ok,0,7,16
vco_current_max,11,15,15,0.75,0.7499768,3.954148e-10,3568685.8,6439.162072816618,5,57098972.8,ok,0,7,16
vco_current_min,11,0,0,0.0,-2.030138e-07,-2.082437e-09,4954880.0,0.0,5,941427200.0,ok,0,94,190
vco_current_min,11,0,0,0.05,0.04999637,-1.447072e-09,4954880.0,0.0,5,941427200.0,ok,0,94,190
vco_current_min,11,0,0,0.1,0.09998805,-1.066107e-09,4954880.0,0.0,5,941427200.0,ok,0,94,190
vco_current_min,11,0,0,0.15,0.1499888,-7.926261e-10,4954096.0,1073.5362127101255,5,941278240.0,ok,0,94,190
vco_current_min,11,0,0,0.2,0.1999862,-4.911613e-10,4954488.0,876.5386471799176,5,941352720.0,ok,0,94,190
vco_current_min,11,0,0,0.25,0.2499788,-1.78886e-10,4954880.0,0.0,5,941427200.0,ok,0,94,190
vco_current_min,11,0,0,0.3,0.2999636,-5.295951e-11,4953312.0,876.5386471799176,5,941129280.0,ok,0,94,190
vco_current_min,11,0,0,0.35,0.3500014,8.123482e-11,4951744.0,1073.5362127101255,5,940831360.0,ok,0,94,190
vco_current_min,11,0,0,0.4,0.399986,1.015866e-10,4950960.0,1385.9292911256332,5,940682400.0,ok,0,94,190
vco_current_min,11,0,0,0.45,0.4499798,-3.455171e-10,4946324.0,987.7651542750433,5,939801560.0,ok,0,94,190
vco_current_min,11,0,0,0.5,0.4999763,2.726685e-10,4933668.0,815.4262688925345,5,937396920.0,ok,0,94,190
vco_current_min,11,0,0,0.55,0.5499716,1.441981e-10,4896960.0,876.3560920082658,5,930422400.0,ok,0,94,190
vco_current_min,11,0,0,0.6,0.5999653,-1.543601e-11,4850400.0,0.0,5,921576000.0,ok,0,94,190
vco_current_min,11,0,0,0.65,0.6499876,-2.456653e-10,4827684.0,898.2649943084724,5,917259960.0,ok,0,94,190
vco_current_min,11,0,0,0.7,0.6999745,1.931694e-10,4822980.0,0.0,5,916366200.0,ok,0,94,190
vco_current_min,11,0,0,0.75,0.7499775,1.995292e-10,4821864.0,1018.763956959609,5,916154160.0,ok,0,94,190
vco_current_min,11,1,0,0.0,-1.00366e-06,-2.102153e-09,4955208.0,733.430296619931,5,941489520.0,ok,0,94,190
vco_current_min,11,1,0,0.05,0.04999638,-1.532296e-09,4954880.0,0.0,5,941427200.0,ok,0,94,190
vco_current_min,11,1,0,0.1,0.09998722,-6.813259e-10,4954096.0,1073.5362127101255,5,941278240.0,ok,0,94,190
vco_current_min,11,1,0,0.15,0.1499883,-6.183616e-10,4954096.0,1073.5362127101255,5,941278240.0,ok,0,94,190
vco_current_min,11,1,0,0.2,0.1999842,-4.148412e-10,4954096.0,1073.5362127101255,5,941278240.0,ok,0,94,190
vco_current_min,11,1,0,0.25,0.2499793,-1.890619e-10,4952920.0,0.0,5,941054800.0,ok,0,94,190
vco_current_min,11,1,0,0.3,0.2999645,-1.80158e-10,4952920.0,1385.9292911256332,5,941054800.0,ok,0,94,190
vco_current_min,11,1,0,0.35,0.3500012,-2.69197e-10,4952920.0,0.0,5,941054800.0,ok,0,94,190
vco_current_min,11,1,0,0.4,0.3999873,-1.928779e-10,4950568.0,876.5386471799176,5,940607920.0,ok,0,94,190
vco_current_min,11,1,0,0.45,0.4499799,-1.744341e-10,4945472.0,876.5386471799176,5,939639680.0,ok,0,94,190
vco_current_min,11,1,0,0.5,0.4999758,2.109773e-10,4932720.0,1068.058987135074,5,937216800.0,ok,0,94,190
vco_current_min,11,1,0,0.55,0.5499707,-5.804754e-11,4896000.0,1131.370849898476,5,930240000.0,ok,0,94,190
vco_current_min,11,1,0,0.6,0.5999659,4.816314e-11,4847016.0,1572.9208498840621,5,920933040.0,ok,0,94,190
vco_current_min,11,1,0,0.65,0.6499872,-1.00023e-10,4824468.0,831.8172876299218,5,916648920.0,ok,0,94,190
vco_current_min,11,1,0,0.7,0.6999737,2.306924e-10,4818826.0,808.3810982451284,5,915576940.0,ok,0,94,190
vco_current_min,11,1,0,0.75,0.7499768,8.059881e-11,4818516.0,1018.763956959609,5,915518040.0,ok,0,94,190
vco_current_min,11,2,0,0.0,-1.232358e-06,-1.837577e-09,4952136.0,1073.5362127101255,5,940905840.0,ok,0,94,190
vco_current_min,11,2,0,0.05,0.04999625,-9.662545e-10,4951744.0,1073.5362127101255,5,940831360.0,ok,0,94,190
vco_current_min,11,2,0,0.1,0.09998664,-7.124899e-10,4952920.0,0.0,5,941054800.0,ok,0,94,190
vco_current_min,11,2,0,0.15,0.1499888,-8.365104e-10,4952136.0,1073.5362127101255,5,940905840.0,ok,0,94,190
vco_current_min,11,2,0,0.2,0.1999864,-6.285377e-10,4952528.0,876.5386471799176,5,940980320.0,ok,0,94,190
vco_current_min,11,2,0,0.25,0.2499792,-4.650853e-10,4951352.0,876.5386471799176,5,940756880.0,ok,0,94,190
vco_current_min,11,2,0,0.3,0.2999648,-3.11173e-10,4950568.0,876.5386471799176,5,940607920.0,ok,0,94,190
vco_current_min,11,2,0,0.35,0.350002,-3.451572e-11,4949392.0,876.5386471799176,5,940384480.0,ok,0,94,190
vco_current_min,11,2,0,0.4,0.3999874,-2.98453e-10,4947824.0,1073.5362127101255,5,940086560.0,ok,0,94,190
vco_current_min,11,2,0,0.45,0.4499808,8.187087e-11,4943512.0,876.5386471799176,5,939267280.0,ok,0,94,190
vco_current_min,11,2,0,0.5,0.4999768,-5.260181e-12,4928764.0,1062.5817615600222,5,936465160.0,ok,0,94,190
vco_current_min,11,2,0,0.55,0.5499713,1.416541e-10,4887308.0,1598.0206506800844,5,928588520.0,ok,0,94,190
vco_current_min,11,2,0,0.6,0.599966,3.10828e-10,4832454.0,1564.5542496187213,5,918166260.0,ok,0,94,190
vco_current_min,11,2,0,0.65,0.6499871,-3.804971e-10,4805560.0,1013.2867313845574,5,913056400.0,ok,0,94,190
vco_current_min,11,2,0,0.7,0.6999745,-1.540825e-10,4800192.0,822.8730157199226,5,912036480.0,ok,0,94,190
vco_current_min,11,2,0,0.75,0.7499768,8.759463e-11,4799456.0,1007.8095058095056,5,911896640.0,ok,0,94,190
vco_current_min,11,3,0,0.0,-1.346853e-06,-2.202641e-09,4952136.0,1073.5362127101255,5,940905840.0,ok,0,94,190
vco_current_min,11,3,0,0.05,0.04999648,-7.989861e-10,4951352.0,876.5386471799176,5,940756880.0,ok,0,94,190
vco_current_min,11,3,0,0.1,0.09998778,-7.226659e-10,4951352.0,876.5386471799176,5,940756880.0,ok,0,94,190
vco_current_min,11,3,0,0.15,0.1499885,-5.299574e-10,4951744.0,1073.5362127101255,5,940831360.0,ok,0,94,190
vco_current_min,11,3,0,0.2,0.1999859,-5.547615e-10,4950960.0,0.0,5,940682400.0,ok,0,94,190
vco_current_min,11,3,0,0.25,0.2499784,-3.531491e-10,4951352.0,876.5386471799176,5,940756880.0,ok,0,94,190
vco_current_min,11,3,0,0.3,0.2999628,-1.229187e-10,4950176.0,1073.5362127101255,5,940533440.0,ok,0,94,190
vco_current_min,11,3,0,0.35,0.3500014,1.015866e-10,4949392.0,876.5386471799176,5,940384480.0,ok,0,94,190
vco_current_min,11,3,0,0.4,0.3999859,-1.400905e-10,4947434.0,875.4313222634886,5,940012460.0,ok,0,94,190
vco_current_min,11,3,0,0.45,0.4499794,-2.87641e-10,4942756.0,813.9287438099235,5,939123640.0,ok,0,94,190
vco_current_min,11,3,0,0.5,0.4999758,1.327503e-10,4927988.0,867.5943752699184,5,936317720.0,ok,0,94,190
vco_current_min,11,3,0,0.55,0.54997,-1.502665e-10,4885016.0,1046.1500848348674,5,928153040.0,ok,0,94,190
vco_current_min,11,3,0,0.6,0.5999665,1.48014e-10,4829088.0,1024.2411825346605,5,917526720.0,ok,0,94,190
vco_current_min,11,3,0,0.65,0.6499864,-1.763422e-10,4800968.0,912.3157348199142,5,912183920.0,ok,0,94,190
vco_current_min,11,3,0,0.7,0.6999736,1.359299e-10,4794362.0,934.034260613603,5,910928780.0,ok,0,94,190
vco_current_min,11,3,0,0.75,0.7499766,2.17973e-10,4793936.0,1007.8095058095056,5,910847840.0,ok,0,94,190
vco_current_min,11,4,0,0.0,-8.893694e-07,-2.016928e-09,4950176.0,1073.5362127101255,5,940533440.0,ok,0,94,190
vco_current_min,11,4,0,0.05,0.04999522,-1.428627e-09,4950568.0,876.5386471799176,5,940607920.0,ok,0,94,190
vco_current_min,11,4,0,0.1,0.0999872,-7.926261e-10,4949784.0,1073.5362127101255,5,940458960.0,ok,0,94,190
vco_current_min,11,4,0,0.15,0.1499886,-7.633699e-10,4950176.0,1073.5362127101255,5,940533440.0,ok,0,94,190
vco_current_min,11,4,0,0.2,0.1999853,-5.859255e-10,4949000.0,0.0,5,940310000.0,ok,0,94,190
vco_current_min,11,4,0,0.25,0.2499787,-1.502663e-10,4949392.0,876.5386471799176,5,940384480.0,ok,0,94,190
vco_current_min,11,4,0,0.3,0.299964,-2.316734e-10,4949000.0,0.0,5,940310000.0,ok,0,94,190
vco_current_min,11,4,0,0.35,0.3500009,2.335948e-11,4946718.0,725.6169788531688,5,939876420.0,ok,0,94,190
vco_current_min,11,4,0,0.4,0.3999869,-3.563291e-10,4945080.0,0.0,5,939565200.0,ok,0,94,190
vco_current_min,11,4,0,0.45,0.4499798,1.104903e-10,4940130.0,1068.058987135074,5,938624700.0,ok,0,94,190
vco_current_min,11,4,0,0.5,0.4999762,-1.458144e-10,4924496.0,1062.5817615600222,5,935654240.0,ok,0,94,190
vco_current_min,11,4,0,0.55,0.5499727,1.829938e-10,4877972.0,375.65942021996466,5,926814680.0,ok,0,94,190
vco_current_min,11,4,0,0.6,0.5999659,-1.330946e-10,4813330.0,827.3451516749221,5,914532700.0,ok,0,94,190
vco_current_min,11,4,0,0.65,0.6499872,-1.744341e-10,4781058.0,1002.332280234454,5,908401020.0,ok,0,94,190
vco_current_min,11,4,0,0.7,0.6999751,2.707603e-10,4772040.0,1286.9343417595164,5,906687600.0,ok,0,94,190
vco_current_min,11,4,0,0.75,0.7499768,2.077972e-10,4771888.0,635.8616201658974,5,906658720.0,ok,0,94,190
vco_current_min,11,5,0,0.0,-5.461188e-07,-1.833761e-09,4949784.0,1073.5362127101255,5,940458960.0,ok,0,94,190
vco_current_min,11,5,0,0.05,0.04999614,-1.424176e-09,4950176.0,1073.5362127101255,5,940533440.0,ok,0,94,190
vco_current_min,11,5,0,0.1,0.09998732,-8.912062e-10,4949392.0,876.5386471799176,5,940384480.0,ok,0,94,190
vco_current_min,11,5,0,0.15,0.1499893,-6.539779e-10,4948608.0,876.5386471799176,5,940235520.0,ok,0,94,190
vco_current_min,11,5,0,0.2,0.1999854,-5.770217e-10,4948608.0,876.5386471799176,5,940235520.0,ok,0,94,190
vco_current_min,11,5,0,0.25,0.2499792,-3.645972e-10,4947824.0,1073.5362127101255,5,940086560.0,ok,0,94,190
vco_current_min,11,5,0,0.3,0.2999643,-1.78886e-10,4947046.0,5.477225575051661,5,939938740.0,ok,0,94,190
vco_current_min,11,5,0,0.35,0.3500022,-2.85733e-10,4946650.0,877.6673629570602,5,939863500.0,ok,0,94,190
vco_current_min,11,5,0,0.4,0.3999869,-1.585343e-10,4944296.0,1073.5362127101255,5,939416240.0,ok,0,94,190
vco_current_min,11,5,0,0.45,0.4499804,5.134321e-11,4939740.0,872.066511224918,5,938550600.0,ok,0,94,190
vco_current_min,11,5,0,0.5,0.4999757,1.162143e-10,4924108.0,867.5943752699184,5,935580520.0,ok,0,94,190
vco_current_min,11,5,0,0.55,0.5499713,1.066746e-10,4877258.0,1967.1858071875163,5,926679020.0,ok,0,94,190
vco_current_min,11,5,0,0.6,0.5999655,-5.35956e-11,4808890.0,1013.2867313845574,5,913689100.0,ok,0,94,190
vco_current_min,11,5,0,0.65,0.6499878,1.238462e-10,4774348.0,1091.2011730198974,5,907126120.0,ok,0,94,190
vco_current_min,11,5,0,0.7,0.699976,3.140078e-10,4766944.0,813.9287438099235,5,905719360.0,ok,0,94,190
vco_current_min,11,5,0,0.75,0.7499775,3.241836e-10,4765488.0,996.8550546594023,5,905442720.0,ok,0,94,190
vco_current_min,11,6,0,0.0,-7.749186e-07,-2.023925e-09,4947434.0,875.4313222634886,5,940012460.0,ok,0,94,190
vco_current_min,11,6,0,0.05,0.04999637,-1.383472e-09,4947436.0,874.3168761953528,5,940012840.0,ok,0,94,190
vco_current_min,11,6,0,0.1,0.09998769,-9.045624e-10,4947046.0,5.477225575051661,5,939938740.0,ok,0,94,190
vco_current_min,11,6,0,0.15,0.149989,-5.305936e-10,4947432.0,876.5386471799176,5,940012080.0,ok,0,94,190
vco_current_min,11,6,0,0.2,0.1999865,-4.472773e-10,4946392.0,887.3105431583691,5,939814480.0,ok,0,94,190
vco_current_min,11,6,0,0.25,0.2499791,-4.460053e-10,4946258.0,1075.3697038693251,5,939789020.0,ok,0,94,190
vco_current_min,11,6,0,0.3,0.2999647,8.377907e-11,4945080.0,0.0,5,939565200.0,ok,0,94,190
vco_current_min,11,6,0,0.35,0.3500005,-1.693462e-10,4943904.0,1073.5362127101255,5,939341760.0,ok,0,94,190
vco_current_min,11,6,0,0.4,0.399987,-1.553543e-10,4942392.0,996.8550546594023,5,939054480.0,ok,0,94,190
vco_current_min,11,6,0,0.45,0.4499796,-4.214763e-11,4937010.0,1631.4870517414474,5,938031900.0,ok,0,94,190
vco_current_min,11,6,0,0.5,0.4999753,-1.318226e-10,4919064.0,1062.5817615600222,5,934622160.0,ok,0,94,190
vco_current_min,11,6,0,0.55,0.549971,7.360301e-11,4865070.0,1731.7043627594173,5,924363300.0,ok,0,94,190
vco_current_min,11,6,0,0.6,0.5999667,8.695875e-11,4787362.0,1443.3364126218114,5,909598780.0,ok,0,94,190
vco_current_min,11,6,0,0.65,0.649988,-1.248267e-10,4748608.0,1138.560494659814,5,902235520.0,ok,0,94,190
vco_current_min,11,6,0,0.7,0.6999744,1.270261e-10,4737240.0,1505.988047761336,5,900075600.0,ok,0,94,190
vco_current_min,11,6,0,0.75,0.7499771,1.41018e-10,4736160.0,804.9844718999243,5,899870400.0,ok,0,94,190
vco_current_min,11,7,0,0.0,-1.232373e-06,-1.926617e-09,4946256.0,1073.5362127101255,5,939788640.0,ok,0,94,190
vco_current_min,11,7,0,0.05,0.04999557,-1.319235e-09,4947044.0,5.477225575051661,5,939938360.0,ok,0,94,190
vco_current_min,11,7,0,0.1,0.09998725,-8.854826e-10,4946650.0,877.6673629570602,5,939863500.0,ok,0,94,190
vco_current_min,11,7,0,0.15,0.1499892,-5.865617e-10,4945472.0,876.5386471799176,5,939639680.0,ok,0,94,190
vco_current_min,11,7,0,0.2,0.1999863,-4.161133e-10,4945540.0,851.3518661517105,5,939652600.0,ok,0,94,190
vco_current_min,11,7,0,0.25,0.2499787,-1.79522e-10,4945080.0,0.0,5,939565200.0,ok,0,94,190
vco_current_min,11,7,0,0.3,0.2999648,-1.305505e-10,4945080.0,0.0,5,939565200.0,ok,0,94,190
vco_current_min,11,7,0,0.35,0.3500021,-2.024178e-10,4943512.0,876.5386471799176,5,939267280.0,ok,0,94,190
vco_current_min,11,7,0,0.4,0.3999874,-1.114708e-10,4942028.0,996.8550546594023,5,938985320.0,ok,0,94,190
vco_current_min,11,7,0,0.45,0.4499813,-1.161998e-11,4935840.0,1631.4870517414474,5,937809600.0,ok,0,94,190
vco_current_min,11,7,0,0.5,0.4999751,-7.140331e-11,4917850.0,1461.7797371697284,5,934391500.0,ok,0,94,190
vco_current_min,11,7,0,0.55,0.5499715,2.145159e-11,4863726.0,1035.195633684764,5,924107940.0,ok,0,94,190
vco_current_min,11,7,0,0.6,0.5999646,4.915485e-12,4782156.0,818.400879764923,5,908609640.0,ok,0,94,190
vco_current_min,11,7,0,0.65,0.6499869,3.480732e-11,4738680.0,985.900603509299,5,900349200.0,ok,0,94,190
vco_current_min,11,7,0,0.7,0.6999753,4.279799e-12,4729896.0,980.4233779342474,5,898680240.0,ok,0,94,190
vco_current_min,11,7,0,0.75,0.7499768,3.070119e-10,4729180.0,0.0,5,898544200.0,ok,0,94,190
vco_current_min,11,8,0,0.0,-5.461188e-07,-1.903721e-09,4931148.0,898.8993269549154,5,936918120.0,ok,0,94,190
vco_current_min,11,8,0,0.05,0.04999568,-1.056567e-09,4930746.0,1100.9223405853838,5,936841740.0,ok,0,94,190
vco_current_min,11,8,0,0.1,0.09998733,-6.895939e-10,4930344.0,1100.9223405853838,5,936765360.0,ok,0,94,190
vco_current_min,11,8,0,0.15,0.1499885,-4.943415e-10,4929942.0,898.8993269549154,5,936688980.0,ok,0,94,190
vco_current_min,11,8,0,0.2,0.199985,-6.730577e-10,4929554.0,1396.6674622113883,5,936615260.0,ok,0,94,190
vco_current_min,11,8,0,0.25,0.2499784,-4.758974e-10,4929540.0,0.0,5,936612600.0,ok,0,94,190
vco_current_min,11,8,0,0.3,0.299963,-4.453693e-10,4927988.0,867.5943752699184,5,936317720.0,ok,0,94,190
vco_current_min,11,8,0,0.35,0.3500016,-4.040292e-10,4926824.0,1062.5817615600222,5,936096560.0,ok,0,94,190
vco_current_min,11,8,0,0.4,0.3999865,-2.99725e-10,4922944.0,1062.5817615600222,5,935359360.0,ok,0,94,190
vco_current_min,11,8,0,0.45,0.44998,-2.081417e-10,4913008.0,1057.1045359849707,5,933471520.0,ok,0,94,190
vco_current_min,11,8,0,0.5,0.4999761,6.597103e-11,4879536.0,1372.745424323097,5,927111840.0,ok,0,94,190
vco_current_min,11,8,0,0.55,0.5499712,1.829937e-10,4735066.0,8044.751705304521,5,899662540.0,ok,0,94,190
vco_current_min,11,8,0,0.6,0.599966,2.147932e-10,4123212.0,7645.176256960986,5,783410280.0,ok,0,94,190
vco_current_min,11,8,0,0.65,0.6499878,2.408686e-10,3579866.0,6778.678337257197,5,680174540.0,ok,0,94,190
vco_current_min,11,8,0,0.7,0.6999744,-1.623503e-10,3459099.6,1799.8122957686448,5,657228924.0,ok,0,94,190
vco_current_min,11,8,0,0.75,0.7499759,3.884184e-10,3432262.4,5838.06023435867,5,652129856.0,ok,0,94,190
vco_current_min,11,9,0,0.0,-1.57555e-06,-2.113601e-09,4929942.0,898.8993269549154,5,936688980.0,ok,0,94,190
vco_current_min,11,9,0,0.05,0.04999511,-1.386015e-09,4929152.0,867.5943752699184,5,936538880.0,ok,0,94,190
vco_current_min,11,9,0,0.1,0.09998804,-8.021662e-10,4929152.0,867.5943752699184,5,936538880.0,ok,0,94,190
vco_current_min,11,9,0,0.15,0.1499883,-4.294693e-10,4929540.0,0.0,5,936612600.0,ok,0,94,190
vco_current_min,11,9,0,0.2,0.1999854,-7.620981e-10,4928764.0,1062.5817615600222,5,936465160.0,ok,0,94,190
vco_current_min,11,9,0,0.25,0.24998,-1.274079e-09,4927600.0,0.0,5,936244000.0,ok,0,94,190
vco_current_min,11,9,0,0.3,0.2999636,-9.493499e-11,4927212.0,867.5943752699184,5,936170280.0,ok,0,94,190
vco_current_min,11,9,0,0.35,0.3500017,-2.412133e-10,4925660.0,0.0,5,935875400.0,ok,0,94,190
vco_current_min,11,9,0,0.4,0.399988,-2.049617e-10,4922168.0,867.5943752699184,5,935211920.0,ok,0,94,190
vco_current_min,11,9,0,0.45,0.4499794,7.0423e-11,4912622.0,1057.1045359849707,5,933398180.0,ok,0,94,190
vco_current_min,11,9,0,0.5,0.4999761,-9.429897e-11,4876708.0,1242.304310545528,5,926574520.0,ok,0,94,190
vco_current_min,11,9,0,0.55,0.5499724,-1.76978e-10,4719154.0,5855.593906684445,5,896639260.0,ok,0,94,190
vco_current_min,11,9,0,0.6,0.5999657,1.842655e-10,4050440.0,12968.731626493009,5,769583600.0,ok,0,94,190
vco_current_min,11,9,0,0.65,0.6499882,1.499221e-10,3473701.0,1489.22127301486,5,660003190.0,ok,0,94,190
vco_current_min,11,9,0,0.7,0.6999738,1.054303e-09,3343976.8,3160.760936863147,5,635355592.0,ok,0,94,190
vco_current_min,11,9,0,0.75,0.7499762,4.434711e-11,3322561.4,4271.540389601859,5,631286666.0,ok,0,94,190
vco_current_min,11,10,0,0.0,-4.318135e-07,-1.641688e-09,4926048.0,867.5943752699184,5,935949120.0,ok,0,94,190
vco_current_min,11,10,0,0.05,0.04999557,-1.099815e-09,4926048.0,867.5943752699184,5,935949120.0,ok,0,94,190
vco_current_min,11,10,0,0.1,0.09998766,-1.095363e-09,4924884.0,1062.5817615600222,5,935727960.0,ok,0,94,190
vco_current_min,11,10,0,0.15,0.1499881,-7.729103e-10,4925660.0,0.0,5,935875400.0,ok,0,94,190
vco_current_min,11,10,0,0.2,0.1999876,-2.699995e-09,4924884.0,1062.5817615600222,5,935727960.0,ok,0,94,190
vco_current_min,11,10,0,0.25,0.2499796,-5.096055e-10,4924884.0,1062.5817615600222,5,935727960.0,ok,0,94,190
vco_current_min,11,10,0,0.3,0.299965,-2.70469e-10,4923720.0,0.0,5,935506800.0,ok,0,94,190
vco_current_min,11,10,0,0.35,0.3500014,-1.998738e-10,4920616.0,1062.5817615600222,5,934917040.0,ok,0,94,190
vco_current_min,11,10,0,0.4,0.3999869,1.890774e-11,4917462.0,979.3977741449079,5,934317780.0,ok,0,94,190
vco_current_min,11,10,0,0.45,0.4499797,1.893537e-10,4906446.0,863.1222393149188,5,932224740.0,ok,0,94,190
vco_current_min,11,10,0,0.5,0.4999759,2.154293e-10,4867592.0,1734.7391734782495,5,924842480.0,ok,0,94,190
vco_current_min,11,10,0,0.55,0.5499712,2.145156e-11,4659360.0,8681.43709301634,5,885278400.0,ok,0,94,190
vco_current_min,11,10,0,0.6,0.5999664,-1.019309e-10,3660230.4,38261.63149684028,5,695443776.0,ok,0,94,190
vco_current_min,11,10,0,0.65,0.6499878,-1.241907e-10,2933275.6,6637.9170904734865,5,557322364.0,ok,0,94,190
vco_current_min,11,10,0,0.7,0.6999752,-1.012951e-10,2774953.8,2249.339280766688,5,527241221.99999994,ok,0,94,190
vco_current_min,11,10,0,0.75,0.7499768,1.346582e-10,2747715.8,3206.230996045045,5,522066001.99999994,ok,0,94,190
vco_current_min,11,11,0,0.0,-5.460461e-07,-1.917714e-09,4924884.0,1062.5817615600222,5,935727960.0,ok,0,94,190
vco_current_min,11,11,0,0.05,0.04999511,-1.165323e-09,4925272.0,867.5943752699184,5,935801680.0,ok,0,94,190
vco_current_min,11,11,0,0.1,0.09998567,1.527484e-09,4924884.0,1062.5817615600222,5,935727960.0,ok,0,94,190
vco_current_min,11,11,0,0.15,0.1499882,-7.302979e-10,4924496.0,1062.5817615600222,5,935654240.0,ok,0,94,190
vco_current_min,11,11,0,0.2,0.1999861,-5.496736e-10,4923332.0,867.5943752699184,5,935433080.0,ok,0,94,190
vco_current_min,11,11,0,0.25,0.249979,-1.393012e-09,4923720.0,0.0,5,935506800.0,ok,0,94,190
vco_current_min,11,11,0,0.3,0.2999639,-3.04813e-10,4921780.0,0.0,5,935138200.0,ok,0,94,190
vco_current_min,11,11,0,0.35,0.3500009,-2.393053e-10,4920572.0,1005.3457116832996,5,934908680.0,ok,0,94,190
vco_current_min,11,11,0,0.4,0.3999865,-6.822334e-11,4917024.0,1199.5124009363137,5,934234560.0,ok,0,94,190
vco_current_min,11,11,0,0.45,0.4499797,-4.278368e-11,4904632.0,1303.5796868622954,5,931880080.0,ok,0,94,190
vco_current_min,11,11,0,0.5,0.4999766,-3.069983e-11,4865658.0,2102.0989510486893,5,924475020.0,ok,0,94,190
vco_current_min,11,11,0,0.55,0.5499716,-4.723558e-11,4646600.0,6844.443001442849,5,882854000.0,ok,0,94,190
vco_current_min,11,11,0,0.6,0.5999653,1.060384e-10,3573972.2,20891.193460403356,5,679054718.0,ok,0,94,190
vco_current_min,11,11,0,0.65,0.6499878,1.225742e-10,2799143.2,7444.919556314897,5,531837208.00000006,ok,0,94,190
vco_current_min,11,11,0,0.7,0.699975,-1.925199e-11,2631335.2,2861.0383954082126,5,499953688.00000006,ok,0,94,190
vco_current_min,11,11,0,0.75,0.7499788,2.510448e-10,2602560.2,4411.425359223479,5,494486438.00000006,ok,0,94,190
vco_current_min,11,12,0,0.0,-1.118111e-06,-1.835668e-09,4921780.0,1371.7871555019021,5,935138200.0,ok,0,94,190
vco_current_min,11,12,0,0.05,0.04999479,-1.157691e-09,4920572.0,1005.3457116832996,5,934908680.0,ok,0,94,190
vco_current_min,11,12,0,0.1,0.0999871,-8.174301e-10,4920700.0,898.4430978086481,5,934933000.0,ok,0,94,190
vco_current_min,11,12,0,0.15,0.1499882,-6.043697e-10,4921004.0,1062.5817615600222,5,934990760.0,ok,0,94,190
vco_current_min,11,12,0,0.2,0.199985,-4.905254e-10,4919860.0,1305.9862173851607,5,934773400.0,ok,0,94,190
vco_current_min,11,12,0,0.25,0.2499781,-3.620532e-10,4919452.0,867.5943752699184,5,934695880.0,ok,0,94,190
vco_current_min,11,12,0,0.3,0.2999641,-2.482092e-10,4918288.0,867.5943752699184,5,934474720.0,ok,0,94,190
vco_current_min,11,12,0,0.35,0.3500003,-1.566263e-10,4916148.0,979.3977741449079,5,934068120.0,ok,0,94,190
vco_current_min,11,12,0,0.4,0.3999863,-3.133574e-11,4911850.0,1364.7160876900368,5,933251500.0,ok,0,94,190
vco_current_min,11,12,0,0.45,0.4499797,1.954359e-11,4898688.0,1051.627310409919,5,930750720.0,ok,0,94,190
vco_current_min,11,12,0,0.5,0.4999755,4.816331e-11,4852272.0,2165.068128258323,5,921931680.0,ok,0,94,190
vco_current_min,11,12,0,0.55,0.5499704,-4.596364e-11,4561452.0,12162.424511584852,5,866675880.0,ok,0,94,190
vco_current_min,11,12,0,0.6,0.5999655,-9.366305e-11,3060286.2,24094.20594665863,5,581454378.0,ok,0,94,190
vco_current_min,11,12,0,0.65,0.6499866,-5.613959e-11,2135453.2,5108.430747303912,5,405736108.00000006,ok,0,94,190
vco_current_min,11,12,0,0.7,0.6999755,4.81632e-11,4966564.0,5748.132740290537,5,367525736.0,ok,0,36,74
vco_current_min,11,12,0,0.75,0.7499778,2.803004e-10,4869494.0,5330.82357614656,5,360342556.0,ok,0,36,74
vco_current_min,11,13,0,0.0,-7.748458e-07,-1.925345e-09,4919840.0,0.0,5,934769600.0,ok,0,94,190
vco_current_min,11,13,0,0.05,0.04999602,-1.225107e-09,4920616.0,1062.5817615600222,5,934917040.0,ok,0,94,190
vco_current_min,11,13,0,0.1,0.09998758,-9.293666e-10,4919904.0,143.10835055998655,5,934781760.0,ok,0,94,190
vco_current_min,11,13,0,0.15,0.1499884,-6.298099e-10,4919840.0,0.0,5,934769600.0,ok,0,94,190
vco_current_min,11,13,0,0.2,0.1999864,-4.103892e-10,4919840.0,0.0,5,934769600.0,ok,0,94,190
vco_current_min,11,13,0,0.25,0.2499791,-3.563292e-10,4919064.0,1062.5817615600222,5,934622160.0,ok,0,94,190
vco_current_min,11,13,0,0.3,0.2999641,-3.118091e-10,4916148.0,979.3977741449079,5,934068120.0,ok,0,94,190
vco_current_min,11,13,0,0.35,0.3500014,-8.730304e-11,4914552.0,1057.1045359849707,5,933764880.0,ok,0,94,190
vco_current_min,11,13,0,0.4,0.3999871,-1.114708e-10,4909174.0,1265.0019762830411,5,932743060.0,ok,0,94,190
vco_current_min,11,13,0,0.45,0.4499804,-3.515166e-11,4897536.0,858.6501033599193,5,930531840.0,ok,0,94,190
vco_current_min,11,13,0,0.5,0.4999761,-2.716133e-12,4851528.0,1029.7184081097123,5,921790320.0,ok,0,94,190
vco_current_min,11,13,0,0.55,0.5499719,-9.711981e-12,4521388.0,23574.50572122351,5,859063720.0,ok,0,94,190
vco_current_min,11,13,0,0.6,0.5999662,-5.260126e-12,2945299.0,21333.788411812846,5,559606810.0,ok,0,94,190
vco_current_min,11,13,0,0.65,0.649987,6.469886e-11,5098364.0,33098.70888720586,5,377278936.0,ok,0,36,74
vco_current_min,11,13,0,0.7,0.6999754,6.915085e-11,4475768.0,3732.682681396853,5,331206832.0,ok,0,36,74
vco_current_min,11,13,0,0.75,0.7499772,3.960504e-10,4377868.0,11253.067137451904,5,323962232.0,ok,0,36,74
vco_current_min,11,14,0,0.0,-7.748022e-07,-1.95651e-09,4915710.0,0.0,5,933984900.0,ok,0,94,190
vco_current_min,11,14,0,0.05,0.04999663,-1.228924e-09,4915324.0,863.1222393149188,5,933911560.0,ok,0,94,190
vco_current_min,11,14,0,0.1,0.09998745,-8.365103e-10,4914552.0,1057.1045359849707,5,933764880.0,ok,0,94,190
vco_current_min,11,14,0,0.15,0.1499901,-5.623937e-10,4914166.0,863.1222393149188,5,933691540.0,ok,0,94,190
vco_current_min,11,14,0,0.2,0.1999863,-4.466414e-10,4914166.0,863.1222393149188,5,933691540.0,ok,0,94,190
vco_current_min,11,14,0,0.25,0.2499783,-2.90821e-10,4913008.0,1057.1045359849707,5,933471520.0,ok,0,94,190
vco_current_min,11,14,0,0.3,0.299964,-2.590211e-10,4911850.0,0.0,5,933251500.0,ok,0,94,190
vco_current_min,11,14,0,0.35,0.3500004,-1.470864e-10,4909920.0,1364.7160876900368,5,932884800.0,ok,0,94,190
vco_current_min,11,14,0,0.4,0.3999864,-9.366299e-11,4904632.0,1303.5796868622954,5,931880080.0,ok,0,94,190
vco_current_min,11,14,0,0.45,0.4499793,-4.787161e-11,4891136.0,1402.1697472132253,5,929315840.0,ok,0,94,190
vco_current_min,11,14,0,0.5,0.4999764,2.20875e-11,4837316.0,1564.5542496187213,5,919090040.0,ok,0,94,190
vco_current_min,11,14,0,0.55,0.549971,2.463146e-11,4369378.0,30391.00886775561,5,830181820.0,ok,0,94,190
vco_current_min,11,14,0,0.6,0.5999658,-7.168127e-12,2284953.6,28279.362595362716,5,434141184.0,ok,0,94,190
vco_current_min,11,14,0,0.65,0.6499869,-5.260237e-12,5211662.0,44960.54737211281,5,198043156.0,ok,0,18,38
vco_current_min,11,14,0,0.7,0.6999753,1.213023e-10,3418486.0,9471.068392742183,5,129902468.0,ok,0,18,38
vco_current_min,11,14,0,0.75,0.7499776,2.135211e-10,3136953.0,9355.07707076751,5,119204214.0,ok,0,18,38
vco_current_min,11,15,0,0.0,-3.173482e-07,-1.899905e-09,4915324.0,863.1222393149188,5,933911560.0,ok,0,94,190
vco_current_min,11,15,0,0.05,0.04999548,-1.221928e-09,4913780.0,1364.7160876900368,5,933618200.0,ok,0,94,190
vco_current_min,11,15,0,0.1,0.09998763,-9.134667e-10,4913394.0,863.1222393149188,5,933544860.0,ok,0,94,190
vco_current_min,11,15,0,0.15,0.1499889,-6.425299e-10,4913394.0,863.1222393149188,5,933544860.0,ok,0,94,190
vco_current_min,11,15,0,0.2,0.1999857,-4.065733e-10,4912236.0,863.1222393149188,5,933324840.0,ok,0,94,190
vco_current_min,11,15,0,0.25,0.2499795,-2.88913e-10,4911850.0,0.0,5,933251500.0,ok,0,94,190
vco_current_min,11,15,0,0.3,0.2999633,-3.340691e-10,4910692.0,1057.1045359849707,5,933031480.0,ok,0,94,190
vco_current_min,11,15,0,0.35,0.3500014,2.653944e-11,4908530.0,492.9503017546495,5,932620700.0,ok,0,94,190
vco_current_min,11,15,0,0.4,0.399987,-6.186343e-11,4902528.0,1051.627310409919,5,931480320.0,ok,0,94,190
vco_current_min,11,15,0,0.45,0.4499812,-6.059139e-11,4887690.0,0.0,5,928661100.0,ok,0,94,190
vco_current_min,11,15,0,0.5,0.4999764,-5.232362e-11,4832124.0,2162.228017578165,5,918103560.0,ok,0,94,190
vco_current_min,11,15,0,0.55,0.5499718,-1.896979e-10,4333734.0,16099.980745330102,5,823409460.0,ok,0,94,190
vco_current_min,11,15,0,0.6,0.5999665,1.359301e-10,2121980.4,33917.66885857576,5,403176276.0,ok,0,94,190
vco_current_min,11,15,0,0.65,0.6499872,3.643752e-12,5337800.0,147829.25742220314,5,149458400.0,ok,0,13,28
vco_current_min,11,15,0,0.7,0.6999754,-6.949544e-11,2531129.2,19028.790994175117,5,70871617.60000001,ok,0,13,28
vco_current_min,11,15,0,0.75,0.749977,1.302062e-10,2053114.6,5401.477094277083,5,57487208.800000004,ok,0,13,28
vco_current_max,12,15,0,0.0,-8.892675e-07,-1.904993e-09,4946716.0,724.4860247099318,5,860728584.0,ok,0,86,174
vco_current_max,12,15,0,0.05,0.04999535,-1.210479e-09,4946000.0,959.4790253048786,5,860604000.0,ok,0,86,174
vco_current_max,12,15,0,0.1,0.09998733,-9.331823e-10,4945864.0,1073.5362127101255,5,860580336.0,ok,0,86,174
vco_current_max,12,15,0,0.15,0.1499878,-5.961016e-10,4945932.0,1020.9407426486613,5,860592168.0,ok,0,86,174
vco_current_max,12,15,0,0.2,0.199986,-5.458575e-10,4945472.0,876.5386471799176,5,860512128.0,ok,0,86,174
vco_current_max,12,15,0,0.25,0.2499774,-2.532972e-10,4945080.0,0.0,5,860443920.0,ok,0,86,174
vco_current_max,12,15,0,0.3,0.2999642,-1.877899e-10,4943512.0,876.5386471799176,5,860171088.0,ok,0,86,174
vco_current_max,12,15,0,0.35,0.3500015,-8.094313e-11,4941664.0,813.9287438099235,5,859849536.0,ok,0,86,174
vco_current_max,12,15,0,0.4,0.3999867,-8.984713e-11,4936230.0,1068.058987135074,5,858904020.0,ok,0,86,174
vco_current_max,12,15,0,0.45,0.4499807,-3.451581e-11,4924108.0,867.5943752699184,5,856794792.0,ok,0,86,174
vco_current_max,12,15,0,0.5,0.4999763,-3.769592e-11,4870972.0,1866.4190311931563,5,847549128.0,ok,0,86,174
vco_current_max,12,15,0,0.55,0.5499723,-1.162007e-11,4436140.0,28755.43079141747,5,771888360.0,ok,0,86,174
vco_current_max,12,15,0,0.6,0.5999668,3.353542e-11,2201048.2,58658.1114740323,5,382982386.8,ok,0,86,174
vco_current_max,12,15,0,0.65,0.6499873,-3.133582e-11,5143120.0,64507.30074960508,5,144007360.0,ok,0,13,28
vco_current_max,12,15,0,0.7,0.6999742,8.123477e-11,2453463.6,31295.416610104425,5,68696980.8,ok,0,13,28
vco_current_max,12,15,0,0.75,0.749978,2.720325e-10,4630800.0,8945.521225730785,5,55569600.0,ok,0,5,12
vco_current_max,12,15,1,0.0,-1.461172e-06,-1.902449e-09,4938570.0,1068.058987135074,5,859311180.0,ok,0,86,174
vco_current_max,12,15,1,0.05,0.04999543,-1.288071e-09,4938570.0,1068.058987135074,5,859311180.0,ok,0,86,174
vco_current_max,12,15,1,0.1,0.09998778,-8.778502e-10,4938960.0,872.066511224918,5,859379040.0,ok,0,86,174
vco_current_max,12,15,1,0.15,0.149988,-6.158175e-10,4937790.0,872.066511224918,5,859175460.0,ok,0,86,174
vco_current_max,12,15,1,0.2,0.1999867,-5.261416e-10,4937400.0,0.0,5,859107600.0,ok,0,86,174
vco_current_max,12,15,1,0.25,0.249978,-3.824051e-10,4936230.0,1068.058987135074,5,858904020.0,ok,0,86,174
vco_current_max,12,15,1,0.3,0.2999635,-2.132296e-10,4935060.0,872.066511224918,5,858700440.0,ok,0,86,174
vco_current_max,12,15,1,0.35,0.3500015,-2.087777e-10,4932330.0,1068.058987135074,5,858225420.0,ok,0,86,174
vco_current_max,12,15,1,0.4,0.3999867,-1.502664e-10,4926436.0,1062.5817615600222,5,857199864.0,ok,0,86,174
vco_current_max,12,15,1,0.45,0.4499793,-8.79391e-11,4911078.0,1057.1045359849707,5,854527572.0,ok,0,86,174
vco_current_max,12,15,1,0.5,0.4999758,7.233081e-11,4843236.0,3061.769096453879,5,842723064.0,ok,0,86,174
vco_current_max,12,15,1,0.55,0.5499728,1.645498e-10,4204070.0,23582.259221711563,5,731508180.0,ok,0,86,174
vco_current_max,12,15,1,0.6,0.5999665,8.73171e-12,5178626.0,38884.46257825868,5,352146568.0,ok,0,33,68
vco_current_max,12,15,1,0.65,0.6499869,3.643696e-12,5378880.0,133081.54567782866,5,129093120.0,ok,0,11,24
vco_current_max,12,15,1,0.7,0.6999754,6.660705e-11,2755076.4,20402.25427005555,5,66121833.599999994,ok,0,11,24
vco_current_max,12,15,1,0.75,0.7499778,2.872963e-10,2300591.2,2495.0079558991392,5,55214188.800000004,ok,0,11,24
vco_current_max,12,15,2,0.0,-7.748458e-07,-1.836305e-09,4927988.0,867.5943752699184,5,857469912.0,ok,0,86,174
vco_current_max,12,15,2,0.05,0.04999627,-1.328776e-09,4928764.0,1062.5817615600222,5,857604936.0,ok,0,86,174
vco_current_max,12,15,2,0.1,0.09998882,-8.625862e-10,4927600.0,0.0,5,857402400.0,ok,0,86,174
vco_current_max,12,15,2,0.15,0.1499895,-5.878336e-10,4926824.0,1062.5817615600222,5,857267376.0,ok,0,86,174
vco_current_max,12,15,2,0.2,0.199986,-4.809854e-10,4926824.0,1062.5817615600222,5,857267376.0,ok,0,86,174
vco_current_max,12,15,2,0.25,0.2499783,-2.577491e-10,4925660.0,0.0,5,857064840.0,ok,0,86,174
vco_current_max,12,15,2,0.3,0.2999639,-1.032028e-10,4921780.0,0.0,5,856389720.0,ok,0,86,174
vco_current_max,12,15,2,0.35,0.3500024,-1.712541e-10,4919840.0,0.0,5,856052160.0,ok,0,86,174
vco_current_max,12,15,2,0.4,0.399987,-5.486746e-11,4914166.0,1614.7538512107658,5,855064884.0,ok,0,86,174
vco_current_max,12,15,2,0.45,0.44998,-3.98806e-12,4895232.0,1051.627310409919,5,851770368.0,ok,0,86,174
vco_current_max,12,15,2,0.5,0.4999759,4.915818e-12,4820004.0,1663.6345752598436,5,838680696.0,ok,0,86,174
vco_current_max,12,15,2,0.55,0.5499721,-6.504336e-11,4110736.0,19921.23314456211,5,715268064.0,ok,0,86,174
vco_current_max,12,15,2,0.6,0.5999656,5.452314e-11,5056440.0,114934.10981949614,5,343837920.0,ok,0,33,68
vco_current_max,12,15,2,0.65,0.6499878,-2.942779e-11,5331932.0,39343.90829594844,5,127966368.0,ok,0,11,24
vco_current_max,12,15,2,0.7,0.6999742,9.268258e-11,2769409.6,17760.190660575692,5,66465830.400000006,ok,0,11,24
vco_current_max,12,15,2,0.75,0.7499775,3.165519e-10,2302283.6,5617.709034829056,5,55254806.400000006,ok,0,11,24
vco_current_max,12,15,3,0.0,-5.461043e-07,-1.844573e-09,4972044.0,590.3219460599445,5,855191568.0,ok,0,85,172
vco_current_max,12,15,3,0.05,0.04999421,-1.190127e-09,4970988.0,1084.490663860229,5,855009936.0,ok,0,85,172
vco_current_max,12,15,3,0.1,0.09998783,-9.548068e-10,4970526.0,1000.9395586148047,5,854930472.0,ok,0,85,172
vco_current_max,12,15,3,0.15,0.1499886,-8.562263e-10,4970196.0,885.4829190899167,5,854873712.0,ok,0,85,172
vco_current_max,12,15,3,0.2,0.1999861,-4.937055e-10,4969008.0,1084.490663860229,5,854669376.0,ok,0,85,172
vco_current_max,12,15,3,0.25,0.2499788,-4.091173e-10,4968216.0,885.4829190899167,5,854533152.0,ok,0,85,172
vco_current_max,12,15,3,0.3,0.2999645,-1.547183e-10,4966370.0,0.0,5,854215640.0,ok,0,85,172
vco_current_max,12,15,3,0.35,0.3500017,-1.988787e-11,4962430.0,0.0,5,853537960.0,ok,0,85,172
vco_current_max,12,15,3,0.4,0.3999873,-6.313541e-11,4954880.0,0.0,5,852239360.0,ok,0,85,172
vco_current_max,12,15,3,0.45,0.4499801,6.151918e-11,4932708.0,1770.9658381798333,5,848425776.0,ok,0,85,172
vco_current_max,12,15,3,0.5,0.4999761,1.5501e-10,4825500.0,5427.780393494195,5,829986000.0,ok,0,85,172
vco_current_max,12,15,3,0.55,0.5499712,-1.865179e-10,3783987.0,30256.734291724213,5,650845764.0,ok,0,85,172
vco_current_max,12,15,3,0.6,0.5999667,1.181223e-10,5162092.0,133147.62547638617,5,289077152.0,ok,0,27,56
vco_current_max,12,15,3,0.65,0.6499874,1.699957e-11,5173324.0,76657.76105522519,5,113813128.0,ok,0,10,22
vco_current_max,12,15,3,0.7,0.6999744,2.971939e-11,2920750.6,13623.318494405097,5,64256513.2,ok,0,10,22
vco_current_max,12,15,3,0.75,0.7499768,1.41654e-10,2501682.8,5236.494552656385,5,55037021.599999994,ok,0,10,22
vco_current_max,12,15,4,0.0,-3.173627e-07,-2.029013e-09,4965188.0,1079.0134382851772,5,854012336.0,ok,0,85,172
vco_current_max,12,15,4,0.05,0.04999591,-1.195215e-09,4964006.0,881.0107831349171,5,853809032.0,ok,0,85,172
vco_current_max,12,15,4,0.1,0.0999885,-1.044483e-09,4964400.0,0.0,5,853876800.0,ok,0,85,172
vco_current_max,12,15,4,0.15,0.1499888,-6.876858e-10,4962430.0,0.0,5,853537960.0,ok,0,85,172
vco_current_max,12,15,4,0.2,0.1999854,-5.121494e-10,4962430.0,0.0,5,853537960.0,ok,0,85,172
vco_current_max,12,15,4,0.25,0.2499794,-3.06085e-10,4961248.0,1079.0134382851772,5,853334656.0,ok,0,85,172
vco_current_max,12,15,4,0.3,0.2999648,-2.214975e-10,4959278.0,1079.0134382851772,5,852995816.0,ok,0,85,172
vco_current_max,12,15,4,0.35,0.3500013,-7.839925e-11,4955864.0,898.2649943084724,5,852408608.0,ok,0,85,172
vco_current_max,12,15,4,0.4,0.3999864,1.827152e-11,4949000.0,1385.9292911256332,5,851228000.0,ok,0,85,172
vco_current_max,12,15,4,0.45,0.4499798,-1.02567e-10,4927600.0,2376.005050499683,5,847547200.0,ok,0,85,172
vco_current_max,12,15,4,0.5,0.4999765,-4.850755e-11,4839772.0,6750.901421291826,5,832440784.0,ok,0,85,172
vco_current_max,12,15,4,0.55,0.549971,-1.254626e-10,4043620.0,24875.643710264063,5,695502640.0,ok,0,85,172
vco_current_max,12,15,4,0.6,0.5999652,1.441979e-10,5129332.0,78766.2984403863,5,338535912.0,ok,0,32,66
vco_current_max,12,15,4,0.65,0.6499873,-3.451581e-11,5254720.0,107870.18610348273,5,126113280.0,ok,0,11,24
vco_current_max,12,15,4,0.7,0.6999745,5.007109e-11,2775980.8,31417.31800615705,5,66623539.199999996,ok,0,11,24
vco_current_max,12,15,4,0.75,0.7499776,3.330876e-10,2294860.0,3159.428350192484,5,55076640.0,ok,0,11,24
vco_current_max,12,15,5,0.0,-6.604678e-07,-1.830581e-09,4946720.0,726.7392930067838,5,850835840.0,ok,0,85,172
vco_current_max,12,15,5,0.05,0.04999591,-1.268991e-09,4946650.0,877.6673629570602,5,850823800.0,ok,0,85,172
vco_current_max,12,15,5,0.1,0.09998728,-9.02018e-10,4946256.0,1073.5362127101255,5,850756032.0,ok,0,85,172
vco_current_max,12,15,5,0.15,0.1499893,-6.279017e-10,4945080.0,0.0,5,850553760.0,ok,0,85,172
vco_current_max,12,15,5,0.2,0.1999856,-3.760452e-10,4944296.0,1073.5362127101255,5,850418912.0,ok,0,85,172
vco_current_max,12,15,5,0.25,0.2499789,-3.308891e-10,4943120.0,0.0,5,850216640.0,ok,0,85,172
vco_current_max,12,15,5,0.3,0.2999643,-1.909699e-10,4940130.0,1068.058987135074,5,849702360.0,ok,0,85,172
vco_current_max,12,15,5,0.35,0.3500014,-2.304014e-10,4936230.0,1068.058987135074,5,849031560.0,ok,0,85,172
vco_current_max,12,15,5,0.4,0.3999871,-7.521928e-11,4927212.0,867.5943752699184,5,847480464.0,ok,0,85,172
vco_current_max,12,15,5,0.45,0.4499796,4.243927e-11,4899456.0,858.6501033599193,5,842706432.0,ok,0,85,172
vco_current_max,12,15,5,0.5,0.4999767,9.204668e-11,4768036.0,2372.989675493764,5,820102192.0,ok,0,85,172
vco_current_max,12,15,5,0.55,0.5499708,7.551079e-11,3646026.6,27557.46898392521,5,627116575.2,ok,0,85,172
vco_current_max,12,15,5,0.6,0.5999656,-9.302718e-11,5386288.0,465242.5233896833,5,301632128.0,ok,0,27,56
vco_current_max,12,15,5,0.65,0.6499874,1.906254e-10,5135916.0,60032.778379815136,5,112990152.0,ok,0,10,22
vco_current_max,12,15,5,0.7,0.699975,2.663083e-10,2926244.8,19639.41001405083,5,64377385.599999994,ok,0,10,22
vco_current_max,12,15,5,0.75,0.7499765,2.9938e-10,2498774.0,6689.1926269169435,5,54973028.0,ok,0,10,22
vco_current_max,12,15,6,0.0,-7.748749e-07,-2.056997e-09,4924108.0,867.5943752699184,5,846946576.0,ok,0,85,172
vco_current_max,12,15,6,0.05,0.04999603,-1.48714e-09,4924496.0,1062.5817615600222,5,847013312.0,ok,0,85,172
vco_current_max,12,15,6,0.1,0.09998799,-8.912061e-10,4922944.0,1062.5817615600222,5,846746368.0,ok,0,85,172
vco_current_max,12,15,6,0.15,0.1499884,-7.105818e-10,4922556.0,1062.5817615600222,5,846679632.0,ok,0,85,172
vco_current_max,12,15,6,0.2,0.1999865,-4.510933e-10,4920872.0,942.0827989088857,5,846389984.0,ok,0,85,172
vco_current_max,12,15,6,0.25,0.2499786,-3.811332e-10,4919840.0,0.0,5,846212480.0,ok,0,85,172
vco_current_max,12,15,6,0.3,0.2999648,-1.496303e-10,4915710.0,0.0,5,845502120.0,ok,0,85,172
vco_current_max,12,15,6,0.35,0.3500023,-2.291294e-10,4910692.0,1057.1045359849707,5,844639024.0,ok,0,85,172
vco_current_max,12,15,6,0.4,0.3999868,-1.731621e-10,4899456.0,858.6501033599193,5,842706432.0,ok,0,85,172
vco_current_max,12,15,6,0.45,0.4499797,-3.006387e-11,4864104.0,1035.195633684764,5,836625888.0,ok,0,85,172
vco_current_max,12,15,6,0.5,0.4999755,-4.914359e-11,4695384.0,10204.287334253186,5,807606048.0,ok,0,85,172
vco_current_max,12,15,6,0.55,0.5499706,4.498329e-11,3479834.0,32004.09154311367,5,598531448.0,ok,0,85,172
vco_current_max,12,15,6,0.6,0.5999663,-1.280067e-10,5201312.0,94462.60355294046,5,280870848.0,ok,0,26,54
vco_current_max,12,15,6,0.65,0.649988,3.585274e-10,2012457.2,41340.97283809369,5,108672688.8,ok,0,26,54
vco_current_max,12,15,6,0.7,0.699975,7.869067e-11,5390962.0,26794.14152384808,5,64691544.0,ok,0,5,12
vco_current_max,12,15,6,0.75,0.7499772,3.846031e-10,4596642.0,9772.9202391097,5,55159704.0,ok,0,5,12
vco_current_max,12,15,7,0.0,-7.74904e-07,-2.030285e-09,4951352.0,876.5386471799176,5,841729840.0,ok,0,84,170
vco_current_max,12,15,7,0.05,0.04999628,-1.080099e-09,4951744.0,1073.5362127101255,5,841796480.0,ok,0,84,170
vco_current_max,12,15,7,0.1,0.09998884,-8.905705e-10,4949784.0,1073.5362127101255,5,841463280.0,ok,0,84,170
vco_current_max,12,15,7,0.15,0.1499894,-4.968855e-10,4949392.0,876.5386471799176,5,841396640.0,ok,0,84,170
vco_current_max,12,15,7,0.2,0.1999855,-3.518771e-10,4947824.0,1073.5362127101255,5,841130080.0,ok,0,84,170
vco_current_max,12,15,7,0.25,0.2499796,-1.648942e-10,4945080.0,1385.9292911256332,5,840663600.0,ok,0,84,170
vco_current_max,12,15,7,0.3,0.2999648,-1.222826e-10,4941664.0,813.9287438099235,5,840082880.0,ok,0,84,170
vco_current_max,12,15,7,0.35,0.3500016,-1.79522e-10,4935216.0,695.0035971129934,5,838986720.0,ok,0,84,170
vco_current_max,12,15,7,0.4,0.3999871,-2.329454e-10,4918676.0,1062.5817615600222,5,836174920.0,ok,0,84,170
vco_current_max,12,15,7,0.45,0.449981,-3.70597e-11,4868548.0,2878.805307762232,5,827653160.0,ok,0,84,170
vco_current_max,12,15,7,0.5,0.4999766,3.035552e-11,4574056.0,14294.709860644252,5,777589520.0,ok,0,84,170
vco_current_max,12,15,7,0.55,0.549971,-1.098396e-11,2946257.6,22534.97400264753,5,500863792.0,ok,0,84,170
vco_current_max,12,15,7,0.6,0.599966,9.713483e-11,5018922.0,116352.19903379567,5,220832568.0,ok,0,21,44
vco_current_max,12,15,7,0.65,0.6499875,-1.225611e-11,2114945.0,41326.40281345571,5,93057580.0,ok,0,21,44
vco_current_max,12,15,7,0.7,0.6999745,-1.734399e-11,5227018.0,20599.74805671176,5,62724216.0,ok,0,5,12
vco_current_max,12,15,7,0.75,0.7499776,2.128851e-10,4581148.0,15315.582587678471,5,54973776.0,ok,0,5,12
vco_current_max,12,15,8,0.0,7.120543e-07,-1.867469e-09,4917850.0,1461.7797371697284,5,845870200.0,ok,0,85,172
vco_current_max,12,15,8,0.05,0.04999605,-1.24864e-09,4917024.0,1199.5124009363137,5,845728128.0,ok,0,85,172
vco_current_max,12,15,8,0.1,0.09998704,-8.346019e-10,4916586.0,1199.5124009363137,5,845652792.0,ok,0,85,172
vco_current_max,12,15,8,0.15,0.1499892,-5.356815e-10,4915324.0,863.1222393149188,5,845435728.0,ok,0,85,172
vco_current_max,12,15,8,0.2,0.1999862,-3.556931e-10,4915710.0,0.0,5,845502120.0,ok,0,85,172
vco_current_max,12,15,8,0.25,0.2499784,-3.01633e-10,4913780.0,0.0,5,845170160.0,ok,0,85,172
vco_current_max,12,15,8,0.3,0.2999651,-1.712541e-10,4913008.0,1057.1045359849707,5,845037376.0,ok,0,85,172
vco_current_max,12,15,8,0.35,0.3500021,-1.78886e-10,4909534.0,863.1222393149188,5,844439848.0,ok,0,85,172
vco_current_max,12,15,8,0.4,0.3999874,-8.348709e-11,4902528.0,1051.627310409919,5,843234816.0,ok,0,85,172
vco_current_max,12,15,8,0.45,0.4499793,1.572764e-11,4883218.0,976.6626848610528,5,839913496.0,ok,0,85,172
vco_current_max,12,15,8,0.5,0.4999767,2.908351e-11,4793498.0,2283.7512999448954,5,824481656.0,ok,0,85,172
vco_current_max,12,15,8,0.55,0.5499709,-1.197388e-10,3969670.0,38717.82793494491,5,682783240.0,ok,0,85,172
vco_current_max,12,15,8,0.6,0.5999667,-2.751982e-11,5115982.0,103434.43440170203,5,337654812.0,ok,0,32,66
vco_current_max,12,15,8,0.65,0.6499882,2.217891e-10,5327568.0,87202.14143012774,5,127861632.0,ok,0,11,24
vco_current_max,12,15,8,0.7,0.6999755,1.257543e-10,2754149.2,20459.502186025933,5,66099580.800000004,ok,0,11,24
vco_current_max,12,15,8,0.75,0.7499757,1.35294e-10,2294526.4,3022.3594756415064,5,55068633.599999994,ok,0,11,24
vco_current_max,12,15,9,0.0,2.575689e-08,-2.005481e-09,4941664.0,813.9287438099235,5,840082880.0,ok,0,84,170
vco_current_max,12,15,9,0.05,0.04999648,-1.326231e-09,4940130.0,1068.058987135074,5,839822100.0,ok,0,84,170
vco_current_max,12,15,9,0.1,0.09998684,-8.034379e-10,4940520.0,1068.058987135074,5,839888400.0,ok,0,84,170
vco_current_max,12,15,9,0.15,0.1499887,-5.127855e-10,4939350.0,0.0,5,839689500.0,ok,0,84,170
vco_current_max,12,15,9,0.2,0.1999871,-4.033933e-10,4939350.0,0.0,5,839689500.0,ok,0,84,170
vco_current_max,12,15,9,0.25,0.2499802,-3.366131e-10,4937790.0,872.066511224918,5,839424300.0,ok,0,84,170
vco_current_max,12,15,9,0.3,0.2999644,-2.84461e-10,4935060.0,1631.4870517414474,5,838960200.0,ok,0,84,170
vco_current_max,12,15,9,0.35,0.350002,-2.132296e-10,4931940.0,872.066511224918,5,838429800.0,ok,0,84,170
vco_current_max,12,15,9,0.4,0.399987,-6.695139e-11,4922168.0,867.5943752699184,5,836768560.0,ok,0,84,170
vco_current_max,12,15,9,0.45,0.4499803,-1.426345e-10,4893312.0,1051.627310409919,5,831863040.0,ok,0,84,170
vco_current_max,12,15,9,0.5,0.4999761,-9.175508e-11,4745694.0,4013.1882587289624,5,806767980.0,ok,0,84,170
vco_current_max,12,15,9,0.55,0.5499716,-1.210107e-10,3569603.6,45458.800977368504,5,606832612.0,ok,0,84,170
vco_current_max,12,15,9,0.6,0.5999663,-1.566263e-10,5114992.0,53923.25351831063,5,286439552.0,ok,0,27,56
vco_current_max,12,15,9,0.65,0.6499878,1.308422e-10,5066196.0,55405.20986333325,5,111456312.0,ok,0,10,22
vco_current_max,12,15,9,0.7,0.6999745,-1.318227e-10,2923516.2,18260.428916101613,5,64317356.400000006,ok,0,10,22
vco_current_max,12,15,9,0.75,0.7499766,1.187583e-10,2495393.8,8411.515273718524,5,54898663.599999994,ok,0,10,22
vco_current_max,12,15,10,0.0,-8.89253e-07,-1.909445e-09,4946258.0,1075.3697038693251,5,830971344.0,ok,0,83,168
vco_current_max,12,15,10,0.05,0.04999557,-1.277259e-09,4946256.0,1073.5362127101255,5,830971008.0,ok,0,83,168
vco_current_max,12,15,10,0.1,0.099988,-9.446303e-10,4945472.0,876.5386471799176,5,830839296.0,ok,0,83,168
vco_current_max,12,15,10,0.15,0.1499875,-7.970782e-10,4944688.0,876.5386471799176,5,830707584.0,ok,0,83,168
vco_current_max,12,15,10,0.2,0.1999854,-4.218373e-10,4944296.0,1073.5362127101255,5,830641728.0,ok,0,83,168
vco_current_max,12,15,10,0.25,0.2499793,-1.661662e-10,4942028.0,996.8550546594023,5,830260704.0,ok,0,83,168
vco_current_max,12,15,10,0.3,0.2999646,-3.582371e-10,4940130.0,1068.058987135074,5,829941840.0,ok,0,83,168
vco_current_max,12,15,10,0.35,0.3500025,-3.769561e-11,4934280.0,1068.058987135074,5,828959040.0,ok,0,83,168
vco_current_max,12,15,10,0.4,0.3999877,-1.114707e-10,4923720.0,0.0,5,827184960.0,ok,0,83,168
vco_current_max,12,15,10,0.45,0.4499805,-1.534464e-10,4885016.0,1708.3559348098393,5,820682688.0,ok,0,83,168
vco_current_max,12,15,10,0.5,0.4999766,-1.578983e-10,4676424.0,5593.534660659572,5,785639232.0,ok,0,83,168
vco_current_max,12,15,10,0.55,0.5499724,1.181225e-10,3428610.4,31215.86806097181,5,576006547.1999999,ok,0,83,168
vco_current_max,12,15,10,0.6,0.5999668,1.46106e-10,5108070.0,82623.01979472791,5,275835780.0,ok,0,26,54
vco_current_max,12,15,10,0.65,0.6499876,-3.665051e-10,2014046.0,26293.94592867339,5,108758484.0,ok,0,26,54
vco_current_max,12,15,10,0.7,0.6999752,9.586246e-11,5387670.0,28189.336636394975,5,64652040.0,ok,0,5,12
vco_current_max,12,15,10,0.75,0.7499772,1.022225e-10,4597652.0,9365.816568778186,5,55171824.0,ok,0,5,12
vco_current_max,12,15,11,0.0,-2.029556e-07,-1.932977e-09,4924884.0,1062.5817615600222,5,817530744.0,ok,0,82,166
vco_current_max,12,15,11,0.05,0.04999603,-1.267719e-09,4923720.0,1371.7871555019021,5,817337520.0,ok,0,82,166
vco_current_max,12,15,11,0.1,0.09998781,-6.094578e-10,4923332.0,867.5943752699184,5,817273112.0,ok,0,82,166
vco_current_max,12,15,11,0.15,0.1499879,-7.379298e-10,4921780.0,1371.7871555019021,5,817015480.0,ok,0,82,166
vco_current_max,12,15,11,0.2,0.1999862,-1.610782e-10,4920680.0,1012.6203632161463,5,816832880.0,ok,0,82,166
vco_current_max,12,15,11,0.25,0.2499798,-1.318225e-10,4919064.0,1062.5817615600222,5,816564624.0,ok,0,82,166
vco_current_max,12,15,11,0.3,0.299964,-1.534463e-10,4914166.0,863.1222393149188,5,815751556.0,ok,0,82,166
vco_current_max,12,15,11,0.35,0.3500014,-1.966938e-10,4906356.0,1780.17695749608,5,814455096.0,ok,0,82,166
vco_current_max,12,15,11,0.4,0.3999863,5.551698e-12,4886162.0,1598.0206506800844,5,811102892.0,ok,0,82,166
vco_current_max,12,15,11,0.45,0.4499802,1.000372e-11,4818516.0,3378.8577951728007,5,799873656.0,ok,0,82,166
vco_current_max,12,15,11,0.5,0.4999766,2.081549e-11,4380664.0,19516.502760484524,5,727190224.0,ok,0,82,166
vco_current_max,12,15,11,0.55,0.549971,-6.249955e-11,2838080.4,19430.232597681377,5,471121346.4,ok,0,82,166
vco_current_max,12,15,11,0.6,0.5999663,-5.232369e-11,5215248.0,26646.967369665163,5,219040416.0,ok,0,20,42
vco_current_max,12,15,11,0.65,0.6499871,-4.405575e-11,2214987.4,22274.81653796502,5,93029470.8,ok,0,20,42
vco_current_max,12,15,11,0.7,0.6999744,2.236969e-10,5250748.0,14011.390723265125,5,63008976.0,ok,0,5,12
vco_current_max,12,15,11,0.75,0.7499768,1.505578e-10,4580562.0,12374.882625705992,5,54966744.0,ok,0,5,12
vco_current_max,12,15,12,0.0,-5.461916e-07,-1.826764e-09,4929942.0,898.8993269549154,5,798650604.0,ok,0,80,162
vco_current_max,12,15,12,0.05,0.04999512,-1.029855e-09,4930746.0,1100.9223405853838,5,798780852.0,ok,0,80,162
vco_current_max,12,15,12,0.1,0.0999882,-8.078905e-10,4930344.0,1100.9223405853838,5,798715728.0,ok,0,80,162
vco_current_max,12,15,12,0.15,0.149989,-6.97862e-10,4929554.0,1396.6674622113883,5,798587748.0,ok,0,80,162
vco_current_max,12,15,12,0.2,0.1999865,-5.350457e-10,4928376.0,1062.5817615600222,5,798396912.0,ok,0,80,162
vco_current_max,12,15,12,0.25,0.2499787,-3.429731e-10,4926824.0,1062.5817615600222,5,798145488.0,ok,0,80,162
vco_current_max,12,15,12,0.3,0.2999646,-2.265855e-10,4924884.0,1062.5817615600222,5,797831208.0,ok,0,80,162
vco_current_max,12,15,12,0.35,0.3500012,2.717554e-11,4921004.0,1062.5817615600222,5,797202648.0,ok,0,80,162
vco_current_max,12,15,12,0.4,0.3999876,7.805481e-11,4905112.0,3439.0798187887412,5,794628144.0,ok,0,80,162
vco_current_max,12,15,12,0.45,0.4499799,3.289954e-11,4856528.0,2514.8399551462517,5,786757536.0,ok,0,80,162
vco_current_max,12,15,12,0.5,0.4999765,-1.668022e-10,4571530.0,21322.271220486808,5,740587860.0,ok,0,80,162
vco_current_max,12,15,12,0.55,0.5499718,-2.189535e-10,3333484.2,27635.741643748228,5,540024440.4,ok,0,80,162
vco_current_max,12,15,12,0.6,0.599966,1.327502e-10,5011438.0,66141.93843545864,5,270617652.0,ok,0,26,54
vco_current_max,12,15,12,0.65,0.6499867,1.575539e-10,5101684.0,51981.99717209796,5,112237048.0,ok,0,10,22
vco_current_max,12,15,12,0.7,0.6999751,1.912615e-10,2927584.2,12754.799457459141,5,64406852.400000006,ok,0,10,22
vco_current_max,12,15,12,0.75,0.7499778,1.562817e-10,2507296.8,6153.171637456573,5,55160529.599999994,ok,0,10,22
vco_current_max,12,15,13,0.0,-4.317117e-07,-1.675397e-09,4964006.0,1648.2202522721288,5,744600900.0,ok,0,74,150
vco_current_max,12,15,13,0.05,0.04999659,-1.169775e-09,4963218.0,2987.652924956311,5,744482700.0,ok,0,74,150
vco_current_max,12,15,13,0.1,0.09998871,-1.002507e-09,4964006.0,1648.2202522721288,5,744600900.0,ok,0,74,150
vco_current_max,12,15,13,0.15,0.149989,-7.309339e-10,4962430.0,1393.0003589374987,5,744364500.0,ok,0,74,150
vco_current_max,12,15,13,0.2,0.1999859,-3.671412e-10,4962270.0,1362.754563375225,5,744340500.0,ok,0,74,150
vco_current_max,12,15,13,0.25,0.2499779,-3.817691e-10,4961248.0,3296.4405045442577,5,744187200.0,ok,0,74,150
vco_current_max,12,15,13,0.3,0.2999641,-6.949524e-11,4957768.0,2132.339091232912,5,743665200.0,ok,0,74,150
vco_current_max,12,15,13,0.35,0.3500023,-1.038389e-10,4947824.0,1753.0772943598352,5,742173600.0,ok,0,74,150
vco_current_max,12,15,13,0.4,0.3999871,2.145162e-11,4918228.0,5675.567813003383,5,737734200.0,ok,0,74,150
vco_current_max,12,15,13,0.45,0.4499799,-9.5571e-11,4777790.0,8016.6389465910215,5,716668500.0,ok,0,74,150
vco_current_max,12,15,13,0.5,0.4999762,-1.798006e-11,4184380.0,22174.688272893487,5,627657000.0,ok,0,74,150
vco_current_max,12,15,13,0.55,0.5499722,5.897519e-11,2867709.6,28298.17973474619,5,430156440.0,ok,0,74,150
vco_current_max,12,15,13,0.6,0.5999671,5.643122e-11,5109418.0,201360.48226998266,5,214595556.0,ok,0,20,42
vco_current_max,12,15,13,0.65,0.6499882,8.059867e-11,2233598.4,24845.18640099124,5,93811132.8,ok,0,20,42
vco_current_max,12,15,13,0.7,0.6999757,4.752718e-11,5227012.0,19318.18625026687,5,62724144.0,ok,0,5,12
vco_current_max,12,15,13,0.75,0.7499781,3.985947e-10,4581414.0,4389.4623816590565,5,54976968.0,ok,0,5,12
vco_current_max,12,15,14,0.0,-1.003646e-06,-1.545652e-09,4997966.0,7026.889781404003,5,579764056.0,ok,0,57,116
vco_current_max,12,15,14,0.05,0.04999593,-1.108083e-09,4999452.0,7043.299652861576,5,579936432.0,ok,0,57,116
vco_current_max,12,15,14,0.1,0.09998781,-8.587704e-10,4998764.0,5796.070220416588,5,579856624.0,ok,0,57,116
vco_current_max,12,15,14,0.15,0.1499891,-6.317178e-10,4999976.0,9406.97241411922,5,579997216.0,ok,0,57,116
vco_current_max,12,15,14,0.2,0.1999865,-2.367613e-10,4991358.0,4182.537507303431,5,578997528.0,ok,0,57,116
vco_current_max,12,15,14,0.25,0.2499789,-5.041541e-11,4994766.0,3454.732985340546,5,579392856.0,ok,0,57,116
vco_current_max,12,15,14,0.3,0.2999645,-1.718901e-10,4988620.0,4052.0365250081345,5,578679920.0,ok,0,57,116
vco_current_max,12,15,14,0.35,0.3500011,1.318368e-11,4974808.0,6728.277639931337,5,577077728.0,ok,0,57,116
vco_current_max,12,15,14,0.4,0.3999884,-1.324586e-10,4924072.0,6591.2115729962725,5,571192352.0,ok,0,57,116
vco_current_max,12,15,14,0.45,0.4499795,4.943532e-11,4788916.0,3981.460787198588,5,555514256.0,ok,0,57,116
vco_current_max,12,15,14,0.5,0.499977,-2.443933e-10,4357702.0,10730.79773362633,5,505493432.0,ok,0,57,116
vco_current_max,12,15,14,0.55,0.549971,-3.09901e-10,3235114.4,10884.769395811745,5,375273270.4,ok,0,57,116
vco_current_max,12,15,14,0.6,0.5999663,-1.400905e-10,5080832.0,104061.2373557032,5,203233280.0,ok,0,19,40
vco_current_max,12,15,14,0.65,0.6499871,2.014373e-10,2321656.4,15124.898637676883,5,92866256.0,ok,0,19,40
vco_current_max,12,15,14,0.7,0.6999744,5.961098e-11,5234124.0,7014.8435477920675,5,62809488.0,ok,0,5,12
vco_current_max,12,15,14,0.75,0.7499774,2.453208e-10,4591664.0,17321.584223159265,5,55099968.0,ok,0,5,12
vco_current_max,12,15,15,0.0,2.582965e-08,-2.244618e-09,4957442.0,4398.138242483972,5,307361404.0,ok,0,30,62
vco_current_max,12,15,15,0.05,0.04999522,-1.352307e-09,4950470.0,7319.562828475482,5,306929140.0,ok,0,30,62
vco_current_max,12,15,15,0.1,0.09998805,-7.417462e-10,4958958.0,7176.274799643615,5,307455396.0,ok,0,30,62
vco_current_max,12,15,15,0.15,0.1499892,-5.757497e-10,4958272.0,4147.399185031506,5,307412864.0,ok,0,30,62
vco_current_max,12,15,15,0.2,0.1999859,-4.536373e-10,4944030.0,3777.9227096381946,5,306529860.0,ok,0,30,62
vco_current_max,12,15,15,0.25,0.2499801,-3.652332e-10,4936718.0,3370.492545608134,5,306076516.0,ok,0,30,62
vco_current_max,12,15,15,0.3,0.2999667,-1.214931e-09,4917132.0,3042.477608791887,5,304862184.0,ok,0,30,62
vco_current_max,12,15,15,0.35,0.350002,-1.865179e-10,4873668.0,4022.079064364598,5,302167416.0,ok,0,30,62
vco_current_max,12,15,15,0.4,0.3999872,-9.712009e-12,4808888.0,4995.094593698902,5,298151056.0,ok,0,30,62
vco_current_max,12,15,15,0.45,0.4499805,-5.804739e-11,4695712.0,3117.742773225527,5,291134144.0,ok,0,30,62
vco_current_max,12,15,15,0.5,0.4999764,-2.005098e-10,4360986.0,15056.619142423708,5,270381132.0,ok,0,30,62
vco_current_max,12,15,15,0.55,0.5499715,8.632273e-11,3480288.2,20334.8431565134,5,215777868.4,ok,0,30,62
vco_current_max,12,15,15,0.6,0.5999664,-2.815592e-11,2135515.2,37578.51638503042,5,132401942.4,ok,0,30,62
vco_current_max,12,15,15,0.65,0.6499876,-7.168099e-12,4905770.0,63919.36913017838,5,78492320.0,ok,0,7,16
vco_current_max,12,15,15,0.7,0.6999758,6.151896e-11,3784699.2,10987.04888493721,5,60555187.2,ok,0,7,16
vco_current_max,12,15,15,0.75,0.7499774,4.240338e-10,3419271.6,4354.872248413264,5,54708345.6,ok,0,7,16
vco_current_min,12,0,0,0.0,1.401349e-07,-1.817224e-09,4929152.0,867.5943752699184,5,867530752.0,ok,0,87,176
vco_current_min,12,0,0,0.05,0.04999626,-1.195215e-09,4928376.0,1062.5817615600222,5,867394176.0,ok,0,87,176
vco_current_min,12,0,0,0.1,0.0999878,-7.894462e-10,4928764.0,1062.5817615600222,5,867462464.0,ok,0,87,176
vco_current_min,12,0,0,0.15,0.1499894,-5.305935e-10,4929152.0,867.5943752699184,5,867530752.0,ok,0,87,176
vco_current_min,12,0,0,0.2,0.1999859,-4.695375e-10,4928764.0,1062.5817615600222,5,867462464.0,ok,0,87,176
vco_current_min,12,0,0,0.25,0.2499793,-5.038814e-10,4928376.0,1062.5817615600222,5,867394176.0,ok,0,87,176
vco_current_min,12,0,0,0.3,0.2999645,-3.016331e-10,4927600.0,0.0,5,867257600.0,ok,0,87,176
vco_current_min,12,0,0,0.35,0.3500021,-1.992378e-10,4927600.0,0.0,5,867257600.0,ok,0,87,176
vco_current_min,12,0,0,0.4,0.3999873,-1.222827e-10,4924496.0,1062.5817615600222,5,866711296.0,ok,0,87,176
vco_current_min,12,0,0,0.45,0.4499798,1.509168e-11,4920228.0,867.5943752699184,5,865960128.0,ok,0,87,176
vco_current_min,12,0,0,0.5,0.4999765,-5.613955e-11,4907784.0,1039.5575982118548,5,863769984.0,ok,0,87,176
vco_current_min,12,0,0,0.55,0.5499713,-1.01295e-10,4875020.0,849.7058314499201,5,858003520.0,ok,0,87,176
vco_current_min,12,0,0,0.6,0.5999667,-6.186342e-11,4831332.0,1024.2411825346605,5,850314432.0,ok,0,87,176
vco_current_min,12,0,0,0.65,0.6499884,-2.370387e-11,4810370.0,827.3451516749221,5,846625120.0,ok,0,87,176
vco_current_min,12,0,0,0.7,0.6999747,7.459616e-12,4805930.0,827.3451516749221,5,845843680.0,ok,0,87,176
vco_current_min,12,0,0,0.75,0.7499776,2.866602e-10,4804450.0,1308.147545195113,5,845583200.0,ok,0,87,176
vco_current_min,12,1,0,0.0,-2.030429e-07,-1.96414e-09,4928376.0,1062.5817615600222,5,867394176.0,ok,0,87,176
vco_current_min,12,1,0,0.05,0.04999636,-1.299519e-09,4927988.0,867.5943752699184,5,867325888.0,ok,0,87,176
vco_current_min,12,1,0,0.1,0.09998827,-9.134665e-10,4928376.0,1062.5817615600222,5,867394176.0,ok,0,87,176
vco_current_min,12,1,0,0.15,0.149988,-7.112179e-10,4927988.0,867.5943752699184,5,867325888.0,ok,0,87,176
vco_current_min,12,1,0,0.2,0.1999855,-4.364653e-10,4927600.0,0.0,5,867257600.0,ok,0,87,176
vco_current_min,12,1,0,0.25,0.2499789,-3.595091e-10,4927600.0,0.0,5,867257600.0,ok,0,87,176
vco_current_min,12,1,0,0.3,0.2999638,-2.189535e-10,4927212.0,867.5943752699184,5,867189312.0,ok,0,87,176
vco_current_min,12,1,0,0.35,0.3500003,1.099815e-12,4926824.0,1062.5817615600222,5,867121024.0,ok,0,87,176
vco_current_min,12,1,0,0.4,0.3999868,-9.711953e-12,4925660.0,0.0,5,866916160.0,ok,0,87,176
vco_current_min,12,1,0,0.45,0.4499793,2.653947e-11,4920312.0,715.7653246700346,5,865974912.0,ok,0,87,176
vco_current_min,12,1,0,0.5,0.4999765,4.879927e-11,4907604.0,863.1222393149188,5,863738304.0,ok,0,87,176
vco_current_min,12,1,0,0.55,0.5499713,-2.115988e-11,4872360.0,1040.6728592598156,5,857535360.0,ok,0,87,176
vco_current_min,12,1,0,0.6,0.599966,5.961107e-11,4829462.0,1024.2411825346605,5,849985312.0,ok,0,87,176
vco_current_min,12,1,0,0.65,0.6499882,-8.221521e-11,4806300.0,0.0,5,845908800.0,ok,0,87,176
vco_current_min,12,1,0,0.7,0.6999752,1.505579e-10,4801376.0,1117.354017310539,5,845042176.0,ok,0,87,176
vco_current_min,12,1,0,0.75,0.7499778,2.764844e-10,4800968.0,912.3157348199142,5,844970368.0,ok,0,87,176
vco_current_min,12,2,0,0.0,-1.003646e-06,-1.891637e-09,4926824.0,1062.5817615600222,5,867121024.0,ok,0,87,176
vco_current_min,12,2,0,0.05,0.04999498,-1.383471e-09,4927212.0,867.5943752699184,5,867189312.0,ok,0,87,176
vco_current_min,12,2,0,0.1,0.09998802,-7.17578e-10,4926436.0,1062.5817615600222,5,867052736.0,ok,0,87,176
vco_current_min,12,2,0,0.15,0.1499884,-7.048579e-10,4926436.0,1062.5817615600222,5,867052736.0,ok,0,87,176
vco_current_min,12,2,0,0.2,0.1999857,-4.797135e-10,4926824.0,1062.5817615600222,5,867121024.0,ok,0,87,176
vco_current_min,12,2,0,0.25,0.2499795,-2.86369e-10,4926048.0,867.5943752699184,5,866984448.0,ok,0,87,176
vco_current_min,12,2,0,0.3,0.2999645,-1.757061e-10,4924108.0,867.5943752699184,5,866643008.0,ok,0,87,176
vco_current_min,12,2,0,0.35,0.3500007,-2.043257e-10,4923720.0,0.0,5,866574720.0,ok,0,87,176
vco_current_min,12,2,0,0.4,0.3999864,-1.432704e-10,4922556.0,1062.5817615600222,5,866369856.0,ok,0,87,176
vco_current_min,12,2,0,0.45,0.4499798,-8.984712e-11,4919064.0,1062.5817615600222,5,865755264.0,ok,0,87,176
vco_current_min,12,2,0,0.5,0.4999762,-4.469165e-11,4903772.0,1525.4900851857412,5,863063872.0,ok,0,87,176
vco_current_min,12,2,0,0.55,0.5499715,4.434725e-11,4866036.0,1610.3043190651883,5,856422336.0,ok,0,87,176
vco_current_min,12,2,0,0.6,0.5999659,2.081549e-11,4816288.0,1655.8139992160955,5,847666688.0,ok,0,87,176
vco_current_min,12,2,0,0.65,0.6499881,1.509168e-11,4790992.0,822.8730157199226,5,843214592.0,ok,0,87,176
vco_current_min,12,2,0,0.7,0.6999762,5.452319e-11,4783620.0,1294.005409571382,5,841917120.0,ok,0,87,176
vco_current_min,12,2,0,0.75,0.7499772,2.186088e-10,4782776.0,601.0657202003788,5,841768576.0,ok,0,87,176
vco_current_min,12,3,0,0.0,-6.604969e-07,-1.859837e-09,4926824.0,1062.5817615600222,5,867121024.0,ok,0,87,176
vco_current_min,12,3,0,0.05,0.04999499,-1.235283e-09,4926048.0,867.5943752699184,5,866984448.0,ok,0,87,176
vco_current_min,12,3,0,0.1,0.09998818,-9.624388e-10,4925660.0,0.0,5,866916160.0,ok,0,87,176
vco_current_min,12,3,0,0.15,0.1499888,-7.13762e-10,4924496.0,1062.5817615600222,5,866711296.0,ok,0,87,176
vco_current_min,12,3,0,0.2,0.1999861,-3.906732e-10,4925272.0,867.5943752699184,5,866847872.0,ok,0,87,176
vco_current_min,12,3,0,0.25,0.2499793,-2.83189e-10,4924108.0,867.5943752699184,5,866643008.0,ok,0,87,176
vco_current_min,12,3,0,0.3,0.2999648,-2.98453e-10,4924496.0,1062.5817615600222,5,866711296.0,ok,0,87,176
vco_current_min,12,3,0,0.35,0.3500013,-1.369105e-10,4923720.0,0.0,5,866574720.0,ok,0,87,176
vco_current_min,12,3,0,0.4,0.399987,-8.666712e-11,4921392.0,867.5943752699184,5,866164992.0,ok,0,87,176
vco_current_min,12,3,0,0.45,0.4499787,-1.00023e-10,4917462.0,979.3977741449079,5,865473312.0,ok,0,87,176
vco_current_min,12,3,0,0.5,0.4999751,-2.91457e-10,4903680.0,0.0,5,863047680.0,ok,0,87,176
vco_current_min,12,3,0,0.55,0.5499715,-3.833182e-11,4864104.0,1035.195633684764,5,856082304.0,ok,0,87,176
vco_current_min,12,3,0,0.6,0.5999667,-7.076739e-11,4811850.0,1850.0,5,846885600.0,ok,0,87,176
vco_current_min,12,3,0,0.65,0.6499867,6.279088e-11,4785450.0,1294.005409571382,5,842239200.0,ok,0,87,176
vco_current_min,12,3,0,0.7,0.6999751,1.104904e-10,4779594.0,818.400879764923,5,841208544.0,ok,0,87,176
vco_current_min,12,3,0,0.75,0.7499776,3.178238e-10,4778496.0,818.400879764923,5,841015296.0,ok,0,87,176
vco_current_min,12,4,0,0.0,-6.604532e-07,-1.839485e-09,4925272.0,867.5943752699184,5,866847872.0,ok,0,87,176
vco_current_min,12,4,0,0.05,0.04999477,-1.195851e-09,4923720.0,0.0,5,866574720.0,ok,0,87,176
vco_current_min,12,4,0,0.1,0.09998815,-6.972259e-10,4924496.0,1062.5817615600222,5,866711296.0,ok,0,87,176
vco_current_min,12,4,0,0.15,0.1499889,-5.057895e-10,4923720.0,0.0,5,866574720.0,ok,0,87,176
vco_current_min,12,4,0,0.2,0.1999855,-3.467892e-10,4923332.0,867.5943752699184,5,866506432.0,ok,0,87,176
vco_current_min,12,4,0,0.25,0.249979,-4.243813e-10,4923720.0,0.0,5,866574720.0,ok,0,87,176
vco_current_min,12,4,0,0.3,0.2999643,-1.852459e-10,4922944.0,1062.5817615600222,5,866438144.0,ok,0,87,176
vco_current_min,12,4,0,0.35,0.3500014,-1.648942e-10,4922168.0,867.5943752699184,5,866301568.0,ok,0,87,176
vco_current_min,12,4,0,0.4,0.3999872,-1.076549e-10,4919840.0,0.0,5,865891840.0,ok,0,87,176
vco_current_min,12,4,0,0.45,0.44998,-8.857517e-11,4914552.0,1057.1045359849707,5,864961152.0,ok,0,87,176
vco_current_min,12,4,0,0.5,0.4999761,-5.550363e-11,4899456.0,858.6501033599193,5,862304256.0,ok,0,87,176
vco_current_min,12,4,0,0.55,0.5499727,-4.659953e-11,4857782.0,1355.3117722502082,5,854969632.0,ok,0,87,176
vco_current_min,12,4,0,0.6,0.5999657,3.162745e-11,4797248.0,1539.454448822699,5,844315648.0,ok,0,87,176
vco_current_min,12,4,0,0.65,0.6499869,-1.388186e-10,4765852.0,996.8550546594023,5,838789952.0,ok,0,87,176
vco_current_min,12,4,0,0.7,0.6999742,5.261502e-11,4760738.0,399.83746697877126,5,837889888.0,ok,0,87,176
vco_current_min,12,4,0,0.75,0.7499768,3.025598e-10,4758480.0,1875.1133299083551,5,837492480.0,ok,0,87,176
vco_current_min,12,5,0,0.0,-1.117995e-06,-1.855385e-09,4923332.0,867.5943752699184,5,866506432.0,ok,0,87,176
vco_current_min,12,5,0,0.05,0.04999703,-1.405731e-09,4923332.0,867.5943752699184,5,866506432.0,ok,0,87,176
vco_current_min,12,5,0,0.1,0.09998742,-8.123421e-10,4923720.0,1371.7871555019021,5,866574720.0,ok,0,87,176
vco_current_min,12,5,0,0.15,0.1499893,-4.485494e-10,4923720.0,0.0,5,866574720.0,ok,0,87,176
vco_current_min,12,5,0,0.2,0.1999858,-2.507532e-10,4922556.0,1735.1887505398367,5,866369856.0,ok,0,87,176
vco_current_min,12,5,0,0.25,0.249979,-4.345573e-10,4923720.0,0.0,5,866574720.0,ok,0,87,176
vco_current_min,12,5,0,0.3,0.2999653,-1.82066e-10,4922168.0,867.5943752699184,5,866301568.0,ok,0,87,176
vco_current_min,12,5,0,0.35,0.3500025,6.533515e-11,4921004.0,1062.5817615600222,5,866096704.0,ok,0,87,176
vco_current_min,12,5,0,0.4,0.3999872,-6.949528e-11,4919452.0,867.5943752699184,5,865823552.0,ok,0,87,176
vco_current_min,12,5,0,0.45,0.4499817,-9.747898e-11,4913780.0,0.0,5,864825280.0,ok,0,87,176
vco_current_min,12,5,0,0.5,0.4999781,1.480142e-10,4897920.0,0.0,5,862033920.0,ok,0,87,176
vco_current_min,12,5,0,0.55,0.5499724,-4.405563e-11,4854654.0,1035.195633684764,5,854419104.0,ok,0,87,176
vco_current_min,12,5,0,0.6,0.5999677,-2.68838e-11,4793568.0,822.8730157199226,5,843667968.0,ok,0,87,176
vco_current_min,12,5,0,0.65,0.6499881,-4.341966e-11,4761748.0,809.4566078549238,5,838067648.0,ok,0,87,176
vco_current_min,12,5,0,0.7,0.6999757,1.842655e-10,4755232.0,809.4566078549238,5,836920832.0,ok,0,87,176
vco_current_min,12,5,0,0.75,0.7499774,2.224249e-10,4751974.0,991.3778290843507,5,836347424.0,ok,0,87,176
vco_current_min,12,6,0,0.0,-4.317408e-07,-1.849025e-09,4921780.0,0.0,5,866233280.0,ok,0,87,176
vco_current_min,12,6,0,0.05,0.04999637,-1.396192e-09,4921780.0,1371.7871555019021,5,866233280.0,ok,0,87,176
vco_current_min,12,6,0,0.1,0.09998838,-9.363625e-10,4921780.0,0.0,5,866233280.0,ok,0,87,176
vco_current_min,12,6,0,0.15,0.1499888,-5.802017e-10,4921004.0,1062.5817615600222,5,866096704.0,ok,0,87,176
vco_current_min,12,6,0,0.2,0.1999859,-3.20713e-10,4920248.0,746.404715955091,5,865963648.0,ok,0,87,176
vco_current_min,12,6,0,0.25,0.2499794,-4.402813e-10,4919840.0,0.0,5,865891840.0,ok,0,87,176
vco_current_min,12,6,0,0.3,0.2999638,-3.397931e-10,4920228.0,867.5943752699184,5,865960128.0,ok,0,87,176
vco_current_min,12,6,0,0.35,0.3500023,4.498349e-11,4918676.0,1062.5817615600222,5,865686976.0,ok,0,87,176
vco_current_min,12,6,0,0.4,0.3999885,-1.260986e-10,4917024.0,1199.5124009363137,5,865396224.0,ok,0,87,176
vco_current_min,12,6,0,0.45,0.4499811,1.976216e-10,4912236.0,863.1222393149188,5,864553536.0,ok,0,87,176
vco_current_min,12,6,0,0.5,0.4999773,9.586273e-11,4894080.0,0.0,5,861358080.0,ok,0,87,176
vco_current_min,12,6,0,0.55,0.549971,-1.547183e-10,4847392.0,1029.7184081097123,5,853140992.0,ok,0,87,176
vco_current_min,12,6,0,0.6,0.5999668,-8.793911e-11,4773132.0,996.8550546594023,5,840071232.0,ok,0,87,176
vco_current_min,12,6,0,0.65,0.6499878,4.639067e-13,4735050.0,684.6531968814577,5,833368800.0,ok,0,87,176
vco_current_min,12,6,0,0.7,0.6999741,1.34658e-10,4726316.0,980.4233779342474,5,831831616.0,ok,0,87,176
vco_current_min,12,6,0,0.75,0.7499774,2.841165e-10,4725242.0,800.5123359449248,5,831642592.0,ok,0,87,176
vco_current_min,12,7,0,0.0,-5.460606e-07,-1.859201e-09,4921392.0,867.5943752699184,5,866164992.0,ok,0,87,176
vco_current_min,12,7,0,0.05,0.04999559,-1.402552e-09,4921004.0,1062.5817615600222,5,866096704.0,ok,0,87,176
vco_current_min,12,7,0,0.1,0.09998781,-1.053387e-09,4920980.0,906.2008607367353,5,866092480.0,ok,0,87,176
vco_current_min,12,7,0,0.15,0.149989,-4.046653e-10,4920228.0,867.5943752699184,5,865960128.0,ok,0,87,176
vco_current_min,12,7,0,0.2,0.1999856,-4.091173e-10,4919840.0,0.0,5,865891840.0,ok,0,87,176
vco_current_min,12,7,0,0.25,0.2499795,-2.93365e-10,4919840.0,1371.7871555019021,5,865891840.0,ok,0,87,176
vco_current_min,12,7,0,0.3,0.2999645,-2.596571e-10,4919452.0,867.5943752699184,5,865823552.0,ok,0,87,176
vco_current_min,12,7,0,0.35,0.3500018,-8.221517e-11,4918288.0,867.5943752699184,5,865618688.0,ok,0,87,176
vco_current_min,12,7,0,0.4,0.3999868,-1.260986e-10,4916148.0,979.3977741449079,5,865242048.0,ok,0,87,176
vco_current_min,12,7,0,0.45,0.4499805,-3.372491e-10,4910692.0,1057.1045359849707,5,864281792.0,ok,0,87,176
vco_current_min,12,7,0,0.5,0.4999765,-4.532755e-11,4893696.0,858.6501033599193,5,861290496.0,ok,0,87,176
vco_current_min,12,7,0,0.55,0.5499718,4.243936e-11,4844364.0,2428.2565762291265,5,852608064.0,ok,0,87,176
vco_current_min,12,7,0,0.6,0.5999666,-6.695136e-11,4768400.0,1286.9343417595164,5,839238400.0,ok,0,87,176
vco_current_min,12,7,0,0.65,0.6499878,1.906256e-10,4729180.0,0.0,5,832335680.0,ok,0,87,176
vco_current_min,12,7,0,0.7,0.6999745,1.607339e-10,4719136.0,796.0401999899251,5,830567936.0,ok,0,87,176
vco_current_min,12,7,0,0.75,0.7499774,3.578913e-10,4718424.0,796.0401999899251,5,830442624.0,ok,0,87,176
vco_current_min,12,8,0,0.0,-3.173336e-07,-1.943789e-09,4962036.0,881.0107831349171,5,863394264.0,ok,0,86,174
vco_current_min,12,8,0,0.05,0.04999641,-1.234012e-09,4962036.0,881.0107831349171,5,863394264.0,ok,0,86,174
vco_current_min,12,8,0,0.1,0.09998763,-1.066107e-09,4962036.0,881.0107831349171,5,863394264.0,ok,0,86,174
vco_current_min,12,8,0,0.15,0.1499894,-6.501619e-10,4962036.0,881.0107831349171,5,863394264.0,ok,0,86,174
vco_current_min,12,8,0,0.2,0.199986,-6.781458e-10,4961642.0,1079.0134382851772,5,863325708.0,ok,0,86,174
vco_current_min,12,8,0,0.25,0.2499798,-1.7825e-10,4961178.0,737.9159843776255,5,863244972.0,ok,0,86,174
vco_current_min,12,8,0,0.3,0.2999655,-6.631522e-11,4958490.0,0.0,5,862777260.0,ok,0,86,174
vco_current_min,12,8,0,0.35,0.3500023,-2.164096e-10,4958096.0,881.0107831349171,5,862708704.0,ok,0,86,174
vco_current_min,12,8,0,0.4,0.3999877,-1.776141e-10,4954880.0,0.0,5,862149120.0,ok,0,86,174
vco_current_min,12,8,0,0.45,0.4499809,-3.324371e-11,4946650.0,877.6673629570602,5,860717100.0,ok,0,86,174
vco_current_min,12,8,0,0.5,0.499976,-2.052394e-11,4917024.0,1199.5124009363137,5,855562176.0,ok,0,86,174
vco_current_min,12,8,0,0.55,0.5499721,-1.394545e-10,4780344.0,4768.6035691803945,5,831779856.0,ok,0,86,174
vco_current_min,12,8,0,0.6,0.5999662,9.459081e-11,4225760.0,19717.733135429135,5,735282240.0,ok,0,86,174
vco_current_min,12,8,0,0.65,0.6499874,4.498324e-11,3698626.2,5645.306209586864,5,643560958.8000001,ok,0,86,174
vco_current_min,12,8,0,0.7,0.6999747,-1.798001e-11,3576953.0,5968.789366362328,5,622389822.0,ok,0,86,174
vco_current_min,12,8,0,0.75,0.7499778,2.217892e-10,3556210.0,3193.900436770063,5,618780540.0,ok,0,86,174
vco_current_min,12,9,0,0.0,-1.461143e-06,-2.090706e-09,4961642.0,1079.0134382851772,5,863325708.0,ok,0,86,174
vco_current_min,12,9,0,0.05,0.04999499,-1.436895e-09,4960854.0,881.0107831349171,5,863188596.0,ok,0,86,174
vco_current_min,12,9,0,0.1,0.09998678,-9.408145e-10,4960854.0,881.0107831349171,5,863188596.0,ok,0,86,174
vco_current_min,12,9,0,0.15,0.1499896,-6.151818e-10,4960854.0,881.0107831349171,5,863188596.0,ok,0,86,174
vco_current_min,12,9,0,0.2,0.1999858,-3.200771e-10,4960460.0,1393.0003589374987,5,863120040.0,ok,0,86,174
vco_current_min,12,9,0,0.25,0.2499788,-4.326494e-10,4960174.0,969.9896906668648,5,863070276.0,ok,0,86,174
vco_current_min,12,9,0,0.3,0.299964,-1.502663e-10,4959058.0,869.5803585638305,5,862876092.0,ok,0,86,174
vco_current_min,12,9,0,0.35,0.3500019,1.041309e-10,4958096.0,881.0107831349171,5,862708704.0,ok,0,86,174
vco_current_min,12,9,0,0.4,0.3999876,-2.463012e-10,4954488.0,876.5386471799176,5,862080912.0,ok,0,86,174
vco_current_min,12,9,0,0.45,0.4499809,-3.260767e-11,4944688.0,876.5386471799176,5,860375712.0,ok,0,86,174
vco_current_min,12,9,0,0.5,0.4999767,-3.769571e-11,4913394.0,1614.7538512107658,5,854930556.0,ok,0,86,174
vco_current_min,12,9,0,0.55,0.5499719,-9.493503e-11,4769920.0,6126.777293161553,5,829966080.0,ok,0,86,174
vco_current_min,12,9,0,0.6,0.5999657,-6.440749e-11,4153366.0,13412.101997822712,5,722685684.0,ok,0,86,174
vco_current_min,12,9,0,0.65,0.6499882,2.908357e-11,3592968.0,5659.520297693083,5,625176432.0,ok,0,86,174
vco_current_min,12,9,0,0.7,0.6999748,7.169468e-11,3459375.0,3966.048032992036,5,601931250.0,ok,0,86,174
vco_current_min,12,9,0,0.75,0.7499766,4.971729e-10,3435751.8,2062.6817980483565,5,597820813.1999999,ok,0,86,174
vco_current_min,12,10,0,0.0,-6.604387e-07,-1.920258e-09,4957702.0,1079.0134382851772,5,862640148.0,ok,0,86,174
vco_current_min,12,10,0,0.05,0.04999625,-1.255635e-09,4958096.0,881.0107831349171,5,862708704.0,ok,0,86,174
vco_current_min,12,10,0,0.1,0.09998797,-7.551023e-10,4956914.0,881.0107831349171,5,862503036.0,ok,0,86,174
vco_current_min,12,10,0,0.15,0.1499888,-7.44926e-10,4956586.0,1279.5233487514013,5,862445964.0,ok,0,86,174
vco_current_min,12,10,0,0.2,0.1999854,-4.568175e-10,4956520.0,0.0,5,862434480.0,ok,0,86,174
vco_current_min,12,10,0,0.25,0.2499783,-1.566262e-10,4955864.0,898.2649943084724,5,862320336.0,ok,0,86,174
vco_current_min,12,10,0,0.3,0.2999645,-6.758726e-11,4954880.0,0.0,5,862149120.0,ok,0,86,174
vco_current_min,12,10,0,0.35,0.3500019,-1.289194e-11,4953704.0,1073.5362127101255,5,861944496.0,ok,0,86,174
vco_current_min,12,10,0,0.4,0.3999873,-1.451783e-10,4949000.0,0.0,5,861126000.0,ok,0,86,174
vco_current_min,12,10,0,0.45,0.4499805,-2.170456e-10,4940520.0,1068.058987135074,5,859650480.0,ok,0,86,174
vco_current_min,12,10,0,0.5,0.4999764,-1.400904e-10,4903004.0,2335.140252747145,5,853122696.0,ok,0,86,174
vco_current_min,12,10,0,0.55,0.549971,1.779058e-10,4721942.0,4573.786177774383,5,821617908.0,ok,0,86,174
vco_current_min,12,10,0,0.6,0.5999662,7.233111e-11,3774879.0,8753.18816203559,5,656828946.0,ok,0,86,174
vco_current_min,12,10,0,0.65,0.6499873,-5.423154e-11,3042448.6,2221.1919772950737,5,529386056.40000004,ok,0,86,174
vco_current_min,12,10,0,0.7,0.6999751,6.088319e-11,2879142.2,5081.805407529887,5,500970742.8,ok,0,86,174
vco_current_min,12,10,0,0.75,0.7499771,4.371117e-11,2849517.4,4769.603212008311,5,495816027.59999996,ok,0,86,174
vco_current_min,12,11,0,0.0,-1.461143e-06,-2.079894e-09,4956914.0,881.0107831349171,5,862503036.0,ok,0,86,174
vco_current_min,12,11,0,0.05,0.04999548,-1.41082e-09,4955864.0,898.2649943084724,5,862320336.0,ok,0,86,174
vco_current_min,12,11,0,0.1,0.09998704,-9.840628e-10,4956520.0,0.0,5,862434480.0,ok,0,86,174
vco_current_min,12,11,0,0.15,0.1499887,-3.226211e-10,4955864.0,898.2649943084724,5,862320336.0,ok,0,86,174
vco_current_min,12,11,0,0.2,0.1999851,-6.030978e-10,4955536.0,898.2649943084724,5,862263264.0,ok,0,86,174
vco_current_min,12,11,0,0.25,0.2499788,-5.846538e-10,4955208.0,733.430296619931,5,862206192.0,ok,0,86,174
vco_current_min,12,11,0,0.3,0.2999643,-1.070188e-10,4954096.0,1073.5362127101255,5,862012704.0,ok,0,86,174
vco_current_min,12,11,0,0.35,0.3500006,6.151923e-11,4953312.0,876.5386471799176,5,861876288.0,ok,0,86,174
vco_current_min,12,11,0,0.4,0.3999863,-2.329454e-10,4948608.0,876.5386471799176,5,861057792.0,ok,0,86,174
vco_current_min,12,11,0,0.45,0.4499809,8.250697e-11,4939740.0,872.066511224918,5,859514760.0,ok,0,86,174
vco_current_min,12,11,0,0.5,0.4999769,1.607341e-10,4900224.0,858.6501033599193,5,852638976.0,ok,0,86,174
vco_current_min,12,11,0,0.55,0.5499719,9.904264e-11,4705352.0,5074.393559825647,5,818731248.0,ok,0,86,174
vco_current_min,12,11,0,0.6,0.5999667,-1.769781e-10,3679271.6,41177.52985306428,5,640193258.4,ok,0,86,174
vco_current_min,12,11,0,0.65,0.6499882,1.509157e-11,2907379.2,5929.0465675351215,5,505883980.8,ok,0,86,174
vco_current_min,12,11,0,0.7,0.6999759,-5.359552e-11,2731248.2,4893.946689533919,5,475237186.8,ok,0,86,174
vco_current_min,12,11,0,0.75,0.7499782,2.147933e-10,2699315.4,4327.253378298988,5,469680879.59999996,ok,0,86,174
vco_current_min,12,12,0,0.0,2.575689e-08,-2.122505e-09,4952920.0,0.0,5,861808080.0,ok,0,86,174
vco_current_min,12,12,0,0.05,0.04999664,-1.075011e-09,4953312.0,876.5386471799176,5,861876288.0,ok,0,86,174
vco_current_min,12,12,0,0.1,0.09998862,-1.134795e-09,4953312.0,876.5386471799176,5,861876288.0,ok,0,86,174
vco_current_min,12,12,0,0.15,0.1499895,-3.289811e-10,4952920.0,0.0,5,861808080.0,ok,0,86,174
vco_current_min,12,12,0,0.2,0.1999866,-5.210536e-10,4952136.0,1073.5362127101255,5,861671664.0,ok,0,86,174
vco_current_min,12,12,0,0.25,0.24998,-3.264371e-10,4950960.0,0.0,5,861467040.0,ok,0,86,174
vco_current_min,12,12,0,0.3,0.2999648,3.007844e-12,4950568.0,876.5386471799176,5,861398832.0,ok,0,86,174
vco_current_min,12,12,0,0.35,0.3500028,-4.485494e-10,4948608.0,876.5386471799176,5,861057792.0,ok,0,86,174
vco_current_min,12,12,0,0.4,0.3999886,1.232105e-10,4944688.0,876.5386471799176,5,860375712.0,ok,0,86,174
vco_current_min,12,12,0,0.45,0.4499817,8.377893e-11,4933110.0,872.066511224918,5,858361140.0,ok,0,86,174
vco_current_min,12,12,0,0.5,0.4999764,9.141082e-11,4889730.0,1590.3773137214955,5,850813020.0,ok,0,86,174
vco_current_min,12,12,0,0.55,0.5499725,3.94779e-10,4625000.0,10738.00726392006,5,804750000.0,ok,0,86,174
vco_current_min,12,12,0,0.6,0.5999669,-1.171947e-10,3169664.4,38140.531627128636,5,551521605.6,ok,0,86,174
vco_current_min,12,12,0,0.65,0.6499882,1.480141e-10,2232303.8,10867.34717858963,5,388420861.2,ok,0,86,174
vco_current_min,12,12,0,0.7,0.6999752,-8.094318e-11,2009920.2,3125.0185919446944,5,349726114.8,ok,0,86,174
vco_current_min,12,12,0,0.75,0.7499778,4.259429e-10,5050256.0,8130.3093422083275,5,343417408.0,ok,0,33,68
vco_current_min,12,13,0,0.0,-8.891948e-07,-1.90245e-09,4951744.0,1073.5362127101255,5,861603456.0,ok,0,86,174
vco_current_min,12,13,0,0.05,0.0499957,-1.136703e-09,4951744.0,1073.5362127101255,5,861603456.0,ok,0,86,174
vco_current_min,12,13,0,0.1,0.09998825,-1.095363e-09,4951352.0,876.5386471799176,5,861535248.0,ok,0,86,174
vco_current_min,12,13,0,0.15,0.149989,-7.143981e-10,4950960.0,0.0,5,861467040.0,ok,0,86,174
vco_current_min,12,13,0,0.2,0.1999871,-3.499692e-10,4950960.0,0.0,5,861467040.0,ok,0,86,174
vco_current_min,12,13,0,0.25,0.2499799,-1.979658e-10,4949784.0,1073.5362127101255,5,861262416.0,ok,0,86,174
vco_current_min,12,13,0,0.3,0.299965,-1.731621e-10,4948608.0,876.5386471799176,5,861057792.0,ok,0,86,174
vco_current_min,12,13,0,0.35,0.3500029,-4.405556e-11,4946650.0,877.6673629570602,5,860717100.0,ok,0,86,174
vco_current_min,12,13,0,0.4,0.3999882,-1.674381e-10,4943120.0,0.0,5,860102880.0,ok,0,86,174
vco_current_min,12,13,0,0.45,0.4499809,-2.418493e-10,4931940.0,872.066511224918,5,858157560.0,ok,0,86,174
vco_current_min,12,13,0,0.5,0.4999774,1.461061e-10,4886926.0,1046.1500848348674,5,850325124.0,ok,0,86,174
vco_current_min,12,13,0,0.55,0.5499713,1.804497e-10,4602852.0,10161.287812083663,5,800896248.0,ok,0,86,174
vco_current_min,12,13,0,0.6,0.5999672,-1.388185e-10,3052932.6,16745.777820095427,5,531210272.40000004,ok,0,86,174
vco_current_min,12,13,0,0.65,0.6499874,-1.528104e-10,2050527.4,4900.882451151017,5,356791767.59999996,ok,0,86,174
vco_current_min,12,13,0,0.7,0.6999767,4.291225e-10,4951624.0,8792.387616569233,5,316903936.0,ok,0,31,64
vco_current_min,12,13,0,0.75,0.7499779,3.699753e-10,4833540.0,7550.254962582389,5,309346560.0,ok,0,31,64
vco_current_min,12,14,0,0.0,8.264469e-07,-2.07099e-09,4948090.0,962.8603221651622,5,860967660.0,ok,0,86,174
vco_current_min,12,14,0,0.05,0.04999672,-1.642324e-09,4947436.0,874.3168761953528,5,860853864.0,ok,0,86,174
vco_current_min,12,14,0,0.1,0.09998825,-1.063563e-09,4948218.0,1070.803436677339,5,860989932.0,ok,0,86,174
vco_current_min,12,14,0,0.15,0.1499897,-8.187023e-10,4947042.0,4.47213595499958,5,860785308.0,ok,0,86,174
vco_current_min,12,14,0,0.2,0.1999868,2.463166e-11,4946326.0,989.5857719268199,5,860660724.0,ok,0,86,174
vco_current_min,12,14,0,0.25,0.2499795,-8.221503e-11,4945864.0,1073.5362127101255,5,860580336.0,ok,0,86,174
vco_current_min,12,14,0,0.3,0.2999657,1.572784e-11,4943904.0,1073.5362127101255,5,860239296.0,ok,0,86,174
vco_current_min,12,14,0,0.35,0.3500028,-2.71105e-10,4942392.0,996.8550546594023,5,859976208.0,ok,0,86,174
vco_current_min,12,14,0,0.4,0.3999871,1.352944e-10,4937790.0,872.066511224918,5,859175460.0,ok,0,86,174
vco_current_min,12,14,0,0.45,0.4499805,2.781148e-11,4925272.0,867.5943752699184,5,856997328.0,ok,0,86,174
vco_current_min,12,14,0,0.5,0.4999772,1.047668e-10,4875400.0,2687.0057685088805,5,848319600.0,ok,0,86,174
vco_current_min,12,14,0,0.55,0.5499724,4.279826e-12,4461400.0,29935.754542018814,5,776283600.0,ok,0,86,174
vco_current_min,12,14,0,0.6,0.5999672,-2.151376e-10,2333427.6,30200.660957998916,5,406016402.40000004,ok,0,86,174
vco_current_min,12,14,0,0.65,0.6499888,-2.68838e-11,5296428.0,41146.55234646033,5,190671408.0,ok,0,17,36
vco_current_min,12,14,0,0.7,0.6999754,5.706702e-11,3470426.6,7558.296587194763,5,124935357.60000001,ok,0,17,36
vco_current_min,12,14,0,0.75,0.7499776,4.354823e-10,3181589.2,6360.201309707108,5,114537211.2,ok,0,17,36
vco_current_min,12,15,0,0.0,-3.173045e-07,-2.009934e-09,4947110.0,1269.0153663372243,5,860797140.0,ok,0,86,174
vco_current_min,12,15,0,0.05,0.0499973,-1.155147e-09,4946396.0,890.9713800117263,5,860672904.0,ok,0,86,174
vco_current_min,12,15,0,0.1,0.09998782,-7.207581e-10,4946256.0,1073.5362127101255,5,860648544.0,ok,0,86,174
vco_current_min,12,15,0,0.15,0.1499898,-5.859258e-10,4946650.0,877.6673629570602,5,860717100.0,ok,0,86,174
vco_current_min,12,15,0,0.2,0.1999857,-4.027572e-10,4945472.0,876.5386471799176,5,860512128.0,ok,0,86,174
vco_current_min,12,15,0,0.25,0.2499792,-4.021213e-10,4944688.0,876.5386471799176,5,860375712.0,ok,0,86,174
vco_current_min,12,15,0,0.3,0.2999653,-2.306777e-11,4943148.0,1336.981675267092,5,860107752.0,ok,0,86,174
vco_current_min,12,15,0,0.35,0.350003,-2.62837e-10,4941664.0,813.9287438099235,5,859849536.0,ok,0,86,174
vco_current_min,12,15,0,0.4,0.3999878,7.551118e-11,4935450.0,0.0,5,858768300.0,ok,0,86,174
vco_current_min,12,15,0,0.45,0.4499799,-2.367614e-10,4924108.0,867.5943752699184,5,856794792.0,ok,0,86,174
vco_current_min,12,15,0,0.5,0.4999762,-1.947859e-10,4871600.0,1343.5028842544402,5,847658400.0,ok,0,86,174
vco_current_min,12,15,0,0.55,0.5499719,-2.214975e-10,4417914.0,13085.047955586559,5,768717036.0,ok,0,86,174
vco_current_min,12,15,0,0.6,0.599967,3.41992e-10,2198081.2,14676.4040452694,5,382466128.8,ok,0,86,174
vco_current_min,12,15,0,0.65,0.6499879,-8.094313e-11,5359124.0,171022.7905280463,5,139337224.0,ok,0,12,26
vco_current_min,12,15,0,0.7,0.6999757,1.938053e-10,2626635.4,11562.027149250256,5,68292520.39999999,ok,0,12,26
vco_current_min,12,15,0,0.75,0.7499782,2.51681e-10,2126778.4,3696.6815253683944,5,55296238.4,ok,0,12,26
vco_current_max,13,15,0,0.0,-3.174064e-07,-2.118689e-09,4946324.0,987.7651542750433,5,801304488.0,ok,0,80,162
vco_current_max,13,15,0,0.05,0.04999672,-1.497316e-09,4945540.0,851.3518661517105,5,801177480.0,ok,0,80,162
vco_current_max,13,15,0,0.1,0.09998804,-1.155147e-09,4945472.0,876.5386471799176,5,801166464.0,ok,0,80,162
vco_current_max,13,15,0,0.15,0.1499892,-5.382256e-10,4945080.0,0.0,5,801102960.0,ok,0,80,162
vco_current_max,13,15,0,0.2,0.199986,-7.6337e-10,4944688.0,876.5386471799176,5,801039456.0,ok,0,80,162
vco_current_max,13,15,0,0.25,0.2499796,-2.253135e-10,4943904.0,1073.5362127101255,5,800912448.0,ok,0,80,162
vco_current_max,13,15,0,0.3,0.2999625,-8.603102e-11,4942756.0,813.9287438099235,5,800726472.0,ok,0,80,162
vco_current_max,13,15,0,0.35,0.3500027,1.969858e-10,4940910.0,872.066511224918,5,800427420.0,ok,0,80,162
vco_current_max,13,15,0,0.4,0.3999882,1.957137e-10,4935840.0,872.066511224918,5,799606080.0,ok,0,80,162
vco_current_max,13,15,0,0.45,0.44998,-3.353411e-10,4924496.0,1062.5817615600222,5,797768352.0,ok,0,80,162
vco_current_max,13,15,0,0.5,0.499976,-2.265855e-10,4874260.0,1040.6728592598156,5,789630120.0,ok,0,80,162
vco_current_max,13,15,0,0.55,0.549972,-2.609291e-10,4465554.0,12699.916535158804,5,723419748.0,ok,0,80,162
vco_current_max,13,15,0,0.6,0.5999666,-1.318226e-10,2296284.4,30515.43368199115,5,371998072.8,ok,0,80,162
vco_current_max,13,15,0,0.65,0.6499882,2.567686e-10,5337508.0,48398.171143133084,5,138775208.0,ok,0,12,26
vco_current_max,13,15,0,0.7,0.6999759,3.1846e-10,2526135.4,9171.791553453448,5,65679520.4,ok,0,12,26
vco_current_max,13,15,0,0.75,0.7499766,4.723697e-10,2057836.2,5027.868057139129,5,53503741.199999996,ok,0,12,26
vco_current_max,13,15,1,0.0,-8.892093e-07,-1.842029e-09,4939350.0,0.0,5,800174700.0,ok,0,80,162
vco_current_max,13,15,1,0.05,0.04999661,-1.33768e-09,4938180.0,1068.058987135074,5,799985160.0,ok,0,80,162
vco_current_max,13,15,1,0.1,0.09998704,-8.002583e-10,4937790.0,872.066511224918,5,799921980.0,ok,0,80,162
vco_current_max,13,15,1,0.15,0.1499898,-7.15034e-10,4937010.0,1631.4870517414474,5,799795620.0,ok,0,80,162
vco_current_max,13,15,1,0.2,0.1999865,-2.450292e-10,4937010.0,872.066511224918,5,799795620.0,ok,0,80,162
vco_current_max,13,15,1,0.25,0.2499795,-4.835294e-10,4935840.0,872.066511224918,5,799606080.0,ok,0,80,162
vco_current_max,13,15,1,0.3,0.2999653,-3.766812e-10,4933854.0,1110.8915338591792,5,799284348.0,ok,0,80,162
vco_current_max,13,15,1,0.35,0.3500014,-1.725261e-10,4931148.0,898.8993269549154,5,798845976.0,ok,0,80,162
vco_current_max,13,15,1,0.4,0.3999878,-2.71741e-10,4926824.0,1062.5817615600222,5,798145488.0,ok,0,80,162
vco_current_max,13,15,1,0.45,0.44998,-2.85097e-10,4910692.0,1057.1045359849707,5,795532104.0,ok,0,80,162
vco_current_max,13,15,1,0.5,0.4999776,-1.82702e-10,4849648.0,2522.284678619763,5,785642976.0,ok,0,80,162
vco_current_max,13,15,1,0.55,0.5499724,-2.70469e-10,4249338.0,37155.52475743009,5,688392756.0,ok,0,80,162
vco_current_max,13,15,1,0.6,0.5999667,-2.304014e-10,2017898.6,57237.70732480469,5,326899573.2,ok,0,80,162
vco_current_max,13,15,1,0.65,0.6499876,-1.108349e-10,5157920.0,57499.22999484428,5,123790080.0,ok,0,11,24
vco_current_max,13,15,1,0.7,0.699975,-1.712542e-10,2651889.6,13804.118164518877,5,63645350.400000006,ok,0,11,24
vco_current_max,13,15,1,0.75,0.7499766,1.263902e-10,2220533.6,3903.680737457919,5,53292806.400000006,ok,0,11,24
vco_current_max,13,15,2,0.0,-4.31668e-07,-1.835033e-09,4927988.0,867.5943752699184,5,798334056.0,ok,0,80,162
vco_current_max,13,15,2,0.05,0.04999616,-1.114443e-09,4927600.0,0.0,5,798271200.0,ok,0,80,162
vco_current_max,13,15,2,0.1,0.09998712,-1.177407e-09,4926824.0,1062.5817615600222,5,798145488.0,ok,0,80,162
vco_current_max,13,15,2,0.15,0.1499901,-3.531491e-10,4927212.0,867.5943752699184,5,798208344.0,ok,0,80,162
vco_current_max,13,15,2,0.2,0.1999871,-3.245291e-10,4925272.0,867.5943752699184,5,797894064.0,ok,0,80,162
vco_current_max,13,15,2,0.25,0.2499793,4.75274e-11,4925660.0,0.0,5,797956920.0,ok,0,80,162
vco_current_max,13,15,2,0.3,0.2999647,2.236974e-10,4922944.0,1062.5817615600222,5,797516928.0,ok,0,80,162
vco_current_max,13,15,2,0.35,0.3500023,-3.124451e-10,4920616.0,1062.5817615600222,5,797139792.0,ok,0,80,162
vco_current_max,13,15,2,0.4,0.3999889,8.250711e-11,4913780.0,0.0,5,796032360.0,ok,0,80,162
vco_current_max,13,15,2,0.45,0.4499811,1.034948e-10,4897536.0,858.6501033599193,5,793400832.0,ok,0,80,162
vco_current_max,13,15,2,0.5,0.4999762,-1.337306e-10,4830202.0,2742.0102115054206,5,782492724.0,ok,0,80,162
vco_current_max,13,15,2,0.55,0.5499712,3.607908e-11,4180216.0,22352.35625163486,5,677194992.0,ok,0,80,162
vco_current_max,13,15,2,0.6,0.599968,-9.620697e-11,5146048.0,74065.2855256766,5,329347072.0,ok,0,31,64
vco_current_max,13,15,2,0.65,0.6499884,1.251184e-10,5132214.0,146091.44150154723,5,123173136.0,ok,0,11,24
vco_current_max,13,15,2,0.7,0.699976,-7.076735e-11,2651633.4,5408.6648814656655,5,63639201.599999994,ok,0,11,24
vco_current_max,13,15,2,0.75,0.7499776,4.869981e-10,2220702.0,3628.776033320326,5,53296848.0,ok,0,11,24
vco_current_max,13,15,3,0.0,1.401495e-07,-2.025197e-09,4976532.0,1084.490663860229,5,796245120.0,ok,0,79,160
vco_current_max,13,15,3,0.05,0.04999602,-1.344675e-09,4975740.0,0.0,5,796118400.0,ok,0,79,160
vco_current_max,13,15,3,0.1,0.09998782,-9.974188e-10,4976136.0,885.4829190899167,5,796181760.0,ok,0,79,160
vco_current_max,13,15,3,0.15,0.1499894,-6.825979e-10,4975740.0,0.0,5,796118400.0,ok,0,79,160
vco_current_max,13,15,3,0.2,0.1999868,-3.467892e-10,4974552.0,1084.490663860229,5,795928320.0,ok,0,79,160
vco_current_max,13,15,3,0.25,0.24998,-4.002133e-10,4973364.0,885.4829190899167,5,795738240.0,ok,0,79,160
vco_current_max,13,15,3,0.3,0.2999645,-2.094137e-10,4970592.0,1084.490663860229,5,795294720.0,ok,0,79,160
vco_current_max,13,15,3,0.35,0.3500031,-8.301499e-10,4968216.0,885.4829190899167,5,794914560.0,ok,0,79,160
vco_current_max,13,15,3,0.4,0.3999877,-1.458144e-10,4961248.0,1079.0134382851772,5,793799680.0,ok,0,79,160
vco_current_max,13,15,3,0.45,0.4499799,1.092187e-10,4940130.0,1068.058987135074,5,790420800.0,ok,0,79,160
vco_current_max,13,15,3,0.5,0.4999773,7.459838e-12,4844704.0,5755.452197699152,5,775152640.0,ok,0,79,160
vco_current_max,13,15,3,0.55,0.5499713,2.108143e-09,3898778.0,44987.40957201248,5,623804480.0,ok,0,79,160
vco_current_max,13,15,3,0.6,0.5999664,1.066745e-10,5133944.0,142148.58715442795,5,277232976.0,ok,0,26,54
vco_current_max,13,15,3,0.65,0.649988,-1.09841e-11,5361218.0,38615.574837104265,5,107224360.0,ok,0,9,20
vco_current_max,13,15,3,0.7,0.699976,-1.137974e-09,3093758.8,12968.839084513309,5,61875176.0,ok,0,9,20
vco_current_max,13,15,3,0.75,0.7499774,4.386624e-10,2660484.6,4679.401436081329,5,53209692.0,ok,0,9,20
vco_current_max,13,15,4,0.0,-8.860661e-08,-1.729456e-09,4969800.0,0.0,5,795168000.0,ok,0,79,160
vco_current_max,13,15,4,0.05,0.04999613,-1.202847e-09,4968216.0,885.4829190899167,5,794914560.0,ok,0,79,160
vco_current_max,13,15,4,0.1,0.09998921,-8.015304e-10,4967926.0,1221.3435225193607,5,794868160.0,ok,0,79,160
vco_current_max,13,15,4,0.15,0.1499904,-6.883221e-10,4967530.0,648.459713474939,5,794804800.0,ok,0,79,160
vco_current_max,13,15,4,0.2,0.1999868,-2.195895e-10,4966950.0,794.1977083824909,5,794712000.0,ok,0,79,160
vco_current_max,13,15,4,0.25,0.2499792,-1.280066e-10,4966660.0,648.459713474939,5,794665600.0,ok,0,79,160
vco_current_max,13,15,4,0.3,0.299965,-1.458144e-10,4965188.0,1079.0134382851772,5,794430080.0,ok,0,79,160
vco_current_max,13,15,4,0.35,0.3500031,8.950291e-11,4961642.0,1079.0134382851772,5,793862720.0,ok,0,79,160
vco_current_max,13,15,4,0.4,0.3999875,-2.609291e-10,4954880.0,0.0,5,792780800.0,ok,0,79,160
vco_current_max,13,15,4,0.45,0.4499813,-1.661662e-10,4936230.0,1068.058987135074,5,789796800.0,ok,0,79,160
vco_current_max,13,15,4,0.5,0.4999771,-2.278575e-10,4851152.0,1029.7184081097123,5,776184320.0,ok,0,79,160
vco_current_max,13,15,4,0.55,0.5499718,-3.493331e-10,4120440.0,6275.922242985488,5,659270400.0,ok,0,79,160
vco_current_max,13,15,4,0.6,0.5999673,9.367701e-12,5038124.0,78417.50015143304,5,322439936.0,ok,0,31,64
vco_current_max,13,15,4,0.65,0.6499885,2.122494e-10,5045558.0,141643.2819444678,5,121093392.0,ok,0,11,24
vco_current_max,13,15,4,0.7,0.6999761,5.048053e-10,2655921.0,17073.959236217004,5,63742104.0,ok,0,11,24
vco_current_max,13,15,4,0.75,0.7499784,3.553476e-10,2220206.6,5040.316438478838,5,53284958.400000006,ok,0,11,24
vco_current_max,13,15,5,0.0,-7.748749e-07,-1.889729e-09,4952920.0,0.0,5,792467200.0,ok,0,79,160
vco_current_max,13,15,5,0.05,0.04999616,-1.178043e-09,4952920.0,1385.9292911256332,5,792467200.0,ok,0,79,160
vco_current_max,13,15,5,0.1,0.09998793,-1.140519e-09,4952136.0,1073.5362127101255,5,792341760.0,ok,0,79,160
vco_current_max,13,15,5,0.15,0.149989,-1.176135e-09,4951744.0,1073.5362127101255,5,792279040.0,ok,0,79,160
vco_current_max,13,15,5,0.2,0.1999869,-5.585776e-10,4950568.0,876.5386471799176,5,792090880.0,ok,0,79,160
vco_current_max,13,15,5,0.25,0.2499794,-7.458316e-11,4948092.0,960.1406147018258,5,791694720.0,ok,0,79,160
vco_current_max,13,15,5,0.3,0.299963,3.203681e-10,4946394.0,889.145657358793,5,791423040.0,ok,0,79,160
vco_current_max,13,15,5,0.35,0.3500028,-2.373973e-10,4942392.0,996.8550546594023,5,790782720.0,ok,0,79,160
vco_current_max,13,15,5,0.4,0.399988,9.395484e-11,4934892.0,509.3819784798045,5,789582720.0,ok,0,79,160
vco_current_max,13,15,5,0.45,0.4499809,-1.034803e-11,4909032.0,1456.4923618062678,5,785445120.0,ok,0,79,160
vco_current_max,13,15,5,0.5,0.4999762,-7.20394e-11,4791650.0,4708.428612605271,5,766664000.0,ok,0,79,160
vco_current_max,13,15,5,0.55,0.5499725,-4.428252e-10,3755244.8,56078.62784697928,5,600839168.0,ok,0,79,160
vco_current_max,13,15,5,0.6,0.5999667,-2.253135e-10,5165446.0,53536.034406743274,5,278934084.0,ok,0,26,54
vco_current_max,13,15,5,0.65,0.6499882,-4.214769e-11,4953840.0,104228.36202301177,5,108984480.0,ok,0,10,22
vco_current_max,13,15,5,0.7,0.6999749,1.721815e-10,2843258.6,9203.140540054792,5,62551689.2,ok,0,10,22
vco_current_max,13,15,5,0.75,0.7499787,4.246707e-10,2418993.2,9820.66798644573,5,53217850.400000006,ok,0,10,22
vco_current_max,13,15,6,0.0,-6.604387e-07,-1.904993e-09,4931940.0,872.066511224918,5,789110400.0,ok,0,79,160
vco_current_max,13,15,6,0.05,0.04999605,-1.202212e-09,4931538.0,1400.167847081199,5,789046080.0,ok,0,79,160
vco_current_max,13,15,6,0.1,0.09998874,-7.659142e-10,4930746.0,1100.9223405853838,5,788919360.0,ok,0,79,160
vco_current_max,13,15,6,0.15,0.1499902,-8.002582e-10,4929554.0,1396.6674622113883,5,788728640.0,ok,0,79,160
vco_current_max,13,15,6,0.2,0.199987,-4.383733e-10,4929152.0,867.5943752699184,5,788664320.0,ok,0,79,160
vco_current_max,13,15,6,0.25,0.2499795,-2.463012e-10,4926824.0,1062.5817615600222,5,788291840.0,ok,0,79,160
vco_current_max,13,15,6,0.3,0.2999661,-5.995537e-11,4923720.0,0.0,5,787795200.0,ok,0,79,160
vco_current_max,13,15,6,0.35,0.3500026,-1.992378e-10,4919064.0,1062.5817615600222,5,787050240.0,ok,0,79,160
vco_current_max,13,15,6,0.4,0.3999872,-2.622011e-10,4908530.0,492.9503017546495,5,785364800.0,ok,0,79,160
vco_current_max,13,15,6,0.45,0.4499818,-1.661662e-10,4876920.0,849.7058314499201,5,780307200.0,ok,0,79,160
vco_current_max,13,15,6,0.5,0.4999757,6.533504e-11,4724098.0,4391.346035101311,5,755855680.0,ok,0,79,160
vco_current_max,13,15,6,0.55,0.5499722,-4.596355e-11,3521419.0,15091.328006507578,5,563427040.0,ok,0,79,160
vco_current_max,13,15,6,0.6,0.5999671,-6.885932e-11,5112402.0,75944.72476742542,5,265844904.0,ok,0,25,52
vco_current_max,13,15,6,0.65,0.6499876,-6.440748e-11,2022834.6,24946.01190170485,5,105187399.2,ok,0,25,52
vco_current_max,13,15,6,0.7,0.6999756,1.073105e-10,5239086.0,23776.952706349904,5,62869032.0,ok,0,5,12
vco_current_max,13,15,6,0.75,0.7499768,3.15916e-10,4433452.0,15593.201082523114,5,53201424.0,ok,0,5,12
vco_current_max,13,15,7,0.0,-8.856296e-08,-1.807685e-09,4964006.0,881.0107831349171,5,784312948.0,ok,0,78,158
vco_current_max,13,15,7,0.05,0.04999674,-1.33768e-09,4964400.0,0.0,5,784375200.0,ok,0,78,158
vco_current_max,13,15,7,0.1,0.09998827,-9.834268e-10,4962430.0,0.0,5,784063940.0,ok,0,78,158
vco_current_max,13,15,7,0.15,0.1499893,-4.453694e-10,4962036.0,881.0107831349171,5,784001688.0,ok,0,78,158
vco_current_max,13,15,7,0.2,0.1999852,-4.987935e-10,4960066.0,1648.2202522721288,5,783690428.0,ok,0,78,158
vco_current_max,13,15,7,0.25,0.2499795,-3.315251e-10,4958884.0,881.0107831349171,5,783503672.0,ok,0,78,158
vco_current_max,13,15,7,0.3,0.2999642,-3.118091e-10,4954880.0,0.0,5,782871040.0,ok,0,78,158
vco_current_max,13,15,7,0.35,0.3500019,-9.302695e-11,4948216.0,1073.5362127101255,5,781818128.0,ok,0,78,158
vco_current_max,13,15,7,0.4,0.3999881,-2.370379e-11,4933194.0,1087.970587837741,5,779444652.0,ok,0,78,158
vco_current_max,13,15,7,0.45,0.4499814,-4.02398e-11,4885780.0,2701.1479041326115,5,771953240.0,ok,0,78,158
vco_current_max,13,15,7,0.5,0.499976,2.371908e-12,4612748.0,18956.639206357228,5,728814184.0,ok,0,78,158
vco_current_max,13,15,7,0.55,0.5499715,-1.375465e-10,3017745.2,17355.140469036833,5,476803741.6,ok,0,78,158
vco_current_max,13,15,7,0.6,0.5999671,-1.721123e-13,5061622.0,82879.66198048831,5,212588124.0,ok,0,20,42
vco_current_max,13,15,7,0.65,0.6499875,-2.080114e-12,2133716.6,22824.3271488997,5,89616097.2,ok,0,20,42
vco_current_max,13,15,7,0.7,0.6999752,5.833897e-11,5044688.0,28637.704516947582,5,60536256.0,ok,0,5,12
vco_current_max,13,15,7,0.75,0.7499779,3.241838e-10,4425368.0,8922.6072422807,5,53104416.0,ok,0,5,12
vco_current_max,13,15,8,0.0,9.407377e-07,-1.90054e-09,4925272.0,867.5943752699184,5,788043520.0,ok,0,79,160
vco_current_max,13,15,8,0.05,0.04999651,-1.314148e-09,4925272.0,867.5943752699184,5,788043520.0,ok,0,79,160
vco_current_max,13,15,8,0.1,0.0999883,-8.517745e-10,4924108.0,867.5943752699184,5,787857280.0,ok,0,79,160
vco_current_max,13,15,8,0.15,0.1499895,-6.590659e-10,4923720.0,0.0,5,787795200.0,ok,0,79,160
vco_current_max,13,15,8,0.2,0.1999863,-5.019733e-10,4923720.0,0.0,5,787795200.0,ok,0,79,160
vco_current_max,13,15,8,0.25,0.24998,-2.98453e-10,4923720.0,0.0,5,787795200.0,ok,0,79,160
vco_current_max,13,15,8,0.3,0.2999642,-1.375465e-10,4920616.0,1062.5817615600222,5,787298560.0,ok,0,79,160
vco_current_max,13,15,8,0.35,0.3500027,-7.076729e-11,4918288.0,867.5943752699184,5,786926080.0,ok,0,79,160
vco_current_max,13,15,8,0.4,0.3999873,-8.285111e-11,4912622.0,1057.1045359849707,5,786019520.0,ok,0,79,160
vco_current_max,13,15,8,0.45,0.4499806,-7.013126e-11,4894464.0,858.6501033599193,5,783114240.0,ok,0,79,160
vco_current_max,13,15,8,0.5,0.4999762,9.077492e-11,4810370.0,4788.60626905157,5,769659200.0,ok,0,79,160
vco_current_max,13,15,8,0.55,0.5499723,-3.896761e-11,4038362.0,51662.89790555694,5,646137920.0,ok,0,79,160
vco_current_max,13,15,8,0.6,0.5999671,8.314283e-11,4966504.0,109634.70381225098,5,317856256.0,ok,0,31,64
vco_current_max,13,15,8,0.65,0.649988,4.638789e-13,5175790.0,53451.96441666106,5,124218960.0,ok,0,11,24
vco_current_max,13,15,8,0.7,0.699976,-1.543607e-11,2661270.4,9080.71378251732,5,63870489.599999994,ok,0,11,24
vco_current_max,13,15,8,0.75,0.7499782,3.508955e-10,2209150.2,4247.485456125777,5,53019604.800000004,ok,0,11,24
vco_current_max,13,15,9,0.0,2.58151e-08,-1.870013e-09,4955864.0,898.2649943084724,5,783026512.0,ok,0,78,158
vco_current_max,13,15,9,0.05,0.04999581,-1.179315e-09,4955208.0,733.430296619931,5,782922864.0,ok,0,78,158
vco_current_max,13,15,9,0.1,0.09998784,-7.576463e-10,4954488.0,876.5386471799176,5,782809104.0,ok,0,78,158
vco_current_max,13,15,9,0.15,0.1499902,-6.488899e-10,4954096.0,1073.5362127101255,5,782747168.0,ok,0,78,158
vco_current_max,13,15,9,0.2,0.1999868,-5.070616e-10,4952920.0,0.0,5,782561360.0,ok,0,78,158
vco_current_max,13,15,9,0.25,0.2499814,-2.85097e-10,4952528.0,876.5386471799176,5,782499424.0,ok,0,78,158
vco_current_max,13,15,9,0.3,0.2999653,-5.80473e-11,4949784.0,1073.5362127101255,5,782065872.0,ok,0,78,158
vco_current_max,13,15,9,0.35,0.3500024,-1.617142e-10,4945932.0,1020.9407426486613,5,781457256.0,ok,0,78,158
vco_current_max,13,15,9,0.4,0.3999888,4.879946e-11,4938180.0,1068.058987135074,5,780232440.0,ok,0,78,158
vco_current_max,13,15,9,0.45,0.449981,9.967877e-11,4911078.0,1057.1045359849707,5,775950324.0,ok,0,78,158
vco_current_max,13,15,9,0.5,0.4999781,-1.254626e-10,4776428.0,5669.256565018027,5,754675624.0,ok,0,78,158
vco_current_max,13,15,9,0.55,0.5499725,2.653947e-11,3683370.2,35085.073880497956,5,581972491.6,ok,0,78,158
vco_current_max,13,15,9,0.6,0.5999671,-3.98806e-12,5228818.0,77933.93304588189,5,271898536.0,ok,0,25,52
vco_current_max,13,15,9,0.65,0.6499882,-4.34196e-11,2012499.4,20333.165685647673,5,104649968.8,ok,0,25,52
vco_current_max,13,15,9,0.7,0.6999751,6.851478e-11,5249060.0,47487.72894127492,5,62988720.0,ok,0,5,12
vco_current_max,13,15,9,0.75,0.7499771,3.114635e-10,4428594.0,6430.441664458204,5,53143128.0,ok,0,5,12
vco_current_max,13,15,10,0.0,2.545567e-07,-1.829945e-09,4968612.0,1084.490663860229,5,775103472.0,ok,0,77,156
vco_current_max,13,15,10,0.05,0.0499972,-1.108083e-09,4967530.0,648.459713474939,5,774934680.0,ok,0,77,156
vco_current_max,13,15,10,0.1,0.0999883,-1.189491e-09,4967240.0,794.1977083824909,5,774889440.0,ok,0,77,156
vco_current_max,13,15,10,0.15,0.149989,-5.973737e-10,4966556.0,1406.495645211886,5,774782736.0,ok,0,77,156
vco_current_max,13,15,10,0.2,0.1999864,-5.655735e-10,4965976.0,881.0107831349171,5,774692256.0,ok,0,77,156
vco_current_max,13,15,10,0.25,0.2499786,-1.591703e-10,4964794.0,881.0107831349171,5,774507864.0,ok,0,77,156
vco_current_max,13,15,10,0.3,0.2999643,-3.02905e-10,4962430.0,0.0,5,774139080.0,ok,0,77,156
vco_current_max,13,15,10,0.35,0.3500031,-8.157908e-11,4957702.0,1079.0134382851772,5,773401512.0,ok,0,77,156
vco_current_max,13,15,10,0.4,0.3999876,-2.95273e-10,4947040.0,0.0,5,771738240.0,ok,0,77,156
vco_current_max,13,15,10,0.45,0.4499809,-1.731621e-10,4913394.0,1614.7538512107658,5,766489464.0,ok,0,77,156
vco_current_max,13,15,10,0.5,0.4999771,1.378385e-10,4724598.0,6268.853164654601,5,737037288.0,ok,0,77,156
vco_current_max,13,15,10,0.55,0.5499713,-7.394729e-11,3545586.0,25337.219302835896,5,553111416.0,ok,0,77,156
vco_current_max,13,15,10,0.6,0.5999677,1.454701e-10,5134894.0,59053.11448179511,5,267014488.0,ok,0,25,52
vco_current_max,13,15,10,0.65,0.649988,1.244822e-10,2053807.0,34214.0970800049,5,106797964.0,ok,0,25,52
vco_current_max,13,15,10,0.7,0.6999761,1.925334e-10,5216712.0,9721.340956884498,5,62600544.0,ok,0,5,12
vco_current_max,13,15,10,0.75,0.7499778,1.59462e-10,4425190.0,5525.907165343985,5,53102280.0,ok,0,5,12
vco_current_max,13,15,11,0.0,-2.029701e-07,-1.619428e-09,4956258.0,1493.057266148891,5,763263732.0,ok,0,76,154
vco_current_max,13,15,11,0.05,0.04999605,-1.133523e-09,4956192.0,733.430296619931,5,763253568.0,ok,0,76,154
vco_current_max,13,15,11,0.1,0.09998804,-8.753064e-10,4956192.0,733.430296619931,5,763253568.0,ok,0,76,154
vco_current_max,13,15,11,0.15,0.1499886,-8.772144e-10,4955208.0,733.430296619931,5,763102032.0,ok,0,76,154
vco_current_max,13,15,11,0.2,0.1999862,-4.638134e-10,4952920.0,1385.9292911256332,5,762749680.0,ok,0,76,154
vco_current_max,13,15,11,0.25,0.2499797,-5.613933e-11,4950960.0,0.0,5,762447840.0,ok,0,76,154
vco_current_max,13,15,11,0.3,0.2999659,-8.157916e-11,4946650.0,877.6673629570602,5,761784100.0,ok,0,76,154
vco_current_max,13,15,11,0.35,0.3500022,-3.728652e-10,4939740.0,872.066511224918,5,760719960.0,ok,0,76,154
vco_current_max,13,15,11,0.4,0.3999886,1.254777e-11,4922168.0,867.5943752699184,5,758013872.0,ok,0,76,154
vco_current_max,13,15,11,0.45,0.4499802,1.028588e-10,4855162.0,2247.536429070728,5,747694948.0,ok,0,76,154
vco_current_max,13,15,11,0.5,0.4999766,-1.935139e-10,4480122.0,23728.35898244967,5,689938788.0,ok,0,76,154
vco_current_max,13,15,11,0.55,0.5499719,5.325129e-11,2921722.4,25385.966936478904,5,449945249.59999996,ok,0,76,154
vco_current_max,13,15,11,0.6,0.5999672,5.833922e-11,4969566.0,184981.59632785094,5,208721772.0,ok,0,20,42
vco_current_max,13,15,11,0.65,0.6499877,3.712473e-10,2140901.2,23542.905443041644,5,89917850.4,ok,0,20,42
vco_current_max,13,15,11,0.7,0.6999745,4.498313e-11,5051028.0,20335.468275896674,5,60612336.0,ok,0,5,12
vco_current_max,13,15,11,0.75,0.7499782,6.243723e-10,4429918.0,3879.5837405577417,5,53159016.0,ok,0,5,12
vco_current_max,13,15,12,0.0,-3.173045e-07,-1.603529e-09,4982308.0,1457.916321329863,5,747346200.0,ok,0,74,150
vco_current_max,13,15,12,0.05,0.04999639,-9.344548e-10,4983358.0,889.9550550449163,5,747503700.0,ok,0,74,150
vco_current_max,13,15,12,0.1,0.09998871,-7.46198e-10,4982960.0,0.0,5,747444000.0,ok,0,74,150
vco_current_max,13,15,12,0.15,0.1499896,-9.191906e-10,4982308.0,1457.916321329863,5,747346200.0,ok,0,74,150
vco_current_max,13,15,12,0.2,0.1999869,-6.488899e-10,4982308.0,1457.916321329863,5,747346200.0,ok,0,74,150
vco_current_max,13,15,12,0.25,0.2499798,-5.153294e-10,4979304.0,885.4829190899167,5,746895600.0,ok,0,74,150
vco_current_max,13,15,12,0.3,0.2999644,-4.723552e-11,4978116.0,1656.5868525374697,5,746717400.0,ok,0,74,150
vco_current_max,13,15,12,0.35,0.350002,-2.119576e-10,4974420.0,1380.4890437812246,5,746163000.0,ok,0,74,150
vco_current_max,13,15,12,0.4,0.3999883,-9.048295e-11,4962430.0,1393.0003589374987,5,744364500.0,ok,0,74,150
vco_current_max,13,15,12,0.45,0.4499812,-2.068697e-10,4915766.0,3723.3627274279897,5,737364900.0,ok,0,74,150
vco_current_max,13,15,12,0.5,0.4999762,-1.82702e-10,4659058.0,8103.266008221623,5,698858700.0,ok,0,74,150
vco_current_max,13,15,12,0.55,0.5499724,-1.337306e-10,3438761.4,37801.90611331656,5,515814210.0,ok,0,74,150
vco_current_max,13,15,12,0.6,0.5999674,-2.65381e-10,4970250.0,46976.732538566364,5,258453000.0,ok,0,25,52
vco_current_max,13,15,12,0.65,0.6499867,2.981083e-10,2006228.2,21648.36448094867,5,104323866.39999999,ok,0,25,52
vco_current_max,13,15,12,0.7,0.6999767,-1.00023e-10,5200884.0,17452.106749616218,5,62410608.0,ok,0,5,12
vco_current_max,13,15,12,0.75,0.7499766,6.625315e-10,4442452.0,13655.624116092242,5,53309424.0,ok,0,5,12
vco_current_max,13,15,13,0.0,-5.460606e-07,-1.890365e-09,4942030.0,2164.416780566996,5,701768260.0,ok,0,70,142
vco_current_max,13,15,13,0.05,0.04999685,-9.866069e-10,4938934.0,3448.5547697550055,5,701328628.0,ok,0,70,142
vco_current_max,13,15,13,0.1,0.09998838,-5.878337e-10,4939350.0,1950.0,5,701387700.0,ok,0,70,142
vco_current_max,13,15,13,0.15,0.1499896,-8.231541e-10,4938570.0,1744.133022449836,5,701276940.0,ok,0,70,142
vco_current_max,13,15,13,0.2,0.1999853,-4.084812e-10,4937010.0,2542.488938029033,5,701055420.0,ok,0,70,142
vco_current_max,13,15,13,0.25,0.2499791,-4.905254e-10,4936984.0,4401.2248295218915,5,701051728.0,ok,0,70,142
vco_current_max,13,15,13,0.3,0.2999643,-1.082908e-10,4933722.0,1292.0216716448683,5,700588524.0,ok,0,70,142
vco_current_max,13,15,13,0.35,0.3500022,-1.203747e-10,4925660.0,2376.005050499683,5,699443720.0,ok,0,70,142
vco_current_max,13,15,13,0.4,0.3999879,1.257545e-10,4897792.0,4344.228354955572,5,695486464.0,ok,0,70,142
vco_current_max,13,15,13,0.45,0.4499815,9.777076e-11,4772290.0,4949.353493134229,5,677665180.0,ok,0,70,142
vco_current_max,13,15,13,0.5,0.4999771,1.302064e-10,4212808.0,11118.332608804254,5,598218736.0,ok,0,70,142
vco_current_max,13,15,13,0.55,0.5499712,-1.591703e-10,2884267.4,23458.594390968956,5,409565970.8,ok,0,70,142
vco_current_max,13,15,13,0.6,0.5999662,-1.267347e-10,5084242.0,90729.52837968463,5,203369680.0,ok,0,19,40
vco_current_max,13,15,13,0.65,0.6499882,2.908346e-11,2248568.8,28733.33577397515,5,89942752.0,ok,0,19,40
vco_current_max,13,15,13,0.7,0.6999753,1.099787e-12,5042662.0,20839.501433575613,5,60511944.0,ok,0,5,12
vco_current_max,13,15,13,0.75,0.7499779,1.403821e-10,4424940.0,12901.013526076158,5,53099280.0,ok,0,5,12
vco_current_max,13,15,14,0.0,-1.003602e-06,-1.456612e-09,5020364.0,2535.0108481030215,5,552240040.0,ok,0,54,110
vco_current_max,13,15,14,0.05,0.04999614,-1.022223e-09,5030516.0,6535.01568475547,5,553356760.0,ok,0,54,110
vco_current_max,13,15,14,0.1,0.09998802,-9.020183e-10,5028088.0,3306.133693606476,5,553089680.0,ok,0,54,110
vco_current_max,13,15,14,0.15,0.1499889,-5.693898e-10,5026164.0,2212.799132320871,5,552878040.0,ok,0,54,110
vco_current_max,13,15,14,0.2,0.1999862,-4.797133e-10,5030304.0,3528.8780086594097,5,553333440.0,ok,0,54,110
vco_current_max,13,15,14,0.25,0.2499795,-2.81281e-10,5023446.0,5814.867152394799,5,552579060.0,ok,0,54,110
vco_current_max,13,15,14,0.3,0.2999652,-1.133788e-10,5023040.0,4636.658279407703,5,552534400.0,ok,0,54,110
vco_current_max,13,15,14,0.35,0.3500033,-2.596571e-10,5007756.0,4528.77798086857,5,550853160.0,ok,0,54,110
vco_current_max,13,15,14,0.4,0.3999877,7.105916e-11,4959672.0,4085.078946605561,5,545563920.0,ok,0,54,110
vco_current_max,13,15,14,0.45,0.4499808,2.371908e-12,4822856.0,3026.2732857427136,5,530514160.0,ok,0,54,110
vco_current_max,13,15,14,0.5,0.4999762,1.060385e-10,4382722.0,8467.409285017466,5,482099420.0,ok,0,54,110
vco_current_max,13,15,14,0.55,0.5499724,9.649881e-11,3288976.0,37579.03043586942,5,361787360.0,ok,0,54,110
vco_current_max,13,15,14,0.6,0.5999667,1.804498e-10,5202702.0,63053.05718202727,5,197702676.0,ok,0,18,38
vco_current_max,13,15,14,0.65,0.6499884,1.5183e-10,2356914.2,20319.77472070003,5,89562739.60000001,ok,0,18,38
vco_current_max,13,15,14,0.7,0.6999752,2.844738e-11,5063326.0,22835.655891609505,5,60759912.0,ok,0,5,12
vco_current_max,13,15,14,0.75,0.7499775,4.621939e-10,4415996.0,5995.805200304626,5,52991952.0,ok,0,5,12
vco_current_max,13,15,15,0.0,5.977927e-07,-1.85475e-09,5089244.0,9853.003602962906,5,295176152.0,ok,0,28,58
vco_current_max,13,15,15,0.05,0.04999707,-1.373296e-09,5089618.0,4281.298868334235,5,295197844.0,ok,0,28,58
vco_current_max,13,15,15,0.1,0.09998862,-8.123423e-10,5093358.0,5859.438539655484,5,295414764.0,ok,0,28,58
vco_current_max,13,15,15,0.15,0.1499897,-4.530014e-10,5092854.0,5223.8950984873345,5,295385532.0,ok,0,28,58
vco_current_max,13,15,15,0.2,0.1999861,-6.062777e-10,5088306.0,9292.046599108293,5,295121748.0,ok,0,28,58
vco_current_max,13,15,15,0.25,0.2499796,-1.127427e-10,5067196.0,3950.535406751849,5,293897368.0,ok,0,28,58
vco_current_max,13,15,15,0.3,0.2999662,2.78117e-11,5044104.0,5525.642949015074,5,292558032.0,ok,0,28,58
vco_current_max,13,15,15,0.35,0.3500018,-4.723552e-11,5006750.0,7725.444971003289,5,290391500.0,ok,0,28,58
vco_current_max,13,15,15,0.4,0.3999879,6.342712e-11,4941590.0,5863.591049860145,5,286612220.0,ok,0,28,58
vco_current_max,13,15,15,0.45,0.4499804,-6.18635e-11,4822912.0,5970.10217668006,5,279728896.0,ok,0,28,58
vco_current_max,13,15,15,0.5,0.499977,-7.013123e-11,4480072.0,6855.809215548519,5,259844176.0,ok,0,28,58
vco_current_max,13,15,15,0.55,0.5499707,3.925937e-11,3583246.4,29956.02518359203,5,207828291.2,ok,0,28,58
vco_current_max,13,15,15,0.6,0.5999675,-8.094321e-11,2193813.0,19168.529521066554,5,127241154.0,ok,0,28,58
vco_current_max,13,15,15,0.65,0.6499886,2.847525e-10,5360306.0,72559.42826400991,5,75044284.0,ok,0,6,14
vco_current_max,13,15,15,0.7,0.6999752,-8.082424e-13,4158688.0,12417.476394179293,5,58221632.0,ok,0,6,14
vco_current_max,13,15,15,0.75,0.7499776,3.591634e-10,3784254.8,12436.277385134186,5,52979567.199999996,ok,0,6,14
vco_current_min,13,0,0,0.0,2.580055e-08,-2.159394e-09,4923332.0,867.5943752699184,5,807426448.0,ok,0,81,164
vco_current_min,13,0,0,0.05,0.04999524,-1.460428e-09,4922944.0,1062.5817615600222,5,807362816.0,ok,0,81,164
vco_current_min,13,0,0,0.1,0.09998861,-7.773622e-10,4922556.0,1062.5817615600222,5,807299184.0,ok,0,81,164
vco_current_min,13,0,0,0.15,0.1499903,-7.016778e-10,4922168.0,867.5943752699184,5,807235552.0,ok,0,81,164
vco_current_min,13,0,0,0.2,0.1999864,-3.035411e-10,4921392.0,867.5943752699184,5,807108288.0,ok,0,81,164
vco_current_min,13,0,0,0.25,0.2499791,-5.61394e-11,4921780.0,1371.7871555019021,5,807171920.0,ok,0,81,164
vco_current_min,13,0,0,0.3,0.2999656,-2.90185e-10,4921392.0,867.5943752699184,5,807108288.0,ok,0,81,164
vco_current_min,13,0,0,0.35,0.3500032,-1.992378e-10,4919840.0,0.0,5,806853760.0,ok,0,81,164
vco_current_min,13,0,0,0.4,0.3999881,3.007927e-12,4918676.0,1062.5817615600222,5,806662864.0,ok,0,81,164
vco_current_min,13,0,0,0.45,0.4499821,-5.041548e-11,4914166.0,863.1222393149188,5,805923224.0,ok,0,81,164
vco_current_min,13,0,0,0.5,0.4999764,-3.988171e-12,4902912.0,1051.627310409919,5,804077568.0,ok,0,81,164
vco_current_min,13,0,0,0.55,0.5499724,-6.377136e-11,4872360.0,1040.6728592598156,5,799067040.0,ok,0,81,164
vco_current_min,13,0,0,0.6,0.5999671,3.099143e-11,4830958.0,1024.2411825346605,5,792277112.0,ok,0,81,164
vco_current_min,13,0,0,0.65,0.6499875,-1.362746e-10,4810740.0,1013.2867313845574,5,788961360.0,ok,0,81,164
vco_current_min,13,0,0,0.7,0.6999758,-3.988115e-12,4805560.0,1013.2867313845574,5,788111840.0,ok,0,81,164
vco_current_min,13,0,0,0.75,0.7499784,2.561327e-10,4805190.0,1013.2867313845574,5,788051160.0,ok,0,81,164
vco_current_min,13,1,0,0.0,-8.860661e-08,-2.045549e-09,4922556.0,1062.5817615600222,5,807299184.0,ok,0,81,164
vco_current_min,13,1,0,0.05,0.04999684,-1.176135e-09,4921780.0,0.0,5,807171920.0,ok,0,81,164
vco_current_min,13,1,0,0.1,0.09998838,-9.974187e-10,4921392.0,867.5943752699184,5,807108288.0,ok,0,81,164
vco_current_min,13,1,0,0.15,0.1499893,-6.98498e-10,4921648.0,120.49896265113655,5,807150272.0,ok,0,81,164
vco_current_min,13,1,0,0.2,0.1999871,-5.191454e-10,4920980.0,906.2008607367353,5,807040720.0,ok,0,81,164
vco_current_min,13,1,0,0.25,0.2499796,-4.351933e-10,4921392.0,867.5943752699184,5,807108288.0,ok,0,81,164
vco_current_min,13,1,0,0.3,0.2999656,-1.057468e-10,4919840.0,0.0,5,806853760.0,ok,0,81,164
vco_current_min,13,1,0,0.35,0.3500024,-7.649113e-11,4919064.0,1062.5817615600222,5,806726496.0,ok,0,81,164
vco_current_min,13,1,0,0.4,0.399988,-3.451567e-11,4917900.0,0.0,5,806535600.0,ok,0,81,164
vco_current_min,13,1,0,0.45,0.4499808,1.735889e-12,4914166.0,863.1222393149188,5,805923224.0,ok,0,81,164
vco_current_min,13,1,0,0.5,0.4999769,2.590342e-11,4901760.0,1357.6450198781713,5,803888640.0,ok,0,81,164
vco_current_min,13,1,0,0.55,0.5499723,5.261513e-11,4870500.0,1849.1619723539634,5,798762000.0,ok,0,81,164
vco_current_min,13,1,0,0.6,0.5999674,-7.839919e-11,4827684.0,898.2649943084724,5,791740176.0,ok,0,81,164
vco_current_min,13,1,0,0.65,0.6499885,5.579512e-11,4808096.0,120.74767078498864,5,788527744.0,ok,0,81,164
vco_current_min,13,1,0,0.7,0.6999763,7.105885e-11,4802600.0,0.0,5,787626400.0,ok,0,81,164
vco_current_min,13,1,0,0.75,0.7499787,3.082839e-10,4802192.0,912.3157348199142,5,787559488.0,ok,0,81,164
vco_current_min,13,2,0,0.0,2.58442e-08,-1.948878e-09,4921004.0,1062.5817615600222,5,807044656.0,ok,0,81,164
vco_current_min,13,2,0,0.05,0.04999639,-1.379656e-09,4920228.0,867.5943752699184,5,806917392.0,ok,0,81,164
vco_current_min,13,2,0,0.1,0.09998818,-8.320584e-10,4919452.0,867.5943752699184,5,806790128.0,ok,0,81,164
vco_current_min,13,2,0,0.15,0.1499885,-7.748183e-10,4919064.0,1062.5817615600222,5,806726496.0,ok,0,81,164
vco_current_min,13,2,0,0.2,0.1999865,-4.784415e-10,4919840.0,0.0,5,806853760.0,ok,0,81,164
vco_current_min,13,2,0,0.25,0.2499798,-2.79373e-10,4919452.0,867.5943752699184,5,806790128.0,ok,0,81,164
vco_current_min,13,2,0,0.3,0.2999654,-2.183175e-10,4918676.0,1062.5817615600222,5,806662864.0,ok,0,81,164
vco_current_min,13,2,0,0.35,0.3500029,-6.504336e-11,4917900.0,0.0,5,806535600.0,ok,0,81,164
vco_current_min,13,2,0,0.4,0.3999886,-1.407265e-10,4916148.0,979.3977741449079,5,806248272.0,ok,0,81,164
vco_current_min,13,2,0,0.45,0.4499811,1.318376e-11,4911850.0,0.0,5,805543400.0,ok,0,81,164
vco_current_min,13,2,0,0.5,0.4999767,1.143065e-10,4899072.0,1051.627310409919,5,803447808.0,ok,0,81,164
vco_current_min,13,2,0,0.55,0.549972,4.434728e-11,4862592.0,1581.2874501494027,5,797465088.0,ok,0,81,164
vco_current_min,13,2,0,0.6,0.5999667,-9.712064e-12,4815172.0,822.8730157199226,5,789688208.0,ok,0,81,164
vco_current_min,13,2,0,0.65,0.6499884,3.544337e-11,4791728.0,822.8730157199226,5,785843392.0,ok,0,81,164
vco_current_min,13,2,0,0.7,0.6999761,1.683656e-10,4785816.0,818.400879764923,5,784873824.0,ok,0,81,164
vco_current_min,13,2,0,0.75,0.749978,3.718833e-10,4783986.0,818.400879764923,5,784573704.0,ok,0,81,164
vco_current_min,13,3,0,0.0,-7.748022e-07,-1.98195e-09,4919904.0,143.10835055998655,5,806864256.0,ok,0,81,164
vco_current_min,13,3,0,0.05,0.0499966,-1.291251e-09,4919904.0,143.10835055998655,5,806864256.0,ok,0,81,164
vco_current_min,13,3,0,0.1,0.09998778,-8.644943e-10,4919452.0,867.5943752699184,5,806790128.0,ok,0,81,164
vco_current_min,13,3,0,0.15,0.1499889,-6.438017e-10,4919452.0,867.5943752699184,5,806790128.0,ok,0,81,164
vco_current_min,13,3,0,0.2,0.1999859,-4.396453e-10,4918676.0,1062.5817615600222,5,806662864.0,ok,0,81,164
vco_current_min,13,3,0,0.25,0.2499795,-2.74285e-10,4918288.0,867.5943752699184,5,806599232.0,ok,0,81,164
vco_current_min,13,3,0,0.3,0.299965,-1.502663e-10,4917850.0,1461.7797371697284,5,806527400.0,ok,0,81,164
vco_current_min,13,3,0,0.35,0.3500018,-7.967114e-11,4917462.0,979.3977741449079,5,806463768.0,ok,0,81,164
vco_current_min,13,3,0,0.4,0.3999865,-4.214756e-11,4915710.0,0.0,5,806176440.0,ok,0,81,164
vco_current_min,13,3,0,0.45,0.4499812,-8.666705e-11,4911078.0,1057.1045359849707,5,805416792.0,ok,0,81,164
vco_current_min,13,3,0,0.5,0.4999759,-1.063829e-10,4897536.0,858.6501033599193,5,803195904.0,ok,0,81,164
vco_current_min,13,3,0,0.55,0.5499719,-5.359548e-11,4861836.0,1690.467390989841,5,797341104.0,ok,0,81,164
vco_current_min,13,3,0,0.6,0.5999666,2.017961e-11,4812220.0,827.3451516749221,5,789204080.0,ok,0,81,164
vco_current_min,13,3,0,0.65,0.6499876,3.417142e-11,4787280.0,0.0,5,785113920.0,ok,0,81,164
vco_current_min,13,3,0,0.7,0.6999753,-3.387984e-11,4781058.0,1002.332280234454,5,784093512.0,ok,0,81,164
vco_current_min,13,3,0,0.75,0.7499797,1.556459e-10,4779960.0,0.0,5,783913440.0,ok,0,81,164
vco_current_min,13,4,0,0.0,-8.850475e-08,-2.001666e-09,4918288.0,867.5943752699184,5,806599232.0,ok,0,81,164
vco_current_min,13,4,0,0.05,0.04999626,-1.368208e-09,4918288.0,867.5943752699184,5,806599232.0,ok,0,81,164
vco_current_min,13,4,0,0.1,0.0999886,-8.924784e-10,4917462.0,979.3977741449079,5,806463768.0,ok,0,81,164
vco_current_min,13,4,0,0.15,0.1499893,-7.487422e-10,4917024.0,1199.5124009363137,5,806391936.0,ok,0,81,164
vco_current_min,13,4,0,0.2,0.1999858,-3.09901e-10,4916586.0,1199.5124009363137,5,806320104.0,ok,0,81,164
vco_current_min,13,4,0,0.25,0.2499797,-3.715931e-10,4917024.0,1199.5124009363137,5,806391936.0,ok,0,81,164
vco_current_min,13,4,0,0.3,0.2999649,-1.241907e-10,4915324.0,863.1222393149188,5,806113136.0,ok,0,81,164
vco_current_min,13,4,0,0.35,0.3500024,1.127579e-11,4914166.0,863.1222393149188,5,805923224.0,ok,0,81,164
vco_current_min,13,4,0,0.4,0.3999869,2.287851e-10,4912622.0,1057.1045359849707,5,805670008.0,ok,0,81,164
vco_current_min,13,4,0,0.45,0.4499801,-2.62201e-10,4908852.0,1025.2902028206454,5,805051728.0,ok,0,81,164
vco_current_min,13,4,0,0.5,0.4999758,4.638512e-13,4895232.0,1051.627310409919,5,802818048.0,ok,0,81,164
vco_current_min,13,4,0,0.55,0.5499723,-1.299146e-10,4854276.0,1035.195633684764,5,796101264.0,ok,0,81,164
vco_current_min,13,4,0,0.6,0.5999671,7.869072e-11,4797984.0,1007.8095058095056,5,786869376.0,ok,0,81,164
vco_current_min,13,4,0,0.65,0.6499881,1.445555e-11,4769248.0,1279.4999023055843,5,782156672.0,ok,0,81,164
vco_current_min,13,4,0,0.7,0.6999748,-2.751996e-11,4762276.0,371.1872842649651,5,781013264.0,ok,0,81,164
vco_current_min,13,4,0,0.75,0.7499772,2.822081e-10,4761386.0,991.3778290843507,5,780867304.0,ok,0,81,164
vco_current_min,13,5,0,0.0,-8.862116e-08,-1.726912e-09,4917900.0,0.0,5,806535600.0,ok,0,81,164
vco_current_min,13,5,0,0.05,0.04999614,-1.322415e-09,4917900.0,0.0,5,806535600.0,ok,0,81,164
vco_current_min,13,5,0,0.1,0.09998664,-8.632223e-10,4916148.0,979.3977741449079,5,806248272.0,ok,0,81,164
vco_current_min,13,5,0,0.15,0.1499882,-6.259937e-10,4916586.0,1199.5124009363137,5,806320104.0,ok,0,81,164
vco_current_min,13,5,0,0.2,0.1999859,-3.754091e-10,4917024.0,1199.5124009363137,5,806391936.0,ok,0,81,164
vco_current_min,13,5,0,0.25,0.2499786,-9.175496e-11,4916586.0,1199.5124009363137,5,806320104.0,ok,0,81,164
vco_current_min,13,5,0,0.3,0.2999648,-1.489943e-10,4916148.0,979.3977741449079,5,806248272.0,ok,0,81,164
vco_current_min,13,5,0,0.35,0.3500023,-2.65381e-10,4915324.0,863.1222393149188,5,806113136.0,ok,0,81,164
vco_current_min,13,5,0,0.4,0.3999881,-7.140322e-11,4912622.0,1057.1045359849707,5,805670008.0,ok,0,81,164
vco_current_min,13,5,0,0.45,0.4499804,-1.668021e-10,4908762.0,1057.1045359849707,5,805036968.0,ok,0,81,164
vco_current_min,13,5,0,0.5,0.4999765,1.556459e-10,4894080.0,0.0,5,802629120.0,ok,0,81,164
vco_current_min,13,5,0,0.55,0.5499712,1.639139e-10,4852776.0,679.1759713064059,5,795855264.0,ok,0,81,164
vco_current_min,13,5,0,0.6,0.5999666,-1.407265e-10,4794664.0,818.4619722381731,5,786324896.0,ok,0,81,164
vco_current_min,13,5,0,0.65,0.649987,-2.342174e-10,4763304.0,813.9287438099235,5,781181856.0,ok,0,81,164
vco_current_min,13,5,0,0.7,0.6999751,2.109773e-10,4758600.0,554.7071299343465,5,780410400.0,ok,0,81,164
vco_current_min,13,5,0,0.75,0.7499774,4.329384e-10,4755956.0,991.3778290843507,5,779976784.0,ok,0,81,164
vco_current_min,13,6,0,0.0,-7.74904e-07,-1.838213e-09,4975740.0,0.0,5,806069880.0,ok,0,80,162
vco_current_min,13,6,0,0.05,0.04999658,-1.333227e-09,4975344.0,885.4829190899167,5,806005728.0,ok,0,80,162
vco_current_min,13,6,0,0.1,0.09998781,-9.579866e-10,4975344.0,885.4829190899167,5,806005728.0,ok,0,80,162
vco_current_min,13,6,0,0.15,0.1499899,-6.100938e-10,4974552.0,1084.490663860229,5,805877424.0,ok,0,80,162
vco_current_min,13,6,0,0.2,0.1999862,-4.027572e-10,4973760.0,0.0,5,805749120.0,ok,0,80,162
vco_current_min,13,6,0,0.25,0.249979,-2.501172e-10,4974156.0,885.4829190899167,5,805813272.0,ok,0,80,162
vco_current_min,13,6,0,0.3,0.2999648,-2.297654e-10,4973760.0,0.0,5,805749120.0,ok,0,80,162
vco_current_min,13,6,0,0.35,0.3500021,-1.979658e-10,4972110.0,933.3809511662428,5,805481820.0,ok,0,80,162
vco_current_min,13,6,0,0.4,0.3999868,-4.02398e-11,4970196.0,885.4829190899167,5,805171752.0,ok,0,80,162
vco_current_min,13,6,0,0.45,0.4499808,-9.938689e-11,4965582.0,1079.0134382851772,5,804424284.0,ok,0,80,162
vco_current_min,13,6,0,0.5,0.4999761,-4.659964e-11,4950176.0,1073.5362127101255,5,801928512.0,ok,0,80,162
vco_current_min,13,6,0,0.55,0.5499722,-1.095629e-10,4904248.0,1830.4425694350534,5,794488176.0,ok,0,80,162
vco_current_min,13,6,0,0.6,0.5999668,1.636366e-11,4835820.0,1870.0,5,783402840.0,ok,0,80,162
vco_current_min,13,6,0,0.65,0.6499881,-8.98471e-11,4798720.0,1301.0764773832475,5,777392640.0,ok,0,80,162
vco_current_min,13,6,0,0.7,0.6999758,4.498316e-11,4789808.0,1686.27399908793,5,775948896.0,ok,0,80,162
vco_current_min,13,6,0,0.75,0.7499792,-1.960578e-10,4789072.0,1001.7584539199058,5,775829664.0,ok,0,80,162
vco_current_min,13,7,0,0.0,1.402223e-07,-1.908174e-09,4974948.0,1084.490663860229,5,805941576.0,ok,0,80,162
vco_current_min,13,7,0,0.05,0.04999581,-1.244823e-09,4975740.0,0.0,5,806069880.0,ok,0,80,162
vco_current_min,13,7,0,0.1,0.09998807,-7.182142e-10,4974552.0,1084.490663860229,5,805877424.0,ok,0,80,162
vco_current_min,13,7,0,0.15,0.1499888,-7.659139e-10,4973760.0,0.0,5,805749120.0,ok,0,80,162
vco_current_min,13,7,0,0.2,0.1999864,-4.574534e-10,4973760.0,0.0,5,805749120.0,ok,0,80,162
vco_current_min,13,7,0,0.25,0.2499795,-5.477656e-10,4973760.0,0.0,5,805749120.0,ok,0,80,162
vco_current_min,13,7,0,0.3,0.2999658,-2.132296e-10,4973694.0,676.2987505533335,5,805738428.0,ok,0,80,162
vco_current_min,13,7,0,0.35,0.3500013,-5.168757e-11,4972968.0,722.9937759068192,5,805620816.0,ok,0,80,162
vco_current_min,13,7,0,0.4,0.3999882,1.028589e-10,4970196.0,885.4829190899167,5,805171752.0,ok,0,80,162
vco_current_min,13,7,0,0.45,0.4499796,-7.903533e-11,4965582.0,1079.0134382851772,5,804424284.0,ok,0,80,162
vco_current_min,13,7,0,0.5,0.4999768,-8.857508e-11,4949784.0,1073.5362127101255,5,801865008.0,ok,0,80,162
vco_current_min,13,7,0,0.55,0.5499736,-1.273706e-10,4902912.0,1051.627310409919,5,794271744.0,ok,0,80,162
vco_current_min,13,7,0,0.6,0.5999659,-1.699822e-10,4829836.0,836.2894235849213,5,782433432.0,ok,0,80,162
vco_current_min,13,7,0,0.65,0.6499881,6.469902e-11,4792464.0,1007.8095058095056,5,776379168.0,ok,0,80,162
vco_current_min,13,7,0,0.7,0.6999747,1.054025e-10,4783620.0,0.0,5,774946440.0,ok,0,80,162
vco_current_min,13,7,0,0.75,0.7499786,3.83967e-10,4781648.0,1030.179595992854,5,774626976.0,ok,0,80,162
vco_current_min,13,8,0,0.0,-1.232416e-06,-1.873192e-09,4961642.0,1079.0134382851772,5,803786004.0,ok,0,80,162
vco_current_min,13,8,0,0.05,0.04999661,-1.255636e-09,4959672.0,1079.0134382851772,5,803466864.0,ok,0,80,162
vco_current_min,13,8,0,0.1,0.09998799,-9.745224e-10,4960066.0,881.0107831349171,5,803530692.0,ok,0,80,162
vco_current_min,13,8,0,0.15,0.1499889,-5.719336e-10,4960066.0,881.0107831349171,5,803530692.0,ok,0,80,162
vco_current_min,13,8,0,0.2,0.1999865,-3.588732e-10,4959780.0,1198.0609333418731,5,803484360.0,ok,0,80,162
vco_current_min,13,8,0,0.25,0.2499795,-2.67289e-10,4959278.0,1079.0134382851772,5,803403036.0,ok,0,80,162
vco_current_min,13,8,0,0.3,0.2999651,-1.470864e-10,4958490.0,0.0,5,803275380.0,ok,0,80,162
vco_current_min,13,8,0,0.35,0.3500024,-9.429894e-11,4956914.0,881.0107831349171,5,803020068.0,ok,0,80,162
vco_current_min,13,8,0,0.4,0.3999869,-8.348719e-11,4953704.0,1073.5362127101255,5,802500048.0,ok,0,80,162
vco_current_min,13,8,0,0.45,0.4499805,-8.730312e-11,4946648.0,876.5386471799176,5,801356976.0,ok,0,80,162
vco_current_min,13,8,0,0.5,0.4999771,-7.967117e-11,4916536.0,1846.9921494148264,5,796478832.0,ok,0,80,162
vco_current_min,13,8,0,0.55,0.5499708,-1.413625e-10,4791512.0,7123.360864086559,5,776224944.0,ok,0,80,162
vco_current_min,13,8,0,0.6,0.5999669,2.071613e-10,4301604.0,23247.76290312683,5,696859848.0,ok,0,80,162
vco_current_min,13,8,0,0.65,0.6499882,-1.241907e-10,3785416.0,5977.0753717851,5,613237392.0,ok,0,80,162
vco_current_min,13,8,0,0.7,0.6999753,2.300569e-10,3653588.0,4379.151744345017,5,591881256.0,ok,0,80,162
vco_current_min,13,8,0,0.75,0.7499764,2.917481e-10,3634904.0,5719.18088540658,5,588854448.0,ok,0,80,162
vco_current_min,13,9,0,0.0,3.688765e-07,-2.025197e-09,4959672.0,1079.0134382851772,5,803466864.0,ok,0,80,162
vco_current_min,13,9,0,0.05,0.04999742,-1.115079e-09,4959668.0,1266.7556986254294,5,803466216.0,ok,0,80,162
vco_current_min,13,9,0,0.1,0.09998876,-7.366582e-10,4960460.0,0.0,5,803594520.0,ok,0,80,162
vco_current_min,13,9,0,0.15,0.1499885,-4.453693e-10,4959494.0,1374.783619337967,5,803438028.0,ok,0,80,162
vco_current_min,13,9,0,0.2,0.1999871,-3.232571e-10,4959058.0,869.5803585638305,5,803367396.0,ok,0,80,162
vco_current_min,13,9,0,0.25,0.2499789,-3.696852e-10,4958490.0,0.0,5,803275380.0,ok,0,80,162
vco_current_min,13,9,0,0.3,0.2999651,-6.122738e-11,4958096.0,881.0107831349171,5,803211552.0,ok,0,80,162
vco_current_min,13,9,0,0.35,0.350002,-3.515169e-11,4955536.0,898.2649943084724,5,802796832.0,ok,0,80,162
vco_current_min,13,9,0,0.4,0.3999878,3.007872e-12,4953704.0,1073.5362127101255,5,802500048.0,ok,0,80,162
vco_current_min,13,9,0,0.45,0.4499798,3.544348e-11,4946324.0,987.7651542750433,5,801304488.0,ok,0,80,162
vco_current_min,13,9,0,0.5,0.4999762,1.302062e-10,4914938.0,1057.1045359849707,5,796219956.0,ok,0,80,162
vco_current_min,13,9,0,0.55,0.5499721,1.155783e-10,4781424.0,3520.075283285856,5,774590688.0,ok,0,80,162
vco_current_min,13,9,0,0.6,0.5999663,-3.387973e-11,4231814.0,14400.065277629821,5,685553868.0,ok,0,80,162
vco_current_min,13,9,0,0.65,0.6499878,-9.712064e-12,3680130.0,7195.846023922413,5,596181060.0,ok,0,80,162
vco_current_min,13,9,0,0.7,0.6999755,1.403821e-10,3543826.2,4896.787947216011,5,574099844.4,ok,0,80,162
vco_current_min,13,9,0,0.75,0.749978,2.485008e-10,3516754.6,3067.9739731620934,5,569714245.2,ok,0,80,162
vco_current_min,13,10,0,0.0,-1.346722e-06,-1.824221e-09,4956192.0,733.430296619931,5,802903104.0,ok,0,80,162
vco_current_min,13,10,0,0.05,0.04999638,-1.225107e-09,4956520.0,0.0,5,802956240.0,ok,0,80,162
vco_current_min,13,10,0,0.1,0.09998742,-8.683101e-10,4956192.0,733.430296619931,5,802903104.0,ok,0,80,162
vco_current_min,13,10,0,0.15,0.1499885,-6.221779e-10,4956192.0,733.430296619931,5,802903104.0,ok,0,80,162
vco_current_min,13,10,0,0.2,0.199986,-4.784413e-10,4955208.0,733.430296619931,5,802743696.0,ok,0,80,162
vco_current_min,13,10,0,0.25,0.2499778,-3.423372e-10,4954880.0,0.0,5,802690560.0,ok,0,80,162
vco_current_min,13,10,0,0.3,0.2999654,-2.278575e-10,4954488.0,876.5386471799176,5,802627056.0,ok,0,80,162
vco_current_min,13,10,0,0.35,0.3500022,-1.489943e-10,4952920.0,0.0,5,802373040.0,ok,0,80,162
vco_current_min,13,10,0,0.4,0.3999874,-3.642359e-11,4949784.0,1073.5362127101255,5,801865008.0,ok,0,80,162
vco_current_min,13,10,0,0.45,0.4499814,-8.439915e-12,4940130.0,1068.058987135074,5,800301060.0,ok,0,80,162
vco_current_min,13,10,0,0.5,0.4999771,-1.543607e-11,4907012.0,1341.8531961433039,5,794935944.0,ok,0,80,162
vco_current_min,13,10,0,0.55,0.5499716,-5.359571e-11,4733620.0,3905.4513183497756,5,766846440.0,ok,0,80,162
vco_current_min,13,10,0,0.6,0.599966,-6.440745e-11,3860931.6,19776.037338152455,5,625470919.2,ok,0,80,162
vco_current_min,13,10,0,0.65,0.6499877,-7.967134e-11,3119968.2,7953.939382469544,5,505434848.40000004,ok,0,80,162
vco_current_min,13,10,0,0.7,0.699976,8.759474e-11,2956651.6,1943.0756032640625,5,478977559.2,ok,0,80,162
vco_current_min,13,10,0,0.75,0.7499772,2.236969e-10,2930357.4,4285.16811805558,5,474717898.8,ok,0,80,162
vco_current_min,13,11,0,0.0,2.580055e-08,-1.955873e-09,4955864.0,898.2649943084724,5,802849968.0,ok,0,80,162
vco_current_min,13,11,0,0.05,0.04999696,-1.271536e-09,4955208.0,733.430296619931,5,802743696.0,ok,0,80,162
vco_current_min,13,11,0,0.1,0.09998813,-8.129781e-10,4955536.0,898.2649943084724,5,802796832.0,ok,0,80,162
vco_current_min,13,11,0,0.15,0.149989,-6.291737e-10,4955536.0,898.2649943084724,5,802796832.0,ok,0,80,162
vco_current_min,13,11,0,0.2,0.1999872,-4.110253e-10,4954816.0,1275.8056278289416,5,802680192.0,ok,0,80,162
vco_current_min,13,11,0,0.25,0.24998,-2.68561e-10,4953704.0,1073.5362127101255,5,802500048.0,ok,0,80,162
vco_current_min,13,11,0,0.3,0.299965,-2.005098e-10,4952920.0,0.0,5,802373040.0,ok,0,80,162
vco_current_min,13,11,0,0.35,0.3500022,-1.286426e-10,4950960.0,0.0,5,802055520.0,ok,0,80,162
vco_current_min,13,11,0,0.4,0.3999876,-5.105148e-11,4947760.0,992.3708984044222,5,801537120.0,ok,0,80,162
vco_current_min,13,11,0,0.45,0.4499814,-1.235547e-10,4938570.0,1068.058987135074,5,800048340.0,ok,0,80,162
vco_current_min,13,11,0,0.5,0.4999765,-1.439064e-10,4905018.0,1955.0754461145482,5,794612916.0,ok,0,80,162
vco_current_min,13,11,0,0.55,0.5499726,-3.515174e-11,4725730.0,4754.324347370507,5,765568260.0,ok,0,80,162
vco_current_min,13,11,0,0.6,0.5999668,-9.875105e-11,3765960.0,11352.435861963722,5,610085520.0,ok,0,80,162
vco_current_min,13,11,0,0.65,0.6499875,7.741877e-11,2985537.0,9239.019590844042,5,483656994.0,ok,0,80,162
vco_current_min,13,11,0,0.7,0.6999756,-4.469168e-11,2807762.2,4601.662547384369,5,454857476.40000004,ok,0,80,162
vco_current_min,13,11,0,0.75,0.749977,3.292717e-10,2780134.8,4510.245414608832,5,450381837.59999996,ok,0,80,162
vco_current_min,13,12,0,0.0,4.832837e-07,-1.893545e-09,4953312.0,876.5386471799176,5,802436544.0,ok,0,80,162
vco_current_min,13,12,0,0.05,0.04999661,-1.206027e-09,4952528.0,876.5386471799176,5,802309536.0,ok,0,80,162
vco_current_min,13,12,0,0.1,0.09998804,-1.136703e-09,4952528.0,876.5386471799176,5,802309536.0,ok,0,80,162
vco_current_min,13,12,0,0.15,0.1499893,-8.104342e-10,4951744.0,1073.5362127101255,5,802182528.0,ok,0,80,162
vco_current_min,13,12,0,0.2,0.1999862,-6.686056e-10,4950960.0,0.0,5,802055520.0,ok,0,80,162
vco_current_min,13,12,0,0.25,0.2499791,-4.256533e-10,4950568.0,876.5386471799176,5,801992016.0,ok,0,80,162
vco_current_min,13,12,0,0.3,0.2999648,-1.413624e-10,4949392.0,876.5386471799176,5,801801504.0,ok,0,80,162
vco_current_min,13,12,0,0.35,0.3500029,-8.080203e-13,4946652.0,878.7889393932994,5,801357624.0,ok,0,80,162
vco_current_min,13,12,0,0.4,0.3999878,-2.329454e-10,4943904.0,1073.5362127101255,5,800912448.0,ok,0,80,162
vco_current_min,13,12,0,0.45,0.4499805,3.480752e-11,4933890.0,872.066511224918,5,799290180.0,ok,0,80,162
vco_current_min,13,12,0,0.5,0.4999776,-7.712721e-11,4894144.0,1925.3259464308894,5,792851328.0,ok,0,80,162
vco_current_min,13,12,0,0.55,0.5499721,9.077461e-11,4658464.0,6085.56735235097,5,754671168.0,ok,0,80,162
vco_current_min,13,12,0,0.6,0.5999665,1.384741e-10,3275603.2,28342.127984680334,5,530647718.40000004,ok,0,80,162
vco_current_min,13,12,0,0.65,0.6499874,7.459672e-12,2299300.2,6571.399866086374,5,372486632.40000004,ok,0,80,162
vco_current_min,13,12,0,0.7,0.6999754,7.678291e-11,2074533.2,2385.822646384261,5,336074378.4,ok,0,80,162
vco_current_min,13,12,0,0.75,0.7499774,3.248198e-10,2037167.2,4688.912581825342,5,330021086.4,ok,0,80,162
vco_current_min,13,13,0,0.0,-2.029992e-07,-1.876373e-09,4951352.0,876.5386471799176,5,802119024.0,ok,0,80,162
vco_current_min,13,13,0,0.05,0.04999581,-1.221291e-09,4951352.0,876.5386471799176,5,802119024.0,ok,0,80,162
vco_current_min,13,13,0,0.1,0.09998755,-9.217344e-10,4950960.0,0.0,5,802055520.0,ok,0,80,162
vco_current_min,13,13,0,0.15,0.1499891,-6.63518e-10,4951352.0,876.5386471799176,5,802119024.0,ok,0,80,162
vco_current_min,13,13,0,0.2,0.1999859,-5.108776e-10,4950568.0,876.5386471799176,5,801992016.0,ok,0,80,162
vco_current_min,13,13,0,0.25,0.2499796,-3.474251e-10,4949392.0,876.5386471799176,5,801801504.0,ok,0,80,162
vco_current_min,13,13,0,0.3,0.2999646,-2.418493e-10,4948936.0,143.10835055998655,5,801727632.0,ok,0,80,162
vco_current_min,13,13,0,0.35,0.3500024,-1.216467e-10,4946648.0,876.5386471799176,5,801356976.0,ok,0,80,162
vco_current_min,13,13,0,0.4,0.3999872,-1.680741e-10,4942756.0,813.9287438099235,5,800726472.0,ok,0,80,162
vco_current_min,13,13,0,0.45,0.4499805,-5.868347e-11,4933110.0,872.066511224918,5,799163820.0,ok,0,80,162
vco_current_min,13,13,0,0.5,0.4999776,-2.68838e-11,4891522.0,3132.2867046297024,5,792426564.0,ok,0,80,162
vco_current_min,13,13,0,0.55,0.5499718,-6.63154e-11,4637404.0,16361.200444955131,5,751259448.0,ok,0,80,162
vco_current_min,13,13,0,0.6,0.5999654,8.731682e-12,3127719.4,20210.594790851654,5,506690542.8,ok,0,80,162
vco_current_min,13,13,0,0.65,0.6499884,7.487505e-11,2112359.0,3345.6791537743125,5,342202158.0,ok,0,80,162
vco_current_min,13,13,0,0.7,0.6999748,6.215473e-11,5072806.0,3753.608930083154,5,304368360.0,ok,0,29,60
vco_current_min,13,13,0,0.75,0.7499786,3.413558e-10,4956306.0,5008.650516855812,5,297378360.0,ok,0,29,60
vco_current_min,13,14,0,0.0,1.055203e-06,-1.929161e-09,4947438.0,873.1952817096528,5,801484956.0,ok,0,80,162
vco_current_min,13,14,0,0.05,0.04999694,-1.253727e-09,4946652.0,878.7889393932994,5,801357624.0,ok,0,80,162
vco_current_min,13,14,0,0.1,0.09998815,-7.760902e-10,4946652.0,878.7889393932994,5,801357624.0,ok,0,80,162
vco_current_min,13,14,0,0.15,0.1499887,-5.471295e-10,4945474.0,881.0107831349171,5,801166788.0,ok,0,80,162
vco_current_min,13,14,0,0.2,0.1999862,-4.619054e-10,4945932.0,1020.9407426486613,5,801240984.0,ok,0,80,162
vco_current_min,13,14,0,0.25,0.2499801,-3.563292e-10,4945864.0,1073.5362127101255,5,801229968.0,ok,0,80,162
vco_current_min,13,14,0,0.3,0.2999653,-2.145016e-10,4944296.0,1073.5362127101255,5,800975952.0,ok,0,80,162
vco_current_min,13,14,0,0.35,0.3500027,-1.006589e-10,4941274.0,1333.371666115641,5,800486388.0,ok,0,80,162
vco_current_min,13,14,0,0.4,0.3999878,-1.051109e-10,4937400.0,0.0,5,799858800.0,ok,0,80,162
vco_current_min,13,14,0,0.45,0.4499812,4.915818e-12,4925660.0,1371.7871555019021,5,797956920.0,ok,0,80,162
vco_current_min,13,14,0,0.5,0.4999774,-8.53952e-11,4878188.0,1968.3673437648777,5,790266456.0,ok,0,80,162
vco_current_min,13,14,0,0.55,0.5499732,-1.721956e-13,4505302.0,8875.726449142065,5,729858924.0,ok,0,80,162
vco_current_min,13,14,0,0.6,0.5999668,-1.797995e-11,2450535.8,40693.69429899428,5,396986799.59999996,ok,0,80,162
vco_current_min,13,14,0,0.65,0.6499887,5.452314e-11,5090388.0,42838.09134403633,5,183253968.0,ok,0,17,36
vco_current_min,13,14,0,0.7,0.6999763,1.136703e-10,3338880.2,12614.625646447064,5,120199687.2,ok,0,17,36
vco_current_min,13,14,0,0.75,0.7499782,3.553472e-10,3066171.4,4906.389640051022,5,110382170.39999999,ok,0,17,36
vco_current_min,13,15,0,0.0,-8.862116e-08,-1.931705e-09,4946648.0,876.5386471799176,5,801356976.0,ok,0,80,162
vco_current_min,13,15,0,0.05,0.04999696,-1.254364e-09,4945864.0,1073.5362127101255,5,801229968.0,ok,0,80,162
vco_current_min,13,15,0,0.1,0.09998848,-9.071064e-10,4945472.0,876.5386471799176,5,801166464.0,ok,0,80,162
vco_current_min,13,15,0,0.15,0.1499901,-1.141155e-09,4943904.0,1073.5362127101255,5,800912448.0,ok,0,80,162
vco_current_min,13,15,0,0.2,0.1999858,-2.75557e-10,4944688.0,876.5386471799176,5,801039456.0,ok,0,80,162
vco_current_min,13,15,0,0.25,0.2499791,-4.129332e-10,4943904.0,1073.5362127101255,5,800912448.0,ok,0,80,162
vco_current_min,13,15,0,0.3,0.2999655,-4.568174e-10,4943120.0,0.0,5,800785440.0,ok,0,80,162
vco_current_min,13,15,0,0.35,0.3500022,1.849929e-09,4940520.0,1068.058987135074,5,800364240.0,ok,0,80,162
vco_current_min,13,15,0,0.4,0.3999871,-1.712541e-10,4936230.0,1068.058987135074,5,799669260.0,ok,0,80,162
vco_current_min,13,15,0,0.45,0.4499811,-2.348534e-10,4924108.0,867.5943752699184,5,797705496.0,ok,0,80,162
vco_current_min,13,15,0,0.5,0.4999778,-1.680741e-10,4875400.0,3290.896534380867,5,789814800.0,ok,0,80,162
vco_current_min,13,15,0,0.55,0.5499719,-4.023985e-11,4485136.0,15288.31024018024,5,726592032.0,ok,0,80,162
vco_current_min,13,15,0,0.6,0.5999665,1.683657e-10,2304485.8,58851.32563672632,5,373326699.59999996,ok,0,80,162
vco_current_min,13,15,0,0.65,0.6499882,1.890757e-11,5334852.0,47289.117881390004,5,138706152.0,ok,0,12,26
vco_current_min,13,15,0,0.7,0.6999763,-2.090703e-09,2525330.4,16722.740409394628,5,65658590.4,ok,0,12,26
vco_current_min,13,15,0,0.75,0.7499779,3.648873e-10,2052862.6,4202.658004168315,5,53374427.6,ok,0,12,26
vco_current_max,14,15,0,0.0,5.976617e-07,-1.969865e-09,4921024.0,945.8752560459545,5,747995648.0,ok,0,75,152
vco_current_max,14,15,0,0.05,0.0499965,-1.387924e-09,4921392.0,867.5943752699184,5,748051584.0,ok,0,75,152
vco_current_max,14,15,0,0.1,0.09998859,-7.79906e-10,4921348.0,848.363129797612,5,748044896.0,ok,0,75,152
vco_current_max,14,15,0,0.15,0.1499894,-6.819619e-10,4920248.0,746.404715955091,5,747877696.0,ok,0,75,152
vco_current_max,14,15,0,0.2,0.1999864,-3.843132e-10,4920228.0,867.5943752699184,5,747874656.0,ok,0,75,152
vco_current_max,14,15,0,0.25,0.2499797,-3.563291e-10,4919904.0,143.10835055998655,5,747825408.0,ok,0,75,152
vco_current_max,14,15,0,0.3,0.2999655,-5.741142e-11,4918288.0,867.5943752699184,5,747579776.0,ok,0,75,152
vco_current_max,14,15,0,0.35,0.3500023,-3.515174e-11,4916148.0,979.3977741449079,5,747254496.0,ok,0,75,152
vco_current_max,14,15,0,0.4,0.3999878,-2.431213e-10,4912236.0,863.1222393149188,5,746659872.0,ok,0,75,152
vco_current_max,14,15,0,0.45,0.4499807,9.395479e-11,4899840.0,0.0,5,744775680.0,ok,0,75,152
vco_current_max,14,15,0,0.5,0.4999759,4.87993e-11,4850232.0,5997.959653082038,5,737235264.0,ok,0,75,152
vco_current_max,14,15,0,0.55,0.5499722,-8.921112e-11,4492198.0,44646.336579835974,5,682814096.0,ok,0,75,152
vco_current_max,14,15,0,0.6,0.5999664,-7.712725e-11,2318781.2,39071.94068893942,5,352454742.40000004,ok,0,75,152
vco_current_max,14,15,0,0.65,0.6499879,-1.098399e-11,5409542.0,51642.50110132158,5,129829008.0,ok,0,11,24
vco_current_max,14,15,0,0.7,0.6999754,1.191161e-11,2624840.8,22400.550566894555,5,62996179.199999996,ok,0,11,24
vco_current_max,14,15,0,0.75,0.7499778,2.726685e-10,2145970.6,4588.592245994408,5,51503294.400000006,ok,0,11,24
vco_current_max,14,15,1,0.0,2.578599e-08,-2.40171e-09,4978116.0,885.4829190899167,5,746717400.0,ok,0,74,150
vco_current_max,14,15,1,0.05,0.04999661,-1.037487e-09,4977720.0,0.0,5,746658000.0,ok,0,74,150
vco_current_max,14,15,1,0.1,0.09998838,-1.021587e-09,4978116.0,885.4829190899167,5,746717400.0,ok,0,74,150
vco_current_max,14,15,1,0.15,0.1499889,-5.668455e-10,4976928.0,1084.490663860229,5,746539200.0,ok,0,74,150
vco_current_max,14,15,1,0.2,0.1999865,-1.5253e-09,4977324.0,885.4829190899167,5,746598600.0,ok,0,74,150
vco_current_max,14,15,1,0.25,0.2499791,-4.943415e-10,4975740.0,1400.071426749364,5,746361000.0,ok,0,74,150
vco_current_max,14,15,1,0.3,0.2999651,-2.208615e-10,4974552.0,1084.490663860229,5,746182800.0,ok,0,74,150
vco_current_max,14,15,1,0.35,0.3500024,-1.858819e-10,4972572.0,1084.490663860229,5,745885800.0,ok,0,74,150
vco_current_max,14,15,1,0.4,0.399987,7.614703e-11,4967820.0,0.0,5,745173000.0,ok,0,74,150
vco_current_max,14,15,1,0.45,0.4499801,-7.458321e-11,4954096.0,1073.5362127101255,5,743114400.0,ok,0,74,150
vco_current_max,14,15,1,0.5,0.4999765,-9.684298e-11,4898688.0,3981.3967398389223,5,734803200.0,ok,0,74,150
vco_current_max,14,15,1,0.55,0.5499717,-1.095628e-10,4349564.0,24335.383292646122,5,652434600.0,ok,0,74,150
vco_current_max,14,15,1,0.6,0.5999668,-6.504337e-11,2068684.6,26278.61464765599,5,310302690.0,ok,0,74,150
vco_current_max,14,15,1,0.65,0.6499875,-3.324394e-11,5338026.0,69249.16808164558,5,117436572.0,ok,0,10,22
vco_current_max,14,15,1,0.7,0.6999753,2.516807e-10,2796718.8,16442.578727194832,5,61527813.599999994,ok,0,10,22
vco_current_max,14,15,1,0.75,0.749977,3.737911e-10,2331325.6,6368.176685676993,5,51289163.2,ok,0,10,22
vco_current_max,14,15,2,0.0,2.54513e-07,-1.851569e-09,4969404.0,885.4829190899167,5,745410600.0,ok,0,74,150
vco_current_max,14,15,2,0.05,0.04999638,-1.284891e-09,4968612.0,1084.490663860229,5,745291800.0,ok,0,74,150
vco_current_max,14,15,2,0.1,0.09998807,-8.403265e-10,4968612.0,1084.490663860229,5,745291800.0,ok,0,74,150
vco_current_max,14,15,2,0.15,0.149989,-5.312295e-10,4968322.0,1473.3702861127613,5,745248300.0,ok,0,74,150
vco_current_max,14,15,2,0.2,0.1999864,-3.366131e-10,4967240.0,794.1977083824909,5,745086000.0,ok,0,74,150
vco_current_max,14,15,2,0.25,0.2499795,2.01798e-11,4966660.0,648.459713474939,5,744999000.0,ok,0,74,150
vco_current_max,14,15,2,0.3,0.2999645,-1.057468e-10,4964794.0,881.0107831349171,5,744719100.0,ok,0,74,150
vco_current_max,14,15,2,0.35,0.3500027,-2.628371e-10,4962430.0,0.0,5,744364500.0,ok,0,74,150
vco_current_max,14,15,2,0.4,0.3999875,-1.343665e-10,4956914.0,881.0107831349171,5,743537100.0,ok,0,74,150
vco_current_max,14,15,2,0.45,0.4499798,-1.559904e-10,4942392.0,996.8550546594023,5,741358800.0,ok,0,74,150
vco_current_max,14,15,2,0.5,0.4999768,2.526762e-11,4874260.0,1040.6728592598156,5,731139000.0,ok,0,74,150
vco_current_max,14,15,2,0.55,0.5499721,2.35145e-10,4273608.0,47792.9421567662,5,641041200.0,ok,0,74,150
vco_current_max,14,15,2,0.6,0.5999676,4.307529e-11,2076367.6,61529.68571998397,5,311455140.0,ok,0,74,150
vco_current_max,14,15,2,0.65,0.6499876,1.639137e-10,5316006.0,129671.53496430896,5,116952132.0,ok,0,10,22
vco_current_max,14,15,2,0.7,0.6999752,-2.052397e-11,2805659.8,22664.534413925205,5,61724515.599999994,ok,0,10,22
vco_current_max,14,15,2,0.75,0.7499768,1.333861e-10,2334995.6,4869.011275402841,5,51369903.2,ok,0,10,22
vco_current_max,14,15,3,0.0,1.401495e-07,-1.940609e-09,4958096.0,881.0107831349171,5,743714400.0,ok,0,74,150
vco_current_max,14,15,3,0.05,0.04999683,-1.158963e-09,4958096.0,881.0107831349171,5,743714400.0,ok,0,74,150
vco_current_max,14,15,3,0.1,0.09998878,-9.522622e-10,4957308.0,1079.0134382851772,5,743596200.0,ok,0,74,150
vco_current_max,14,15,3,0.15,0.1499896,-6.819619e-10,4956520.0,0.0,5,743478000.0,ok,0,74,150
vco_current_max,14,15,3,0.2,0.1999862,-5.089694e-10,4955864.0,898.2649943084724,5,743379600.0,ok,0,74,150
vco_current_max,14,15,3,0.25,0.2499806,-3.092651e-10,4954488.0,876.5386471799176,5,743173200.0,ok,0,74,150
vco_current_max,14,15,3,0.3,0.299965,-2.202255e-10,4952920.0,0.0,5,742938000.0,ok,0,74,150
vco_current_max,14,15,3,0.35,0.3500017,-2.63473e-10,4949392.0,876.5386471799176,5,742408800.0,ok,0,74,150
vco_current_max,14,15,3,0.4,0.3999881,-1.280066e-10,4942028.0,996.8550546594023,5,741304200.0,ok,0,74,150
vco_current_max,14,15,3,0.45,0.4499832,-2.879186e-11,4924496.0,1062.5817615600222,5,738674400.0,ok,0,74,150
vco_current_max,14,15,3,0.5,0.4999774,-5.423156e-11,4834324.0,4054.0633936829354,5,725148600.0,ok,0,74,150
vco_current_max,14,15,3,0.55,0.5499709,-4.624218e-12,3908708.0,40566.48271664676,5,586306200.0,ok,0,74,150
vco_current_max,14,15,3,0.6,0.5999663,8.314274e-11,5208974.0,61111.83666033938,5,270866648.0,ok,0,25,52
vco_current_max,14,15,3,0.65,0.6499882,2.971925e-11,5178740.0,169180.84347821417,5,103574800.0,ok,0,9,20
vco_current_max,14,15,3,0.7,0.6999758,8.568671e-11,2990959.6,15546.037462967855,5,59819192.0,ok,0,9,20
vco_current_max,14,15,3,0.75,0.7499785,1.944413e-10,2564036.0,5668.957179234996,5,51280720.0,ok,0,9,20
vco_current_max,14,15,4,0.0,2.58151e-08,-1.923437e-09,4951352.0,876.5386471799176,5,742702800.0,ok,0,74,150
vco_current_max,14,15,4,0.05,0.04999625,-1.288707e-09,4950568.0,876.5386471799176,5,742585200.0,ok,0,74,150
vco_current_max,14,15,4,0.1,0.09998789,-8.16794e-10,4950176.0,1073.5362127101255,5,742526400.0,ok,0,74,150
vco_current_max,14,15,4,0.15,0.1499895,-7.283901e-10,4949784.0,1073.5362127101255,5,742467600.0,ok,0,74,150
vco_current_max,14,15,4,0.2,0.1999866,-4.326493e-10,4949392.0,876.5386471799176,5,742408800.0,ok,0,74,150
vco_current_max,14,15,4,0.25,0.2499792,-3.24529e-10,4947432.0,876.5386471799176,5,742114800.0,ok,0,74,150
vco_current_max,14,15,4,0.3,0.2999646,-1.623502e-10,4945540.0,851.3518661517105,5,741831000.0,ok,0,74,150
vco_current_max,14,15,4,0.35,0.3500026,-1.528103e-10,4942756.0,813.9287438099235,5,741413400.0,ok,0,74,150
vco_current_max,14,15,4,0.4,0.3999876,-5.232349e-11,4937010.0,872.066511224918,5,740551500.0,ok,0,74,150
vco_current_max,14,15,4,0.45,0.4499801,2.590361e-11,4918676.0,1062.5817615600222,5,737801400.0,ok,0,74,150
vco_current_max,14,15,4,0.5,0.4999773,4.180334e-11,4842984.0,2010.8406202382128,5,726447600.0,ok,0,74,150
vco_current_max,14,15,4,0.55,0.5499721,3.607942e-11,4184258.0,21470.203073096443,5,627638700.0,ok,0,74,150
vco_current_max,14,15,4,0.6,0.599967,-3.896773e-11,2034196.2,45915.31862243798,5,305129430.0,ok,0,74,150
vco_current_max,14,15,4,0.65,0.6499887,8.695877e-11,5356110.0,54129.68778775654,5,117834420.0,ok,0,10,22
vco_current_max,14,15,4,0.7,0.699976,1.562818e-10,2809735.8,6967.684134631822,5,61814187.599999994,ok,0,10,22
vco_current_max,14,15,4,0.75,0.7499789,2.542248e-10,2336697.4,5737.172718334354,5,51407342.8,ok,0,10,22
vco_current_max,14,15,5,0.0,-8.863572e-08,-1.872556e-09,4935450.0,0.0,5,740317500.0,ok,0,74,150
vco_current_max,14,15,5,0.05,0.04999637,-1.349128e-09,4934670.0,1068.058987135074,5,740200500.0,ok,0,74,150
vco_current_max,14,15,5,0.1,0.09998856,-9.064702e-10,4933890.0,872.066511224918,5,740083500.0,ok,0,74,150
vco_current_max,14,15,5,0.15,0.1499903,-6.018257e-10,4933380.0,268.32815729997475,5,740007000.0,ok,0,74,150
vco_current_max,14,15,5,0.2,0.1999863,-5.522175e-10,4931940.0,872.066511224918,5,739791000.0,ok,0,74,150
vco_current_max,14,15,5,0.25,0.2499792,-3.639612e-10,4931148.0,898.8993269549154,5,739672200.0,ok,0,74,150
vco_current_max,14,15,5,0.3,0.2999639,-1.839739e-10,4927988.0,867.5943752699184,5,739198200.0,ok,0,74,150
vco_current_max,14,15,5,0.35,0.350002,-1.330945e-10,4925272.0,867.5943752699184,5,738790800.0,ok,0,74,150
vco_current_max,14,15,5,0.4,0.3999877,-1.85246e-10,4917900.0,0.0,5,737685000.0,ok,0,74,150
vco_current_max,14,15,5,0.45,0.4499802,-1.87154e-10,4893312.0,1051.627310409919,5,733996800.0,ok,0,74,150
vco_current_max,14,15,5,0.5,0.4999768,-2.080031e-12,4781902.0,5703.22452652883,5,717285300.0,ok,0,74,150
vco_current_max,14,15,5,0.55,0.5499718,9.367701e-12,3801257.6,42064.64431443585,5,570188640.0,ok,0,74,150
vco_current_max,14,15,5,0.6,0.5999669,9.141055e-11,5098466.0,102915.1861000115,5,265120232.0,ok,0,25,52
vco_current_max,14,15,5,0.65,0.6499882,2.701243e-10,5202478.0,49804.13255945735,5,104049560.0,ok,0,9,20
vco_current_max,14,15,5,0.7,0.6999753,1.486499e-10,2996240.4,19127.109943742154,5,59924808.0,ok,0,9,20
vco_current_max,14,15,5,0.75,0.7499775,2.230612e-10,2563705.6,4993.612650176223,5,51274112.0,ok,0,9,20
vco_current_max,14,15,6,0.0,-4.318572e-07,-1.978132e-09,4980352.0,1457.916321329863,5,737092096.0,ok,0,73,148
vco_current_max,14,15,6,0.05,0.04999637,-1.269627e-09,4979956.0,1885.4919782380407,5,737033488.0,ok,0,73,148
vco_current_max,14,15,6,0.1,0.0999876,-9.312746e-10,4978908.0,1084.490663860229,5,736878384.0,ok,0,73,148
vco_current_max,14,15,6,0.15,0.1499891,-4.504573e-10,4978512.0,1084.490663860229,5,736819776.0,ok,0,73,148
vco_current_max,14,15,6,0.2,0.1999864,-5.286855e-10,4976928.0,1084.490663860229,5,736585344.0,ok,0,73,148
vco_current_max,14,15,6,0.25,0.2499796,-2.81917e-10,4975740.0,0.0,5,736409520.0,ok,0,73,148
vco_current_max,14,15,6,0.3,0.2999651,-6.059135e-11,4973100.0,808.3316151184488,5,736018800.0,ok,0,73,148
vco_current_max,14,15,6,0.35,0.3500022,-2.94637e-10,4967820.0,0.0,5,735237360.0,ok,0,73,148
vco_current_max,14,15,6,0.4,0.3999877,8.73171e-12,4958490.0,0.0,5,733856520.0,ok,0,73,148
vco_current_max,14,15,6,0.45,0.4499806,9.522663e-11,4929942.0,898.8993269549154,5,729631416.0,ok,0,73,148
vco_current_max,14,15,6,0.5,0.4999767,8.314288e-11,4792754.0,5399.609245121354,5,709327592.0,ok,0,73,148
vco_current_max,14,15,6,0.55,0.5499711,-1.225611e-11,3653932.0,33801.97786372862,5,540781936.0,ok,0,73,148
vco_current_max,14,15,6,0.6,0.5999677,6.215511e-11,5223318.0,84490.98543631741,5,261165900.0,ok,0,24,50
vco_current_max,14,15,6,0.65,0.6499881,-6.377142e-11,2005526.4,41985.062281721104,5,100276320.0,ok,0,24,50
vco_current_max,14,15,6,0.7,0.6999756,2.281491e-10,5058868.0,25955.21277123345,5,60706416.0,ok,0,5,12
vco_current_max,14,15,6,0.75,0.7499782,3.349956e-10,4279020.0,8541.053799151485,5,51348240.0,ok,0,5,12
vco_current_max,14,15,7,0.0,-5.460897e-07,-2.030285e-09,4953704.0,1073.5362127101255,5,733148192.0,ok,0,73,148
vco_current_max,14,15,7,0.05,0.04999695,-1.354852e-09,4953312.0,876.5386471799176,5,733090176.0,ok,0,73,148
vco_current_max,14,15,7,0.1,0.09998827,-9.509906e-10,4952528.0,876.5386471799176,5,732974144.0,ok,0,73,148
vco_current_max,14,15,7,0.15,0.1499904,-6.018255e-10,4950960.0,0.0,5,732742080.0,ok,0,73,148
vco_current_max,14,15,7,0.2,0.1999874,-5.795656e-10,4949000.0,0.0,5,732452000.0,ok,0,73,148
vco_current_max,14,15,7,0.25,0.2499808,-2.94001e-10,4947826.0,1071.718246555502,5,732278248.0,ok,0,73,148
vco_current_max,14,15,7,0.3,0.2999655,-2.532972e-10,4944688.0,876.5386471799176,5,731813824.0,ok,0,73,148
vco_current_max,14,15,7,0.35,0.3500017,-7.331125e-11,4938180.0,1068.058987135074,5,730850640.0,ok,0,73,148
vco_current_max,14,15,7,0.4,0.3999887,-3.260772e-11,4925272.0,867.5943752699184,5,728940256.0,ok,0,73,148
vco_current_max,14,15,7,0.45,0.4499811,5.770331e-11,4879854.0,2369.9113907486076,5,722218392.0,ok,0,73,148
vco_current_max,14,15,7,0.5,0.4999777,5.961118e-11,4646110.0,14186.095304910368,5,687624280.0,ok,0,73,148
vco_current_max,14,15,7,0.55,0.5499732,-1.458144e-10,3118916.8,58619.160256694224,5,461599686.4,ok,0,73,148
vco_current_max,14,15,7,0.6,0.5999677,-4.087572e-11,5090578.0,92308.96500340581,5,203623120.0,ok,0,19,40
vco_current_max,14,15,7,0.65,0.6499894,6.279108e-11,2177912.0,32892.6818076605,5,87116480.0,ok,0,19,40
vco_current_max,14,15,7,0.7,0.6999761,9.204656e-11,4876240.0,13800.175723518885,5,58514880.0,ok,0,5,12
vco_current_max,14,15,7,0.75,0.7499784,3.286355e-10,4262510.0,4759.180601742279,5,51150120.0,ok,0,5,12
vco_current_max,14,15,8,0.0,5.976908e-07,-1.848389e-09,4974156.0,885.4829190899167,5,736175088.0,ok,0,73,148
vco_current_max,14,15,8,0.05,0.04999796,-1.327503e-09,4973760.0,0.0,5,736116480.0,ok,0,73,148
vco_current_max,14,15,8,0.1,0.0999885,-8.651304e-10,4973760.0,0.0,5,736116480.0,ok,0,73,148
vco_current_max,14,15,8,0.15,0.1499912,-4.822575e-10,4973892.0,828.2934262687348,5,736136016.0,ok,0,73,148
vco_current_max,14,15,8,0.2,0.1999869,-3.607811e-10,4972572.0,722.9937759068192,5,735940656.0,ok,0,73,148
vco_current_max,14,15,8,0.25,0.2499795,-2.94637e-10,4971318.0,860.5347174867496,5,735755064.0,ok,0,73,148
vco_current_max,14,15,8,0.3,0.299966,-1.337305e-10,4969404.0,885.4829190899167,5,735471792.0,ok,0,73,148
vco_current_max,14,15,8,0.35,0.3500028,-7.331129e-11,4967530.0,648.459713474939,5,735194440.0,ok,0,73,148
vco_current_max,14,15,8,0.4,0.399989,-1.165587e-10,4962430.0,0.0,5,734439640.0,ok,0,73,148
vco_current_max,14,15,8,0.45,0.4499812,9.367757e-12,4944688.0,876.5386471799176,5,731813824.0,ok,0,73,148
vco_current_max,14,15,8,0.5,0.4999778,5.8339e-11,4867004.0,2105.298078657747,5,720316592.0,ok,0,73,148
vco_current_max,14,15,8,0.55,0.5499735,-4.214765e-11,4172202.0,25620.837613161675,5,617485896.0,ok,0,73,148
vco_current_max,14,15,8,0.6,0.5999668,8.505063e-11,2041072.0,39494.479930744754,5,302078656.0,ok,0,73,148
vco_current_max,14,15,8,0.65,0.6499893,7.169493e-11,5417246.0,74072.66216358097,5,119179412.0,ok,0,10,22
vco_current_max,14,15,8,0.7,0.6999757,1.384741e-10,2816626.2,8369.102711760683,5,61965776.400000006,ok,0,10,22
vco_current_max,14,15,8,0.75,0.7499781,3.413556e-10,2335739.4,4235.96279492632,5,51386266.8,ok,0,10,22
vco_current_max,14,15,9,0.0,1.28393e-06,-1.917713e-09,4945472.0,876.5386471799176,5,731929856.0,ok,0,73,148
vco_current_max,14,15,9,0.05,0.04999647,-1.279167e-09,4944296.0,1073.5362127101255,5,731755808.0,ok,0,73,148
vco_current_max,14,15,9,0.1,0.09998859,-1.020951e-09,4943904.0,1073.5362127101255,5,731697792.0,ok,0,73,148
vco_current_max,14,15,9,0.15,0.1499897,-5.948297e-10,4943512.0,876.5386471799176,5,731639776.0,ok,0,73,148
vco_current_max,14,15,9,0.2,0.1999868,-5.477656e-10,4942756.0,813.9287438099235,5,731527888.0,ok,0,73,148
vco_current_max,14,15,9,0.25,0.2499799,-2.90185e-10,4941300.0,0.0,5,731312400.0,ok,0,73,148
vco_current_max,14,15,9,0.3,0.2999648,-1.159228e-10,4939350.0,0.0,5,731023800.0,ok,0,73,148
vco_current_max,14,15,9,0.35,0.3500021,-1.458144e-10,4936230.0,1068.058987135074,5,730562040.0,ok,0,73,148
vco_current_max,14,15,9,0.4,0.3999879,-8.857511e-11,4928376.0,1062.5817615600222,5,729399648.0,ok,0,73,148
vco_current_max,14,15,9,0.45,0.4499809,-4.623996e-12,4904724.0,1951.276505265207,5,725899152.0,ok,0,73,148
vco_current_max,14,15,9,0.5,0.4999777,-3.006398e-11,4785250.0,4954.230515428203,5,708217000.0,ok,0,73,148
vco_current_max,14,15,9,0.55,0.5499721,5.452322e-11,3759972.0,36722.945415638984,5,556475856.0,ok,0,73,148
vco_current_max,14,15,9,0.6,0.5999677,-6.758737e-11,5249056.0,50464.91186953565,5,262452800.0,ok,0,24,50
vco_current_max,14,15,9,0.65,0.6499889,2.971937e-11,2015973.8,40326.38048721953,5,100798690.0,ok,0,24,50
vco_current_max,14,15,9,0.7,0.6999755,1.39746e-10,5074668.0,57035.65174520232,5,60896016.0,ok,0,5,12
vco_current_max,14,15,9,0.75,0.7499785,2.612205e-10,4273084.0,13894.032172123398,5,51277008.0,ok,0,5,12
vco_current_max,14,15,10,0.0,2.545567e-07,-1.845209e-09,4964794.0,1648.2202522721288,5,724859924.0,ok,0,72,146
vco_current_max,14,15,10,0.05,0.04999671,-1.158327e-09,4964794.0,881.0107831349171,5,724859924.0,ok,0,72,146
vco_current_max,14,15,10,0.1,0.0999891,-8.924786e-10,4964794.0,1648.2202522721288,5,724859924.0,ok,0,72,146
vco_current_max,14,15,10,0.15,0.1499911,-5.732057e-10,4963612.0,1079.0134382851772,5,724687352.0,ok,0,72,146
vco_current_max,14,15,10,0.2,0.199988,-3.423372e-10,4962036.0,881.0107831349171,5,724457256.0,ok,0,72,146
vco_current_max,14,15,10,0.25,0.2499797,-3.00997e-10,4961642.0,1079.0134382851772,5,724399732.0,ok,0,72,146
vco_current_max,14,15,10,0.3,0.2999652,-3.09901e-10,4958490.0,0.0,5,723939540.0,ok,0,72,146
vco_current_max,14,15,10,0.35,0.3500041,-1.343665e-10,4955144.0,1489.321993391624,5,723451024.0,ok,0,72,146
vco_current_max,14,15,10,0.4,0.3999889,-5.232349e-11,4944296.0,1073.5362127101255,5,721867216.0,ok,0,72,146
vco_current_max,14,15,10,0.45,0.4499816,-6.949538e-11,4913008.0,2200.538570441336,5,717299168.0,ok,0,72,146
vco_current_max,14,15,10,0.5,0.4999777,2.781153e-11,4748068.0,5578.092864053089,5,693217928.0,ok,0,72,146
vco_current_max,14,15,10,0.55,0.5499732,4.279743e-12,3591658.0,8811.170183352493,5,524382068.0,ok,0,72,146
vco_current_max,14,15,10,0.6,0.5999672,3.862308e-11,5055348.0,73469.832720648,5,252767400.0,ok,0,24,50
vco_current_max,14,15,10,0.65,0.6499887,6.151901e-11,2027956.4,32563.295169561694,5,101397820.0,ok,0,24,50
vco_current_max,14,15,10,0.7,0.6999763,4.243919e-11,5051306.0,31113.965192498366,5,60615672.0,ok,0,5,12
vco_current_max,14,15,10,0.75,0.7499795,2.656724e-10,4276778.0,12545.95432798956,5,51321336.0,ok,0,5,12
vco_current_max,14,15,11,0.0,2.580055e-08,-1.943789e-09,4962430.0,0.0,5,714589920.0,ok,0,71,144
vco_current_max,14,15,11,0.05,0.04999685,-1.338316e-09,4961248.0,1079.0134382851772,5,714419712.0,ok,0,71,144
vco_current_max,14,15,11,0.1,0.09998837,-9.020185e-10,4961248.0,1079.0134382851772,5,714419712.0,ok,0,71,144
vco_current_max,14,15,11,0.15,0.1499896,-5.655736e-10,4960066.0,881.0107831349171,5,714249504.0,ok,0,71,144
vco_current_max,14,15,11,0.2,0.1999867,-4.440973e-10,4959278.0,1079.0134382851772,5,714136032.0,ok,0,71,144
vco_current_max,14,15,11,0.25,0.2499812,-2.86369e-10,4956520.0,0.0,5,713738880.0,ok,0,71,144
vco_current_max,14,15,11,0.3,0.2999646,-2.138656e-10,4954488.0,876.5386471799176,5,713446272.0,ok,0,71,144
vco_current_max,14,15,11,0.35,0.3500029,-6.567931e-11,4947434.0,875.4313222634886,5,712430496.0,ok,0,71,144
vco_current_max,14,15,11,0.4,0.3999886,-3.352041e-12,4930746.0,1100.9223405853838,5,710027424.0,ok,0,71,144
vco_current_max,14,15,11,0.45,0.449981,-3.387973e-11,4873880.0,2081.345718519631,5,701838720.0,ok,0,71,144
vco_current_max,14,15,11,0.5,0.499977,-3.324377e-11,4518068.0,14990.23915753181,5,650601792.0,ok,0,71,144
vco_current_max,14,15,11,0.55,0.5499726,3.035538e-11,3007550.0,23199.8424132579,5,433087200.0,ok,0,71,144
vco_current_max,14,15,11,0.6,0.5999671,2.335951e-11,5102116.0,173295.1911623632,5,204084640.0,ok,0,19,40
vco_current_max,14,15,11,0.65,0.6499889,-3.069983e-11,2192089.2,27944.924211741924,5,87683568.0,ok,0,19,40
vco_current_max,14,15,11,0.7,0.6999761,1.015865e-10,4871350.0,16321.4582681818,5,58456200.0,ok,0,5,12
vco_current_max,14,15,11,0.75,0.7499784,1.880814e-10,4264288.0,1318.2260807615664,5,51171456.0,ok,0,5,12
vco_current_max,14,15,12,0.0,5.976617e-07,-1.904993e-09,4937790.0,872.066511224918,5,701166180.0,ok,0,70,142
vco_current_max,14,15,12,0.05,0.0499967,-1.169775e-09,4936932.0,830.3734099789082,5,701044344.0,ok,0,70,142
vco_current_max,14,15,12,0.1,0.09998814,-7.773621e-10,4937010.0,872.066511224918,5,701055420.0,ok,0,70,142
vco_current_max,14,15,12,0.15,0.1499902,-5.534896e-10,4936620.0,1068.058987135074,5,701000040.0,ok,0,70,142
vco_current_max,14,15,12,0.2,0.1999869,-3.245291e-10,4936230.0,1068.058987135074,5,700944660.0,ok,0,70,142
vco_current_max,14,15,12,0.25,0.2499803,-2.94637e-10,4934670.0,1068.058987135074,5,700723140.0,ok,0,70,142
vco_current_max,14,15,12,0.3,0.2999657,-2.475732e-10,4932198.0,1685.829172840475,5,700372116.0,ok,0,70,142
vco_current_max,14,15,12,0.35,0.3500032,-9.366304e-11,4928376.0,1735.1887505398367,5,699829392.0,ok,0,70,142
vco_current_max,14,15,12,0.4,0.3999882,-1.216467e-10,4919064.0,1062.5817615600222,5,698507088.0,ok,0,70,142
vco_current_max,14,15,12,0.45,0.4499799,-8.475914e-11,4877972.0,375.65942021996466,5,692672024.0,ok,0,70,142
vco_current_max,14,15,12,0.5,0.4999772,3.989528e-11,4648134.0,10060.838931222386,5,660035028.0,ok,0,70,142
vco_current_max,14,15,12,0.55,0.5499726,-2.815581e-11,3470965.4,39911.99263128816,5,492877086.8,ok,0,70,142
vco_current_max,14,15,12,0.6,0.5999671,-2.751979e-11,5009742.0,160432.38301539997,5,250487100.0,ok,0,24,50
vco_current_max,14,15,12,0.65,0.6499893,8.095691e-12,2013556.8,44878.7407766751,5,100677840.0,ok,0,24,50
vco_current_max,14,15,12,0.7,0.6999765,1.54374e-10,5054888.0,20553.202183601465,5,60658656.0,ok,0,5,12
vco_current_max,14,15,12,0.75,0.7499793,2.809363e-10,4273620.0,6698.074350139747,5,51283440.0,ok,0,5,12
vco_current_max,14,15,13,0.0,1.7415e-06,-1.791149e-09,4940884.0,1585.2539228779722,5,662078456.0,ok,0,66,134
vco_current_max,14,15,13,0.05,0.04999592,-1.200303e-09,4939740.0,2542.488938029033,5,661925160.0,ok,0,66,134
vco_current_max,14,15,13,0.1,0.0999881,-7.538299e-10,4939350.0,1378.8582233137677,5,661872900.0,ok,0,66,134
vco_current_max,14,15,13,0.15,0.1499901,-6.6161e-10,4938180.0,2616.199533674754,5,661716120.0,ok,0,66,134
vco_current_max,14,15,13,0.2,0.1999879,-3.00997e-10,4935840.0,2892.317409967309,5,661402560.0,ok,0,66,134
vco_current_max,14,15,13,0.25,0.2499794,-1.922418e-10,4936504.0,1554.052766156928,5,661491536.0,ok,0,66,134
vco_current_max,14,15,13,0.3,0.2999656,-2.577491e-10,4932990.0,1617.6371657451493,5,661020660.0,ok,0,66,134
vco_current_max,14,15,13,0.35,0.3500025,-1.515384e-10,4926048.0,3187.7452846800666,5,660090432.0,ok,0,66,134
vco_current_max,14,15,13,0.4,0.3999888,-5.29595e-11,4899072.0,1717.3002067198386,5,656475648.0,ok,0,66,134
vco_current_max,14,15,13,0.45,0.4499823,7.678311e-11,4788994.0,2596.6478390417133,5,641725196.0,ok,0,66,134
vco_current_max,14,15,13,0.5,0.4999784,4.639067e-13,4267110.0,15538.153043396116,5,571792740.0,ok,0,66,134
vco_current_max,14,15,13,0.55,0.5499727,4.279826e-12,2924787.6,13615.439959839712,5,391921538.40000004,ok,0,66,134
vco_current_max,14,15,13,0.6,0.5999685,3.607942e-11,5171764.0,79670.07392992679,5,196527032.0,ok,0,18,38
vco_current_max,14,15,13,0.65,0.6499886,1.677298e-10,2260251.4,19432.64816745263,5,85889553.2,ok,0,18,38
vco_current_max,14,15,13,0.7,0.6999767,-7.804091e-12,4884080.0,14875.886528203957,5,58608960.0,ok,0,5,12
vco_current_max,14,15,13,0.75,0.7499776,3.591632e-10,4268662.0,9367.284558504669,5,51223944.0,ok,0,5,12
vco_current_max,14,15,14,0.0,-4.316535e-07,-1.696385e-09,4981408.0,5426.119239382784,5,528029248.0,ok,0,52,106
vco_current_max,14,15,14,0.05,0.04999605,-1.096635e-09,4985062.0,7580.687303932276,5,528416572.0,ok,0,52,106
vco_current_max,14,15,14,0.1,0.09998819,-7.989864e-10,4977192.0,5056.65106567578,5,527582352.0,ok,0,52,106
vco_current_max,14,15,14,0.15,0.1499892,-5.064255e-10,4978598.0,8375.160893976903,5,527731388.0,ok,0,52,106
vco_current_max,14,15,14,0.2,0.1999866,-3.639612e-10,4977582.0,4779.688274354301,5,527623692.0,ok,0,52,106
vco_current_max,14,15,14,0.25,0.2499795,-2.83189e-10,4977582.0,4779.688274354301,5,527623692.0,ok,0,52,106
vco_current_max,14,15,14,0.3,0.2999656,-6.504325e-11,4971424.0,4315.128039815273,5,526970944.0,ok,0,52,106
vco_current_max,14,15,14,0.35,0.3500026,-5.259987e-12,4962326.0,3997.6905833243272,5,526006556.0,ok,0,52,106
vco_current_max,14,15,14,0.4,0.3999873,-7.903522e-11,4918586.0,7819.1355020871715,5,521370116.0,ok,0,52,106
vco_current_max,14,15,14,0.45,0.4499806,-1.444039e-12,4781812.0,7636.450091501941,5,506872072.0,ok,0,52,106
vco_current_max,14,15,14,0.5,0.4999764,1.763567e-11,4361632.0,6288.133268307853,5,462332992.0,ok,0,52,106
vco_current_max,14,15,14,0.55,0.5499715,-1.407265e-10,3275637.0,13430.977216866984,5,347217522.0,ok,0,52,106
vco_current_max,14,15,14,0.6,0.5999667,5.961107e-11,4929068.0,58173.4189299546,5,187304584.0,ok,0,18,38
vco_current_max,14,15,14,0.65,0.6499878,1.063966e-11,2259241.6,61817.27434382723,5,85851180.8,ok,0,18,38
vco_current_max,14,15,14,0.7,0.6999755,9.713466e-11,4877208.0,18685.104227699667,5,58526496.0,ok,0,5,12
vco_current_max,14,15,14,0.75,0.7499768,2.790282e-10,4250162.0,3419.5204342129614,5,51001944.0,ok,0,5,12
vco_current_max,14,15,15,0.0,-4.31799e-07,-1.714828e-09,5059188.0,5967.233027124045,5,283314528.0,ok,0,27,56
vco_current_max,14,15,15,0.05,0.04999695,-1.194579e-09,5053976.0,5224.067380882448,5,283022656.0,ok,0,27,56
vco_current_max,14,15,15,0.1,0.09998837,-7.754541e-10,5065550.0,1449.5689014324225,5,283670800.0,ok,0,27,56
vco_current_max,14,15,15,0.15,0.1499886,-5.414056e-10,5058474.0,5887.51475582015,5,283274544.0,ok,0,27,56
vco_current_max,14,15,15,0.2,0.1999864,-4.307413e-10,5051486.0,3723.8394165162385,5,282883216.0,ok,0,27,56
vco_current_max,14,15,15,0.25,0.2499785,-2.393053e-10,5034644.0,11905.590283560072,5,281940064.0,ok,0,27,56
vco_current_max,14,15,15,0.3,0.2999649,-1.78886e-10,5011678.0,11377.434684497204,5,280653968.0,ok,0,27,56
vco_current_max,14,15,15,0.35,0.3500019,-1.038389e-10,4969824.0,8062.005333662339,5,278310144.0,ok,0,27,56
vco_current_max,14,15,15,0.4,0.3999876,-4.278355e-11,4919412.0,8127.799210118321,5,275487072.0,ok,0,27,56
vco_current_max,14,15,15,0.45,0.4499802,-8.984707e-11,4801450.0,6879.593011218033,5,268881200.0,ok,0,27,56
vco_current_max,14,15,15,0.5,0.4999761,-1.479997e-11,4463404.0,7729.42624002584,5,249950624.0,ok,0,27,56
vco_current_max,14,15,15,0.55,0.5499724,5.961107e-11,3586196.6,26000.728716711,5,200827009.6,ok,0,27,56
vco_current_max,14,15,15,0.6,0.5999659,-2.716188e-12,2182292.4,19310.89465301906,5,122208374.39999999,ok,0,27,56
vco_current_max,14,15,15,0.65,0.6499889,4.307538e-11,5214744.0,22705.684970949456,5,73006416.0,ok,0,6,14
vco_current_max,14,15,15,0.7,0.6999755,4.879908e-11,4015254.0,2192.094888457158,5,56213556.0,ok,0,6,14
vco_current_max,14,15,15,0.75,0.7499774,2.268769e-10,3646203.4,9395.910961689664,5,51046847.6,ok,0,6,14
vco_current_min,14,0,0,0.0,-6.605114e-07,-1.987673e-09,4956192.0,733.430296619931,5,753341184.0,ok,0,75,152
vco_current_min,14,0,0,0.05,0.04999662,-1.29952e-09,4956914.0,881.0107831349171,5,753450928.0,ok,0,75,152
vco_current_min,14,0,0,0.1,0.09998805,-9.878788e-10,4956192.0,733.430296619931,5,753341184.0,ok,0,75,152
vco_current_min,14,0,0,0.15,0.1499894,-6.95954e-10,4956520.0,0.0,5,753391040.0,ok,0,75,152
vco_current_min,14,0,0,0.2,0.1999854,-4.199293e-10,4955536.0,898.2649943084724,5,753241472.0,ok,0,75,152
vco_current_min,14,0,0,0.25,0.2499794,-3.105371e-10,4955930.0,1597.591937886518,5,753301360.0,ok,0,75,152
vco_current_min,14,0,0,0.3,0.2999655,-1.006589e-10,4955208.0,733.430296619931,5,753191616.0,ok,0,75,152
vco_current_min,14,0,0,0.35,0.3500023,-1.687101e-10,4954488.0,876.5386471799176,5,753082176.0,ok,0,75,152
vco_current_min,14,0,0,0.4,0.3999877,-3.32438e-11,4953312.0,876.5386471799176,5,752903424.0,ok,0,75,152
vco_current_min,14,0,0,0.45,0.4499805,-5.29595e-11,4949784.0,1073.5362127101255,5,752367168.0,ok,0,75,152
vco_current_min,14,0,0,0.5,0.4999764,-1.225597e-11,4938960.0,872.066511224918,5,750721920.0,ok,0,75,152
vco_current_min,14,0,0,0.55,0.5499724,-6.63154e-11,4908852.0,1025.2902028206454,5,746145504.0,ok,0,75,152
vco_current_min,14,0,0,0.6,0.5999668,-5.868349e-11,4868940.0,1040.6728592598156,5,740078880.0,ok,0,75,152
vco_current_min,14,0,0,0.65,0.6499884,2.272357e-11,4849272.0,1029.7184081097123,5,737089344.0,ok,0,75,152
vco_current_min,14,0,0,0.7,0.6999766,6.787892e-11,4844672.0,504.4997522298698,5,736390144.0,ok,0,75,152
vco_current_min,14,0,0,0.75,0.7499784,3.038322e-10,4844540.0,934.7726996441435,5,736370080.0,ok,0,75,152
vco_current_min,14,1,0,0.0,-5.461479e-07,-1.979405e-09,4956520.0,0.0,5,753391040.0,ok,0,75,152
vco_current_min,14,1,0,0.05,0.04999615,-1.281075e-09,4956192.0,733.430296619931,5,753341184.0,ok,0,75,152
vco_current_min,14,1,0,0.1,0.09998795,-8.791226e-10,4955864.0,898.2649943084724,5,753291328.0,ok,0,75,152
vco_current_min,14,1,0,0.15,0.149988,-5.980096e-10,4955536.0,898.2649943084724,5,753241472.0,ok,0,75,152
vco_current_min,14,1,0,0.2,0.1999855,-4.460053e-10,4956520.0,0.0,5,753391040.0,ok,0,75,152
vco_current_min,14,1,0,0.25,0.2499791,-3.423371e-10,4955536.0,898.2649943084724,5,753241472.0,ok,0,75,152
vco_current_min,14,1,0,0.3,0.2999641,-1.343665e-10,4954880.0,0.0,5,753141760.0,ok,0,75,152
vco_current_min,14,1,0,0.35,0.3500026,-9.747894e-11,4953704.0,1073.5362127101255,5,752963008.0,ok,0,75,152
vco_current_min,14,1,0,0.4,0.3999875,-1.318226e-10,4952528.0,876.5386471799176,5,752784256.0,ok,0,75,152
vco_current_min,14,1,0,0.45,0.4499802,9.395457e-11,4948608.0,876.5386471799176,5,752188416.0,ok,0,75,152
vco_current_min,14,1,0,0.5,0.4999757,1.168504e-10,4937790.0,872.066511224918,5,750544080.0,ok,0,75,152
vco_current_min,14,1,0,0.55,0.5499734,1.295703e-10,4907964.0,1155.5864312114434,5,746010528.0,ok,0,75,152
vco_current_min,14,1,0,0.6,0.5999673,-4.341966e-11,4866624.0,1610.3043190651883,5,739726848.0,ok,0,75,152
vco_current_min,14,1,0,0.65,0.6499876,1.954345e-11,4846264.0,840.7615595399209,5,736632128.0,ok,0,75,152
vco_current_min,14,1,0,0.7,0.6999751,-2.716133e-12,4841752.0,1029.7184081097123,5,735946304.0,ok,0,75,152
vco_current_min,14,1,0,0.75,0.7499781,2.415048e-10,4840712.0,643.9875775199395,5,735788224.0,ok,0,75,152
vco_current_min,14,2,0,0.0,-8.856296e-08,-2.157486e-09,4954880.0,0.0,5,753141760.0,ok,0,75,152
vco_current_min,14,2,0,0.05,0.0499966,-1.468696e-09,4954880.0,0.0,5,753141760.0,ok,0,75,152
vco_current_min,14,2,0,0.1,0.09998757,-1.001235e-09,4954488.0,876.5386471799176,5,753082176.0,ok,0,75,152
vco_current_min,14,2,0,0.15,0.1499896,-5.668456e-10,4954096.0,1073.5362127101255,5,753022592.0,ok,0,75,152
vco_current_min,14,2,0,0.2,0.199986,-3.766812e-10,4953312.0,876.5386471799176,5,752903424.0,ok,0,75,152
vco_current_min,14,2,0,0.25,0.2499799,-1.655302e-10,4953312.0,876.5386471799176,5,752903424.0,ok,0,75,152
vco_current_min,14,2,0,0.3,0.2999643,-1.489944e-10,4952920.0,0.0,5,752843840.0,ok,0,75,152
vco_current_min,14,2,0,0.35,0.350002,-8.730307e-11,4952920.0,0.0,5,752843840.0,ok,0,75,152
vco_current_min,14,2,0,0.4,0.3999877,-1.140148e-10,4950568.0,876.5386471799176,5,752486336.0,ok,0,75,152
vco_current_min,14,2,0,0.45,0.4499817,5.515924e-11,4945608.0,818.3642220918507,5,751732416.0,ok,0,75,152
vco_current_min,14,2,0,0.5,0.4999776,-8.157916e-11,4934670.0,1068.058987135074,5,750069840.0,ok,0,75,152
vco_current_min,14,2,0,0.55,0.5499725,-5.931945e-11,4900992.0,1051.627310409919,5,744950784.0,ok,0,75,152
vco_current_min,14,2,0,0.6,0.5999671,-8.857516e-11,4854276.0,1035.195633684764,5,737849952.0,ok,0,75,152
vco_current_min,14,2,0,0.65,0.6499886,3.862333e-11,4830958.0,1024.2411825346605,5,734305616.0,ok,0,75,152
vco_current_min,14,2,0,0.7,0.6999755,6.187606e-12,4826328.0,831.8172876299218,5,733601856.0,ok,0,75,152
vco_current_min,14,2,0,0.75,0.7499775,2.249688e-10,4824840.0,0.0,5,733375680.0,ok,0,75,152
vco_current_min,14,3,0,0.0,-3.173336e-07,-1.966685e-09,4953704.0,1073.5362127101255,5,752963008.0,ok,0,75,152
vco_current_min,14,3,0,0.05,0.04999581,-1.370752e-09,4953704.0,1073.5362127101255,5,752963008.0,ok,0,75,152
vco_current_min,14,3,0,0.1,0.09998838,-8.543184e-10,4953704.0,1073.5362127101255,5,752963008.0,ok,0,75,152
vco_current_min,14,3,0,0.15,0.149989,-6.469819e-10,4954096.0,1073.5362127101255,5,753022592.0,ok,0,75,152
vco_current_min,14,3,0,0.2,0.1999862,-4.797134e-10,4952920.0,0.0,5,752843840.0,ok,0,75,152
vco_current_min,14,3,0,0.25,0.2499795,-3.175331e-10,4952920.0,0.0,5,752843840.0,ok,0,75,152
vco_current_min,14,3,0,0.3,0.299964,-2.80009e-10,4952528.0,876.5386471799176,5,752784256.0,ok,0,75,152
vco_current_min,14,3,0,0.35,0.350002,-1.72526e-10,4951744.0,1073.5362127101255,5,752665088.0,ok,0,75,152
vco_current_min,14,3,0,0.4,0.3999872,1.445566e-11,4949784.0,1073.5362127101255,5,752367168.0,ok,0,75,152
vco_current_min,14,3,0,0.45,0.4499806,2.179733e-10,4945864.0,1073.5362127101255,5,751771328.0,ok,0,75,152
vco_current_min,14,3,0,0.5,0.4999768,-1.861597e-11,4933500.0,1378.8582233137677,5,749892000.0,ok,0,75,152
vco_current_min,14,3,0,0.55,0.5499724,5.57952e-11,4899840.0,1357.6450198781713,5,744775680.0,ok,0,75,152
vco_current_min,14,3,0,0.6,0.599967,-1.076549e-10,4851152.0,1681.5231190798418,5,737375104.0,ok,0,75,152
vco_current_min,14,3,0,0.65,0.6499886,8.441478e-11,4828012.0,733.430296619931,5,733857824.0,ok,0,75,152
vco_current_min,14,3,0,0.7,0.6999761,1.295701e-10,4821864.0,1018.763956959609,5,732923328.0,ok,0,75,152
vco_current_min,14,3,0,0.75,0.7499784,3.470797e-10,4821492.0,831.8172876299218,5,732866784.0,ok,0,75,152
vco_current_min,14,4,0,0.0,-3.173045e-07,-1.917077e-09,4952528.0,876.5386471799176,5,752784256.0,ok,0,75,152
vco_current_min,14,4,0,0.05,0.04999672,-1.466152e-09,4952528.0,876.5386471799176,5,752784256.0,ok,0,75,152
vco_current_min,14,4,0,0.1,0.09998789,-8.969303e-10,4951744.0,1073.5362127101255,5,752665088.0,ok,0,75,152
vco_current_min,14,4,0,0.15,0.1499896,-5.700258e-10,4952528.0,876.5386471799176,5,752784256.0,ok,0,75,152
vco_current_min,14,4,0,0.2,0.1999862,-6.342619e-10,4952136.0,1073.5362127101255,5,752724672.0,ok,0,75,152
vco_current_min,14,4,0,0.25,0.2499797,-5.802016e-10,4951352.0,876.5386471799176,5,752605504.0,ok,0,75,152
vco_current_min,14,4,0,0.3,0.2999651,-3.073571e-10,4951352.0,876.5386471799176,5,752605504.0,ok,0,75,152
vco_current_min,14,4,0,0.35,0.3500032,-1.318226e-10,4950568.0,876.5386471799176,5,752486336.0,ok,0,75,152
vco_current_min,14,4,0,0.4,0.3999876,-2.615651e-10,4948216.0,1073.5362127101255,5,752128832.0,ok,0,75,152
vco_current_min,14,4,0,0.45,0.4499812,-1.330946e-10,4944688.0,876.5386471799176,5,751592576.0,ok,0,75,152
vco_current_min,14,4,0,0.5,0.4999774,6.724321e-11,4930344.0,1100.9223405853838,5,749412288.0,ok,0,75,152
vco_current_min,14,4,0,0.55,0.5499716,-1.356385e-10,4893312.0,1051.627310409919,5,743783424.0,ok,0,75,152
vco_current_min,14,4,0,0.6,0.599967,-2.507532e-10,4839848.0,643.9875775199395,5,735656896.0,ok,0,75,152
vco_current_min,14,4,0,0.65,0.6499876,5.706688e-11,4811850.0,1308.147545195113,5,731401200.0,ok,0,75,152
vco_current_min,14,4,0,0.7,0.6999758,-1.07655e-10,4805930.0,827.3451516749221,5,730501360.0,ok,0,75,152
vco_current_min,14,4,0,0.75,0.7499768,1.48014e-10,4804450.0,0.0,5,730276400.0,ok,0,75,152
vco_current_min,14,5,0,0.0,-2.030138e-07,-1.942517e-09,4952528.0,876.5386471799176,5,752784256.0,ok,0,75,152
vco_current_min,14,5,0,0.05,0.04999604,-1.42672e-09,4952136.0,1073.5362127101255,5,752724672.0,ok,0,75,152
vco_current_min,14,5,0,0.1,0.09998793,-9.656187e-10,4951744.0,1073.5362127101255,5,752665088.0,ok,0,75,152
vco_current_min,14,5,0,0.15,0.149989,-7.207581e-10,4950960.0,0.0,5,752545920.0,ok,0,75,152
vco_current_min,14,5,0,0.2,0.1999872,-5.210535e-10,4951352.0,876.5386471799176,5,752605504.0,ok,0,75,152
vco_current_min,14,5,0,0.25,0.2499797,-2.77465e-10,4950960.0,0.0,5,752545920.0,ok,0,75,152
vco_current_min,14,5,0,0.3,0.2999655,-3.149891e-10,4950960.0,0.0,5,752545920.0,ok,0,75,152
vco_current_min,14,5,0,0.35,0.3500034,-1.922418e-10,4949392.0,876.5386471799176,5,752307584.0,ok,0,75,152
vco_current_min,14,5,0,0.4,0.3999877,1.696379e-10,4948608.0,876.5386471799176,5,752188416.0,ok,0,75,152
vco_current_min,14,5,0,0.45,0.4499804,-7.521929e-11,4943148.0,1336.981675267092,5,751358496.0,ok,0,75,152
vco_current_min,14,5,0,0.5,0.4999765,-5.995547e-11,4930746.0,1100.9223405853838,5,749473392.0,ok,0,75,152
vco_current_min,14,5,0,0.55,0.5499721,6.660714e-11,4892160.0,0.0,5,743608320.0,ok,0,75,152
vco_current_min,14,5,0,0.6,0.5999663,-4.405562e-11,4835446.0,2438.1816995457907,5,734987792.0,ok,0,75,152
vco_current_min,14,5,0,0.65,0.6499882,5.897499e-11,4806616.0,706.5974808899335,5,730605632.0,ok,0,75,152
vco_current_min,14,5,0,0.7,0.6999761,1.636358e-11,4800192.0,822.8730157199226,5,729629184.0,ok,0,75,152
vco_current_min,14,5,0,0.75,0.7499778,4.57742e-10,4799456.0,1007.8095058095056,5,729517312.0,ok,0,75,152
vco_current_min,14,6,0,0.0,-1.117995e-06,-1.924709e-09,4950568.0,876.5386471799176,5,752486336.0,ok,0,75,152
vco_current_min,14,6,0,0.05,0.0499957,-1.37584e-09,4950568.0,876.5386471799176,5,752486336.0,ok,0,75,152
vco_current_min,14,6,0,0.1,0.0999877,-9.916947e-10,4950176.0,1073.5362127101255,5,752426752.0,ok,0,75,152
vco_current_min,14,6,0,0.15,0.1499884,-6.272658e-10,4950176.0,1073.5362127101255,5,752426752.0,ok,0,75,152
vco_current_min,14,6,0,0.2,0.199986,-4.682653e-10,4949784.0,1073.5362127101255,5,752367168.0,ok,0,75,152
vco_current_min,14,6,0,0.25,0.2499816,-2.830373e-09,4949000.0,0.0,5,752248000.0,ok,0,75,152
vco_current_min,14,6,0,0.3,0.2999646,-2.272214e-10,4947824.0,1073.5362127101255,5,752069248.0,ok,0,75,152
vco_current_min,14,6,0,0.35,0.3500023,-9.175506e-11,4947042.0,1385.9365064821693,5,751950384.0,ok,0,75,152
vco_current_min,14,6,0,0.4,0.3999875,-5.8962e-12,4946648.0,876.5386471799176,5,751890496.0,ok,0,75,152
vco_current_min,14,6,0,0.45,0.4499807,-1.496304e-10,4940130.0,1068.058987135074,5,750899760.0,ok,0,75,152
vco_current_min,14,6,0,0.5,0.4999767,-2.433989e-11,4926436.0,1735.1887505398367,5,748818272.0,ok,0,75,152
vco_current_min,14,6,0,0.55,0.5499718,-6.641535e-10,4882332.0,509.3819784798045,5,742114464.0,ok,0,75,152
vco_current_min,14,6,0,0.6,0.5999668,-8.412324e-11,4817400.0,1315.2186130069783,5,732244800.0,ok,0,75,152
vco_current_min,14,6,0,0.65,0.6499882,-2.243192e-11,4783560.0,765.7349410860131,5,727101120.0,ok,0,75,152
vco_current_min,14,6,0,0.7,0.699976,1.699949e-11,4774472.0,1826.6690997550706,5,725719744.0,ok,0,75,152
vco_current_min,14,6,0,0.75,0.7499793,2.548607e-10,4772040.0,0.0,5,725350080.0,ok,0,75,152
vco_current_min,14,7,0,0.0,-6.605405e-07,-1.969865e-09,4950176.0,1073.5362127101255,5,752426752.0,ok,0,75,152
vco_current_min,14,7,0,0.05,0.04999693,-1.092819e-09,4949784.0,1073.5362127101255,5,752367168.0,ok,0,75,152
vco_current_min,14,7,0,0.1,0.09998932,-1.003143e-09,4949784.0,1073.5362127101255,5,752367168.0,ok,0,75,152
vco_current_min,14,7,0,0.15,0.1499895,-6.164537e-10,4949000.0,0.0,5,752248000.0,ok,0,75,152
vco_current_min,14,7,0,0.2,0.1999859,-3.709572e-10,4948418.0,777.1872361278201,5,752159536.0,ok,0,75,152
vco_current_min,14,7,0,0.25,0.2499792,-2.354894e-10,4948608.0,876.5386471799176,5,752188416.0,ok,0,75,152
vco_current_min,14,7,0,0.3,0.2999653,-2.92093e-10,4947824.0,1073.5362127101255,5,752069248.0,ok,0,75,152
vco_current_min,14,7,0,0.35,0.3500026,-2.399413e-10,4947044.0,5.477225575051661,5,751950688.0,ok,0,75,152
vco_current_min,14,7,0,0.4,0.3999879,4.943543e-11,4944688.0,876.5386471799176,5,751592576.0,ok,0,75,152
vco_current_min,14,7,0,0.45,0.4499808,3.544334e-11,4940130.0,1068.058987135074,5,750899760.0,ok,0,75,152
vco_current_min,14,7,0,0.5,0.4999768,-8.157922e-11,4924496.0,1062.5817615600222,5,748523392.0,ok,0,75,152
vco_current_min,14,7,0,0.55,0.5499722,1.645495e-10,4879668.0,1598.0206506800844,5,741709536.0,ok,0,75,152
vco_current_min,14,7,0,0.6,0.5999671,-2.688386e-11,4814068.0,822.8730157199226,5,731738336.0,ok,0,75,152
vco_current_min,14,7,0,0.65,0.6499887,5.8339e-11,4776666.0,818.400879764923,5,726053232.0,ok,0,75,152
vco_current_min,14,7,0,0.7,0.6999751,1.066745e-10,4768672.0,608.2104898799428,5,724838144.0,ok,0,75,152
vco_current_min,14,7,0,0.75,0.7499774,3.057399e-10,4766580.0,0.0,5,724520160.0,ok,0,75,152
vco_current_min,14,8,0,0.0,-1.346794e-06,-1.887185e-09,4935840.0,872.066511224918,5,750247680.0,ok,0,75,152
vco_current_min,14,8,0,0.05,0.04999533,-1.284891e-09,4936230.0,1068.058987135074,5,750306960.0,ok,0,75,152
vco_current_min,14,8,0,0.1,0.09998763,-8.403259e-10,4935840.0,872.066511224918,5,750247680.0,ok,0,75,152
vco_current_min,14,8,0,0.15,0.1499884,-6.527058e-10,4935450.0,0.0,5,750188400.0,ok,0,75,152
vco_current_min,14,8,0,0.2,0.1999854,-3.824052e-10,4934874.0,867.2542879686441,5,750100848.0,ok,0,75,152
vco_current_min,14,8,0,0.25,0.2499796,-5.439494e-10,4934094.0,877.3140828688435,5,749982288.0,ok,0,75,152
vco_current_min,14,8,0,0.3,0.2999645,-4.624079e-12,4933500.0,0.0,5,749892000.0,ok,0,75,152
vco_current_min,14,8,0,0.35,0.3500027,-1.311866e-10,4932330.0,1068.058987135074,5,749714160.0,ok,0,75,152
vco_current_min,14,8,0,0.4,0.3999866,5.388709e-11,4929540.0,0.0,5,749290080.0,ok,0,75,152
vco_current_min,14,8,0,0.45,0.4499802,-1.82702e-10,4921392.0,1623.1204514761066,5,748051584.0,ok,0,75,152
vco_current_min,14,8,0,0.5,0.4999773,-1.343666e-10,4894848.0,2056.4824336716324,5,744016896.0,ok,0,75,152
vco_current_min,14,8,0,0.55,0.5499726,2.335943e-11,4780590.0,5939.8106030411445,5,726649680.0,ok,0,75,152
vco_current_min,14,8,0,0.6,0.5999668,-1.925193e-11,4349464.0,12771.825633009557,5,661118528.0,ok,0,75,152
vco_current_min,14,8,0,0.65,0.649988,1.063954e-11,3840593.2,6499.43314451345,5,583770166.4,ok,0,75,152
vco_current_min,14,8,0,0.7,0.6999758,2.039812e-10,3717556.0,5057.561665466868,5,565068512.0,ok,0,75,152
vco_current_min,14,8,0,0.75,0.7499774,3.019238e-10,3700620.0,1434.2245291445827,5,562494240.0,ok,0,75,152
vco_current_min,14,9,0,0.0,-8.869392e-08,-1.983856e-09,4935450.0,0.0,5,750188400.0,ok,0,75,152
vco_current_min,14,9,0,0.05,0.04999705,-1.227015e-09,4935450.0,0.0,5,750188400.0,ok,0,75,152
vco_current_min,14,9,0,0.1,0.09998918,1.470243e-09,4934670.0,1068.058987135074,5,750069840.0,ok,0,75,152
vco_current_min,14,9,0,0.15,0.1499891,-5.846535e-10,4934688.0,810.7219005306321,5,750072576.0,ok,0,75,152
vco_current_min,14,9,0,0.2,0.1999858,-4.326493e-10,4934502.0,689.8695528866309,5,750044304.0,ok,0,75,152
vco_current_min,14,9,0,0.25,0.2499784,-2.189536e-10,4933704.0,456.1578674099571,5,749923008.0,ok,0,75,152
vco_current_min,14,9,0,0.3,0.2999641,-1.699821e-10,4933110.0,872.066511224918,5,749832720.0,ok,0,75,152
vco_current_min,14,9,0,0.35,0.3500019,-7.967119e-11,4932330.0,1068.058987135074,5,749714160.0,ok,0,75,152
vco_current_min,14,9,0,0.4,0.3999885,-1.121069e-10,4928764.0,1062.5817615600222,5,749172128.0,ok,0,75,152
vco_current_min,14,9,0,0.45,0.4499809,2.145148e-11,4921348.0,848.363129797612,5,748044896.0,ok,0,75,152
vco_current_min,14,9,0,0.5,0.499977,-7.80398e-12,4892800.0,2394.6607275353226,5,743705600.0,ok,0,75,152
vco_current_min,14,9,0,0.55,0.5499727,1.063977e-11,4771438.0,5583.701281408238,5,725258576.0,ok,0,75,152
vco_current_min,14,9,0,0.6,0.599968,-1.479999e-11,4278430.0,12480.703105194034,5,650321360.0,ok,0,75,152
vco_current_min,14,9,0,0.65,0.6499885,3.007705e-12,3740459.0,7761.176135097051,5,568549768.0,ok,0,75,152
vco_current_min,14,9,0,0.7,0.6999759,6.279105e-11,3602144.0,4198.818881542761,5,547525888.0,ok,0,75,152
vco_current_min,14,9,0,0.75,0.749978,3.114639e-10,3583688.0,2936.343644739151,5,544720576.0,ok,0,75,152
vco_current_min,14,10,0,0.0,-2.02941e-07,-1.95969e-09,4932330.0,1068.058987135074,5,749714160.0,ok,0,75,152
vco_current_min,14,10,0,0.05,0.04999612,-1.361847e-09,4932318.0,1767.6594694680307,5,749712336.0,ok,0,75,152
vco_current_min,14,10,0,0.1,0.09998825,-9.700706e-10,4931550.0,0.0,5,749595600.0,ok,0,75,152
vco_current_min,14,10,0,0.15,0.1499893,-6.921379e-10,4931940.0,872.066511224918,5,749654880.0,ok,0,75,152
vco_current_min,14,10,0,0.2,0.1999863,-4.351933e-10,4931550.0,0.0,5,749595600.0,ok,0,75,152
vco_current_min,14,10,0,0.25,0.2499796,-3.137171e-10,4931148.0,898.8993269549154,5,749534496.0,ok,0,75,152
vco_current_min,14,10,0,0.3,0.2999642,-2.494812e-10,4929540.0,0.0,5,749290080.0,ok,0,75,152
vco_current_min,14,10,0,0.35,0.3500025,-1.559903e-10,4928376.0,1062.5817615600222,5,749113152.0,ok,0,75,152
vco_current_min,14,10,0,0.4,0.3999877,-1.388185e-10,4924108.0,867.5943752699184,5,748464416.0,ok,0,75,152
vco_current_min,14,10,0,0.45,0.4499806,2.653963e-11,4916586.0,1199.5124009363137,5,747321072.0,ok,0,75,152
vco_current_min,14,10,0,0.5,0.4999761,-9.076045e-12,4884422.0,1024.8512087127574,5,742432144.0,ok,0,75,152
vco_current_min,14,10,0,0.55,0.5499719,-7.967121e-11,4731470.0,4400.249992898131,5,719183440.0,ok,0,75,152
vco_current_min,14,10,0,0.6,0.5999664,4.943509e-11,3917716.0,14531.890104181217,5,595492832.0,ok,0,75,152
vco_current_min,14,10,0,0.65,0.6499881,1.117625e-10,3180715.4,9144.790910676962,5,483468740.8,ok,0,75,152
vco_current_min,14,10,0,0.7,0.6999751,9.395457e-11,3011087.0,5384.5815993445585,5,457685224.0,ok,0,75,152
vco_current_min,14,10,0,0.75,0.749977,2.154289e-10,2986287.4,3848.2930371789516,5,453915684.8,ok,0,75,152
vco_current_min,14,11,0,0.0,8.264324e-07,-1.711648e-09,4931148.0,898.8993269549154,5,749534496.0,ok,0,75,152
vco_current_min,14,11,0,0.05,0.04999622,-1.225743e-09,4931550.0,0.0,5,749595600.0,ok,0,75,152
vco_current_min,14,11,0,0.1,0.09998689,-1.008867e-09,4930746.0,1100.9223405853838,5,749473392.0,ok,0,75,152
vco_current_min,14,11,0,0.15,0.1499902,-7.15034e-10,4929540.0,0.0,5,749290080.0,ok,0,75,152
vco_current_min,14,11,0,0.2,0.1999861,-4.447334e-10,4929942.0,898.8993269549154,5,749351184.0,ok,0,75,152
vco_current_min,14,11,0,0.25,0.2499793,-3.900372e-10,4929152.0,867.5943752699184,5,749231104.0,ok,0,75,152
vco_current_min,14,11,0,0.3,0.2999654,-1.947858e-10,4928376.0,1062.5817615600222,5,749113152.0,ok,0,75,152
vco_current_min,14,11,0,0.35,0.350003,-1.451784e-10,4926824.0,1062.5817615600222,5,748877248.0,ok,0,75,152
vco_current_min,14,11,0,0.4,0.3999875,-9.875095e-11,4923720.0,0.0,5,748405440.0,ok,0,75,152
vco_current_min,14,11,0,0.45,0.4499803,-4.151174e-11,4913780.0,0.0,5,746894560.0,ok,0,75,152
vco_current_min,14,11,0,0.5,0.4999773,3.73514e-11,4882454.0,1620.811525131778,5,742133008.0,ok,0,75,152
vco_current_min,14,11,0,0.55,0.5499719,-4.914363e-11,4713430.0,10302.247327646526,5,716441360.0,ok,0,75,152
vco_current_min,14,11,0,0.6,0.5999672,-5.232362e-11,3826079.6,14040.863819580332,5,581564099.2,ok,0,75,152
vco_current_min,14,11,0,0.65,0.6499878,1.254755e-11,3028863.6,11317.72206762474,5,460387267.2,ok,0,75,152
vco_current_min,14,11,0,0.7,0.6999762,-4.214766e-11,2862988.6,4817.469024290659,5,435174267.2,ok,0,75,152
vco_current_min,14,11,0,0.75,0.7499785,2.815723e-10,2832053.2,4157.76294418044,5,430472086.40000004,ok,0,75,152
vco_current_min,14,12,0,0.0,4.832837e-07,-1.906901e-09,4927212.0,867.5943752699184,5,748936224.0,ok,0,75,152
vco_current_min,14,12,0,0.05,0.04999638,-1.185039e-09,4927212.0,867.5943752699184,5,748936224.0,ok,0,75,152
vco_current_min,14,12,0,0.1,0.09998859,-9.261863e-10,4927212.0,867.5943752699184,5,748936224.0,ok,0,75,152
vco_current_min,14,12,0,0.15,0.1499901,-5.961016e-10,4927212.0,867.5943752699184,5,748936224.0,ok,0,75,152
vco_current_min,14,12,0,0.2,0.1999874,-5.070614e-10,4927212.0,867.5943752699184,5,748936224.0,ok,0,75,152
vco_current_min,14,12,0,0.25,0.2499796,-3.626892e-10,4925272.0,867.5943752699184,5,748641344.0,ok,0,75,152
vco_current_min,14,12,0,0.3,0.2999659,-1.553543e-10,4924496.0,1062.5817615600222,5,748523392.0,ok,0,75,152
vco_current_min,14,12,0,0.35,0.3500031,-3.21985e-10,4922556.0,1062.5817615600222,5,748228512.0,ok,0,75,152
vco_current_min,14,12,0,0.4,0.3999886,-1.095629e-10,4918676.0,1062.5817615600222,5,747638752.0,ok,0,75,152
vco_current_min,14,12,0,0.45,0.4499809,-4.914359e-11,4909920.0,1364.7160876900368,5,746307840.0,ok,0,75,152
vco_current_min,14,12,0,0.5,0.4999768,-3.642382e-11,4872740.0,2166.3333076883623,5,740656480.0,ok,0,75,152
vco_current_min,14,12,0,0.55,0.5499728,3.989523e-11,4663232.0,6496.935431416877,5,708811264.0,ok,0,75,152
vco_current_min,14,12,0,0.6,0.5999671,1.735806e-12,3319344.6,6440.398264082742,5,504540379.2,ok,0,75,152
vco_current_min,14,12,0,0.65,0.6499881,9.58624e-11,2347758.6,10679.844839696876,5,356859307.2,ok,0,75,152
vco_current_min,14,12,0,0.7,0.6999758,1.015864e-10,2122655.8,2928.120677157962,5,322643681.59999996,ok,0,75,152
vco_current_min,14,12,0,0.75,0.7499782,3.477153e-10,2080889.0,4483.094690055074,5,316295128.0,ok,0,75,152
vco_current_min,14,13,0,0.0,-3.173627e-07,-1.988309e-09,4927600.0,0.0,5,748995200.0,ok,0,75,152
vco_current_min,14,13,0,0.05,0.04999661,-1.281075e-09,4926824.0,1062.5817615600222,5,748877248.0,ok,0,75,152
vco_current_min,14,13,0,0.1,0.09998768,-8.695823e-10,4926824.0,1062.5817615600222,5,748877248.0,ok,0,75,152
vco_current_min,14,13,0,0.15,0.1499893,-6.387137e-10,4926824.0,1062.5817615600222,5,748877248.0,ok,0,75,152
vco_current_min,14,13,0,0.2,0.1999869,-4.504574e-10,4926048.0,867.5943752699184,5,748759296.0,ok,0,75,152
vco_current_min,14,13,0,0.25,0.2499801,-2.475732e-10,4925272.0,867.5943752699184,5,748641344.0,ok,0,75,152
vco_current_min,14,13,0,0.3,0.2999661,-3.296171e-10,4924108.0,867.5943752699184,5,748464416.0,ok,0,75,152
vco_current_min,14,13,0,0.35,0.350002,-2.087777e-10,4923332.0,867.5943752699184,5,748346464.0,ok,0,75,152
vco_current_min,14,13,0,0.4,0.3999882,-1.235547e-10,4919064.0,1062.5817615600222,5,747697728.0,ok,0,75,152
vco_current_min,14,13,0,0.45,0.4499815,2.526751e-11,4909148.0,1057.1045359849707,5,746190496.0,ok,0,75,152
vco_current_min,14,13,0,0.5,0.4999783,-8.081313e-13,4869868.0,1776.8286355189123,5,740219936.0,ok,0,75,152
vco_current_min,14,13,0,0.55,0.5499719,1.381967e-11,4637084.0,8471.9820585268,5,704836768.0,ok,0,75,152
vco_current_min,14,13,0,0.6,0.5999672,3.162745e-11,3194646.0,21136.100681062246,5,485586192.0,ok,0,75,152
vco_current_min,14,13,0,0.65,0.6499898,-4.624079e-12,2164334.4,13072.181466763686,5,328978828.8,ok,0,75,152
vco_current_min,14,13,0,0.7,0.6999759,8.123477e-11,5032668.0,8938.228012307585,5,291894744.0,ok,0,28,58
vco_current_min,14,13,0,0.75,0.7499778,3.133718e-10,4913344.0,6214.051013630319,5,284973952.0,ok,0,28,58
vco_current_min,14,14,0,0.0,-1.461172e-06,-1.943789e-09,4923332.0,867.5943752699184,5,748346464.0,ok,0,75,152
vco_current_min,14,14,0,0.05,0.04999625,-1.239735e-09,4922316.0,1052.653789239368,5,748192032.0,ok,0,75,152
vco_current_min,14,14,0,0.1,0.09998833,-1.078826e-09,4922168.0,867.5943752699184,5,748169536.0,ok,0,75,152
vco_current_min,14,14,0,0.15,0.1499894,-6.565216e-10,4922168.0,867.5943752699184,5,748169536.0,ok,0,75,152
vco_current_min,14,14,0,0.2,0.1999854,-5.267774e-10,4921004.0,1062.5817615600222,5,747992608.0,ok,0,75,152
vco_current_min,14,14,0,0.25,0.2499786,-3.11173e-10,4920572.0,1005.3457116832996,5,747926944.0,ok,0,75,152
vco_current_min,14,14,0,0.3,0.2999643,-1.038389e-10,4919840.0,0.0,5,747815680.0,ok,0,75,152
vco_current_min,14,14,0,0.35,0.3500017,-2.036897e-10,4917462.0,979.3977741449079,5,747454224.0,ok,0,75,152
vco_current_min,14,14,0,0.4,0.3999871,-1.350025e-10,4913008.0,1057.1045359849707,5,746777216.0,ok,0,75,152
vco_current_min,14,14,0,0.45,0.4499807,-7.521926e-11,4901760.0,1357.6450198781713,5,745067520.0,ok,0,75,152
vco_current_min,14,14,0,0.5,0.4999771,-9.366305e-11,4858346.0,1652.0078692306522,5,738468592.0,ok,0,75,152
vco_current_min,14,14,0,0.55,0.5499727,6.469905e-11,4532556.0,16211.99339994931,5,688948512.0,ok,0,75,152
vco_current_min,14,14,0,0.6,0.5999662,-3.896775e-11,2522410.2,25123.25331639993,5,383406350.40000004,ok,0,75,152
vco_current_min,14,14,0,0.65,0.6499879,1.34022e-10,5130728.0,60806.411421822944,5,174444752.0,ok,0,16,34
vco_current_min,14,14,0,0.7,0.6999754,2.154291e-10,3415120.6,10403.805928601321,5,116114100.4,ok,0,16,34
vco_current_min,14,14,0,0.75,0.7499768,2.644005e-10,3126401.8,8059.095060861362,5,106297661.19999999,ok,0,16,34
vco_current_min,14,15,0,0.0,3.689056e-07,-1.870013e-09,4921780.0,1371.7871555019021,5,748110560.0,ok,0,75,152
vco_current_min,14,15,0,0.05,0.0499974,-1.225743e-09,4921780.0,0.0,5,748110560.0,ok,0,75,152
vco_current_min,14,15,0,0.1,0.09998827,-9.128306e-10,4921004.0,1062.5817615600222,5,747992608.0,ok,0,75,152
vco_current_min,14,15,0,0.15,0.1499901,-5.808377e-10,4920616.0,1062.5817615600222,5,747933632.0,ok,0,75,152
vco_current_min,14,15,0,0.2,0.1999857,-5.000654e-10,4920228.0,867.5943752699184,5,747874656.0,ok,0,75,152
vco_current_min,14,15,0,0.25,0.2499801,-3.175331e-10,4919840.0,0.0,5,747815680.0,ok,0,75,152
vco_current_min,14,15,0,0.3,0.2999658,-1.451784e-10,4918288.0,867.5943752699184,5,747579776.0,ok,0,75,152
vco_current_min,14,15,0,0.35,0.3500027,-8.15792e-11,4916148.0,979.3977741449079,5,747254496.0,ok,0,75,152
vco_current_min,14,15,0,0.4,0.3999879,-5.613947e-11,4912236.0,863.1222393149188,5,746659872.0,ok,0,75,152
vco_current_min,14,15,0,0.45,0.4499811,-4.341959e-11,4900608.0,1051.627310409919,5,744892416.0,ok,0,75,152
vco_current_min,14,15,0,0.5,0.4999773,-8.440165e-12,4854276.0,1035.195633684764,5,737849952.0,ok,0,75,152
vco_current_min,14,15,0,0.55,0.5499715,-1.225622e-11,4484866.0,26709.4324162832,5,681699632.0,ok,0,75,152
vco_current_min,14,15,0,0.6,0.5999671,-1.162015e-11,2342139.4,19526.59903311378,5,356005188.8,ok,0,75,152
vco_current_min,14,15,0,0.65,0.6499879,4.689107e-11,5073548.0,170096.6062859574,5,131912248.0,ok,0,12,26
vco_current_min,14,15,0,0.7,0.6999755,9.45905e-11,2428349.4,16086.055228053892,5,63137084.4,ok,0,12,26
vco_current_min,14,15,0,0.75,0.7499779,2.268772e-10,5171890.0,16228.185357580804,5,51718900.0,ok,0,4,10
vco_current_max,15,15,0,0.0,8.264469e-07,-1.918349e-09,4954880.0,0.0,5,703592960.0,ok,0,70,142
vco_current_max,15,15,0,0.05,0.04999673,-1.260088e-09,4954096.0,1073.5362127101255,5,703481632.0,ok,0,70,142
vco_current_max,15,15,0,0.1,0.09998745,-8.365102e-10,4953312.0,876.5386471799176,5,703370304.0,ok,0,70,142
vco_current_max,15,15,0,0.15,0.1499891,-7.620982e-10,4952528.0,876.5386471799176,5,703258976.0,ok,0,70,142
vco_current_max,15,15,0,0.2,0.1999862,-4.898895e-10,4952528.0,876.5386471799176,5,703258976.0,ok,0,70,142
vco_current_max,15,15,0,0.25,0.2499797,-4.428253e-10,4950960.0,0.0,5,703036320.0,ok,0,70,142
vco_current_max,15,15,0,0.3,0.2999653,-1.070188e-10,4950960.0,1385.9292911256332,5,703036320.0,ok,0,70,142
vco_current_max,15,15,0,0.35,0.3500023,-1.445424e-10,4949000.0,0.0,5,702758000.0,ok,0,70,142
vco_current_max,15,15,0,0.4,0.3999863,-3.006365e-11,4945080.0,0.0,5,702201360.0,ok,0,70,142
vco_current_max,15,15,0,0.45,0.4499804,-7.140326e-11,4933518.0,1212.6087580089466,5,700559556.0,ok,0,70,142
vco_current_max,15,15,0,0.5,0.4999773,-1.722233e-13,4888454.0,1708.3559348098393,5,694160468.0,ok,0,70,142
vco_current_max,15,15,0,0.55,0.5499719,-6.82234e-11,4548056.0,21657.950734083777,5,645823952.0,ok,0,70,142
vco_current_max,15,15,0,0.6,0.5999665,1.416541e-10,2395351.6,50046.727568343566,5,340139927.2,ok,0,70,142
vco_current_max,15,15,0,0.65,0.6499876,9.013859e-11,5284196.0,72108.14156529067,5,126820704.0,ok,0,11,24
vco_current_max,15,15,0,0.7,0.6999755,1.537379e-10,2532170.4,30540.19183469547,5,60772089.599999994,ok,0,11,24
vco_current_max,15,15,0,0.75,0.7499784,3.852391e-10,2074957.6,3395.646521650921,5,49798982.400000006,ok,0,11,24
vco_current_max,15,15,1,0.0,4.832691e-07,-1.793056e-09,4946394.0,889.145657358793,5,702387948.0,ok,0,70,142
vco_current_max,15,15,1,0.05,0.0499966,-1.336408e-09,4945864.0,1073.5362127101255,5,702312688.0,ok,0,70,142
vco_current_max,15,15,1,0.1,0.09998921,-9.777028e-10,4945866.0,1076.2806325489648,5,702312972.0,ok,0,70,142
vco_current_max,15,15,1,0.15,0.1499892,-6.399857e-10,4946256.0,1073.5362127101255,5,702368352.0,ok,0,70,142
vco_current_max,15,15,1,0.2,0.1999866,-4.301054e-10,4945472.0,876.5386471799176,5,702257024.0,ok,0,70,142
vco_current_max,15,15,1,0.25,0.24998,-3.588732e-10,4944296.0,1073.5362127101255,5,702090032.0,ok,0,70,142
vco_current_max,15,15,1,0.3,0.2999653,-8.730305e-11,4943120.0,0.0,5,701923040.0,ok,0,70,142
vco_current_max,15,15,1,0.35,0.3500029,-8.666702e-11,4941300.0,0.0,5,701664600.0,ok,0,70,142
vco_current_max,15,15,1,0.4,0.3999875,1.69996e-11,4935840.0,872.066511224918,5,700889280.0,ok,0,70,142
vco_current_max,15,15,1,0.45,0.4499812,-1.540823e-10,4923720.0,0.0,5,699168240.0,ok,0,70,142
vco_current_max,15,15,1,0.5,0.4999769,-4.002132e-10,4867972.0,1982.1503474761948,5,691252024.0,ok,0,70,142
vco_current_max,15,15,1,0.55,0.5499724,2.326011e-10,4374930.0,18771.467710331017,5,621240060.0,ok,0,70,142
vco_current_max,15,15,1,0.6,0.5999677,-2.688386e-11,2105392.6,17023.54918341061,5,298965749.2,ok,0,70,142
vco_current_max,15,15,1,0.65,0.6499867,8.69588e-11,5247832.0,275734.30566398514,5,115452304.0,ok,0,10,22
vco_current_max,15,15,1,0.7,0.6999768,1.041305e-10,2735632.2,35631.132611804525,5,60183908.400000006,ok,0,10,22
vco_current_max,15,15,1,0.75,0.7499774,3.458075e-10,2258770.0,4137.91487345982,5,49692940.0,ok,0,10,22
vco_current_max,15,15,2,0.0,2.580055e-08,-1.888457e-09,4937400.0,0.0,5,701110800.0,ok,0,70,142
vco_current_max,15,15,2,0.05,0.04999616,-1.308424e-09,4937400.0,0.0,5,701110800.0,ok,0,70,142
vco_current_max,15,15,2,0.1,0.09998895,-9.713427e-10,4937400.0,0.0,5,701110800.0,ok,0,70,142
vco_current_max,15,15,2,0.15,0.1499898,-6.323538e-10,4935450.0,0.0,5,700833900.0,ok,0,70,142
vco_current_max,15,15,2,0.2,0.1999864,-4.956134e-10,4935840.0,872.066511224918,5,700889280.0,ok,0,70,142
vco_current_max,15,15,2,0.25,0.2499795,-3.302531e-10,4933890.0,872.066511224918,5,700612380.0,ok,0,70,142
vco_current_max,15,15,2,0.3,0.2999644,-2.87005e-10,4932210.0,928.3049068059481,5,700373820.0,ok,0,70,142
vco_current_max,15,15,2,0.35,0.3500012,-1.699821e-10,4929942.0,898.8993269549154,5,700051764.0,ok,0,70,142
vco_current_max,15,15,2,0.4,0.3999867,6.024706e-11,4924496.0,1062.5817615600222,5,699278432.0,ok,0,70,142
vco_current_max,15,15,2,0.45,0.4499804,-1.502664e-10,4910692.0,1057.1045359849707,5,697318264.0,ok,0,70,142
vco_current_max,15,15,2,0.5,0.4999774,-9.557101e-11,4847768.0,2522.284678619763,5,688383056.0,ok,0,70,142
vco_current_max,15,15,2,0.55,0.5499722,6.1878e-12,4297740.0,24900.819263630663,5,610279080.0,ok,0,70,142
vco_current_max,15,15,2,0.6,0.5999681,-5.260098e-12,2079764.0,65574.78933248662,5,295326488.0,ok,0,70,142
vco_current_max,15,15,2,0.65,0.6499882,-5.896228e-12,5219734.0,62461.77895321266,5,114834148.0,ok,0,10,22
vco_current_max,15,15,2,0.7,0.699976,1.041306e-10,2718799.8,25562.841864706672,5,59813595.599999994,ok,0,10,22
vco_current_max,15,15,2,0.75,0.7499775,2.8348e-10,2257261.0,6348.834932489583,5,49659742.0,ok,0,10,22
vco_current_max,15,15,3,0.0,-2.029701e-07,-1.892909e-09,4926824.0,1062.5817615600222,5,699609008.0,ok,0,70,142
vco_current_max,15,15,3,0.05,0.0499965,-1.284892e-09,4926048.0,867.5943752699184,5,699498816.0,ok,0,70,142
vco_current_max,15,15,3,0.1,0.09998752,-9.312741e-10,4925660.0,1371.7871555019021,5,699443720.0,ok,0,70,142
vco_current_max,15,15,3,0.15,0.1499891,-7.69094e-10,4925272.0,867.5943752699184,5,699388624.0,ok,0,70,142
vco_current_max,15,15,3,0.2,0.1999868,-5.426776e-10,4924496.0,1062.5817615600222,5,699278432.0,ok,0,70,142
vco_current_max,15,15,3,0.25,0.2499799,-2.93365e-10,4923332.0,867.5943752699184,5,699113144.0,ok,0,70,142
vco_current_max,15,15,3,0.3,0.2999643,-2.297654e-10,4921780.0,0.0,5,698892760.0,ok,0,70,142
vco_current_max,15,15,3,0.35,0.3500027,-1.547183e-10,4918288.0,867.5943752699184,5,698396896.0,ok,0,70,142
vco_current_max,15,15,3,0.4,0.3999879,-8.440026e-12,4911850.0,0.0,5,697482700.0,ok,0,70,142
vco_current_max,15,15,3,0.45,0.4499798,-1.797987e-11,4893312.0,1051.627310409919,5,694850304.0,ok,0,70,142
vco_current_max,15,15,3,0.5,0.4999767,-9.076073e-12,4809630.0,4788.60626905157,5,682967460.0,ok,0,70,142
vco_current_max,15,15,3,0.55,0.5499715,1.318368e-11,4019500.0,56883.67911800361,5,570769000.0,ok,0,70,142
vco_current_max,15,15,3,0.6,0.5999668,1.422901e-10,5274096.0,113909.0403787162,5,263704800.0,ok,0,24,50
vco_current_max,15,15,3,0.65,0.6499876,1.620058e-10,5123736.0,46900.00671641743,5,102474720.0,ok,0,9,20
vco_current_max,15,15,3,0.7,0.6999761,1.191164e-11,2891306.2,18115.382336566898,5,57826124.0,ok,0,9,20
vco_current_max,15,15,3,0.75,0.749979,1.887175e-10,2480095.6,6588.60898065745,5,49601912.0,ok,0,9,20
vco_current_max,15,15,4,0.0,3.689638e-07,-1.768253e-09,4990920.0,0.0,5,698728800.0,ok,0,69,140
vco_current_max,15,15,4,0.05,0.04999696,-1.41082e-09,4990522.0,889.9550550449163,5,698673080.0,ok,0,69,140
vco_current_max,15,15,4,0.1,0.09998941,-6.775099e-10,4989726.0,1089.9678894352805,5,698561640.0,ok,0,69,140
vco_current_max,15,15,4,0.15,0.1499895,-5.121495e-10,4988930.0,0.0,5,698450200.0,ok,0,69,140
vco_current_max,15,15,4,0.2,0.1999867,-5.840178e-10,4988134.0,1089.9678894352805,5,698338760.0,ok,0,69,140
vco_current_max,15,15,4,0.25,0.2499803,-2.497572e-11,4986940.0,0.0,5,698171600.0,ok,0,69,140
vco_current_max,15,15,4,0.3,0.2999655,-1.025668e-10,4985746.0,1089.9678894352805,5,698004440.0,ok,0,69,140
vco_current_max,15,15,4,0.35,0.3500021,-1.543599e-11,4982960.0,0.0,5,697614400.0,ok,0,69,140
vco_current_max,15,15,4,0.4,0.3999876,-2.243175e-11,4975740.0,0.0,5,696603600.0,ok,0,69,140
vco_current_max,15,15,4,0.45,0.4499813,-1.795221e-10,4958490.0,0.0,5,694188600.0,ok,0,69,140
vco_current_max,15,15,4,0.5,0.4999772,-1.248267e-10,4887056.0,3156.7277361216948,5,684187840.0,ok,0,69,140
vco_current_max,15,15,4,0.55,0.5499726,1.499222e-10,4281760.0,36392.38313163896,5,599446400.0,ok,0,69,140
vco_current_max,15,15,4,0.6,0.5999673,8.695877e-11,2059231.6,40983.84959102792,5,288292424.0,ok,0,69,140
vco_current_max,15,15,4,0.65,0.6499884,5.833919e-11,5218810.0,19251.83887320897,5,114813820.0,ok,0,10,22
vco_current_max,15,15,4,0.7,0.6999748,3.426274e-10,2708937.4,18151.977545160196,5,59596622.8,ok,0,10,22
vco_current_max,15,15,4,0.75,0.7499776,1.56918e-10,2259828.8,2417.79842005077,5,49716233.599999994,ok,0,10,22
vco_current_max,15,15,5,0.0,-3.173918e-07,-1.740268e-09,4973760.0,0.0,5,696326400.0,ok,0,69,140
vco_current_max,15,15,5,0.05,0.04999604,-1.326232e-09,4973100.0,808.3316151184488,5,696234000.0,ok,0,69,140
vco_current_max,15,15,5,0.1,0.09998876,-7.824503e-10,4972968.0,1084.490663860229,5,696215520.0,ok,0,69,140
vco_current_max,15,15,5,0.15,0.1499896,-4.599973e-10,4971978.0,643.2884267573916,5,696076920.0,ok,0,69,140
vco_current_max,15,15,5,0.2,0.1999865,-3.404291e-10,4971714.0,147.58048651498612,5,696039960.0,ok,0,69,140
vco_current_max,15,15,5,0.25,0.2499797,-1.7825e-10,4969800.0,0.0,5,695772000.0,ok,0,69,140
vco_current_max,15,15,5,0.3,0.2999648,-4.332854e-10,4968216.0,885.4829190899167,5,695550240.0,ok,0,69,140
vco_current_max,15,15,5,0.35,0.3500027,1.957137e-10,4965188.0,1079.0134382851772,5,695126320.0,ok,0,69,140
vco_current_max,15,15,5,0.4,0.3999885,-2.450292e-10,4956586.0,1279.5233487514013,5,693922040.0,ok,0,69,140
vco_current_max,15,15,5,0.45,0.4499809,-1.607192e-11,4935336.0,1082.7880679061807,5,690947040.0,ok,0,69,140
vco_current_max,15,15,5,0.5,0.4999773,1.715459e-10,4838270.0,5527.2778110024465,5,677357800.0,ok,0,69,140
vco_current_max,15,15,5,0.55,0.5499722,-2.125936e-10,3864340.0,16190.3551536092,5,541007600.0,ok,0,69,140
vco_current_max,15,15,5,0.6,0.5999662,2.20517e-10,5169366.0,158693.84039716225,5,248129568.0,ok,0,23,48
vco_current_max,15,15,5,0.65,0.6499876,-2.253135e-10,2030588.8,17876.307664056356,5,97468262.4,ok,0,23,48
vco_current_max,15,15,5,0.7,0.6999763,6.187773e-12,4851036.0,8333.023460905411,5,58212432.0,ok,0,5,12
vco_current_max,15,15,5,0.75,0.7499782,3.680674e-10,4141810.0,15908.25571833694,5,49701720.0,ok,0,5,12
vco_current_max,15,15,6,0.0,-2.029701e-07,-2.093886e-09,4954488.0,876.5386471799176,5,693628320.0,ok,0,69,140
vco_current_max,15,15,6,0.05,0.04999729,-1.45216e-09,4954096.0,1073.5362127101255,5,693573440.0,ok,0,69,140
vco_current_max,15,15,6,0.1,0.09998825,-8.873904e-10,4953312.0,876.5386471799176,5,693463680.0,ok,0,69,140
vco_current_max,15,15,6,0.15,0.1499895,-4.644494e-10,4952920.0,0.0,5,693408800.0,ok,0,69,140
vco_current_max,15,15,6,0.2,0.1999872,-7.6019e-10,4951352.0,876.5386471799176,5,693189280.0,ok,0,69,140
vco_current_max,15,15,6,0.25,0.2499799,-3.811332e-10,4950176.0,1073.5362127101255,5,693024640.0,ok,0,69,140
vco_current_max,15,15,6,0.3,0.2999647,-5.007015e-10,4947432.0,876.5386471799176,5,692640480.0,ok,0,69,140
vco_current_max,15,15,6,0.35,0.3500025,-3.168971e-10,4943512.0,876.5386471799176,5,692091680.0,ok,0,69,140
vco_current_max,15,15,6,0.4,0.3999873,-1.044749e-10,4933380.0,268.32815729997475,5,690673200.0,ok,0,69,140
vco_current_max,15,15,6,0.45,0.4499798,1.098546e-10,4906446.0,863.1222393149188,5,686902440.0,ok,0,69,140
vco_current_max,15,15,6,0.5,0.4999764,-1.954218e-10,4775694.0,4018.6788873957075,5,668597160.0,ok,0,69,140
vco_current_max,15,15,6,0.55,0.5499705,4.132228e-10,3707142.6,34023.02880109294,5,518999964.0,ok,0,69,140
vco_current_max,15,15,6,0.6,0.599967,1.810856e-10,5115848.0,180073.7498082383,5,245560704.0,ok,0,23,48
vco_current_max,15,15,6,0.65,0.6499882,-1.08927e-10,2024500.0,16125.369081047416,5,97176000.0,ok,0,23,48
vco_current_max,15,15,6,0.7,0.6999763,-1.865179e-10,4866624.0,40545.271980836435,5,58399488.0,ok,0,5,12
vco_current_max,15,15,6,0.75,0.7499778,4.997176e-10,4141484.0,8267.764510434487,5,49697808.0,ok,0,5,12
vco_current_max,15,15,7,0.0,3.689056e-07,-1.782245e-09,4927988.0,867.5943752699184,5,689918320.0,ok,0,69,140
vco_current_max,15,15,7,0.05,0.0499966,-1.466152e-09,4927988.0,867.5943752699184,5,689918320.0,ok,0,69,140
vco_current_max,15,15,7,0.1,0.09998874,-1.048935e-09,4926824.0,1062.5817615600222,5,689755360.0,ok,0,69,140
vco_current_max,15,15,7,0.15,0.14999,-6.482539e-10,4926048.0,867.5943752699184,5,689646720.0,ok,0,69,140
vco_current_max,15,15,7,0.2,0.1999861,-5.623935e-10,4924108.0,867.5943752699184,5,689375120.0,ok,0,69,140
vco_current_max,15,15,7,0.25,0.2499803,-3.881292e-10,4921780.0,0.0,5,689049200.0,ok,0,69,140
vco_current_max,15,15,7,0.3,0.2999653,-2.138656e-10,4919064.0,1062.5817615600222,5,688668960.0,ok,0,69,140
vco_current_max,15,15,7,0.35,0.3500024,-1.509023e-10,4913394.0,863.1222393149188,5,687875160.0,ok,0,69,140
vco_current_max,15,15,7,0.4,0.3999875,-5.041551e-11,4899456.0,858.6501033599193,5,685923840.0,ok,0,69,140
vco_current_max,15,15,7,0.45,0.4499802,8.695886e-11,4855548.0,6104.266540707409,5,679776720.0,ok,0,69,140
vco_current_max,15,15,7,0.5,0.4999765,8.250686e-11,4638568.0,4822.397743861449,5,649399520.0,ok,0,69,140
vco_current_max,15,15,7,0.55,0.5499715,-1.350026e-10,3122684.6,19005.342927713777,5,437175844.0,ok,0,69,140
vco_current_max,15,15,7,0.6,0.5999671,1.607339e-10,5142784.0,71163.7343033655,5,195425792.0,ok,0,18,38
vco_current_max,15,15,7,0.65,0.6499887,1.092186e-10,2202501.4,18570.7468562791,5,83695053.2,ok,0,18,38
vco_current_max,15,15,7,0.7,0.6999753,1.282981e-10,4697476.0,18352.25544721956,5,56369712.0,ok,0,5,12
vco_current_max,15,15,7,0.75,0.7499774,3.72519e-10,4121804.0,6842.841515043294,5,49461648.0,ok,0,5,12
vco_current_max,15,15,8,0.0,-8.892966e-07,-2.032193e-09,4949392.0,876.5386471799176,5,692914880.0,ok,0,69,140
vco_current_max,15,15,8,0.05,0.04999683,-1.121439e-09,4949000.0,0.0,5,692860000.0,ok,0,69,140
vco_current_max,15,15,8,0.1,0.09998804,-7.51286e-10,4948608.0,876.5386471799176,5,692805120.0,ok,0,69,140
vco_current_max,15,15,8,0.15,0.1499874,5.207058e-10,4948216.0,1073.5362127101255,5,692750240.0,ok,0,69,140
vco_current_max,15,15,8,0.2,0.1999868,-2.78101e-10,4946720.0,726.7392930067838,5,692540800.0,ok,0,69,140
vco_current_max,15,15,8,0.25,0.2499794,-2.628371e-10,4946258.0,1075.3697038693251,5,692476120.0,ok,0,69,140
vco_current_max,15,15,8,0.3,0.2999653,-1.432705e-10,4945472.0,876.5386471799176,5,692366080.0,ok,0,69,140
vco_current_max,15,15,8,0.35,0.3500012,-1.388186e-10,4942392.0,996.8550546594023,5,691934880.0,ok,0,69,140
vco_current_max,15,15,8,0.4,0.3999874,-1.763421e-10,4937010.0,872.066511224918,5,691181400.0,ok,0,69,140
vco_current_max,15,15,8,0.45,0.4499807,2.081546e-11,4920616.0,1062.5817615600222,5,688886240.0,ok,0,69,140
vco_current_max,15,15,8,0.5,0.4999759,6.024706e-11,4849272.0,1681.5231190798418,5,678898080.0,ok,0,69,140
vco_current_max,15,15,8,0.55,0.5499722,-2.6884e-11,4198560.0,12685.779439987124,5,587798400.0,ok,0,69,140
vco_current_max,15,15,8,0.6,0.5999678,5.706713e-11,2065574.4,39813.466400201825,5,289180416.0,ok,0,69,140
vco_current_max,15,15,8,0.65,0.6499881,9.586254e-11,5189290.0,49661.265589994786,5,114164380.0,ok,0,10,22
vco_current_max,15,15,8,0.7,0.6999757,7.169484e-11,2698809.4,15355.099667537166,5,59373806.8,ok,0,10,22
vco_current_max,15,15,8,0.75,0.7499768,3.127355e-10,2255807.6,5233.449655819763,5,49627767.2,ok,0,10,22
vco_current_max,15,15,9,0.0,-8.89253e-07,-1.877009e-09,4920636.0,956.0753108411492,5,688889040.0,ok,0,69,140
vco_current_max,15,15,9,0.05,0.04999637,-1.316692e-09,4920616.0,1062.5817615600222,5,688886240.0,ok,0,69,140
vco_current_max,15,15,9,0.1,0.09998757,-9.853346e-10,4919452.0,867.5943752699184,5,688723280.0,ok,0,69,140
vco_current_max,15,15,9,0.15,0.1499884,-6.539779e-10,4918676.0,1062.5817615600222,5,688614640.0,ok,0,69,140
vco_current_max,15,15,9,0.2,0.199987,-5.776575e-10,4917900.0,0.0,5,688506000.0,ok,0,69,140
vco_current_max,15,15,9,0.25,0.24998,-2.66017e-10,4916586.0,1199.5124009363137,5,688322040.0,ok,0,69,140
vco_current_max,15,15,9,0.3,0.2999642,-1.432704e-10,4914938.0,1057.1045359849707,5,688091320.0,ok,0,69,140
vco_current_max,15,15,9,0.35,0.3500017,-7.331126e-11,4911464.0,863.1222393149188,5,687604960.0,ok,0,69,140
vco_current_max,15,15,9,0.4,0.3999875,-6.532164e-12,4905108.0,1303.5796868622954,5,686715120.0,ok,0,69,140
vco_current_max,15,15,9,0.45,0.4499807,-1.706181e-10,4880486.0,1755.4002392616903,5,683268040.0,ok,0,69,140
vco_current_max,15,15,9,0.5,0.4999764,-2.243189e-11,4769762.0,8271.40375027117,5,667766680.0,ok,0,69,140
vco_current_max,15,15,9,0.55,0.549971,4.943523e-11,3797026.8,42473.05080518705,5,531583752.0,ok,0,69,140
vco_current_max,15,15,9,0.6,0.5999663,9.904261e-11,5093260.0,73831.2955324502,5,254663000.0,ok,0,24,50
vco_current_max,15,15,9,0.65,0.6499882,1.391102e-10,5017700.0,91077.24221780105,5,100354000.0,ok,0,9,20
vco_current_max,15,15,9,0.7,0.6999761,3.012881e-10,2903511.6,8896.196507496898,5,58070232.0,ok,0,9,20
vco_current_max,15,15,9,0.75,0.7499778,3.458075e-10,2477610.4,2515.2545199243755,5,49552208.0,ok,0,9,20
vco_current_max,15,15,10,0.0,-8.859206e-08,-1.899905e-09,4946650.0,877.6673629570602,5,682637700.0,ok,0,68,138
vco_current_max,15,15,10,0.05,0.04999682,-1.328139e-09,4947040.0,1385.9292911256332,5,682691520.0,ok,0,68,138
vco_current_max,15,15,10,0.1,0.09998887,-6.883221e-10,4945932.0,1020.9407426486613,5,682538616.0,ok,0,68,138
vco_current_max,15,15,10,0.15,0.1499883,-7.500141e-10,4944296.0,1073.5362127101255,5,682312848.0,ok,0,68,138
vco_current_max,15,15,10,0.2,0.1999859,-6.011897e-10,4943904.0,1073.5362127101255,5,682258752.0,ok,0,68,138
vco_current_max,15,15,10,0.25,0.2499796,-6.164536e-10,4943120.0,0.0,5,682150560.0,ok,0,68,138
vco_current_max,15,15,10,0.3,0.299965,-1.318226e-10,4940910.0,872.066511224918,5,681845580.0,ok,0,68,138
vco_current_max,15,15,10,0.35,0.3500019,-2.329454e-10,4937010.0,872.066511224918,5,681307380.0,ok,0,68,138
vco_current_max,15,15,10,0.4,0.3999873,-1.699821e-10,4927600.0,1371.7871555019021,5,680008800.0,ok,0,68,138
vco_current_max,15,15,10,0.45,0.4499797,2.145156e-11,4898688.0,1051.627310409919,5,676018944.0,ok,0,68,138
vco_current_max,15,15,10,0.5,0.4999767,2.335948e-11,4747380.0,4356.466458036834,5,655138440.0,ok,0,68,138
vco_current_max,15,15,10,0.55,0.5499718,1.690017e-10,3644520.4,37549.1751347483,5,502943815.2,ok,0,68,138
vco_current_max,15,15,10,0.6,0.5999661,7.169479e-11,5078448.0,44479.96144332861,5,243765504.0,ok,0,23,48
vco_current_max,15,15,10,0.65,0.6499884,-1.02567e-10,2015531.0,47745.02895066669,5,96745488.0,ok,0,23,48
vco_current_max,15,15,10,0.7,0.6999757,1.022226e-10,4861592.0,28678.663148759217,5,58339104.0,ok,0,5,12
vco_current_max,15,15,10,0.75,0.7499765,3.349952e-10,4136812.0,7100.117604659799,5,49641744.0,ok,0,5,12
vco_current_max,15,15,11,0.0,-3.173336e-07,-1.978769e-09,4950960.0,0.0,5,673330560.0,ok,0,67,136
vco_current_max,15,15,11,0.05,0.04999718,-1.166595e-09,4950960.0,0.0,5,673330560.0,ok,0,67,136
vco_current_max,15,15,11,0.1,0.09998796,-9.007467e-10,4949784.0,1073.5362127101255,5,673170624.0,ok,0,67,136
vco_current_max,15,15,11,0.15,0.1499888,-5.433136e-10,4949784.0,1073.5362127101255,5,673170624.0,ok,0,67,136
vco_current_max,15,15,11,0.2,0.1999865,-4.943415e-10,4947698.0,896.4485484398979,5,672886928.0,ok,0,67,136
vco_current_max,15,15,11,0.25,0.2499791,-2.87005e-10,4946258.0,1075.3697038693251,5,672691088.0,ok,0,67,136
vco_current_max,15,15,11,0.3,0.2999656,-4.659953e-11,4943512.0,876.5386471799176,5,672317632.0,ok,0,67,136
vco_current_max,15,15,11,0.35,0.3500025,-9.684292e-11,4936620.0,1068.058987135074,5,671380320.0,ok,0,67,136
vco_current_max,15,15,11,0.4,0.3999874,-5.677554e-11,4920228.0,867.5943752699184,5,669151008.0,ok,0,67,136
vco_current_max,15,15,11,0.45,0.4499809,-8.348712e-11,4867004.0,2105.298078657747,5,661912544.0,ok,0,67,136
vco_current_max,15,15,11,0.5,0.499977,-1.216467e-10,4546182.0,16776.245706355163,5,618280752.0,ok,0,67,136
vco_current_max,15,15,11,0.55,0.5499721,7.614692e-11,3063710.2,28550.524271893853,5,416664587.20000005,ok,0,67,136
vco_current_max,15,15,11,0.6,0.5999674,2.208753e-11,5097076.0,109909.06823369944,5,193688888.0,ok,0,18,38
vco_current_max,15,15,11,0.65,0.649988,-6.822354e-11,2250277.0,39348.49716317003,5,85510526.0,ok,0,18,38
vco_current_max,15,15,11,0.7,0.6999757,-3.988115e-12,4721154.0,19434.841908284205,5,56653848.0,ok,0,5,12
vco_current_max,15,15,11,0.75,0.7499782,3.884189e-10,4130166.0,9040.06526525113,5,49561992.0,ok,0,5,12
vco_current_max,15,15,12,0.0,-2.02941e-07,-1.826765e-09,4938180.0,1068.058987135074,5,661716120.0,ok,0,66,134
vco_current_max,15,15,12,0.05,0.04999707,-1.122711e-09,4937790.0,1631.4870517414474,5,661663860.0,ok,0,66,134
vco_current_max,15,15,12,0.1,0.09998874,-8.702185e-10,4938180.0,1744.133022449836,5,661716120.0,ok,0,66,134
vco_current_max,15,15,12,0.15,0.1499896,-8.409621e-10,4936620.0,1068.058987135074,5,661507080.0,ok,0,66,134
vco_current_max,15,15,12,0.2,0.1999861,-3.906732e-10,4935450.0,1378.8582233137677,5,661350300.0,ok,0,66,134
vco_current_max,15,15,12,0.25,0.2499794,-2.95273e-10,4933890.0,2136.117974270148,5,661141260.0,ok,0,66,134
vco_current_max,15,15,12,0.3,0.2999654,-1.012949e-10,4931940.0,872.066511224918,5,660879960.0,ok,0,66,134
vco_current_max,15,15,12,0.35,0.3500021,-2.183176e-10,4928376.0,1062.5817615600222,5,660402384.0,ok,0,66,134
vco_current_max,15,15,12,0.4,0.3999873,-3.451575e-11,4919128.0,1128.5920432113635,5,659163152.0,ok,0,66,134
vco_current_max,15,15,12,0.45,0.4499809,4.87993e-11,4883096.0,1381.0973897593174,5,654334864.0,ok,0,66,134
vco_current_max,15,15,12,0.5,0.4999766,-1.216468e-10,4676600.0,9398.127473066112,5,626664400.0,ok,0,66,134
vco_current_max,15,15,12,0.55,0.5499722,-6.949535e-11,3550250.0,25310.557569915367,5,475733500.0,ok,0,66,134
vco_current_max,15,15,12,0.6,0.5999672,1.200304e-10,5098986.0,65122.176560677086,5,244751328.0,ok,0,23,48
vco_current_max,15,15,12,0.65,0.6499873,7.459727e-12,2018239.0,22747.33237107156,5,96875472.0,ok,0,23,48
vco_current_max,15,15,12,0.7,0.6999753,-1.165589e-10,4875816.0,13828.167991458593,5,58509792.0,ok,0,5,12
vco_current_max,15,15,12,0.75,0.7499778,2.574046e-10,4134172.0,9377.556718036954,5,49610064.0,ok,0,5,12
vco_current_max,15,15,13,0.0,2.545421e-07,-1.791149e-09,4979562.0,3430.3527515402843,5,627424812.0,ok,0,62,126
vco_current_max,15,15,13,0.05,0.04999696,-1.381564e-09,4977324.0,1656.5868525374697,5,627142824.0,ok,0,62,126
vco_current_max,15,15,13,0.1,0.09998902,-7.99622e-10,4977324.0,885.4829190899167,5,627142824.0,ok,0,62,126
vco_current_max,15,15,13,0.15,0.1499891,-4.301053e-10,4976136.0,2168.981327720458,5,626993136.0,ok,0,62,126
vco_current_max,15,15,13,0.2,0.1999871,-3.493331e-10,4973760.0,1980.0,5,626693760.0,ok,0,62,126
vco_current_max,15,15,13,0.25,0.2499795,-1.483584e-10,4972176.0,885.4829190899167,5,626494176.0,ok,0,62,126
vco_current_max,15,15,13,0.3,0.2999642,-1.83974e-10,4970170.0,3223.8331222319807,5,626241420.0,ok,0,62,126
vco_current_max,15,15,13,0.35,0.3500022,-1.750701e-10,4963218.0,1079.0134382851772,5,625365468.0,ok,0,62,126
vco_current_max,15,15,13,0.4,0.3999876,-6.059141e-11,4941274.0,1333.371666115641,5,622600524.0,ok,0,62,126
vco_current_max,15,15,13,0.45,0.4499805,-2.688383e-11,4837894.0,4051.521936260496,5,609574644.0,ok,0,62,126
vco_current_max,15,15,13,0.5,0.4999772,4.307518e-11,4334362.0,14778.143320458088,5,546129612.0,ok,0,62,126
vco_current_max,15,15,13,0.55,0.5499713,-4.65997e-11,3015281.0,27288.642362712002,5,379925406.0,ok,0,62,126
vco_current_max,15,15,13,0.6,0.5999674,-1.352796e-11,5246770.0,85728.31329263396,5,188883720.0,ok,0,17,36
vco_current_max,15,15,13,0.65,0.6499879,2.971937e-11,2357033.0,63730.55314368454,5,84853188.0,ok,0,17,36
vco_current_max,15,15,13,0.7,0.6999758,5.452305e-11,4708340.0,31651.29934141725,5,56500080.0,ok,0,5,12
vco_current_max,15,15,13,0.75,0.7499778,3.13372e-10,4133210.0,12115.399291810403,5,49598520.0,ok,0,5,12
vco_current_max,15,15,14,0.0,-4.317262e-07,-1.707197e-09,5054384.0,4800.799933344442,5,505438400.0,ok,0,49,100
vco_current_max,15,15,14,0.05,0.04999555,-1.101723e-09,5054108.0,3853.1895878609453,5,505410800.0,ok,0,49,100
vco_current_max,15,15,14,0.1,0.09998845,-8.14886e-10,5053560.0,4802.249472903298,5,505356000.0,ok,0,49,100
vco_current_max,15,15,14,0.15,0.1499896,-8.276062e-10,5051894.0,4290.219108623707,5,505189400.0,ok,0,49,100
vco_current_max,15,15,14,0.2,0.1999863,-3.512411e-10,5053356.0,4955.288084460883,5,505335600.0,ok,0,49,100
vco_current_max,15,15,14,0.25,0.2499792,-2.278575e-10,5050428.0,5280.409075062272,5,505042800.0,ok,0,49,100
vco_current_max,15,15,14,0.3,0.2999653,-2.049617e-10,5052672.0,2432.841959519771,5,505267200.0,ok,0,49,100
vco_current_max,15,15,14,0.35,0.350002,5.070724e-11,5035618.0,2314.5561129512503,5,503561800.0,ok,0,49,100
vco_current_max,15,15,14,0.4,0.3999867,-1.01931e-10,4999600.0,4335.89667773576,5,499960000.0,ok,0,49,100
vco_current_max,15,15,14,0.45,0.4499801,1.136704e-10,4864068.0,9311.48323308376,5,486406800.0,ok,0,49,100
vco_current_max,15,15,14,0.5,0.4999781,4.116746e-11,4431638.0,25916.103487985998,5,443163800.0,ok,0,49,100
vco_current_max,15,15,14,0.55,0.549972,-9.42991e-11,3341804.6,21783.2472051345,5,334180460.0,ok,0,49,100
vco_current_max,15,15,14,0.6,0.5999673,8.250678e-11,5143666.0,40602.77182656376,5,185171976.0,ok,0,17,36
vco_current_max,15,15,14,0.65,0.6499881,-8.221523e-11,2325833.8,22642.33106815639,5,83730016.8,ok,0,17,36
vco_current_max,15,15,14,0.7,0.6999764,2.17973e-10,4699290.0,8036.261568664872,5,56391480.0,ok,0,5,12
vco_current_max,15,15,14,0.75,0.7499788,2.758483e-10,4125716.0,10504.764633250952,5,49508592.0,ok,0,5,12
vco_current_max,15,15,15,0.0,-2.029556e-07,-1.789241e-09,5054342.0,2385.0828077867654,5,272934468.0,ok,0,26,54
vco_current_max,15,15,15,0.05,0.04999706,-1.022223e-09,5045264.0,6487.316856759811,5,272444256.0,ok,0,26,54
vco_current_max,15,15,15,0.1,0.09998833,-7.919899e-10,5050606.0,8997.287368979609,5,272732724.0,ok,0,26,54
vco_current_max,15,15,15,0.15,0.1499892,-6.145457e-10,5051082.0,5862.816729184019,5,272758428.0,ok,0,26,54
vco_current_max,15,15,15,0.2,0.1999867,-4.466413e-10,5041784.0,3534.555134666879,5,272256336.0,ok,0,26,54
vco_current_max,15,15,15,0.25,0.2499791,-4.510933e-10,5032850.0,9868.910780830882,5,271773900.0,ok,0,26,54
vco_current_max,15,15,15,0.3,0.2999653,-2.342174e-10,5001360.0,10443.72778274118,5,270073440.0,ok,0,26,54
vco_current_max,15,15,15,0.35,0.3500026,-9.239101e-11,4969114.0,2076.8196840361466,5,268332156.0,ok,0,26,54
vco_current_max,15,15,15,0.4,0.3999869,-1.0348e-11,4907812.0,5819.224175094134,5,265021848.0,ok,0,26,54
vco_current_max,15,15,15,0.45,0.4499807,-1.032031e-10,4791204.0,5563.962616696845,5,258725016.0,ok,0,26,54
vco_current_max,15,15,15,0.5,0.4999761,-2.622011e-10,4450620.0,23738.75733900155,5,240333480.0,ok,0,26,54
vco_current_max,15,15,15,0.55,0.5499724,-1.722233e-13,3562798.0,18616.420708610985,5,192391092.0,ok,0,26,54
vco_current_max,15,15,15,0.6,0.5999665,-5.995561e-11,2188795.2,20532.205073980727,5,118194940.80000001,ok,0,26,54
vco_current_max,15,15,15,0.65,0.6499874,-1.807941e-10,5008442.0,56420.868656907434,5,70118188.0,ok,0,6,14
vco_current_max,15,15,15,0.7,0.6999754,-6.758749e-11,3896264.0,6885.773740110838,5,54547696.0,ok,0,6,14
vco_current_max,15,15,15,0.75,0.749978,2.24333e-10,3532116.4,9388.60632895,5,49449629.6,ok,0,6,14
vco_current_min,15,0,0,0.0,2.578599e-08,-1.984493e-09,4988930.0,0.0,5,708428060.0,ok,0,70,142
vco_current_min,15,0,0,0.05,0.04999602,-1.356759e-09,4987736.0,1089.9678894352805,5,708258512.0,ok,0,70,142
vco_current_min,15,0,0,0.1,0.09998737,-9.128306e-10,4988930.0,0.0,5,708428060.0,ok,0,70,142
vco_current_min,15,0,0,0.15,0.1499891,-7.404741e-10,4988532.0,889.9550550449163,5,708371544.0,ok,0,70,142
vco_current_min,15,0,0,0.2,0.1999868,-3.607812e-10,4988134.0,1089.9678894352805,5,708315028.0,ok,0,70,142
vco_current_min,15,0,0,0.25,0.2499796,-3.951252e-10,4988134.0,1089.9678894352805,5,708315028.0,ok,0,70,142
vco_current_min,15,0,0,0.3,0.2999641,-3.270731e-10,4986940.0,1407.1424945612296,5,708145480.0,ok,0,70,142
vco_current_min,15,0,0,0.35,0.3500023,-1.051109e-10,4986428.0,823.2375112930654,5,708072776.0,ok,0,70,142
vco_current_min,15,0,0,0.4,0.3999877,-1.78886e-10,4985746.0,1089.9678894352805,5,707975932.0,ok,0,70,142
vco_current_min,15,0,0,0.45,0.4499801,7.741874e-11,4980352.0,1457.916321329863,5,707209984.0,ok,0,70,142
vco_current_min,15,0,0,0.5,0.499977,-1.85246e-10,4969800.0,1400.071426749364,5,705711600.0,ok,0,70,142
vco_current_min,15,0,0,0.55,0.5499729,9.268275e-11,4942756.0,813.9287438099235,5,701871352.0,ok,0,70,142
vco_current_min,15,0,0,0.6,0.5999672,-3.578782e-11,4903296.0,858.6501033599193,5,696268032.0,ok,0,70,142
vco_current_min,15,0,0,0.65,0.649988,5.961096e-11,4884676.0,822.8183274575257,5,693623992.0,ok,0,70,142
vco_current_min,15,0,0,0.7,0.6999761,1.63636e-11,4879668.0,854.1779674049196,5,692912856.0,ok,0,70,142
vco_current_min,15,0,0,0.75,0.7499776,3.464434e-10,4879286.0,1046.1500848348674,5,692858612.0,ok,0,70,142
vco_current_min,15,1,0,0.0,-6.605114e-07,-2.087525e-09,4988930.0,0.0,5,708428060.0,ok,0,70,142
vco_current_min,15,1,0,0.05,0.0499975,-1.350399e-09,4988134.0,1089.9678894352805,5,708315028.0,ok,0,70,142
vco_current_min,15,1,0,0.1,0.09998754,-8.530461e-10,4987736.0,1089.9678894352805,5,708258512.0,ok,0,70,142
vco_current_min,15,1,0,0.15,0.1499896,-6.317178e-10,4988532.0,889.9550550449163,5,708371544.0,ok,0,70,142
vco_current_min,15,1,0,0.2,0.1999859,-3.798612e-10,4987338.0,889.9550550449163,5,708201996.0,ok,0,70,142
vco_current_min,15,1,0,0.25,0.2499791,-3.175331e-10,4986940.0,0.0,5,708145480.0,ok,0,70,142
vco_current_min,15,1,0,0.3,0.2999651,-1.80158e-10,4986542.0,889.9550550449163,5,708088964.0,ok,0,70,142
vco_current_min,15,1,0,0.35,0.3500012,-1.648943e-10,4986144.0,1089.9678894352805,5,708032448.0,ok,0,70,142
vco_current_min,15,1,0,0.4,0.3999877,7.869103e-11,4984552.0,889.9550550449163,5,707806384.0,ok,0,70,142
vco_current_min,15,1,0,0.45,0.4499796,-1.687102e-10,4980352.0,1457.916321329863,5,707209984.0,ok,0,70,142
vco_current_min,15,1,0,0.5,0.4999763,-9.076073e-12,4968216.0,885.4829190899167,5,705486672.0,ok,0,70,142
vco_current_min,15,1,0,0.55,0.5499722,2.526759e-11,4941274.0,1333.371666115641,5,701660908.0,ok,0,70,142
vco_current_min,15,1,0,0.6,0.5999668,-5.105162e-11,4900224.0,1606.387250945425,5,695831808.0,ok,0,70,142
vco_current_min,15,1,0,0.65,0.6499878,5.961101e-11,4881000.0,1341.752585240662,5,693102000.0,ok,0,70,142
vco_current_min,15,1,0,0.7,0.6999753,1.232102e-10,4877468.0,375.65942021996466,5,692600456.0,ok,0,70,142
vco_current_min,15,1,0,0.75,0.7499774,3.451712e-10,4876920.0,849.7058314499201,5,692522640.0,ok,0,70,142
vco_current_min,15,2,0,0.0,2.571323e-08,-1.974316e-09,4986542.0,889.9550550449163,5,708088964.0,ok,0,70,142
vco_current_min,15,2,0,0.05,0.04999533,-1.363119e-09,4986542.0,889.9550550449163,5,708088964.0,ok,0,70,142
vco_current_min,15,2,0,0.1,0.09998837,-8.524103e-10,4986144.0,1089.9678894352805,5,708032448.0,ok,0,70,142
vco_current_min,15,2,0,0.15,0.1499895,-5.598494e-10,4986144.0,1089.9678894352805,5,708032448.0,ok,0,70,142
vco_current_min,15,2,0,0.2,0.1999864,-3.925812e-10,4985746.0,1089.9678894352805,5,707975932.0,ok,0,70,142
vco_current_min,15,2,0,0.25,0.2499797,-3.277091e-10,4984950.0,0.0,5,707862900.0,ok,0,70,142
vco_current_min,15,2,0,0.3,0.2999645,-2.246775e-10,4986144.0,1089.9678894352805,5,708032448.0,ok,0,70,142
vco_current_min,15,2,0,0.35,0.3500025,-1.362746e-10,4984552.0,889.9550550449163,5,707806384.0,ok,0,70,142
vco_current_min,15,2,0,0.4,0.399988,-1.356385e-10,4982308.0,1457.916321329863,5,707487736.0,ok,0,70,142
vco_current_min,15,2,0,0.45,0.44998,-3.260797e-11,4977720.0,0.0,5,706836240.0,ok,0,70,142
vco_current_min,15,2,0,0.5,0.4999764,-9.111908e-11,4966660.0,648.459713474939,5,705265720.0,ok,0,70,142
vco_current_min,15,2,0,0.55,0.549972,3.607933e-11,4935840.0,872.066511224918,5,700889280.0,ok,0,70,142
vco_current_min,15,2,0,0.6,0.5999665,-5.550353e-11,4888072.0,854.1779674049196,5,694106224.0,ok,0,70,142
vco_current_min,15,2,0,0.65,0.6499876,6.66068e-11,4866036.0,1610.3043190651883,5,690977112.0,ok,0,70,142
vco_current_min,15,2,0,0.7,0.6999749,8.823065e-11,4861458.0,845.2336954949205,5,690327036.0,ok,0,70,142
vco_current_min,15,2,0,0.75,0.7499784,2.701246e-10,4860702.0,845.2336954949205,5,690219684.0,ok,0,70,142
vco_current_min,15,3,0,0.0,3.689056e-07,-1.933613e-09,4984950.0,0.0,5,707862900.0,ok,0,70,142
vco_current_min,15,3,0,0.05,0.04999614,-1.263267e-09,4986144.0,1089.9678894352805,5,708032448.0,ok,0,70,142
vco_current_min,15,3,0,0.1,0.09998794,-9.357266e-10,4985692.0,1008.0029761860825,5,707968264.0,ok,0,70,142
vco_current_min,15,3,0,0.15,0.1499902,-6.552499e-10,4984950.0,0.0,5,707862900.0,ok,0,70,142
vco_current_min,15,3,0,0.2,0.1999873,-4.841654e-10,4984950.0,0.0,5,707862900.0,ok,0,70,142
vco_current_min,15,3,0,0.25,0.249979,-4.161133e-10,4984552.0,889.9550550449163,5,707806384.0,ok,0,70,142
vco_current_min,15,3,0,0.3,0.2999646,-2.221335e-10,4984154.0,1089.9678894352805,5,707749868.0,ok,0,70,142
vco_current_min,15,3,0,0.35,0.3500026,-1.432705e-10,4984154.0,1089.9678894352805,5,707749868.0,ok,0,70,142
vco_current_min,15,3,0,0.4,0.3999875,-1.006589e-10,4982960.0,0.0,5,707580320.0,ok,0,70,142
vco_current_min,15,3,0,0.45,0.44998,1.191175e-11,4976136.0,885.4829190899167,5,706611312.0,ok,0,70,142
vco_current_min,15,3,0,0.5,0.4999767,-5.741145e-11,4964794.0,881.0107831349171,5,705000748.0,ok,0,70,142
vco_current_min,15,3,0,0.55,0.5499721,-6.504344e-11,4932720.0,1068.058987135074,5,700446240.0,ok,0,70,142
vco_current_min,15,3,0,0.6,0.5999665,-6.122751e-11,4886544.0,1046.1500848348674,5,693889248.0,ok,0,70,142
vco_current_min,15,3,0,0.65,0.6499878,1.594617e-10,4862970.0,0.0,5,690541740.0,ok,0,70,142
vco_current_min,15,3,0,0.7,0.6999759,1.066744e-10,4858208.0,1404.250689869868,5,689865536.0,ok,0,70,142
vco_current_min,15,3,0,0.75,0.7499776,3.165516e-10,4857210.0,681.6890786861705,5,689723820.0,ok,0,70,142
vco_current_min,15,4,0,0.0,-1.003646e-06,-1.878917e-09,4983756.0,1089.9678894352805,5,707693352.0,ok,0,70,142
vco_current_min,15,4,0,0.05,0.0499966,-1.309695e-09,4984552.0,889.9550550449163,5,707806384.0,ok,0,70,142
vco_current_min,15,4,0,0.1,0.09998763,-1.071194e-09,4983756.0,1089.9678894352805,5,707693352.0,ok,0,70,142
vco_current_min,15,4,0,0.15,0.1499892,-8.625861e-10,4984154.0,1089.9678894352805,5,707749868.0,ok,0,70,142
vco_current_min,15,4,0,0.2,0.1999863,-5.216894e-10,4982960.0,0.0,5,707580320.0,ok,0,70,142
vco_current_min,15,4,0,0.25,0.24998,-2.017818e-10,4982960.0,0.0,5,707580320.0,ok,0,70,142
vco_current_min,15,4,0,0.3,0.2999645,-8.475912e-11,4982308.0,1457.916321329863,5,707487736.0,ok,0,70,142
vco_current_min,15,4,0,0.35,0.3500031,-1.044749e-10,4982308.0,1457.916321329863,5,707487736.0,ok,0,70,142
vco_current_min,15,4,0,0.4,0.3999878,-6.567936e-11,4978116.0,885.4829190899167,5,706892472.0,ok,0,70,142
vco_current_min,15,4,0,0.45,0.4499808,-6.440755e-11,4975740.0,0.0,5,706555080.0,ok,0,70,142
vco_current_min,15,4,0,0.5,0.499977,-2.716216e-12,4963218.0,1079.0134382851772,5,704776956.0,ok,0,70,142
vco_current_min,15,4,0,0.55,0.549972,-9.875102e-11,4927212.0,1623.1204514761066,5,699664104.0,ok,0,70,142
vco_current_min,15,4,0,0.6,0.5999671,-2.434003e-11,4875020.0,849.7058314499201,5,692252840.0,ok,0,70,142
vco_current_min,15,4,0,0.65,0.6499885,8.095608e-12,4847392.0,1029.7184081097123,5,688329664.0,ok,0,70,142
vco_current_min,15,4,0,0.7,0.6999759,1.155785e-10,4841088.0,1179.9661012079966,5,687434496.0,ok,0,70,142
vco_current_min,15,4,0,0.75,0.7499775,2.815723e-10,4839848.0,643.9875775199395,5,687258416.0,ok,0,70,142
vco_current_min,15,5,0,0.0,-2.029556e-07,-1.956509e-09,4984154.0,1089.9678894352805,5,707749868.0,ok,0,70,142
vco_current_min,15,5,0,0.05,0.04999651,-1.300156e-09,4984950.0,0.0,5,707862900.0,ok,0,70,142
vco_current_min,15,5,0,0.1,0.09998773,-9.147387e-10,4984552.0,889.9550550449163,5,707806384.0,ok,0,70,142
vco_current_min,15,5,0,0.15,0.1499907,-6.380778e-10,4983756.0,1089.9678894352805,5,707693352.0,ok,0,70,142
vco_current_min,15,5,0,0.2,0.1999866,-3.830411e-10,4982960.0,0.0,5,707580320.0,ok,0,70,142
vco_current_min,15,5,0,0.25,0.2499796,-3.340691e-10,4983358.0,889.9550550449163,5,707636836.0,ok,0,70,142
vco_current_min,15,5,0,0.3,0.2999656,-2.92729e-10,4982308.0,1457.916321329863,5,707487736.0,ok,0,70,142
vco_current_min,15,5,0,0.35,0.3500021,-1.445424e-10,4982308.0,1457.916321329863,5,707487736.0,ok,0,70,142
vco_current_min,15,5,0,0.4,0.3999884,-1.515384e-10,4978908.0,1084.490663860229,5,707004936.0,ok,0,70,142
vco_current_min,15,5,0,0.45,0.4499809,-9.239105e-11,4974948.0,1084.490663860229,5,706442616.0,ok,0,70,142
vco_current_min,15,5,0,0.5,0.4999774,-5.423148e-11,4962430.0,0.0,5,704665060.0,ok,0,70,142
vco_current_min,15,5,0,0.55,0.5499728,1.735917e-12,4926824.0,1062.5817615600222,5,699609008.0,ok,0,70,142
vco_current_min,15,5,0,0.6,0.5999665,2.399553e-11,4871600.0,1343.5028842544402,5,691767200.0,ok,0,70,142
vco_current_min,15,5,0,0.65,0.6499879,5.197914e-11,4842128.0,1029.7184081097123,5,687582176.0,ok,0,70,142
vco_current_min,15,5,0,0.7,0.6999758,8.441481e-11,4836194.0,836.2894235849213,5,686739548.0,ok,0,70,142
vco_current_min,15,5,0,0.75,0.7499775,2.249691e-10,4835820.0,1322.2896808188439,5,686686440.0,ok,0,70,142
vco_current_min,15,6,0,0.0,-6.604387e-07,-1.922802e-09,4982308.0,1457.916321329863,5,707487736.0,ok,0,70,142
vco_current_min,15,6,0,0.05,0.04999603,-1.273443e-09,4981656.0,1785.5755374668415,5,707395152.0,ok,0,70,142
vco_current_min,15,6,0,0.1,0.09998874,-8.892984e-10,4981004.0,1785.5755374668415,5,707302568.0,ok,0,70,142
vco_current_min,15,6,0,0.15,0.1499895,-6.35534e-10,4980352.0,1457.916321329863,5,707209984.0,ok,0,70,142
vco_current_min,15,6,0,0.2,0.1999853,-4.689014e-10,4980352.0,1457.916321329863,5,707209984.0,ok,0,70,142
vco_current_min,15,6,0,0.25,0.2499798,-3.518771e-10,4979304.0,885.4829190899167,5,707061168.0,ok,0,70,142
vco_current_min,15,6,0,0.3,0.2999648,-1.407265e-10,4978908.0,1084.490663860229,5,707004936.0,ok,0,70,142
vco_current_min,15,6,0,0.35,0.3500025,-8.793902e-11,4978116.0,885.4829190899167,5,706892472.0,ok,0,70,142
vco_current_min,15,6,0,0.4,0.3999881,-4.72356e-11,4976532.0,1084.490663860229,5,706667544.0,ok,0,70,142
vco_current_min,15,6,0,0.45,0.4499805,-1.267346e-10,4971780.0,0.0,5,705992760.0,ok,0,70,142
vco_current_min,15,6,0,0.5,0.4999767,-4.596362e-11,4958598.0,1590.8079708123164,5,704120916.0,ok,0,70,142
vco_current_min,15,6,0,0.55,0.5499724,-1.225592e-11,4917414.0,2651.26007777434,5,698272788.0,ok,0,70,142
vco_current_min,15,6,0,0.6,0.5999663,3.544337e-11,4852776.0,679.1759713064059,5,689094192.0,ok,0,70,142
vco_current_min,15,6,0,0.65,0.6499886,8.731793e-12,4821492.0,831.8172876299218,5,684651864.0,ok,0,70,142
vco_current_min,15,6,0,0.7,0.6999762,7.169482e-11,4813330.0,827.3451516749221,5,683492860.0,ok,0,70,142
vco_current_min,15,6,0,0.75,0.7499776,3.044683e-10,4811480.0,827.3451516749221,5,683230160.0,ok,0,70,142
vco_current_min,15,7,0,0.0,-8.856296e-08,-1.925981e-09,4982960.0,0.0,5,707580320.0,ok,0,70,142
vco_current_min,15,7,0,0.05,0.0499967,-1.184403e-09,4980352.0,1457.916321329863,5,707209984.0,ok,0,70,142
vco_current_min,15,7,0,0.1,0.09998848,-9.141025e-10,4981004.0,1785.5755374668415,5,707302568.0,ok,0,70,142
vco_current_min,15,7,0,0.15,0.1499891,-5.248696e-10,4979304.0,885.4829190899167,5,707061168.0,ok,0,70,142
vco_current_min,15,7,0,0.2,0.1999865,-4.739895e-10,4979304.0,885.4829190899167,5,707061168.0,ok,0,70,142
vco_current_min,15,7,0,0.25,0.2499789,-2.011458e-10,4978512.0,1084.490663860229,5,706948704.0,ok,0,70,142
vco_current_min,15,7,0,0.3,0.2999652,-1.210107e-10,4978116.0,885.4829190899167,5,706892472.0,ok,0,70,142
vco_current_min,15,7,0,0.35,0.3500025,-2.815573e-11,4976928.0,1084.490663860229,5,706723776.0,ok,0,70,142
vco_current_min,15,7,0,0.4,0.3999877,-2.291294e-10,4975740.0,0.0,5,706555080.0,ok,0,70,142
vco_current_min,15,7,0,0.45,0.4499811,-5.741142e-11,4971384.0,885.4829190899167,5,705936528.0,ok,0,70,142
vco_current_min,15,7,0,0.5,0.4999768,-1.161998e-11,4957308.0,1079.0134382851772,5,703937736.0,ok,0,70,142
vco_current_min,15,7,0,0.55,0.5499716,5.515913e-11,4914990.0,1828.8520989954327,5,697928580.0,ok,0,70,142
vco_current_min,15,7,0,0.6,0.5999663,7.932691e-11,4850024.0,1572.9208498840621,5,688703408.0,ok,0,70,142
vco_current_min,15,7,0,0.65,0.6499876,1.041305e-10,4815172.0,822.8730157199226,5,683754424.0,ok,0,70,142
vco_current_min,15,7,0,0.7,0.6999752,1.37838e-10,4807410.0,1013.2867313845574,5,682652220.0,ok,0,70,142
vco_current_min,15,7,0,0.75,0.7499774,2.936563e-10,4806300.0,0.0,5,682494600.0,ok,0,70,142
vco_current_min,15,8,0,0.0,7.120834e-07,-1.836305e-09,4966660.0,648.459713474939,5,705265720.0,ok,0,70,142
vco_current_min,15,8,0,0.05,0.0499975,-1.378383e-09,4967240.0,794.1977083824909,5,705348080.0,ok,0,70,142
vco_current_min,15,8,0,0.1,0.09998812,-9.051982e-10,4966950.0,794.1977083824909,5,705306900.0,ok,0,70,142
vco_current_min,15,8,0,0.15,0.1499897,-7.767259e-10,4966660.0,648.459713474939,5,705265720.0,ok,0,70,142
vco_current_min,15,8,0,0.2,0.1999862,-3.995773e-10,4965582.0,1079.0134382851772,5,705112644.0,ok,0,70,142
vco_current_min,15,8,0,0.25,0.2499804,-6.695129e-11,4965188.0,1079.0134382851772,5,705056696.0,ok,0,70,142
vco_current_min,15,8,0,0.3,0.2999647,-2.132296e-10,4965976.0,881.0107831349171,5,705168592.0,ok,0,70,142
vco_current_min,15,8,0,0.35,0.350003,3.544359e-11,4964006.0,881.0107831349171,5,704888852.0,ok,0,70,142
vco_current_min,15,8,0,0.4,0.3999883,1.270264e-10,4960854.0,881.0107831349171,5,704441268.0,ok,0,70,142
vco_current_min,15,8,0,0.45,0.4499811,7.042308e-11,4954488.0,876.5386471799176,5,703537296.0,ok,0,70,142
vco_current_min,15,8,0,0.5,0.4999765,-1.343666e-10,4929152.0,867.5943752699184,5,699939584.0,ok,0,70,142
vco_current_min,15,8,0,0.55,0.5499725,-2.716133e-12,4823778.0,4036.5728037532035,5,684976476.0,ok,0,70,142
vco_current_min,15,8,0,0.6,0.5999665,-3.006392e-11,4413158.0,9152.55811235307,5,626668436.0,ok,0,70,142
vco_current_min,15,8,0,0.65,0.6499891,-9.302713e-11,3934830.0,5466.909547450004,5,558745860.0,ok,0,70,142
vco_current_min,15,8,0,0.7,0.6999759,3.607931e-11,3814450.0,1660.527024772557,5,541651900.0,ok,0,70,142
vco_current_min,15,8,0,0.75,0.7499778,3.553474e-10,3791961.2,3561.317129939427,5,538458490.4,ok,0,70,142
vco_current_min,15,9,0,0.0,2.580055e-08,-1.900541e-09,4966370.0,0.0,5,705224540.0,ok,0,70,142
vco_current_min,15,9,0,0.05,0.04999672,-1.155147e-09,4966950.0,794.1977083824909,5,705306900.0,ok,0,70,142
vco_current_min,15,9,0,0.1,0.0999888,-9.115583e-10,4966660.0,648.459713474939,5,705265720.0,ok,0,70,142
vco_current_min,15,9,0,0.15,0.1499896,-7.08674e-10,4966950.0,794.1977083824909,5,705306900.0,ok,0,70,142
vco_current_min,15,9,0,0.2,0.1999862,-5.757496e-10,4965976.0,881.0107831349171,5,705168592.0,ok,0,70,142
vco_current_min,15,9,0,0.25,0.2499794,-2.571131e-10,4965582.0,1079.0134382851772,5,705112644.0,ok,0,70,142
vco_current_min,15,9,0,0.3,0.299965,-2.399413e-10,4964400.0,0.0,5,704944800.0,ok,0,70,142
vco_current_min,15,9,0,0.35,0.3500023,-9.239097e-11,4962824.0,881.0107831349171,5,704721008.0,ok,0,70,142
vco_current_min,15,9,0,0.4,0.3999881,-1.184667e-10,4960460.0,0.0,5,704385320.0,ok,0,70,142
vco_current_min,15,9,0,0.45,0.4499808,2.20875e-11,4953312.0,876.5386471799176,5,703370304.0,ok,0,70,142
vco_current_min,15,9,0,0.5,0.4999767,5.388712e-11,4927600.0,1940.0,5,699719200.0,ok,0,70,142
vco_current_min,15,9,0,0.55,0.5499721,-6.949534e-11,4817032.0,2029.3151554157378,5,684018544.0,ok,0,70,142
vco_current_min,15,9,0,0.6,0.5999656,6.187717e-12,4350238.0,18442.966681095535,5,617733796.0,ok,0,70,142
vco_current_min,15,9,0,0.65,0.6499869,-3.006406e-11,3834430.0,8752.211149189672,5,544489060.0,ok,0,70,142
vco_current_min,15,9,0,0.7,0.699975,-4.21479e-11,3699154.0,2537.0218761374526,5,525279868.0,ok,0,70,142
vco_current_min,15,9,0,0.75,0.7499785,3.375396e-10,3678758.0,3104.290579182303,5,522383636.0,ok,0,70,142
vco_current_min,15,10,0,0.0,-4.317262e-07,-1.744721e-09,4963612.0,1079.0134382851772,5,704832904.0,ok,0,70,142
vco_current_min,15,10,0,0.05,0.04999646,-1.280439e-09,4962824.0,881.0107831349171,5,704721008.0,ok,0,70,142
vco_current_min,15,10,0,0.1,0.09998895,-7.42382e-10,4962824.0,881.0107831349171,5,704721008.0,ok,0,70,142
vco_current_min,15,10,0,0.15,0.1499895,-6.488897e-10,4962824.0,881.0107831349171,5,704721008.0,ok,0,70,142
vco_current_min,15,10,0,0.2,0.1999861,-4.440974e-10,4962430.0,0.0,5,704665060.0,ok,0,70,142
vco_current_min,15,10,0,0.25,0.2499795,-4.269253e-10,4961642.0,1079.0134382851772,5,704553164.0,ok,0,70,142
vco_current_min,15,10,0,0.3,0.2999649,-1.928779e-10,4960854.0,881.0107831349171,5,704441268.0,ok,0,70,142
vco_current_min,15,10,0,0.35,0.3500025,-1.101988e-10,4960174.0,969.9896906668648,5,704344708.0,ok,0,70,142
vco_current_min,15,10,0,0.4,0.3999881,-1.311866e-10,4955864.0,898.2649943084724,5,703732688.0,ok,0,70,142
vco_current_min,15,10,0,0.45,0.4499814,-8.47591e-11,4948216.0,1073.5362127101255,5,702646672.0,ok,0,70,142
vco_current_min,15,10,0,0.5,0.4999768,-6.122756e-11,4919452.0,867.5943752699184,5,698562184.0,ok,0,70,142
vco_current_min,15,10,0,0.55,0.5499724,-7.16821e-12,4776596.0,10275.912611539668,5,678276632.0,ok,0,70,142
vco_current_min,15,10,0,0.6,0.5999667,2.561327e-10,4012112.0,11942.770616569675,5,569719904.0,ok,0,70,142
vco_current_min,15,10,0,0.65,0.6499881,-1.543612e-11,3272049.0,7602.459075851708,5,464630958.0,ok,0,70,142
vco_current_min,15,10,0,0.7,0.6999756,8.12348e-11,3096028.4,2946.7396050550515,5,439636032.8,ok,0,70,142
vco_current_min,15,10,0,0.75,0.7499782,3.502595e-10,3070553.6,2962.3293706136055,5,436018611.2,ok,0,70,142
vco_current_min,15,11,0,0.0,-8.867937e-08,-2.003572e-09,4962824.0,881.0107831349171,5,704721008.0,ok,0,70,142
vco_current_min,15,11,0,0.05,0.04999661,-1.216203e-09,4962430.0,0.0,5,704665060.0,ok,0,70,142
vco_current_min,15,11,0,0.1,0.09998805,-6.85778e-10,4962430.0,0.0,5,704665060.0,ok,0,70,142
vco_current_min,15,11,0,0.15,0.149989,-6.895938e-10,4962036.0,881.0107831349171,5,704609112.0,ok,0,70,142
vco_current_min,15,11,0,0.2,0.1999857,-3.219851e-10,4961642.0,1079.0134382851772,5,704553164.0,ok,0,70,142
vco_current_min,15,11,0,0.25,0.2499797,-3.722292e-10,4961642.0,1079.0134382851772,5,704553164.0,ok,0,70,142
vco_current_min,15,11,0,0.3,0.2999648,-1.986018e-10,4960066.0,881.0107831349171,5,704329372.0,ok,0,70,142
vco_current_min,15,11,0,0.35,0.3500027,-1.070189e-10,4958490.0,0.0,5,704105580.0,ok,0,70,142
vco_current_min,15,11,0,0.4,0.3999875,-1.337305e-10,4955864.0,898.2649943084724,5,703732688.0,ok,0,70,142
vco_current_min,15,11,0,0.45,0.4499815,-7.140334e-11,4947438.0,873.1952817096528,5,702536196.0,ok,0,70,142
vco_current_min,15,11,0,0.5,0.4999773,2.463138e-11,4918238.0,1714.065342978499,5,698389796.0,ok,0,70,142
vco_current_min,15,11,0,0.55,0.5499718,-1.260987e-10,4758832.0,8332.689841821788,5,675754144.0,ok,0,70,142
vco_current_min,15,11,0,0.6,0.5999666,8.568674e-11,3907542.0,23019.92006936601,5,554870964.0,ok,0,70,142
vco_current_min,15,11,0,0.65,0.6499884,6.187745e-12,3129317.8,7915.255788665329,5,444363127.59999996,ok,0,70,142
vco_current_min,15,11,0,0.7,0.6999763,1.804496e-10,2948255.6,3397.5957381654457,5,418652295.2,ok,0,70,142
vco_current_min,15,11,0,0.75,0.7499793,1.918975e-10,2915412.4,5678.089405777264,5,413988560.8,ok,0,70,142
vco_current_min,15,12,0,0.0,-4.317699e-07,-1.890365e-09,4960066.0,881.0107831349171,5,704329372.0,ok,0,70,142
vco_current_min,15,12,0,0.05,0.04999729,-1.30906e-09,4959672.0,1079.0134382851772,5,704273424.0,ok,0,70,142
vco_current_min,15,12,0,0.1,0.0999877,-8.886625e-10,4958664.0,389.0758280849634,5,704130288.0,ok,0,70,142
vco_current_min,15,12,0,0.15,0.1499893,-6.100938e-10,4958096.0,881.0107831349171,5,704049632.0,ok,0,70,142
vco_current_min,15,12,0,0.2,0.1999861,-4.644494e-10,4958490.0,0.0,5,704105580.0,ok,0,70,142
vco_current_min,15,12,0,0.25,0.2499786,-3.258011e-10,4957702.0,1079.0134382851772,5,703993684.0,ok,0,70,142
vco_current_min,15,12,0,0.3,0.2999655,-2.227695e-10,4956914.0,881.0107831349171,5,703881788.0,ok,0,70,142
vco_current_min,15,12,0,0.35,0.3500025,-1.356385e-10,4955208.0,733.430296619931,5,703639536.0,ok,0,70,142
vco_current_min,15,12,0,0.4,0.3999874,-7.331148e-11,4951744.0,1073.5362127101255,5,703147648.0,ok,0,70,142
vco_current_min,15,12,0,0.45,0.4499797,-3.896773e-11,4942756.0,813.9287438099235,5,701871352.0,ok,0,70,142
vco_current_min,15,12,0,0.5,0.4999767,-3.324385e-11,4908106.0,1577.792762057172,5,696951052.0,ok,0,70,142
vco_current_min,15,12,0,0.55,0.5499718,-3.705967e-11,4699356.0,6370.481143524404,5,667308552.0,ok,0,70,142
vco_current_min,15,12,0,0.6,0.5999665,9.395454e-11,3425662.6,17442.895797429966,5,486444089.2,ok,0,70,142
vco_current_min,15,12,0,0.65,0.6499879,5.00712e-11,2414273.8,7310.538571131405,5,342826879.59999996,ok,0,70,142
vco_current_min,15,12,0,0.7,0.6999758,5.770301e-11,2183023.6,2432.426627875957,5,309989351.2,ok,0,70,142
vco_current_min,15,12,0,0.75,0.749977,2.281489e-10,2145124.4,2767.687265570299,5,304607664.8,ok,0,70,142
vco_current_min,15,13,0,0.0,1.169567e-06,-1.916441e-09,4958490.0,0.0,5,704105580.0,ok,0,70,142
vco_current_min,15,13,0,0.05,0.04999636,-1.227015e-09,4958490.0,0.0,5,704105580.0,ok,0,70,142
vco_current_min,15,13,0,0.1,0.09998845,-8.708542e-10,4957702.0,1079.0134382851772,5,703993684.0,ok,0,70,142
vco_current_min,15,13,0,0.15,0.1499898,-5.738418e-10,4957702.0,1079.0134382851772,5,703993684.0,ok,0,70,142
vco_current_min,15,13,0,0.2,0.1999866,-4.943414e-10,4957702.0,1079.0134382851772,5,703993684.0,ok,0,70,142
vco_current_min,15,13,0,0.25,0.2499787,-2.96545e-10,4956914.0,881.0107831349171,5,703881788.0,ok,0,70,142
vco_current_min,15,13,0,0.3,0.2999648,-2.272214e-10,4955208.0,733.430296619931,5,703639536.0,ok,0,70,142
vco_current_min,15,13,0,0.35,0.3500028,-2.69197e-10,4954488.0,876.5386471799176,5,703537296.0,ok,0,70,142
vco_current_min,15,13,0,0.4,0.3999876,-1.80158e-10,4951352.0,876.5386471799176,5,703091984.0,ok,0,70,142
vco_current_min,15,13,0,0.45,0.4499805,-2.055977e-10,4941300.0,0.0,5,701664600.0,ok,0,70,142
vco_current_min,15,13,0,0.5,0.4999767,8.18709e-11,4904248.0,1830.4425694350534,5,696403216.0,ok,0,70,142
vco_current_min,15,13,0,0.55,0.5499718,-1.986018e-10,4690718.0,8909.832770596764,5,666081956.0,ok,0,70,142
vco_current_min,15,13,0,0.6,0.5999666,1.982576e-10,3283797.8,40558.47587373076,5,466299287.59999996,ok,0,70,142
vco_current_min,15,13,0,0.65,0.6499878,1.054024e-10,2224546.0,7372.532265104032,5,315885532.0,ok,0,70,142
vco_current_min,15,13,0,0.7,0.6999755,1.085824e-10,5018580.0,8320.781213323662,5,281040480.0,ok,0,27,56
vco_current_min,15,13,0,0.75,0.7499776,3.400837e-10,4906654.0,4629.079822167684,5,274772624.0,ok,0,27,56
vco_current_min,15,14,0,0.0,9.408832e-07,-1.830582e-09,4954880.0,0.0,5,703592960.0,ok,0,70,142
vco_current_min,15,14,0,0.05,0.04999743,-1.234012e-09,4954488.0,876.5386471799176,5,703537296.0,ok,0,70,142
vco_current_min,15,14,0,0.1,0.09998792,-7.729102e-10,4954096.0,1073.5362127101255,5,703481632.0,ok,0,70,142
vco_current_min,15,14,0,0.15,0.1499894,-4.873455e-10,4953704.0,1073.5362127101255,5,703425968.0,ok,0,70,142
vco_current_min,15,14,0,0.2,0.1999864,-4.638133e-10,4952920.0,0.0,5,703314640.0,ok,0,70,142
vco_current_min,15,14,0,0.25,0.2499793,-3.715932e-10,4952920.0,0.0,5,703314640.0,ok,0,70,142
vco_current_min,15,14,0,0.3,0.2999649,-1.925179e-11,4950960.0,1385.9292911256332,5,703036320.0,ok,0,70,142
vco_current_min,15,14,0,0.35,0.3500021,-1.426344e-10,4949000.0,0.0,5,702758000.0,ok,0,70,142
vco_current_min,15,14,0,0.4,0.3999877,-1.416398e-11,4945864.0,1073.5362127101255,5,702312688.0,ok,0,70,142
vco_current_min,15,14,0,0.45,0.4499802,-1.222827e-10,4935450.0,0.0,5,700833900.0,ok,0,70,142
vco_current_min,15,14,0,0.5,0.4999767,6.724302e-11,4891138.0,2499.923998844765,5,694541596.0,ok,0,70,142
vco_current_min,15,14,0,0.55,0.5499723,-1.553543e-10,4587446.0,18220.04061466384,5,651417332.0,ok,0,70,142
vco_current_min,15,14,0,0.6,0.5999668,-5.741144e-11,2581318.0,43522.00119479802,5,366547156.0,ok,0,70,142
vco_current_min,15,14,0,0.65,0.6499881,6.187773e-12,5301112.0,47926.26336362976,5,169635584.0,ok,0,15,32
vco_current_min,15,14,0,0.7,0.6999757,7.105885e-11,3511088.2,17520.405052395337,5,112354822.4,ok,0,15,32
vco_current_min,15,14,0,0.75,0.749978,2.548609e-10,3208282.6,4524.4526519790215,5,102665043.2,ok,0,15,32
vco_current_min,15,15,0,0.0,2.545858e-07,-2.024562e-09,4953704.0,1073.5362127101255,5,703425968.0,ok,0,70,142
vco_current_min,15,15,0,0.05,0.04999662,-1.155783e-09,4953312.0,876.5386471799176,5,703370304.0,ok,0,70,142
vco_current_min,15,15,0,0.1,0.09998781,-7.512861e-10,4953312.0,876.5386471799176,5,703370304.0,ok,0,70,142
vco_current_min,15,15,0,0.15,0.1499894,-4.867095e-10,4952920.0,0.0,5,703314640.0,ok,0,70,142
vco_current_min,15,15,0,0.2,0.1999866,-3.760452e-10,4952528.0,876.5386471799176,5,703258976.0,ok,0,70,142
vco_current_min,15,15,0,0.25,0.2499795,-3.143531e-10,4951744.0,1073.5362127101255,5,703147648.0,ok,0,70,142
vco_current_min,15,15,0,0.3,0.2999648,-1.477223e-10,4950960.0,0.0,5,703036320.0,ok,0,70,142
vco_current_min,15,15,0,0.35,0.3500015,-1.394544e-10,4948216.0,1073.5362127101255,5,702646672.0,ok,0,70,142
vco_current_min,15,15,0,0.4,0.3999874,-1.477223e-10,4945080.0,0.0,5,702201360.0,ok,0,70,142
vco_current_min,15,15,0,0.45,0.4499801,-5.741144e-11,4933704.0,456.1578674099571,5,700585968.0,ok,0,70,142
vco_current_min,15,15,0,0.5,0.4999765,-3.197179e-11,4889730.0,1590.3773137214955,5,694341660.0,ok,0,70,142
vco_current_min,15,15,0,0.55,0.5499724,3.226341e-11,4551616.0,17196.75638020147,5,646329472.0,ok,0,70,142
vco_current_min,15,15,0,0.6,0.5999681,-1.444067e-12,2390773.6,51345.14417936715,5,339489851.2,ok,0,70,142
vco_current_min,15,15,0,0.65,0.6499881,-1.034808e-11,5341910.0,233889.56218694325,5,128205840.0,ok,0,11,24
vco_current_min,15,15,0,0.7,0.6999754,2.020732e-10,2547096.4,12370.732043820202,5,61130313.599999994,ok,0,11,24
vco_current_min,15,15,0,0.75,0.7499782,2.249688e-10,2073863.4,5568.834330450134,5,49772721.599999994,ok,0,11,24
