time,note,f_target,kvco_target,vco_tune_coarse,vco_current_min,vco_current_max,vctrl_pred,vctrl_meas,kvco_pred,set_div_freq,total_div,center,span,rbw,averages,freq,level_dbm
2026-10-05T11:03:25,,2400000000.0,1000000000.0,3,14,10,0.3647075465025815,0.3646939,723916799.9999994,6,64,37500000.0,15000000.0,200000.0,20,30000000.0,-63.13784027
2026-10-05T11:03:25,,2400000000.0,1000000000.0,3,14,10,0.3647075465025815,0.3646939,723916799.9999994,6,64,37500000.0,15000000.0,200000.0,20,30021739.13043478,-63.68281174
2026-10-05T11:03:25,,2400000000.0,1000000000.0,3,14,10,0.3647075465025815,0.3646939,723916799.9999994,6,64,37500000.0,15000000.0,200000.0,20,30043478.260869566,-64.39936829
2026-10-05T11:03:25,,2400000000.0,1000000000.0,3,14,10,0.3647075465025815,0.3646939,723916799.9999994,6,64,37500000.0,15000000.0,200000.0,20,30065217.391304348,-65.26153564
2026-10-05T11:03:25,,2400000000.0,1000000000.0,3,14,10,0.3647075465025815,0.3646939,723916799.9999994,6,64,37500000.0,15000000.0,200000.0,20,30086956.52173913,-64.89399719
2026-10-05T11:03:25,,2400000000.0,1000000000.0,3,14,10,0.3647075465025815,0.3646939,723916799.9999994,6,64,37500000.0,15000000.0,200000.0,20,30108695.652173914,-64.73745728
2026-10-05T11:03:25,,2400000000.0,1000000000.0,3,14,10,0.3647075465025815,0.3646939,723916799.9999994,6,64,37500000.0,15000000.0,200000.0,20,30130434.782608695,-64.62088013
2026-10-05T11:03:25,,2400000000.0,1000000000.0,3,14,10,0.3647075465025815,0.3646939,723916799.9999994,6,64,37500000.0,15000000.0,200000.0,20,30152173.913043477,-64.30157471
2026-10-05T11:03:25,,2400000000.0,1000000000.0,3,14,10,0.3647075465025815,0.3646939,723916799.9999994,6,64,37500000.0,15000000.0,200000.0,20,30173913.04347826,-63.80611801
2026-10-05T11:03:25,,2400000000.0,1000000000.0,3,14,10,0.3647075465025815,0.3646939,723916799.9999994,6,64,37500000.0,15000000.0,200000.0,20,30195652.173913043,-63.39458847
2026-10-05T11:03:25,,2400000000.0,1000000000.0,3,14,10,0.3647075465025815,0.3646939,723916799.9999994,6,64,37500000.0,15000000.0,200000.0,20,30217391.304347824,-63.21757889
2026-10-05T11:03:25,,2400000000.0,1000000000.0,3,14,10,0.3647075465025815,0.3646939,723916799.9999994,6,64,37500000.0,15000000.0,200000.0,20,30239130.43478261,-63.32435226
2026-10-05T11:03:25,,2400000000.0,1000000000.0,3,14,10,0.3647075465025815,0.3646939,723916799.9999994,6,64,37500000.0,15000000.0,200000.0,20,30260869.56521739,-63.62055206
2026-10-05T11:03:25,,2400000000.0,1000000000.0,3,14,10,0.3647075465025815,0.3646939,723916799.9999994,6,64,37500000.0,15000000.0,200000.0,20,30282608.695652176,-63.77576447
2026-10-05T11:03:25,,2400000000.0,1000000000.0,3,14,10,0.3647075465025815,0.3646939,723916799.9999994,6,64,37500000.0,15000000.0,200000.0,20,30304347.826086957,-63.5310173
2026-10-05T11:03:25,,2400000000.0,1000000000.0,3,14,10,0.3647075465025815,0.3646939,723916799.9999994,6,64,37500000.0,15000000.0,200000.0,20,30326086.95652174,-63.30399323
2026-10-05T11:03:25,,2400000000.0,1000000000.0,3,14,10,0.3647075465025815,0.3646939,723916799.9999994,6,64,37500000.0,15000000.0,200000.0,20,30347826.086956523,-63.41324234
2026-10-05T11:03:25,,2400000000.0,1000000000.0,3,14,10,0.3647075465025815,0.3646939,723916799.9999994,6,64,37500000.0,15000000.0,200000.0,20,30369565.217391305,-63.81112289
2026-10-05T11:03:25,,2400000000.0,1000000000.0,3,14,10,0.3647075465025815,0.3646939,723916799.9999994,6,64,37500000.0,15000000.0,200000.0,20,30391304.347826086,-63.74062347
2026-10-05T11:03:25,,2400000000.0,1000000000.0,3,14,10,0.3647075465025815,0.3646939,723916799.9999994,6,64,37500000.0,15000000.0,200000.0,20,30413043.47826087,-63.85671234
2026-10-05T11:03:25,,2400000000.0,1000000000.0,3,14,10,0.3647075465025815,0.3646939,723916799.9999994,6,64,37500000.0,15000000.0,200000.0,20,30434782.608695652,-64.02182007
2026-10-05T11:03:25,,2400000000.0,1000000000.0,3,14,10,0.3647075465025815,0.3646939,723916799.9999994,6,64,37500000.0,15000000.0,200000.0,20,30456521.739130434,-63.9957428
2026-10-05T11:03:25,,2400000000.0,1000000000.0,3,14,10,0.3647075465025815,0.3646939,723916799.9999994,6,64,37500000.0,15000000.0,200000.0,20,30478260.86956522,-63.897686
2026-10-05T11:03:25,,2400000000.0,1000000000.0,3,14,10,0.3647075465025815,0.3646939,723916799.9999994,6,64,37500000.0,15000000.0,200000.0,20,30500000.0,-63.82971573
2026-10-05T11:03:25,,2400000000.0,1000000000.0,3,14,10,0.3647075465025815,0.3646939,723916799.9999994,6,64,37500000.0,15000000.0,200000.0,20,30521739.13043478,-63.80141449
2026-10-05T11:03:25,,2400000000.0,1000000000.0,3,14,10,0.3647075465025815,0.3646939,723916799.9999994,6,64,37500000.0,15000000.0,200000.0,20,30543478.260869566,-63.80024338
2026-10-05T11:03:25,,2400000000.0,1000000000.0,3,14,10,0.3647075465025815,0.3646939,723916799.9999994,6,64,37500000.0,15000000.0,200000.0,20,30565217.391304348,-63.86607361
2026-10-05T11:03:25,,2400000000.0,1000000000.0,3,14,10,0.3647075465025815,0.3646939,723916799.9999994,6,64,37500000.0,15000000.0,200000.0,20,30586956.52173913,-64.03900146
2026-10-05T11:03:25,,2400000000.0,1000000000.0,3,14,10,0.3647075465025815,0.3646939,723916799.9999994,6,64,37500000.0,15000000.0,200000.0,20,30608695.652173914,-64.30849457
2026-10-05T11:03:25,,2400000000.0,1000000000.0,3,14,10,0.3647075465025815,0.3646939,723916799.9999994,6,64,37500000.0,15000000.0,200000.0,20,30630434.782608695,-64.55172729
2026-10-05T11:03:25,,2400000000.0,1000000000.0,3,14,10,0.3647075465025815,0.3646939,723916799.9999994,6,64,37500000.0,15000000.0,200000.0,20,30652173.913043477,-64.63961029
2026-10-05T11:03:25,,2400000000.0,1000000000.0,3,14,10,0.3647075465025815,0.3646939,723916799.9999994,6,64,37500000.0,15000000.0,200000.0,20,30673913.04347826,-64.66030121
2026-10-05T11:03:25,,2400000000.0,1000000000.0,3,14,10,0.3647075465025815,0.3646939,723916799.9999994,6,64,37500000.0,15000000.0,200000.0,20,30695652.173913043,-64.7923584
2026-10-05T11:03:25,,2400000000.0,1000000000.0,3,14,10,0.3647075465025815,0.3646939,723916799.9999994,6,64,37500000.0,15000000.0,200000.0,20,30717391.304347824,-65.24992371
2026-10-05T11:03:25,,2400000000.0,1000000000.0,3,14,10,0.3647075465025815,0.3646939,723916799.9999994,6,64,37500000.0,15000000.0,200000.0,20,30739130.43478261,-65.2891922
2026-10-05T11:03:25,,2400000000.0,1000000000.0,3,14,10,0.3647075465025815,0.3646939,723916799.9999994,6,64,37500000.0,15000000.0,200000.0,20,30760869.56521739,-64.89408112
2026-10-05T11:03:25,,2400000000.0,1000000000.0,3,14,10,0.3647075465025815,0.3646939,723916799.9999994,6,64,37500000.0,15000000.0,200000.0,20,30782608.695652176,-64.86391449
2026-10-05T11:03:25,,2400000000.0,1000000000.0,3,14,10,0.3647075465025815,0.3646939,723916799.9999994,6,64,37500000.0,15000000.0,200000.0,20,30804347.826086957,-64.69054413
2026-10-05T11:03:25,,2400000000.0,1000000000.0,3,14,10,0.3647075465025815,0.3646939,723916799.9999994,6,64,37500000.0,15000000.0,200000.0,20,30826086.95652174,-65.24488068
2026-10-05T11:03:25,,2400000000.0,1000000000.0,3,14,10,0.3647075465025815,0.3646939,723916799.9999994,6,64,37500000.0,15000000.0,200000.0,20,30847826.086956523,-64.64412689
2026-10-05T11:03:25,,2400000000.0,1000000000.0,3,14,10,0.3647075465025815,0.3646939,723916799.9999994,6,64,37500000.0,15000000.0,200000.0,20,30869565.217391305,-64.46340179
2026-10-05T11:03:25,,2400000000.0,1000000000.0,3,14,10,0.3647075465025815,0.3646939,723916799.9999994,6,64,37500000.0,15000000.0,200000.0,20,30891304.347826086,-64.48773956
2026-10-05T11:03:25,,2400000000.0,1000000000.0,3,14,10,0.3647075465025815,0.3646939,723916799.9999994,6,64,37500000.0,15000000.0,200000.0,20,30913043.47826087,-64.49746704
2026-10-05T11:03:25,,2400000000.0,1000000000.0,3,14,10,0.3647075465025815,0.3646939,723916799.9999994,6,64,37500000.0,15000000.0,200000.0,20,30934782.608695652,-64.4313736
2026-10-05T11:03:25,,2400000000.0,1000000000.0,3,14,10,0.3647075465025815,0.3646939,723916799.9999994,6,64,37500000.0,15000000.0,200000.0,20,30956521.739130434,-64.59379578
2026-10-05T11:03:25,,2400000000.0,1000000000.0,3,14,10,0.3647075465025815,0.3646939,723916799.9999994,6,64,37500000.0,15000000.0,200000.0,20,30978260.86956522,-65.00905609
2026-10-05T11:03:25,,2400000000.0,1000000000.0,3,14,10,0.3647075465025815,0.3646939,723916799.9999994,6,64,37500000.0,15000000.0,200000.0,20,31000000.0,-65.12805176
2026-10-05T11:03:25,,2400000000.0,1000000000.0,3,14,10,0.3647075465025815,0.3646939,723916799.9999994,6,64,37500000.0,15000000.0,200000.0,20,31021739.13043478,-65.0476532
2026-10-05T11:03:25,,2400000000.0,1000000000.0,3,14,10,0.3647075465025815,0.3646939,723916799.9999994,6,64,37500000.0,15000000.0,200000.0,20,31043478.260869566,-65.6688385
2026-10-05T11:03:25,,2400000000.0,1000000000.0,3,14,10,0.3647075465025815,0.3646939,723916799.9999994,6,64,37500000.0,15000000.0,200000.0,20,31065217.391304348,-65.40848541
2026-10-05T11:03:25,,2400000000.0,1000000000.0,3,14,10,0.3647075465025815,0.3646939,723916799.9999994,6,64,37500000.0,15000000.0,200000.0,20,31086956.52173913,-65.91501617
2026-10-05T11:03:25,,2400000000.0,1000000000.0,3,14,10,0.3647075465025815,0.3646939,723916799.9999994,6,64,37500000.0,15000000.0,200000.0,20,31108695.652173914,-65.63321686
2026-10-05T11:03:25,,2400000000.0,1000000000.0,3,14,10,0.3647075465025815,0.3646939,723916799.9999994,6,64,37500000.0,15000000.0,200000.0,20,31130434.782608695,-65.46614075
2026-10-05T11:03:25,,2400000000.0,1000000000.0,3,14,10,0.3647075465025815,0.3646939,723916799.9999994,6,64,37500000.0,15000000.0,200000.0,20,31152173.913043477,-65.15114594
2026-10-05T11:03:25,,2400000000.0,1000000000.0,3,14,10,0.3647075465025815,0.3646939,723916799.9999994,6,64,37500000.0,15000000.0,200000.0,20,31173913.04347826,-64.68023682
2026-10-05T11:03:25,,2400000000.0,1000000000.0,3,14,10,0.3647075465025815,0.3646939,723916799.9999994,6,64,37500000.0,15000000.0,200000.0,20,31195652.173913043,-64.20907593
2026-10-05T11:03:25,,2400000000.0,1000000000.0,3,14,10,0.3647075465025815,0.3646939,723916799.9999994,6,64,37500000.0,15000000.0,200000.0,20,31217391.304347828,-63.77796936
2026-10-05T11:03:25,,2400000000.0,1000000000.0,3,14,10,0.3647075465025815,0.3646939,723916799.9999994,6,64,37500000.0,15000000.0,200000.0,20,31239130.43478261,-63.4167366
2026-10-05T11:03:25,,2400000000.0,1000000000.0,3,14,10,0.3647075465025815,0.3646939,723916799.9999994,6,64,37500000.0,15000000.0,200000.0,20,31260869.56521739,-63.16510773
2026-10-05T11:03:25,,2400000000.0,1000000000.0,3,14,10,0.3647075465025815,0.3646939,723916799.9999994,6,64,37500000.0,15000000.0,200000.0,20,31282608.695652172,-63.02070999
2026-10-05T11:03:25,,2400000000.0,1000000000.0,3,14,10,0.3647075465025815,0.3646939,723916799.9999994,6,64,37500000.0,15000000.0,200000.0,20,31304347.826086957,-62.96324539
2026-10-05T11:03:25,,2400000000.0,1000000000.0,3,14,10,0.3647075465025815,0.3646939,723916799.9999994,6,64,37500000.0,15000000.0,200000.0,20,31326086.95652174,-62.9798584
2026-10-05T11:03:25,,2400000000.0,1000000000.0,3,14,10,0.3647075465025815,0.3646939,723916799.9999994,6,64,37500000.0,15000000.0,200000.0,20,31347826.086956523,-63.06600189
2026-10-05T11:03:25,,2400000000.0,1000000000.0,3,14,10,0.3647075465025815,0.3646939,723916799.9999994,6,64,37500000.0,15000000.0,200000.0,20,31369565.217391305,-63.20585251
2026-10-05T11:03:25,,2400000000.0,1000000000.0,3,14,10,0.3647075465025815,0.3646939,723916799.9999994,6,64,37500000.0,15000000.0,200000.0,20,31391304.347826086,-63.26543808
2026-10-05T11:03:25,,2400000000.0,1000000000.0,3,14,10,0.3647075465025815,0.3646939,723916799.9999994,6,64,37500000.0,15000000.0,200000.0,20,31413043.47826087,-63.17649841
2026-10-05T11:03:25,,2400000000.0,1000000000.0,3,14,10,0.3647075465025815,0.3646939,723916799.9999994,6,64,37500000.0,15000000.0,200000.0,20,31434782.608695652,-63.12135315
2026-10-05T11:03:25,,2400000000.0,1000000000.0,3,14,10,0.3647075465025815,0.3646939,723916799.9999994,6,64,37500000.0,15000000.0,200000.0,20,31456521.739130434,-63.25696945
2026-10-05T11:03:25,,2400000000.0,1000000000.0,3,14,10,0.3647075465025815,0.3646939,723916799.9999994,6,64,37500000.0,15000000.0,200000.0,20,31478260.86956522,-63.72444534
2026-10-05T11:03:25,,2400000000.0,1000000000.0,3,14,10,0.3647075465025815,0.3646939,723916799.9999994,6,64,37500000.0,15000000.0,200000.0,20,31500000.0,-64.69815063
2026-10-05T11:03:25,,2400000000.0,1000000000.0,3,14,10,0.3647075465025815,0.3646939,723916799.9999994,6,64,37500000.0,15000000.0,200000.0,20,31521739.13043478,-66.34178925
2026-10-05T11:03:25,,2400000000.0,1000000000.0,3,14,10,0.3647075465025815,0.3646939,723916799.9999994,6,64,37500000.0,15000000.0,200000.0,20,31543478.260869566,-65.37926483
2026-10-05T11:03:25,,2400000000.0,1000000000.0,3,14,10,0.3647075465025815,0.3646939,723916799.9999994,6,64,37500000.0,15000000.0,200000.0,20,31565217.391304348,-64.41889191
2026-10-05T11:03:25,,2400000000.0,1000000000.0,3,14,10,0.3647075465025815,0.3646939,723916799.9999994,6,64,37500000.0,15000000.0,200000.0,20,31586956.52173913,-63.74123001
2026-10-05T11:03:25,,2400000000.0,1000000000.0,3,14,10,0.3647075465025815,0.3646939,723916799.9999994,6,64,37500000.0,15000000.0,200000.0,20,31608695.652173914,-63.49473572
2026-10-05T11:03:25,,2400000000.0,1000000000.0,3,14,10,0.3647075465025815,0.3646939,723916799.9999994,6,64,37500000.0,15000000.0,200000.0,20,31630434.782608695,-63.81848907
2026-10-05T11:03:25,,2400000000.0,1000000000.0,3,14,10,0.3647075465025815,0.3646939,723916799.9999994,6,64,37500000.0,15000000.0,200000.0,20,31652173.913043477,-63.99158859
2026-10-05T11:03:25,,2400000000.0,1000000000.0,3,14,10,0.3647075465025815,0.3646939,723916799.9999994,6,64,37500000.0,15000000.0,200000.0,20,31673913.04347826,-64.04486084
2026-10-05T11:03:25,,2400000000.0,1000000000.0,3,14,10,0.3647075465025815,0.3646939,723916799.9999994,6,64,37500000.0,15000000.0,200000.0,20,31695652.173913043,-64.25705719
2026-10-05T11:03:25,,2400000000.0,1000000000.0,3,14,10,0.3647075465025815,0.3646939,723916799.9999994,6,64,37500000.0,15000000.0,200000.0,20,31717391.304347828,-64.81473541
2026-10-05T11:03:25,,2400000000.0,1000000000.0,3,14,10,0.3647075465025815,0.3646939,723916799.9999994,6,64,37500000.0,15000000.0,200000.0,20,31739130.43478261,-64.49143219
2026-10-05T11:03:25,,2400000000.0,1000000000.0,3,14,10,0.3647075465025815,0.3646939,723916799.9999994,6,64,37500000.0,15000000.0,200000.0,20,31760869.56521739,-64.25648499
2026-10-05T11:03:25,,2400000000.0,1000000000.0,3,14,10,0.3647075465025815,0.3646939,723916799.9999994,6,64,37500000.0,15000000.0,200000.0,20,31782608.695652172,-63.98826981
2026-10-05T11:03:25,,2400000000.0,1000000000.0,3,14,10,0.3647075465025815,0.3646939,723916799.9999994,6,64,37500000.0,15000000.0,200000.0,20,31804347.826086957,-63.79619217
2026-10-05T11:03:25,,2400000000.0,1000000000.0,3,14,10,0.3647075465025815,0.3646939,723916799.9999994,6,64,37500000.0,15000000.0,200000.0,20,31826086.95652174,-63.75080872
2026-10-05T11:03:25,,2400000000.0,1000000000.0,3,14,10,0.3647075465025815,0.3646939,723916799.9999994,6,64,37500000.0,15000000.0,200000.0,20,31847826.086956523,-63.86623383
2026-10-05T11:03:25,,2400000000.0,1000000000.0,3,14,10,0.3647075465025815,0.3646939,723916799.9999994,6,64,37500000.0,15000000.0,200000.0,20,31869565.217391305,-64.20572662
2026-10-05T11:03:25,,2400000000.0,1000000000.0,3,14,10,0.3647075465025815,0.3646939,723916799.9999994,6,64,37500000.0,15000000.0,200000.0,20,31891304.347826086,-64.90706635
2026-10-05T11:03:25,,2400000000.0,1000000000.0,3,14,10,0.3647075465025815,0.3646939,723916799.9999994,6,64,37500000.0,15000000.0,200000.0,20,31913043.47826087,-65.99179077
2026-10-05T11:03:25,,2400000000.0,1000000000.0,3,14,10,0.3647075465025815,0.3646939,723916799.9999994,6,64,37500000.0,15000000.0,200000.0,20,31934782.608695652,-65.80797577
2026-10-05T11:03:25,,2400000000.0,1000000000.0,3,14,10,0.3647075465025815,0.3646939,723916799.9999994,6,64,37500000.0,15000000.0,200000.0,20,31956521.739130434,-65.86346436
2026-10-05T11:03:25,,2400000000.0,1000000000.0,3,14,10,0.3647075465025815,0.3646939,723916799.9999994,6,64,37500000.0,15000000.0,200000.0,20,31978260.86956522,-66.11662292
2026-10-05T11:03:25,,2400000000.0,1000000000.0,3,14,10,0.3647075465025815,0.3646939,723916799.9999994,6,64,37500000.0,15000000.0,200000.0,20,32000000.0,-65.88323212
2026-10-05T11:03:25,,2400000000.0,1000000000.0,3,14,10,0.3647075465025815,0.3646939,723916799.9999994,6,64,37500000.0,15000000.0,200000.0,20,32021739.13043478,-65.48464966
2026-10-05T11:03:25,,2400000000.0,1000000000.0,3,14,10,0.3647075465025815,0.3646939,723916799.9999994,6,64,37500000.0,15000000.0,200000.0,20,32043478.260869566,-65.20223236
2026-10-05T11:03:25,,2400000000.0,1000000000.0,3,14,10,0.3647075465025815,0.3646939,723916799.9999994,6,64,37500000.0,15000000.0,200000.0,20,32065217.391304348,-65.07363129
2026-10-05T11:03:25,,2400000000.0,1000000000.0,3,14,10,0.3647075465025815,0.3646939,723916799.9999994,6,64,37500000.0,15000000.0,200000.0,20,32086956.52173913,-65.1855545
2026-10-05T11:03:25,,2400000000.0,1000000000.0,3,14,10,0.3647075465025815,0.3646939,723916799.9999994,6,64,37500000.0,15000000.0,200000.0,20,32108695.652173914,-65.59958649
2026-10-05T11:03:25,,2400000000.0,1000000000.0,3,14,10,0.3647075465025815,0.3646939,723916799.9999994,6,64,37500000.0,15000000.0,200000.0,20,32130434.782608695,-65.98065186
2026-10-05T11:03:25,,2400000000.0,1000000000.0,3,14,10,0.3647075465025815,0.3646939,723916799.9999994,6,64,37500000.0,15000000.0,200000.0,20,32152173.913043477,-65.35808563
2026-10-05T11:03:25,,2400000000.0,1000000000.0,3,14,10,0.3647075465025815,0.3646939,723916799.9999994,6,64,37500000.0,15000000.0,200000.0,20,32173913.04347826,-64.55197144
2026-10-05T11:03:25,,2400000000.0,1000000000.0,3,14,10,0.3647075465025815,0.3646939,723916799.9999994,6,64,37500000.0,15000000.0,200000.0,20,32195652.173913043,-63.86959839
2026-10-05T11:03:25,,2400000000.0,1000000000.0,3,14,10,0.3647075465025815,0.3646939,723916799.9999994,6,64,37500000.0,15000000.0,200000.0,20,32217391.304347828,-63.42685699
2026-10-05T11:03:25,,2400000000.0,1000000000.0,3,14,10,0.3647075465025815,0.3646939,723916799.9999994,6,64,37500000.0,15000000.0,200000.0,20,32239130.43478261,-63.15731812
2026-10-05T11:03:25,,2400000000.0,1000000000.0,3,14,10,0.3647075465025815,0.3646939,723916799.9999994,6,64,37500000.0,15000000.0,200000.0,20,32260869.56521739,-62.72886658
2026-10-05T11:03:25,,2400000000.0,1000000000.0,3,14,10,0.3647075465025815,0.3646939,723916799.9999994,6,64,37500000.0,15000000.0,200000.0,20,32282608.695652172,-62.24779892
2026-10-05T11:03:25,,2400000000.0,1000000000.0,3,14,10,0.3647075465025815,0.3646939,723916799.9999994,6,64,37500000.0,15000000.0,200000.0,20,32304347.826086957,-61.85613632
2026-10-05T11:03:25,,2400000000.0,1000000000.0,3,14,10,0.3647075465025815,0.3646939,723916799.9999994,6,64,37500000.0,15000000.0,200000.0,20,32326086.95652174,-60.87970352
2026-10-05T11:03:25,,2400000000.0,1000000000.0,3,14,10,0.3647075465025815,0.3646939,723916799.9999994,6,64,37500000.0,15000000.0,200000.0,20,32347826.086956523,-60.14319611
2026-10-05T11:03:25,,2400000000.0,1000000000.0,3,14,10,0.3647075465025815,0.3646939,723916799.9999994,6,64,37500000.0,15000000.0,200000.0,20,32369565.217391305,-59.82546997
2026-10-05T11:03:25,,2400000000.0,1000000000.0,3,14,10,0.3647075465025815,0.3646939,723916799.9999994,6,64,37500000.0,15000000.0,200000.0,20,32391304.347826086,-59.83377457
2026-10-05T11:03:25,,2400000000.0,1000000000.0,3,14,10,0.3647075465025815,0.3646939,723916799.9999994,6,64,37500000.0,15000000.0,200000.0,20,32413043.47826087,-59.8344841
2026-10-05T11:03:25,,2400000000.0,1000000000.0,3,14,10,0.3647075465025815,0.3646939,723916799.9999994,6,64,37500000.0,15000000.0,200000.0,20,32434782.608695652,-59.69714737
2026-10-05T11:03:25,,2400000000.0,1000000000.0,3,14,10,0.3647075465025815,0.3646939,723916799.9999994,6,64,37500000.0,15000000.0,200000.0,20,32456521.739130434,-59.74499512
2026-10-05T11:03:25,,2400000000.0,1000000000.0,3,14,10,0.3647075465025815,0.3646939,723916799.9999994,6,64,37500000.0,15000000.0,200000.0,20,32478260.86956522,-60.03181458
2026-10-05T11:03:25,,2400000000.0,1000000000.0,3,14,10,0.3647075465025815,0.3646939,723916799.9999994,6,64,37500000.0,15000000.0,200000.0,20,32500000.0,-60.59238434
2026-10-05T11:03:25,,2400000000.0,1000000000.0,3,14,10,0.3647075465025815,0.3646939,723916799.9999994,6,64,37500000.0,15000000.0,200000.0,20,32521739.13043478,-60.51397705
2026-10-05T11:03:25,,2400000000.0,1000000000.0,3,14,10,0.3647075465025815,0.3646939,723916799.9999994,6,64,37500000.0,15000000.0,200000.0,20,32543478.260869566,-60.61748886
2026-10-05T11:03:25,,2400000000.0,1000000000.0,3,14,10,0.3647075465025815,0.3646939,723916799.9999994,6,64,37500000.0,15000000.0,200000.0,20,32565217.391304348,-60.96348953
2026-10-05T11:03:25,,2400000000.0,1000000000.0,3,14,10,0.3647075465025815,0.3646939,723916799.9999994,6,64,37500000.0,15000000.0,200000.0,20,32586956.52173913,-61.46042252
2026-10-05T11:03:25,,2400000000.0,1000000000.0,3,14,10,0.3647075465025815,0.3646939,723916799.9999994,6,64,37500000.0,15000000.0,200000.0,20,32608695.652173914,-61.99854279
2026-10-05T11:03:25,,2400000000.0,1000000000.0,3,14,10,0.3647075465025815,0.3646939,723916799.9999994,6,64,37500000.0,15000000.0,200000.0,20,32630434.782608695,-62.49181747
2026-10-05T11:03:25,,2400000000.0,1000000000.0,3,14,10,0.3647075465025815,0.3646939,723916799.9999994,6,64,37500000.0,15000000.0,200000.0,20,32652173.913043477,-62.86476135
2026-10-05T11:03:25,,2400000000.0,1000000000.0,3,14,10,0.3647075465025815,0.3646939,723916799.9999994,6,64,37500000.0,15000000.0,200000.0,20,32673913.04347826,-62.41095352
2026-10-05T11:03:25,,2400000000.0,1000000000.0,3,14,10,0.3647075465025815,0.3646939,723916799.9999994,6,64,37500000.0,15000000.0,200000.0,20,32695652.173913043,-62.06028366
2026-10-05T11:03:25,,2400000000.0,1000000000.0,3,14,10,0.3647075465025815,0.3646939,723916799.9999994,6,64,37500000.0,15000000.0,200000.0,20,32717391.304347828,-61.99224854
2026-10-05T11:03:25,,2400000000.0,1000000000.0,3,14,10,0.3647075465025815,0.3646939,723916799.9999994,6,64,37500000.0,15000000.0,200000.0,20,32739130.43478261,-61.28318024
2026-10-05T11:03:25,,2400000000.0,1000000000.0,3,14,10,0.3647075465025815,0.3646939,723916799.9999994,6,64,37500000.0,15000000.0,200000.0,20,32760869.56521739,-60.64800644
2026-10-05T11:03:25,,2400000000.0,1000000000.0,3,14,10,0.3647075465025815,0.3646939,723916799.9999994,6,64,37500000.0,15000000.0,200000.0,20,32782608.695652172,-60.17147446
2026-10-05T11:03:25,,2400000000.0,1000000000.0,3,14,10,0.3647075465025815,0.3646939,723916799.9999994,6,64,37500000.0,15000000.0,200000.0,20,32804347.826086957,-59.84355545
2026-10-05T11:03:25,,2400000000.0,1000000000.0,3,14,10,0.3647075465025815,0.3646939,723916799.9999994,6,64,37500000.0,15000000.0,200000.0,20,32826086.95652174,-59.65336227
2026-10-05T11:03:25,,2400000000.0,1000000000.0,3,14,10,0.3647075465025815,0.3646939,723916799.9999994,6,64,37500000.0,15000000.0,200000.0,20,32847826.086956523,-59.5670166
2026-10-05T11:03:25,,2400000000.0,1000000000.0,3,14,10,0.3647075465025815,0.3646939,723916799.9999994,6,64,37500000.0,15000000.0,200000.0,20,32869565.217391305,-59.56425858
2026-10-05T11:03:25,,2400000000.0,1000000000.0,3,14,10,0.3647075465025815,0.3646939,723916799.9999994,6,64,37500000.0,15000000.0,200000.0,20,32891304.347826086,-59.65636826
2026-10-05T11:03:25,,2400000000.0,1000000000.0,3,14,10,0.3647075465025815,0.3646939,723916799.9999994,6,64,37500000.0,15000000.0,200000.0,20,32913043.47826087,-59.81012344
2026-10-05T11:03:25,,2400000000.0,1000000000.0,3,14,10,0.3647075465025815,0.3646939,723916799.9999994,6,64,37500000.0,15000000.0,200000.0,20,32934782.608695652,-59.96497345
2026-10-05T11:03:25,,2400000000.0,1000000000.0,3,14,10,0.3647075465025815,0.3646939,723916799.9999994,6,64,37500000.0,15000000.0,200000.0,20,32956521.739130434,-60.06002808
2026-10-05T11:03:25,,2400000000.0,1000000000.0,3,14,10,0.3647075465025815,0.3646939,723916799.9999994,6,64,37500000.0,15000000.0,200000.0,20,32978260.86956522,-59.84609222
2026-10-05T11:03:25,,2400000000.0,1000000000.0,3,14,10,0.3647075465025815,0.3646939,723916799.9999994,6,64,37500000.0,15000000.0,200000.0,20,33000000.0,-59.60785294
2026-10-05T11:03:25,,2400000000.0,1000000000.0,3,14,10,0.3647075465025815,0.3646939,723916799.9999994,6,64,37500000.0,15000000.0,200000.0,20,33021739.13043478,-59.30615234
2026-10-05T11:03:25,,2400000000.0,1000000000.0,3,14,10,0.3647075465025815,0.3646939,723916799.9999994,6,64,37500000.0,15000000.0,200000.0,20,33043478.260869566,-58.62229538
2026-10-05T11:03:25,,2400000000.0,1000000000.0,3,14,10,0.3647075465025815,0.3646939,723916799.9999994,6,64,37500000.0,15000000.0,200000.0,20,33065217.391304348,-58.08943176
2026-10-05T11:03:25,,2400000000.0,1000000000.0,3,14,10,0.3647075465025815,0.3646939,723916799.9999994,6,64,37500000.0,15000000.0,200000.0,20,33086956.52173913,-57.35189438
2026-10-05T11:03:25,,2400000000.0,1000000000.0,3,14,10,0.3647075465025815,0.3646939,723916799.9999994,6,64,37500000.0,15000000.0,200000.0,20,33108695.652173914,-56.30087662
2026-10-05T11:03:25,,2400000000.0,1000000000.0,3,14,10,0.3647075465025815,0.3646939,723916799.9999994,6,64,37500000.0,15000000.0,200000.0,20,33130434.782608695,-55.46900177
2026-10-05T11:03:25,,2400000000.0,1000000000.0,3,14,10,0.3647075465025815,0.3646939,723916799.9999994,6,64,37500000.0,15000000.0,200000.0,20,33152173.913043477,-54.89463043
2026-10-05T11:03:25,,2400000000.0,1000000000.0,3,14,10,0.3647075465025815,0.3646939,723916799.9999994,6,64,37500000.0,15000000.0,200000.0,20,33173913.04347826,-54.55215836
2026-10-05T11:03:25,,2400000000.0,1000000000.0,3,14,10,0.3647075465025815,0.3646939,723916799.9999994,6,64,37500000.0,15000000.0,200000.0,20,33195652.173913043,-54.42357635
2026-10-05T11:03:25,,2400000000.0,1000000000.0,3,14,10,0.3647075465025815,0.3646939,723916799.9999994,6,64,37500000.0,15000000.0,200000.0,20,33217391.304347828,-54.50074768
2026-10-05T11:03:25,,2400000000.0,1000000000.0,3,14,10,0.3647075465025815,0.3646939,723916799.9999994,6,64,37500000.0,15000000.0,200000.0,20,33239130.43478261,-54.78167725
2026-10-05T11:03:25,,2400000000.0,1000000000.0,3,14,10,0.3647075465025815,0.3646939,723916799.9999994,6,64,37500000.0,15000000.0,200000.0,20,33260869.56521739,-55.26355743
2026-10-05T11:03:25,,2400000000.0,1000000000.0,3,14,10,0.3647075465025815,0.3646939,723916799.9999994,6,64,37500000.0,15000000.0,200000.0,20,33282608.695652172,-55.92842484
2026-10-05T11:03:25,,2400000000.0,1000000000.0,3,14,10,0.3647075465025815,0.3646939,723916799.9999994,6,64,37500000.0,15000000.0,200000.0,20,33304347.826086957,-56.62331009
2026-10-05T11:03:25,,2400000000.0,1000000000.0,3,14,10,0.3647075465025815,0.3646939,723916799.9999994,6,64,37500000.0,15000000.0,200000.0,20,33326086.95652174,-57.15499878
2026-10-05T11:03:25,,2400000000.0,1000000000.0,3,14,10,0.3647075465025815,0.3646939,723916799.9999994,6,64,37500000.0,15000000.0,200000.0,20,33347826.086956523,-57.80529404
2026-10-05T11:03:25,,2400000000.0,1000000000.0,3,14,10,0.3647075465025815,0.3646939,723916799.9999994,6,64,37500000.0,15000000.0,200000.0,20,33369565.217391305,-58.63151932
2026-10-05T11:03:25,,2400000000.0,1000000000.0,3,14,10,0.3647075465025815,0.3646939,723916799.9999994,6,64,37500000.0,15000000.0,200000.0,20,33391304.347826086,-59.56575775
2026-10-05T11:03:25,,2400000000.0,1000000000.0,3,14,10,0.3647075465025815,0.3646939,723916799.9999994,6,64,37500000.0,15000000.0,200000.0,20,33413043.47826087,-60.58712387
2026-10-05T11:03:25,,2400000000.0,1000000000.0,3,14,10,0.3647075465025815,0.3646939,723916799.9999994,6,64,37500000.0,15000000.0,200000.0,20,33434782.608695652,-61.52279663
2026-10-05T11:03:25,,2400000000.0,1000000000.0,3,14,10,0.3647075465025815,0.3646939,723916799.9999994,6,64,37500000.0,15000000.0,200000.0,20,33456521.739130434,-61.25201035
2026-10-05T11:03:25,,2400000000.0,1000000000.0,3,14,10,0.3647075465025815,0.3646939,723916799.9999994,6,64,37500000.0,15000000.0,200000.0,20,33478260.86956522,-61.54895782
2026-10-05T11:03:25,,2400000000.0,1000000000.0,3,14,10,0.3647075465025815,0.3646939,723916799.9999994,6,64,37500000.0,15000000.0,200000.0,20,33500000.0,-62.07581329
2026-10-05T11:03:25,,2400000000.0,1000000000.0,3,14,10,0.3647075465025815,0.3646939,723916799.9999994,6,64,37500000.0,15000000.0,200000.0,20,33521739.13043478,-63.37823486
2026-10-05T11:03:25,,2400000000.0,1000000000.0,3,14,10,0.3647075465025815,0.3646939,723916799.9999994,6,64,37500000.0,15000000.0,200000.0,20,33543478.260869566,-62.75246429
2026-10-05T11:03:25,,2400000000.0,1000000000.0,3,14,10,0.3647075465025815,0.3646939,723916799.9999994,6,64,37500000.0,15000000.0,200000.0,20,33565217.391304344,-62.4973793
2026-10-05T11:03:25,,2400000000.0,1000000000.0,3,14,10,0.3647075465025815,0.3646939,723916799.9999994,6,64,37500000.0,15000000.0,200000.0,20,33586956.52173913,-63.0904808
2026-10-05T11:03:25,,2400000000.0,1000000000.0,3,14,10,0.3647075465025815,0.3646939,723916799.9999994,6,64,37500000.0,15000000.0,200000.0,20,33608695.652173914,-61.40567017
2026-10-05T11:03:25,,2400000000.0,1000000000.0,3,14,10,0.3647075465025815,0.3646939,723916799.9999994,6,64,37500000.0,15000000.0,200000.0,20,33630434.782608695,-60.74873352
2026-10-05T11:03:25,,2400000000.0,1000000000.0,3,14,10,0.3647075465025815,0.3646939,723916799.9999994,6,64,37500000.0,15000000.0,200000.0,20,33652173.91304348,-60.33599091
2026-10-05T11:03:25,,2400000000.0,1000000000.0,3,14,10,0.3647075465025815,0.3646939,723916799.9999994,6,64,37500000.0,15000000.0,200000.0,20,33673913.04347826,-60.01935577
2026-10-05T11:03:25,,2400000000.0,1000000000.0,3,14,10,0.3647075465025815,0.3646939,723916799.9999994,6,64,37500000.0,15000000.0,200000.0,20,33695652.17391305,-59.68318558
2026-10-05T11:03:25,,2400000000.0,1000000000.0,3,14,10,0.3647075465025815,0.3646939,723916799.9999994,6,64,37500000.0,15000000.0,200000.0,20,33717391.30434783,-59.23958969
2026-10-05T11:03:25,,2400000000.0,1000000000.0,3,14,10,0.3647075465025815,0.3646939,723916799.9999994,6,64,37500000.0,15000000.0,200000.0,20,33739130.43478261,-58.67963791
2026-10-05T11:03:25,,2400000000.0,1000000000.0,3,14,10,0.3647075465025815,0.3646939,723916799.9999994,6,64,37500000.0,15000000.0,200000.0,20,33760869.56521739,-58.08092117
2026-10-05T11:03:25,,2400000000.0,1000000000.0,3,14,10,0.3647075465025815,0.3646939,723916799.9999994,6,64,37500000.0,15000000.0,200000.0,20,33782608.69565217,-57.47850418
2026-10-05T11:03:25,,2400000000.0,1000000000.0,3,14,10,0.3647075465025815,0.3646939,723916799.9999994,6,64,37500000.0,15000000.0,200000.0,20,33804347.82608695,-56.88072586
2026-10-05T11:03:25,,2400000000.0,1000000000.0,3,14,10,0.3647075465025815,0.3646939,723916799.9999994,6,64,37500000.0,15000000.0,200000.0,20,33826086.95652174,-56.33018494
2026-10-05T11:03:25,,2400000000.0,1000000000.0,3,14,10,0.3647075465025815,0.3646939,723916799.9999994,6,64,37500000.0,15000000.0,200000.0,20,33847826.08695652,-55.91902161
2026-10-05T11:03:25,,2400000000.0,1000000000.0,3,14,10,0.3647075465025815,0.3646939,723916799.9999994,6,64,37500000.0,15000000.0,200000.0,20,33869565.217391305,-55.68918228
2026-10-05T11:03:25,,2400000000.0,1000000000.0,3,14,10,0.3647075465025815,0.3646939,723916799.9999994,6,64,37500000.0,15000000.0,200000.0,20,33891304.347826086,-55.64734268
2026-10-05T11:03:25,,2400000000.0,1000000000.0,3,14,10,0.3647075465025815,0.3646939,723916799.9999994,6,64,37500000.0,15000000.0,200000.0,20,33913043.47826087,-55.65674591
2026-10-05T11:03:25,,2400000000.0,1000000000.0,3,14,10,0.3647075465025815,0.3646939,723916799.9999994,6,64,37500000.0,15000000.0,200000.0,20,33934782.608695656,-55.18331528
2026-10-05T11:03:25,,2400000000.0,1000000000.0,3,14,10,0.3647075465025815,0.3646939,723916799.9999994,6,64,37500000.0,15000000.0,200000.0,20,33956521.73913044,-54.94568634
2026-10-05T11:03:25,,2400000000.0,1000000000.0,3,14,10,0.3647075465025815,0.3646939,723916799.9999994,6,64,37500000.0,15000000.0,200000.0,20,33978260.86956522,-54.85166931
2026-10-05T11:03:25,,2400000000.0,1000000000.0,3,14,10,0.3647075465025815,0.3646939,723916799.9999994,6,64,37500000.0,15000000.0,200000.0,20,34000000.0,-55.15303802
2026-10-05T11:03:25,,2400000000.0,1000000000.0,3,14,10,0.3647075465025815,0.3646939,723916799.9999994,6,64,37500000.0,15000000.0,200000.0,20,34021739.13043478,-54.20815277
2026-10-05T11:03:25,,2400000000.0,1000000000.0,3,14,10,0.3647075465025815,0.3646939,723916799.9999994,6,64,37500000.0,15000000.0,200000.0,20,34043478.26086956,-53.27329254
2026-10-05T11:03:25,,2400000000.0,1000000000.0,3,14,10,0.3647075465025815,0.3646939,723916799.9999994,6,64,37500000.0,15000000.0,200000.0,20,34065217.391304344,-52.66557312
2026-10-05T11:03:25,,2400000000.0,1000000000.0,3,14,10,0.3647075465025815,0.3646939,723916799.9999994,6,64,37500000.0,15000000.0,200000.0,20,34086956.52173913,-52.23537445
2026-10-05T11:03:25,,2400000000.0,1000000000.0,3,14,10,0.3647075465025815,0.3646939,723916799.9999994,6,64,37500000.0,15000000.0,200000.0,20,34108695.652173914,-51.94351578
2026-10-05T11:03:25,,2400000000.0,1000000000.0,3,14,10,0.3647075465025815,0.3646939,723916799.9999994,6,64,37500000.0,15000000.0,200000.0,20,34130434.782608695,-51.68600082
2026-10-05T11:03:25,,2400000000.0,1000000000.0,3,14,10,0.3647075465025815,0.3646939,723916799.9999994,6,64,37500000.0,15000000.0,200000.0,20,34152173.91304348,-51.5220108
2026-10-05T11:03:25,,2400000000.0,1000000000.0,3,14,10,0.3647075465025815,0.3646939,723916799.9999994,6,64,37500000.0,15000000.0,200000.0,20,34173913.04347826,-51.59811783
2026-10-05T11:03:25,,2400000000.0,1000000000.0,3,14,10,0.3647075465025815,0.3646939,723916799.9999994,6,64,37500000.0,15000000.0,200000.0,20,34195652.17391305,-52.19519043
2026-10-05T11:03:25,,2400000000.0,1000000000.0,3,14,10,0.3647075465025815,0.3646939,723916799.9999994,6,64,37500000.0,15000000.0,200000.0,20,34217391.30434783,-52.02517319
2026-10-05T11:03:25,,2400000000.0,1000000000.0,3,14,10,0.3647075465025815,0.3646939,723916799.9999994,6,64,37500000.0,15000000.0,200000.0,20,34239130.43478261,-52.03641891
2026-10-05T11:03:25,,2400000000.0,1000000000.0,3,14,10,0.3647075465025815,0.3646939,723916799.9999994,6,64,37500000.0,15000000.0,200000.0,20,34260869.56521739,-52.51457214
2026-10-05T11:03:25,,2400000000.0,1000000000.0,3,14,10,0.3647075465025815,0.3646939,723916799.9999994,6,64,37500000.0,15000000.0,200000.0,20,34282608.69565217,-51.97830582
2026-10-05T11:03:25,,2400000000.0,1000000000.0,3,14,10,0.3647075465025815,0.3646939,723916799.9999994,6,64,37500000.0,15000000.0,200000.0,20,34304347.82608695,-51.38941574
2026-10-05T11:03:25,,2400000000.0,1000000000.0,3,14,10,0.3647075465025815,0.3646939,723916799.9999994,6,64,37500000.0,15000000.0,200000.0,20,34326086.95652174,-50.9095459
2026-10-05T11:03:25,,2400000000.0,1000000000.0,3,14,10,0.3647075465025815,0.3646939,723916799.9999994,6,64,37500000.0,15000000.0,200000.0,20,34347826.08695652,-50.49009705
2026-10-05T11:03:25,,2400000000.0,1000000000.0,3,14,10,0.3647075465025815,0.3646939,723916799.9999994,6,64,37500000.0,15000000.0,200000.0,20,34369565.217391305,-50.17948532
2026-10-05T11:03:25,,2400000000.0,1000000000.0,3,14,10,0.3647075465025815,0.3646939,723916799.9999994,6,64,37500000.0,15000000.0,200000.0,20,34391304.347826086,-50.09620667
2026-10-05T11:03:25,,2400000000.0,1000000000.0,3,14,10,0.3647075465025815,0.3646939,723916799.9999994,6,64,37500000.0,15000000.0,200000.0,20,34413043.47826087,-49.87019348
2026-10-05T11:03:25,,2400000000.0,1000000000.0,3,14,10,0.3647075465025815,0.3646939,723916799.9999994,6,64,37500000.0,15000000.0,200000.0,20,34434782.608695656,-49.62374115
2026-10-05T11:03:25,,2400000000.0,1000000000.0,3,14,10,0.3647075465025815,0.3646939,723916799.9999994,6,64,37500000.0,15000000.0,200000.0,20,34456521.73913044,-49.79219437
2026-10-05T11:03:25,,2400000000.0,1000000000.0,3,14,10,0.3647075465025815,0.3646939,723916799.9999994,6,64,37500000.0,15000000.0,200000.0,20,34478260.86956522,-50.39848328
2026-10-05T11:03:25,,2400000000.0,1000000000.0,3,14,10,0.3647075465025815,0.3646939,723916799.9999994,6,64,37500000.0,15000000.0,200000.0,20,34500000.0,-51.38048553
2026-10-05T11:03:25,,2400000000.0,1000000000.0,3,14,10,0.3647075465025815,0.3646939,723916799.9999994,6,64,37500000.0,15000000.0,200000.0,20,34521739.13043478,-50.42149353
2026-10-05T11:03:25,,2400000000.0,1000000000.0,3,14,10,0.3647075465025815,0.3646939,723916799.9999994,6,64,37500000.0,15000000.0,200000.0,20,34543478.26086956,-49.89137268
2026-10-05T11:03:25,,2400000000.0,1000000000.0,3,14,10,0.3647075465025815,0.3646939,723916799.9999994,6,64,37500000.0,15000000.0,200000.0,20,34565217.391304344,-49.59406662
2026-10-05T11:03:25,,2400000000.0,1000000000.0,3,14,10,0.3647075465025815,0.3646939,723916799.9999994,6,64,37500000.0,15000000.0,200000.0,20,34586956.52173913,-49.54607773
2026-10-05T11:03:25,,2400000000.0,1000000000.0,3,14,10,0.3647075465025815,0.3646939,723916799.9999994,6,64,37500000.0,15000000.0,200000.0,20,34608695.652173914,-49.64785385
2026-10-05T11:03:25,,2400000000.0,1000000000.0,3,14,10,0.3647075465025815,0.3646939,723916799.9999994,6,64,37500000.0,15000000.0,200000.0,20,34630434.782608695,-49.37133026
2026-10-05T11:03:25,,2400000000.0,1000000000.0,3,14,10,0.3647075465025815,0.3646939,723916799.9999994,6,64,37500000.0,15000000.0,200000.0,20,34652173.91304348,-48.2989502
2026-10-05T11:03:25,,2400000000.0,1000000000.0,3,14,10,0.3647075465025815,0.3646939,723916799.9999994,6,64,37500000.0,15000000.0,200000.0,20,34673913.04347826,-47.9467659
2026-10-05T11:03:25,,2400000000.0,1000000000.0,3,14,10,0.3647075465025815,0.3646939,723916799.9999994,6,64,37500000.0,15000000.0,200000.0,20,34695652.17391305,-48.06579208
2026-10-05T11:03:25,,2400000000.0,1000000000.0,3,14,10,0.3647075465025815,0.3646939,723916799.9999994,6,64,37500000.0,15000000.0,200000.0,20,34717391.30434783,-47.49744797
2026-10-05T11:03:25,,2400000000.0,1000000000.0,3,14,10,0.3647075465025815,0.3646939,723916799.9999994,6,64,37500000.0,15000000.0,200000.0,20,34739130.43478261,-46.35183716
2026-10-05T11:03:25,,2400000000.0,1000000000.0,3,14,10,0.3647075465025815,0.3646939,723916799.9999994,6,64,37500000.0,15000000.0,200000.0,20,34760869.56521739,-45.35697174
2026-10-05T11:03:25,,2400000000.0,1000000000.0,3,14,10,0.3647075465025815,0.3646939,723916799.9999994,6,64,37500000.0,15000000.0,200000.0,20,34782608.69565217,-44.60254288
2026-10-05T11:03:25,,2400000000.0,1000000000.0,3,14,10,0.3647075465025815,0.3646939,723916799.9999994,6,64,37500000.0,15000000.0,200000.0,20,34804347.82608695,-43.97317886
2026-10-05T11:03:25,,2400000000.0,1000000000.0,3,14,10,0.3647075465025815,0.3646939,723916799.9999994,6,64,37500000.0,15000000.0,200000.0,20,34826086.95652174,-43.36723328
2026-10-05T11:03:25,,2400000000.0,1000000000.0,3,14,10,0.3647075465025815,0.3646939,723916799.9999994,6,64,37500000.0,15000000.0,200000.0,20,34847826.08695652,-42.72902298
2026-10-05T11:03:25,,2400000000.0,1000000000.0,3,14,10,0.3647075465025815,0.3646939,723916799.9999994,6,64,37500000.0,15000000.0,200000.0,20,34869565.217391305,-42.00407791
2026-10-05T11:03:25,,2400000000.0,1000000000.0,3,14,10,0.3647075465025815,0.3646939,723916799.9999994,6,64,37500000.0,15000000.0,200000.0,20,34891304.347826086,-41.4395752
2026-10-05T11:03:25,,2400000000.0,1000000000.0,3,14,10,0.3647075465025815,0.3646939,723916799.9999994,6,64,37500000.0,15000000.0,200000.0,20,34913043.47826087,-40.13863373
2026-10-05T11:03:25,,2400000000.0,1000000000.0,3,14,10,0.3647075465025815,0.3646939,723916799.9999994,6,64,37500000.0,15000000.0,200000.0,20,34934782.608695656,-38.75788498
2026-10-05T11:03:25,,2400000000.0,1000000000.0,3,14,10,0.3647075465025815,0.3646939,723916799.9999994,6,64,37500000.0,15000000.0,200000.0,20,34956521.73913044,-37.71775055
2026-10-05T11:03:25,,2400000000.0,1000000000.0,3,14,10,0.3647075465025815,0.3646939,723916799.9999994,6,64,37500000.0,15000000.0,200000.0,20,34978260.86956522,-36.91157532
2026-10-05T11:03:25,,2400000000.0,1000000000.0,3,14,10,0.3647075465025815,0.3646939,723916799.9999994,6,64,37500000.0,15000000.0,200000.0,20,35000000.0,-36.37240219
2026-10-05T11:03:25,,2400000000.0,1000000000.0,3,14,10,0.3647075465025815,0.3646939,723916799.9999994,6,64,37500000.0,15000000.0,200000.0,20,35021739.13043478,-36.1265831
2026-10-05T11:03:25,,2400000000.0,1000000000.0,3,14,10,0.3647075465025815,0.3646939,723916799.9999994,6,64,37500000.0,15000000.0,200000.0,20,35043478.26086956,-36.19390869
2026-10-05T11:03:25,,2400000000.0,1000000000.0,3,14,10,0.3647075465025815,0.3646939,723916799.9999994,6,64,37500000.0,15000000.0,200000.0,20,35065217.391304344,-36.61221313
2026-10-05T11:03:25,,2400000000.0,1000000000.0,3,14,10,0.3647075465025815,0.3646939,723916799.9999994,6,64,37500000.0,15000000.0,200000.0,20,35086956.52173913,-37.33605194
2026-10-05T11:03:25,,2400000000.0,1000000000.0,3,14,10,0.3647075465025815,0.3646939,723916799.9999994,6,64,37500000.0,15000000.0,200000.0,20,35108695.652173914,-37.47834778
2026-10-05T11:03:25,,2400000000.0,1000000000.0,3,14,10,0.3647075465025815,0.3646939,723916799.9999994,6,64,37500000.0,15000000.0,200000.0,20,35130434.782608695,-37.91000748
2026-10-05T11:03:25,,2400000000.0,1000000000.0,3,14,10,0.3647075465025815,0.3646939,723916799.9999994,6,64,37500000.0,15000000.0,200000.0,20,35152173.91304348,-38.62397766
2026-10-05T11:03:25,,2400000000.0,1000000000.0,3,14,10,0.3647075465025815,0.3646939,723916799.9999994,6,64,37500000.0,15000000.0,200000.0,20,35173913.04347826,-39.51192093
2026-10-05T11:03:25,,2400000000.0,1000000000.0,3,14,10,0.3647075465025815,0.3646939,723916799.9999994,6,64,37500000.0,15000000.0,200000.0,20,35195652.17391305,-40.38593292
2026-10-05T11:03:25,,2400000000.0,1000000000.0,3,14,10,0.3647075465025815,0.3646939,723916799.9999994,6,64,37500000.0,15000000.0,200000.0,20,35217391.30434783,-40.94681931
2026-10-05T11:03:25,,2400000000.0,1000000000.0,3,14,10,0.3647075465025815,0.3646939,723916799.9999994,6,64,37500000.0,15000000.0,200000.0,20,35239130.43478261,-41.41159058
2026-10-05T11:03:25,,2400000000.0,1000000000.0,3,14,10,0.3647075465025815,0.3646939,723916799.9999994,6,64,37500000.0,15000000.0,200000.0,20,35260869.56521739,-41.79982376
2026-10-05T11:03:25,,2400000000.0,1000000000.0,3,14,10,0.3647075465025815,0.3646939,723916799.9999994,6,64,37500000.0,15000000.0,200000.0,20,35282608.69565217,-41.80098343
2026-10-05T11:03:25,,2400000000.0,1000000000.0,3,14,10,0.3647075465025815,0.3646939,723916799.9999994,6,64,37500000.0,15000000.0,200000.0,20,35304347.82608695,-41.47867203
2026-10-05T11:03:25,,2400000000.0,1000000000.0,3,14,10,0.3647075465025815,0.3646939,723916799.9999994,6,64,37500000.0,15000000.0,200000.0,20,35326086.95652174,-41.20188904
2026-10-05T11:03:25,,2400000000.0,1000000000.0,3,14,10,0.3647075465025815,0.3646939,723916799.9999994,6,64,37500000.0,15000000.0,200000.0,20,35347826.08695652,-41.01054764
2026-10-05T11:03:25,,2400000000.0,1000000000.0,3,14,10,0.3647075465025815,0.3646939,723916799.9999994,6,64,37500000.0,15000000.0,200000.0,20,35369565.217391305,-40.88510895
2026-10-05T11:03:25,,2400000000.0,1000000000.0,3,14,10,0.3647075465025815,0.3646939,723916799.9999994,6,64,37500000.0,15000000.0,200000.0,20,35391304.347826086,-40.84326553
2026-10-05T11:03:25,,2400000000.0,1000000000.0,3,14,10,0.3647075465025815,0.3646939,723916799.9999994,6,64,37500000.0,15000000.0,200000.0,20,35413043.47826087,-40.91636276
2026-10-05T11:03:25,,2400000000.0,1000000000.0,3,14,10,0.3647075465025815,0.3646939,723916799.9999994,6,64,37500000.0,15000000.0,200000.0,20,35434782.608695656,-41.10356903
2026-10-05T11:03:25,,2400000000.0,1000000000.0,3,14,10,0.3647075465025815,0.3646939,723916799.9999994,6,64,37500000.0,15000000.0,200000.0,20,35456521.73913044,-41.29852295
2026-10-05T11:03:25,,2400000000.0,1000000000.0,3,14,10,0.3647075465025815,0.3646939,723916799.9999994,6,64,37500000.0,15000000.0,200000.0,20,35478260.86956522,-41.23484039
2026-10-05T11:03:25,,2400000000.0,1000000000.0,3,14,10,0.3647075465025815,0.3646939,723916799.9999994,6,64,37500000.0,15000000.0,200000.0,20,35500000.0,-41.20695877
2026-10-05T11:03:25,,2400000000.0,1000000000.0,3,14,10,0.3647075465025815,0.3646939,723916799.9999994,6,64,37500000.0,15000000.0,200000.0,20,35521739.13043478,-41.39813995
2026-10-05T11:03:25,,2400000000.0,1000000000.0,3,14,10,0.3647075465025815,0.3646939,723916799.9999994,6,64,37500000.0,15000000.0,200000.0,20,35543478.26086956,-41.73299408
2026-10-05T11:03:25,,2400000000.0,1000000000.0,3,14,10,0.3647075465025815,0.3646939,723916799.9999994,6,64,37500000.0,15000000.0,200000.0,20,35565217.391304344,-41.9842453
2026-10-05T11:03:25,,2400000000.0,1000000000.0,3,14,10,0.3647075465025815,0.3646939,723916799.9999994,6,64,37500000.0,15000000.0,200000.0,20,35586956.52173913,-42.10443115
2026-10-05T11:03:25,,2400000000.0,1000000000.0,3,14,10,0.3647075465025815,0.3646939,723916799.9999994,6,64,37500000.0,15000000.0,200000.0,20,35608695.652173914,-42.10700989
2026-10-05T11:03:25,,2400000000.0,1000000000.0,3,14,10,0.3647075465025815,0.3646939,723916799.9999994,6,64,37500000.0,15000000.0,200000.0,20,35630434.782608695,-41.75323486
2026-10-05T11:03:25,,2400000000.0,1000000000.0,3,14,10,0.3647075465025815,0.3646939,723916799.9999994,6,64,37500000.0,15000000.0,200000.0,20,35652173.91304348,-41.1657486
2026-10-05T11:03:25,,2400000000.0,1000000000.0,3,14,10,0.3647075465025815,0.3646939,723916799.9999994,6,64,37500000.0,15000000.0,200000.0,20,35673913.04347826,-40.59807205
2026-10-05T11:03:25,,2400000000.0,1000000000.0,3,14,10,0.3647075465025815,0.3646939,723916799.9999994,6,64,37500000.0,15000000.0,200000.0,20,35695652.17391305,-40.11625671
2026-10-05T11:03:25,,2400000000.0,1000000000.0,3,14,10,0.3647075465025815,0.3646939,723916799.9999994,6,64,37500000.0,15000000.0,200000.0,20,35717391.30434783,-39.7436409
2026-10-05T11:03:25,,2400000000.0,1000000000.0,3,14,10,0.3647075465025815,0.3646939,723916799.9999994,6,64,37500000.0,15000000.0,200000.0,20,35739130.43478261,-39.48440933
2026-10-05T11:03:25,,2400000000.0,1000000000.0,3,14,10,0.3647075465025815,0.3646939,723916799.9999994,6,64,37500000.0,15000000.0,200000.0,20,35760869.56521739,-39.34513855
2026-10-05T11:03:25,,2400000000.0,1000000000.0,3,14,10,0.3647075465025815,0.3646939,723916799.9999994,6,64,37500000.0,15000000.0,200000.0,20,35782608.69565217,-39.33096313
2026-10-05T11:03:25,,2400000000.0,1000000000.0,3,14,10,0.3647075465025815,0.3646939,723916799.9999994,6,64,37500000.0,15000000.0,200000.0,20,35804347.82608695,-39.39658737
2026-10-05T11:03:25,,2400000000.0,1000000000.0,3,14,10,0.3647075465025815,0.3646939,723916799.9999994,6,64,37500000.0,15000000.0,200000.0,20,35826086.95652174,-39.46313858
2026-10-05T11:03:25,,2400000000.0,1000000000.0,3,14,10,0.3647075465025815,0.3646939,723916799.9999994,6,64,37500000.0,15000000.0,200000.0,20,35847826.08695652,-39.56068039
2026-10-05T11:03:25,,2400000000.0,1000000000.0,3,14,10,0.3647075465025815,0.3646939,723916799.9999994,6,64,37500000.0,15000000.0,200000.0,20,35869565.217391305,-39.5997467
2026-10-05T11:03:25,,2400000000.0,1000000000.0,3,14,10,0.3647075465025815,0.3646939,723916799.9999994,6,64,37500000.0,15000000.0,200000.0,20,35891304.347826086,-39.58246994
2026-10-05T11:03:25,,2400000000.0,1000000000.0,3,14,10,0.3647075465025815,0.3646939,723916799.9999994,6,64,37500000.0,15000000.0,200000.0,20,35913043.47826087,-39.68644714
2026-10-05T11:03:25,,2400000000.0,1000000000.0,3,14,10,0.3647075465025815,0.3646939,723916799.9999994,6,64,37500000.0,15000000.0,200000.0,20,35934782.608695656,-39.98720169
2026-10-05T11:03:25,,2400000000.0,1000000000.0,3,14,10,0.3647075465025815,0.3646939,723916799.9999994,6,64,37500000.0,15000000.0,200000.0,20,35956521.73913044,-40.00782776
2026-10-05T11:03:25,,2400000000.0,1000000000.0,3,14,10,0.3647075465025815,0.3646939,723916799.9999994,6,64,37500000.0,15000000.0,200000.0,20,35978260.86956522,-39.19918823
2026-10-05T11:03:25,,2400000000.0,1000000000.0,3,14,10,0.3647075465025815,0.3646939,723916799.9999994,6,64,37500000.0,15000000.0,200000.0,20,36000000.0,-37.71014023
2026-10-05T11:03:25,,2400000000.0,1000000000.0,3,14,10,0.3647075465025815,0.3646939,723916799.9999994,6,64,37500000.0,15000000.0,200000.0,20,36021739.13043478,-36.85508728
2026-10-05T11:03:25,,2400000000.0,1000000000.0,3,14,10,0.3647075465025815,0.3646939,723916799.9999994,6,64,37500000.0,15000000.0,200000.0,20,36043478.26086956,-35.92189407
2026-10-05T11:03:25,,2400000000.0,1000000000.0,3,14,10,0.3647075465025815,0.3646939,723916799.9999994,6,64,37500000.0,15000000.0,200000.0,20,36065217.391304344,-35.15202713
2026-10-05T11:03:25,,2400000000.0,1000000000.0,3,14,10,0.3647075465025815,0.3646939,723916799.9999994,6,64,37500000.0,15000000.0,200000.0,20,36086956.52173913,-34.63328171
2026-10-05T11:03:25,,2400000000.0,1000000000.0,3,14,10,0.3647075465025815,0.3646939,723916799.9999994,6,64,37500000.0,15000000.0,200000.0,20,36108695.652173914,-34.31348419
2026-10-05T11:03:25,,2400000000.0,1000000000.0,3,14,10,0.3647075465025815,0.3646939,723916799.9999994,6,64,37500000.0,15000000.0,200000.0,20,36130434.782608695,-34.12246704
2026-10-05T11:03:25,,2400000000.0,1000000000.0,3,14,10,0.3647075465025815,0.3646939,723916799.9999994,6,64,37500000.0,15000000.0,200000.0,20,36152173.91304348,-33.97091675
2026-10-05T11:03:25,,2400000000.0,1000000000.0,3,14,10,0.3647075465025815,0.3646939,723916799.9999994,6,64,37500000.0,15000000.0,200000.0,20,36173913.04347826,-33.89707947
2026-10-05T11:03:25,,2400000000.0,1000000000.0,3,14,10,0.3647075465025815,0.3646939,723916799.9999994,6,64,37500000.0,15000000.0,200000.0,20,36195652.17391305,-33.96239853
2026-10-05T11:03:25,,2400000000.0,1000000000.0,3,14,10,0.3647075465025815,0.3646939,723916799.9999994,6,64,37500000.0,15000000.0,200000.0,20,36217391.30434783,-34.13549423
2026-10-05T11:03:25,,2400000000.0,1000000000.0,3,14,10,0.3647075465025815,0.3646939,723916799.9999994,6,64,37500000.0,15000000.0,200000.0,20,36239130.43478261,-34.4239006
2026-10-05T11:03:25,,2400000000.0,1000000000.0,3,14,10,0.3647075465025815,0.3646939,723916799.9999994,6,64,37500000.0,15000000.0,200000.0,20,36260869.56521739,-34.91144943
2026-10-05T11:03:25,,2400000000.0,1000000000.0,3,14,10,0.3647075465025815,0.3646939,723916799.9999994,6,64,37500000.0,15000000.0,200000.0,20,36282608.69565217,-35.65065002
2026-10-05T11:03:25,,2400000000.0,1000000000.0,3,14,10,0.3647075465025815,0.3646939,723916799.9999994,6,64,37500000.0,15000000.0,200000.0,20,36304347.82608695,-35.86219406
2026-10-05T11:03:25,,2400000000.0,1000000000.0,3,14,10,0.3647075465025815,0.3646939,723916799.9999994,6,64,37500000.0,15000000.0,200000.0,20,36326086.95652174,-36.01307678
2026-10-05T11:03:25,,2400000000.0,1000000000.0,3,14,10,0.3647075465025815,0.3646939,723916799.9999994,6,64,37500000.0,15000000.0,200000.0,20,36347826.08695652,-36.25621033
2026-10-05T11:03:25,,2400000000.0,1000000000.0,3,14,10,0.3647075465025815,0.3646939,723916799.9999994,6,64,37500000.0,15000000.0,200000.0,20,36369565.217391305,-35.93857956
2026-10-05T11:03:25,,2400000000.0,1000000000.0,3,14,10,0.3647075465025815,0.3646939,723916799.9999994,6,64,37500000.0,15000000.0,200000.0,20,36391304.347826086,-35.43924713
2026-10-05T11:03:25,,2400000000.0,1000000000.0,3,14,10,0.3647075465025815,0.3646939,723916799.9999994,6,64,37500000.0,15000000.0,200000.0,20,36413043.47826087,-35.14176178
2026-10-05T11:03:25,,2400000000.0,1000000000.0,3,14,10,0.3647075465025815,0.3646939,723916799.9999994,6,64,37500000.0,15000000.0,200000.0,20,36434782.608695656,-35.00820923
2026-10-05T11:03:25,,2400000000.0,1000000000.0,3,14,10,0.3647075465025815,0.3646939,723916799.9999994,6,64,37500000.0,15000000.0,200000.0,20,36456521.73913044,-35.02596664
2026-10-05T11:03:25,,2400000000.0,1000000000.0,3,14,10,0.3647075465025815,0.3646939,723916799.9999994,6,64,37500000.0,15000000.0,200000.0,20,36478260.86956522,-35.19034195
2026-10-05T11:03:25,,2400000000.0,1000000000.0,3,14,10,0.3647075465025815,0.3646939,723916799.9999994,6,64,37500000.0,15000000.0,200000.0,20,36500000.0,-35.48784256
2026-10-05T11:03:25,,2400000000.0,1000000000.0,3,14,10,0.3647075465025815,0.3646939,723916799.9999994,6,64,37500000.0,15000000.0,200000.0,20,36521739.13043478,-35.8960762
2026-10-05T11:03:25,,2400000000.0,1000000000.0,3,14,10,0.3647075465025815,0.3646939,723916799.9999994,6,64,37500000.0,15000000.0,200000.0,20,36543478.26086956,-36.38309479
2026-10-05T11:03:25,,2400000000.0,1000000000.0,3,14,10,0.3647075465025815,0.3646939,723916799.9999994,6,64,37500000.0,15000000.0,200000.0,20,36565217.391304344,-36.8264122
2026-10-05T11:03:25,,2400000000.0,1000000000.0,3,14,10,0.3647075465025815,0.3646939,723916799.9999994,6,64,37500000.0,15000000.0,200000.0,20,36586956.52173913,-36.92767334
2026-10-05T11:03:25,,2400000000.0,1000000000.0,3,14,10,0.3647075465025815,0.3646939,723916799.9999994,6,64,37500000.0,15000000.0,200000.0,20,36608695.652173914,-36.55280304
2026-10-05T11:03:25,,2400000000.0,1000000000.0,3,14,10,0.3647075465025815,0.3646939,723916799.9999994,6,64,37500000.0,15000000.0,200000.0,20,36630434.782608695,-35.69836807
2026-10-05T11:03:25,,2400000000.0,1000000000.0,3,14,10,0.3647075465025815,0.3646939,723916799.9999994,6,64,37500000.0,15000000.0,200000.0,20,36652173.91304348,-34.28332901
2026-10-05T11:03:25,,2400000000.0,1000000000.0,3,14,10,0.3647075465025815,0.3646939,723916799.9999994,6,64,37500000.0,15000000.0,200000.0,20,36673913.04347826,-31.90209007
2026-10-05T11:03:25,,2400000000.0,1000000000.0,3,14,10,0.3647075465025815,0.3646939,723916799.9999994,6,64,37500000.0,15000000.0,200000.0,20,36695652.17391305,-29.71020889
2026-10-05T11:03:25,,2400000000.0,1000000000.0,3,14,10,0.3647075465025815,0.3646939,723916799.9999994,6,64,37500000.0,15000000.0,200000.0,20,36717391.30434783,-27.87037468
2026-10-05T11:03:25,,2400000000.0,1000000000.0,3,14,10,0.3647075465025815,0.3646939,723916799.9999994,6,64,37500000.0,15000000.0,200000.0,20,36739130.43478261,-26.36068153
2026-10-05T11:03:25,,2400000000.0,1000000000.0,3,14,10,0.3647075465025815,0.3646939,723916799.9999994,6,64,37500000.0,15000000.0,200000.0,20,36760869.56521739,-25.14647675
2026-10-05T11:03:25,,2400000000.0,1000000000.0,3,14,10,0.3647075465025815,0.3646939,723916799.9999994,6,64,37500000.0,15000000.0,200000.0,20,36782608.69565217,-24.16803169
2026-10-05T11:03:25,,2400000000.0,1000000000.0,3,14,10,0.3647075465025815,0.3646939,723916799.9999994,6,64,37500000.0,15000000.0,200000.0,20,36804347.82608695,-23.36062431
2026-10-05T11:03:25,,2400000000.0,1000000000.0,3,14,10,0.3647075465025815,0.3646939,723916799.9999994,6,64,37500000.0,15000000.0,200000.0,20,36826086.95652174,-22.71313477
2026-10-05T11:03:25,,2400000000.0,1000000000.0,3,14,10,0.3647075465025815,0.3646939,723916799.9999994,6,64,37500000.0,15000000.0,200000.0,20,36847826.08695652,-22.21995926
2026-10-05T11:03:25,,2400000000.0,1000000000.0,3,14,10,0.3647075465025815,0.3646939,723916799.9999994,6,64,37500000.0,15000000.0,200000.0,20,36869565.217391305,-21.70196342
2026-10-05T11:03:25,,2400000000.0,1000000000.0,3,14,10,0.3647075465025815,0.3646939,723916799.9999994,6,64,37500000.0,15000000.0,200000.0,20,36891304.347826086,-20.90870857
2026-10-05T11:03:25,,2400000000.0,1000000000.0,3,14,10,0.3647075465025815,0.3646939,723916799.9999994,6,64,37500000.0,15000000.0,200000.0,20,36913043.47826087,-19.62101936
2026-10-05T11:03:25,,2400000000.0,1000000000.0,3,14,10,0.3647075465025815,0.3646939,723916799.9999994,6,64,37500000.0,15000000.0,200000.0,20,36934782.608695656,-17.38722229
2026-10-05T11:03:25,,2400000000.0,1000000000.0,3,14,10,0.3647075465025815,0.3646939,723916799.9999994,6,64,37500000.0,15000000.0,200000.0,20,36956521.73913044,-14.65763283
2026-10-05T11:03:25,,2400000000.0,1000000000.0,3,14,10,0.3647075465025815,0.3646939,723916799.9999994,6,64,37500000.0,15000000.0,200000.0,20,36978260.86956522,-11.99944305
2026-10-05T11:03:25,,2400000000.0,1000000000.0,3,14,10,0.3647075465025815,0.3646939,723916799.9999994,6,64,37500000.0,15000000.0,200000.0,20,37000000.0,-9.597933769
2026-10-05T11:03:25,,2400000000.0,1000000000.0,3,14,10,0.3647075465025815,0.3646939,723916799.9999994,6,64,37500000.0,15000000.0,200000.0,20,37021739.13043478,-7.495621204
2026-10-05T11:03:25,,2400000000.0,1000000000.0,3,14,10,0.3647075465025815,0.3646939,723916799.9999994,6,64,37500000.0,15000000.0,200000.0,20,37043478.26086956,-5.701204777
2026-10-05T11:03:25,,2400000000.0,1000000000.0,3,14,10,0.3647075465025815,0.3646939,723916799.9999994,6,64,37500000.0,15000000.0,200000.0,20,37065217.391304344,-4.212097168
2026-10-05T11:03:25,,2400000000.0,1000000000.0,3,14,10,0.3647075465025815,0.3646939,723916799.9999994,6,64,37500000.0,15000000.0,200000.0,20,37086956.52173913,-3.022098541
2026-10-05T11:03:25,,2400000000.0,1000000000.0,3,14,10,0.3647075465025815,0.3646939,723916799.9999994,6,64,37500000.0,15000000.0,200000.0,20,37108695.652173914,-2.124598503
2026-10-05T11:03:25,,2400000000.0,1000000000.0,3,14,10,0.3647075465025815,0.3646939,723916799.9999994,6,64,37500000.0,15000000.0,200000.0,20,37130434.782608695,-1.513964295
2026-10-05T11:03:25,,2400000000.0,1000000000.0,3,14,10,0.3647075465025815,0.3646939,723916799.9999994,6,64,37500000.0,15000000.0,200000.0,20,37152173.91304348,-1.186147571
2026-10-05T11:03:25,,2400000000.0,1000000000.0,3,14,10,0.3647075465025815,0.3646939,723916799.9999994,6,64,37500000.0,15000000.0,200000.0,20,37173913.04347826,-1.138966322
2026-10-05T11:03:25,,2400000000.0,1000000000.0,3,14,10,0.3647075465025815,0.3646939,723916799.9999994,6,64,37500000.0,15000000.0,200000.0,20,37195652.17391305,-1.372281671
2026-10-05T11:03:25,,2400000000.0,1000000000.0,3,14,10,0.3647075465025815,0.3646939,723916799.9999994,6,64,37500000.0,15000000.0,200000.0,20,37217391.30434783,-1.888162613
2026-10-05T11:03:25,,2400000000.0,1000000000.0,3,14,10,0.3647075465025815,0.3646939,723916799.9999994,6,64,37500000.0,15000000.0,200000.0,20,37239130.43478261,-2.691110611
2026-10-05T11:03:25,,2400000000.0,1000000000.0,3,14,10,0.3647075465025815,0.3646939,723916799.9999994,6,64,37500000.0,15000000.0,200000.0,20,37260869.56521739,-3.788361549
2026-10-05T11:03:25,,2400000000.0,1000000000.0,3,14,10,0.3647075465025815,0.3646939,723916799.9999994,6,64,37500000.0,15000000.0,200000.0,20,37282608.69565217,-5.190246582
2026-10-05T11:03:25,,2400000000.0,1000000000.0,3,14,10,0.3647075465025815,0.3646939,723916799.9999994,6,64,37500000.0,15000000.0,200000.0,20,37304347.82608695,-6.91032362
2026-10-05T11:03:25,,2400000000.0,1000000000.0,3,14,10,0.3647075465025815,0.3646939,723916799.9999994,6,64,37500000.0,15000000.0,200000.0,20,37326086.95652174,-8.964212418
2026-10-05T11:03:25,,2400000000.0,1000000000.0,3,14,10,0.3647075465025815,0.3646939,723916799.9999994,6,64,37500000.0,15000000.0,200000.0,20,37347826.08695652,-11.36366844
2026-10-05T11:03:25,,2400000000.0,1000000000.0,3,14,10,0.3647075465025815,0.3646939,723916799.9999994,6,64,37500000.0,15000000.0,200000.0,20,37369565.217391305,-14.09772778
2026-10-05T11:03:25,,2400000000.0,1000000000.0,3,14,10,0.3647075465025815,0.3646939,723916799.9999994,6,64,37500000.0,15000000.0,200000.0,20,37391304.347826086,-17.055933
2026-10-05T11:03:25,,2400000000.0,1000000000.0,3,14,10,0.3647075465025815,0.3646939,723916799.9999994,6,64,37500000.0,15000000.0,200000.0,20,37413043.47826087,-19.66095352
2026-10-05T11:03:25,,2400000000.0,1000000000.0,3,14,10,0.3647075465025815,0.3646939,723916799.9999994,6,64,37500000.0,15000000.0,200000.0,20,37434782.608695656,-21.81388092
2026-10-05T11:03:25,,2400000000.0,1000000000.0,3,14,10,0.3647075465025815,0.3646939,723916799.9999994,6,64,37500000.0,15000000.0,200000.0,20,37456521.73913044,-23.25649643
2026-10-05T11:03:25,,2400000000.0,1000000000.0,3,14,10,0.3647075465025815,0.3646939,723916799.9999994,6,64,37500000.0,15000000.0,200000.0,20,37478260.86956522,-23.11435699
2026-10-05T11:03:25,,2400000000.0,1000000000.0,3,14,10,0.3647075465025815,0.3646939,723916799.9999994,6,64,37500000.0,15000000.0,200000.0,20,37500000.0,-22.60165215
2026-10-05T11:03:25,,2400000000.0,1000000000.0,3,14,10,0.3647075465025815,0.3646939,723916799.9999994,6,64,37500000.0,15000000.0,200000.0,20,37521739.13043478,-22.56146622
2026-10-05T11:03:25,,2400000000.0,1000000000.0,3,14,10,0.3647075465025815,0.3646939,723916799.9999994,6,64,37500000.0,15000000.0,200000.0,20,37543478.26086956,-22.88605118
2026-10-05T11:03:25,,2400000000.0,1000000000.0,3,14,10,0.3647075465025815,0.3646939,723916799.9999994,6,64,37500000.0,15000000.0,200000.0,20,37565217.391304344,-23.54402351
2026-10-05T11:03:25,,2400000000.0,1000000000.0,3,14,10,0.3647075465025815,0.3646939,723916799.9999994,6,64,37500000.0,15000000.0,200000.0,20,37586956.52173913,-24.5217762
2026-10-05T11:03:25,,2400000000.0,1000000000.0,3,14,10,0.3647075465025815,0.3646939,723916799.9999994,6,64,37500000.0,15000000.0,200000.0,20,37608695.652173914,-25.81449509
2026-10-05T11:03:25,,2400000000.0,1000000000.0,3,14,10,0.3647075465025815,0.3646939,723916799.9999994,6,64,37500000.0,15000000.0,200000.0,20,37630434.782608695,-27.42092896
2026-10-05T11:03:25,,2400000000.0,1000000000.0,3,14,10,0.3647075465025815,0.3646939,723916799.9999994,6,64,37500000.0,15000000.0,200000.0,20,37652173.91304348,-29.33898735
2026-10-05T11:03:25,,2400000000.0,1000000000.0,3,14,10,0.3647075465025815,0.3646939,723916799.9999994,6,64,37500000.0,15000000.0,200000.0,20,37673913.04347826,-31.57206535
2026-10-05T11:03:25,,2400000000.0,1000000000.0,3,14,10,0.3647075465025815,0.3646939,723916799.9999994,6,64,37500000.0,15000000.0,200000.0,20,37695652.17391305,-34.19540405
2026-10-05T11:03:25,,2400000000.0,1000000000.0,3,14,10,0.3647075465025815,0.3646939,723916799.9999994,6,64,37500000.0,15000000.0,200000.0,20,37717391.30434783,-36.66493607
2026-10-05T11:03:25,,2400000000.0,1000000000.0,3,14,10,0.3647075465025815,0.3646939,723916799.9999994,6,64,37500000.0,15000000.0,200000.0,20,37739130.43478261,-37.6692276
2026-10-05T11:03:25,,2400000000.0,1000000000.0,3,14,10,0.3647075465025815,0.3646939,723916799.9999994,6,64,37500000.0,15000000.0,200000.0,20,37760869.56521739,-37.53502655
2026-10-05T11:03:25,,2400000000.0,1000000000.0,3,14,10,0.3647075465025815,0.3646939,723916799.9999994,6,64,37500000.0,15000000.0,200000.0,20,37782608.69565217,-37.42853546
2026-10-05T11:03:25,,2400000000.0,1000000000.0,3,14,10,0.3647075465025815,0.3646939,723916799.9999994,6,64,37500000.0,15000000.0,200000.0,20,37804347.82608695,-36.92243195
2026-10-05T11:03:25,,2400000000.0,1000000000.0,3,14,10,0.3647075465025815,0.3646939,723916799.9999994,6,64,37500000.0,15000000.0,200000.0,20,37826086.95652174,-36.34497452
2026-10-05T11:03:25,,2400000000.0,1000000000.0,3,14,10,0.3647075465025815,0.3646939,723916799.9999994,6,64,37500000.0,15000000.0,200000.0,20,37847826.08695652,-35.93204498
2026-10-05T11:03:25,,2400000000.0,1000000000.0,3,14,10,0.3647075465025815,0.3646939,723916799.9999994,6,64,37500000.0,15000000.0,200000.0,20,37869565.217391305,-35.7252388
2026-10-05T11:03:25,,2400000000.0,1000000000.0,3,14,10,0.3647075465025815,0.3646939,723916799.9999994,6,64,37500000.0,15000000.0,200000.0,20,37891304.347826086,-35.71345139
2026-10-05T11:03:25,,2400000000.0,1000000000.0,3,14,10,0.3647075465025815,0.3646939,723916799.9999994,6,64,37500000.0,15000000.0,200000.0,20,37913043.47826087,-35.87557983
2026-10-05T11:03:25,,2400000000.0,1000000000.0,3,14,10,0.3647075465025815,0.3646939,723916799.9999994,6,64,37500000.0,15000000.0,200000.0,20,37934782.608695656,-36.17214966
2026-10-05T11:03:25,,2400000000.0,1000000000.0,3,14,10,0.3647075465025815,0.3646939,723916799.9999994,6,64,37500000.0,15000000.0,200000.0,20,37956521.73913044,-36.45037079
2026-10-05T11:03:25,,2400000000.0,1000000000.0,3,14,10,0.3647075465025815,0.3646939,723916799.9999994,6,64,37500000.0,15000000.0,200000.0,20,37978260.86956522,-36.46857834
2026-10-05T11:03:25,,2400000000.0,1000000000.0,3,14,10,0.3647075465025815,0.3646939,723916799.9999994,6,64,37500000.0,15000000.0,200000.0,20,38000000.0,-36.24564362
2026-10-05T11:03:25,,2400000000.0,1000000000.0,3,14,10,0.3647075465025815,0.3646939,723916799.9999994,6,64,37500000.0,15000000.0,200000.0,20,38021739.13043478,-35.78925323
2026-10-05T11:03:25,,2400000000.0,1000000000.0,3,14,10,0.3647075465025815,0.3646939,723916799.9999994,6,64,37500000.0,15000000.0,200000.0,20,38043478.26086956,-35.15738678
2026-10-05T11:03:25,,2400000000.0,1000000000.0,3,14,10,0.3647075465025815,0.3646939,723916799.9999994,6,64,37500000.0,15000000.0,200000.0,20,38065217.391304344,-34.47740936
2026-10-05T11:03:25,,2400000000.0,1000000000.0,3,14,10,0.3647075465025815,0.3646939,723916799.9999994,6,64,37500000.0,15000000.0,200000.0,20,38086956.52173913,-33.86254883
2026-10-05T11:03:25,,2400000000.0,1000000000.0,3,14,10,0.3647075465025815,0.3646939,723916799.9999994,6,64,37500000.0,15000000.0,200000.0,20,38108695.652173914,-33.38760757
2026-10-05T11:03:25,,2400000000.0,1000000000.0,3,14,10,0.3647075465025815,0.3646939,723916799.9999994,6,64,37500000.0,15000000.0,200000.0,20,38130434.782608695,-33.08627319
2026-10-05T11:03:25,,2400000000.0,1000000000.0,3,14,10,0.3647075465025815,0.3646939,723916799.9999994,6,64,37500000.0,15000000.0,200000.0,20,38152173.91304348,-32.95241547
2026-10-05T11:03:25,,2400000000.0,1000000000.0,3,14,10,0.3647075465025815,0.3646939,723916799.9999994,6,64,37500000.0,15000000.0,200000.0,20,38173913.04347826,-32.96257401
2026-10-05T11:03:25,,2400000000.0,1000000000.0,3,14,10,0.3647075465025815,0.3646939,723916799.9999994,6,64,37500000.0,15000000.0,200000.0,20,38195652.17391305,-33.14741135
2026-10-05T11:03:25,,2400000000.0,1000000000.0,3,14,10,0.3647075465025815,0.3646939,723916799.9999994,6,64,37500000.0,15000000.0,200000.0,20,38217391.30434783,-33.57267761
2026-10-05T11:03:25,,2400000000.0,1000000000.0,3,14,10,0.3647075465025815,0.3646939,723916799.9999994,6,64,37500000.0,15000000.0,200000.0,20,38239130.43478261,-34.18540955
2026-10-05T11:03:25,,2400000000.0,1000000000.0,3,14,10,0.3647075465025815,0.3646939,723916799.9999994,6,64,37500000.0,15000000.0,200000.0,20,38260869.56521739,-34.70084
2026-10-05T11:03:25,,2400000000.0,1000000000.0,3,14,10,0.3647075465025815,0.3646939,723916799.9999994,6,64,37500000.0,15000000.0,200000.0,20,38282608.69565217,-35.46469498
2026-10-05T11:03:25,,2400000000.0,1000000000.0,3,14,10,0.3647075465025815,0.3646939,723916799.9999994,6,64,37500000.0,15000000.0,200000.0,20,38304347.82608695,-36.28414536
2026-10-05T11:03:25,,2400000000.0,1000000000.0,3,14,10,0.3647075465025815,0.3646939,723916799.9999994,6,64,37500000.0,15000000.0,200000.0,20,38326086.95652174,-36.63816071
2026-10-05T11:03:25,,2400000000.0,1000000000.0,3,14,10,0.3647075465025815,0.3646939,723916799.9999994,6,64,37500000.0,15000000.0,200000.0,20,38347826.08695652,-37.40594864
2026-10-05T11:03:25,,2400000000.0,1000000000.0,3,14,10,0.3647075465025815,0.3646939,723916799.9999994,6,64,37500000.0,15000000.0,200000.0,20,38369565.217391305,-38.43198395
2026-10-05T11:03:25,,2400000000.0,1000000000.0,3,14,10,0.3647075465025815,0.3646939,723916799.9999994,6,64,37500000.0,15000000.0,200000.0,20,38391304.347826086,-39.53491211
2026-10-05T11:03:25,,2400000000.0,1000000000.0,3,14,10,0.3647075465025815,0.3646939,723916799.9999994,6,64,37500000.0,15000000.0,200000.0,20,38413043.47826087,-40.34815598
2026-10-05T11:03:25,,2400000000.0,1000000000.0,3,14,10,0.3647075465025815,0.3646939,723916799.9999994,6,64,37500000.0,15000000.0,200000.0,20,38434782.608695656,-40.60820007
2026-10-05T11:03:25,,2400000000.0,1000000000.0,3,14,10,0.3647075465025815,0.3646939,723916799.9999994,6,64,37500000.0,15000000.0,200000.0,20,38456521.73913044,-40.73838425
2026-10-05T11:03:25,,2400000000.0,1000000000.0,3,14,10,0.3647075465025815,0.3646939,723916799.9999994,6,64,37500000.0,15000000.0,200000.0,20,38478260.86956522,-40.88040924
2026-10-05T11:03:25,,2400000000.0,1000000000.0,3,14,10,0.3647075465025815,0.3646939,723916799.9999994,6,64,37500000.0,15000000.0,200000.0,20,38500000.0,-40.44067383
2026-10-05T11:03:25,,2400000000.0,1000000000.0,3,14,10,0.3647075465025815,0.3646939,723916799.9999994,6,64,37500000.0,15000000.0,200000.0,20,38521739.13043478,-40.12565613
2026-10-05T11:03:25,,2400000000.0,1000000000.0,3,14,10,0.3647075465025815,0.3646939,723916799.9999994,6,64,37500000.0,15000000.0,200000.0,20,38543478.26086956,-39.93051147
2026-10-05T11:03:25,,2400000000.0,1000000000.0,3,14,10,0.3647075465025815,0.3646939,723916799.9999994,6,64,37500000.0,15000000.0,200000.0,20,38565217.391304344,-40.0513382
2026-10-05T11:03:25,,2400000000.0,1000000000.0,3,14,10,0.3647075465025815,0.3646939,723916799.9999994,6,64,37500000.0,15000000.0,200000.0,20,38586956.52173913,-40.35935593
2026-10-05T11:03:25,,2400000000.0,1000000000.0,3,14,10,0.3647075465025815,0.3646939,723916799.9999994,6,64,37500000.0,15000000.0,200000.0,20,38608695.652173914,-40.69562912
2026-10-05T11:03:25,,2400000000.0,1000000000.0,3,14,10,0.3647075465025815,0.3646939,723916799.9999994,6,64,37500000.0,15000000.0,200000.0,20,38630434.782608695,-41.10452271
2026-10-05T11:03:25,,2400000000.0,1000000000.0,3,14,10,0.3647075465025815,0.3646939,723916799.9999994,6,64,37500000.0,15000000.0,200000.0,20,38652173.91304348,-41.49645996
2026-10-05T11:03:25,,2400000000.0,1000000000.0,3,14,10,0.3647075465025815,0.3646939,723916799.9999994,6,64,37500000.0,15000000.0,200000.0,20,38673913.043478265,-41.98783493
2026-10-05T11:03:25,,2400000000.0,1000000000.0,3,14,10,0.3647075465025815,0.3646939,723916799.9999994,6,64,37500000.0,15000000.0,200000.0,20,38695652.17391305,-42.58830261
2026-10-05T11:03:25,,2400000000.0,1000000000.0,3,14,10,0.3647075465025815,0.3646939,723916799.9999994,6,64,37500000.0,15000000.0,200000.0,20,38717391.30434783,-42.43660355
2026-10-05T11:03:25,,2400000000.0,1000000000.0,3,14,10,0.3647075465025815,0.3646939,723916799.9999994,6,64,37500000.0,15000000.0,200000.0,20,38739130.43478261,-42.1518631
2026-10-05T11:03:25,,2400000000.0,1000000000.0,3,14,10,0.3647075465025815,0.3646939,723916799.9999994,6,64,37500000.0,15000000.0,200000.0,20,38760869.56521739,-41.86053467
2026-10-05T11:03:25,,2400000000.0,1000000000.0,3,14,10,0.3647075465025815,0.3646939,723916799.9999994,6,64,37500000.0,15000000.0,200000.0,20,38782608.69565217,-41.42718124
2026-10-05T11:03:25,,2400000000.0,1000000000.0,3,14,10,0.3647075465025815,0.3646939,723916799.9999994,6,64,37500000.0,15000000.0,200000.0,20,38804347.82608695,-41.00374985
2026-10-05T11:03:25,,2400000000.0,1000000000.0,3,14,10,0.3647075465025815,0.3646939,723916799.9999994,6,64,37500000.0,15000000.0,200000.0,20,38826086.956521735,-40.69837952
2026-10-05T11:03:25,,2400000000.0,1000000000.0,3,14,10,0.3647075465025815,0.3646939,723916799.9999994,6,64,37500000.0,15000000.0,200000.0,20,38847826.08695652,-40.52158737
2026-10-05T11:03:25,,2400000000.0,1000000000.0,3,14,10,0.3647075465025815,0.3646939,723916799.9999994,6,64,37500000.0,15000000.0,200000.0,20,38869565.217391305,-40.48115158
2026-10-05T11:03:25,,2400000000.0,1000000000.0,3,14,10,0.3647075465025815,0.3646939,723916799.9999994,6,64,37500000.0,15000000.0,200000.0,20,38891304.347826086,-40.58379745
2026-10-05T11:03:25,,2400000000.0,1000000000.0,3,14,10,0.3647075465025815,0.3646939,723916799.9999994,6,64,37500000.0,15000000.0,200000.0,20,38913043.47826087,-40.84923553
2026-10-05T11:03:25,,2400000000.0,1000000000.0,3,14,10,0.3647075465025815,0.3646939,723916799.9999994,6,64,37500000.0,15000000.0,200000.0,20,38934782.608695656,-41.33314133
2026-10-05T11:03:25,,2400000000.0,1000000000.0,3,14,10,0.3647075465025815,0.3646939,723916799.9999994,6,64,37500000.0,15000000.0,200000.0,20,38956521.73913044,-42.197052
2026-10-05T11:03:25,,2400000000.0,1000000000.0,3,14,10,0.3647075465025815,0.3646939,723916799.9999994,6,64,37500000.0,15000000.0,200000.0,20,38978260.86956522,-42.6039505
2026-10-05T11:03:25,,2400000000.0,1000000000.0,3,14,10,0.3647075465025815,0.3646939,723916799.9999994,6,64,37500000.0,15000000.0,200000.0,20,39000000.0,-42.36533737
2026-10-05T11:03:25,,2400000000.0,1000000000.0,3,14,10,0.3647075465025815,0.3646939,723916799.9999994,6,64,37500000.0,15000000.0,200000.0,20,39021739.13043478,-42.23109055
2026-10-05T11:03:25,,2400000000.0,1000000000.0,3,14,10,0.3647075465025815,0.3646939,723916799.9999994,6,64,37500000.0,15000000.0,200000.0,20,39043478.26086956,-41.52649307
2026-10-05T11:03:25,,2400000000.0,1000000000.0,3,14,10,0.3647075465025815,0.3646939,723916799.9999994,6,64,37500000.0,15000000.0,200000.0,20,39065217.391304344,-41.05055237
2026-10-05T11:03:25,,2400000000.0,1000000000.0,3,14,10,0.3647075465025815,0.3646939,723916799.9999994,6,64,37500000.0,15000000.0,200000.0,20,39086956.52173913,-40.6423645
2026-10-05T11:03:25,,2400000000.0,1000000000.0,3,14,10,0.3647075465025815,0.3646939,723916799.9999994,6,64,37500000.0,15000000.0,200000.0,20,39108695.652173914,-40.03611755
2026-10-05T11:03:25,,2400000000.0,1000000000.0,3,14,10,0.3647075465025815,0.3646939,723916799.9999994,6,64,37500000.0,15000000.0,200000.0,20,39130434.782608695,-39.20362473
2026-10-05T11:03:25,,2400000000.0,1000000000.0,3,14,10,0.3647075465025815,0.3646939,723916799.9999994,6,64,37500000.0,15000000.0,200000.0,20,39152173.91304348,-38.22741318
2026-10-05T11:03:25,,2400000000.0,1000000000.0,3,14,10,0.3647075465025815,0.3646939,723916799.9999994,6,64,37500000.0,15000000.0,200000.0,20,39173913.043478265,-37.24062729
2026-10-05T11:03:25,,2400000000.0,1000000000.0,3,14,10,0.3647075465025815,0.3646939,723916799.9999994,6,64,37500000.0,15000000.0,200000.0,20,39195652.17391305,-36.39276886
2026-10-05T11:03:25,,2400000000.0,1000000000.0,3,14,10,0.3647075465025815,0.3646939,723916799.9999994,6,64,37500000.0,15000000.0,200000.0,20,39217391.30434783,-35.78197861
2026-10-05T11:03:25,,2400000000.0,1000000000.0,3,14,10,0.3647075465025815,0.3646939,723916799.9999994,6,64,37500000.0,15000000.0,200000.0,20,39239130.43478261,-35.47506332
2026-10-05T11:03:25,,2400000000.0,1000000000.0,3,14,10,0.3647075465025815,0.3646939,723916799.9999994,6,64,37500000.0,15000000.0,200000.0,20,39260869.56521739,-35.57967377
2026-10-05T11:03:25,,2400000000.0,1000000000.0,3,14,10,0.3647075465025815,0.3646939,723916799.9999994,6,64,37500000.0,15000000.0,200000.0,20,39282608.69565217,-35.79613876
2026-10-05T11:03:25,,2400000000.0,1000000000.0,3,14,10,0.3647075465025815,0.3646939,723916799.9999994,6,64,37500000.0,15000000.0,200000.0,20,39304347.82608695,-35.72814178
2026-10-05T11:03:25,,2400000000.0,1000000000.0,3,14,10,0.3647075465025815,0.3646939,723916799.9999994,6,64,37500000.0,15000000.0,200000.0,20,39326086.956521735,-35.91712189
2026-10-05T11:03:25,,2400000000.0,1000000000.0,3,14,10,0.3647075465025815,0.3646939,723916799.9999994,6,64,37500000.0,15000000.0,200000.0,20,39347826.08695652,-36.08682251
2026-10-05T11:03:25,,2400000000.0,1000000000.0,3,14,10,0.3647075465025815,0.3646939,723916799.9999994,6,64,37500000.0,15000000.0,200000.0,20,39369565.217391305,-36.5536232
2026-10-05T11:03:25,,2400000000.0,1000000000.0,3,14,10,0.3647075465025815,0.3646939,723916799.9999994,6,64,37500000.0,15000000.0,200000.0,20,39391304.347826086,-37.30015564
2026-10-05T11:03:25,,2400000000.0,1000000000.0,3,14,10,0.3647075465025815,0.3646939,723916799.9999994,6,64,37500000.0,15000000.0,200000.0,20,39413043.47826087,-38.28151321
2026-10-05T11:03:25,,2400000000.0,1000000000.0,3,14,10,0.3647075465025815,0.3646939,723916799.9999994,6,64,37500000.0,15000000.0,200000.0,20,39434782.608695656,-39.45446396
2026-10-05T11:03:25,,2400000000.0,1000000000.0,3,14,10,0.3647075465025815,0.3646939,723916799.9999994,6,64,37500000.0,15000000.0,200000.0,20,39456521.73913044,-40.6003952
2026-10-05T11:03:25,,2400000000.0,1000000000.0,3,14,10,0.3647075465025815,0.3646939,723916799.9999994,6,64,37500000.0,15000000.0,200000.0,20,39478260.86956522,-41.4957695
2026-10-05T11:03:25,,2400000000.0,1000000000.0,3,14,10,0.3647075465025815,0.3646939,723916799.9999994,6,64,37500000.0,15000000.0,200000.0,20,39500000.0,-42.37707138
2026-10-05T11:03:25,,2400000000.0,1000000000.0,3,14,10,0.3647075465025815,0.3646939,723916799.9999994,6,64,37500000.0,15000000.0,200000.0,20,39521739.13043478,-43.21025848
2026-10-05T11:03:25,,2400000000.0,1000000000.0,3,14,10,0.3647075465025815,0.3646939,723916799.9999994,6,64,37500000.0,15000000.0,200000.0,20,39543478.26086956,-44.02718353
2026-10-05T11:03:25,,2400000000.0,1000000000.0,3,14,10,0.3647075465025815,0.3646939,723916799.9999994,6,64,37500000.0,15000000.0,200000.0,20,39565217.391304344,-45.27885056
2026-10-05T11:03:25,,2400000000.0,1000000000.0,3,14,10,0.3647075465025815,0.3646939,723916799.9999994,6,64,37500000.0,15000000.0,200000.0,20,39586956.52173913,-45.6193924
2026-10-05T11:03:25,,2400000000.0,1000000000.0,3,14,10,0.3647075465025815,0.3646939,723916799.9999994,6,64,37500000.0,15000000.0,200000.0,20,39608695.652173914,-46.11357117
2026-10-05T11:03:25,,2400000000.0,1000000000.0,3,14,10,0.3647075465025815,0.3646939,723916799.9999994,6,64,37500000.0,15000000.0,200000.0,20,39630434.782608695,-46.61819839
2026-10-05T11:03:25,,2400000000.0,1000000000.0,3,14,10,0.3647075465025815,0.3646939,723916799.9999994,6,64,37500000.0,15000000.0,200000.0,20,39652173.91304348,-46.73226166
2026-10-05T11:03:25,,2400000000.0,1000000000.0,3,14,10,0.3647075465025815,0.3646939,723916799.9999994,6,64,37500000.0,15000000.0,200000.0,20,39673913.043478265,-46.31019211
2026-10-05T11:03:25,,2400000000.0,1000000000.0,3,14,10,0.3647075465025815,0.3646939,723916799.9999994,6,64,37500000.0,15000000.0,200000.0,20,39695652.17391305,-46.29587173
2026-10-05T11:03:25,,2400000000.0,1000000000.0,3,14,10,0.3647075465025815,0.3646939,723916799.9999994,6,64,37500000.0,15000000.0,200000.0,20,39717391.30434783,-46.52922058
2026-10-05T11:03:25,,2400000000.0,1000000000.0,3,14,10,0.3647075465025815,0.3646939,723916799.9999994,6,64,37500000.0,15000000.0,200000.0,20,39739130.43478261,-46.99235916
2026-10-05T11:03:25,,2400000000.0,1000000000.0,3,14,10,0.3647075465025815,0.3646939,723916799.9999994,6,64,37500000.0,15000000.0,200000.0,20,39760869.56521739,-47.54296875
2026-10-05T11:03:25,,2400000000.0,1000000000.0,3,14,10,0.3647075465025815,0.3646939,723916799.9999994,6,64,37500000.0,15000000.0,200000.0,20,39782608.69565217,-48.43857956
2026-10-05T11:03:25,,2400000000.0,1000000000.0,3,14,10,0.3647075465025815,0.3646939,723916799.9999994,6,64,37500000.0,15000000.0,200000.0,20,39804347.82608695,-47.71937943
2026-10-05T11:03:25,,2400000000.0,1000000000.0,3,14,10,0.3647075465025815,0.3646939,723916799.9999994,6,64,37500000.0,15000000.0,200000.0,20,39826086.956521735,-47.61302948
2026-10-05T11:03:25,,2400000000.0,1000000000.0,3,14,10,0.3647075465025815,0.3646939,723916799.9999994,6,64,37500000.0,15000000.0,200000.0,20,39847826.08695652,-47.72417831
2026-10-05T11:03:25,,2400000000.0,1000000000.0,3,14,10,0.3647075465025815,0.3646939,723916799.9999994,6,64,37500000.0,15000000.0,200000.0,20,39869565.217391305,-47.98398209
2026-10-05T11:03:25,,2400000000.0,1000000000.0,3,14,10,0.3647075465025815,0.3646939,723916799.9999994,6,64,37500000.0,15000000.0,200000.0,20,39891304.347826086,-47.8511467
2026-10-05T11:03:25,,2400000000.0,1000000000.0,3,14,10,0.3647075465025815,0.3646939,723916799.9999994,6,64,37500000.0,15000000.0,200000.0,20,39913043.47826087,-47.74480438
2026-10-05T11:03:25,,2400000000.0,1000000000.0,3,14,10,0.3647075465025815,0.3646939,723916799.9999994,6,64,37500000.0,15000000.0,200000.0,20,39934782.608695656,-47.89413452
2026-10-05T11:03:25,,2400000000.0,1000000000.0,3,14,10,0.3647075465025815,0.3646939,723916799.9999994,6,64,37500000.0,15000000.0,200000.0,20,39956521.73913044,-48.30809784
2026-10-05T11:03:25,,2400000000.0,1000000000.0,3,14,10,0.3647075465025815,0.3646939,723916799.9999994,6,64,37500000.0,15000000.0,200000.0,20,39978260.86956522,-48.9501152
2026-10-05T11:03:25,,2400000000.0,1000000000.0,3,14,10,0.3647075465025815,0.3646939,723916799.9999994,6,64,37500000.0,15000000.0,200000.0,20,40000000.0,-49.66544724
2026-10-05T11:03:25,,2400000000.0,1000000000.0,3,14,10,0.3647075465025815,0.3646939,723916799.9999994,6,64,37500000.0,15000000.0,200000.0,20,40021739.13043478,-50.40291977
2026-10-05T11:03:25,,2400000000.0,1000000000.0,3,14,10,0.3647075465025815,0.3646939,723916799.9999994,6,64,37500000.0,15000000.0,200000.0,20,40043478.26086956,-51.49925613
2026-10-05T11:03:25,,2400000000.0,1000000000.0,3,14,10,0.3647075465025815,0.3646939,723916799.9999994,6,64,37500000.0,15000000.0,200000.0,20,40065217.391304344,-51.92235565
2026-10-05T11:03:25,,2400000000.0,1000000000.0,3,14,10,0.3647075465025815,0.3646939,723916799.9999994,6,64,37500000.0,15000000.0,200000.0,20,40086956.52173913,-52.21252823
2026-10-05T11:03:25,,2400000000.0,1000000000.0,3,14,10,0.3647075465025815,0.3646939,723916799.9999994,6,64,37500000.0,15000000.0,200000.0,20,40108695.652173914,-52.55172729
2026-10-05T11:03:25,,2400000000.0,1000000000.0,3,14,10,0.3647075465025815,0.3646939,723916799.9999994,6,64,37500000.0,15000000.0,200000.0,20,40130434.782608695,-52.3526001
2026-10-05T11:03:25,,2400000000.0,1000000000.0,3,14,10,0.3647075465025815,0.3646939,723916799.9999994,6,64,37500000.0,15000000.0,200000.0,20,40152173.91304348,-51.95414352
2026-10-05T11:03:25,,2400000000.0,1000000000.0,3,14,10,0.3647075465025815,0.3646939,723916799.9999994,6,64,37500000.0,15000000.0,200000.0,20,40173913.043478265,-51.58788681
2026-10-05T11:03:25,,2400000000.0,1000000000.0,3,14,10,0.3647075465025815,0.3646939,723916799.9999994,6,64,37500000.0,15000000.0,200000.0,20,40195652.17391305,-51.4658165
2026-10-05T11:03:25,,2400000000.0,1000000000.0,3,14,10,0.3647075465025815,0.3646939,723916799.9999994,6,64,37500000.0,15000000.0,200000.0,20,40217391.30434783,-51.74144745
2026-10-05T11:03:25,,2400000000.0,1000000000.0,3,14,10,0.3647075465025815,0.3646939,723916799.9999994,6,64,37500000.0,15000000.0,200000.0,20,40239130.43478261,-51.71188354
2026-10-05T11:03:25,,2400000000.0,1000000000.0,3,14,10,0.3647075465025815,0.3646939,723916799.9999994,6,64,37500000.0,15000000.0,200000.0,20,40260869.56521739,-51.79020309
2026-10-05T11:03:25,,2400000000.0,1000000000.0,3,14,10,0.3647075465025815,0.3646939,723916799.9999994,6,64,37500000.0,15000000.0,200000.0,20,40282608.69565217,-51.93835449
2026-10-05T11:03:25,,2400000000.0,1000000000.0,3,14,10,0.3647075465025815,0.3646939,723916799.9999994,6,64,37500000.0,15000000.0,200000.0,20,40304347.82608695,-52.16014862
2026-10-05T11:03:25,,2400000000.0,1000000000.0,3,14,10,0.3647075465025815,0.3646939,723916799.9999994,6,64,37500000.0,15000000.0,200000.0,20,40326086.956521735,-52.6701355
2026-10-05T11:03:25,,2400000000.0,1000000000.0,3,14,10,0.3647075465025815,0.3646939,723916799.9999994,6,64,37500000.0,15000000.0,200000.0,20,40347826.08695652,-53.40265656
2026-10-05T11:03:25,,2400000000.0,1000000000.0,3,14,10,0.3647075465025815,0.3646939,723916799.9999994,6,64,37500000.0,15000000.0,200000.0,20,40369565.217391305,-52.92376328
2026-10-05T11:03:25,,2400000000.0,1000000000.0,3,14,10,0.3647075465025815,0.3646939,723916799.9999994,6,64,37500000.0,15000000.0,200000.0,20,40391304.347826086,-52.8588562
2026-10-05T11:03:25,,2400000000.0,1000000000.0,3,14,10,0.3647075465025815,0.3646939,723916799.9999994,6,64,37500000.0,15000000.0,200000.0,20,40413043.47826087,-53.1635704
2026-10-05T11:03:25,,2400000000.0,1000000000.0,3,14,10,0.3647075465025815,0.3646939,723916799.9999994,6,64,37500000.0,15000000.0,200000.0,20,40434782.608695656,-53.67715836
2026-10-05T11:03:25,,2400000000.0,1000000000.0,3,14,10,0.3647075465025815,0.3646939,723916799.9999994,6,64,37500000.0,15000000.0,200000.0,20,40456521.73913044,-54.21800995
2026-10-05T11:03:25,,2400000000.0,1000000000.0,3,14,10,0.3647075465025815,0.3646939,723916799.9999994,6,64,37500000.0,15000000.0,200000.0,20,40478260.86956522,-54.73732376
2026-10-05T11:03:25,,2400000000.0,1000000000.0,3,14,10,0.3647075465025815,0.3646939,723916799.9999994,6,64,37500000.0,15000000.0,200000.0,20,40500000.0,-55.30698013
2026-10-05T11:03:25,,2400000000.0,1000000000.0,3,14,10,0.3647075465025815,0.3646939,723916799.9999994,6,64,37500000.0,15000000.0,200000.0,20,40521739.13043478,-55.93214798
2026-10-05T11:03:25,,2400000000.0,1000000000.0,3,14,10,0.3647075465025815,0.3646939,723916799.9999994,6,64,37500000.0,15000000.0,200000.0,20,40543478.26086956,-56.61199951
2026-10-05T11:03:25,,2400000000.0,1000000000.0,3,14,10,0.3647075465025815,0.3646939,723916799.9999994,6,64,37500000.0,15000000.0,200000.0,20,40565217.391304344,-57.32890701
2026-10-05T11:03:25,,2400000000.0,1000000000.0,3,14,10,0.3647075465025815,0.3646939,723916799.9999994,6,64,37500000.0,15000000.0,200000.0,20,40586956.52173913,-58.33601761
2026-10-05T11:03:25,,2400000000.0,1000000000.0,3,14,10,0.3647075465025815,0.3646939,723916799.9999994,6,64,37500000.0,15000000.0,200000.0,20,40608695.652173914,-57.8713913
2026-10-05T11:03:25,,2400000000.0,1000000000.0,3,14,10,0.3647075465025815,0.3646939,723916799.9999994,6,64,37500000.0,15000000.0,200000.0,20,40630434.782608695,-57.63189697
2026-10-05T11:03:25,,2400000000.0,1000000000.0,3,14,10,0.3647075465025815,0.3646939,723916799.9999994,6,64,37500000.0,15000000.0,200000.0,20,40652173.91304348,-57.60565948
2026-10-05T11:03:25,,2400000000.0,1000000000.0,3,14,10,0.3647075465025815,0.3646939,723916799.9999994,6,64,37500000.0,15000000.0,200000.0,20,40673913.043478265,-57.79781723
2026-10-05T11:03:25,,2400000000.0,1000000000.0,3,14,10,0.3647075465025815,0.3646939,723916799.9999994,6,64,37500000.0,15000000.0,200000.0,20,40695652.17391305,-57.52164459
2026-10-05T11:03:25,,2400000000.0,1000000000.0,3,14,10,0.3647075465025815,0.3646939,723916799.9999994,6,64,37500000.0,15000000.0,200000.0,20,40717391.30434783,-57.31010056
2026-10-05T11:03:25,,2400000000.0,1000000000.0,3,14,10,0.3647075465025815,0.3646939,723916799.9999994,6,64,37500000.0,15000000.0,200000.0,20,40739130.43478261,-57.35025406
2026-10-05T11:03:25,,2400000000.0,1000000000.0,3,14,10,0.3647075465025815,0.3646939,723916799.9999994,6,64,37500000.0,15000000.0,200000.0,20,40760869.56521739,-57.59504318
2026-10-05T11:03:25,,2400000000.0,1000000000.0,3,14,10,0.3647075465025815,0.3646939,723916799.9999994,6,64,37500000.0,15000000.0,200000.0,20,40782608.69565217,-58.01567078
2026-10-05T11:03:25,,2400000000.0,1000000000.0,3,14,10,0.3647075465025815,0.3646939,723916799.9999994,6,64,37500000.0,15000000.0,200000.0,20,40804347.82608695,-58.53390503
2026-10-05T11:03:25,,2400000000.0,1000000000.0,3,14,10,0.3647075465025815,0.3646939,723916799.9999994,6,64,37500000.0,15000000.0,200000.0,20,40826086.956521735,-59.15164948
2026-10-05T11:03:25,,2400000000.0,1000000000.0,3,14,10,0.3647075465025815,0.3646939,723916799.9999994,6,64,37500000.0,15000000.0,200000.0,20,40847826.08695652,-59.24985886
2026-10-05T11:03:25,,2400000000.0,1000000000.0,3,14,10,0.3647075465025815,0.3646939,723916799.9999994,6,64,37500000.0,15000000.0,200000.0,20,40869565.217391305,-59.13806534
2026-10-05T11:03:25,,2400000000.0,1000000000.0,3,14,10,0.3647075465025815,0.3646939,723916799.9999994,6,64,37500000.0,15000000.0,200000.0,20,40891304.347826086,-58.74889374
2026-10-05T11:03:25,,2400000000.0,1000000000.0,3,14,10,0.3647075465025815,0.3646939,723916799.9999994,6,64,37500000.0,15000000.0,200000.0,20,40913043.47826087,-58.31281281
2026-10-05T11:03:25,,2400000000.0,1000000000.0,3,14,10,0.3647075465025815,0.3646939,723916799.9999994,6,64,37500000.0,15000000.0,200000.0,20,40934782.608695656,-57.99808502
2026-10-05T11:03:25,,2400000000.0,1000000000.0,3,14,10,0.3647075465025815,0.3646939,723916799.9999994,6,64,37500000.0,15000000.0,200000.0,20,40956521.73913044,-57.73320389
2026-10-05T11:03:25,,2400000000.0,1000000000.0,3,14,10,0.3647075465025815,0.3646939,723916799.9999994,6,64,37500000.0,15000000.0,200000.0,20,40978260.86956522,-57.42113113
2026-10-05T11:03:25,,2400000000.0,1000000000.0,3,14,10,0.3647075465025815,0.3646939,723916799.9999994,6,64,37500000.0,15000000.0,200000.0,20,41000000.0,-57.01298904
2026-10-05T11:03:25,,2400000000.0,1000000000.0,3,14,10,0.3647075465025815,0.3646939,723916799.9999994,6,64,37500000.0,15000000.0,200000.0,20,41021739.13043478,-56.6039238
2026-10-05T11:03:25,,2400000000.0,1000000000.0,3,14,10,0.3647075465025815,0.3646939,723916799.9999994,6,64,37500000.0,15000000.0,200000.0,20,41043478.26086956,-56.51432419
2026-10-05T11:03:25,,2400000000.0,1000000000.0,3,14,10,0.3647075465025815,0.3646939,723916799.9999994,6,64,37500000.0,15000000.0,200000.0,20,41065217.391304344,-56.4298439
2026-10-05T11:03:25,,2400000000.0,1000000000.0,3,14,10,0.3647075465025815,0.3646939,723916799.9999994,6,64,37500000.0,15000000.0,200000.0,20,41086956.52173913,-55.4213829
2026-10-05T11:03:25,,2400000000.0,1000000000.0,3,14,10,0.3647075465025815,0.3646939,723916799.9999994,6,64,37500000.0,15000000.0,200000.0,20,41108695.652173914,-54.4417305
2026-10-05T11:03:25,,2400000000.0,1000000000.0,3,14,10,0.3647075465025815,0.3646939,723916799.9999994,6,64,37500000.0,15000000.0,200000.0,20,41130434.782608695,-53.92590714
2026-10-05T11:03:25,,2400000000.0,1000000000.0,3,14,10,0.3647075465025815,0.3646939,723916799.9999994,6,64,37500000.0,15000000.0,200000.0,20,41152173.91304348,-53.7027626
2026-10-05T11:03:25,,2400000000.0,1000000000.0,3,14,10,0.3647075465025815,0.3646939,723916799.9999994,6,64,37500000.0,15000000.0,200000.0,20,41173913.043478265,-53.72832489
2026-10-05T11:03:25,,2400000000.0,1000000000.0,3,14,10,0.3647075465025815,0.3646939,723916799.9999994,6,64,37500000.0,15000000.0,200000.0,20,41195652.17391305,-53.97860336
2026-10-05T11:03:25,,2400000000.0,1000000000.0,3,14,10,0.3647075465025815,0.3646939,723916799.9999994,6,64,37500000.0,15000000.0,200000.0,20,41217391.30434783,-54.42863083
2026-10-05T11:03:25,,2400000000.0,1000000000.0,3,14,10,0.3647075465025815,0.3646939,723916799.9999994,6,64,37500000.0,15000000.0,200000.0,20,41239130.43478261,-55.04582596
2026-10-05T11:03:25,,2400000000.0,1000000000.0,3,14,10,0.3647075465025815,0.3646939,723916799.9999994,6,64,37500000.0,15000000.0,200000.0,20,41260869.56521739,-55.78813934
2026-10-05T11:03:25,,2400000000.0,1000000000.0,3,14,10,0.3647075465025815,0.3646939,723916799.9999994,6,64,37500000.0,15000000.0,200000.0,20,41282608.69565217,-56.60363007
2026-10-05T11:03:25,,2400000000.0,1000000000.0,3,14,10,0.3647075465025815,0.3646939,723916799.9999994,6,64,37500000.0,15000000.0,200000.0,20,41304347.82608695,-57.4282608
2026-10-05T11:03:25,,2400000000.0,1000000000.0,3,14,10,0.3647075465025815,0.3646939,723916799.9999994,6,64,37500000.0,15000000.0,200000.0,20,41326086.956521735,-58.17934036
2026-10-05T11:03:25,,2400000000.0,1000000000.0,3,14,10,0.3647075465025815,0.3646939,723916799.9999994,6,64,37500000.0,15000000.0,200000.0,20,41347826.08695652,-58.75617981
2026-10-05T11:03:25,,2400000000.0,1000000000.0,3,14,10,0.3647075465025815,0.3646939,723916799.9999994,6,64,37500000.0,15000000.0,200000.0,20,41369565.217391305,-59.03184509
2026-10-05T11:03:25,,2400000000.0,1000000000.0,3,14,10,0.3647075465025815,0.3646939,723916799.9999994,6,64,37500000.0,15000000.0,200000.0,20,41391304.347826086,-59.0067482
2026-10-05T11:03:25,,2400000000.0,1000000000.0,3,14,10,0.3647075465025815,0.3646939,723916799.9999994,6,64,37500000.0,15000000.0,200000.0,20,41413043.47826087,-58.85944748
2026-10-05T11:03:25,,2400000000.0,1000000000.0,3,14,10,0.3647075465025815,0.3646939,723916799.9999994,6,64,37500000.0,15000000.0,200000.0,20,41434782.608695656,-58.76237869
2026-10-05T11:03:25,,2400000000.0,1000000000.0,3,14,10,0.3647075465025815,0.3646939,723916799.9999994,6,64,37500000.0,15000000.0,200000.0,20,41456521.73913044,-58.81983185
2026-10-05T11:03:25,,2400000000.0,1000000000.0,3,14,10,0.3647075465025815,0.3646939,723916799.9999994,6,64,37500000.0,15000000.0,200000.0,20,41478260.86956522,-59.10928345
2026-10-05T11:03:25,,2400000000.0,1000000000.0,3,14,10,0.3647075465025815,0.3646939,723916799.9999994,6,64,37500000.0,15000000.0,200000.0,20,41500000.0,-59.86352539
2026-10-05T11:03:25,,2400000000.0,1000000000.0,3,14,10,0.3647075465025815,0.3646939,723916799.9999994,6,64,37500000.0,15000000.0,200000.0,20,41521739.13043478,-60.09825516
2026-10-05T11:03:25,,2400000000.0,1000000000.0,3,14,10,0.3647075465025815,0.3646939,723916799.9999994,6,64,37500000.0,15000000.0,200000.0,20,41543478.26086956,-60.31977463
2026-10-05T11:03:25,,2400000000.0,1000000000.0,3,14,10,0.3647075465025815,0.3646939,723916799.9999994,6,64,37500000.0,15000000.0,200000.0,20,41565217.391304344,-61.00510406
2026-10-05T11:03:25,,2400000000.0,1000000000.0,3,14,10,0.3647075465025815,0.3646939,723916799.9999994,6,64,37500000.0,15000000.0,200000.0,20,41586956.52173913,-61.82235718
2026-10-05T11:03:25,,2400000000.0,1000000000.0,3,14,10,0.3647075465025815,0.3646939,723916799.9999994,6,64,37500000.0,15000000.0,200000.0,20,41608695.652173914,-62.97589111
2026-10-05T11:03:25,,2400000000.0,1000000000.0,3,14,10,0.3647075465025815,0.3646939,723916799.9999994,6,64,37500000.0,15000000.0,200000.0,20,41630434.782608695,-62.34041977
2026-10-05T11:03:25,,2400000000.0,1000000000.0,3,14,10,0.3647075465025815,0.3646939,723916799.9999994,6,64,37500000.0,15000000.0,200000.0,20,41652173.91304348,-62.51727295
2026-10-05T11:03:25,,2400000000.0,1000000000.0,3,14,10,0.3647075465025815,0.3646939,723916799.9999994,6,64,37500000.0,15000000.0,200000.0,20,41673913.043478265,-62.83081818
2026-10-05T11:03:25,,2400000000.0,1000000000.0,3,14,10,0.3647075465025815,0.3646939,723916799.9999994,6,64,37500000.0,15000000.0,200000.0,20,41695652.17391305,-62.93251038
2026-10-05T11:03:25,,2400000000.0,1000000000.0,3,14,10,0.3647075465025815,0.3646939,723916799.9999994,6,64,37500000.0,15000000.0,200000.0,20,41717391.30434783,-62.89619064
2026-10-05T11:03:25,,2400000000.0,1000000000.0,3,14,10,0.3647075465025815,0.3646939,723916799.9999994,6,64,37500000.0,15000000.0,200000.0,20,41739130.43478261,-62.852211
2026-10-05T11:03:25,,2400000000.0,1000000000.0,3,14,10,0.3647075465025815,0.3646939,723916799.9999994,6,64,37500000.0,15000000.0,200000.0,20,41760869.56521739,-62.63549042
2026-10-05T11:03:25,,2400000000.0,1000000000.0,3,14,10,0.3647075465025815,0.3646939,723916799.9999994,6,64,37500000.0,15000000.0,200000.0,20,41782608.69565217,-62.04481506
2026-10-05T11:03:25,,2400000000.0,1000000000.0,3,14,10,0.3647075465025815,0.3646939,723916799.9999994,6,64,37500000.0,15000000.0,200000.0,20,41804347.82608695,-61.39902115
2026-10-05T11:03:25,,2400000000.0,1000000000.0,3,14,10,0.3647075465025815,0.3646939,723916799.9999994,6,64,37500000.0,15000000.0,200000.0,20,41826086.956521735,-60.82929993
2026-10-05T11:03:25,,2400000000.0,1000000000.0,3,14,10,0.3647075465025815,0.3646939,723916799.9999994,6,64,37500000.0,15000000.0,200000.0,20,41847826.08695652,-60.36644745
2026-10-05T11:03:25,,2400000000.0,1000000000.0,3,14,10,0.3647075465025815,0.3646939,723916799.9999994,6,64,37500000.0,15000000.0,200000.0,20,41869565.217391305,-60.0224762
2026-10-05T11:03:25,,2400000000.0,1000000000.0,3,14,10,0.3647075465025815,0.3646939,723916799.9999994,6,64,37500000.0,15000000.0,200000.0,20,41891304.347826086,-59.81444931
2026-10-05T11:03:25,,2400000000.0,1000000000.0,3,14,10,0.3647075465025815,0.3646939,723916799.9999994,6,64,37500000.0,15000000.0,200000.0,20,41913043.47826087,-59.80117035
2026-10-05T11:03:25,,2400000000.0,1000000000.0,3,14,10,0.3647075465025815,0.3646939,723916799.9999994,6,64,37500000.0,15000000.0,200000.0,20,41934782.608695656,-59.57897568
2026-10-05T11:03:25,,2400000000.0,1000000000.0,3,14,10,0.3647075465025815,0.3646939,723916799.9999994,6,64,37500000.0,15000000.0,200000.0,20,41956521.73913044,-59.29506683
2026-10-05T11:03:25,,2400000000.0,1000000000.0,3,14,10,0.3647075465025815,0.3646939,723916799.9999994,6,64,37500000.0,15000000.0,200000.0,20,41978260.86956522,-59.35120392
2026-10-05T11:03:25,,2400000000.0,1000000000.0,3,14,10,0.3647075465025815,0.3646939,723916799.9999994,6,64,37500000.0,15000000.0,200000.0,20,42000000.0,-59.75294113
2026-10-05T11:03:25,,2400000000.0,1000000000.0,3,14,10,0.3647075465025815,0.3646939,723916799.9999994,6,64,37500000.0,15000000.0,200000.0,20,42021739.13043478,-60.59186172
2026-10-05T11:03:25,,2400000000.0,1000000000.0,3,14,10,0.3647075465025815,0.3646939,723916799.9999994,6,64,37500000.0,15000000.0,200000.0,20,42043478.26086956,-62.01099014
2026-10-05T11:03:25,,2400000000.0,1000000000.0,3,14,10,0.3647075465025815,0.3646939,723916799.9999994,6,64,37500000.0,15000000.0,200000.0,20,42065217.391304344,-62.25366211
2026-10-05T11:03:25,,2400000000.0,1000000000.0,3,14,10,0.3647075465025815,0.3646939,723916799.9999994,6,64,37500000.0,15000000.0,200000.0,20,42086956.52173913,-62.98353195
2026-10-05T11:03:25,,2400000000.0,1000000000.0,3,14,10,0.3647075465025815,0.3646939,723916799.9999994,6,64,37500000.0,15000000.0,200000.0,20,42108695.652173914,-63.16370392
2026-10-05T11:03:25,,2400000000.0,1000000000.0,3,14,10,0.3647075465025815,0.3646939,723916799.9999994,6,64,37500000.0,15000000.0,200000.0,20,42130434.782608695,-63.23973846
2026-10-05T11:03:25,,2400000000.0,1000000000.0,3,14,10,0.3647075465025815,0.3646939,723916799.9999994,6,64,37500000.0,15000000.0,200000.0,20,42152173.91304348,-63.19743347
2026-10-05T11:03:25,,2400000000.0,1000000000.0,3,14,10,0.3647075465025815,0.3646939,723916799.9999994,6,64,37500000.0,15000000.0,200000.0,20,42173913.043478265,-63.1193924
2026-10-05T11:03:25,,2400000000.0,1000000000.0,3,14,10,0.3647075465025815,0.3646939,723916799.9999994,6,64,37500000.0,15000000.0,200000.0,20,42195652.17391305,-63.06764984
2026-10-05T11:03:25,,2400000000.0,1000000000.0,3,14,10,0.3647075465025815,0.3646939,723916799.9999994,6,64,37500000.0,15000000.0,200000.0,20,42217391.30434783,-62.99279022
2026-10-05T11:03:25,,2400000000.0,1000000000.0,3,14,10,0.3647075465025815,0.3646939,723916799.9999994,6,64,37500000.0,15000000.0,200000.0,20,42239130.43478261,-63.01177216
2026-10-05T11:03:25,,2400000000.0,1000000000.0,3,14,10,0.3647075465025815,0.3646939,723916799.9999994,6,64,37500000.0,15000000.0,200000.0,20,42260869.56521739,-63.17550278
2026-10-05T11:03:25,,2400000000.0,1000000000.0,3,14,10,0.3647075465025815,0.3646939,723916799.9999994,6,64,37500000.0,15000000.0,200000.0,20,42282608.69565217,-63.46556854
2026-10-05T11:03:25,,2400000000.0,1000000000.0,3,14,10,0.3647075465025815,0.3646939,723916799.9999994,6,64,37500000.0,15000000.0,200000.0,20,42304347.82608695,-63.75166321
2026-10-05T11:03:25,,2400000000.0,1000000000.0,3,14,10,0.3647075465025815,0.3646939,723916799.9999994,6,64,37500000.0,15000000.0,200000.0,20,42326086.956521735,-64.15190125
2026-10-05T11:03:25,,2400000000.0,1000000000.0,3,14,10,0.3647075465025815,0.3646939,723916799.9999994,6,64,37500000.0,15000000.0,200000.0,20,42347826.08695652,-64.65602875
2026-10-05T11:03:25,,2400000000.0,1000000000.0,3,14,10,0.3647075465025815,0.3646939,723916799.9999994,6,64,37500000.0,15000000.0,200000.0,20,42369565.217391305,-64.0915451
2026-10-05T11:03:25,,2400000000.0,1000000000.0,3,14,10,0.3647075465025815,0.3646939,723916799.9999994,6,64,37500000.0,15000000.0,200000.0,20,42391304.347826086,-63.73272705
2026-10-05T11:03:25,,2400000000.0,1000000000.0,3,14,10,0.3647075465025815,0.3646939,723916799.9999994,6,64,37500000.0,15000000.0,200000.0,20,42413043.47826087,-63.53781891
2026-10-05T11:03:25,,2400000000.0,1000000000.0,3,14,10,0.3647075465025815,0.3646939,723916799.9999994,6,64,37500000.0,15000000.0,200000.0,20,42434782.608695656,-63.63970184
2026-10-05T11:03:25,,2400000000.0,1000000000.0,3,14,10,0.3647075465025815,0.3646939,723916799.9999994,6,64,37500000.0,15000000.0,200000.0,20,42456521.73913044,-64.10845947
2026-10-05T11:03:25,,2400000000.0,1000000000.0,3,14,10,0.3647075465025815,0.3646939,723916799.9999994,6,64,37500000.0,15000000.0,200000.0,20,42478260.86956522,-64.10738373
2026-10-05T11:03:25,,2400000000.0,1000000000.0,3,14,10,0.3647075465025815,0.3646939,723916799.9999994,6,64,37500000.0,15000000.0,200000.0,20,42500000.0,-63.19928741
2026-10-05T11:03:25,,2400000000.0,1000000000.0,3,14,10,0.3647075465025815,0.3646939,723916799.9999994,6,64,37500000.0,15000000.0,200000.0,20,42521739.13043478,-62.8383255
2026-10-05T11:03:25,,2400000000.0,1000000000.0,3,14,10,0.3647075465025815,0.3646939,723916799.9999994,6,64,37500000.0,15000000.0,200000.0,20,42543478.26086956,-62.69396591
2026-10-05T11:03:25,,2400000000.0,1000000000.0,3,14,10,0.3647075465025815,0.3646939,723916799.9999994,6,64,37500000.0,15000000.0,200000.0,20,42565217.391304344,-62.58884048
2026-10-05T11:03:25,,2400000000.0,1000000000.0,3,14,10,0.3647075465025815,0.3646939,723916799.9999994,6,64,37500000.0,15000000.0,200000.0,20,42586956.52173913,-62.52501678
2026-10-05T11:03:25,,2400000000.0,1000000000.0,3,14,10,0.3647075465025815,0.3646939,723916799.9999994,6,64,37500000.0,15000000.0,200000.0,20,42608695.652173914,-62.59194565
2026-10-05T11:03:25,,2400000000.0,1000000000.0,3,14,10,0.3647075465025815,0.3646939,723916799.9999994,6,64,37500000.0,15000000.0,200000.0,20,42630434.782608695,-62.80867386
2026-10-05T11:03:25,,2400000000.0,1000000000.0,3,14,10,0.3647075465025815,0.3646939,723916799.9999994,6,64,37500000.0,15000000.0,200000.0,20,42652173.91304348,-63.05166626
2026-10-05T11:03:25,,2400000000.0,1000000000.0,3,14,10,0.3647075465025815,0.3646939,723916799.9999994,6,64,37500000.0,15000000.0,200000.0,20,42673913.043478265,-62.94970322
2026-10-05T11:03:25,,2400000000.0,1000000000.0,3,14,10,0.3647075465025815,0.3646939,723916799.9999994,6,64,37500000.0,15000000.0,200000.0,20,42695652.17391305,-62.62868118
2026-10-05T11:03:25,,2400000000.0,1000000000.0,3,14,10,0.3647075465025815,0.3646939,723916799.9999994,6,64,37500000.0,15000000.0,200000.0,20,42717391.30434783,-62.41679382
2026-10-05T11:03:25,,2400000000.0,1000000000.0,3,14,10,0.3647075465025815,0.3646939,723916799.9999994,6,64,37500000.0,15000000.0,200000.0,20,42739130.43478261,-62.54439545
2026-10-05T11:03:25,,2400000000.0,1000000000.0,3,14,10,0.3647075465025815,0.3646939,723916799.9999994,6,64,37500000.0,15000000.0,200000.0,20,42760869.56521739,-62.3963089
2026-10-05T11:03:25,,2400000000.0,1000000000.0,3,14,10,0.3647075465025815,0.3646939,723916799.9999994,6,64,37500000.0,15000000.0,200000.0,20,42782608.69565217,-62.0859642
2026-10-05T11:03:25,,2400000000.0,1000000000.0,3,14,10,0.3647075465025815,0.3646939,723916799.9999994,6,64,37500000.0,15000000.0,200000.0,20,42804347.82608695,-62.17712402
2026-10-05T11:03:25,,2400000000.0,1000000000.0,3,14,10,0.3647075465025815,0.3646939,723916799.9999994,6,64,37500000.0,15000000.0,200000.0,20,42826086.956521735,-62.50060272
2026-10-05T11:03:25,,2400000000.0,1000000000.0,3,14,10,0.3647075465025815,0.3646939,723916799.9999994,6,64,37500000.0,15000000.0,200000.0,20,42847826.08695652,-63.10042191
2026-10-05T11:03:25,,2400000000.0,1000000000.0,3,14,10,0.3647075465025815,0.3646939,723916799.9999994,6,64,37500000.0,15000000.0,200000.0,20,42869565.217391305,-62.40003204
2026-10-05T11:03:25,,2400000000.0,1000000000.0,3,14,10,0.3647075465025815,0.3646939,723916799.9999994,6,64,37500000.0,15000000.0,200000.0,20,42891304.347826086,-62.14067078
2026-10-05T11:03:25,,2400000000.0,1000000000.0,3,14,10,0.3647075465025815,0.3646939,723916799.9999994,6,64,37500000.0,15000000.0,200000.0,20,42913043.47826087,-62.04689789
2026-10-05T11:03:25,,2400000000.0,1000000000.0,3,14,10,0.3647075465025815,0.3646939,723916799.9999994,6,64,37500000.0,15000000.0,200000.0,20,42934782.608695656,-62.08192444
2026-10-05T11:03:25,,2400000000.0,1000000000.0,3,14,10,0.3647075465025815,0.3646939,723916799.9999994,6,64,37500000.0,15000000.0,200000.0,20,42956521.73913044,-62.20240402
2026-10-05T11:03:25,,2400000000.0,1000000000.0,3,14,10,0.3647075465025815,0.3646939,723916799.9999994,6,64,37500000.0,15000000.0,200000.0,20,42978260.86956522,-62.37010193
2026-10-05T11:03:25,,2400000000.0,1000000000.0,3,14,10,0.3647075465025815,0.3646939,723916799.9999994,6,64,37500000.0,15000000.0,200000.0,20,43000000.0,-62.46407318
2026-10-05T11:03:25,,2400000000.0,1000000000.0,3,14,10,0.3647075465025815,0.3646939,723916799.9999994,6,64,37500000.0,15000000.0,200000.0,20,43021739.13043478,-62.41371536
2026-10-05T11:03:25,,2400000000.0,1000000000.0,3,14,10,0.3647075465025815,0.3646939,723916799.9999994,6,64,37500000.0,15000000.0,200000.0,20,43043478.26086956,-62.42704773
2026-10-05T11:03:25,,2400000000.0,1000000000.0,3,14,10,0.3647075465025815,0.3646939,723916799.9999994,6,64,37500000.0,15000000.0,200000.0,20,43065217.391304344,-62.58425522
2026-10-05T11:03:25,,2400000000.0,1000000000.0,3,14,10,0.3647075465025815,0.3646939,723916799.9999994,6,64,37500000.0,15000000.0,200000.0,20,43086956.52173913,-62.79855728
2026-10-05T11:03:25,,2400000000.0,1000000000.0,3,14,10,0.3647075465025815,0.3646939,723916799.9999994,6,64,37500000.0,15000000.0,200000.0,20,43108695.652173914,-62.89335251
2026-10-05T11:03:25,,2400000000.0,1000000000.0,3,14,10,0.3647075465025815,0.3646939,723916799.9999994,6,64,37500000.0,15000000.0,200000.0,20,43130434.782608695,-62.91041183
2026-10-05T11:03:25,,2400000000.0,1000000000.0,3,14,10,0.3647075465025815,0.3646939,723916799.9999994,6,64,37500000.0,15000000.0,200000.0,20,43152173.91304348,-62.69618225
2026-10-05T11:03:25,,2400000000.0,1000000000.0,3,14,10,0.3647075465025815,0.3646939,723916799.9999994,6,64,37500000.0,15000000.0,200000.0,20,43173913.043478265,-62.72222137
2026-10-05T11:03:25,,2400000000.0,1000000000.0,3,14,10,0.3647075465025815,0.3646939,723916799.9999994,6,64,37500000.0,15000000.0,200000.0,20,43195652.17391305,-63.02033997
2026-10-05T11:03:25,,2400000000.0,1000000000.0,3,14,10,0.3647075465025815,0.3646939,723916799.9999994,6,64,37500000.0,15000000.0,200000.0,20,43217391.30434783,-63.61862183
2026-10-05T11:03:25,,2400000000.0,1000000000.0,3,14,10,0.3647075465025815,0.3646939,723916799.9999994,6,64,37500000.0,15000000.0,200000.0,20,43239130.43478261,-64.40574646
2026-10-05T11:03:25,,2400000000.0,1000000000.0,3,14,10,0.3647075465025815,0.3646939,723916799.9999994,6,64,37500000.0,15000000.0,200000.0,20,43260869.56521739,-64.2838974
2026-10-05T11:03:25,,2400000000.0,1000000000.0,3,14,10,0.3647075465025815,0.3646939,723916799.9999994,6,64,37500000.0,15000000.0,200000.0,20,43282608.69565217,-63.96033478
2026-10-05T11:03:25,,2400000000.0,1000000000.0,3,14,10,0.3647075465025815,0.3646939,723916799.9999994,6,64,37500000.0,15000000.0,200000.0,20,43304347.82608695,-63.70916367
2026-10-05T11:03:25,,2400000000.0,1000000000.0,3,14,10,0.3647075465025815,0.3646939,723916799.9999994,6,64,37500000.0,15000000.0,200000.0,20,43326086.956521735,-63.41464233
2026-10-05T11:03:25,,2400000000.0,1000000000.0,3,14,10,0.3647075465025815,0.3646939,723916799.9999994,6,64,37500000.0,15000000.0,200000.0,20,43347826.08695652,-63.31454468
2026-10-05T11:03:25,,2400000000.0,1000000000.0,3,14,10,0.3647075465025815,0.3646939,723916799.9999994,6,64,37500000.0,15000000.0,200000.0,20,43369565.217391305,-63.64260864
2026-10-05T11:03:25,,2400000000.0,1000000000.0,3,14,10,0.3647075465025815,0.3646939,723916799.9999994,6,64,37500000.0,15000000.0,200000.0,20,43391304.347826086,-63.32247543
2026-10-05T11:03:25,,2400000000.0,1000000000.0,3,14,10,0.3647075465025815,0.3646939,723916799.9999994,6,64,37500000.0,15000000.0,200000.0,20,43413043.47826087,-62.74920654
2026-10-05T11:03:25,,2400000000.0,1000000000.0,3,14,10,0.3647075465025815,0.3646939,723916799.9999994,6,64,37500000.0,15000000.0,200000.0,20,43434782.608695656,-62.38191605
2026-10-05T11:03:25,,2400000000.0,1000000000.0,3,14,10,0.3647075465025815,0.3646939,723916799.9999994,6,64,37500000.0,15000000.0,200000.0,20,43456521.73913044,-62.17877579
2026-10-05T11:03:25,,2400000000.0,1000000000.0,3,14,10,0.3647075465025815,0.3646939,723916799.9999994,6,64,37500000.0,15000000.0,200000.0,20,43478260.86956522,-62.14805222
2026-10-05T11:03:25,,2400000000.0,1000000000.0,3,14,10,0.3647075465025815,0.3646939,723916799.9999994,6,64,37500000.0,15000000.0,200000.0,20,43500000.0,-62.27926636
2026-10-05T11:03:25,,2400000000.0,1000000000.0,3,14,10,0.3647075465025815,0.3646939,723916799.9999994,6,64,37500000.0,15000000.0,200000.0,20,43521739.13043478,-62.50795364
2026-10-05T11:03:25,,2400000000.0,1000000000.0,3,14,10,0.3647075465025815,0.3646939,723916799.9999994,6,64,37500000.0,15000000.0,200000.0,20,43543478.26086956,-62.68822479
2026-10-05T11:03:25,,2400000000.0,1000000000.0,3,14,10,0.3647075465025815,0.3646939,723916799.9999994,6,64,37500000.0,15000000.0,200000.0,20,43565217.391304344,-62.80698013
2026-10-05T11:03:25,,2400000000.0,1000000000.0,3,14,10,0.3647075465025815,0.3646939,723916799.9999994,6,64,37500000.0,15000000.0,200000.0,20,43586956.52173913,-62.91392517
2026-10-05T11:03:25,,2400000000.0,1000000000.0,3,14,10,0.3647075465025815,0.3646939,723916799.9999994,6,64,37500000.0,15000000.0,200000.0,20,43608695.652173914,-62.96493149
2026-10-05T11:03:25,,2400000000.0,1000000000.0,3,14,10,0.3647075465025815,0.3646939,723916799.9999994,6,64,37500000.0,15000000.0,200000.0,20,43630434.782608695,-63.17192459
2026-10-05T11:03:25,,2400000000.0,1000000000.0,3,14,10,0.3647075465025815,0.3646939,723916799.9999994,6,64,37500000.0,15000000.0,200000.0,20,43652173.91304348,-62.74816513
2026-10-05T11:03:25,,2400000000.0,1000000000.0,3,14,10,0.3647075465025815,0.3646939,723916799.9999994,6,64,37500000.0,15000000.0,200000.0,20,43673913.043478265,-62.0316658
2026-10-05T11:03:25,,2400000000.0,1000000000.0,3,14,10,0.3647075465025815,0.3646939,723916799.9999994,6,64,37500000.0,15000000.0,200000.0,20,43695652.17391305,-61.72454453
2026-10-05T11:03:25,,2400000000.0,1000000000.0,3,14,10,0.3647075465025815,0.3646939,723916799.9999994,6,64,37500000.0,15000000.0,200000.0,20,43717391.30434783,-61.61619949
2026-10-05T11:03:25,,2400000000.0,1000000000.0,3,14,10,0.3647075465025815,0.3646939,723916799.9999994,6,64,37500000.0,15000000.0,200000.0,20,43739130.43478261,-61.62168121
2026-10-05T11:03:25,,2400000000.0,1000000000.0,3,14,10,0.3647075465025815,0.3646939,723916799.9999994,6,64,37500000.0,15000000.0,200000.0,20,43760869.56521739,-61.68519592
2026-10-05T11:03:25,,2400000000.0,1000000000.0,3,14,10,0.3647075465025815,0.3646939,723916799.9999994,6,64,37500000.0,15000000.0,200000.0,20,43782608.69565217,-61.74670792
2026-10-05T11:03:25,,2400000000.0,1000000000.0,3,14,10,0.3647075465025815,0.3646939,723916799.9999994,6,64,37500000.0,15000000.0,200000.0,20,43804347.82608695,-61.70358276
2026-10-05T11:03:25,,2400000000.0,1000000000.0,3,14,10,0.3647075465025815,0.3646939,723916799.9999994,6,64,37500000.0,15000000.0,200000.0,20,43826086.956521735,-61.5875473
2026-10-05T11:03:25,,2400000000.0,1000000000.0,3,14,10,0.3647075465025815,0.3646939,723916799.9999994,6,64,37500000.0,15000000.0,200000.0,20,43847826.08695652,-61.55494308
2026-10-05T11:03:25,,2400000000.0,1000000000.0,3,14,10,0.3647075465025815,0.3646939,723916799.9999994,6,64,37500000.0,15000000.0,200000.0,20,43869565.217391305,-61.72462845
2026-10-05T11:03:25,,2400000000.0,1000000000.0,3,14,10,0.3647075465025815,0.3646939,723916799.9999994,6,64,37500000.0,15000000.0,200000.0,20,43891304.347826086,-62.65615845
2026-10-05T11:03:25,,2400000000.0,1000000000.0,3,14,10,0.3647075465025815,0.3646939,723916799.9999994,6,64,37500000.0,15000000.0,200000.0,20,43913043.47826087,-61.96515656
2026-10-05T11:03:25,,2400000000.0,1000000000.0,3,14,10,0.3647075465025815,0.3646939,723916799.9999994,6,64,37500000.0,15000000.0,200000.0,20,43934782.608695656,-61.90024948
2026-10-05T11:03:25,,2400000000.0,1000000000.0,3,14,10,0.3647075465025815,0.3646939,723916799.9999994,6,64,37500000.0,15000000.0,200000.0,20,43956521.73913044,-62.0812645
2026-10-05T11:03:25,,2400000000.0,1000000000.0,3,14,10,0.3647075465025815,0.3646939,723916799.9999994,6,64,37500000.0,15000000.0,200000.0,20,43978260.86956522,-62.4007225
2026-10-05T11:03:25,,2400000000.0,1000000000.0,3,14,10,0.3647075465025815,0.3646939,723916799.9999994,6,64,37500000.0,15000000.0,200000.0,20,44000000.0,-62.84677505
2026-10-05T11:03:25,,2400000000.0,1000000000.0,3,14,10,0.3647075465025815,0.3646939,723916799.9999994,6,64,37500000.0,15000000.0,200000.0,20,44021739.13043478,-62.78660202
2026-10-05T11:03:25,,2400000000.0,1000000000.0,3,14,10,0.3647075465025815,0.3646939,723916799.9999994,6,64,37500000.0,15000000.0,200000.0,20,44043478.26086956,-62.6796608
2026-10-05T11:03:25,,2400000000.0,1000000000.0,3,14,10,0.3647075465025815,0.3646939,723916799.9999994,6,64,37500000.0,15000000.0,200000.0,20,44065217.391304344,-62.43504333
2026-10-05T11:03:25,,2400000000.0,1000000000.0,3,14,10,0.3647075465025815,0.3646939,723916799.9999994,6,64,37500000.0,15000000.0,200000.0,20,44086956.52173913,-61.78325653
2026-10-05T11:03:25,,2400000000.0,1000000000.0,3,14,10,0.3647075465025815,0.3646939,723916799.9999994,6,64,37500000.0,15000000.0,200000.0,20,44108695.652173914,-61.42220306
2026-10-05T11:03:25,,2400000000.0,1000000000.0,3,14,10,0.3647075465025815,0.3646939,723916799.9999994,6,64,37500000.0,15000000.0,200000.0,20,44130434.782608695,-61.2098465
2026-10-05T11:03:25,,2400000000.0,1000000000.0,3,14,10,0.3647075465025815,0.3646939,723916799.9999994,6,64,37500000.0,15000000.0,200000.0,20,44152173.91304348,-61.24165344
2026-10-05T11:03:25,,2400000000.0,1000000000.0,3,14,10,0.3647075465025815,0.3646939,723916799.9999994,6,64,37500000.0,15000000.0,200000.0,20,44173913.043478265,-61.72138596
2026-10-05T11:03:25,,2400000000.0,1000000000.0,3,14,10,0.3647075465025815,0.3646939,723916799.9999994,6,64,37500000.0,15000000.0,200000.0,20,44195652.17391305,-62.456604
2026-10-05T11:03:25,,2400000000.0,1000000000.0,3,14,10,0.3647075465025815,0.3646939,723916799.9999994,6,64,37500000.0,15000000.0,200000.0,20,44217391.30434783,-62.57702637
2026-10-05T11:03:25,,2400000000.0,1000000000.0,3,14,10,0.3647075465025815,0.3646939,723916799.9999994,6,64,37500000.0,15000000.0,200000.0,20,44239130.43478261,-63.46439743
2026-10-05T11:03:25,,2400000000.0,1000000000.0,3,14,10,0.3647075465025815,0.3646939,723916799.9999994,6,64,37500000.0,15000000.0,200000.0,20,44260869.56521739,-64.37349701
2026-10-05T11:03:25,,2400000000.0,1000000000.0,3,14,10,0.3647075465025815,0.3646939,723916799.9999994,6,64,37500000.0,15000000.0,200000.0,20,44282608.69565217,-64.40293121
2026-10-05T11:03:25,,2400000000.0,1000000000.0,3,14,10,0.3647075465025815,0.3646939,723916799.9999994,6,64,37500000.0,15000000.0,200000.0,20,44304347.82608695,-63.89349747
2026-10-05T11:03:25,,2400000000.0,1000000000.0,3,14,10,0.3647075465025815,0.3646939,723916799.9999994,6,64,37500000.0,15000000.0,200000.0,20,44326086.956521735,-63.14742661
2026-10-05T11:03:25,,2400000000.0,1000000000.0,3,14,10,0.3647075465025815,0.3646939,723916799.9999994,6,64,37500000.0,15000000.0,200000.0,20,44347826.08695652,-62.55869293
2026-10-05T11:03:25,,2400000000.0,1000000000.0,3,14,10,0.3647075465025815,0.3646939,723916799.9999994,6,64,37500000.0,15000000.0,200000.0,20,44369565.217391305,-61.74063873
2026-10-05T11:03:25,,2400000000.0,1000000000.0,3,14,10,0.3647075465025815,0.3646939,723916799.9999994,6,64,37500000.0,15000000.0,200000.0,20,44391304.347826086,-61.1555748
2026-10-05T11:03:25,,2400000000.0,1000000000.0,3,14,10,0.3647075465025815,0.3646939,723916799.9999994,6,64,37500000.0,15000000.0,200000.0,20,44413043.47826087,-60.83126831
2026-10-05T11:03:25,,2400000000.0,1000000000.0,3,14,10,0.3647075465025815,0.3646939,723916799.9999994,6,64,37500000.0,15000000.0,200000.0,20,44434782.608695656,-60.59439468
2026-10-05T11:03:25,,2400000000.0,1000000000.0,3,14,10,0.3647075465025815,0.3646939,723916799.9999994,6,64,37500000.0,15000000.0,200000.0,20,44456521.73913044,-60.41119385
2026-10-05T11:03:25,,2400000000.0,1000000000.0,3,14,10,0.3647075465025815,0.3646939,723916799.9999994,6,64,37500000.0,15000000.0,200000.0,20,44478260.86956522,-60.3339653
2026-10-05T11:03:25,,2400000000.0,1000000000.0,3,14,10,0.3647075465025815,0.3646939,723916799.9999994,6,64,37500000.0,15000000.0,200000.0,20,44500000.0,-60.25695801
2026-10-05T11:03:25,,2400000000.0,1000000000.0,3,14,10,0.3647075465025815,0.3646939,723916799.9999994,6,64,37500000.0,15000000.0,200000.0,20,44521739.13043478,-60.21733856
2026-10-05T11:03:25,,2400000000.0,1000000000.0,3,14,10,0.3647075465025815,0.3646939,723916799.9999994,6,64,37500000.0,15000000.0,200000.0,20,44543478.26086956,-60.16701508
2026-10-05T11:03:25,,2400000000.0,1000000000.0,3,14,10,0.3647075465025815,0.3646939,723916799.9999994,6,64,37500000.0,15000000.0,200000.0,20,44565217.391304344,-59.89027023
2026-10-05T11:03:25,,2400000000.0,1000000000.0,3,14,10,0.3647075465025815,0.3646939,723916799.9999994,6,64,37500000.0,15000000.0,200000.0,20,44586956.52173913,-59.68919754
2026-10-05T11:03:25,,2400000000.0,1000000000.0,3,14,10,0.3647075465025815,0.3646939,723916799.9999994,6,64,37500000.0,15000000.0,200000.0,20,44608695.652173914,-59.61457443
2026-10-05T11:03:25,,2400000000.0,1000000000.0,3,14,10,0.3647075465025815,0.3646939,723916799.9999994,6,64,37500000.0,15000000.0,200000.0,20,44630434.782608695,-59.67448425
2026-10-05T11:03:25,,2400000000.0,1000000000.0,3,14,10,0.3647075465025815,0.3646939,723916799.9999994,6,64,37500000.0,15000000.0,200000.0,20,44652173.91304348,-59.89004135
2026-10-05T11:03:25,,2400000000.0,1000000000.0,3,14,10,0.3647075465025815,0.3646939,723916799.9999994,6,64,37500000.0,15000000.0,200000.0,20,44673913.043478265,-60.35280609
2026-10-05T11:03:25,,2400000000.0,1000000000.0,3,14,10,0.3647075465025815,0.3646939,723916799.9999994,6,64,37500000.0,15000000.0,200000.0,20,44695652.17391305,-60.81349564
2026-10-05T11:03:25,,2400000000.0,1000000000.0,3,14,10,0.3647075465025815,0.3646939,723916799.9999994,6,64,37500000.0,15000000.0,200000.0,20,44717391.30434783,-60.57983398
2026-10-05T11:03:25,,2400000000.0,1000000000.0,3,14,10,0.3647075465025815,0.3646939,723916799.9999994,6,64,37500000.0,15000000.0,200000.0,20,44739130.43478261,-60.63275146
2026-10-05T11:03:25,,2400000000.0,1000000000.0,3,14,10,0.3647075465025815,0.3646939,723916799.9999994,6,64,37500000.0,15000000.0,200000.0,20,44760869.56521739,-60.74324417
2026-10-05T11:03:25,,2400000000.0,1000000000.0,3,14,10,0.3647075465025815,0.3646939,723916799.9999994,6,64,37500000.0,15000000.0,200000.0,20,44782608.69565217,-60.88549423
2026-10-05T11:03:25,,2400000000.0,1000000000.0,3,14,10,0.3647075465025815,0.3646939,723916799.9999994,6,64,37500000.0,15000000.0,200000.0,20,44804347.82608695,-60.91794205
2026-10-05T11:03:25,,2400000000.0,1000000000.0,3,14,10,0.3647075465025815,0.3646939,723916799.9999994,6,64,37500000.0,15000000.0,200000.0,20,44826086.956521735,-60.82885742
2026-10-05T11:03:25,,2400000000.0,1000000000.0,3,14,10,0.3647075465025815,0.3646939,723916799.9999994,6,64,37500000.0,15000000.0,200000.0,20,44847826.08695652,-60.77266312
2026-10-05T11:03:25,,2400000000.0,1000000000.0,3,14,10,0.3647075465025815,0.3646939,723916799.9999994,6,64,37500000.0,15000000.0,200000.0,20,44869565.217391305,-60.84854889
2026-10-05T11:03:25,,2400000000.0,1000000000.0,3,14,10,0.3647075465025815,0.3646939,723916799.9999994,6,64,37500000.0,15000000.0,200000.0,20,44891304.347826086,-61.17721939
2026-10-05T11:03:25,,2400000000.0,1000000000.0,3,14,10,0.3647075465025815,0.3646939,723916799.9999994,6,64,37500000.0,15000000.0,200000.0,20,44913043.47826087,-61.69513321
2026-10-05T11:03:25,,2400000000.0,1000000000.0,3,14,10,0.3647075465025815,0.3646939,723916799.9999994,6,64,37500000.0,15000000.0,200000.0,20,44934782.608695656,-61.39740372
2026-10-05T11:03:25,,2400000000.0,1000000000.0,3,14,10,0.3647075465025815,0.3646939,723916799.9999994,6,64,37500000.0,15000000.0,200000.0,20,44956521.73913044,-61.03500366
2026-10-05T11:03:25,,2400000000.0,1000000000.0,3,14,10,0.3647075465025815,0.3646939,723916799.9999994,6,64,37500000.0,15000000.0,200000.0,20,44978260.86956522,-60.63205719
2026-10-05T11:03:25,,2400000000.0,1000000000.0,3,14,10,0.3647075465025815,0.3646939,723916799.9999994,6,64,37500000.0,15000000.0,200000.0,20,45000000.0,-60.58327484
