sample,swept,vco_tune_coarse,vco_current_min,vco_current_max,vctrl,vctrl_set,vctrl_meas,i_ctrl,f_meas,f_std,n_valid,f_vco,clock,set_div_freq,clk_div_val,total_div
debug,vdd,0,0,0,0.75,0.75,0.7499871,6.237322e-10,9142570.0,56780.674529279764,2,nan,unstable,5,9,640
debug,vdd,0,0,1,0.75,0.75,0.7499871,6.237322e-10,9142570.0,56780.674529279764,2,nan,unstable,5,9,640
debug,vdd,0,0,2,0.75,0.75,0.7499871,6.237322e-10,9142570.0,56780.674529279764,2,nan,unstable,5,9,640
debug,vdd,0,0,3,0.75,0.75,0.7499871,6.237322e-10,9142570.0,56780.674529279764,2,nan,unstable,5,9,640
debug,vdd,0,0,4,0.75,0.75,0.7499871,6.237322e-10,9142570.0,56780.674529279764,2,nan,unstable,5,9,640
debug,vdd,0,0,5,0.75,0.75,0.7499871,6.237322e-10,9142570.0,56780.674529279764,2,nan,unstable,5,9,640
debug,vdd,0,0,6,0.75,0.75,0.7499871,6.237322e-10,9142570.0,56780.674529279764,2,nan,unstable,5,9,640
debug,vdd,0,0,7,0.75,0.75,0.7499871,6.237322e-10,9142570.0,56780.674529279764,2,nan,unstable,5,9,640
debug,vdd,0,0,8,0.75,0.75,0.7499871,6.237322e-10,9142570.0,56780.674529279764,2,nan,unstable,5,9,640
debug,vdd,0,0,9,0.75,0.75,0.7499871,6.237322e-10,9142570.0,56780.674529279764,2,nan,unstable,5,9,640
debug,vdd,0,0,10,0.75,0.75,0.7499871,6.237322e-10,9142570.0,56780.674529279764,2,nan,unstable,5,9,640
debug,vdd,0,0,11,0.75,0.75,0.7499871,6.237322e-10,9142570.0,56780.674529279764,2,nan,unstable,5,9,640
debug,vdd,0,0,12,0.75,0.75,0.7499871,6.237322e-10,9142570.0,56780.674529279764,2,nan,unstable,5,9,640
debug,vdd,0,0,13,0.75,0.75,0.7499871,6.237322e-10,9142570.0,56780.674529279764,2,nan,unstable,5,9,640
debug,vdd,0,0,14,0.75,0.75,0.7499871,6.237322e-10,9142570.0,56780.674529279764,2,nan,unstable,5,9,640
debug,vdd,0,0,15,0.75,0.75,0.7499871,6.237322e-10,9142570.0,56780.674529279764,2,nan,unstable,5,9,640
debug,vdd,0,1,0,0.75,0.75,0.7499864,5.366021e-10,nan,nan,0,nan,unstable,5,9,640
debug,vdd,0,1,1,0.75,0.75,0.7499864,5.366021e-10,nan,nan,0,nan,unstable,5,9,640
debug,vdd,0,1,2,0.75,0.75,0.7499864,5.366021e-10,nan,nan,0,nan,unstable,5,9,640
debug,vdd,0,1,3,0.75,0.75,0.7499864,5.366021e-10,nan,nan,0,nan,unstable,5,9,640
debug,vdd,0,1,4,0.75,0.75,0.7499864,5.366021e-10,nan,nan,0,nan,unstable,5,9,640
debug,vdd,0,1,5,0.75,0.75,0.7499864,5.366021e-10,nan,nan,0,nan,unstable,5,9,640
debug,vdd,0,1,6,0.75,0.75,0.7499864,5.366021e-10,nan,nan,0,nan,unstable,5,9,640
debug,vdd,0,1,7,0.75,0.75,0.7499864,5.366021e-10,nan,nan,0,nan,unstable,5,9,640
debug,vdd,0,1,8,0.75,0.75,0.7499864,5.366021e-10,nan,nan,0,nan,unstable,5,9,640
debug,vdd,0,1,9,0.75,0.75,0.7499864,5.366021e-10,nan,nan,0,nan,unstable,5,9,640
debug,vdd,0,1,10,0.75,0.75,0.7499864,5.366021e-10,nan,nan,0,nan,unstable,5,9,640
debug,vdd,0,1,11,0.75,0.75,0.7499864,5.366021e-10,nan,nan,0,nan,unstable,5,9,640
debug,vdd,0,1,12,0.75,0.75,0.7499864,5.366021e-10,nan,nan,0,nan,unstable,5,9,640
debug,vdd,0,1,13,0.75,0.75,0.7499864,5.366021e-10,nan,nan,0,nan,unstable,5,9,640
debug,vdd,0,1,14,0.75,0.75,0.7499864,5.366021e-10,nan,nan,0,nan,unstable,5,9,640
debug,vdd,0,1,15,0.75,0.75,0.7499864,5.366021e-10,nan,nan,0,nan,unstable,5,9,640
debug,vdd,0,2,0,0.75,0.75,0.7499856,4.70459e-10,nan,nan,0,nan,unstable,5,9,640
debug,vdd,0,2,1,0.75,0.75,0.7499856,4.70459e-10,nan,nan,0,nan,unstable,5,9,640
debug,vdd,0,2,2,0.75,0.75,0.7499856,4.70459e-10,nan,nan,0,nan,unstable,5,9,640
debug,vdd,0,2,3,0.75,0.75,0.7499856,4.70459e-10,nan,nan,0,nan,unstable,5,9,640
debug,vdd,0,2,4,0.75,0.75,0.7499856,4.70459e-10,nan,nan,0,nan,unstable,5,9,640
debug,vdd,0,2,5,0.75,0.75,0.7499856,4.70459e-10,nan,nan,0,nan,unstable,5,9,640
debug,vdd,0,2,6,0.75,0.75,0.7499856,4.70459e-10,nan,nan,0,nan,unstable,5,9,640
debug,vdd,0,2,7,0.75,0.75,0.7499856,4.70459e-10,nan,nan,0,nan,unstable,5,9,640
debug,vdd,0,2,8,0.75,0.75,0.7499856,4.70459e-10,nan,nan,0,nan,unstable,5,9,640
debug,vdd,0,2,9,0.75,0.75,0.7499856,4.70459e-10,nan,nan,0,nan,unstable,5,9,640
debug,vdd,0,2,10,0.75,0.75,0.7499856,4.70459e-10,nan,nan,0,nan,unstable,5,9,640
debug,vdd,0,2,11,0.75,0.75,0.7499856,4.70459e-10,nan,nan,0,nan,unstable,5,9,640
debug,vdd,0,2,12,0.75,0.75,0.7499856,4.70459e-10,nan,nan,0,nan,unstable,5,9,640
debug,vdd,0,2,13,0.75,0.75,0.7499856,4.70459e-10,nan,nan,0,nan,unstable,5,9,640
debug,vdd,0,2,14,0.75,0.75,0.7499856,4.70459e-10,nan,nan,0,nan,unstable,5,9,640
debug,vdd,0,2,15,0.75,0.75,0.7499856,4.70459e-10,nan,nan,0,nan,unstable,5,9,640
debug,vdd,0,3,0,0.75,0.75,0.7499861,5.79213e-10,nan,nan,0,nan,unstable,5,9,640
debug,vdd,0,3,1,0.75,0.75,0.7499861,5.79213e-10,nan,nan,0,nan,unstable,5,9,640
debug,vdd,0,3,2,0.75,0.75,0.7499861,5.79213e-10,nan,nan,0,nan,unstable,5,9,640
debug,vdd,0,3,3,0.75,0.75,0.7499861,5.79213e-10,nan,nan,0,nan,unstable,5,9,640
debug,vdd,0,3,4,0.75,0.75,0.7499861,5.79213e-10,nan,nan,0,nan,unstable,5,9,640
debug,vdd,0,3,5,0.75,0.75,0.7499861,5.79213e-10,nan,nan,0,nan,unstable,5,9,640
debug,vdd,0,3,6,0.75,0.75,0.7499861,5.79213e-10,nan,nan,0,nan,unstable,5,9,640
debug,vdd,0,3,7,0.75,0.75,0.7499861,5.79213e-10,nan,nan,0,nan,unstable,5,9,640
debug,vdd,0,3,8,0.75,0.75,0.7499861,5.79213e-10,nan,nan,0,nan,unstable,5,9,640
debug,vdd,0,3,9,0.75,0.75,0.7499861,5.79213e-10,nan,nan,0,nan,unstable,5,9,640
debug,vdd,0,3,10,0.75,0.75,0.7499861,5.79213e-10,nan,nan,0,nan,unstable,5,9,640
debug,vdd,0,3,11,0.75,0.75,0.7499861,5.79213e-10,nan,nan,0,nan,unstable,5,9,640
debug,vdd,0,3,12,0.75,0.75,0.7499861,5.79213e-10,nan,nan,0,nan,unstable,5,9,640
debug,vdd,0,3,13,0.75,0.75,0.7499861,5.79213e-10,nan,nan,0,nan,unstable,5,9,640
debug,vdd,0,3,14,0.75,0.75,0.7499861,5.79213e-10,nan,nan,0,nan,unstable,5,9,640
debug,vdd,0,3,15,0.75,0.75,0.7499861,5.79213e-10,nan,nan,0,nan,unstable,5,9,640
debug,vdd,0,4,0,0.75,0.75,0.7499853,4.666427e-10,8148326.0,13709.96644780723,5,5214928640.0,ok,5,9,640
debug,vdd,0,4,1,0.75,0.75,0.7499853,4.666427e-10,8148326.0,13709.96644780723,5,5214928640.0,ok,5,9,640
debug,vdd,0,4,2,0.75,0.75,0.7499853,4.666427e-10,8148326.0,13709.96644780723,5,5214928640.0,ok,5,9,640
debug,vdd,0,4,3,0.75,0.75,0.7499853,4.666427e-10,8148326.0,13709.96644780723,5,5214928640.0,ok,5,9,640
debug,vdd,0,4,4,0.75,0.75,0.7499853,4.666427e-10,8148326.0,13709.96644780723,5,5214928640.0,ok,5,9,640
debug,vdd,0,4,5,0.75,0.75,0.7499853,4.666427e-10,8148326.0,13709.96644780723,5,5214928640.0,ok,5,9,640
debug,vdd,0,4,6,0.75,0.75,0.7499853,4.666427e-10,8148326.0,13709.96644780723,5,5214928640.0,ok,5,9,640
debug,vdd,0,4,7,0.75,0.75,0.7499853,4.666427e-10,8148326.0,13709.96644780723,5,5214928640.0,ok,5,9,640
debug,vdd,0,4,8,0.75,0.75,0.7499853,4.666427e-10,8148326.0,13709.96644780723,5,5214928640.0,ok,5,9,640
debug,vdd,0,4,9,0.75,0.75,0.7499853,4.666427e-10,8148326.0,13709.96644780723,5,5214928640.0,ok,5,9,640
debug,vdd,0,4,10,0.75,0.75,0.7499853,4.666427e-10,8148326.0,13709.96644780723,5,5214928640.0,ok,5,9,640
debug,vdd,0,4,11,0.75,0.75,0.7499853,4.666427e-10,8148326.0,13709.96644780723,5,5214928640.0,ok,5,9,640
debug,vdd,0,4,12,0.75,0.75,0.7499853,4.666427e-10,8148326.0,13709.96644780723,5,5214928640.0,ok,5,9,640
debug,vdd,0,4,13,0.75,0.75,0.7499853,4.666427e-10,8148326.0,13709.96644780723,5,5214928640.0,ok,5,9,640
debug,vdd,0,4,14,0.75,0.75,0.7499853,4.666427e-10,8148326.0,13709.96644780723,5,5214928640.0,ok,5,9,640
debug,vdd,0,4,15,0.75,0.75,0.7499853,4.666427e-10,8148326.0,13709.96644780723,5,5214928640.0,ok,5,9,640
debug,vdd,0,5,0,0.75,0.75,0.7499844,5.614053e-10,8045500.0,19141.75671144109,5,5149120000.0,ok,5,9,640
debug,vdd,0,5,1,0.75,0.75,0.7499844,5.614053e-10,8045500.0,19141.75671144109,5,5149120000.0,ok,5,9,640
debug,vdd,0,5,2,0.75,0.75,0.7499844,5.614053e-10,8045500.0,19141.75671144109,5,5149120000.0,ok,5,9,640
debug,vdd,0,5,3,0.75,0.75,0.7499844,5.614053e-10,8045500.0,19141.75671144109,5,5149120000.0,ok,5,9,640
debug,vdd,0,5,4,0.75,0.75,0.7499844,5.614053e-10,8045500.0,19141.75671144109,5,5149120000.0,ok,5,9,640
debug,vdd,0,5,5,0.75,0.75,0.7499844,5.614053e-10,8045500.0,19141.75671144109,5,5149120000.0,ok,5,9,640
debug,vdd,0,5,6,0.75,0.75,0.7499844,5.614053e-10,8045500.0,19141.75671144109,5,5149120000.0,ok,5,9,640
debug,vdd,0,5,7,0.75,0.75,0.7499844,5.614053e-10,8045500.0,19141.75671144109,5,5149120000.0,ok,5,9,640
debug,vdd,0,5,8,0.75,0.75,0.7499844,5.614053e-10,8045500.0,19141.75671144109,5,5149120000.0,ok,5,9,640
debug,vdd,0,5,9,0.75,0.75,0.7499844,5.614053e-10,8045500.0,19141.75671144109,5,5149120000.0,ok,5,9,640
debug,vdd,0,5,10,0.75,0.75,0.7499844,5.614053e-10,8045500.0,19141.75671144109,5,5149120000.0,ok,5,9,640
debug,vdd,0,5,11,0.75,0.75,0.7499844,5.614053e-10,8045500.0,19141.75671144109,5,5149120000.0,ok,5,9,640
debug,vdd,0,5,12,0.75,0.75,0.7499844,5.614053e-10,8045500.0,19141.75671144109,5,5149120000.0,ok,5,9,640
debug,vdd,0,5,13,0.75,0.75,0.7499844,5.614053e-10,8045500.0,19141.75671144109,5,5149120000.0,ok,5,9,640
debug,vdd,0,5,14,0.75,0.75,0.7499844,5.614053e-10,8045500.0,19141.75671144109,5,5149120000.0,ok,5,9,640
debug,vdd,0,5,15,0.75,0.75,0.7499844,5.614053e-10,8045500.0,19141.75671144109,5,5149120000.0,ok,5,9,640
debug,vdd,0,6,0,0.75,0.75,0.7499863,6.981434e-10,7581234.0,22806.6937542468,5,4851989760.0,ok,5,9,640
debug,vdd,0,6,1,0.75,0.75,0.7499863,6.981434e-10,7581234.0,22806.6937542468,5,4851989760.0,ok,5,9,640
debug,vdd,0,6,2,0.75,0.75,0.7499863,6.981434e-10,7581234.0,22806.6937542468,5,4851989760.0,ok,5,9,640
debug,vdd,0,6,3,0.75,0.75,0.7499863,6.981434e-10,7581234.0,22806.6937542468,5,4851989760.0,ok,5,9,640
debug,vdd,0,6,4,0.75,0.75,0.7499863,6.981434e-10,7581234.0,22806.6937542468,5,4851989760.0,ok,5,9,640
debug,vdd,0,6,5,0.75,0.75,0.7499863,6.981434e-10,7581234.0,22806.6937542468,5,4851989760.0,ok,5,9,640
debug,vdd,0,6,6,0.75,0.75,0.7499863,6.981434e-10,7581234.0,22806.6937542468,5,4851989760.0,ok,5,9,640
debug,vdd,0,6,7,0.75,0.75,0.7499863,6.981434e-10,7581234.0,22806.6937542468,5,4851989760.0,ok,5,9,640
debug,vdd,0,6,8,0.75,0.75,0.7499863,6.981434e-10,7581234.0,22806.6937542468,5,4851989760.0,ok,5,9,640
debug,vdd,0,6,9,0.75,0.75,0.7499863,6.981434e-10,7581234.0,22806.6937542468,5,4851989760.0,ok,5,9,640
debug,vdd,0,6,10,0.75,0.75,0.7499863,6.981434e-10,7581234.0,22806.6937542468,5,4851989760.0,ok,5,9,640
debug,vdd,0,6,11,0.75,0.75,0.7499863,6.981434e-10,7581234.0,22806.6937542468,5,4851989760.0,ok,5,9,640
debug,vdd,0,6,12,0.75,0.75,0.7499863,6.981434e-10,7581234.0,22806.6937542468,5,4851989760.0,ok,5,9,640
debug,vdd,0,6,13,0.75,0.75,0.7499863,6.981434e-10,7581234.0,22806.6937542468,5,4851989760.0,ok,5,9,640
debug,vdd,0,6,14,0.75,0.75,0.7499863,6.981434e-10,7581234.0,22806.6937542468,5,4851989760.0,ok,5,9,640
debug,vdd,0,6,15,0.75,0.75,0.7499863,6.981434e-10,7581234.0,22806.6937542468,5,4851989760.0,ok,5,9,640
debug,vdd,0,7,0,0.75,0.75,0.7499864,5.620417e-10,7447628.0,7991.14009387897,5,4766481920.0,ok,5,9,640
debug,vdd,0,7,1,0.75,0.75,0.7499864,5.620417e-10,7447628.0,7991.14009387897,5,4766481920.0,ok,5,9,640
debug,vdd,0,7,2,0.75,0.75,0.7499864,5.620417e-10,7447628.0,7991.14009387897,5,4766481920.0,ok,5,9,640
debug,vdd,0,7,3,0.75,0.75,0.7499864,5.620417e-10,7447628.0,7991.14009387897,5,4766481920.0,ok,5,9,640
debug,vdd,0,7,4,0.75,0.75,0.7499864,5.620417e-10,7447628.0,7991.14009387897,5,4766481920.0,ok,5,9,640
debug,vdd,0,7,5,0.75,0.75,0.7499864,5.620417e-10,7447628.0,7991.14009387897,5,4766481920.0,ok,5,9,640
debug,vdd,0,7,6,0.75,0.75,0.7499864,5.620417e-10,7447628.0,7991.14009387897,5,4766481920.0,ok,5,9,640
debug,vdd,0,7,7,0.75,0.75,0.7499864,5.620417e-10,7447628.0,7991.14009387897,5,4766481920.0,ok,5,9,640
debug,vdd,0,7,8,0.75,0.75,0.7499864,5.620417e-10,7447628.0,7991.14009387897,5,4766481920.0,ok,5,9,640
debug,vdd,0,7,9,0.75,0.75,0.7499864,5.620417e-10,7447628.0,7991.14009387897,5,4766481920.0,ok,5,9,640
debug,vdd,0,7,10,0.75,0.75,0.7499864,5.620417e-10,7447628.0,7991.14009387897,5,4766481920.0,ok,5,9,640
debug,vdd,0,7,11,0.75,0.75,0.7499864,5.620417e-10,7447628.0,7991.14009387897,5,4766481920.0,ok,5,9,640
debug,vdd,0,7,12,0.75,0.75,0.7499864,5.620417e-10,7447628.0,7991.14009387897,5,4766481920.0,ok,5,9,640
debug,vdd,0,7,13,0.75,0.75,0.7499864,5.620417e-10,7447628.0,7991.14009387897,5,4766481920.0,ok,5,9,640
debug,vdd,0,7,14,0.75,0.75,0.7499864,5.620417e-10,7447628.0,7991.14009387897,5,4766481920.0,ok,5,9,640
debug,vdd,0,7,15,0.75,0.75,0.7499864,5.620417e-10,7447628.0,7991.14009387897,5,4766481920.0,ok,5,9,640
debug,vdd,0,8,0,0.75,0.75,0.7499855,4.208519e-10,3157518.6,5400.175997131945,5,2020811904.0,ok,5,9,640
debug,vdd,0,8,1,0.75,0.75,0.7499855,4.208519e-10,3157518.6,5400.175997131945,5,2020811904.0,ok,5,9,640
debug,vdd,0,8,2,0.75,0.75,0.7499855,4.208519e-10,3157518.6,5400.175997131945,5,2020811904.0,ok,5,9,640
debug,vdd,0,8,3,0.75,0.75,0.7499855,4.208519e-10,3157518.6,5400.175997131945,5,2020811904.0,ok,5,9,640
debug,vdd,0,8,4,0.75,0.75,0.7499855,4.208519e-10,3157518.6,5400.175997131945,5,2020811904.0,ok,5,9,640
debug,vdd,0,8,5,0.75,0.75,0.7499855,4.208519e-10,3157518.6,5400.175997131945,5,2020811904.0,ok,5,9,640
debug,vdd,0,8,6,0.75,0.75,0.7499855,4.208519e-10,3157518.6,5400.175997131945,5,2020811904.0,ok,5,9,640
debug,vdd,0,8,7,0.75,0.75,0.7499855,4.208519e-10,3157518.6,5400.175997131945,5,2020811904.0,ok,5,9,640
debug,vdd,0,8,8,0.75,0.75,0.7499855,4.208519e-10,3157518.6,5400.175997131945,5,2020811904.0,ok,5,9,640
debug,vdd,0,8,9,0.75,0.75,0.7499855,4.208519e-10,3157518.6,5400.175997131945,5,2020811904.0,ok,5,9,640
debug,vdd,0,8,10,0.75,0.75,0.7499855,4.208519e-10,3157518.6,5400.175997131945,5,2020811904.0,ok,5,9,640
debug,vdd,0,8,11,0.75,0.75,0.7499855,4.208519e-10,3157518.6,5400.175997131945,5,2020811904.0,ok,5,9,640
debug,vdd,0,8,12,0.75,0.75,0.7499855,4.208519e-10,3157518.6,5400.175997131945,5,2020811904.0,ok,5,9,640
debug,vdd,0,8,13,0.75,0.75,0.7499855,4.208519e-10,3157518.6,5400.175997131945,5,2020811904.0,ok,5,9,640
debug,vdd,0,8,14,0.75,0.75,0.7499855,4.208519e-10,3157518.6,5400.175997131945,5,2020811904.0,ok,5,9,640
debug,vdd,0,8,15,0.75,0.75,0.7499855,4.208519e-10,3157518.6,5400.175997131945,5,2020811904.0,ok,5,9,640
debug,vdd,0,9,0,0.75,0.75,0.7499868,4.609191e-10,3021641.8,6258.9238451989495,5,1933850752.0,ok,5,9,640
debug,vdd,0,9,1,0.75,0.75,0.7499868,4.609191e-10,3021641.8,6258.9238451989495,5,1933850752.0,ok,5,9,640
debug,vdd,0,9,2,0.75,0.75,0.7499868,4.609191e-10,3021641.8,6258.9238451989495,5,1933850752.0,ok,5,9,640
debug,vdd,0,9,3,0.75,0.75,0.7499868,4.609191e-10,3021641.8,6258.9238451989495,5,1933850752.0,ok,5,9,640
debug,vdd,0,9,4,0.75,0.75,0.7499868,4.609191e-10,3021641.8,6258.9238451989495,5,1933850752.0,ok,5,9,640
debug,vdd,0,9,5,0.75,0.75,0.7499868,4.609191e-10,3021641.8,6258.9238451989495,5,1933850752.0,ok,5,9,640
debug,vdd,0,9,6,0.75,0.75,0.7499868,4.609191e-10,3021641.8,6258.9238451989495,5,1933850752.0,ok,5,9,640
debug,vdd,0,9,7,0.75,0.75,0.7499868,4.609191e-10,3021641.8,6258.9238451989495,5,1933850752.0,ok,5,9,640
debug,vdd,0,9,8,0.75,0.75,0.7499868,4.609191e-10,3021641.8,6258.9238451989495,5,1933850752.0,ok,5,9,640
debug,vdd,0,9,9,0.75,0.75,0.7499868,4.609191e-10,3021641.8,6258.9238451989495,5,1933850752.0,ok,5,9,640
debug,vdd,0,9,10,0.75,0.75,0.7499868,4.609191e-10,3021641.8,6258.9238451989495,5,1933850752.0,ok,5,9,640
debug,vdd,0,9,11,0.75,0.75,0.7499868,4.609191e-10,3021641.8,6258.9238451989495,5,1933850752.0,ok,5,9,640
debug,vdd,0,9,12,0.75,0.75,0.7499868,4.609191e-10,3021641.8,6258.9238451989495,5,1933850752.0,ok,5,9,640
debug,vdd,0,9,13,0.75,0.75,0.7499868,4.609191e-10,3021641.8,6258.9238451989495,5,1933850752.0,ok,5,9,640
debug,vdd,0,9,14,0.75,0.75,0.7499868,4.609191e-10,3021641.8,6258.9238451989495,5,1933850752.0,ok,5,9,640
debug,vdd,0,9,15,0.75,0.75,0.7499868,4.609191e-10,3021641.8,6258.9238451989495,5,1933850752.0,ok,5,9,640
debug,vdd,0,10,0,0.75,0.75,0.7499862,4.526511e-10,2348050.2,4587.504735692379,5,1502752128.0,ok,5,9,640
debug,vdd,0,10,1,0.75,0.75,0.7499862,4.526511e-10,2348050.2,4587.504735692379,5,1502752128.0,ok,5,9,640
debug,vdd,0,10,2,0.75,0.75,0.7499862,4.526511e-10,2348050.2,4587.504735692379,5,1502752128.0,ok,5,9,640
debug,vdd,0,10,3,0.75,0.75,0.7499862,4.526511e-10,2348050.2,4587.504735692379,5,1502752128.0,ok,5,9,640
debug,vdd,0,10,4,0.75,0.75,0.7499862,4.526511e-10,2348050.2,4587.504735692379,5,1502752128.0,ok,5,9,640
debug,vdd,0,10,5,0.75,0.75,0.7499862,4.526511e-10,2348050.2,4587.504735692379,5,1502752128.0,ok,5,9,640
debug,vdd,0,10,6,0.75,0.75,0.7499862,4.526511e-10,2348050.2,4587.504735692379,5,1502752128.0,ok,5,9,640
debug,vdd,0,10,7,0.75,0.75,0.7499862,4.526511e-10,2348050.2,4587.504735692379,5,1502752128.0,ok,5,9,640
debug,vdd,0,10,8,0.75,0.75,0.7499862,4.526511e-10,2348050.2,4587.504735692379,5,1502752128.0,ok,5,9,640
debug,vdd,0,10,9,0.75,0.75,0.7499862,4.526511e-10,2348050.2,4587.504735692379,5,1502752128.0,ok,5,9,640
debug,vdd,0,10,10,0.75,0.75,0.7499862,4.526511e-10,2348050.2,4587.504735692379,5,1502752128.0,ok,5,9,640
debug,vdd,0,10,11,0.75,0.75,0.7499862,4.526511e-10,2348050.2,4587.504735692379,5,1502752128.0,ok,5,9,640
debug,vdd,0,10,12,0.75,0.75,0.7499862,4.526511e-10,2348050.2,4587.504735692379,5,1502752128.0,ok,5,9,640
debug,vdd,0,10,13,0.75,0.75,0.7499862,4.526511e-10,2348050.2,4587.504735692379,5,1502752128.0,ok,5,9,640
debug,vdd,0,10,14,0.75,0.75,0.7499862,4.526511e-10,2348050.2,4587.504735692379,5,1502752128.0,ok,5,9,640
debug,vdd,0,10,15,0.75,0.75,0.7499862,4.526511e-10,2348050.2,4587.504735692379,5,1502752128.0,ok,5,9,640
debug,vdd,0,11,0,0.75,0.75,0.7499856,5.181584e-10,2194388.2,5040.87176984299,5,1404408448.0,ok,5,9,640
debug,vdd,0,11,1,0.75,0.75,0.7499856,5.181584e-10,2194388.2,5040.87176984299,5,1404408448.0,ok,5,9,640
debug,vdd,0,11,2,0.75,0.75,0.7499856,5.181584e-10,2194388.2,5040.87176984299,5,1404408448.0,ok,5,9,640
debug,vdd,0,11,3,0.75,0.75,0.7499856,5.181584e-10,2194388.2,5040.87176984299,5,1404408448.0,ok,5,9,640
debug,vdd,0,11,4,0.75,0.75,0.7499856,5.181584e-10,2194388.2,5040.87176984299,5,1404408448.0,ok,5,9,640
debug,vdd,0,11,5,0.75,0.75,0.7499856,5.181584e-10,2194388.2,5040.87176984299,5,1404408448.0,ok,5,9,640
debug,vdd,0,11,6,0.75,0.75,0.7499856,5.181584e-10,2194388.2,5040.87176984299,5,1404408448.0,ok,5,9,640
debug,vdd,0,11,7,0.75,0.75,0.7499856,5.181584e-10,2194388.2,5040.87176984299,5,1404408448.0,ok,5,9,640
debug,vdd,0,11,8,0.75,0.75,0.7499856,5.181584e-10,2194388.2,5040.87176984299,5,1404408448.0,ok,5,9,640
debug,vdd,0,11,9,0.75,0.75,0.7499856,5.181584e-10,2194388.2,5040.87176984299,5,1404408448.0,ok,5,9,640
debug,vdd,0,11,10,0.75,0.75,0.7499856,5.181584e-10,2194388.2,5040.87176984299,5,1404408448.0,ok,5,9,640
debug,vdd,0,11,11,0.75,0.75,0.7499856,5.181584e-10,2194388.2,5040.87176984299,5,1404408448.0,ok,5,9,640
debug,vdd,0,11,12,0.75,0.75,0.7499856,5.181584e-10,2194388.2,5040.87176984299,5,1404408448.0,ok,5,9,640
debug,vdd,0,11,13,0.75,0.75,0.7499856,5.181584e-10,2194388.2,5040.87176984299,5,1404408448.0,ok,5,9,640
debug,vdd,0,11,14,0.75,0.75,0.7499856,5.181584e-10,2194388.2,5040.87176984299,5,1404408448.0,ok,5,9,640
debug,vdd,0,11,15,0.75,0.75,0.7499856,5.181584e-10,2194388.2,5040.87176984299,5,1404408448.0,ok,5,9,640
debug,vdd,0,12,0,0.75,0.75,0.7499856,4.564668e-10,808.8502,181.1892031805427,5,nan,unstable,5,9,640
debug,vdd,0,12,1,0.75,0.75,0.7499856,4.564668e-10,808.8502,181.1892031805427,5,nan,unstable,5,9,640
debug,vdd,0,12,2,0.75,0.75,0.7499856,4.564668e-10,808.8502,181.1892031805427,5,nan,unstable,5,9,640
debug,vdd,0,12,3,0.75,0.75,0.7499856,4.564668e-10,808.8502,181.1892031805427,5,nan,unstable,5,9,640
debug,vdd,0,12,4,0.75,0.75,0.7499856,4.564668e-10,808.8502,181.1892031805427,5,nan,unstable,5,9,640
debug,vdd,0,12,5,0.75,0.75,0.7499856,4.564668e-10,808.8502,181.1892031805427,5,nan,unstable,5,9,640
debug,vdd,0,12,6,0.75,0.75,0.7499856,4.564668e-10,808.8502,181.1892031805427,5,nan,unstable,5,9,640
debug,vdd,0,12,7,0.75,0.75,0.7499856,4.564668e-10,808.8502,181.1892031805427,5,nan,unstable,5,9,640
debug,vdd,0,12,8,0.75,0.75,0.7499856,4.564668e-10,808.8502,181.1892031805427,5,nan,unstable,5,9,640
debug,vdd,0,12,9,0.75,0.75,0.7499856,4.564668e-10,808.8502,181.1892031805427,5,nan,unstable,5,9,640
debug,vdd,0,12,10,0.75,0.75,0.7499856,4.564668e-10,808.8502,181.1892031805427,5,nan,unstable,5,9,640
debug,vdd,0,12,11,0.75,0.75,0.7499856,4.564668e-10,808.8502,181.1892031805427,5,nan,unstable,5,9,640
debug,vdd,0,12,12,0.75,0.75,0.7499856,4.564668e-10,808.8502,181.1892031805427,5,nan,unstable,5,9,640
debug,vdd,0,12,13,0.75,0.75,0.7499856,4.564668e-10,808.8502,181.1892031805427,5,nan,unstable,5,9,640
debug,vdd,0,12,14,0.75,0.75,0.7499856,4.564668e-10,808.8502,181.1892031805427,5,nan,unstable,5,9,640
debug,vdd,0,12,15,0.75,0.75,0.7499856,4.564668e-10,808.8502,181.1892031805427,5,nan,unstable,5,9,640
debug,vdd,0,13,0,0.75,0.75,0.7499864,4.958989e-10,47.464942,10.099104662982258,5,nan,unstable,5,9,640
debug,vdd,0,13,1,0.75,0.75,0.7499864,4.958989e-10,47.464942,10.099104662982258,5,nan,unstable,5,9,640
debug,vdd,0,13,2,0.75,0.75,0.7499864,4.958989e-10,47.464942,10.099104662982258,5,nan,unstable,5,9,640
debug,vdd,0,13,3,0.75,0.75,0.7499864,4.958989e-10,47.464942,10.099104662982258,5,nan,unstable,5,9,640
debug,vdd,0,13,4,0.75,0.75,0.7499864,4.958989e-10,47.464942,10.099104662982258,5,nan,unstable,5,9,640
debug,vdd,0,13,5,0.75,0.75,0.7499864,4.958989e-10,47.464942,10.099104662982258,5,nan,unstable,5,9,640
debug,vdd,0,13,6,0.75,0.75,0.7499864,4.958989e-10,47.464942,10.099104662982258,5,nan,unstable,5,9,640
debug,vdd,0,13,7,0.75,0.75,0.7499864,4.958989e-10,47.464942,10.099104662982258,5,nan,unstable,5,9,640
debug,vdd,0,13,8,0.75,0.75,0.7499864,4.958989e-10,47.464942,10.099104662982258,5,nan,unstable,5,9,640
debug,vdd,0,13,9,0.75,0.75,0.7499864,4.958989e-10,47.464942,10.099104662982258,5,nan,unstable,5,9,640
debug,vdd,0,13,10,0.75,0.75,0.7499864,4.958989e-10,47.464942,10.099104662982258,5,nan,unstable,5,9,640
debug,vdd,0,13,11,0.75,0.75,0.7499864,4.958989e-10,47.464942,10.099104662982258,5,nan,unstable,5,9,640
debug,vdd,0,13,12,0.75,0.75,0.7499864,4.958989e-10,47.464942,10.099104662982258,5,nan,unstable,5,9,640
debug,vdd,0,13,13,0.75,0.75,0.7499864,4.958989e-10,47.464942,10.099104662982258,5,nan,unstable,5,9,640
debug,vdd,0,13,14,0.75,0.75,0.7499864,4.958989e-10,47.464942,10.099104662982258,5,nan,unstable,5,9,640
debug,vdd,0,13,15,0.75,0.75,0.7499864,4.958989e-10,47.464942,10.099104662982258,5,nan,unstable,5,9,640
debug,vdd,0,14,0,0.75,0.75,0.7499852,5.474134e-10,nan,nan,0,nan,no_clock,5,9,640
debug,vdd,0,14,1,0.75,0.75,0.7499852,5.474134e-10,nan,nan,0,nan,no_clock,5,9,640
debug,vdd,0,14,2,0.75,0.75,0.7499852,5.474134e-10,nan,nan,0,nan,no_clock,5,9,640
debug,vdd,0,14,3,0.75,0.75,0.7499852,5.474134e-10,nan,nan,0,nan,no_clock,5,9,640
debug,vdd,0,14,4,0.75,0.75,0.7499852,5.474134e-10,nan,nan,0,nan,no_clock,5,9,640
debug,vdd,0,14,5,0.75,0.75,0.7499852,5.474134e-10,nan,nan,0,nan,no_clock,5,9,640
debug,vdd,0,14,6,0.75,0.75,0.7499852,5.474134e-10,nan,nan,0,nan,no_clock,5,9,640
debug,vdd,0,14,7,0.75,0.75,0.7499852,5.474134e-10,nan,nan,0,nan,no_clock,5,9,640
debug,vdd,0,14,8,0.75,0.75,0.7499852,5.474134e-10,nan,nan,0,nan,no_clock,5,9,640
debug,vdd,0,14,9,0.75,0.75,0.7499852,5.474134e-10,nan,nan,0,nan,no_clock,5,9,640
debug,vdd,0,14,10,0.75,0.75,0.7499852,5.474134e-10,nan,nan,0,nan,no_clock,5,9,640
debug,vdd,0,14,11,0.75,0.75,0.7499852,5.474134e-10,nan,nan,0,nan,no_clock,5,9,640
debug,vdd,0,14,12,0.75,0.75,0.7499852,5.474134e-10,nan,nan,0,nan,no_clock,5,9,640
debug,vdd,0,14,13,0.75,0.75,0.7499852,5.474134e-10,nan,nan,0,nan,no_clock,5,9,640
debug,vdd,0,14,14,0.75,0.75,0.7499852,5.474134e-10,nan,nan,0,nan,no_clock,5,9,640
debug,vdd,0,14,15,0.75,0.75,0.7499852,5.474134e-10,nan,nan,0,nan,no_clock,5,9,640
debug,vdd,0,15,0,0.75,0.75,0.7499869,5.149784e-10,nan,nan,0,nan,no_clock,5,9,640
debug,vdd,0,15,1,0.75,0.75,0.7499869,5.149784e-10,nan,nan,0,nan,no_clock,5,9,640
debug,vdd,0,15,2,0.75,0.75,0.7499869,5.149784e-10,nan,nan,0,nan,no_clock,5,9,640
debug,vdd,0,15,3,0.75,0.75,0.7499869,5.149784e-10,nan,nan,0,nan,no_clock,5,9,640
debug,vdd,0,15,4,0.75,0.75,0.7499869,5.149784e-10,nan,nan,0,nan,no_clock,5,9,640
debug,vdd,0,15,5,0.75,0.75,0.7499869,5.149784e-10,nan,nan,0,nan,no_clock,5,9,640
debug,vdd,0,15,6,0.75,0.75,0.7499869,5.149784e-10,nan,nan,0,nan,no_clock,5,9,640
debug,vdd,0,15,7,0.75,0.75,0.7499869,5.149784e-10,nan,nan,0,nan,no_clock,5,9,640
debug,vdd,0,15,8,0.75,0.75,0.7499869,5.149784e-10,nan,nan,0,nan,no_clock,5,9,640
debug,vdd,0,15,9,0.75,0.75,0.7499869,5.149784e-10,nan,nan,0,nan,no_clock,5,9,640
debug,vdd,0,15,10,0.75,0.75,0.7499869,5.149784e-10,nan,nan,0,nan,no_clock,5,9,640
debug,vdd,0,15,11,0.75,0.75,0.7499869,5.149784e-10,nan,nan,0,nan,no_clock,5,9,640
debug,vdd,0,15,12,0.75,0.75,0.7499869,5.149784e-10,nan,nan,0,nan,no_clock,5,9,640
debug,vdd,0,15,13,0.75,0.75,0.7499869,5.149784e-10,nan,nan,0,nan,no_clock,5,9,640
debug,vdd,0,15,14,0.75,0.75,0.7499869,5.149784e-10,nan,nan,0,nan,no_clock,5,9,640
debug,vdd,0,15,15,0.75,0.75,0.7499869,5.149784e-10,nan,nan,0,nan,no_clock,5,9,640
debug,vdd,8,0,0,0.75,0.75,0.749986,6.415403e-10,4905584.0,1064.3683572899,5,1206773664.0,ok,0,122,246
debug,vdd,8,0,1,0.75,0.75,0.749986,6.415403e-10,4905584.0,1064.3683572899,5,1206773664.0,ok,0,122,246
debug,vdd,8,0,2,0.75,0.75,0.749986,6.415403e-10,4905584.0,1064.3683572899,5,1206773664.0,ok,0,122,246
debug,vdd,8,0,3,0.75,0.75,0.749986,6.415403e-10,4905584.0,1064.3683572899,5,1206773664.0,ok,0,122,246
debug,vdd,8,0,4,0.75,0.75,0.749986,6.415403e-10,4905584.0,1064.3683572899,5,1206773664.0,ok,0,122,246
debug,vdd,8,0,5,0.75,0.75,0.749986,6.415403e-10,4905584.0,1064.3683572899,5,1206773664.0,ok,0,122,246
debug,vdd,8,0,6,0.75,0.75,0.749986,6.415403e-10,4905584.0,1064.3683572899,5,1206773664.0,ok,0,122,246
debug,vdd,8,0,7,0.75,0.75,0.749986,6.415403e-10,4905584.0,1064.3683572899,5,1206773664.0,ok,0,122,246
debug,vdd,8,0,8,0.75,0.75,0.749986,6.415403e-10,4905584.0,1064.3683572899,5,1206773664.0,ok,0,122,246
debug,vdd,8,0,9,0.75,0.75,0.749986,6.415403e-10,4905584.0,1064.3683572899,5,1206773664.0,ok,0,122,246
debug,vdd,8,0,10,0.75,0.75,0.749986,6.415403e-10,4905584.0,1064.3683572899,5,1206773664.0,ok,0,122,246
debug,vdd,8,0,11,0.75,0.75,0.749986,6.415403e-10,4905584.0,1064.3683572899,5,1206773664.0,ok,0,122,246
debug,vdd,8,0,12,0.75,0.75,0.749986,6.415403e-10,4905584.0,1064.3683572899,5,1206773664.0,ok,0,122,246
debug,vdd,8,0,13,0.75,0.75,0.749986,6.415403e-10,4905584.0,1064.3683572899,5,1206773664.0,ok,0,122,246
debug,vdd,8,0,14,0.75,0.75,0.749986,6.415403e-10,4905584.0,1064.3683572899,5,1206773664.0,ok,0,122,246
debug,vdd,8,0,15,0.75,0.75,0.749986,6.415403e-10,4905584.0,1064.3683572899,5,1206773664.0,ok,0,122,246
debug,vdd,8,1,0,0.75,0.75,0.7499854,6.637997e-10,4899456.0,858.6501033599193,5,1205266176.0,ok,0,122,246
debug,vdd,8,1,1,0.75,0.75,0.7499854,6.637997e-10,4899456.0,858.6501033599193,5,1205266176.0,ok,0,122,246
debug,vdd,8,1,2,0.75,0.75,0.7499854,6.637997e-10,4899456.0,858.6501033599193,5,1205266176.0,ok,0,122,246
debug,vdd,8,1,3,0.75,0.75,0.7499854,6.637997e-10,4899456.0,858.6501033599193,5,1205266176.0,ok,0,122,246
debug,vdd,8,1,4,0.75,0.75,0.7499854,6.637997e-10,4899456.0,858.6501033599193,5,1205266176.0,ok,0,122,246
debug,vdd,8,1,5,0.75,0.75,0.7499854,6.637997e-10,4899456.0,858.6501033599193,5,1205266176.0,ok,0,122,246
debug,vdd,8,1,6,0.75,0.75,0.7499854,6.637997e-10,4899456.0,858.6501033599193,5,1205266176.0,ok,0,122,246
debug,vdd,8,1,7,0.75,0.75,0.7499854,6.637997e-10,4899456.0,858.6501033599193,5,1205266176.0,ok,0,122,246
debug,vdd,8,1,8,0.75,0.75,0.7499854,6.637997e-10,4899456.0,858.6501033599193,5,1205266176.0,ok,0,122,246
debug,vdd,8,1,9,0.75,0.75,0.7499854,6.637997e-10,4899456.0,858.6501033599193,5,1205266176.0,ok,0,122,246
debug,vdd,8,1,10,0.75,0.75,0.7499854,6.637997e-10,4899456.0,858.6501033599193,5,1205266176.0,ok,0,122,246
debug,vdd,8,1,11,0.75,0.75,0.7499854,6.637997e-10,4899456.0,858.6501033599193,5,1205266176.0,ok,0,122,246
debug,vdd,8,1,12,0.75,0.75,0.7499854,6.637997e-10,4899456.0,858.6501033599193,5,1205266176.0,ok,0,122,246
debug,vdd,8,1,13,0.75,0.75,0.7499854,6.637997e-10,4899456.0,858.6501033599193,5,1205266176.0,ok,0,122,246
debug,vdd,8,1,14,0.75,0.75,0.7499854,6.637997e-10,4899456.0,858.6501033599193,5,1205266176.0,ok,0,122,246
debug,vdd,8,1,15,0.75,0.75,0.7499854,6.637997e-10,4899456.0,858.6501033599193,5,1205266176.0,ok,0,122,246
debug,vdd,8,2,0,0.75,0.75,0.7499864,6.777915e-10,4874260.0,2166.3333076883623,5,1199067960.0,ok,0,122,246
debug,vdd,8,2,1,0.75,0.75,0.7499864,6.777915e-10,4874260.0,2166.3333076883623,5,1199067960.0,ok,0,122,246
debug,vdd,8,2,2,0.75,0.75,0.7499864,6.777915e-10,4874260.0,2166.3333076883623,5,1199067960.0,ok,0,122,246
debug,vdd,8,2,3,0.75,0.75,0.7499864,6.777915e-10,4874260.0,2166.3333076883623,5,1199067960.0,ok,0,122,246
debug,vdd,8,2,4,0.75,0.75,0.7499864,6.777915e-10,4874260.0,2166.3333076883623,5,1199067960.0,ok,0,122,246
debug,vdd,8,2,5,0.75,0.75,0.7499864,6.777915e-10,4874260.0,2166.3333076883623,5,1199067960.0,ok,0,122,246
debug,vdd,8,2,6,0.75,0.75,0.7499864,6.777915e-10,4874260.0,2166.3333076883623,5,1199067960.0,ok,0,122,246
debug,vdd,8,2,7,0.75,0.75,0.7499864,6.777915e-10,4874260.0,2166.3333076883623,5,1199067960.0,ok,0,122,246
debug,vdd,8,2,8,0.75,0.75,0.7499864,6.777915e-10,4874260.0,2166.3333076883623,5,1199067960.0,ok,0,122,246
debug,vdd,8,2,9,0.75,0.75,0.7499864,6.777915e-10,4874260.0,2166.3333076883623,5,1199067960.0,ok,0,122,246
debug,vdd,8,2,10,0.75,0.75,0.7499864,6.777915e-10,4874260.0,2166.3333076883623,5,1199067960.0,ok,0,122,246
debug,vdd,8,2,11,0.75,0.75,0.7499864,6.777915e-10,4874260.0,2166.3333076883623,5,1199067960.0,ok,0,122,246
debug,vdd,8,2,12,0.75,0.75,0.7499864,6.777915e-10,4874260.0,2166.3333076883623,5,1199067960.0,ok,0,122,246
debug,vdd,8,2,13,0.75,0.75,0.7499864,6.777915e-10,4874260.0,2166.3333076883623,5,1199067960.0,ok,0,122,246
debug,vdd,8,2,14,0.75,0.75,0.7499864,6.777915e-10,4874260.0,2166.3333076883623,5,1199067960.0,ok,0,122,246
debug,vdd,8,2,15,0.75,0.75,0.7499864,6.777915e-10,4874260.0,2166.3333076883623,5,1199067960.0,ok,0,122,246
debug,vdd,8,3,0,0.75,0.75,0.7499863,5.74761e-10,4868940.0,1040.6728592598156,5,1197759240.0,ok,0,122,246
debug,vdd,8,3,1,0.75,0.75,0.7499863,5.74761e-10,4868940.0,1040.6728592598156,5,1197759240.0,ok,0,122,246
debug,vdd,8,3,2,0.75,0.75,0.7499863,5.74761e-10,4868940.0,1040.6728592598156,5,1197759240.0,ok,0,122,246
debug,vdd,8,3,3,0.75,0.75,0.7499863,5.74761e-10,4868940.0,1040.6728592598156,5,1197759240.0,ok,0,122,246
debug,vdd,8,3,4,0.75,0.75,0.7499863,5.74761e-10,4868940.0,1040.6728592598156,5,1197759240.0,ok,0,122,246
debug,vdd,8,3,5,0.75,0.75,0.7499863,5.74761e-10,4868940.0,1040.6728592598156,5,1197759240.0,ok,0,122,246
debug,vdd,8,3,6,0.75,0.75,0.7499863,5.74761e-10,4868940.0,1040.6728592598156,5,1197759240.0,ok,0,122,246
debug,vdd,8,3,7,0.75,0.75,0.7499863,5.74761e-10,4868940.0,1040.6728592598156,5,1197759240.0,ok,0,122,246
debug,vdd,8,3,8,0.75,0.75,0.7499863,5.74761e-10,4868940.0,1040.6728592598156,5,1197759240.0,ok,0,122,246
debug,vdd,8,3,9,0.75,0.75,0.7499863,5.74761e-10,4868940.0,1040.6728592598156,5,1197759240.0,ok,0,122,246
debug,vdd,8,3,10,0.75,0.75,0.7499863,5.74761e-10,4868940.0,1040.6728592598156,5,1197759240.0,ok,0,122,246
debug,vdd,8,3,11,0.75,0.75,0.7499863,5.74761e-10,4868940.0,1040.6728592598156,5,1197759240.0,ok,0,122,246
debug,vdd,8,3,12,0.75,0.75,0.7499863,5.74761e-10,4868940.0,1040.6728592598156,5,1197759240.0,ok,0,122,246
debug,vdd,8,3,13,0.75,0.75,0.7499863,5.74761e-10,4868940.0,1040.6728592598156,5,1197759240.0,ok,0,122,246
debug,vdd,8,3,14,0.75,0.75,0.7499863,5.74761e-10,4868940.0,1040.6728592598156,5,1197759240.0,ok,0,122,246
debug,vdd,8,3,15,0.75,0.75,0.7499863,5.74761e-10,4868940.0,1040.6728592598156,5,1197759240.0,ok,0,122,246
debug,vdd,8,4,0,0.75,0.75,0.7499852,6.752475e-10,4837690.0,1322.2896808188439,5,1190071740.0,ok,0,122,246
debug,vdd,8,4,1,0.75,0.75,0.7499852,6.752475e-10,4837690.0,1322.2896808188439,5,1190071740.0,ok,0,122,246
debug,vdd,8,4,2,0.75,0.75,0.7499852,6.752475e-10,4837690.0,1322.2896808188439,5,1190071740.0,ok,0,122,246
debug,vdd,8,4,3,0.75,0.75,0.7499852,6.752475e-10,4837690.0,1322.2896808188439,5,1190071740.0,ok,0,122,246
debug,vdd,8,4,4,0.75,0.75,0.7499852,6.752475e-10,4837690.0,1322.2896808188439,5,1190071740.0,ok,0,122,246
debug,vdd,8,4,5,0.75,0.75,0.7499852,6.752475e-10,4837690.0,1322.2896808188439,5,1190071740.0,ok,0,122,246
debug,vdd,8,4,6,0.75,0.75,0.7499852,6.752475e-10,4837690.0,1322.2896808188439,5,1190071740.0,ok,0,122,246
debug,vdd,8,4,7,0.75,0.75,0.7499852,6.752475e-10,4837690.0,1322.2896808188439,5,1190071740.0,ok,0,122,246
debug,vdd,8,4,8,0.75,0.75,0.7499852,6.752475e-10,4837690.0,1322.2896808188439,5,1190071740.0,ok,0,122,246
debug,vdd,8,4,9,0.75,0.75,0.7499852,6.752475e-10,4837690.0,1322.2896808188439,5,1190071740.0,ok,0,122,246
debug,vdd,8,4,10,0.75,0.75,0.7499852,6.752475e-10,4837690.0,1322.2896808188439,5,1190071740.0,ok,0,122,246
debug,vdd,8,4,11,0.75,0.75,0.7499852,6.752475e-10,4837690.0,1322.2896808188439,5,1190071740.0,ok,0,122,246
debug,vdd,8,4,12,0.75,0.75,0.7499852,6.752475e-10,4837690.0,1322.2896808188439,5,1190071740.0,ok,0,122,246
debug,vdd,8,4,13,0.75,0.75,0.7499852,6.752475e-10,4837690.0,1322.2896808188439,5,1190071740.0,ok,0,122,246
debug,vdd,8,4,14,0.75,0.75,0.7499852,6.752475e-10,4837690.0,1322.2896808188439,5,1190071740.0,ok,0,122,246
debug,vdd,8,4,15,0.75,0.75,0.7499852,6.752475e-10,4837690.0,1322.2896808188439,5,1190071740.0,ok,0,122,246
debug,vdd,8,5,0,0.75,0.75,0.7499859,6.777912e-10,4830958.0,1024.2411825346605,5,1188415668.0,ok,0,122,246
debug,vdd,8,5,1,0.75,0.75,0.7499859,6.777912e-10,4830958.0,1024.2411825346605,5,1188415668.0,ok,0,122,246
debug,vdd,8,5,2,0.75,0.75,0.7499859,6.777912e-10,4830958.0,1024.2411825346605,5,1188415668.0,ok,0,122,246
debug,vdd,8,5,3,0.75,0.75,0.7499859,6.777912e-10,4830958.0,1024.2411825346605,5,1188415668.0,ok,0,122,246
debug,vdd,8,5,4,0.75,0.75,0.7499859,6.777912e-10,4830958.0,1024.2411825346605,5,1188415668.0,ok,0,122,246
debug,vdd,8,5,5,0.75,0.75,0.7499859,6.777912e-10,4830958.0,1024.2411825346605,5,1188415668.0,ok,0,122,246
debug,vdd,8,5,6,0.75,0.75,0.7499859,6.777912e-10,4830958.0,1024.2411825346605,5,1188415668.0,ok,0,122,246
debug,vdd,8,5,7,0.75,0.75,0.7499859,6.777912e-10,4830958.0,1024.2411825346605,5,1188415668.0,ok,0,122,246
debug,vdd,8,5,8,0.75,0.75,0.7499859,6.777912e-10,4830958.0,1024.2411825346605,5,1188415668.0,ok,0,122,246
debug,vdd,8,5,9,0.75,0.75,0.7499859,6.777912e-10,4830958.0,1024.2411825346605,5,1188415668.0,ok,0,122,246
debug,vdd,8,5,10,0.75,0.75,0.7499859,6.777912e-10,4830958.0,1024.2411825346605,5,1188415668.0,ok,0,122,246
debug,vdd,8,5,11,0.75,0.75,0.7499859,6.777912e-10,4830958.0,1024.2411825346605,5,1188415668.0,ok,0,122,246
debug,vdd,8,5,12,0.75,0.75,0.7499859,6.777912e-10,4830958.0,1024.2411825346605,5,1188415668.0,ok,0,122,246
debug,vdd,8,5,13,0.75,0.75,0.7499859,6.777912e-10,4830958.0,1024.2411825346605,5,1188415668.0,ok,0,122,246
debug,vdd,8,5,14,0.75,0.75,0.7499859,6.777912e-10,4830958.0,1024.2411825346605,5,1188415668.0,ok,0,122,246
debug,vdd,8,5,15,0.75,0.75,0.7499859,6.777912e-10,4830958.0,1024.2411825346605,5,1188415668.0,ok,0,122,246
debug,vdd,8,6,0,0.75,0.75,0.7499859,6.154647e-10,4789888.0,822.8730157199226,5,1178312448.0,ok,0,122,246
debug,vdd,8,6,1,0.75,0.75,0.7499859,6.154647e-10,4789888.0,822.8730157199226,5,1178312448.0,ok,0,122,246
debug,vdd,8,6,2,0.75,0.75,0.7499859,6.154647e-10,4789888.0,822.8730157199226,5,1178312448.0,ok,0,122,246
debug,vdd,8,6,3,0.75,0.75,0.7499859,6.154647e-10,4789888.0,822.8730157199226,5,1178312448.0,ok,0,122,246
debug,vdd,8,6,4,0.75,0.75,0.7499859,6.154647e-10,4789888.0,822.8730157199226,5,1178312448.0,ok,0,122,246
debug,vdd,8,6,5,0.75,0.75,0.7499859,6.154647e-10,4789888.0,822.8730157199226,5,1178312448.0,ok,0,122,246
debug,vdd,8,6,6,0.75,0.75,0.7499859,6.154647e-10,4789888.0,822.8730157199226,5,1178312448.0,ok,0,122,246
debug,vdd,8,6,7,0.75,0.75,0.7499859,6.154647e-10,4789888.0,822.8730157199226,5,1178312448.0,ok,0,122,246
debug,vdd,8,6,8,0.75,0.75,0.7499859,6.154647e-10,4789888.0,822.8730157199226,5,1178312448.0,ok,0,122,246
debug,vdd,8,6,9,0.75,0.75,0.7499859,6.154647e-10,4789888.0,822.8730157199226,5,1178312448.0,ok,0,122,246
debug,vdd,8,6,10,0.75,0.75,0.7499859,6.154647e-10,4789888.0,822.8730157199226,5,1178312448.0,ok,0,122,246
debug,vdd,8,6,11,0.75,0.75,0.7499859,6.154647e-10,4789888.0,822.8730157199226,5,1178312448.0,ok,0,122,246
debug,vdd,8,6,12,0.75,0.75,0.7499859,6.154647e-10,4789888.0,822.8730157199226,5,1178312448.0,ok,0,122,246
debug,vdd,8,6,13,0.75,0.75,0.7499859,6.154647e-10,4789888.0,822.8730157199226,5,1178312448.0,ok,0,122,246
debug,vdd,8,6,14,0.75,0.75,0.7499859,6.154647e-10,4789888.0,822.8730157199226,5,1178312448.0,ok,0,122,246
debug,vdd,8,6,15,0.75,0.75,0.7499859,6.154647e-10,4789888.0,822.8730157199226,5,1178312448.0,ok,0,122,246
debug,vdd,8,7,0,0.75,0.75,0.7499861,6.122843e-10,4778862.0,2086.5210279314224,5,1175600052.0,ok,0,122,246
debug,vdd,8,7,1,0.75,0.75,0.7499861,6.122843e-10,4778862.0,2086.5210279314224,5,1175600052.0,ok,0,122,246
debug,vdd,8,7,2,0.75,0.75,0.7499861,6.122843e-10,4778862.0,2086.5210279314224,5,1175600052.0,ok,0,122,246
debug,vdd,8,7,3,0.75,0.75,0.7499861,6.122843e-10,4778862.0,2086.5210279314224,5,1175600052.0,ok,0,122,246
debug,vdd,8,7,4,0.75,0.75,0.7499861,6.122843e-10,4778862.0,2086.5210279314224,5,1175600052.0,ok,0,122,246
debug,vdd,8,7,5,0.75,0.75,0.7499861,6.122843e-10,4778862.0,2086.5210279314224,5,1175600052.0,ok,0,122,246
debug,vdd,8,7,6,0.75,0.75,0.7499861,6.122843e-10,4778862.0,2086.5210279314224,5,1175600052.0,ok,0,122,246
debug,vdd,8,7,7,0.75,0.75,0.7499861,6.122843e-10,4778862.0,2086.5210279314224,5,1175600052.0,ok,0,122,246
debug,vdd,8,7,8,0.75,0.75,0.7499861,6.122843e-10,4778862.0,2086.5210279314224,5,1175600052.0,ok,0,122,246
debug,vdd,8,7,9,0.75,0.75,0.7499861,6.122843e-10,4778862.0,2086.5210279314224,5,1175600052.0,ok,0,122,246
debug,vdd,8,7,10,0.75,0.75,0.7499861,6.122843e-10,4778862.0,2086.5210279314224,5,1175600052.0,ok,0,122,246
debug,vdd,8,7,11,0.75,0.75,0.7499861,6.122843e-10,4778862.0,2086.5210279314224,5,1175600052.0,ok,0,122,246
debug,vdd,8,7,12,0.75,0.75,0.7499861,6.122843e-10,4778862.0,2086.5210279314224,5,1175600052.0,ok,0,122,246
debug,vdd,8,7,13,0.75,0.75,0.7499861,6.122843e-10,4778862.0,2086.5210279314224,5,1175600052.0,ok,0,122,246
debug,vdd,8,7,14,0.75,0.75,0.7499861,6.122843e-10,4778862.0,2086.5210279314224,5,1175600052.0,ok,0,122,246
debug,vdd,8,7,15,0.75,0.75,0.7499861,6.122843e-10,4778862.0,2086.5210279314224,5,1175600052.0,ok,0,122,246
debug,vdd,8,8,0,0.75,0.75,0.7499863,5.925688e-10,3171851.8,4015.9131215702364,5,780275542.8,ok,0,122,246
debug,vdd,8,8,1,0.75,0.75,0.7499863,5.925688e-10,3171851.8,4015.9131215702364,5,780275542.8,ok,0,122,246
debug,vdd,8,8,2,0.75,0.75,0.7499863,5.925688e-10,3171851.8,4015.9131215702364,5,780275542.8,ok,0,122,246
debug,vdd,8,8,3,0.75,0.75,0.7499863,5.925688e-10,3171851.8,4015.9131215702364,5,780275542.8,ok,0,122,246
debug,vdd,8,8,4,0.75,0.75,0.7499863,5.925688e-10,3171851.8,4015.9131215702364,5,780275542.8,ok,0,122,246
debug,vdd,8,8,5,0.75,0.75,0.7499863,5.925688e-10,3171851.8,4015.9131215702364,5,780275542.8,ok,0,122,246
debug,vdd,8,8,6,0.75,0.75,0.7499863,5.925688e-10,3171851.8,4015.9131215702364,5,780275542.8,ok,0,122,246
debug,vdd,8,8,7,0.75,0.75,0.7499863,5.925688e-10,3171851.8,4015.9131215702364,5,780275542.8,ok,0,122,246
debug,vdd,8,8,8,0.75,0.75,0.7499863,5.925688e-10,3171851.8,4015.9131215702364,5,780275542.8,ok,0,122,246
debug,vdd,8,8,9,0.75,0.75,0.7499863,5.925688e-10,3171851.8,4015.9131215702364,5,780275542.8,ok,0,122,246
debug,vdd,8,8,10,0.75,0.75,0.7499863,5.925688e-10,3171851.8,4015.9131215702364,5,780275542.8,ok,0,122,246
debug,vdd,8,8,11,0.75,0.75,0.7499863,5.925688e-10,3171851.8,4015.9131215702364,5,780275542.8,ok,0,122,246
debug,vdd,8,8,12,0.75,0.75,0.7499863,5.925688e-10,3171851.8,4015.9131215702364,5,780275542.8,ok,0,122,246
debug,vdd,8,8,13,0.75,0.75,0.7499863,5.925688e-10,3171851.8,4015.9131215702364,5,780275542.8,ok,0,122,246
debug,vdd,8,8,14,0.75,0.75,0.7499863,5.925688e-10,3171851.8,4015.9131215702364,5,780275542.8,ok,0,122,246
debug,vdd,8,8,15,0.75,0.75,0.7499863,5.925688e-10,3171851.8,4015.9131215702364,5,780275542.8,ok,0,122,246
debug,vdd,8,9,0,0.75,0.75,0.7499867,6.218246e-10,3064868.4,3413.392564590249,5,753957626.4,ok,0,122,246
debug,vdd,8,9,1,0.75,0.75,0.7499867,6.218246e-10,3064868.4,3413.392564590249,5,753957626.4,ok,0,122,246
debug,vdd,8,9,2,0.75,0.75,0.7499867,6.218246e-10,3064868.4,3413.392564590249,5,753957626.4,ok,0,122,246
debug,vdd,8,9,3,0.75,0.75,0.7499867,6.218246e-10,3064868.4,3413.392564590249,5,753957626.4,ok,0,122,246
debug,vdd,8,9,4,0.75,0.75,0.7499867,6.218246e-10,3064868.4,3413.392564590249,5,753957626.4,ok,0,122,246
debug,vdd,8,9,5,0.75,0.75,0.7499867,6.218246e-10,3064868.4,3413.392564590249,5,753957626.4,ok,0,122,246
debug,vdd,8,9,6,0.75,0.75,0.7499867,6.218246e-10,3064868.4,3413.392564590249,5,753957626.4,ok,0,122,246
debug,vdd,8,9,7,0.75,0.75,0.7499867,6.218246e-10,3064868.4,3413.392564590249,5,753957626.4,ok,0,122,246
debug,vdd,8,9,8,0.75,0.75,0.7499867,6.218246e-10,3064868.4,3413.392564590249,5,753957626.4,ok,0,122,246
debug,vdd,8,9,9,0.75,0.75,0.7499867,6.218246e-10,3064868.4,3413.392564590249,5,753957626.4,ok,0,122,246
debug,vdd,8,9,10,0.75,0.75,0.7499867,6.218246e-10,3064868.4,3413.392564590249,5,753957626.4,ok,0,122,246
debug,vdd,8,9,11,0.75,0.75,0.7499867,6.218246e-10,3064868.4,3413.392564590249,5,753957626.4,ok,0,122,246
debug,vdd,8,9,12,0.75,0.75,0.7499867,6.218246e-10,3064868.4,3413.392564590249,5,753957626.4,ok,0,122,246
debug,vdd,8,9,13,0.75,0.75,0.7499867,6.218246e-10,3064868.4,3413.392564590249,5,753957626.4,ok,0,122,246
debug,vdd,8,9,14,0.75,0.75,0.7499867,6.218246e-10,3064868.4,3413.392564590249,5,753957626.4,ok,0,122,246
debug,vdd,8,9,15,0.75,0.75,0.7499867,6.218246e-10,3064868.4,3413.392564590249,5,753957626.4,ok,0,122,246
debug,vdd,8,10,0,0.75,0.75,0.749987,5.480496e-10,2515965.8,4735.227470776879,5,618927586.8,ok,0,122,246
debug,vdd,8,10,1,0.75,0.75,0.749987,5.480496e-10,2515965.8,4735.227470776879,5,618927586.8,ok,0,122,246
debug,vdd,8,10,2,0.75,0.75,0.749987,5.480496e-10,2515965.8,4735.227470776879,5,618927586.8,ok,0,122,246
debug,vdd,8,10,3,0.75,0.75,0.749987,5.480496e-10,2515965.8,4735.227470776879,5,618927586.8,ok,0,122,246
debug,vdd,8,10,4,0.75,0.75,0.749987,5.480496e-10,2515965.8,4735.227470776879,5,618927586.8,ok,0,122,246
debug,vdd,8,10,5,0.75,0.75,0.749987,5.480496e-10,2515965.8,4735.227470776879,5,618927586.8,ok,0,122,246
debug,vdd,8,10,6,0.75,0.75,0.749987,5.480496e-10,2515965.8,4735.227470776879,5,618927586.8,ok,0,122,246
debug,vdd,8,10,7,0.75,0.75,0.749987,5.480496e-10,2515965.8,4735.227470776879,5,618927586.8,ok,0,122,246
debug,vdd,8,10,8,0.75,0.75,0.749987,5.480496e-10,2515965.8,4735.227470776879,5,618927586.8,ok,0,122,246
debug,vdd,8,10,9,0.75,0.75,0.749987,5.480496e-10,2515965.8,4735.227470776879,5,618927586.8,ok,0,122,246
debug,vdd,8,10,10,0.75,0.75,0.749987,5.480496e-10,2515965.8,4735.227470776879,5,618927586.8,ok,0,122,246
debug,vdd,8,10,11,0.75,0.75,0.749987,5.480496e-10,2515965.8,4735.227470776879,5,618927586.8,ok,0,122,246
debug,vdd,8,10,12,0.75,0.75,0.749987,5.480496e-10,2515965.8,4735.227470776879,5,618927586.8,ok,0,122,246
debug,vdd,8,10,13,0.75,0.75,0.749987,5.480496e-10,2515965.8,4735.227470776879,5,618927586.8,ok,0,122,246
debug,vdd,8,10,14,0.75,0.75,0.749987,5.480496e-10,2515965.8,4735.227470776879,5,618927586.8,ok,0,122,246
debug,vdd,8,10,15,0.75,0.75,0.749987,5.480496e-10,2515965.8,4735.227470776879,5,618927586.8,ok,0,122,246
debug,vdd,8,11,0,0.75,0.75,0.7499857,6.370883e-10,2376278.6,3263.5226060194527,5,584564535.6,ok,0,122,246
debug,vdd,8,11,1,0.75,0.75,0.7499857,6.370883e-10,2376278.6,3263.5226060194527,5,584564535.6,ok,0,122,246
debug,vdd,8,11,2,0.75,0.75,0.7499857,6.370883e-10,2376278.6,3263.5226060194527,5,584564535.6,ok,0,122,246
debug,vdd,8,11,3,0.75,0.75,0.7499857,6.370883e-10,2376278.6,3263.5226060194527,5,584564535.6,ok,0,122,246
debug,vdd,8,11,4,0.75,0.75,0.7499857,6.370883e-10,2376278.6,3263.5226060194527,5,584564535.6,ok,0,122,246
debug,vdd,8,11,5,0.75,0.75,0.7499857,6.370883e-10,2376278.6,3263.5226060194527,5,584564535.6,ok,0,122,246
debug,vdd,8,11,6,0.75,0.75,0.7499857,6.370883e-10,2376278.6,3263.5226060194527,5,584564535.6,ok,0,122,246
debug,vdd,8,11,7,0.75,0.75,0.7499857,6.370883e-10,2376278.6,3263.5226060194527,5,584564535.6,ok,0,122,246
debug,vdd,8,11,8,0.75,0.75,0.7499857,6.370883e-10,2376278.6,3263.5226060194527,5,584564535.6,ok,0,122,246
debug,vdd,8,11,9,0.75,0.75,0.7499857,6.370883e-10,2376278.6,3263.5226060194527,5,584564535.6,ok,0,122,246
debug,vdd,8,11,10,0.75,0.75,0.7499857,6.370883e-10,2376278.6,3263.5226060194527,5,584564535.6,ok,0,122,246
debug,vdd,8,11,11,0.75,0.75,0.7499857,6.370883e-10,2376278.6,3263.5226060194527,5,584564535.6,ok,0,122,246
debug,vdd,8,11,12,0.75,0.75,0.7499857,6.370883e-10,2376278.6,3263.5226060194527,5,584564535.6,ok,0,122,246
debug,vdd,8,11,13,0.75,0.75,0.7499857,6.370883e-10,2376278.6,3263.5226060194527,5,584564535.6,ok,0,122,246
debug,vdd,8,11,14,0.75,0.75,0.7499857,6.370883e-10,2376278.6,3263.5226060194527,5,584564535.6,ok,0,122,246
debug,vdd,8,11,15,0.75,0.75,0.7499857,6.370883e-10,2376278.6,3263.5226060194527,5,584564535.6,ok,0,122,246
debug,vdd,8,12,0,0.75,0.75,0.749985,5.149782e-10,5021662.0,10303.381483765415,5,421819608.0,ok,0,41,84
debug,vdd,8,12,1,0.75,0.75,0.749985,5.149782e-10,5021662.0,10303.381483765415,5,421819608.0,ok,0,41,84
debug,vdd,8,12,2,0.75,0.75,0.749985,5.149782e-10,5021662.0,10303.381483765415,5,421819608.0,ok,0,41,84
debug,vdd,8,12,3,0.75,0.75,0.749985,5.149782e-10,5021662.0,10303.381483765415,5,421819608.0,ok,0,41,84
debug,vdd,8,12,4,0.75,0.75,0.749985,5.149782e-10,5021662.0,10303.381483765415,5,421819608.0,ok,0,41,84
debug,vdd,8,12,5,0.75,0.75,0.749985,5.149782e-10,5021662.0,10303.381483765415,5,421819608.0,ok,0,41,84
debug,vdd,8,12,6,0.75,0.75,0.749985,5.149782e-10,5021662.0,10303.381483765415,5,421819608.0,ok,0,41,84
debug,vdd,8,12,7,0.75,0.75,0.749985,5.149782e-10,5021662.0,10303.381483765415,5,421819608.0,ok,0,41,84
debug,vdd,8,12,8,0.75,0.75,0.749985,5.149782e-10,5021662.0,10303.381483765415,5,421819608.0,ok,0,41,84
debug,vdd,8,12,9,0.75,0.75,0.749985,5.149782e-10,5021662.0,10303.381483765415,5,421819608.0,ok,0,41,84
debug,vdd,8,12,10,0.75,0.75,0.749985,5.149782e-10,5021662.0,10303.381483765415,5,421819608.0,ok,0,41,84
debug,vdd,8,12,11,0.75,0.75,0.749985,5.149782e-10,5021662.0,10303.381483765415,5,421819608.0,ok,0,41,84
debug,vdd,8,12,12,0.75,0.75,0.749985,5.149782e-10,5021662.0,10303.381483765415,5,421819608.0,ok,0,41,84
debug,vdd,8,12,13,0.75,0.75,0.749985,5.149782e-10,5021662.0,10303.381483765415,5,421819608.0,ok,0,41,84
debug,vdd,8,12,14,0.75,0.75,0.749985,5.149782e-10,5021662.0,10303.381483765415,5,421819608.0,ok,0,41,84
debug,vdd,8,12,15,0.75,0.75,0.749985,5.149782e-10,5021662.0,10303.381483765415,5,421819608.0,ok,0,41,84
debug,vdd,8,13,0,0.75,0.75,0.7499862,6.002007e-10,4517272.0,11143.613417558956,5,379450848.0,ok,0,41,84
debug,vdd,8,13,1,0.75,0.75,0.7499862,6.002007e-10,4517272.0,11143.613417558956,5,379450848.0,ok,0,41,84
debug,vdd,8,13,2,0.75,0.75,0.7499862,6.002007e-10,4517272.0,11143.613417558956,5,379450848.0,ok,0,41,84
debug,vdd,8,13,3,0.75,0.75,0.7499862,6.002007e-10,4517272.0,11143.613417558956,5,379450848.0,ok,0,41,84
debug,vdd,8,13,4,0.75,0.75,0.7499862,6.002007e-10,4517272.0,11143.613417558956,5,379450848.0,ok,0,41,84
debug,vdd,8,13,5,0.75,0.75,0.7499862,6.002007e-10,4517272.0,11143.613417558956,5,379450848.0,ok,0,41,84
debug,vdd,8,13,6,0.75,0.75,0.7499862,6.002007e-10,4517272.0,11143.613417558956,5,379450848.0,ok,0,41,84
debug,vdd,8,13,7,0.75,0.75,0.7499862,6.002007e-10,4517272.0,11143.613417558956,5,379450848.0,ok,0,41,84
debug,vdd,8,13,8,0.75,0.75,0.7499862,6.002007e-10,4517272.0,11143.613417558956,5,379450848.0,ok,0,41,84
debug,vdd,8,13,9,0.75,0.75,0.7499862,6.002007e-10,4517272.0,11143.613417558956,5,379450848.0,ok,0,41,84
debug,vdd,8,13,10,0.75,0.75,0.7499862,6.002007e-10,4517272.0,11143.613417558956,5,379450848.0,ok,0,41,84
debug,vdd,8,13,11,0.75,0.75,0.7499862,6.002007e-10,4517272.0,11143.613417558956,5,379450848.0,ok,0,41,84
debug,vdd,8,13,12,0.75,0.75,0.7499862,6.002007e-10,4517272.0,11143.613417558956,5,379450848.0,ok,0,41,84
debug,vdd,8,13,13,0.75,0.75,0.7499862,6.002007e-10,4517272.0,11143.613417558956,5,379450848.0,ok,0,41,84
debug,vdd,8,13,14,0.75,0.75,0.7499862,6.002007e-10,4517272.0,11143.613417558956,5,379450848.0,ok,0,41,84
debug,vdd,8,13,15,0.75,0.75,0.7499862,6.002007e-10,4517272.0,11143.613417558956,5,379450848.0,ok,0,41,84
debug,vdd,8,14,0,0.75,0.75,0.749986,3.979562e-10,5071684.0,50637.522944946664,5,142007152.0,ok,0,13,28
debug,vdd,8,14,1,0.75,0.75,0.749986,3.979562e-10,5071684.0,50637.522944946664,5,142007152.0,ok,0,13,28
debug,vdd,8,14,2,0.75,0.75,0.749986,3.979562e-10,5071684.0,50637.522944946664,5,142007152.0,ok,0,13,28
debug,vdd,8,14,3,0.75,0.75,0.749986,3.979562e-10,5071684.0,50637.522944946664,5,142007152.0,ok,0,13,28
debug,vdd,8,14,4,0.75,0.75,0.749986,3.979562e-10,5071684.0,50637.522944946664,5,142007152.0,ok,0,13,28
debug,vdd,8,14,5,0.75,0.75,0.749986,3.979562e-10,5071684.0,50637.522944946664,5,142007152.0,ok,0,13,28
debug,vdd,8,14,6,0.75,0.75,0.749986,3.979562e-10,5071684.0,50637.522944946664,5,142007152.0,ok,0,13,28
debug,vdd,8,14,7,0.75,0.75,0.749986,3.979562e-10,5071684.0,50637.522944946664,5,142007152.0,ok,0,13,28
debug,vdd,8,14,8,0.75,0.75,0.749986,3.979562e-10,5071684.0,50637.522944946664,5,142007152.0,ok,0,13,28
debug,vdd,8,14,9,0.75,0.75,0.749986,3.979562e-10,5071684.0,50637.522944946664,5,142007152.0,ok,0,13,28
debug,vdd,8,14,10,0.75,0.75,0.749986,3.979562e-10,5071684.0,50637.522944946664,5,142007152.0,ok,0,13,28
debug,vdd,8,14,11,0.75,0.75,0.749986,3.979562e-10,5071684.0,50637.522944946664,5,142007152.0,ok,0,13,28
debug,vdd,8,14,12,0.75,0.75,0.749986,3.979562e-10,5071684.0,50637.522944946664,5,142007152.0,ok,0,13,28
debug,vdd,8,14,13,0.75,0.75,0.749986,3.979562e-10,5071684.0,50637.522944946664,5,142007152.0,ok,0,13,28
debug,vdd,8,14,14,0.75,0.75,0.749986,3.979562e-10,5071684.0,50637.522944946664,5,142007152.0,ok,0,13,28
debug,vdd,8,14,15,0.75,0.75,0.749986,3.979562e-10,5071684.0,50637.522944946664,5,142007152.0,ok,0,13,28
debug,vdd,8,15,0,0.75,0.75,0.7499857,4.946262e-10,2565090.0,30711.579379771403,5,71822520.0,ok,0,13,28
debug,vdd,8,15,1,0.75,0.75,0.7499857,4.946262e-10,2565090.0,30711.579379771403,5,71822520.0,ok,0,13,28
debug,vdd,8,15,2,0.75,0.75,0.7499857,4.946262e-10,2565090.0,30711.579379771403,5,71822520.0,ok,0,13,28
debug,vdd,8,15,3,0.75,0.75,0.7499857,4.946262e-10,2565090.0,30711.579379771403,5,71822520.0,ok,0,13,28
debug,vdd,8,15,4,0.75,0.75,0.7499857,4.946262e-10,2565090.0,30711.579379771403,5,71822520.0,ok,0,13,28
debug,vdd,8,15,5,0.75,0.75,0.7499857,4.946262e-10,2565090.0,30711.579379771403,5,71822520.0,ok,0,13,28
debug,vdd,8,15,6,0.75,0.75,0.7499857,4.946262e-10,2565090.0,30711.579379771403,5,71822520.0,ok,0,13,28
debug,vdd,8,15,7,0.75,0.75,0.7499857,4.946262e-10,2565090.0,30711.579379771403,5,71822520.0,ok,0,13,28
debug,vdd,8,15,8,0.75,0.75,0.7499857,4.946262e-10,2565090.0,30711.579379771403,5,71822520.0,ok,0,13,28
debug,vdd,8,15,9,0.75,0.75,0.7499857,4.946262e-10,2565090.0,30711.579379771403,5,71822520.0,ok,0,13,28
debug,vdd,8,15,10,0.75,0.75,0.7499857,4.946262e-10,2565090.0,30711.579379771403,5,71822520.0,ok,0,13,28
debug,vdd,8,15,11,0.75,0.75,0.7499857,4.946262e-10,2565090.0,30711.579379771403,5,71822520.0,ok,0,13,28
debug,vdd,8,15,12,0.75,0.75,0.7499857,4.946262e-10,2565090.0,30711.579379771403,5,71822520.0,ok,0,13,28
debug,vdd,8,15,13,0.75,0.75,0.7499857,4.946262e-10,2565090.0,30711.579379771403,5,71822520.0,ok,0,13,28
debug,vdd,8,15,14,0.75,0.75,0.7499857,4.946262e-10,2565090.0,30711.579379771403,5,71822520.0,ok,0,13,28
debug,vdd,8,15,15,0.75,0.75,0.7499857,4.946262e-10,2565090.0,30711.579379771403,5,71822520.0,ok,0,13,28
debug,vdd,15,0,0,0.75,0.75,0.7499857,4.768184e-10,4951352.0,876.5386471799176,5,693189280.0,ok,0,69,140
debug,vdd,15,0,1,0.75,0.75,0.7499857,4.768184e-10,4951352.0,876.5386471799176,5,693189280.0,ok,0,69,140
debug,vdd,15,0,2,0.75,0.75,0.7499857,4.768184e-10,4951352.0,876.5386471799176,5,693189280.0,ok,0,69,140
debug,vdd,15,0,3,0.75,0.75,0.7499857,4.768184e-10,4951352.0,876.5386471799176,5,693189280.0,ok,0,69,140
debug,vdd,15,0,4,0.75,0.75,0.7499857,4.768184e-10,4951352.0,876.5386471799176,5,693189280.0,ok,0,69,140
debug,vdd,15,0,5,0.75,0.75,0.7499857,4.768184e-10,4951352.0,876.5386471799176,5,693189280.0,ok,0,69,140
debug,vdd,15,0,6,0.75,0.75,0.7499857,4.768184e-10,4951352.0,876.5386471799176,5,693189280.0,ok,0,69,140
debug,vdd,15,0,7,0.75,0.75,0.7499857,4.768184e-10,4951352.0,876.5386471799176,5,693189280.0,ok,0,69,140
debug,vdd,15,0,8,0.75,0.75,0.7499857,4.768184e-10,4951352.0,876.5386471799176,5,693189280.0,ok,0,69,140
debug,vdd,15,0,9,0.75,0.75,0.7499857,4.768184e-10,4951352.0,876.5386471799176,5,693189280.0,ok,0,69,140
debug,vdd,15,0,10,0.75,0.75,0.7499857,4.768184e-10,4951352.0,876.5386471799176,5,693189280.0,ok,0,69,140
debug,vdd,15,0,11,0.75,0.75,0.7499857,4.768184e-10,4951352.0,876.5386471799176,5,693189280.0,ok,0,69,140
debug,vdd,15,0,12,0.75,0.75,0.7499857,4.768184e-10,4951352.0,876.5386471799176,5,693189280.0,ok,0,69,140
debug,vdd,15,0,13,0.75,0.75,0.7499857,4.768184e-10,4951352.0,876.5386471799176,5,693189280.0,ok,0,69,140
debug,vdd,15,0,14,0.75,0.75,0.7499857,4.768184e-10,4951352.0,876.5386471799176,5,693189280.0,ok,0,69,140
debug,vdd,15,0,15,0.75,0.75,0.7499857,4.768184e-10,4951352.0,876.5386471799176,5,693189280.0,ok,0,69,140
debug,vdd,15,1,0,0.75,0.75,0.7499864,-1.480113e-11,4947824.0,1073.5362127101255,5,692695360.0,ok,0,69,140
debug,vdd,15,1,1,0.75,0.75,0.7499864,-1.480113e-11,4947824.0,1073.5362127101255,5,692695360.0,ok,0,69,140
debug,vdd,15,1,2,0.75,0.75,0.7499864,-1.480113e-11,4947824.0,1073.5362127101255,5,692695360.0,ok,0,69,140
debug,vdd,15,1,3,0.75,0.75,0.7499864,-1.480113e-11,4947824.0,1073.5362127101255,5,692695360.0,ok,0,69,140
debug,vdd,15,1,4,0.75,0.75,0.7499864,-1.480113e-11,4947824.0,1073.5362127101255,5,692695360.0,ok,0,69,140
debug,vdd,15,1,5,0.75,0.75,0.7499864,-1.480113e-11,4947824.0,1073.5362127101255,5,692695360.0,ok,0,69,140
debug,vdd,15,1,6,0.75,0.75,0.7499864,-1.480113e-11,4947824.0,1073.5362127101255,5,692695360.0,ok,0,69,140
debug,vdd,15,1,7,0.75,0.75,0.7499864,-1.480113e-11,4947824.0,1073.5362127101255,5,692695360.0,ok,0,69,140
debug,vdd,15,1,8,0.75,0.75,0.7499864,-1.480113e-11,4947824.0,1073.5362127101255,5,692695360.0,ok,0,69,140
debug,vdd,15,1,9,0.75,0.75,0.7499864,-1.480113e-11,4947824.0,1073.5362127101255,5,692695360.0,ok,0,69,140
debug,vdd,15,1,10,0.75,0.75,0.7499864,-1.480113e-11,4947824.0,1073.5362127101255,5,692695360.0,ok,0,69,140
debug,vdd,15,1,11,0.75,0.75,0.7499864,-1.480113e-11,4947824.0,1073.5362127101255,5,692695360.0,ok,0,69,140
debug,vdd,15,1,12,0.75,0.75,0.7499864,-1.480113e-11,4947824.0,1073.5362127101255,5,692695360.0,ok,0,69,140
debug,vdd,15,1,13,0.75,0.75,0.7499864,-1.480113e-11,4947824.0,1073.5362127101255,5,692695360.0,ok,0,69,140
debug,vdd,15,1,14,0.75,0.75,0.7499864,-1.480113e-11,4947824.0,1073.5362127101255,5,692695360.0,ok,0,69,140
debug,vdd,15,1,15,0.75,0.75,0.7499864,-1.480113e-11,4947824.0,1073.5362127101255,5,692695360.0,ok,0,69,140
debug,vdd,15,2,0,0.75,0.75,0.7499857,4.488349e-10,4932330.0,1068.058987135074,5,690526200.0,ok,0,69,140
debug,vdd,15,2,1,0.75,0.75,0.7499857,4.488349e-10,4932330.0,1068.058987135074,5,690526200.0,ok,0,69,140
debug,vdd,15,2,2,0.75,0.75,0.7499857,4.488349e-10,4932330.0,1068.058987135074,5,690526200.0,ok,0,69,140
debug,vdd,15,2,3,0.75,0.75,0.7499857,4.488349e-10,4932330.0,1068.058987135074,5,690526200.0,ok,0,69,140
debug,vdd,15,2,4,0.75,0.75,0.7499857,4.488349e-10,4932330.0,1068.058987135074,5,690526200.0,ok,0,69,140
debug,vdd,15,2,5,0.75,0.75,0.7499857,4.488349e-10,4932330.0,1068.058987135074,5,690526200.0,ok,0,69,140
debug,vdd,15,2,6,0.75,0.75,0.7499857,4.488349e-10,4932330.0,1068.058987135074,5,690526200.0,ok,0,69,140
debug,vdd,15,2,7,0.75,0.75,0.7499857,4.488349e-10,4932330.0,1068.058987135074,5,690526200.0,ok,0,69,140
debug,vdd,15,2,8,0.75,0.75,0.7499857,4.488349e-10,4932330.0,1068.058987135074,5,690526200.0,ok,0,69,140
debug,vdd,15,2,9,0.75,0.75,0.7499857,4.488349e-10,4932330.0,1068.058987135074,5,690526200.0,ok,0,69,140
debug,vdd,15,2,10,0.75,0.75,0.7499857,4.488349e-10,4932330.0,1068.058987135074,5,690526200.0,ok,0,69,140
debug,vdd,15,2,11,0.75,0.75,0.7499857,4.488349e-10,4932330.0,1068.058987135074,5,690526200.0,ok,0,69,140
debug,vdd,15,2,12,0.75,0.75,0.7499857,4.488349e-10,4932330.0,1068.058987135074,5,690526200.0,ok,0,69,140
debug,vdd,15,2,13,0.75,0.75,0.7499857,4.488349e-10,4932330.0,1068.058987135074,5,690526200.0,ok,0,69,140
debug,vdd,15,2,14,0.75,0.75,0.7499857,4.488349e-10,4932330.0,1068.058987135074,5,690526200.0,ok,0,69,140
debug,vdd,15,2,15,0.75,0.75,0.7499857,4.488349e-10,4932330.0,1068.058987135074,5,690526200.0,ok,0,69,140
debug,vdd,15,3,0,0.75,0.75,0.7499862,5.556812e-10,4927212.0,867.5943752699184,5,689809680.0,ok,0,69,140
debug,vdd,15,3,1,0.75,0.75,0.7499862,5.556812e-10,4927212.0,867.5943752699184,5,689809680.0,ok,0,69,140
debug,vdd,15,3,2,0.75,0.75,0.7499862,5.556812e-10,4927212.0,867.5943752699184,5,689809680.0,ok,0,69,140
debug,vdd,15,3,3,0.75,0.75,0.7499862,5.556812e-10,4927212.0,867.5943752699184,5,689809680.0,ok,0,69,140
debug,vdd,15,3,4,0.75,0.75,0.7499862,5.556812e-10,4927212.0,867.5943752699184,5,689809680.0,ok,0,69,140
debug,vdd,15,3,5,0.75,0.75,0.7499862,5.556812e-10,4927212.0,867.5943752699184,5,689809680.0,ok,0,69,140
debug,vdd,15,3,6,0.75,0.75,0.7499862,5.556812e-10,4927212.0,867.5943752699184,5,689809680.0,ok,0,69,140
debug,vdd,15,3,7,0.75,0.75,0.7499862,5.556812e-10,4927212.0,867.5943752699184,5,689809680.0,ok,0,69,140
debug,vdd,15,3,8,0.75,0.75,0.7499862,5.556812e-10,4927212.0,867.5943752699184,5,689809680.0,ok,0,69,140
debug,vdd,15,3,9,0.75,0.75,0.7499862,5.556812e-10,4927212.0,867.5943752699184,5,689809680.0,ok,0,69,140
debug,vdd,15,3,10,0.75,0.75,0.7499862,5.556812e-10,4927212.0,867.5943752699184,5,689809680.0,ok,0,69,140
debug,vdd,15,3,11,0.75,0.75,0.7499862,5.556812e-10,4927212.0,867.5943752699184,5,689809680.0,ok,0,69,140
debug,vdd,15,3,12,0.75,0.75,0.7499862,5.556812e-10,4927212.0,867.5943752699184,5,689809680.0,ok,0,69,140
debug,vdd,15,3,13,0.75,0.75,0.7499862,5.556812e-10,4927212.0,867.5943752699184,5,689809680.0,ok,0,69,140
debug,vdd,15,3,14,0.75,0.75,0.7499862,5.556812e-10,4927212.0,867.5943752699184,5,689809680.0,ok,0,69,140
debug,vdd,15,3,15,0.75,0.75,0.7499862,5.556812e-10,4927212.0,867.5943752699184,5,689809680.0,ok,0,69,140
debug,vdd,15,4,0,0.75,0.75,0.7499858,4.819067e-10,4910692.0,1726.2444786298377,5,687496880.0,ok,0,69,140
debug,vdd,15,4,1,0.75,0.75,0.7499858,4.819067e-10,4910692.0,1726.2444786298377,5,687496880.0,ok,0,69,140
debug,vdd,15,4,2,0.75,0.75,0.7499858,4.819067e-10,4910692.0,1726.2444786298377,5,687496880.0,ok,0,69,140
debug,vdd,15,4,3,0.75,0.75,0.7499858,4.819067e-10,4910692.0,1726.2444786298377,5,687496880.0,ok,0,69,140
debug,vdd,15,4,4,0.75,0.75,0.7499858,4.819067e-10,4910692.0,1726.2444786298377,5,687496880.0,ok,0,69,140
debug,vdd,15,4,5,0.75,0.75,0.7499858,4.819067e-10,4910692.0,1726.2444786298377,5,687496880.0,ok,0,69,140
debug,vdd,15,4,6,0.75,0.75,0.7499858,4.819067e-10,4910692.0,1726.2444786298377,5,687496880.0,ok,0,69,140
debug,vdd,15,4,7,0.75,0.75,0.7499858,4.819067e-10,4910692.0,1726.2444786298377,5,687496880.0,ok,0,69,140
debug,vdd,15,4,8,0.75,0.75,0.7499858,4.819067e-10,4910692.0,1726.2444786298377,5,687496880.0,ok,0,69,140
debug,vdd,15,4,9,0.75,0.75,0.7499858,4.819067e-10,4910692.0,1726.2444786298377,5,687496880.0,ok,0,69,140
debug,vdd,15,4,10,0.75,0.75,0.7499858,4.819067e-10,4910692.0,1726.2444786298377,5,687496880.0,ok,0,69,140
debug,vdd,15,4,11,0.75,0.75,0.7499858,4.819067e-10,4910692.0,1726.2444786298377,5,687496880.0,ok,0,69,140
debug,vdd,15,4,12,0.75,0.75,0.7499858,4.819067e-10,4910692.0,1726.2444786298377,5,687496880.0,ok,0,69,140
debug,vdd,15,4,13,0.75,0.75,0.7499858,4.819067e-10,4910692.0,1726.2444786298377,5,687496880.0,ok,0,69,140
debug,vdd,15,4,14,0.75,0.75,0.7499858,4.819067e-10,4910692.0,1726.2444786298377,5,687496880.0,ok,0,69,140
debug,vdd,15,4,15,0.75,0.75,0.7499858,4.819067e-10,4910692.0,1726.2444786298377,5,687496880.0,ok,0,69,140
debug,vdd,15,5,0,0.75,0.75,0.7499857,7.611063e-10,4904632.0,1303.5796868622954,5,686648480.0,ok,0,69,140
debug,vdd,15,5,1,0.75,0.75,0.7499857,7.611063e-10,4904632.0,1303.5796868622954,5,686648480.0,ok,0,69,140
debug,vdd,15,5,2,0.75,0.75,0.7499857,7.611063e-10,4904632.0,1303.5796868622954,5,686648480.0,ok,0,69,140
debug,vdd,15,5,3,0.75,0.75,0.7499857,7.611063e-10,4904632.0,1303.5796868622954,5,686648480.0,ok,0,69,140
debug,vdd,15,5,4,0.75,0.75,0.7499857,7.611063e-10,4904632.0,1303.5796868622954,5,686648480.0,ok,0,69,140
debug,vdd,15,5,5,0.75,0.75,0.7499857,7.611063e-10,4904632.0,1303.5796868622954,5,686648480.0,ok,0,69,140
debug,vdd,15,5,6,0.75,0.75,0.7499857,7.611063e-10,4904632.0,1303.5796868622954,5,686648480.0,ok,0,69,140
debug,vdd,15,5,7,0.75,0.75,0.7499857,7.611063e-10,4904632.0,1303.5796868622954,5,686648480.0,ok,0,69,140
debug,vdd,15,5,8,0.75,0.75,0.7499857,7.611063e-10,4904632.0,1303.5796868622954,5,686648480.0,ok,0,69,140
debug,vdd,15,5,9,0.75,0.75,0.7499857,7.611063e-10,4904632.0,1303.5796868622954,5,686648480.0,ok,0,69,140
debug,vdd,15,5,10,0.75,0.75,0.7499857,7.611063e-10,4904632.0,1303.5796868622954,5,686648480.0,ok,0,69,140
debug,vdd,15,5,11,0.75,0.75,0.7499857,7.611063e-10,4904632.0,1303.5796868622954,5,686648480.0,ok,0,69,140
debug,vdd,15,5,12,0.75,0.75,0.7499857,7.611063e-10,4904632.0,1303.5796868622954,5,686648480.0,ok,0,69,140
debug,vdd,15,5,13,0.75,0.75,0.7499857,7.611063e-10,4904632.0,1303.5796868622954,5,686648480.0,ok,0,69,140
debug,vdd,15,5,14,0.75,0.75,0.7499857,7.611063e-10,4904632.0,1303.5796868622954,5,686648480.0,ok,0,69,140
debug,vdd,15,5,15,0.75,0.75,0.7499857,7.611063e-10,4904632.0,1303.5796868622954,5,686648480.0,ok,0,69,140
debug,vdd,15,6,0,0.75,0.75,0.7499864,5.283343e-10,4881196.0,1046.1500848348674,5,683367440.0,ok,0,69,140
debug,vdd,15,6,1,0.75,0.75,0.7499864,5.283343e-10,4881196.0,1046.1500848348674,5,683367440.0,ok,0,69,140
debug,vdd,15,6,2,0.75,0.75,0.7499864,5.283343e-10,4881196.0,1046.1500848348674,5,683367440.0,ok,0,69,140
debug,vdd,15,6,3,0.75,0.75,0.7499864,5.283343e-10,4881196.0,1046.1500848348674,5,683367440.0,ok,0,69,140
debug,vdd,15,6,4,0.75,0.75,0.7499864,5.283343e-10,4881196.0,1046.1500848348674,5,683367440.0,ok,0,69,140
debug,vdd,15,6,5,0.75,0.75,0.7499864,5.283343e-10,4881196.0,1046.1500848348674,5,683367440.0,ok,0,69,140
debug,vdd,15,6,6,0.75,0.75,0.7499864,5.283343e-10,4881196.0,1046.1500848348674,5,683367440.0,ok,0,69,140
debug,vdd,15,6,7,0.75,0.75,0.7499864,5.283343e-10,4881196.0,1046.1500848348674,5,683367440.0,ok,0,69,140
debug,vdd,15,6,8,0.75,0.75,0.7499864,5.283343e-10,4881196.0,1046.1500848348674,5,683367440.0,ok,0,69,140
debug,vdd,15,6,9,0.75,0.75,0.7499864,5.283343e-10,4881196.0,1046.1500848348674,5,683367440.0,ok,0,69,140
debug,vdd,15,6,10,0.75,0.75,0.7499864,5.283343e-10,4881196.0,1046.1500848348674,5,683367440.0,ok,0,69,140
debug,vdd,15,6,11,0.75,0.75,0.7499864,5.283343e-10,4881196.0,1046.1500848348674,5,683367440.0,ok,0,69,140
debug,vdd,15,6,12,0.75,0.75,0.7499864,5.283343e-10,4881196.0,1046.1500848348674,5,683367440.0,ok,0,69,140
debug,vdd,15,6,13,0.75,0.75,0.7499864,5.283343e-10,4881196.0,1046.1500848348674,5,683367440.0,ok,0,69,140
debug,vdd,15,6,14,0.75,0.75,0.7499864,5.283343e-10,4881196.0,1046.1500848348674,5,683367440.0,ok,0,69,140
debug,vdd,15,6,15,0.75,0.75,0.7499864,5.283343e-10,4881196.0,1046.1500848348674,5,683367440.0,ok,0,69,140
debug,vdd,15,7,0,0.75,0.75,0.7499864,6.370883e-10,4875400.0,1343.5028842544402,5,682556000.0,ok,0,69,140
debug,vdd,15,7,1,0.75,0.75,0.7499864,6.370883e-10,4875400.0,1343.5028842544402,5,682556000.0,ok,0,69,140
debug,vdd,15,7,2,0.75,0.75,0.7499864,6.370883e-10,4875400.0,1343.5028842544402,5,682556000.0,ok,0,69,140
debug,vdd,15,7,3,0.75,0.75,0.7499864,6.370883e-10,4875400.0,1343.5028842544402,5,682556000.0,ok,0,69,140
debug,vdd,15,7,4,0.75,0.75,0.7499864,6.370883e-10,4875400.0,1343.5028842544402,5,682556000.0,ok,0,69,140
debug,vdd,15,7,5,0.75,0.75,0.7499864,6.370883e-10,4875400.0,1343.5028842544402,5,682556000.0,ok,0,69,140
debug,vdd,15,7,6,0.75,0.75,0.7499864,6.370883e-10,4875400.0,1343.5028842544402,5,682556000.0,ok,0,69,140
debug,vdd,15,7,7,0.75,0.75,0.7499864,6.370883e-10,4875400.0,1343.5028842544402,5,682556000.0,ok,0,69,140
debug,vdd,15,7,8,0.75,0.75,0.7499864,6.370883e-10,4875400.0,1343.5028842544402,5,682556000.0,ok,0,69,140
debug,vdd,15,7,9,0.75,0.75,0.7499864,6.370883e-10,4875400.0,1343.5028842544402,5,682556000.0,ok,0,69,140
debug,vdd,15,7,10,0.75,0.75,0.7499864,6.370883e-10,4875400.0,1343.5028842544402,5,682556000.0,ok,0,69,140
debug,vdd,15,7,11,0.75,0.75,0.7499864,6.370883e-10,4875400.0,1343.5028842544402,5,682556000.0,ok,0,69,140
debug,vdd,15,7,12,0.75,0.75,0.7499864,6.370883e-10,4875400.0,1343.5028842544402,5,682556000.0,ok,0,69,140
debug,vdd,15,7,13,0.75,0.75,0.7499864,6.370883e-10,4875400.0,1343.5028842544402,5,682556000.0,ok,0,69,140
debug,vdd,15,7,14,0.75,0.75,0.7499864,6.370883e-10,4875400.0,1343.5028842544402,5,682556000.0,ok,0,69,140
debug,vdd,15,7,15,0.75,0.75,0.7499864,6.370883e-10,4875400.0,1343.5028842544402,5,682556000.0,ok,0,69,140
debug,vdd,15,8,0,0.75,0.75,0.7499859,5.594973e-10,3849322.0,3247.4328322538095,5,538905080.0,ok,0,69,140
debug,vdd,15,8,1,0.75,0.75,0.7499859,5.594973e-10,3849322.0,3247.4328322538095,5,538905080.0,ok,0,69,140
debug,vdd,15,8,2,0.75,0.75,0.7499859,5.594973e-10,3849322.0,3247.4328322538095,5,538905080.0,ok,0,69,140
debug,vdd,15,8,3,0.75,0.75,0.7499859,5.594973e-10,3849322.0,3247.4328322538095,5,538905080.0,ok,0,69,140
debug,vdd,15,8,4,0.75,0.75,0.7499859,5.594973e-10,3849322.0,3247.4328322538095,5,538905080.0,ok,0,69,140
debug,vdd,15,8,5,0.75,0.75,0.7499859,5.594973e-10,3849322.0,3247.4328322538095,5,538905080.0,ok,0,69,140
debug,vdd,15,8,6,0.75,0.75,0.7499859,5.594973e-10,3849322.0,3247.4328322538095,5,538905080.0,ok,0,69,140
debug,vdd,15,8,7,0.75,0.75,0.7499859,5.594973e-10,3849322.0,3247.4328322538095,5,538905080.0,ok,0,69,140
debug,vdd,15,8,8,0.75,0.75,0.7499859,5.594973e-10,3849322.0,3247.4328322538095,5,538905080.0,ok,0,69,140
debug,vdd,15,8,9,0.75,0.75,0.7499859,5.594973e-10,3849322.0,3247.4328322538095,5,538905080.0,ok,0,69,140
debug,vdd,15,8,10,0.75,0.75,0.7499859,5.594973e-10,3849322.0,3247.4328322538095,5,538905080.0,ok,0,69,140
debug,vdd,15,8,11,0.75,0.75,0.7499859,5.594973e-10,3849322.0,3247.4328322538095,5,538905080.0,ok,0,69,140
debug,vdd,15,8,12,0.75,0.75,0.7499859,5.594973e-10,3849322.0,3247.4328322538095,5,538905080.0,ok,0,69,140
debug,vdd,15,8,13,0.75,0.75,0.7499859,5.594973e-10,3849322.0,3247.4328322538095,5,538905080.0,ok,0,69,140
debug,vdd,15,8,14,0.75,0.75,0.7499859,5.594973e-10,3849322.0,3247.4328322538095,5,538905080.0,ok,0,69,140
debug,vdd,15,8,15,0.75,0.75,0.7499859,5.594973e-10,3849322.0,3247.4328322538095,5,538905080.0,ok,0,69,140
debug,vdd,15,9,0,0.75,0.75,0.7499863,5.359656e-10,3735194.0,4121.950994371476,5,522927160.0,ok,0,69,140
debug,vdd,15,9,1,0.75,0.75,0.7499863,5.359656e-10,3735194.0,4121.950994371476,5,522927160.0,ok,0,69,140
debug,vdd,15,9,2,0.75,0.75,0.7499863,5.359656e-10,3735194.0,4121.950994371476,5,522927160.0,ok,0,69,140
debug,vdd,15,9,3,0.75,0.75,0.7499863,5.359656e-10,3735194.0,4121.950994371476,5,522927160.0,ok,0,69,140
debug,vdd,15,9,4,0.75,0.75,0.7499863,5.359656e-10,3735194.0,4121.950994371476,5,522927160.0,ok,0,69,140
debug,vdd,15,9,5,0.75,0.75,0.7499863,5.359656e-10,3735194.0,4121.950994371476,5,522927160.0,ok,0,69,140
debug,vdd,15,9,6,0.75,0.75,0.7499863,5.359656e-10,3735194.0,4121.950994371476,5,522927160.0,ok,0,69,140
debug,vdd,15,9,7,0.75,0.75,0.7499863,5.359656e-10,3735194.0,4121.950994371476,5,522927160.0,ok,0,69,140
debug,vdd,15,9,8,0.75,0.75,0.7499863,5.359656e-10,3735194.0,4121.950994371476,5,522927160.0,ok,0,69,140
debug,vdd,15,9,9,0.75,0.75,0.7499863,5.359656e-10,3735194.0,4121.950994371476,5,522927160.0,ok,0,69,140
debug,vdd,15,9,10,0.75,0.75,0.7499863,5.359656e-10,3735194.0,4121.950994371476,5,522927160.0,ok,0,69,140
debug,vdd,15,9,11,0.75,0.75,0.7499863,5.359656e-10,3735194.0,4121.950994371476,5,522927160.0,ok,0,69,140
debug,vdd,15,9,12,0.75,0.75,0.7499863,5.359656e-10,3735194.0,4121.950994371476,5,522927160.0,ok,0,69,140
debug,vdd,15,9,13,0.75,0.75,0.7499863,5.359656e-10,3735194.0,4121.950994371476,5,522927160.0,ok,0,69,140
debug,vdd,15,9,14,0.75,0.75,0.7499863,5.359656e-10,3735194.0,4121.950994371476,5,522927160.0,ok,0,69,140
debug,vdd,15,9,15,0.75,0.75,0.7499863,5.359656e-10,3735194.0,4121.950994371476,5,522927160.0,ok,0,69,140
debug,vdd,15,10,0,0.75,0.75,0.7499863,7.668294e-10,3129374.4,7255.217453667396,5,438112416.0,ok,0,69,140
debug,vdd,15,10,1,0.75,0.75,0.7499863,7.668294e-10,3129374.4,7255.217453667396,5,438112416.0,ok,0,69,140
debug,vdd,15,10,2,0.75,0.75,0.7499863,7.668294e-10,3129374.4,7255.217453667396,5,438112416.0,ok,0,69,140
debug,vdd,15,10,3,0.75,0.75,0.7499863,7.668294e-10,3129374.4,7255.217453667396,5,438112416.0,ok,0,69,140
debug,vdd,15,10,4,0.75,0.75,0.7499863,7.668294e-10,3129374.4,7255.217453667396,5,438112416.0,ok,0,69,140
debug,vdd,15,10,5,0.75,0.75,0.7499863,7.668294e-10,3129374.4,7255.217453667396,5,438112416.0,ok,0,69,140
debug,vdd,15,10,6,0.75,0.75,0.7499863,7.668294e-10,3129374.4,7255.217453667396,5,438112416.0,ok,0,69,140
debug,vdd,15,10,7,0.75,0.75,0.7499863,7.668294e-10,3129374.4,7255.217453667396,5,438112416.0,ok,0,69,140
debug,vdd,15,10,8,0.75,0.75,0.7499863,7.668294e-10,3129374.4,7255.217453667396,5,438112416.0,ok,0,69,140
debug,vdd,15,10,9,0.75,0.75,0.7499863,7.668294e-10,3129374.4,7255.217453667396,5,438112416.0,ok,0,69,140
debug,vdd,15,10,10,0.75,0.75,0.7499863,7.668294e-10,3129374.4,7255.217453667396,5,438112416.0,ok,0,69,140
debug,vdd,15,10,11,0.75,0.75,0.7499863,7.668294e-10,3129374.4,7255.217453667396,5,438112416.0,ok,0,69,140
debug,vdd,15,10,12,0.75,0.75,0.7499863,7.668294e-10,3129374.4,7255.217453667396,5,438112416.0,ok,0,69,140
debug,vdd,15,10,13,0.75,0.75,0.7499863,7.668294e-10,3129374.4,7255.217453667396,5,438112416.0,ok,0,69,140
debug,vdd,15,10,14,0.75,0.75,0.7499863,7.668294e-10,3129374.4,7255.217453667396,5,438112416.0,ok,0,69,140
debug,vdd,15,10,15,0.75,0.75,0.7499863,7.668294e-10,3129374.4,7255.217453667396,5,438112416.0,ok,0,69,140
debug,vdd,15,11,0,0.75,0.75,0.7499856,3.559806e-10,2970414.8,5194.4227013211,5,415858072.0,ok,0,69,140
debug,vdd,15,11,1,0.75,0.75,0.7499856,3.559806e-10,2970414.8,5194.4227013211,5,415858072.0,ok,0,69,140
debug,vdd,15,11,2,0.75,0.75,0.7499856,3.559806e-10,2970414.8,5194.4227013211,5,415858072.0,ok,0,69,140
debug,vdd,15,11,3,0.75,0.75,0.7499856,3.559806e-10,2970414.8,5194.4227013211,5,415858072.0,ok,0,69,140
debug,vdd,15,11,4,0.75,0.75,0.7499856,3.559806e-10,2970414.8,5194.4227013211,5,415858072.0,ok,0,69,140
debug,vdd,15,11,5,0.75,0.75,0.7499856,3.559806e-10,2970414.8,5194.4227013211,5,415858072.0,ok,0,69,140
debug,vdd,15,11,6,0.75,0.75,0.7499856,3.559806e-10,2970414.8,5194.4227013211,5,415858072.0,ok,0,69,140
debug,vdd,15,11,7,0.75,0.75,0.7499856,3.559806e-10,2970414.8,5194.4227013211,5,415858072.0,ok,0,69,140
debug,vdd,15,11,8,0.75,0.75,0.7499856,3.559806e-10,2970414.8,5194.4227013211,5,415858072.0,ok,0,69,140
debug,vdd,15,11,9,0.75,0.75,0.7499856,3.559806e-10,2970414.8,5194.4227013211,5,415858072.0,ok,0,69,140
debug,vdd,15,11,10,0.75,0.75,0.7499856,3.559806e-10,2970414.8,5194.4227013211,5,415858072.0,ok,0,69,140
debug,vdd,15,11,11,0.75,0.75,0.7499856,3.559806e-10,2970414.8,5194.4227013211,5,415858072.0,ok,0,69,140
debug,vdd,15,11,12,0.75,0.75,0.7499856,3.559806e-10,2970414.8,5194.4227013211,5,415858072.0,ok,0,69,140
debug,vdd,15,11,13,0.75,0.75,0.7499856,3.559806e-10,2970414.8,5194.4227013211,5,415858072.0,ok,0,69,140
debug,vdd,15,11,14,0.75,0.75,0.7499856,3.559806e-10,2970414.8,5194.4227013211,5,415858072.0,ok,0,69,140
debug,vdd,15,11,15,0.75,0.75,0.7499856,3.559806e-10,2970414.8,5194.4227013211,5,415858072.0,ok,0,69,140
debug,vdd,15,12,0,0.75,0.75,0.7499875,5.36602e-10,2195812.2,3231.1690144590084,5,307413708.0,ok,0,69,140
debug,vdd,15,12,1,0.75,0.75,0.7499875,5.36602e-10,2195812.2,3231.1690144590084,5,307413708.0,ok,0,69,140
debug,vdd,15,12,2,0.75,0.75,0.7499875,5.36602e-10,2195812.2,3231.1690144590084,5,307413708.0,ok,0,69,140
debug,vdd,15,12,3,0.75,0.75,0.7499875,5.36602e-10,2195812.2,3231.1690144590084,5,307413708.0,ok,0,69,140
debug,vdd,15,12,4,0.75,0.75,0.7499875,5.36602e-10,2195812.2,3231.1690144590084,5,307413708.0,ok,0,69,140
debug,vdd,15,12,5,0.75,0.75,0.7499875,5.36602e-10,2195812.2,3231.1690144590084,5,307413708.0,ok,0,69,140
debug,vdd,15,12,6,0.75,0.75,0.7499875,5.36602e-10,2195812.2,3231.1690144590084,5,307413708.0,ok,0,69,140
debug,vdd,15,12,7,0.75,0.75,0.7499875,5.36602e-10,2195812.2,3231.1690144590084,5,307413708.0,ok,0,69,140
debug,vdd,15,12,8,0.75,0.75,0.7499875,5.36602e-10,2195812.2,3231.1690144590084,5,307413708.0,ok,0,69,140
debug,vdd,15,12,9,0.75,0.75,0.7499875,5.36602e-10,2195812.2,3231.1690144590084,5,307413708.0,ok,0,69,140
debug,vdd,15,12,10,0.75,0.75,0.7499875,5.36602e-10,2195812.2,3231.1690144590084,5,307413708.0,ok,0,69,140
debug,vdd,15,12,11,0.75,0.75,0.7499875,5.36602e-10,2195812.2,3231.1690144590084,5,307413708.0,ok,0,69,140
debug,vdd,15,12,12,0.75,0.75,0.7499875,5.36602e-10,2195812.2,3231.1690144590084,5,307413708.0,ok,0,69,140
debug,vdd,15,12,13,0.75,0.75,0.7499875,5.36602e-10,2195812.2,3231.1690144590084,5,307413708.0,ok,0,69,140
debug,vdd,15,12,14,0.75,0.75,0.7499875,5.36602e-10,2195812.2,3231.1690144590084,5,307413708.0,ok,0,69,140
debug,vdd,15,12,15,0.75,0.75,0.7499875,5.36602e-10,2195812.2,3231.1690144590084,5,307413708.0,ok,0,69,140
debug,vdd,15,13,0,0.75,0.75,0.7499875,4.10676e-10,4952864.0,7858.478224185647,5,277360384.0,ok,0,27,56
debug,vdd,15,13,1,0.75,0.75,0.7499875,4.10676e-10,4952864.0,7858.478224185647,5,277360384.0,ok,0,27,56
debug,vdd,15,13,2,0.75,0.75,0.7499875,4.10676e-10,4952864.0,7858.478224185647,5,277360384.0,ok,0,27,56
debug,vdd,15,13,3,0.75,0.75,0.7499875,4.10676e-10,4952864.0,7858.478224185647,5,277360384.0,ok,0,27,56
debug,vdd,15,13,4,0.75,0.75,0.7499875,4.10676e-10,4952864.0,7858.478224185647,5,277360384.0,ok,0,27,56
debug,vdd,15,13,5,0.75,0.75,0.7499875,4.10676e-10,4952864.0,7858.478224185647,5,277360384.0,ok,0,27,56
debug,vdd,15,13,6,0.75,0.75,0.7499875,4.10676e-10,4952864.0,7858.478224185647,5,277360384.0,ok,0,27,56
debug,vdd,15,13,7,0.75,0.75,0.7499875,4.10676e-10,4952864.0,7858.478224185647,5,277360384.0,ok,0,27,56
debug,vdd,15,13,8,0.75,0.75,0.7499875,4.10676e-10,4952864.0,7858.478224185647,5,277360384.0,ok,0,27,56
debug,vdd,15,13,9,0.75,0.75,0.7499875,4.10676e-10,4952864.0,7858.478224185647,5,277360384.0,ok,0,27,56
debug,vdd,15,13,10,0.75,0.75,0.7499875,4.10676e-10,4952864.0,7858.478224185647,5,277360384.0,ok,0,27,56
debug,vdd,15,13,11,0.75,0.75,0.7499875,4.10676e-10,4952864.0,7858.478224185647,5,277360384.0,ok,0,27,56
debug,vdd,15,13,12,0.75,0.75,0.7499875,4.10676e-10,4952864.0,7858.478224185647,5,277360384.0,ok,0,27,56
debug,vdd,15,13,13,0.75,0.75,0.7499875,4.10676e-10,4952864.0,7858.478224185647,5,277360384.0,ok,0,27,56
debug,vdd,15,13,14,0.75,0.75,0.7499875,4.10676e-10,4952864.0,7858.478224185647,5,277360384.0,ok,0,27,56
debug,vdd,15,13,15,0.75,0.75,0.7499875,4.10676e-10,4952864.0,7858.478224185647,5,277360384.0,ok,0,27,56
debug,vdd,15,14,0,0.75,0.75,0.7499866,8.425127e-10,4839608.0,28451.954590150744,5,106471376.0,ok,0,10,22
debug,vdd,15,14,1,0.75,0.75,0.7499866,8.425127e-10,4839608.0,28451.954590150744,5,106471376.0,ok,0,10,22
debug,vdd,15,14,2,0.75,0.75,0.7499866,8.425127e-10,4839608.0,28451.954590150744,5,106471376.0,ok,0,10,22
debug,vdd,15,14,3,0.75,0.75,0.7499866,8.425127e-10,4839608.0,28451.954590150744,5,106471376.0,ok,0,10,22
debug,vdd,15,14,4,0.75,0.75,0.7499866,8.425127e-10,4839608.0,28451.954590150744,5,106471376.0,ok,0,10,22
debug,vdd,15,14,5,0.75,0.75,0.7499866,8.425127e-10,4839608.0,28451.954590150744,5,106471376.0,ok,0,10,22
debug,vdd,15,14,6,0.75,0.75,0.7499866,8.425127e-10,4839608.0,28451.954590150744,5,106471376.0,ok,0,10,22
debug,vdd,15,14,7,0.75,0.75,0.7499866,8.425127e-10,4839608.0,28451.954590150744,5,106471376.0,ok,0,10,22
debug,vdd,15,14,8,0.75,0.75,0.7499866,8.425127e-10,4839608.0,28451.954590150744,5,106471376.0,ok,0,10,22
debug,vdd,15,14,9,0.75,0.75,0.7499866,8.425127e-10,4839608.0,28451.954590150744,5,106471376.0,ok,0,10,22
debug,vdd,15,14,10,0.75,0.75,0.7499866,8.425127e-10,4839608.0,28451.954590150744,5,106471376.0,ok,0,10,22
debug,vdd,15,14,11,0.75,0.75,0.7499866,8.425127e-10,4839608.0,28451.954590150744,5,106471376.0,ok,0,10,22
debug,vdd,15,14,12,0.75,0.75,0.7499866,8.425127e-10,4839608.0,28451.954590150744,5,106471376.0,ok,0,10,22
debug,vdd,15,14,13,0.75,0.75,0.7499866,8.425127e-10,4839608.0,28451.954590150744,5,106471376.0,ok,0,10,22
debug,vdd,15,14,14,0.75,0.75,0.7499866,8.425127e-10,4839608.0,28451.954590150744,5,106471376.0,ok,0,10,22
debug,vdd,15,14,15,0.75,0.75,0.7499866,8.425127e-10,4839608.0,28451.954590150744,5,106471376.0,ok,0,10,22
debug,vdd,15,15,0,0.75,0.75,0.7499861,5.73489e-10,2464140.4,28336.31391518664,5,54211088.8,ok,0,10,22
debug,vdd,15,15,1,0.75,0.75,0.7499861,5.73489e-10,2464140.4,28336.31391518664,5,54211088.8,ok,0,10,22
debug,vdd,15,15,2,0.75,0.75,0.7499861,5.73489e-10,2464140.4,28336.31391518664,5,54211088.8,ok,0,10,22
debug,vdd,15,15,3,0.75,0.75,0.7499861,5.73489e-10,2464140.4,28336.31391518664,5,54211088.8,ok,0,10,22
debug,vdd,15,15,4,0.75,0.75,0.7499861,5.73489e-10,2464140.4,28336.31391518664,5,54211088.8,ok,0,10,22
debug,vdd,15,15,5,0.75,0.75,0.7499861,5.73489e-10,2464140.4,28336.31391518664,5,54211088.8,ok,0,10,22
debug,vdd,15,15,6,0.75,0.75,0.7499861,5.73489e-10,2464140.4,28336.31391518664,5,54211088.8,ok,0,10,22
debug,vdd,15,15,7,0.75,0.75,0.7499861,5.73489e-10,2464140.4,28336.31391518664,5,54211088.8,ok,0,10,22
debug,vdd,15,15,8,0.75,0.75,0.7499861,5.73489e-10,2464140.4,28336.31391518664,5,54211088.8,ok,0,10,22
debug,vdd,15,15,9,0.75,0.75,0.7499861,5.73489e-10,2464140.4,28336.31391518664,5,54211088.8,ok,0,10,22
debug,vdd,15,15,10,0.75,0.75,0.7499861,5.73489e-10,2464140.4,28336.31391518664,5,54211088.8,ok,0,10,22
debug,vdd,15,15,11,0.75,0.75,0.7499861,5.73489e-10,2464140.4,28336.31391518664,5,54211088.8,ok,0,10,22
debug,vdd,15,15,12,0.75,0.75,0.7499861,5.73489e-10,2464140.4,28336.31391518664,5,54211088.8,ok,0,10,22
debug,vdd,15,15,13,0.75,0.75,0.7499861,5.73489e-10,2464140.4,28336.31391518664,5,54211088.8,ok,0,10,22
debug,vdd,15,15,14,0.75,0.75,0.7499861,5.73489e-10,2464140.4,28336.31391518664,5,54211088.8,ok,0,10,22
debug,vdd,15,15,15,0.75,0.75,0.7499861,5.73489e-10,2464140.4,28336.31391518664,5,54211088.8,ok,0,10,22
debug,window,0,8,0,0.0,0.0,5.400841e-06,-1.417175e-09,5007908.0,7722.3778721323915,5,10897207808.0,ok,4,67,2176
debug,window,0,8,1,0.0,0.0,8.260395e-06,-1.492859e-09,4842680.0,5414.646802885669,5,10537671680.0,ok,4,67,2176
debug,window,0,8,2,0.0,0.0,6.430302e-06,-1.598435e-09,4626148.0,3570.590987497728,5,10066498048.0,ok,4,67,2176
debug,window,0,8,3,0.0,0.0,6.315953e-06,-1.765067e-09,4440748.0,1801.4771716566381,5,9663067648.0,ok,4,67,2176
debug,window,0,8,4,0.0,0.0,6.544666e-06,-1.560911e-09,4260730.0,6130.4159728357745,5,9271348480.0,ok,4,67,2176
debug,window,0,8,5,0.0,0.0,6.8878e-06,-1.631507e-09,4064598.0,5264.106761835288,5,8844565248.0,ok,4,67,2176
debug,window,0,8,6,0.0,0.0,6.887756e-06,-1.808314e-09,3807120.0,3069.071520834925,5,8284293120.0,ok,4,67,2176
debug,window,0,8,7,0.0,0.0,6.430215e-06,-1.859194e-09,3585422.0,5269.641354020215,5,7801878272.0,ok,4,67,2176
debug,window,0,8,8,0.0,0.0,7.345312e-06,-1.617515e-09,3349651.6,4553.628531182578,5,7288841881.6,ok,4,67,2176
debug,window,0,8,9,0.0,0.0,7.230949e-06,-1.652495e-09,3105527.4,3789.8730585601415,5,6757627622.4,ok,4,67,2176
debug,window,0,8,10,0.0,0.0,6.659044e-06,-1.625783e-09,2796697.6,1367.039977469569,5,6085613977.6,ok,4,67,2176
debug,window,0,8,11,0.0,0.0,6.887814e-06,-1.687475e-09,2516660.0,2877.285786987452,5,5476252160.0,ok,4,67,2176
debug,window,0,8,12,0.0,0.0,6.430259e-06,-1.656946e-09,2210397.6,1593.4206287104482,5,4809825177.6,ok,4,67,2176
debug,window,0,8,13,0.0,0.0,6.544637e-06,-2.069073e-09,5013088.0,5600.448196350003,5,4130784512.0,ok,2,102,824
debug,window,0,8,14,0.0,0.0,7.345327e-06,-2.004838e-09,4011838.0,8149.083997603657,5,3305754512.0,ok,2,102,824
debug,window,0,8,15,0.0,0.0,6.773364e-06,-1.955229e-09,3034796.6,6697.553530954418,5,2500672398.4,ok,2,102,824
debug,window,8,0,0,0.0,0.0,5.972775e-06,-2.090062e-09,4920228.0,867.5943752699184,5,1259578368.0,ok,1,63,256
debug,window,8,0,1,0.0,0.0,6.31588e-06,-2.266233e-09,4914938.0,1057.1045359849707,5,1258224128.0,ok,1,63,256
debug,window,8,0,2,0.0,0.0,6.659102e-06,-2.217262e-09,4911464.0,863.1222393149188,5,1257334784.0,ok,1,63,256
debug,window,8,0,3,0.0,0.0,7.002105e-06,-2.261145e-09,4905108.0,1303.5796868622954,5,1255707648.0,ok,1,63,256
debug,window,8,0,4,0.0,0.0,7.002149e-06,-2.212809e-09,4900608.0,1051.627310409919,5,1254555648.0,ok,1,63,256
debug,window,8,0,5,0.0,0.0,7.230919e-06,-2.13331e-09,4895232.0,1051.627310409919,5,1253179392.0,ok,1,63,256
debug,window,8,0,6,0.0,0.0,6.544607e-06,-2.270685e-09,4883870.0,0.0,5,1250270720.0,ok,1,63,256
debug,window,8,0,7,0.0,0.0,6.201342e-06,-2.151751e-09,4875400.0,0.0,5,1248102400.0,ok,1,63,256
debug,window,8,0,8,0.0,0.0,8.145813e-06,-2.184188e-09,4882724.0,1046.1500848348674,5,1249977344.0,ok,1,63,256
debug,window,8,0,9,0.0,0.0,6.087095e-06,-2.062077e-09,4874260.0,1040.6728592598156,5,1247810560.0,ok,1,63,256
debug,window,8,0,10,0.0,0.0,7.116527e-06,-2.156205e-09,4862970.0,0.0,5,1244920320.0,ok,1,63,256
debug,window,8,0,11,0.0,0.0,6.544666e-06,-2.337465e-09,4850776.0,840.7615595399209,5,1241798656.0,ok,1,63,256
debug,window,8,0,12,0.0,0.0,7.345196e-06,-2.129492e-09,4841376.0,840.7615595399209,5,1239392256.0,ok,1,63,256
debug,window,8,0,13,0.0,0.0,5.972775e-06,-2.212809e-09,4823352.0,831.8172876299218,5,1234778112.0,ok,1,63,256
debug,window,8,0,14,0.0,0.0,6.544666e-06,-2.094514e-09,4799824.0,1007.8095058095056,5,1228754944.0,ok,1,63,256
debug,window,8,0,15,0.0,0.0,7.802839e-06,-2.162566e-09,4767672.0,996.8550546594023,5,1220524032.0,ok,1,63,256
debug,window,8,8,0,0.0,0.0,7.574039e-06,-2.345733e-09,4964400.0,1393.0003589374987,5,1251028800.0,ok,1,62,252
debug,window,8,8,1,0.0,0.0,6.659102e-06,-2.109142e-09,4955864.0,898.2649943084724,5,1248877728.0,ok,1,62,252
debug,window,8,8,2,0.0,0.0,6.544607e-06,-1.91071e-09,4947040.0,0.0,5,1246654080.0,ok,1,62,252
debug,window,8,8,3,0.0,0.0,7.459603e-06,-1.854105e-09,4935060.0,872.066511224918,5,1243635120.0,ok,1,62,252
debug,window,8,8,4,0.0,0.0,7.574054e-06,-1.99339e-09,4929152.0,867.5943752699184,5,1242146304.0,ok,1,62,252
debug,window,8,8,5,0.0,0.0,7.230919e-06,-2.144122e-09,4913008.0,1057.1045359849707,5,1238078016.0,ok,1,62,252
debug,window,8,8,6,0.0,0.0,6.773407e-06,-2.362905e-09,4894080.0,0.0,5,1233308160.0,ok,1,62,252
debug,window,8,8,7,0.0,0.0,6.430288e-06,-2.110414e-09,4870460.0,1040.6728592598156,5,1227355920.0,ok,1,62,252
debug,window,8,8,8,0.0,0.0,6.430273e-06,-2.09833e-09,4886926.0,1708.3559348098393,5,1231505352.0,ok,1,62,252
debug,window,8,8,9,0.0,0.0,6.659029e-06,-1.889086e-09,4861080.0,0.0,5,1224992160.0,ok,1,62,252
debug,window,8,8,10,0.0,0.0,7.230905e-06,-2.075433e-09,4826656.0,1238.9027403311368,5,1216317312.0,ok,1,62,252
debug,window,8,8,11,0.0,0.0,6.544622e-06,-2.325381e-09,4774472.0,1826.6690997550706,5,1203166944.0,ok,1,62,252
debug,window,8,8,12,0.0,0.0,6.773393e-06,-2.077341e-09,4720204.0,1489.2548472306544,5,1189491408.0,ok,1,62,252
debug,window,8,8,13,0.0,0.0,6.430288e-06,-2.03155e-09,4593082.0,1413.9554448425877,5,1157456664.0,ok,1,62,252
debug,window,8,8,14,0.0,0.0,6.430171e-06,-2.085609e-09,4278078.0,2369.2235014873545,5,1078075656.0,ok,1,62,252
debug,window,8,8,15,0.0,0.0,7.345225e-06,-1.991481e-09,3615132.0,1988.6854954969626,5,911013264.0,ok,1,62,252
debug,window,15,0,0,0.0,0.0,7.574083e-06,-1.898626e-09,4982706.0,1888.4596898001291,5,707544252.0,ok,0,70,142
debug,window,15,0,1,0.0,0.0,7.002134e-06,-2.405517e-09,4978512.0,1084.490663860229,5,706948704.0,ok,0,70,142
debug,window,15,0,2,0.0,0.0,7.002076e-06,-2.046177e-09,4974948.0,1084.490663860229,5,706442616.0,ok,0,70,142
debug,window,15,0,3,0.0,0.0,7.345283e-06,-2.465301e-09,4972176.0,1656.5868525374697,5,706048992.0,ok,0,70,142
debug,window,15,0,4,0.0,0.0,6.430331e-06,-2.19055e-09,4969800.0,0.0,5,705711600.0,ok,0,70,142
debug,window,15,0,5,0.0,0.0,6.773436e-06,-2.074798e-09,4966950.0,794.1977083824909,5,705306900.0,ok,0,70,142
debug,window,15,0,6,0.0,0.0,6.544637e-06,-2.558157e-09,4960854.0,881.0107831349171,5,704441268.0,ok,0,70,142
debug,window,15,0,7,0.0,0.0,7.45969e-06,-1.952686e-09,4955208.0,733.430296619931,5,703639536.0,ok,0,70,142
debug,window,15,0,8,0.0,0.0,6.544666e-06,-2.521269e-09,4961248.0,1079.0134382851772,5,704497216.0,ok,0,70,142
debug,window,15,0,9,0.0,0.0,7.002178e-06,-2.392797e-09,4955536.0,898.2649943084724,5,703686112.0,ok,0,70,142
debug,window,15,0,10,0.0,0.0,6.773305e-06,-2.603311e-09,4948608.0,876.5386471799176,5,702702336.0,ok,0,70,142
debug,window,15,0,11,0.0,0.0,7.802839e-06,-2.16511e-09,4940130.0,1068.058987135074,5,701498460.0,ok,0,70,142
debug,window,15,0,12,0.0,0.0,7.459661e-06,-2.937212e-09,4934670.0,1068.058987135074,5,700723140.0,ok,0,70,142
debug,window,15,0,13,0.0,0.0,7.688403e-06,-2.050629e-09,4922556.0,1735.1887505398367,5,699002952.0,ok,0,70,142
debug,window,15,0,14,0.0,0.0,6.544607e-06,-2.230617e-09,4907990.0,1364.7160876900368,5,696934580.0,ok,0,70,142
debug,window,15,0,15,0.0,0.0,7.00212e-06,-2.521268e-09,4887308.0,854.1779674049196,5,693997736.0,ok,0,70,142
debug,window,15,8,0,0.0,0.0,7.230876e-06,-1.922158e-09,4962824.0,881.0107831349171,5,704721008.0,ok,0,70,142
debug,window,15,8,1,0.0,0.0,6.544578e-06,-1.838205e-09,4956586.0,1279.5233487514013,5,703835212.0,ok,0,70,142
debug,window,15,8,2,0.0,0.0,6.544651e-06,-2.335557e-09,4951352.0,876.5386471799176,5,703091984.0,ok,0,70,142
debug,window,15,8,3,0.0,0.0,8.031493e-06,-1.829938e-09,4943120.0,0.0,5,701923040.0,ok,0,70,142
debug,window,15,8,4,0.0,0.0,6.658927e-06,-1.762521e-09,4938960.0,872.066511224918,5,701332320.0,ok,0,70,142
debug,window,15,8,5,0.0,0.0,6.658927e-06,-2.705707e-09,4928764.0,1062.5817615600222,5,699884488.0,ok,0,70,142
debug,window,15,8,6,0.0,0.0,7.345225e-06,-1.546282e-09,4917024.0,1199.5124009363137,5,698217408.0,ok,0,70,142
debug,window,15,8,7,0.0,0.0,7.00212e-06,-1.758706e-09,4900224.0,858.6501033599193,5,695831808.0,ok,0,70,142
debug,window,15,8,8,0.0,0.0,7.802824e-06,-2.848172e-09,4913394.0,863.1222393149188,5,697701948.0,ok,0,70,142
debug,window,15,8,9,0.0,0.0,7.230919e-06,-2.272593e-09,4897920.0,1357.6450198781713,5,695504640.0,ok,0,70,142
debug,window,15,8,10,0.0,0.0,7.00212e-06,-1.814674e-09,4876540.0,1040.6728592598156,5,692468680.0,ok,0,70,142
debug,window,15,8,11,0.0,0.0,6.773291e-06,-2.498371e-09,4847016.0,1572.9208498840621,5,688276272.0,ok,0,70,142
debug,window,15,8,12,0.0,0.0,6.201444e-06,-1.924065e-09,4821492.0,831.8172876299218,5,684651864.0,ok,0,70,142
debug,window,15,8,13,0.0,0.0,6.430259e-06,-1.959682e-09,4758852.0,809.4566078549238,5,675756984.0,ok,0,70,142
debug,window,15,8,14,0.0,0.0,6.201444e-06,-2.46212e-09,4634368.0,942.0827989088857,5,658080256.0,ok,0,70,142
debug,window,15,8,15,0.0,0.0,6.887683e-06,-2.502187e-09,4272544.0,3198.69973583017,5,606701248.0,ok,0,70,142
debug,window,0,8,0,0.4,0.4,0.3999959,4.742751e-10,4983886.0,13060.72662603425,5,9888029824.0,ok,3,123,1984
debug,window,0,8,1,0.4,0.4,0.399996,-2.06234e-10,4774352.0,24565.218704501698,5,9472314368.0,ok,3,123,1984
debug,window,0,8,2,0.4,0.4,0.3999947,-3.073569e-10,4545160.0,3250.0769221666123,5,9017597440.0,ok,3,123,1984
debug,window,0,8,3,0.4,0.4,0.3999947,-9.713091e-12,4329134.0,17054.462172698382,5,8589001856.0,ok,3,123,1984
debug,window,0,8,4,0.4,0.4,0.3999955,6.088161e-11,4180780.0,9205.237639518058,5,8294667520.0,ok,3,123,1984
debug,window,0,8,5,0.4,0.4,0.399996,4.84451e-10,3962592.0,13217.069266671791,5,7861782528.0,ok,3,123,1984
debug,window,0,8,6,0.4,0.4,0.3999963,5.722174e-10,3697868.0,11504.352219920946,5,7336570112.0,ok,3,123,1984
debug,window,0,8,7,0.4,0.4,0.399996,8.094581e-12,3456629.2,11401.764477483299,5,6857952332.8,ok,3,123,1984
debug,window,0,8,8,0.4,0.4,0.399995,-1.528109e-10,3439019.6,4493.420334222028,5,6823014886.400001,ok,3,123,1984
debug,window,0,8,9,0.4,0.4,0.3999959,9.458925e-11,3180154.0,2497.7966290312747,5,6309425536.0,ok,3,123,1984
debug,window,0,8,10,0.4,0.4,0.3999938,-1.42635e-10,2872037.0,6240.542925098745,5,5698121408.0,ok,3,123,1984
debug,window,0,8,11,0.4,0.4,0.3999957,-4.962483e-10,2577507.6,3874.9003600092738,5,5113775078.400001,ok,3,123,1984
debug,window,0,8,12,0.4,0.4,0.399996,3.862188e-11,2322168.2,3753.1252577019063,5,4607181708.8,ok,3,123,1984
debug,window,0,8,13,0.4,0.4,0.3999953,-5.331362e-10,4999166.0,6532.930429753557,5,3959339472.0,ok,2,98,792
debug,window,0,8,14,0.4,0.4,0.3999958,-4.434605e-10,4070244.0,3311.0617632415133,5,3223633248.0,ok,2,98,792
debug,window,0,8,15,0.4,0.4,0.399996,2.612186e-10,3121688.6,7034.217959375441,5,2472377371.2000003,ok,2,98,792
debug,window,8,0,0,0.4,0.4,0.3999957,-7.331209e-11,4986940.0,0.0,5,1256708880.0,ok,1,62,252
debug,window,8,0,1,0.4,0.4,0.3999954,-2.76193e-10,4980352.0,1457.916321329863,5,1255048704.0,ok,1,62,252
debug,window,8,0,2,0.4,0.4,0.3999958,-1.998741e-10,4974552.0,1084.490663860229,5,1253587104.0,ok,1,62,252
debug,window,8,0,3,0.4,0.4,0.3999946,-1.280074e-10,4968216.0,885.4829190899167,5,1251990432.0,ok,1,62,252
debug,window,8,0,4,0.4,0.4,0.399996,-2.469373e-10,4966266.0,1217.5097535543607,5,1251499032.0,ok,1,62,252
debug,window,8,0,5,0.4,0.4,0.3999943,2.675783e-10,4958884.0,881.0107831349171,5,1249638768.0,ok,1,62,252
debug,window,8,0,6,0.4,0.4,0.3999957,-3.671407e-10,4950568.0,876.5386471799176,5,1247543136.0,ok,1,62,252
debug,window,8,0,7,0.4,0.4,0.3999949,-6.234481e-10,4941300.0,0.0,5,1245207600.0,ok,1,62,252
debug,window,8,0,8,0.4,0.4,0.3999945,1.333846e-10,4954096.0,1073.5362127101255,5,1248432192.0,ok,1,62,252
debug,window,8,0,9,0.4,0.4,0.3999952,-2.870049e-10,4943120.0,0.0,5,1245666240.0,ok,1,62,252
debug,window,8,0,10,0.4,0.4,0.3999949,-4.237446e-10,4932330.0,1068.058987135074,5,1242947160.0,ok,1,62,252
debug,window,8,0,11,0.4,0.4,0.3999953,-5.741248e-11,4919064.0,1062.5817615600222,5,1239604128.0,ok,1,62,252
debug,window,8,0,12,0.4,0.4,0.3999958,-1.798095e-11,4913008.0,2200.538570441336,5,1238078016.0,ok,1,62,252
debug,window,8,0,13,0.4,0.4,0.399995,-1.196482e-09,4894080.0,0.0,5,1233308160.0,ok,1,62,252
debug,window,8,0,14,0.4,0.4,0.399995,-3.913086e-10,4872740.0,1699.4116628998402,5,1227930480.0,ok,1,62,252
debug,window,8,0,15,0.4,0.4,0.3999949,-2.475733e-10,4840800.0,1367.6256797823007,5,1219881600.0,ok,1,62,252
debug,window,8,8,0,0.4,0.4,0.3999951,2.224232e-10,4949392.0,1639.853652006788,5,1247246784.0,ok,1,62,252
debug,window,8,8,1,0.4,0.4,0.3999955,2.93018e-10,4939740.0,1631.4870517414474,5,1244814480.0,ok,1,62,252
debug,window,8,8,2,0.4,0.4,0.3999958,-2.164098e-10,4927212.0,867.5943752699184,5,1241657424.0,ok,1,62,252
debug,window,8,8,3,0.4,0.4,0.3999945,9.035678e-10,4914552.0,1057.1045359849707,5,1238467104.0,ok,1,62,252
debug,window,8,8,4,0.4,0.4,0.3999944,-3.133704e-11,4907990.0,1930.0,5,1236813480.0,ok,1,62,252
debug,window,8,8,5,0.4,0.4,0.3999931,3.302522e-09,4888836.0,1046.1500848348674,5,1231986672.0,ok,1,62,252
debug,window,8,8,6,0.4,0.4,0.3999951,5.006984e-11,4866036.0,1610.3043190651883,5,1226241072.0,ok,1,62,252
debug,window,8,8,7,0.4,0.4,0.3999947,-1.210114e-10,4835820.0,1322.2896808188439,5,1218626640.0,ok,1,62,252
debug,window,8,8,8,0.4,0.4,0.3999959,3.04466e-10,4872740.0,1040.6728592598156,5,1227930480.0,ok,1,62,252
debug,window,8,8,9,0.4,0.4,0.3999947,2.497706e-10,4843632.0,1029.7184081097123,5,1220595264.0,ok,1,62,252
debug,window,8,8,10,0.4,0.4,0.3999954,5.054389e-10,4804820.0,2412.10488992498,5,1210814640.0,ok,1,62,252
debug,window,8,8,11,0.4,0.4,0.3999957,9.586101e-11,4747376.0,2022.3946202460093,5,1196338752.0,ok,1,62,252
debug,window,8,8,12,0.4,0.4,0.3999951,-3.009969e-10,4703244.0,2625.3342644318645,5,1185217488.0,ok,1,62,252
debug,window,8,8,13,0.4,0.4,0.3999949,1.162126e-10,4569788.0,1493.6934089698595,5,1151586576.0,ok,1,62,252
debug,window,8,8,14,0.4,0.4,0.3999945,1.69e-10,4262216.0,3116.5573955889213,5,1074078432.0,ok,1,62,252
debug,window,8,8,15,0.4,0.4,0.3999952,-2.590211e-10,3602976.0,2394.2598021100384,5,907949952.0,ok,1,62,252
debug,window,15,0,0,0.4,0.4,0.3999947,3.311773e-10,4974552.0,1084.490663860229,5,706386384.0,ok,0,70,142
debug,window,15,0,1,0.4,0.4,0.399996,-2.959089e-10,4970592.0,1084.490663860229,5,705824064.0,ok,0,70,142
debug,window,15,0,2,0.4,0.4,0.3999949,-3.006495e-11,4966950.0,794.1977083824909,5,705306900.0,ok,0,70,142
debug,window,15,0,3,0.4,0.4,0.3999956,-1.947862e-10,4964794.0,881.0107831349171,5,705000748.0,ok,0,70,142
debug,window,15,0,4,0.4,0.4,0.3999955,-3.321608e-10,4963218.0,1079.0134382851772,5,704776956.0,ok,0,70,142
debug,window,15,0,5,0.4,0.4,0.3999947,-8.348798e-11,4958096.0,881.0107831349171,5,704049632.0,ok,0,70,142
debug,window,15,0,6,0.4,0.4,0.3999947,-2.806449e-10,4952528.0,876.5386471799176,5,703258976.0,ok,0,70,142
debug,window,15,0,7,0.4,0.4,0.399995,3.607817e-11,4945864.0,1073.5362127101255,5,702312688.0,ok,0,70,142
debug,window,15,0,8,0.4,0.4,0.3999949,-1.413631e-10,4955536.0,898.2649943084724,5,703686112.0,ok,0,70,142
debug,window,15,0,9,0.4,0.4,0.399996,-1.839743e-10,4947824.0,1073.5362127101255,5,702591008.0,ok,0,70,142
debug,window,15,0,10,0.4,0.4,0.3999952,-8.475994e-11,4941300.0,0.0,5,701664600.0,ok,0,70,142
debug,window,15,0,11,0.4,0.4,0.3999947,1.321126e-10,4933110.0,1631.4870517414474,5,700501620.0,ok,0,70,142
debug,window,15,0,12,0.4,0.4,0.3999953,1.492843e-10,4929554.0,1396.6674622113883,5,699996668.0,ok,0,70,142
debug,window,15,0,13,0.4,0.4,0.3999954,1.626401e-10,4917850.0,1461.7797371697284,5,698334700.0,ok,0,70,142
debug,window,15,0,14,0.4,0.4,0.3999948,5.388576e-11,4904156.0,1064.3683572899,5,696390152.0,ok,0,70,142
debug,window,15,0,15,0.4,0.4,0.3999951,2.586744e-10,4883870.0,1350.5739520663058,5,693509540.0,ok,0,70,142
debug,window,15,8,0,0.4,0.4,0.3999947,-1.757065e-10,4953312.0,876.5386471799176,5,703370304.0,ok,0,70,142
debug,window,15,8,1,0.4,0.4,0.3999942,9.776902e-11,4947040.0,0.0,5,702479680.0,ok,0,70,142
debug,window,15,8,2,0.4,0.4,0.3999969,7.105763e-11,4940910.0,872.066511224918,5,701609220.0,ok,0,70,142
debug,window,15,8,3,0.4,0.4,0.399996,-5.486848e-11,4931928.0,1653.078945483246,5,700333776.0,ok,0,70,142
debug,window,15,8,4,0.4,0.4,0.3999949,-2.138659e-10,4928376.0,1062.5817615600222,5,699829392.0,ok,0,70,142
debug,window,15,8,5,0.4,0.4,0.3999949,4.180203e-11,4915324.0,863.1222393149188,5,697976008.0,ok,0,70,142
debug,window,15,8,6,0.4,0.4,0.3999964,1.174848e-10,4902144.0,858.6501033599193,5,696104448.0,ok,0,70,142
debug,window,15,8,7,0.4,0.4,0.3999954,-5.115123e-10,4883488.0,854.1779674049196,5,693455296.0,ok,0,70,142
debug,window,15,8,8,0.4,0.4,0.3999962,-2.76193e-10,4906446.0,863.1222393149188,5,696715332.0,ok,0,70,142
debug,window,15,8,9,0.4,0.4,0.399995,1.244806e-10,4888072.0,854.1779674049196,5,694106224.0,ok,0,70,142
debug,window,15,8,10,0.4,0.4,0.3999952,2.071594e-10,4865448.0,1314.8079707698764,5,690893616.0,ok,0,70,142
debug,window,15,8,11,0.4,0.4,0.3999964,-2.812809e-10,4833202.0,1024.2411825346605,5,686314684.0,ok,0,70,142
debug,window,15,8,12,0.4,0.4,0.3999943,1.143046e-10,4813698.0,1304.6148857038233,5,683545116.0,ok,0,70,142
debug,window,15,8,13,0.4,0.4,0.3999958,-1.732781e-13,4748304.0,1555.5320633146719,5,674259168.0,ok,0,70,142
debug,window,15,8,14,0.4,0.4,0.3999961,1.174847e-10,4629392.0,2069.0384240028025,5,657373664.0,ok,0,70,142
debug,window,15,8,15,0.4,0.4,0.3999943,-1.73451e-11,4269624.0,2652.2217101894025,5,606286608.0,ok,0,70,142
debug,window,0,8,0,0.7,0.7,0.6999841,-1.000238e-10,3179981.8,5380.375005517738,5,2035188352.0,ok,5,9,640
debug,window,0,8,1,0.7,0.7,0.6999838,-1.165595e-10,3176947.0,4490.135911083316,5,2033246080.0,ok,5,9,640
debug,window,0,8,2,0.7,0.7,0.6999833,3.925793e-11,3174444.6,7746.1993777593925,5,2031644544.0,ok,5,9,640
debug,window,0,8,3,0.7,0.7,0.6999826,2.561303e-10,3173237.2,6499.5741552812515,5,2030871808.0,ok,5,9,640
debug,window,0,8,4,0.7,0.7,0.6999828,-6.059253e-11,3172916.0,6770.579775765145,5,2030666240.0,ok,5,9,640
debug,window,0,8,5,0.7,0.7,0.699984,2.249669e-10,3167961.2,5274.697593227502,5,2027495168.0,ok,5,9,640
debug,window,0,8,6,0.7,0.7,0.6999835,1.944393e-10,3172001.8,6538.187034645002,5,2030081152.0,ok,5,9,640
debug,window,0,8,7,0.7,0.7,0.6999833,1.842636e-10,3167192.0,7491.751063669962,5,2027002880.0,ok,5,9,640
debug,window,0,8,8,0.7,0.7,0.6999831,8.568521e-11,3172384.4,12895.848122554795,5,2030326016.0,ok,5,9,640
debug,window,0,8,9,0.7,0.7,0.6999843,1.206646e-10,3171235.4,4506.846824554835,5,2029590656.0,ok,5,9,640
debug,window,0,8,10,0.7,0.7,0.699983,8.441284e-11,3170145.6,4900.619838346982,5,2028893184.0,ok,5,9,640
debug,window,0,8,11,0.7,0.7,0.6999826,1.276602e-10,3162177.8,9044.4588118914,5,2023793792.0,ok,5,9,640
debug,window,0,8,12,0.7,0.7,0.6999839,7.932527e-11,3166113.6,6472.662728738459,5,2026312704.0,ok,5,9,640
debug,window,0,8,13,0.7,0.7,0.6999832,-2.081446e-12,3164090.6,6756.332274244659,5,2025017984.0,ok,5,9,640
debug,window,0,8,14,0.7,0.7,0.6999837,7.169329e-11,3161123.6,5160.873889178072,5,2023119104.0,ok,5,9,640
debug,window,0,8,15,0.7,0.7,0.6999847,1.372003e-10,3163177.8,1903.70092188873,5,2024433792.0,ok,5,9,640
debug,window,8,0,0,0.7,0.7,0.699984,1.251163e-10,4935060.0,872.066511224918,5,1204154640.0,ok,0,121,244
debug,window,8,0,1,0.7,0.7,0.6999846,6.787737e-11,4935060.0,2136.117974270148,5,1204154640.0,ok,0,121,244
debug,window,8,0,2,0.7,0.7,0.6999834,9.33168e-11,4934280.0,1068.058987135074,5,1203964320.0,ok,0,121,244
debug,window,8,0,3,0.7,0.7,0.699983,7.423712e-11,4934280.0,1068.058987135074,5,1203964320.0,ok,0,121,244
debug,window,8,0,4,0.7,0.7,0.6999831,7.48733e-11,4933890.0,872.066511224918,5,1203869160.0,ok,0,121,244
debug,window,8,0,5,0.7,0.7,0.6999846,-8.094081e-13,4935840.0,872.066511224918,5,1204344960.0,ok,0,121,244
debug,window,8,0,6,0.7,0.7,0.6999838,7.487316e-11,4934670.0,1068.058987135074,5,1204059480.0,ok,0,121,244
debug,window,8,0,7,0.7,0.7,0.6999834,1.034927e-10,4935060.0,872.066511224918,5,1204154640.0,ok,0,121,244
debug,window,8,0,8,0.7,0.7,0.6999826,4.752557e-11,4934670.0,1068.058987135074,5,1204059480.0,ok,0,121,244
debug,window,8,0,9,0.7,0.7,0.6999841,1.785394e-10,4935060.0,872.066511224918,5,1204154640.0,ok,0,121,244
debug,window,8,0,10,0.7,0.7,0.6999845,3.734985e-11,4934670.0,1068.058987135074,5,1204059480.0,ok,0,121,244
debug,window,8,0,11,0.7,0.7,0.6999838,1.191031e-11,4933500.0,1378.8582233137677,5,1203774000.0,ok,0,121,244
debug,window,8,0,12,0.7,0.7,0.6999833,1.117604e-10,4935060.0,1631.4870517414474,5,1204154640.0,ok,0,121,244
debug,window,8,0,13,0.7,0.7,0.6999838,8.950107e-11,4933890.0,872.066511224918,5,1203869160.0,ok,0,121,244
debug,window,8,0,14,0.7,0.7,0.6999855,1.664559e-10,4934670.0,1068.058987135074,5,1204059480.0,ok,0,121,244
debug,window,8,0,15,0.7,0.7,0.6999836,-3.006501e-11,4935060.0,872.066511224918,5,1204154640.0,ok,0,121,244
debug,window,8,8,0,0.7,0.7,0.6999838,1.270244e-10,5021664.0,11000.264996808031,5,783379584.0,ok,0,77,156
debug,window,8,8,1,0.7,0.7,0.6999833,-3.324502e-11,5012250.0,7701.75953922219,5,781911000.0,ok,0,77,156
debug,window,8,8,2,0.7,0.7,0.6999833,1.562799e-10,5019010.0,2993.7601774357277,5,782965560.0,ok,0,77,156
debug,window,8,8,3,0.7,0.7,0.6999834,4.243761e-11,5018982.0,8138.400948589348,5,782961192.0,ok,0,77,156
debug,window,8,8,4,0.7,0.7,0.6999838,1.213005e-10,5027200.0,8704.872198946978,5,784243200.0,ok,0,77,156
debug,window,8,8,5,0.7,0.7,0.6999833,9.713283e-11,5012940.0,2842.5692603699213,5,782018640.0,ok,0,77,156
debug,window,8,8,6,0.7,0.7,0.6999826,9.204482e-11,5009142.0,4597.86580926412,5,781426152.0,ok,0,77,156
debug,window,8,8,7,0.7,0.7,0.699984,7.360107e-11,5006150.0,3072.8000260348867,5,780959400.0,ok,0,77,156
debug,window,8,8,8,0.7,0.7,0.6999837,1.381831e-11,5012280.0,3895.208595184602,5,781915680.0,ok,0,77,156
debug,window,8,8,9,0.7,0.7,0.6999828,1.187563e-10,5002152.0,8577.649444923709,5,780335712.0,ok,0,77,156
debug,window,8,8,10,0.7,0.7,0.6999838,8.059706e-11,5006564.0,9096.43501598291,5,781023984.0,ok,0,77,156
debug,window,8,8,11,0.7,0.7,0.6999843,2.033431e-10,5006956.0,5213.610073643789,5,781085136.0,ok,0,77,156
debug,window,8,8,12,0.7,0.7,0.6999837,2.027071e-10,5009914.0,7541.769023246469,5,781546584.0,ok,0,77,156
debug,window,8,8,13,0.7,0.7,0.6999831,6.660525e-11,5002152.0,7850.221015996938,5,780335712.0,ok,0,77,156
debug,window,8,8,14,0.7,0.7,0.6999837,-4.625383e-12,5007512.0,9498.277212210643,5,781171872.0,ok,0,77,156
debug,window,8,8,15,0.7,0.7,0.6999837,2.526609e-11,5005174.0,6577.558817676965,5,780807144.0,ok,0,77,156
debug,window,15,0,0,0.7,0.7,0.6999833,1.346561e-10,4942392.0,996.8550546594023,5,691934880.0,ok,0,69,140
debug,window,15,0,1,0.7,0.7,0.6999839,1.054008e-10,4940910.0,872.066511224918,5,691727400.0,ok,0,69,140
debug,window,15,0,2,0.7,0.7,0.6999828,3.162601e-11,4940884.0,1585.2539228779722,5,691723760.0,ok,0,69,140
debug,window,15,0,3,0.7,0.7,0.6999834,1.003127e-10,4941638.0,1569.7197202048524,5,691829320.0,ok,0,69,140
debug,window,15,0,4,0.7,0.7,0.699984,6.914935e-11,4941300.0,0.0,5,691782000.0,ok,0,69,140
debug,window,15,0,5,0.7,0.7,0.6999837,3.226189e-11,4941274.0,1333.371666115641,5,691778360.0,ok,0,69,140
debug,window,15,0,6,0.7,0.7,0.6999835,6.724138e-11,4941300.0,0.0,5,691782000.0,ok,0,69,140
