time,note,f_target,kvco_target,vco_tune_coarse,vco_current_min,vco_current_max,vctrl_pred,vctrl_meas,kvco_pred,set_div_freq,total_div,center,span,rbw,vbw,averages,detector,average_type,video_filter,pll_vdd,pll_i,pll_p,freq,level_dbm
2026-10-07T10:24:06,,2400000000.0,5000000000.0,0,8,10,0.6009377006322857,0.6009376,6204385279.999994,6,64,37500000.0,15000000.0,20000.0,50000.0,20,RMS,POW,LIN,0.7499839100000001,0.00077587869,0.0005818965336118779,30000000.0,-52.23160934
2026-10-07T10:24:06,,2400000000.0,5000000000.0,0,8,10,0.6009377006322857,0.6009376,6204385279.999994,6,64,37500000.0,15000000.0,20000.0,50000.0,20,RMS,POW,LIN,0.7499839100000001,0.00077587869,0.0005818965336118779,30004000.0,-51.89145279
2026-10-07T10:24:06,,2400000000.0,5000000000.0,0,8,10,0.6009377006322857,0.6009376,6204385279.999994,6,64,37500000.0,15000000.0,20000.0,50000.0,20,RMS,POW,LIN,0.7499839100000001,0.00077587869,0.0005818965336118779,30008000.0,-51.51739883
2026-10-07T10:24:06,,2400000000.0,5000000000.0,0,8,10,0.6009377006322857,0.6009376,6204385279.999994,6,64,37500000.0,15000000.0,20000.0,50000.0,20,RMS,POW,LIN,0.7499839100000001,0.00077587869,0.0005818965336118779,30012000.0,-51.20776367
2026-10-07T10:24:06,,2400000000.0,5000000000.0,0,8,10,0.6009377006322857,0.6009376,6204385279.999994,6,64,37500000.0,15000000.0,20000.0,50000.0,20,RMS,POW,LIN,0.7499839100000001,0.00077587869,0.0005818965336118779,30016000.0,-50.9990921
2026-10-07T10:24:06,,2400000000.0,5000000000.0,0,8,10,0.6009377006322857,0.6009376,6204385279.999994,6,64,37500000.0,15000000.0,20000.0,50000.0,20,RMS,POW,LIN,0.7499839100000001,0.00077587869,0.0005818965336118779,30020000.0,-50.89787674
2026-10-07T10:24:06,,2400000000.0,5000000000.0,0,8,10,0.6009377006322857,0.6009376,6204385279.999994,6,64,37500000.0,15000000.0,20000.0,50000.0,20,RMS,POW,LIN,0.7499839100000001,0.00077587869,0.0005818965336118779,30024000.0,-50.89188004
2026-10-07T10:24:06,,2400000000.0,5000000000.0,0,8,10,0.6009377006322857,0.6009376,6204385279.999994,6,64,37500000.0,15000000.0,20000.0,50000.0,20,RMS,POW,LIN,0.7499839100000001,0.00077587869,0.0005818965336118779,30028000.0,-50.94147491
2026-10-07T10:24:06,,2400000000.0,5000000000.0,0,8,10,0.6009377006322857,0.6009376,6204385279.999994,6,64,37500000.0,15000000.0,20000.0,50000.0,20,RMS,POW,LIN,0.7499839100000001,0.00077587869,0.0005818965336118779,30032000.0,-50.98814774
2026-10-07T10:24:06,,2400000000.0,5000000000.0,0,8,10,0.6009377006322857,0.6009376,6204385279.999994,6,64,37500000.0,15000000.0,20000.0,50000.0,20,RMS,POW,LIN,0.7499839100000001,0.00077587869,0.0005818965336118779,30036000.0,-50.99942398
2026-10-07T10:24:06,,2400000000.0,5000000000.0,0,8,10,0.6009377006322857,0.6009376,6204385279.999994,6,64,37500000.0,15000000.0,20000.0,50000.0,20,RMS,POW,LIN,0.7499839100000001,0.00077587869,0.0005818965336118779,30040000.0,-51.00658035
2026-10-07T10:24:06,,2400000000.0,5000000000.0,0,8,10,0.6009377006322857,0.6009376,6204385279.999994,6,64,37500000.0,15000000.0,20000.0,50000.0,20,RMS,POW,LIN,0.7499839100000001,0.00077587869,0.0005818965336118779,30044000.0,-51.07930374
2026-10-07T10:24:06,,2400000000.0,5000000000.0,0,8,10,0.6009377006322857,0.6009376,6204385279.999994,6,64,37500000.0,15000000.0,20000.0,50000.0,20,RMS,POW,LIN,0.7499839100000001,0.00077587869,0.0005818965336118779,30048000.0,-51.25870895
2026-10-07T10:24:06,,2400000000.0,5000000000.0,0,8,10,0.6009377006322857,0.6009376,6204385279.999994,6,64,37500000.0,15000000.0,20000.0,50000.0,20,RMS,POW,LIN,0.7499839100000001,0.00077587869,0.0005818965336118779,30052000.0,-51.51101685
2026-10-07T10:24:06,,2400000000.0,5000000000.0,0,8,10,0.6009377006322857,0.6009376,6204385279.999994,6,64,37500000.0,15000000.0,20000.0,50000.0,20,RMS,POW,LIN,0.7499839100000001,0.00077587869,0.0005818965336118779,30056000.0,-51.73044586
2026-10-07T10:24:06,,2400000000.0,5000000000.0,0,8,10,0.6009377006322857,0.6009376,6204385279.999994,6,64,37500000.0,15000000.0,20000.0,50000.0,20,RMS,POW,LIN,0.7499839100000001,0.00077587869,0.0005818965336118779,30060000.0,-51.79805374
2026-10-07T10:24:06,,2400000000.0,5000000000.0,0,8,10,0.6009377006322857,0.6009376,6204385279.999994,6,64,37500000.0,15000000.0,20000.0,50000.0,20,RMS,POW,LIN,0.7499839100000001,0.00077587869,0.0005818965336118779,30064000.0,-51.68097305
2026-10-07T10:24:06,,2400000000.0,5000000000.0,0,8,10,0.6009377006322857,0.6009376,6204385279.999994,6,64,37500000.0,15000000.0,20000.0,50000.0,20,RMS,POW,LIN,0.7499839100000001,0.00077587869,0.0005818965336118779,30068000.0,-51.483284
2026-10-07T10:24:06,,2400000000.0,5000000000.0,0,8,10,0.6009377006322857,0.6009376,6204385279.999994,6,64,37500000.0,15000000.0,20000.0,50000.0,20,RMS,POW,LIN,0.7499839100000001,0.00077587869,0.0005818965336118779,30072000.0,-51.36956787
2026-10-07T10:24:06,,2400000000.0,5000000000.0,0,8,10,0.6009377006322857,0.6009376,6204385279.999994,6,64,37500000.0,15000000.0,20000.0,50000.0,20,RMS,POW,LIN,0.7499839100000001,0.00077587869,0.0005818965336118779,30076000.0,-51.43425369
2026-10-07T10:24:06,,2400000000.0,5000000000.0,0,8,10,0.6009377006322857,0.6009376,6204385279.999994,6,64,37500000.0,15000000.0,20000.0,50000.0,20,RMS,POW,LIN,0.7499839100000001,0.00077587869,0.0005818965336118779,30080000.0,-51.63197708
2026-10-07T10:24:06,,2400000000.0,5000000000.0,0,8,10,0.6009377006322857,0.6009376,6204385279.999994,6,64,37500000.0,15000000.0,20000.0,50000.0,20,RMS,POW,LIN,0.7499839100000001,0.00077587869,0.0005818965336118779,30084000.0,-51.81236649
2026-10-07T10:24:06,,2400000000.0,5000000000.0,0,8,10,0.6009377006322857,0.6009376,6204385279.999994,6,64,37500000.0,15000000.0,20000.0,50000.0,20,RMS,POW,LIN,0.7499839100000001,0.00077587869,0.0005818965336118779,30088000.0,-51.84411621
2026-10-07T10:24:06,,2400000000.0,5000000000.0,0,8,10,0.6009377006322857,0.6009376,6204385279.999994,6,64,37500000.0,15000000.0,20000.0,50000.0,20,RMS,POW,LIN,0.7499839100000001,0.00077587869,0.0005818965336118779,30092000.0,-51.70615005
2026-10-07T10:24:06,,2400000000.0,5000000000.0,0,8,10,0.6009377006322857,0.6009376,6204385279.999994,6,64,37500000.0,15000000.0,20000.0,50000.0,20,RMS,POW,LIN,0.7499839100000001,0.00077587869,0.0005818965336118779,30096000.0,-51.44864273
2026-10-07T10:24:06,,2400000000.0,5000000000.0,0,8,10,0.6009377006322857,0.6009376,6204385279.999994,6,64,37500000.0,15000000.0,20000.0,50000.0,20,RMS,POW,LIN,0.7499839100000001,0.00077587869,0.0005818965336118779,30100000.0,-51.13613892
2026-10-07T10:24:06,,2400000000.0,5000000000.0,0,8,10,0.6009377006322857,0.6009376,6204385279.999994,6,64,37500000.0,15000000.0,20000.0,50000.0,20,RMS,POW,LIN,0.7499839100000001,0.00077587869,0.0005818965336118779,30104000.0,-50.85360718
2026-10-07T10:24:06,,2400000000.0,5000000000.0,0,8,10,0.6009377006322857,0.6009376,6204385279.999994,6,64,37500000.0,15000000.0,20000.0,50000.0,20,RMS,POW,LIN,0.7499839100000001,0.00077587869,0.0005818965336118779,30108000.0,-50.70551682
2026-10-07T10:24:06,,2400000000.0,5000000000.0,0,8,10,0.6009377006322857,0.6009376,6204385279.999994,6,64,37500000.0,15000000.0,20000.0,50000.0,20,RMS,POW,LIN,0.7499839100000001,0.00077587869,0.0005818965336118779,30112000.0,-50.77578735
2026-10-07T10:24:06,,2400000000.0,5000000000.0,0,8,10,0.6009377006322857,0.6009376,6204385279.999994,6,64,37500000.0,15000000.0,20000.0,50000.0,20,RMS,POW,LIN,0.7499839100000001,0.00077587869,0.0005818965336118779,30116000.0,-51.08240509
2026-10-07T10:24:06,,2400000000.0,5000000000.0,0,8,10,0.6009377006322857,0.6009376,6204385279.999994,6,64,37500000.0,15000000.0,20000.0,50000.0,20,RMS,POW,LIN,0.7499839100000001,0.00077587869,0.0005818965336118779,30120000.0,-51.5431633
2026-10-07T10:24:06,,2400000000.0,5000000000.0,0,8,10,0.6009377006322857,0.6009376,6204385279.999994,6,64,37500000.0,15000000.0,20000.0,50000.0,20,RMS,POW,LIN,0.7499839100000001,0.00077587869,0.0005818965336118779,30124000.0,-51.97808456
2026-10-07T10:24:06,,2400000000.0,5000000000.0,0,8,10,0.6009377006322857,0.6009376,6204385279.999994,6,64,37500000.0,15000000.0,20000.0,50000.0,20,RMS,POW,LIN,0.7499839100000001,0.00077587869,0.0005818965336118779,30128000.0,-52.21834564
2026-10-07T10:24:06,,2400000000.0,5000000000.0,0,8,10,0.6009377006322857,0.6009376,6204385279.999994,6,64,37500000.0,15000000.0,20000.0,50000.0,20,RMS,POW,LIN,0.7499839100000001,0.00077587869,0.0005818965336118779,30132000.0,-52.27303314
2026-10-07T10:24:06,,2400000000.0,5000000000.0,0,8,10,0.6009377006322857,0.6009376,6204385279.999994,6,64,37500000.0,15000000.0,20000.0,50000.0,20,RMS,POW,LIN,0.7499839100000001,0.00077587869,0.0005818965336118779,30136000.0,-52.31671906
2026-10-07T10:24:06,,2400000000.0,5000000000.0,0,8,10,0.6009377006322857,0.6009376,6204385279.999994,6,64,37500000.0,15000000.0,20000.0,50000.0,20,RMS,POW,LIN,0.7499839100000001,0.00077587869,0.0005818965336118779,30140000.0,-52.51169205
2026-10-07T10:24:06,,2400000000.0,5000000000.0,0,8,10,0.6009377006322857,0.6009376,6204385279.999994,6,64,37500000.0,15000000.0,20000.0,50000.0,20,RMS,POW,LIN,0.7499839100000001,0.00077587869,0.0005818965336118779,30144000.0,-52.90222168
2026-10-07T10:24:06,,2400000000.0,5000000000.0,0,8,10,0.6009377006322857,0.6009376,6204385279.999994,6,64,37500000.0,15000000.0,20000.0,50000.0,20,RMS,POW,LIN,0.7499839100000001,0.00077587869,0.0005818965336118779,30148000.0,-53.41646957
2026-10-07T10:24:06,,2400000000.0,5000000000.0,0,8,10,0.6009377006322857,0.6009376,6204385279.999994,6,64,37500000.0,15000000.0,20000.0,50000.0,20,RMS,POW,LIN,0.7499839100000001,0.00077587869,0.0005818965336118779,30152000.0,-53.9119873
2026-10-07T10:24:06,,2400000000.0,5000000000.0,0,8,10,0.6009377006322857,0.6009376,6204385279.999994,6,64,37500000.0,15000000.0,20000.0,50000.0,20,RMS,POW,LIN,0.7499839100000001,0.00077587869,0.0005818965336118779,30156000.0,-54.25352478
2026-10-07T10:24:06,,2400000000.0,5000000000.0,0,8,10,0.6009377006322857,0.6009376,6204385279.999994,6,64,37500000.0,15000000.0,20000.0,50000.0,20,RMS,POW,LIN,0.7499839100000001,0.00077587869,0.0005818965336118779,30160000.0,-54.39055634
2026-10-07T10:24:06,,2400000000.0,5000000000.0,0,8,10,0.6009377006322857,0.6009376,6204385279.999994,6,64,37500000.0,15000000.0,20000.0,50000.0,20,RMS,POW,LIN,0.7499839100000001,0.00077587869,0.0005818965336118779,30164000.0,-54.33955765
2026-10-07T10:24:06,,2400000000.0,5000000000.0,0,8,10,0.6009377006322857,0.6009376,6204385279.999994,6,64,37500000.0,15000000.0,20000.0,50000.0,20,RMS,POW,LIN,0.7499839100000001,0.00077587869,0.0005818965336118779,30168000.0,-54.10269165
2026-10-07T10:24:06,,2400000000.0,5000000000.0,0,8,10,0.6009377006322857,0.6009376,6204385279.999994,6,64,37500000.0,15000000.0,20000.0,50000.0,20,RMS,POW,LIN,0.7499839100000001,0.00077587869,0.0005818965336118779,30172000.0,-53.68625259
2026-10-07T10:24:06,,2400000000.0,5000000000.0,0,8,10,0.6009377006322857,0.6009376,6204385279.999994,6,64,37500000.0,15000000.0,20000.0,50000.0,20,RMS,POW,LIN,0.7499839100000001,0.00077587869,0.0005818965336118779,30176000.0,-53.1879921
2026-10-07T10:24:06,,2400000000.0,5000000000.0,0,8,10,0.6009377006322857,0.6009376,6204385279.999994,6,64,37500000.0,15000000.0,20000.0,50000.0,20,RMS,POW,LIN,0.7499839100000001,0.00077587869,0.0005818965336118779,30180000.0,-52.75701523
2026-10-07T10:24:06,,2400000000.0,5000000000.0,0,8,10,0.6009377006322857,0.6009376,6204385279.999994,6,64,37500000.0,15000000.0,20000.0,50000.0,20,RMS,POW,LIN,0.7499839100000001,0.00077587869,0.0005818965336118779,30184000.0,-52.46004868
2026-10-07T10:24:06,,2400000000.0,5000000000.0,0,8,10,0.6009377006322857,0.6009376,6204385279.999994,6,64,37500000.0,15000000.0,20000.0,50000.0,20,RMS,POW,LIN,0.7499839100000001,0.00077587869,0.0005818965336118779,30188000.0,-52.23423386
2026-10-07T10:24:06,,2400000000.0,5000000000.0,0,8,10,0.6009377006322857,0.6009376,6204385279.999994,6,64,37500000.0,15000000.0,20000.0,50000.0,20,RMS,POW,LIN,0.7499839100000001,0.00077587869,0.0005818965336118779,30192000.0,-51.97079086
2026-10-07T10:24:06,,2400000000.0,5000000000.0,0,8,10,0.6009377006322857,0.6009376,6204385279.999994,6,64,37500000.0,15000000.0,20000.0,50000.0,20,RMS,POW,LIN,0.7499839100000001,0.00077587869,0.0005818965336118779,30196000.0,-51.63721848
2026-10-07T10:24:06,,2400000000.0,5000000000.0,0,8,10,0.6009377006322857,0.6009376,6204385279.999994,6,64,37500000.0,15000000.0,20000.0,50000.0,20,RMS,POW,LIN,0.7499839100000001,0.00077587869,0.0005818965336118779,30200000.0,-51.30217361
2026-10-07T10:24:06,,2400000000.0,5000000000.0,0,8,10,0.6009377006322857,0.6009376,6204385279.999994,6,64,37500000.0,15000000.0,20000.0,50000.0,20,RMS,POW,LIN,0.7499839100000001,0.00077587869,0.0005818965336118779,30204000.0,-51.06110001
2026-10-07T10:24:06,,2400000000.0,5000000000.0,0,8,10,0.6009377006322857,0.6009376,6204385279.999994,6,64,37500000.0,15000000.0,20000.0,50000.0,20,RMS,POW,LIN,0.7499839100000001,0.00077587869,0.0005818965336118779,30208000.0,-50.96782303
2026-10-07T10:24:06,,2400000000.0,5000000000.0,0,8,10,0.6009377006322857,0.6009376,6204385279.999994,6,64,37500000.0,15000000.0,20000.0,50000.0,20,RMS,POW,LIN,0.7499839100000001,0.00077587869,0.0005818965336118779,30212000.0,-51.00816345
2026-10-07T10:24:06,,2400000000.0,5000000000.0,0,8,10,0.6009377006322857,0.6009376,6204385279.999994,6,64,37500000.0,15000000.0,20000.0,50000.0,20,RMS,POW,LIN,0.7499839100000001,0.00077587869,0.0005818965336118779,30216000.0,-51.10807419
2026-10-07T10:24:06,,2400000000.0,5000000000.0,0,8,10,0.6009377006322857,0.6009376,6204385279.999994,6,64,37500000.0,15000000.0,20000.0,50000.0,20,RMS,POW,LIN,0.7499839100000001,0.00077587869,0.0005818965336118779,30220000.0,-51.18392563
2026-10-07T10:24:06,,2400000000.0,5000000000.0,0,8,10,0.6009377006322857,0.6009376,6204385279.999994,6,64,37500000.0,15000000.0,20000.0,50000.0,20,RMS,POW,LIN,0.7499839100000001,0.00077587869,0.0005818965336118779,30224000.0,-51.20235825
2026-10-07T10:24:06,,2400000000.0,5000000000.0,0,8,10,0.6009377006322857,0.6009376,6204385279.999994,6,64,37500000.0,15000000.0,20000.0,50000.0,20,RMS,POW,LIN,0.7499839100000001,0.00077587869,0.0005818965336118779,30228000.0,-51.17741013
2026-10-07T10:24:06,,2400000000.0,5000000000.0,0,8,10,0.6009377006322857,0.6009376,6204385279.999994,6,64,37500000.0,15000000.0,20000.0,50000.0,20,RMS,POW,LIN,0.7499839100000001,0.00077587869,0.0005818965336118779,30232000.0,-51.1224823
2026-10-07T10:24:06,,2400000000.0,5000000000.0,0,8,10,0.6009377006322857,0.6009376,6204385279.999994,6,64,37500000.0,15000000.0,20000.0,50000.0,20,RMS,POW,LIN,0.7499839100000001,0.00077587869,0.0005818965336118779,30236000.0,-51.04276276
2026-10-07T10:24:06,,2400000000.0,5000000000.0,0,8,10,0.6009377006322857,0.6009376,6204385279.999994,6,64,37500000.0,15000000.0,20000.0,50000.0,20,RMS,POW,LIN,0.7499839100000001,0.00077587869,0.0005818965336118779,30240000.0,-50.96181488
2026-10-07T10:24:06,,2400000000.0,5000000000.0,0,8,10,0.6009377006322857,0.6009376,6204385279.999994,6,64,37500000.0,15000000.0,20000.0,50000.0,20,RMS,POW,LIN,0.7499839100000001,0.00077587869,0.0005818965336118779,30244000.0,-50.91121674
2026-10-07T10:24:06,,2400000000.0,5000000000.0,0,8,10,0.6009377006322857,0.6009376,6204385279.999994,6,64,37500000.0,15000000.0,20000.0,50000.0,20,RMS,POW,LIN,0.7499839100000001,0.00077587869,0.0005818965336118779,30248000.0,-50.89120865
2026-10-07T10:24:06,,2400000000.0,5000000000.0,0,8,10,0.6009377006322857,0.6009376,6204385279.999994,6,64,37500000.0,15000000.0,20000.0,50000.0,20,RMS,POW,LIN,0.7499839100000001,0.00077587869,0.0005818965336118779,30252000.0,-50.87334824
2026-10-07T10:24:06,,2400000000.0,5000000000.0,0,8,10,0.6009377006322857,0.6009376,6204385279.999994,6,64,37500000.0,15000000.0,20000.0,50000.0,20,RMS,POW,LIN,0.7499839100000001,0.00077587869,0.0005818965336118779,30256000.0,-50.8577919
2026-10-07T10:24:06,,2400000000.0,5000000000.0,0,8,10,0.6009377006322857,0.6009376,6204385279.999994,6,64,37500000.0,15000000.0,20000.0,50000.0,20,RMS,POW,LIN,0.7499839100000001,0.00077587869,0.0005818965336118779,30260000.0,-50.90680313
2026-10-07T10:24:06,,2400000000.0,5000000000.0,0,8,10,0.6009377006322857,0.6009376,6204385279.999994,6,64,37500000.0,15000000.0,20000.0,50000.0,20,RMS,POW,LIN,0.7499839100000001,0.00077587869,0.0005818965336118779,30264000.0,-51.09315872
2026-10-07T10:24:06,,2400000000.0,5000000000.0,0,8,10,0.6009377006322857,0.6009376,6204385279.999994,6,64,37500000.0,15000000.0,20000.0,50000.0,20,RMS,POW,LIN,0.7499839100000001,0.00077587869,0.0005818965336118779,30268000.0,-51.41322708
2026-10-07T10:24:06,,2400000000.0,5000000000.0,0,8,10,0.6009377006322857,0.6009376,6204385279.999994,6,64,37500000.0,15000000.0,20000.0,50000.0,20,RMS,POW,LIN,0.7499839100000001,0.00077587869,0.0005818965336118779,30272000.0,-51.7571907
2026-10-07T10:24:06,,2400000000.0,5000000000.0,0,8,10,0.6009377006322857,0.6009376,6204385279.999994,6,64,37500000.0,15000000.0,20000.0,50000.0,20,RMS,POW,LIN,0.7499839100000001,0.00077587869,0.0005818965336118779,30276000.0,-51.98550415
2026-10-07T10:24:06,,2400000000.0,5000000000.0,0,8,10,0.6009377006322857,0.6009376,6204385279.999994,6,64,37500000.0,15000000.0,20000.0,50000.0,20,RMS,POW,LIN,0.7499839100000001,0.00077587869,0.0005818965336118779,30280000.0,-52.03644943
2026-10-07T10:24:06,,2400000000.0,5000000000.0,0,8,10,0.6009377006322857,0.6009376,6204385279.999994,6,64,37500000.0,15000000.0,20000.0,50000.0,20,RMS,POW,LIN,0.7499839100000001,0.00077587869,0.0005818965336118779,30284000.0,-51.90921783
2026-10-07T10:24:06,,2400000000.0,5000000000.0,0,8,10,0.6009377006322857,0.6009376,6204385279.999994,6,64,37500000.0,15000000.0,20000.0,50000.0,20,RMS,POW,LIN,0.7499839100000001,0.00077587869,0.0005818965336118779,30288000.0,-51.58800888
2026-10-07T10:24:06,,2400000000.0,5000000000.0,0,8,10,0.6009377006322857,0.6009376,6204385279.999994,6,64,37500000.0,15000000.0,20000.0,50000.0,20,RMS,POW,LIN,0.7499839100000001,0.00077587869,0.0005818965336118779,30292000.0,-51.09557343
2026-10-07T10:24:06,,2400000000.0,5000000000.0,0,8,10,0.6009377006322857,0.6009376,6204385279.999994,6,64,37500000.0,15000000.0,20000.0,50000.0,20,RMS,POW,LIN,0.7499839100000001,0.00077587869,0.0005818965336118779,30296000.0,-50.57626343
2026-10-07T10:24:06,,2400000000.0,5000000000.0,0,8,10,0.6009377006322857,0.6009376,6204385279.999994,6,64,37500000.0,15000000.0,20000.0,50000.0,20,RMS,POW,LIN,0.7499839100000001,0.00077587869,0.0005818965336118779,30300000.0,-50.22486877
2026-10-07T10:24:06,,2400000000.0,5000000000.0,0,8,10,0.6009377006322857,0.6009376,6204385279.999994,6,64,37500000.0,15000000.0,20000.0,50000.0,20,RMS,POW,LIN,0.7499839100000001,0.00077587869,0.0005818965336118779,30304000.0,-50.16312408
2026-10-07T10:24:06,,2400000000.0,5000000000.0,0,8,10,0.6009377006322857,0.6009376,6204385279.999994,6,64,37500000.0,15000000.0,20000.0,50000.0,20,RMS,POW,LIN,0.7499839100000001,0.00077587869,0.0005818965336118779,30308000.0,-50.40003967
2026-10-07T10:24:06,,2400000000.0,5000000000.0,0,8,10,0.6009377006322857,0.6009376,6204385279.999994,6,64,37500000.0,15000000.0,20000.0,50000.0,20,RMS,POW,LIN,0.7499839100000001,0.00077587869,0.0005818965336118779,30312000.0,-50.86188889
2026-10-07T10:24:06,,2400000000.0,5000000000.0,0,8,10,0.6009377006322857,0.6009376,6204385279.999994,6,64,37500000.0,15000000.0,20000.0,50000.0,20,RMS,POW,LIN,0.7499839100000001,0.00077587869,0.0005818965336118779,30316000.0,-51.44361496
2026-10-07T10:24:06,,2400000000.0,5000000000.0,0,8,10,0.6009377006322857,0.6009376,6204385279.999994,6,64,37500000.0,15000000.0,20000.0,50000.0,20,RMS,POW,LIN,0.7499839100000001,0.00077587869,0.0005818965336118779,30320000.0,-52.0314064
2026-10-07T10:24:06,,2400000000.0,5000000000.0,0,8,10,0.6009377006322857,0.6009376,6204385279.999994,6,64,37500000.0,15000000.0,20000.0,50000.0,20,RMS,POW,LIN,0.7499839100000001,0.00077587869,0.0005818965336118779,30324000.0,-52.46669769
2026-10-07T10:24:06,,2400000000.0,5000000000.0,0,8,10,0.6009377006322857,0.6009376,6204385279.999994,6,64,37500000.0,15000000.0,20000.0,50000.0,20,RMS,POW,LIN,0.7499839100000001,0.00077587869,0.0005818965336118779,30328000.0,-52.54789352
2026-10-07T10:24:06,,2400000000.0,5000000000.0,0,8,10,0.6009377006322857,0.6009376,6204385279.999994,6,64,37500000.0,15000000.0,20000.0,50000.0,20,RMS,POW,LIN,0.7499839100000001,0.00077587869,0.0005818965336118779,30332000.0,-52.20108795
2026-10-07T10:24:06,,2400000000.0,5000000000.0,0,8,10,0.6009377006322857,0.6009376,6204385279.999994,6,64,37500000.0,15000000.0,20000.0,50000.0,20,RMS,POW,LIN,0.7499839100000001,0.00077587869,0.0005818965336118779,30336000.0,-51.60561371
2026-10-07T10:24:06,,2400000000.0,5000000000.0,0,8,10,0.6009377006322857,0.6009376,6204385279.999994,6,64,37500000.0,15000000.0,20000.0,50000.0,20,RMS,POW,LIN,0.7499839100000001,0.00077587869,0.0005818965336118779,30340000.0,-51.02665329
2026-10-07T10:24:06,,2400000000.0,5000000000.0,0,8,10,0.6009377006322857,0.6009376,6204385279.999994,6,64,37500000.0,15000000.0,20000.0,50000.0,20,RMS,POW,LIN,0.7499839100000001,0.00077587869,0.0005818965336118779,30344000.0,-50.6276207
2026-10-07T10:24:06,,2400000000.0,5000000000.0,0,8,10,0.6009377006322857,0.6009376,6204385279.999994,6,64,37500000.0,15000000.0,20000.0,50000.0,20,RMS,POW,LIN,0.7499839100000001,0.00077587869,0.0005818965336118779,30348000.0,-50.448349
2026-10-07T10:24:06,,2400000000.0,5000000000.0,0,8,10,0.6009377006322857,0.6009376,6204385279.999994,6,64,37500000.0,15000000.0,20000.0,50000.0,20,RMS,POW,LIN,0.7499839100000001,0.00077587869,0.0005818965336118779,30352000.0,-50.4483223
2026-10-07T10:24:06,,2400000000.0,5000000000.0,0,8,10,0.6009377006322857,0.6009376,6204385279.999994,6,64,37500000.0,15000000.0,20000.0,50000.0,20,RMS,POW,LIN,0.7499839100000001,0.00077587869,0.0005818965336118779,30356000.0,-50.54436111
2026-10-07T10:24:06,,2400000000.0,5000000000.0,0,8,10,0.6009377006322857,0.6009376,6204385279.999994,6,64,37500000.0,15000000.0,20000.0,50000.0,20,RMS,POW,LIN,0.7499839100000001,0.00077587869,0.0005818965336118779,30360000.0,-50.65259171
2026-10-07T10:24:06,,2400000000.0,5000000000.0,0,8,10,0.6009377006322857,0.6009376,6204385279.999994,6,64,37500000.0,15000000.0,20000.0,50000.0,20,RMS,POW,LIN,0.7499839100000001,0.00077587869,0.0005818965336118779,30364000.0,-50.74216461
2026-10-07T10:24:06,,2400000000.0,5000000000.0,0,8,10,0.6009377006322857,0.6009376,6204385279.999994,6,64,37500000.0,15000000.0,20000.0,50000.0,20,RMS,POW,LIN,0.7499839100000001,0.00077587869,0.0005818965336118779,30368000.0,-50.85383224
2026-10-07T10:24:06,,2400000000.0,5000000000.0,0,8,10,0.6009377006322857,0.6009376,6204385279.999994,6,64,37500000.0,15000000.0,20000.0,50000.0,20,RMS,POW,LIN,0.7499839100000001,0.00077587869,0.0005818965336118779,30372000.0,-51.04593277
2026-10-07T10:24:06,,2400000000.0,5000000000.0,0,8,10,0.6009377006322857,0.6009376,6204385279.999994,6,64,37500000.0,15000000.0,20000.0,50000.0,20,RMS,POW,LIN,0.7499839100000001,0.00077587869,0.0005818965336118779,30376000.0,-51.3237114
2026-10-07T10:24:06,,2400000000.0,5000000000.0,0,8,10,0.6009377006322857,0.6009376,6204385279.999994,6,64,37500000.0,15000000.0,20000.0,50000.0,20,RMS,POW,LIN,0.7499839100000001,0.00077587869,0.0005818965336118779,30380000.0,-51.63389969
2026-10-07T10:24:06,,2400000000.0,5000000000.0,0,8,10,0.6009377006322857,0.6009376,6204385279.999994,6,64,37500000.0,15000000.0,20000.0,50000.0,20,RMS,POW,LIN,0.7499839100000001,0.00077587869,0.0005818965336118779,30384000.0,-51.92916107
2026-10-07T10:24:06,,2400000000.0,5000000000.0,0,8,10,0.6009377006322857,0.6009376,6204385279.999994,6,64,37500000.0,15000000.0,20000.0,50000.0,20,RMS,POW,LIN,0.7499839100000001,0.00077587869,0.0005818965336118779,30388000.0,-52.20786667
2026-10-07T10:24:06,,2400000000.0,5000000000.0,0,8,10,0.6009377006322857,0.6009376,6204385279.999994,6,64,37500000.0,15000000.0,20000.0,50000.0,20,RMS,POW,LIN,0.7499839100000001,0.00077587869,0.0005818965336118779,30392000.0,-52.46089554
2026-10-07T10:24:06,,2400000000.0,5000000000.0,0,8,10,0.6009377006322857,0.6009376,6204385279.999994,6,64,37500000.0,15000000.0,20000.0,50000.0,20,RMS,POW,LIN,0.7499839100000001,0.00077587869,0.0005818965336118779,30396000.0,-52.61782837
2026-10-07T10:24:06,,2400000000.0,5000000000.0,0,8,10,0.6009377006322857,0.6009376,6204385279.999994,6,64,37500000.0,15000000.0,20000.0,50000.0,20,RMS,POW,LIN,0.7499839100000001,0.00077587869,0.0005818965336118779,30400000.0,-52.60647583
2026-10-07T10:24:06,,2400000000.0,5000000000.0,0,8,10,0.6009377006322857,0.6009376,6204385279.999994,6,64,37500000.0,15000000.0,20000.0,50000.0,20,RMS,POW,LIN,0.7499839100000001,0.00077587869,0.0005818965336118779,30404000.0,-52.45117569
2026-10-07T10:24:06,,2400000000.0,5000000000.0,0,8,10,0.6009377006322857,0.6009376,6204385279.999994,6,64,37500000.0,15000000.0,20000.0,50000.0,20,RMS,POW,LIN,0.7499839100000001,0.00077587869,0.0005818965336118779,30408000.0,-52.25631332
2026-10-07T10:24:06,,2400000000.0,5000000000.0,0,8,10,0.6009377006322857,0.6009376,6204385279.999994,6,64,37500000.0,15000000.0,20000.0,50000.0,20,RMS,POW,LIN,0.7499839100000001,0.00077587869,0.0005818965336118779,30412000.0,-52.12130737
2026-10-07T10:24:06,,2400000000.0,5000000000.0,0,8,10,0.6009377006322857,0.6009376,6204385279.999994,6,64,37500000.0,15000000.0,20000.0,50000.0,20,RMS,POW,LIN,0.7499839100000001,0.00077587869,0.0005818965336118779,30416000.0,-52.10160446
2026-10-07T10:24:06,,2400000000.0,5000000000.0,0,8,10,0.6009377006322857,0.6009376,6204385279.999994,6,64,37500000.0,15000000.0,20000.0,50000.0,20,RMS,POW,LIN,0.7499839100000001,0.00077587869,0.0005818965336118779,30420000.0,-52.19586563
2026-10-07T10:24:06,,2400000000.0,5000000000.0,0,8,10,0.6009377006322857,0.6009376,6204385279.999994,6,64,37500000.0,15000000.0,20000.0,50000.0,20,RMS,POW,LIN,0.7499839100000001,0.00077587869,0.0005818965336118779,30424000.0,-52.31953812
2026-10-07T10:24:06,,2400000000.0,5000000000.0,0,8,10,0.6009377006322857,0.6009376,6204385279.999994,6,64,37500000.0,15000000.0,20000.0,50000.0,20,RMS,POW,LIN,0.7499839100000001,0.00077587869,0.0005818965336118779,30428000.0,-52.3133316
2026-10-07T10:24:06,,2400000000.0,5000000000.0,0,8,10,0.6009377006322857,0.6009376,6204385279.999994,6,64,37500000.0,15000000.0,20000.0,50000.0,20,RMS,POW,LIN,0.7499839100000001,0.00077587869,0.0005818965336118779,30432000.0,-52.06004715
2026-10-07T10:24:06,,2400000000.0,5000000000.0,0,8,10,0.6009377006322857,0.6009376,6204385279.999994,6,64,37500000.0,15000000.0,20000.0,50000.0,20,RMS,POW,LIN,0.7499839100000001,0.00077587869,0.0005818965336118779,30436000.0,-51.61656952
2026-10-07T10:24:06,,2400000000.0,5000000000.0,0,8,10,0.6009377006322857,0.6009376,6204385279.999994,6,64,37500000.0,15000000.0,20000.0,50000.0,20,RMS,POW,LIN,0.7499839100000001,0.00077587869,0.0005818965336118779,30440000.0,-51.16822433
2026-10-07T10:24:06,,2400000000.0,5000000000.0,0,8,10,0.6009377006322857,0.6009376,6204385279.999994,6,64,37500000.0,15000000.0,20000.0,50000.0,20,RMS,POW,LIN,0.7499839100000001,0.00077587869,0.0005818965336118779,30444000.0,-50.88315964
2026-10-07T10:24:06,,2400000000.0,5000000000.0,0,8,10,0.6009377006322857,0.6009376,6204385279.999994,6,64,37500000.0,15000000.0,20000.0,50000.0,20,RMS,POW,LIN,0.7499839100000001,0.00077587869,0.0005818965336118779,30448000.0,-50.84581375
2026-10-07T10:24:06,,2400000000.0,5000000000.0,0,8,10,0.6009377006322857,0.6009376,6204385279.999994,6,64,37500000.0,15000000.0,20000.0,50000.0,20,RMS,POW,LIN,0.7499839100000001,0.00077587869,0.0005818965336118779,30452000.0,-51.06772995
2026-10-07T10:24:06,,2400000000.0,5000000000.0,0,8,10,0.6009377006322857,0.6009376,6204385279.999994,6,64,37500000.0,15000000.0,20000.0,50000.0,20,RMS,POW,LIN,0.7499839100000001,0.00077587869,0.0005818965336118779,30456000.0,-51.51604462
2026-10-07T10:24:06,,2400000000.0,5000000000.0,0,8,10,0.6009377006322857,0.6009376,6204385279.999994,6,64,37500000.0,15000000.0,20000.0,50000.0,20,RMS,POW,LIN,0.7499839100000001,0.00077587869,0.0005818965336118779,30460000.0,-52.1283989
2026-10-07T10:24:06,,2400000000.0,5000000000.0,0,8,10,0.6009377006322857,0.6009376,6204385279.999994,6,64,37500000.0,15000000.0,20000.0,50000.0,20,RMS,POW,LIN,0.7499839100000001,0.00077587869,0.0005818965336118779,30464000.0,-52.78845596
2026-10-07T10:24:06,,2400000000.0,5000000000.0,0,8,10,0.6009377006322857,0.6009376,6204385279.999994,6,64,37500000.0,15000000.0,20000.0,50000.0,20,RMS,POW,LIN,0.7499839100000001,0.00077587869,0.0005818965336118779,30468000.0,-53.27055359
2026-10-07T10:24:06,,2400000000.0,5000000000.0,0,8,10,0.6009377006322857,0.6009376,6204385279.999994,6,64,37500000.0,15000000.0,20000.0,50000.0,20,RMS,POW,LIN,0.7499839100000001,0.00077587869,0.0005818965336118779,30472000.0,-53.30542755
2026-10-07T10:24:06,,2400000000.0,5000000000.0,0,8,10,0.6009377006322857,0.6009376,6204385279.999994,6,64,37500000.0,15000000.0,20000.0,50000.0,20,RMS,POW,LIN,0.7499839100000001,0.00077587869,0.0005818965336118779,30476000.0,-52.87668228
2026-10-07T10:24:06,,2400000000.0,5000000000.0,0,8,10,0.6009377006322857,0.6009376,6204385279.999994,6,64,37500000.0,15000000.0,20000.0,50000.0,20,RMS,POW,LIN,0.7499839100000001,0.00077587869,0.0005818965336118779,30480000.0,-52.3009758
2026-10-07T10:24:06,,2400000000.0,5000000000.0,0,8,10,0.6009377006322857,0.6009376,6204385279.999994,6,64,37500000.0,15000000.0,20000.0,50000.0,20,RMS,POW,LIN,0.7499839100000001,0.00077587869,0.0005818965336118779,30484000.0,-51.90064621
2026-10-07T10:24:06,,2400000000.0,5000000000.0,0,8,10,0.6009377006322857,0.6009376,6204385279.999994,6,64,37500000.0,15000000.0,20000.0,50000.0,20,RMS,POW,LIN,0.7499839100000001,0.00077587869,0.0005818965336118779,30488000.0,-51.79510117
2026-10-07T10:24:06,,2400000000.0,5000000000.0,0,8,10,0.6009377006322857,0.6009376,6204385279.999994,6,64,37500000.0,15000000.0,20000.0,50000.0,20,RMS,POW,LIN,0.7499839100000001,0.00077587869,0.0005818965336118779,30492000.0,-51.92832184
2026-10-07T10:24:06,,2400000000.0,5000000000.0,0,8,10,0.6009377006322857,0.6009376,6204385279.999994,6,64,37500000.0,15000000.0,20000.0,50000.0,20,RMS,POW,LIN,0.7499839100000001,0.00077587869,0.0005818965336118779,30496000.0,-52.1742363
2026-10-07T10:24:06,,2400000000.0,5000000000.0,0,8,10,0.6009377006322857,0.6009376,6204385279.999994,6,64,37500000.0,15000000.0,20000.0,50000.0,20,RMS,POW,LIN,0.7499839100000001,0.00077587869,0.0005818965336118779,30500000.0,-52.43417358
2026-10-07T10:24:06,,2400000000.0,5000000000.0,0,8,10,0.6009377006322857,0.6009376,6204385279.999994,6,64,37500000.0,15000000.0,20000.0,50000.0,20,RMS,POW,LIN,0.7499839100000001,0.00077587869,0.0005818965336118779,30504000.0,-52.64033127
2026-10-07T10:24:06,,2400000000.0,5000000000.0,0,8,10,0.6009377006322857,0.6009376,6204385279.999994,6,64,37500000.0,15000000.0,20000.0,50000.0,20,RMS,POW,LIN,0.7499839100000001,0.00077587869,0.0005818965336118779,30508000.0,-52.68424606
2026-10-07T10:24:06,,2400000000.0,5000000000.0,0,8,10,0.6009377006322857,0.6009376,6204385279.999994,6,64,37500000.0,15000000.0,20000.0,50000.0,20,RMS,POW,LIN,0.7499839100000001,0.00077587869,0.0005818965336118779,30512000.0,-52.46156693
2026-10-07T10:24:06,,2400000000.0,5000000000.0,0,8,10,0.6009377006322857,0.6009376,6204385279.999994,6,64,37500000.0,15000000.0,20000.0,50000.0,20,RMS,POW,LIN,0.7499839100000001,0.00077587869,0.0005818965336118779,30516000.0,-52.04847717
2026-10-07T10:24:06,,2400000000.0,5000000000.0,0,8,10,0.6009377006322857,0.6009376,6204385279.999994,6,64,37500000.0,15000000.0,20000.0,50000.0,20,RMS,POW,LIN,0.7499839100000001,0.00077587869,0.0005818965336118779,30520000.0,-51.69033432
2026-10-07T10:24:06,,2400000000.0,5000000000.0,0,8,10,0.6009377006322857,0.6009376,6204385279.999994,6,64,37500000.0,15000000.0,20000.0,50000.0,20,RMS,POW,LIN,0.7499839100000001,0.00077587869,0.0005818965336118779,30524000.0,-51.5797081
2026-10-07T10:24:06,,2400000000.0,5000000000.0,0,8,10,0.6009377006322857,0.6009376,6204385279.999994,6,64,37500000.0,15000000.0,20000.0,50000.0,20,RMS,POW,LIN,0.7499839100000001,0.00077587869,0.0005818965336118779,30528000.0,-51.70943832
2026-10-07T10:24:06,,2400000000.0,5000000000.0,0,8,10,0.6009377006322857,0.6009376,6204385279.999994,6,64,37500000.0,15000000.0,20000.0,50000.0,20,RMS,POW,LIN,0.7499839100000001,0.00077587869,0.0005818965336118779,30532000.0,-51.87604904
2026-10-07T10:24:06,,2400000000.0,5000000000.0,0,8,10,0.6009377006322857,0.6009376,6204385279.999994,6,64,37500000.0,15000000.0,20000.0,50000.0,20,RMS,POW,LIN,0.7499839100000001,0.00077587869,0.0005818965336118779,30536000.0,-51.85485077
2026-10-07T10:24:06,,2400000000.0,5000000000.0,0,8,10,0.6009377006322857,0.6009376,6204385279.999994,6,64,37500000.0,15000000.0,20000.0,50000.0,20,RMS,POW,LIN,0.7499839100000001,0.00077587869,0.0005818965336118779,30540000.0,-51.6594429
2026-10-07T10:24:06,,2400000000.0,5000000000.0,0,8,10,0.6009377006322857,0.6009376,6204385279.999994,6,64,37500000.0,15000000.0,20000.0,50000.0,20,RMS,POW,LIN,0.7499839100000001,0.00077587869,0.0005818965336118779,30544000.0,-51.5269928
2026-10-07T10:24:06,,2400000000.0,5000000000.0,0,8,10,0.6009377006322857,0.6009376,6204385279.999994,6,64,37500000.0,15000000.0,20000.0,50000.0,20,RMS,POW,LIN,0.7499839100000001,0.00077587869,0.0005818965336118779,30548000.0,-51.66748047
2026-10-07T10:24:06,,2400000000.0,5000000000.0,0,8,10,0.6009377006322857,0.6009376,6204385279.999994,6,64,37500000.0,15000000.0,20000.0,50000.0,20,RMS,POW,LIN,0.7499839100000001,0.00077587869,0.0005818965336118779,30552000.0,-52.12668991
2026-10-07T10:24:06,,2400000000.0,5000000000.0,0,8,10,0.6009377006322857,0.6009376,6204385279.999994,6,64,37500000.0,15000000.0,20000.0,50000.0,20,RMS,POW,LIN,0.7499839100000001,0.00077587869,0.0005818965336118779,30556000.0,-52.78923035
2026-10-07T10:24:06,,2400000000.0,5000000000.0,0,8,10,0.6009377006322857,0.6009376,6204385279.999994,6,64,37500000.0,15000000.0,20000.0,50000.0,20,RMS,POW,LIN,0.7499839100000001,0.00077587869,0.0005818965336118779,30560000.0,-53.45162964
2026-10-07T10:24:06,,2400000000.0,5000000000.0,0,8,10,0.6009377006322857,0.6009376,6204385279.999994,6,64,37500000.0,15000000.0,20000.0,50000.0,20,RMS,POW,LIN,0.7499839100000001,0.00077587869,0.0005818965336118779,30564000.0,-53.95204163
2026-10-07T10:24:06,,2400000000.0,5000000000.0,0,8,10,0.6009377006322857,0.6009376,6204385279.999994,6,64,37500000.0,15000000.0,20000.0,50000.0,20,RMS,POW,LIN,0.7499839100000001,0.00077587869,0.0005818965336118779,30568000.0,-54.24131393
2026-10-07T10:24:06,,2400000000.0,5000000000.0,0,8,10,0.6009377006322857,0.6009376,6204385279.999994,6,64,37500000.0,15000000.0,20000.0,50000.0,20,RMS,POW,LIN,0.7499839100000001,0.00077587869,0.0005818965336118779,30572000.0,-54.30718613
2026-10-07T10:24:06,,2400000000.0,5000000000.0,0,8,10,0.6009377006322857,0.6009376,6204385279.999994,6,64,37500000.0,15000000.0,20000.0,50000.0,20,RMS,POW,LIN,0.7499839100000001,0.00077587869,0.0005818965336118779,30576000.0,-54.12142563
2026-10-07T10:24:06,,2400000000.0,5000000000.0,0,8,10,0.6009377006322857,0.6009376,6204385279.999994,6,64,37500000.0,15000000.0,20000.0,50000.0,20,RMS,POW,LIN,0.7499839100000001,0.00077587869,0.0005818965336118779,30580000.0,-53.70449448
2026-10-07T10:24:06,,2400000000.0,5000000000.0,0,8,10,0.6009377006322857,0.6009376,6204385279.999994,6,64,37500000.0,15000000.0,20000.0,50000.0,20,RMS,POW,LIN,0.7499839100000001,0.00077587869,0.0005818965336118779,30584000.0,-53.14180374
2026-10-07T10:24:06,,2400000000.0,5000000000.0,0,8,10,0.6009377006322857,0.6009376,6204385279.999994,6,64,37500000.0,15000000.0,20000.0,50000.0,20,RMS,POW,LIN,0.7499839100000001,0.00077587869,0.0005818965336118779,30588000.0,-52.51590347
2026-10-07T10:24:06,,2400000000.0,5000000000.0,0,8,10,0.6009377006322857,0.6009376,6204385279.999994,6,64,37500000.0,15000000.0,20000.0,50000.0,20,RMS,POW,LIN,0.7499839100000001,0.00077587869,0.0005818965336118779,30592000.0,-51.89710617
2026-10-07T10:24:06,,2400000000.0,5000000000.0,0,8,10,0.6009377006322857,0.6009376,6204385279.999994,6,64,37500000.0,15000000.0,20000.0,50000.0,20,RMS,POW,LIN,0.7499839100000001,0.00077587869,0.0005818965336118779,30596000.0,-51.38282013
2026-10-07T10:24:06,,2400000000.0,5000000000.0,0,8,10,0.6009377006322857,0.6009376,6204385279.999994,6,64,37500000.0,15000000.0,20000.0,50000.0,20,RMS,POW,LIN,0.7499839100000001,0.00077587869,0.0005818965336118779,30600000.0,-51.08282471
2026-10-07T10:24:06,,2400000000.0,5000000000.0,0,8,10,0.6009377006322857,0.6009376,6204385279.999994,6,64,37500000.0,15000000.0,20000.0,50000.0,20,RMS,POW,LIN,0.7499839100000001,0.00077587869,0.0005818965336118779,30604000.0,-51.0615654
2026-10-07T10:24:06,,2400000000.0,5000000000.0,0,8,10,0.6009377006322857,0.6009376,6204385279.999994,6,64,37500000.0,15000000.0,20000.0,50000.0,20,RMS,POW,LIN,0.7499839100000001,0.00077587869,0.0005818965336118779,30608000.0,-51.30817032
2026-10-07T10:24:06,,2400000000.0,5000000000.0,0,8,10,0.6009377006322857,0.6009376,6204385279.999994,6,64,37500000.0,15000000.0,20000.0,50000.0,20,RMS,POW,LIN,0.7499839100000001,0.00077587869,0.0005818965336118779,30612000.0,-51.75362015
2026-10-07T10:24:06,,2400000000.0,5000000000.0,0,8,10,0.6009377006322857,0.6009376,6204385279.999994,6,64,37500000.0,15000000.0,20000.0,50000.0,20,RMS,POW,LIN,0.7499839100000001,0.00077587869,0.0005818965336118779,30616000.0,-52.30651855
2026-10-07T10:24:06,,2400000000.0,5000000000.0,0,8,10,0.6009377006322857,0.6009376,6204385279.999994,6,64,37500000.0,15000000.0,20000.0,50000.0,20,RMS,POW,LIN,0.7499839100000001,0.00077587869,0.0005818965336118779,30620000.0,-52.85505295
2026-10-07T10:24:06,,2400000000.0,5000000000.0,0,8,10,0.6009377006322857,0.6009376,6204385279.999994,6,64,37500000.0,15000000.0,20000.0,50000.0,20,RMS,POW,LIN,0.7499839100000001,0.00077587869,0.0005818965336118779,30624000.0,-53.22883606
2026-10-07T10:24:06,,2400000000.0,5000000000.0,0,8,10,0.6009377006322857,0.6009376,6204385279.999994,6,64,37500000.0,15000000.0,20000.0,50000.0,20,RMS,POW,LIN,0.7499839100000001,0.00077587869,0.0005818965336118779,30628000.0,-53.24098969
2026-10-07T10:24:06,,2400000000.0,5000000000.0,0,8,10,0.6009377006322857,0.6009376,6204385279.999994,6,64,37500000.0,15000000.0,20000.0,50000.0,20,RMS,POW,LIN,0.7499839100000001,0.00077587869,0.0005818965336118779,30632000.0,-52.87434006
2026-10-07T10:24:06,,2400000000.0,5000000000.0,0,8,10,0.6009377006322857,0.6009376,6204385279.999994,6,64,37500000.0,15000000.0,20000.0,50000.0,20,RMS,POW,LIN,0.7499839100000001,0.00077587869,0.0005818965336118779,30636000.0,-52.33659363
2026-10-07T10:24:06,,2400000000.0,5000000000.0,0,8,10,0.6009377006322857,0.6009376,6204385279.999994,6,64,37500000.0,15000000.0,20000.0,50000.0,20,RMS,POW,LIN,0.7499839100000001,0.00077587869,0.0005818965336118779,30640000.0,-51.8677597
2026-10-07T10:24:06,,2400000000.0,5000000000.0,0,8,10,0.6009377006322857,0.6009376,6204385279.999994,6,64,37500000.0,15000000.0,20000.0,50000.0,20,RMS,POW,LIN,0.7499839100000001,0.00077587869,0.0005818965336118779,30644000.0,-51.59888077
2026-10-07T10:24:06,,2400000000.0,5000000000.0,0,8,10,0.6009377006322857,0.6009376,6204385279.999994,6,64,37500000.0,15000000.0,20000.0,50000.0,20,RMS,POW,LIN,0.7499839100000001,0.00077587869,0.0005818965336118779,30648000.0,-51.55255508
2026-10-07T10:24:06,,2400000000.0,5000000000.0,0,8,10,0.6009377006322857,0.6009376,6204385279.999994,6,64,37500000.0,15000000.0,20000.0,50000.0,20,RMS,POW,LIN,0.7499839100000001,0.00077587869,0.0005818965336118779,30652000.0,-51.67763519
2026-10-07T10:24:06,,2400000000.0,5000000000.0,0,8,10,0.6009377006322857,0.6009376,6204385279.999994,6,64,37500000.0,15000000.0,20000.0,50000.0,20,RMS,POW,LIN,0.7499839100000001,0.00077587869,0.0005818965336118779,30656000.0,-51.87827301
2026-10-07T10:24:06,,2400000000.0,5000000000.0,0,8,10,0.6009377006322857,0.6009376,6204385279.999994,6,64,37500000.0,15000000.0,20000.0,50000.0,20,RMS,POW,LIN,0.7499839100000001,0.00077587869,0.0005818965336118779,30660000.0,-52.06520081
2026-10-07T10:24:06,,2400000000.0,5000000000.0,0,8,10,0.6009377006322857,0.6009376,6204385279.999994,6,64,37500000.0,15000000.0,20000.0,50000.0,20,RMS,POW,LIN,0.7499839100000001,0.00077587869,0.0005818965336118779,30664000.0,-52.21974182
2026-10-07T10:24:06,,2400000000.0,5000000000.0,0,8,10,0.6009377006322857,0.6009376,6204385279.999994,6,64,37500000.0,15000000.0,20000.0,50000.0,20,RMS,POW,LIN,0.7499839100000001,0.00077587869,0.0005818965336118779,30668000.0,-52.38376236
2026-10-07T10:24:06,,2400000000.0,5000000000.0,0,8,10,0.6009377006322857,0.6009376,6204385279.999994,6,64,37500000.0,15000000.0,20000.0,50000.0,20,RMS,POW,LIN,0.7499839100000001,0.00077587869,0.0005818965336118779,30672000.0,-52.55728912
2026-10-07T10:24:06,,2400000000.0,5000000000.0,0,8,10,0.6009377006322857,0.6009376,6204385279.999994,6,64,37500000.0,15000000.0,20000.0,50000.0,20,RMS,POW,LIN,0.7499839100000001,0.00077587869,0.0005818965336118779,30676000.0,-52.63738632
2026-10-07T10:24:06,,2400000000.0,5000000000.0,0,8,10,0.6009377006322857,0.6009376,6204385279.999994,6,64,37500000.0,15000000.0,20000.0,50000.0,20,RMS,POW,LIN,0.7499839100000001,0.00077587869,0.0005818965336118779,30680000.0,-52.51883698
2026-10-07T10:24:06,,2400000000.0,5000000000.0,0,8,10,0.6009377006322857,0.6009376,6204385279.999994,6,64,37500000.0,15000000.0,20000.0,50000.0,20,RMS,POW,LIN,0.7499839100000001,0.00077587869,0.0005818965336118779,30684000.0,-52.24459839
2026-10-07T10:24:06,,2400000000.0,5000000000.0,0,8,10,0.6009377006322857,0.6009376,6204385279.999994,6,64,37500000.0,15000000.0,20000.0,50000.0,20,RMS,POW,LIN,0.7499839100000001,0.00077587869,0.0005818965336118779,30688000.0,-51.95966721
2026-10-07T10:24:06,,2400000000.0,5000000000.0,0,8,10,0.6009377006322857,0.6009376,6204385279.999994,6,64,37500000.0,15000000.0,20000.0,50000.0,20,RMS,POW,LIN,0.7499839100000001,0.00077587869,0.0005818965336118779,30692000.0,-51.74639511
2026-10-07T10:24:06,,2400000000.0,5000000000.0,0,8,10,0.6009377006322857,0.6009376,6204385279.999994,6,64,37500000.0,15000000.0,20000.0,50000.0,20,RMS,POW,LIN,0.7499839100000001,0.00077587869,0.0005818965336118779,30696000.0,-51.57465744
2026-10-07T10:24:06,,2400000000.0,5000000000.0,0,8,10,0.6009377006322857,0.6009376,6204385279.999994,6,64,37500000.0,15000000.0,20000.0,50000.0,20,RMS,POW,LIN,0.7499839100000001,0.00077587869,0.0005818965336118779,30700000.0,-51.38239288
2026-10-07T10:24:06,,2400000000.0,5000000000.0,0,8,10,0.6009377006322857,0.6009376,6204385279.999994,6,64,37500000.0,15000000.0,20000.0,50000.0,20,RMS,POW,LIN,0.7499839100000001,0.00077587869,0.0005818965336118779,30704000.0,-51.17454529
2026-10-07T10:24:06,,2400000000.0,5000000000.0,0,8,10,0.6009377006322857,0.6009376,6204385279.999994,6,64,37500000.0,15000000.0,20000.0,50000.0,20,RMS,POW,LIN,0.7499839100000001,0.00077587869,0.0005818965336118779,30708000.0,-51.04156494
2026-10-07T10:24:06,,2400000000.0,5000000000.0,0,8,10,0.6009377006322857,0.6009376,6204385279.999994,6,64,37500000.0,15000000.0,20000.0,50000.0,20,RMS,POW,LIN,0.7499839100000001,0.00077587869,0.0005818965336118779,30712000.0,-51.10071945
2026-10-07T10:24:06,,2400000000.0,5000000000.0,0,8,10,0.6009377006322857,0.6009376,6204385279.999994,6,64,37500000.0,15000000.0,20000.0,50000.0,20,RMS,POW,LIN,0.7499839100000001,0.00077587869,0.0005818965336118779,30716000.0,-51.42485428
2026-10-07T10:24:06,,2400000000.0,5000000000.0,0,8,10,0.6009377006322857,0.6009376,6204385279.999994,6,64,37500000.0,15000000.0,20000.0,50000.0,20,RMS,POW,LIN,0.7499839100000001,0.00077587869,0.0005818965336118779,30720000.0,-51.98319244
2026-10-07T10:24:06,,2400000000.0,5000000000.0,0,8,10,0.6009377006322857,0.6009376,6204385279.999994,6,64,37500000.0,15000000.0,20000.0,50000.0,20,RMS,POW,LIN,0.7499839100000001,0.00077587869,0.0005818965336118779,30724000.0,-52.60566711
2026-10-07T10:24:06,,2400000000.0,5000000000.0,0,8,10,0.6009377006322857,0.6009376,6204385279.999994,6,64,37500000.0,15000000.0,20000.0,50000.0,20,RMS,POW,LIN,0.7499839100000001,0.00077587869,0.0005818965336118779,30728000.0,-53.05205536
2026-10-07T10:24:06,,2400000000.0,5000000000.0,0,8,10,0.6009377006322857,0.6009376,6204385279.999994,6,64,37500000.0,15000000.0,20000.0,50000.0,20,RMS,POW,LIN,0.7499839100000001,0.00077587869,0.0005818965336118779,30732000.0,-53.22291946
2026-10-07T10:24:06,,2400000000.0,5000000000.0,0,8,10,0.6009377006322857,0.6009376,6204385279.999994,6,64,37500000.0,15000000.0,20000.0,50000.0,20,RMS,POW,LIN,0.7499839100000001,0.00077587869,0.0005818965336118779,30736000.0,-53.23583603
2026-10-07T10:24:06,,2400000000.0,5000000000.0,0,8,10,0.6009377006322857,0.6009376,6204385279.999994,6,64,37500000.0,15000000.0,20000.0,50000.0,20,RMS,POW,LIN,0.7499839100000001,0.00077587869,0.0005818965336118779,30740000.0,-53.22145462
2026-10-07T10:24:06,,2400000000.0,5000000000.0,0,8,10,0.6009377006322857,0.6009376,6204385279.999994,6,64,37500000.0,15000000.0,20000.0,50000.0,20,RMS,POW,LIN,0.7499839100000001,0.00077587869,0.0005818965336118779,30744000.0,-53.18092728
2026-10-07T10:24:06,,2400000000.0,5000000000.0,0,8,10,0.6009377006322857,0.6009376,6204385279.999994,6,64,37500000.0,15000000.0,20000.0,50000.0,20,RMS,POW,LIN,0.7499839100000001,0.00077587869,0.0005818965336118779,30748000.0,-53.06170654
2026-10-07T10:24:06,,2400000000.0,5000000000.0,0,8,10,0.6009377006322857,0.6009376,6204385279.999994,6,64,37500000.0,15000000.0,20000.0,50000.0,20,RMS,POW,LIN,0.7499839100000001,0.00077587869,0.0005818965336118779,30752000.0,-52.87127686
2026-10-07T10:24:06,,2400000000.0,5000000000.0,0,8,10,0.6009377006322857,0.6009376,6204385279.999994,6,64,37500000.0,15000000.0,20000.0,50000.0,20,RMS,POW,LIN,0.7499839100000001,0.00077587869,0.0005818965336118779,30756000.0,-52.66543961
2026-10-07T10:24:06,,2400000000.0,5000000000.0,0,8,10,0.6009377006322857,0.6009376,6204385279.999994,6,64,37500000.0,15000000.0,20000.0,50000.0,20,RMS,POW,LIN,0.7499839100000001,0.00077587869,0.0005818965336118779,30760000.0,-52.48072052
2026-10-07T10:24:06,,2400000000.0,5000000000.0,0,8,10,0.6009377006322857,0.6009376,6204385279.999994,6,64,37500000.0,15000000.0,20000.0,50000.0,20,RMS,POW,LIN,0.7499839100000001,0.00077587869,0.0005818965336118779,30764000.0,-52.32904816
2026-10-07T10:24:06,,2400000000.0,5000000000.0,0,8,10,0.6009377006322857,0.6009376,6204385279.999994,6,64,37500000.0,15000000.0,20000.0,50000.0,20,RMS,POW,LIN,0.7499839100000001,0.00077587869,0.0005818965336118779,30768000.0,-52.22138214
2026-10-07T10:24:06,,2400000000.0,5000000000.0,0,8,10,0.6009377006322857,0.6009376,6204385279.999994,6,64,37500000.0,15000000.0,20000.0,50000.0,20,RMS,POW,LIN,0.7499839100000001,0.00077587869,0.0005818965336118779,30772000.0,-52.15613937
2026-10-07T10:24:06,,2400000000.0,5000000000.0,0,8,10,0.6009377006322857,0.6009376,6204385279.999994,6,64,37500000.0,15000000.0,20000.0,50000.0,20,RMS,POW,LIN,0.7499839100000001,0.00077587869,0.0005818965336118779,30776000.0,-52.09875107
2026-10-07T10:24:06,,2400000000.0,5000000000.0,0,8,10,0.6009377006322857,0.6009376,6204385279.999994,6,64,37500000.0,15000000.0,20000.0,50000.0,20,RMS,POW,LIN,0.7499839100000001,0.00077587869,0.0005818965336118779,30780000.0,-51.99987793
2026-10-07T10:24:06,,2400000000.0,5000000000.0,0,8,10,0.6009377006322857,0.6009376,6204385279.999994,6,64,37500000.0,15000000.0,20000.0,50000.0,20,RMS,POW,LIN,0.7499839100000001,0.00077587869,0.0005818965336118779,30784000.0,-51.83321381
2026-10-07T10:24:06,,2400000000.0,5000000000.0,0,8,10,0.6009377006322857,0.6009376,6204385279.999994,6,64,37500000.0,15000000.0,20000.0,50000.0,20,RMS,POW,LIN,0.7499839100000001,0.00077587869,0.0005818965336118779,30788000.0,-51.61039352
2026-10-07T10:24:06,,2400000000.0,5000000000.0,0,8,10,0.6009377006322857,0.6009376,6204385279.999994,6,64,37500000.0,15000000.0,20000.0,50000.0,20,RMS,POW,LIN,0.7499839100000001,0.00077587869,0.0005818965336118779,30792000.0,-51.37579346
2026-10-07T10:24:06,,2400000000.0,5000000000.0,0,8,10,0.6009377006322857,0.6009376,6204385279.999994,6,64,37500000.0,15000000.0,20000.0,50000.0,20,RMS,POW,LIN,0.7499839100000001,0.00077587869,0.0005818965336118779,30796000.0,-51.19520569
2026-10-07T10:24:06,,2400000000.0,5000000000.0,0,8,10,0.6009377006322857,0.6009376,6204385279.999994,6,64,37500000.0,15000000.0,20000.0,50000.0,20,RMS,POW,LIN,0.7499839100000001,0.00077587869,0.0005818965336118779,30800000.0,-51.13103104
2026-10-07T10:24:06,,2400000000.0,5000000000.0,0,8,10,0.6009377006322857,0.6009376,6204385279.999994,6,64,37500000.0,15000000.0,20000.0,50000.0,20,RMS,POW,LIN,0.7499839100000001,0.00077587869,0.0005818965336118779,30804000.0,-51.21162033
2026-10-07T10:24:06,,2400000000.0,5000000000.0,0,8,10,0.6009377006322857,0.6009376,6204385279.999994,6,64,37500000.0,15000000.0,20000.0,50000.0,20,RMS,POW,LIN,0.7499839100000001,0.00077587869,0.0005818965336118779,30808000.0,-51.4173584
2026-10-07T10:24:06,,2400000000.0,5000000000.0,0,8,10,0.6009377006322857,0.6009376,6204385279.999994,6,64,37500000.0,15000000.0,20000.0,50000.0,20,RMS,POW,LIN,0.7499839100000001,0.00077587869,0.0005818965336118779,30812000.0,-51.69161987
2026-10-07T10:24:06,,2400000000.0,5000000000.0,0,8,10,0.6009377006322857,0.6009376,6204385279.999994,6,64,37500000.0,15000000.0,20000.0,50000.0,20,RMS,POW,LIN,0.7499839100000001,0.00077587869,0.0005818965336118779,30816000.0,-51.97174072
2026-10-07T10:24:06,,2400000000.0,5000000000.0,0,8,10,0.6009377006322857,0.6009376,6204385279.999994,6,64,37500000.0,15000000.0,20000.0,50000.0,20,RMS,POW,LIN,0.7499839100000001,0.00077587869,0.0005818965336118779,30820000.0,-52.23200989
2026-10-07T10:24:06,,2400000000.0,5000000000.0,0,8,10,0.6009377006322857,0.6009376,6204385279.999994,6,64,37500000.0,15000000.0,20000.0,50000.0,20,RMS,POW,LIN,0.7499839100000001,0.00077587869,0.0005818965336118779,30824000.0,-52.51133347
2026-10-07T10:24:06,,2400000000.0,5000000000.0,0,8,10,0.6009377006322857,0.6009376,6204385279.999994,6,64,37500000.0,15000000.0,20000.0,50000.0,20,RMS,POW,LIN,0.7499839100000001,0.00077587869,0.0005818965336118779,30828000.0,-52.88821411
2026-10-07T10:24:06,,2400000000.0,5000000000.0,0,8,10,0.6009377006322857,0.6009376,6204385279.999994,6,64,37500000.0,15000000.0,20000.0,50000.0,20,RMS,POW,LIN,0.7499839100000001,0.00077587869,0.0005818965336118779,30832000.0,-53.40647125
2026-10-07T10:24:06,,2400000000.0,5000000000.0,0,8,10,0.6009377006322857,0.6009376,6204385279.999994,6,64,37500000.0,15000000.0,20000.0,50000.0,20,RMS,POW,LIN,0.7499839100000001,0.00077587869,0.0005818965336118779,30836000.0,-53.98875809
2026-10-07T10:24:06,,2400000000.0,5000000000.0,0,8,10,0.6009377006322857,0.6009376,6204385279.999994,6,64,37500000.0,15000000.0,20000.0,50000.0,20,RMS,POW,LIN,0.7499839100000001,0.00077587869,0.0005818965336118779,30840000.0,-54.38105392
2026-10-07T10:24:06,,2400000000.0,5000000000.0,0,8,10,0.6009377006322857,0.6009376,6204385279.999994,6,64,37500000.0,15000000.0,20000.0,50000.0,20,RMS,POW,LIN,0.7499839100000001,0.00077587869,0.0005818965336118779,30844000.0,-54.26185608
2026-10-07T10:24:06,,2400000000.0,5000000000.0,0,8,10,0.6009377006322857,0.6009376,6204385279.999994,6,64,37500000.0,15000000.0,20000.0,50000.0,20,RMS,POW,LIN,0.7499839100000001,0.00077587869,0.0005818965336118779,30848000.0,-53.58572006
2026-10-07T10:24:06,,2400000000.0,5000000000.0,0,8,10,0.6009377006322857,0.6009376,6204385279.999994,6,64,37500000.0,15000000.0,20000.0,50000.0,20,RMS,POW,LIN,0.7499839100000001,0.00077587869,0.0005818965336118779,30852000.0,-52.68012238
2026-10-07T10:24:06,,2400000000.0,5000000000.0,0,8,10,0.6009377006322857,0.6009376,6204385279.999994,6,64,37500000.0,15000000.0,20000.0,50000.0,20,RMS,POW,LIN,0.7499839100000001,0.00077587869,0.0005818965336118779,30856000.0,-51.91258621
2026-10-07T10:24:06,,2400000000.0,5000000000.0,0,8,10,0.6009377006322857,0.6009376,6204385279.999994,6,64,37500000.0,15000000.0,20000.0,50000.0,20,RMS,POW,LIN,0.7499839100000001,0.00077587869,0.0005818965336118779,30860000.0,-51.48097992
2026-10-07T10:24:06,,2400000000.0,5000000000.0,0,8,10,0.6009377006322857,0.6009376,6204385279.999994,6,64,37500000.0,15000000.0,20000.0,50000.0,20,RMS,POW,LIN,0.7499839100000001,0.00077587869,0.0005818965336118779,30864000.0,-51.42708588
2026-10-07T10:24:06,,2400000000.0,5000000000.0,0,8,10,0.6009377006322857,0.6009376,6204385279.999994,6,64,37500000.0,15000000.0,20000.0,50000.0,20,RMS,POW,LIN,0.7499839100000001,0.00077587869,0.0005818965336118779,30868000.0,-51.68634415
2026-10-07T10:24:06,,2400000000.0,5000000000.0,0,8,10,0.6009377006322857,0.6009376,6204385279.999994,6,64,37500000.0,15000000.0,20000.0,50000.0,20,RMS,POW,LIN,0.7499839100000001,0.00077587869,0.0005818965336118779,30872000.0,-52.1233902
2026-10-07T10:24:06,,2400000000.0,5000000000.0,0,8,10,0.6009377006322857,0.6009376,6204385279.999994,6,64,37500000.0,15000000.0,20000.0,50000.0,20,RMS,POW,LIN,0.7499839100000001,0.00077587869,0.0005818965336118779,30876000.0,-52.58438492
2026-10-07T10:24:06,,2400000000.0,5000000000.0,0,8,10,0.6009377006322857,0.6009376,6204385279.999994,6,64,37500000.0,15000000.0,20000.0,50000.0,20,RMS,POW,LIN,0.7499839100000001,0.00077587869,0.0005818965336118779,30880000.0,-52.96518326
2026-10-07T10:24:06,,2400000000.0,5000000000.0,0,8,10,0.6009377006322857,0.6009376,6204385279.999994,6,64,37500000.0,15000000.0,20000.0,50000.0,20,RMS,POW,LIN,0.7499839100000001,0.00077587869,0.0005818965336118779,30884000.0,-53.21766663
2026-10-07T10:24:06,,2400000000.0,5000000000.0,0,8,10,0.6009377006322857,0.6009376,6204385279.999994,6,64,37500000.0,15000000.0,20000.0,50000.0,20,RMS,POW,LIN,0.7499839100000001,0.00077587869,0.0005818965336118779,30888000.0,-53.28219223
2026-10-07T10:24:06,,2400000000.0,5000000000.0,0,8,10,0.6009377006322857,0.6009376,6204385279.999994,6,64,37500000.0,15000000.0,20000.0,50000.0,20,RMS,POW,LIN,0.7499839100000001,0.00077587869,0.0005818965336118779,30892000.0,-53.0927124
2026-10-07T10:24:06,,2400000000.0,5000000000.0,0,8,10,0.6009377006322857,0.6009376,6204385279.999994,6,64,37500000.0,15000000.0,20000.0,50000.0,20,RMS,POW,LIN,0.7499839100000001,0.00077587869,0.0005818965336118779,30896000.0,-52.69996262
2026-10-07T10:24:06,,2400000000.0,5000000000.0,0,8,10,0.6009377006322857,0.6009376,6204385279.999994,6,64,37500000.0,15000000.0,20000.0,50000.0,20,RMS,POW,LIN,0.7499839100000001,0.00077587869,0.0005818965336118779,30900000.0,-52.29774857
2026-10-07T10:24:06,,2400000000.0,5000000000.0,0,8,10,0.6009377006322857,0.6009376,6204385279.999994,6,64,37500000.0,15000000.0,20000.0,50000.0,20,RMS,POW,LIN,0.7499839100000001,0.00077587869,0.0005818965336118779,30904000.0,-52.08320999
2026-10-07T10:24:06,,2400000000.0,5000000000.0,0,8,10,0.6009377006322857,0.6009376,6204385279.999994,6,64,37500000.0,15000000.0,20000.0,50000.0,20,RMS,POW,LIN,0.7499839100000001,0.00077587869,0.0005818965336118779,30908000.0,-52.14182663
2026-10-07T10:24:06,,2400000000.0,5000000000.0,0,8,10,0.6009377006322857,0.6009376,6204385279.999994,6,64,37500000.0,15000000.0,20000.0,50000.0,20,RMS,POW,LIN,0.7499839100000001,0.00077587869,0.0005818965336118779,30912000.0,-52.42516327
2026-10-07T10:24:06,,2400000000.0,5000000000.0,0,8,10,0.6009377006322857,0.6009376,6204385279.999994,6,64,37500000.0,15000000.0,20000.0,50000.0,20,RMS,POW,LIN,0.7499839100000001,0.00077587869,0.0005818965336118779,30916000.0,-52.77445984
2026-10-07T10:24:06,,2400000000.0,5000000000.0,0,8,10,0.6009377006322857,0.6009376,6204385279.999994,6,64,37500000.0,15000000.0,20000.0,50000.0,20,RMS,POW,LIN,0.7499839100000001,0.00077587869,0.0005818965336118779,30920000.0,-52.98500824
2026-10-07T10:24:06,,2400000000.0,5000000000.0,0,8,10,0.6009377006322857,0.6009376,6204385279.999994,6,64,37500000.0,15000000.0,20000.0,50000.0,20,RMS,POW,LIN,0.7499839100000001,0.00077587869,0.0005818965336118779,30924000.0,-52.91904449
2026-10-07T10:24:06,,2400000000.0,5000000000.0,0,8,10,0.6009377006322857,0.6009376,6204385279.999994,6,64,37500000.0,15000000.0,20000.0,50000.0,20,RMS,POW,LIN,0.7499839100000001,0.00077587869,0.0005818965336118779,30928000.0,-52.59514999
2026-10-07T10:24:06,,2400000000.0,5000000000.0,0,8,10,0.6009377006322857,0.6009376,6204385279.999994,6,64,37500000.0,15000000.0,20000.0,50000.0,20,RMS,POW,LIN,0.7499839100000001,0.00077587869,0.0005818965336118779,30932000.0,-52.16490936
2026-10-07T10:24:06,,2400000000.0,5000000000.0,0,8,10,0.6009377006322857,0.6009376,6204385279.999994,6,64,37500000.0,15000000.0,20000.0,50000.0,20,RMS,POW,LIN,0.7499839100000001,0.00077587869,0.0005818965336118779,30936000.0,-51.81267929
2026-10-07T10:24:06,,2400000000.0,5000000000.0,0,8,10,0.6009377006322857,0.6009376,6204385279.999994,6,64,37500000.0,15000000.0,20000.0,50000.0,20,RMS,POW,LIN,0.7499839100000001,0.00077587869,0.0005818965336118779,30940000.0,-51.67245483
2026-10-07T10:24:06,,2400000000.0,5000000000.0,0,8,10,0.6009377006322857,0.6009376,6204385279.999994,6,64,37500000.0,15000000.0,20000.0,50000.0,20,RMS,POW,LIN,0.7499839100000001,0.00077587869,0.0005818965336118779,30944000.0,-51.7890625
2026-10-07T10:24:06,,2400000000.0,5000000000.0,0,8,10,0.6009377006322857,0.6009376,6204385279.999994,6,64,37500000.0,15000000.0,20000.0,50000.0,20,RMS,POW,LIN,0.7499839100000001,0.00077587869,0.0005818965336118779,30948000.0,-52.10367203
2026-10-07T10:24:06,,2400000000.0,5000000000.0,0,8,10,0.6009377006322857,0.6009376,6204385279.999994,6,64,37500000.0,15000000.0,20000.0,50000.0,20,RMS,POW,LIN,0.7499839100000001,0.00077587869,0.0005818965336118779,30952000.0,-52.45606613
2026-10-07T10:24:06,,2400000000.0,5000000000.0,0,8,10,0.6009377006322857,0.6009376,6204385279.999994,6,64,37500000.0,15000000.0,20000.0,50000.0,20,RMS,POW,LIN,0.7499839100000001,0.00077587869,0.0005818965336118779,30956000.0,-52.63932419
2026-10-07T10:24:06,,2400000000.0,5000000000.0,0,8,10,0.6009377006322857,0.6009376,6204385279.999994,6,64,37500000.0,15000000.0,20000.0,50000.0,20,RMS,POW,LIN,0.7499839100000001,0.00077587869,0.0005818965336118779,30960000.0,-52.53134155
2026-10-07T10:24:06,,2400000000.0,5000000000.0,0,8,10,0.6009377006322857,0.6009376,6204385279.999994,6,64,37500000.0,15000000.0,20000.0,50000.0,20,RMS,POW,LIN,0.7499839100000001,0.00077587869,0.0005818965336118779,30964000.0,-52.19094849
2026-10-07T10:24:06,,2400000000.0,5000000000.0,0,8,10,0.6009377006322857,0.6009376,6204385279.999994,6,64,37500000.0,15000000.0,20000.0,50000.0,20,RMS,POW,LIN,0.7499839100000001,0.00077587869,0.0005818965336118779,30968000.0,-51.79172134
2026-10-07T10:24:06,,2400000000.0,5000000000.0,0,8,10,0.6009377006322857,0.6009376,6204385279.999994,6,64,37500000.0,15000000.0,20000.0,50000.0,20,RMS,POW,LIN,0.7499839100000001,0.00077587869,0.0005818965336118779,30972000.0,-51.4912796
2026-10-07T10:24:06,,2400000000.0,5000000000.0,0,8,10,0.6009377006322857,0.6009376,6204385279.999994,6,64,37500000.0,15000000.0,20000.0,50000.0,20,RMS,POW,LIN,0.7499839100000001,0.00077587869,0.0005818965336118779,30976000.0,-51.36644745
2026-10-07T10:24:06,,2400000000.0,5000000000.0,0,8,10,0.6009377006322857,0.6009376,6204385279.999994,6,64,37500000.0,15000000.0,20000.0,50000.0,20,RMS,POW,LIN,0.7499839100000001,0.00077587869,0.0005818965336118779,30980000.0,-51.41310501
2026-10-07T10:24:06,,2400000000.0,5000000000.0,0,8,10,0.6009377006322857,0.6009376,6204385279.999994,6,64,37500000.0,15000000.0,20000.0,50000.0,20,RMS,POW,LIN,0.7499839100000001,0.00077587869,0.0005818965336118779,30984000.0,-51.58248901
2026-10-07T10:24:06,,2400000000.0,5000000000.0,0,8,10,0.6009377006322857,0.6009376,6204385279.999994,6,64,37500000.0,15000000.0,20000.0,50000.0,20,RMS,POW,LIN,0.7499839100000001,0.00077587869,0.0005818965336118779,30988000.0,-51.83724594
2026-10-07T10:24:06,,2400000000.0,5000000000.0,0,8,10,0.6009377006322857,0.6009376,6204385279.999994,6,64,37500000.0,15000000.0,20000.0,50000.0,20,RMS,POW,LIN,0.7499839100000001,0.00077587869,0.0005818965336118779,30992000.0,-52.18167114
2026-10-07T10:24:06,,2400000000.0,5000000000.0,0,8,10,0.6009377006322857,0.6009376,6204385279.999994,6,64,37500000.0,15000000.0,20000.0,50000.0,20,RMS,POW,LIN,0.7499839100000001,0.00077587869,0.0005818965336118779,30996000.0,-52.62017441
2026-10-07T10:24:06,,2400000000.0,5000000000.0,0,8,10,0.6009377006322857,0.6009376,6204385279.999994,6,64,37500000.0,15000000.0,20000.0,50000.0,20,RMS,POW,LIN,0.7499839100000001,0.00077587869,0.0005818965336118779,31000000.0,-53.07306671
2026-10-07T10:24:06,,2400000000.0,5000000000.0,0,8,10,0.6009377006322857,0.6009376,6204385279.999994,6,64,37500000.0,15000000.0,20000.0,50000.0,20,RMS,POW,LIN,0.7499839100000001,0.00077587869,0.0005818965336118779,31004000.0,-53.3543663
2026-10-07T10:24:06,,2400000000.0,5000000000.0,0,8,10,0.6009377006322857,0.6009376,6204385279.999994,6,64,37500000.0,15000000.0,20000.0,50000.0,20,RMS,POW,LIN,0.7499839100000001,0.00077587869,0.0005818965336118779,31008000.0,-53.30941391
2026-10-07T10:24:06,,2400000000.0,5000000000.0,0,8,10,0.6009377006322857,0.6009376,6204385279.999994,6,64,37500000.0,15000000.0,20000.0,50000.0,20,RMS,POW,LIN,0.7499839100000001,0.00077587869,0.0005818965336118779,31012000.0,-52.98921967
2026-10-07T10:24:06,,2400000000.0,5000000000.0,0,8,10,0.6009377006322857,0.6009376,6204385279.999994,6,64,37500000.0,15000000.0,20000.0,50000.0,20,RMS,POW,LIN,0.7499839100000001,0.00077587869,0.0005818965336118779,31016000.0,-52.58857346
2026-10-07T10:24:06,,2400000000.0,5000000000.0,0,8,10,0.6009377006322857,0.6009376,6204385279.999994,6,64,37500000.0,15000000.0,20000.0,50000.0,20,RMS,POW,LIN,0.7499839100000001,0.00077587869,0.0005818965336118779,31020000.0,-52.26133347
2026-10-07T10:24:06,,2400000000.0,5000000000.0,0,8,10,0.6009377006322857,0.6009376,6204385279.999994,6,64,37500000.0,15000000.0,20000.0,50000.0,20,RMS,POW,LIN,0.7499839100000001,0.00077587869,0.0005818965336118779,31024000.0,-52.06663132
2026-10-07T10:24:06,,2400000000.0,5000000000.0,0,8,10,0.6009377006322857,0.6009376,6204385279.999994,6,64,37500000.0,15000000.0,20000.0,50000.0,20,RMS,POW,LIN,0.7499839100000001,0.00077587869,0.0005818965336118779,31028000.0,-52.02156067
2026-10-07T10:24:06,,2400000000.0,5000000000.0,0,8,10,0.6009377006322857,0.6009376,6204385279.999994,6,64,37500000.0,15000000.0,20000.0,50000.0,20,RMS,POW,LIN,0.7499839100000001,0.00077587869,0.0005818965336118779,31032000.0,-52.14422226
2026-10-07T10:24:06,,2400000000.0,5000000000.0,0,8,10,0.6009377006322857,0.6009376,6204385279.999994,6,64,37500000.0,15000000.0,20000.0,50000.0,20,RMS,POW,LIN,0.7499839100000001,0.00077587869,0.0005818965336118779,31036000.0,-52.43358612
2026-10-07T10:24:06,,2400000000.0,5000000000.0,0,8,10,0.6009377006322857,0.6009376,6204385279.999994,6,64,37500000.0,15000000.0,20000.0,50000.0,20,RMS,POW,LIN,0.7499839100000001,0.00077587869,0.0005818965336118779,31040000.0,-52.80978775
2026-10-07T10:24:06,,2400000000.0,5000000000.0,0,8,10,0.6009377006322857,0.6009376,6204385279.999994,6,64,37500000.0,15000000.0,20000.0,50000.0,20,RMS,POW,LIN,0.7499839100000001,0.00077587869,0.0005818965336118779,31044000.0,-53.099617
2026-10-07T10:24:06,,2400000000.0,5000000000.0,0,8,10,0.6009377006322857,0.6009376,6204385279.999994,6,64,37500000.0,15000000.0,20000.0,50000.0,20,RMS,POW,LIN,0.7499839100000001,0.00077587869,0.0005818965336118779,31048000.0,-53.15602493
2026-10-07T10:24:06,,2400000000.0,5000000000.0,0,8,10,0.6009377006322857,0.6009376,6204385279.999994,6,64,37500000.0,15000000.0,20000.0,50000.0,20,RMS,POW,LIN,0.7499839100000001,0.00077587869,0.0005818965336118779,31052000.0,-53.00971603
2026-10-07T10:24:06,,2400000000.0,5000000000.0,0,8,10,0.6009377006322857,0.6009376,6204385279.999994,6,64,37500000.0,15000000.0,20000.0,50000.0,20,RMS,POW,LIN,0.7499839100000001,0.00077587869,0.0005818965336118779,31056000.0,-52.80361557
2026-10-07T10:24:06,,2400000000.0,5000000000.0,0,8,10,0.6009377006322857,0.6009376,6204385279.999994,6,64,37500000.0,15000000.0,20000.0,50000.0,20,RMS,POW,LIN,0.7499839100000001,0.00077587869,0.0005818965336118779,31060000.0,-52.60947418
2026-10-07T10:24:06,,2400000000.0,5000000000.0,0,8,10,0.6009377006322857,0.6009376,6204385279.999994,6,64,37500000.0,15000000.0,20000.0,50000.0,20,RMS,POW,LIN,0.7499839100000001,0.00077587869,0.0005818965336118779,31064000.0,-52.39694214
2026-10-07T10:24:06,,2400000000.0,5000000000.0,0,8,10,0.6009377006322857,0.6009376,6204385279.999994,6,64,37500000.0,15000000.0,20000.0,50000.0,20,RMS,POW,LIN,0.7499839100000001,0.00077587869,0.0005818965336118779,31068000.0,-52.15478134
2026-10-07T10:24:06,,2400000000.0,5000000000.0,0,8,10,0.6009377006322857,0.6009376,6204385279.999994,6,64,37500000.0,15000000.0,20000.0,50000.0,20,RMS,POW,LIN,0.7499839100000001,0.00077587869,0.0005818965336118779,31072000.0,-51.97644424
2026-10-07T10:24:06,,2400000000.0,5000000000.0,0,8,10,0.6009377006322857,0.6009376,6204385279.999994,6,64,37500000.0,15000000.0,20000.0,50000.0,20,RMS,POW,LIN,0.7499839100000001,0.00077587869,0.0005818965336118779,31076000.0,-52.00021744
2026-10-07T10:24:06,,2400000000.0,5000000000.0,0,8,10,0.6009377006322857,0.6009376,6204385279.999994,6,64,37500000.0,15000000.0,20000.0,50000.0,20,RMS,POW,LIN,0.7499839100000001,0.00077587869,0.0005818965336118779,31080000.0,-52.29918289
2026-10-07T10:24:06,,2400000000.0,5000000000.0,0,8,10,0.6009377006322857,0.6009376,6204385279.999994,6,64,37500000.0,15000000.0,20000.0,50000.0,20,RMS,POW,LIN,0.7499839100000001,0.00077587869,0.0005818965336118779,31084000.0,-52.81797791
2026-10-07T10:24:06,,2400000000.0,5000000000.0,0,8,10,0.6009377006322857,0.6009376,6204385279.999994,6,64,37500000.0,15000000.0,20000.0,50000.0,20,RMS,POW,LIN,0.7499839100000001,0.00077587869,0.0005818965336118779,31088000.0,-53.36493301
2026-10-07T10:24:06,,2400000000.0,5000000000.0,0,8,10,0.6009377006322857,0.6009376,6204385279.999994,6,64,37500000.0,15000000.0,20000.0,50000.0,20,RMS,POW,LIN,0.7499839100000001,0.00077587869,0.0005818965336118779,31092000.0,-53.68986511
2026-10-07T10:24:06,,2400000000.0,5000000000.0,0,8,10,0.6009377006322857,0.6009376,6204385279.999994,6,64,37500000.0,15000000.0,20000.0,50000.0,20,RMS,POW,LIN,0.7499839100000001,0.00077587869,0.0005818965336118779,31096000.0,-53.65278244
2026-10-07T10:24:06,,2400000000.0,5000000000.0,0,8,10,0.6009377006322857,0.6009376,6204385279.999994,6,64,37500000.0,15000000.0,20000.0,50000.0,20,RMS,POW,LIN,0.7499839100000001,0.00077587869,0.0005818965336118779,31100000.0,-53.31024551
2026-10-07T10:24:06,,2400000000.0,5000000000.0,0,8,10,0.6009377006322857,0.6009376,6204385279.999994,6,64,37500000.0,15000000.0,20000.0,50000.0,20,RMS,POW,LIN,0.7499839100000001,0.00077587869,0.0005818965336118779,31104000.0,-52.8164444
2026-10-07T10:24:06,,2400000000.0,5000000000.0,0,8,10,0.6009377006322857,0.6009376,6204385279.999994,6,64,37500000.0,15000000.0,20000.0,50000.0,20,RMS,POW,LIN,0.7499839100000001,0.00077587869,0.0005818965336118779,31108000.0,-52.31219101
2026-10-07T10:24:06,,2400000000.0,5000000000.0,0,8,10,0.6009377006322857,0.6009376,6204385279.999994,6,64,37500000.0,15000000.0,20000.0,50000.0,20,RMS,POW,LIN,0.7499839100000001,0.00077587869,0.0005818965336118779,31112000.0,-51.89835739
2026-10-07T10:24:06,,2400000000.0,5000000000.0,0,8,10,0.6009377006322857,0.6009376,6204385279.999994,6,64,37500000.0,15000000.0,20000.0,50000.0,20,RMS,POW,LIN,0.7499839100000001,0.00077587869,0.0005818965336118779,31116000.0,-51.64145279
2026-10-07T10:24:06,,2400000000.0,5000000000.0,0,8,10,0.6009377006322857,0.6009376,6204385279.999994,6,64,37500000.0,15000000.0,20000.0,50000.0,20,RMS,POW,LIN,0.7499839100000001,0.00077587869,0.0005818965336118779,31120000.0,-51.57326126
2026-10-07T10:24:06,,2400000000.0,5000000000.0,0,8,10,0.6009377006322857,0.6009376,6204385279.999994,6,64,37500000.0,15000000.0,20000.0,50000.0,20,RMS,POW,LIN,0.7499839100000001,0.00077587869,0.0005818965336118779,31124000.0,-51.6791954
2026-10-07T10:24:06,,2400000000.0,5000000000.0,0,8,10,0.6009377006322857,0.6009376,6204385279.999994,6,64,37500000.0,15000000.0,20000.0,50000.0,20,RMS,POW,LIN,0.7499839100000001,0.00077587869,0.0005818965336118779,31128000.0,-51.88216019
2026-10-07T10:24:06,,2400000000.0,5000000000.0,0,8,10,0.6009377006322857,0.6009376,6204385279.999994,6,64,37500000.0,15000000.0,20000.0,50000.0,20,RMS,POW,LIN,0.7499839100000001,0.00077587869,0.0005818965336118779,31132000.0,-52.04959488
2026-10-07T10:24:06,,2400000000.0,5000000000.0,0,8,10,0.6009377006322857,0.6009376,6204385279.999994,6,64,37500000.0,15000000.0,20000.0,50000.0,20,RMS,POW,LIN,0.7499839100000001,0.00077587869,0.0005818965336118779,31136000.0,-52.06147003
2026-10-07T10:24:06,,2400000000.0,5000000000.0,0,8,10,0.6009377006322857,0.6009376,6204385279.999994,6,64,37500000.0,15000000.0,20000.0,50000.0,20,RMS,POW,LIN,0.7499839100000001,0.00077587869,0.0005818965336118779,31140000.0,-51.90302658
2026-10-07T10:24:06,,2400000000.0,5000000000.0,0,8,10,0.6009377006322857,0.6009376,6204385279.999994,6,64,37500000.0,15000000.0,20000.0,50000.0,20,RMS,POW,LIN,0.7499839100000001,0.00077587869,0.0005818965336118779,31144000.0,-51.6648674
2026-10-07T10:24:06,,2400000000.0,5000000000.0,0,8,10,0.6009377006322857,0.6009376,6204385279.999994,6,64,37500000.0,15000000.0,20000.0,50000.0,20,RMS,POW,LIN,0.7499839100000001,0.00077587869,0.0005818965336118779,31148000.0,-51.45743179
2026-10-07T10:24:06,,2400000000.0,5000000000.0,0,8,10,0.6009377006322857,0.6009376,6204385279.999994,6,64,37500000.0,15000000.0,20000.0,50000.0,20,RMS,POW,LIN,0.7499839100000001,0.00077587869,0.0005818965336118779,31152000.0,-51.36565018
2026-10-07T10:24:06,,2400000000.0,5000000000.0,0,8,10,0.6009377006322857,0.6009376,6204385279.999994,6,64,37500000.0,15000000.0,20000.0,50000.0,20,RMS,POW,LIN,0.7499839100000001,0.00077587869,0.0005818965336118779,31156000.0,-51.46749115
2026-10-07T10:24:06,,2400000000.0,5000000000.0,0,8,10,0.6009377006322857,0.6009376,6204385279.999994,6,64,37500000.0,15000000.0,20000.0,50000.0,20,RMS,POW,LIN,0.7499839100000001,0.00077587869,0.0005818965336118779,31160000.0,-51.8433609
2026-10-07T10:24:06,,2400000000.0,5000000000.0,0,8,10,0.6009377006322857,0.6009376,6204385279.999994,6,64,37500000.0,15000000.0,20000.0,50000.0,20,RMS,POW,LIN,0.7499839100000001,0.00077587869,0.0005818965336118779,31164000.0,-52.52543259
2026-10-07T10:24:06,,2400000000.0,5000000000.0,0,8,10,0.6009377006322857,0.6009376,6204385279.999994,6,64,37500000.0,15000000.0,20000.0,50000.0,20,RMS,POW,LIN,0.7499839100000001,0.00077587869,0.0005818965336118779,31168000.0,-53.38471603
2026-10-07T10:24:06,,2400000000.0,5000000000.0,0,8,10,0.6009377006322857,0.6009376,6204385279.999994,6,64,37500000.0,15000000.0,20000.0,50000.0,20,RMS,POW,LIN,0.7499839100000001,0.00077587869,0.0005818965336118779,31172000.0,-54.03404999
2026-10-07T10:24:06,,2400000000.0,5000000000.0,0,8,10,0.6009377006322857,0.6009376,6204385279.999994,6,64,37500000.0,15000000.0,20000.0,50000.0,20,RMS,POW,LIN,0.7499839100000001,0.00077587869,0.0005818965336118779,31176000.0,-54.0556221
2026-10-07T10:24:06,,2400000000.0,5000000000.0,0,8,10,0.6009377006322857,0.6009376,6204385279.999994,6,64,37500000.0,15000000.0,20000.0,50000.0,20,RMS,POW,LIN,0.7499839100000001,0.00077587869,0.0005818965336118779,31180000.0,-53.52202606
2026-10-07T10:24:06,,2400000000.0,5000000000.0,0,8,10,0.6009377006322857,0.6009376,6204385279.999994,6,64,37500000.0,15000000.0,20000.0,50000.0,20,RMS,POW,LIN,0.7499839100000001,0.00077587869,0.0005818965336118779,31184000.0,-52.86335373
2026-10-07T10:24:06,,2400000000.0,5000000000.0,0,8,10,0.6009377006322857,0.6009376,6204385279.999994,6,64,37500000.0,15000000.0,20000.0,50000.0,20,RMS,POW,LIN,0.7499839100000001,0.00077587869,0.0005818965336118779,31188000.0,-52.37142944
2026-10-07T10:24:06,,2400000000.0,5000000000.0,0,8,10,0.6009377006322857,0.6009376,6204385279.999994,6,64,37500000.0,15000000.0,20000.0,50000.0,20,RMS,POW,LIN,0.7499839100000001,0.00077587869,0.0005818965336118779,31192000.0,-52.12525177
2026-10-07T10:24:06,,2400000000.0,5000000000.0,0,8,10,0.6009377006322857,0.6009376,6204385279.999994,6,64,37500000.0,15000000.0,20000.0,50000.0,20,RMS,POW,LIN,0.7499839100000001,0.00077587869,0.0005818965336118779,31196000.0,-52.10581589
2026-10-07T10:24:06,,2400000000.0,5000000000.0,0,8,10,0.6009377006322857,0.6009376,6204385279.999994,6,64,37500000.0,15000000.0,20000.0,50000.0,20,RMS,POW,LIN,0.7499839100000001,0.00077587869,0.0005818965336118779,31200000.0,-52.27106857
2026-10-07T10:24:06,,2400000000.0,5000000000.0,0,8,10,0.6009377006322857,0.6009376,6204385279.999994,6,64,37500000.0,15000000.0,20000.0,50000.0,20,RMS,POW,LIN,0.7499839100000001,0.00077587869,0.0005818965336118779,31204000.0,-52.58020401
2026-10-07T10:24:06,,2400000000.0,5000000000.0,0,8,10,0.6009377006322857,0.6009376,6204385279.999994,6,64,37500000.0,15000000.0,20000.0,50000.0,20,RMS,POW,LIN,0.7499839100000001,0.00077587869,0.0005818965336118779,31208000.0,-52.99113846
2026-10-07T10:24:06,,2400000000.0,5000000000.0,0,8,10,0.6009377006322857,0.6009376,6204385279.999994,6,64,37500000.0,15000000.0,20000.0,50000.0,20,RMS,POW,LIN,0.7499839100000001,0.00077587869,0.0005818965336118779,31212000.0,-53.44369125
2026-10-07T10:24:06,,2400000000.0,5000000000.0,0,8,10,0.6009377006322857,0.6009376,6204385279.999994,6,64,37500000.0,15000000.0,20000.0,50000.0,20,RMS,POW,LIN,0.7499839100000001,0.00077587869,0.0005818965336118779,31216000.0,-53.84303665
2026-10-07T10:24:06,,2400000000.0,5000000000.0,0,8,10,0.6009377006322857,0.6009376,6204385279.999994,6,64,37500000.0,15000000.0,20000.0,50000.0,20,RMS,POW,LIN,0.7499839100000001,0.00077587869,0.0005818965336118779,31220000.0,-54.07023239
2026-10-07T10:24:06,,2400000000.0,5000000000.0,0,8,10,0.6009377006322857,0.6009376,6204385279.999994,6,64,37500000.0,15000000.0,20000.0,50000.0,20,RMS,POW,LIN,0.7499839100000001,0.00077587869,0.0005818965336118779,31224000.0,-54.03052521
2026-10-07T10:24:06,,2400000000.0,5000000000.0,0,8,10,0.6009377006322857,0.6009376,6204385279.999994,6,64,37500000.0,15000000.0,20000.0,50000.0,20,RMS,POW,LIN,0.7499839100000001,0.00077587869,0.0005818965336118779,31228000.0,-53.70485687
2026-10-07T10:24:06,,2400000000.0,5000000000.0,0,8,10,0.6009377006322857,0.6009376,6204385279.999994,6,64,37500000.0,15000000.0,20000.0,50000.0,20,RMS,POW,LIN,0.7499839100000001,0.00077587869,0.0005818965336118779,31232000.0,-53.16737747
2026-10-07T10:24:06,,2400000000.0,5000000000.0,0,8,10,0.6009377006322857,0.6009376,6204385279.999994,6,64,37500000.0,15000000.0,20000.0,50000.0,20,RMS,POW,LIN,0.7499839100000001,0.00077587869,0.0005818965336118779,31236000.0,-52.56385422
2026-10-07T10:24:06,,2400000000.0,5000000000.0,0,8,10,0.6009377006322857,0.6009376,6204385279.999994,6,64,37500000.0,15000000.0,20000.0,50000.0,20,RMS,POW,LIN,0.7499839100000001,0.00077587869,0.0005818965336118779,31240000.0,-52.0538559
2026-10-07T10:24:06,,2400000000.0,5000000000.0,0,8,10,0.6009377006322857,0.6009376,6204385279.999994,6,64,37500000.0,15000000.0,20000.0,50000.0,20,RMS,POW,LIN,0.7499839100000001,0.00077587869,0.0005818965336118779,31244000.0,-51.74150848
2026-10-07T10:24:06,,2400000000.0,5000000000.0,0,8,10,0.6009377006322857,0.6009376,6204385279.999994,6,64,37500000.0,15000000.0,20000.0,50000.0,20,RMS,POW,LIN,0.7499839100000001,0.00077587869,0.0005818965336118779,31248000.0,-51.63370132
2026-10-07T10:24:06,,2400000000.0,5000000000.0,0,8,10,0.6009377006322857,0.6009376,6204385279.999994,6,64,37500000.0,15000000.0,20000.0,50000.0,20,RMS,POW,LIN,0.7499839100000001,0.00077587869,0.0005818965336118779,31252000.0,-51.64478683
2026-10-07T10:24:06,,2400000000.0,5000000000.0,0,8,10,0.6009377006322857,0.6009376,6204385279.999994,6,64,37500000.0,15000000.0,20000.0,50000.0,20,RMS,POW,LIN,0.7499839100000001,0.00077587869,0.0005818965336118779,31256000.0,-51.65600204
2026-10-07T10:24:06,,2400000000.0,5000000000.0,0,8,10,0.6009377006322857,0.6009376,6204385279.999994,6,64,37500000.0,15000000.0,20000.0,50000.0,20,RMS,POW,LIN,0.7499839100000001,0.00077587869,0.0005818965336118779,31260000.0,-51.60394287
2026-10-07T10:24:06,,2400000000.0,5000000000.0,0,8,10,0.6009377006322857,0.6009376,6204385279.999994,6,64,37500000.0,15000000.0,20000.0,50000.0,20,RMS,POW,LIN,0.7499839100000001,0.00077587869,0.0005818965336118779,31264000.0,-51.51371002
2026-10-07T10:24:06,,2400000000.0,5000000000.0,0,8,10,0.6009377006322857,0.6009376,6204385279.999994,6,64,37500000.0,15000000.0,20000.0,50000.0,20,RMS,POW,LIN,0.7499839100000001,0.00077587869,0.0005818965336118779,31268000.0,-51.44789886
2026-10-07T10:24:06,,2400000000.0,5000000000.0,0,8,10,0.6009377006322857,0.6009376,6204385279.999994,6,64,37500000.0,15000000.0,20000.0,50000.0,20,RMS,POW,LIN,0.7499839100000001,0.00077587869,0.0005818965336118779,31272000.0,-51.45379257
2026-10-07T10:24:06,,2400000000.0,5000000000.0,0,8,10,0.6009377006322857,0.6009376,6204385279.999994,6,64,37500000.0,15000000.0,20000.0,50000.0,20,RMS,POW,LIN,0.7499839100000001,0.00077587869,0.0005818965336118779,31276000.0,-51.56204224
2026-10-07T10:24:06,,2400000000.0,5000000000.0,0,8,10,0.6009377006322857,0.6009376,6204385279.999994,6,64,37500000.0,15000000.0,20000.0,50000.0,20,RMS,POW,LIN,0.7499839100000001,0.00077587869,0.0005818965336118779,31280000.0,-51.80422211
2026-10-07T10:24:06,,2400000000.0,5000000000.0,0,8,10,0.6009377006322857,0.6009376,6204385279.999994,6,64,37500000.0,15000000.0,20000.0,50000.0,20,RMS,POW,LIN,0.7499839100000001,0.00077587869,0.0005818965336118779,31284000.0,-52.20581055
2026-10-07T10:24:06,,2400000000.0,5000000000.0,0,8,10,0.6009377006322857,0.6009376,6204385279.999994,6,64,37500000.0,15000000.0,20000.0,50000.0,20,RMS,POW,LIN,0.7499839100000001,0.00077587869,0.0005818965336118779,31288000.0,-52.74734879
2026-10-07T10:24:06,,2400000000.0,5000000000.0,0,8,10,0.6009377006322857,0.6009376,6204385279.999994,6,64,37500000.0,15000000.0,20000.0,50000.0,20,RMS,POW,LIN,0.7499839100000001,0.00077587869,0.0005818965336118779,31292000.0,-53.31762695
2026-10-07T10:24:06,,2400000000.0,5000000000.0,0,8,10,0.6009377006322857,0.6009376,6204385279.999994,6,64,37500000.0,15000000.0,20000.0,50000.0,20,RMS,POW,LIN,0.7499839100000001,0.00077587869,0.0005818965336118779,31296000.0,-53.71714783
2026-10-07T10:24:06,,2400000000.0,5000000000.0,0,8,10,0.6009377006322857,0.6009376,6204385279.999994,6,64,37500000.0,15000000.0,20000.0,50000.0,20,RMS,POW,LIN,0.7499839100000001,0.00077587869,0.0005818965336118779,31300000.0,-53.7877655
2026-10-07T10:24:06,,2400000000.0,5000000000.0,0,8,10,0.6009377006322857,0.6009376,6204385279.999994,6,64,37500000.0,15000000.0,20000.0,50000.0,20,RMS,POW,LIN,0.7499839100000001,0.00077587869,0.0005818965336118779,31304000.0,-53.56735992
2026-10-07T10:24:06,,2400000000.0,5000000000.0,0,8,10,0.6009377006322857,0.6009376,6204385279.999994,6,64,37500000.0,15000000.0,20000.0,50000.0,20,RMS,POW,LIN,0.7499839100000001,0.00077587869,0.0005818965336118779,31308000.0,-53.21922684
2026-10-07T10:24:06,,2400000000.0,5000000000.0,0,8,10,0.6009377006322857,0.6009376,6204385279.999994,6,64,37500000.0,15000000.0,20000.0,50000.0,20,RMS,POW,LIN,0.7499839100000001,0.00077587869,0.0005818965336118779,31312000.0,-52.83834076
2026-10-07T10:24:06,,2400000000.0,5000000000.0,0,8,10,0.6009377006322857,0.6009376,6204385279.999994,6,64,37500000.0,15000000.0,20000.0,50000.0,20,RMS,POW,LIN,0.7499839100000001,0.00077587869,0.0005818965336118779,31316000.0,-52.40864182
2026-10-07T10:24:06,,2400000000.0,5000000000.0,0,8,10,0.6009377006322857,0.6009376,6204385279.999994,6,64,37500000.0,15000000.0,20000.0,50000.0,20,RMS,POW,LIN,0.7499839100000001,0.00077587869,0.0005818965336118779,31320000.0,-51.91474152
2026-10-07T10:24:06,,2400000000.0,5000000000.0,0,8,10,0.6009377006322857,0.6009376,6204385279.999994,6,64,37500000.0,15000000.0,20000.0,50000.0,20,RMS,POW,LIN,0.7499839100000001,0.00077587869,0.0005818965336118779,31324000.0,-51.42969513
2026-10-07T10:24:06,,2400000000.0,5000000000.0,0,8,10,0.6009377006322857,0.6009376,6204385279.999994,6,64,37500000.0,15000000.0,20000.0,50000.0,20,RMS,POW,LIN,0.7499839100000001,0.00077587869,0.0005818965336118779,31328000.0,-51.06611633
2026-10-07T10:24:06,,2400000000.0,5000000000.0,0,8,10,0.6009377006322857,0.6009376,6204385279.999994,6,64,37500000.0,15000000.0,20000.0,50000.0,20,RMS,POW,LIN,0.7499839100000001,0.00077587869,0.0005818965336118779,31332000.0,-50.88037109
2026-10-07T10:24:06,,2400000000.0,5000000000.0,0,8,10,0.6009377006322857,0.6009376,6204385279.999994,6,64,37500000.0,15000000.0,20000.0,50000.0,20,RMS,POW,LIN,0.7499839100000001,0.00077587869,0.0005818965336118779,31336000.0,-50.84374619
2026-10-07T10:24:06,,2400000000.0,5000000000.0,0,8,10,0.6009377006322857,0.6009376,6204385279.999994,6,64,37500000.0,15000000.0,20000.0,50000.0,20,RMS,POW,LIN,0.7499839100000001,0.00077587869,0.0005818965336118779,31340000.0,-50.89047623
2026-10-07T10:24:06,,2400000000.0,5000000000.0,0,8,10,0.6009377006322857,0.6009376,6204385279.999994,6,64,37500000.0,15000000.0,20000.0,50000.0,20,RMS,POW,LIN,0.7499839100000001,0.00077587869,0.0005818965336118779,31344000.0,-50.99067688
2026-10-07T10:24:06,,2400000000.0,5000000000.0,0,8,10,0.6009377006322857,0.6009376,6204385279.999994,6,64,37500000.0,15000000.0,20000.0,50000.0,20,RMS,POW,LIN,0.7499839100000001,0.00077587869,0.0005818965336118779,31348000.0,-51.17150879
2026-10-07T10:24:06,,2400000000.0,5000000000.0,0,8,10,0.6009377006322857,0.6009376,6204385279.999994,6,64,37500000.0,15000000.0,20000.0,50000.0,20,RMS,POW,LIN,0.7499839100000001,0.00077587869,0.0005818965336118779,31352000.0,-51.46370697
2026-10-07T10:24:06,,2400000000.0,5000000000.0,0,8,10,0.6009377006322857,0.6009376,6204385279.999994,6,64,37500000.0,15000000.0,20000.0,50000.0,20,RMS,POW,LIN,0.7499839100000001,0.00077587869,0.0005818965336118779,31356000.0,-51.83964157
2026-10-07T10:24:06,,2400000000.0,5000000000.0,0,8,10,0.6009377006322857,0.6009376,6204385279.999994,6,64,37500000.0,15000000.0,20000.0,50000.0,20,RMS,POW,LIN,0.7499839100000001,0.00077587869,0.0005818965336118779,31360000.0,-52.20646286
2026-10-07T10:24:06,,2400000000.0,5000000000.0,0,8,10,0.6009377006322857,0.6009376,6204385279.999994,6,64,37500000.0,15000000.0,20000.0,50000.0,20,RMS,POW,LIN,0.7499839100000001,0.00077587869,0.0005818965336118779,31364000.0,-52.45534515
2026-10-07T10:24:06,,2400000000.0,5000000000.0,0,8,10,0.6009377006322857,0.6009376,6204385279.999994,6,64,37500000.0,15000000.0,20000.0,50000.0,20,RMS,POW,LIN,0.7499839100000001,0.00077587869,0.0005818965336118779,31368000.0,-52.52376556
2026-10-07T10:24:06,,2400000000.0,5000000000.0,0,8,10,0.6009377006322857,0.6009376,6204385279.999994,6,64,37500000.0,15000000.0,20000.0,50000.0,20,RMS,POW,LIN,0.7499839100000001,0.00077587869,0.0005818965336118779,31372000.0,-52.43296432
2026-10-07T10:24:06,,2400000000.0,5000000000.0,0,8,10,0.6009377006322857,0.6009376,6204385279.999994,6,64,37500000.0,15000000.0,20000.0,50000.0,20,RMS,POW,LIN,0.7499839100000001,0.00077587869,0.0005818965336118779,31376000.0,-52.28649902
2026-10-07T10:24:06,,2400000000.0,5000000000.0,0,8,10,0.6009377006322857,0.6009376,6204385279.999994,6,64,37500000.0,15000000.0,20000.0,50000.0,20,RMS,POW,LIN,0.7499839100000001,0.00077587869,0.0005818965336118779,31380000.0,-52.22078705
2026-10-07T10:24:06,,2400000000.0,5000000000.0,0,8,10,0.6009377006322857,0.6009376,6204385279.999994,6,64,37500000.0,15000000.0,20000.0,50000.0,20,RMS,POW,LIN,0.7499839100000001,0.00077587869,0.0005818965336118779,31384000.0,-52.33019638
2026-10-07T10:24:06,,2400000000.0,5000000000.0,0,8,10,0.6009377006322857,0.6009376,6204385279.999994,6,64,37500000.0,15000000.0,20000.0,50000.0,20,RMS,POW,LIN,0.7499839100000001,0.00077587869,0.0005818965336118779,31388000.0,-52.61196899
2026-10-07T10:24:06,,2400000000.0,5000000000.0,0,8,10,0.6009377006322857,0.6009376,6204385279.999994,6,64,37500000.0,15000000.0,20000.0,50000.0,20,RMS,POW,LIN,0.7499839100000001,0.00077587869,0.0005818965336118779,31392000.0,-52.95509338
2026-10-07T10:24:06,,2400000000.0,5000000000.0,0,8,10,0.6009377006322857,0.6009376,6204385279.999994,6,64,37500000.0,15000000.0,20000.0,50000.0,20,RMS,POW,LIN,0.7499839100000001,0.00077587869,0.0005818965336118779,31396000.0,-53.1907196
2026-10-07T10:24:06,,2400000000.0,5000000000.0,0,8,10,0.6009377006322857,0.6009376,6204385279.999994,6,64,37500000.0,15000000.0,20000.0,50000.0,20,RMS,POW,LIN,0.7499839100000001,0.00077587869,0.0005818965336118779,31400000.0,-53.20271683
2026-10-07T10:24:06,,2400000000.0,5000000000.0,0,8,10,0.6009377006322857,0.6009376,6204385279.999994,6,64,37500000.0,15000000.0,20000.0,50000.0,20,RMS,POW,LIN,0.7499839100000001,0.00077587869,0.0005818965336118779,31404000.0,-53.01340866
2026-10-07T10:24:06,,2400000000.0,5000000000.0,0,8,10,0.6009377006322857,0.6009376,6204385279.999994,6,64,37500000.0,15000000.0,20000.0,50000.0,20,RMS,POW,LIN,0.7499839100000001,0.00077587869,0.0005818965336118779,31408000.0,-52.76160049
2026-10-07T10:24:06,,2400000000.0,5000000000.0,0,8,10,0.6009377006322857,0.6009376,6204385279.999994,6,64,37500000.0,15000000.0,20000.0,50000.0,20,RMS,POW,LIN,0.7499839100000001,0.00077587869,0.0005818965336118779,31412000.0,-52.6218605
2026-10-07T10:24:06,,2400000000.0,5000000000.0,0,8,10,0.6009377006322857,0.6009376,6204385279.999994,6,64,37500000.0,15000000.0,20000.0,50000.0,20,RMS,POW,LIN,0.7499839100000001,0.00077587869,0.0005818965336118779,31416000.0,-52.73224258
2026-10-07T10:24:06,,2400000000.0,5000000000.0,0,8,10,0.6009377006322857,0.6009376,6204385279.999994,6,64,37500000.0,15000000.0,20000.0,50000.0,20,RMS,POW,LIN,0.7499839100000001,0.00077587869,0.0005818965336118779,31420000.0,-53.12649155
2026-10-07T10:24:06,,2400000000.0,5000000000.0,0,8,10,0.6009377006322857,0.6009376,6204385279.999994,6,64,37500000.0,15000000.0,20000.0,50000.0,20,RMS,POW,LIN,0.7499839100000001,0.00077587869,0.0005818965336118779,31424000.0,-53.65559387
2026-10-07T10:24:06,,2400000000.0,5000000000.0,0,8,10,0.6009377006322857,0.6009376,6204385279.999994,6,64,37500000.0,15000000.0,20000.0,50000.0,20,RMS,POW,LIN,0.7499839100000001,0.00077587869,0.0005818965336118779,31428000.0,-53.98120117
2026-10-07T10:24:06,,2400000000.0,5000000000.0,0,8,10,0.6009377006322857,0.6009376,6204385279.999994,6,64,37500000.0,15000000.0,20000.0,50000.0,20,RMS,POW,LIN,0.7499839100000001,0.00077587869,0.0005818965336118779,31432000.0,-53.85157776
2026-10-07T10:24:06,,2400000000.0,5000000000.0,0,8,10,0.6009377006322857,0.6009376,6204385279.999994,6,64,37500000.0,15000000.0,20000.0,50000.0,20,RMS,POW,LIN,0.7499839100000001,0.00077587869,0.0005818965336118779,31436000.0,-53.42235947
2026-10-07T10:24:06,,2400000000.0,5000000000.0,0,8,10,0.6009377006322857,0.6009376,6204385279.999994,6,64,37500000.0,15000000.0,20000.0,50000.0,20,RMS,POW,LIN,0.7499839100000001,0.00077587869,0.0005818965336118779,31440000.0,-53.04045105
2026-10-07T10:24:06,,2400000000.0,5000000000.0,0,8,10,0.6009377006322857,0.6009376,6204385279.999994,6,64,37500000.0,15000000.0,20000.0,50000.0,20,RMS,POW,LIN,0.7499839100000001,0.00077587869,0.0005818965336118779,31444000.0,-52.90782547
2026-10-07T10:24:06,,2400000000.0,5000000000.0,0,8,10,0.6009377006322857,0.6009376,6204385279.999994,6,64,37500000.0,15000000.0,20000.0,50000.0,20,RMS,POW,LIN,0.7499839100000001,0.00077587869,0.0005818965336118779,31448000.0,-53.05103683
2026-10-07T10:24:06,,2400000000.0,5000000000.0,0,8,10,0.6009377006322857,0.6009376,6204385279.999994,6,64,37500000.0,15000000.0,20000.0,50000.0,20,RMS,POW,LIN,0.7499839100000001,0.00077587869,0.0005818965336118779,31452000.0,-53.40512085
2026-10-07T10:24:06,,2400000000.0,5000000000.0,0,8,10,0.6009377006322857,0.6009376,6204385279.999994,6,64,37500000.0,15000000.0,20000.0,50000.0,20,RMS,POW,LIN,0.7499839100000001,0.00077587869,0.0005818965336118779,31456000.0,-53.85085678
2026-10-07T10:24:06,,2400000000.0,5000000000.0,0,8,10,0.6009377006322857,0.6009376,6204385279.999994,6,64,37500000.0,15000000.0,20000.0,50000.0,20,RMS,POW,LIN,0.7499839100000001,0.00077587869,0.0005818965336118779,31460000.0,-54.19657135
2026-10-07T10:24:06,,2400000000.0,5000000000.0,0,8,10,0.6009377006322857,0.6009376,6204385279.999994,6,64,37500000.0,15000000.0,20000.0,50000.0,20,RMS,POW,LIN,0.7499839100000001,0.00077587869,0.0005818965336118779,31464000.0,-54.21492004
2026-10-07T10:24:06,,2400000000.0,5000000000.0,0,8,10,0.6009377006322857,0.6009376,6204385279.999994,6,64,37500000.0,15000000.0,20000.0,50000.0,20,RMS,POW,LIN,0.7499839100000001,0.00077587869,0.0005818965336118779,31468000.0,-53.82424927
2026-10-07T10:24:06,,2400000000.0,5000000000.0,0,8,10,0.6009377006322857,0.6009376,6204385279.999994,6,64,37500000.0,15000000.0,20000.0,50000.0,20,RMS,POW,LIN,0.7499839100000001,0.00077587869,0.0005818965336118779,31472000.0,-53.18925476
2026-10-07T10:24:06,,2400000000.0,5000000000.0,0,8,10,0.6009377006322857,0.6009376,6204385279.999994,6,64,37500000.0,15000000.0,20000.0,50000.0,20,RMS,POW,LIN,0.7499839100000001,0.00077587869,0.0005818965336118779,31476000.0,-52.55749512
2026-10-07T10:24:06,,2400000000.0,5000000000.0,0,8,10,0.6009377006322857,0.6009376,6204385279.999994,6,64,37500000.0,15000000.0,20000.0,50000.0,20,RMS,POW,LIN,0.7499839100000001,0.00077587869,0.0005818965336118779,31480000.0,-52.09655762
2026-10-07T10:24:06,,2400000000.0,5000000000.0,0,8,10,0.6009377006322857,0.6009376,6204385279.999994,6,64,37500000.0,15000000.0,20000.0,50000.0,20,RMS,POW,LIN,0.7499839100000001,0.00077587869,0.0005818965336118779,31484000.0,-51.87862396
2026-10-07T10:24:06,,2400000000.0,5000000000.0,0,8,10,0.6009377006322857,0.6009376,6204385279.999994,6,64,37500000.0,15000000.0,20000.0,50000.0,20,RMS,POW,LIN,0.7499839100000001,0.00077587869,0.0005818965336118779,31488000.0,-51.91526794
2026-10-07T10:24:06,,2400000000.0,5000000000.0,0,8,10,0.6009377006322857,0.6009376,6204385279.999994,6,64,37500000.0,15000000.0,20000.0,50000.0,20,RMS,POW,LIN,0.7499839100000001,0.00077587869,0.0005818965336118779,31492000.0,-52.17155075
2026-10-07T10:24:06,,2400000000.0,5000000000.0,0,8,10,0.6009377006322857,0.6009376,6204385279.999994,6,64,37500000.0,15000000.0,20000.0,50000.0,20,RMS,POW,LIN,0.7499839100000001,0.00077587869,0.0005818965336118779,31496000.0,-52.55321121
2026-10-07T10:24:06,,2400000000.0,5000000000.0,0,8,10,0.6009377006322857,0.6009376,6204385279.999994,6,64,37500000.0,15000000.0,20000.0,50000.0,20,RMS,POW,LIN,0.7499839100000001,0.00077587869,0.0005818965336118779,31500000.0,-52.89954376
2026-10-07T10:24:06,,2400000000.0,5000000000.0,0,8,10,0.6009377006322857,0.6009376,6204385279.999994,6,64,37500000.0,15000000.0,20000.0,50000.0,20,RMS,POW,LIN,0.7499839100000001,0.00077587869,0.0005818965336118779,31504000.0,-53.04624557
2026-10-07T10:24:06,,2400000000.0,5000000000.0,0,8,10,0.6009377006322857,0.6009376,6204385279.999994,6,64,37500000.0,15000000.0,20000.0,50000.0,20,RMS,POW,LIN,0.7499839100000001,0.00077587869,0.0005818965336118779,31508000.0,-52.95139694
2026-10-07T10:24:06,,2400000000.0,5000000000.0,0,8,10,0.6009377006322857,0.6009376,6204385279.999994,6,64,37500000.0,15000000.0,20000.0,50000.0,20,RMS,POW,LIN,0.7499839100000001,0.00077587869,0.0005818965336118779,31512000.0,-52.71696472
2026-10-07T10:24:06,,2400000000.0,5000000000.0,0,8,10,0.6009377006322857,0.6009376,6204385279.999994,6,64,37500000.0,15000000.0,20000.0,50000.0,20,RMS,POW,LIN,0.7499839100000001,0.00077587869,0.0005818965336118779,31516000.0,-52.45863342
2026-10-07T10:24:06,,2400000000.0,5000000000.0,0,8,10,0.6009377006322857,0.6009376,6204385279.999994,6,64,37500000.0,15000000.0,20000.0,50000.0,20,RMS,POW,LIN,0.7499839100000001,0.00077587869,0.0005818965336118779,31520000.0,-52.21808624
2026-10-07T10:24:06,,2400000000.0,5000000000.0,0,8,10,0.6009377006322857,0.6009376,6204385279.999994,6,64,37500000.0,15000000.0,20000.0,50000.0,20,RMS,POW,LIN,0.7499839100000001,0.00077587869,0.0005818965336118779,31524000.0,-52.00463486
2026-10-07T10:24:06,,2400000000.0,5000000000.0,0,8,10,0.6009377006322857,0.6009376,6204385279.999994,6,64,37500000.0,15000000.0,20000.0,50000.0,20,RMS,POW,LIN,0.7499839100000001,0.00077587869,0.0005818965336118779,31528000.0,-51.86631012
2026-10-07T10:24:06,,2400000000.0,5000000000.0,0,8,10,0.6009377006322857,0.6009376,6204385279.999994,6,64,37500000.0,15000000.0,20000.0,50000.0,20,RMS,POW,LIN,0.7499839100000001,0.00077587869,0.0005818965336118779,31532000.0,-51.88422775
2026-10-07T10:24:06,,2400000000.0,5000000000.0,0,8,10,0.6009377006322857,0.6009376,6204385279.999994,6,64,37500000.0,15000000.0,20000.0,50000.0,20,RMS,POW,LIN,0.7499839100000001,0.00077587869,0.0005818965336118779,31536000.0,-52.10118484
2026-10-07T10:24:06,,2400000000.0,5000000000.0,0,8,10,0.6009377006322857,0.6009376,6204385279.999994,6,64,37500000.0,15000000.0,20000.0,50000.0,20,RMS,POW,LIN,0.7499839100000001,0.00077587869,0.0005818965336118779,31540000.0,-52.45835876
2026-10-07T10:24:06,,2400000000.0,5000000000.0,0,8,10,0.6009377006322857,0.6009376,6204385279.999994,6,64,37500000.0,15000000.0,20000.0,50000.0,20,RMS,POW,LIN,0.7499839100000001,0.00077587869,0.0005818965336118779,31544000.0,-52.79180145
2026-10-07T10:24:06,,2400000000.0,5000000000.0,0,8,10,0.6009377006322857,0.6009376,6204385279.999994,6,64,37500000.0,15000000.0,20000.0,50000.0,20,RMS,POW,LIN,0.7499839100000001,0.00077587869,0.0005818965336118779,31548000.0,-52.92808533
2026-10-07T10:24:06,,2400000000.0,5000000000.0,0,8,10,0.6009377006322857,0.6009376,6204385279.999994,6,64,37500000.0,15000000.0,20000.0,50000.0,20,RMS,POW,LIN,0.7499839100000001,0.00077587869,0.0005818965336118779,31552000.0,-52.82462692
2026-10-07T10:24:06,,2400000000.0,5000000000.0,0,8,10,0.6009377006322857,0.6009376,6204385279.999994,6,64,37500000.0,15000000.0,20000.0,50000.0,20,RMS,POW,LIN,0.7499839100000001,0.00077587869,0.0005818965336118779,31556000.0,-52.57445908
2026-10-07T10:24:06,,2400000000.0,5000000000.0,0,8,10,0.6009377006322857,0.6009376,6204385279.999994,6,64,37500000.0,15000000.0,20000.0,50000.0,20,RMS,POW,LIN,0.7499839100000001,0.00077587869,0.0005818965336118779,31560000.0,-52.28500366
2026-10-07T10:24:06,,2400000000.0,5000000000.0,0,8,10,0.6009377006322857,0.6009376,6204385279.999994,6,64,37500000.0,15000000.0,20000.0,50000.0,20,RMS,POW,LIN,0.7499839100000001,0.00077587869,0.0005818965336118779,31564000.0,-52.02507019
2026-10-07T10:24:06,,2400000000.0,5000000000.0,0,8,10,0.6009377006322857,0.6009376,6204385279.999994,6,64,37500000.0,15000000.0,20000.0,50000.0,20,RMS,POW,LIN,0.7499839100000001,0.00077587869,0.0005818965336118779,31568000.0,-51.86238098
2026-10-07T10:24:06,,2400000000.0,5000000000.0,0,8,10,0.6009377006322857,0.6009376,6204385279.999994,6,64,37500000.0,15000000.0,20000.0,50000.0,20,RMS,POW,LIN,0.7499839100000001,0.00077587869,0.0005818965336118779,31572000.0,-51.88685226
2026-10-07T10:24:06,,2400000000.0,5000000000.0,0,8,10,0.6009377006322857,0.6009376,6204385279.999994,6,64,37500000.0,15000000.0,20000.0,50000.0,20,RMS,POW,LIN,0.7499839100000001,0.00077587869,0.0005818965336118779,31576000.0,-52.17974854
2026-10-07T10:24:06,,2400000000.0,5000000000.0,0,8,10,0.6009377006322857,0.6009376,6204385279.999994,6,64,37500000.0,15000000.0,20000.0,50000.0,20,RMS,POW,LIN,0.7499839100000001,0.00077587869,0.0005818965336118779,31580000.0,-52.76218033
2026-10-07T10:24:06,,2400000000.0,5000000000.0,0,8,10,0.6009377006322857,0.6009376,6204385279.999994,6,64,37500000.0,15000000.0,20000.0,50000.0,20,RMS,POW,LIN,0.7499839100000001,0.00077587869,0.0005818965336118779,31584000.0,-53.5450592
2026-10-07T10:24:06,,2400000000.0,5000000000.0,0,8,10,0.6009377006322857,0.6009376,6204385279.999994,6,64,37500000.0,15000000.0,20000.0,50000.0,20,RMS,POW,LIN,0.7499839100000001,0.00077587869,0.0005818965336118779,31588000.0,-54.2977829
2026-10-07T10:24:06,,2400000000.0,5000000000.0,0,8,10,0.6009377006322857,0.6009376,6204385279.999994,6,64,37500000.0,15000000.0,20000.0,50000.0,20,RMS,POW,LIN,0.7499839100000001,0.00077587869,0.0005818965336118779,31592000.0,-54.7289772
2026-10-07T10:24:06,,2400000000.0,5000000000.0,0,8,10,0.6009377006322857,0.6009376,6204385279.999994,6,64,37500000.0,15000000.0,20000.0,50000.0,20,RMS,POW,LIN,0.7499839100000001,0.00077587869,0.0005818965336118779,31596000.0,-54.72658157
2026-10-07T10:24:06,,2400000000.0,5000000000.0,0,8,10,0.6009377006322857,0.6009376,6204385279.999994,6,64,37500000.0,15000000.0,20000.0,50000.0,20,RMS,POW,LIN,0.7499839100000001,0.00077587869,0.0005818965336118779,31600000.0,-54.44172668
2026-10-07T10:24:06,,2400000000.0,5000000000.0,0,8,10,0.6009377006322857,0.6009376,6204385279.999994,6,64,37500000.0,15000000.0,20000.0,50000.0,20,RMS,POW,LIN,0.7499839100000001,0.00077587869,0.0005818965336118779,31604000.0,-54.05563354
2026-10-07T10:24:06,,2400000000.0,5000000000.0,0,8,10,0.6009377006322857,0.6009376,6204385279.999994,6,64,37500000.0,15000000.0,20000.0,50000.0,20,RMS,POW,LIN,0.7499839100000001,0.00077587869,0.0005818965336118779,31608000.0,-53.61315155
2026-10-07T10:24:06,,2400000000.0,5000000000.0,0,8,10,0.6009377006322857,0.6009376,6204385279.999994,6,64,37500000.0,15000000.0,20000.0,50000.0,20,RMS,POW,LIN,0.7499839100000001,0.00077587869,0.0005818965336118779,31612000.0,-53.0904274
2026-10-07T10:24:06,,2400000000.0,5000000000.0,0,8,10,0.6009377006322857,0.6009376,6204385279.999994,6,64,37500000.0,15000000.0,20000.0,50000.0,20,RMS,POW,LIN,0.7499839100000001,0.00077587869,0.0005818965336118779,31616000.0,-52.53459549
2026-10-07T10:24:06,,2400000000.0,5000000000.0,0,8,10,0.6009377006322857,0.6009376,6204385279.999994,6,64,37500000.0,15000000.0,20000.0,50000.0,20,RMS,POW,LIN,0.7499839100000001,0.00077587869,0.0005818965336118779,31620000.0,-52.08450699
2026-10-07T10:24:06,,2400000000.0,5000000000.0,0,8,10,0.6009377006322857,0.6009376,6204385279.999994,6,64,37500000.0,15000000.0,20000.0,50000.0,20,RMS,POW,LIN,0.7499839100000001,0.00077587869,0.0005818965336118779,31624000.0,-51.86632538
2026-10-07T10:24:06,,2400000000.0,5000000000.0,0,8,10,0.6009377006322857,0.6009376,6204385279.999994,6,64,37500000.0,15000000.0,20000.0,50000.0,20,RMS,POW,LIN,0.7499839100000001,0.00077587869,0.0005818965336118779,31628000.0,-51.89577103
2026-10-07T10:24:06,,2400000000.0,5000000000.0,0,8,10,0.6009377006322857,0.6009376,6204385279.999994,6,64,37500000.0,15000000.0,20000.0,50000.0,20,RMS,POW,LIN,0.7499839100000001,0.00077587869,0.0005818965336118779,31632000.0,-52.05099106
2026-10-07T10:24:06,,2400000000.0,5000000000.0,0,8,10,0.6009377006322857,0.6009376,6204385279.999994,6,64,37500000.0,15000000.0,20000.0,50000.0,20,RMS,POW,LIN,0.7499839100000001,0.00077587869,0.0005818965336118779,31636000.0,-52.14166641
2026-10-07T10:24:06,,2400000000.0,5000000000.0,0,8,10,0.6009377006322857,0.6009376,6204385279.999994,6,64,37500000.0,15000000.0,20000.0,50000.0,20,RMS,POW,LIN,0.7499839100000001,0.00077587869,0.0005818965336118779,31640000.0,-52.07526398
2026-10-07T10:24:06,,2400000000.0,5000000000.0,0,8,10,0.6009377006322857,0.6009376,6204385279.999994,6,64,37500000.0,15000000.0,20000.0,50000.0,20,RMS,POW,LIN,0.7499839100000001,0.00077587869,0.0005818965336118779,31644000.0,-51.94734192
2026-10-07T10:24:06,,2400000000.0,5000000000.0,0,8,10,0.6009377006322857,0.6009376,6204385279.999994,6,64,37500000.0,15000000.0,20000.0,50000.0,20,RMS,POW,LIN,0.7499839100000001,0.00077587869,0.0005818965336118779,31648000.0,-51.9211998
2026-10-07T10:24:06,,2400000000.0,5000000000.0,0,8,10,0.6009377006322857,0.6009376,6204385279.999994,6,64,37500000.0,15000000.0,20000.0,50000.0,20,RMS,POW,LIN,0.7499839100000001,0.00077587869,0.0005818965336118779,31652000.0,-52.07051468
2026-10-07T10:24:06,,2400000000.0,5000000000.0,0,8,10,0.6009377006322857,0.6009376,6204385279.999994,6,64,37500000.0,15000000.0,20000.0,50000.0,20,RMS,POW,LIN,0.7499839100000001,0.00077587869,0.0005818965336118779,31656000.0,-52.32610321
2026-10-07T10:24:06,,2400000000.0,5000000000.0,0,8,10,0.6009377006322857,0.6009376,6204385279.999994,6,64,37500000.0,15000000.0,20000.0,50000.0,20,RMS,POW,LIN,0.7499839100000001,0.00077587869,0.0005818965336118779,31660000.0,-52.5103035
2026-10-07T10:24:06,,2400000000.0,5000000000.0,0,8,10,0.6009377006322857,0.6009376,6204385279.999994,6,64,37500000.0,15000000.0,20000.0,50000.0,20,RMS,POW,LIN,0.7499839100000001,0.00077587869,0.0005818965336118779,31664000.0,-52.45733261
2026-10-07T10:24:06,,2400000000.0,5000000000.0,0,8,10,0.6009377006322857,0.6009376,6204385279.999994,6,64,37500000.0,15000000.0,20000.0,50000.0,20,RMS,POW,LIN,0.7499839100000001,0.00077587869,0.0005818965336118779,31668000.0,-52.16954422
2026-10-07T10:24:06,,2400000000.0,5000000000.0,0,8,10,0.6009377006322857,0.6009376,6204385279.999994,6,64,37500000.0,15000000.0,20000.0,50000.0,20,RMS,POW,LIN,0.7499839100000001,0.00077587869,0.0005818965336118779,31672000.0,-51.82884979
2026-10-07T10:24:06,,2400000000.0,5000000000.0,0,8,10,0.6009377006322857,0.6009376,6204385279.999994,6,64,37500000.0,15000000.0,20000.0,50000.0,20,RMS,POW,LIN,0.7499839100000001,0.00077587869,0.0005818965336118779,31676000.0,-51.64242935
2026-10-07T10:24:06,,2400000000.0,5000000000.0,0,8,10,0.6009377006322857,0.6009376,6204385279.999994,6,64,37500000.0,15000000.0,20000.0,50000.0,20,RMS,POW,LIN,0.7499839100000001,0.00077587869,0.0005818965336118779,31680000.0,-51.71053696
2026-10-07T10:24:06,,2400000000.0,5000000000.0,0,8,10,0.6009377006322857,0.6009376,6204385279.999994,6,64,37500000.0,15000000.0,20000.0,50000.0,20,RMS,POW,LIN,0.7499839100000001,0.00077587869,0.0005818965336118779,31684000.0,-51.98922729
2026-10-07T10:24:06,,2400000000.0,5000000000.0,0,8,10,0.6009377006322857,0.6009376,6204385279.999994,6,64,37500000.0,15000000.0,20000.0,50000.0,20,RMS,POW,LIN,0.7499839100000001,0.00077587869,0.0005818965336118779,31688000.0,-52.32699203
2026-10-07T10:24:06,,2400000000.0,5000000000.0,0,8,10,0.6009377006322857,0.6009376,6204385279.999994,6,64,37500000.0,15000000.0,20000.0,50000.0,20,RMS,POW,LIN,0.7499839100000001,0.00077587869,0.0005818965336118779,31692000.0,-52.56888199
2026-10-07T10:24:06,,2400000000.0,5000000000.0,0,8,10,0.6009377006322857,0.6009376,6204385279.999994,6,64,37500000.0,15000000.0,20000.0,50000.0,20,RMS,POW,LIN,0.7499839100000001,0.00077587869,0.0005818965336118779,31696000.0,-52.64925766
2026-10-07T10:24:06,,2400000000.0,5000000000.0,0,8,10,0.6009377006322857,0.6009376,6204385279.999994,6,64,37500000.0,15000000.0,20000.0,50000.0,20,RMS,POW,LIN,0.7499839100000001,0.00077587869,0.0005818965336118779,31700000.0,-52.567379
2026-10-07T10:24:06,,2400000000.0,5000000000.0,0,8,10,0.6009377006322857,0.6009376,6204385279.999994,6,64,37500000.0,15000000.0,20000.0,50000.0,20,RMS,POW,LIN,0.7499839100000001,0.00077587869,0.0005818965336118779,31704000.0,-52.34295273
2026-10-07T10:24:06,,2400000000.0,5000000000.0,0,8,10,0.6009377006322857,0.6009376,6204385279.999994,6,64,37500000.0,15000000.0,20000.0,50000.0,20,RMS,POW,LIN,0.7499839100000001,0.00077587869,0.0005818965336118779,31708000.0,-52.05863953
2026-10-07T10:24:06,,2400000000.0,5000000000.0,0,8,10,0.6009377006322857,0.6009376,6204385279.999994,6,64,37500000.0,15000000.0,20000.0,50000.0,20,RMS,POW,LIN,0.7499839100000001,0.00077587869,0.0005818965336118779,31712000.0,-51.86432648
2026-10-07T10:24:06,,2400000000.0,5000000000.0,0,8,10,0.6009377006322857,0.6009376,6204385279.999994,6,64,37500000.0,15000000.0,20000.0,50000.0,20,RMS,POW,LIN,0.7499839100000001,0.00077587869,0.0005818965336118779,31716000.0,-51.8743248
2026-10-07T10:24:06,,2400000000.0,5000000000.0,0,8,10,0.6009377006322857,0.6009376,6204385279.999994,6,64,37500000.0,15000000.0,20000.0,50000.0,20,RMS,POW,LIN,0.7499839100000001,0.00077587869,0.0005818965336118779,31720000.0,-52.07459641
2026-10-07T10:24:06,,2400000000.0,5000000000.0,0,8,10,0.6009377006322857,0.6009376,6204385279.999994,6,64,37500000.0,15000000.0,20000.0,50000.0,20,RMS,POW,LIN,0.7499839100000001,0.00077587869,0.0005818965336118779,31724000.0,-52.3243866
2026-10-07T10:24:06,,2400000000.0,5000000000.0,0,8,10,0.6009377006322857,0.6009376,6204385279.999994,6,64,37500000.0,15000000.0,20000.0,50000.0,20,RMS,POW,LIN,0.7499839100000001,0.00077587869,0.0005818965336118779,31728000.0,-52.46661758
2026-10-07T10:24:06,,2400000000.0,5000000000.0,0,8,10,0.6009377006322857,0.6009376,6204385279.999994,6,64,37500000.0,15000000.0,20000.0,50000.0,20,RMS,POW,LIN,0.7499839100000001,0.00077587869,0.0005818965336118779,31732000.0,-52.46721649
2026-10-07T10:24:06,,2400000000.0,5000000000.0,0,8,10,0.6009377006322857,0.6009376,6204385279.999994,6,64,37500000.0,15000000.0,20000.0,50000.0,20,RMS,POW,LIN,0.7499839100000001,0.00077587869,0.0005818965336118779,31736000.0,-52.41355896
2026-10-07T10:24:06,,2400000000.0,5000000000.0,0,8,10,0.6009377006322857,0.6009376,6204385279.999994,6,64,37500000.0,15000000.0,20000.0,50000.0,20,RMS,POW,LIN,0.7499839100000001,0.00077587869,0.0005818965336118779,31740000.0,-52.39057922
2026-10-07T10:24:06,,2400000000.0,5000000000.0,0,8,10,0.6009377006322857,0.6009376,6204385279.999994,6,64,37500000.0,15000000.0,20000.0,50000.0,20,RMS,POW,LIN,0.7499839100000001,0.00077587869,0.0005818965336118779,31744000.0,-52.41186142
2026-10-07T10:24:06,,2400000000.0,5000000000.0,0,8,10,0.6009377006322857,0.6009376,6204385279.999994,6,64,37500000.0,15000000.0,20000.0,50000.0,20,RMS,POW,LIN,0.7499839100000001,0.00077587869,0.0005818965336118779,31748000.0,-52.44128418
2026-10-07T10:24:06,,2400000000.0,5000000000.0,0,8,10,0.6009377006322857,0.6009376,6204385279.999994,6,64,37500000.0,15000000.0,20000.0,50000.0,20,RMS,POW,LIN,0.7499839100000001,0.00077587869,0.0005818965336118779,31752000.0,-52.42646027
2026-10-07T10:24:06,,2400000000.0,5000000000.0,0,8,10,0.6009377006322857,0.6009376,6204385279.999994,6,64,37500000.0,15000000.0,20000.0,50000.0,20,RMS,POW,LIN,0.7499839100000001,0.00077587869,0.0005818965336118779,31756000.0,-52.30835724
2026-10-07T10:24:06,,2400000000.0,5000000000.0,0,8,10,0.6009377006322857,0.6009376,6204385279.999994,6,64,37500000.0,15000000.0,20000.0,50000.0,20,RMS,POW,LIN,0.7499839100000001,0.00077587869,0.0005818965336118779,31760000.0,-52.05428314
2026-10-07T10:24:06,,2400000000.0,5000000000.0,0,8,10,0.6009377006322857,0.6009376,6204385279.999994,6,64,37500000.0,15000000.0,20000.0,50000.0,20,RMS,POW,LIN,0.7499839100000001,0.00077587869,0.0005818965336118779,31764000.0,-51.71741867
2026-10-07T10:24:06,,2400000000.0,5000000000.0,0,8,10,0.6009377006322857,0.6009376,6204385279.999994,6,64,37500000.0,15000000.0,20000.0,50000.0,20,RMS,POW,LIN,0.7499839100000001,0.00077587869,0.0005818965336118779,31768000.0,-51.42597961
2026-10-07T10:24:06,,2400000000.0,5000000000.0,0,8,10,0.6009377006322857,0.6009376,6204385279.999994,6,64,37500000.0,15000000.0,20000.0,50000.0,20,RMS,POW,LIN,0.7499839100000001,0.00077587869,0.0005818965336118779,31772000.0,-51.29410553
2026-10-07T10:24:06,,2400000000.0,5000000000.0,0,8,10,0.6009377006322857,0.6009376,6204385279.999994,6,64,37500000.0,15000000.0,20000.0,50000.0,20,RMS,POW,LIN,0.7499839100000001,0.00077587869,0.0005818965336118779,31776000.0,-51.35905457
2026-10-07T10:24:06,,2400000000.0,5000000000.0,0,8,10,0.6009377006322857,0.6009376,6204385279.999994,6,64,37500000.0,15000000.0,20000.0,50000.0,20,RMS,POW,LIN,0.7499839100000001,0.00077587869,0.0005818965336118779,31780000.0,-51.57910919
2026-10-07T10:24:06,,2400000000.0,5000000000.0,0,8,10,0.6009377006322857,0.6009376,6204385279.999994,6,64,37500000.0,15000000.0,20000.0,50000.0,20,RMS,POW,LIN,0.7499839100000001,0.00077587869,0.0005818965336118779,31784000.0,-51.85196304
2026-10-07T10:24:06,,2400000000.0,5000000000.0,0,8,10,0.6009377006322857,0.6009376,6204385279.999994,6,64,37500000.0,15000000.0,20000.0,50000.0,20,RMS,POW,LIN,0.7499839100000001,0.00077587869,0.0005818965336118779,31788000.0,-52.03689957
2026-10-07T10:24:06,,2400000000.0,5000000000.0,0,8,10,0.6009377006322857,0.6009376,6204385279.999994,6,64,37500000.0,15000000.0,20000.0,50000.0,20,RMS,POW,LIN,0.7499839100000001,0.00077587869,0.0005818965336118779,31792000.0,-52.02349854
2026-10-07T10:24:06,,2400000000.0,5000000000.0,0,8,10,0.6009377006322857,0.6009376,6204385279.999994,6,64,37500000.0,15000000.0,20000.0,50000.0,20,RMS,POW,LIN,0.7499839100000001,0.00077587869,0.0005818965336118779,31796000.0,-51.83717728
2026-10-07T10:24:06,,2400000000.0,5000000000.0,0,8,10,0.6009377006322857,0.6009376,6204385279.999994,6,64,37500000.0,15000000.0,20000.0,50000.0,20,RMS,POW,LIN,0.7499839100000001,0.00077587869,0.0005818965336118779,31800000.0,-51.63728333
2026-10-07T10:24:06,,2400000000.0,5000000000.0,0,8,10,0.6009377006322857,0.6009376,6204385279.999994,6,64,37500000.0,15000000.0,20000.0,50000.0,20,RMS,POW,LIN,0.7499839100000001,0.00077587869,0.0005818965336118779,31804000.0,-51.58734894
2026-10-07T10:24:06,,2400000000.0,5000000000.0,0,8,10,0.6009377006322857,0.6009376,6204385279.999994,6,64,37500000.0,15000000.0,20000.0,50000.0,20,RMS,POW,LIN,0.7499839100000001,0.00077587869,0.0005818965336118779,31808000.0,-51.75775528
2026-10-07T10:24:06,,2400000000.0,5000000000.0,0,8,10,0.6009377006322857,0.6009376,6204385279.999994,6,64,37500000.0,15000000.0,20000.0,50000.0,20,RMS,POW,LIN,0.7499839100000001,0.00077587869,0.0005818965336118779,31812000.0,-52.11709976
2026-10-07T10:24:06,,2400000000.0,5000000000.0,0,8,10,0.6009377006322857,0.6009376,6204385279.999994,6,64,37500000.0,15000000.0,20000.0,50000.0,20,RMS,POW,LIN,0.7499839100000001,0.00077587869,0.0005818965336118779,31816000.0,-52.56241989
2026-10-07T10:24:06,,2400000000.0,5000000000.0,0,8,10,0.6009377006322857,0.6009376,6204385279.999994,6,64,37500000.0,15000000.0,20000.0,50000.0,20,RMS,POW,LIN,0.7499839100000001,0.00077587869,0.0005818965336118779,31820000.0,-52.95477295
2026-10-07T10:24:06,,2400000000.0,5000000000.0,0,8,10,0.6009377006322857,0.6009376,6204385279.999994,6,64,37500000.0,15000000.0,20000.0,50000.0,20,RMS,POW,LIN,0.7499839100000001,0.00077587869,0.0005818965336118779,31824000.0,-53.16720963
2026-10-07T10:24:06,,2400000000.0,5000000000.0,0,8,10,0.6009377006322857,0.6009376,6204385279.999994,6,64,37500000.0,15000000.0,20000.0,50000.0,20,RMS,POW,LIN,0.7499839100000001,0.00077587869,0.0005818965336118779,31828000.0,-53.15056229
2026-10-07T10:24:06,,2400000000.0,5000000000.0,0,8,10,0.6009377006322857,0.6009376,6204385279.999994,6,64,37500000.0,15000000.0,20000.0,50000.0,20,RMS,POW,LIN,0.7499839100000001,0.00077587869,0.0005818965336118779,31832000.0,-52.96164703
2026-10-07T10:24:06,,2400000000.0,5000000000.0,0,8,10,0.6009377006322857,0.6009376,6204385279.999994,6,64,37500000.0,15000000.0,20000.0,50000.0,20,RMS,POW,LIN,0.7499839100000001,0.00077587869,0.0005818965336118779,31836000.0,-52.71040344
2026-10-07T10:24:06,,2400000000.0,5000000000.0,0,8,10,0.6009377006322857,0.6009376,6204385279.999994,6,64,37500000.0,15000000.0,20000.0,50000.0,20,RMS,POW,LIN,0.7499839100000001,0.00077587869,0.0005818965336118779,31840000.0,-52.48840714
2026-10-07T10:24:06,,2400000000.0,5000000000.0,0,8,10,0.6009377006322857,0.6009376,6204385279.999994,6,64,37500000.0,15000000.0,20000.0,50000.0,20,RMS,POW,LIN,0.7499839100000001,0.00077587869,0.0005818965336118779,31844000.0,-52.33676529
2026-10-07T10:24:06,,2400000000.0,5000000000.0,0,8,10,0.6009377006322857,0.6009376,6204385279.999994,6,64,37500000.0,15000000.0,20000.0,50000.0,20,RMS,POW,LIN,0.7499839100000001,0.00077587869,0.0005818965336118779,31848000.0,-52.24287415
2026-10-07T10:24:06,,2400000000.0,5000000000.0,0,8,10,0.6009377006322857,0.6009376,6204385279.999994,6,64,37500000.0,15000000.0,20000.0,50000.0,20,RMS,POW,LIN,0.7499839100000001,0.00077587869,0.0005818965336118779,31852000.0,-52.15633392
2026-10-07T10:24:06,,2400000000.0,5000000000.0,0,8,10,0.6009377006322857,0.6009376,6204385279.999994,6,64,37500000.0,15000000.0,20000.0,50000.0,20,RMS,POW,LIN,0.7499839100000001,0.00077587869,0.0005818965336118779,31856000.0,-52.02895737
2026-10-07T10:24:06,,2400000000.0,5000000000.0,0,8,10,0.6009377006322857,0.6009376,6204385279.999994,6,64,37500000.0,15000000.0,20000.0,50000.0,20,RMS,POW,LIN,0.7499839100000001,0.00077587869,0.0005818965336118779,31860000.0,-51.84680557
2026-10-07T10:24:06,,2400000000.0,5000000000.0,0,8,10,0.6009377006322857,0.6009376,6204385279.999994,6,64,37500000.0,15000000.0,20000.0,50000.0,20,RMS,POW,LIN,0.7499839100000001,0.00077587869,0.0005818965336118779,31864000.0,-51.61164856
2026-10-07T10:24:06,,2400000000.0,5000000000.0,0,8,10,0.6009377006322857,0.6009376,6204385279.999994,6,64,37500000.0,15000000.0,20000.0,50000.0,20,RMS,POW,LIN,0.7499839100000001,0.00077587869,0.0005818965336118779,31868000.0,-51.30661774
2026-10-07T10:24:06,,2400000000.0,5000000000.0,0,8,10,0.6009377006322857,0.6009376,6204385279.999994,6,64,37500000.0,15000000.0,20000.0,50000.0,20,RMS,POW,LIN,0.7499839100000001,0.00077587869,0.0005818965336118779,31872000.0,-50.91524887
2026-10-07T10:24:06,,2400000000.0,5000000000.0,0,8,10,0.6009377006322857,0.6009376,6204385279.999994,6,64,37500000.0,15000000.0,20000.0,50000.0,20,RMS,POW,LIN,0.7499839100000001,0.00077587869,0.0005818965336118779,31876000.0,-50.47688293
2026-10-07T10:24:06,,2400000000.0,5000000000.0,0,8,10,0.6009377006322857,0.6009376,6204385279.999994,6,64,37500000.0,15000000.0,20000.0,50000.0,20,RMS,POW,LIN,0.7499839100000001,0.00077587869,0.0005818965336118779,31880000.0,-50.09571838
2026-10-07T10:24:06,,2400000000.0,5000000000.0,0,8,10,0.6009377006322857,0.6009376,6204385279.999994,6,64,37500000.0,15000000.0,20000.0,50000.0,20,RMS,POW,LIN,0.7499839100000001,0.00077587869,0.0005818965336118779,31884000.0,-49.89146042
2026-10-07T10:24:06,,2400000000.0,5000000000.0,0,8,10,0.6009377006322857,0.6009376,6204385279.999994,6,64,37500000.0,15000000.0,20000.0,50000.0,20,RMS,POW,LIN,0.7499839100000001,0.00077587869,0.0005818965336118779,31888000.0,-49.94765472
2026-10-07T10:24:06,,2400000000.0,5000000000.0,0,8,10,0.6009377006322857,0.6009376,6204385279.999994,6,64,37500000.0,15000000.0,20000.0,50000.0,20,RMS,POW,LIN,0.7499839100000001,0.00077587869,0.0005818965336118779,31892000.0,-50.27293396
2026-10-07T10:24:06,,2400000000.0,5000000000.0,0,8,10,0.6009377006322857,0.6009376,6204385279.999994,6,64,37500000.0,15000000.0,20000.0,50000.0,20,RMS,POW,LIN,0.7499839100000001,0.00077587869,0.0005818965336118779,31896000.0,-50.75260925
2026-10-07T10:24:06,,2400000000.0,5000000000.0,0,8,10,0.6009377006322857,0.6009376,6204385279.999994,6,64,37500000.0,15000000.0,20000.0,50000.0,20,RMS,POW,LIN,0.7499839100000001,0.00077587869,0.0005818965336118779,31900000.0,-51.1267395
2026-10-07T10:24:06,,2400000000.0,5000000000.0,0,8,10,0.6009377006322857,0.6009376,6204385279.999994,6,64,37500000.0,15000000.0,20000.0,50000.0,20,RMS,POW,LIN,0.7499839100000001,0.00077587869,0.0005818965336118779,31904000.0,-51.14161301
2026-10-07T10:24:06,,2400000000.0,5000000000.0,0,8,10,0.6009377006322857,0.6009376,6204385279.999994,6,64,37500000.0,15000000.0,20000.0,50000.0,20,RMS,POW,LIN,0.7499839100000001,0.00077587869,0.0005818965336118779,31908000.0,-50.81752396
2026-10-07T10:24:06,,2400000000.0,5000000000.0,0,8,10,0.6009377006322857,0.6009376,6204385279.999994,6,64,37500000.0,15000000.0,20000.0,50000.0,20,RMS,POW,LIN,0.7499839100000001,0.00077587869,0.0005818965336118779,31912000.0,-50.39370728
2026-10-07T10:24:06,,2400000000.0,5000000000.0,0,8,10,0.6009377006322857,0.6009376,6204385279.999994,6,64,37500000.0,15000000.0,20000.0,50000.0,20,RMS,POW,LIN,0.7499839100000001,0.00077587869,0.0005818965336118779,31916000.0,-50.04517365
2026-10-07T10:24:06,,2400000000.0,5000000000.0,0,8,10,0.6009377006322857,0.6009376,6204385279.999994,6,64,37500000.0,15000000.0,20000.0,50000.0,20,RMS,POW,LIN,0.7499839100000001,0.00077587869,0.0005818965336118779,31920000.0,-49.80836487
2026-10-07T10:24:06,,2400000000.0,5000000000.0,0,8,10,0.6009377006322857,0.6009376,6204385279.999994,6,64,37500000.0,15000000.0,20000.0,50000.0,20,RMS,POW,LIN,0.7499839100000001,0.00077587869,0.0005818965336118779,31924000.0,-49.67831039
2026-10-07T10:24:06,,2400000000.0,5000000000.0,0,8,10,0.6009377006322857,0.6009376,6204385279.999994,6,64,37500000.0,15000000.0,20000.0,50000.0,20,RMS,POW,LIN,0.7499839100000001,0.00077587869,0.0005818965336118779,31928000.0,-49.67050171
2026-10-07T10:24:06,,2400000000.0,5000000000.0,0,8,10,0.6009377006322857,0.6009376,6204385279.999994,6,64,37500000.0,15000000.0,20000.0,50000.0,20,RMS,POW,LIN,0.7499839100000001,0.00077587869,0.0005818965336118779,31932000.0,-49.77550888
2026-10-07T10:24:06,,2400000000.0,5000000000.0,0,8,10,0.6009377006322857,0.6009376,6204385279.999994,6,64,37500000.0,15000000.0,20000.0,50000.0,20,RMS,POW,LIN,0.7499839100000001,0.00077587869,0.0005818965336118779,31936000.0,-49.89517212
2026-10-07T10:24:06,,2400000000.0,5000000000.0,0,8,10,0.6009377006322857,0.6009376,6204385279.999994,6,64,37500000.0,15000000.0,20000.0,50000.0,20,RMS,POW,LIN,0.7499839100000001,0.00077587869,0.0005818965336118779,31940000.0,-49.89135361
2026-10-07T10:24:06,,2400000000.0,5000000000.0,0,8,10,0.6009377006322857,0.6009376,6204385279.999994,6,64,37500000.0,15000000.0,20000.0,50000.0,20,RMS,POW,LIN,0.7499839100000001,0.00077587869,0.0005818965336118779,31944000.0,-49.74121094
2026-10-07T10:24:06,,2400000000.0,5000000000.0,0,8,10,0.6009377006322857,0.6009376,6204385279.999994,6,64,37500000.0,15000000.0,20000.0,50000.0,20,RMS,POW,LIN,0.7499839100000001,0.00077587869,0.0005818965336118779,31948000.0,-49.58460236
2026-10-07T10:24:06,,2400000000.0,5000000000.0,0,8,10,0.6009377006322857,0.6009376,6204385279.999994,6,64,37500000.0,15000000.0,20000.0,50000.0,20,RMS,POW,LIN,0.7499839100000001,0.00077587869,0.0005818965336118779,31952000.0,-49.58983612
2026-10-07T10:24:06,,2400000000.0,5000000000.0,0,8,10,0.6009377006322857,0.6009376,6204385279.999994,6,64,37500000.0,15000000.0,20000.0,50000.0,20,RMS,POW,LIN,0.7499839100000001,0.00077587869,0.0005818965336118779,31956000.0,-49.83624649
2026-10-07T10:24:06,,2400000000.0,5000000000.0,0,8,10,0.6009377006322857,0.6009376,6204385279.999994,6,64,37500000.0,15000000.0,20000.0,50000.0,20,RMS,POW,LIN,0.7499839100000001,0.00077587869,0.0005818965336118779,31960000.0,-50.30038834
2026-10-07T10:24:06,,2400000000.0,5000000000.0,0,8,10,0.6009377006322857,0.6009376,6204385279.999994,6,64,37500000.0,15000000.0,20000.0,50000.0,20,RMS,POW,LIN,0.7499839100000001,0.00077587869,0.0005818965336118779,31964000.0,-50.89309692
2026-10-07T10:24:06,,2400000000.0,5000000000.0,0,8,10,0.6009377006322857,0.6009376,6204385279.999994,6,64,37500000.0,15000000.0,20000.0,50000.0,20,RMS,POW,LIN,0.7499839100000001,0.00077587869,0.0005818965336118779,31968000.0,-51.50350189
2026-10-07T10:24:06,,2400000000.0,5000000000.0,0,8,10,0.6009377006322857,0.6009376,6204385279.999994,6,64,37500000.0,15000000.0,20000.0,50000.0,20,RMS,POW,LIN,0.7499839100000001,0.00077587869,0.0005818965336118779,31972000.0,-51.96902084
2026-10-07T10:24:06,,2400000000.0,5000000000.0,0,8,10,0.6009377006322857,0.6009376,6204385279.999994,6,64,37500000.0,15000000.0,20000.0,50000.0,20,RMS,POW,LIN,0.7499839100000001,0.00077587869,0.0005818965336118779,31976000.0,-51.8390274
2026-10-07T10:24:06,,2400000000.0,5000000000.0,0,8,10,0.6009377006322857,0.6009376,6204385279.999994,6,64,37500000.0,15000000.0,20000.0,50000.0,20,RMS,POW,LIN,0.7499839100000001,0.00077587869,0.0005818965336118779,31980000.0,-50.45383835
2026-10-07T10:24:06,,2400000000.0,5000000000.0,0,8,10,0.6009377006322857,0.6009376,6204385279.999994,6,64,37500000.0,15000000.0,20000.0,50000.0,20,RMS,POW,LIN,0.7499839100000001,0.00077587869,0.0005818965336118779,31984000.0,-48.10079956
2026-10-07T10:24:06,,2400000000.0,5000000000.0,0,8,10,0.6009377006322857,0.6009376,6204385279.999994,6,64,37500000.0,15000000.0,20000.0,50000.0,20,RMS,POW,LIN,0.7499839100000001,0.00077587869,0.0005818965336118779,31988000.0,-45.80548859
2026-10-07T10:24:06,,2400000000.0,5000000000.0,0,8,10,0.6009377006322857,0.6009376,6204385279.999994,6,64,37500000.0,15000000.0,20000.0,50000.0,20,RMS,POW,LIN,0.7499839100000001,0.00077587869,0.0005818965336118779,31992000.0,-44.1720314
2026-10-07T10:24:06,,2400000000.0,5000000000.0,0,8,10,0.6009377006322857,0.6009376,6204385279.999994,6,64,37500000.0,15000000.0,20000.0,50000.0,20,RMS,POW,LIN,0.7499839100000001,0.00077587869,0.0005818965336118779,31996000.0,-43.39170074
2026-10-07T10:24:06,,2400000000.0,5000000000.0,0,8,10,0.6009377006322857,0.6009376,6204385279.999994,6,64,37500000.0,15000000.0,20000.0,50000.0,20,RMS,POW,LIN,0.7499839100000001,0.00077587869,0.0005818965336118779,32000000.0,-43.50541687
2026-10-07T10:24:06,,2400000000.0,5000000000.0,0,8,10,0.6009377006322857,0.6009376,6204385279.999994,6,64,37500000.0,15000000.0,20000.0,50000.0,20,RMS,POW,LIN,0.7499839100000001,0.00077587869,0.0005818965336118779,32004000.0,-44.50624084
2026-10-07T10:24:06,,2400000000.0,5000000000.0,0,8,10,0.6009377006322857,0.6009376,6204385279.999994,6,64,37500000.0,15000000.0,20000.0,50000.0,20,RMS,POW,LIN,0.7499839100000001,0.00077587869,0.0005818965336118779,32008000.0,-46.33821106
2026-10-07T10:24:06,,2400000000.0,5000000000.0,0,8,10,0.6009377006322857,0.6009376,6204385279.999994,6,64,37500000.0,15000000.0,20000.0,50000.0,20,RMS,POW,LIN,0.7499839100000001,0.00077587869,0.0005818965336118779,32012000.0,-48.78603363
2026-10-07T10:24:06,,2400000000.0,5000000000.0,0,8,10,0.6009377006322857,0.6009376,6204385279.999994,6,64,37500000.0,15000000.0,20000.0,50000.0,20,RMS,POW,LIN,0.7499839100000001,0.00077587869,0.0005818965336118779,32016000.0,-51.19714355
2026-10-07T10:24:06,,2400000000.0,5000000000.0,0,8,10,0.6009377006322857,0.6009376,6204385279.999994,6,64,37500000.0,15000000.0,20000.0,50000.0,20,RMS,POW,LIN,0.7499839100000001,0.00077587869,0.0005818965336118779,32020000.0,-52.55160141
2026-10-07T10:24:06,,2400000000.0,5000000000.0,0,8,10,0.6009377006322857,0.6009376,6204385279.999994,6,64,37500000.0,15000000.0,20000.0,50000.0,20,RMS,POW,LIN,0.7499839100000001,0.00077587869,0.0005818965336118779,32024000.0,-52.75115204
2026-10-07T10:24:06,,2400000000.0,5000000000.0,0,8,10,0.6009377006322857,0.6009376,6204385279.999994,6,64,37500000.0,15000000.0,20000.0,50000.0,20,RMS,POW,LIN,0.7499839100000001,0.00077587869,0.0005818965336118779,32028000.0,-52.55773163
2026-10-07T10:24:06,,2400000000.0,5000000000.0,0,8,10,0.6009377006322857,0.6009376,6204385279.999994,6,64,37500000.0,15000000.0,20000.0,50000.0,20,RMS,POW,LIN,0.7499839100000001,0.00077587869,0.0005818965336118779,32032000.0,-52.31892395
2026-10-07T10:24:06,,2400000000.0,5000000000.0,0,8,10,0.6009377006322857,0.6009376,6204385279.999994,6,64,37500000.0,15000000.0,20000.0,50000.0,20,RMS,POW,LIN,0.7499839100000001,0.00077587869,0.0005818965336118779,32036000.0,-52.02110672
2026-10-07T10:24:06,,2400000000.0,5000000000.0,0,8,10,0.6009377006322857,0.6009376,6204385279.999994,6,64,37500000.0,15000000.0,20000.0,50000.0,20,RMS,POW,LIN,0.7499839100000001,0.00077587869,0.0005818965336118779,32040000.0,-51.69219208
2026-10-07T10:24:06,,2400000000.0,5000000000.0,0,8,10,0.6009377006322857,0.6009376,6204385279.999994,6,64,37500000.0,15000000.0,20000.0,50000.0,20,RMS,POW,LIN,0.7499839100000001,0.00077587869,0.0005818965336118779,32044000.0,-51.47880554
2026-10-07T10:24:06,,2400000000.0,5000000000.0,0,8,10,0.6009377006322857,0.6009376,6204385279.999994,6,64,37500000.0,15000000.0,20000.0,50000.0,20,RMS,POW,LIN,0.7499839100000001,0.00077587869,0.0005818965336118779,32048000.0,-51.50095749
2026-10-07T10:24:06,,2400000000.0,5000000000.0,0,8,10,0.6009377006322857,0.6009376,6204385279.999994,6,64,37500000.0,15000000.0,20000.0,50000.0,20,RMS,POW,LIN,0.7499839100000001,0.00077587869,0.0005818965336118779,32052000.0,-51.74380493
2026-10-07T10:24:06,,2400000000.0,5000000000.0,0,8,10,0.6009377006322857,0.6009376,6204385279.999994,6,64,37500000.0,15000000.0,20000.0,50000.0,20,RMS,POW,LIN,0.7499839100000001,0.00077587869,0.0005818965336118779,32056000.0,-52.05392075
2026-10-07T10:24:06,,2400000000.0,5000000000.0,0,8,10,0.6009377006322857,0.6009376,6204385279.999994,6,64,37500000.0,15000000.0,20000.0,50000.0,20,RMS,POW,LIN,0.7499839100000001,0.00077587869,0.0005818965336118779,32060000.0,-52.23686981
2026-10-07T10:24:06,,2400000000.0,5000000000.0,0,8,10,0.6009377006322857,0.6009376,6204385279.999994,6,64,37500000.0,15000000.0,20000.0,50000.0,20,RMS,POW,LIN,0.7499839100000001,0.00077587869,0.0005818965336118779,32064000.0,-52.22681046
2026-10-07T10:24:06,,2400000000.0,5000000000.0,0,8,10,0.6009377006322857,0.6009376,6204385279.999994,6,64,37500000.0,15000000.0,20000.0,50000.0,20,RMS,POW,LIN,0.7499839100000001,0.00077587869,0.0005818965336118779,32068000.0,-52.13694763
2026-10-07T10:24:06,,2400000000.0,5000000000.0,0,8,10,0.6009377006322857,0.6009376,6204385279.999994,6,64,37500000.0,15000000.0,20000.0,50000.0,20,RMS,POW,LIN,0.7499839100000001,0.00077587869,0.0005818965336118779,32072000.0,-52.09747314
2026-10-07T10:24:06,,2400000000.0,5000000000.0,0,8,10,0.6009377006322857,0.6009376,6204385279.999994,6,64,37500000.0,15000000.0,20000.0,50000.0,20,RMS,POW,LIN,0.7499839100000001,0.00077587869,0.0005818965336118779,32076000.0,-52.08855438
2026-10-07T10:24:06,,2400000000.0,5000000000.0,0,8,10,0.6009377006322857,0.6009376,6204385279.999994,6,64,37500000.0,15000000.0,20000.0,50000.0,20,RMS,POW,LIN,0.7499839100000001,0.00077587869,0.0005818965336118779,32080000.0,-51.95079803
2026-10-07T10:24:06,,2400000000.0,5000000000.0,0,8,10,0.6009377006322857,0.6009376,6204385279.999994,6,64,37500000.0,15000000.0,20000.0,50000.0,20,RMS,POW,LIN,0.7499839100000001,0.00077587869,0.0005818965336118779,32084000.0,-51.59241867
2026-10-07T10:24:06,,2400000000.0,5000000000.0,0,8,10,0.6009377006322857,0.6009376,6204385279.999994,6,64,37500000.0,15000000.0,20000.0,50000.0,20,RMS,POW,LIN,0.7499839100000001,0.00077587869,0.0005818965336118779,32088000.0,-51.14833832
2026-10-07T10:24:06,,2400000000.0,5000000000.0,0,8,10,0.6009377006322857,0.6009376,6204385279.999994,6,64,37500000.0,15000000.0,20000.0,50000.0,20,RMS,POW,LIN,0.7499839100000001,0.00077587869,0.0005818965336118779,32092000.0,-50.85069275
2026-10-07T10:24:06,,2400000000.0,5000000000.0,0,8,10,0.6009377006322857,0.6009376,6204385279.999994,6,64,37500000.0,15000000.0,20000.0,50000.0,20,RMS,POW,LIN,0.7499839100000001,0.00077587869,0.0005818965336118779,32096000.0,-50.83519363
2026-10-07T10:24:06,,2400000000.0,5000000000.0,0,8,10,0.6009377006322857,0.6009376,6204385279.999994,6,64,37500000.0,15000000.0,20000.0,50000.0,20,RMS,POW,LIN,0.7499839100000001,0.00077587869,0.0005818965336118779,32100000.0,-51.0852356
2026-10-07T10:24:06,,2400000000.0,5000000000.0,0,8,10,0.6009377006322857,0.6009376,6204385279.999994,6,64,37500000.0,15000000.0,20000.0,50000.0,20,RMS,POW,LIN,0.7499839100000001,0.00077587869,0.0005818965336118779,32104000.0,-51.46177673
2026-10-07T10:24:06,,2400000000.0,5000000000.0,0,8,10,0.6009377006322857,0.6009376,6204385279.999994,6,64,37500000.0,15000000.0,20000.0,50000.0,20,RMS,POW,LIN,0.7499839100000001,0.00077587869,0.0005818965336118779,32108000.0,-51.78515625
2026-10-07T10:24:06,,2400000000.0,5000000000.0,0,8,10,0.6009377006322857,0.6009376,6204385279.999994,6,64,37500000.0,15000000.0,20000.0,50000.0,20,RMS,POW,LIN,0.7499839100000001,0.00077587869,0.0005818965336118779,32112000.0,-51.95316315
2026-10-07T10:24:06,,2400000000.0,5000000000.0,0,8,10,0.6009377006322857,0.6009376,6204385279.999994,6,64,37500000.0,15000000.0,20000.0,50000.0,20,RMS,POW,LIN,0.7499839100000001,0.00077587869,0.0005818965336118779,32116000.0,-51.98246002
2026-10-07T10:24:06,,2400000000.0,5000000000.0,0,8,10,0.6009377006322857,0.6009376,6204385279.999994,6,64,37500000.0,15000000.0,20000.0,50000.0,20,RMS,POW,LIN,0.7499839100000001,0.00077587869,0.0005818965336118779,32120000.0,-51.92517471
2026-10-07T10:24:06,,2400000000.0,5000000000.0,0,8,10,0.6009377006322857,0.6009376,6204385279.999994,6,64,37500000.0,15000000.0,20000.0,50000.0,20,RMS,POW,LIN,0.7499839100000001,0.00077587869,0.0005818965336118779,32124000.0,-51.80802536
2026-10-07T10:24:06,,2400000000.0,5000000000.0,0,8,10,0.6009377006322857,0.6009376,6204385279.999994,6,64,37500000.0,15000000.0,20000.0,50000.0,20,RMS,POW,LIN,0.7499839100000001,0.00077587869,0.0005818965336118779,32128000.0,-51.67486191
2026-10-07T10:24:06,,2400000000.0,5000000000.0,0,8,10,0.6009377006322857,0.6009376,6204385279.999994,6,64,37500000.0,15000000.0,20000.0,50000.0,20,RMS,POW,LIN,0.7499839100000001,0.00077587869,0.0005818965336118779,32132000.0,-51.62427902
2026-10-07T10:24:06,,2400000000.0,5000000000.0,0,8,10,0.6009377006322857,0.6009376,6204385279.999994,6,64,37500000.0,15000000.0,20000.0,50000.0,20,RMS,POW,LIN,0.7499839100000001,0.00077587869,0.0005818965336118779,32136000.0,-51.75214767
2026-10-07T10:24:06,,2400000000.0,5000000000.0,0,8,10,0.6009377006322857,0.6009376,6204385279.999994,6,64,37500000.0,15000000.0,20000.0,50000.0,20,RMS,POW,LIN,0.7499839100000001,0.00077587869,0.0005818965336118779,32140000.0,-52.0545311
2026-10-07T10:24:06,,2400000000.0,5000000000.0,0,8,10,0.6009377006322857,0.6009376,6204385279.999994,6,64,37500000.0,15000000.0,20000.0,50000.0,20,RMS,POW,LIN,0.7499839100000001,0.00077587869,0.0005818965336118779,32144000.0,-52.3850708
2026-10-07T10:24:06,,2400000000.0,5000000000.0,0,8,10,0.6009377006322857,0.6009376,6204385279.999994,6,64,37500000.0,15000000.0,20000.0,50000.0,20,RMS,POW,LIN,0.7499839100000001,0.00077587869,0.0005818965336118779,32148000.0,-52.54741287
2026-10-07T10:24:06,,2400000000.0,5000000000.0,0,8,10,0.6009377006322857,0.6009376,6204385279.999994,6,64,37500000.0,15000000.0,20000.0,50000.0,20,RMS,POW,LIN,0.7499839100000001,0.00077587869,0.0005818965336118779,32152000.0,-52.50447464
2026-10-07T10:24:06,,2400000000.0,5000000000.0,0,8,10,0.6009377006322857,0.6009376,6204385279.999994,6,64,37500000.0,15000000.0,20000.0,50000.0,20,RMS,POW,LIN,0.7499839100000001,0.00077587869,0.0005818965336118779,32156000.0,-52.43649292
2026-10-07T10:24:06,,2400000000.0,5000000000.0,0,8,10,0.6009377006322857,0.6009376,6204385279.999994,6,64,37500000.0,15000000.0,20000.0,50000.0,20,RMS,POW,LIN,0.7499839100000001,0.00077587869,0.0005818965336118779,32160000.0,-52.54693604
2026-10-07T10:24:06,,2400000000.0,5000000000.0,0,8,10,0.6009377006322857,0.6009376,6204385279.999994,6,64,37500000.0,15000000.0,20000.0,50000.0,20,RMS,POW,LIN,0.7499839100000001,0.00077587869,0.0005818965336118779,32164000.0,-52.8694191
2026-10-07T10:24:06,,2400000000.0,5000000000.0,0,8,10,0.6009377006322857,0.6009376,6204385279.999994,6,64,37500000.0,15000000.0,20000.0,50000.0,20,RMS,POW,LIN,0.7499839100000001,0.00077587869,0.0005818965336118779,32168000.0,-53.19143677
2026-10-07T10:24:06,,2400000000.0,5000000000.0,0,8,10,0.6009377006322857,0.6009376,6204385279.999994,6,64,37500000.0,15000000.0,20000.0,50000.0,20,RMS,POW,LIN,0.7499839100000001,0.00077587869,0.0005818965336118779,32172000.0,-53.173069
2026-10-07T10:24:06,,2400000000.0,5000000000.0,0,8,10,0.6009377006322857,0.6009376,6204385279.999994,6,64,37500000.0,15000000.0,20000.0,50000.0,20,RMS,POW,LIN,0.7499839100000001,0.00077587869,0.0005818965336118779,32176000.0,-52.72547913
2026-10-07T10:24:06,,2400000000.0,5000000000.0,0,8,10,0.6009377006322857,0.6009376,6204385279.999994,6,64,37500000.0,15000000.0,20000.0,50000.0,20,RMS,POW,LIN,0.7499839100000001,0.00077587869,0.0005818965336118779,32180000.0,-52.12813187
2026-10-07T10:24:06,,2400000000.0,5000000000.0,0,8,10,0.6009377006322857,0.6009376,6204385279.999994,6,64,37500000.0,15000000.0,20000.0,50000.0,20,RMS,POW,LIN,0.7499839100000001,0.00077587869,0.0005818965336118779,32184000.0,-51.678936
2026-10-07T10:24:06,,2400000000.0,5000000000.0,0,8,10,0.6009377006322857,0.6009376,6204385279.999994,6,64,37500000.0,15000000.0,20000.0,50000.0,20,RMS,POW,LIN,0.7499839100000001,0.00077587869,0.0005818965336118779,32188000.0,-51.49185562
2026-10-07T10:24:06,,2400000000.0,5000000000.0,0,8,10,0.6009377006322857,0.6009376,6204385279.999994,6,64,37500000.0,15000000.0,20000.0,50000.0,20,RMS,POW,LIN,0.7499839100000001,0.00077587869,0.0005818965336118779,32192000.0,-51.54461288
2026-10-07T10:24:06,,2400000000.0,5000000000.0,0,8,10,0.6009377006322857,0.6009376,6204385279.999994,6,64,37500000.0,15000000.0,20000.0,50000.0,20,RMS,POW,LIN,0.7499839100000001,0.00077587869,0.0005818965336118779,32196000.0,-51.76158524
2026-10-07T10:24:06,,2400000000.0,5000000000.0,0,8,10,0.6009377006322857,0.6009376,6204385279.999994,6,64,37500000.0,15000000.0,20000.0,50000.0,20,RMS,POW,LIN,0.7499839100000001,0.00077587869,0.0005818965336118779,32200000.0,-52.04660416
2026-10-07T10:24:06,,2400000000.0,5000000000.0,0,8,10,0.6009377006322857,0.6009376,6204385279.999994,6,64,37500000.0,15000000.0,20000.0,50000.0,20,RMS,POW,LIN,0.7499839100000001,0.00077587869,0.0005818965336118779,32204000.0,-52.27824402
2026-10-07T10:24:06,,2400000000.0,5000000000.0,0,8,10,0.6009377006322857,0.6009376,6204385279.999994,6,64,37500000.0,15000000.0,20000.0,50000.0,20,RMS,POW,LIN,0.7499839100000001,0.00077587869,0.0005818965336118779,32208000.0,-52.34143829
2026-10-07T10:24:06,,2400000000.0,5000000000.0,0,8,10,0.6009377006322857,0.6009376,6204385279.999994,6,64,37500000.0,15000000.0,20000.0,50000.0,20,RMS,POW,LIN,0.7499839100000001,0.00077587869,0.0005818965336118779,32212000.0,-52.22188568
2026-10-07T10:24:06,,2400000000.0,5000000000.0,0,8,10,0.6009377006322857,0.6009376,6204385279.999994,6,64,37500000.0,15000000.0,20000.0,50000.0,20,RMS,POW,LIN,0.7499839100000001,0.00077587869,0.0005818965336118779,32216000.0,-52.03142929
2026-10-07T10:24:06,,2400000000.0,5000000000.0,0,8,10,0.6009377006322857,0.6009376,6204385279.999994,6,64,37500000.0,15000000.0,20000.0,50000.0,20,RMS,POW,LIN,0.7499839100000001,0.00077587869,0.0005818965336118779,32220000.0,-51.89821243
2026-10-07T10:24:06,,2400000000.0,5000000000.0,0,8,10,0.6009377006322857,0.6009376,6204385279.999994,6,64,37500000.0,15000000.0,20000.0,50000.0,20,RMS,POW,LIN,0.7499839100000001,0.00077587869,0.0005818965336118779,32224000.0,-51.86968994
2026-10-07T10:24:06,,2400000000.0,5000000000.0,0,8,10,0.6009377006322857,0.6009376,6204385279.999994,6,64,37500000.0,15000000.0,20000.0,50000.0,20,RMS,POW,LIN,0.7499839100000001,0.00077587869,0.0005818965336118779,32228000.0,-51.92692184
2026-10-07T10:24:06,,2400000000.0,5000000000.0,0,8,10,0.6009377006322857,0.6009376,6204385279.999994,6,64,37500000.0,15000000.0,20000.0,50000.0,20,RMS,POW,LIN,0.7499839100000001,0.00077587869,0.0005818965336118779,32232000.0,-52.05529404
2026-10-07T10:24:06,,2400000000.0,5000000000.0,0,8,10,0.6009377006322857,0.6009376,6204385279.999994,6,64,37500000.0,15000000.0,20000.0,50000.0,20,RMS,POW,LIN,0.7499839100000001,0.00077587869,0.0005818965336118779,32236000.0,-52.26698303
2026-10-07T10:24:06,,2400000000.0,5000000000.0,0,8,10,0.6009377006322857,0.6009376,6204385279.999994,6,64,37500000.0,15000000.0,20000.0,50000.0,20,RMS,POW,LIN,0.7499839100000001,0.00077587869,0.0005818965336118779,32240000.0,-52.54280472
2026-10-07T10:24:06,,2400000000.0,5000000000.0,0,8,10,0.6009377006322857,0.6009376,6204385279.999994,6,64,37500000.0,15000000.0,20000.0,50000.0,20,RMS,POW,LIN,0.7499839100000001,0.00077587869,0.0005818965336118779,32244000.0,-52.78759003
2026-10-07T10:24:06,,2400000000.0,5000000000.0,0,8,10,0.6009377006322857,0.6009376,6204385279.999994,6,64,37500000.0,15000000.0,20000.0,50000.0,20,RMS,POW,LIN,0.7499839100000001,0.00077587869,0.0005818965336118779,32248000.0,-52.90542221
2026-10-07T10:24:06,,2400000000.0,5000000000.0,0,8,10,0.6009377006322857,0.6009376,6204385279.999994,6,64,37500000.0,15000000.0,20000.0,50000.0,20,RMS,POW,LIN,0.7499839100000001,0.00077587869,0.0005818965336118779,32252000.0,-52.92779541
2026-10-07T10:24:06,,2400000000.0,5000000000.0,0,8,10,0.6009377006322857,0.6009376,6204385279.999994,6,64,37500000.0,15000000.0,20000.0,50000.0,20,RMS,POW,LIN,0.7499839100000001,0.00077587869,0.0005818965336118779,32256000.0,-52.98928452
2026-10-07T10:24:06,,2400000000.0,5000000000.0,0,8,10,0.6009377006322857,0.6009376,6204385279.999994,6,64,37500000.0,15000000.0,20000.0,50000.0,20,RMS,POW,LIN,0.7499839100000001,0.00077587869,0.0005818965336118779,32260000.0,-53.16516113
2026-10-07T10:24:06,,2400000000.0,5000000000.0,0,8,10,0.6009377006322857,0.6009376,6204385279.999994,6,64,37500000.0,15000000.0,20000.0,50000.0,20,RMS,POW,LIN,0.7499839100000001,0.00077587869,0.0005818965336118779,32264000.0,-53.35770416
2026-10-07T10:24:06,,2400000000.0,5000000000.0,0,8,10,0.6009377006322857,0.6009376,6204385279.999994,6,64,37500000.0,15000000.0,20000.0,50000.0,20,RMS,POW,LIN,0.7499839100000001,0.00077587869,0.0005818965336118779,32268000.0,-53.33500671
2026-10-07T10:24:06,,2400000000.0,5000000000.0,0,8,10,0.6009377006322857,0.6009376,6204385279.999994,6,64,37500000.0,15000000.0,20000.0,50000.0,20,RMS,POW,LIN,0.7499839100000001,0.00077587869,0.0005818965336118779,32272000.0,-52.95840836
2026-10-07T10:24:06,,2400000000.0,5000000000.0,0,8,10,0.6009377006322857,0.6009376,6204385279.999994,6,64,37500000.0,15000000.0,20000.0,50000.0,20,RMS,POW,LIN,0.7499839100000001,0.00077587869,0.0005818965336118779,32276000.0,-52.35832214
2026-10-07T10:24:06,,2400000000.0,5000000000.0,0,8,10,0.6009377006322857,0.6009376,6204385279.999994,6,64,37500000.0,15000000.0,20000.0,50000.0,20,RMS,POW,LIN,0.7499839100000001,0.00077587869,0.0005818965336118779,32280000.0,-51.77622223
2026-10-07T10:24:06,,2400000000.0,5000000000.0,0,8,10,0.6009377006322857,0.6009376,6204385279.999994,6,64,37500000.0,15000000.0,20000.0,50000.0,20,RMS,POW,LIN,0.7499839100000001,0.00077587869,0.0005818965336118779,32284000.0,-51.34746552
2026-10-07T10:24:06,,2400000000.0,5000000000.0,0,8,10,0.6009377006322857,0.6009376,6204385279.999994,6,64,37500000.0,15000000.0,20000.0,50000.0,20,RMS,POW,LIN,0.7499839100000001,0.00077587869,0.0005818965336118779,32288000.0,-51.07793427
2026-10-07T10:24:06,,2400000000.0,5000000000.0,0,8,10,0.6009377006322857,0.6009376,6204385279.999994,6,64,37500000.0,15000000.0,20000.0,50000.0,20,RMS,POW,LIN,0.7499839100000001,0.00077587869,0.0005818965336118779,32292000.0,-50.93487167
2026-10-07T10:24:06,,2400000000.0,5000000000.0,0,8,10,0.6009377006322857,0.6009376,6204385279.999994,6,64,37500000.0,15000000.0,20000.0,50000.0,20,RMS,POW,LIN,0.7499839100000001,0.00077587869,0.0005818965336118779,32296000.0,-50.93107224
2026-10-07T10:24:06,,2400000000.0,5000000000.0,0,8,10,0.6009377006322857,0.6009376,6204385279.999994,6,64,37500000.0,15000000.0,20000.0,50000.0,20,RMS,POW,LIN,0.7499839100000001,0.00077587869,0.0005818965336118779,32300000.0,-51.12871552
2026-10-07T10:24:06,,2400000000.0,5000000000.0,0,8,10,0.6009377006322857,0.6009376,6204385279.999994,6,64,37500000.0,15000000.0,20000.0,50000.0,20,RMS,POW,LIN,0.7499839100000001,0.00077587869,0.0005818965336118779,32304000.0,-51.56648636
2026-10-07T10:24:06,,2400000000.0,5000000000.0,0,8,10,0.6009377006322857,0.6009376,6204385279.999994,6,64,37500000.0,15000000.0,20000.0,50000.0,20,RMS,POW,LIN,0.7499839100000001,0.00077587869,0.0005818965336118779,32308000.0,-52.15843582
2026-10-07T10:24:06,,2400000000.0,5000000000.0,0,8,10,0.6009377006322857,0.6009376,6204385279.999994,6,64,37500000.0,15000000.0,20000.0,50000.0,20,RMS,POW,LIN,0.7499839100000001,0.00077587869,0.0005818965336118779,32312000.0,-52.61560822
2026-10-07T10:24:06,,2400000000.0,5000000000.0,0,8,10,0.6009377006322857,0.6009376,6204385279.999994,6,64,37500000.0,15000000.0,20000.0,50000.0,20,RMS,POW,LIN,0.7499839100000001,0.00077587869,0.0005818965336118779,32316000.0,-52.56337357
2026-10-07T10:24:06,,2400000000.0,5000000000.0,0,8,10,0.6009377006322857,0.6009376,6204385279.999994,6,64,37500000.0,15000000.0,20000.0,50000.0,20,RMS,POW,LIN,0.7499839100000001,0.00077587869,0.0005818965336118779,32320000.0,-51.95181274
2026-10-07T10:24:06,,2400000000.0,5000000000.0,0,8,10,0.6009377006322857,0.6009376,6204385279.999994,6,64,37500000.0,15000000.0,20000.0,50000.0,20,RMS,POW,LIN,0.7499839100000001,0.00077587869,0.0005818965336118779,32324000.0,-51.14516449
2026-10-07T10:24:06,,2400000000.0,5000000000.0,0,8,10,0.6009377006322857,0.6009376,6204385279.999994,6,64,37500000.0,15000000.0,20000.0,50000.0,20,RMS,POW,LIN,0.7499839100000001,0.00077587869,0.0005818965336118779,32328000.0,-50.51615524
2026-10-07T10:24:06,,2400000000.0,5000000000.0,0,8,10,0.6009377006322857,0.6009376,6204385279.999994,6,64,37500000.0,15000000.0,20000.0,50000.0,20,RMS,POW,LIN,0.7499839100000001,0.00077587869,0.0005818965336118779,32332000.0,-50.22842789
2026-10-07T10:24:06,,2400000000.0,5000000000.0,0,8,10,0.6009377006322857,0.6009376,6204385279.999994,6,64,37500000.0,15000000.0,20000.0,50000.0,20,RMS,POW,LIN,0.7499839100000001,0.00077587869,0.0005818965336118779,32336000.0,-50.2556839
2026-10-07T10:24:06,,2400000000.0,5000000000.0,0,8,10,0.6009377006322857,0.6009376,6204385279.999994,6,64,37500000.0,15000000.0,20000.0,50000.0,20,RMS,POW,LIN,0.7499839100000001,0.00077587869,0.0005818965336118779,32340000.0,-50.42568588
2026-10-07T10:24:06,,2400000000.0,5000000000.0,0,8,10,0.6009377006322857,0.6009376,6204385279.999994,6,64,37500000.0,15000000.0,20000.0,50000.0,20,RMS,POW,LIN,0.7499839100000001,0.00077587869,0.0005818965336118779,32344000.0,-50.48937225
2026-10-07T10:24:06,,2400000000.0,5000000000.0,0,8,10,0.6009377006322857,0.6009376,6204385279.999994,6,64,37500000.0,15000000.0,20000.0,50000.0,20,RMS,POW,LIN,0.7499839100000001,0.00077587869,0.0005818965336118779,32348000.0,-50.28128052
2026-10-07T10:24:06,,2400000000.0,5000000000.0,0,8,10,0.6009377006322857,0.6009376,6204385279.999994,6,64,37500000.0,15000000.0,20000.0,50000.0,20,RMS,POW,LIN,0.7499839100000001,0.00077587869,0.0005818965336118779,32352000.0,-49.85820007
2026-10-07T10:24:06,,2400000000.0,5000000000.0,0,8,10,0.6009377006322857,0.6009376,6204385279.999994,6,64,37500000.0,15000000.0,20000.0,50000.0,20,RMS,POW,LIN,0.7499839100000001,0.00077587869,0.0005818965336118779,32356000.0,-49.43264008
2026-10-07T10:24:06,,2400000000.0,5000000000.0,0,8,10,0.6009377006322857,0.6009376,6204385279.999994,6,64,37500000.0,15000000.0,20000.0,50000.0,20,RMS,POW,LIN,0.7499839100000001,0.00077587869,0.0005818965336118779,32360000.0,-49.21473694
2026-10-07T10:24:06,,2400000000.0,5000000000.0,0,8,10,0.6009377006322857,0.6009376,6204385279.999994,6,64,37500000.0,15000000.0,20000.0,50000.0,20,RMS,POW,LIN,0.7499839100000001,0.00077587869,0.0005818965336118779,32364000.0,-49.33197403
2026-10-07T10:24:06,,2400000000.0,5000000000.0,0,8,10,0.6009377006322857,0.6009376,6204385279.999994,6,64,37500000.0,15000000.0,20000.0,50000.0,20,RMS,POW,LIN,0.7499839100000001,0.00077587869,0.0005818965336118779,32368000.0,-49.80067062
2026-10-07T10:24:06,,2400000000.0,5000000000.0,0,8,10,0.6009377006322857,0.6009376,6204385279.999994,6,64,37500000.0,15000000.0,20000.0,50000.0,20,RMS,POW,LIN,0.7499839100000001,0.00077587869,0.0005818965336118779,32372000.0,-50.47882462
2026-10-07T10:24:06,,2400000000.0,5000000000.0,0,8,10,0.6009377006322857,0.6009376,6204385279.999994,6,64,37500000.0,15000000.0,20000.0,50000.0,20,RMS,POW,LIN,0.7499839100000001,0.00077587869,0.0005818965336118779,32376000.0,-51.02659988
2026-10-07T10:24:06,,2400000000.0,5000000000.0,0,8,10,0.6009377006322857,0.6009376,6204385279.999994,6,64,37500000.0,15000000.0,20000.0,50000.0,20,RMS,POW,LIN,0.7499839100000001,0.00077587869,0.0005818965336118779,32380000.0,-51.08624649
2026-10-07T10:24:06,,2400000000.0,5000000000.0,0,8,10,0.6009377006322857,0.6009376,6204385279.999994,6,64,37500000.0,15000000.0,20000.0,50000.0,20,RMS,POW,LIN,0.7499839100000001,0.00077587869,0.0005818965336118779,32384000.0,-50.68352127
2026-10-07T10:24:06,,2400000000.0,5000000000.0,0,8,10,0.6009377006322857,0.6009376,6204385279.999994,6,64,37500000.0,15000000.0,20000.0,50000.0,20,RMS,POW,LIN,0.7499839100000001,0.00077587869,0.0005818965336118779,32388000.0,-50.18878174
2026-10-07T10:24:06,,2400000000.0,5000000000.0,0,8,10,0.6009377006322857,0.6009376,6204385279.999994,6,64,37500000.0,15000000.0,20000.0,50000.0,20,RMS,POW,LIN,0.7499839100000001,0.00077587869,0.0005818965336118779,32392000.0,-49.91033554
2026-10-07T10:24:06,,2400000000.0,5000000000.0,0,8,10,0.6009377006322857,0.6009376,6204385279.999994,6,64,37500000.0,15000000.0,20000.0,50000.0,20,RMS,POW,LIN,0.7499839100000001,0.00077587869,0.0005818965336118779,32396000.0,-49.95214081
2026-10-07T10:24:06,,2400000000.0,5000000000.0,0,8,10,0.6009377006322857,0.6009376,6204385279.999994,6,64,37500000.0,15000000.0,20000.0,50000.0,20,RMS,POW,LIN,0.7499839100000001,0.00077587869,0.0005818965336118779,32400000.0,-50.27057648
2026-10-07T10:24:06,,2400000000.0,5000000000.0,0,8,10,0.6009377006322857,0.6009376,6204385279.999994,6,64,37500000.0,15000000.0,20000.0,50000.0,20,RMS,POW,LIN,0.7499839100000001,0.00077587869,0.0005818965336118779,32404000.0,-50.74004364
2026-10-07T10:24:06,,2400000000.0,5000000000.0,0,8,10,0.6009377006322857,0.6009376,6204385279.999994,6,64,37500000.0,15000000.0,20000.0,50000.0,20,RMS,POW,LIN,0.7499839100000001,0.00077587869,0.0005818965336118779,32408000.0,-51.19935226
2026-10-07T10:24:06,,2400000000.0,5000000000.0,0,8,10,0.6009377006322857,0.6009376,6204385279.999994,6,64,37500000.0,15000000.0,20000.0,50000.0,20,RMS,POW,LIN,0.7499839100000001,0.00077587869,0.0005818965336118779,32412000.0,-51.49562836
2026-10-07T10:24:06,,2400000000.0,5000000000.0,0,8,10,0.6009377006322857,0.6009376,6204385279.999994,6,64,37500000.0,15000000.0,20000.0,50000.0,20,RMS,POW,LIN,0.7499839100000001,0.00077587869,0.0005818965336118779,32416000.0,-51.54133224
2026-10-07T10:24:06,,2400000000.0,5000000000.0,0,8,10,0.6009377006322857,0.6009376,6204385279.999994,6,64,37500000.0,15000000.0,20000.0,50000.0,20,RMS,POW,LIN,0.7499839100000001,0.00077587869,0.0005818965336118779,32420000.0,-51.35615921
2026-10-07T10:24:06,,2400000000.0,5000000000.0,0,8,10,0.6009377006322857,0.6009376,6204385279.999994,6,64,37500000.0,15000000.0,20000.0,50000.0,20,RMS,POW,LIN,0.7499839100000001,0.00077587869,0.0005818965336118779,32424000.0,-51.03025055
2026-10-07T10:24:06,,2400000000.0,5000000000.0,0,8,10,0.6009377006322857,0.6009376,6204385279.999994,6,64,37500000.0,15000000.0,20000.0,50000.0,20,RMS,POW,LIN,0.7499839100000001,0.00077587869,0.0005818965336118779,32428000.0,-50.64147949
2026-10-07T10:24:06,,2400000000.0,5000000000.0,0,8,10,0.6009377006322857,0.6009376,6204385279.999994,6,64,37500000.0,15000000.0,20000.0,50000.0,20,RMS,POW,LIN,0.7499839100000001,0.00077587869,0.0005818965336118779,32432000.0,-50.22981644
2026-10-07T10:24:06,,2400000000.0,5000000000.0,0,8,10,0.6009377006322857,0.6009376,6204385279.999994,6,64,37500000.0,15000000.0,20000.0,50000.0,20,RMS,POW,LIN,0.7499839100000001,0.00077587869,0.0005818965336118779,32436000.0,-49.83530426
2026-10-07T10:24:06,,2400000000.0,5000000000.0,0,8,10,0.6009377006322857,0.6009376,6204385279.999994,6,64,37500000.0,15000000.0,20000.0,50000.0,20,RMS,POW,LIN,0.7499839100000001,0.00077587869,0.0005818965336118779,32440000.0,-49.52089691
2026-10-07T10:24:06,,2400000000.0,5000000000.0,0,8,10,0.6009377006322857,0.6009376,6204385279.999994,6,64,37500000.0,15000000.0,20000.0,50000.0,20,RMS,POW,LIN,0.7499839100000001,0.00077587869,0.0005818965336118779,32444000.0,-49.3459549
2026-10-07T10:24:06,,2400000000.0,5000000000.0,0,8,10,0.6009377006322857,0.6009376,6204385279.999994,6,64,37500000.0,15000000.0,20000.0,50000.0,20,RMS,POW,LIN,0.7499839100000001,0.00077587869,0.0005818965336118779,32448000.0,-49.33185196
2026-10-07T10:24:06,,2400000000.0,5000000000.0,0,8,10,0.6009377006322857,0.6009376,6204385279.999994,6,64,37500000.0,15000000.0,20000.0,50000.0,20,RMS,POW,LIN,0.7499839100000001,0.00077587869,0.0005818965336118779,32452000.0,-49.4550705
2026-10-07T10:24:06,,2400000000.0,5000000000.0,0,8,10,0.6009377006322857,0.6009376,6204385279.999994,6,64,37500000.0,15000000.0,20000.0,50000.0,20,RMS,POW,LIN,0.7499839100000001,0.00077587869,0.0005818965336118779,32456000.0,-49.66115189
2026-10-07T10:24:06,,2400000000.0,5000000000.0,0,8,10,0.6009377006322857,0.6009376,6204385279.999994,6,64,37500000.0,15000000.0,20000.0,50000.0,20,RMS,POW,LIN,0.7499839100000001,0.00077587869,0.0005818965336118779,32460000.0,-49.88525009
2026-10-07T10:24:06,,2400000000.0,5000000000.0,0,8,10,0.6009377006322857,0.6009376,6204385279.999994,6,64,37500000.0,15000000.0,20000.0,50000.0,20,RMS,POW,LIN,0.7499839100000001,0.00077587869,0.0005818965336118779,32464000.0,-50.0785675
2026-10-07T10:24:06,,2400000000.0,5000000000.0,0,8,10,0.6009377006322857,0.6009376,6204385279.999994,6,64,37500000.0,15000000.0,20000.0,50000.0,20,RMS,POW,LIN,0.7499839100000001,0.00077587869,0.0005818965336118779,32468000.0,-50.22242737
2026-10-07T10:24:06,,2400000000.0,5000000000.0,0,8,10,0.6009377006322857,0.6009376,6204385279.999994,6,64,37500000.0,15000000.0,20000.0,50000.0,20,RMS,POW,LIN,0.7499839100000001,0.00077587869,0.0005818965336118779,32472000.0,-50.29305267
2026-10-07T10:24:06,,2400000000.0,5000000000.0,0,8,10,0.6009377006322857,0.6009376,6204385279.999994,6,64,37500000.0,15000000.0,20000.0,50000.0,20,RMS,POW,LIN,0.7499839100000001,0.00077587869,0.0005818965336118779,32476000.0,-50.21357346
2026-10-07T10:24:06,,2400000000.0,5000000000.0,0,8,10,0.6009377006322857,0.6009376,6204385279.999994,6,64,37500000.0,15000000.0,20000.0,50000.0,20,RMS,POW,LIN,0.7499839100000001,0.00077587869,0.0005818965336118779,32480000.0,-49.9160347
2026-10-07T10:24:06,,2400000000.0,5000000000.0,0,8,10,0.6009377006322857,0.6009376,6204385279.999994,6,64,37500000.0,15000000.0,20000.0,50000.0,20,RMS,POW,LIN,0.7499839100000001,0.00077587869,0.0005818965336118779,32484000.0,-49.48749161
2026-10-07T10:24:06,,2400000000.0,5000000000.0,0,8,10,0.6009377006322857,0.6009376,6204385279.999994,6,64,37500000.0,15000000.0,20000.0,50000.0,20,RMS,POW,LIN,0.7499839100000001,0.00077587869,0.0005818965336118779,32488000.0,-49.15860748
2026-10-07T10:24:06,,2400000000.0,5000000000.0,0,8,10,0.6009377006322857,0.6009376,6204385279.999994,6,64,37500000.0,15000000.0,20000.0,50000.0,20,RMS,POW,LIN,0.7499839100000001,0.00077587869,0.0005818965336118779,32492000.0,-49.13127518
2026-10-07T10:24:06,,2400000000.0,5000000000.0,0,8,10,0.6009377006322857,0.6009376,6204385279.999994,6,64,37500000.0,15000000.0,20000.0,50000.0,20,RMS,POW,LIN,0.7499839100000001,0.00077587869,0.0005818965336118779,32496000.0,-49.45425797
2026-10-07T10:24:06,,2400000000.0,5000000000.0,0,8,10,0.6009377006322857,0.6009376,6204385279.999994,6,64,37500000.0,15000000.0,20000.0,50000.0,20,RMS,POW,LIN,0.7499839100000001,0.00077587869,0.0005818965336118779,32500000.0,-49.97659683
2026-10-07T10:24:06,,2400000000.0,5000000000.0,0,8,10,0.6009377006322857,0.6009376,6204385279.999994,6,64,37500000.0,15000000.0,20000.0,50000.0,20,RMS,POW,LIN,0.7499839100000001,0.00077587869,0.0005818965336118779,32504000.0,-50.37789536
2026-10-07T10:24:06,,2400000000.0,5000000000.0,0,8,10,0.6009377006322857,0.6009376,6204385279.999994,6,64,37500000.0,15000000.0,20000.0,50000.0,20,RMS,POW,LIN,0.7499839100000001,0.00077587869,0.0005818965336118779,32508000.0,-50.40430832
2026-10-07T10:24:06,,2400000000.0,5000000000.0,0,8,10,0.6009377006322857,0.6009376,6204385279.999994,6,64,37500000.0,15000000.0,20000.0,50000.0,20,RMS,POW,LIN,0.7499839100000001,0.00077587869,0.0005818965336118779,32512000.0,-50.14514542
2026-10-07T10:24:06,,2400000000.0,5000000000.0,0,8,10,0.6009377006322857,0.6009376,6204385279.999994,6,64,37500000.0,15000000.0,20000.0,50000.0,20,RMS,POW,LIN,0.7499839100000001,0.00077587869,0.0005818965336118779,32516000.0,-49.89638901
2026-10-07T10:24:06,,2400000000.0,5000000000.0,0,8,10,0.6009377006322857,0.6009376,6204385279.999994,6,64,37500000.0,15000000.0,20000.0,50000.0,20,RMS,POW,LIN,0.7499839100000001,0.00077587869,0.0005818965336118779,32520000.0,-49.86556244
2026-10-07T10:24:06,,2400000000.0,5000000000.0,0,8,10,0.6009377006322857,0.6009376,6204385279.999994,6,64,37500000.0,15000000.0,20000.0,50000.0,20,RMS,POW,LIN,0.7499839100000001,0.00077587869,0.0005818965336118779,32524000.0,-50.08999634
2026-10-07T10:24:06,,2400000000.0,5000000000.0,0,8,10,0.6009377006322857,0.6009376,6204385279.999994,6,64,37500000.0,15000000.0,20000.0,50000.0,20,RMS,POW,LIN,0.7499839100000001,0.00077587869,0.0005818965336118779,32528000.0,-50.45394516
2026-10-07T10:24:06,,2400000000.0,5000000000.0,0,8,10,0.6009377006322857,0.6009376,6204385279.999994,6,64,37500000.0,15000000.0,20000.0,50000.0,20,RMS,POW,LIN,0.7499839100000001,0.00077587869,0.0005818965336118779,32532000.0,-50.70920181
2026-10-07T10:24:06,,2400000000.0,5000000000.0,0,8,10,0.6009377006322857,0.6009376,6204385279.999994,6,64,37500000.0,15000000.0,20000.0,50000.0,20,RMS,POW,LIN,0.7499839100000001,0.00077587869,0.0005818965336118779,32536000.0,-50.61175537
2026-10-07T10:24:06,,2400000000.0,5000000000.0,0,8,10,0.6009377006322857,0.6009376,6204385279.999994,6,64,37500000.0,15000000.0,20000.0,50000.0,20,RMS,POW,LIN,0.7499839100000001,0.00077587869,0.0005818965336118779,32540000.0,-50.18014145
2026-10-07T10:24:06,,2400000000.0,5000000000.0,0,8,10,0.6009377006322857,0.6009376,6204385279.999994,6,64,37500000.0,15000000.0,20000.0,50000.0,20,RMS,POW,LIN,0.7499839100000001,0.00077587869,0.0005818965336118779,32544000.0,-49.68705368
2026-10-07T10:24:06,,2400000000.0,5000000000.0,0,8,10,0.6009377006322857,0.6009376,6204385279.999994,6,64,37500000.0,15000000.0,20000.0,50000.0,20,RMS,POW,LIN,0.7499839100000001,0.00077587869,0.0005818965336118779,32548000.0,-49.37876129
2026-10-07T10:24:06,,2400000000.0,5000000000.0,0,8,10,0.6009377006322857,0.6009376,6204385279.999994,6,64,37500000.0,15000000.0,20000.0,50000.0,20,RMS,POW,LIN,0.7499839100000001,0.00077587869,0.0005818965336118779,32552000.0,-49.33740997
2026-10-07T10:24:06,,2400000000.0,5000000000.0,0,8,10,0.6009377006322857,0.6009376,6204385279.999994,6,64,37500000.0,15000000.0,20000.0,50000.0,20,RMS,POW,LIN,0.7499839100000001,0.00077587869,0.0005818965336118779,32556000.0,-49.51597214
2026-10-07T10:24:06,,2400000000.0,5000000000.0,0,8,10,0.6009377006322857,0.6009376,6204385279.999994,6,64,37500000.0,15000000.0,20000.0,50000.0,20,RMS,POW,LIN,0.7499839100000001,0.00077587869,0.0005818965336118779,32560000.0,-49.79994583
2026-10-07T10:24:06,,2400000000.0,5000000000.0,0,8,10,0.6009377006322857,0.6009376,6204385279.999994,6,64,37500000.0,15000000.0,20000.0,50000.0,20,RMS,POW,LIN,0.7499839100000001,0.00077587869,0.0005818965336118779,32564000.0,-50.03004456
2026-10-07T10:24:06,,2400000000.0,5000000000.0,0,8,10,0.6009377006322857,0.6009376,6204385279.999994,6,64,37500000.0,15000000.0,20000.0,50000.0,20,RMS,POW,LIN,0.7499839100000001,0.00077587869,0.0005818965336118779,32568000.0,-50.01177216
2026-10-07T10:24:06,,2400000000.0,5000000000.0,0,8,10,0.6009377006322857,0.6009376,6204385279.999994,6,64,37500000.0,15000000.0,20000.0,50000.0,20,RMS,POW,LIN,0.7499839100000001,0.00077587869,0.0005818965336118779,32572000.0,-49.6208725
2026-10-07T10:24:06,,2400000000.0,5000000000.0,0,8,10,0.6009377006322857,0.6009376,6204385279.999994,6,64,37500000.0,15000000.0,20000.0,50000.0,20,RMS,POW,LIN,0.7499839100000001,0.00077587869,0.0005818965336118779,32576000.0,-48.95758057
2026-10-07T10:24:06,,2400000000.0,5000000000.0,0,8,10,0.6009377006322857,0.6009376,6204385279.999994,6,64,37500000.0,15000000.0,20000.0,50000.0,20,RMS,POW,LIN,0.7499839100000001,0.00077587869,0.0005818965336118779,32580000.0,-48.28723145
2026-10-07T10:24:06,,2400000000.0,5000000000.0,0,8,10,0.6009377006322857,0.6009376,6204385279.999994,6,64,37500000.0,15000000.0,20000.0,50000.0,20,RMS,POW,LIN,0.7499839100000001,0.00077587869,0.0005818965336118779,32584000.0,-47.83426285
2026-10-07T10:24:06,,2400000000.0,5000000000.0,0,8,10,0.6009377006322857,0.6009376,6204385279.999994,6,64,37500000.0,15000000.0,20000.0,50000.0,20,RMS,POW,LIN,0.7499839100000001,0.00077587869,0.0005818965336118779,32588000.0,-47.68634033
2026-10-07T10:24:06,,2400000000.0,5000000000.0,0,8,10,0.6009377006322857,0.6009376,6204385279.999994,6,64,37500000.0,15000000.0,20000.0,50000.0,20,RMS,POW,LIN,0.7499839100000001,0.00077587869,0.0005818965336118779,32592000.0,-47.80853653
2026-10-07T10:24:06,,2400000000.0,5000000000.0,0,8,10,0.6009377006322857,0.6009376,6204385279.999994,6,64,37500000.0,15000000.0,20000.0,50000.0,20,RMS,POW,LIN,0.7499839100000001,0.00077587869,0.0005818965336118779,32596000.0,-48.09369278
2026-10-07T10:24:06,,2400000000.0,5000000000.0,0,8,10,0.6009377006322857,0.6009376,6204385279.999994,6,64,37500000.0,15000000.0,20000.0,50000.0,20,RMS,POW,LIN,0.7499839100000001,0.00077587869,0.0005818965336118779,32600000.0,-48.43870544
2026-10-07T10:24:06,,2400000000.0,5000000000.0,0,8,10,0.6009377006322857,0.6009376,6204385279.999994,6,64,37500000.0,15000000.0,20000.0,50000.0,20,RMS,POW,LIN,0.7499839100000001,0.00077587869,0.0005818965336118779,32604000.0,-48.81824875
2026-10-07T10:24:06,,2400000000.0,5000000000.0,0,8,10,0.6009377006322857,0.6009376,6204385279.999994,6,64,37500000.0,15000000.0,20000.0,50000.0,20,RMS,POW,LIN,0.7499839100000001,0.00077587869,0.0005818965336118779,32608000.0,-49.27030182
2026-10-07T10:24:06,,2400000000.0,5000000000.0,0,8,10,0.6009377006322857,0.6009376,6204385279.999994,6,64,37500000.0,15000000.0,20000.0,50000.0,20,RMS,POW,LIN,0.7499839100000001,0.00077587869,0.0005818965336118779,32612000.0,-49.78354263
2026-10-07T10:24:06,,2400000000.0,5000000000.0,0,8,10,0.6009377006322857,0.6009376,6204385279.999994,6,64,37500000.0,15000000.0,20000.0,50000.0,20,RMS,POW,LIN,0.7499839100000001,0.00077587869,0.0005818965336118779,32616000.0,-50.22175217
2026-10-07T10:24:06,,2400000000.0,5000000000.0,0,8,10,0.6009377006322857,0.6009376,6204385279.999994,6,64,37500000.0,15000000.0,20000.0,50000.0,20,RMS,POW,LIN,0.7499839100000001,0.00077587869,0.0005818965336118779,32620000.0,-50.42897415
2026-10-07T10:24:06,,2400000000.0,5000000000.0,0,8,10,0.6009377006322857,0.6009376,6204385279.999994,6,64,37500000.0,15000000.0,20000.0,50000.0,20,RMS,POW,LIN,0.7499839100000001,0.00077587869,0.0005818965336118779,32624000.0,-50.40240097
2026-10-07T10:24:06,,2400000000.0,5000000000.0,0,8,10,0.6009377006322857,0.6009376,6204385279.999994,6,64,37500000.0,15000000.0,20000.0,50000.0,20,RMS,POW,LIN,0.7499839100000001,0.00077587869,0.0005818965336118779,32628000.0,-50.21023178
2026-10-07T10:24:06,,2400000000.0,5000000000.0,0,8,10,0.6009377006322857,0.6009376,6204385279.999994,6,64,37500000.0,15000000.0,20000.0,50000.0,20,RMS,POW,LIN,0.7499839100000001,0.00077587869,0.0005818965336118779,32632000.0,-49.80171967
2026-10-07T10:24:06,,2400000000.0,5000000000.0,0,8,10,0.6009377006322857,0.6009376,6204385279.999994,6,64,37500000.0,15000000.0,20000.0,50000.0,20,RMS,POW,LIN,0.7499839100000001,0.00077587869,0.0005818965336118779,32636000.0,-49.10636139
2026-10-07T10:24:06,,2400000000.0,5000000000.0,0,8,10,0.6009377006322857,0.6009376,6204385279.999994,6,64,37500000.0,15000000.0,20000.0,50000.0,20,RMS,POW,LIN,0.7499839100000001,0.00077587869,0.0005818965336118779,32640000.0,-48.25464249
2026-10-07T10:24:06,,2400000000.0,5000000000.0,0,8,10,0.6009377006322857,0.6009376,6204385279.999994,6,64,37500000.0,15000000.0,20000.0,50000.0,20,RMS,POW,LIN,0.7499839100000001,0.00077587869,0.0005818965336118779,32644000.0,-47.49920654
2026-10-07T10:24:06,,2400000000.0,5000000000.0,0,8,10,0.6009377006322857,0.6009376,6204385279.999994,6,64,37500000.0,15000000.0,20000.0,50000.0,20,RMS,POW,LIN,0.7499839100000001,0.00077587869,0.0005818965336118779,32648000.0,-47.00935364
2026-10-07T10:24:06,,2400000000.0,5000000000.0,0,8,10,0.6009377006322857,0.6009376,6204385279.999994,6,64,37500000.0,15000000.0,20000.0,50000.0,20,RMS,POW,LIN,0.7499839100000001,0.00077587869,0.0005818965336118779,32652000.0,-46.82354355
2026-10-07T10:24:06,,2400000000.0,5000000000.0,0,8,10,0.6009377006322857,0.6009376,6204385279.999994,6,64,37500000.0,15000000.0,20000.0,50000.0,20,RMS,POW,LIN,0.7499839100000001,0.00077587869,0.0005818965336118779,32656000.0,-46.89710236
2026-10-07T10:24:06,,2400000000.0,5000000000.0,0,8,10,0.6009377006322857,0.6009376,6204385279.999994,6,64,37500000.0,15000000.0,20000.0,50000.0,20,RMS,POW,LIN,0.7499839100000001,0.00077587869,0.0005818965336118779,32660000.0,-47.14463806
2026-10-07T10:24:06,,2400000000.0,5000000000.0,0,8,10,0.6009377006322857,0.6009376,6204385279.999994,6,64,37500000.0,15000000.0,20000.0,50000.0,20,RMS,POW,LIN,0.7499839100000001,0.00077587869,0.0005818965336118779,32664000.0,-47.46215057
2026-10-07T10:24:06,,2400000000.0,5000000000.0,0,8,10,0.6009377006322857,0.6009376,6204385279.999994,6,64,37500000.0,15000000.0,20000.0,50000.0,20,RMS,POW,LIN,0.7499839100000001,0.00077587869,0.0005818965336118779,32668000.0,-47.74755859
2026-10-07T10:24:06,,2400000000.0,5000000000.0,0,8,10,0.6009377006322857,0.6009376,6204385279.999994,6,64,37500000.0,15000000.0,20000.0,50000.0,20,RMS,POW,LIN,0.7499839100000001,0.00077587869,0.0005818965336118779,32672000.0,-47.91643906
2026-10-07T10:24:06,,2400000000.0,5000000000.0,0,8,10,0.6009377006322857,0.6009376,6204385279.999994,6,64,37500000.0,15000000.0,20000.0,50000.0,20,RMS,POW,LIN,0.7499839100000001,0.00077587869,0.0005818965336118779,32676000.0,-47.89868546
2026-10-07T10:24:06,,2400000000.0,5000000000.0,0,8,10,0.6009377006322857,0.6009376,6204385279.999994,6,64,37500000.0,15000000.0,20000.0,50000.0,20,RMS,POW,LIN,0.7499839100000001,0.00077587869,0.0005818965336118779,32680000.0,-47.66643524
2026-10-07T10:24:06,,2400000000.0,5000000000.0,0,8,10,0.6009377006322857,0.6009376,6204385279.999994,6,64,37500000.0,15000000.0,20000.0,50000.0,20,RMS,POW,LIN,0.7499839100000001,0.00077587869,0.0005818965336118779,32684000.0,-47.31370544
2026-10-07T10:24:06,,2400000000.0,5000000000.0,0,8,10,0.6009377006322857,0.6009376,6204385279.999994,6,64,37500000.0,15000000.0,20000.0,50000.0,20,RMS,POW,LIN,0.7499839100000001,0.00077587869,0.0005818965336118779,32688000.0,-47.04757309
2026-10-07T10:24:06,,2400000000.0,5000000000.0,0,8,10,0.6009377006322857,0.6009376,6204385279.999994,6,64,37500000.0,15000000.0,20000.0,50000.0,20,RMS,POW,LIN,0.7499839100000001,0.00077587869,0.0005818965336118779,32692000.0,-47.04700851
2026-10-07T10:24:06,,2400000000.0,5000000000.0,0,8,10,0.6009377006322857,0.6009376,6204385279.999994,6,64,37500000.0,15000000.0,20000.0,50000.0,20,RMS,POW,LIN,0.7499839100000001,0.00077587869,0.0005818965336118779,32696000.0,-47.33055878
2026-10-07T10:24:06,,2400000000.0,5000000000.0,0,8,10,0.6009377006322857,0.6009376,6204385279.999994,6,64,37500000.0,15000000.0,20000.0,50000.0,20,RMS,POW,LIN,0.7499839100000001,0.00077587869,0.0005818965336118779,32700000.0,-47.70643616
2026-10-07T10:24:06,,2400000000.0,5000000000.0,0,8,10,0.6009377006322857,0.6009376,6204385279.999994,6,64,37500000.0,15000000.0,20000.0,50000.0,20,RMS,POW,LIN,0.7499839100000001,0.00077587869,0.0005818965336118779,32704000.0,-47.87399292
2026-10-07T10:24:06,,2400000000.0,5000000000.0,0,8,10,0.6009377006322857,0.6009376,6204385279.999994,6,64,37500000.0,15000000.0,20000.0,50000.0,20,RMS,POW,LIN,0.7499839100000001,0.00077587869,0.0005818965336118779,32708000.0,-47.71952438
2026-10-07T10:24:06,,2400000000.0,5000000000.0,0,8,10,0.6009377006322857,0.6009376,6204385279.999994,6,64,37500000.0,15000000.0,20000.0,50000.0,20,RMS,POW,LIN,0.7499839100000001,0.00077587869,0.0005818965336118779,32712000.0,-47.44022369
2026-10-07T10:24:06,,2400000000.0,5000000000.0,0,8,10,0.6009377006322857,0.6009376,6204385279.999994,6,64,37500000.0,15000000.0,20000.0,50000.0,20,RMS,POW,LIN,0.7499839100000001,0.00077587869,0.0005818965336118779,32716000.0,-47.28999329
2026-10-07T10:24:06,,2400000000.0,5000000000.0,0,8,10,0.6009377006322857,0.6009376,6204385279.999994,6,64,37500000.0,15000000.0,20000.0,50000.0,20,RMS,POW,LIN,0.7499839100000001,0.00077587869,0.0005818965336118779,32720000.0,-47.3637352
2026-10-07T10:24:06,,2400000000.0,5000000000.0,0,8,10,0.6009377006322857,0.6009376,6204385279.999994,6,64,37500000.0,15000000.0,20000.0,50000.0,20,RMS,POW,LIN,0.7499839100000001,0.00077587869,0.0005818965336118779,32724000.0,-47.57022095
2026-10-07T10:24:06,,2400000000.0,5000000000.0,0,8,10,0.6009377006322857,0.6009376,6204385279.999994,6,64,37500000.0,15000000.0,20000.0,50000.0,20,RMS,POW,LIN,0.7499839100000001,0.00077587869,0.0005818965336118779,32728000.0,-47.70384216
2026-10-07T10:24:06,,2400000000.0,5000000000.0,0,8,10,0.6009377006322857,0.6009376,6204385279.999994,6,64,37500000.0,15000000.0,20000.0,50000.0,20,RMS,POW,LIN,0.7499839100000001,0.00077587869,0.0005818965336118779,32732000.0,-47.6179657
2026-10-07T10:24:06,,2400000000.0,5000000000.0,0,8,10,0.6009377006322857,0.6009376,6204385279.999994,6,64,37500000.0,15000000.0,20000.0,50000.0,20,RMS,POW,LIN,0.7499839100000001,0.00077587869,0.0005818965336118779,32736000.0,-47.37704468
2026-10-07T10:24:06,,2400000000.0,5000000000.0,0,8,10,0.6009377006322857,0.6009376,6204385279.999994,6,64,37500000.0,15000000.0,20000.0,50000.0,20,RMS,POW,LIN,0.7499839100000001,0.00077587869,0.0005818965336118779,32740000.0,-47.17975235
2026-10-07T10:24:06,,2400000000.0,5000000000.0,0,8,10,0.6009377006322857,0.6009376,6204385279.999994,6,64,37500000.0,15000000.0,20000.0,50000.0,20,RMS,POW,LIN,0.7499839100000001,0.00077587869,0.0005818965336118779,32744000.0,-47.1877594
2026-10-07T10:24:06,,2400000000.0,5000000000.0,0,8,10,0.6009377006322857,0.6009376,6204385279.999994,6,64,37500000.0,15000000.0,20000.0,50000.0,20,RMS,POW,LIN,0.7499839100000001,0.00077587869,0.0005818965336118779,32748000.0,-47.45685577
2026-10-07T10:24:06,,2400000000.0,5000000000.0,0,8,10,0.6009377006322857,0.6009376,6204385279.999994,6,64,37500000.0,15000000.0,20000.0,50000.0,20,RMS,POW,LIN,0.7499839100000001,0.00077587869,0.0005818965336118779,32752000.0,-47.92460251
2026-10-07T10:24:06,,2400000000.0,5000000000.0,0,8,10,0.6009377006322857,0.6009376,6204385279.999994,6,64,37500000.0,15000000.0,20000.0,50000.0,20,RMS,POW,LIN,0.7499839100000001,0.00077587869,0.0005818965336118779,32756000.0,-48.38744736
2026-10-07T10:24:06,,2400000000.0,5000000000.0,0,8,10,0.6009377006322857,0.6009376,6204385279.999994,6,64,37500000.0,15000000.0,20000.0,50000.0,20,RMS,POW,LIN,0.7499839100000001,0.00077587869,0.0005818965336118779,32760000.0,-48.55342102
2026-10-07T10:24:06,,2400000000.0,5000000000.0,0,8,10,0.6009377006322857,0.6009376,6204385279.999994,6,64,37500000.0,15000000.0,20000.0,50000.0,20,RMS,POW,LIN,0.7499839100000001,0.00077587869,0.0005818965336118779,32764000.0,-48.29529953
2026-10-07T10:24:06,,2400000000.0,5000000000.0,0,8,10,0.6009377006322857,0.6009376,6204385279.999994,6,64,37500000.0,15000000.0,20000.0,50000.0,20,RMS,POW,LIN,0.7499839100000001,0.00077587869,0.0005818965336118779,32768000.0,-47.8144455
2026-10-07T10:24:06,,2400000000.0,5000000000.0,0,8,10,0.6009377006322857,0.6009376,6204385279.999994,6,64,37500000.0,15000000.0,20000.0,50000.0,20,RMS,POW,LIN,0.7499839100000001,0.00077587869,0.0005818965336118779,32772000.0,-47.42032242
2026-10-07T10:24:06,,2400000000.0,5000000000.0,0,8,10,0.6009377006322857,0.6009376,6204385279.999994,6,64,37500000.0,15000000.0,20000.0,50000.0,20,RMS,POW,LIN,0.7499839100000001,0.00077587869,0.0005818965336118779,32776000.0,-47.30638885
2026-10-07T10:24:06,,2400000000.0,5000000000.0,0,8,10,0.6009377006322857,0.6009376,6204385279.999994,6,64,37500000.0,15000000.0,20000.0,50000.0,20,RMS,POW,LIN,0.7499839100000001,0.00077587869,0.0005818965336118779,32780000.0,-47.53538132
2026-10-07T10:24:06,,2400000000.0,5000000000.0,0,8,10,0.6009377006322857,0.6009376,6204385279.999994,6,64,37500000.0,15000000.0,20000.0,50000.0,20,RMS,POW,LIN,0.7499839100000001,0.00077587869,0.0005818965336118779,32784000.0,-48.09423065
2026-10-07T10:24:06,,2400000000.0,5000000000.0,0,8,10,0.6009377006322857,0.6009376,6204385279.999994,6,64,37500000.0,15000000.0,20000.0,50000.0,20,RMS,POW,LIN,0.7499839100000001,0.00077587869,0.0005818965336118779,32788000.0,-48.92460251
2026-10-07T10:24:06,,2400000000.0,5000000000.0,0,8,10,0.6009377006322857,0.6009376,6204385279.999994,6,64,37500000.0,15000000.0,20000.0,50000.0,20,RMS,POW,LIN,0.7499839100000001,0.00077587869,0.0005818965336118779,32792000.0,-49.90120316
2026-10-07T10:24:06,,2400000000.0,5000000000.0,0,8,10,0.6009377006322857,0.6009376,6204385279.999994,6,64,37500000.0,15000000.0,20000.0,50000.0,20,RMS,POW,LIN,0.7499839100000001,0.00077587869,0.0005818965336118779,32796000.0,-50.77241516
2026-10-07T10:24:06,,2400000000.0,5000000000.0,0,8,10,0.6009377006322857,0.6009376,6204385279.999994,6,64,37500000.0,15000000.0,20000.0,50000.0,20,RMS,POW,LIN,0.7499839100000001,0.00077587869,0.0005818965336118779,32800000.0,-51.22063446
2026-10-07T10:24:06,,2400000000.0,5000000000.0,0,8,10,0.6009377006322857,0.6009376,6204385279.999994,6,64,37500000.0,15000000.0,20000.0,50000.0,20,RMS,POW,LIN,0.7499839100000001,0.00077587869,0.0005818965336118779,32804000.0,-51.17588806
2026-10-07T10:24:06,,2400000000.0,5000000000.0,0,8,10,0.6009377006322857,0.6009376,6204385279.999994,6,64,37500000.0,15000000.0,20000.0,50000.0,20,RMS,POW,LIN,0.7499839100000001,0.00077587869,0.0005818965336118779,32808000.0,-50.91033173
2026-10-07T10:24:06,,2400000000.0,5000000000.0,0,8,10,0.6009377006322857,0.6009376,6204385279.999994,6,64,37500000.0,15000000.0,20000.0,50000.0,20,RMS,POW,LIN,0.7499839100000001,0.00077587869,0.0005818965336118779,32812000.0,-50.67657852
2026-10-07T10:24:06,,2400000000.0,5000000000.0,0,8,10,0.6009377006322857,0.6009376,6204385279.999994,6,64,37500000.0,15000000.0,20000.0,50000.0,20,RMS,POW,LIN,0.7499839100000001,0.00077587869,0.0005818965336118779,32816000.0,-50.49473953
2026-10-07T10:24:06,,2400000000.0,5000000000.0,0,8,10,0.6009377006322857,0.6009376,6204385279.999994,6,64,37500000.0,15000000.0,20000.0,50000.0,20,RMS,POW,LIN,0.7499839100000001,0.00077587869,0.0005818965336118779,32820000.0,-50.26652908
2026-10-07T10:24:06,,2400000000.0,5000000000.0,0,8,10,0.6009377006322857,0.6009376,6204385279.999994,6,64,37500000.0,15000000.0,20000.0,50000.0,20,RMS,POW,LIN,0.7499839100000001,0.00077587869,0.0005818965336118779,32824000.0,-49.97902679
2026-10-07T10:24:06,,2400000000.0,5000000000.0,0,8,10,0.6009377006322857,0.6009376,6204385279.999994,6,64,37500000.0,15000000.0,20000.0,50000.0,20,RMS,POW,LIN,0.7499839100000001,0.00077587869,0.0005818965336118779,32828000.0,-49.74216461
2026-10-07T10:24:06,,2400000000.0,5000000000.0,0,8,10,0.6009377006322857,0.6009376,6204385279.999994,6,64,37500000.0,15000000.0,20000.0,50000.0,20,RMS,POW,LIN,0.7499839100000001,0.00077587869,0.0005818965336118779,32832000.0,-49.64616013
2026-10-07T10:24:06,,2400000000.0,5000000000.0,0,8,10,0.6009377006322857,0.6009376,6204385279.999994,6,64,37500000.0,15000000.0,20000.0,50000.0,20,RMS,POW,LIN,0.7499839100000001,0.00077587869,0.0005818965336118779,32836000.0,-49.65227509
2026-10-07T10:24:06,,2400000000.0,5000000000.0,0,8,10,0.6009377006322857,0.6009376,6204385279.999994,6,64,37500000.0,15000000.0,20000.0,50000.0,20,RMS,POW,LIN,0.7499839100000001,0.00077587869,0.0005818965336118779,32840000.0,-49.6258316
2026-10-07T10:24:06,,2400000000.0,5000000000.0,0,8,10,0.6009377006322857,0.6009376,6204385279.999994,6,64,37500000.0,15000000.0,20000.0,50000.0,20,RMS,POW,LIN,0.7499839100000001,0.00077587869,0.0005818965336118779,32844000.0,-49.47671127
2026-10-07T10:24:06,,2400000000.0,5000000000.0,0,8,10,0.6009377006322857,0.6009376,6204385279.999994,6,64,37500000.0,15000000.0,20000.0,50000.0,20,RMS,POW,LIN,0.7499839100000001,0.00077587869,0.0005818965336118779,32848000.0,-49.24479675
2026-10-07T10:24:06,,2400000000.0,5000000000.0,0,8,10,0.6009377006322857,0.6009376,6204385279.999994,6,64,37500000.0,15000000.0,20000.0,50000.0,20,RMS,POW,LIN,0.7499839100000001,0.00077587869,0.0005818965336118779,32852000.0,-49.01440811
2026-10-07T10:24:06,,2400000000.0,5000000000.0,0,8,10,0.6009377006322857,0.6009376,6204385279.999994,6,64,37500000.0,15000000.0,20000.0,50000.0,20,RMS,POW,LIN,0.7499839100000001,0.00077587869,0.0005818965336118779,32856000.0,-48.80361176
2026-10-07T10:24:06,,2400000000.0,5000000000.0,0,8,10,0.6009377006322857,0.6009376,6204385279.999994,6,64,37500000.0,15000000.0,20000.0,50000.0,20,RMS,POW,LIN,0.7499839100000001,0.00077587869,0.0005818965336118779,32860000.0,-48.57973099
2026-10-07T10:24:06,,2400000000.0,5000000000.0,0,8,10,0.6009377006322857,0.6009376,6204385279.999994,6,64,37500000.0,15000000.0,20000.0,50000.0,20,RMS,POW,LIN,0.7499839100000001,0.00077587869,0.0005818965336118779,32864000.0,-48.35138321
2026-10-07T10:24:06,,2400000000.0,5000000000.0,0,8,10,0.6009377006322857,0.6009376,6204385279.999994,6,64,37500000.0,15000000.0,20000.0,50000.0,20,RMS,POW,LIN,0.7499839100000001,0.00077587869,0.0005818965336118779,32868000.0,-48.19818878
2026-10-07T10:24:06,,2400000000.0,5000000000.0,0,8,10,0.6009377006322857,0.6009376,6204385279.999994,6,64,37500000.0,15000000.0,20000.0,50000.0,20,RMS,POW,LIN,0.7499839100000001,0.00077587869,0.0005818965336118779,32872000.0,-48.20891571
2026-10-07T10:24:06,,2400000000.0,5000000000.0,0,8,10,0.6009377006322857,0.6009376,6204385279.999994,6,64,37500000.0,15000000.0,20000.0,50000.0,20,RMS,POW,LIN,0.7499839100000001,0.00077587869,0.0005818965336118779,32876000.0,-48.42064667
2026-10-07T10:24:06,,2400000000.0,5000000000.0,0,8,10,0.6009377006322857,0.6009376,6204385279.999994,6,64,37500000.0,15000000.0,20000.0,50000.0,20,RMS,POW,LIN,0.7499839100000001,0.00077587869,0.0005818965336118779,32880000.0,-48.80604172
2026-10-07T10:24:06,,2400000000.0,5000000000.0,0,8,10,0.6009377006322857,0.6009376,6204385279.999994,6,64,37500000.0,15000000.0,20000.0,50000.0,20,RMS,POW,LIN,0.7499839100000001,0.00077587869,0.0005818965336118779,32884000.0,-49.27685928
2026-10-07T10:24:06,,2400000000.0,5000000000.0,0,8,10,0.6009377006322857,0.6009376,6204385279.999994,6,64,37500000.0,15000000.0,20000.0,50000.0,20,RMS,POW,LIN,0.7499839100000001,0.00077587869,0.0005818965336118779,32888000.0,-49.67654419
2026-10-07T10:24:06,,2400000000.0,5000000000.0,0,8,10,0.6009377006322857,0.6009376,6204385279.999994,6,64,37500000.0,15000000.0,20000.0,50000.0,20,RMS,POW,LIN,0.7499839100000001,0.00077587869,0.0005818965336118779,32892000.0,-49.81180954
2026-10-07T10:24:06,,2400000000.0,5000000000.0,0,8,10,0.6009377006322857,0.6009376,6204385279.999994,6,64,37500000.0,15000000.0,20000.0,50000.0,20,RMS,POW,LIN,0.7499839100000001,0.00077587869,0.0005818965336118779,32896000.0,-49.59638977
2026-10-07T10:24:06,,2400000000.0,5000000000.0,0,8,10,0.6009377006322857,0.6009376,6204385279.999994,6,64,37500000.0,15000000.0,20000.0,50000.0,20,RMS,POW,LIN,0.7499839100000001,0.00077587869,0.0005818965336118779,32900000.0,-49.16196823
2026-10-07T10:24:06,,2400000000.0,5000000000.0,0,8,10,0.6009377006322857,0.6009376,6204385279.999994,6,64,37500000.0,15000000.0,20000.0,50000.0,20,RMS,POW,LIN,0.7499839100000001,0.00077587869,0.0005818965336118779,32904000.0,-48.73972702
2026-10-07T10:24:06,,2400000000.0,5000000000.0,0,8,10,0.6009377006322857,0.6009376,6204385279.999994,6,64,37500000.0,15000000.0,20000.0,50000.0,20,RMS,POW,LIN,0.7499839100000001,0.00077587869,0.0005818965336118779,32908000.0,-48.48754501
2026-10-07T10:24:06,,2400000000.0,5000000000.0,0,8,10,0.6009377006322857,0.6009376,6204385279.999994,6,64,37500000.0,15000000.0,20000.0,50000.0,20,RMS,POW,LIN,0.7499839100000001,0.00077587869,0.0005818965336118779,32912000.0,-48.44924164
2026-10-07T10:24:06,,2400000000.0,5000000000.0,0,8,10,0.6009377006322857,0.6009376,6204385279.999994,6,64,37500000.0,15000000.0,20000.0,50000.0,20,RMS,POW,LIN,0.7499839100000001,0.00077587869,0.0005818965336118779,32916000.0,-48.59954071
2026-10-07T10:24:06,,2400000000.0,5000000000.0,0,8,10,0.6009377006322857,0.6009376,6204385279.999994,6,64,37500000.0,15000000.0,20000.0,50000.0,20,RMS,POW,LIN,0.7499839100000001,0.00077587869,0.0005818965336118779,32920000.0,-48.89844131
2026-10-07T10:24:06,,2400000000.0,5000000000.0,0,8,10,0.6009377006322857,0.6009376,6204385279.999994,6,64,37500000.0,15000000.0,20000.0,50000.0,20,RMS,POW,LIN,0.7499839100000001,0.00077587869,0.0005818965336118779,32924000.0,-49.31600952
2026-10-07T10:24:06,,2400000000.0,5000000000.0,0,8,10,0.6009377006322857,0.6009376,6204385279.999994,6,64,37500000.0,15000000.0,20000.0,50000.0,20,RMS,POW,LIN,0.7499839100000001,0.00077587869,0.0005818965336118779,32928000.0,-49.81352615
2026-10-07T10:24:06,,2400000000.0,5000000000.0,0,8,10,0.6009377006322857,0.6009376,6204385279.999994,6,64,37500000.0,15000000.0,20000.0,50000.0,20,RMS,POW,LIN,0.7499839100000001,0.00077587869,0.0005818965336118779,32932000.0,-50.31035995
2026-10-07T10:24:06,,2400000000.0,5000000000.0,0,8,10,0.6009377006322857,0.6009376,6204385279.999994,6,64,37500000.0,15000000.0,20000.0,50000.0,20,RMS,POW,LIN,0.7499839100000001,0.00077587869,0.0005818965336118779,32936000.0,-50.70345306
2026-10-07T10:24:06,,2400000000.0,5000000000.0,0,8,10,0.6009377006322857,0.6009376,6204385279.999994,6,64,37500000.0,15000000.0,20000.0,50000.0,20,RMS,POW,LIN,0.7499839100000001,0.00077587869,0.0005818965336118779,32940000.0,-50.95798492
2026-10-07T10:24:06,,2400000000.0,5000000000.0,0,8,10,0.6009377006322857,0.6009376,6204385279.999994,6,64,37500000.0,15000000.0,20000.0,50000.0,20,RMS,POW,LIN,0.7499839100000001,0.00077587869,0.0005818965336118779,32944000.0,-51.14627075
2026-10-07T10:24:06,,2400000000.0,5000000000.0,0,8,10,0.6009377006322857,0.6009376,6204385279.999994,6,64,37500000.0,15000000.0,20000.0,50000.0,20,RMS,POW,LIN,0.7499839100000001,0.00077587869,0.0005818965336118779,32948000.0,-51.33574295
2026-10-07T10:24:06,,2400000000.0,5000000000.0,0,8,10,0.6009377006322857,0.6009376,6204385279.999994,6,64,37500000.0,15000000.0,20000.0,50000.0,20,RMS,POW,LIN,0.7499839100000001,0.00077587869,0.0005818965336118779,32952000.0,-51.44456863
2026-10-07T10:24:06,,2400000000.0,5000000000.0,0,8,10,0.6009377006322857,0.6009376,6204385279.999994,6,64,37500000.0,15000000.0,20000.0,50000.0,20,RMS,POW,LIN,0.7499839100000001,0.00077587869,0.0005818965336118779,32956000.0,-51.25402832
2026-10-07T10:24:06,,2400000000.0,5000000000.0,0,8,10,0.6009377006322857,0.6009376,6204385279.999994,6,64,37500000.0,15000000.0,20000.0,50000.0,20,RMS,POW,LIN,0.7499839100000001,0.00077587869,0.0005818965336118779,32960000.0,-50.65792084
2026-10-07T10:24:06,,2400000000.0,5000000000.0,0,8,10,0.6009377006322857,0.6009376,6204385279.999994,6,64,37500000.0,15000000.0,20000.0,50000.0,20,RMS,POW,LIN,0.7499839100000001,0.00077587869,0.0005818965336118779,32964000.0,-49.85347748
2026-10-07T10:24:06,,2400000000.0,5000000000.0,0,8,10,0.6009377006322857,0.6009376,6204385279.999994,6,64,37500000.0,15000000.0,20000.0,50000.0,20,RMS,POW,LIN,0.7499839100000001,0.00077587869,0.0005818965336118779,32968000.0,-49.16714096
2026-10-07T10:24:06,,2400000000.0,5000000000.0,0,8,10,0.6009377006322857,0.6009376,6204385279.999994,6,64,37500000.0,15000000.0,20000.0,50000.0,20,RMS,POW,LIN,0.7499839100000001,0.00077587869,0.0005818965336118779,32972000.0,-48.83026123
2026-10-07T10:24:06,,2400000000.0,5000000000.0,0,8,10,0.6009377006322857,0.6009376,6204385279.999994,6,64,37500000.0,15000000.0,20000.0,50000.0,20,RMS,POW,LIN,0.7499839100000001,0.00077587869,0.0005818965336118779,32976000.0,-48.93363953
2026-10-07T10:24:06,,2400000000.0,5000000000.0,0,8,10,0.6009377006322857,0.6009376,6204385279.999994,6,64,37500000.0,15000000.0,20000.0,50000.0,20,RMS,POW,LIN,0.7499839100000001,0.00077587869,0.0005818965336118779,32980000.0,-49.45546722
2026-10-07T10:24:06,,2400000000.0,5000000000.0,0,8,10,0.6009377006322857,0.6009376,6204385279.999994,6,64,37500000.0,15000000.0,20000.0,50000.0,20,RMS,POW,LIN,0.7499839100000001,0.00077587869,0.0005818965336118779,32984000.0,-50.29078674
2026-10-07T10:24:06,,2400000000.0,5000000000.0,0,8,10,0.6009377006322857,0.6009376,6204385279.999994,6,64,37500000.0,15000000.0,20000.0,50000.0,20,RMS,POW,LIN,0.7499839100000001,0.00077587869,0.0005818965336118779,32988000.0,-51.28357697
2026-10-07T10:24:06,,2400000000.0,5000000000.0,0,8,10,0.6009377006322857,0.6009376,6204385279.999994,6,64,37500000.0,15000000.0,20000.0,50000.0,20,RMS,POW,LIN,0.7499839100000001,0.00077587869,0.0005818965336118779,32992000.0,-52.22779846
2026-10-07T10:24:06,,2400000000.0,5000000000.0,0,8,10,0.6009377006322857,0.6009376,6204385279.999994,6,64,37500000.0,15000000.0,20000.0,50000.0,20,RMS,POW,LIN,0.7499839100000001,0.00077587869,0.0005818965336118779,32996000.0,-52.78710556
2026-10-07T10:24:06,,2400000000.0,5000000000.0,0,8,10,0.6009377006322857,0.6009376,6204385279.999994,6,64,37500000.0,15000000.0,20000.0,50000.0,20,RMS,POW,LIN,0.7499839100000001,0.00077587869,0.0005818965336118779,33000000.0,-52.60007858
2026-10-07T10:24:06,,2400000000.0,5000000000.0,0,8,10,0.6009377006322857,0.6009376,6204385279.999994,6,64,37500000.0,15000000.0,20000.0,50000.0,20,RMS,POW,LIN,0.7499839100000001,0.00077587869,0.0005818965336118779,33004000.0,-51.78981781
2026-10-07T10:24:06,,2400000000.0,5000000000.0,0,8,10,0.6009377006322857,0.6009376,6204385279.999994,6,64,37500000.0,15000000.0,20000.0,50000.0,20,RMS,POW,LIN,0.7499839100000001,0.00077587869,0.0005818965336118779,33008000.0,-50.91023636
2026-10-07T10:24:06,,2400000000.0,5000000000.0,0,8,10,0.6009377006322857,0.6009376,6204385279.999994,6,64,37500000.0,15000000.0,20000.0,50000.0,20,RMS,POW,LIN,0.7499839100000001,0.00077587869,0.0005818965336118779,33012000.0,-50.348629
2026-10-07T10:24:06,,2400000000.0,5000000000.0,0,8,10,0.6009377006322857,0.6009376,6204385279.999994,6,64,37500000.0,15000000.0,20000.0,50000.0,20,RMS,POW,LIN,0.7499839100000001,0.00077587869,0.0005818965336118779,33016000.0,-50.16410828
2026-10-07T10:24:06,,2400000000.0,5000000000.0,0,8,10,0.6009377006322857,0.6009376,6204385279.999994,6,64,37500000.0,15000000.0,20000.0,50000.0,20,RMS,POW,LIN,0.7499839100000001,0.00077587869,0.0005818965336118779,33020000.0,-50.20661545
2026-10-07T10:24:06,,2400000000.0,5000000000.0,0,8,10,0.6009377006322857,0.6009376,6204385279.999994,6,64,37500000.0,15000000.0,20000.0,50000.0,20,RMS,POW,LIN,0.7499839100000001,0.00077587869,0.0005818965336118779,33024000.0,-50.28342438
2026-10-07T10:24:06,,2400000000.0,5000000000.0,0,8,10,0.6009377006322857,0.6009376,6204385279.999994,6,64,37500000.0,15000000.0,20000.0,50000.0,20,RMS,POW,LIN,0.7499839100000001,0.00077587869,0.0005818965336118779,33028000.0,-50.31719971
2026-10-07T10:24:06,,2400000000.0,5000000000.0,0,8,10,0.6009377006322857,0.6009376,6204385279.999994,6,64,37500000.0,15000000.0,20000.0,50000.0,20,RMS,POW,LIN,0.7499839100000001,0.00077587869,0.0005818965336118779,33032000.0,-50.34590912
2026-10-07T10:24:06,,2400000000.0,5000000000.0,0,8,10,0.6009377006322857,0.6009376,6204385279.999994,6,64,37500000.0,15000000.0,20000.0,50000.0,20,RMS,POW,LIN,0.7499839100000001,0.00077587869,0.0005818965336118779,33036000.0,-50.38128281
2026-10-07T10:24:06,,2400000000.0,5000000000.0,0,8,10,0.6009377006322857,0.6009376,6204385279.999994,6,64,37500000.0,15000000.0,20000.0,50000.0,20,RMS,POW,LIN,0.7499839100000001,0.00077587869,0.0005818965336118779,33040000.0,-50.35567856
2026-10-07T10:24:06,,2400000000.0,5000000000.0,0,8,10,0.6009377006322857,0.6009376,6204385279.999994,6,64,37500000.0,15000000.0,20000.0,50000.0,20,RMS,POW,LIN,0.7499839100000001,0.00077587869,0.0005818965336118779,33044000.0,-50.22508621
2026-10-07T10:24:06,,2400000000.0,5000000000.0,0,8,10,0.6009377006322857,0.6009376,6204385279.999994,6,64,37500000.0,15000000.0,20000.0,50000.0,20,RMS,POW,LIN,0.7499839100000001,0.00077587869,0.0005818965336118779,33048000.0,-50.04755402
2026-10-07T10:24:06,,2400000000.0,5000000000.0,0,8,10,0.6009377006322857,0.6009376,6204385279.999994,6,64,37500000.0,15000000.0,20000.0,50000.0,20,RMS,POW,LIN,0.7499839100000001,0.00077587869,0.0005818965336118779,33052000.0,-49.90348434
2026-10-07T10:24:06,,2400000000.0,5000000000.0,0,8,10,0.6009377006322857,0.6009376,6204385279.999994,6,64,37500000.0,15000000.0,20000.0,50000.0,20,RMS,POW,LIN,0.7499839100000001,0.00077587869,0.0005818965336118779,33056000.0,-49.79541779
2026-10-07T10:24:06,,2400000000.0,5000000000.0,0,8,10,0.6009377006322857,0.6009376,6204385279.999994,6,64,37500000.0,15000000.0,20000.0,50000.0,20,RMS,POW,LIN,0.7499839100000001,0.00077587869,0.0005818965336118779,33060000.0,-49.67717743
2026-10-07T10:24:06,,2400000000.0,5000000000.0,0,8,10,0.6009377006322857,0.6009376,6204385279.999994,6,64,37500000.0,15000000.0,20000.0,50000.0,20,RMS,POW,LIN,0.7499839100000001,0.00077587869,0.0005818965336118779,33064000.0,-49.56215286
2026-10-07T10:24:06,,2400000000.0,5000000000.0,0,8,10,0.6009377006322857,0.6009376,6204385279.999994,6,64,37500000.0,15000000.0,20000.0,50000.0,20,RMS,POW,LIN,0.7499839100000001,0.00077587869,0.0005818965336118779,33068000.0,-49.54594421
2026-10-07T10:24:06,,2400000000.0,5000000000.0,0,8,10,0.6009377006322857,0.6009376,6204385279.999994,6,64,37500000.0,15000000.0,20000.0,50000.0,20,RMS,POW,LIN,0.7499839100000001,0.00077587869,0.0005818965336118779,33072000.0,-49.70430374
2026-10-07T10:24:06,,2400000000.0,5000000000.0,0,8,10,0.6009377006322857,0.6009376,6204385279.999994,6,64,37500000.0,15000000.0,20000.0,50000.0,20,RMS,POW,LIN,0.7499839100000001,0.00077587869,0.0005818965336118779,33076000.0,-49.9912796
2026-10-07T10:24:06,,2400000000.0,5000000000.0,0,8,10,0.6009377006322857,0.6009376,6204385279.999994,6,64,37500000.0,15000000.0,20000.0,50000.0,20,RMS,POW,LIN,0.7499839100000001,0.00077587869,0.0005818965336118779,33080000.0,-50.2377739
2026-10-07T10:24:06,,2400000000.0,5000000000.0,0,8,10,0.6009377006322857,0.6009376,6204385279.999994,6,64,37500000.0,15000000.0,20000.0,50000.0,20,RMS,POW,LIN,0.7499839100000001,0.00077587869,0.0005818965336118779,33084000.0,-50.27562332
2026-10-07T10:24:06,,2400000000.0,5000000000.0,0,8,10,0.6009377006322857,0.6009376,6204385279.999994,6,64,37500000.0,15000000.0,20000.0,50000.0,20,RMS,POW,LIN,0.7499839100000001,0.00077587869,0.0005818965336118779,33088000.0,-50.07612228
2026-10-07T10:24:06,,2400000000.0,5000000000.0,0,8,10,0.6009377006322857,0.6009376,6204385279.999994,6,64,37500000.0,15000000.0,20000.0,50000.0,20,RMS,POW,LIN,0.7499839100000001,0.00077587869,0.0005818965336118779,33092000.0,-49.72850418
2026-10-07T10:24:06,,2400000000.0,5000000000.0,0,8,10,0.6009377006322857,0.6009376,6204385279.999994,6,64,37500000.0,15000000.0,20000.0,50000.0,20,RMS,POW,LIN,0.7499839100000001,0.00077587869,0.0005818965336118779,33096000.0,-49.34277344
2026-10-07T10:24:06,,2400000000.0,5000000000.0,0,8,10,0.6009377006322857,0.6009376,6204385279.999994,6,64,37500000.0,15000000.0,20000.0,50000.0,20,RMS,POW,LIN,0.7499839100000001,0.00077587869,0.0005818965336118779,33100000.0,-49.03277969
2026-10-07T10:24:06,,2400000000.0,5000000000.0,0,8,10,0.6009377006322857,0.6009376,6204385279.999994,6,64,37500000.0,15000000.0,20000.0,50000.0,20,RMS,POW,LIN,0.7499839100000001,0.00077587869,0.0005818965336118779,33104000.0,-48.92264557
2026-10-07T10:24:06,,2400000000.0,5000000000.0,0,8,10,0.6009377006322857,0.6009376,6204385279.999994,6,64,37500000.0,15000000.0,20000.0,50000.0,20,RMS,POW,LIN,0.7499839100000001,0.00077587869,0.0005818965336118779,33108000.0,-49.09594727
2026-10-07T10:24:06,,2400000000.0,5000000000.0,0,8,10,0.6009377006322857,0.6009376,6204385279.999994,6,64,37500000.0,15000000.0,20000.0,50000.0,20,RMS,POW,LIN,0.7499839100000001,0.00077587869,0.0005818965336118779,33112000.0,-49.50024796
2026-10-07T10:24:06,,2400000000.0,5000000000.0,0,8,10,0.6009377006322857,0.6009376,6204385279.999994,6,64,37500000.0,15000000.0,20000.0,50000.0,20,RMS,POW,LIN,0.7499839100000001,0.00077587869,0.0005818965336118779,33116000.0,-49.8636055
2026-10-07T10:24:06,,2400000000.0,5000000000.0,0,8,10,0.6009377006322857,0.6009376,6204385279.999994,6,64,37500000.0,15000000.0,20000.0,50000.0,20,RMS,POW,LIN,0.7499839100000001,0.00077587869,0.0005818965336118779,33120000.0,-49.80377197
2026-10-07T10:24:06,,2400000000.0,5000000000.0,0,8,10,0.6009377006322857,0.6009376,6204385279.999994,6,64,37500000.0,15000000.0,20000.0,50000.0,20,RMS,POW,LIN,0.7499839100000001,0.00077587869,0.0005818965336118779,33124000.0,-49.2379303
2026-10-07T10:24:06,,2400000000.0,5000000000.0,0,8,10,0.6009377006322857,0.6009376,6204385279.999994,6,64,37500000.0,15000000.0,20000.0,50000.0,20,RMS,POW,LIN,0.7499839100000001,0.00077587869,0.0005818965336118779,33128000.0,-48.485569
2026-10-07T10:24:06,,2400000000.0,5000000000.0,0,8,10,0.6009377006322857,0.6009376,6204385279.999994,6,64,37500000.0,15000000.0,20000.0,50000.0,20,RMS,POW,LIN,0.7499839100000001,0.00077587869,0.0005818965336118779,33132000.0,-47.87746429
2026-10-07T10:24:06,,2400000000.0,5000000000.0,0,8,10,0.6009377006322857,0.6009376,6204385279.999994,6,64,37500000.0,15000000.0,20000.0,50000.0,20,RMS,POW,LIN,0.7499839100000001,0.00077587869,0.0005818965336118779,33136000.0,-47.5542984
2026-10-07T10:24:06,,2400000000.0,5000000000.0,0,8,10,0.6009377006322857,0.6009376,6204385279.999994,6,64,37500000.0,15000000.0,20000.0,50000.0,20,RMS,POW,LIN,0.7499839100000001,0.00077587869,0.0005818965336118779,33140000.0,-47.50760651
2026-10-07T10:24:06,,2400000000.0,5000000000.0,0,8,10,0.6009377006322857,0.6009376,6204385279.999994,6,64,37500000.0,15000000.0,20000.0,50000.0,20,RMS,POW,LIN,0.7499839100000001,0.00077587869,0.0005818965336118779,33144000.0,-47.63674545
2026-10-07T10:24:06,,2400000000.0,5000000000.0,0,8,10,0.6009377006322857,0.6009376,6204385279.999994,6,64,37500000.0,15000000.0,20000.0,50000.0,20,RMS,POW,LIN,0.7499839100000001,0.00077587869,0.0005818965336118779,33148000.0,-47.78930664
2026-10-07T10:24:06,,2400000000.0,5000000000.0,0,8,10,0.6009377006322857,0.6009376,6204385279.999994,6,64,37500000.0,15000000.0,20000.0,50000.0,20,RMS,POW,LIN,0.7499839100000001,0.00077587869,0.0005818965336118779,33152000.0,-47.84114075
2026-10-07T10:24:06,,2400000000.0,5000000000.0,0,8,10,0.6009377006322857,0.6009376,6204385279.999994,6,64,37500000.0,15000000.0,20000.0,50000.0,20,RMS,POW,LIN,0.7499839100000001,0.00077587869,0.0005818965336118779,33156000.0,-47.8031044
2026-10-07T10:24:06,,2400000000.0,5000000000.0,0,8,10,0.6009377006322857,0.6009376,6204385279.999994,6,64,37500000.0,15000000.0,20000.0,50000.0,20,RMS,POW,LIN,0.7499839100000001,0.00077587869,0.0005818965336118779,33160000.0,-47.81239319
2026-10-07T10:24:06,,2400000000.0,5000000000.0,0,8,10,0.6009377006322857,0.6009376,6204385279.999994,6,64,37500000.0,15000000.0,20000.0,50000.0,20,RMS,POW,LIN,0.7499839100000001,0.00077587869,0.0005818965336118779,33164000.0,-47.96453094
2026-10-07T10:24:06,,2400000000.0,5000000000.0,0,8,10,0.6009377006322857,0.6009376,6204385279.999994,6,64,37500000.0,15000000.0,20000.0,50000.0,20,RMS,POW,LIN,0.7499839100000001,0.00077587869,0.0005818965336118779,33168000.0,-48.13694
2026-10-07T10:24:06,,2400000000.0,5000000000.0,0,8,10,0.6009377006322857,0.6009376,6204385279.999994,6,64,37500000.0,15000000.0,20000.0,50000.0,20,RMS,POW,LIN,0.7499839100000001,0.00077587869,0.0005818965336118779,33172000.0,-48.02308655
2026-10-07T10:24:06,,2400000000.0,5000000000.0,0,8,10,0.6009377006322857,0.6009376,6204385279.999994,6,64,37500000.0,15000000.0,20000.0,50000.0,20,RMS,POW,LIN,0.7499839100000001,0.00077587869,0.0005818965336118779,33176000.0,-47.5275116
2026-10-07T10:24:06,,2400000000.0,5000000000.0,0,8,10,0.6009377006322857,0.6009376,6204385279.999994,6,64,37500000.0,15000000.0,20000.0,50000.0,20,RMS,POW,LIN,0.7499839100000001,0.00077587869,0.0005818965336118779,33180000.0,-46.97340393
2026-10-07T10:24:06,,2400000000.0,5000000000.0,0,8,10,0.6009377006322857,0.6009376,6204385279.999994,6,64,37500000.0,15000000.0,20000.0,50000.0,20,RMS,POW,LIN,0.7499839100000001,0.00077587869,0.0005818965336118779,33184000.0,-46.72162247
2026-10-07T10:24:06,,2400000000.0,5000000000.0,0,8,10,0.6009377006322857,0.6009376,6204385279.999994,6,64,37500000.0,15000000.0,20000.0,50000.0,20,RMS,POW,LIN,0.7499839100000001,0.00077587869,0.0005818965336118779,33188000.0,-46.86959457
2026-10-07T10:24:06,,2400000000.0,5000000000.0,0,8,10,0.6009377006322857,0.6009376,6204385279.999994,6,64,37500000.0,15000000.0,20000.0,50000.0,20,RMS,POW,LIN,0.7499839100000001,0.00077587869,0.0005818965336118779,33192000.0,-47.22668839
2026-10-07T10:24:06,,2400000000.0,5000000000.0,0,8,10,0.6009377006322857,0.6009376,6204385279.999994,6,64,37500000.0,15000000.0,20000.0,50000.0,20,RMS,POW,LIN,0.7499839100000001,0.00077587869,0.0005818965336118779,33196000.0,-47.44004059
2026-10-07T10:24:06,,2400000000.0,5000000000.0,0,8,10,0.6009377006322857,0.6009376,6204385279.999994,6,64,37500000.0,15000000.0,20000.0,50000.0,20,RMS,POW,LIN,0.7499839100000001,0.00077587869,0.0005818965336118779,33200000.0,-47.31936646
2026-10-07T10:24:06,,2400000000.0,5000000000.0,0,8,10,0.6009377006322857,0.6009376,6204385279.999994,6,64,37500000.0,15000000.0,20000.0,50000.0,20,RMS,POW,LIN,0.7499839100000001,0.00077587869,0.0005818965336118779,33204000.0,-47.01921082
2026-10-07T10:24:06,,2400000000.0,5000000000.0,0,8,10,0.6009377006322857,0.6009376,6204385279.999994,6,64,37500000.0,15000000.0,20000.0,50000.0,20,RMS,POW,LIN,0.7499839100000001,0.00077587869,0.0005818965336118779,33208000.0,-46.77888489
2026-10-07T10:24:06,,2400000000.0,5000000000.0,0,8,10,0.6009377006322857,0.6009376,6204385279.999994,6,64,37500000.0,15000000.0,20000.0,50000.0,20,RMS,POW,LIN,0.7499839100000001,0.00077587869,0.0005818965336118779,33212000.0,-46.69400024
2026-10-07T10:24:06,,2400000000.0,5000000000.0,0,8,10,0.6009377006322857,0.6009376,6204385279.999994,6,64,37500000.0,15000000.0,20000.0,50000.0,20,RMS,POW,LIN,0.7499839100000001,0.00077587869,0.0005818965336118779,33216000.0,-46.74758148
2026-10-07T10:24:06,,2400000000.0,5000000000.0,0,8,10,0.6009377006322857,0.6009376,6204385279.999994,6,64,37500000.0,15000000.0,20000.0,50000.0,20,RMS,POW,LIN,0.7499839100000001,0.00077587869,0.0005818965336118779,33220000.0,-46.91971588
2026-10-07T10:24:06,,2400000000.0,5000000000.0,0,8,10,0.6009377006322857,0.6009376,6204385279.999994,6,64,37500000.0,15000000.0,20000.0,50000.0,20,RMS,POW,LIN,0.7499839100000001,0.00077587869,0.0005818965336118779,33224000.0,-47.227108
2026-10-07T10:24:06,,2400000000.0,5000000000.0,0,8,10,0.6009377006322857,0.6009376,6204385279.999994,6,64,37500000.0,15000000.0,20000.0,50000.0,20,RMS,POW,LIN,0.7499839100000001,0.00077587869,0.0005818965336118779,33228000.0,-47.65835953
2026-10-07T10:24:06,,2400000000.0,5000000000.0,0,8,10,0.6009377006322857,0.6009376,6204385279.999994,6,64,37500000.0,15000000.0,20000.0,50000.0,20,RMS,POW,LIN,0.7499839100000001,0.00077587869,0.0005818965336118779,33232000.0,-48.08230209
2026-10-07T10:24:06,,2400000000.0,5000000000.0,0,8,10,0.6009377006322857,0.6009376,6204385279.999994,6,64,37500000.0,15000000.0,20000.0,50000.0,20,RMS,POW,LIN,0.7499839100000001,0.00077587869,0.0005818965336118779,33236000.0,-48.27355957
2026-10-07T10:24:06,,2400000000.0,5000000000.0,0,8,10,0.6009377006322857,0.6009376,6204385279.999994,6,64,37500000.0,15000000.0,20000.0,50000.0,20,RMS,POW,LIN,0.7499839100000001,0.00077587869,0.0005818965336118779,33240000.0,-48.13571167
2026-10-07T10:24:06,,2400000000.0,5000000000.0,0,8,10,0.6009377006322857,0.6009376,6204385279.999994,6,64,37500000.0,15000000.0,20000.0,50000.0,20,RMS,POW,LIN,0.7499839100000001,0.00077587869,0.0005818965336118779,33244000.0,-47.84101486
2026-10-07T10:24:06,,2400000000.0,5000000000.0,0,8,10,0.6009377006322857,0.6009376,6204385279.999994,6,64,37500000.0,15000000.0,20000.0,50000.0,20,RMS,POW,LIN,0.7499839100000001,0.00077587869,0.0005818965336118779,33248000.0,-47.62958145
2026-10-07T10:24:06,,2400000000.0,5000000000.0,0,8,10,0.6009377006322857,0.6009376,6204385279.999994,6,64,37500000.0,15000000.0,20000.0,50000.0,20,RMS,POW,LIN,0.7499839100000001,0.00077587869,0.0005818965336118779,33252000.0,-47.57671356
2026-10-07T10:24:06,,2400000000.0,5000000000.0,0,8,10,0.6009377006322857,0.6009376,6204385279.999994,6,64,37500000.0,15000000.0,20000.0,50000.0,20,RMS,POW,LIN,0.7499839100000001,0.00077587869,0.0005818965336118779,33256000.0,-47.54926682
2026-10-07T10:24:06,,2400000000.0,5000000000.0,0,8,10,0.6009377006322857,0.6009376,6204385279.999994,6,64,37500000.0,15000000.0,20000.0,50000.0,20,RMS,POW,LIN,0.7499839100000001,0.00077587869,0.0005818965336118779,33260000.0,-47.32962418
2026-10-07T10:24:06,,2400000000.0,5000000000.0,0,8,10,0.6009377006322857,0.6009376,6204385279.999994,6,64,37500000.0,15000000.0,20000.0,50000.0,20,RMS,POW,LIN,0.7499839100000001,0.00077587869,0.0005818965336118779,33264000.0,-46.84306335
2026-10-07T10:24:06,,2400000000.0,5000000000.0,0,8,10,0.6009377006322857,0.6009376,6204385279.999994,6,64,37500000.0,15000000.0,20000.0,50000.0,20,RMS,POW,LIN,0.7499839100000001,0.00077587869,0.0005818965336118779,33268000.0,-46.2326622
2026-10-07T10:24:06,,2400000000.0,5000000000.0,0,8,10,0.6009377006322857,0.6009376,6204385279.999994,6,64,37500000.0,15000000.0,20000.0,50000.0,20,RMS,POW,LIN,0.7499839100000001,0.00077587869,0.0005818965336118779,33272000.0,-45.69312286
2026-10-07T10:24:06,,2400000000.0,5000000000.0,0,8,10,0.6009377006322857,0.6009376,6204385279.999994,6,64,37500000.0,15000000.0,20000.0,50000.0,20,RMS,POW,LIN,0.7499839100000001,0.00077587869,0.0005818965336118779,33276000.0,-45.3340683
2026-10-07T10:24:06,,2400000000.0,5000000000.0,0,8,10,0.6009377006322857,0.6009376,6204385279.999994,6,64,37500000.0,15000000.0,20000.0,50000.0,20,RMS,POW,LIN,0.7499839100000001,0.00077587869,0.0005818965336118779,33280000.0,-45.17314148
2026-10-07T10:24:06,,2400000000.0,5000000000.0,0,8,10,0.6009377006322857,0.6009376,6204385279.999994,6,64,37500000.0,15000000.0,20000.0,50000.0,20,RMS,POW,LIN,0.7499839100000001,0.00077587869,0.0005818965336118779,33284000.0,-45.16718674
2026-10-07T10:24:06,,2400000000.0,5000000000.0,0,8,10,0.6009377006322857,0.6009376,6204385279.999994,6,64,37500000.0,15000000.0,20000.0,50000.0,20,RMS,POW,LIN,0.7499839100000001,0.00077587869,0.0005818965336118779,33288000.0,-45.22325134
2026-10-07T10:24:06,,2400000000.0,5000000000.0,0,8,10,0.6009377006322857,0.6009376,6204385279.999994,6,64,37500000.0,15000000.0,20000.0,50000.0,20,RMS,POW,LIN,0.7499839100000001,0.00077587869,0.0005818965336118779,33292000.0,-45.20722198
2026-10-07T10:24:06,,2400000000.0,5000000000.0,0,8,10,0.6009377006322857,0.6009376,6204385279.999994,6,64,37500000.0,15000000.0,20000.0,50000.0,20,RMS,POW,LIN,0.7499839100000001,0.00077587869,0.0005818965336118779,33296000.0,-45.01493454
2026-10-07T10:24:06,,2400000000.0,5000000000.0,0,8,10,0.6009377006322857,0.6009376,6204385279.999994,6,64,37500000.0,15000000.0,20000.0,50000.0,20,RMS,POW,LIN,0.7499839100000001,0.00077587869,0.0005818965336118779,33300000.0,-44.6866951
2026-10-07T10:24:06,,2400000000.0,5000000000.0,0,8,10,0.6009377006322857,0.6009376,6204385279.999994,6,64,37500000.0,15000000.0,20000.0,50000.0,20,RMS,POW,LIN,0.7499839100000001,0.00077587869,0.0005818965336118779,33304000.0,-44.4026947
2026-10-07T10:24:06,,2400000000.0,5000000000.0,0,8,10,0.6009377006322857,0.6009376,6204385279.999994,6,64,37500000.0,15000000.0,20000.0,50000.0,20,RMS,POW,LIN,0.7499839100000001,0.00077587869,0.0005818965336118779,33308000.0,-44.33922577
2026-10-07T10:24:06,,2400000000.0,5000000000.0,0,8,10,0.6009377006322857,0.6009376,6204385279.999994,6,64,37500000.0,15000000.0,20000.0,50000.0,20,RMS,POW,LIN,0.7499839100000001,0.00077587869,0.0005818965336118779,33312000.0,-44.54497528
2026-10-07T10:24:06,,2400000000.0,5000000000.0,0,8,10,0.6009377006322857,0.6009376,6204385279.999994,6,64,37500000.0,15000000.0,20000.0,50000.0,20,RMS,POW,LIN,0.7499839100000001,0.00077587869,0.0005818965336118779,33316000.0,-44.89330292
2026-10-07T10:24:06,,2400000000.0,5000000000.0,0,8,10,0.6009377006322857,0.6009376,6204385279.999994,6,64,37500000.0,15000000.0,20000.0,50000.0,20,RMS,POW,LIN,0.7499839100000001,0.00077587869,0.0005818965336118779,33320000.0,-45.12297058
2026-10-07T10:24:06,,2400000000.0,5000000000.0,0,8,10,0.6009377006322857,0.6009376,6204385279.999994,6,64,37500000.0,15000000.0,20000.0,50000.0,20,RMS,POW,LIN,0.7499839100000001,0.00077587869,0.0005818965336118779,33324000.0,-45.03990936
2026-10-07T10:24:06,,2400000000.0,5000000000.0,0,8,10,0.6009377006322857,0.6009376,6204385279.999994,6,64,37500000.0,15000000.0,20000.0,50000.0,20,RMS,POW,LIN,0.7499839100000001,0.00077587869,0.0005818965336118779,33328000.0,-44.72779465
2026-10-07T10:24:06,,2400000000.0,5000000000.0,0,8,10,0.6009377006322857,0.6009376,6204385279.999994,6,64,37500000.0,15000000.0,20000.0,50000.0,20,RMS,POW,LIN,0.7499839100000001,0.00077587869,0.0005818965336118779,33332000.0,-44.44484329
2026-10-07T10:24:06,,2400000000.0,5000000000.0,0,8,10,0.6009377006322857,0.6009376,6204385279.999994,6,64,37500000.0,15000000.0,20000.0,50000.0,20,RMS,POW,LIN,0.7499839100000001,0.00077587869,0.0005818965336118779,33336000.0,-44.37822723
2026-10-07T10:24:06,,2400000000.0,5000000000.0,0,8,10,0.6009377006322857,0.6009376,6204385279.999994,6,64,37500000.0,15000000.0,20000.0,50000.0,20,RMS,POW,LIN,0.7499839100000001,0.00077587869,0.0005818965336118779,33340000.0,-44.53739548
2026-10-07T10:24:06,,2400000000.0,5000000000.0,0,8,10,0.6009377006322857,0.6009376,6204385279.999994,6,64,37500000.0,15000000.0,20000.0,50000.0,20,RMS,POW,LIN,0.7499839100000001,0.00077587869,0.0005818965336118779,33344000.0,-44.76177597
2026-10-07T10:24:06,,2400000000.0,5000000000.0,0,8,10,0.6009377006322857,0.6009376,6204385279.999994,6,64,37500000.0,15000000.0,20000.0,50000.0,20,RMS,POW,LIN,0.7499839100000001,0.00077587869,0.0005818965336118779,33348000.0,-44.82985306
2026-10-07T10:24:06,,2400000000.0,5000000000.0,0,8,10,0.6009377006322857,0.6009376,6204385279.999994,6,64,37500000.0,15000000.0,20000.0,50000.0,20,RMS,POW,LIN,0.7499839100000001,0.00077587869,0.0005818965336118779,33352000.0,-44.65633392
2026-10-07T10:24:06,,2400000000.0,5000000000.0,0,8,10,0.6009377006322857,0.6009376,6204385279.999994,6,64,37500000.0,15000000.0,20000.0,50000.0,20,RMS,POW,LIN,0.7499839100000001,0.00077587869,0.0005818965336118779,33356000.0,-44.34291077
2026-10-07T10:24:06,,2400000000.0,5000000000.0,0,8,10,0.6009377006322857,0.6009376,6204385279.999994,6,64,37500000.0,15000000.0,20000.0,50000.0,20,RMS,POW,LIN,0.7499839100000001,0.00077587869,0.0005818965336118779,33360000.0,-44.01357269
2026-10-07T10:24:06,,2400000000.0,5000000000.0,0,8,10,0.6009377006322857,0.6009376,6204385279.999994,6,64,37500000.0,15000000.0,20000.0,50000.0,20,RMS,POW,LIN,0.7499839100000001,0.00077587869,0.0005818965336118779,33364000.0,-43.71595383
2026-10-07T10:24:06,,2400000000.0,5000000000.0,0,8,10,0.6009377006322857,0.6009376,6204385279.999994,6,64,37500000.0,15000000.0,20000.0,50000.0,20,RMS,POW,LIN,0.7499839100000001,0.00077587869,0.0005818965336118779,33368000.0,-43.47711563
2026-10-07T10:24:06,,2400000000.0,5000000000.0,0,8,10,0.6009377006322857,0.6009376,6204385279.999994,6,64,37500000.0,15000000.0,20000.0,50000.0,20,RMS,POW,LIN,0.7499839100000001,0.00077587869,0.0005818965336118779,33372000.0,-43.36219025
2026-10-07T10:24:06,,2400000000.0,5000000000.0,0,8,10,0.6009377006322857,0.6009376,6204385279.999994,6,64,37500000.0,15000000.0,20000.0,50000.0,20,RMS,POW,LIN,0.7499839100000001,0.00077587869,0.0005818965336118779,33376000.0,-43.43776703
2026-10-07T10:24:06,,2400000000.0,5000000000.0,0,8,10,0.6009377006322857,0.6009376,6204385279.999994,6,64,37500000.0,15000000.0,20000.0,50000.0,20,RMS,POW,LIN,0.7499839100000001,0.00077587869,0.0005818965336118779,33380000.0,-43.68778992
2026-10-07T10:24:06,,2400000000.0,5000000000.0,0,8,10,0.6009377006322857,0.6009376,6204385279.999994,6,64,37500000.0,15000000.0,20000.0,50000.0,20,RMS,POW,LIN,0.7499839100000001,0.00077587869,0.0005818965336118779,33384000.0,-43.96994019
2026-10-07T10:24:06,,2400000000.0,5000000000.0,0,8,10,0.6009377006322857,0.6009376,6204385279.999994,6,64,37500000.0,15000000.0,20000.0,50000.0,20,RMS,POW,LIN,0.7499839100000001,0.00077587869,0.0005818965336118779,33388000.0,-44.08625793
2026-10-07T10:24:06,,2400000000.0,5000000000.0,0,8,10,0.6009377006322857,0.6009376,6204385279.999994,6,64,37500000.0,15000000.0,20000.0,50000.0,20,RMS,POW,LIN,0.7499839100000001,0.00077587869,0.0005818965336118779,33392000.0,-43.96042252
2026-10-07T10:24:06,,2400000000.0,5000000000.0,0,8,10,0.6009377006322857,0.6009376,6204385279.999994,6,64,37500000.0,15000000.0,20000.0,50000.0,20,RMS,POW,LIN,0.7499839100000001,0.00077587869,0.0005818965336118779,33396000.0,-43.70302582
2026-10-07T10:24:06,,2400000000.0,5000000000.0,0,8,10,0.6009377006322857,0.6009376,6204385279.999994,6,64,37500000.0,15000000.0,20000.0,50000.0,20,RMS,POW,LIN,0.7499839100000001,0.00077587869,0.0005818965336118779,33400000.0,-43.46281433
2026-10-07T10:24:06,,2400000000.0,5000000000.0,0,8,10,0.6009377006322857,0.6009376,6204385279.999994,6,64,37500000.0,15000000.0,20000.0,50000.0,20,RMS,POW,LIN,0.7499839100000001,0.00077587869,0.0005818965336118779,33404000.0,-43.29470825
2026-10-07T10:24:06,,2400000000.0,5000000000.0,0,8,10,0.6009377006322857,0.6009376,6204385279.999994,6,64,37500000.0,15000000.0,20000.0,50000.0,20,RMS,POW,LIN,0.7499839100000001,0.00077587869,0.0005818965336118779,33408000.0,-43.17238998
2026-10-07T10:24:06,,2400000000.0,5000000000.0,0,8,10,0.6009377006322857,0.6009376,6204385279.999994,6,64,37500000.0,15000000.0,20000.0,50000.0,20,RMS,POW,LIN,0.7499839100000001,0.00077587869,0.0005818965336118779,33412000.0,-43.07546234
2026-10-07T10:24:06,,2400000000.0,5000000000.0,0,8,10,0.6009377006322857,0.6009376,6204385279.999994,6,64,37500000.0,15000000.0,20000.0,50000.0,20,RMS,POW,LIN,0.7499839100000001,0.00077587869,0.0005818965336118779,33416000.0,-43.0441246
2026-10-07T10:24:06,,2400000000.0,5000000000.0,0,8,10,0.6009377006322857,0.6009376,6204385279.999994,6,64,37500000.0,15000000.0,20000.0,50000.0,20,RMS,POW,LIN,0.7499839100000001,0.00077587869,0.0005818965336118779,33420000.0,-43.14213943
2026-10-07T10:24:06,,2400000000.0,5000000000.0,0,8,10,0.6009377006322857,0.6009376,6204385279.999994,6,64,37500000.0,15000000.0,20000.0,50000.0,20,RMS,POW,LIN,0.7499839100000001,0.00077587869,0.0005818965336118779,33424000.0,-43.36912155
2026-10-07T10:24:06,,2400000000.0,5000000000.0,0,8,10,0.6009377006322857,0.6009376,6204385279.999994,6,64,37500000.0,15000000.0,20000.0,50000.0,20,RMS,POW,LIN,0.7499839100000001,0.00077587869,0.0005818965336118779,33428000.0,-43.61064148
2026-10-07T10:24:06,,2400000000.0,5000000000.0,0,8,10,0.6009377006322857,0.6009376,6204385279.999994,6,64,37500000.0,15000000.0,20000.0,50000.0,20,RMS,POW,LIN,0.7499839100000001,0.00077587869,0.0005818965336118779,33432000.0,-43.70180893
2026-10-07T10:24:06,,2400000000.0,5000000000.0,0,8,10,0.6009377006322857,0.6009376,6204385279.999994,6,64,37500000.0,15000000.0,20000.0,50000.0,20,RMS,POW,LIN,0.7499839100000001,0.00077587869,0.0005818965336118779,33436000.0,-43.58198929
2026-10-07T10:24:06,,2400000000.0,5000000000.0,0,8,10,0.6009377006322857,0.6009376,6204385279.999994,6,64,37500000.0,15000000.0,20000.0,50000.0,20,RMS,POW,LIN,0.7499839100000001,0.00077587869,0.0005818965336118779,33440000.0,-43.33947754
2026-10-07T10:24:06,,2400000000.0,5000000000.0,0,8,10,0.6009377006322857,0.6009376,6204385279.999994,6,64,37500000.0,15000000.0,20000.0,50000.0,20,RMS,POW,LIN,0.7499839100000001,0.00077587869,0.0005818965336118779,33444000.0,-43.085289
2026-10-07T10:24:06,,2400000000.0,5000000000.0,0,8,10,0.6009377006322857,0.6009376,6204385279.999994,6,64,37500000.0,15000000.0,20000.0,50000.0,20,RMS,POW,LIN,0.7499839100000001,0.00077587869,0.0005818965336118779,33448000.0,-42.86510468
2026-10-07T10:24:06,,2400000000.0,5000000000.0,0,8,10,0.6009377006322857,0.6009376,6204385279.999994,6,64,37500000.0,15000000.0,20000.0,50000.0,20,RMS,POW,LIN,0.7499839100000001,0.00077587869,0.0005818965336118779,33452000.0,-42.68958282
2026-10-07T10:24:06,,2400000000.0,5000000000.0,0,8,10,0.6009377006322857,0.6009376,6204385279.999994,6,64,37500000.0,15000000.0,20000.0,50000.0,20,RMS,POW,LIN,0.7499839100000001,0.00077587869,0.0005818965336118779,33456000.0,-42.58583069
2026-10-07T10:24:06,,2400000000.0,5000000000.0,0,8,10,0.6009377006322857,0.6009376,6204385279.999994,6,64,37500000.0,15000000.0,20000.0,50000.0,20,RMS,POW,LIN,0.7499839100000001,0.00077587869,0.0005818965336118779,33460000.0,-42.59193039
2026-10-07T10:24:06,,2400000000.0,5000000000.0,0,8,10,0.6009377006322857,0.6009376,6204385279.999994,6,64,37500000.0,15000000.0,20000.0,50000.0,20,RMS,POW,LIN,0.7499839100000001,0.00077587869,0.0005818965336118779,33464000.0,-42.70259476
2026-10-07T10:24:06,,2400000000.0,5000000000.0,0,8,10,0.6009377006322857,0.6009376,6204385279.999994,6,64,37500000.0,15000000.0,20000.0,50000.0,20,RMS,POW,LIN,0.7499839100000001,0.00077587869,0.0005818965336118779,33468000.0,-42.8225975
2026-10-07T10:24:06,,2400000000.0,5000000000.0,0,8,10,0.6009377006322857,0.6009376,6204385279.999994,6,64,37500000.0,15000000.0,20000.0,50000.0,20,RMS,POW,LIN,0.7499839100000001,0.00077587869,0.0005818965336118779,33472000.0,-42.80524063
2026-10-07T10:24:06,,2400000000.0,5000000000.0,0,8,10,0.6009377006322857,0.6009376,6204385279.999994,6,64,37500000.0,15000000.0,20000.0,50000.0,20,RMS,POW,LIN,0.7499839100000001,0.00077587869,0.0005818965336118779,33476000.0,-42.60373306
2026-10-07T10:24:06,,2400000000.0,5000000000.0,0,8,10,0.6009377006322857,0.6009376,6204385279.999994,6,64,37500000.0,15000000.0,20000.0,50000.0,20,RMS,POW,LIN,0.7499839100000001,0.00077587869,0.0005818965336118779,33480000.0,-42.36222076
2026-10-07T10:24:06,,2400000000.0,5000000000.0,0,8,10,0.6009377006322857,0.6009376,6204385279.999994,6,64,37500000.0,15000000.0,20000.0,50000.0,20,RMS,POW,LIN,0.7499839100000001,0.00077587869,0.0005818965336118779,33484000.0,-42.29916382
2026-10-07T10:24:06,,2400000000.0,5000000000.0,0,8,10,0.6009377006322857,0.6009376,6204385279.999994,6,64,37500000.0,15000000.0,20000.0,50000.0,20,RMS,POW,LIN,0.7499839100000001,0.00077587869,0.0005818965336118779,33488000.0,-42.5496788
2026-10-07T10:24:06,,2400000000.0,5000000000.0,0,8,10,0.6009377006322857,0.6009376,6204385279.999994,6,64,37500000.0,15000000.0,20000.0,50000.0,20,RMS,POW,LIN,0.7499839100000001,0.00077587869,0.0005818965336118779,33492000.0,-43.0982933
2026-10-07T10:24:06,,2400000000.0,5000000000.0,0,8,10,0.6009377006322857,0.6009376,6204385279.999994,6,64,37500000.0,15000000.0,20000.0,50000.0,20,RMS,POW,LIN,0.7499839100000001,0.00077587869,0.0005818965336118779,33496000.0,-43.76212692
2026-10-07T10:24:06,,2400000000.0,5000000000.0,0,8,10,0.6009377006322857,0.6009376,6204385279.999994,6,64,37500000.0,15000000.0,20000.0,50000.0,20,RMS,POW,LIN,0.7499839100000001,0.00077587869,0.0005818965336118779,33500000.0,-44.24367523
2026-10-07T10:24:06,,2400000000.0,5000000000.0,0,8,10,0.6009377006322857,0.6009376,6204385279.999994,6,64,37500000.0,15000000.0,20000.0,50000.0,20,RMS,POW,LIN,0.7499839100000001,0.00077587869,0.0005818965336118779,33504000.0,-44.34848404
2026-10-07T10:24:06,,2400000000.0,5000000000.0,0,8,10,0.6009377006322857,0.6009376,6204385279.999994,6,64,37500000.0,15000000.0,20000.0,50000.0,20,RMS,POW,LIN,0.7499839100000001,0.00077587869,0.0005818965336118779,33508000.0,-44.18357468
2026-10-07T10:24:06,,2400000000.0,5000000000.0,0,8,10,0.6009377006322857,0.6009376,6204385279.999994,6,64,37500000.0,15000000.0,20000.0,50000.0,20,RMS,POW,LIN,0.7499839100000001,0.00077587869,0.0005818965336118779,33512000.0,-44.01934052
2026-10-07T10:24:06,,2400000000.0,5000000000.0,0,8,10,0.6009377006322857,0.6009376,6204385279.999994,6,64,37500000.0,15000000.0,20000.0,50000.0,20,RMS,POW,LIN,0.7499839100000001,0.00077587869,0.0005818965336118779,33516000.0,-44.04801941
2026-10-07T10:24:06,,2400000000.0,5000000000.0,0,8,10,0.6009377006322857,0.6009376,6204385279.999994,6,64,37500000.0,15000000.0,20000.0,50000.0,20,RMS,POW,LIN,0.7499839100000001,0.00077587869,0.0005818965336118779,33520000.0,-44.30639648
2026-10-07T10:24:06,,2400000000.0,5000000000.0,0,8,10,0.6009377006322857,0.6009376,6204385279.999994,6,64,37500000.0,15000000.0,20000.0,50000.0,20,RMS,POW,LIN,0.7499839100000001,0.00077587869,0.0005818965336118779,33524000.0,-44.69199371
2026-10-07T10:24:06,,2400000000.0,5000000000.0,0,8,10,0.6009377006322857,0.6009376,6204385279.999994,6,64,37500000.0,15000000.0,20000.0,50000.0,20,RMS,POW,LIN,0.7499839100000001,0.00077587869,0.0005818965336118779,33528000.0,-45.0083046
2026-10-07T10:24:06,,2400000000.0,5000000000.0,0,8,10,0.6009377006322857,0.6009376,6204385279.999994,6,64,37500000.0,15000000.0,20000.0,50000.0,20,RMS,POW,LIN,0.7499839100000001,0.00077587869,0.0005818965336118779,33532000.0,-45.06761551
2026-10-07T10:24:06,,2400000000.0,5000000000.0,0,8,10,0.6009377006322857,0.6009376,6204385279.999994,6,64,37500000.0,15000000.0,20000.0,50000.0,20,RMS,POW,LIN,0.7499839100000001,0.00077587869,0.0005818965336118779,33536000.0,-44.83299255
2026-10-07T10:24:06,,2400000000.0,5000000000.0,0,8,10,0.6009377006322857,0.6009376,6204385279.999994,6,64,37500000.0,15000000.0,20000.0,50000.0,20,RMS,POW,LIN,0.7499839100000001,0.00077587869,0.0005818965336118779,33540000.0,-44.45479202
2026-10-07T10:24:06,,2400000000.0,5000000000.0,0,8,10,0.6009377006322857,0.6009376,6204385279.999994,6,64,37500000.0,15000000.0,20000.0,50000.0,20,RMS,POW,LIN,0.7499839100000001,0.00077587869,0.0005818965336118779,33544000.0,-44.15245438
2026-10-07T10:24:06,,2400000000.0,5000000000.0,0,8,10,0.6009377006322857,0.6009376,6204385279.999994,6,64,37500000.0,15000000.0,20000.0,50000.0,20,RMS,POW,LIN,0.7499839100000001,0.00077587869,0.0005818965336118779,33548000.0,-44.08210373
2026-10-07T10:24:06,,2400000000.0,5000000000.0,0,8,10,0.6009377006322857,0.6009376,6204385279.999994,6,64,37500000.0,15000000.0,20000.0,50000.0,20,RMS,POW,LIN,0.7499839100000001,0.00077587869,0.0005818965336118779,33552000.0,-44.27010727
2026-10-07T10:24:06,,2400000000.0,5000000000.0,0,8,10,0.6009377006322857,0.6009376,6204385279.999994,6,64,37500000.0,15000000.0,20000.0,50000.0,20,RMS,POW,LIN,0.7499839100000001,0.00077587869,0.0005818965336118779,33556000.0,-44.59573746
2026-10-07T10:24:06,,2400000000.0,5000000000.0,0,8,10,0.6009377006322857,0.6009376,6204385279.999994,6,64,37500000.0,15000000.0,20000.0,50000.0,20,RMS,POW,LIN,0.7499839100000001,0.00077587869,0.0005818965336118779,33560000.0,-44.85321426
2026-10-07T10:24:06,,2400000000.0,5000000000.0,0,8,10,0.6009377006322857,0.6009376,6204385279.999994,6,64,37500000.0,15000000.0,20000.0,50000.0,20,RMS,POW,LIN,0.7499839100000001,0.00077587869,0.0005818965336118779,33564000.0,-44.93379211
2026-10-07T10:24:06,,2400000000.0,5000000000.0,0,8,10,0.6009377006322857,0.6009376,6204385279.999994,6,64,37500000.0,15000000.0,20000.0,50000.0,20,RMS,POW,LIN,0.7499839100000001,0.00077587869,0.0005818965336118779,33568000.0,-44.9426384
2026-10-07T10:24:06,,2400000000.0,5000000000.0,0,8,10,0.6009377006322857,0.6009376,6204385279.999994,6,64,37500000.0,15000000.0,20000.0,50000.0,20,RMS,POW,LIN,0.7499839100000001,0.00077587869,0.0005818965336118779,33572000.0,-45.06016159
2026-10-07T10:24:06,,2400000000.0,5000000000.0,0,8,10,0.6009377006322857,0.6009376,6204385279.999994,6,64,37500000.0,15000000.0,20000.0,50000.0,20,RMS,POW,LIN,0.7499839100000001,0.00077587869,0.0005818965336118779,33576000.0,-45.35313416
2026-10-07T10:24:06,,2400000000.0,5000000000.0,0,8,10,0.6009377006322857,0.6009376,6204385279.999994,6,64,37500000.0,15000000.0,20000.0,50000.0,20,RMS,POW,LIN,0.7499839100000001,0.00077587869,0.0005818965336118779,33580000.0,-45.73592377
2026-10-07T10:24:06,,2400000000.0,5000000000.0,0,8,10,0.6009377006322857,0.6009376,6204385279.999994,6,64,37500000.0,15000000.0,20000.0,50000.0,20,RMS,POW,LIN,0.7499839100000001,0.00077587869,0.0005818965336118779,33584000.0,-46.05950546
2026-10-07T10:24:06,,2400000000.0,5000000000.0,0,8,10,0.6009377006322857,0.6009376,6204385279.999994,6,64,37500000.0,15000000.0,20000.0,50000.0,20,RMS,POW,LIN,0.7499839100000001,0.00077587869,0.0005818965336118779,33588000.0,-46.2413063
2026-10-07T10:24:06,,2400000000.0,5000000000.0,0,8,10,0.6009377006322857,0.6009376,6204385279.999994,6,64,37500000.0,15000000.0,20000.0,50000.0,20,RMS,POW,LIN,0.7499839100000001,0.00077587869,0.0005818965336118779,33592000.0,-46.29430008
2026-10-07T10:24:06,,2400000000.0,5000000000.0,0,8,10,0.6009377006322857,0.6009376,6204385279.999994,6,64,37500000.0,15000000.0,20000.0,50000.0,20,RMS,POW,LIN,0.7499839100000001,0.00077587869,0.0005818965336118779,33596000.0,-46.22907257
2026-10-07T10:24:06,,2400000000.0,5000000000.0,0,8,10,0.6009377006322857,0.6009376,6204385279.999994,6,64,37500000.0,15000000.0,20000.0,50000.0,20,RMS,POW,LIN,0.7499839100000001,0.00077587869,0.0005818965336118779,33600000.0,-45.99899673
2026-10-07T10:24:06,,2400000000.0,5000000000.0,0,8,10,0.6009377006322857,0.6009376,6204385279.999994,6,64,37500000.0,15000000.0,20000.0,50000.0,20,RMS,POW,LIN,0.7499839100000001,0.00077587869,0.0005818965336118779,33604000.0,-45.58512878
2026-10-07T10:24:06,,2400000000.0,5000000000.0,0,8,10,0.6009377006322857,0.6009376,6204385279.999994,6,64,37500000.0,15000000.0,20000.0,50000.0,20,RMS,POW,LIN,0.7499839100000001,0.00077587869,0.0005818965336118779,33608000.0,-45.0815239
2026-10-07T10:24:06,,2400000000.0,5000000000.0,0,8,10,0.6009377006322857,0.6009376,6204385279.999994,6,64,37500000.0,15000000.0,20000.0,50000.0,20,RMS,POW,LIN,0.7499839100000001,0.00077587869,0.0005818965336118779,33612000.0,-44.6290741
2026-10-07T10:24:06,,2400000000.0,5000000000.0,0,8,10,0.6009377006322857,0.6009376,6204385279.999994,6,64,37500000.0,15000000.0,20000.0,50000.0,20,RMS,POW,LIN,0.7499839100000001,0.00077587869,0.0005818965336118779,33616000.0,-44.29706955
2026-10-07T10:24:06,,2400000000.0,5000000000.0,0,8,10,0.6009377006322857,0.6009376,6204385279.999994,6,64,37500000.0,15000000.0,20000.0,50000.0,20,RMS,POW,LIN,0.7499839100000001,0.00077587869,0.0005818965336118779,33620000.0,-44.05668259
2026-10-07T10:24:06,,2400000000.0,5000000000.0,0,8,10,0.6009377006322857,0.6009376,6204385279.999994,6,64,37500000.0,15000000.0,20000.0,50000.0,20,RMS,POW,LIN,0.7499839100000001,0.00077587869,0.0005818965336118779,33624000.0,-43.85133362
2026-10-07T10:24:06,,2400000000.0,5000000000.0,0,8,10,0.6009377006322857,0.6009376,6204385279.999994,6,64,37500000.0,15000000.0,20000.0,50000.0,20,RMS,POW,LIN,0.7499839100000001,0.00077587869,0.0005818965336118779,33628000.0,-43.68738937
2026-10-07T10:24:06,,2400000000.0,5000000000.0,0,8,10,0.6009377006322857,0.6009376,6204385279.999994,6,64,37500000.0,15000000.0,20000.0,50000.0,20,RMS,POW,LIN,0.7499839100000001,0.00077587869,0.0005818965336118779,33632000.0,-43.65153503
2026-10-07T10:24:06,,2400000000.0,5000000000.0,0,8,10,0.6009377006322857,0.6009376,6204385279.999994,6,64,37500000.0,15000000.0,20000.0,50000.0,20,RMS,POW,LIN,0.7499839100000001,0.00077587869,0.0005818965336118779,33636000.0,-43.84188843
2026-10-07T10:24:06,,2400000000.0,5000000000.0,0,8,10,0.6009377006322857,0.6009376,6204385279.999994,6,64,37500000.0,15000000.0,20000.0,50000.0,20,RMS,POW,LIN,0.7499839100000001,0.00077587869,0.0005818965336118779,33640000.0,-44.27779007
2026-10-07T10:24:06,,2400000000.0,5000000000.0,0,8,10,0.6009377006322857,0.6009376,6204385279.999994,6,64,37500000.0,15000000.0,20000.0,50000.0,20,RMS,POW,LIN,0.7499839100000001,0.00077587869,0.0005818965336118779,33644000.0,-44.83204651
2026-10-07T10:24:06,,2400000000.0,5000000000.0,0,8,10,0.6009377006322857,0.6009376,6204385279.999994,6,64,37500000.0,15000000.0,20000.0,50000.0,20,RMS,POW,LIN,0.7499839100000001,0.00077587869,0.0005818965336118779,33648000.0,-45.24837875
2026-10-07T10:24:06,,2400000000.0,5000000000.0,0,8,10,0.6009377006322857,0.6009376,6204385279.999994,6,64,37500000.0,15000000.0,20000.0,50000.0,20,RMS,POW,LIN,0.7499839100000001,0.00077587869,0.0005818965336118779,33652000.0,-45.35137177
2026-10-07T10:24:06,,2400000000.0,5000000000.0,0,8,10,0.6009377006322857,0.6009376,6204385279.999994,6,64,37500000.0,15000000.0,20000.0,50000.0,20,RMS,POW,LIN,0.7499839100000001,0.00077587869,0.0005818965336118779,33656000.0,-45.25595474
2026-10-07T10:24:06,,2400000000.0,5000000000.0,0,8,10,0.6009377006322857,0.6009376,6204385279.999994,6,64,37500000.0,15000000.0,20000.0,50000.0,20,RMS,POW,LIN,0.7499839100000001,0.00077587869,0.0005818965336118779,33660000.0,-45.21627426
2026-10-07T10:24:06,,2400000000.0,5000000000.0,0,8,10,0.6009377006322857,0.6009376,6204385279.999994,6,64,37500000.0,15000000.0,20000.0,50000.0,20,RMS,POW,LIN,0.7499839100000001,0.00077587869,0.0005818965336118779,33664000.0,-45.36590195
2026-10-07T10:24:06,,2400000000.0,5000000000.0,0,8,10,0.6009377006322857,0.6009376,6204385279.999994,6,64,37500000.0,15000000.0,20000.0,50000.0,20,RMS,POW,LIN,0.7499839100000001,0.00077587869,0.0005818965336118779,33668000.0,-45.6623497
2026-10-07T10:24:06,,2400000000.0,5000000000.0,0,8,10,0.6009377006322857,0.6009376,6204385279.999994,6,64,37500000.0,15000000.0,20000.0,50000.0,20,RMS,POW,LIN,0.7499839100000001,0.00077587869,0.0005818965336118779,33672000.0,-45.97618484
2026-10-07T10:24:06,,2400000000.0,5000000000.0,0,8,10,0.6009377006322857,0.6009376,6204385279.999994,6,64,37500000.0,15000000.0,20000.0,50000.0,20,RMS,POW,LIN,0.7499839100000001,0.00077587869,0.0005818965336118779,33676000.0,-46.21492767
2026-10-07T10:24:06,,2400000000.0,5000000000.0,0,8,10,0.6009377006322857,0.6009376,6204385279.999994,6,64,37500000.0,15000000.0,20000.0,50000.0,20,RMS,POW,LIN,0.7499839100000001,0.00077587869,0.0005818965336118779,33680000.0,-46.37736893
2026-10-07T10:24:06,,2400000000.0,5000000000.0,0,8,10,0.6009377006322857,0.6009376,6204385279.999994,6,64,37500000.0,15000000.0,20000.0,50000.0,20,RMS,POW,LIN,0.7499839100000001,0.00077587869,0.0005818965336118779,33684000.0,-46.49642563
2026-10-07T10:24:06,,2400000000.0,5000000000.0,0,8,10,0.6009377006322857,0.6009376,6204385279.999994,6,64,37500000.0,15000000.0,20000.0,50000.0,20,RMS,POW,LIN,0.7499839100000001,0.00077587869,0.0005818965336118779,33688000.0,-46.56335068
2026-10-07T10:24:06,,2400000000.0,5000000000.0,0,8,10,0.6009377006322857,0.6009376,6204385279.999994,6,64,37500000.0,15000000.0,20000.0,50000.0,20,RMS,POW,LIN,0.7499839100000001,0.00077587869,0.0005818965336118779,33692000.0,-46.52906418
2026-10-07T10:24:06,,2400000000.0,5000000000.0,0,8,10,0.6009377006322857,0.6009376,6204385279.999994,6,64,37500000.0,15000000.0,20000.0,50000.0,20,RMS,POW,LIN,0.7499839100000001,0.00077587869,0.0005818965336118779,33696000.0,-46.37914276
2026-10-07T10:24:06,,2400000000.0,5000000000.0,0,8,10,0.6009377006322857,0.6009376,6204385279.999994,6,64,37500000.0,15000000.0,20000.0,50000.0,20,RMS,POW,LIN,0.7499839100000001,0.00077587869,0.0005818965336118779,33700000.0,-46.18738556
2026-10-07T10:24:06,,2400000000.0,5000000000.0,0,8,10,0.6009377006322857,0.6009376,6204385279.999994,6,64,37500000.0,15000000.0,20000.0,50000.0,20,RMS,POW,LIN,0.7499839100000001,0.00077587869,0.0005818965336118779,33704000.0,-46.07369995
2026-10-07T10:24:06,,2400000000.0,5000000000.0,0,8,10,0.6009377006322857,0.6009376,6204385279.999994,6,64,37500000.0,15000000.0,20000.0,50000.0,20,RMS,POW,LIN,0.7499839100000001,0.00077587869,0.0005818965336118779,33708000.0,-46.12148285
2026-10-07T10:24:06,,2400000000.0,5000000000.0,0,8,10,0.6009377006322857,0.6009376,6204385279.999994,6,64,37500000.0,15000000.0,20000.0,50000.0,20,RMS,POW,LIN,0.7499839100000001,0.00077587869,0.0005818965336118779,33712000.0,-46.33156967
2026-10-07T10:24:06,,2400000000.0,5000000000.0,0,8,10,0.6009377006322857,0.6009376,6204385279.999994,6,64,37500000.0,15000000.0,20000.0,50000.0,20,RMS,POW,LIN,0.7499839100000001,0.00077587869,0.0005818965336118779,33716000.0,-46.62070465
2026-10-07T10:24:06,,2400000000.0,5000000000.0,0,8,10,0.6009377006322857,0.6009376,6204385279.999994,6,64,37500000.0,15000000.0,20000.0,50000.0,20,RMS,POW,LIN,0.7499839100000001,0.00077587869,0.0005818965336118779,33720000.0,-46.86018372
2026-10-07T10:24:06,,2400000000.0,5000000000.0,0,8,10,0.6009377006322857,0.6009376,6204385279.999994,6,64,37500000.0,15000000.0,20000.0,50000.0,20,RMS,POW,LIN,0.7499839100000001,0.00077587869,0.0005818965336118779,33724000.0,-46.95883942
2026-10-07T10:24:06,,2400000000.0,5000000000.0,0,8,10,0.6009377006322857,0.6009376,6204385279.999994,6,64,37500000.0,15000000.0,20000.0,50000.0,20,RMS,POW,LIN,0.7499839100000001,0.00077587869,0.0005818965336118779,33728000.0,-46.93124008
2026-10-07T10:24:06,,2400000000.0,5000000000.0,0,8,10,0.6009377006322857,0.6009376,6204385279.999994,6,64,37500000.0,15000000.0,20000.0,50000.0,20,RMS,POW,LIN,0.7499839100000001,0.00077587869,0.0005818965336118779,33732000.0,-46.86249161
2026-10-07T10:24:06,,2400000000.0,5000000000.0,0,8,10,0.6009377006322857,0.6009376,6204385279.999994,6,64,37500000.0,15000000.0,20000.0,50000.0,20,RMS,POW,LIN,0.7499839100000001,0.00077587869,0.0005818965336118779,33736000.0,-46.81276703
2026-10-07T10:24:06,,2400000000.0,5000000000.0,0,8,10,0.6009377006322857,0.6009376,6204385279.999994,6,64,37500000.0,15000000.0,20000.0,50000.0,20,RMS,POW,LIN,0.7499839100000001,0.00077587869,0.0005818965336118779,33740000.0,-46.77906418
2026-10-07T10:24:06,,2400000000.0,5000000000.0,0,8,10,0.6009377006322857,0.6009376,6204385279.999994,6,64,37500000.0,15000000.0,20000.0,50000.0,20,RMS,POW,LIN,0.7499839100000001,0.00077587869,0.0005818965336118779,33744000.0,-46.74160385
2026-10-07T10:24:06,,2400000000.0,5000000000.0,0,8,10,0.6009377006322857,0.6009376,6204385279.999994,6,64,37500000.0,15000000.0,20000.0,50000.0,20,RMS,POW,LIN,0.7499839100000001,0.00077587869,0.0005818965336118779,33748000.0,-46.72624969
2026-10-07T10:24:06,,2400000000.0,5000000000.0,0,8,10,0.6009377006322857,0.6009376,6204385279.999994,6,64,37500000.0,15000000.0,20000.0,50000.0,20,RMS,POW,LIN,0.7499839100000001,0.00077587869,0.0005818965336118779,33752000.0,-46.80354309
2026-10-07T10:24:06,,2400000000.0,5000000000.0,0,8,10,0.6009377006322857,0.6009376,6204385279.999994,6,64,37500000.0,15000000.0,20000.0,50000.0,20,RMS,POW,LIN,0.7499839100000001,0.00077587869,0.0005818965336118779,33756000.0,-47.02643967
2026-10-07T10:24:06,,2400000000.0,5000000000.0,0,8,10,0.6009377006322857,0.6009376,6204385279.999994,6,64,37500000.0,15000000.0,20000.0,50000.0,20,RMS,POW,LIN,0.7499839100000001,0.00077587869,0.0005818965336118779,33760000.0,-47.37148285
2026-10-07T10:24:06,,2400000000.0,5000000000.0,0,8,10,0.6009377006322857,0.6009376,6204385279.999994,6,64,37500000.0,15000000.0,20000.0,50000.0,20,RMS,POW,LIN,0.7499839100000001,0.00077587869,0.0005818965336118779,33764000.0,-47.72799683
2026-10-07T10:24:06,,2400000000.0,5000000000.0,0,8,10,0.6009377006322857,0.6009376,6204385279.999994,6,64,37500000.0,15000000.0,20000.0,50000.0,20,RMS,POW,LIN,0.7499839100000001,0.00077587869,0.0005818965336118779,33768000.0,-47.95504379
2026-10-07T10:24:06,,2400000000.0,5000000000.0,0,8,10,0.6009377006322857,0.6009376,6204385279.999994,6,64,37500000.0,15000000.0,20000.0,50000.0,20,RMS,POW,LIN,0.7499839100000001,0.00077587869,0.0005818965336118779,33772000.0,-47.98286438
2026-10-07T10:24:06,,2400000000.0,5000000000.0,0,8,10,0.6009377006322857,0.6009376,6204385279.999994,6,64,37500000.0,15000000.0,20000.0,50000.0,20,RMS,POW,LIN,0.7499839100000001,0.00077587869,0.0005818965336118779,33776000.0,-47.86048508
2026-10-07T10:24:06,,2400000000.0,5000000000.0,0,8,10,0.6009377006322857,0.6009376,6204385279.999994,6,64,37500000.0,15000000.0,20000.0,50000.0,20,RMS,POW,LIN,0.7499839100000001,0.00077587869,0.0005818965336118779,33780000.0,-47.69960403
2026-10-07T10:24:06,,2400000000.0,5000000000.0,0,8,10,0.6009377006322857,0.6009376,6204385279.999994,6,64,37500000.0,15000000.0,20000.0,50000.0,20,RMS,POW,LIN,0.7499839100000001,0.00077587869,0.0005818965336118779,33784000.0,-47.59880447
2026-10-07T10:24:06,,2400000000.0,5000000000.0,0,8,10,0.6009377006322857,0.6009376,6204385279.999994,6,64,37500000.0,15000000.0,20000.0,50000.0,20,RMS,POW,LIN,0.7499839100000001,0.00077587869,0.0005818965336118779,33788000.0,-47.61563492
2026-10-07T10:24:06,,2400000000.0,5000000000.0,0,8,10,0.6009377006322857,0.6009376,6204385279.999994,6,64,37500000.0,15000000.0,20000.0,50000.0,20,RMS,POW,LIN,0.7499839100000001,0.00077587869,0.0005818965336118779,33792000.0,-47.76904297
2026-10-07T10:24:06,,2400000000.0,5000000000.0,0,8,10,0.6009377006322857,0.6009376,6204385279.999994,6,64,37500000.0,15000000.0,20000.0,50000.0,20,RMS,POW,LIN,0.7499839100000001,0.00077587869,0.0005818965336118779,33796000.0,-48.0384407
2026-10-07T10:24:06,,2400000000.0,5000000000.0,0,8,10,0.6009377006322857,0.6009376,6204385279.999994,6,64,37500000.0,15000000.0,20000.0,50000.0,20,RMS,POW,LIN,0.7499839100000001,0.00077587869,0.0005818965336118779,33800000.0,-48.35540009
2026-10-07T10:24:06,,2400000000.0,5000000000.0,0,8,10,0.6009377006322857,0.6009376,6204385279.999994,6,64,37500000.0,15000000.0,20000.0,50000.0,20,RMS,POW,LIN,0.7499839100000001,0.00077587869,0.0005818965336118779,33804000.0,-48.61384583
2026-10-07T10:24:06,,2400000000.0,5000000000.0,0,8,10,0.6009377006322857,0.6009376,6204385279.999994,6,64,37500000.0,15000000.0,20000.0,50000.0,20,RMS,POW,LIN,0.7499839100000001,0.00077587869,0.0005818965336118779,33808000.0,-48.71680069
2026-10-07T10:24:06,,2400000000.0,5000000000.0,0,8,10,0.6009377006322857,0.6009376,6204385279.999994,6,64,37500000.0,15000000.0,20000.0,50000.0,20,RMS,POW,LIN,0.7499839100000001,0.00077587869,0.0005818965336118779,33812000.0,-48.61981964
2026-10-07T10:24:06,,2400000000.0,5000000000.0,0,8,10,0.6009377006322857,0.6009376,6204385279.999994,6,64,37500000.0,15000000.0,20000.0,50000.0,20,RMS,POW,LIN,0.7499839100000001,0.00077587869,0.0005818965336118779,33816000.0,-48.32561493
2026-10-07T10:24:06,,2400000000.0,5000000000.0,0,8,10,0.6009377006322857,0.6009376,6204385279.999994,6,64,37500000.0,15000000.0,20000.0,50000.0,20,RMS,POW,LIN,0.7499839100000001,0.00077587869,0.0005818965336118779,33820000.0,-47.87156296
2026-10-07T10:24:06,,2400000000.0,5000000000.0,0,8,10,0.6009377006322857,0.6009376,6204385279.999994,6,64,37500000.0,15000000.0,20000.0,50000.0,20,RMS,POW,LIN,0.7499839100000001,0.00077587869,0.0005818965336118779,33824000.0,-47.3445816
2026-10-07T10:24:06,,2400000000.0,5000000000.0,0,8,10,0.6009377006322857,0.6009376,6204385279.999994,6,64,37500000.0,15000000.0,20000.0,50000.0,20,RMS,POW,LIN,0.7499839100000001,0.00077587869,0.0005818965336118779,33828000.0,-46.86602783
2026-10-07T10:24:06,,2400000000.0,5000000000.0,0,8,10,0.6009377006322857,0.6009376,6204385279.999994,6,64,37500000.0,15000000.0,20000.0,50000.0,20,RMS,POW,LIN,0.7499839100000001,0.00077587869,0.0005818965336118779,33832000.0,-46.52860641
2026-10-07T10:24:06,,2400000000.0,5000000000.0,0,8,10,0.6009377006322857,0.6009376,6204385279.999994,6,64,37500000.0,15000000.0,20000.0,50000.0,20,RMS,POW,LIN,0.7499839100000001,0.00077587869,0.0005818965336118779,33836000.0,-46.34904099
2026-10-07T10:24:06,,2400000000.0,5000000000.0,0,8,10,0.6009377006322857,0.6009376,6204385279.999994,6,64,37500000.0,15000000.0,20000.0,50000.0,20,RMS,POW,LIN,0.7499839100000001,0.00077587869,0.0005818965336118779,33840000.0,-46.27581406
2026-10-07T10:24:06,,2400000000.0,5000000000.0,0,8,10,0.6009377006322857,0.6009376,6204385279.999994,6,64,37500000.0,15000000.0,20000.0,50000.0,20,RMS,POW,LIN,0.7499839100000001,0.00077587869,0.0005818965336118779,33844000.0,-46.23691559
2026-10-07T10:24:06,,2400000000.0,5000000000.0,0,8,10,0.6009377006322857,0.6009376,6204385279.999994,6,64,37500000.0,15000000.0,20000.0,50000.0,20,RMS,POW,LIN,0.7499839100000001,0.00077587869,0.0005818965336118779,33848000.0,-46.18513107
2026-10-07T10:24:06,,2400000000.0,5000000000.0,0,8,10,0.6009377006322857,0.6009376,6204385279.999994,6,64,37500000.0,15000000.0,20000.0,50000.0,20,RMS,POW,LIN,0.7499839100000001,0.00077587869,0.0005818965336118779,33852000.0,-46.10967255
2026-10-07T10:24:06,,2400000000.0,5000000000.0,0,8,10,0.6009377006322857,0.6009376,6204385279.999994,6,64,37500000.0,15000000.0,20000.0,50000.0,20,RMS,POW,LIN,0.7499839100000001,0.00077587869,0.0005818965336118779,33856000.0,-46.03038025
2026-10-07T10:24:06,,2400000000.0,5000000000.0,0,8,10,0.6009377006322857,0.6009376,6204385279.999994,6,64,37500000.0,15000000.0,20000.0,50000.0,20,RMS,POW,LIN,0.7499839100000001,0.00077587869,0.0005818965336118779,33860000.0,-46.00072479
2026-10-07T10:24:06,,2400000000.0,5000000000.0,0,8,10,0.6009377006322857,0.6009376,6204385279.999994,6,64,37500000.0,15000000.0,20000.0,50000.0,20,RMS,POW,LIN,0.7499839100000001,0.00077587869,0.0005818965336118779,33864000.0,-46.10278702
2026-10-07T10:24:06,,2400000000.0,5000000000.0,0,8,10,0.6009377006322857,0.6009376,6204385279.999994,6,64,37500000.0,15000000.0,20000.0,50000.0,20,RMS,POW,LIN,0.7499839100000001,0.00077587869,0.0005818965336118779,33868000.0,-46.41102219
2026-10-07T10:24:06,,2400000000.0,5000000000.0,0,8,10,0.6009377006322857,0.6009376,6204385279.999994,6,64,37500000.0,15000000.0,20000.0,50000.0,20,RMS,POW,LIN,0.7499839100000001,0.00077587869,0.0005818965336118779,33872000.0,-46.93746185
2026-10-07T10:24:06,,2400000000.0,5000000000.0,0,8,10,0.6009377006322857,0.6009376,6204385279.999994,6,64,37500000.0,15000000.0,20000.0,50000.0,20,RMS,POW,LIN,0.7499839100000001,0.00077587869,0.0005818965336118779,33876000.0,-47.58646774
2026-10-07T10:24:06,,2400000000.0,5000000000.0,0,8,10,0.6009377006322857,0.6009376,6204385279.999994,6,64,37500000.0,15000000.0,20000.0,50000.0,20,RMS,POW,LIN,0.7499839100000001,0.00077587869,0.0005818965336118779,33880000.0,-48.15702438
2026-10-07T10:24:06,,2400000000.0,5000000000.0,0,8,10,0.6009377006322857,0.6009376,6204385279.999994,6,64,37500000.0,15000000.0,20000.0,50000.0,20,RMS,POW,LIN,0.7499839100000001,0.00077587869,0.0005818965336118779,33884000.0,-48.44824982
2026-10-07T10:24:06,,2400000000.0,5000000000.0,0,8,10,0.6009377006322857,0.6009376,6204385279.999994,6,64,37500000.0,15000000.0,20000.0,50000.0,20,RMS,POW,LIN,0.7499839100000001,0.00077587869,0.0005818965336118779,33888000.0,-48.42108154
2026-10-07T10:24:06,,2400000000.0,5000000000.0,0,8,10,0.6009377006322857,0.6009376,6204385279.999994,6,64,37500000.0,15000000.0,20000.0,50000.0,20,RMS,POW,LIN,0.7499839100000001,0.00077587869,0.0005818965336118779,33892000.0,-48.21696091
2026-10-07T10:24:06,,2400000000.0,5000000000.0,0,8,10,0.6009377006322857,0.6009376,6204385279.999994,6,64,37500000.0,15000000.0,20000.0,50000.0,20,RMS,POW,LIN,0.7499839100000001,0.00077587869,0.0005818965336118779,33896000.0,-48.01888657
2026-10-07T10:24:06,,2400000000.0,5000000000.0,0,8,10,0.6009377006322857,0.6009376,6204385279.999994,6,64,37500000.0,15000000.0,20000.0,50000.0,20,RMS,POW,LIN,0.7499839100000001,0.00077587869,0.0005818965336118779,33900000.0,-47.94263077
2026-10-07T10:24:06,,2400000000.0,5000000000.0,0,8,10,0.6009377006322857,0.6009376,6204385279.999994,6,64,37500000.0,15000000.0,20000.0,50000.0,20,RMS,POW,LIN,0.7499839100000001,0.00077587869,0.0005818965336118779,33904000.0,-48.0153389
2026-10-07T10:24:06,,2400000000.0,5000000000.0,0,8,10,0.6009377006322857,0.6009376,6204385279.999994,6,64,37500000.0,15000000.0,20000.0,50000.0,20,RMS,POW,LIN,0.7499839100000001,0.00077587869,0.0005818965336118779,33908000.0,-48.19582367
2026-10-07T10:24:06,,2400000000.0,5000000000.0,0,8,10,0.6009377006322857,0.6009376,6204385279.999994,6,64,37500000.0,15000000.0,20000.0,50000.0,20,RMS,POW,LIN,0.7499839100000001,0.00077587869,0.0005818965336118779,33912000.0,-48.40011978
2026-10-07T10:24:06,,2400000000.0,5000000000.0,0,8,10,0.6009377006322857,0.6009376,6204385279.999994,6,64,37500000.0,15000000.0,20000.0,50000.0,20,RMS,POW,LIN,0.7499839100000001,0.00077587869,0.0005818965336118779,33916000.0,-48.52074814
2026-10-07T10:24:06,,2400000000.0,5000000000.0,0,8,10,0.6009377006322857,0.6009376,6204385279.999994,6,64,37500000.0,15000000.0,20000.0,50000.0,20,RMS,POW,LIN,0.7499839100000001,0.00077587869,0.0005818965336118779,33920000.0,-48.46699142
2026-10-07T10:24:06,,2400000000.0,5000000000.0,0,8,10,0.6009377006322857,0.6009376,6204385279.999994,6,64,37500000.0,15000000.0,20000.0,50000.0,20,RMS,POW,LIN,0.7499839100000001,0.00077587869,0.0005818965336118779,33924000.0,-48.24019241
2026-10-07T10:24:06,,2400000000.0,5000000000.0,0,8,10,0.6009377006322857,0.6009376,6204385279.999994,6,64,37500000.0,15000000.0,20000.0,50000.0,20,RMS,POW,LIN,0.7499839100000001,0.00077587869,0.0005818965336118779,33928000.0,-47.9506073
2026-10-07T10:24:06,,2400000000.0,5000000000.0,0,8,10,0.6009377006322857,0.6009376,6204385279.999994,6,64,37500000.0,15000000.0,20000.0,50000.0,20,RMS,POW,LIN,0.7499839100000001,0.00077587869,0.0005818965336118779,33932000.0,-47.71869659
2026-10-07T10:24:06,,2400000000.0,5000000000.0,0,8,10,0.6009377006322857,0.6009376,6204385279.999994,6,64,37500000.0,15000000.0,20000.0,50000.0,20,RMS,POW,LIN,0.7499839100000001,0.00077587869,0.0005818965336118779,33936000.0,-47.57399368
2026-10-07T10:24:06,,2400000000.0,5000000000.0,0,8,10,0.6009377006322857,0.6009376,6204385279.999994,6,64,37500000.0,15000000.0,20000.0,50000.0,20,RMS,POW,LIN,0.7499839100000001,0.00077587869,0.0005818965336118779,33940000.0,-47.4530983
2026-10-07T10:24:06,,2400000000.0,5000000000.0,0,8,10,0.6009377006322857,0.6009376,6204385279.999994,6,64,37500000.0,15000000.0,20000.0,50000.0,20,RMS,POW,LIN,0.7499839100000001,0.00077587869,0.0005818965336118779,33944000.0,-47.29090881
2026-10-07T10:24:06,,2400000000.0,5000000000.0,0,8,10,0.6009377006322857,0.6009376,6204385279.999994,6,64,37500000.0,15000000.0,20000.0,50000.0,20,RMS,POW,LIN,0.7499839100000001,0.00077587869,0.0005818965336118779,33948000.0,-47.11375809
2026-10-07T10:24:06,,2400000000.0,5000000000.0,0,8,10,0.6009377006322857,0.6009376,6204385279.999994,6,64,37500000.0,15000000.0,20000.0,50000.0,20,RMS,POW,LIN,0.7499839100000001,0.00077587869,0.0005818965336118779,33952000.0,-47.02822876
2026-10-07T10:24:06,,2400000000.0,5000000000.0,0,8,10,0.6009377006322857,0.6009376,6204385279.999994,6,64,37500000.0,15000000.0,20000.0,50000.0,20,RMS,POW,LIN,0.7499839100000001,0.00077587869,0.0005818965336118779,33956000.0,-47.12995529
2026-10-07T10:24:06,,2400000000.0,5000000000.0,0,8,10,0.6009377006322857,0.6009376,6204385279.999994,6,64,37500000.0,15000000.0,20000.0,50000.0,20,RMS,POW,LIN,0.7499839100000001,0.00077587869,0.0005818965336118779,33960000.0,-47.43001938
2026-10-07T10:24:06,,2400000000.0,5000000000.0,0,8,10,0.6009377006322857,0.6009376,6204385279.999994,6,64,37500000.0,15000000.0,20000.0,50000.0,20,RMS,POW,LIN,0.7499839100000001,0.00077587869,0.0005818965336118779,33964000.0,-47.82787323
2026-10-07T10:24:06,,2400000000.0,5000000000.0,0,8,10,0.6009377006322857,0.6009376,6204385279.999994,6,64,37500000.0,15000000.0,20000.0,50000.0,20,RMS,POW,LIN,0.7499839100000001,0.00077587869,0.0005818965336118779,33968000.0,-48.13331223
2026-10-07T10:24:06,,2400000000.0,5000000000.0,0,8,10,0.6009377006322857,0.6009376,6204385279.999994,6,64,37500000.0,15000000.0,20000.0,50000.0,20,RMS,POW,LIN,0.7499839100000001,0.00077587869,0.0005818965336118779,33972000.0,-48.16926193
2026-10-07T10:24:06,,2400000000.0,5000000000.0,0,8,10,0.6009377006322857,0.6009376,6204385279.999994,6,64,37500000.0,15000000.0,20000.0,50000.0,20,RMS,POW,LIN,0.7499839100000001,0.00077587869,0.0005818965336118779,33976000.0,-47.90911102
2026-10-07T10:24:06,,2400000000.0,5000000000.0,0,8,10,0.6009377006322857,0.6009376,6204385279.999994,6,64,37500000.0,15000000.0,20000.0,50000.0,20,RMS,POW,LIN,0.7499839100000001,0.00077587869,0.0005818965336118779,33980000.0,-47.48303604
2026-10-07T10:24:06,,2400000000.0,5000000000.0,0,8,10,0.6009377006322857,0.6009376,6204385279.999994,6,64,37500000.0,15000000.0,20000.0,50000.0,20,RMS,POW,LIN,0.7499839100000001,0.00077587869,0.0005818965336118779,33984000.0,-47.05710983
2026-10-07T10:24:06,,2400000000.0,5000000000.0,0,8,10,0.6009377006322857,0.6009376,6204385279.999994,6,64,37500000.0,15000000.0,20000.0,50000.0,20,RMS,POW,LIN,0.7499839100000001,0.00077587869,0.0005818965336118779,33988000.0,-46.75523376
2026-10-07T10:24:06,,2400000000.0,5000000000.0,0,8,10,0.6009377006322857,0.6009376,6204385279.999994,6,64,37500000.0,15000000.0,20000.0,50000.0,20,RMS,POW,LIN,0.7499839100000001,0.00077587869,0.0005818965336118779,33992000.0,-46.65581131
2026-10-07T10:24:06,,2400000000.0,5000000000.0,0,8,10,0.6009377006322857,0.6009376,6204385279.999994,6,64,37500000.0,15000000.0,20000.0,50000.0,20,RMS,POW,LIN,0.7499839100000001,0.00077587869,0.0005818965336118779,33996000.0,-46.79636002
2026-10-07T10:24:06,,2400000000.0,5000000000.0,0,8,10,0.6009377006322857,0.6009376,6204385279.999994,6,64,37500000.0,15000000.0,20000.0,50000.0,20,RMS,POW,LIN,0.7499839100000001,0.00077587869,0.0005818965336118779,34000000.0,-47.15668106
2026-10-07T10:24:06,,2400000000.0,5000000000.0,0,8,10,0.6009377006322857,0.6009376,6204385279.999994,6,64,37500000.0,15000000.0,20000.0,50000.0,20,RMS,POW,LIN,0.7499839100000001,0.00077587869,0.0005818965336118779,34004000.0,-47.63807297
2026-10-07T10:24:06,,2400000000.0,5000000000.0,0,8,10,0.6009377006322857,0.6009376,6204385279.999994,6,64,37500000.0,15000000.0,20000.0,50000.0,20,RMS,POW,LIN,0.7499839100000001,0.00077587869,0.0005818965336118779,34008000.0,-48.07688522
2026-10-07T10:24:06,,2400000000.0,5000000000.0,0,8,10,0.6009377006322857,0.6009376,6204385279.999994,6,64,37500000.0,15000000.0,20000.0,50000.0,20,RMS,POW,LIN,0.7499839100000001,0.00077587869,0.0005818965336118779,34012000.0,-48.3172226
2026-10-07T10:24:06,,2400000000.0,5000000000.0,0,8,10,0.6009377006322857,0.6009376,6204385279.999994,6,64,37500000.0,15000000.0,20000.0,50000.0,20,RMS,POW,LIN,0.7499839100000001,0.00077587869,0.0005818965336118779,34016000.0,-48.29070282
2026-10-07T10:24:06,,2400000000.0,5000000000.0,0,8,10,0.6009377006322857,0.6009376,6204385279.999994,6,64,37500000.0,15000000.0,20000.0,50000.0,20,RMS,POW,LIN,0.7499839100000001,0.00077587869,0.0005818965336118779,34020000.0,-48.01261902
2026-10-07T10:24:06,,2400000000.0,5000000000.0,0,8,10,0.6009377006322857,0.6009376,6204385279.999994,6,64,37500000.0,15000000.0,20000.0,50000.0,20,RMS,POW,LIN,0.7499839100000001,0.00077587869,0.0005818965336118779,34024000.0,-47.52744293
2026-10-07T10:24:06,,2400000000.0,5000000000.0,0,8,10,0.6009377006322857,0.6009376,6204385279.999994,6,64,37500000.0,15000000.0,20000.0,50000.0,20,RMS,POW,LIN,0.7499839100000001,0.00077587869,0.0005818965336118779,34028000.0,-46.90282059
2026-10-07T10:24:06,,2400000000.0,5000000000.0,0,8,10,0.6009377006322857,0.6009376,6204385279.999994,6,64,37500000.0,15000000.0,20000.0,50000.0,20,RMS,POW,LIN,0.7499839100000001,0.00077587869,0.0005818965336118779,34032000.0,-46.25563049
2026-10-07T10:24:06,,2400000000.0,5000000000.0,0,8,10,0.6009377006322857,0.6009376,6204385279.999994,6,64,37500000.0,15000000.0,20000.0,50000.0,20,RMS,POW,LIN,0.7499839100000001,0.00077587869,0.0005818965336118779,34036000.0,-45.73056793
2026-10-07T10:24:06,,2400000000.0,5000000000.0,0,8,10,0.6009377006322857,0.6009376,6204385279.999994,6,64,37500000.0,15000000.0,20000.0,50000.0,20,RMS,POW,LIN,0.7499839100000001,0.00077587869,0.0005818965336118779,34040000.0,-45.43200302
2026-10-07T10:24:06,,2400000000.0,5000000000.0,0,8,10,0.6009377006322857,0.6009376,6204385279.999994,6,64,37500000.0,15000000.0,20000.0,50000.0,20,RMS,POW,LIN,0.7499839100000001,0.00077587869,0.0005818965336118779,34044000.0,-45.36652756
2026-10-07T10:24:06,,2400000000.0,5000000000.0,0,8,10,0.6009377006322857,0.6009376,6204385279.999994,6,64,37500000.0,15000000.0,20000.0,50000.0,20,RMS,POW,LIN,0.7499839100000001,0.00077587869,0.0005818965336118779,34048000.0,-45.43011475
2026-10-07T10:24:06,,2400000000.0,5000000000.0,0,8,10,0.6009377006322857,0.6009376,6204385279.999994,6,64,37500000.0,15000000.0,20000.0,50000.0,20,RMS,POW,LIN,0.7499839100000001,0.00077587869,0.0005818965336118779,34052000.0,-45.4634285
2026-10-07T10:24:06,,2400000000.0,5000000000.0,0,8,10,0.6009377006322857,0.6009376,6204385279.999994,6,64,37500000.0,15000000.0,20000.0,50000.0,20,RMS,POW,LIN,0.7499839100000001,0.00077587869,0.0005818965336118779,34056000.0,-45.37020493
2026-10-07T10:24:06,,2400000000.0,5000000000.0,0,8,10,0.6009377006322857,0.6009376,6204385279.999994,6,64,37500000.0,15000000.0,20000.0,50000.0,20,RMS,POW,LIN,0.7499839100000001,0.00077587869,0.0005818965336118779,34060000.0,-45.18991089
2026-10-07T10:24:06,,2400000000.0,5000000000.0,0,8,10,0.6009377006322857,0.6009376,6204385279.999994,6,64,37500000.0,15000000.0,20000.0,50000.0,20,RMS,POW,LIN,0.7499839100000001,0.00077587869,0.0005818965336118779,34064000.0,-45.03759384
2026-10-07T10:24:06,,2400000000.0,5000000000.0,0,8,10,0.6009377006322857,0.6009376,6204385279.999994,6,64,37500000.0,15000000.0,20000.0,50000.0,20,RMS,POW,LIN,0.7499839100000001,0.00077587869,0.0005818965336118779,34068000.0,-44.9978714
2026-10-07T10:24:06,,2400000000.0,5000000000.0,0,8,10,0.6009377006322857,0.6009376,6204385279.999994,6,64,37500000.0,15000000.0,20000.0,50000.0,20,RMS,POW,LIN,0.7499839100000001,0.00077587869,0.0005818965336118779,34072000.0,-45.06468201
2026-10-07T10:24:06,,2400000000.0,5000000000.0,0,8,10,0.6009377006322857,0.6009376,6204385279.999994,6,64,37500000.0,15000000.0,20000.0,50000.0,20,RMS,POW,LIN,0.7499839100000001,0.00077587869,0.0005818965336118779,34076000.0,-45.13573837
2026-10-07T10:24:06,,2400000000.0,5000000000.0,0,8,10,0.6009377006322857,0.6009376,6204385279.999994,6,64,37500000.0,15000000.0,20000.0,50000.0,20,RMS,POW,LIN,0.7499839100000001,0.00077587869,0.0005818965336118779,34080000.0,-45.08367157
2026-10-07T10:24:06,,2400000000.0,5000000000.0,0,8,10,0.6009377006322857,0.6009376,6204385279.999994,6,64,37500000.0,15000000.0,20000.0,50000.0,20,RMS,POW,LIN,0.7499839100000001,0.00077587869,0.0005818965336118779,34084000.0,-44.88696289
2026-10-07T10:24:06,,2400000000.0,5000000000.0,0,8,10,0.6009377006322857,0.6009376,6204385279.999994,6,64,37500000.0,15000000.0,20000.0,50000.0,20,RMS,POW,LIN,0.7499839100000001,0.00077587869,0.0005818965336118779,34088000.0,-44.66630173
2026-10-07T10:24:06,,2400000000.0,5000000000.0,0,8,10,0.6009377006322857,0.6009376,6204385279.999994,6,64,37500000.0,15000000.0,20000.0,50000.0,20,RMS,POW,LIN,0.7499839100000001,0.00077587869,0.0005818965336118779,34092000.0,-44.56900024
2026-10-07T10:24:06,,2400000000.0,5000000000.0,0,8,10,0.6009377006322857,0.6009376,6204385279.999994,6,64,37500000.0,15000000.0,20000.0,50000.0,20,RMS,POW,LIN,0.7499839100000001,0.00077587869,0.0005818965336118779,34096000.0,-44.6584549
2026-10-07T10:24:06,,2400000000.0,5000000000.0,0,8,10,0.6009377006322857,0.6009376,6204385279.999994,6,64,37500000.0,15000000.0,20000.0,50000.0,20,RMS,POW,LIN,0.7499839100000001,0.00077587869,0.0005818965336118779,34100000.0,-44.89456558
2026-10-07T10:24:06,,2400000000.0,5000000000.0,0,8,10,0.6009377006322857,0.6009376,6204385279.999994,6,64,37500000.0,15000000.0,20000.0,50000.0,20,RMS,POW,LIN,0.7499839100000001,0.00077587869,0.0005818965336118779,34104000.0,-45.17490387
2026-10-07T10:24:06,,2400000000.0,5000000000.0,0,8,10,0.6009377006322857,0.6009376,6204385279.999994,6,64,37500000.0,15000000.0,20000.0,50000.0,20,RMS,POW,LIN,0.7499839100000001,0.00077587869,0.0005818965336118779,34108000.0,-45.40792465
2026-10-07T10:24:06,,2400000000.0,5000000000.0,0,8,10,0.6009377006322857,0.6009376,6204385279.999994,6,64,37500000.0,15000000.0,20000.0,50000.0,20,RMS,POW,LIN,0.7499839100000001,0.00077587869,0.0005818965336118779,34112000.0,-45.58364487
2026-10-07T10:24:06,,2400000000.0,5000000000.0,0,8,10,0.6009377006322857,0.6009376,6204385279.999994,6,64,37500000.0,15000000.0,20000.0,50000.0,20,RMS,POW,LIN,0.7499839100000001,0.00077587869,0.0005818965336118779,34116000.0,-45.77994537
2026-10-07T10:24:06,,2400000000.0,5000000000.0,0,8,10,0.6009377006322857,0.6009376,6204385279.999994,6,64,37500000.0,15000000.0,20000.0,50000.0,20,RMS,POW,LIN,0.7499839100000001,0.00077587869,0.0005818965336118779,34120000.0,-46.08861923
2026-10-07T10:24:06,,2400000000.0,5000000000.0,0,8,10,0.6009377006322857,0.6009376,6204385279.999994,6,64,37500000.0,15000000.0,20000.0,50000.0,20,RMS,POW,LIN,0.7499839100000001,0.00077587869,0.0005818965336118779,34124000.0,-46.51007462
2026-10-07T10:24:06,,2400000000.0,5000000000.0,0,8,10,0.6009377006322857,0.6009376,6204385279.999994,6,64,37500000.0,15000000.0,20000.0,50000.0,20,RMS,POW,LIN,0.7499839100000001,0.00077587869,0.0005818965336118779,34128000.0,-46.86185837
2026-10-07T10:24:06,,2400000000.0,5000000000.0,0,8,10,0.6009377006322857,0.6009376,6204385279.999994,6,64,37500000.0,15000000.0,20000.0,50000.0,20,RMS,POW,LIN,0.7499839100000001,0.00077587869,0.0005818965336118779,34132000.0,-46.81261063
2026-10-07T10:24:06,,2400000000.0,5000000000.0,0,8,10,0.6009377006322857,0.6009376,6204385279.999994,6,64,37500000.0,15000000.0,20000.0,50000.0,20,RMS,POW,LIN,0.7499839100000001,0.00077587869,0.0005818965336118779,34136000.0,-46.20713043
2026-10-07T10:24:06,,2400000000.0,5000000000.0,0,8,10,0.6009377006322857,0.6009376,6204385279.999994,6,64,37500000.0,15000000.0,20000.0,50000.0,20,RMS,POW,LIN,0.7499839100000001,0.00077587869,0.0005818965336118779,34140000.0,-45.30141068
2026-10-07T10:24:06,,2400000000.0,5000000000.0,0,8,10,0.6009377006322857,0.6009376,6204385279.999994,6,64,37500000.0,15000000.0,20000.0,50000.0,20,RMS,POW,LIN,0.7499839100000001,0.00077587869,0.0005818965336118779,34144000.0,-44.47213745
2026-10-07T10:24:06,,2400000000.0,5000000000.0,0,8,10,0.6009377006322857,0.6009376,6204385279.999994,6,64,37500000.0,15000000.0,20000.0,50000.0,20,RMS,POW,LIN,0.7499839100000001,0.00077587869,0.0005818965336118779,34148000.0,-43.94017792
2026-10-07T10:24:06,,2400000000.0,5000000000.0,0,8,10,0.6009377006322857,0.6009376,6204385279.999994,6,64,37500000.0,15000000.0,20000.0,50000.0,20,RMS,POW,LIN,0.7499839100000001,0.00077587869,0.0005818965336118779,34152000.0,-43.77480316
2026-10-07T10:24:06,,2400000000.0,5000000000.0,0,8,10,0.6009377006322857,0.6009376,6204385279.999994,6,64,37500000.0,15000000.0,20000.0,50000.0,20,RMS,POW,LIN,0.7499839100000001,0.00077587869,0.0005818965336118779,34156000.0,-43.96118927
2026-10-07T10:24:06,,2400000000.0,5000000000.0,0,8,10,0.6009377006322857,0.6009376,6204385279.999994,6,64,37500000.0,15000000.0,20000.0,50000.0,20,RMS,POW,LIN,0.7499839100000001,0.00077587869,0.0005818965336118779,34160000.0,-44.41447067
2026-10-07T10:24:06,,2400000000.0,5000000000.0,0,8,10,0.6009377006322857,0.6009376,6204385279.999994,6,64,37500000.0,15000000.0,20000.0,50000.0,20,RMS,POW,LIN,0.7499839100000001,0.00077587869,0.0005818965336118779,34164000.0,-44.94420624
2026-10-07T10:24:06,,2400000000.0,5000000000.0,0,8,10,0.6009377006322857,0.6009376,6204385279.999994,6,64,37500000.0,15000000.0,20000.0,50000.0,20,RMS,POW,LIN,0.7499839100000001,0.00077587869,0.0005818965336118779,34168000.0,-45.2682457
2026-10-07T10:24:06,,2400000000.0,5000000000.0,0,8,10,0.6009377006322857,0.6009376,6204385279.999994,6,64,37500000.0,15000000.0,20000.0,50000.0,20,RMS,POW,LIN,0.7499839100000001,0.00077587869,0.0005818965336118779,34172000.0,-45.21068192
2026-10-07T10:24:06,,2400000000.0,5000000000.0,0,8,10,0.6009377006322857,0.6009376,6204385279.999994,6,64,37500000.0,15000000.0,20000.0,50000.0,20,RMS,POW,LIN,0.7499839100000001,0.00077587869,0.0005818965336118779,34176000.0,-44.88375092
2026-10-07T10:24:06,,2400000000.0,5000000000.0,0,8,10,0.6009377006322857,0.6009376,6204385279.999994,6,64,37500000.0,15000000.0,20000.0,50000.0,20,RMS,POW,LIN,0.7499839100000001,0.00077587869,0.0005818965336118779,34180000.0,-44.51683044
2026-10-07T10:24:06,,2400000000.0,5000000000.0,0,8,10,0.6009377006322857,0.6009376,6204385279.999994,6,64,37500000.0,15000000.0,20000.0,50000.0,20,RMS,POW,LIN,0.7499839100000001,0.00077587869,0.0005818965336118779,34184000.0,-44.21638107
2026-10-07T10:24:06,,2400000000.0,5000000000.0,0,8,10,0.6009377006322857,0.6009376,6204385279.999994,6,64,37500000.0,15000000.0,20000.0,50000.0,20,RMS,POW,LIN,0.7499839100000001,0.00077587869,0.0005818965336118779,34188000.0,-43.96124649
2026-10-07T10:24:06,,2400000000.0,5000000000.0,0,8,10,0.6009377006322857,0.6009376,6204385279.999994,6,64,37500000.0,15000000.0,20000.0,50000.0,20,RMS,POW,LIN,0.7499839100000001,0.00077587869,0.0005818965336118779,34192000.0,-43.7345047
2026-10-07T10:24:06,,2400000000.0,5000000000.0,0,8,10,0.6009377006322857,0.6009376,6204385279.999994,6,64,37500000.0,15000000.0,20000.0,50000.0,20,RMS,POW,LIN,0.7499839100000001,0.00077587869,0.0005818965336118779,34196000.0,-43.60269547
2026-10-07T10:24:06,,2400000000.0,5000000000.0,0,8,10,0.6009377006322857,0.6009376,6204385279.999994,6,64,37500000.0,15000000.0,20000.0,50000.0,20,RMS,POW,LIN,0.7499839100000001,0.00077587869,0.0005818965336118779,34200000.0,-43.65901184
2026-10-07T10:24:06,,2400000000.0,5000000000.0,0,8,10,0.6009377006322857,0.6009376,6204385279.999994,6,64,37500000.0,15000000.0,20000.0,50000.0,20,RMS,POW,LIN,0.7499839100000001,0.00077587869,0.0005818965336118779,34204000.0,-43.91559219
2026-10-07T10:24:06,,2400000000.0,5000000000.0,0,8,10,0.6009377006322857,0.6009376,6204385279.999994,6,64,37500000.0,15000000.0,20000.0,50000.0,20,RMS,POW,LIN,0.7499839100000001,0.00077587869,0.0005818965336118779,34208000.0,-44.25102997
2026-10-07T10:24:06,,2400000000.0,5000000000.0,0,8,10,0.6009377006322857,0.6009376,6204385279.999994,6,64,37500000.0,15000000.0,20000.0,50000.0,20,RMS,POW,LIN,0.7499839100000001,0.00077587869,0.0005818965336118779,34212000.0,-44.47108078
2026-10-07T10:24:06,,2400000000.0,5000000000.0,0,8,10,0.6009377006322857,0.6009376,6204385279.999994,6,64,37500000.0,15000000.0,20000.0,50000.0,20,RMS,POW,LIN,0.7499839100000001,0.00077587869,0.0005818965336118779,34216000.0,-44.47803116
2026-10-07T10:24:06,,2400000000.0,5000000000.0,0,8,10,0.6009377006322857,0.6009376,6204385279.999994,6,64,37500000.0,15000000.0,20000.0,50000.0,20,RMS,POW,LIN,0.7499839100000001,0.00077587869,0.0005818965336118779,34220000.0,-44.36143875
2026-10-07T10:24:06,,2400000000.0,5000000000.0,0,8,10,0.6009377006322857,0.6009376,6204385279.999994,6,64,37500000.0,15000000.0,20000.0,50000.0,20,RMS,POW,LIN,0.7499839100000001,0.00077587869,0.0005818965336118779,34224000.0,-44.28388596
2026-10-07T10:24:06,,2400000000.0,5000000000.0,0,8,10,0.6009377006322857,0.6009376,6204385279.999994,6,64,37500000.0,15000000.0,20000.0,50000.0,20,RMS,POW,LIN,0.7499839100000001,0.00077587869,0.0005818965336118779,34228000.0,-44.34786987
2026-10-07T10:24:06,,2400000000.0,5000000000.0,0,8,10,0.6009377006322857,0.6009376,6204385279.999994,6,64,37500000.0,15000000.0,20000.0,50000.0,20,RMS,POW,LIN,0.7499839100000001,0.00077587869,0.0005818965336118779,34232000.0,-44.56999969
2026-10-07T10:24:06,,2400000000.0,5000000000.0,0,8,10,0.6009377006322857,0.6009376,6204385279.999994,6,64,37500000.0,15000000.0,20000.0,50000.0,20,RMS,POW,LIN,0.7499839100000001,0.00077587869,0.0005818965336118779,34236000.0,-44.90656662
2026-10-07T10:24:06,,2400000000.0,5000000000.0,0,8,10,0.6009377006322857,0.6009376,6204385279.999994,6,64,37500000.0,15000000.0,20000.0,50000.0,20,RMS,POW,LIN,0.7499839100000001,0.00077587869,0.0005818965336118779,34240000.0,-45.28044128
2026-10-07T10:24:06,,2400000000.0,5000000000.0,0,8,10,0.6009377006322857,0.6009376,6204385279.999994,6,64,37500000.0,15000000.0,20000.0,50000.0,20,RMS,POW,LIN,0.7499839100000001,0.00077587869,0.0005818965336118779,34244000.0,-45.6030159
2026-10-07T10:24:06,,2400000000.0,5000000000.0,0,8,10,0.6009377006322857,0.6009376,6204385279.999994,6,64,37500000.0,15000000.0,20000.0,50000.0,20,RMS,POW,LIN,0.7499839100000001,0.00077587869,0.0005818965336118779,34248000.0,-45.78305435
2026-10-07T10:24:06,,2400000000.0,5000000000.0,0,8,10,0.6009377006322857,0.6009376,6204385279.999994,6,64,37500000.0,15000000.0,20000.0,50000.0,20,RMS,POW,LIN,0.7499839100000001,0.00077587869,0.0005818965336118779,34252000.0,-45.728302
2026-10-07T10:24:06,,2400000000.0,5000000000.0,0,8,10,0.6009377006322857,0.6009376,6204385279.999994,6,64,37500000.0,15000000.0,20000.0,50000.0,20,RMS,POW,LIN,0.7499839100000001,0.00077587869,0.0005818965336118779,34256000.0,-45.39645767
2026-10-07T10:24:06,,2400000000.0,5000000000.0,0,8,10,0.6009377006322857,0.6009376,6204385279.999994,6,64,37500000.0,15000000.0,20000.0,50000.0,20,RMS,POW,LIN,0.7499839100000001,0.00077587869,0.0005818965336118779,34260000.0,-44.87456131
2026-10-07T10:24:06,,2400000000.0,5000000000.0,0,8,10,0.6009377006322857,0.6009376,6204385279.999994,6,64,37500000.0,15000000.0,20000.0,50000.0,20,RMS,POW,LIN,0.7499839100000001,0.00077587869,0.0005818965336118779,34264000.0,-44.34207535
2026-10-07T10:24:06,,2400000000.0,5000000000.0,0,8,10,0.6009377006322857,0.6009376,6204385279.999994,6,64,37500000.0,15000000.0,20000.0,50000.0,20,RMS,POW,LIN,0.7499839100000001,0.00077587869,0.0005818965336118779,34268000.0,-43.9407196
2026-10-07T10:24:06,,2400000000.0,5000000000.0,0,8,10,0.6009377006322857,0.6009376,6204385279.999994,6,64,37500000.0,15000000.0,20000.0,50000.0,20,RMS,POW,LIN,0.7499839100000001,0.00077587869,0.0005818965336118779,34272000.0,-43.71268463
2026-10-07T10:24:06,,2400000000.0,5000000000.0,0,8,10,0.6009377006322857,0.6009376,6204385279.999994,6,64,37500000.0,15000000.0,20000.0,50000.0,20,RMS,POW,LIN,0.7499839100000001,0.00077587869,0.0005818965336118779,34276000.0,-43.63700104
2026-10-07T10:24:06,,2400000000.0,5000000000.0,0,8,10,0.6009377006322857,0.6009376,6204385279.999994,6,64,37500000.0,15000000.0,20000.0,50000.0,20,RMS,POW,LIN,0.7499839100000001,0.00077587869,0.0005818965336118779,34280000.0,-43.69016647
2026-10-07T10:24:06,,2400000000.0,5000000000.0,0,8,10,0.6009377006322857,0.6009376,6204385279.999994,6,64,37500000.0,15000000.0,20000.0,50000.0,20,RMS,POW,LIN,0.7499839100000001,0.00077587869,0.0005818965336118779,34284000.0,-43.85822678
2026-10-07T10:24:06,,2400000000.0,5000000000.0,0,8,10,0.6009377006322857,0.6009376,6204385279.999994,6,64,37500000.0,15000000.0,20000.0,50000.0,20,RMS,POW,LIN,0.7499839100000001,0.00077587869,0.0005818965336118779,34288000.0,-44.09828568
2026-10-07T10:24:06,,2400000000.0,5000000000.0,0,8,10,0.6009377006322857,0.6009376,6204385279.999994,6,64,37500000.0,15000000.0,20000.0,50000.0,20,RMS,POW,LIN,0.7499839100000001,0.00077587869,0.0005818965336118779,34292000.0,-44.32387924
2026-10-07T10:24:06,,2400000000.0,5000000000.0,0,8,10,0.6009377006322857,0.6009376,6204385279.999994,6,64,37500000.0,15000000.0,20000.0,50000.0,20,RMS,POW,LIN,0.7499839100000001,0.00077587869,0.0005818965336118779,34296000.0,-44.46225357
2026-10-07T10:24:06,,2400000000.0,5000000000.0,0,8,10,0.6009377006322857,0.6009376,6204385279.999994,6,64,37500000.0,15000000.0,20000.0,50000.0,20,RMS,POW,LIN,0.7499839100000001,0.00077587869,0.0005818965336118779,34300000.0,-44.50634003
2026-10-07T10:24:06,,2400000000.0,5000000000.0,0,8,10,0.6009377006322857,0.6009376,6204385279.999994,6,64,37500000.0,15000000.0,20000.0,50000.0,20,RMS,POW,LIN,0.7499839100000001,0.00077587869,0.0005818965336118779,34304000.0,-44.46905136
2026-10-07T10:24:06,,2400000000.0,5000000000.0,0,8,10,0.6009377006322857,0.6009376,6204385279.999994,6,64,37500000.0,15000000.0,20000.0,50000.0,20,RMS,POW,LIN,0.7499839100000001,0.00077587869,0.0005818965336118779,34308000.0,-44.32454681
2026-10-07T10:24:06,,2400000000.0,5000000000.0,0,8,10,0.6009377006322857,0.6009376,6204385279.999994,6,64,37500000.0,15000000.0,20000.0,50000.0,20,RMS,POW,LIN,0.7499839100000001,0.00077587869,0.0005818965336118779,34312000.0,-44.05986404
2026-10-07T10:24:06,,2400000000.0,5000000000.0,0,8,10,0.6009377006322857,0.6009376,6204385279.999994,6,64,37500000.0,15000000.0,20000.0,50000.0,20,RMS,POW,LIN,0.7499839100000001,0.00077587869,0.0005818965336118779,34316000.0,-43.75933456
2026-10-07T10:24:06,,2400000000.0,5000000000.0,0,8,10,0.6009377006322857,0.6009376,6204385279.999994,6,64,37500000.0,15000000.0,20000.0,50000.0,20,RMS,POW,LIN,0.7499839100000001,0.00077587869,0.0005818965336118779,34320000.0,-43.56195068
2026-10-07T10:24:06,,2400000000.0,5000000000.0,0,8,10,0.6009377006322857,0.6009376,6204385279.999994,6,64,37500000.0,15000000.0,20000.0,50000.0,20,RMS,POW,LIN,0.7499839100000001,0.00077587869,0.0005818965336118779,34324000.0,-43.53308487
2026-10-07T10:24:06,,2400000000.0,5000000000.0,0,8,10,0.6009377006322857,0.6009376,6204385279.999994,6,64,37500000.0,15000000.0,20000.0,50000.0,20,RMS,POW,LIN,0.7499839100000001,0.00077587869,0.0005818965336118779,34328000.0,-43.59565735
2026-10-07T10:24:06,,2400000000.0,5000000000.0,0,8,10,0.6009377006322857,0.6009376,6204385279.999994,6,64,37500000.0,15000000.0,20000.0,50000.0,20,RMS,POW,LIN,0.7499839100000001,0.00077587869,0.0005818965336118779,34332000.0,-43.59222794
2026-10-07T10:24:06,,2400000000.0,5000000000.0,0,8,10,0.6009377006322857,0.6009376,6204385279.999994,6,64,37500000.0,15000000.0,20000.0,50000.0,20,RMS,POW,LIN,0.7499839100000001,0.00077587869,0.0005818965336118779,34336000.0,-43.45101166
2026-10-07T10:24:06,,2400000000.0,5000000000.0,0,8,10,0.6009377006322857,0.6009376,6204385279.999994,6,64,37500000.0,15000000.0,20000.0,50000.0,20,RMS,POW,LIN,0.7499839100000001,0.00077587869,0.0005818965336118779,34340000.0,-43.26123428
2026-10-07T10:24:06,,2400000000.0,5000000000.0,0,8,10,0.6009377006322857,0.6009376,6204385279.999994,6,64,37500000.0,15000000.0,20000.0,50000.0,20,RMS,POW,LIN,0.7499839100000001,0.00077587869,0.0005818965336118779,34344000.0,-43.16035461
2026-10-07T10:24:06,,2400000000.0,5000000000.0,0,8,10,0.6009377006322857,0.6009376,6204385279.999994,6,64,37500000.0,15000000.0,20000.0,50000.0,20,RMS,POW,LIN,0.7499839100000001,0.00077587869,0.0005818965336118779,34348000.0,-43.22602081
2026-10-07T10:24:06,,2400000000.0,5000000000.0,0,8,10,0.6009377006322857,0.6009376,6204385279.999994,6,64,37500000.0,15000000.0,20000.0,50000.0,20,RMS,POW,LIN,0.7499839100000001,0.00077587869,0.0005818965336118779,34352000.0,-43.47927856
2026-10-07T10:24:06,,2400000000.0,5000000000.0,0,8,10,0.6009377006322857,0.6009376,6204385279.999994,6,64,37500000.0,15000000.0,20000.0,50000.0,20,RMS,POW,LIN,0.7499839100000001,0.00077587869,0.0005818965336118779,34356000.0,-43.92043304
2026-10-07T10:24:06,,2400000000.0,5000000000.0,0,8,10,0.6009377006322857,0.6009376,6204385279.999994,6,64,37500000.0,15000000.0,20000.0,50000.0,20,RMS,POW,LIN,0.7499839100000001,0.00077587869,0.0005818965336118779,34360000.0,-44.52931213
2026-10-07T10:24:06,,2400000000.0,5000000000.0,0,8,10,0.6009377006322857,0.6009376,6204385279.999994,6,64,37500000.0,15000000.0,20000.0,50000.0,20,RMS,POW,LIN,0.7499839100000001,0.00077587869,0.0005818965336118779,34364000.0,-45.24213409
2026-10-07T10:24:06,,2400000000.0,5000000000.0,0,8,10,0.6009377006322857,0.6009376,6204385279.999994,6,64,37500000.0,15000000.0,20000.0,50000.0,20,RMS,POW,LIN,0.7499839100000001,0.00077587869,0.0005818965336118779,34368000.0,-45.9418869
2026-10-07T10:24:06,,2400000000.0,5000000000.0,0,8,10,0.6009377006322857,0.6009376,6204385279.999994,6,64,37500000.0,15000000.0,20000.0,50000.0,20,RMS,POW,LIN,0.7499839100000001,0.00077587869,0.0005818965336118779,34372000.0,-46.45669174
2026-10-07T10:24:06,,2400000000.0,5000000000.0,0,8,10,0.6009377006322857,0.6009376,6204385279.999994,6,64,37500000.0,15000000.0,20000.0,50000.0,20,RMS,POW,LIN,0.7499839100000001,0.00077587869,0.0005818965336118779,34376000.0,-46.56835556
2026-10-07T10:24:06,,2400000000.0,5000000000.0,0,8,10,0.6009377006322857,0.6009376,6204385279.999994,6,64,37500000.0,15000000.0,20000.0,50000.0,20,RMS,POW,LIN,0.7499839100000001,0.00077587869,0.0005818965336118779,34380000.0,-46.1466713
2026-10-07T10:24:06,,2400000000.0,5000000000.0,0,8,10,0.6009377006322857,0.6009376,6204385279.999994,6,64,37500000.0,15000000.0,20000.0,50000.0,20,RMS,POW,LIN,0.7499839100000001,0.00077587869,0.0005818965336118779,34384000.0,-45.34236526
2026-10-07T10:24:06,,2400000000.0,5000000000.0,0,8,10,0.6009377006322857,0.6009376,6204385279.999994,6,64,37500000.0,15000000.0,20000.0,50000.0,20,RMS,POW,LIN,0.7499839100000001,0.00077587869,0.0005818965336118779,34388000.0,-44.47563171
2026-10-07T10:24:06,,2400000000.0,5000000000.0,0,8,10,0.6009377006322857,0.6009376,6204385279.999994,6,64,37500000.0,15000000.0,20000.0,50000.0,20,RMS,POW,LIN,0.7499839100000001,0.00077587869,0.0005818965336118779,34392000.0,-43.7706871
2026-10-07T10:24:06,,2400000000.0,5000000000.0,0,8,10,0.6009377006322857,0.6009376,6204385279.999994,6,64,37500000.0,15000000.0,20000.0,50000.0,20,RMS,POW,LIN,0.7499839100000001,0.00077587869,0.0005818965336118779,34396000.0,-43.28730774
2026-10-07T10:24:06,,2400000000.0,5000000000.0,0,8,10,0.6009377006322857,0.6009376,6204385279.999994,6,64,37500000.0,15000000.0,20000.0,50000.0,20,RMS,POW,LIN,0.7499839100000001,0.00077587869,0.0005818965336118779,34400000.0,-42.99941254
2026-10-07T10:24:06,,2400000000.0,5000000000.0,0,8,10,0.6009377006322857,0.6009376,6204385279.999994,6,64,37500000.0,15000000.0,20000.0,50000.0,20,RMS,POW,LIN,0.7499839100000001,0.00077587869,0.0005818965336118779,34404000.0,-42.88485336
2026-10-07T10:24:06,,2400000000.0,5000000000.0,0,8,10,0.6009377006322857,0.6009376,6204385279.999994,6,64,37500000.0,15000000.0,20000.0,50000.0,20,RMS,POW,LIN,0.7499839100000001,0.00077587869,0.0005818965336118779,34408000.0,-42.95581055
2026-10-07T10:24:06,,2400000000.0,5000000000.0,0,8,10,0.6009377006322857,0.6009376,6204385279.999994,6,64,37500000.0,15000000.0,20000.0,50000.0,20,RMS,POW,LIN,0.7499839100000001,0.00077587869,0.0005818965336118779,34412000.0,-43.22126007
2026-10-07T10:24:06,,2400000000.0,5000000000.0,0,8,10,0.6009377006322857,0.6009376,6204385279.999994,6,64,37500000.0,15000000.0,20000.0,50000.0,20,RMS,POW,LIN,0.7499839100000001,0.00077587869,0.0005818965336118779,34416000.0,-43.63101959
2026-10-07T10:24:06,,2400000000.0,5000000000.0,0,8,10,0.6009377006322857,0.6009376,6204385279.999994,6,64,37500000.0,15000000.0,20000.0,50000.0,20,RMS,POW,LIN,0.7499839100000001,0.00077587869,0.0005818965336118779,34420000.0,-44.06312943
2026-10-07T10:24:06,,2400000000.0,5000000000.0,0,8,10,0.6009377006322857,0.6009376,6204385279.999994,6,64,37500000.0,15000000.0,20000.0,50000.0,20,RMS,POW,LIN,0.7499839100000001,0.00077587869,0.0005818965336118779,34424000.0,-44.39076614
2026-10-07T10:24:06,,2400000000.0,5000000000.0,0,8,10,0.6009377006322857,0.6009376,6204385279.999994,6,64,37500000.0,15000000.0,20000.0,50000.0,20,RMS,POW,LIN,0.7499839100000001,0.00077587869,0.0005818965336118779,34428000.0,-44.58349991
2026-10-07T10:24:06,,2400000000.0,5000000000.0,0,8,10,0.6009377006322857,0.6009376,6204385279.999994,6,64,37500000.0,15000000.0,20000.0,50000.0,20,RMS,POW,LIN,0.7499839100000001,0.00077587869,0.0005818965336118779,34432000.0,-44.71656036
2026-10-07T10:24:06,,2400000000.0,5000000000.0,0,8,10,0.6009377006322857,0.6009376,6204385279.999994,6,64,37500000.0,15000000.0,20000.0,50000.0,20,RMS,POW,LIN,0.7499839100000001,0.00077587869,0.0005818965336118779,34436000.0,-44.87550354
2026-10-07T10:24:06,,2400000000.0,5000000000.0,0,8,10,0.6009377006322857,0.6009376,6204385279.999994,6,64,37500000.0,15000000.0,20000.0,50000.0,20,RMS,POW,LIN,0.7499839100000001,0.00077587869,0.0005818965336118779,34440000.0,-45.07735825
2026-10-07T10:24:06,,2400000000.0,5000000000.0,0,8,10,0.6009377006322857,0.6009376,6204385279.999994,6,64,37500000.0,15000000.0,20000.0,50000.0,20,RMS,POW,LIN,0.7499839100000001,0.00077587869,0.0005818965336118779,34444000.0,-45.25883865
2026-10-07T10:24:06,,2400000000.0,5000000000.0,0,8,10,0.6009377006322857,0.6009376,6204385279.999994,6,64,37500000.0,15000000.0,20000.0,50000.0,20,RMS,POW,LIN,0.7499839100000001,0.00077587869,0.0005818965336118779,34448000.0,-45.31126022
2026-10-07T10:24:06,,2400000000.0,5000000000.0,0,8,10,0.6009377006322857,0.6009376,6204385279.999994,6,64,37500000.0,15000000.0,20000.0,50000.0,20,RMS,POW,LIN,0.7499839100000001,0.00077587869,0.0005818965336118779,34452000.0,-45.16012955
2026-10-07T10:24:06,,2400000000.0,5000000000.0,0,8,10,0.6009377006322857,0.6009376,6204385279.999994,6,64,37500000.0,15000000.0,20000.0,50000.0,20,RMS,POW,LIN,0.7499839100000001,0.00077587869,0.0005818965336118779,34456000.0,-44.85705566
2026-10-07T10:24:06,,2400000000.0,5000000000.0,0,8,10,0.6009377006322857,0.6009376,6204385279.999994,6,64,37500000.0,15000000.0,20000.0,50000.0,20,RMS,POW,LIN,0.7499839100000001,0.00077587869,0.0005818965336118779,34460000.0,-44.57487869
2026-10-07T10:24:06,,2400000000.0,5000000000.0,0,8,10,0.6009377006322857,0.6009376,6204385279.999994,6,64,37500000.0,15000000.0,20000.0,50000.0,20,RMS,POW,LIN,0.7499839100000001,0.00077587869,0.0005818965336118779,34464000.0,-44.49449921
2026-10-07T10:24:06,,2400000000.0,5000000000.0,0,8,10,0.6009377006322857,0.6009376,6204385279.999994,6,64,37500000.0,15000000.0,20000.0,50000.0,20,RMS,POW,LIN,0.7499839100000001,0.00077587869,0.0005818965336118779,34468000.0,-44.69925308
2026-10-07T10:24:06,,2400000000.0,5000000000.0,0,8,10,0.6009377006322857,0.6009376,6204385279.999994,6,64,37500000.0,15000000.0,20000.0,50000.0,20,RMS,POW,LIN,0.7499839100000001,0.00077587869,0.0005818965336118779,34472000.0,-45.12532806
2026-10-07T10:24:06,,2400000000.0,5000000000.0,0,8,10,0.6009377006322857,0.6009376,6204385279.999994,6,64,37500000.0,15000000.0,20000.0,50000.0,20,RMS,POW,LIN,0.7499839100000001,0.00077587869,0.0005818965336118779,34476000.0,-45.56649017
2026-10-07T10:24:06,,2400000000.0,5000000000.0,0,8,10,0.6009377006322857,0.6009376,6204385279.999994,6,64,37500000.0,15000000.0,20000.0,50000.0,20,RMS,POW,LIN,0.7499839100000001,0.00077587869,0.0005818965336118779,34480000.0,-45.79084778
2026-10-07T10:24:06,,2400000000.0,5000000000.0,0,8,10,0.6009377006322857,0.6009376,6204385279.999994,6,64,37500000.0,15000000.0,20000.0,50000.0,20,RMS,POW,LIN,0.7499839100000001,0.00077587869,0.0005818965336118779,34484000.0,-45.73910904
2026-10-07T10:24:06,,2400000000.0,5000000000.0,0,8,10,0.6009377006322857,0.6009376,6204385279.999994,6,64,37500000.0,15000000.0,20000.0,50000.0,20,RMS,POW,LIN,0.7499839100000001,0.00077587869,0.0005818965336118779,34488000.0,-45.54001617
2026-10-07T10:24:06,,2400000000.0,5000000000.0,0,8,10,0.6009377006322857,0.6009376,6204385279.999994,6,64,37500000.0,15000000.0,20000.0,50000.0,20,RMS,POW,LIN,0.7499839100000001,0.00077587869,0.0005818965336118779,34492000.0,-45.32197189
2026-10-07T10:24:06,,2400000000.0,5000000000.0,0,8,10,0.6009377006322857,0.6009376,6204385279.999994,6,64,37500000.0,15000000.0,20000.0,50000.0,20,RMS,POW,LIN,0.7499839100000001,0.00077587869,0.0005818965336118779,34496000.0,-45.10971832
2026-10-07T10:24:06,,2400000000.0,5000000000.0,0,8,10,0.6009377006322857,0.6009376,6204385279.999994,6,64,37500000.0,15000000.0,20000.0,50000.0,20,RMS,POW,LIN,0.7499839100000001,0.00077587869,0.0005818965336118779,34500000.0,-44.86759186
2026-10-07T10:24:06,,2400000000.0,5000000000.0,0,8,10,0.6009377006322857,0.6009376,6204385279.999994,6,64,37500000.0,15000000.0,20000.0,50000.0,20,RMS,POW,LIN,0.7499839100000001,0.00077587869,0.0005818965336118779,34504000.0,-44.56774902
2026-10-07T10:24:06,,2400000000.0,5000000000.0,0,8,10,0.6009377006322857,0.6009376,6204385279.999994,6,64,37500000.0,15000000.0,20000.0,50000.0,20,RMS,POW,LIN,0.7499839100000001,0.00077587869,0.0005818965336118779,34508000.0,-44.21007538
2026-10-07T10:24:06,,2400000000.0,5000000000.0,0,8,10,0.6009377006322857,0.6009376,6204385279.999994,6,64,37500000.0,15000000.0,20000.0,50000.0,20,RMS,POW,LIN,0.7499839100000001,0.00077587869,0.0005818965336118779,34512000.0,-43.81848526
2026-10-07T10:24:06,,2400000000.0,5000000000.0,0,8,10,0.6009377006322857,0.6009376,6204385279.999994,6,64,37500000.0,15000000.0,20000.0,50000.0,20,RMS,POW,LIN,0.7499839100000001,0.00077587869,0.0005818965336118779,34516000.0,-43.44906998
2026-10-07T10:24:06,,2400000000.0,5000000000.0,0,8,10,0.6009377006322857,0.6009376,6204385279.999994,6,64,37500000.0,15000000.0,20000.0,50000.0,20,RMS,POW,LIN,0.7499839100000001,0.00077587869,0.0005818965336118779,34520000.0,-43.18604279
2026-10-07T10:24:06,,2400000000.0,5000000000.0,0,8,10,0.6009377006322857,0.6009376,6204385279.999994,6,64,37500000.0,15000000.0,20000.0,50000.0,20,RMS,POW,LIN,0.7499839100000001,0.00077587869,0.0005818965336118779,34524000.0,-43.10508347
2026-10-07T10:24:06,,2400000000.0,5000000000.0,0,8,10,0.6009377006322857,0.6009376,6204385279.999994,6,64,37500000.0,15000000.0,20000.0,50000.0,20,RMS,POW,LIN,0.7499839100000001,0.00077587869,0.0005818965336118779,34528000.0,-43.23364258
2026-10-07T10:24:06,,2400000000.0,5000000000.0,0,8,10,0.6009377006322857,0.6009376,6204385279.999994,6,64,37500000.0,15000000.0,20000.0,50000.0,20,RMS,POW,LIN,0.7499839100000001,0.00077587869,0.0005818965336118779,34532000.0,-43.53791428
2026-10-07T10:24:06,,2400000000.0,5000000000.0,0,8,10,0.6009377006322857,0.6009376,6204385279.999994,6,64,37500000.0,15000000.0,20000.0,50000.0,20,RMS,POW,LIN,0.7499839100000001,0.00077587869,0.0005818965336118779,34536000.0,-43.93775177
2026-10-07T10:24:06,,2400000000.0,5000000000.0,0,8,10,0.6009377006322857,0.6009376,6204385279.999994,6,64,37500000.0,15000000.0,20000.0,50000.0,20,RMS,POW,LIN,0.7499839100000001,0.00077587869,0.0005818965336118779,34540000.0,-44.33631134
2026-10-07T10:24:06,,2400000000.0,5000000000.0,0,8,10,0.6009377006322857,0.6009376,6204385279.999994,6,64,37500000.0,15000000.0,20000.0,50000.0,20,RMS,POW,LIN,0.7499839100000001,0.00077587869,0.0005818965336118779,34544000.0,-44.65100861
2026-10-07T10:24:06,,2400000000.0,5000000000.0,0,8,10,0.6009377006322857,0.6009376,6204385279.999994,6,64,37500000.0,15000000.0,20000.0,50000.0,20,RMS,POW,LIN,0.7499839100000001,0.00077587869,0.0005818965336118779,34548000.0,-44.83831406
2026-10-07T10:24:06,,2400000000.0,5000000000.0,0,8,10,0.6009377006322857,0.6009376,6204385279.999994,6,64,37500000.0,15000000.0,20000.0,50000.0,20,RMS,POW,LIN,0.7499839100000001,0.00077587869,0.0005818965336118779,34552000.0,-44.90410995
2026-10-07T10:24:06,,2400000000.0,5000000000.0,0,8,10,0.6009377006322857,0.6009376,6204385279.999994,6,64,37500000.0,15000000.0,20000.0,50000.0,20,RMS,POW,LIN,0.7499839100000001,0.00077587869,0.0005818965336118779,34556000.0,-44.88754272
2026-10-07T10:24:06,,2400000000.0,5000000000.0,0,8,10,0.6009377006322857,0.6009376,6204385279.999994,6,64,37500000.0,15000000.0,20000.0,50000.0,20,RMS,POW,LIN,0.7499839100000001,0.00077587869,0.0005818965336118779,34560000.0,-44.82862854
2026-10-07T10:24:06,,2400000000.0,5000000000.0,0,8,10,0.6009377006322857,0.6009376,6204385279.999994,6,64,37500000.0,15000000.0,20000.0,50000.0,20,RMS,POW,LIN,0.7499839100000001,0.00077587869,0.0005818965336118779,34564000.0,-44.74914932
2026-10-07T10:24:06,,2400000000.0,5000000000.0,0,8,10,0.6009377006322857,0.6009376,6204385279.999994,6,64,37500000.0,15000000.0,20000.0,50000.0,20,RMS,POW,LIN,0.7499839100000001,0.00077587869,0.0005818965336118779,34568000.0,-44.657547
2026-10-07T10:24:06,,2400000000.0,5000000000.0,0,8,10,0.6009377006322857,0.6009376,6204385279.999994,6,64,37500000.0,15000000.0,20000.0,50000.0,20,RMS,POW,LIN,0.7499839100000001,0.00077587869,0.0005818965336118779,34572000.0,-44.56578445
2026-10-07T10:24:06,,2400000000.0,5000000000.0,0,8,10,0.6009377006322857,0.6009376,6204385279.999994,6,64,37500000.0,15000000.0,20000.0,50000.0,20,RMS,POW,LIN,0.7499839100000001,0.00077587869,0.0005818965336118779,34576000.0,-44.50122833
2026-10-07T10:24:06,,2400000000.0,5000000000.0,0,8,10,0.6009377006322857,0.6009376,6204385279.999994,6,64,37500000.0,15000000.0,20000.0,50000.0,20,RMS,POW,LIN,0.7499839100000001,0.00077587869,0.0005818965336118779,34580000.0,-44.49842453
2026-10-07T10:24:06,,2400000000.0,5000000000.0,0,8,10,0.6009377006322857,0.6009376,6204385279.999994,6,64,37500000.0,15000000.0,20000.0,50000.0,20,RMS,POW,LIN,0.7499839100000001,0.00077587869,0.0005818965336118779,34584000.0,-44.57034683
2026-10-07T10:24:06,,2400000000.0,5000000000.0,0,8,10,0.6009377006322857,0.6009376,6204385279.999994,6,64,37500000.0,15000000.0,20000.0,50000.0,20,RMS,POW,LIN,0.7499839100000001,0.00077587869,0.0005818965336118779,34588000.0,-44.68648911
2026-10-07T10:24:06,,2400000000.0,5000000000.0,0,8,10,0.6009377006322857,0.6009376,6204385279.999994,6,64,37500000.0,15000000.0,20000.0,50000.0,20,RMS,POW,LIN,0.7499839100000001,0.00077587869,0.0005818965336118779,34592000.0,-44.78897858
2026-10-07T10:24:06,,2400000000.0,5000000000.0,0,8,10,0.6009377006322857,0.6009376,6204385279.999994,6,64,37500000.0,15000000.0,20000.0,50000.0,20,RMS,POW,LIN,0.7499839100000001,0.00077587869,0.0005818965336118779,34596000.0,-44.84056473
2026-10-07T10:24:06,,2400000000.0,5000000000.0,0,8,10,0.6009377006322857,0.6009376,6204385279.999994,6,64,37500000.0,15000000.0,20000.0,50000.0,20,RMS,POW,LIN,0.7499839100000001,0.00077587869,0.0005818965336118779,34600000.0,-44.85391998
2026-10-07T10:24:06,,2400000000.0,5000000000.0,0,8,10,0.6009377006322857,0.6009376,6204385279.999994,6,64,37500000.0,15000000.0,20000.0,50000.0,20,RMS,POW,LIN,0.7499839100000001,0.00077587869,0.0005818965336118779,34604000.0,-44.87052536
2026-10-07T10:24:06,,2400000000.0,5000000000.0,0,8,10,0.6009377006322857,0.6009376,6204385279.999994,6,64,37500000.0,15000000.0,20000.0,50000.0,20,RMS,POW,LIN,0.7499839100000001,0.00077587869,0.0005818965336118779,34608000.0,-44.91790771
2026-10-07T10:24:06,,2400000000.0,5000000000.0,0,8,10,0.6009377006322857,0.6009376,6204385279.999994,6,64,37500000.0,15000000.0,20000.0,50000.0,20,RMS,POW,LIN,0.7499839100000001,0.00077587869,0.0005818965336118779,34612000.0,-44.98563004
2026-10-07T10:24:06,,2400000000.0,5000000000.0,0,8,10,0.6009377006322857,0.6009376,6204385279.999994,6,64,37500000.0,15000000.0,20000.0,50000.0,20,RMS,POW,LIN,0.7499839100000001,0.00077587869,0.0005818965336118779,34616000.0,-45.03409958
2026-10-07T10:24:06,,2400000000.0,5000000000.0,0,8,10,0.6009377006322857,0.6009376,6204385279.999994,6,64,37500000.0,15000000.0,20000.0,50000.0,20,RMS,POW,LIN,0.7499839100000001,0.00077587869,0.0005818965336118779,34620000.0,-45.02694321
2026-10-07T10:24:06,,2400000000.0,5000000000.0,0,8,10,0.6009377006322857,0.6009376,6204385279.999994,6,64,37500000.0,15000000.0,20000.0,50000.0,20,RMS,POW,LIN,0.7499839100000001,0.00077587869,0.0005818965336118779,34624000.0,-44.95541
2026-10-07T10:24:06,,2400000000.0,5000000000.0,0,8,10,0.6009377006322857,0.6009376,6204385279.999994,6,64,37500000.0,15000000.0,20000.0,50000.0,20,RMS,POW,LIN,0.7499839100000001,0.00077587869,0.0005818965336118779,34628000.0,-44.83250427
2026-10-07T10:24:06,,2400000000.0,5000000000.0,0,8,10,0.6009377006322857,0.6009376,6204385279.999994,6,64,37500000.0,15000000.0,20000.0,50000.0,20,RMS,POW,LIN,0.7499839100000001,0.00077587869,0.0005818965336118779,34632000.0,-44.68201447
2026-10-07T10:24:06,,2400000000.0,5000000000.0,0,8,10,0.6009377006322857,0.6009376,6204385279.999994,6,64,37500000.0,15000000.0,20000.0,50000.0,20,RMS,POW,LIN,0.7499839100000001,0.00077587869,0.0005818965336118779,34636000.0,-44.54830551
2026-10-07T10:24:06,,2400000000.0,5000000000.0,0,8,10,0.6009377006322857,0.6009376,6204385279.999994,6,64,37500000.0,15000000.0,20000.0,50000.0,20,RMS,POW,LIN,0.7499839100000001,0.00077587869,0.0005818965336118779,34640000.0,-44.50140381
2026-10-07T10:24:06,,2400000000.0,5000000000.0,0,8,10,0.6009377006322857,0.6009376,6204385279.999994,6,64,37500000.0,15000000.0,20000.0,50000.0,20,RMS,POW,LIN,0.7499839100000001,0.00077587869,0.0005818965336118779,34644000.0,-44.61085892
2026-10-07T10:24:06,,2400000000.0,5000000000.0,0,8,10,0.6009377006322857,0.6009376,6204385279.999994,6,64,37500000.0,15000000.0,20000.0,50000.0,20,RMS,POW,LIN,0.7499839100000001,0.00077587869,0.0005818965336118779,34648000.0,-44.90990067
2026-10-07T10:24:06,,2400000000.0,5000000000.0,0,8,10,0.6009377006322857,0.6009376,6204385279.999994,6,64,37500000.0,15000000.0,20000.0,50000.0,20,RMS,POW,LIN,0.7499839100000001,0.00077587869,0.0005818965336118779,34652000.0,-45.37580872
2026-10-07T10:24:06,,2400000000.0,5000000000.0,0,8,10,0.6009377006322857,0.6009376,6204385279.999994,6,64,37500000.0,15000000.0,20000.0,50000.0,20,RMS,POW,LIN,0.7499839100000001,0.00077587869,0.0005818965336118779,34656000.0,-45.91836548
2026-10-07T10:24:06,,2400000000.0,5000000000.0,0,8,10,0.6009377006322857,0.6009376,6204385279.999994,6,64,37500000.0,15000000.0,20000.0,50000.0,20,RMS,POW,LIN,0.7499839100000001,0.00077587869,0.0005818965336118779,34660000.0,-46.37205887
2026-10-07T10:24:06,,2400000000.0,5000000000.0,0,8,10,0.6009377006322857,0.6009376,6204385279.999994,6,64,37500000.0,15000000.0,20000.0,50000.0,20,RMS,POW,LIN,0.7499839100000001,0.00077587869,0.0005818965336118779,34664000.0,-46.5544548
2026-10-07T10:24:06,,2400000000.0,5000000000.0,0,8,10,0.6009377006322857,0.6009376,6204385279.999994,6,64,37500000.0,15000000.0,20000.0,50000.0,20,RMS,POW,LIN,0.7499839100000001,0.00077587869,0.0005818965336118779,34668000.0,-46.42469025
2026-10-07T10:24:06,,2400000000.0,5000000000.0,0,8,10,0.6009377006322857,0.6009376,6204385279.999994,6,64,37500000.0,15000000.0,20000.0,50000.0,20,RMS,POW,LIN,0.7499839100000001,0.00077587869,0.0005818965336118779,34672000.0,-46.13182831
2026-10-07T10:24:06,,2400000000.0,5000000000.0,0,8,10,0.6009377006322857,0.6009376,6204385279.999994,6,64,37500000.0,15000000.0,20000.0,50000.0,20,RMS,POW,LIN,0.7499839100000001,0.00077587869,0.0005818965336118779,34676000.0,-45.83352661
2026-10-07T10:24:06,,2400000000.0,5000000000.0,0,8,10,0.6009377006322857,0.6009376,6204385279.999994,6,64,37500000.0,15000000.0,20000.0,50000.0,20,RMS,POW,LIN,0.7499839100000001,0.00077587869,0.0005818965336118779,34680000.0,-45.54645157
2026-10-07T10:24:06,,2400000000.0,5000000000.0,0,8,10,0.6009377006322857,0.6009376,6204385279.999994,6,64,37500000.0,15000000.0,20000.0,50000.0,20,RMS,POW,LIN,0.7499839100000001,0.00077587869,0.0005818965336118779,34684000.0,-45.1960907
2026-10-07T10:24:06,,2400000000.0,5000000000.0,0,8,10,0.6009377006322857,0.6009376,6204385279.999994,6,64,37500000.0,15000000.0,20000.0,50000.0,20,RMS,POW,LIN,0.7499839100000001,0.00077587869,0.0005818965336118779,34688000.0,-44.77486801
2026-10-07T10:24:06,,2400000000.0,5000000000.0,0,8,10,0.6009377006322857,0.6009376,6204385279.999994,6,64,37500000.0,15000000.0,20000.0,50000.0,20,RMS,POW,LIN,0.7499839100000001,0.00077587869,0.0005818965336118779,34692000.0,-44.40044785
2026-10-07T10:24:06,,2400000000.0,5000000000.0,0,8,10,0.6009377006322857,0.6009376,6204385279.999994,6,64,37500000.0,15000000.0,20000.0,50000.0,20,RMS,POW,LIN,0.7499839100000001,0.00077587869,0.0005818965336118779,34696000.0,-44.21322632
2026-10-07T10:24:06,,2400000000.0,5000000000.0,0,8,10,0.6009377006322857,0.6009376,6204385279.999994,6,64,37500000.0,15000000.0,20000.0,50000.0,20,RMS,POW,LIN,0.7499839100000001,0.00077587869,0.0005818965336118779,34700000.0,-44.27136612
2026-10-07T10:24:06,,2400000000.0,5000000000.0,0,8,10,0.6009377006322857,0.6009376,6204385279.999994,6,64,37500000.0,15000000.0,20000.0,50000.0,20,RMS,POW,LIN,0.7499839100000001,0.00077587869,0.0005818965336118779,34704000.0,-44.5318985
2026-10-07T10:24:06,,2400000000.0,5000000000.0,0,8,10,0.6009377006322857,0.6009376,6204385279.999994,6,64,37500000.0,15000000.0,20000.0,50000.0,20,RMS,POW,LIN,0.7499839100000001,0.00077587869,0.0005818965336118779,34708000.0,-44.88578415
2026-10-07T10:24:06,,2400000000.0,5000000000.0,0,8,10,0.6009377006322857,0.6009376,6204385279.999994,6,64,37500000.0,15000000.0,20000.0,50000.0,20,RMS,POW,LIN,0.7499839100000001,0.00077587869,0.0005818965336118779,34712000.0,-45.21112442
2026-10-07T10:24:06,,2400000000.0,5000000000.0,0,8,10,0.6009377006322857,0.6009376,6204385279.999994,6,64,37500000.0,15000000.0,20000.0,50000.0,20,RMS,POW,LIN,0.7499839100000001,0.00077587869,0.0005818965336118779,34716000.0,-45.42966461
2026-10-07T10:24:06,,2400000000.0,5000000000.0,0,8,10,0.6009377006322857,0.6009376,6204385279.999994,6,64,37500000.0,15000000.0,20000.0,50000.0,20,RMS,POW,LIN,0.7499839100000001,0.00077587869,0.0005818965336118779,34720000.0,-45.54846191
2026-10-07T10:24:06,,2400000000.0,5000000000.0,0,8,10,0.6009377006322857,0.6009376,6204385279.999994,6,64,37500000.0,15000000.0,20000.0,50000.0,20,RMS,POW,LIN,0.7499839100000001,0.00077587869,0.0005818965336118779,34724000.0,-45.6464119
2026-10-07T10:24:06,,2400000000.0,5000000000.0,0,8,10,0.6009377006322857,0.6009376,6204385279.999994,6,64,37500000.0,15000000.0,20000.0,50000.0,20,RMS,POW,LIN,0.7499839100000001,0.00077587869,0.0005818965336118779,34728000.0,-45.79985046
2026-10-07T10:24:06,,2400000000.0,5000000000.0,0,8,10,0.6009377006322857,0.6009376,6204385279.999994,6,64,37500000.0,15000000.0,20000.0,50000.0,20,RMS,POW,LIN,0.7499839100000001,0.00077587869,0.0005818965336118779,34732000.0,-46.01246643
2026-10-07T10:24:06,,2400000000.0,5000000000.0,0,8,10,0.6009377006322857,0.6009376,6204385279.999994,6,64,37500000.0,15000000.0,20000.0,50000.0,20,RMS,POW,LIN,0.7499839100000001,0.00077587869,0.0005818965336118779,34736000.0,-46.20210266
2026-10-07T10:24:06,,2400000000.0,5000000000.0,0,8,10,0.6009377006322857,0.6009376,6204385279.999994,6,64,37500000.0,15000000.0,20000.0,50000.0,20,RMS,POW,LIN,0.7499839100000001,0.00077587869,0.0005818965336118779,34740000.0,-46.2393837
2026-10-07T10:24:06,,2400000000.0,5000000000.0,0,8,10,0.6009377006322857,0.6009376,6204385279.999994,6,64,37500000.0,15000000.0,20000.0,50000.0,20,RMS,POW,LIN,0.7499839100000001,0.00077587869,0.0005818965336118779,34744000.0,-46.02180862
2026-10-07T10:24:06,,2400000000.0,5000000000.0,0,8,10,0.6009377006322857,0.6009376,6204385279.999994,6,64,37500000.0,15000000.0,20000.0,50000.0,20,RMS,POW,LIN,0.7499839100000001,0.00077587869,0.0005818965336118779,34748000.0,-45.56852341
2026-10-07T10:24:06,,2400000000.0,5000000000.0,0,8,10,0.6009377006322857,0.6009376,6204385279.999994,6,64,37500000.0,15000000.0,20000.0,50000.0,20,RMS,POW,LIN,0.7499839100000001,0.00077587869,0.0005818965336118779,34752000.0,-45.04893875
2026-10-07T10:24:06,,2400000000.0,5000000000.0,0,8,10,0.6009377006322857,0.6009376,6204385279.999994,6,64,37500000.0,15000000.0,20000.0,50000.0,20,RMS,POW,LIN,0.7499839100000001,0.00077587869,0.0005818965336118779,34756000.0,-44.6751442
2026-10-07T10:24:06,,2400000000.0,5000000000.0,0,8,10,0.6009377006322857,0.6009376,6204385279.999994,6,64,37500000.0,15000000.0,20000.0,50000.0,20,RMS,POW,LIN,0.7499839100000001,0.00077587869,0.0005818965336118779,34760000.0,-44.55715561
2026-10-07T10:24:06,,2400000000.0,5000000000.0,0,8,10,0.6009377006322857,0.6009376,6204385279.999994,6,64,37500000.0,15000000.0,20000.0,50000.0,20,RMS,POW,LIN,0.7499839100000001,0.00077587869,0.0005818965336118779,34764000.0,-44.62036896
2026-10-07T10:24:06,,2400000000.0,5000000000.0,0,8,10,0.6009377006322857,0.6009376,6204385279.999994,6,64,37500000.0,15000000.0,20000.0,50000.0,20,RMS,POW,LIN,0.7499839100000001,0.00077587869,0.0005818965336118779,34768000.0,-44.62277222
2026-10-07T10:24:06,,2400000000.0,5000000000.0,0,8,10,0.6009377006322857,0.6009376,6204385279.999994,6,64,37500000.0,15000000.0,20000.0,50000.0,20,RMS,POW,LIN,0.7499839100000001,0.00077587869,0.0005818965336118779,34772000.0,-44.34997177
2026-10-07T10:24:06,,2400000000.0,5000000000.0,0,8,10,0.6009377006322857,0.6009376,6204385279.999994,6,64,37500000.0,15000000.0,20000.0,50000.0,20,RMS,POW,LIN,0.7499839100000001,0.00077587869,0.0005818965336118779,34776000.0,-43.84857178
2026-10-07T10:24:06,,2400000000.0,5000000000.0,0,8,10,0.6009377006322857,0.6009376,6204385279.999994,6,64,37500000.0,15000000.0,20000.0,50000.0,20,RMS,POW,LIN,0.7499839100000001,0.00077587869,0.0005818965336118779,34780000.0,-43.33780289
2026-10-07T10:24:06,,2400000000.0,5000000000.0,0,8,10,0.6009377006322857,0.6009376,6204385279.999994,6,64,37500000.0,15000000.0,20000.0,50000.0,20,RMS,POW,LIN,0.7499839100000001,0.00077587869,0.0005818965336118779,34784000.0,-42.96743774
2026-10-07T10:24:06,,2400000000.0,5000000000.0,0,8,10,0.6009377006322857,0.6009376,6204385279.999994,6,64,37500000.0,15000000.0,20000.0,50000.0,20,RMS,POW,LIN,0.7499839100000001,0.00077587869,0.0005818965336118779,34788000.0,-42.75610352
2026-10-07T10:24:06,,2400000000.0,5000000000.0,0,8,10,0.6009377006322857,0.6009376,6204385279.999994,6,64,37500000.0,15000000.0,20000.0,50000.0,20,RMS,POW,LIN,0.7499839100000001,0.00077587869,0.0005818965336118779,34792000.0,-42.6615715
2026-10-07T10:24:06,,2400000000.0,5000000000.0,0,8,10,0.6009377006322857,0.6009376,6204385279.999994,6,64,37500000.0,15000000.0,20000.0,50000.0,20,RMS,POW,LIN,0.7499839100000001,0.00077587869,0.0005818965336118779,34796000.0,-42.65223312
2026-10-07T10:24:06,,2400000000.0,5000000000.0,0,8,10,0.6009377006322857,0.6009376,6204385279.999994,6,64,37500000.0,15000000.0,20000.0,50000.0,20,RMS,POW,LIN,0.7499839100000001,0.00077587869,0.0005818965336118779,34800000.0,-42.72845078
2026-10-07T10:24:06,,2400000000.0,5000000000.0,0,8,10,0.6009377006322857,0.6009376,6204385279.999994,6,64,37500000.0,15000000.0,20000.0,50000.0,20,RMS,POW,LIN,0.7499839100000001,0.00077587869,0.0005818965336118779,34804000.0,-42.90299988
2026-10-07T10:24:06,,2400000000.0,5000000000.0,0,8,10,0.6009377006322857,0.6009376,6204385279.999994,6,64,37500000.0,15000000.0,20000.0,50000.0,20,RMS,POW,LIN,0.7499839100000001,0.00077587869,0.0005818965336118779,34808000.0,-43.16532135
2026-10-07T10:24:06,,2400000000.0,5000000000.0,0,8,10,0.6009377006322857,0.6009376,6204385279.999994,6,64,37500000.0,15000000.0,20000.0,50000.0,20,RMS,POW,LIN,0.7499839100000001,0.00077587869,0.0005818965336118779,34812000.0,-43.44380188
2026-10-07T10:24:06,,2400000000.0,5000000000.0,0,8,10,0.6009377006322857,0.6009376,6204385279.999994,6,64,37500000.0,15000000.0,20000.0,50000.0,20,RMS,POW,LIN,0.7499839100000001,0.00077587869,0.0005818965336118779,34816000.0,-43.60377884
2026-10-07T10:24:06,,2400000000.0,5000000000.0,0,8,10,0.6009377006322857,0.6009376,6204385279.999994,6,64,37500000.0,15000000.0,20000.0,50000.0,20,RMS,POW,LIN,0.7499839100000001,0.00077587869,0.0005818965336118779,34820000.0,-43.53966141
2026-10-07T10:24:06,,2400000000.0,5000000000.0,0,8,10,0.6009377006322857,0.6009376,6204385279.999994,6,64,37500000.0,15000000.0,20000.0,50000.0,20,RMS,POW,LIN,0.7499839100000001,0.00077587869,0.0005818965336118779,34824000.0,-43.29510498
2026-10-07T10:24:06,,2400000000.0,5000000000.0,0,8,10,0.6009377006322857,0.6009376,6204385279.999994,6,64,37500000.0,15000000.0,20000.0,50000.0,20,RMS,POW,LIN,0.7499839100000001,0.00077587869,0.0005818965336118779,34828000.0,-43.03076935
2026-10-07T10:24:06,,2400000000.0,5000000000.0,0,8,10,0.6009377006322857,0.6009376,6204385279.999994,6,64,37500000.0,15000000.0,20000.0,50000.0,20,RMS,POW,LIN,0.7499839100000001,0.00077587869,0.0005818965336118779,34832000.0,-42.87889481
2026-10-07T10:24:06,,2400000000.0,5000000000.0,0,8,10,0.6009377006322857,0.6009376,6204385279.999994,6,64,37500000.0,15000000.0,20000.0,50000.0,20,RMS,POW,LIN,0.7499839100000001,0.00077587869,0.0005818965336118779,34836000.0,-42.86400986
2026-10-07T10:24:06,,2400000000.0,5000000000.0,0,8,10,0.6009377006322857,0.6009376,6204385279.999994,6,64,37500000.0,15000000.0,20000.0,50000.0,20,RMS,POW,LIN,0.7499839100000001,0.00077587869,0.0005818965336118779,34840000.0,-42.91985321
2026-10-07T10:24:06,,2400000000.0,5000000000.0,0,8,10,0.6009377006322857,0.6009376,6204385279.999994,6,64,37500000.0,15000000.0,20000.0,50000.0,20,RMS,POW,LIN,0.7499839100000001,0.00077587869,0.0005818965336118779,34844000.0,-42.95277023
2026-10-07T10:24:06,,2400000000.0,5000000000.0,0,8,10,0.6009377006322857,0.6009376,6204385279.999994,6,64,37500000.0,15000000.0,20000.0,50000.0,20,RMS,POW,LIN,0.7499839100000001,0.00077587869,0.0005818965336118779,34848000.0,-42.90607452
2026-10-07T10:24:06,,2400000000.0,5000000000.0,0,8,10,0.6009377006322857,0.6009376,6204385279.999994,6,64,37500000.0,15000000.0,20000.0,50000.0,20,RMS,POW,LIN,0.7499839100000001,0.00077587869,0.0005818965336118779,34852000.0,-42.78327942
2026-10-07T10:24:06,,2400000000.0,5000000000.0,0,8,10,0.6009377006322857,0.6009376,6204385279.999994,6,64,37500000.0,15000000.0,20000.0,50000.0,20,RMS,POW,LIN,0.7499839100000001,0.00077587869,0.0005818965336118779,34856000.0,-42.62744141
2026-10-07T10:24:06,,2400000000.0,5000000000.0,0,8,10,0.6009377006322857,0.6009376,6204385279.999994,6,64,37500000.0,15000000.0,20000.0,50000.0,20,RMS,POW,LIN,0.7499839100000001,0.00077587869,0.0005818965336118779,34860000.0,-42.49475479
2026-10-07T10:24:06,,2400000000.0,5000000000.0,0,8,10,0.6009377006322857,0.6009376,6204385279.999994,6,64,37500000.0,15000000.0,20000.0,50000.0,20,RMS,POW,LIN,0.7499839100000001,0.00077587869,0.0005818965336118779,34864000.0,-42.44022751
2026-10-07T10:24:06,,2400000000.0,5000000000.0,0,8,10,0.6009377006322857,0.6009376,6204385279.999994,6,64,37500000.0,15000000.0,20000.0,50000.0,20,RMS,POW,LIN,0.7499839100000001,0.00077587869,0.0005818965336118779,34868000.0,-42.49756622
2026-10-07T10:24:06,,2400000000.0,5000000000.0,0,8,10,0.6009377006322857,0.6009376,6204385279.999994,6,64,37500000.0,15000000.0,20000.0,50000.0,20,RMS,POW,LIN,0.7499839100000001,0.00077587869,0.0005818965336118779,34872000.0,-42.6476326
2026-10-07T10:24:06,,2400000000.0,5000000000.0,0,8,10,0.6009377006322857,0.6009376,6204385279.999994,6,64,37500000.0,15000000.0,20000.0,50000.0,20,RMS,POW,LIN,0.7499839100000001,0.00077587869,0.0005818965336118779,34876000.0,-42.8141098
2026-10-07T10:24:06,,2400000000.0,5000000000.0,0,8,10,0.6009377006322857,0.6009376,6204385279.999994,6,64,37500000.0,15000000.0,20000.0,50000.0,20,RMS,POW,LIN,0.7499839100000001,0.00077587869,0.0005818965336118779,34880000.0,-42.92823792
2026-10-07T10:24:06,,2400000000.0,5000000000.0,0,8,10,0.6009377006322857,0.6009376,6204385279.999994,6,64,37500000.0,15000000.0,20000.0,50000.0,20,RMS,POW,LIN,0.7499839100000001,0.00077587869,0.0005818965336118779,34884000.0,-43.00380707
2026-10-07T10:24:06,,2400000000.0,5000000000.0,0,8,10,0.6009377006322857,0.6009376,6204385279.999994,6,64,37500000.0,15000000.0,20000.0,50000.0,20,RMS,POW,LIN,0.7499839100000001,0.00077587869,0.0005818965336118779,34888000.0,-43.09996033
2026-10-07T10:24:06,,2400000000.0,5000000000.0,0,8,10,0.6009377006322857,0.6009376,6204385279.999994,6,64,37500000.0,15000000.0,20000.0,50000.0,20,RMS,POW,LIN,0.7499839100000001,0.00077587869,0.0005818965336118779,34892000.0,-43.21453476
2026-10-07T10:24:06,,2400000000.0,5000000000.0,0,8,10,0.6009377006322857,0.6009376,6204385279.999994,6,64,37500000.0,15000000.0,20000.0,50000.0,20,RMS,POW,LIN,0.7499839100000001,0.00077587869,0.0005818965336118779,34896000.0,-43.27536774
2026-10-07T10:24:06,,2400000000.0,5000000000.0,0,8,10,0.6009377006322857,0.6009376,6204385279.999994,6,64,37500000.0,15000000.0,20000.0,50000.0,20,RMS,POW,LIN,0.7499839100000001,0.00077587869,0.0005818965336118779,34900000.0,-43.25848007
2026-10-07T10:24:06,,2400000000.0,5000000000.0,0,8,10,0.6009377006322857,0.6009376,6204385279.999994,6,64,37500000.0,15000000.0,20000.0,50000.0,20,RMS,POW,LIN,0.7499839100000001,0.00077587869,0.0005818965336118779,34904000.0,-43.25442123
2026-10-07T10:24:06,,2400000000.0,5000000000.0,0,8,10,0.6009377006322857,0.6009376,6204385279.999994,6,64,37500000.0,15000000.0,20000.0,50000.0,20,RMS,POW,LIN,0.7499839100000001,0.00077587869,0.0005818965336118779,34908000.0,-43.3676033
2026-10-07T10:24:06,,2400000000.0,5000000000.0,0,8,10,0.6009377006322857,0.6009376,6204385279.999994,6,64,37500000.0,15000000.0,20000.0,50000.0,20,RMS,POW,LIN,0.7499839100000001,0.00077587869,0.0005818965336118779,34912000.0,-43.58101273
2026-10-07T10:24:06,,2400000000.0,5000000000.0,0,8,10,0.6009377006322857,0.6009376,6204385279.999994,6,64,37500000.0,15000000.0,20000.0,50000.0,20,RMS,POW,LIN,0.7499839100000001,0.00077587869,0.0005818965336118779,34916000.0,-43.72654343
2026-10-07T10:24:06,,2400000000.0,5000000000.0,0,8,10,0.6009377006322857,0.6009376,6204385279.999994,6,64,37500000.0,15000000.0,20000.0,50000.0,20,RMS,POW,LIN,0.7499839100000001,0.00077587869,0.0005818965336118779,34920000.0,-43.61798096
2026-10-07T10:24:06,,2400000000.0,5000000000.0,0,8,10,0.6009377006322857,0.6009376,6204385279.999994,6,64,37500000.0,15000000.0,20000.0,50000.0,20,RMS,POW,LIN,0.7499839100000001,0.00077587869,0.0005818965336118779,34924000.0,-43.25951385
2026-10-07T10:24:06,,2400000000.0,5000000000.0,0,8,10,0.6009377006322857,0.6009376,6204385279.999994,6,64,37500000.0,15000000.0,20000.0,50000.0,20,RMS,POW,LIN,0.7499839100000001,0.00077587869,0.0005818965336118779,34928000.0,-42.83950424
2026-10-07T10:24:06,,2400000000.0,5000000000.0,0,8,10,0.6009377006322857,0.6009376,6204385279.999994,6,64,37500000.0,15000000.0,20000.0,50000.0,20,RMS,POW,LIN,0.7499839100000001,0.00077587869,0.0005818965336118779,34932000.0,-42.5161972
2026-10-07T10:24:06,,2400000000.0,5000000000.0,0,8,10,0.6009377006322857,0.6009376,6204385279.999994,6,64,37500000.0,15000000.0,20000.0,50000.0,20,RMS,POW,LIN,0.7499839100000001,0.00077587869,0.0005818965336118779,34936000.0,-42.28652573
2026-10-07T10:24:06,,2400000000.0,5000000000.0,0,8,10,0.6009377006322857,0.6009376,6204385279.999994,6,64,37500000.0,15000000.0,20000.0,50000.0,20,RMS,POW,LIN,0.7499839100000001,0.00077587869,0.0005818965336118779,34940000.0,-42.02559662
2026-10-07T10:24:06,,2400000000.0,5000000000.0,0,8,10,0.6009377006322857,0.6009376,6204385279.999994,6,64,37500000.0,15000000.0,20000.0,50000.0,20,RMS,POW,LIN,0.7499839100000001,0.00077587869,0.0005818965336118779,34944000.0,-41.64808273
2026-10-07T10:24:06,,2400000000.0,5000000000.0,0,8,10,0.6009377006322857,0.6009376,6204385279.999994,6,64,37500000.0,15000000.0,20000.0,50000.0,20,RMS,POW,LIN,0.7499839100000001,0.00077587869,0.0005818965336118779,34948000.0,-41.23537445
2026-10-07T10:24:06,,2400000000.0,5000000000.0,0,8,10,0.6009377006322857,0.6009376,6204385279.999994,6,64,37500000.0,15000000.0,20000.0,50000.0,20,RMS,POW,LIN,0.7499839100000001,0.00077587869,0.0005818965336118779,34952000.0,-40.96889114
2026-10-07T10:24:06,,2400000000.0,5000000000.0,0,8,10,0.6009377006322857,0.6009376,6204385279.999994,6,64,37500000.0,15000000.0,20000.0,50000.0,20,RMS,POW,LIN,0.7499839100000001,0.00077587869,0.0005818965336118779,34956000.0,-40.98319626
2026-10-07T10:24:06,,2400000000.0,5000000000.0,0,8,10,0.6009377006322857,0.6009376,6204385279.999994,6,64,37500000.0,15000000.0,20000.0,50000.0,20,RMS,POW,LIN,0.7499839100000001,0.00077587869,0.0005818965336118779,34960000.0,-41.29774094
2026-10-07T10:24:06,,2400000000.0,5000000000.0,0,8,10,0.6009377006322857,0.6009376,6204385279.999994,6,64,37500000.0,15000000.0,20000.0,50000.0,20,RMS,POW,LIN,0.7499839100000001,0.00077587869,0.0005818965336118779,34964000.0,-41.82181549
2026-10-07T10:24:06,,2400000000.0,5000000000.0,0,8,10,0.6009377006322857,0.6009376,6204385279.999994,6,64,37500000.0,15000000.0,20000.0,50000.0,20,RMS,POW,LIN,0.7499839100000001,0.00077587869,0.0005818965336118779,34968000.0,-42.40258026
2026-10-07T10:24:06,,2400000000.0,5000000000.0,0,8,10,0.6009377006322857,0.6009376,6204385279.999994,6,64,37500000.0,15000000.0,20000.0,50000.0,20,RMS,POW,LIN,0.7499839100000001,0.00077587869,0.0005818965336118779,34972000.0,-42.90231323
2026-10-07T10:24:06,,2400000000.0,5000000000.0,0,8,10,0.6009377006322857,0.6009376,6204385279.999994,6,64,37500000.0,15000000.0,20000.0,50000.0,20,RMS,POW,LIN,0.7499839100000001,0.00077587869,0.0005818965336118779,34976000.0,-43.23871994
2026-10-07T10:24:06,,2400000000.0,5000000000.0,0,8,10,0.6009377006322857,0.6009376,6204385279.999994,6,64,37500000.0,15000000.0,20000.0,50000.0,20,RMS,POW,LIN,0.7499839100000001,0.00077587869,0.0005818965336118779,34980000.0,-43.35699081
2026-10-07T10:24:06,,2400000000.0,5000000000.0,0,8,10,0.6009377006322857,0.6009376,6204385279.999994,6,64,37500000.0,15000000.0,20000.0,50000.0,20,RMS,POW,LIN,0.7499839100000001,0.00077587869,0.0005818965336118779,34984000.0,-43.24933624
2026-10-07T10:24:06,,2400000000.0,5000000000.0,0,8,10,0.6009377006322857,0.6009376,6204385279.999994,6,64,37500000.0,15000000.0,20000.0,50000.0,20,RMS,POW,LIN,0.7499839100000001,0.00077587869,0.0005818965336118779,34988000.0,-43.03210068
2026-10-07T10:24:06,,2400000000.0,5000000000.0,0,8,10,0.6009377006322857,0.6009376,6204385279.999994,6,64,37500000.0,15000000.0,20000.0,50000.0,20,RMS,POW,LIN,0.7499839100000001,0.00077587869,0.0005818965336118779,34992000.0,-42.88718033
2026-10-07T10:24:06,,2400000000.0,5000000000.0,0,8,10,0.6009377006322857,0.6009376,6204385279.999994,6,64,37500000.0,15000000.0,20000.0,50000.0,20,RMS,POW,LIN,0.7499839100000001,0.00077587869,0.0005818965336118779,34996000.0,-42.87926483
2026-10-07T10:24:06,,2400000000.0,5000000000.0,0,8,10,0.6009377006322857,0.6009376,6204385279.999994,6,64,37500000.0,15000000.0,20000.0,50000.0,20,RMS,POW,LIN,0.7499839100000001,0.00077587869,0.0005818965336118779,35000000.0,-42.85954285
2026-10-07T10:24:06,,2400000000.0,5000000000.0,0,8,10,0.6009377006322857,0.6009376,6204385279.999994,6,64,37500000.0,15000000.0,20000.0,50000.0,20,RMS,POW,LIN,0.7499839100000001,0.00077587869,0.0005818965336118779,35004000.0,-42.60842896
2026-10-07T10:24:06,,2400000000.0,5000000000.0,0,8,10,0.6009377006322857,0.6009376,6204385279.999994,6,64,37500000.0,15000000.0,20000.0,50000.0,20,RMS,POW,LIN,0.7499839100000001,0.00077587869,0.0005818965336118779,35008000.0,-42.14272308
2026-10-07T10:24:06,,2400000000.0,5000000000.0,0,8,10,0.6009377006322857,0.6009376,6204385279.999994,6,64,37500000.0,15000000.0,20000.0,50000.0,20,RMS,POW,LIN,0.7499839100000001,0.00077587869,0.0005818965336118779,35012000.0,-41.73603439
2026-10-07T10:24:06,,2400000000.0,5000000000.0,0,8,10,0.6009377006322857,0.6009376,6204385279.999994,6,64,37500000.0,15000000.0,20000.0,50000.0,20,RMS,POW,LIN,0.7499839100000001,0.00077587869,0.0005818965336118779,35016000.0,-41.63597488
2026-10-07T10:24:06,,2400000000.0,5000000000.0,0,8,10,0.6009377006322857,0.6009376,6204385279.999994,6,64,37500000.0,15000000.0,20000.0,50000.0,20,RMS,POW,LIN,0.7499839100000001,0.00077587869,0.0005818965336118779,35020000.0,-41.89192581
2026-10-07T10:24:06,,2400000000.0,5000000000.0,0,8,10,0.6009377006322857,0.6009376,6204385279.999994,6,64,37500000.0,15000000.0,20000.0,50000.0,20,RMS,POW,LIN,0.7499839100000001,0.00077587869,0.0005818965336118779,35024000.0,-42.3122406
2026-10-07T10:24:06,,2400000000.0,5000000000.0,0,8,10,0.6009377006322857,0.6009376,6204385279.999994,6,64,37500000.0,15000000.0,20000.0,50000.0,20,RMS,POW,LIN,0.7499839100000001,0.00077587869,0.0005818965336118779,35028000.0,-42.5164299
2026-10-07T10:24:06,,2400000000.0,5000000000.0,0,8,10,0.6009377006322857,0.6009376,6204385279.999994,6,64,37500000.0,15000000.0,20000.0,50000.0,20,RMS,POW,LIN,0.7499839100000001,0.00077587869,0.0005818965336118779,35032000.0,-42.26586914
2026-10-07T10:24:06,,2400000000.0,5000000000.0,0,8,10,0.6009377006322857,0.6009376,6204385279.999994,6,64,37500000.0,15000000.0,20000.0,50000.0,20,RMS,POW,LIN,0.7499839100000001,0.00077587869,0.0005818965336118779,35036000.0,-41.76848984
2026-10-07T10:24:06,,2400000000.0,5000000000.0,0,8,10,0.6009377006322857,0.6009376,6204385279.999994,6,64,37500000.0,15000000.0,20000.0,50000.0,20,RMS,POW,LIN,0.7499839100000001,0.00077587869,0.0005818965336118779,35040000.0,-41.38695908
2026-10-07T10:24:06,,2400000000.0,5000000000.0,0,8,10,0.6009377006322857,0.6009376,6204385279.999994,6,64,37500000.0,15000000.0,20000.0,50000.0,20,RMS,POW,LIN,0.7499839100000001,0.00077587869,0.0005818965336118779,35044000.0,-41.26992416
2026-10-07T10:24:06,,2400000000.0,5000000000.0,0,8,10,0.6009377006322857,0.6009376,6204385279.999994,6,64,37500000.0,15000000.0,20000.0,50000.0,20,RMS,POW,LIN,0.7499839100000001,0.00077587869,0.0005818965336118779,35048000.0,-41.31323242
2026-10-07T10:24:06,,2400000000.0,5000000000.0,0,8,10,0.6009377006322857,0.6009376,6204385279.999994,6,64,37500000.0,15000000.0,20000.0,50000.0,20,RMS,POW,LIN,0.7499839100000001,0.00077587869,0.0005818965336118779,35052000.0,-41.3117218
2026-10-07T10:24:06,,2400000000.0,5000000000.0,0,8,10,0.6009377006322857,0.6009376,6204385279.999994,6,64,37500000.0,15000000.0,20000.0,50000.0,20,RMS,POW,LIN,0.7499839100000001,0.00077587869,0.0005818965336118779,35056000.0,-41.17915726
2026-10-07T10:24:06,,2400000000.0,5000000000.0,0,8,10,0.6009377006322857,0.6009376,6204385279.999994,6,64,37500000.0,15000000.0,20000.0,50000.0,20,RMS,POW,LIN,0.7499839100000001,0.00077587869,0.0005818965336118779,35060000.0,-41.00393295
2026-10-07T10:24:06,,2400000000.0,5000000000.0,0,8,10,0.6009377006322857,0.6009376,6204385279.999994,6,64,37500000.0,15000000.0,20000.0,50000.0,20,RMS,POW,LIN,0.7499839100000001,0.00077587869,0.0005818965336118779,35064000.0,-40.88015366
2026-10-07T10:24:06,,2400000000.0,5000000000.0,0,8,10,0.6009377006322857,0.6009376,6204385279.999994,6,64,37500000.0,15000000.0,20000.0,50000.0,20,RMS,POW,LIN,0.7499839100000001,0.00077587869,0.0005818965336118779,35068000.0,-40.78524399
2026-10-07T10:24:06,,2400000000.0,5000000000.0,0,8,10,0.6009377006322857,0.6009376,6204385279.999994,6,64,37500000.0,15000000.0,20000.0,50000.0,20,RMS,POW,LIN,0.7499839100000001,0.00077587869,0.0005818965336118779,35072000.0,-40.63379288
2026-10-07T10:24:06,,2400000000.0,5000000000.0,0,8,10,0.6009377006322857,0.6009376,6204385279.999994,6,64,37500000.0,15000000.0,20000.0,50000.0,20,RMS,POW,LIN,0.7499839100000001,0.00077587869,0.0005818965336118779,35076000.0,-40.40815735
2026-10-07T10:24:06,,2400000000.0,5000000000.0,0,8,10,0.6009377006322857,0.6009376,6204385279.999994,6,64,37500000.0,15000000.0,20000.0,50000.0,20,RMS,POW,LIN,0.7499839100000001,0.00077587869,0.0005818965336118779,35080000.0,-40.20000839
2026-10-07T10:24:06,,2400000000.0,5000000000.0,0,8,10,0.6009377006322857,0.6009376,6204385279.999994,6,64,37500000.0,15000000.0,20000.0,50000.0,20,RMS,POW,LIN,0.7499839100000001,0.00077587869,0.0005818965336118779,35084000.0,-40.12688065
2026-10-07T10:24:06,,2400000000.0,5000000000.0,0,8,10,0.6009377006322857,0.6009376,6204385279.999994,6,64,37500000.0,15000000.0,20000.0,50000.0,20,RMS,POW,LIN,0.7499839100000001,0.00077587869,0.0005818965336118779,35088000.0,-40.24328995
2026-10-07T10:24:06,,2400000000.0,5000000000.0,0,8,10,0.6009377006322857,0.6009376,6204385279.999994,6,64,37500000.0,15000000.0,20000.0,50000.0,20,RMS,POW,LIN,0.7499839100000001,0.00077587869,0.0005818965336118779,35092000.0,-40.50744247
2026-10-07T10:24:06,,2400000000.0,5000000000.0,0,8,10,0.6009377006322857,0.6009376,6204385279.999994,6,64,37500000.0,15000000.0,20000.0,50000.0,20,RMS,POW,LIN,0.7499839100000001,0.00077587869,0.0005818965336118779,35096000.0,-40.78004837
2026-10-07T10:24:06,,2400000000.0,5000000000.0,0,8,10,0.6009377006322857,0.6009376,6204385279.999994,6,64,37500000.0,15000000.0,20000.0,50000.0,20,RMS,POW,LIN,0.7499839100000001,0.00077587869,0.0005818965336118779,35100000.0,-40.8719635
2026-10-07T10:24:06,,2400000000.0,5000000000.0,0,8,10,0.6009377006322857,0.6009376,6204385279.999994,6,64,37500000.0,15000000.0,20000.0,50000.0,20,RMS,POW,LIN,0.7499839100000001,0.00077587869,0.0005818965336118779,35104000.0,-40.68755722
2026-10-07T10:24:06,,2400000000.0,5000000000.0,0,8,10,0.6009377006322857,0.6009376,6204385279.999994,6,64,37500000.0,15000000.0,20000.0,50000.0,20,RMS,POW,LIN,0.7499839100000001,0.00077587869,0.0005818965336118779,35108000.0,-40.33751678
2026-10-07T10:24:06,,2400000000.0,5000000000.0,0,8,10,0.6009377006322857,0.6009376,6204385279.999994,6,64,37500000.0,15000000.0,20000.0,50000.0,20,RMS,POW,LIN,0.7499839100000001,0.00077587869,0.0005818965336118779,35112000.0,-40.03928757
2026-10-07T10:24:06,,2400000000.0,5000000000.0,0,8,10,0.6009377006322857,0.6009376,6204385279.999994,6,64,37500000.0,15000000.0,20000.0,50000.0,20,RMS,POW,LIN,0.7499839100000001,0.00077587869,0.0005818965336118779,35116000.0,-39.95479965
2026-10-07T10:24:06,,2400000000.0,5000000000.0,0,8,10,0.6009377006322857,0.6009376,6204385279.999994,6,64,37500000.0,15000000.0,20000.0,50000.0,20,RMS,POW,LIN,0.7499839100000001,0.00077587869,0.0005818965336118779,35120000.0,-40.14602661
2026-10-07T10:24:06,,2400000000.0,5000000000.0,0,8,10,0.6009377006322857,0.6009376,6204385279.999994,6,64,37500000.0,15000000.0,20000.0,50000.0,20,RMS,POW,LIN,0.7499839100000001,0.00077587869,0.0005818965336118779,35124000.0,-40.59238052
2026-10-07T10:24:06,,2400000000.0,5000000000.0,0,8,10,0.6009377006322857,0.6009376,6204385279.999994,6,64,37500000.0,15000000.0,20000.0,50000.0,20,RMS,POW,LIN,0.7499839100000001,0.00077587869,0.0005818965336118779,35128000.0,-41.16347504
2026-10-07T10:24:06,,2400000000.0,5000000000.0,0,8,10,0.6009377006322857,0.6009376,6204385279.999994,6,64,37500000.0,15000000.0,20000.0,50000.0,20,RMS,POW,LIN,0.7499839100000001,0.00077587869,0.0005818965336118779,35132000.0,-41.55548477
2026-10-07T10:24:06,,2400000000.0,5000000000.0,0,8,10,0.6009377006322857,0.6009376,6204385279.999994,6,64,37500000.0,15000000.0,20000.0,50000.0,20,RMS,POW,LIN,0.7499839100000001,0.00077587869,0.0005818965336118779,35136000.0,-41.43746185
2026-10-07T10:24:06,,2400000000.0,5000000000.0,0,8,10,0.6009377006322857,0.6009376,6204385279.999994,6,64,37500000.0,15000000.0,20000.0,50000.0,20,RMS,POW,LIN,0.7499839100000001,0.00077587869,0.0005818965336118779,35140000.0,-40.86525345
2026-10-07T10:24:06,,2400000000.0,5000000000.0,0,8,10,0.6009377006322857,0.6009376,6204385279.999994,6,64,37500000.0,15000000.0,20000.0,50000.0,20,RMS,POW,LIN,0.7499839100000001,0.00077587869,0.0005818965336118779,35144000.0,-40.23212433
2026-10-07T10:24:06,,2400000000.0,5000000000.0,0,8,10,0.6009377006322857,0.6009376,6204385279.999994,6,64,37500000.0,15000000.0,20000.0,50000.0,20,RMS,POW,LIN,0.7499839100000001,0.00077587869,0.0005818965336118779,35148000.0,-39.80751419
2026-10-07T10:24:06,,2400000000.0,5000000000.0,0,8,10,0.6009377006322857,0.6009376,6204385279.999994,6,64,37500000.0,15000000.0,20000.0,50000.0,20,RMS,POW,LIN,0.7499839100000001,0.00077587869,0.0005818965336118779,35152000.0,-39.59462738
2026-10-07T10:24:06,,2400000000.0,5000000000.0,0,8,10,0.6009377006322857,0.6009376,6204385279.999994,6,64,37500000.0,15000000.0,20000.0,50000.0,20,RMS,POW,LIN,0.7499839100000001,0.00077587869,0.0005818965336118779,35156000.0,-39.47417068
2026-10-07T10:24:06,,2400000000.0,5000000000.0,0,8,10,0.6009377006322857,0.6009376,6204385279.999994,6,64,37500000.0,15000000.0,20000.0,50000.0,20,RMS,POW,LIN,0.7499839100000001,0.00077587869,0.0005818965336118779,35160000.0,-39.393116
2026-10-07T10:24:06,,2400000000.0,5000000000.0,0,8,10,0.6009377006322857,0.6009376,6204385279.999994,6,64,37500000.0,15000000.0,20000.0,50000.0,20,RMS,POW,LIN,0.7499839100000001,0.00077587869,0.0005818965336118779,35164000.0,-39.39035416
2026-10-07T10:24:06,,2400000000.0,5000000000.0,0,8,10,0.6009377006322857,0.6009376,6204385279.999994,6,64,37500000.0,15000000.0,20000.0,50000.0,20,RMS,POW,LIN,0.7499839100000001,0.00077587869,0.0005818965336118779,35168000.0,-39.43616867
2026-10-07T10:24:06,,2400000000.0,5000000000.0,0,8,10,0.6009377006322857,0.6009376,6204385279.999994,6,64,37500000.0,15000000.0,20000.0,50000.0,20,RMS,POW,LIN,0.7499839100000001,0.00077587869,0.0005818965336118779,35172000.0,-39.34576035
2026-10-07T10:24:06,,2400000000.0,5000000000.0,0,8,10,0.6009377006322857,0.6009376,6204385279.999994,6,64,37500000.0,15000000.0,20000.0,50000.0,20,RMS,POW,LIN,0.7499839100000001,0.00077587869,0.0005818965336118779,35176000.0,-38.96663284
2026-10-07T10:24:06,,2400000000.0,5000000000.0,0,8,10,0.6009377006322857,0.6009376,6204385279.999994,6,64,37500000.0,15000000.0,20000.0,50000.0,20,RMS,POW,LIN,0.7499839100000001,0.00077587869,0.0005818965336118779,35180000.0,-38.40643692
2026-10-07T10:24:06,,2400000000.0,5000000000.0,0,8,10,0.6009377006322857,0.6009376,6204385279.999994,6,64,37500000.0,15000000.0,20000.0,50000.0,20,RMS,POW,LIN,0.7499839100000001,0.00077587869,0.0005818965336118779,35184000.0,-37.91931534
2026-10-07T10:24:06,,2400000000.0,5000000000.0,0,8,10,0.6009377006322857,0.6009376,6204385279.999994,6,64,37500000.0,15000000.0,20000.0,50000.0,20,RMS,POW,LIN,0.7499839100000001,0.00077587869,0.0005818965336118779,35188000.0,-37.68263245
2026-10-07T10:24:06,,2400000000.0,5000000000.0,0,8,10,0.6009377006322857,0.6009376,6204385279.999994,6,64,37500000.0,15000000.0,20000.0,50000.0,20,RMS,POW,LIN,0.7499839100000001,0.00077587869,0.0005818965336118779,35192000.0,-37.73443222
2026-10-07T10:24:06,,2400000000.0,5000000000.0,0,8,10,0.6009377006322857,0.6009376,6204385279.999994,6,64,37500000.0,15000000.0,20000.0,50000.0,20,RMS,POW,LIN,0.7499839100000001,0.00077587869,0.0005818965336118779,35196000.0,-37.9728241
2026-10-07T10:24:06,,2400000000.0,5000000000.0,0,8,10,0.6009377006322857,0.6009376,6204385279.999994,6,64,37500000.0,15000000.0,20000.0,50000.0,20,RMS,POW,LIN,0.7499839100000001,0.00077587869,0.0005818965336118779,35200000.0,-38.15884781
2026-10-07T10:24:06,,2400000000.0,5000000000.0,0,8,10,0.6009377006322857,0.6009376,6204385279.999994,6,64,37500000.0,15000000.0,20000.0,50000.0,20,RMS,POW,LIN,0.7499839100000001,0.00077587869,0.0005818965336118779,35204000.0,-38.03979492
2026-10-07T10:24:06,,2400000000.0,5000000000.0,0,8,10,0.6009377006322857,0.6009376,6204385279.999994,6,64,37500000.0,15000000.0,20000.0,50000.0,20,RMS,POW,LIN,0.7499839100000001,0.00077587869,0.0005818965336118779,35208000.0,-37.59470367
2026-10-07T10:24:06,,2400000000.0,5000000000.0,0,8,10,0.6009377006322857,0.6009376,6204385279.999994,6,64,37500000.0,15000000.0,20000.0,50000.0,20,RMS,POW,LIN,0.7499839100000001,0.00077587869,0.0005818965336118779,35212000.0,-37.0471077
2026-10-07T10:24:06,,2400000000.0,5000000000.0,0,8,10,0.6009377006322857,0.6009376,6204385279.999994,6,64,37500000.0,15000000.0,20000.0,50000.0,20,RMS,POW,LIN,0.7499839100000001,0.00077587869,0.0005818965336118779,35216000.0,-36.62957764
2026-10-07T10:24:06,,2400000000.0,5000000000.0,0,8,10,0.6009377006322857,0.6009376,6204385279.999994,6,64,37500000.0,15000000.0,20000.0,50000.0,20,RMS,POW,LIN,0.7499839100000001,0.00077587869,0.0005818965336118779,35220000.0,-36.46419525
2026-10-07T10:24:06,,2400000000.0,5000000000.0,0,8,10,0.6009377006322857,0.6009376,6204385279.999994,6,64,37500000.0,15000000.0,20000.0,50000.0,20,RMS,POW,LIN,0.7499839100000001,0.00077587869,0.0005818965336118779,35224000.0,-36.58070374
2026-10-07T10:24:06,,2400000000.0,5000000000.0,0,8,10,0.6009377006322857,0.6009376,6204385279.999994,6,64,37500000.0,15000000.0,20000.0,50000.0,20,RMS,POW,LIN,0.7499839100000001,0.00077587869,0.0005818965336118779,35228000.0,-36.93693542
2026-10-07T10:24:06,,2400000000.0,5000000000.0,0,8,10,0.6009377006322857,0.6009376,6204385279.999994,6,64,37500000.0,15000000.0,20000.0,50000.0,20,RMS,POW,LIN,0.7499839100000001,0.00077587869,0.0005818965336118779,35232000.0,-37.40966034
2026-10-07T10:24:06,,2400000000.0,5000000000.0,0,8,10,0.6009377006322857,0.6009376,6204385279.999994,6,64,37500000.0,15000000.0,20000.0,50000.0,20,RMS,POW,LIN,0.7499839100000001,0.00077587869,0.0005818965336118779,35236000.0,-37.80182648
2026-10-07T10:24:06,,2400000000.0,5000000000.0,0,8,10,0.6009377006322857,0.6009376,6204385279.999994,6,64,37500000.0,15000000.0,20000.0,50000.0,20,RMS,POW,LIN,0.7499839100000001,0.00077587869,0.0005818965336118779,35240000.0,-37.91310883
2026-10-07T10:24:06,,2400000000.0,5000000000.0,0,8,10,0.6009377006322857,0.6009376,6204385279.999994,6,64,37500000.0,15000000.0,20000.0,50000.0,20,RMS,POW,LIN,0.7499839100000001,0.00077587869,0.0005818965336118779,35244000.0,-37.64709854
2026-10-07T10:24:06,,2400000000.0,5000000000.0,0,8,10,0.6009377006322857,0.6009376,6204385279.999994,6,64,37500000.0,15000000.0,20000.0,50000.0,20,RMS,POW,LIN,0.7499839100000001,0.00077587869,0.0005818965336118779,35248000.0,-37.07428741
2026-10-07T10:24:06,,2400000000.0,5000000000.0,0,8,10,0.6009377006322857,0.6009376,6204385279.999994,6,64,37500000.0,15000000.0,20000.0,50000.0,20,RMS,POW,LIN,0.7499839100000001,0.00077587869,0.0005818965336118779,35252000.0,-36.39957047
2026-10-07T10:24:06,,2400000000.0,5000000000.0,0,8,10,0.6009377006322857,0.6009376,6204385279.999994,6,64,37500000.0,15000000.0,20000.0,50000.0,20,RMS,POW,LIN,0.7499839100000001,0.00077587869,0.0005818965336118779,35256000.0,-35.84995651
2026-10-07T10:24:06,,2400000000.0,5000000000.0,0,8,10,0.6009377006322857,0.6009376,6204385279.999994,6,64,37500000.0,15000000.0,20000.0,50000.0,20,RMS,POW,LIN,0.7499839100000001,0.00077587869,0.0005818965336118779,35260000.0,-35.57341003
2026-10-07T10:24:06,,2400000000.0,5000000000.0,0,8,10,0.6009377006322857,0.6009376,6204385279.999994,6,64,37500000.0,15000000.0,20000.0,50000.0,20,RMS,POW,LIN,0.7499839100000001,0.00077587869,0.0005818965336118779,35264000.0,-35.60174942
2026-10-07T10:24:06,,2400000000.0,5000000000.0,0,8,10,0.6009377006322857,0.6009376,6204385279.999994,6,64,37500000.0,15000000.0,20000.0,50000.0,20,RMS,POW,LIN,0.7499839100000001,0.00077587869,0.0005818965336118779,35268000.0,-35.84595108
2026-10-07T10:24:06,,2400000000.0,5000000000.0,0,8,10,0.6009377006322857,0.6009376,6204385279.999994,6,64,37500000.0,15000000.0,20000.0,50000.0,20,RMS,POW,LIN,0.7499839100000001,0.00077587869,0.0005818965336118779,35272000.0,-36.10799026
2026-10-07T10:24:06,,2400000000.0,5000000000.0,0,8,10,0.6009377006322857,0.6009376,6204385279.999994,6,64,37500000.0,15000000.0,20000.0,50000.0,20,RMS,POW,LIN,0.7499839100000001,0.00077587869,0.0005818965336118779,35276000.0,-36.17089081
2026-10-07T10:24:06,,2400000000.0,5000000000.0,0,8,10,0.6009377006322857,0.6009376,6204385279.999994,6,64,37500000.0,15000000.0,20000.0,50000.0,20,RMS,POW,LIN,0.7499839100000001,0.00077587869,0.0005818965336118779,35280000.0,-35.97480774
2026-10-07T10:24:06,,2400000000.0,5000000000.0,0,8,10,0.6009377006322857,0.6009376,6204385279.999994,6,64,37500000.0,15000000.0,20000.0,50000.0,20,RMS,POW,LIN,0.7499839100000001,0.00077587869,0.0005818965336118779,35284000.0,-35.65563202
2026-10-07T10:24:06,,2400000000.0,5000000000.0,0,8,10,0.6009377006322857,0.6009376,6204385279.999994,6,64,37500000.0,15000000.0,20000.0,50000.0,20,RMS,POW,LIN,0.7499839100000001,0.00077587869,0.0005818965336118779,35288000.0,-35.36777496
2026-10-07T10:24:06,,2400000000.0,5000000000.0,0,8,10,0.6009377006322857,0.6009376,6204385279.999994,6,64,37500000.0,15000000.0,20000.0,50000.0,20,RMS,POW,LIN,0.7499839100000001,0.00077587869,0.0005818965336118779,35292000.0,-35.15376663
2026-10-07T10:24:06,,2400000000.0,5000000000.0,0,8,10,0.6009377006322857,0.6009376,6204385279.999994,6,64,37500000.0,15000000.0,20000.0,50000.0,20,RMS,POW,LIN,0.7499839100000001,0.00077587869,0.0005818965336118779,35296000.0,-34.97938538
2026-10-07T10:24:06,,2400000000.0,5000000000.0,0,8,10,0.6009377006322857,0.6009376,6204385279.999994,6,64,37500000.0,15000000.0,20000.0,50000.0,20,RMS,POW,LIN,0.7499839100000001,0.00077587869,0.0005818965336118779,35300000.0,-34.83353424
2026-10-07T10:24:06,,2400000000.0,5000000000.0,0,8,10,0.6009377006322857,0.6009376,6204385279.999994,6,64,37500000.0,15000000.0,20000.0,50000.0,20,RMS,POW,LIN,0.7499839100000001,0.00077587869,0.0005818965336118779,35304000.0,-34.76502609
2026-10-07T10:24:06,,2400000000.0,5000000000.0,0,8,10,0.6009377006322857,0.6009376,6204385279.999994,6,64,37500000.0,15000000.0,20000.0,50000.0,20,RMS,POW,LIN,0.7499839100000001,0.00077587869,0.0005818965336118779,35308000.0,-34.83296967
2026-10-07T10:24:06,,2400000000.0,5000000000.0,0,8,10,0.6009377006322857,0.6009376,6204385279.999994,6,64,37500000.0,15000000.0,20000.0,50000.0,20,RMS,POW,LIN,0.7499839100000001,0.00077587869,0.0005818965336118779,35312000.0,-35.052845
2026-10-07T10:24:06,,2400000000.0,5000000000.0,0,8,10,0.6009377006322857,0.6009376,6204385279.999994,6,64,37500000.0,15000000.0,20000.0,50000.0,20,RMS,POW,LIN,0.7499839100000001,0.00077587869,0.0005818965336118779,35316000.0,-35.38879013
2026-10-07T10:24:06,,2400000000.0,5000000000.0,0,8,10,0.6009377006322857,0.6009376,6204385279.999994,6,64,37500000.0,15000000.0,20000.0,50000.0,20,RMS,POW,LIN,0.7499839100000001,0.00077587869,0.0005818965336118779,35320000.0,-35.77472305
2026-10-07T10:24:06,,2400000000.0,5000000000.0,0,8,10,0.6009377006322857,0.6009376,6204385279.999994,6,64,37500000.0,15000000.0,20000.0,50000.0,20,RMS,POW,LIN,0.7499839100000001,0.00077587869,0.0005818965336118779,35324000.0,-36.13584518
2026-10-07T10:24:06,,2400000000.0,5000000000.0,0,8,10,0.6009377006322857,0.6009376,6204385279.999994,6,64,37500000.0,15000000.0,20000.0,50000.0,20,RMS,POW,LIN,0.7499839100000001,0.00077587869,0.0005818965336118779,35328000.0,-36.39910889
2026-10-07T10:24:06,,2400000000.0,5000000000.0,0,8,10,0.6009377006322857,0.6009376,6204385279.999994,6,64,37500000.0,15000000.0,20000.0,50000.0,20,RMS,POW,LIN,0.7499839100000001,0.00077587869,0.0005818965336118779,35332000.0,-36.4909935
2026-10-07T10:24:06,,2400000000.0,5000000000.0,0,8,10,0.6009377006322857,0.6009376,6204385279.999994,6,64,37500000.0,15000000.0,20000.0,50000.0,20,RMS,POW,LIN,0.7499839100000001,0.00077587869,0.0005818965336118779,35336000.0,-36.34751511
2026-10-07T10:24:06,,2400000000.0,5000000000.0,0,8,10,0.6009377006322857,0.6009376,6204385279.999994,6,64,37500000.0,15000000.0,20000.0,50000.0,20,RMS,POW,LIN,0.7499839100000001,0.00077587869,0.0005818965336118779,35340000.0,-35.97395325
2026-10-07T10:24:06,,2400000000.0,5000000000.0,0,8,10,0.6009377006322857,0.6009376,6204385279.999994,6,64,37500000.0,15000000.0,20000.0,50000.0,20,RMS,POW,LIN,0.7499839100000001,0.00077587869,0.0005818965336118779,35344000.0,-35.49210358
2026-10-07T10:24:06,,2400000000.0,5000000000.0,0,8,10,0.6009377006322857,0.6009376,6204385279.999994,6,64,37500000.0,15000000.0,20000.0,50000.0,20,RMS,POW,LIN,0.7499839100000001,0.00077587869,0.0005818965336118779,35348000.0,-35.08037949
2026-10-07T10:24:06,,2400000000.0,5000000000.0,0,8,10,0.6009377006322857,0.6009376,6204385279.999994,6,64,37500000.0,15000000.0,20000.0,50000.0,20,RMS,POW,LIN,0.7499839100000001,0.00077587869,0.0005818965336118779,35352000.0,-34.87868118
2026-10-07T10:24:06,,2400000000.0,5000000000.0,0,8,10,0.6009377006322857,0.6009376,6204385279.999994,6,64,37500000.0,15000000.0,20000.0,50000.0,20,RMS,POW,LIN,0.7499839100000001,0.00077587869,0.0005818965336118779,35356000.0,-34.95841217
2026-10-07T10:24:06,,2400000000.0,5000000000.0,0,8,10,0.6009377006322857,0.6009376,6204385279.999994,6,64,37500000.0,15000000.0,20000.0,50000.0,20,RMS,POW,LIN,0.7499839100000001,0.00077587869,0.0005818965336118779,35360000.0,-35.3336525
2026-10-07T10:24:06,,2400000000.0,5000000000.0,0,8,10,0.6009377006322857,0.6009376,6204385279.999994,6,64,37500000.0,15000000.0,20000.0,50000.0,20,RMS,POW,LIN,0.7499839100000001,0.00077587869,0.0005818965336118779,35364000.0,-35.94977951
2026-10-07T10:24:06,,2400000000.0,5000000000.0,0,8,10,0.6009377006322857,0.6009376,6204385279.999994,6,64,37500000.0,15000000.0,20000.0,50000.0,20,RMS,POW,LIN,0.7499839100000001,0.00077587869,0.0005818965336118779,35368000.0,-36.63520432
2026-10-07T10:24:06,,2400000000.0,5000000000.0,0,8,10,0.6009377006322857,0.6009376,6204385279.999994,6,64,37500000.0,15000000.0,20000.0,50000.0,20,RMS,POW,LIN,0.7499839100000001,0.00077587869,0.0005818965336118779,35372000.0,-37.10536957
2026-10-07T10:24:06,,2400000000.0,5000000000.0,0,8,10,0.6009377006322857,0.6009376,6204385279.999994,6,64,37500000.0,15000000.0,20000.0,50000.0,20,RMS,POW,LIN,0.7499839100000001,0.00077587869,0.0005818965336118779,35376000.0,-37.15728378
2026-10-07T10:24:06,,2400000000.0,5000000000.0,0,8,10,0.6009377006322857,0.6009376,6204385279.999994,6,64,37500000.0,15000000.0,20000.0,50000.0,20,RMS,POW,LIN,0.7499839100000001,0.00077587869,0.0005818965336118779,35380000.0,-36.86820984
2026-10-07T10:24:06,,2400000000.0,5000000000.0,0,8,10,0.6009377006322857,0.6009376,6204385279.999994,6,64,37500000.0,15000000.0,20000.0,50000.0,20,RMS,POW,LIN,0.7499839100000001,0.00077587869,0.0005818965336118779,35384000.0,-36.45921326
2026-10-07T10:24:06,,2400000000.0,5000000000.0,0,8,10,0.6009377006322857,0.6009376,6204385279.999994,6,64,37500000.0,15000000.0,20000.0,50000.0,20,RMS,POW,LIN,0.7499839100000001,0.00077587869,0.0005818965336118779,35388000.0,-36.0861702
2026-10-07T10:24:06,,2400000000.0,5000000000.0,0,8,10,0.6009377006322857,0.6009376,6204385279.999994,6,64,37500000.0,15000000.0,20000.0,50000.0,20,RMS,POW,LIN,0.7499839100000001,0.00077587869,0.0005818965336118779,35392000.0,-35.82664871
2026-10-07T10:24:06,,2400000000.0,5000000000.0,0,8,10,0.6009377006322857,0.6009376,6204385279.999994,6,64,37500000.0,15000000.0,20000.0,50000.0,20,RMS,POW,LIN,0.7499839100000001,0.00077587869,0.0005818965336118779,35396000.0,-35.73215485
2026-10-07T10:24:06,,2400000000.0,5000000000.0,0,8,10,0.6009377006322857,0.6009376,6204385279.999994,6,64,37500000.0,15000000.0,20000.0,50000.0,20,RMS,POW,LIN,0.7499839100000001,0.00077587869,0.0005818965336118779,35400000.0,-35.82881927
2026-10-07T10:24:06,,2400000000.0,5000000000.0,0,8,10,0.6009377006322857,0.6009376,6204385279.999994,6,64,37500000.0,15000000.0,20000.0,50000.0,20,RMS,POW,LIN,0.7499839100000001,0.00077587869,0.0005818965336118779,35404000.0,-36.08128738
2026-10-07T10:24:06,,2400000000.0,5000000000.0,0,8,10,0.6009377006322857,0.6009376,6204385279.999994,6,64,37500000.0,15000000.0,20000.0,50000.0,20,RMS,POW,LIN,0.7499839100000001,0.00077587869,0.0005818965336118779,35408000.0,-36.37704086
2026-10-07T10:24:06,,2400000000.0,5000000000.0,0,8,10,0.6009377006322857,0.6009376,6204385279.999994,6,64,37500000.0,15000000.0,20000.0,50000.0,20,RMS,POW,LIN,0.7499839100000001,0.00077587869,0.0005818965336118779,35412000.0,-36.57931137
2026-10-07T10:24:06,,2400000000.0,5000000000.0,0,8,10,0.6009377006322857,0.6009376,6204385279.999994,6,64,37500000.0,15000000.0,20000.0,50000.0,20,RMS,POW,LIN,0.7499839100000001,0.00077587869,0.0005818965336118779,35416000.0,-36.62963867
2026-10-07T10:24:06,,2400000000.0,5000000000.0,0,8,10,0.6009377006322857,0.6009376,6204385279.999994,6,64,37500000.0,15000000.0,20000.0,50000.0,20,RMS,POW,LIN,0.7499839100000001,0.00077587869,0.0005818965336118779,35420000.0,-36.57577515
2026-10-07T10:24:06,,2400000000.0,5000000000.0,0,8,10,0.6009377006322857,0.6009376,6204385279.999994,6,64,37500000.0,15000000.0,20000.0,50000.0,20,RMS,POW,LIN,0.7499839100000001,0.00077587869,0.0005818965336118779,35424000.0,-36.48074341
2026-10-07T10:24:06,,2400000000.0,5000000000.0,0,8,10,0.6009377006322857,0.6009376,6204385279.999994,6,64,37500000.0,15000000.0,20000.0,50000.0,20,RMS,POW,LIN,0.7499839100000001,0.00077587869,0.0005818965336118779,35428000.0,-36.34862518
2026-10-07T10:24:06,,2400000000.0,5000000000.0,0,8,10,0.6009377006322857,0.6009376,6204385279.999994,6,64,37500000.0,15000000.0,20000.0,50000.0,20,RMS,POW,LIN,0.7499839100000001,0.00077587869,0.0005818965336118779,35432000.0,-36.15606308
2026-10-07T10:24:06,,2400000000.0,5000000000.0,0,8,10,0.6009377006322857,0.6009376,6204385279.999994,6,64,37500000.0,15000000.0,20000.0,50000.0,20,RMS,POW,LIN,0.7499839100000001,0.00077587869,0.0005818965336118779,35436000.0,-35.92430115
2026-10-07T10:24:06,,2400000000.0,5000000000.0,0,8,10,0.6009377006322857,0.6009376,6204385279.999994,6,64,37500000.0,15000000.0,20000.0,50000.0,20,RMS,POW,LIN,0.7499839100000001,0.00077587869,0.0005818965336118779,35440000.0,-35.72830582
2026-10-07T10:24:06,,2400000000.0,5000000000.0,0,8,10,0.6009377006322857,0.6009376,6204385279.999994,6,64,37500000.0,15000000.0,20000.0,50000.0,20,RMS,POW,LIN,0.7499839100000001,0.00077587869,0.0005818965336118779,35444000.0,-35.64279938
2026-10-07T10:24:06,,2400000000.0,5000000000.0,0,8,10,0.6009377006322857,0.6009376,6204385279.999994,6,64,37500000.0,15000000.0,20000.0,50000.0,20,RMS,POW,LIN,0.7499839100000001,0.00077587869,0.0005818965336118779,35448000.0,-35.69791794
2026-10-07T10:24:06,,2400000000.0,5000000000.0,0,8,10,0.6009377006322857,0.6009376,6204385279.999994,6,64,37500000.0,15000000.0,20000.0,50000.0,20,RMS,POW,LIN,0.7499839100000001,0.00077587869,0.0005818965336118779,35452000.0,-35.86993027
2026-10-07T10:24:06,,2400000000.0,5000000000.0,0,8,10,0.6009377006322857,0.6009376,6204385279.999994,6,64,37500000.0,15000000.0,20000.0,50000.0,20,RMS,POW,LIN,0.7499839100000001,0.00077587869,0.0005818965336118779,35456000.0,-36.08823395
2026-10-07T10:24:06,,2400000000.0,5000000000.0,0,8,10,0.6009377006322857,0.6009376,6204385279.999994,6,64,37500000.0,15000000.0,20000.0,50000.0,20,RMS,POW,LIN,0.7499839100000001,0.00077587869,0.0005818965336118779,35460000.0,-36.25265503
2026-10-07T10:24:06,,2400000000.0,5000000000.0,0,8,10,0.6009377006322857,0.6009376,6204385279.999994,6,64,37500000.0,15000000.0,20000.0,50000.0,20,RMS,POW,LIN,0.7499839100000001,0.00077587869,0.0005818965336118779,35464000.0,-36.2789917
2026-10-07T10:24:06,,2400000000.0,5000000000.0,0,8,10,0.6009377006322857,0.6009376,6204385279.999994,6,64,37500000.0,15000000.0,20000.0,50000.0,20,RMS,POW,LIN,0.7499839100000001,0.00077587869,0.0005818965336118779,35468000.0,-36.16244507
2026-10-07T10:24:06,,2400000000.0,5000000000.0,0,8,10,0.6009377006322857,0.6009376,6204385279.999994,6,64,37500000.0,15000000.0,20000.0,50000.0,20,RMS,POW,LIN,0.7499839100000001,0.00077587869,0.0005818965336118779,35472000.0,-35.98786163
2026-10-07T10:24:06,,2400000000.0,5000000000.0,0,8,10,0.6009377006322857,0.6009376,6204385279.999994,6,64,37500000.0,15000000.0,20000.0,50000.0,20,RMS,POW,LIN,0.7499839100000001,0.00077587869,0.0005818965336118779,35476000.0,-35.85885239
2026-10-07T10:24:06,,2400000000.0,5000000000.0,0,8,10,0.6009377006322857,0.6009376,6204385279.999994,6,64,37500000.0,15000000.0,20000.0,50000.0,20,RMS,POW,LIN,0.7499839100000001,0.00077587869,0.0005818965336118779,35480000.0,-35.822052
2026-10-07T10:24:06,,2400000000.0,5000000000.0,0,8,10,0.6009377006322857,0.6009376,6204385279.999994,6,64,37500000.0,15000000.0,20000.0,50000.0,20,RMS,POW,LIN,0.7499839100000001,0.00077587869,0.0005818965336118779,35484000.0,-35.85548782
2026-10-07T10:24:06,,2400000000.0,5000000000.0,0,8,10,0.6009377006322857,0.6009376,6204385279.999994,6,64,37500000.0,15000000.0,20000.0,50000.0,20,RMS,POW,LIN,0.7499839100000001,0.00077587869,0.0005818965336118779,35488000.0,-35.92052841
2026-10-07T10:24:06,,2400000000.0,5000000000.0,0,8,10,0.6009377006322857,0.6009376,6204385279.999994,6,64,37500000.0,15000000.0,20000.0,50000.0,20,RMS,POW,LIN,0.7499839100000001,0.00077587869,0.0005818965336118779,35492000.0,-36.02119827
2026-10-07T10:24:06,,2400000000.0,5000000000.0,0,8,10,0.6009377006322857,0.6009376,6204385279.999994,6,64,37500000.0,15000000.0,20000.0,50000.0,20,RMS,POW,LIN,0.7499839100000001,0.00077587869,0.0005818965336118779,35496000.0,-36.20412445
2026-10-07T10:24:06,,2400000000.0,5000000000.0,0,8,10,0.6009377006322857,0.6009376,6204385279.999994,6,64,37500000.0,15000000.0,20000.0,50000.0,20,RMS,POW,LIN,0.7499839100000001,0.00077587869,0.0005818965336118779,35500000.0,-36.50450897
2026-10-07T10:24:06,,2400000000.0,5000000000.0,0,8,10,0.6009377006322857,0.6009376,6204385279.999994,6,64,37500000.0,15000000.0,20000.0,50000.0,20,RMS,POW,LIN,0.7499839100000001,0.00077587869,0.0005818965336118779,35504000.0,-36.90621185
2026-10-07T10:24:06,,2400000000.0,5000000000.0,0,8,10,0.6009377006322857,0.6009376,6204385279.999994,6,64,37500000.0,15000000.0,20000.0,50000.0,20,RMS,POW,LIN,0.7499839100000001,0.00077587869,0.0005818965336118779,35508000.0,-37.3513031
2026-10-07T10:24:06,,2400000000.0,5000000000.0,0,8,10,0.6009377006322857,0.6009376,6204385279.999994,6,64,37500000.0,15000000.0,20000.0,50000.0,20,RMS,POW,LIN,0.7499839100000001,0.00077587869,0.0005818965336118779,35512000.0,-37.77418518
2026-10-07T10:24:06,,2400000000.0,5000000000.0,0,8,10,0.6009377006322857,0.6009376,6204385279.999994,6,64,37500000.0,15000000.0,20000.0,50000.0,20,RMS,POW,LIN,0.7499839100000001,0.00077587869,0.0005818965336118779,35516000.0,-38.11199188
2026-10-07T10:24:06,,2400000000.0,5000000000.0,0,8,10,0.6009377006322857,0.6009376,6204385279.999994,6,64,37500000.0,15000000.0,20000.0,50000.0,20,RMS,POW,LIN,0.7499839100000001,0.00077587869,0.0005818965336118779,35520000.0,-38.29167175
2026-10-07T10:24:06,,2400000000.0,5000000000.0,0,8,10,0.6009377006322857,0.6009376,6204385279.999994,6,64,37500000.0,15000000.0,20000.0,50000.0,20,RMS,POW,LIN,0.7499839100000001,0.00077587869,0.0005818965336118779,35524000.0,-38.25567627
2026-10-07T10:24:06,,2400000000.0,5000000000.0,0,8,10,0.6009377006322857,0.6009376,6204385279.999994,6,64,37500000.0,15000000.0,20000.0,50000.0,20,RMS,POW,LIN,0.7499839100000001,0.00077587869,0.0005818965336118779,35528000.0,-38.02972412
2026-10-07T10:24:06,,2400000000.0,5000000000.0,0,8,10,0.6009377006322857,0.6009376,6204385279.999994,6,64,37500000.0,15000000.0,20000.0,50000.0,20,RMS,POW,LIN,0.7499839100000001,0.00077587869,0.0005818965336118779,35532000.0,-37.72886276
2026-10-07T10:24:06,,2400000000.0,5000000000.0,0,8,10,0.6009377006322857,0.6009376,6204385279.999994,6,64,37500000.0,15000000.0,20000.0,50000.0,20,RMS,POW,LIN,0.7499839100000001,0.00077587869,0.0005818965336118779,35536000.0,-37.47793961
2026-10-07T10:24:06,,2400000000.0,5000000000.0,0,8,10,0.6009377006322857,0.6009376,6204385279.999994,6,64,37500000.0,15000000.0,20000.0,50000.0,20,RMS,POW,LIN,0.7499839100000001,0.00077587869,0.0005818965336118779,35540000.0,-37.34640121
2026-10-07T10:24:06,,2400000000.0,5000000000.0,0,8,10,0.6009377006322857,0.6009376,6204385279.999994,6,64,37500000.0,15000000.0,20000.0,50000.0,20,RMS,POW,LIN,0.7499839100000001,0.00077587869,0.0005818965336118779,35544000.0,-37.34281158
2026-10-07T10:24:06,,2400000000.0,5000000000.0,0,8,10,0.6009377006322857,0.6009376,6204385279.999994,6,64,37500000.0,15000000.0,20000.0,50000.0,20,RMS,POW,LIN,0.7499839100000001,0.00077587869,0.0005818965336118779,35548000.0,-37.44159698
2026-10-07T10:24:06,,2400000000.0,5000000000.0,0,8,10,0.6009377006322857,0.6009376,6204385279.999994,6,64,37500000.0,15000000.0,20000.0,50000.0,20,RMS,POW,LIN,0.7499839100000001,0.00077587869,0.0005818965336118779,35552000.0,-37.61631393
2026-10-07T10:24:06,,2400000000.0,5000000000.0,0,8,10,0.6009377006322857,0.6009376,6204385279.999994,6,64,37500000.0,15000000.0,20000.0,50000.0,20,RMS,POW,LIN,0.7499839100000001,0.00077587869,0.0005818965336118779,35556000.0,-37.86332321
2026-10-07T10:24:06,,2400000000.0,5000000000.0,0,8,10,0.6009377006322857,0.6009376,6204385279.999994,6,64,37500000.0,15000000.0,20000.0,50000.0,20,RMS,POW,LIN,0.7499839100000001,0.00077587869,0.0005818965336118779,35560000.0,-38.19645309
2026-10-07T10:24:06,,2400000000.0,5000000000.0,0,8,10,0.6009377006322857,0.6009376,6204385279.999994,6,64,37500000.0,15000000.0,20000.0,50000.0,20,RMS,POW,LIN,0.7499839100000001,0.00077587869,0.0005818965336118779,35564000.0,-38.61002731
2026-10-07T10:24:06,,2400000000.0,5000000000.0,0,8,10,0.6009377006322857,0.6009376,6204385279.999994,6,64,37500000.0,15000000.0,20000.0,50000.0,20,RMS,POW,LIN,0.7499839100000001,0.00077587869,0.0005818965336118779,35568000.0,-39.04637146
2026-10-07T10:24:06,,2400000000.0,5000000000.0,0,8,10,0.6009377006322857,0.6009376,6204385279.999994,6,64,37500000.0,15000000.0,20000.0,50000.0,20,RMS,POW,LIN,0.7499839100000001,0.00077587869,0.0005818965336118779,35572000.0,-39.4124794
2026-10-07T10:24:06,,2400000000.0,5000000000.0,0,8,10,0.6009377006322857,0.6009376,6204385279.999994,6,64,37500000.0,15000000.0,20000.0,50000.0,20,RMS,POW,LIN,0.7499839100000001,0.00077587869,0.0005818965336118779,35576000.0,-39.63699341
2026-10-07T10:24:06,,2400000000.0,5000000000.0,0,8,10,0.6009377006322857,0.6009376,6204385279.999994,6,64,37500000.0,15000000.0,20000.0,50000.0,20,RMS,POW,LIN,0.7499839100000001,0.00077587869,0.0005818965336118779,35580000.0,-39.69414902
2026-10-07T10:24:06,,2400000000.0,5000000000.0,0,8,10,0.6009377006322857,0.6009376,6204385279.999994,6,64,37500000.0,15000000.0,20000.0,50000.0,20,RMS,POW,LIN,0.7499839100000001,0.00077587869,0.0005818965336118779,35584000.0,-39.58385468
2026-10-07T10:24:06,,2400000000.0,5000000000.0,0,8,10,0.6009377006322857,0.6009376,6204385279.999994,6,64,37500000.0,15000000.0,20000.0,50000.0,20,RMS,POW,LIN,0.7499839100000001,0.00077587869,0.0005818965336118779,35588000.0,-39.34317398
2026-10-07T10:24:06,,2400000000.0,5000000000.0,0,8,10,0.6009377006322857,0.6009376,6204385279.999994,6,64,37500000.0,15000000.0,20000.0,50000.0,20,RMS,POW,LIN,0.7499839100000001,0.00077587869,0.0005818965336118779,35592000.0,-39.067379
2026-10-07T10:24:06,,2400000000.0,5000000000.0,0,8,10,0.6009377006322857,0.6009376,6204385279.999994,6,64,37500000.0,15000000.0,20000.0,50000.0,20,RMS,POW,LIN,0.7499839100000001,0.00077587869,0.0005818965336118779,35596000.0,-38.85963058
2026-10-07T10:24:06,,2400000000.0,5000000000.0,0,8,10,0.6009377006322857,0.6009376,6204385279.999994,6,64,37500000.0,15000000.0,20000.0,50000.0,20,RMS,POW,LIN,0.7499839100000001,0.00077587869,0.0005818965336118779,35600000.0,-38.75852585
2026-10-07T10:24:06,,2400000000.0,5000000000.0,0,8,10,0.6009377006322857,0.6009376,6204385279.999994,6,64,37500000.0,15000000.0,20000.0,50000.0,20,RMS,POW,LIN,0.7499839100000001,0.00077587869,0.0005818965336118779,35604000.0,-38.7359314
2026-10-07T10:24:06,,2400000000.0,5000000000.0,0,8,10,0.6009377006322857,0.6009376,6204385279.999994,6,64,37500000.0,15000000.0,20000.0,50000.0,20,RMS,POW,LIN,0.7499839100000001,0.00077587869,0.0005818965336118779,35608000.0,-38.75521469
2026-10-07T10:24:06,,2400000000.0,5000000000.0,0,8,10,0.6009377006322857,0.6009376,6204385279.999994,6,64,37500000.0,15000000.0,20000.0,50000.0,20,RMS,POW,LIN,0.7499839100000001,0.00077587869,0.0005818965336118779,35612000.0,-38.80380249
2026-10-07T10:24:06,,2400000000.0,5000000000.0,0,8,10,0.6009377006322857,0.6009376,6204385279.999994,6,64,37500000.0,15000000.0,20000.0,50000.0,20,RMS,POW,LIN,0.7499839100000001,0.00077587869,0.0005818965336118779,35616000.0,-38.86340332
2026-10-07T10:24:06,,2400000000.0,5000000000.0,0,8,10,0.6009377006322857,0.6009376,6204385279.999994,6,64,37500000.0,15000000.0,20000.0,50000.0,20,RMS,POW,LIN,0.7499839100000001,0.00077587869,0.0005818965336118779,35620000.0,-38.89320374
2026-10-07T10:24:06,,2400000000.0,5000000000.0,0,8,10,0.6009377006322857,0.6009376,6204385279.999994,6,64,37500000.0,15000000.0,20000.0,50000.0,20,RMS,POW,LIN,0.7499839100000001,0.00077587869,0.0005818965336118779,35624000.0,-38.88640594
2026-10-07T10:24:06,,2400000000.0,5000000000.0,0,8,10,0.6009377006322857,0.6009376,6204385279.999994,6,64,37500000.0,15000000.0,20000.0,50000.0,20,RMS,POW,LIN,0.7499839100000001,0.00077587869,0.0005818965336118779,35628000.0,-38.91983795
2026-10-07T10:24:06,,2400000000.0,5000000000.0,0,8,10,0.6009377006322857,0.6009376,6204385279.999994,6,64,37500000.0,15000000.0,20000.0,50000.0,20,RMS,POW,LIN,0.7499839100000001,0.00077587869,0.0005818965336118779,35632000.0,-39.09837341
2026-10-07T10:24:06,,2400000000.0,5000000000.0,0,8,10,0.6009377006322857,0.6009376,6204385279.999994,6,64,37500000.0,15000000.0,20000.0,50000.0,20,RMS,POW,LIN,0.7499839100000001,0.00077587869,0.0005818965336118779,35636000.0,-39.44339371
2026-10-07T10:24:06,,2400000000.0,5000000000.0,0,8,10,0.6009377006322857,0.6009376,6204385279.999994,6,64,37500000.0,15000000.0,20000.0,50000.0,20,RMS,POW,LIN,0.7499839100000001,0.00077587869,0.0005818965336118779,35640000.0,-39.83164597
2026-10-07T10:24:06,,2400000000.0,5000000000.0,0,8,10,0.6009377006322857,0.6009376,6204385279.999994,6,64,37500000.0,15000000.0,20000.0,50000.0,20,RMS,POW,LIN,0.7499839100000001,0.00077587869,0.0005818965336118779,35644000.0,-40.06599045
2026-10-07T10:24:06,,2400000000.0,5000000000.0,0,8,10,0.6009377006322857,0.6009376,6204385279.999994,6,64,37500000.0,15000000.0,20000.0,50000.0,20,RMS,POW,LIN,0.7499839100000001,0.00077587869,0.0005818965336118779,35648000.0,-40.0795517
2026-10-07T10:24:06,,2400000000.0,5000000000.0,0,8,10,0.6009377006322857,0.6009376,6204385279.999994,6,64,37500000.0,15000000.0,20000.0,50000.0,20,RMS,POW,LIN,0.7499839100000001,0.00077587869,0.0005818965336118779,35652000.0,-40.01817703
2026-10-07T10:24:06,,2400000000.0,5000000000.0,0,8,10,0.6009377006322857,0.6009376,6204385279.999994,6,64,37500000.0,15000000.0,20000.0,50000.0,20,RMS,POW,LIN,0.7499839100000001,0.00077587869,0.0005818965336118779,35656000.0,-40.05430603
2026-10-07T10:24:06,,2400000000.0,5000000000.0,0,8,10,0.6009377006322857,0.6009376,6204385279.999994,6,64,37500000.0,15000000.0,20000.0,50000.0,20,RMS,POW,LIN,0.7499839100000001,0.00077587869,0.0005818965336118779,35660000.0,-40.20581436
2026-10-07T10:24:06,,2400000000.0,5000000000.0,0,8,10,0.6009377006322857,0.6009376,6204385279.999994,6,64,37500000.0,15000000.0,20000.0,50000.0,20,RMS,POW,LIN,0.7499839100000001,0.00077587869,0.0005818965336118779,35664000.0,-40.34888077
2026-10-07T10:24:06,,2400000000.0,5000000000.0,0,8,10,0.6009377006322857,0.6009376,6204385279.999994,6,64,37500000.0,15000000.0,20000.0,50000.0,20,RMS,POW,LIN,0.7499839100000001,0.00077587869,0.0005818965336118779,35668000.0,-40.39450455
2026-10-07T10:24:06,,2400000000.0,5000000000.0,0,8,10,0.6009377006322857,0.6009376,6204385279.999994,6,64,37500000.0,15000000.0,20000.0,50000.0,20,RMS,POW,LIN,0.7499839100000001,0.00077587869,0.0005818965336118779,35672000.0,-40.42529678
2026-10-07T10:24:06,,2400000000.0,5000000000.0,0,8,10,0.6009377006322857,0.6009376,6204385279.999994,6,64,37500000.0,15000000.0,20000.0,50000.0,20,RMS,POW,LIN,0.7499839100000001,0.00077587869,0.0005818965336118779,35676000.0,-40.59068298
2026-10-07T10:24:06,,2400000000.0,5000000000.0,0,8,10,0.6009377006322857,0.6009376,6204385279.999994,6,64,37500000.0,15000000.0,20000.0,50000.0,20,RMS,POW,LIN,0.7499839100000001,0.00077587869,0.0005818965336118779,35680000.0,-40.90683365
2026-10-07T10:24:06,,2400000000.0,5000000000.0,0,8,10,0.6009377006322857,0.6009376,6204385279.999994,6,64,37500000.0,15000000.0,20000.0,50000.0,20,RMS,POW,LIN,0.7499839100000001,0.00077587869,0.0005818965336118779,35684000.0,-41.17801285
2026-10-07T10:24:06,,2400000000.0,5000000000.0,0,8,10,0.6009377006322857,0.6009376,6204385279.999994,6,64,37500000.0,15000000.0,20000.0,50000.0,20,RMS,POW,LIN,0.7499839100000001,0.00077587869,0.0005818965336118779,35688000.0,-41.12782669
2026-10-07T10:24:06,,2400000000.0,5000000000.0,0,8,10,0.6009377006322857,0.6009376,6204385279.999994,6,64,37500000.0,15000000.0,20000.0,50000.0,20,RMS,POW,LIN,0.7499839100000001,0.00077587869,0.0005818965336118779,35692000.0,-40.68297577
2026-10-07T10:24:06,,2400000000.0,5000000000.0,0,8,10,0.6009377006322857,0.6009376,6204385279.999994,6,64,37500000.0,15000000.0,20000.0,50000.0,20,RMS,POW,LIN,0.7499839100000001,0.00077587869,0.0005818965336118779,35696000.0,-40.03195572
2026-10-07T10:24:06,,2400000000.0,5000000000.0,0,8,10,0.6009377006322857,0.6009376,6204385279.999994,6,64,37500000.0,15000000.0,20000.0,50000.0,20,RMS,POW,LIN,0.7499839100000001,0.00077587869,0.0005818965336118779,35700000.0,-39.39749527
2026-10-07T10:24:06,,2400000000.0,5000000000.0,0,8,10,0.6009377006322857,0.6009376,6204385279.999994,6,64,37500000.0,15000000.0,20000.0,50000.0,20,RMS,POW,LIN,0.7499839100000001,0.00077587869,0.0005818965336118779,35704000.0,-38.90056229
2026-10-07T10:24:06,,2400000000.0,5000000000.0,0,8,10,0.6009377006322857,0.6009376,6204385279.999994,6,64,37500000.0,15000000.0,20000.0,50000.0,20,RMS,POW,LIN,0.7499839100000001,0.00077587869,0.0005818965336118779,35708000.0,-38.57894516
2026-10-07T10:24:06,,2400000000.0,5000000000.0,0,8,10,0.6009377006322857,0.6009376,6204385279.999994,6,64,37500000.0,15000000.0,20000.0,50000.0,20,RMS,POW,LIN,0.7499839100000001,0.00077587869,0.0005818965336118779,35712000.0,-38.4302597
2026-10-07T10:24:06,,2400000000.0,5000000000.0,0,8,10,0.6009377006322857,0.6009376,6204385279.999994,6,64,37500000.0,15000000.0,20000.0,50000.0,20,RMS,POW,LIN,0.7499839100000001,0.00077587869,0.0005818965336118779,35716000.0,-38.42165375
2026-10-07T10:24:06,,2400000000.0,5000000000.0,0,8,10,0.6009377006322857,0.6009376,6204385279.999994,6,64,37500000.0,15000000.0,20000.0,50000.0,20,RMS,POW,LIN,0.7499839100000001,0.00077587869,0.0005818965336118779,35720000.0,-38.47439194
2026-10-07T10:24:06,,2400000000.0,5000000000.0,0,8,10,0.6009377006322857,0.6009376,6204385279.999994,6,64,37500000.0,15000000.0,20000.0,50000.0,20,RMS,POW,LIN,0.7499839100000001,0.00077587869,0.0005818965336118779,35724000.0,-38.47527695
2026-10-07T10:24:06,,2400000000.0,5000000000.0,0,8,10,0.6009377006322857,0.6009376,6204385279.999994,6,64,37500000.0,15000000.0,20000.0,50000.0,20,RMS,POW,LIN,0.7499839100000001,0.00077587869,0.0005818965336118779,35728000.0,-38.3604126
2026-10-07T10:24:06,,2400000000.0,5000000000.0,0,8,10,0.6009377006322857,0.6009376,6204385279.999994,6,64,37500000.0,15000000.0,20000.0,50000.0,20,RMS,POW,LIN,0.7499839100000001,0.00077587869,0.0005818965336118779,35732000.0,-38.19609833
2026-10-07T10:24:06,,2400000000.0,5000000000.0,0,8,10,0.6009377006322857,0.6009376,6204385279.999994,6,64,37500000.0,15000000.0,20000.0,50000.0,20,RMS,POW,LIN,0.7499839100000001,0.00077587869,0.0005818965336118779,35736000.0,-38.13015366
2026-10-07T10:24:06,,2400000000.0,5000000000.0,0,8,10,0.6009377006322857,0.6009376,6204385279.999994,6,64,37500000.0,15000000.0,20000.0,50000.0,20,RMS,POW,LIN,0.7499839100000001,0.00077587869,0.0005818965336118779,35740000.0,-38.26774597
2026-10-07T10:24:06,,2400000000.0,5000000000.0,0,8,10,0.6009377006322857,0.6009376,6204385279.999994,6,64,37500000.0,15000000.0,20000.0,50000.0,20,RMS,POW,LIN,0.7499839100000001,0.00077587869,0.0005818965336118779,35744000.0,-38.59823227
2026-10-07T10:24:06,,2400000000.0,5000000000.0,0,8,10,0.6009377006322857,0.6009376,6204385279.999994,6,64,37500000.0,15000000.0,20000.0,50000.0,20,RMS,POW,LIN,0.7499839100000001,0.00077587869,0.0005818965336118779,35748000.0,-38.99273682
2026-10-07T10:24:06,,2400000000.0,5000000000.0,0,8,10,0.6009377006322857,0.6009376,6204385279.999994,6,64,37500000.0,15000000.0,20000.0,50000.0,20,RMS,POW,LIN,0.7499839100000001,0.00077587869,0.0005818965336118779,35752000.0,-39.2629509
2026-10-07T10:24:06,,2400000000.0,5000000000.0,0,8,10,0.6009377006322857,0.6009376,6204385279.999994,6,64,37500000.0,15000000.0,20000.0,50000.0,20,RMS,POW,LIN,0.7499839100000001,0.00077587869,0.0005818965336118779,35756000.0,-39.28191376
2026-10-07T10:24:06,,2400000000.0,5000000000.0,0,8,10,0.6009377006322857,0.6009376,6204385279.999994,6,64,37500000.0,15000000.0,20000.0,50000.0,20,RMS,POW,LIN,0.7499839100000001,0.00077587869,0.0005818965336118779,35760000.0,-39.08565903
2026-10-07T10:24:06,,2400000000.0,5000000000.0,0,8,10,0.6009377006322857,0.6009376,6204385279.999994,6,64,37500000.0,15000000.0,20000.0,50000.0,20,RMS,POW,LIN,0.7499839100000001,0.00077587869,0.0005818965336118779,35764000.0,-38.83618164
2026-10-07T10:24:06,,2400000000.0,5000000000.0,0,8,10,0.6009377006322857,0.6009376,6204385279.999994,6,64,37500000.0,15000000.0,20000.0,50000.0,20,RMS,POW,LIN,0.7499839100000001,0.00077587869,0.0005818965336118779,35768000.0,-38.68971634
2026-10-07T10:24:06,,2400000000.0,5000000000.0,0,8,10,0.6009377006322857,0.6009376,6204385279.999994,6,64,37500000.0,15000000.0,20000.0,50000.0,20,RMS,POW,LIN,0.7499839100000001,0.00077587869,0.0005818965336118779,35772000.0,-38.70484543
2026-10-07T10:24:06,,2400000000.0,5000000000.0,0,8,10,0.6009377006322857,0.6009376,6204385279.999994,6,64,37500000.0,15000000.0,20000.0,50000.0,20,RMS,POW,LIN,0.7499839100000001,0.00077587869,0.0005818965336118779,35776000.0,-38.83752823
2026-10-07T10:24:06,,2400000000.0,5000000000.0,0,8,10,0.6009377006322857,0.6009376,6204385279.999994,6,64,37500000.0,15000000.0,20000.0,50000.0,20,RMS,POW,LIN,0.7499839100000001,0.00077587869,0.0005818965336118779,35780000.0,-39.01068497
2026-10-07T10:24:06,,2400000000.0,5000000000.0,0,8,10,0.6009377006322857,0.6009376,6204385279.999994,6,64,37500000.0,15000000.0,20000.0,50000.0,20,RMS,POW,LIN,0.7499839100000001,0.00077587869,0.0005818965336118779,35784000.0,-39.20107651
2026-10-07T10:24:06,,2400000000.0,5000000000.0,0,8,10,0.6009377006322857,0.6009376,6204385279.999994,6,64,37500000.0,15000000.0,20000.0,50000.0,20,RMS,POW,LIN,0.7499839100000001,0.00077587869,0.0005818965336118779,35788000.0,-39.43783188
2026-10-07T10:24:06,,2400000000.0,5000000000.0,0,8,10,0.6009377006322857,0.6009376,6204385279.999994,6,64,37500000.0,15000000.0,20000.0,50000.0,20,RMS,POW,LIN,0.7499839100000001,0.00077587869,0.0005818965336118779,35792000.0,-39.69864655
2026-10-07T10:24:06,,2400000000.0,5000000000.0,0,8,10,0.6009377006322857,0.6009376,6204385279.999994,6,64,37500000.0,15000000.0,20000.0,50000.0,20,RMS,POW,LIN,0.7499839100000001,0.00077587869,0.0005818965336118779,35796000.0,-39.83610535
2026-10-07T10:24:06,,2400000000.0,5000000000.0,0,8,10,0.6009377006322857,0.6009376,6204385279.999994,6,64,37500000.0,15000000.0,20000.0,50000.0,20,RMS,POW,LIN,0.7499839100000001,0.00077587869,0.0005818965336118779,35800000.0,-39.68032837
2026-10-07T10:24:06,,2400000000.0,5000000000.0,0,8,10,0.6009377006322857,0.6009376,6204385279.999994,6,64,37500000.0,15000000.0,20000.0,50000.0,20,RMS,POW,LIN,0.7499839100000001,0.00077587869,0.0005818965336118779,35804000.0,-39.25615692
2026-10-07T10:24:06,,2400000000.0,5000000000.0,0,8,10,0.6009377006322857,0.6009376,6204385279.999994,6,64,37500000.0,15000000.0,20000.0,50000.0,20,RMS,POW,LIN,0.7499839100000001,0.00077587869,0.0005818965336118779,35808000.0,-38.79037476
2026-10-07T10:24:06,,2400000000.0,5000000000.0,0,8,10,0.6009377006322857,0.6009376,6204385279.999994,6,64,37500000.0,15000000.0,20000.0,50000.0,20,RMS,POW,LIN,0.7499839100000001,0.00077587869,0.0005818965336118779,35812000.0,-38.50772476
2026-10-07T10:24:06,,2400000000.0,5000000000.0,0,8,10,0.6009377006322857,0.6009376,6204385279.999994,6,64,37500000.0,15000000.0,20000.0,50000.0,20,RMS,POW,LIN,0.7499839100000001,0.00077587869,0.0005818965336118779,35816000.0,-38.51246262
2026-10-07T10:24:06,,2400000000.0,5000000000.0,0,8,10,0.6009377006322857,0.6009376,6204385279.999994,6,64,37500000.0,15000000.0,20000.0,50000.0,20,RMS,POW,LIN,0.7499839100000001,0.00077587869,0.0005818965336118779,35820000.0,-38.78507233
2026-10-07T10:24:06,,2400000000.0,5000000000.0,0,8,10,0.6009377006322857,0.6009376,6204385279.999994,6,64,37500000.0,15000000.0,20000.0,50000.0,20,RMS,POW,LIN,0.7499839100000001,0.00077587869,0.0005818965336118779,35824000.0,-39.19763184
2026-10-07T10:24:06,,2400000000.0,5000000000.0,0,8,10,0.6009377006322857,0.6009376,6204385279.999994,6,64,37500000.0,15000000.0,20000.0,50000.0,20,RMS,POW,LIN,0.7499839100000001,0.00077587869,0.0005818965336118779,35828000.0,-39.54926682
2026-10-07T10:24:06,,2400000000.0,5000000000.0,0,8,10,0.6009377006322857,0.6009376,6204385279.999994,6,64,37500000.0,15000000.0,20000.0,50000.0,20,RMS,POW,LIN,0.7499839100000001,0.00077587869,0.0005818965336118779,35832000.0,-39.69245911
2026-10-07T10:24:06,,2400000000.0,5000000000.0,0,8,10,0.6009377006322857,0.6009376,6204385279.999994,6,64,37500000.0,15000000.0,20000.0,50000.0,20,RMS,POW,LIN,0.7499839100000001,0.00077587869,0.0005818965336118779,35836000.0,-39.67478943
2026-10-07T10:24:06,,2400000000.0,5000000000.0,0,8,10,0.6009377006322857,0.6009376,6204385279.999994,6,64,37500000.0,15000000.0,20000.0,50000.0,20,RMS,POW,LIN,0.7499839100000001,0.00077587869,0.0005818965336118779,35840000.0,-39.67010117
2026-10-07T10:24:06,,2400000000.0,5000000000.0,0,8,10,0.6009377006322857,0.6009376,6204385279.999994,6,64,37500000.0,15000000.0,20000.0,50000.0,20,RMS,POW,LIN,0.7499839100000001,0.00077587869,0.0005818965336118779,35844000.0,-39.77298355
2026-10-07T10:24:06,,2400000000.0,5000000000.0,0,8,10,0.6009377006322857,0.6009376,6204385279.999994,6,64,37500000.0,15000000.0,20000.0,50000.0,20,RMS,POW,LIN,0.7499839100000001,0.00077587869,0.0005818965336118779,35848000.0,-39.91271591
2026-10-07T10:24:06,,2400000000.0,5000000000.0,0,8,10,0.6009377006322857,0.6009376,6204385279.999994,6,64,37500000.0,15000000.0,20000.0,50000.0,20,RMS,POW,LIN,0.7499839100000001,0.00077587869,0.0005818965336118779,35852000.0,-39.9538002
2026-10-07T10:24:06,,2400000000.0,5000000000.0,0,8,10,0.6009377006322857,0.6009376,6204385279.999994,6,64,37500000.0,15000000.0,20000.0,50000.0,20,RMS,POW,LIN,0.7499839100000001,0.00077587869,0.0005818965336118779,35856000.0,-39.87690735
2026-10-07T10:24:06,,2400000000.0,5000000000.0,0,8,10,0.6009377006322857,0.6009376,6204385279.999994,6,64,37500000.0,15000000.0,20000.0,50000.0,20,RMS,POW,LIN,0.7499839100000001,0.00077587869,0.0005818965336118779,35860000.0,-39.8229332
2026-10-07T10:24:06,,2400000000.0,5000000000.0,0,8,10,0.6009377006322857,0.6009376,6204385279.999994,6,64,37500000.0,15000000.0,20000.0,50000.0,20,RMS,POW,LIN,0.7499839100000001,0.00077587869,0.0005818965336118779,35864000.0,-39.97315979
2026-10-07T10:24:06,,2400000000.0,5000000000.0,0,8,10,0.6009377006322857,0.6009376,6204385279.999994,6,64,37500000.0,15000000.0,20000.0,50000.0,20,RMS,POW,LIN,0.7499839100000001,0.00077587869,0.0005818965336118779,35868000.0,-40.43795013
2026-10-07T10:24:06,,2400000000.0,5000000000.0,0,8,10,0.6009377006322857,0.6009376,6204385279.999994,6,64,37500000.0,15000000.0,20000.0,50000.0,20,RMS,POW,LIN,0.7499839100000001,0.00077587869,0.0005818965336118779,35872000.0,-41.17245102
2026-10-07T10:24:06,,2400000000.0,5000000000.0,0,8,10,0.6009377006322857,0.6009376,6204385279.999994,6,64,37500000.0,15000000.0,20000.0,50000.0,20,RMS,POW,LIN,0.7499839100000001,0.00077587869,0.0005818965336118779,35876000.0,-41.84856415
2026-10-07T10:24:06,,2400000000.0,5000000000.0,0,8,10,0.6009377006322857,0.6009376,6204385279.999994,6,64,37500000.0,15000000.0,20000.0,50000.0,20,RMS,POW,LIN,0.7499839100000001,0.00077587869,0.0005818965336118779,35880000.0,-41.90847778
2026-10-07T10:24:06,,2400000000.0,5000000000.0,0,8,10,0.6009377006322857,0.6009376,6204385279.999994,6,64,37500000.0,15000000.0,20000.0,50000.0,20,RMS,POW,LIN,0.7499839100000001,0.00077587869,0.0005818965336118779,35884000.0,-41.20848083
2026-10-07T10:24:06,,2400000000.0,5000000000.0,0,8,10,0.6009377006322857,0.6009376,6204385279.999994,6,64,37500000.0,15000000.0,20000.0,50000.0,20,RMS,POW,LIN,0.7499839100000001,0.00077587869,0.0005818965336118779,35888000.0,-40.254879
2026-10-07T10:24:06,,2400000000.0,5000000000.0,0,8,10,0.6009377006322857,0.6009376,6204385279.999994,6,64,37500000.0,15000000.0,20000.0,50000.0,20,RMS,POW,LIN,0.7499839100000001,0.00077587869,0.0005818965336118779,35892000.0,-39.52029037
2026-10-07T10:24:06,,2400000000.0,5000000000.0,0,8,10,0.6009377006322857,0.6009376,6204385279.999994,6,64,37500000.0,15000000.0,20000.0,50000.0,20,RMS,POW,LIN,0.7499839100000001,0.00077587869,0.0005818965336118779,35896000.0,-39.16342926
2026-10-07T10:24:06,,2400000000.0,5000000000.0,0,8,10,0.6009377006322857,0.6009376,6204385279.999994,6,64,37500000.0,15000000.0,20000.0,50000.0,20,RMS,POW,LIN,0.7499839100000001,0.00077587869,0.0005818965336118779,35900000.0,-39.13695908
2026-10-07T10:24:06,,2400000000.0,5000000000.0,0,8,10,0.6009377006322857,0.6009376,6204385279.999994,6,64,37500000.0,15000000.0,20000.0,50000.0,20,RMS,POW,LIN,0.7499839100000001,0.00077587869,0.0005818965336118779,35904000.0,-39.28047943
2026-10-07T10:24:06,,2400000000.0,5000000000.0,0,8,10,0.6009377006322857,0.6009376,6204385279.999994,6,64,37500000.0,15000000.0,20000.0,50000.0,20,RMS,POW,LIN,0.7499839100000001,0.00077587869,0.0005818965336118779,35908000.0,-39.38991928
2026-10-07T10:24:06,,2400000000.0,5000000000.0,0,8,10,0.6009377006322857,0.6009376,6204385279.999994,6,64,37500000.0,15000000.0,20000.0,50000.0,20,RMS,POW,LIN,0.7499839100000001,0.00077587869,0.0005818965336118779,35912000.0,-39.32241821
2026-10-07T10:24:06,,2400000000.0,5000000000.0,0,8,10,0.6009377006322857,0.6009376,6204385279.999994,6,64,37500000.0,15000000.0,20000.0,50000.0,20,RMS,POW,LIN,0.7499839100000001,0.00077587869,0.0005818965336118779,35916000.0,-39.08296967
2026-10-07T10:24:06,,2400000000.0,5000000000.0,0,8,10,0.6009377006322857,0.6009376,6204385279.999994,6,64,37500000.0,15000000.0,20000.0,50000.0,20,RMS,POW,LIN,0.7499839100000001,0.00077587869,0.0005818965336118779,35920000.0,-38.79372025
2026-10-07T10:24:06,,2400000000.0,5000000000.0,0,8,10,0.6009377006322857,0.6009376,6204385279.999994,6,64,37500000.0,15000000.0,20000.0,50000.0,20,RMS,POW,LIN,0.7499839100000001,0.00077587869,0.0005818965336118779,35924000.0,-38.58572388
2026-10-07T10:24:06,,2400000000.0,5000000000.0,0,8,10,0.6009377006322857,0.6009376,6204385279.999994,6,64,37500000.0,15000000.0,20000.0,50000.0,20,RMS,POW,LIN,0.7499839100000001,0.00077587869,0.0005818965336118779,35928000.0,-38.51840591
2026-10-07T10:24:06,,2400000000.0,5000000000.0,0,8,10,0.6009377006322857,0.6009376,6204385279.999994,6,64,37500000.0,15000000.0,20000.0,50000.0,20,RMS,POW,LIN,0.7499839100000001,0.00077587869,0.0005818965336118779,35932000.0,-38.55906296
2026-10-07T10:24:06,,2400000000.0,5000000000.0,0,8,10,0.6009377006322857,0.6009376,6204385279.999994,6,64,37500000.0,15000000.0,20000.0,50000.0,20,RMS,POW,LIN,0.7499839100000001,0.00077587869,0.0005818965336118779,35936000.0,-38.61982346
2026-10-07T10:24:06,,2400000000.0,5000000000.0,0,8,10,0.6009377006322857,0.6009376,6204385279.999994,6,64,37500000.0,15000000.0,20000.0,50000.0,20,RMS,POW,LIN,0.7499839100000001,0.00077587869,0.0005818965336118779,35940000.0,-38.63541031
2026-10-07T10:24:06,,2400000000.0,5000000000.0,0,8,10,0.6009377006322857,0.6009376,6204385279.999994,6,64,37500000.0,15000000.0,20000.0,50000.0,20,RMS,POW,LIN,0.7499839100000001,0.00077587869,0.0005818965336118779,35944000.0,-38.61824799
2026-10-07T10:24:06,,2400000000.0,5000000000.0,0,8,10,0.6009377006322857,0.6009376,6204385279.999994,6,64,37500000.0,15000000.0,20000.0,50000.0,20,RMS,POW,LIN,0.7499839100000001,0.00077587869,0.0005818965336118779,35948000.0,-38.63817978
2026-10-07T10:24:06,,2400000000.0,5000000000.0,0,8,10,0.6009377006322857,0.6009376,6204385279.999994,6,64,37500000.0,15000000.0,20000.0,50000.0,20,RMS,POW,LIN,0.7499839100000001,0.00077587869,0.0005818965336118779,35952000.0,-38.76346207
2026-10-07T10:24:06,,2400000000.0,5000000000.0,0,8,10,0.6009377006322857,0.6009376,6204385279.999994,6,64,37500000.0,15000000.0,20000.0,50000.0,20,RMS,POW,LIN,0.7499839100000001,0.00077587869,0.0005818965336118779,35956000.0,-39.01163864
2026-10-07T10:24:06,,2400000000.0,5000000000.0,0,8,10,0.6009377006322857,0.6009376,6204385279.999994,6,64,37500000.0,15000000.0,20000.0,50000.0,20,RMS,POW,LIN,0.7499839100000001,0.00077587869,0.0005818965336118779,35960000.0,-39.31061554
2026-10-07T10:24:06,,2400000000.0,5000000000.0,0,8,10,0.6009377006322857,0.6009376,6204385279.999994,6,64,37500000.0,15000000.0,20000.0,50000.0,20,RMS,POW,LIN,0.7499839100000001,0.00077587869,0.0005818965336118779,35964000.0,-39.4995842
2026-10-07T10:24:06,,2400000000.0,5000000000.0,0,8,10,0.6009377006322857,0.6009376,6204385279.999994,6,64,37500000.0,15000000.0,20000.0,50000.0,20,RMS,POW,LIN,0.7499839100000001,0.00077587869,0.0005818965336118779,35968000.0,-39.45743561
2026-10-07T10:24:06,,2400000000.0,5000000000.0,0,8,10,0.6009377006322857,0.6009376,6204385279.999994,6,64,37500000.0,15000000.0,20000.0,50000.0,20,RMS,POW,LIN,0.7499839100000001,0.00077587869,0.0005818965336118779,35972000.0,-39.27622986
2026-10-07T10:24:06,,2400000000.0,5000000000.0,0,8,10,0.6009377006322857,0.6009376,6204385279.999994,6,64,37500000.0,15000000.0,20000.0,50000.0,20,RMS,POW,LIN,0.7499839100000001,0.00077587869,0.0005818965336118779,35976000.0,-39.19836044
2026-10-07T10:24:06,,2400000000.0,5000000000.0,0,8,10,0.6009377006322857,0.6009376,6204385279.999994,6,64,37500000.0,15000000.0,20000.0,50000.0,20,RMS,POW,LIN,0.7499839100000001,0.00077587869,0.0005818965336118779,35980000.0,-39.38368607
2026-10-07T10:24:06,,2400000000.0,5000000000.0,0,8,10,0.6009377006322857,0.6009376,6204385279.999994,6,64,37500000.0,15000000.0,20000.0,50000.0,20,RMS,POW,LIN,0.7499839100000001,0.00077587869,0.0005818965336118779,35984000.0,-39.76973724
2026-10-07T10:24:06,,2400000000.0,5000000000.0,0,8,10,0.6009377006322857,0.6009376,6204385279.999994,6,64,37500000.0,15000000.0,20000.0,50000.0,20,RMS,POW,LIN,0.7499839100000001,0.00077587869,0.0005818965336118779,35988000.0,-40.09061432
2026-10-07T10:24:06,,2400000000.0,5000000000.0,0,8,10,0.6009377006322857,0.6009376,6204385279.999994,6,64,37500000.0,15000000.0,20000.0,50000.0,20,RMS,POW,LIN,0.7499839100000001,0.00077587869,0.0005818965336118779,35992000.0,-40.10427094
2026-10-07T10:24:06,,2400000000.0,5000000000.0,0,8,10,0.6009377006322857,0.6009376,6204385279.999994,6,64,37500000.0,15000000.0,20000.0,50000.0,20,RMS,POW,LIN,0.7499839100000001,0.00077587869,0.0005818965336118779,35996000.0,-39.85247803
2026-10-07T10:24:06,,2400000000.0,5000000000.0,0,8,10,0.6009377006322857,0.6009376,6204385279.999994,6,64,37500000.0,15000000.0,20000.0,50000.0,20,RMS,POW,LIN,0.7499839100000001,0.00077587869,0.0005818965336118779,36000000.0,-39.5593071
2026-10-07T10:24:06,,2400000000.0,5000000000.0,0,8,10,0.6009377006322857,0.6009376,6204385279.999994,6,64,37500000.0,15000000.0,20000.0,50000.0,20,RMS,POW,LIN,0.7499839100000001,0.00077587869,0.0005818965336118779,36004000.0,-39.38301086
2026-10-07T10:24:06,,2400000000.0,5000000000.0,0,8,10,0.6009377006322857,0.6009376,6204385279.999994,6,64,37500000.0,15000000.0,20000.0,50000.0,20,RMS,POW,LIN,0.7499839100000001,0.00077587869,0.0005818965336118779,36008000.0,-39.36191177
2026-10-07T10:24:06,,2400000000.0,5000000000.0,0,8,10,0.6009377006322857,0.6009376,6204385279.999994,6,64,37500000.0,15000000.0,20000.0,50000.0,20,RMS,POW,LIN,0.7499839100000001,0.00077587869,0.0005818965336118779,36012000.0,-39.4730072
2026-10-07T10:24:06,,2400000000.0,5000000000.0,0,8,10,0.6009377006322857,0.6009376,6204385279.999994,6,64,37500000.0,15000000.0,20000.0,50000.0,20,RMS,POW,LIN,0.7499839100000001,0.00077587869,0.0005818965336118779,36016000.0,-39.68436432
2026-10-07T10:24:06,,2400000000.0,5000000000.0,0,8,10,0.6009377006322857,0.6009376,6204385279.999994,6,64,37500000.0,15000000.0,20000.0,50000.0,20,RMS,POW,LIN,0.7499839100000001,0.00077587869,0.0005818965336118779,36020000.0,-39.97531891
2026-10-07T10:24:06,,2400000000.0,5000000000.0,0,8,10,0.6009377006322857,0.6009376,6204385279.999994,6,64,37500000.0,15000000.0,20000.0,50000.0,20,RMS,POW,LIN,0.7499839100000001,0.00077587869,0.0005818965336118779,36024000.0,-40.32440948
2026-10-07T10:24:06,,2400000000.0,5000000000.0,0,8,10,0.6009377006322857,0.6009376,6204385279.999994,6,64,37500000.0,15000000.0,20000.0,50000.0,20,RMS,POW,LIN,0.7499839100000001,0.00077587869,0.0005818965336118779,36028000.0,-40.68588257
2026-10-07T10:24:06,,2400000000.0,5000000000.0,0,8,10,0.6009377006322857,0.6009376,6204385279.999994,6,64,37500000.0,15000000.0,20000.0,50000.0,20,RMS,POW,LIN,0.7499839100000001,0.00077587869,0.0005818965336118779,36032000.0,-40.99944687
2026-10-07T10:24:06,,2400000000.0,5000000000.0,0,8,10,0.6009377006322857,0.6009376,6204385279.999994,6,64,37500000.0,15000000.0,20000.0,50000.0,20,RMS,POW,LIN,0.7499839100000001,0.00077587869,0.0005818965336118779,36036000.0,-41.23506165
2026-10-07T10:24:06,,2400000000.0,5000000000.0,0,8,10,0.6009377006322857,0.6009376,6204385279.999994,6,64,37500000.0,15000000.0,20000.0,50000.0,20,RMS,POW,LIN,0.7499839100000001,0.00077587869,0.0005818965336118779,36040000.0,-41.39500046
2026-10-07T10:24:06,,2400000000.0,5000000000.0,0,8,10,0.6009377006322857,0.6009376,6204385279.999994,6,64,37500000.0,15000000.0,20000.0,50000.0,20,RMS,POW,LIN,0.7499839100000001,0.00077587869,0.0005818965336118779,36044000.0,-41.45598984
2026-10-07T10:24:06,,2400000000.0,5000000000.0,0,8,10,0.6009377006322857,0.6009376,6204385279.999994,6,64,37500000.0,15000000.0,20000.0,50000.0,20,RMS,POW,LIN,0.7499839100000001,0.00077587869,0.0005818965336118779,36048000.0,-41.37490463
2026-10-07T10:24:06,,2400000000.0,5000000000.0,0,8,10,0.6009377006322857,0.6009376,6204385279.999994,6,64,37500000.0,15000000.0,20000.0,50000.0,20,RMS,POW,LIN,0.7499839100000001,0.00077587869,0.0005818965336118779,36052000.0,-41.19295883
2026-10-07T10:24:06,,2400000000.0,5000000000.0,0,8,10,0.6009377006322857,0.6009376,6204385279.999994,6,64,37500000.0,15000000.0,20000.0,50000.0,20,RMS,POW,LIN,0.7499839100000001,0.00077587869,0.0005818965336118779,36056000.0,-41.056427
2026-10-07T10:24:06,,2400000000.0,5000000000.0,0,8,10,0.6009377006322857,0.6009376,6204385279.999994,6,64,37500000.0,15000000.0,20000.0,50000.0,20,RMS,POW,LIN,0.7499839100000001,0.00077587869,0.0005818965336118779,36060000.0,-41.07777786
2026-10-07T10:24:06,,2400000000.0,5000000000.0,0,8,10,0.6009377006322857,0.6009376,6204385279.999994,6,64,37500000.0,15000000.0,20000.0,50000.0,20,RMS,POW,LIN,0.7499839100000001,0.00077587869,0.0005818965336118779,36064000.0,-41.19981766
2026-10-07T10:24:06,,2400000000.0,5000000000.0,0,8,10,0.6009377006322857,0.6009376,6204385279.999994,6,64,37500000.0,15000000.0,20000.0,50000.0,20,RMS,POW,LIN,0.7499839100000001,0.00077587869,0.0005818965336118779,36068000.0,-41.2022171
2026-10-07T10:24:06,,2400000000.0,5000000000.0,0,8,10,0.6009377006322857,0.6009376,6204385279.999994,6,64,37500000.0,15000000.0,20000.0,50000.0,20,RMS,POW,LIN,0.7499839100000001,0.00077587869,0.0005818965336118779,36072000.0,-40.90705872
2026-10-07T10:24:06,,2400000000.0,5000000000.0,0,8,10,0.6009377006322857,0.6009376,6204385279.999994,6,64,37500000.0,15000000.0,20000.0,50000.0,20,RMS,POW,LIN,0.7499839100000001,0.00077587869,0.0005818965336118779,36076000.0,-40.38405991
2026-10-07T10:24:06,,2400000000.0,5000000000.0,0,8,10,0.6009377006322857,0.6009376,6204385279.999994,6,64,37500000.0,15000000.0,20000.0,50000.0,20,RMS,POW,LIN,0.7499839100000001,0.00077587869,0.0005818965336118779,36080000.0,-39.84355927
2026-10-07T10:24:06,,2400000000.0,5000000000.0,0,8,10,0.6009377006322857,0.6009376,6204385279.999994,6,64,37500000.0,15000000.0,20000.0,50000.0,20,RMS,POW,LIN,0.7499839100000001,0.00077587869,0.0005818965336118779,36084000.0,-39.42725754
2026-10-07T10:24:06,,2400000000.0,5000000000.0,0,8,10,0.6009377006322857,0.6009376,6204385279.999994,6,64,37500000.0,15000000.0,20000.0,50000.0,20,RMS,POW,LIN,0.7499839100000001,0.00077587869,0.0005818965336118779,36088000.0,-39.16990662
2026-10-07T10:24:06,,2400000000.0,5000000000.0,0,8,10,0.6009377006322857,0.6009376,6204385279.999994,6,64,37500000.0,15000000.0,20000.0,50000.0,20,RMS,POW,LIN,0.7499839100000001,0.00077587869,0.0005818965336118779,36092000.0,-39.06090164
2026-10-07T10:24:06,,2400000000.0,5000000000.0,0,8,10,0.6009377006322857,0.6009376,6204385279.999994,6,64,37500000.0,15000000.0,20000.0,50000.0,20,RMS,POW,LIN,0.7499839100000001,0.00077587869,0.0005818965336118779,36096000.0,-39.09044647
2026-10-07T10:24:06,,2400000000.0,5000000000.0,0,8,10,0.6009377006322857,0.6009376,6204385279.999994,6,64,37500000.0,15000000.0,20000.0,50000.0,20,RMS,POW,LIN,0.7499839100000001,0.00077587869,0.0005818965336118779,36100000.0,-39.2531929
2026-10-07T10:24:06,,2400000000.0,5000000000.0,0,8,10,0.6009377006322857,0.6009376,6204385279.999994,6,64,37500000.0,15000000.0,20000.0,50000.0,20,RMS,POW,LIN,0.7499839100000001,0.00077587869,0.0005818965336118779,36104000.0,-39.53792572
2026-10-07T10:24:06,,2400000000.0,5000000000.0,0,8,10,0.6009377006322857,0.6009376,6204385279.999994,6,64,37500000.0,15000000.0,20000.0,50000.0,20,RMS,POW,LIN,0.7499839100000001,0.00077587869,0.0005818965336118779,36108000.0,-39.92546844
2026-10-07T10:24:06,,2400000000.0,5000000000.0,0,8,10,0.6009377006322857,0.6009376,6204385279.999994,6,64,37500000.0,15000000.0,20000.0,50000.0,20,RMS,POW,LIN,0.7499839100000001,0.00077587869,0.0005818965336118779,36112000.0,-40.37717438
2026-10-07T10:24:06,,2400000000.0,5000000000.0,0,8,10,0.6009377006322857,0.6009376,6204385279.999994,6,64,37500000.0,15000000.0,20000.0,50000.0,20,RMS,POW,LIN,0.7499839100000001,0.00077587869,0.0005818965336118779,36116000.0,-40.79701614
2026-10-07T10:24:06,,2400000000.0,5000000000.0,0,8,10,0.6009377006322857,0.6009376,6204385279.999994,6,64,37500000.0,15000000.0,20000.0,50000.0,20,RMS,POW,LIN,0.7499839100000001,0.00077587869,0.0005818965336118779,36120000.0,-41.01962662
2026-10-07T10:24:06,,2400000000.0,5000000000.0,0,8,10,0.6009377006322857,0.6009376,6204385279.999994,6,64,37500000.0,15000000.0,20000.0,50000.0,20,RMS,POW,LIN,0.7499839100000001,0.00077587869,0.0005818965336118779,36124000.0,-40.91789627
2026-10-07T10:24:06,,2400000000.0,5000000000.0,0,8,10,0.6009377006322857,0.6009376,6204385279.999994,6,64,37500000.0,15000000.0,20000.0,50000.0,20,RMS,POW,LIN,0.7499839100000001,0.00077587869,0.0005818965336118779,36128000.0,-40.55651855
2026-10-07T10:24:06,,2400000000.0,5000000000.0,0,8,10,0.6009377006322857,0.6009376,6204385279.999994,6,64,37500000.0,15000000.0,20000.0,50000.0,20,RMS,POW,LIN,0.7499839100000001,0.00077587869,0.0005818965336118779,36132000.0,-40.16003418
2026-10-07T10:24:06,,2400000000.0,5000000000.0,0,8,10,0.6009377006322857,0.6009376,6204385279.999994,6,64,37500000.0,15000000.0,20000.0,50000.0,20,RMS,POW,LIN,0.7499839100000001,0.00077587869,0.0005818965336118779,36136000.0,-39.94368362
2026-10-07T10:24:06,,2400000000.0,5000000000.0,0,8,10,0.6009377006322857,0.6009376,6204385279.999994,6,64,37500000.0,15000000.0,20000.0,50000.0,20,RMS,POW,LIN,0.7499839100000001,0.00077587869,0.0005818965336118779,36140000.0,-40.01100159
2026-10-07T10:24:06,,2400000000.0,5000000000.0,0,8,10,0.6009377006322857,0.6009376,6204385279.999994,6,64,37500000.0,15000000.0,20000.0,50000.0,20,RMS,POW,LIN,0.7499839100000001,0.00077587869,0.0005818965336118779,36144000.0,-40.32112503
2026-10-07T10:24:06,,2400000000.0,5000000000.0,0,8,10,0.6009377006322857,0.6009376,6204385279.999994,6,64,37500000.0,15000000.0,20000.0,50000.0,20,RMS,POW,LIN,0.7499839100000001,0.00077587869,0.0005818965336118779,36148000.0,-40.67456055
2026-10-07T10:24:06,,2400000000.0,5000000000.0,0,8,10,0.6009377006322857,0.6009376,6204385279.999994,6,64,37500000.0,15000000.0,20000.0,50000.0,20,RMS,POW,LIN,0.7499839100000001,0.00077587869,0.0005818965336118779,36152000.0,-40.77991104
2026-10-07T10:24:06,,2400000000.0,5000000000.0,0,8,10,0.6009377006322857,0.6009376,6204385279.999994,6,64,37500000.0,15000000.0,20000.0,50000.0,20,RMS,POW,LIN,0.7499839100000001,0.00077587869,0.0005818965336118779,36156000.0,-40.4809761
2026-10-07T10:24:06,,2400000000.0,5000000000.0,0,8,10,0.6009377006322857,0.6009376,6204385279.999994,6,64,37500000.0,15000000.0,20000.0,50000.0,20,RMS,POW,LIN,0.7499839100000001,0.00077587869,0.0005818965336118779,36160000.0,-39.91182327
2026-10-07T10:24:06,,2400000000.0,5000000000.0,0,8,10,0.6009377006322857,0.6009376,6204385279.999994,6,64,37500000.0,15000000.0,20000.0,50000.0,20,RMS,POW,LIN,0.7499839100000001,0.00077587869,0.0005818965336118779,36164000.0,-39.34141922
2026-10-07T10:24:06,,2400000000.0,5000000000.0,0,8,10,0.6009377006322857,0.6009376,6204385279.999994,6,64,37500000.0,15000000.0,20000.0,50000.0,20,RMS,POW,LIN,0.7499839100000001,0.00077587869,0.0005818965336118779,36168000.0,-38.97507095
2026-10-07T10:24:06,,2400000000.0,5000000000.0,0,8,10,0.6009377006322857,0.6009376,6204385279.999994,6,64,37500000.0,15000000.0,20000.0,50000.0,20,RMS,POW,LIN,0.7499839100000001,0.00077587869,0.0005818965336118779,36172000.0,-38.89945221
2026-10-07T10:24:06,,2400000000.0,5000000000.0,0,8,10,0.6009377006322857,0.6009376,6204385279.999994,6,64,37500000.0,15000000.0,20000.0,50000.0,20,RMS,POW,LIN,0.7499839100000001,0.00077587869,0.0005818965336118779,36176000.0,-39.08620834
2026-10-07T10:24:06,,2400000000.0,5000000000.0,0,8,10,0.6009377006322857,0.6009376,6204385279.999994,6,64,37500000.0,15000000.0,20000.0,50000.0,20,RMS,POW,LIN,0.7499839100000001,0.00077587869,0.0005818965336118779,36180000.0,-39.40562439
2026-10-07T10:24:06,,2400000000.0,5000000000.0,0,8,10,0.6009377006322857,0.6009376,6204385279.999994,6,64,37500000.0,15000000.0,20000.0,50000.0,20,RMS,POW,LIN,0.7499839100000001,0.00077587869,0.0005818965336118779,36184000.0,-39.68353271
2026-10-07T10:24:06,,2400000000.0,5000000000.0,0,8,10,0.6009377006322857,0.6009376,6204385279.999994,6,64,37500000.0,15000000.0,20000.0,50000.0,20,RMS,POW,LIN,0.7499839100000001,0.00077587869,0.0005818965336118779,36188000.0,-39.80722046
2026-10-07T10:24:06,,2400000000.0,5000000000.0,0,8,10,0.6009377006322857,0.6009376,6204385279.999994,6,64,37500000.0,15000000.0,20000.0,50000.0,20,RMS,POW,LIN,0.7499839100000001,0.00077587869,0.0005818965336118779,36192000.0,-39.7750473
2026-10-07T10:24:06,,2400000000.0,5000000000.0,0,8,10,0.6009377006322857,0.6009376,6204385279.999994,6,64,37500000.0,15000000.0,20000.0,50000.0,20,RMS,POW,LIN,0.7499839100000001,0.00077587869,0.0005818965336118779,36196000.0,-39.63604355
2026-10-07T10:24:06,,2400000000.0,5000000000.0,0,8,10,0.6009377006322857,0.6009376,6204385279.999994,6,64,37500000.0,15000000.0,20000.0,50000.0,20,RMS,POW,LIN,0.7499839100000001,0.00077587869,0.0005818965336118779,36200000.0,-39.4348793
2026-10-07T10:24:06,,2400000000.0,5000000000.0,0,8,10,0.6009377006322857,0.6009376,6204385279.999994,6,64,37500000.0,15000000.0,20000.0,50000.0,20,RMS,POW,LIN,0.7499839100000001,0.00077587869,0.0005818965336118779,36204000.0,-39.21864319
2026-10-07T10:24:06,,2400000000.0,5000000000.0,0,8,10,0.6009377006322857,0.6009376,6204385279.999994,6,64,37500000.0,15000000.0,20000.0,50000.0,20,RMS,POW,LIN,0.7499839100000001,0.00077587869,0.0005818965336118779,36208000.0,-39.04331207
2026-10-07T10:24:06,,2400000000.0,5000000000.0,0,8,10,0.6009377006322857,0.6009376,6204385279.999994,6,64,37500000.0,15000000.0,20000.0,50000.0,20,RMS,POW,LIN,0.7499839100000001,0.00077587869,0.0005818965336118779,36212000.0,-38.95834351
2026-10-07T10:24:06,,2400000000.0,5000000000.0,0,8,10,0.6009377006322857,0.6009376,6204385279.999994,6,64,37500000.0,15000000.0,20000.0,50000.0,20,RMS,POW,LIN,0.7499839100000001,0.00077587869,0.0005818965336118779,36216000.0,-39.00494385
2026-10-07T10:24:06,,2400000000.0,5000000000.0,0,8,10,0.6009377006322857,0.6009376,6204385279.999994,6,64,37500000.0,15000000.0,20000.0,50000.0,20,RMS,POW,LIN,0.7499839100000001,0.00077587869,0.0005818965336118779,36220000.0,-39.23297119
2026-10-07T10:24:06,,2400000000.0,5000000000.0,0,8,10,0.6009377006322857,0.6009376,6204385279.999994,6,64,37500000.0,15000000.0,20000.0,50000.0,20,RMS,POW,LIN,0.7499839100000001,0.00077587869,0.0005818965336118779,36224000.0,-39.69960785
2026-10-07T10:24:06,,2400000000.0,5000000000.0,0,8,10,0.6009377006322857,0.6009376,6204385279.999994,6,64,37500000.0,15000000.0,20000.0,50000.0,20,RMS,POW,LIN,0.7499839100000001,0.00077587869,0.0005818965336118779,36228000.0,-40.41069412
2026-10-07T10:24:06,,2400000000.0,5000000000.0,0,8,10,0.6009377006322857,0.6009376,6204385279.999994,6,64,37500000.0,15000000.0,20000.0,50000.0,20,RMS,POW,LIN,0.7499839100000001,0.00077587869,0.0005818965336118779,36232000.0,-41.18606567
2026-10-07T10:24:06,,2400000000.0,5000000000.0,0,8,10,0.6009377006322857,0.6009376,6204385279.999994,6,64,37500000.0,15000000.0,20000.0,50000.0,20,RMS,POW,LIN,0.7499839100000001,0.00077587869,0.0005818965336118779,36236000.0,-41.5661087
2026-10-07T10:24:06,,2400000000.0,5000000000.0,0,8,10,0.6009377006322857,0.6009376,6204385279.999994,6,64,37500000.0,15000000.0,20000.0,50000.0,20,RMS,POW,LIN,0.7499839100000001,0.00077587869,0.0005818965336118779,36240000.0,-41.19536972
2026-10-07T10:24:06,,2400000000.0,5000000000.0,0,8,10,0.6009377006322857,0.6009376,6204385279.999994,6,64,37500000.0,15000000.0,20000.0,50000.0,20,RMS,POW,LIN,0.7499839100000001,0.00077587869,0.0005818965336118779,36244000.0,-40.37125015
2026-10-07T10:24:06,,2400000000.0,5000000000.0,0,8,10,0.6009377006322857,0.6009376,6204385279.999994,6,64,37500000.0,15000000.0,20000.0,50000.0,20,RMS,POW,LIN,0.7499839100000001,0.00077587869,0.0005818965336118779,36248000.0,-39.62960434
2026-10-07T10:24:06,,2400000000.0,5000000000.0,0,8,10,0.6009377006322857,0.6009376,6204385279.999994,6,64,37500000.0,15000000.0,20000.0,50000.0,20,RMS,POW,LIN,0.7499839100000001,0.00077587869,0.0005818965336118779,36252000.0,-39.2283783
2026-10-07T10:24:06,,2400000000.0,5000000000.0,0,8,10,0.6009377006322857,0.6009376,6204385279.999994,6,64,37500000.0,15000000.0,20000.0,50000.0,20,RMS,POW,LIN,0.7499839100000001,0.00077587869,0.0005818965336118779,36256000.0,-39.16090393
2026-10-07T10:24:06,,2400000000.0,5000000000.0,0,8,10,0.6009377006322857,0.6009376,6204385279.999994,6,64,37500000.0,15000000.0,20000.0,50000.0,20,RMS,POW,LIN,0.7499839100000001,0.00077587869,0.0005818965336118779,36260000.0,-39.2844162
2026-10-07T10:24:06,,2400000000.0,5000000000.0,0,8,10,0.6009377006322857,0.6009376,6204385279.999994,6,64,37500000.0,15000000.0,20000.0,50000.0,20,RMS,POW,LIN,0.7499839100000001,0.00077587869,0.0005818965336118779,36264000.0,-39.41979218
2026-10-07T10:24:06,,2400000000.0,5000000000.0,0,8,10,0.6009377006322857,0.6009376,6204385279.999994,6,64,37500000.0,15000000.0,20000.0,50000.0,20,RMS,POW,LIN,0.7499839100000001,0.00077587869,0.0005818965336118779,36268000.0,-39.44271469
2026-10-07T10:24:06,,2400000000.0,5000000000.0,0,8,10,0.6009377006322857,0.6009376,6204385279.999994,6,64,37500000.0,15000000.0,20000.0,50000.0,20,RMS,POW,LIN,0.7499839100000001,0.00077587869,0.0005818965336118779,36272000.0,-39.33771133
2026-10-07T10:24:06,,2400000000.0,5000000000.0,0,8,10,0.6009377006322857,0.6009376,6204385279.999994,6,64,37500000.0,15000000.0,20000.0,50000.0,20,RMS,POW,LIN,0.7499839100000001,0.00077587869,0.0005818965336118779,36276000.0,-39.17635727
2026-10-07T10:24:06,,2400000000.0,5000000000.0,0,8,10,0.6009377006322857,0.6009376,6204385279.999994,6,64,37500000.0,15000000.0,20000.0,50000.0,20,RMS,POW,LIN,0.7499839100000001,0.00077587869,0.0005818965336118779,36280000.0,-39.05160904
2026-10-07T10:24:06,,2400000000.0,5000000000.0,0,8,10,0.6009377006322857,0.6009376,6204385279.999994,6,64,37500000.0,15000000.0,20000.0,50000.0,20,RMS,POW,LIN,0.7499839100000001,0.00077587869,0.0005818965336118779,36284000.0,-39.02964401
2026-10-07T10:24:06,,2400000000.0,5000000000.0,0,8,10,0.6009377006322857,0.6009376,6204385279.999994,6,64,37500000.0,15000000.0,20000.0,50000.0,20,RMS,POW,LIN,0.7499839100000001,0.00077587869,0.0005818965336118779,36288000.0,-39.14456558
2026-10-07T10:24:06,,2400000000.0,5000000000.0,0,8,10,0.6009377006322857,0.6009376,6204385279.999994,6,64,37500000.0,15000000.0,20000.0,50000.0,20,RMS,POW,LIN,0.7499839100000001,0.00077587869,0.0005818965336118779,36292000.0,-39.42160034
2026-10-07T10:24:06,,2400000000.0,5000000000.0,0,8,10,0.6009377006322857,0.6009376,6204385279.999994,6,64,37500000.0,15000000.0,20000.0,50000.0,20,RMS,POW,LIN,0.7499839100000001,0.00077587869,0.0005818965336118779,36296000.0,-39.88785553
2026-10-07T10:24:06,,2400000000.0,5000000000.0,0,8,10,0.6009377006322857,0.6009376,6204385279.999994,6,64,37500000.0,15000000.0,20000.0,50000.0,20,RMS,POW,LIN,0.7499839100000001,0.00077587869,0.0005818965336118779,36300000.0,-40.52590179
2026-10-07T10:24:06,,2400000000.0,5000000000.0,0,8,10,0.6009377006322857,0.6009376,6204385279.999994,6,64,37500000.0,15000000.0,20000.0,50000.0,20,RMS,POW,LIN,0.7499839100000001,0.00077587869,0.0005818965336118779,36304000.0,-41.16398239
2026-10-07T10:24:06,,2400000000.0,5000000000.0,0,8,10,0.6009377006322857,0.6009376,6204385279.999994,6,64,37500000.0,15000000.0,20000.0,50000.0,20,RMS,POW,LIN,0.7499839100000001,0.00077587869,0.0005818965336118779,36308000.0,-41.43096924
2026-10-07T10:24:06,,2400000000.0,5000000000.0,0,8,10,0.6009377006322857,0.6009376,6204385279.999994,6,64,37500000.0,15000000.0,20000.0,50000.0,20,RMS,POW,LIN,0.7499839100000001,0.00077587869,0.0005818965336118779,36312000.0,-41.07406998
2026-10-07T10:24:06,,2400000000.0,5000000000.0,0,8,10,0.6009377006322857,0.6009376,6204385279.999994,6,64,37500000.0,15000000.0,20000.0,50000.0,20,RMS,POW,LIN,0.7499839100000001,0.00077587869,0.0005818965336118779,36316000.0,-40.33689499
2026-10-07T10:24:06,,2400000000.0,5000000000.0,0,8,10,0.6009377006322857,0.6009376,6204385279.999994,6,64,37500000.0,15000000.0,20000.0,50000.0,20,RMS,POW,LIN,0.7499839100000001,0.00077587869,0.0005818965336118779,36320000.0,-39.65696716
2026-10-07T10:24:06,,2400000000.0,5000000000.0,0,8,10,0.6009377006322857,0.6009376,6204385279.999994,6,64,37500000.0,15000000.0,20000.0,50000.0,20,RMS,POW,LIN,0.7499839100000001,0.00077587869,0.0005818965336118779,36324000.0,-39.26210022
2026-10-07T10:24:06,,2400000000.0,5000000000.0,0,8,10,0.6009377006322857,0.6009376,6204385279.999994,6,64,37500000.0,15000000.0,20000.0,50000.0,20,RMS,POW,LIN,0.7499839100000001,0.00077587869,0.0005818965336118779,36328000.0,-39.13558197
2026-10-07T10:24:06,,2400000000.0,5000000000.0,0,8,10,0.6009377006322857,0.6009376,6204385279.999994,6,64,37500000.0,15000000.0,20000.0,50000.0,20,RMS,POW,LIN,0.7499839100000001,0.00077587869,0.0005818965336118779,36332000.0,-39.11263275
2026-10-07T10:24:06,,2400000000.0,5000000000.0,0,8,10,0.6009377006322857,0.6009376,6204385279.999994,6,64,37500000.0,15000000.0,20000.0,50000.0,20,RMS,POW,LIN,0.7499839100000001,0.00077587869,0.0005818965336118779,36336000.0,-39.01685715
2026-10-07T10:24:06,,2400000000.0,5000000000.0,0,8,10,0.6009377006322857,0.6009376,6204385279.999994,6,64,37500000.0,15000000.0,20000.0,50000.0,20,RMS,POW,LIN,0.7499839100000001,0.00077587869,0.0005818965336118779,36340000.0,-38.80492401
2026-10-07T10:24:06,,2400000000.0,5000000000.0,0,8,10,0.6009377006322857,0.6009376,6204385279.999994,6,64,37500000.0,15000000.0,20000.0,50000.0,20,RMS,POW,LIN,0.7499839100000001,0.00077587869,0.0005818965336118779,36344000.0,-38.57730103
2026-10-07T10:24:06,,2400000000.0,5000000000.0,0,8,10,0.6009377006322857,0.6009376,6204385279.999994,6,64,37500000.0,15000000.0,20000.0,50000.0,20,RMS,POW,LIN,0.7499839100000001,0.00077587869,0.0005818965336118779,36348000.0,-38.45069885
2026-10-07T10:24:06,,2400000000.0,5000000000.0,0,8,10,0.6009377006322857,0.6009376,6204385279.999994,6,64,37500000.0,15000000.0,20000.0,50000.0,20,RMS,POW,LIN,0.7499839100000001,0.00077587869,0.0005818965336118779,36352000.0,-38.4585228
2026-10-07T10:24:06,,2400000000.0,5000000000.0,0,8,10,0.6009377006322857,0.6009376,6204385279.999994,6,64,37500000.0,15000000.0,20000.0,50000.0,20,RMS,POW,LIN,0.7499839100000001,0.00077587869,0.0005818965336118779,36356000.0,-38.5424881
2026-10-07T10:24:06,,2400000000.0,5000000000.0,0,8,10,0.6009377006322857,0.6009376,6204385279.999994,6,64,37500000.0,15000000.0,20000.0,50000.0,20,RMS,POW,LIN,0.7499839100000001,0.00077587869,0.0005818965336118779,36360000.0,-38.59954834
2026-10-07T10:24:06,,2400000000.0,5000000000.0,0,8,10,0.6009377006322857,0.6009376,6204385279.999994,6,64,37500000.0,15000000.0,20000.0,50000.0,20,RMS,POW,LIN,0.7499839100000001,0.00077587869,0.0005818965336118779,36364000.0,-38.54811859
2026-10-07T10:24:06,,2400000000.0,5000000000.0,0,8,10,0.6009377006322857,0.6009376,6204385279.999994,6,64,37500000.0,15000000.0,20000.0,50000.0,20,RMS,POW,LIN,0.7499839100000001,0.00077587869,0.0005818965336118779,36368000.0,-38.38212204
2026-10-07T10:24:06,,2400000000.0,5000000000.0,0,8,10,0.6009377006322857,0.6009376,6204385279.999994,6,64,37500000.0,15000000.0,20000.0,50000.0,20,RMS,POW,LIN,0.7499839100000001,0.00077587869,0.0005818965336118779,36372000.0,-38.18304825
2026-10-07T10:24:06,,2400000000.0,5000000000.0,0,8,10,0.6009377006322857,0.6009376,6204385279.999994,6,64,37500000.0,15000000.0,20000.0,50000.0,20,RMS,POW,LIN,0.7499839100000001,0.00077587869,0.0005818965336118779,36376000.0,-38.07592773
2026-10-07T10:24:06,,2400000000.0,5000000000.0,0,8,10,0.6009377006322857,0.6009376,6204385279.999994,6,64,37500000.0,15000000.0,20000.0,50000.0,20,RMS,POW,LIN,0.7499839100000001,0.00077587869,0.0005818965336118779,36380000.0,-38.15287018
2026-10-07T10:24:06,,2400000000.0,5000000000.0,0,8,10,0.6009377006322857,0.6009376,6204385279.999994,6,64,37500000.0,15000000.0,20000.0,50000.0,20,RMS,POW,LIN,0.7499839100000001,0.00077587869,0.0005818965336118779,36384000.0,-38.41265106
2026-10-07T10:24:06,,2400000000.0,5000000000.0,0,8,10,0.6009377006322857,0.6009376,6204385279.999994,6,64,37500000.0,15000000.0,20000.0,50000.0,20,RMS,POW,LIN,0.7499839100000001,0.00077587869,0.0005818965336118779,36388000.0,-38.75486374
2026-10-07T10:24:06,,2400000000.0,5000000000.0,0,8,10,0.6009377006322857,0.6009376,6204385279.999994,6,64,37500000.0,15000000.0,20000.0,50000.0,20,RMS,POW,LIN,0.7499839100000001,0.00077587869,0.0005818965336118779,36392000.0,-39.05101776
2026-10-07T10:24:06,,2400000000.0,5000000000.0,0,8,10,0.6009377006322857,0.6009376,6204385279.999994,6,64,37500000.0,15000000.0,20000.0,50000.0,20,RMS,POW,LIN,0.7499839100000001,0.00077587869,0.0005818965336118779,36396000.0,-39.24964905
2026-10-07T10:24:06,,2400000000.0,5000000000.0,0,8,10,0.6009377006322857,0.6009376,6204385279.999994,6,64,37500000.0,15000000.0,20000.0,50000.0,20,RMS,POW,LIN,0.7499839100000001,0.00077587869,0.0005818965336118779,36400000.0,-39.39110565
2026-10-07T10:24:06,,2400000000.0,5000000000.0,0,8,10,0.6009377006322857,0.6009376,6204385279.999994,6,64,37500000.0,15000000.0,20000.0,50000.0,20,RMS,POW,LIN,0.7499839100000001,0.00077587869,0.0005818965336118779,36404000.0,-39.51201248
2026-10-07T10:24:06,,2400000000.0,5000000000.0,0,8,10,0.6009377006322857,0.6009376,6204385279.999994,6,64,37500000.0,15000000.0,20000.0,50000.0,20,RMS,POW,LIN,0.7499839100000001,0.00077587869,0.0005818965336118779,36408000.0,-39.5752182
2026-10-07T10:24:06,,2400000000.0,5000000000.0,0,8,10,0.6009377006322857,0.6009376,6204385279.999994,6,64,37500000.0,15000000.0,20000.0,50000.0,20,RMS,POW,LIN,0.7499839100000001,0.00077587869,0.0005818965336118779,36412000.0,-39.51351929
2026-10-07T10:24:06,,2400000000.0,5000000000.0,0,8,10,0.6009377006322857,0.6009376,6204385279.999994,6,64,37500000.0,15000000.0,20000.0,50000.0,20,RMS,POW,LIN,0.7499839100000001,0.00077587869,0.0005818965336118779,36416000.0,-39.33102798
2026-10-07T10:24:06,,2400000000.0,5000000000.0,0,8,10,0.6009377006322857,0.6009376,6204385279.999994,6,64,37500000.0,15000000.0,20000.0,50000.0,20,RMS,POW,LIN,0.7499839100000001,0.00077587869,0.0005818965336118779,36420000.0,-39.11401367
2026-10-07T10:24:06,,2400000000.0,5000000000.0,0,8,10,0.6009377006322857,0.6009376,6204385279.999994,6,64,37500000.0,15000000.0,20000.0,50000.0,20,RMS,POW,LIN,0.7499839100000001,0.00077587869,0.0005818965336118779,36424000.0,-38.92772675
2026-10-07T10:24:06,,2400000000.0,5000000000.0,0,8,10,0.6009377006322857,0.6009376,6204385279.999994,6,64,37500000.0,15000000.0,20000.0,50000.0,20,RMS,POW,LIN,0.7499839100000001,0.00077587869,0.0005818965336118779,36428000.0,-38.75215149
2026-10-07T10:24:06,,2400000000.0,5000000000.0,0,8,10,0.6009377006322857,0.6009376,6204385279.999994,6,64,37500000.0,15000000.0,20000.0,50000.0,20,RMS,POW,LIN,0.7499839100000001,0.00077587869,0.0005818965336118779,36432000.0,-38.54906464
2026-10-07T10:24:06,,2400000000.0,5000000000.0,0,8,10,0.6009377006322857,0.6009376,6204385279.999994,6,64,37500000.0,15000000.0,20000.0,50000.0,20,RMS,POW,LIN,0.7499839100000001,0.00077587869,0.0005818965336118779,36436000.0,-38.36582947
2026-10-07T10:24:06,,2400000000.0,5000000000.0,0,8,10,0.6009377006322857,0.6009376,6204385279.999994,6,64,37500000.0,15000000.0,20000.0,50000.0,20,RMS,POW,LIN,0.7499839100000001,0.00077587869,0.0005818965336118779,36440000.0,-38.30680084
2026-10-07T10:24:06,,2400000000.0,5000000000.0,0,8,10,0.6009377006322857,0.6009376,6204385279.999994,6,64,37500000.0,15000000.0,20000.0,50000.0,20,RMS,POW,LIN,0.7499839100000001,0.00077587869,0.0005818965336118779,36444000.0,-38.38634872
2026-10-07T10:24:06,,2400000000.0,5000000000.0,0,8,10,0.6009377006322857,0.6009376,6204385279.999994,6,64,37500000.0,15000000.0,20000.0,50000.0,20,RMS,POW,LIN,0.7499839100000001,0.00077587869,0.0005818965336118779,36448000.0,-38.437397
2026-10-07T10:24:06,,2400000000.0,5000000000.0,0,8,10,0.6009377006322857,0.6009376,6204385279.999994,6,64,37500000.0,15000000.0,20000.0,50000.0,20,RMS,POW,LIN,0.7499839100000001,0.00077587869,0.0005818965336118779,36452000.0,-38.23894882
2026-10-07T10:24:06,,2400000000.0,5000000000.0,0,8,10,0.6009377006322857,0.6009376,6204385279.999994,6,64,37500000.0,15000000.0,20000.0,50000.0,20,RMS,POW,LIN,0.7499839100000001,0.00077587869,0.0005818965336118779,36456000.0,-37.80304718
2026-10-07T10:24:06,,2400000000.0,5000000000.0,0,8,10,0.6009377006322857,0.6009376,6204385279.999994,6,64,37500000.0,15000000.0,20000.0,50000.0,20,RMS,POW,LIN,0.7499839100000001,0.00077587869,0.0005818965336118779,36460000.0,-37.38412857
2026-10-07T10:24:06,,2400000000.0,5000000000.0,0,8,10,0.6009377006322857,0.6009376,6204385279.999994,6,64,37500000.0,15000000.0,20000.0,50000.0,20,RMS,POW,LIN,0.7499839100000001,0.00077587869,0.0005818965336118779,36464000.0,-37.20441437
2026-10-07T10:24:06,,2400000000.0,5000000000.0,0,8,10,0.6009377006322857,0.6009376,6204385279.999994,6,64,37500000.0,15000000.0,20000.0,50000.0,20,RMS,POW,LIN,0.7499839100000001,0.00077587869,0.0005818965336118779,36468000.0,-37.31072235
2026-10-07T10:24:06,,2400000000.0,5000000000.0,0,8,10,0.6009377006322857,0.6009376,6204385279.999994,6,64,37500000.0,15000000.0,20000.0,50000.0,20,RMS,POW,LIN,0.7499839100000001,0.00077587869,0.0005818965336118779,36472000.0,-37.59749985
2026-10-07T10:24:06,,2400000000.0,5000000000.0,0,8,10,0.6009377006322857,0.6009376,6204385279.999994,6,64,37500000.0,15000000.0,20000.0,50000.0,20,RMS,POW,LIN,0.7499839100000001,0.00077587869,0.0005818965336118779,36476000.0,-37.88591003
2026-10-07T10:24:06,,2400000000.0,5000000000.0,0,8,10,0.6009377006322857,0.6009376,6204385279.999994,6,64,37500000.0,15000000.0,20000.0,50000.0,20,RMS,POW,LIN,0.7499839100000001,0.00077587869,0.0005818965336118779,36480000.0,-38.0222702
2026-10-07T10:24:06,,2400000000.0,5000000000.0,0,8,10,0.6009377006322857,0.6009376,6204385279.999994,6,64,37500000.0,15000000.0,20000.0,50000.0,20,RMS,POW,LIN,0.7499839100000001,0.00077587869,0.0005818965336118779,36484000.0,-37.94113922
2026-10-07T10:24:06,,2400000000.0,5000000000.0,0,8,10,0.6009377006322857,0.6009376,6204385279.999994,6,64,37500000.0,15000000.0,20000.0,50000.0,20,RMS,POW,LIN,0.7499839100000001,0.00077587869,0.0005818965336118779,36488000.0,-37.65660858
2026-10-07T10:24:06,,2400000000.0,5000000000.0,0,8,10,0.6009377006322857,0.6009376,6204385279.999994,6,64,37500000.0,15000000.0,20000.0,50000.0,20,RMS,POW,LIN,0.7499839100000001,0.00077587869,0.0005818965336118779,36492000.0,-37.23817444
2026-10-07T10:24:06,,2400000000.0,5000000000.0,0,8,10,0.6009377006322857,0.6009376,6204385279.999994,6,64,37500000.0,15000000.0,20000.0,50000.0,20,RMS,POW,LIN,0.7499839100000001,0.00077587869,0.0005818965336118779,36496000.0,-36.80191803
2026-10-07T10:24:06,,2400000000.0,5000000000.0,0,8,10,0.6009377006322857,0.6009376,6204385279.999994,6,64,37500000.0,15000000.0,20000.0,50000.0,20,RMS,POW,LIN,0.7499839100000001,0.00077587869,0.0005818965336118779,36500000.0,-36.47980881
2026-10-07T10:24:06,,2400000000.0,5000000000.0,0,8,10,0.6009377006322857,0.6009376,6204385279.999994,6,64,37500000.0,15000000.0,20000.0,50000.0,20,RMS,POW,LIN,0.7499839100000001,0.00077587869,0.0005818965336118779,36504000.0,-36.37002945
2026-10-07T10:24:06,,2400000000.0,5000000000.0,0,8,10,0.6009377006322857,0.6009376,6204385279.999994,6,64,37500000.0,15000000.0,20000.0,50000.0,20,RMS,POW,LIN,0.7499839100000001,0.00077587869,0.0005818965336118779,36508000.0,-36.50593185
2026-10-07T10:24:06,,2400000000.0,5000000000.0,0,8,10,0.6009377006322857,0.6009376,6204385279.999994,6,64,37500000.0,15000000.0,20000.0,50000.0,20,RMS,POW,LIN,0.7499839100000001,0.00077587869,0.0005818965336118779,36512000.0,-36.85268784
2026-10-07T10:24:06,,2400000000.0,5000000000.0,0,8,10,0.6009377006322857,0.6009376,6204385279.999994,6,64,37500000.0,15000000.0,20000.0,50000.0,20,RMS,POW,LIN,0.7499839100000001,0.00077587869,0.0005818965336118779,36516000.0,-37.3151474
2026-10-07T10:24:06,,2400000000.0,5000000000.0,0,8,10,0.6009377006322857,0.6009376,6204385279.999994,6,64,37500000.0,15000000.0,20000.0,50000.0,20,RMS,POW,LIN,0.7499839100000001,0.00077587869,0.0005818965336118779,36520000.0,-37.74723816
2026-10-07T10:24:06,,2400000000.0,5000000000.0,0,8,10,0.6009377006322857,0.6009376,6204385279.999994,6,64,37500000.0,15000000.0,20000.0,50000.0,20,RMS,POW,LIN,0.7499839100000001,0.00077587869,0.0005818965336118779,36524000.0,-37.98433304
2026-10-07T10:24:06,,2400000000.0,5000000000.0,0,8,10,0.6009377006322857,0.6009376,6204385279.999994,6,64,37500000.0,15000000.0,20000.0,50000.0,20,RMS,POW,LIN,0.7499839100000001,0.00077587869,0.0005818965336118779,36528000.0,-37.9307518
2026-10-07T10:24:06,,2400000000.0,5000000000.0,0,8,10,0.6009377006322857,0.6009376,6204385279.999994,6,64,37500000.0,15000000.0,20000.0,50000.0,20,RMS,POW,LIN,0.7499839100000001,0.00077587869,0.0005818965336118779,36532000.0,-37.64356995
2026-10-07T10:24:06,,2400000000.0,5000000000.0,0,8,10,0.6009377006322857,0.6009376,6204385279.999994,6,64,37500000.0,15000000.0,20000.0,50000.0,20,RMS,POW,LIN,0.7499839100000001,0.00077587869,0.0005818965336118779,36536000.0,-37.30066299
2026-10-07T10:24:06,,2400000000.0,5000000000.0,0,8,10,0.6009377006322857,0.6009376,6204385279.999994,6,64,37500000.0,15000000.0,20000.0,50000.0,20,RMS,POW,LIN,0.7499839100000001,0.00077587869,0.0005818965336118779,36540000.0,-37.09415817
2026-10-07T10:24:06,,2400000000.0,5000000000.0,0,8,10,0.6009377006322857,0.6009376,6204385279.999994,6,64,37500000.0,15000000.0,20000.0,50000.0,20,RMS,POW,LIN,0.7499839100000001,0.00077587869,0.0005818965336118779,36544000.0,-37.15631485
2026-10-07T10:24:06,,2400000000.0,5000000000.0,0,8,10,0.6009377006322857,0.6009376,6204385279.999994,6,64,37500000.0,15000000.0,20000.0,50000.0,20,RMS,POW,LIN,0.7499839100000001,0.00077587869,0.0005818965336118779,36548000.0,-37.51712799
2026-10-07T10:24:06,,2400000000.0,5000000000.0,0,8,10,0.6009377006322857,0.6009376,6204385279.999994,6,64,37500000.0,15000000.0,20000.0,50000.0,20,RMS,POW,LIN,0.7499839100000001,0.00077587869,0.0005818965336118779,36552000.0,-38.0499115
2026-10-07T10:24:06,,2400000000.0,5000000000.0,0,8,10,0.6009377006322857,0.6009376,6204385279.999994,6,64,37500000.0,15000000.0,20000.0,50000.0,20,RMS,POW,LIN,0.7499839100000001,0.00077587869,0.0005818965336118779,36556000.0,-38.44179535
2026-10-07T10:24:06,,2400000000.0,5000000000.0,0,8,10,0.6009377006322857,0.6009376,6204385279.999994,6,64,37500000.0,15000000.0,20000.0,50000.0,20,RMS,POW,LIN,0.7499839100000001,0.00077587869,0.0005818965336118779,36560000.0,-38.37677002
2026-10-07T10:24:06,,2400000000.0,5000000000.0,0,8,10,0.6009377006322857,0.6009376,6204385279.999994,6,64,37500000.0,15000000.0,20000.0,50000.0,20,RMS,POW,LIN,0.7499839100000001,0.00077587869,0.0005818965336118779,36564000.0,-37.88100433
2026-10-07T10:24:06,,2400000000.0,5000000000.0,0,8,10,0.6009377006322857,0.6009376,6204385279.999994,6,64,37500000.0,15000000.0,20000.0,50000.0,20,RMS,POW,LIN,0.7499839100000001,0.00077587869,0.0005818965336118779,36568000.0,-37.26136398
2026-10-07T10:24:06,,2400000000.0,5000000000.0,0,8,10,0.6009377006322857,0.6009376,6204385279.999994,6,64,37500000.0,15000000.0,20000.0,50000.0,20,RMS,POW,LIN,0.7499839100000001,0.00077587869,0.0005818965336118779,36572000.0,-36.75761032
2026-10-07T10:24:06,,2400000000.0,5000000000.0,0,8,10,0.6009377006322857,0.6009376,6204385279.999994,6,64,37500000.0,15000000.0,20000.0,50000.0,20,RMS,POW,LIN,0.7499839100000001,0.00077587869,0.0005818965336118779,36576000.0,-36.4366951
2026-10-07T10:24:06,,2400000000.0,5000000000.0,0,8,10,0.6009377006322857,0.6009376,6204385279.999994,6,64,37500000.0,15000000.0,20000.0,50000.0,20,RMS,POW,LIN,0.7499839100000001,0.00077587869,0.0005818965336118779,36580000.0,-36.26963043
2026-10-07T10:24:06,,2400000000.0,5000000000.0,0,8,10,0.6009377006322857,0.6009376,6204385279.999994,6,64,37500000.0,15000000.0,20000.0,50000.0,20,RMS,POW,LIN,0.7499839100000001,0.00077587869,0.0005818965336118779,36584000.0,-36.21826935
2026-10-07T10:24:06,,2400000000.0,5000000000.0,0,8,10,0.6009377006322857,0.6009376,6204385279.999994,6,64,37500000.0,15000000.0,20000.0,50000.0,20,RMS,POW,LIN,0.7499839100000001,0.00077587869,0.0005818965336118779,36588000.0,-36.27679443
2026-10-07T10:24:06,,2400000000.0,5000000000.0,0,8,10,0.6009377006322857,0.6009376,6204385279.999994,6,64,37500000.0,15000000.0,20000.0,50000.0,20,RMS,POW,LIN,0.7499839100000001,0.00077587869,0.0005818965336118779,36592000.0,-36.46078873
2026-10-07T10:24:06,,2400000000.0,5000000000.0,0,8,10,0.6009377006322857,0.6009376,6204385279.999994,6,64,37500000.0,15000000.0,20000.0,50000.0,20,RMS,POW,LIN,0.7499839100000001,0.00077587869,0.0005818965336118779,36596000.0,-36.76411438
2026-10-07T10:24:06,,2400000000.0,5000000000.0,0,8,10,0.6009377006322857,0.6009376,6204385279.999994,6,64,37500000.0,15000000.0,20000.0,50000.0,20,RMS,POW,LIN,0.7499839100000001,0.00077587869,0.0005818965336118779,36600000.0,-37.1074791
2026-10-07T10:24:06,,2400000000.0,5000000000.0,0,8,10,0.6009377006322857,0.6009376,6204385279.999994,6,64,37500000.0,15000000.0,20000.0,50000.0,20,RMS,POW,LIN,0.7499839100000001,0.00077587869,0.0005818965336118779,36604000.0,-37.31141281
2026-10-07T10:24:06,,2400000000.0,5000000000.0,0,8,10,0.6009377006322857,0.6009376,6204385279.999994,6,64,37500000.0,15000000.0,20000.0,50000.0,20,RMS,POW,LIN,0.7499839100000001,0.00077587869,0.0005818965336118779,36608000.0,-37.17839813
2026-10-07T10:24:06,,2400000000.0,5000000000.0,0,8,10,0.6009377006322857,0.6009376,6204385279.999994,6,64,37500000.0,15000000.0,20000.0,50000.0,20,RMS,POW,LIN,0.7499839100000001,0.00077587869,0.0005818965336118779,36612000.0,-36.69700623
2026-10-07T10:24:06,,2400000000.0,5000000000.0,0,8,10,0.6009377006322857,0.6009376,6204385279.999994,6,64,37500000.0,15000000.0,20000.0,50000.0,20,RMS,POW,LIN,0.7499839100000001,0.00077587869,0.0005818965336118779,36616000.0,-36.09883881
2026-10-07T10:24:06,,2400000000.0,5000000000.0,0,8,10,0.6009377006322857,0.6009376,6204385279.999994,6,64,37500000.0,15000000.0,20000.0,50000.0,20,RMS,POW,LIN,0.7499839100000001,0.00077587869,0.0005818965336118779,36620000.0,-35.66574478
2026-10-07T10:24:06,,2400000000.0,5000000000.0,0,8,10,0.6009377006322857,0.6009376,6204385279.999994,6,64,37500000.0,15000000.0,20000.0,50000.0,20,RMS,POW,LIN,0.7499839100000001,0.00077587869,0.0005818965336118779,36624000.0,-35.57240677
2026-10-07T10:24:06,,2400000000.0,5000000000.0,0,8,10,0.6009377006322857,0.6009376,6204385279.999994,6,64,37500000.0,15000000.0,20000.0,50000.0,20,RMS,POW,LIN,0.7499839100000001,0.00077587869,0.0005818965336118779,36628000.0,-35.85962296
2026-10-07T10:24:06,,2400000000.0,5000000000.0,0,8,10,0.6009377006322857,0.6009376,6204385279.999994,6,64,37500000.0,15000000.0,20000.0,50000.0,20,RMS,POW,LIN,0.7499839100000001,0.00077587869,0.0005818965336118779,36632000.0,-36.44405746
2026-10-07T10:24:06,,2400000000.0,5000000000.0,0,8,10,0.6009377006322857,0.6009376,6204385279.999994,6,64,37500000.0,15000000.0,20000.0,50000.0,20,RMS,POW,LIN,0.7499839100000001,0.00077587869,0.0005818965336118779,36636000.0,-37.13415146
2026-10-07T10:24:06,,2400000000.0,5000000000.0,0,8,10,0.6009377006322857,0.6009376,6204385279.999994,6,64,37500000.0,15000000.0,20000.0,50000.0,20,RMS,POW,LIN,0.7499839100000001,0.00077587869,0.0005818965336118779,36640000.0,-37.70862579
2026-10-07T10:24:06,,2400000000.0,5000000000.0,0,8,10,0.6009377006322857,0.6009376,6204385279.999994,6,64,37500000.0,15000000.0,20000.0,50000.0,20,RMS,POW,LIN,0.7499839100000001,0.00077587869,0.0005818965336118779,36644000.0,-38.07461929
2026-10-07T10:24:06,,2400000000.0,5000000000.0,0,8,10,0.6009377006322857,0.6009376,6204385279.999994,6,64,37500000.0,15000000.0,20000.0,50000.0,20,RMS,POW,LIN,0.7499839100000001,0.00077587869,0.0005818965336118779,36648000.0,-38.32956314
2026-10-07T10:24:06,,2400000000.0,5000000000.0,0,8,10,0.6009377006322857,0.6009376,6204385279.999994,6,64,37500000.0,15000000.0,20000.0,50000.0,20,RMS,POW,LIN,0.7499839100000001,0.00077587869,0.0005818965336118779,36652000.0,-38.60363388
2026-10-07T10:24:06,,2400000000.0,5000000000.0,0,8,10,0.6009377006322857,0.6009376,6204385279.999994,6,64,37500000.0,15000000.0,20000.0,50000.0,20,RMS,POW,LIN,0.7499839100000001,0.00077587869,0.0005818965336118779,36656000.0,-38.8523941
2026-10-07T10:24:06,,2400000000.0,5000000000.0,0,8,10,0.6009377006322857,0.6009376,6204385279.999994,6,64,37500000.0,15000000.0,20000.0,50000.0,20,RMS,POW,LIN,0.7499839100000001,0.00077587869,0.0005818965336118779,36660000.0,-38.8108139
2026-10-07T10:24:06,,2400000000.0,5000000000.0,0,8,10,0.6009377006322857,0.6009376,6204385279.999994,6,64,37500000.0,15000000.0,20000.0,50000.0,20,RMS,POW,LIN,0.7499839100000001,0.00077587869,0.0005818965336118779,36664000.0,-38.27294159
2026-10-07T10:24:06,,2400000000.0,5000000000.0,0,8,10,0.6009377006322857,0.6009376,6204385279.999994,6,64,37500000.0,15000000.0,20000.0,50000.0,20,RMS,POW,LIN,0.7499839100000001,0.00077587869,0.0005818965336118779,36668000.0,-37.4131813
2026-10-07T10:24:06,,2400000000.0,5000000000.0,0,8,10,0.6009377006322857,0.6009376,6204385279.999994,6,64,37500000.0,15000000.0,20000.0,50000.0,20,RMS,POW,LIN,0.7499839100000001,0.00077587869,0.0005818965336118779,36672000.0,-36.589077
2026-10-07T10:24:06,,2400000000.0,5000000000.0,0,8,10,0.6009377006322857,0.6009376,6204385279.999994,6,64,37500000.0,15000000.0,20000.0,50000.0,20,RMS,POW,LIN,0.7499839100000001,0.00077587869,0.0005818965336118779,36676000.0,-36.02215195
2026-10-07T10:24:06,,2400000000.0,5000000000.0,0,8,10,0.6009377006322857,0.6009376,6204385279.999994,6,64,37500000.0,15000000.0,20000.0,50000.0,20,RMS,POW,LIN,0.7499839100000001,0.00077587869,0.0005818965336118779,36680000.0,-35.75120163
2026-10-07T10:24:06,,2400000000.0,5000000000.0,0,8,10,0.6009377006322857,0.6009376,6204385279.999994,6,64,37500000.0,15000000.0,20000.0,50000.0,20,RMS,POW,LIN,0.7499839100000001,0.00077587869,0.0005818965336118779,36684000.0,-35.69115829
2026-10-07T10:24:06,,2400000000.0,5000000000.0,0,8,10,0.6009377006322857,0.6009376,6204385279.999994,6,64,37500000.0,15000000.0,20000.0,50000.0,20,RMS,POW,LIN,0.7499839100000001,0.00077587869,0.0005818965336118779,36688000.0,-35.69630051
2026-10-07T10:24:06,,2400000000.0,5000000000.0,0,8,10,0.6009377006322857,0.6009376,6204385279.999994,6,64,37500000.0,15000000.0,20000.0,50000.0,20,RMS,POW,LIN,0.7499839100000001,0.00077587869,0.0005818965336118779,36692000.0,-35.64478302
2026-10-07T10:24:06,,2400000000.0,5000000000.0,0,8,10,0.6009377006322857,0.6009376,6204385279.999994,6,64,37500000.0,15000000.0,20000.0,50000.0,20,RMS,POW,LIN,0.7499839100000001,0.00077587869,0.0005818965336118779,36696000.0,-35.51170731
2026-10-07T10:24:06,,2400000000.0,5000000000.0,0,8,10,0.6009377006322857,0.6009376,6204385279.999994,6,64,37500000.0,15000000.0,20000.0,50000.0,20,RMS,POW,LIN,0.7499839100000001,0.00077587869,0.0005818965336118779,36700000.0,-35.35832214
2026-10-07T10:24:06,,2400000000.0,5000000000.0,0,8,10,0.6009377006322857,0.6009376,6204385279.999994,6,64,37500000.0,15000000.0,20000.0,50000.0,20,RMS,POW,LIN,0.7499839100000001,0.00077587869,0.0005818965336118779,36704000.0,-35.27048111
2026-10-07T10:24:06,,2400000000.0,5000000000.0,0,8,10,0.6009377006322857,0.6009376,6204385279.999994,6,64,37500000.0,15000000.0,20000.0,50000.0,20,RMS,POW,LIN,0.7499839100000001,0.00077587869,0.0005818965336118779,36708000.0,-35.32315445
2026-10-07T10:24:06,,2400000000.0,5000000000.0,0,8,10,0.6009377006322857,0.6009376,6204385279.999994,6,64,37500000.0,15000000.0,20000.0,50000.0,20,RMS,POW,LIN,0.7499839100000001,0.00077587869,0.0005818965336118779,36712000.0,-35.56160355
2026-10-07T10:24:06,,2400000000.0,5000000000.0,0,8,10,0.6009377006322857,0.6009376,6204385279.999994,6,64,37500000.0,15000000.0,20000.0,50000.0,20,RMS,POW,LIN,0.7499839100000001,0.00077587869,0.0005818965336118779,36716000.0,-35.9654808
2026-10-07T10:24:06,,2400000000.0,5000000000.0,0,8,10,0.6009377006322857,0.6009376,6204385279.999994,6,64,37500000.0,15000000.0,20000.0,50000.0,20,RMS,POW,LIN,0.7499839100000001,0.00077587869,0.0005818965336118779,36720000.0,-36.42335129
2026-10-07T10:24:06,,2400000000.0,5000000000.0,0,8,10,0.6009377006322857,0.6009376,6204385279.999994,6,64,37500000.0,15000000.0,20000.0,50000.0,20,RMS,POW,LIN,0.7499839100000001,0.00077587869,0.0005818965336118779,36724000.0,-36.79346085
2026-10-07T10:24:06,,2400000000.0,5000000000.0,0,8,10,0.6009377006322857,0.6009376,6204385279.999994,6,64,37500000.0,15000000.0,20000.0,50000.0,20,RMS,POW,LIN,0.7499839100000001,0.00077587869,0.0005818965336118779,36728000.0,-37.04068756
2026-10-07T10:24:06,,2400000000.0,5000000000.0,0,8,10,0.6009377006322857,0.6009376,6204385279.999994,6,64,37500000.0,15000000.0,20000.0,50000.0,20,RMS,POW,LIN,0.7499839100000001,0.00077587869,0.0005818965336118779,36732000.0,-37.25385666
2026-10-07T10:24:06,,2400000000.0,5000000000.0,0,8,10,0.6009377006322857,0.6009376,6204385279.999994,6,64,37500000.0,15000000.0,20000.0,50000.0,20,RMS,POW,LIN,0.7499839100000001,0.00077587869,0.0005818965336118779,36736000.0,-37.48271179
2026-10-07T10:24:06,,2400000000.0,5000000000.0,0,8,10,0.6009377006322857,0.6009376,6204385279.999994,6,64,37500000.0,15000000.0,20000.0,50000.0,20,RMS,POW,LIN,0.7499839100000001,0.00077587869,0.0005818965336118779,36740000.0,-37.63640213
2026-10-07T10:24:06,,2400000000.0,5000000000.0,0,8,10,0.6009377006322857,0.6009376,6204385279.999994,6,64,37500000.0,15000000.0,20000.0,50000.0,20,RMS,POW,LIN,0.7499839100000001,0.00077587869,0.0005818965336118779,36744000.0,-37.6139679
2026-10-07T10:24:06,,2400000000.0,5000000000.0,0,8,10,0.6009377006322857,0.6009376,6204385279.999994,6,64,37500000.0,15000000.0,20000.0,50000.0,20,RMS,POW,LIN,0.7499839100000001,0.00077587869,0.0005818965336118779,36748000.0,-37.49676132
2026-10-07T10:24:06,,2400000000.0,5000000000.0,0,8,10,0.6009377006322857,0.6009376,6204385279.999994,6,64,37500000.0,15000000.0,20000.0,50000.0,20,RMS,POW,LIN,0.7499839100000001,0.00077587869,0.0005818965336118779,36752000.0,-37.47696686
2026-10-07T10:24:06,,2400000000.0,5000000000.0,0,8,10,0.6009377006322857,0.6009376,6204385279.999994,6,64,37500000.0,15000000.0,20000.0,50000.0,20,RMS,POW,LIN,0.7499839100000001,0.00077587869,0.0005818965336118779,36756000.0,-37.6231575
2026-10-07T10:24:06,,2400000000.0,5000000000.0,0,8,10,0.6009377006322857,0.6009376,6204385279.999994,6,64,37500000.0,15000000.0,20000.0,50000.0,20,RMS,POW,LIN,0.7499839100000001,0.00077587869,0.0005818965336118779,36760000.0,-37.77565765
2026-10-07T10:24:06,,2400000000.0,5000000000.0,0,8,10,0.6009377006322857,0.6009376,6204385279.999994,6,64,37500000.0,15000000.0,20000.0,50000.0,20,RMS,POW,LIN,0.7499839100000001,0.00077587869,0.0005818965336118779,36764000.0,-37.67777634
2026-10-07T10:24:06,,2400000000.0,5000000000.0,0,8,10,0.6009377006322857,0.6009376,6204385279.999994,6,64,37500000.0,15000000.0,20000.0,50000.0,20,RMS,POW,LIN,0.7499839100000001,0.00077587869,0.0005818965336118779,36768000.0,-37.26677322
2026-10-07T10:24:06,,2400000000.0,5000000000.0,0,8,10,0.6009377006322857,0.6009376,6204385279.999994,6,64,37500000.0,15000000.0,20000.0,50000.0,20,RMS,POW,LIN,0.7499839100000001,0.00077587869,0.0005818965336118779,36772000.0,-36.72917557
2026-10-07T10:24:06,,2400000000.0,5000000000.0,0,8,10,0.6009377006322857,0.6009376,6204385279.999994,6,64,37500000.0,15000000.0,20000.0,50000.0,20,RMS,POW,LIN,0.7499839100000001,0.00077587869,0.0005818965336118779,36776000.0,-36.26498413
2026-10-07T10:24:06,,2400000000.0,5000000000.0,0,8,10,0.6009377006322857,0.6009376,6204385279.999994,6,64,37500000.0,15000000.0,20000.0,50000.0,20,RMS,POW,LIN,0.7499839100000001,0.00077587869,0.0005818965336118779,36780000.0,-35.95811844
2026-10-07T10:24:06,,2400000000.0,5000000000.0,0,8,10,0.6009377006322857,0.6009376,6204385279.999994,6,64,37500000.0,15000000.0,20000.0,50000.0,20,RMS,POW,LIN,0.7499839100000001,0.00077587869,0.0005818965336118779,36784000.0,-35.8098793
2026-10-07T10:24:06,,2400000000.0,5000000000.0,0,8,10,0.6009377006322857,0.6009376,6204385279.999994,6,64,37500000.0,15000000.0,20000.0,50000.0,20,RMS,POW,LIN,0.7499839100000001,0.00077587869,0.0005818965336118779,36788000.0,-35.79735947
2026-10-07T10:24:06,,2400000000.0,5000000000.0,0,8,10,0.6009377006322857,0.6009376,6204385279.999994,6,64,37500000.0,15000000.0,20000.0,50000.0,20,RMS,POW,LIN,0.7499839100000001,0.00077587869,0.0005818965336118779,36792000.0,-35.90296173
2026-10-07T10:24:06,,2400000000.0,5000000000.0,0,8,10,0.6009377006322857,0.6009376,6204385279.999994,6,64,37500000.0,15000000.0,20000.0,50000.0,20,RMS,POW,LIN,0.7499839100000001,0.00077587869,0.0005818965336118779,36796000.0,-36.11413956
2026-10-07T10:24:06,,2400000000.0,5000000000.0,0,8,10,0.6009377006322857,0.6009376,6204385279.999994,6,64,37500000.0,15000000.0,20000.0,50000.0,20,RMS,POW,LIN,0.7499839100000001,0.00077587869,0.0005818965336118779,36800000.0,-36.40374756
2026-10-07T10:24:06,,2400000000.0,5000000000.0,0,8,10,0.6009377006322857,0.6009376,6204385279.999994,6,64,37500000.0,15000000.0,20000.0,50000.0,20,RMS,POW,LIN,0.7499839100000001,0.00077587869,0.0005818965336118779,36804000.0,-36.71699524
2026-10-07T10:24:06,,2400000000.0,5000000000.0,0,8,10,0.6009377006322857,0.6009376,6204385279.999994,6,64,37500000.0,15000000.0,20000.0,50000.0,20,RMS,POW,LIN,0.7499839100000001,0.00077587869,0.0005818965336118779,36808000.0,-36.99253464
2026-10-07T10:24:06,,2400000000.0,5000000000.0,0,8,10,0.6009377006322857,0.6009376,6204385279.999994,6,64,37500000.0,15000000.0,20000.0,50000.0,20,RMS,POW,LIN,0.7499839100000001,0.00077587869,0.0005818965336118779,36812000.0,-37.19853973
2026-10-07T10:24:06,,2400000000.0,5000000000.0,0,8,10,0.6009377006322857,0.6009376,6204385279.999994,6,64,37500000.0,15000000.0,20000.0,50000.0,20,RMS,POW,LIN,0.7499839100000001,0.00077587869,0.0005818965336118779,36816000.0,-37.32507706
2026-10-07T10:24:06,,2400000000.0,5000000000.0,0,8,10,0.6009377006322857,0.6009376,6204385279.999994,6,64,37500000.0,15000000.0,20000.0,50000.0,20,RMS,POW,LIN,0.7499839100000001,0.00077587869,0.0005818965336118779,36820000.0,-37.34325409
2026-10-07T10:24:06,,2400000000.0,5000000000.0,0,8,10,0.6009377006322857,0.6009376,6204385279.999994,6,64,37500000.0,15000000.0,20000.0,50000.0,20,RMS,POW,LIN,0.7499839100000001,0.00077587869,0.0005818965336118779,36824000.0,-37.21880722
2026-10-07T10:24:06,,2400000000.0,5000000000.0,0,8,10,0.6009377006322857,0.6009376,6204385279.999994,6,64,37500000.0,15000000.0,20000.0,50000.0,20,RMS,POW,LIN,0.7499839100000001,0.00077587869,0.0005818965336118779,36828000.0,-36.98238373
2026-10-07T10:24:06,,2400000000.0,5000000000.0,0,8,10,0.6009377006322857,0.6009376,6204385279.999994,6,64,37500000.0,15000000.0,20000.0,50000.0,20,RMS,POW,LIN,0.7499839100000001,0.00077587869,0.0005818965336118779,36832000.0,-36.73867416
2026-10-07T10:24:06,,2400000000.0,5000000000.0,0,8,10,0.6009377006322857,0.6009376,6204385279.999994,6,64,37500000.0,15000000.0,20000.0,50000.0,20,RMS,POW,LIN,0.7499839100000001,0.00077587869,0.0005818965336118779,36836000.0,-36.58434296
2026-10-07T10:24:06,,2400000000.0,5000000000.0,0,8,10,0.6009377006322857,0.6009376,6204385279.999994,6,64,37500000.0,15000000.0,20000.0,50000.0,20,RMS,POW,LIN,0.7499839100000001,0.00077587869,0.0005818965336118779,36840000.0,-36.53589249
2026-10-07T10:24:06,,2400000000.0,5000000000.0,0,8,10,0.6009377006322857,0.6009376,6204385279.999994,6,64,37500000.0,15000000.0,20000.0,50000.0,20,RMS,POW,LIN,0.7499839100000001,0.00077587869,0.0005818965336118779,36844000.0,-36.52453232
2026-10-07T10:24:06,,2400000000.0,5000000000.0,0,8,10,0.6009377006322857,0.6009376,6204385279.999994,6,64,37500000.0,15000000.0,20000.0,50000.0,20,RMS,POW,LIN,0.7499839100000001,0.00077587869,0.0005818965336118779,36848000.0,-36.44176865
2026-10-07T10:24:06,,2400000000.0,5000000000.0,0,8,10,0.6009377006322857,0.6009376,6204385279.999994,6,64,37500000.0,15000000.0,20000.0,50000.0,20,RMS,POW,LIN,0.7499839100000001,0.00077587869,0.0005818965336118779,36852000.0,-36.1997261
2026-10-07T10:24:06,,2400000000.0,5000000000.0,0,8,10,0.6009377006322857,0.6009376,6204385279.999994,6,64,37500000.0,15000000.0,20000.0,50000.0,20,RMS,POW,LIN,0.7499839100000001,0.00077587869,0.0005818965336118779,36856000.0,-35.77705383
2026-10-07T10:24:06,,2400000000.0,5000000000.0,0,8,10,0.6009377006322857,0.6009376,6204385279.999994,6,64,37500000.0,15000000.0,20000.0,50000.0,20,RMS,POW,LIN,0.7499839100000001,0.00077587869,0.0005818965336118779,36860000.0,-35.23576736
2026-10-07T10:24:06,,2400000000.0,5000000000.0,0,8,10,0.6009377006322857,0.6009376,6204385279.999994,6,64,37500000.0,15000000.0,20000.0,50000.0,20,RMS,POW,LIN,0.7499839100000001,0.00077587869,0.0005818965336118779,36864000.0,-34.69368362
2026-10-07T10:24:06,,2400000000.0,5000000000.0,0,8,10,0.6009377006322857,0.6009376,6204385279.999994,6,64,37500000.0,15000000.0,20000.0,50000.0,20,RMS,POW,LIN,0.7499839100000001,0.00077587869,0.0005818965336118779,36868000.0,-34.26279449
2026-10-07T10:24:06,,2400000000.0,5000000000.0,0,8,10,0.6009377006322857,0.6009376,6204385279.999994,6,64,37500000.0,15000000.0,20000.0,50000.0,20,RMS,POW,LIN,0.7499839100000001,0.00077587869,0.0005818965336118779,36872000.0,-34.00673294
2026-10-07T10:24:06,,2400000000.0,5000000000.0,0,8,10,0.6009377006322857,0.6009376,6204385279.999994,6,64,37500000.0,15000000.0,20000.0,50000.0,20,RMS,POW,LIN,0.7499839100000001,0.00077587869,0.0005818965336118779,36876000.0,-33.94543076
2026-10-07T10:24:06,,2400000000.0,5000000000.0,0,8,10,0.6009377006322857,0.6009376,6204385279.999994,6,64,37500000.0,15000000.0,20000.0,50000.0,20,RMS,POW,LIN,0.7499839100000001,0.00077587869,0.0005818965336118779,36880000.0,-34.07807541
2026-10-07T10:24:06,,2400000000.0,5000000000.0,0,8,10,0.6009377006322857,0.6009376,6204385279.999994,6,64,37500000.0,15000000.0,20000.0,50000.0,20,RMS,POW,LIN,0.7499839100000001,0.00077587869,0.0005818965336118779,36884000.0,-34.37633514
2026-10-07T10:24:06,,2400000000.0,5000000000.0,0,8,10,0.6009377006322857,0.6009376,6204385279.999994,6,64,37500000.0,15000000.0,20000.0,50000.0,20,RMS,POW,LIN,0.7499839100000001,0.00077587869,0.0005818965336118779,36888000.0,-34.74244308
2026-10-07T10:24:06,,2400000000.0,5000000000.0,0,8,10,0.6009377006322857,0.6009376,6204385279.999994,6,64,37500000.0,15000000.0,20000.0,50000.0,20,RMS,POW,LIN,0.7499839100000001,0.00077587869,0.0005818965336118779,36892000.0,-35.00731277
2026-10-07T10:24:06,,2400000000.0,5000000000.0,0,8,10,0.6009377006322857,0.6009376,6204385279.999994,6,64,37500000.0,15000000.0,20000.0,50000.0,20,RMS,POW,LIN,0.7499839100000001,0.00077587869,0.0005818965336118779,36896000.0,-35.05373764
2026-10-07T10:24:06,,2400000000.0,5000000000.0,0,8,10,0.6009377006322857,0.6009376,6204385279.999994,6,64,37500000.0,15000000.0,20000.0,50000.0,20,RMS,POW,LIN,0.7499839100000001,0.00077587869,0.0005818965336118779,36900000.0,-34.93751144
2026-10-07T10:24:06,,2400000000.0,5000000000.0,0,8,10,0.6009377006322857,0.6009376,6204385279.999994,6,64,37500000.0,15000000.0,20000.0,50000.0,20,RMS,POW,LIN,0.7499839100000001,0.00077587869,0.0005818965336118779,36904000.0,-34.79315186
2026-10-07T10:24:06,,2400000000.0,5000000000.0,0,8,10,0.6009377006322857,0.6009376,6204385279.999994,6,64,37500000.0,15000000.0,20000.0,50000.0,20,RMS,POW,LIN,0.7499839100000001,0.00077587869,0.0005818965336118779,36908000.0,-34.67438889
2026-10-07T10:24:06,,2400000000.0,5000000000.0,0,8,10,0.6009377006322857,0.6009376,6204385279.999994,6,64,37500000.0,15000000.0,20000.0,50000.0,20,RMS,POW,LIN,0.7499839100000001,0.00077587869,0.0005818965336118779,36912000.0,-34.55811691
2026-10-07T10:24:06,,2400000000.0,5000000000.0,0,8,10,0.6009377006322857,0.6009376,6204385279.999994,6,64,37500000.0,15000000.0,20000.0,50000.0,20,RMS,POW,LIN,0.7499839100000001,0.00077587869,0.0005818965336118779,36916000.0,-34.45488739
2026-10-07T10:24:06,,2400000000.0,5000000000.0,0,8,10,0.6009377006322857,0.6009376,6204385279.999994,6,64,37500000.0,15000000.0,20000.0,50000.0,20,RMS,POW,LIN,0.7499839100000001,0.00077587869,0.0005818965336118779,36920000.0,-34.43967438
2026-10-07T10:24:06,,2400000000.0,5000000000.0,0,8,10,0.6009377006322857,0.6009376,6204385279.999994,6,64,37500000.0,15000000.0,20000.0,50000.0,20,RMS,POW,LIN,0.7499839100000001,0.00077587869,0.0005818965336118779,36924000.0,-34.55675507
2026-10-07T10:24:06,,2400000000.0,5000000000.0,0,8,10,0.6009377006322857,0.6009376,6204385279.999994,6,64,37500000.0,15000000.0,20000.0,50000.0,20,RMS,POW,LIN,0.7499839100000001,0.00077587869,0.0005818965336118779,36928000.0,-34.72470093
2026-10-07T10:24:06,,2400000000.0,5000000000.0,0,8,10,0.6009377006322857,0.6009376,6204385279.999994,6,64,37500000.0,15000000.0,20000.0,50000.0,20,RMS,POW,LIN,0.7499839100000001,0.00077587869,0.0005818965336118779,36932000.0,-34.76614761
2026-10-07T10:24:06,,2400000000.0,5000000000.0,0,8,10,0.6009377006322857,0.6009376,6204385279.999994,6,64,37500000.0,15000000.0,20000.0,50000.0,20,RMS,POW,LIN,0.7499839100000001,0.00077587869,0.0005818965336118779,36936000.0,-34.58374023
2026-10-07T10:24:06,,2400000000.0,5000000000.0,0,8,10,0.6009377006322857,0.6009376,6204385279.999994,6,64,37500000.0,15000000.0,20000.0,50000.0,20,RMS,POW,LIN,0.7499839100000001,0.00077587869,0.0005818965336118779,36940000.0,-34.27054214
2026-10-07T10:24:06,,2400000000.0,5000000000.0,0,8,10,0.6009377006322857,0.6009376,6204385279.999994,6,64,37500000.0,15000000.0,20000.0,50000.0,20,RMS,POW,LIN,0.7499839100000001,0.00077587869,0.0005818965336118779,36944000.0,-33.97365952
2026-10-07T10:24:06,,2400000000.0,5000000000.0,0,8,10,0.6009377006322857,0.6009376,6204385279.999994,6,64,37500000.0,15000000.0,20000.0,50000.0,20,RMS,POW,LIN,0.7499839100000001,0.00077587869,0.0005818965336118779,36948000.0,-33.73173141
2026-10-07T10:24:06,,2400000000.0,5000000000.0,0,8,10,0.6009377006322857,0.6009376,6204385279.999994,6,64,37500000.0,15000000.0,20000.0,50000.0,20,RMS,POW,LIN,0.7499839100000001,0.00077587869,0.0005818965336118779,36952000.0,-33.49217987
2026-10-07T10:24:06,,2400000000.0,5000000000.0,0,8,10,0.6009377006322857,0.6009376,6204385279.999994,6,64,37500000.0,15000000.0,20000.0,50000.0,20,RMS,POW,LIN,0.7499839100000001,0.00077587869,0.0005818965336118779,36956000.0,-33.2413826
2026-10-07T10:24:06,,2400000000.0,5000000000.0,0,8,10,0.6009377006322857,0.6009376,6204385279.999994,6,64,37500000.0,15000000.0,20000.0,50000.0,20,RMS,POW,LIN,0.7499839100000001,0.00077587869,0.0005818965336118779,36960000.0,-33.0569191
2026-10-07T10:24:06,,2400000000.0,5000000000.0,0,8,10,0.6009377006322857,0.6009376,6204385279.999994,6,64,37500000.0,15000000.0,20000.0,50000.0,20,RMS,POW,LIN,0.7499839100000001,0.00077587869,0.0005818965336118779,36964000.0,-33.01170349
2026-10-07T10:24:06,,2400000000.0,5000000000.0,0,8,10,0.6009377006322857,0.6009376,6204385279.999994,6,64,37500000.0,15000000.0,20000.0,50000.0,20,RMS,POW,LIN,0.7499839100000001,0.00077587869,0.0005818965336118779,36968000.0,-33.07270813
2026-10-07T10:24:06,,2400000000.0,5000000000.0,0,8,10,0.6009377006322857,0.6009376,6204385279.999994,6,64,37500000.0,15000000.0,20000.0,50000.0,20,RMS,POW,LIN,0.7499839100000001,0.00077587869,0.0005818965336118779,36972000.0,-33.12168884
2026-10-07T10:24:06,,2400000000.0,5000000000.0,0,8,10,0.6009377006322857,0.6009376,6204385279.999994,6,64,37500000.0,15000000.0,20000.0,50000.0,20,RMS,POW,LIN,0.7499839100000001,0.00077587869,0.0005818965336118779,36976000.0,-33.0737114
2026-10-07T10:24:06,,2400000000.0,5000000000.0,0,8,10,0.6009377006322857,0.6009376,6204385279.999994,6,64,37500000.0,15000000.0,20000.0,50000.0,20,RMS,POW,LIN,0.7499839100000001,0.00077587869,0.0005818965336118779,36980000.0,-32.93451309
2026-10-07T10:24:06,,2400000000.0,5000000000.0,0,8,10,0.6009377006322857,0.6009376,6204385279.999994,6,64,37500000.0,15000000.0,20000.0,50000.0,20,RMS,POW,LIN,0.7499839100000001,0.00077587869,0.0005818965336118779,36984000.0,-32.73227692
2026-10-07T10:24:06,,2400000000.0,5000000000.0,0,8,10,0.6009377006322857,0.6009376,6204385279.999994,6,64,37500000.0,15000000.0,20000.0,50000.0,20,RMS,POW,LIN,0.7499839100000001,0.00077587869,0.0005818965336118779,36988000.0,-32.4866333
2026-10-07T10:24:06,,2400000000.0,5000000000.0,0,8,10,0.6009377006322857,0.6009376,6204385279.999994,6,64,37500000.0,15000000.0,20000.0,50000.0,20,RMS,POW,LIN,0.7499839100000001,0.00077587869,0.0005818965336118779,36992000.0,-32.27157593
2026-10-07T10:24:06,,2400000000.0,5000000000.0,0,8,10,0.6009377006322857,0.6009376,6204385279.999994,6,64,37500000.0,15000000.0,20000.0,50000.0,20,RMS,POW,LIN,0.7499839100000001,0.00077587869,0.0005818965336118779,36996000.0,-32.21857071
2026-10-07T10:24:06,,2400000000.0,5000000000.0,0,8,10,0.6009377006322857,0.6009376,6204385279.999994,6,64,37500000.0,15000000.0,20000.0,50000.0,20,RMS,POW,LIN,0.7499839100000001,0.00077587869,0.0005818965336118779,37000000.0,-32.41139984
2026-10-07T10:24:06,,2400000000.0,5000000000.0,0,8,10,0.6009377006322857,0.6009376,6204385279.999994,6,64,37500000.0,15000000.0,20000.0,50000.0,20,RMS,POW,LIN,0.7499839100000001,0.00077587869,0.0005818965336118779,37004000.0,-32.78536606
2026-10-07T10:24:06,,2400000000.0,5000000000.0,0,8,10,0.6009377006322857,0.6009376,6204385279.999994,6,64,37500000.0,15000000.0,20000.0,50000.0,20,RMS,POW,LIN,0.7499839100000001,0.00077587869,0.0005818965336118779,37008000.0,-33.12329865
2026-10-07T10:24:06,,2400000000.0,5000000000.0,0,8,10,0.6009377006322857,0.6009376,6204385279.999994,6,64,37500000.0,15000000.0,20000.0,50000.0,20,RMS,POW,LIN,0.7499839100000001,0.00077587869,0.0005818965336118779,37012000.0,-33.20700836
2026-10-07T10:24:06,,2400000000.0,5000000000.0,0,8,10,0.6009377006322857,0.6009376,6204385279.999994,6,64,37500000.0,15000000.0,20000.0,50000.0,20,RMS,POW,LIN,0.7499839100000001,0.00077587869,0.0005818965336118779,37016000.0,-33.0128212
2026-10-07T10:24:06,,2400000000.0,5000000000.0,0,8,10,0.6009377006322857,0.6009376,6204385279.999994,6,64,37500000.0,15000000.0,20000.0,50000.0,20,RMS,POW,LIN,0.7499839100000001,0.00077587869,0.0005818965336118779,37020000.0,-32.6765213
2026-10-07T10:24:06,,2400000000.0,5000000000.0,0,8,10,0.6009377006322857,0.6009376,6204385279.999994,6,64,37500000.0,15000000.0,20000.0,50000.0,20,RMS,POW,LIN,0.7499839100000001,0.00077587869,0.0005818965336118779,37024000.0,-32.3247757
2026-10-07T10:24:06,,2400000000.0,5000000000.0,0,8,10,0.6009377006322857,0.6009376,6204385279.999994,6,64,37500000.0,15000000.0,20000.0,50000.0,20,RMS,POW,LIN,0.7499839100000001,0.00077587869,0.0005818965336118779,37028000.0,-32.02867889
2026-10-07T10:24:06,,2400000000.0,5000000000.0,0,8,10,0.6009377006322857,0.6009376,6204385279.999994,6,64,37500000.0,15000000.0,20000.0,50000.0,20,RMS,POW,LIN,0.7499839100000001,0.00077587869,0.0005818965336118779,37032000.0,-31.82505989
2026-10-07T10:24:06,,2400000000.0,5000000000.0,0,8,10,0.6009377006322857,0.6009376,6204385279.999994,6,64,37500000.0,15000000.0,20000.0,50000.0,20,RMS,POW,LIN,0.7499839100000001,0.00077587869,0.0005818965336118779,37036000.0,-31.69812775
2026-10-07T10:24:06,,2400000000.0,5000000000.0,0,8,10,0.6009377006322857,0.6009376,6204385279.999994,6,64,37500000.0,15000000.0,20000.0,50000.0,20,RMS,POW,LIN,0.7499839100000001,0.00077587869,0.0005818965336118779,37040000.0,-31.5724144
2026-10-07T10:24:06,,2400000000.0,5000000000.0,0,8,10,0.6009377006322857,0.6009376,6204385279.999994,6,64,37500000.0,15000000.0,20000.0,50000.0,20,RMS,POW,LIN,0.7499839100000001,0.00077587869,0.0005818965336118779,37044000.0,-31.40031052
2026-10-07T10:24:06,,2400000000.0,5000000000.0,0,8,10,0.6009377006322857,0.6009376,6204385279.999994,6,64,37500000.0,15000000.0,20000.0,50000.0,20,RMS,POW,LIN,0.7499839100000001,0.00077587869,0.0005818965336118779,37048000.0,-31.25833893
2026-10-07T10:24:06,,2400000000.0,5000000000.0,0,8,10,0.6009377006322857,0.6009376,6204385279.999994,6,64,37500000.0,15000000.0,20000.0,50000.0,20,RMS,POW,LIN,0.7499839100000001,0.00077587869,0.0005818965336118779,37052000.0,-31.29200935
2026-10-07T10:24:06,,2400000000.0,5000000000.0,0,8,10,0.6009377006322857,0.6009376,6204385279.999994,6,64,37500000.0,15000000.0,20000.0,50000.0,20,RMS,POW,LIN,0.7499839100000001,0.00077587869,0.0005818965336118779,37056000.0,-31.57386017
2026-10-07T10:24:06,,2400000000.0,5000000000.0,0,8,10,0.6009377006322857,0.6009376,6204385279.999994,6,64,37500000.0,15000000.0,20000.0,50000.0,20,RMS,POW,LIN,0.7499839100000001,0.00077587869,0.0005818965336118779,37060000.0,-32.03121567
2026-10-07T10:24:06,,2400000000.0,5000000000.0,0,8,10,0.6009377006322857,0.6009376,6204385279.999994,6,64,37500000.0,15000000.0,20000.0,50000.0,20,RMS,POW,LIN,0.7499839100000001,0.00077587869,0.0005818965336118779,37064000.0,-32.48366165
2026-10-07T10:24:06,,2400000000.0,5000000000.0,0,8,10,0.6009377006322857,0.6009376,6204385279.999994,6,64,37500000.0,15000000.0,20000.0,50000.0,20,RMS,POW,LIN,0.7499839100000001,0.00077587869,0.0005818965336118779,37068000.0,-32.74505615
2026-10-07T10:24:06,,2400000000.0,5000000000.0,0,8,10,0.6009377006322857,0.6009376,6204385279.999994,6,64,37500000.0,15000000.0,20000.0,50000.0,20,RMS,POW,LIN,0.7499839100000001,0.00077587869,0.0005818965336118779,37072000.0,-32.66692734
2026-10-07T10:24:06,,2400000000.0,5000000000.0,0,8,10,0.6009377006322857,0.6009376,6204385279.999994,6,64,37500000.0,15000000.0,20000.0,50000.0,20,RMS,POW,LIN,0.7499839100000001,0.00077587869,0.0005818965336118779,37076000.0,-32.14165115
2026-10-07T10:24:06,,2400000000.0,5000000000.0,0,8,10,0.6009377006322857,0.6009376,6204385279.999994,6,64,37500000.0,15000000.0,20000.0,50000.0,20,RMS,POW,LIN,0.7499839100000001,0.00077587869,0.0005818965336118779,37080000.0,-31.24778175
2026-10-07T10:24:06,,2400000000.0,5000000000.0,0,8,10,0.6009377006322857,0.6009376,6204385279.999994,6,64,37500000.0,15000000.0,20000.0,50000.0,20,RMS,POW,LIN,0.7499839100000001,0.00077587869,0.0005818965336118779,37084000.0,-30.29991531
2026-10-07T10:24:06,,2400000000.0,5000000000.0,0,8,10,0.6009377006322857,0.6009376,6204385279.999994,6,64,37500000.0,15000000.0,20000.0,50000.0,20,RMS,POW,LIN,0.7499839100000001,0.00077587869,0.0005818965336118779,37088000.0,-29.60176086
2026-10-07T10:24:06,,2400000000.0,5000000000.0,0,8,10,0.6009377006322857,0.6009376,6204385279.999994,6,64,37500000.0,15000000.0,20000.0,50000.0,20,RMS,POW,LIN,0.7499839100000001,0.00077587869,0.0005818965336118779,37092000.0,-29.24117088
2026-10-07T10:24:06,,2400000000.0,5000000000.0,0,8,10,0.6009377006322857,0.6009376,6204385279.999994,6,64,37500000.0,15000000.0,20000.0,50000.0,20,RMS,POW,LIN,0.7499839100000001,0.00077587869,0.0005818965336118779,37096000.0,-29.05024338
2026-10-07T10:24:06,,2400000000.0,5000000000.0,0,8,10,0.6009377006322857,0.6009376,6204385279.999994,6,64,37500000.0,15000000.0,20000.0,50000.0,20,RMS,POW,LIN,0.7499839100000001,0.00077587869,0.0005818965336118779,37100000.0,-28.70421028
2026-10-07T10:24:06,,2400000000.0,5000000000.0,0,8,10,0.6009377006322857,0.6009376,6204385279.999994,6,64,37500000.0,15000000.0,20000.0,50000.0,20,RMS,POW,LIN,0.7499839100000001,0.00077587869,0.0005818965336118779,37104000.0,-28.02272034
2026-10-07T10:24:06,,2400000000.0,5000000000.0,0,8,10,0.6009377006322857,0.6009376,6204385279.999994,6,64,37500000.0,15000000.0,20000.0,50000.0,20,RMS,POW,LIN,0.7499839100000001,0.00077587869,0.0005818965336118779,37108000.0,-27.15966988
2026-10-07T10:24:06,,2400000000.0,5000000000.0,0,8,10,0.6009377006322857,0.6009376,6204385279.999994,6,64,37500000.0,15000000.0,20000.0,50000.0,20,RMS,POW,LIN,0.7499839100000001,0.00077587869,0.0005818965336118779,37112000.0,-26.37845993
2026-10-07T10:24:06,,2400000000.0,5000000000.0,0,8,10,0.6009377006322857,0.6009376,6204385279.999994,6,64,37500000.0,15000000.0,20000.0,50000.0,20,RMS,POW,LIN,0.7499839100000001,0.00077587869,0.0005818965336118779,37116000.0,-25.83433914
2026-10-07T10:24:06,,2400000000.0,5000000000.0,0,8,10,0.6009377006322857,0.6009376,6204385279.999994,6,64,37500000.0,15000000.0,20000.0,50000.0,20,RMS,POW,LIN,0.7499839100000001,0.00077587869,0.0005818965336118779,37120000.0,-25.57779312
2026-10-07T10:24:06,,2400000000.0,5000000000.0,0,8,10,0.6009377006322857,0.6009376,6204385279.999994,6,64,37500000.0,15000000.0,20000.0,50000.0,20,RMS,POW,LIN,0.7499839100000001,0.00077587869,0.0005818965336118779,37124000.0,-25.59386826
2026-10-07T10:24:06,,2400000000.0,5000000000.0,0,8,10,0.6009377006322857,0.6009376,6204385279.999994,6,64,37500000.0,15000000.0,20000.0,50000.0,20,RMS,POW,LIN,0.7499839100000001,0.00077587869,0.0005818965336118779,37128000.0,-25.76657104
2026-10-07T10:24:06,,2400000000.0,5000000000.0,0,8,10,0.6009377006322857,0.6009376,6204385279.999994,6,64,37500000.0,15000000.0,20000.0,50000.0,20,RMS,POW,LIN,0.7499839100000001,0.00077587869,0.0005818965336118779,37132000.0,-25.83726311
2026-10-07T10:24:06,,2400000000.0,5000000000.0,0,8,10,0.6009377006322857,0.6009376,6204385279.999994,6,64,37500000.0,15000000.0,20000.0,50000.0,20,RMS,POW,LIN,0.7499839100000001,0.00077587869,0.0005818965336118779,37136000.0,-25.56713295
2026-10-07T10:24:06,,2400000000.0,5000000000.0,0,8,10,0.6009377006322857,0.6009376,6204385279.999994,6,64,37500000.0,15000000.0,20000.0,50000.0,20,RMS,POW,LIN,0.7499839100000001,0.00077587869,0.0005818965336118779,37140000.0,-25.0298233
2026-10-07T10:24:06,,2400000000.0,5000000000.0,0,8,10,0.6009377006322857,0.6009376,6204385279.999994,6,64,37500000.0,15000000.0,20000.0,50000.0,20,RMS,POW,LIN,0.7499839100000001,0.00077587869,0.0005818965336118779,37144000.0,-24.51084709
2026-10-07T10:24:06,,2400000000.0,5000000000.0,0,8,10,0.6009377006322857,0.6009376,6204385279.999994,6,64,37500000.0,15000000.0,20000.0,50000.0,20,RMS,POW,LIN,0.7499839100000001,0.00077587869,0.0005818965336118779,37148000.0,-24.15643311
2026-10-07T10:24:06,,2400000000.0,5000000000.0,0,8,10,0.6009377006322857,0.6009376,6204385279.999994,6,64,37500000.0,15000000.0,20000.0,50000.0,20,RMS,POW,LIN,0.7499839100000001,0.00077587869,0.0005818965336118779,37152000.0,-23.85952377
2026-10-07T10:24:06,,2400000000.0,5000000000.0,0,8,10,0.6009377006322857,0.6009376,6204385279.999994,6,64,37500000.0,15000000.0,20000.0,50000.0,20,RMS,POW,LIN,0.7499839100000001,0.00077587869,0.0005818965336118779,37156000.0,-23.4114666
2026-10-07T10:24:06,,2400000000.0,5000000000.0,0,8,10,0.6009377006322857,0.6009376,6204385279.999994,6,64,37500000.0,15000000.0,20000.0,50000.0,20,RMS,POW,LIN,0.7499839100000001,0.00077587869,0.0005818965336118779,37160000.0,-22.77012253
2026-10-07T10:24:06,,2400000000.0,5000000000.0,0,8,10,0.6009377006322857,0.6009376,6204385279.999994,6,64,37500000.0,15000000.0,20000.0,50000.0,20,RMS,POW,LIN,0.7499839100000001,0.00077587869,0.0005818965336118779,37164000.0,-22.1157093
2026-10-07T10:24:06,,2400000000.0,5000000000.0,0,8,10,0.6009377006322857,0.6009376,6204385279.999994,6,64,37500000.0,15000000.0,20000.0,50000.0,20,RMS,POW,LIN,0.7499839100000001,0.00077587869,0.0005818965336118779,37168000.0,-21.63535309
2026-10-07T10:24:06,,2400000000.0,5000000000.0,0,8,10,0.6009377006322857,0.6009376,6204385279.999994,6,64,37500000.0,15000000.0,20000.0,50000.0,20,RMS,POW,LIN,0.7499839100000001,0.00077587869,0.0005818965336118779,37172000.0,-21.36214828
2026-10-07T10:24:06,,2400000000.0,5000000000.0,0,8,10,0.6009377006322857,0.6009376,6204385279.999994,6,64,37500000.0,15000000.0,20000.0,50000.0,20,RMS,POW,LIN,0.7499839100000001,0.00077587869,0.0005818965336118779,37176000.0,-21.17852211
2026-10-07T10:24:06,,2400000000.0,5000000000.0,0,8,10,0.6009377006322857,0.6009376,6204385279.999994,6,64,37500000.0,15000000.0,20000.0,50000.0,20,RMS,POW,LIN,0.7499839100000001,0.00077587869,0.0005818965336118779,37180000.0,-20.94205475
2026-10-07T10:24:06,,2400000000.0,5000000000.0,0,8,10,0.6009377006322857,0.6009376,6204385279.999994,6,64,37500000.0,15000000.0,20000.0,50000.0,20,RMS,POW,LIN,0.7499839100000001,0.00077587869,0.0005818965336118779,37184000.0,-20.6473465
2026-10-07T10:24:06,,2400000000.0,5000000000.0,0,8,10,0.6009377006322857,0.6009376,6204385279.999994,6,64,37500000.0,15000000.0,20000.0,50000.0,20,RMS,POW,LIN,0.7499839100000001,0.00077587869,0.0005818965336118779,37188000.0,-20.42730141
2026-10-07T10:24:06,,2400000000.0,5000000000.0,0,8,10,0.6009377006322857,0.6009376,6204385279.999994,6,64,37500000.0,15000000.0,20000.0,50000.0,20,RMS,POW,LIN,0.7499839100000001,0.00077587869,0.0005818965336118779,37192000.0,-20.38100433
2026-10-07T10:24:06,,2400000000.0,5000000000.0,0,8,10,0.6009377006322857,0.6009376,6204385279.999994,6,64,37500000.0,15000000.0,20000.0,50000.0,20,RMS,POW,LIN,0.7499839100000001,0.00077587869,0.0005818965336118779,37196000.0,-20.44029808
2026-10-07T10:24:06,,2400000000.0,5000000000.0,0,8,10,0.6009377006322857,0.6009376,6204385279.999994,6,64,37500000.0,15000000.0,20000.0,50000.0,20,RMS,POW,LIN,0.7499839100000001,0.00077587869,0.0005818965336118779,37200000.0,-20.41396713
2026-10-07T10:24:06,,2400000000.0,5000000000.0,0,8,10,0.6009377006322857,0.6009376,6204385279.999994,6,64,37500000.0,15000000.0,20000.0,50000.0,20,RMS,POW,LIN,0.7499839100000001,0.00077587869,0.0005818965336118779,37204000.0,-20.21684265
2026-10-07T10:24:06,,2400000000.0,5000000000.0,0,8,10,0.6009377006322857,0.6009376,6204385279.999994,6,64,37500000.0,15000000.0,20000.0,50000.0,20,RMS,POW,LIN,0.7499839100000001,0.00077587869,0.0005818965336118779,37208000.0,-20.00763512
2026-10-07T10:24:06,,2400000000.0,5000000000.0,0,8,10,0.6009377006322857,0.6009376,6204385279.999994,6,64,37500000.0,15000000.0,20000.0,50000.0,20,RMS,POW,LIN,0.7499839100000001,0.00077587869,0.0005818965336118779,37212000.0,-20.00659943
2026-10-07T10:24:06,,2400000000.0,5000000000.0,0,8,10,0.6009377006322857,0.6009376,6204385279.999994,6,64,37500000.0,15000000.0,20000.0,50000.0,20,RMS,POW,LIN,0.7499839100000001,0.00077587869,0.0005818965336118779,37216000.0,-20.24716949
2026-10-07T10:24:06,,2400000000.0,5000000000.0,0,8,10,0.6009377006322857,0.6009376,6204385279.999994,6,64,37500000.0,15000000.0,20000.0,50000.0,20,RMS,POW,LIN,0.7499839100000001,0.00077587869,0.0005818965336118779,37220000.0,-20.4552803
2026-10-07T10:24:06,,2400000000.0,5000000000.0,0,8,10,0.6009377006322857,0.6009376,6204385279.999994,6,64,37500000.0,15000000.0,20000.0,50000.0,20,RMS,POW,LIN,0.7499839100000001,0.00077587869,0.0005818965336118779,37224000.0,-20.20130157
2026-10-07T10:24:06,,2400000000.0,5000000000.0,0,8,10,0.6009377006322857,0.6009376,6204385279.999994,6,64,37500000.0,15000000.0,20000.0,50000.0,20,RMS,POW,LIN,0.7499839100000001,0.00077587869,0.0005818965336118779,37228000.0,-19.44028282
2026-10-07T10:24:06,,2400000000.0,5000000000.0,0,8,10,0.6009377006322857,0.6009376,6204385279.999994,6,64,37500000.0,15000000.0,20000.0,50000.0,20,RMS,POW,LIN,0.7499839100000001,0.00077587869,0.0005818965336118779,37232000.0,-18.6061573
2026-10-07T10:24:06,,2400000000.0,5000000000.0,0,8,10,0.6009377006322857,0.6009376,6204385279.999994,6,64,37500000.0,15000000.0,20000.0,50000.0,20,RMS,POW,LIN,0.7499839100000001,0.00077587869,0.0005818965336118779,37236000.0,-18.08022308
2026-10-07T10:24:06,,2400000000.0,5000000000.0,0,8,10,0.6009377006322857,0.6009376,6204385279.999994,6,64,37500000.0,15000000.0,20000.0,50000.0,20,RMS,POW,LIN,0.7499839100000001,0.00077587869,0.0005818965336118779,37240000.0,-17.96321297
2026-10-07T10:24:06,,2400000000.0,5000000000.0,0,8,10,0.6009377006322857,0.6009376,6204385279.999994,6,64,37500000.0,15000000.0,20000.0,50000.0,20,RMS,POW,LIN,0.7499839100000001,0.00077587869,0.0005818965336118779,37244000.0,-18.12835503
2026-10-07T10:24:06,,2400000000.0,5000000000.0,0,8,10,0.6009377006322857,0.6009376,6204385279.999994,6,64,37500000.0,15000000.0,20000.0,50000.0,20,RMS,POW,LIN,0.7499839100000001,0.00077587869,0.0005818965336118779,37248000.0,-18.30121613
2026-10-07T10:24:06,,2400000000.0,5000000000.0,0,8,10,0.6009377006322857,0.6009376,6204385279.999994,6,64,37500000.0,15000000.0,20000.0,50000.0,20,RMS,POW,LIN,0.7499839100000001,0.00077587869,0.0005818965336118779,37252000.0,-18.2082653
2026-10-07T10:24:06,,2400000000.0,5000000000.0,0,8,10,0.6009377006322857,0.6009376,6204385279.999994,6,64,37500000.0,15000000.0,20000.0,50000.0,20,RMS,POW,LIN,0.7499839100000001,0.00077587869,0.0005818965336118779,37256000.0,-17.79716492
2026-10-07T10:24:06,,2400000000.0,5000000000.0,0,8,10,0.6009377006322857,0.6009376,6204385279.999994,6,64,37500000.0,15000000.0,20000.0,50000.0,20,RMS,POW,LIN,0.7499839100000001,0.00077587869,0.0005818965336118779,37260000.0,-17.26912498
2026-10-07T10:24:06,,2400000000.0,5000000000.0,0,8,10,0.6009377006322857,0.6009376,6204385279.999994,6,64,37500000.0,15000000.0,20000.0,50000.0,20,RMS,POW,LIN,0.7499839100000001,0.00077587869,0.0005818965336118779,37264000.0,-16.86672211
2026-10-07T10:24:06,,2400000000.0,5000000000.0,0,8,10,0.6009377006322857,0.6009376,6204385279.999994,6,64,37500000.0,15000000.0,20000.0,50000.0,20,RMS,POW,LIN,0.7499839100000001,0.00077587869,0.0005818965336118779,37268000.0,-16.70156288
2026-10-07T10:24:06,,2400000000.0,5000000000.0,0,8,10,0.6009377006322857,0.6009376,6204385279.999994,6,64,37500000.0,15000000.0,20000.0,50000.0,20,RMS,POW,LIN,0.7499839100000001,0.00077587869,0.0005818965336118779,37272000.0,-16.71891785
2026-10-07T10:24:06,,2400000000.0,5000000000.0,0,8,10,0.6009377006322857,0.6009376,6204385279.999994,6,64,37500000.0,15000000.0,20000.0,50000.0,20,RMS,POW,LIN,0.7499839100000001,0.00077587869,0.0005818965336118779,37276000.0,-16.74943161
2026-10-07T10:24:06,,2400000000.0,5000000000.0,0,8,10,0.6009377006322857,0.6009376,6204385279.999994,6,64,37500000.0,15000000.0,20000.0,50000.0,20,RMS,POW,LIN,0.7499839100000001,0.00077587869,0.0005818965336118779,37280000.0,-16.63685226
2026-10-07T10:24:06,,2400000000.0,5000000000.0,0,8,10,0.6009377006322857,0.6009376,6204385279.999994,6,64,37500000.0,15000000.0,20000.0,50000.0,20,RMS,POW,LIN,0.7499839100000001,0.00077587869,0.0005818965336118779,37284000.0,-16.36181641
2026-10-07T10:24:06,,2400000000.0,5000000000.0,0,8,10,0.6009377006322857,0.6009376,6204385279.999994,6,64,37500000.0,15000000.0,20000.0,50000.0,20,RMS,POW,LIN,0.7499839100000001,0.00077587869,0.0005818965336118779,37288000.0,-16.02381325
2026-10-07T10:24:06,,2400000000.0,5000000000.0,0,8,10,0.6009377006322857,0.6009376,6204385279.999994,6,64,37500000.0,15000000.0,20000.0,50000.0,20,RMS,POW,LIN,0.7499839100000001,0.00077587869,0.0005818965336118779,37292000.0,-15.73456764
2026-10-07T10:24:06,,2400000000.0,5000000000.0,0,8,10,0.6009377006322857,0.6009376,6204385279.999994,6,64,37500000.0,15000000.0,20000.0,50000.0,20,RMS,POW,LIN,0.7499839100000001,0.00077587869,0.0005818965336118779,37296000.0,-15.56022263
2026-10-07T10:24:06,,2400000000.0,5000000000.0,0,8,10,0.6009377006322857,0.6009376,6204385279.999994,6,64,37500000.0,15000000.0,20000.0,50000.0,20,RMS,POW,LIN,0.7499839100000001,0.00077587869,0.0005818965336118779,37300000.0,-15.51150799
2026-10-07T10:24:06,,2400000000.0,5000000000.0,0,8,10,0.6009377006322857,0.6009376,6204385279.999994,6,64,37500000.0,15000000.0,20000.0,50000.0,20,RMS,POW,LIN,0.7499839100000001,0.00077587869,0.0005818965336118779,37304000.0,-15.53659153
2026-10-07T10:24:06,,2400000000.0,5000000000.0,0,8,10,0.6009377006322857,0.6009376,6204385279.999994,6,64,37500000.0,15000000.0,20000.0,50000.0,20,RMS,POW,LIN,0.7499839100000001,0.00077587869,0.0005818965336118779,37308000.0,-15.53520489
2026-10-07T10:24:06,,2400000000.0,5000000000.0,0,8,10,0.6009377006322857,0.6009376,6204385279.999994,6,64,37500000.0,15000000.0,20000.0,50000.0,20,RMS,POW,LIN,0.7499839100000001,0.00077587869,0.0005818965336118779,37312000.0,-15.43644238
2026-10-07T10:24:06,,2400000000.0,5000000000.0,0,8,10,0.6009377006322857,0.6009376,6204385279.999994,6,64,37500000.0,15000000.0,20000.0,50000.0,20,RMS,POW,LIN,0.7499839100000001,0.00077587869,0.0005818965336118779,37316000.0,-15.28177071
2026-10-07T10:24:06,,2400000000.0,5000000000.0,0,8,10,0.6009377006322857,0.6009376,6204385279.999994,6,64,37500000.0,15000000.0,20000.0,50000.0,20,RMS,POW,LIN,0.7499839100000001,0.00077587869,0.0005818965336118779,37320000.0,-15.18809509
2026-10-07T10:24:06,,2400000000.0,5000000000.0,0,8,10,0.6009377006322857,0.6009376,6204385279.999994,6,64,37500000.0,15000000.0,20000.0,50000.0,20,RMS,POW,LIN,0.7499839100000001,0.00077587869,0.0005818965336118779,37324000.0,-15.22695446
2026-10-07T10:24:06,,2400000000.0,5000000000.0,0,8,10,0.6009377006322857,0.6009376,6204385279.999994,6,64,37500000.0,15000000.0,20000.0,50000.0,20,RMS,POW,LIN,0.7499839100000001,0.00077587869,0.0005818965336118779,37328000.0,-15.36155415
2026-10-07T10:24:06,,2400000000.0,5000000000.0,0,8,10,0.6009377006322857,0.6009376,6204385279.999994,6,64,37500000.0,15000000.0,20000.0,50000.0,20,RMS,POW,LIN,0.7499839100000001,0.00077587869,0.0005818965336118779,37332000.0,-15.49031353
2026-10-07T10:24:06,,2400000000.0,5000000000.0,0,8,10,0.6009377006322857,0.6009376,6204385279.999994,6,64,37500000.0,15000000.0,20000.0,50000.0,20,RMS,POW,LIN,0.7499839100000001,0.00077587869,0.0005818965336118779,37336000.0,-15.54011536
2026-10-07T10:24:06,,2400000000.0,5000000000.0,0,8,10,0.6009377006322857,0.6009376,6204385279.999994,6,64,37500000.0,15000000.0,20000.0,50000.0,20,RMS,POW,LIN,0.7499839100000001,0.00077587869,0.0005818965336118779,37340000.0,-15.48868847
2026-10-07T10:24:06,,2400000000.0,5000000000.0,0,8,10,0.6009377006322857,0.6009376,6204385279.999994,6,64,37500000.0,15000000.0,20000.0,50000.0,20,RMS,POW,LIN,0.7499839100000001,0.00077587869,0.0005818965336118779,37344000.0,-15.30299854
2026-10-07T10:24:06,,2400000000.0,5000000000.0,0,8,10,0.6009377006322857,0.6009376,6204385279.999994,6,64,37500000.0,15000000.0,20000.0,50000.0,20,RMS,POW,LIN,0.7499839100000001,0.00077587869,0.0005818965336118779,37348000.0,-14.9490099
2026-10-07T10:24:06,,2400000000.0,5000000000.0,0,8,10,0.6009377006322857,0.6009376,6204385279.999994,6,64,37500000.0,15000000.0,20000.0,50000.0,20,RMS,POW,LIN,0.7499839100000001,0.00077587869,0.0005818965336118779,37352000.0,-14.49494839
2026-10-07T10:24:06,,2400000000.0,5000000000.0,0,8,10,0.6009377006322857,0.6009376,6204385279.999994,6,64,37500000.0,15000000.0,20000.0,50000.0,20,RMS,POW,LIN,0.7499839100000001,0.00077587869,0.0005818965336118779,37356000.0,-14.10901833
2026-10-07T10:24:06,,2400000000.0,5000000000.0,0,8,10,0.6009377006322857,0.6009376,6204385279.999994,6,64,37500000.0,15000000.0,20000.0,50000.0,20,RMS,POW,LIN,0.7499839100000001,0.00077587869,0.0005818965336118779,37360000.0,-13.92680168
2026-10-07T10:24:06,,2400000000.0,5000000000.0,0,8,10,0.6009377006322857,0.6009376,6204385279.999994,6,64,37500000.0,15000000.0,20000.0,50000.0,20,RMS,POW,LIN,0.7499839100000001,0.00077587869,0.0005818965336118779,37364000.0,-13.96482944
2026-10-07T10:24:06,,2400000000.0,5000000000.0,0,8,10,0.6009377006322857,0.6009376,6204385279.999994,6,64,37500000.0,15000000.0,20000.0,50000.0,20,RMS,POW,LIN,0.7499839100000001,0.00077587869,0.0005818965336118779,37368000.0,-14.13799095
2026-10-07T10:24:06,,2400000000.0,5000000000.0,0,8,10,0.6009377006322857,0.6009376,6204385279.999994,6,64,37500000.0,15000000.0,20000.0,50000.0,20,RMS,POW,LIN,0.7499839100000001,0.00077587869,0.0005818965336118779,37372000.0,-14.32955551
2026-10-07T10:24:06,,2400000000.0,5000000000.0,0,8,10,0.6009377006322857,0.6009376,6204385279.999994,6,64,37500000.0,15000000.0,20000.0,50000.0,20,RMS,POW,LIN,0.7499839100000001,0.00077587869,0.0005818965336118779,37376000.0,-14.44368553
2026-10-07T10:24:06,,2400000000.0,5000000000.0,0,8,10,0.6009377006322857,0.6009376,6204385279.999994,6,64,37500000.0,15000000.0,20000.0,50000.0,20,RMS,POW,LIN,0.7499839100000001,0.00077587869,0.0005818965336118779,37380000.0,-14.41268539
2026-10-07T10:24:06,,2400000000.0,5000000000.0,0,8,10,0.6009377006322857,0.6009376,6204385279.999994,6,64,37500000.0,15000000.0,20000.0,50000.0,20,RMS,POW,LIN,0.7499839100000001,0.00077587869,0.0005818965336118779,37384000.0,-14.22212982
2026-10-07T10:24:06,,2400000000.0,5000000000.0,0,8,10,0.6009377006322857,0.6009376,6204385279.999994,6,64,37500000.0,15000000.0,20000.0,50000.0,20,RMS,POW,LIN,0.7499839100000001,0.00077587869,0.0005818965336118779,37388000.0,-13.96290016
2026-10-07T10:24:06,,2400000000.0,5000000000.0,0,8,10,0.6009377006322857,0.6009376,6204385279.999994,6,64,37500000.0,15000000.0,20000.0,50000.0,20,RMS,POW,LIN,0.7499839100000001,0.00077587869,0.0005818965336118779,37392000.0,-13.79709148
2026-10-07T10:24:06,,2400000000.0,5000000000.0,0,8,10,0.6009377006322857,0.6009376,6204385279.999994,6,64,37500000.0,15000000.0,20000.0,50000.0,20,RMS,POW,LIN,0.7499839100000001,0.00077587869,0.0005818965336118779,37396000.0,-13.83613682
2026-10-07T10:24:06,,2400000000.0,5000000000.0,0,8,10,0.6009377006322857,0.6009376,6204385279.999994,6,64,37500000.0,15000000.0,20000.0,50000.0,20,RMS,POW,LIN,0.7499839100000001,0.00077587869,0.0005818965336118779,37400000.0,-14.04694271
2026-10-07T10:24:06,,2400000000.0,5000000000.0,0,8,10,0.6009377006322857,0.6009376,6204385279.999994,6,64,37500000.0,15000000.0,20000.0,50000.0,20,RMS,POW,LIN,0.7499839100000001,0.00077587869,0.0005818965336118779,37404000.0,-14.25176907
2026-10-07T10:24:06,,2400000000.0,5000000000.0,0,8,10,0.6009377006322857,0.6009376,6204385279.999994,6,64,37500000.0,15000000.0,20000.0,50000.0,20,RMS,POW,LIN,0.7499839100000001,0.00077587869,0.0005818965336118779,37408000.0,-14.26311684
2026-10-07T10:24:06,,2400000000.0,5000000000.0,0,8,10,0.6009377006322857,0.6009376,6204385279.999994,6,64,37500000.0,15000000.0,20000.0,50000.0,20,RMS,POW,LIN,0.7499839100000001,0.00077587869,0.0005818965336118779,37412000.0,-14.06972218
2026-10-07T10:24:06,,2400000000.0,5000000000.0,0,8,10,0.6009377006322857,0.6009376,6204385279.999994,6,64,37500000.0,15000000.0,20000.0,50000.0,20,RMS,POW,LIN,0.7499839100000001,0.00077587869,0.0005818965336118779,37416000.0,-13.82203674
2026-10-07T10:24:06,,2400000000.0,5000000000.0,0,8,10,0.6009377006322857,0.6009376,6204385279.999994,6,64,37500000.0,15000000.0,20000.0,50000.0,20,RMS,POW,LIN,0.7499839100000001,0.00077587869,0.0005818965336118779,37420000.0,-13.65453243
2026-10-07T10:24:06,,2400000000.0,5000000000.0,0,8,10,0.6009377006322857,0.6009376,6204385279.999994,6,64,37500000.0,15000000.0,20000.0,50000.0,20,RMS,POW,LIN,0.7499839100000001,0.00077587869,0.0005818965336118779,37424000.0,-13.6011343
2026-10-07T10:24:06,,2400000000.0,5000000000.0,0,8,10,0.6009377006322857,0.6009376,6204385279.999994,6,64,37500000.0,15000000.0,20000.0,50000.0,20,RMS,POW,LIN,0.7499839100000001,0.00077587869,0.0005818965336118779,37428000.0,-13.634902
2026-10-07T10:24:06,,2400000000.0,5000000000.0,0,8,10,0.6009377006322857,0.6009376,6204385279.999994,6,64,37500000.0,15000000.0,20000.0,50000.0,20,RMS,POW,LIN,0.7499839100000001,0.00077587869,0.0005818965336118779,37432000.0,-13.73261929
2026-10-07T10:24:06,,2400000000.0,5000000000.0,0,8,10,0.6009377006322857,0.6009376,6204385279.999994,6,64,37500000.0,15000000.0,20000.0,50000.0,20,RMS,POW,LIN,0.7499839100000001,0.00077587869,0.0005818965336118779,37436000.0,-13.8938818
2026-10-07T10:24:06,,2400000000.0,5000000000.0,0,8,10,0.6009377006322857,0.6009376,6204385279.999994,6,64,37500000.0,15000000.0,20000.0,50000.0,20,RMS,POW,LIN,0.7499839100000001,0.00077587869,0.0005818965336118779,37440000.0,-14.11027336
2026-10-07T10:24:06,,2400000000.0,5000000000.0,0,8,10,0.6009377006322857,0.6009376,6204385279.999994,6,64,37500000.0,15000000.0,20000.0,50000.0,20,RMS,POW,LIN,0.7499839100000001,0.00077587869,0.0005818965336118779,37444000.0,-14.33150959
2026-10-07T10:24:06,,2400000000.0,5000000000.0,0,8,10,0.6009377006322857,0.6009376,6204385279.999994,6,64,37500000.0,15000000.0,20000.0,50000.0,20,RMS,POW,LIN,0.7499839100000001,0.00077587869,0.0005818965336118779,37448000.0,-14.47027302
2026-10-07T10:24:06,,2400000000.0,5000000000.0,0,8,10,0.6009377006322857,0.6009376,6204385279.999994,6,64,37500000.0,15000000.0,20000.0,50000.0,20,RMS,POW,LIN,0.7499839100000001,0.00077587869,0.0005818965336118779,37452000.0,-14.45065594
2026-10-07T10:24:06,,2400000000.0,5000000000.0,0,8,10,0.6009377006322857,0.6009376,6204385279.999994,6,64,37500000.0,15000000.0,20000.0,50000.0,20,RMS,POW,LIN,0.7499839100000001,0.00077587869,0.0005818965336118779,37456000.0,-14.26443005
2026-10-07T10:24:06,,2400000000.0,5000000000.0,0,8,10,0.6009377006322857,0.6009376,6204385279.999994,6,64,37500000.0,15000000.0,20000.0,50000.0,20,RMS,POW,LIN,0.7499839100000001,0.00077587869,0.0005818965336118779,37460000.0,-13.98040295
2026-10-07T10:24:06,,2400000000.0,5000000000.0,0,8,10,0.6009377006322857,0.6009376,6204385279.999994,6,64,37500000.0,15000000.0,20000.0,50000.0,20,RMS,POW,LIN,0.7499839100000001,0.00077587869,0.0005818965336118779,37464000.0,-13.6941328
2026-10-07T10:24:06,,2400000000.0,5000000000.0,0,8,10,0.6009377006322857,0.6009376,6204385279.999994,6,64,37500000.0,15000000.0,20000.0,50000.0,20,RMS,POW,LIN,0.7499839100000001,0.00077587869,0.0005818965336118779,37468000.0,-13.46606159
2026-10-07T10:24:06,,2400000000.0,5000000000.0,0,8,10,0.6009377006322857,0.6009376,6204385279.999994,6,64,37500000.0,15000000.0,20000.0,50000.0,20,RMS,POW,LIN,0.7499839100000001,0.00077587869,0.0005818965336118779,37472000.0,-13.2976408
2026-10-07T10:24:06,,2400000000.0,5000000000.0,0,8,10,0.6009377006322857,0.6009376,6204385279.999994,6,64,37500000.0,15000000.0,20000.0,50000.0,20,RMS,POW,LIN,0.7499839100000001,0.00077587869,0.0005818965336118779,37476000.0,-13.15698242
2026-10-07T10:24:06,,2400000000.0,5000000000.0,0,8,10,0.6009377006322857,0.6009376,6204385279.999994,6,64,37500000.0,15000000.0,20000.0,50000.0,20,RMS,POW,LIN,0.7499839100000001,0.00077587869,0.0005818965336118779,37480000.0,-13.02688885
2026-10-07T10:24:06,,2400000000.0,5000000000.0,0,8,10,0.6009377006322857,0.6009376,6204385279.999994,6,64,37500000.0,15000000.0,20000.0,50000.0,20,RMS,POW,LIN,0.7499839100000001,0.00077587869,0.0005818965336118779,37484000.0,-12.92795563
2026-10-07T10:24:06,,2400000000.0,5000000000.0,0,8,10,0.6009377006322857,0.6009376,6204385279.999994,6,64,37500000.0,15000000.0,20000.0,50000.0,20,RMS,POW,LIN,0.7499839100000001,0.00077587869,0.0005818965336118779,37488000.0,-12.90221119
2026-10-07T10:24:06,,2400000000.0,5000000000.0,0,8,10,0.6009377006322857,0.6009376,6204385279.999994,6,64,37500000.0,15000000.0,20000.0,50000.0,20,RMS,POW,LIN,0.7499839100000001,0.00077587869,0.0005818965336118779,37492000.0,-12.99057388
2026-10-07T10:24:06,,2400000000.0,5000000000.0,0,8,10,0.6009377006322857,0.6009376,6204385279.999994,6,64,37500000.0,15000000.0,20000.0,50000.0,20,RMS,POW,LIN,0.7499839100000001,0.00077587869,0.0005818965336118779,37496000.0,-13.22266293
2026-10-07T10:24:06,,2400000000.0,5000000000.0,0,8,10,0.6009377006322857,0.6009376,6204385279.999994,6,64,37500000.0,15000000.0,20000.0,50000.0,20,RMS,POW,LIN,0.7499839100000001,0.00077587869,0.0005818965336118779,37500000.0,-13.59713459
2026-10-07T10:24:06,,2400000000.0,5000000000.0,0,8,10,0.6009377006322857,0.6009376,6204385279.999994,6,64,37500000.0,15000000.0,20000.0,50000.0,20,RMS,POW,LIN,0.7499839100000001,0.00077587869,0.0005818965336118779,37504000.0,-14.04107666
2026-10-07T10:24:06,,2400000000.0,5000000000.0,0,8,10,0.6009377006322857,0.6009376,6204385279.999994,6,64,37500000.0,15000000.0,20000.0,50000.0,20,RMS,POW,LIN,0.7499839100000001,0.00077587869,0.0005818965336118779,37508000.0,-14.40078259
2026-10-07T10:24:06,,2400000000.0,5000000000.0,0,8,10,0.6009377006322857,0.6009376,6204385279.999994,6,64,37500000.0,15000000.0,20000.0,50000.0,20,RMS,POW,LIN,0.7499839100000001,0.00077587869,0.0005818965336118779,37512000.0,-14.55067444
2026-10-07T10:24:06,,2400000000.0,5000000000.0,0,8,10,0.6009377006322857,0.6009376,6204385279.999994,6,64,37500000.0,15000000.0,20000.0,50000.0,20,RMS,POW,LIN,0.7499839100000001,0.00077587869,0.0005818965336118779,37516000.0,-14.54542065
2026-10-07T10:24:06,,2400000000.0,5000000000.0,0,8,10,0.6009377006322857,0.6009376,6204385279.999994,6,64,37500000.0,15000000.0,20000.0,50000.0,20,RMS,POW,LIN,0.7499839100000001,0.00077587869,0.0005818965336118779,37520000.0,-14.5758152
2026-10-07T10:24:06,,2400000000.0,5000000000.0,0,8,10,0.6009377006322857,0.6009376,6204385279.999994,6,64,37500000.0,15000000.0,20000.0,50000.0,20,RMS,POW,LIN,0.7499839100000001,0.00077587869,0.0005818965336118779,37524000.0,-14.77359295
2026-10-07T10:24:06,,2400000000.0,5000000000.0,0,8,10,0.6009377006322857,0.6009376,6204385279.999994,6,64,37500000.0,15000000.0,20000.0,50000.0,20,RMS,POW,LIN,0.7499839100000001,0.00077587869,0.0005818965336118779,37528000.0,-15.08983326
2026-10-07T10:24:06,,2400000000.0,5000000000.0,0,8,10,0.6009377006322857,0.6009376,6204385279.999994,6,64,37500000.0,15000000.0,20000.0,50000.0,20,RMS,POW,LIN,0.7499839100000001,0.00077587869,0.0005818965336118779,37532000.0,-15.3097353
2026-10-07T10:24:06,,2400000000.0,5000000000.0,0,8,10,0.6009377006322857,0.6009376,6204385279.999994,6,64,37500000.0,15000000.0,20000.0,50000.0,20,RMS,POW,LIN,0.7499839100000001,0.00077587869,0.0005818965336118779,37536000.0,-15.23270035
2026-10-07T10:24:06,,2400000000.0,5000000000.0,0,8,10,0.6009377006322857,0.6009376,6204385279.999994,6,64,37500000.0,15000000.0,20000.0,50000.0,20,RMS,POW,LIN,0.7499839100000001,0.00077587869,0.0005818965336118779,37540000.0,-14.89630795
2026-10-07T10:24:06,,2400000000.0,5000000000.0,0,8,10,0.6009377006322857,0.6009376,6204385279.999994,6,64,37500000.0,15000000.0,20000.0,50000.0,20,RMS,POW,LIN,0.7499839100000001,0.00077587869,0.0005818965336118779,37544000.0,-14.52780342
2026-10-07T10:24:06,,2400000000.0,5000000000.0,0,8,10,0.6009377006322857,0.6009376,6204385279.999994,6,64,37500000.0,15000000.0,20000.0,50000.0,20,RMS,POW,LIN,0.7499839100000001,0.00077587869,0.0005818965336118779,37548000.0,-14.32173538
2026-10-07T10:24:06,,2400000000.0,5000000000.0,0,8,10,0.6009377006322857,0.6009376,6204385279.999994,6,64,37500000.0,15000000.0,20000.0,50000.0,20,RMS,POW,LIN,0.7499839100000001,0.00077587869,0.0005818965336118779,37552000.0,-14.34432888
2026-10-07T10:24:06,,2400000000.0,5000000000.0,0,8,10,0.6009377006322857,0.6009376,6204385279.999994,6,64,37500000.0,15000000.0,20000.0,50000.0,20,RMS,POW,LIN,0.7499839100000001,0.00077587869,0.0005818965336118779,37556000.0,-14.55630875
2026-10-07T10:24:06,,2400000000.0,5000000000.0,0,8,10,0.6009377006322857,0.6009376,6204385279.999994,6,64,37500000.0,15000000.0,20000.0,50000.0,20,RMS,POW,LIN,0.7499839100000001,0.00077587869,0.0005818965336118779,37560000.0,-14.86199188
2026-10-07T10:24:06,,2400000000.0,5000000000.0,0,8,10,0.6009377006322857,0.6009376,6204385279.999994,6,64,37500000.0,15000000.0,20000.0,50000.0,20,RMS,POW,LIN,0.7499839100000001,0.00077587869,0.0005818965336118779,37564000.0,-15.15998077
2026-10-07T10:24:06,,2400000000.0,5000000000.0,0,8,10,0.6009377006322857,0.6009376,6204385279.999994,6,64,37500000.0,15000000.0,20000.0,50000.0,20,RMS,POW,LIN,0.7499839100000001,0.00077587869,0.0005818965336118779,37568000.0,-15.39082432
2026-10-07T10:24:06,,2400000000.0,5000000000.0,0,8,10,0.6009377006322857,0.6009376,6204385279.999994,6,64,37500000.0,15000000.0,20000.0,50000.0,20,RMS,POW,LIN,0.7499839100000001,0.00077587869,0.0005818965336118779,37572000.0,-15.55962181
2026-10-07T10:24:06,,2400000000.0,5000000000.0,0,8,10,0.6009377006322857,0.6009376,6204385279.999994,6,64,37500000.0,15000000.0,20000.0,50000.0,20,RMS,POW,LIN,0.7499839100000001,0.00077587869,0.0005818965336118779,37576000.0,-15.71326542
2026-10-07T10:24:06,,2400000000.0,5000000000.0,0,8,10,0.6009377006322857,0.6009376,6204385279.999994,6,64,37500000.0,15000000.0,20000.0,50000.0,20,RMS,POW,LIN,0.7499839100000001,0.00077587869,0.0005818965336118779,37580000.0,-15.88975334
2026-10-07T10:24:06,,2400000000.0,5000000000.0,0,8,10,0.6009377006322857,0.6009376,6204385279.999994,6,64,37500000.0,15000000.0,20000.0,50000.0,20,RMS,POW,LIN,0.7499839100000001,0.00077587869,0.0005818965336118779,37584000.0,-16.08051109
2026-10-07T10:24:06,,2400000000.0,5000000000.0,0,8,10,0.6009377006322857,0.6009376,6204385279.999994,6,64,37500000.0,15000000.0,20000.0,50000.0,20,RMS,POW,LIN,0.7499839100000001,0.00077587869,0.0005818965336118779,37588000.0,-16.23250771
2026-10-07T10:24:06,,2400000000.0,5000000000.0,0,8,10,0.6009377006322857,0.6009376,6204385279.999994,6,64,37500000.0,15000000.0,20000.0,50000.0,20,RMS,POW,LIN,0.7499839100000001,0.00077587869,0.0005818965336118779,37592000.0,-16.29509354
2026-10-07T10:24:06,,2400000000.0,5000000000.0,0,8,10,0.6009377006322857,0.6009376,6204385279.999994,6,64,37500000.0,15000000.0,20000.0,50000.0,20,RMS,POW,LIN,0.7499839100000001,0.00077587869,0.0005818965336118779,37596000.0,-16.28237915
2026-10-07T10:24:06,,2400000000.0,5000000000.0,0,8,10,0.6009377006322857,0.6009376,6204385279.999994,6,64,37500000.0,15000000.0,20000.0,50000.0,20,RMS,POW,LIN,0.7499839100000001,0.00077587869,0.0005818965336118779,37600000.0,-16.28693199
2026-10-07T10:24:06,,2400000000.0,5000000000.0,0,8,10,0.6009377006322857,0.6009376,6204385279.999994,6,64,37500000.0,15000000.0,20000.0,50000.0,20,RMS,POW,LIN,0.7499839100000001,0.00077587869,0.0005818965336118779,37604000.0,-16.42046356
2026-10-07T10:24:06,,2400000000.0,5000000000.0,0,8,10,0.6009377006322857,0.6009376,6204385279.999994,6,64,37500000.0,15000000.0,20000.0,50000.0,20,RMS,POW,LIN,0.7499839100000001,0.00077587869,0.0005818965336118779,37608000.0,-16.73555565
2026-10-07T10:24:06,,2400000000.0,5000000000.0,0,8,10,0.6009377006322857,0.6009376,6204385279.999994,6,64,37500000.0,15000000.0,20000.0,50000.0,20,RMS,POW,LIN,0.7499839100000001,0.00077587869,0.0005818965336118779,37612000.0,-17.18279839
2026-10-07T10:24:06,,2400000000.0,5000000000.0,0,8,10,0.6009377006322857,0.6009376,6204385279.999994,6,64,37500000.0,15000000.0,20000.0,50000.0,20,RMS,POW,LIN,0.7499839100000001,0.00077587869,0.0005818965336118779,37616000.0,-17.62325478
2026-10-07T10:24:06,,2400000000.0,5000000000.0,0,8,10,0.6009377006322857,0.6009376,6204385279.999994,6,64,37500000.0,15000000.0,20000.0,50000.0,20,RMS,POW,LIN,0.7499839100000001,0.00077587869,0.0005818965336118779,37620000.0,-17.9008255
2026-10-07T10:24:06,,2400000000.0,5000000000.0,0,8,10,0.6009377006322857,0.6009376,6204385279.999994,6,64,37500000.0,15000000.0,20000.0,50000.0,20,RMS,POW,LIN,0.7499839100000001,0.00077587869,0.0005818965336118779,37624000.0,-17.93701935
2026-10-07T10:24:06,,2400000000.0,5000000000.0,0,8,10,0.6009377006322857,0.6009376,6204385279.999994,6,64,37500000.0,15000000.0,20000.0,50000.0,20,RMS,POW,LIN,0.7499839100000001,0.00077587869,0.0005818965336118779,37628000.0,-17.77111816
2026-10-07T10:24:06,,2400000000.0,5000000000.0,0,8,10,0.6009377006322857,0.6009376,6204385279.999994,6,64,37500000.0,15000000.0,20000.0,50000.0,20,RMS,POW,LIN,0.7499839100000001,0.00077587869,0.0005818965336118779,37632000.0,-17.52210617
2026-10-07T10:24:06,,2400000000.0,5000000000.0,0,8,10,0.6009377006322857,0.6009376,6204385279.999994,6,64,37500000.0,15000000.0,20000.0,50000.0,20,RMS,POW,LIN,0.7499839100000001,0.00077587869,0.0005818965336118779,37636000.0,-17.31185341
2026-10-07T10:24:06,,2400000000.0,5000000000.0,0,8,10,0.6009377006322857,0.6009376,6204385279.999994,6,64,37500000.0,15000000.0,20000.0,50000.0,20,RMS,POW,LIN,0.7499839100000001,0.00077587869,0.0005818965336118779,37640000.0,-17.19542313
2026-10-07T10:24:06,,2400000000.0,5000000000.0,0,8,10,0.6009377006322857,0.6009376,6204385279.999994,6,64,37500000.0,15000000.0,20000.0,50000.0,20,RMS,POW,LIN,0.7499839100000001,0.00077587869,0.0005818965336118779,37644000.0,-17.1349659
2026-10-07T10:24:06,,2400000000.0,5000000000.0,0,8,10,0.6009377006322857,0.6009376,6204385279.999994,6,64,37500000.0,15000000.0,20000.0,50000.0,20,RMS,POW,LIN,0.7499839100000001,0.00077587869,0.0005818965336118779,37648000.0,-17.0376339
2026-10-07T10:24:06,,2400000000.0,5000000000.0,0,8,10,0.6009377006322857,0.6009376,6204385279.999994,6,64,37500000.0,15000000.0,20000.0,50000.0,20,RMS,POW,LIN,0.7499839100000001,0.00077587869,0.0005818965336118779,37652000.0,-16.84226608
2026-10-07T10:24:06,,2400000000.0,5000000000.0,0,8,10,0.6009377006322857,0.6009376,6204385279.999994,6,64,37500000.0,15000000.0,20000.0,50000.0,20,RMS,POW,LIN,0.7499839100000001,0.00077587869,0.0005818965336118779,37656000.0,-16.5810051
2026-10-07T10:24:06,,2400000000.0,5000000000.0,0,8,10,0.6009377006322857,0.6009376,6204385279.999994,6,64,37500000.0,15000000.0,20000.0,50000.0,20,RMS,POW,LIN,0.7499839100000001,0.00077587869,0.0005818965336118779,37660000.0,-16.35616684
2026-10-07T10:24:06,,2400000000.0,5000000000.0,0,8,10,0.6009377006322857,0.6009376,6204385279.999994,6,64,37500000.0,15000000.0,20000.0,50000.0,20,RMS,POW,LIN,0.7499839100000001,0.00077587869,0.0005818965336118779,37664000.0,-16.2722683
2026-10-07T10:24:06,,2400000000.0,5000000000.0,0,8,10,0.6009377006322857,0.6009376,6204385279.999994,6,64,37500000.0,15000000.0,20000.0,50000.0,20,RMS,POW,LIN,0.7499839100000001,0.00077587869,0.0005818965336118779,37668000.0,-16.38352203
2026-10-07T10:24:06,,2400000000.0,5000000000.0,0,8,10,0.6009377006322857,0.6009376,6204385279.999994,6,64,37500000.0,15000000.0,20000.0,50000.0,20,RMS,POW,LIN,0.7499839100000001,0.00077587869,0.0005818965336118779,37672000.0,-16.66425896
2026-10-07T10:24:06,,2400000000.0,5000000000.0,0,8,10,0.6009377006322857,0.6009376,6204385279.999994,6,64,37500000.0,15000000.0,20000.0,50000.0,20,RMS,POW,LIN,0.7499839100000001,0.00077587869,0.0005818965336118779,37676000.0,-17.00212479
2026-10-07T10:24:06,,2400000000.0,5000000000.0,0,8,10,0.6009377006322857,0.6009376,6204385279.999994,6,64,37500000.0,15000000.0,20000.0,50000.0,20,RMS,POW,LIN,0.7499839100000001,0.00077587869,0.0005818965336118779,37680000.0,-17.24754143
2026-10-07T10:24:06,,2400000000.0,5000000000.0,0,8,10,0.6009377006322857,0.6009376,6204385279.999994,6,64,37500000.0,15000000.0,20000.0,50000.0,20,RMS,POW,LIN,0.7499839100000001,0.00077587869,0.0005818965336118779,37684000.0,-17.330019
2026-10-07T10:24:06,,2400000000.0,5000000000.0,0,8,10,0.6009377006322857,0.6009376,6204385279.999994,6,64,37500000.0,15000000.0,20000.0,50000.0,20,RMS,POW,LIN,0.7499839100000001,0.00077587869,0.0005818965336118779,37688000.0,-17.32527542
2026-10-07T10:24:06,,2400000000.0,5000000000.0,0,8,10,0.6009377006322857,0.6009376,6204385279.999994,6,64,37500000.0,15000000.0,20000.0,50000.0,20,RMS,POW,LIN,0.7499839100000001,0.00077587869,0.0005818965336118779,37692000.0,-17.37465286
2026-10-07T10:24:06,,2400000000.0,5000000000.0,0,8,10,0.6009377006322857,0.6009376,6204385279.999994,6,64,37500000.0,15000000.0,20000.0,50000.0,20,RMS,POW,LIN,0.7499839100000001,0.00077587869,0.0005818965336118779,37696000.0,-17.5659523
2026-10-07T10:24:06,,2400000000.0,5000000000.0,0,8,10,0.6009377006322857,0.6009376,6204385279.999994,6,64,37500000.0,15000000.0,20000.0,50000.0,20,RMS,POW,LIN,0.7499839100000001,0.00077587869,0.0005818965336118779,37700000.0,-17.88724327
2026-10-07T10:24:06,,2400000000.0,5000000000.0,0,8,10,0.6009377006322857,0.6009376,6204385279.999994,6,64,37500000.0,15000000.0,20000.0,50000.0,20,RMS,POW,LIN,0.7499839100000001,0.00077587869,0.0005818965336118779,37704000.0,-18.24608612
2026-10-07T10:24:06,,2400000000.0,5000000000.0,0,8,10,0.6009377006322857,0.6009376,6204385279.999994,6,64,37500000.0,15000000.0,20000.0,50000.0,20,RMS,POW,LIN,0.7499839100000001,0.00077587869,0.0005818965336118779,37708000.0,-18.52688217
2026-10-07T10:24:06,,2400000000.0,5000000000.0,0,8,10,0.6009377006322857,0.6009376,6204385279.999994,6,64,37500000.0,15000000.0,20000.0,50000.0,20,RMS,POW,LIN,0.7499839100000001,0.00077587869,0.0005818965336118779,37712000.0,-18.66126823
2026-10-07T10:24:06,,2400000000.0,5000000000.0,0,8,10,0.6009377006322857,0.6009376,6204385279.999994,6,64,37500000.0,15000000.0,20000.0,50000.0,20,RMS,POW,LIN,0.7499839100000001,0.00077587869,0.0005818965336118779,37716000.0,-18.66985893
2026-10-07T10:24:06,,2400000000.0,5000000000.0,0,8,10,0.6009377006322857,0.6009376,6204385279.999994,6,64,37500000.0,15000000.0,20000.0,50000.0,20,RMS,POW,LIN,0.7499839100000001,0.00077587869,0.0005818965336118779,37720000.0,-18.64672852
2026-10-07T10:24:06,,2400000000.0,5000000000.0,0,8,10,0.6009377006322857,0.6009376,6204385279.999994,6,64,37500000.0,15000000.0,20000.0,50000.0,20,RMS,POW,LIN,0.7499839100000001,0.00077587869,0.0005818965336118779,37724000.0,-18.70483589
2026-10-07T10:24:06,,2400000000.0,5000000000.0,0,8,10,0.6009377006322857,0.6009376,6204385279.999994,6,64,37500000.0,15000000.0,20000.0,50000.0,20,RMS,POW,LIN,0.7499839100000001,0.00077587869,0.0005818965336118779,37728000.0,-18.92224503
2026-10-07T10:24:06,,2400000000.0,5000000000.0,0,8,10,0.6009377006322857,0.6009376,6204385279.999994,6,64,37500000.0,15000000.0,20000.0,50000.0,20,RMS,POW,LIN,0.7499839100000001,0.00077587869,0.0005818965336118779,37732000.0,-19.31119728
2026-10-07T10:24:06,,2400000000.0,5000000000.0,0,8,10,0.6009377006322857,0.6009376,6204385279.999994,6,64,37500000.0,15000000.0,20000.0,50000.0,20,RMS,POW,LIN,0.7499839100000001,0.00077587869,0.0005818965336118779,37736000.0,-19.80995178
2026-10-07T10:24:06,,2400000000.0,5000000000.0,0,8,10,0.6009377006322857,0.6009376,6204385279.999994,6,64,37500000.0,15000000.0,20000.0,50000.0,20,RMS,POW,LIN,0.7499839100000001,0.00077587869,0.0005818965336118779,37740000.0,-20.29523277
2026-10-07T10:24:06,,2400000000.0,5000000000.0,0,8,10,0.6009377006322857,0.6009376,6204385279.999994,6,64,37500000.0,15000000.0,20000.0,50000.0,20,RMS,POW,LIN,0.7499839100000001,0.00077587869,0.0005818965336118779,37744000.0,-20.63046455
2026-10-07T10:24:06,,2400000000.0,5000000000.0,0,8,10,0.6009377006322857,0.6009376,6204385279.999994,6,64,37500000.0,15000000.0,20000.0,50000.0,20,RMS,POW,LIN,0.7499839100000001,0.00077587869,0.0005818965336118779,37748000.0,-20.76216316
2026-10-07T10:24:06,,2400000000.0,5000000000.0,0,8,10,0.6009377006322857,0.6009376,6204385279.999994,6,64,37500000.0,15000000.0,20000.0,50000.0,20,RMS,POW,LIN,0.7499839100000001,0.00077587869,0.0005818965336118779,37752000.0,-20.79376793
2026-10-07T10:24:06,,2400000000.0,5000000000.0,0,8,10,0.6009377006322857,0.6009376,6204385279.999994,6,64,37500000.0,15000000.0,20000.0,50000.0,20,RMS,POW,LIN,0.7499839100000001,0.00077587869,0.0005818965336118779,37756000.0,-20.92785835
2026-10-07T10:24:06,,2400000000.0,5000000000.0,0,8,10,0.6009377006322857,0.6009376,6204385279.999994,6,64,37500000.0,15000000.0,20000.0,50000.0,20,RMS,POW,LIN,0.7499839100000001,0.00077587869,0.0005818965336118779,37760000.0,-21.31414032
2026-10-07T10:24:06,,2400000000.0,5000000000.0,0,8,10,0.6009377006322857,0.6009376,6204385279.999994,6,64,37500000.0,15000000.0,20000.0,50000.0,20,RMS,POW,LIN,0.7499839100000001,0.00077587869,0.0005818965336118779,37764000.0,-21.90364075
2026-10-07T10:24:06,,2400000000.0,5000000000.0,0,8,10,0.6009377006322857,0.6009376,6204385279.999994,6,64,37500000.0,15000000.0,20000.0,50000.0,20,RMS,POW,LIN,0.7499839100000001,0.00077587869,0.0005818965336118779,37768000.0,-22.37485695
2026-10-07T10:24:06,,2400000000.0,5000000000.0,0,8,10,0.6009377006322857,0.6009376,6204385279.999994,6,64,37500000.0,15000000.0,20000.0,50000.0,20,RMS,POW,LIN,0.7499839100000001,0.00077587869,0.0005818965336118779,37772000.0,-22.37611389
2026-10-07T10:24:06,,2400000000.0,5000000000.0,0,8,10,0.6009377006322857,0.6009376,6204385279.999994,6,64,37500000.0,15000000.0,20000.0,50000.0,20,RMS,POW,LIN,0.7499839100000001,0.00077587869,0.0005818965336118779,37776000.0,-22.03394127
2026-10-07T10:24:06,,2400000000.0,5000000000.0,0,8,10,0.6009377006322857,0.6009376,6204385279.999994,6,64,37500000.0,15000000.0,20000.0,50000.0,20,RMS,POW,LIN,0.7499839100000001,0.00077587869,0.0005818965336118779,37780000.0,-21.83599663
2026-10-07T10:24:06,,2400000000.0,5000000000.0,0,8,10,0.6009377006322857,0.6009376,6204385279.999994,6,64,37500000.0,15000000.0,20000.0,50000.0,20,RMS,POW,LIN,0.7499839100000001,0.00077587869,0.0005818965336118779,37784000.0,-22.12675095
2026-10-07T10:24:06,,2400000000.0,5000000000.0,0,8,10,0.6009377006322857,0.6009376,6204385279.999994,6,64,37500000.0,15000000.0,20000.0,50000.0,20,RMS,POW,LIN,0.7499839100000001,0.00077587869,0.0005818965336118779,37788000.0,-22.93320274
2026-10-07T10:24:06,,2400000000.0,5000000000.0,0,8,10,0.6009377006322857,0.6009376,6204385279.999994,6,64,37500000.0,15000000.0,20000.0,50000.0,20,RMS,POW,LIN,0.7499839100000001,0.00077587869,0.0005818965336118779,37792000.0,-23.88889503
2026-10-07T10:24:06,,2400000000.0,5000000000.0,0,8,10,0.6009377006322857,0.6009376,6204385279.999994,6,64,37500000.0,15000000.0,20000.0,50000.0,20,RMS,POW,LIN,0.7499839100000001,0.00077587869,0.0005818965336118779,37796000.0,-24.30122757
2026-10-07T10:24:06,,2400000000.0,5000000000.0,0,8,10,0.6009377006322857,0.6009376,6204385279.999994,6,64,37500000.0,15000000.0,20000.0,50000.0,20,RMS,POW,LIN,0.7499839100000001,0.00077587869,0.0005818965336118779,37800000.0,-23.94126701
2026-10-07T10:24:06,,2400000000.0,5000000000.0,0,8,10,0.6009377006322857,0.6009376,6204385279.999994,6,64,37500000.0,15000000.0,20000.0,50000.0,20,RMS,POW,LIN,0.7499839100000001,0.00077587869,0.0005818965336118779,37804000.0,-23.38730049
2026-10-07T10:24:06,,2400000000.0,5000000000.0,0,8,10,0.6009377006322857,0.6009376,6204385279.999994,6,64,37500000.0,15000000.0,20000.0,50000.0,20,RMS,POW,LIN,0.7499839100000001,0.00077587869,0.0005818965336118779,37808000.0,-23.16372681
2026-10-07T10:24:06,,2400000000.0,5000000000.0,0,8,10,0.6009377006322857,0.6009376,6204385279.999994,6,64,37500000.0,15000000.0,20000.0,50000.0,20,RMS,POW,LIN,0.7499839100000001,0.00077587869,0.0005818965336118779,37812000.0,-23.40444756
2026-10-07T10:24:06,,2400000000.0,5000000000.0,0,8,10,0.6009377006322857,0.6009376,6204385279.999994,6,64,37500000.0,15000000.0,20000.0,50000.0,20,RMS,POW,LIN,0.7499839100000001,0.00077587869,0.0005818965336118779,37816000.0,-23.97016144
2026-10-07T10:24:06,,2400000000.0,5000000000.0,0,8,10,0.6009377006322857,0.6009376,6204385279.999994,6,64,37500000.0,15000000.0,20000.0,50000.0,20,RMS,POW,LIN,0.7499839100000001,0.00077587869,0.0005818965336118779,37820000.0,-24.5376091
2026-10-07T10:24:06,,2400000000.0,5000000000.0,0,8,10,0.6009377006322857,0.6009376,6204385279.999994,6,64,37500000.0,15000000.0,20000.0,50000.0,20,RMS,POW,LIN,0.7499839100000001,0.00077587869,0.0005818965336118779,37824000.0,-24.77606583
2026-10-07T10:24:06,,2400000000.0,5000000000.0,0,8,10,0.6009377006322857,0.6009376,6204385279.999994,6,64,37500000.0,15000000.0,20000.0,50000.0,20,RMS,POW,LIN,0.7499839100000001,0.00077587869,0.0005818965336118779,37828000.0,-24.65214539
2026-10-07T10:24:06,,2400000000.0,5000000000.0,0,8,10,0.6009377006322857,0.6009376,6204385279.999994,6,64,37500000.0,15000000.0,20000.0,50000.0,20,RMS,POW,LIN,0.7499839100000001,0.00077587869,0.0005818965336118779,37832000.0,-24.43937492
2026-10-07T10:24:06,,2400000000.0,5000000000.0,0,8,10,0.6009377006322857,0.6009376,6204385279.999994,6,64,37500000.0,15000000.0,20000.0,50000.0,20,RMS,POW,LIN,0.7499839100000001,0.00077587869,0.0005818965336118779,37836000.0,-24.42108917
2026-10-07T10:24:06,,2400000000.0,5000000000.0,0,8,10,0.6009377006322857,0.6009376,6204385279.999994,6,64,37500000.0,15000000.0,20000.0,50000.0,20,RMS,POW,LIN,0.7499839100000001,0.00077587869,0.0005818965336118779,37840000.0,-24.72978783
2026-10-07T10:24:06,,2400000000.0,5000000000.0,0,8,10,0.6009377006322857,0.6009376,6204385279.999994,6,64,37500000.0,15000000.0,20000.0,50000.0,20,RMS,POW,LIN,0.7499839100000001,0.00077587869,0.0005818965336118779,37844000.0,-25.33539391
2026-10-07T10:24:06,,2400000000.0,5000000000.0,0,8,10,0.6009377006322857,0.6009376,6204385279.999994,6,64,37500000.0,15000000.0,20000.0,50000.0,20,RMS,POW,LIN,0.7499839100000001,0.00077587869,0.0005818965336118779,37848000.0,-26.04523277
2026-10-07T10:24:06,,2400000000.0,5000000000.0,0,8,10,0.6009377006322857,0.6009376,6204385279.999994,6,64,37500000.0,15000000.0,20000.0,50000.0,20,RMS,POW,LIN,0.7499839100000001,0.00077587869,0.0005818965336118779,37852000.0,-26.56918335
2026-10-07T10:24:06,,2400000000.0,5000000000.0,0,8,10,0.6009377006322857,0.6009376,6204385279.999994,6,64,37500000.0,15000000.0,20000.0,50000.0,20,RMS,POW,LIN,0.7499839100000001,0.00077587869,0.0005818965336118779,37856000.0,-26.77354622
2026-10-07T10:24:06,,2400000000.0,5000000000.0,0,8,10,0.6009377006322857,0.6009376,6204385279.999994,6,64,37500000.0,15000000.0,20000.0,50000.0,20,RMS,POW,LIN,0.7499839100000001,0.00077587869,0.0005818965336118779,37860000.0,-26.86037064
2026-10-07T10:24:06,,2400000000.0,5000000000.0,0,8,10,0.6009377006322857,0.6009376,6204385279.999994,6,64,37500000.0,15000000.0,20000.0,50000.0,20,RMS,POW,LIN,0.7499839100000001,0.00077587869,0.0005818965336118779,37864000.0,-27.15162849
2026-10-07T10:24:06,,2400000000.0,5000000000.0,0,8,10,0.6009377006322857,0.6009376,6204385279.999994,6,64,37500000.0,15000000.0,20000.0,50000.0,20,RMS,POW,LIN,0.7499839100000001,0.00077587869,0.0005818965336118779,37868000.0,-27.81610298
2026-10-07T10:24:06,,2400000000.0,5000000000.0,0,8,10,0.6009377006322857,0.6009376,6204385279.999994,6,64,37500000.0,15000000.0,20000.0,50000.0,20,RMS,POW,LIN,0.7499839100000001,0.00077587869,0.0005818965336118779,37872000.0,-28.76000786
2026-10-07T10:24:06,,2400000000.0,5000000000.0,0,8,10,0.6009377006322857,0.6009376,6204385279.999994,6,64,37500000.0,15000000.0,20000.0,50000.0,20,RMS,POW,LIN,0.7499839100000001,0.00077587869,0.0005818965336118779,37876000.0,-29.61041832
2026-10-07T10:24:06,,2400000000.0,5000000000.0,0,8,10,0.6009377006322857,0.6009376,6204385279.999994,6,64,37500000.0,15000000.0,20000.0,50000.0,20,RMS,POW,LIN,0.7499839100000001,0.00077587869,0.0005818965336118779,37880000.0,-29.97794724
2026-10-07T10:24:06,,2400000000.0,5000000000.0,0,8,10,0.6009377006322857,0.6009376,6204385279.999994,6,64,37500000.0,15000000.0,20000.0,50000.0,20,RMS,POW,LIN,0.7499839100000001,0.00077587869,0.0005818965336118779,37884000.0,-29.92939568
2026-10-07T10:24:06,,2400000000.0,5000000000.0,0,8,10,0.6009377006322857,0.6009376,6204385279.999994,6,64,37500000.0,15000000.0,20000.0,50000.0,20,RMS,POW,LIN,0.7499839100000001,0.00077587869,0.0005818965336118779,37888000.0,-29.83752823
2026-10-07T10:24:06,,2400000000.0,5000000000.0,0,8,10,0.6009377006322857,0.6009376,6204385279.999994,6,64,37500000.0,15000000.0,20000.0,50000.0,20,RMS,POW,LIN,0.7499839100000001,0.00077587869,0.0005818965336118779,37892000.0,-29.89993095
2026-10-07T10:24:06,,2400000000.0,5000000000.0,0,8,10,0.6009377006322857,0.6009376,6204385279.999994,6,64,37500000.0,15000000.0,20000.0,50000.0,20,RMS,POW,LIN,0.7499839100000001,0.00077587869,0.0005818965336118779,37896000.0,-30.06355667
2026-10-07T10:24:06,,2400000000.0,5000000000.0,0,8,10,0.6009377006322857,0.6009376,6204385279.999994,6,64,37500000.0,15000000.0,20000.0,50000.0,20,RMS,POW,LIN,0.7499839100000001,0.00077587869,0.0005818965336118779,37900000.0,-30.20900154
2026-10-07T10:24:06,,2400000000.0,5000000000.0,0,8,10,0.6009377006322857,0.6009376,6204385279.999994,6,64,37500000.0,15000000.0,20000.0,50000.0,20,RMS,POW,LIN,0.7499839100000001,0.00077587869,0.0005818965336118779,37904000.0,-30.32247925
2026-10-07T10:24:06,,2400000000.0,5000000000.0,0,8,10,0.6009377006322857,0.6009376,6204385279.999994,6,64,37500000.0,15000000.0,20000.0,50000.0,20,RMS,POW,LIN,0.7499839100000001,0.00077587869,0.0005818965336118779,37908000.0,-30.47931671
2026-10-07T10:24:06,,2400000000.0,5000000000.0,0,8,10,0.6009377006322857,0.6009376,6204385279.999994,6,64,37500000.0,15000000.0,20000.0,50000.0,20,RMS,POW,LIN,0.7499839100000001,0.00077587869,0.0005818965336118779,37912000.0,-30.70272255
2026-10-07T10:24:06,,2400000000.0,5000000000.0,0,8,10,0.6009377006322857,0.6009376,6204385279.999994,6,64,37500000.0,15000000.0,20000.0,50000.0,20,RMS,POW,LIN,0.7499839100000001,0.00077587869,0.0005818965336118779,37916000.0,-30.89649773
2026-10-07T10:24:06,,2400000000.0,5000000000.0,0,8,10,0.6009377006322857,0.6009376,6204385279.999994,6,64,37500000.0,15000000.0,20000.0,50000.0,20,RMS,POW,LIN,0.7499839100000001,0.00077587869,0.0005818965336118779,37920000.0,-30.92434502
2026-10-07T10:24:06,,2400000000.0,5000000000.0,0,8,10,0.6009377006322857,0.6009376,6204385279.999994,6,64,37500000.0,15000000.0,20000.0,50000.0,20,RMS,POW,LIN,0.7499839100000001,0.00077587869,0.0005818965336118779,37924000.0,-30.75656319
2026-10-07T10:24:06,,2400000000.0,5000000000.0,0,8,10,0.6009377006322857,0.6009376,6204385279.999994,6,64,37500000.0,15000000.0,20000.0,50000.0,20,RMS,POW,LIN,0.7499839100000001,0.00077587869,0.0005818965336118779,37928000.0,-30.49992371
2026-10-07T10:24:06,,2400000000.0,5000000000.0,0,8,10,0.6009377006322857,0.6009376,6204385279.999994,6,64,37500000.0,15000000.0,20000.0,50000.0,20,RMS,POW,LIN,0.7499839100000001,0.00077587869,0.0005818965336118779,37932000.0,-30.2797451
2026-10-07T10:24:06,,2400000000.0,5000000000.0,0,8,10,0.6009377006322857,0.6009376,6204385279.999994,6,64,37500000.0,15000000.0,20000.0,50000.0,20,RMS,POW,LIN,0.7499839100000001,0.00077587869,0.0005818965336118779,37936000.0,-30.14526749
2026-10-07T10:24:06,,2400000000.0,5000000000.0,0,8,10,0.6009377006322857,0.6009376,6204385279.999994,6,64,37500000.0,15000000.0,20000.0,50000.0,20,RMS,POW,LIN,0.7499839100000001,0.00077587869,0.0005818965336118779,37940000.0,-30.0754528
2026-10-07T10:24:06,,2400000000.0,5000000000.0,0,8,10,0.6009377006322857,0.6009376,6204385279.999994,6,64,37500000.0,15000000.0,20000.0,50000.0,20,RMS,POW,LIN,0.7499839100000001,0.00077587869,0.0005818965336118779,37944000.0,-30.0326004
2026-10-07T10:24:06,,2400000000.0,5000000000.0,0,8,10,0.6009377006322857,0.6009376,6204385279.999994,6,64,37500000.0,15000000.0,20000.0,50000.0,20,RMS,POW,LIN,0.7499839100000001,0.00077587869,0.0005818965336118779,37948000.0,-30.00125885
2026-10-07T10:24:06,,2400000000.0,5000000000.0,0,8,10,0.6009377006322857,0.6009376,6204385279.999994,6,64,37500000.0,15000000.0,20000.0,50000.0,20,RMS,POW,LIN,0.7499839100000001,0.00077587869,0.0005818965336118779,37952000.0,-29.99452972
2026-10-07T10:24:06,,2400000000.0,5000000000.0,0,8,10,0.6009377006322857,0.6009376,6204385279.999994,6,64,37500000.0,15000000.0,20000.0,50000.0,20,RMS,POW,LIN,0.7499839100000001,0.00077587869,0.0005818965336118779,37956000.0,-30.04458046
2026-10-07T10:24:06,,2400000000.0,5000000000.0,0,8,10,0.6009377006322857,0.6009376,6204385279.999994,6,64,37500000.0,15000000.0,20000.0,50000.0,20,RMS,POW,LIN,0.7499839100000001,0.00077587869,0.0005818965336118779,37960000.0,-30.18177986
2026-10-07T10:24:06,,2400000000.0,5000000000.0,0,8,10,0.6009377006322857,0.6009376,6204385279.999994,6,64,37500000.0,15000000.0,20000.0,50000.0,20,RMS,POW,LIN,0.7499839100000001,0.00077587869,0.0005818965336118779,37964000.0,-30.39905167
2026-10-07T10:24:06,,2400000000.0,5000000000.0,0,8,10,0.6009377006322857,0.6009376,6204385279.999994,6,64,37500000.0,15000000.0,20000.0,50000.0,20,RMS,POW,LIN,0.7499839100000001,0.00077587869,0.0005818965336118779,37968000.0,-30.62789726
2026-10-07T10:24:06,,2400000000.0,5000000000.0,0,8,10,0.6009377006322857,0.6009376,6204385279.999994,6,64,37500000.0,15000000.0,20000.0,50000.0,20,RMS,POW,LIN,0.7499839100000001,0.00077587869,0.0005818965336118779,37972000.0,-30.77328873
2026-10-07T10:24:06,,2400000000.0,5000000000.0,0,8,10,0.6009377006322857,0.6009376,6204385279.999994,6,64,37500000.0,15000000.0,20000.0,50000.0,20,RMS,POW,LIN,0.7499839100000001,0.00077587869,0.0005818965336118779,37976000.0,-30.80127144
2026-10-07T10:24:06,,2400000000.0,5000000000.0,0,8,10,0.6009377006322857,0.6009376,6204385279.999994,6,64,37500000.0,15000000.0,20000.0,50000.0,20,RMS,POW,LIN,0.7499839100000001,0.00077587869,0.0005818965336118779,37980000.0,-30.77658081
2026-10-07T10:24:06,,2400000000.0,5000000000.0,0,8,10,0.6009377006322857,0.6009376,6204385279.999994,6,64,37500000.0,15000000.0,20000.0,50000.0,20,RMS,POW,LIN,0.7499839100000001,0.00077587869,0.0005818965336118779,37984000.0,-30.79450417
2026-10-07T10:24:06,,2400000000.0,5000000000.0,0,8,10,0.6009377006322857,0.6009376,6204385279.999994,6,64,37500000.0,15000000.0,20000.0,50000.0,20,RMS,POW,LIN,0.7499839100000001,0.00077587869,0.0005818965336118779,37988000.0,-30.90159607
2026-10-07T10:24:06,,2400000000.0,5000000000.0,0,8,10,0.6009377006322857,0.6009376,6204385279.999994,6,64,37500000.0,15000000.0,20000.0,50000.0,20,RMS,POW,LIN,0.7499839100000001,0.00077587869,0.0005818965336118779,37992000.0,-31.0860672
2026-10-07T10:24:06,,2400000000.0,5000000000.0,0,8,10,0.6009377006322857,0.6009376,6204385279.999994,6,64,37500000.0,15000000.0,20000.0,50000.0,20,RMS,POW,LIN,0.7499839100000001,0.00077587869,0.0005818965336118779,37996000.0,-31.31594849
2026-10-07T10:24:06,,2400000000.0,5000000000.0,0,8,10,0.6009377006322857,0.6009376,6204385279.999994,6,64,37500000.0,15000000.0,20000.0,50000.0,20,RMS,POW,LIN,0.7499839100000001,0.00077587869,0.0005818965336118779,38000000.0,-31.56634712
2026-10-07T10:24:06,,2400000000.0,5000000000.0,0,8,10,0.6009377006322857,0.6009376,6204385279.999994,6,64,37500000.0,15000000.0,20000.0,50000.0,20,RMS,POW,LIN,0.7499839100000001,0.00077587869,0.0005818965336118779,38004000.0,-31.81365013
2026-10-07T10:24:06,,2400000000.0,5000000000.0,0,8,10,0.6009377006322857,0.6009376,6204385279.999994,6,64,37500000.0,15000000.0,20000.0,50000.0,20,RMS,POW,LIN,0.7499839100000001,0.00077587869,0.0005818965336118779,38008000.0,-32.03107071
2026-10-07T10:24:06,,2400000000.0,5000000000.0,0,8,10,0.6009377006322857,0.6009376,6204385279.999994,6,64,37500000.0,15000000.0,20000.0,50000.0,20,RMS,POW,LIN,0.7499839100000001,0.00077587869,0.0005818965336118779,38012000.0,-32.21280289
2026-10-07T10:24:06,,2400000000.0,5000000000.0,0,8,10,0.6009377006322857,0.6009376,6204385279.999994,6,64,37500000.0,15000000.0,20000.0,50000.0,20,RMS,POW,LIN,0.7499839100000001,0.00077587869,0.0005818965336118779,38016000.0,-32.39569473
2026-10-07T10:24:06,,2400000000.0,5000000000.0,0,8,10,0.6009377006322857,0.6009376,6204385279.999994,6,64,37500000.0,15000000.0,20000.0,50000.0,20,RMS,POW,LIN,0.7499839100000001,0.00077587869,0.0005818965336118779,38020000.0,-32.6400528
2026-10-07T10:24:06,,2400000000.0,5000000000.0,0,8,10,0.6009377006322857,0.6009376,6204385279.999994,6,64,37500000.0,15000000.0,20000.0,50000.0,20,RMS,POW,LIN,0.7499839100000001,0.00077587869,0.0005818965336118779,38024000.0,-32.98407745
2026-10-07T10:24:06,,2400000000.0,5000000000.0,0,8,10,0.6009377006322857,0.6009376,6204385279.999994,6,64,37500000.0,15000000.0,20000.0,50000.0,20,RMS,POW,LIN,0.7499839100000001,0.00077587869,0.0005818965336118779,38028000.0,-33.40278244
2026-10-07T10:24:06,,2400000000.0,5000000000.0,0,8,10,0.6009377006322857,0.6009376,6204385279.999994,6,64,37500000.0,15000000.0,20000.0,50000.0,20,RMS,POW,LIN,0.7499839100000001,0.00077587869,0.0005818965336118779,38032000.0,-33.79003525
2026-10-07T10:24:06,,2400000000.0,5000000000.0,0,8,10,0.6009377006322857,0.6009376,6204385279.999994,6,64,37500000.0,15000000.0,20000.0,50000.0,20,RMS,POW,LIN,0.7499839100000001,0.00077587869,0.0005818965336118779,38036000.0,-34.00611877
2026-10-07T10:24:06,,2400000000.0,5000000000.0,0,8,10,0.6009377006322857,0.6009376,6204385279.999994,6,64,37500000.0,15000000.0,20000.0,50000.0,20,RMS,POW,LIN,0.7499839100000001,0.00077587869,0.0005818965336118779,38040000.0,-34.01057816
2026-10-07T10:24:06,,2400000000.0,5000000000.0,0,8,10,0.6009377006322857,0.6009376,6204385279.999994,6,64,37500000.0,15000000.0,20000.0,50000.0,20,RMS,POW,LIN,0.7499839100000001,0.00077587869,0.0005818965336118779,38044000.0,-33.93747711
2026-10-07T10:24:06,,2400000000.0,5000000000.0,0,8,10,0.6009377006322857,0.6009376,6204385279.999994,6,64,37500000.0,15000000.0,20000.0,50000.0,20,RMS,POW,LIN,0.7499839100000001,0.00077587869,0.0005818965336118779,38048000.0,-33.98709488
2026-10-07T10:24:06,,2400000000.0,5000000000.0,0,8,10,0.6009377006322857,0.6009376,6204385279.999994,6,64,37500000.0,15000000.0,20000.0,50000.0,20,RMS,POW,LIN,0.7499839100000001,0.00077587869,0.0005818965336118779,38052000.0,-34.27077866
2026-10-07T10:24:06,,2400000000.0,5000000000.0,0,8,10,0.6009377006322857,0.6009376,6204385279.999994,6,64,37500000.0,15000000.0,20000.0,50000.0,20,RMS,POW,LIN,0.7499839100000001,0.00077587869,0.0005818965336118779,38056000.0,-34.7349472
2026-10-07T10:24:06,,2400000000.0,5000000000.0,0,8,10,0.6009377006322857,0.6009376,6204385279.999994,6,64,37500000.0,15000000.0,20000.0,50000.0,20,RMS,POW,LIN,0.7499839100000001,0.00077587869,0.0005818965336118779,38060000.0,-35.16756058
2026-10-07T10:24:06,,2400000000.0,5000000000.0,0,8,10,0.6009377006322857,0.6009376,6204385279.999994,6,64,37500000.0,15000000.0,20000.0,50000.0,20,RMS,POW,LIN,0.7499839100000001,0.00077587869,0.0005818965336118779,38064000.0,-35.34018707
2026-10-07T10:24:06,,2400000000.0,5000000000.0,0,8,10,0.6009377006322857,0.6009376,6204385279.999994,6,64,37500000.0,15000000.0,20000.0,50000.0,20,RMS,POW,LIN,0.7499839100000001,0.00077587869,0.0005818965336118779,38068000.0,-35.23802948
2026-10-07T10:24:06,,2400000000.0,5000000000.0,0,8,10,0.6009377006322857,0.6009376,6204385279.999994,6,64,37500000.0,15000000.0,20000.0,50000.0,20,RMS,POW,LIN,0.7499839100000001,0.00077587869,0.0005818965336118779,38072000.0,-35.05599213
2026-10-07T10:24:06,,2400000000.0,5000000000.0,0,8,10,0.6009377006322857,0.6009376,6204385279.999994,6,64,37500000.0,15000000.0,20000.0,50000.0,20,RMS,POW,LIN,0.7499839100000001,0.00077587869,0.0005818965336118779,38076000.0,-34.95690155
2026-10-07T10:24:06,,2400000000.0,5000000000.0,0,8,10,0.6009377006322857,0.6009376,6204385279.999994,6,64,37500000.0,15000000.0,20000.0,50000.0,20,RMS,POW,LIN,0.7499839100000001,0.00077587869,0.0005818965336118779,38080000.0,-34.93273926
2026-10-07T10:24:06,,2400000000.0,5000000000.0,0,8,10,0.6009377006322857,0.6009376,6204385279.999994,6,64,37500000.0,15000000.0,20000.0,50000.0,20,RMS,POW,LIN,0.7499839100000001,0.00077587869,0.0005818965336118779,38084000.0,-34.85636902
2026-10-07T10:24:06,,2400000000.0,5000000000.0,0,8,10,0.6009377006322857,0.6009376,6204385279.999994,6,64,37500000.0,15000000.0,20000.0,50000.0,20,RMS,POW,LIN,0.7499839100000001,0.00077587869,0.0005818965336118779,38088000.0,-34.64350128
2026-10-07T10:24:06,,2400000000.0,5000000000.0,0,8,10,0.6009377006322857,0.6009376,6204385279.999994,6,64,37500000.0,15000000.0,20000.0,50000.0,20,RMS,POW,LIN,0.7499839100000001,0.00077587869,0.0005818965336118779,38092000.0,-34.36794662
2026-10-07T10:24:06,,2400000000.0,5000000000.0,0,8,10,0.6009377006322857,0.6009376,6204385279.999994,6,64,37500000.0,15000000.0,20000.0,50000.0,20,RMS,POW,LIN,0.7499839100000001,0.00077587869,0.0005818965336118779,38096000.0,-34.2039566
2026-10-07T10:24:06,,2400000000.0,5000000000.0,0,8,10,0.6009377006322857,0.6009376,6204385279.999994,6,64,37500000.0,15000000.0,20000.0,50000.0,20,RMS,POW,LIN,0.7499839100000001,0.00077587869,0.0005818965336118779,38100000.0,-34.30048752
2026-10-07T10:24:06,,2400000000.0,5000000000.0,0,8,10,0.6009377006322857,0.6009376,6204385279.999994,6,64,37500000.0,15000000.0,20000.0,50000.0,20,RMS,POW,LIN,0.7499839100000001,0.00077587869,0.0005818965336118779,38104000.0,-34.71217346
2026-10-07T10:24:06,,2400000000.0,5000000000.0,0,8,10,0.6009377006322857,0.6009376,6204385279.999994,6,64,37500000.0,15000000.0,20000.0,50000.0,20,RMS,POW,LIN,0.7499839100000001,0.00077587869,0.0005818965336118779,38108000.0,-35.37425232
2026-10-07T10:24:06,,2400000000.0,5000000000.0,0,8,10,0.6009377006322857,0.6009376,6204385279.999994,6,64,37500000.0,15000000.0,20000.0,50000.0,20,RMS,POW,LIN,0.7499839100000001,0.00077587869,0.0005818965336118779,38112000.0,-36.09709549
2026-10-07T10:24:06,,2400000000.0,5000000000.0,0,8,10,0.6009377006322857,0.6009376,6204385279.999994,6,64,37500000.0,15000000.0,20000.0,50000.0,20,RMS,POW,LIN,0.7499839100000001,0.00077587869,0.0005818965336118779,38116000.0,-36.62502289
2026-10-07T10:24:06,,2400000000.0,5000000000.0,0,8,10,0.6009377006322857,0.6009376,6204385279.999994,6,64,37500000.0,15000000.0,20000.0,50000.0,20,RMS,POW,LIN,0.7499839100000001,0.00077587869,0.0005818965336118779,38120000.0,-36.80000687
2026-10-07T10:24:06,,2400000000.0,5000000000.0,0,8,10,0.6009377006322857,0.6009376,6204385279.999994,6,64,37500000.0,15000000.0,20000.0,50000.0,20,RMS,POW,LIN,0.7499839100000001,0.00077587869,0.0005818965336118779,38124000.0,-36.69039917
2026-10-07T10:24:06,,2400000000.0,5000000000.0,0,8,10,0.6009377006322857,0.6009376,6204385279.999994,6,64,37500000.0,15000000.0,20000.0,50000.0,20,RMS,POW,LIN,0.7499839100000001,0.00077587869,0.0005818965336118779,38128000.0,-36.50965118
2026-10-07T10:24:06,,2400000000.0,5000000000.0,0,8,10,0.6009377006322857,0.6009376,6204385279.999994,6,64,37500000.0,15000000.0,20000.0,50000.0,20,RMS,POW,LIN,0.7499839100000001,0.00077587869,0.0005818965336118779,38132000.0,-36.44320679
2026-10-07T10:24:06,,2400000000.0,5000000000.0,0,8,10,0.6009377006322857,0.6009376,6204385279.999994,6,64,37500000.0,15000000.0,20000.0,50000.0,20,RMS,POW,LIN,0.7499839100000001,0.00077587869,0.0005818965336118779,38136000.0,-36.55464554
2026-10-07T10:24:06,,2400000000.0,5000000000.0,0,8,10,0.6009377006322857,0.6009376,6204385279.999994,6,64,37500000.0,15000000.0,20000.0,50000.0,20,RMS,POW,LIN,0.7499839100000001,0.00077587869,0.0005818965336118779,38140000.0,-36.77947998
2026-10-07T10:24:06,,2400000000.0,5000000000.0,0,8,10,0.6009377006322857,0.6009376,6204385279.999994,6,64,37500000.0,15000000.0,20000.0,50000.0,20,RMS,POW,LIN,0.7499839100000001,0.00077587869,0.0005818965336118779,38144000.0,-36.98634338
2026-10-07T10:24:06,,2400000000.0,5000000000.0,0,8,10,0.6009377006322857,0.6009376,6204385279.999994,6,64,37500000.0,15000000.0,20000.0,50000.0,20,RMS,POW,LIN,0.7499839100000001,0.00077587869,0.0005818965336118779,38148000.0,-37.09195328
2026-10-07T10:24:06,,2400000000.0,5000000000.0,0,8,10,0.6009377006322857,0.6009376,6204385279.999994,6,64,37500000.0,15000000.0,20000.0,50000.0,20,RMS,POW,LIN,0.7499839100000001,0.00077587869,0.0005818965336118779,38152000.0,-37.14089966
2026-10-07T10:24:06,,2400000000.0,5000000000.0,0,8,10,0.6009377006322857,0.6009376,6204385279.999994,6,64,37500000.0,15000000.0,20000.0,50000.0,20,RMS,POW,LIN,0.7499839100000001,0.00077587869,0.0005818965336118779,38156000.0,-37.26126862
2026-10-07T10:24:06,,2400000000.0,5000000000.0,0,8,10,0.6009377006322857,0.6009376,6204385279.999994,6,64,37500000.0,15000000.0,20000.0,50000.0,20,RMS,POW,LIN,0.7499839100000001,0.00077587869,0.0005818965336118779,38160000.0,-37.55752182
2026-10-07T10:24:06,,2400000000.0,5000000000.0,0,8,10,0.6009377006322857,0.6009376,6204385279.999994,6,64,37500000.0,15000000.0,20000.0,50000.0,20,RMS,POW,LIN,0.7499839100000001,0.00077587869,0.0005818965336118779,38164000.0,-38.0332489
2026-10-07T10:24:06,,2400000000.0,5000000000.0,0,8,10,0.6009377006322857,0.6009376,6204385279.999994,6,64,37500000.0,15000000.0,20000.0,50000.0,20,RMS,POW,LIN,0.7499839100000001,0.00077587869,0.0005818965336118779,38168000.0,-38.55474091
2026-10-07T10:24:06,,2400000000.0,5000000000.0,0,8,10,0.6009377006322857,0.6009376,6204385279.999994,6,64,37500000.0,15000000.0,20000.0,50000.0,20,RMS,POW,LIN,0.7499839100000001,0.00077587869,0.0005818965336118779,38172000.0,-38.88161087
2026-10-07T10:24:06,,2400000000.0,5000000000.0,0,8,10,0.6009377006322857,0.6009376,6204385279.999994,6,64,37500000.0,15000000.0,20000.0,50000.0,20,RMS,POW,LIN,0.7499839100000001,0.00077587869,0.0005818965336118779,38176000.0,-38.83812714
2026-10-07T10:24:06,,2400000000.0,5000000000.0,0,8,10,0.6009377006322857,0.6009376,6204385279.999994,6,64,37500000.0,15000000.0,20000.0,50000.0,20,RMS,POW,LIN,0.7499839100000001,0.00077587869,0.0005818965336118779,38180000.0,-38.49780273
2026-10-07T10:24:06,,2400000000.0,5000000000.0,0,8,10,0.6009377006322857,0.6009376,6204385279.999994,6,64,37500000.0,15000000.0,20000.0,50000.0,20,RMS,POW,LIN,0.7499839100000001,0.00077587869,0.0005818965336118779,38184000.0,-38.09802246
2026-10-07T10:24:06,,2400000000.0,5000000000.0,0,8,10,0.6009377006322857,0.6009376,6204385279.999994,6,64,37500000.0,15000000.0,20000.0,50000.0,20,RMS,POW,LIN,0.7499839100000001,0.00077587869,0.0005818965336118779,38188000.0,-37.81579208
2026-10-07T10:24:06,,2400000000.0,5000000000.0,0,8,10,0.6009377006322857,0.6009376,6204385279.999994,6,64,37500000.0,15000000.0,20000.0,50000.0,20,RMS,POW,LIN,0.7499839100000001,0.00077587869,0.0005818965336118779,38192000.0,-37.67064667
2026-10-07T10:24:06,,2400000000.0,5000000000.0,0,8,10,0.6009377006322857,0.6009376,6204385279.999994,6,64,37500000.0,15000000.0,20000.0,50000.0,20,RMS,POW,LIN,0.7499839100000001,0.00077587869,0.0005818965336118779,38196000.0,-37.56398392
2026-10-07T10:24:06,,2400000000.0,5000000000.0,0,8,10,0.6009377006322857,0.6009376,6204385279.999994,6,64,37500000.0,15000000.0,20000.0,50000.0,20,RMS,POW,LIN,0.7499839100000001,0.00077587869,0.0005818965336118779,38200000.0,-37.41437531
2026-10-07T10:24:06,,2400000000.0,5000000000.0,0,8,10,0.6009377006322857,0.6009376,6204385279.999994,6,64,37500000.0,15000000.0,20000.0,50000.0,20,RMS,POW,LIN,0.7499839100000001,0.00077587869,0.0005818965336118779,38204000.0,-37.2891655
2026-10-07T10:24:06,,2400000000.0,5000000000.0,0,8,10,0.6009377006322857,0.6009376,6204385279.999994,6,64,37500000.0,15000000.0,20000.0,50000.0,20,RMS,POW,LIN,0.7499839100000001,0.00077587869,0.0005818965336118779,38208000.0,-37.36316299
2026-10-07T10:24:06,,2400000000.0,5000000000.0,0,8,10,0.6009377006322857,0.6009376,6204385279.999994,6,64,37500000.0,15000000.0,20000.0,50000.0,20,RMS,POW,LIN,0.7499839100000001,0.00077587869,0.0005818965336118779,38212000.0,-37.74464798
2026-10-07T10:24:06,,2400000000.0,5000000000.0,0,8,10,0.6009377006322857,0.6009376,6204385279.999994,6,64,37500000.0,15000000.0,20000.0,50000.0,20,RMS,POW,LIN,0.7499839100000001,0.00077587869,0.0005818965336118779,38216000.0,-38.33184814
2026-10-07T10:24:06,,2400000000.0,5000000000.0,0,8,10,0.6009377006322857,0.6009376,6204385279.999994,6,64,37500000.0,15000000.0,20000.0,50000.0,20,RMS,POW,LIN,0.7499839100000001,0.00077587869,0.0005818965336118779,38220000.0,-38.79752731
2026-10-07T10:24:06,,2400000000.0,5000000000.0,0,8,10,0.6009377006322857,0.6009376,6204385279.999994,6,64,37500000.0,15000000.0,20000.0,50000.0,20,RMS,POW,LIN,0.7499839100000001,0.00077587869,0.0005818965336118779,38224000.0,-38.84423447
2026-10-07T10:24:06,,2400000000.0,5000000000.0,0,8,10,0.6009377006322857,0.6009376,6204385279.999994,6,64,37500000.0,15000000.0,20000.0,50000.0,20,RMS,POW,LIN,0.7499839100000001,0.00077587869,0.0005818965336118779,38228000.0,-38.51728821
2026-10-07T10:24:06,,2400000000.0,5000000000.0,0,8,10,0.6009377006322857,0.6009376,6204385279.999994,6,64,37500000.0,15000000.0,20000.0,50000.0,20,RMS,POW,LIN,0.7499839100000001,0.00077587869,0.0005818965336118779,38232000.0,-38.04148483
2026-10-07T10:24:06,,2400000000.0,5000000000.0,0,8,10,0.6009377006322857,0.6009376,6204385279.999994,6,64,37500000.0,15000000.0,20000.0,50000.0,20,RMS,POW,LIN,0.7499839100000001,0.00077587869,0.0005818965336118779,38236000.0,-37.53313828
2026-10-07T10:24:06,,2400000000.0,5000000000.0,0,8,10,0.6009377006322857,0.6009376,6204385279.999994,6,64,37500000.0,15000000.0,20000.0,50000.0,20,RMS,POW,LIN,0.7499839100000001,0.00077587869,0.0005818965336118779,38240000.0,-37.00405884
2026-10-07T10:24:06,,2400000000.0,5000000000.0,0,8,10,0.6009377006322857,0.6009376,6204385279.999994,6,64,37500000.0,15000000.0,20000.0,50000.0,20,RMS,POW,LIN,0.7499839100000001,0.00077587869,0.0005818965336118779,38244000.0,-36.46249008
2026-10-07T10:24:06,,2400000000.0,5000000000.0,0,8,10,0.6009377006322857,0.6009376,6204385279.999994,6,64,37500000.0,15000000.0,20000.0,50000.0,20,RMS,POW,LIN,0.7499839100000001,0.00077587869,0.0005818965336118779,38248000.0,-35.95008469
2026-10-07T10:24:06,,2400000000.0,5000000000.0,0,8,10,0.6009377006322857,0.6009376,6204385279.999994,6,64,37500000.0,15000000.0,20000.0,50000.0,20,RMS,POW,LIN,0.7499839100000001,0.00077587869,0.0005818965336118779,38252000.0,-35.53324127
2026-10-07T10:24:06,,2400000000.0,5000000000.0,0,8,10,0.6009377006322857,0.6009376,6204385279.999994,6,64,37500000.0,15000000.0,20000.0,50000.0,20,RMS,POW,LIN,0.7499839100000001,0.00077587869,0.0005818965336118779,38256000.0,-35.28023911
2026-10-07T10:24:06,,2400000000.0,5000000000.0,0,8,10,0.6009377006322857,0.6009376,6204385279.999994,6,64,37500000.0,15000000.0,20000.0,50000.0,20,RMS,POW,LIN,0.7499839100000001,0.00077587869,0.0005818965336118779,38260000.0,-35.23098755
2026-10-07T10:24:06,,2400000000.0,5000000000.0,0,8,10,0.6009377006322857,0.6009376,6204385279.999994,6,64,37500000.0,15000000.0,20000.0,50000.0,20,RMS,POW,LIN,0.7499839100000001,0.00077587869,0.0005818965336118779,38264000.0,-35.37687302
2026-10-07T10:24:06,,2400000000.0,5000000000.0,0,8,10,0.6009377006322857,0.6009376,6204385279.999994,6,64,37500000.0,15000000.0,20000.0,50000.0,20,RMS,POW,LIN,0.7499839100000001,0.00077587869,0.0005818965336118779,38268000.0,-35.6657753
2026-10-07T10:24:06,,2400000000.0,5000000000.0,0,8,10,0.6009377006322857,0.6009376,6204385279.999994,6,64,37500000.0,15000000.0,20000.0,50000.0,20,RMS,POW,LIN,0.7499839100000001,0.00077587869,0.0005818965336118779,38272000.0,-36.02141571
2026-10-07T10:24:06,,2400000000.0,5000000000.0,0,8,10,0.6009377006322857,0.6009376,6204385279.999994,6,64,37500000.0,15000000.0,20000.0,50000.0,20,RMS,POW,LIN,0.7499839100000001,0.00077587869,0.0005818965336118779,38276000.0,-36.34909058
2026-10-07T10:24:06,,2400000000.0,5000000000.0,0,8,10,0.6009377006322857,0.6009376,6204385279.999994,6,64,37500000.0,15000000.0,20000.0,50000.0,20,RMS,POW,LIN,0.7499839100000001,0.00077587869,0.0005818965336118779,38280000.0,-36.52718353
2026-10-07T10:24:06,,2400000000.0,5000000000.0,0,8,10,0.6009377006322857,0.6009376,6204385279.999994,6,64,37500000.0,15000000.0,20000.0,50000.0,20,RMS,POW,LIN,0.7499839100000001,0.00077587869,0.0005818965336118779,38284000.0,-36.43964005
2026-10-07T10:24:06,,2400000000.0,5000000000.0,0,8,10,0.6009377006322857,0.6009376,6204385279.999994,6,64,37500000.0,15000000.0,20000.0,50000.0,20,RMS,POW,LIN,0.7499839100000001,0.00077587869,0.0005818965336118779,38288000.0,-36.07094955
2026-10-07T10:24:06,,2400000000.0,5000000000.0,0,8,10,0.6009377006322857,0.6009376,6204385279.999994,6,64,37500000.0,15000000.0,20000.0,50000.0,20,RMS,POW,LIN,0.7499839100000001,0.00077587869,0.0005818965336118779,38292000.0,-35.54896164
2026-10-07T10:24:06,,2400000000.0,5000000000.0,0,8,10,0.6009377006322857,0.6009376,6204385279.999994,6,64,37500000.0,15000000.0,20000.0,50000.0,20,RMS,POW,LIN,0.7499839100000001,0.00077587869,0.0005818965336118779,38296000.0,-35.06018448
2026-10-07T10:24:06,,2400000000.0,5000000000.0,0,8,10,0.6009377006322857,0.6009376,6204385279.999994,6,64,37500000.0,15000000.0,20000.0,50000.0,20,RMS,POW,LIN,0.7499839100000001,0.00077587869,0.0005818965336118779,38300000.0,-34.74664688
2026-10-07T10:24:06,,2400000000.0,5000000000.0,0,8,10,0.6009377006322857,0.6009376,6204385279.999994,6,64,37500000.0,15000000.0,20000.0,50000.0,20,RMS,POW,LIN,0.7499839100000001,0.00077587869,0.0005818965336118779,38304000.0,-34.66710663
2026-10-07T10:24:06,,2400000000.0,5000000000.0,0,8,10,0.6009377006322857,0.6009376,6204385279.999994,6,64,37500000.0,15000000.0,20000.0,50000.0,20,RMS,POW,LIN,0.7499839100000001,0.00077587869,0.0005818965336118779,38308000.0,-34.80151749
2026-10-07T10:24:06,,2400000000.0,5000000000.0,0,8,10,0.6009377006322857,0.6009376,6204385279.999994,6,64,37500000.0,15000000.0,20000.0,50000.0,20,RMS,POW,LIN,0.7499839100000001,0.00077587869,0.0005818965336118779,38312000.0,-35.07522202
2026-10-07T10:24:06,,2400000000.0,5000000000.0,0,8,10,0.6009377006322857,0.6009376,6204385279.999994,6,64,37500000.0,15000000.0,20000.0,50000.0,20,RMS,POW,LIN,0.7499839100000001,0.00077587869,0.0005818965336118779,38316000.0,-35.40333939
2026-10-07T10:24:06,,2400000000.0,5000000000.0,0,8,10,0.6009377006322857,0.6009376,6204385279.999994,6,64,37500000.0,15000000.0,20000.0,50000.0,20,RMS,POW,LIN,0.7499839100000001,0.00077587869,0.0005818965336118779,38320000.0,-35.7379837
2026-10-07T10:24:06,,2400000000.0,5000000000.0,0,8,10,0.6009377006322857,0.6009376,6204385279.999994,6,64,37500000.0,15000000.0,20000.0,50000.0,20,RMS,POW,LIN,0.7499839100000001,0.00077587869,0.0005818965336118779,38324000.0,-36.07390594
2026-10-07T10:24:06,,2400000000.0,5000000000.0,0,8,10,0.6009377006322857,0.6009376,6204385279.999994,6,64,37500000.0,15000000.0,20000.0,50000.0,20,RMS,POW,LIN,0.7499839100000001,0.00077587869,0.0005818965336118779,38328000.0,-36.40542221
2026-10-07T10:24:06,,2400000000.0,5000000000.0,0,8,10,0.6009377006322857,0.6009376,6204385279.999994,6,64,37500000.0,15000000.0,20000.0,50000.0,20,RMS,POW,LIN,0.7499839100000001,0.00077587869,0.0005818965336118779,38332000.0,-36.69021606
2026-10-07T10:24:06,,2400000000.0,5000000000.0,0,8,10,0.6009377006322857,0.6009376,6204385279.999994,6,64,37500000.0,15000000.0,20000.0,50000.0,20,RMS,POW,LIN,0.7499839100000001,0.00077587869,0.0005818965336118779,38336000.0,-36.86127472
2026-10-07T10:24:06,,2400000000.0,5000000000.0,0,8,10,0.6009377006322857,0.6009376,6204385279.999994,6,64,37500000.0,15000000.0,20000.0,50000.0,20,RMS,POW,LIN,0.7499839100000001,0.00077587869,0.0005818965336118779,38340000.0,-36.87101746
2026-10-07T10:24:06,,2400000000.0,5000000000.0,0,8,10,0.6009377006322857,0.6009376,6204385279.999994,6,64,37500000.0,15000000.0,20000.0,50000.0,20,RMS,POW,LIN,0.7499839100000001,0.00077587869,0.0005818965336118779,38344000.0,-36.73255539
2026-10-07T10:24:06,,2400000000.0,5000000000.0,0,8,10,0.6009377006322857,0.6009376,6204385279.999994,6,64,37500000.0,15000000.0,20000.0,50000.0,20,RMS,POW,LIN,0.7499839100000001,0.00077587869,0.0005818965336118779,38348000.0,-36.53657913
2026-10-07T10:24:06,,2400000000.0,5000000000.0,0,8,10,0.6009377006322857,0.6009376,6204385279.999994,6,64,37500000.0,15000000.0,20000.0,50000.0,20,RMS,POW,LIN,0.7499839100000001,0.00077587869,0.0005818965336118779,38352000.0,-36.41901016
2026-10-07T10:24:06,,2400000000.0,5000000000.0,0,8,10,0.6009377006322857,0.6009376,6204385279.999994,6,64,37500000.0,15000000.0,20000.0,50000.0,20,RMS,POW,LIN,0.7499839100000001,0.00077587869,0.0005818965336118779,38356000.0,-36.47760391
2026-10-07T10:24:06,,2400000000.0,5000000000.0,0,8,10,0.6009377006322857,0.6009376,6204385279.999994,6,64,37500000.0,15000000.0,20000.0,50000.0,20,RMS,POW,LIN,0.7499839100000001,0.00077587869,0.0005818965336118779,38360000.0,-36.68597031
2026-10-07T10:24:06,,2400000000.0,5000000000.0,0,8,10,0.6009377006322857,0.6009376,6204385279.999994,6,64,37500000.0,15000000.0,20000.0,50000.0,20,RMS,POW,LIN,0.7499839100000001,0.00077587869,0.0005818965336118779,38364000.0,-36.87617111
2026-10-07T10:24:06,,2400000000.0,5000000000.0,0,8,10,0.6009377006322857,0.6009376,6204385279.999994,6,64,37500000.0,15000000.0,20000.0,50000.0,20,RMS,POW,LIN,0.7499839100000001,0.00077587869,0.0005818965336118779,38368000.0,-36.87399673
2026-10-07T10:24:06,,2400000000.0,5000000000.0,0,8,10,0.6009377006322857,0.6009376,6204385279.999994,6,64,37500000.0,15000000.0,20000.0,50000.0,20,RMS,POW,LIN,0.7499839100000001,0.00077587869,0.0005818965336118779,38372000.0,-36.7109108
2026-10-07T10:24:06,,2400000000.0,5000000000.0,0,8,10,0.6009377006322857,0.6009376,6204385279.999994,6,64,37500000.0,15000000.0,20000.0,50000.0,20,RMS,POW,LIN,0.7499839100000001,0.00077587869,0.0005818965336118779,38376000.0,-36.61022186
2026-10-07T10:24:06,,2400000000.0,5000000000.0,0,8,10,0.6009377006322857,0.6009376,6204385279.999994,6,64,37500000.0,15000000.0,20000.0,50000.0,20,RMS,POW,LIN,0.7499839100000001,0.00077587869,0.0005818965336118779,38380000.0,-36.77308273
2026-10-07T10:24:06,,2400000000.0,5000000000.0,0,8,10,0.6009377006322857,0.6009376,6204385279.999994,6,64,37500000.0,15000000.0,20000.0,50000.0,20,RMS,POW,LIN,0.7499839100000001,0.00077587869,0.0005818965336118779,38384000.0,-37.23747253
2026-10-07T10:24:06,,2400000000.0,5000000000.0,0,8,10,0.6009377006322857,0.6009376,6204385279.999994,6,64,37500000.0,15000000.0,20000.0,50000.0,20,RMS,POW,LIN,0.7499839100000001,0.00077587869,0.0005818965336118779,38388000.0,-37.8368187
2026-10-07T10:24:06,,2400000000.0,5000000000.0,0,8,10,0.6009377006322857,0.6009376,6204385279.999994,6,64,37500000.0,15000000.0,20000.0,50000.0,20,RMS,POW,LIN,0.7499839100000001,0.00077587869,0.0005818965336118779,38392000.0,-38.26575089
2026-10-07T10:24:06,,2400000000.0,5000000000.0,0,8,10,0.6009377006322857,0.6009376,6204385279.999994,6,64,37500000.0,15000000.0,20000.0,50000.0,20,RMS,POW,LIN,0.7499839100000001,0.00077587869,0.0005818965336118779,38396000.0,-38.35167694
2026-10-07T10:24:06,,2400000000.0,5000000000.0,0,8,10,0.6009377006322857,0.6009376,6204385279.999994,6,64,37500000.0,15000000.0,20000.0,50000.0,20,RMS,POW,LIN,0.7499839100000001,0.00077587869,0.0005818965336118779,38400000.0,-38.23865128
2026-10-07T10:24:06,,2400000000.0,5000000000.0,0,8,10,0.6009377006322857,0.6009376,6204385279.999994,6,64,37500000.0,15000000.0,20000.0,50000.0,20,RMS,POW,LIN,0.7499839100000001,0.00077587869,0.0005818965336118779,38404000.0,-38.14440918
2026-10-07T10:24:06,,2400000000.0,5000000000.0,0,8,10,0.6009377006322857,0.6009376,6204385279.999994,6,64,37500000.0,15000000.0,20000.0,50000.0,20,RMS,POW,LIN,0.7499839100000001,0.00077587869,0.0005818965336118779,38408000.0,-38.11157608
2026-10-07T10:24:06,,2400000000.0,5000000000.0,0,8,10,0.6009377006322857,0.6009376,6204385279.999994,6,64,37500000.0,15000000.0,20000.0,50000.0,20,RMS,POW,LIN,0.7499839100000001,0.00077587869,0.0005818965336118779,38412000.0,-38.05348206
2026-10-07T10:24:06,,2400000000.0,5000000000.0,0,8,10,0.6009377006322857,0.6009376,6204385279.999994,6,64,37500000.0,15000000.0,20000.0,50000.0,20,RMS,POW,LIN,0.7499839100000001,0.00077587869,0.0005818965336118779,38416000.0,-37.92925644
2026-10-07T10:24:06,,2400000000.0,5000000000.0,0,8,10,0.6009377006322857,0.6009376,6204385279.999994,6,64,37500000.0,15000000.0,20000.0,50000.0,20,RMS,POW,LIN,0.7499839100000001,0.00077587869,0.0005818965336118779,38420000.0,-37.79891586
2026-10-07T10:24:06,,2400000000.0,5000000000.0,0,8,10,0.6009377006322857,0.6009376,6204385279.999994,6,64,37500000.0,15000000.0,20000.0,50000.0,20,RMS,POW,LIN,0.7499839100000001,0.00077587869,0.0005818965336118779,38424000.0,-37.71236038
2026-10-07T10:24:06,,2400000000.0,5000000000.0,0,8,10,0.6009377006322857,0.6009376,6204385279.999994,6,64,37500000.0,15000000.0,20000.0,50000.0,20,RMS,POW,LIN,0.7499839100000001,0.00077587869,0.0005818965336118779,38428000.0,-37.62358475
2026-10-07T10:24:06,,2400000000.0,5000000000.0,0,8,10,0.6009377006322857,0.6009376,6204385279.999994,6,64,37500000.0,15000000.0,20000.0,50000.0,20,RMS,POW,LIN,0.7499839100000001,0.00077587869,0.0005818965336118779,38432000.0,-37.44452286
2026-10-07T10:24:06,,2400000000.0,5000000000.0,0,8,10,0.6009377006322857,0.6009376,6204385279.999994,6,64,37500000.0,15000000.0,20000.0,50000.0,20,RMS,POW,LIN,0.7499839100000001,0.00077587869,0.0005818965336118779,38436000.0,-37.1647377
2026-10-07T10:24:06,,2400000000.0,5000000000.0,0,8,10,0.6009377006322857,0.6009376,6204385279.999994,6,64,37500000.0,15000000.0,20000.0,50000.0,20,RMS,POW,LIN,0.7499839100000001,0.00077587869,0.0005818965336118779,38440000.0,-36.87934875
2026-10-07T10:24:06,,2400000000.0,5000000000.0,0,8,10,0.6009377006322857,0.6009376,6204385279.999994,6,64,37500000.0,15000000.0,20000.0,50000.0,20,RMS,POW,LIN,0.7499839100000001,0.00077587869,0.0005818965336118779,38444000.0,-36.70656586
2026-10-07T10:24:06,,2400000000.0,5000000000.0,0,8,10,0.6009377006322857,0.6009376,6204385279.999994,6,64,37500000.0,15000000.0,20000.0,50000.0,20,RMS,POW,LIN,0.7499839100000001,0.00077587869,0.0005818965336118779,38448000.0,-36.719841
2026-10-07T10:24:06,,2400000000.0,5000000000.0,0,8,10,0.6009377006322857,0.6009376,6204385279.999994,6,64,37500000.0,15000000.0,20000.0,50000.0,20,RMS,POW,LIN,0.7499839100000001,0.00077587869,0.0005818965336118779,38452000.0,-36.94263458
2026-10-07T10:24:06,,2400000000.0,5000000000.0,0,8,10,0.6009377006322857,0.6009376,6204385279.999994,6,64,37500000.0,15000000.0,20000.0,50000.0,20,RMS,POW,LIN,0.7499839100000001,0.00077587869,0.0005818965336118779,38456000.0,-37.35865784
2026-10-07T10:24:06,,2400000000.0,5000000000.0,0,8,10,0.6009377006322857,0.6009376,6204385279.999994,6,64,37500000.0,15000000.0,20000.0,50000.0,20,RMS,POW,LIN,0.7499839100000001,0.00077587869,0.0005818965336118779,38460000.0,-37.8950386
2026-10-07T10:24:06,,2400000000.0,5000000000.0,0,8,10,0.6009377006322857,0.6009376,6204385279.999994,6,64,37500000.0,15000000.0,20000.0,50000.0,20,RMS,POW,LIN,0.7499839100000001,0.00077587869,0.0005818965336118779,38464000.0,-38.40061188
2026-10-07T10:24:06,,2400000000.0,5000000000.0,0,8,10,0.6009377006322857,0.6009376,6204385279.999994,6,64,37500000.0,15000000.0,20000.0,50000.0,20,RMS,POW,LIN,0.7499839100000001,0.00077587869,0.0005818965336118779,38468000.0,-38.70769501
2026-10-07T10:24:06,,2400000000.0,5000000000.0,0,8,10,0.6009377006322857,0.6009376,6204385279.999994,6,64,37500000.0,15000000.0,20000.0,50000.0,20,RMS,POW,LIN,0.7499839100000001,0.00077587869,0.0005818965336118779,38472000.0,-38.77165985
2026-10-07T10:24:06,,2400000000.0,5000000000.0,0,8,10,0.6009377006322857,0.6009376,6204385279.999994,6,64,37500000.0,15000000.0,20000.0,50000.0,20,RMS,POW,LIN,0.7499839100000001,0.00077587869,0.0005818965336118779,38476000.0,-38.66662598
2026-10-07T10:24:06,,2400000000.0,5000000000.0,0,8,10,0.6009377006322857,0.6009376,6204385279.999994,6,64,37500000.0,15000000.0,20000.0,50000.0,20,RMS,POW,LIN,0.7499839100000001,0.00077587869,0.0005818965336118779,38480000.0,-38.42477798
2026-10-07T10:24:06,,2400000000.0,5000000000.0,0,8,10,0.6009377006322857,0.6009376,6204385279.999994,6,64,37500000.0,15000000.0,20000.0,50000.0,20,RMS,POW,LIN,0.7499839100000001,0.00077587869,0.0005818965336118779,38484000.0,-38.0234375
2026-10-07T10:24:06,,2400000000.0,5000000000.0,0,8,10,0.6009377006322857,0.6009376,6204385279.999994,6,64,37500000.0,15000000.0,20000.0,50000.0,20,RMS,POW,LIN,0.7499839100000001,0.00077587869,0.0005818965336118779,38488000.0,-37.53737259
2026-10-07T10:24:06,,2400000000.0,5000000000.0,0,8,10,0.6009377006322857,0.6009376,6204385279.999994,6,64,37500000.0,15000000.0,20000.0,50000.0,20,RMS,POW,LIN,0.7499839100000001,0.00077587869,0.0005818965336118779,38492000.0,-37.14869308
2026-10-07T10:24:06,,2400000000.0,5000000000.0,0,8,10,0.6009377006322857,0.6009376,6204385279.999994,6,64,37500000.0,15000000.0,20000.0,50000.0,20,RMS,POW,LIN,0.7499839100000001,0.00077587869,0.0005818965336118779,38496000.0,-36.98133469
2026-10-07T10:24:06,,2400000000.0,5000000000.0,0,8,10,0.6009377006322857,0.6009376,6204385279.999994,6,64,37500000.0,15000000.0,20000.0,50000.0,20,RMS,POW,LIN,0.7499839100000001,0.00077587869,0.0005818965336118779,38500000.0,-37.00148773
2026-10-07T10:24:06,,2400000000.0,5000000000.0,0,8,10,0.6009377006322857,0.6009376,6204385279.999994,6,64,37500000.0,15000000.0,20000.0,50000.0,20,RMS,POW,LIN,0.7499839100000001,0.00077587869,0.0005818965336118779,38504000.0,-37.07269287
2026-10-07T10:24:06,,2400000000.0,5000000000.0,0,8,10,0.6009377006322857,0.6009376,6204385279.999994,6,64,37500000.0,15000000.0,20000.0,50000.0,20,RMS,POW,LIN,0.7499839100000001,0.00077587869,0.0005818965336118779,38508000.0,-37.10432434
2026-10-07T10:24:06,,2400000000.0,5000000000.0,0,8,10,0.6009377006322857,0.6009376,6204385279.999994,6,64,37500000.0,15000000.0,20000.0,50000.0,20,RMS,POW,LIN,0.7499839100000001,0.00077587869,0.0005818965336118779,38512000.0,-37.12798691
2026-10-07T10:24:06,,2400000000.0,5000000000.0,0,8,10,0.6009377006322857,0.6009376,6204385279.999994,6,64,37500000.0,15000000.0,20000.0,50000.0,20,RMS,POW,LIN,0.7499839100000001,0.00077587869,0.0005818965336118779,38516000.0,-37.21208954
2026-10-07T10:24:06,,2400000000.0,5000000000.0,0,8,10,0.6009377006322857,0.6009376,6204385279.999994,6,64,37500000.0,15000000.0,20000.0,50000.0,20,RMS,POW,LIN,0.7499839100000001,0.00077587869,0.0005818965336118779,38520000.0,-37.36261368
2026-10-07T10:24:06,,2400000000.0,5000000000.0,0,8,10,0.6009377006322857,0.6009376,6204385279.999994,6,64,37500000.0,15000000.0,20000.0,50000.0,20,RMS,POW,LIN,0.7499839100000001,0.00077587869,0.0005818965336118779,38524000.0,-37.52386475
2026-10-07T10:24:06,,2400000000.0,5000000000.0,0,8,10,0.6009377006322857,0.6009376,6204385279.999994,6,64,37500000.0,15000000.0,20000.0,50000.0,20,RMS,POW,LIN,0.7499839100000001,0.00077587869,0.0005818965336118779,38528000.0,-37.62657166
2026-10-07T10:24:06,,2400000000.0,5000000000.0,0,8,10,0.6009377006322857,0.6009376,6204385279.999994,6,64,37500000.0,15000000.0,20000.0,50000.0,20,RMS,POW,LIN,0.7499839100000001,0.00077587869,0.0005818965336118779,38532000.0,-37.61721039
2026-10-07T10:24:06,,2400000000.0,5000000000.0,0,8,10,0.6009377006322857,0.6009376,6204385279.999994,6,64,37500000.0,15000000.0,20000.0,50000.0,20,RMS,POW,LIN,0.7499839100000001,0.00077587869,0.0005818965336118779,38536000.0,-37.48389816
2026-10-07T10:24:06,,2400000000.0,5000000000.0,0,8,10,0.6009377006322857,0.6009376,6204385279.999994,6,64,37500000.0,15000000.0,20000.0,50000.0,20,RMS,POW,LIN,0.7499839100000001,0.00077587869,0.0005818965336118779,38540000.0,-37.29201126
2026-10-07T10:24:06,,2400000000.0,5000000000.0,0,8,10,0.6009377006322857,0.6009376,6204385279.999994,6,64,37500000.0,15000000.0,20000.0,50000.0,20,RMS,POW,LIN,0.7499839100000001,0.00077587869,0.0005818965336118779,38544000.0,-37.17444611
2026-10-07T10:24:06,,2400000000.0,5000000000.0,0,8,10,0.6009377006322857,0.6009376,6204385279.999994,6,64,37500000.0,15000000.0,20000.0,50000.0,20,RMS,POW,LIN,0.7499839100000001,0.00077587869,0.0005818965336118779,38548000.0,-37.26520538
2026-10-07T10:24:06,,2400000000.0,5000000000.0,0,8,10,0.6009377006322857,0.6009376,6204385279.999994,6,64,37500000.0,15000000.0,20000.0,50000.0,20,RMS,POW,LIN,0.7499839100000001,0.00077587869,0.0005818965336118779,38552000.0,-37.63371658
2026-10-07T10:24:06,,2400000000.0,5000000000.0,0,8,10,0.6009377006322857,0.6009376,6204385279.999994,6,64,37500000.0,15000000.0,20000.0,50000.0,20,RMS,POW,LIN,0.7499839100000001,0.00077587869,0.0005818965336118779,38556000.0,-38.24209595
2026-10-07T10:24:06,,2400000000.0,5000000000.0,0,8,10,0.6009377006322857,0.6009376,6204385279.999994,6,64,37500000.0,15000000.0,20000.0,50000.0,20,RMS,POW,LIN,0.7499839100000001,0.00077587869,0.0005818965336118779,38560000.0,-38.92759705
2026-10-07T10:24:06,,2400000000.0,5000000000.0,0,8,10,0.6009377006322857,0.6009376,6204385279.999994,6,64,37500000.0,15000000.0,20000.0,50000.0,20,RMS,POW,LIN,0.7499839100000001,0.00077587869,0.0005818965336118779,38564000.0,-39.4797554
2026-10-07T10:24:06,,2400000000.0,5000000000.0,0,8,10,0.6009377006322857,0.6009376,6204385279.999994,6,64,37500000.0,15000000.0,20000.0,50000.0,20,RMS,POW,LIN,0.7499839100000001,0.00077587869,0.0005818965336118779,38568000.0,-39.8465538
2026-10-07T10:24:06,,2400000000.0,5000000000.0,0,8,10,0.6009377006322857,0.6009376,6204385279.999994,6,64,37500000.0,15000000.0,20000.0,50000.0,20,RMS,POW,LIN,0.7499839100000001,0.00077587869,0.0005818965336118779,38572000.0,-40.21660233
2026-10-07T10:24:06,,2400000000.0,5000000000.0,0,8,10,0.6009377006322857,0.6009376,6204385279.999994,6,64,37500000.0,15000000.0,20000.0,50000.0,20,RMS,POW,LIN,0.7499839100000001,0.00077587869,0.0005818965336118779,38576000.0,-40.8112793
2026-10-07T10:24:06,,2400000000.0,5000000000.0,0,8,10,0.6009377006322857,0.6009376,6204385279.999994,6,64,37500000.0,15000000.0,20000.0,50000.0,20,RMS,POW,LIN,0.7499839100000001,0.00077587869,0.0005818965336118779,38580000.0,-41.6282196
2026-10-07T10:24:06,,2400000000.0,5000000000.0,0,8,10,0.6009377006322857,0.6009376,6204385279.999994,6,64,37500000.0,15000000.0,20000.0,50000.0,20,RMS,POW,LIN,0.7499839100000001,0.00077587869,0.0005818965336118779,38584000.0,-42.27357864
2026-10-07T10:24:06,,2400000000.0,5000000000.0,0,8,10,0.6009377006322857,0.6009376,6204385279.999994,6,64,37500000.0,15000000.0,20000.0,50000.0,20,RMS,POW,LIN,0.7499839100000001,0.00077587869,0.0005818965336118779,38588000.0,-42.15657043
2026-10-07T10:24:06,,2400000000.0,5000000000.0,0,8,10,0.6009377006322857,0.6009376,6204385279.999994,6,64,37500000.0,15000000.0,20000.0,50000.0,20,RMS,POW,LIN,0.7499839100000001,0.00077587869,0.0005818965336118779,38592000.0,-41.26631927
2026-10-07T10:24:06,,2400000000.0,5000000000.0,0,8,10,0.6009377006322857,0.6009376,6204385279.999994,6,64,37500000.0,15000000.0,20000.0,50000.0,20,RMS,POW,LIN,0.7499839100000001,0.00077587869,0.0005818965336118779,38596000.0,-40.15686798
2026-10-07T10:24:06,,2400000000.0,5000000000.0,0,8,10,0.6009377006322857,0.6009376,6204385279.999994,6,64,37500000.0,15000000.0,20000.0,50000.0,20,RMS,POW,LIN,0.7499839100000001,0.00077587869,0.0005818965336118779,38600000.0,-39.20796204
2026-10-07T10:24:06,,2400000000.0,5000000000.0,0,8,10,0.6009377006322857,0.6009376,6204385279.999994,6,64,37500000.0,15000000.0,20000.0,50000.0,20,RMS,POW,LIN,0.7499839100000001,0.00077587869,0.0005818965336118779,38604000.0,-38.50931931
2026-10-07T10:24:06,,2400000000.0,5000000000.0,0,8,10,0.6009377006322857,0.6009376,6204385279.999994,6,64,37500000.0,15000000.0,20000.0,50000.0,20,RMS,POW,LIN,0.7499839100000001,0.00077587869,0.0005818965336118779,38608000.0,-38.04825211
2026-10-07T10:24:06,,2400000000.0,5000000000.0,0,8,10,0.6009377006322857,0.6009376,6204385279.999994,6,64,37500000.0,15000000.0,20000.0,50000.0,20,RMS,POW,LIN,0.7499839100000001,0.00077587869,0.0005818965336118779,38612000.0,-37.82476807
2026-10-07T10:24:06,,2400000000.0,5000000000.0,0,8,10,0.6009377006322857,0.6009376,6204385279.999994,6,64,37500000.0,15000000.0,20000.0,50000.0,20,RMS,POW,LIN,0.7499839100000001,0.00077587869,0.0005818965336118779,38616000.0,-37.86067581
2026-10-07T10:24:06,,2400000000.0,5000000000.0,0,8,10,0.6009377006322857,0.6009376,6204385279.999994,6,64,37500000.0,15000000.0,20000.0,50000.0,20,RMS,POW,LIN,0.7499839100000001,0.00077587869,0.0005818965336118779,38620000.0,-38.14305878
2026-10-07T10:24:06,,2400000000.0,5000000000.0,0,8,10,0.6009377006322857,0.6009376,6204385279.999994,6,64,37500000.0,15000000.0,20000.0,50000.0,20,RMS,POW,LIN,0.7499839100000001,0.00077587869,0.0005818965336118779,38624000.0,-38.55902863
2026-10-07T10:24:06,,2400000000.0,5000000000.0,0,8,10,0.6009377006322857,0.6009376,6204385279.999994,6,64,37500000.0,15000000.0,20000.0,50000.0,20,RMS,POW,LIN,0.7499839100000001,0.00077587869,0.0005818965336118779,38628000.0,-38.89105225
2026-10-07T10:24:06,,2400000000.0,5000000000.0,0,8,10,0.6009377006322857,0.6009376,6204385279.999994,6,64,37500000.0,15000000.0,20000.0,50000.0,20,RMS,POW,LIN,0.7499839100000001,0.00077587869,0.0005818965336118779,38632000.0,-38.94608688
2026-10-07T10:24:06,,2400000000.0,5000000000.0,0,8,10,0.6009377006322857,0.6009376,6204385279.999994,6,64,37500000.0,15000000.0,20000.0,50000.0,20,RMS,POW,LIN,0.7499839100000001,0.00077587869,0.0005818965336118779,38636000.0,-38.72356415
2026-10-07T10:24:06,,2400000000.0,5000000000.0,0,8,10,0.6009377006322857,0.6009376,6204385279.999994,6,64,37500000.0,15000000.0,20000.0,50000.0,20,RMS,POW,LIN,0.7499839100000001,0.00077587869,0.0005818965336118779,38640000.0,-38.38529968
2026-10-07T10:24:06,,2400000000.0,5000000000.0,0,8,10,0.6009377006322857,0.6009376,6204385279.999994,6,64,37500000.0,15000000.0,20000.0,50000.0,20,RMS,POW,LIN,0.7499839100000001,0.00077587869,0.0005818965336118779,38644000.0,-38.10415268
2026-10-07T10:24:06,,2400000000.0,5000000000.0,0,8,10,0.6009377006322857,0.6009376,6204385279.999994,6,64,37500000.0,15000000.0,20000.0,50000.0,20,RMS,POW,LIN,0.7499839100000001,0.00077587869,0.0005818965336118779,38648000.0,-38.00358582
2026-10-07T10:24:06,,2400000000.0,5000000000.0,0,8,10,0.6009377006322857,0.6009376,6204385279.999994,6,64,37500000.0,15000000.0,20000.0,50000.0,20,RMS,POW,LIN,0.7499839100000001,0.00077587869,0.0005818965336118779,38652000.0,-38.16495132
2026-10-07T10:24:06,,2400000000.0,5000000000.0,0,8,10,0.6009377006322857,0.6009376,6204385279.999994,6,64,37500000.0,15000000.0,20000.0,50000.0,20,RMS,POW,LIN,0.7499839100000001,0.00077587869,0.0005818965336118779,38656000.0,-38.62205887
2026-10-07T10:24:06,,2400000000.0,5000000000.0,0,8,10,0.6009377006322857,0.6009376,6204385279.999994,6,64,37500000.0,15000000.0,20000.0,50000.0,20,RMS,POW,LIN,0.7499839100000001,0.00077587869,0.0005818965336118779,38660000.0,-39.33559036
2026-10-07T10:24:06,,2400000000.0,5000000000.0,0,8,10,0.6009377006322857,0.6009376,6204385279.999994,6,64,37500000.0,15000000.0,20000.0,50000.0,20,RMS,POW,LIN,0.7499839100000001,0.00077587869,0.0005818965336118779,38664000.0,-40.17298889
2026-10-07T10:24:06,,2400000000.0,5000000000.0,0,8,10,0.6009377006322857,0.6009376,6204385279.999994,6,64,37500000.0,15000000.0,20000.0,50000.0,20,RMS,POW,LIN,0.7499839100000001,0.00077587869,0.0005818965336118779,38668000.0,-40.91954041
2026-10-07T10:24:06,,2400000000.0,5000000000.0,0,8,10,0.6009377006322857,0.6009376,6204385279.999994,6,64,37500000.0,15000000.0,20000.0,50000.0,20,RMS,POW,LIN,0.7499839100000001,0.00077587869,0.0005818965336118779,38672000.0,-41.33867645
2026-10-07T10:24:06,,2400000000.0,5000000000.0,0,8,10,0.6009377006322857,0.6009376,6204385279.999994,6,64,37500000.0,15000000.0,20000.0,50000.0,20,RMS,POW,LIN,0.7499839100000001,0.00077587869,0.0005818965336118779,38676000.0,-41.2856636
2026-10-07T10:24:06,,2400000000.0,5000000000.0,0,8,10,0.6009377006322857,0.6009376,6204385279.999994,6,64,37500000.0,15000000.0,20000.0,50000.0,20,RMS,POW,LIN,0.7499839100000001,0.00077587869,0.0005818965336118779,38680000.0,-40.82234955
2026-10-07T10:24:06,,2400000000.0,5000000000.0,0,8,10,0.6009377006322857,0.6009376,6204385279.999994,6,64,37500000.0,15000000.0,20000.0,50000.0,20,RMS,POW,LIN,0.7499839100000001,0.00077587869,0.0005818965336118779,38684000.0,-40.18342209
2026-10-07T10:24:06,,2400000000.0,5000000000.0,0,8,10,0.6009377006322857,0.6009376,6204385279.999994,6,64,37500000.0,15000000.0,20000.0,50000.0,20,RMS,POW,LIN,0.7499839100000001,0.00077587869,0.0005818965336118779,38688000.0,-39.60193253
2026-10-07T10:24:06,,2400000000.0,5000000000.0,0,8,10,0.6009377006322857,0.6009376,6204385279.999994,6,64,37500000.0,15000000.0,20000.0,50000.0,20,RMS,POW,LIN,0.7499839100000001,0.00077587869,0.0005818965336118779,38692000.0,-39.1999855
2026-10-07T10:24:06,,2400000000.0,5000000000.0,0,8,10,0.6009377006322857,0.6009376,6204385279.999994,6,64,37500000.0,15000000.0,20000.0,50000.0,20,RMS,POW,LIN,0.7499839100000001,0.00077587869,0.0005818965336118779,38696000.0,-38.99516678
2026-10-07T10:24:06,,2400000000.0,5000000000.0,0,8,10,0.6009377006322857,0.6009376,6204385279.999994,6,64,37500000.0,15000000.0,20000.0,50000.0,20,RMS,POW,LIN,0.7499839100000001,0.00077587869,0.0005818965336118779,38700000.0,-38.94362259
2026-10-07T10:24:06,,2400000000.0,5000000000.0,0,8,10,0.6009377006322857,0.6009376,6204385279.999994,6,64,37500000.0,15000000.0,20000.0,50000.0,20,RMS,POW,LIN,0.7499839100000001,0.00077587869,0.0005818965336118779,38704000.0,-38.97758484
2026-10-07T10:24:06,,2400000000.0,5000000000.0,0,8,10,0.6009377006322857,0.6009376,6204385279.999994,6,64,37500000.0,15000000.0,20000.0,50000.0,20,RMS,POW,LIN,0.7499839100000001,0.00077587869,0.0005818965336118779,38708000.0,-39.03980255
2026-10-07T10:24:06,,2400000000.0,5000000000.0,0,8,10,0.6009377006322857,0.6009376,6204385279.999994,6,64,37500000.0,15000000.0,20000.0,50000.0,20,RMS,POW,LIN,0.7499839100000001,0.00077587869,0.0005818965336118779,38712000.0,-39.10744476
2026-10-07T10:24:06,,2400000000.0,5000000000.0,0,8,10,0.6009377006322857,0.6009376,6204385279.999994,6,64,37500000.0,15000000.0,20000.0,50000.0,20,RMS,POW,LIN,0.7499839100000001,0.00077587869,0.0005818965336118779,38716000.0,-39.17278671
2026-10-07T10:24:06,,2400000000.0,5000000000.0,0,8,10,0.6009377006322857,0.6009376,6204385279.999994,6,64,37500000.0,15000000.0,20000.0,50000.0,20,RMS,POW,LIN,0.7499839100000001,0.00077587869,0.0005818965336118779,38720000.0,-39.18761826
2026-10-07T10:24:06,,2400000000.0,5000000000.0,0,8,10,0.6009377006322857,0.6009376,6204385279.999994,6,64,37500000.0,15000000.0,20000.0,50000.0,20,RMS,POW,LIN,0.7499839100000001,0.00077587869,0.0005818965336118779,38724000.0,-39.05877304
2026-10-07T10:24:06,,2400000000.0,5000000000.0,0,8,10,0.6009377006322857,0.6009376,6204385279.999994,6,64,37500000.0,15000000.0,20000.0,50000.0,20,RMS,POW,LIN,0.7499839100000001,0.00077587869,0.0005818965336118779,38728000.0,-38.76071167
2026-10-07T10:24:06,,2400000000.0,5000000000.0,0,8,10,0.6009377006322857,0.6009376,6204385279.999994,6,64,37500000.0,15000000.0,20000.0,50000.0,20,RMS,POW,LIN,0.7499839100000001,0.00077587869,0.0005818965336118779,38732000.0,-38.43968201
2026-10-07T10:24:06,,2400000000.0,5000000000.0,0,8,10,0.6009377006322857,0.6009376,6204385279.999994,6,64,37500000.0,15000000.0,20000.0,50000.0,20,RMS,POW,LIN,0.7499839100000001,0.00077587869,0.0005818965336118779,38736000.0,-38.34082031
2026-10-07T10:24:06,,2400000000.0,5000000000.0,0,8,10,0.6009377006322857,0.6009376,6204385279.999994,6,64,37500000.0,15000000.0,20000.0,50000.0,20,RMS,POW,LIN,0.7499839100000001,0.00077587869,0.0005818965336118779,38740000.0,-38.65686035
2026-10-07T10:24:06,,2400000000.0,5000000000.0,0,8,10,0.6009377006322857,0.6009376,6204385279.999994,6,64,37500000.0,15000000.0,20000.0,50000.0,20,RMS,POW,LIN,0.7499839100000001,0.00077587869,0.0005818965336118779,38744000.0,-39.42454529
2026-10-07T10:24:06,,2400000000.0,5000000000.0,0,8,10,0.6009377006322857,0.6009376,6204385279.999994,6,64,37500000.0,15000000.0,20000.0,50000.0,20,RMS,POW,LIN,0.7499839100000001,0.00077587869,0.0005818965336118779,38748000.0,-40.41495514
2026-10-07T10:24:06,,2400000000.0,5000000000.0,0,8,10,0.6009377006322857,0.6009376,6204385279.999994,6,64,37500000.0,15000000.0,20000.0,50000.0,20,RMS,POW,LIN,0.7499839100000001,0.00077587869,0.0005818965336118779,38752000.0,-41.06937408
2026-10-07T10:24:06,,2400000000.0,5000000000.0,0,8,10,0.6009377006322857,0.6009376,6204385279.999994,6,64,37500000.0,15000000.0,20000.0,50000.0,20,RMS,POW,LIN,0.7499839100000001,0.00077587869,0.0005818965336118779,38756000.0,-40.95530701
2026-10-07T10:24:06,,2400000000.0,5000000000.0,0,8,10,0.6009377006322857,0.6009376,6204385279.999994,6,64,37500000.0,15000000.0,20000.0,50000.0,20,RMS,POW,LIN,0.7499839100000001,0.00077587869,0.0005818965336118779,38760000.0,-40.36985397
2026-10-07T10:24:06,,2400000000.0,5000000000.0,0,8,10,0.6009377006322857,0.6009376,6204385279.999994,6,64,37500000.0,15000000.0,20000.0,50000.0,20,RMS,POW,LIN,0.7499839100000001,0.00077587869,0.0005818965336118779,38764000.0,-39.84060669
2026-10-07T10:24:06,,2400000000.0,5000000000.0,0,8,10,0.6009377006322857,0.6009376,6204385279.999994,6,64,37500000.0,15000000.0,20000.0,50000.0,20,RMS,POW,LIN,0.7499839100000001,0.00077587869,0.0005818965336118779,38768000.0,-39.58883667
2026-10-07T10:24:06,,2400000000.0,5000000000.0,0,8,10,0.6009377006322857,0.6009376,6204385279.999994,6,64,37500000.0,15000000.0,20000.0,50000.0,20,RMS,POW,LIN,0.7499839100000001,0.00077587869,0.0005818965336118779,38772000.0,-39.59333801
2026-10-07T10:24:06,,2400000000.0,5000000000.0,0,8,10,0.6009377006322857,0.6009376,6204385279.999994,6,64,37500000.0,15000000.0,20000.0,50000.0,20,RMS,POW,LIN,0.7499839100000001,0.00077587869,0.0005818965336118779,38776000.0,-39.76241684
2026-10-07T10:24:06,,2400000000.0,5000000000.0,0,8,10,0.6009377006322857,0.6009376,6204385279.999994,6,64,37500000.0,15000000.0,20000.0,50000.0,20,RMS,POW,LIN,0.7499839100000001,0.00077587869,0.0005818965336118779,38780000.0,-40.0187645
2026-10-07T10:24:06,,2400000000.0,5000000000.0,0,8,10,0.6009377006322857,0.6009376,6204385279.999994,6,64,37500000.0,15000000.0,20000.0,50000.0,20,RMS,POW,LIN,0.7499839100000001,0.00077587869,0.0005818965336118779,38784000.0,-40.27419662
2026-10-07T10:24:06,,2400000000.0,5000000000.0,0,8,10,0.6009377006322857,0.6009376,6204385279.999994,6,64,37500000.0,15000000.0,20000.0,50000.0,20,RMS,POW,LIN,0.7499839100000001,0.00077587869,0.0005818965336118779,38788000.0,-40.37635803
2026-10-07T10:24:06,,2400000000.0,5000000000.0,0,8,10,0.6009377006322857,0.6009376,6204385279.999994,6,64,37500000.0,15000000.0,20000.0,50000.0,20,RMS,POW,LIN,0.7499839100000001,0.00077587869,0.0005818965336118779,38792000.0,-40.18214417
2026-10-07T10:24:06,,2400000000.0,5000000000.0,0,8,10,0.6009377006322857,0.6009376,6204385279.999994,6,64,37500000.0,15000000.0,20000.0,50000.0,20,RMS,POW,LIN,0.7499839100000001,0.00077587869,0.0005818965336118779,38796000.0,-39.71619034
2026-10-07T10:24:06,,2400000000.0,5000000000.0,0,8,10,0.6009377006322857,0.6009376,6204385279.999994,6,64,37500000.0,15000000.0,20000.0,50000.0,20,RMS,POW,LIN,0.7499839100000001,0.00077587869,0.0005818965336118779,38800000.0,-39.14934158
2026-10-07T10:24:06,,2400000000.0,5000000000.0,0,8,10,0.6009377006322857,0.6009376,6204385279.999994,6,64,37500000.0,15000000.0,20000.0,50000.0,20,RMS,POW,LIN,0.7499839100000001,0.00077587869,0.0005818965336118779,38804000.0,-38.6324501
2026-10-07T10:24:06,,2400000000.0,5000000000.0,0,8,10,0.6009377006322857,0.6009376,6204385279.999994,6,64,37500000.0,15000000.0,20000.0,50000.0,20,RMS,POW,LIN,0.7499839100000001,0.00077587869,0.0005818965336118779,38808000.0,-38.22559357
2026-10-07T10:24:06,,2400000000.0,5000000000.0,0,8,10,0.6009377006322857,0.6009376,6204385279.999994,6,64,37500000.0,15000000.0,20000.0,50000.0,20,RMS,POW,LIN,0.7499839100000001,0.00077587869,0.0005818965336118779,38812000.0,-37.93111038
2026-10-07T10:24:06,,2400000000.0,5000000000.0,0,8,10,0.6009377006322857,0.6009376,6204385279.999994,6,64,37500000.0,15000000.0,20000.0,50000.0,20,RMS,POW,LIN,0.7499839100000001,0.00077587869,0.0005818965336118779,38816000.0,-37.73944855
2026-10-07T10:24:06,,2400000000.0,5000000000.0,0,8,10,0.6009377006322857,0.6009376,6204385279.999994,6,64,37500000.0,15000000.0,20000.0,50000.0,20,RMS,POW,LIN,0.7499839100000001,0.00077587869,0.0005818965336118779,38820000.0,-37.64980316
2026-10-07T10:24:06,,2400000000.0,5000000000.0,0,8,10,0.6009377006322857,0.6009376,6204385279.999994,6,64,37500000.0,15000000.0,20000.0,50000.0,20,RMS,POW,LIN,0.7499839100000001,0.00077587869,0.0005818965336118779,38824000.0,-37.66817093
2026-10-07T10:24:06,,2400000000.0,5000000000.0,0,8,10,0.6009377006322857,0.6009376,6204385279.999994,6,64,37500000.0,15000000.0,20000.0,50000.0,20,RMS,POW,LIN,0.7499839100000001,0.00077587869,0.0005818965336118779,38828000.0,-37.79567719
2026-10-07T10:24:06,,2400000000.0,5000000000.0,0,8,10,0.6009377006322857,0.6009376,6204385279.999994,6,64,37500000.0,15000000.0,20000.0,50000.0,20,RMS,POW,LIN,0.7499839100000001,0.00077587869,0.0005818965336118779,38832000.0,-38.01448822
2026-10-07T10:24:06,,2400000000.0,5000000000.0,0,8,10,0.6009377006322857,0.6009376,6204385279.999994,6,64,37500000.0,15000000.0,20000.0,50000.0,20,RMS,POW,LIN,0.7499839100000001,0.00077587869,0.0005818965336118779,38836000.0,-38.27594376
2026-10-07T10:24:06,,2400000000.0,5000000000.0,0,8,10,0.6009377006322857,0.6009376,6204385279.999994,6,64,37500000.0,15000000.0,20000.0,50000.0,20,RMS,POW,LIN,0.7499839100000001,0.00077587869,0.0005818965336118779,38840000.0,-38.50790787
2026-10-07T10:24:06,,2400000000.0,5000000000.0,0,8,10,0.6009377006322857,0.6009376,6204385279.999994,6,64,37500000.0,15000000.0,20000.0,50000.0,20,RMS,POW,LIN,0.7499839100000001,0.00077587869,0.0005818965336118779,38844000.0,-38.65738678
2026-10-07T10:24:06,,2400000000.0,5000000000.0,0,8,10,0.6009377006322857,0.6009376,6204385279.999994,6,64,37500000.0,15000000.0,20000.0,50000.0,20,RMS,POW,LIN,0.7499839100000001,0.00077587869,0.0005818965336118779,38848000.0,-38.73264694
2026-10-07T10:24:06,,2400000000.0,5000000000.0,0,8,10,0.6009377006322857,0.6009376,6204385279.999994,6,64,37500000.0,15000000.0,20000.0,50000.0,20,RMS,POW,LIN,0.7499839100000001,0.00077587869,0.0005818965336118779,38852000.0,-38.78412247
2026-10-07T10:24:06,,2400000000.0,5000000000.0,0,8,10,0.6009377006322857,0.6009376,6204385279.999994,6,64,37500000.0,15000000.0,20000.0,50000.0,20,RMS,POW,LIN,0.7499839100000001,0.00077587869,0.0005818965336118779,38856000.0,-38.85338974
2026-10-07T10:24:06,,2400000000.0,5000000000.0,0,8,10,0.6009377006322857,0.6009376,6204385279.999994,6,64,37500000.0,15000000.0,20000.0,50000.0,20,RMS,POW,LIN,0.7499839100000001,0.00077587869,0.0005818965336118779,38860000.0,-38.96354675
2026-10-07T10:24:06,,2400000000.0,5000000000.0,0,8,10,0.6009377006322857,0.6009376,6204385279.999994,6,64,37500000.0,15000000.0,20000.0,50000.0,20,RMS,POW,LIN,0.7499839100000001,0.00077587869,0.0005818965336118779,38864000.0,-39.13358307
2026-10-07T10:24:06,,2400000000.0,5000000000.0,0,8,10,0.6009377006322857,0.6009376,6204385279.999994,6,64,37500000.0,15000000.0,20000.0,50000.0,20,RMS,POW,LIN,0.7499839100000001,0.00077587869,0.0005818965336118779,38868000.0,-39.34869385
2026-10-07T10:24:06,,2400000000.0,5000000000.0,0,8,10,0.6009377006322857,0.6009376,6204385279.999994,6,64,37500000.0,15000000.0,20000.0,50000.0,20,RMS,POW,LIN,0.7499839100000001,0.00077587869,0.0005818965336118779,38872000.0,-39.50796509
2026-10-07T10:24:06,,2400000000.0,5000000000.0,0,8,10,0.6009377006322857,0.6009376,6204385279.999994,6,64,37500000.0,15000000.0,20000.0,50000.0,20,RMS,POW,LIN,0.7499839100000001,0.00077587869,0.0005818965336118779,38876000.0,-39.47008514
2026-10-07T10:24:06,,2400000000.0,5000000000.0,0,8,10,0.6009377006322857,0.6009376,6204385279.999994,6,64,37500000.0,15000000.0,20000.0,50000.0,20,RMS,POW,LIN,0.7499839100000001,0.00077587869,0.0005818965336118779,38880000.0,-39.21687317
2026-10-07T10:24:06,,2400000000.0,5000000000.0,0,8,10,0.6009377006322857,0.6009376,6204385279.999994,6,64,37500000.0,15000000.0,20000.0,50000.0,20,RMS,POW,LIN,0.7499839100000001,0.00077587869,0.0005818965336118779,38884000.0,-38.90029907
2026-10-07T10:24:06,,2400000000.0,5000000000.0,0,8,10,0.6009377006322857,0.6009376,6204385279.999994,6,64,37500000.0,15000000.0,20000.0,50000.0,20,RMS,POW,LIN,0.7499839100000001,0.00077587869,0.0005818965336118779,38888000.0,-38.68505096
2026-10-07T10:24:06,,2400000000.0,5000000000.0,0,8,10,0.6009377006322857,0.6009376,6204385279.999994,6,64,37500000.0,15000000.0,20000.0,50000.0,20,RMS,POW,LIN,0.7499839100000001,0.00077587869,0.0005818965336118779,38892000.0,-38.62474823
2026-10-07T10:24:06,,2400000000.0,5000000000.0,0,8,10,0.6009377006322857,0.6009376,6204385279.999994,6,64,37500000.0,15000000.0,20000.0,50000.0,20,RMS,POW,LIN,0.7499839100000001,0.00077587869,0.0005818965336118779,38896000.0,-38.67807388
2026-10-07T10:24:06,,2400000000.0,5000000000.0,0,8,10,0.6009377006322857,0.6009376,6204385279.999994,6,64,37500000.0,15000000.0,20000.0,50000.0,20,RMS,POW,LIN,0.7499839100000001,0.00077587869,0.0005818965336118779,38900000.0,-38.78892517
2026-10-07T10:24:06,,2400000000.0,5000000000.0,0,8,10,0.6009377006322857,0.6009376,6204385279.999994,6,64,37500000.0,15000000.0,20000.0,50000.0,20,RMS,POW,LIN,0.7499839100000001,0.00077587869,0.0005818965336118779,38904000.0,-38.93716049
2026-10-07T10:24:06,,2400000000.0,5000000000.0,0,8,10,0.6009377006322857,0.6009376,6204385279.999994,6,64,37500000.0,15000000.0,20000.0,50000.0,20,RMS,POW,LIN,0.7499839100000001,0.00077587869,0.0005818965336118779,38908000.0,-39.11906433
2026-10-07T10:24:06,,2400000000.0,5000000000.0,0,8,10,0.6009377006322857,0.6009376,6204385279.999994,6,64,37500000.0,15000000.0,20000.0,50000.0,20,RMS,POW,LIN,0.7499839100000001,0.00077587869,0.0005818965336118779,38912000.0,-39.30190277
2026-10-07T10:24:06,,2400000000.0,5000000000.0,0,8,10,0.6009377006322857,0.6009376,6204385279.999994,6,64,37500000.0,15000000.0,20000.0,50000.0,20,RMS,POW,LIN,0.7499839100000001,0.00077587869,0.0005818965336118779,38916000.0,-39.41335678
2026-10-07T10:24:06,,2400000000.0,5000000000.0,0,8,10,0.6009377006322857,0.6009376,6204385279.999994,6,64,37500000.0,15000000.0,20000.0,50000.0,20,RMS,POW,LIN,0.7499839100000001,0.00077587869,0.0005818965336118779,38920000.0,-39.37420273
2026-10-07T10:24:06,,2400000000.0,5000000000.0,0,8,10,0.6009377006322857,0.6009376,6204385279.999994,6,64,37500000.0,15000000.0,20000.0,50000.0,20,RMS,POW,LIN,0.7499839100000001,0.00077587869,0.0005818965336118779,38924000.0,-39.1484108
2026-10-07T10:24:06,,2400000000.0,5000000000.0,0,8,10,0.6009377006322857,0.6009376,6204385279.999994,6,64,37500000.0,15000000.0,20000.0,50000.0,20,RMS,POW,LIN,0.7499839100000001,0.00077587869,0.0005818965336118779,38928000.0,-38.77498627
2026-10-07T10:24:06,,2400000000.0,5000000000.0,0,8,10,0.6009377006322857,0.6009376,6204385279.999994,6,64,37500000.0,15000000.0,20000.0,50000.0,20,RMS,POW,LIN,0.7499839100000001,0.00077587869,0.0005818965336118779,38932000.0,-38.3559227
2026-10-07T10:24:06,,2400000000.0,5000000000.0,0,8,10,0.6009377006322857,0.6009376,6204385279.999994,6,64,37500000.0,15000000.0,20000.0,50000.0,20,RMS,POW,LIN,0.7499839100000001,0.00077587869,0.0005818965336118779,38936000.0,-38.01675415
2026-10-07T10:24:06,,2400000000.0,5000000000.0,0,8,10,0.6009377006322857,0.6009376,6204385279.999994,6,64,37500000.0,15000000.0,20000.0,50000.0,20,RMS,POW,LIN,0.7499839100000001,0.00077587869,0.0005818965336118779,38940000.0,-37.87205124
2026-10-07T10:24:06,,2400000000.0,5000000000.0,0,8,10,0.6009377006322857,0.6009376,6204385279.999994,6,64,37500000.0,15000000.0,20000.0,50000.0,20,RMS,POW,LIN,0.7499839100000001,0.00077587869,0.0005818965336118779,38944000.0,-37.99734879
2026-10-07T10:24:06,,2400000000.0,5000000000.0,0,8,10,0.6009377006322857,0.6009376,6204385279.999994,6,64,37500000.0,15000000.0,20000.0,50000.0,20,RMS,POW,LIN,0.7499839100000001,0.00077587869,0.0005818965336118779,38948000.0,-38.39429092
2026-10-07T10:24:06,,2400000000.0,5000000000.0,0,8,10,0.6009377006322857,0.6009376,6204385279.999994,6,64,37500000.0,15000000.0,20000.0,50000.0,20,RMS,POW,LIN,0.7499839100000001,0.00077587869,0.0005818965336118779,38952000.0,-38.95742035
2026-10-07T10:24:06,,2400000000.0,5000000000.0,0,8,10,0.6009377006322857,0.6009376,6204385279.999994,6,64,37500000.0,15000000.0,20000.0,50000.0,20,RMS,POW,LIN,0.7499839100000001,0.00077587869,0.0005818965336118779,38956000.0,-39.49282074
2026-10-07T10:24:06,,2400000000.0,5000000000.0,0,8,10,0.6009377006322857,0.6009376,6204385279.999994,6,64,37500000.0,15000000.0,20000.0,50000.0,20,RMS,POW,LIN,0.7499839100000001,0.00077587869,0.0005818965336118779,38960000.0,-39.83665085
2026-10-07T10:24:06,,2400000000.0,5000000000.0,0,8,10,0.6009377006322857,0.6009376,6204385279.999994,6,64,37500000.0,15000000.0,20000.0,50000.0,20,RMS,POW,LIN,0.7499839100000001,0.00077587869,0.0005818965336118779,38964000.0,-39.96181107
2026-10-07T10:24:06,,2400000000.0,5000000000.0,0,8,10,0.6009377006322857,0.6009376,6204385279.999994,6,64,37500000.0,15000000.0,20000.0,50000.0,20,RMS,POW,LIN,0.7499839100000001,0.00077587869,0.0005818965336118779,38968000.0,-39.90563965
2026-10-07T10:24:06,,2400000000.0,5000000000.0,0,8,10,0.6009377006322857,0.6009376,6204385279.999994,6,64,37500000.0,15000000.0,20000.0,50000.0,20,RMS,POW,LIN,0.7499839100000001,0.00077587869,0.0005818965336118779,38972000.0,-39.66098785
2026-10-07T10:24:06,,2400000000.0,5000000000.0,0,8,10,0.6009377006322857,0.6009376,6204385279.999994,6,64,37500000.0,15000000.0,20000.0,50000.0,20,RMS,POW,LIN,0.7499839100000001,0.00077587869,0.0005818965336118779,38976000.0,-39.22939682
2026-10-07T10:24:06,,2400000000.0,5000000000.0,0,8,10,0.6009377006322857,0.6009376,6204385279.999994,6,64,37500000.0,15000000.0,20000.0,50000.0,20,RMS,POW,LIN,0.7499839100000001,0.00077587869,0.0005818965336118779,38980000.0,-38.72068405
2026-10-07T10:24:06,,2400000000.0,5000000000.0,0,8,10,0.6009377006322857,0.6009376,6204385279.999994,6,64,37500000.0,15000000.0,20000.0,50000.0,20,RMS,POW,LIN,0.7499839100000001,0.00077587869,0.0005818965336118779,38984000.0,-38.31198502
2026-10-07T10:24:06,,2400000000.0,5000000000.0,0,8,10,0.6009377006322857,0.6009376,6204385279.999994,6,64,37500000.0,15000000.0,20000.0,50000.0,20,RMS,POW,LIN,0.7499839100000001,0.00077587869,0.0005818965336118779,38988000.0,-38.13178253
2026-10-07T10:24:06,,2400000000.0,5000000000.0,0,8,10,0.6009377006322857,0.6009376,6204385279.999994,6,64,37500000.0,15000000.0,20000.0,50000.0,20,RMS,POW,LIN,0.7499839100000001,0.00077587869,0.0005818965336118779,38992000.0,-38.19915771
2026-10-07T10:24:06,,2400000000.0,5000000000.0,0,8,10,0.6009377006322857,0.6009376,6204385279.999994,6,64,37500000.0,15000000.0,20000.0,50000.0,20,RMS,POW,LIN,0.7499839100000001,0.00077587869,0.0005818965336118779,38996000.0,-38.4277153
2026-10-07T10:24:06,,2400000000.0,5000000000.0,0,8,10,0.6009377006322857,0.6009376,6204385279.999994,6,64,37500000.0,15000000.0,20000.0,50000.0,20,RMS,POW,LIN,0.7499839100000001,0.00077587869,0.0005818965336118779,39000000.0,-38.67657852
2026-10-07T10:24:06,,2400000000.0,5000000000.0,0,8,10,0.6009377006322857,0.6009376,6204385279.999994,6,64,37500000.0,15000000.0,20000.0,50000.0,20,RMS,POW,LIN,0.7499839100000001,0.00077587869,0.0005818965336118779,39004000.0,-38.83735275
2026-10-07T10:24:06,,2400000000.0,5000000000.0,0,8,10,0.6009377006322857,0.6009376,6204385279.999994,6,64,37500000.0,15000000.0,20000.0,50000.0,20,RMS,POW,LIN,0.7499839100000001,0.00077587869,0.0005818965336118779,39008000.0,-38.89547348
2026-10-07T10:24:06,,2400000000.0,5000000000.0,0,8,10,0.6009377006322857,0.6009376,6204385279.999994,6,64,37500000.0,15000000.0,20000.0,50000.0,20,RMS,POW,LIN,0.7499839100000001,0.00077587869,0.0005818965336118779,39012000.0,-38.90477753
2026-10-07T10:24:06,,2400000000.0,5000000000.0,0,8,10,0.6009377006322857,0.6009376,6204385279.999994,6,64,37500000.0,15000000.0,20000.0,50000.0,20,RMS,POW,LIN,0.7499839100000001,0.00077587869,0.0005818965336118779,39016000.0,-38.91966248
2026-10-07T10:24:06,,2400000000.0,5000000000.0,0,8,10,0.6009377006322857,0.6009376,6204385279.999994,6,64,37500000.0,15000000.0,20000.0,50000.0,20,RMS,POW,LIN,0.7499839100000001,0.00077587869,0.0005818965336118779,39020000.0,-38.96141052
2026-10-07T10:24:06,,2400000000.0,5000000000.0,0,8,10,0.6009377006322857,0.6009376,6204385279.999994,6,64,37500000.0,15000000.0,20000.0,50000.0,20,RMS,POW,LIN,0.7499839100000001,0.00077587869,0.0005818965336118779,39024000.0,-39.03095627
2026-10-07T10:24:06,,2400000000.0,5000000000.0,0,8,10,0.6009377006322857,0.6009376,6204385279.999994,6,64,37500000.0,15000000.0,20000.0,50000.0,20,RMS,POW,LIN,0.7499839100000001,0.00077587869,0.0005818965336118779,39028000.0,-39.13820648
2026-10-07T10:24:06,,2400000000.0,5000000000.0,0,8,10,0.6009377006322857,0.6009376,6204385279.999994,6,64,37500000.0,15000000.0,20000.0,50000.0,20,RMS,POW,LIN,0.7499839100000001,0.00077587869,0.0005818965336118779,39032000.0,-39.30794525
2026-10-07T10:24:06,,2400000000.0,5000000000.0,0,8,10,0.6009377006322857,0.6009376,6204385279.999994,6,64,37500000.0,15000000.0,20000.0,50000.0,20,RMS,POW,LIN,0.7499839100000001,0.00077587869,0.0005818965336118779,39036000.0,-39.54131699
2026-10-07T10:24:06,,2400000000.0,5000000000.0,0,8,10,0.6009377006322857,0.6009376,6204385279.999994,6,64,37500000.0,15000000.0,20000.0,50000.0,20,RMS,POW,LIN,0.7499839100000001,0.00077587869,0.0005818965336118779,39040000.0,-39.76336288
2026-10-07T10:24:06,,2400000000.0,5000000000.0,0,8,10,0.6009377006322857,0.6009376,6204385279.999994,6,64,37500000.0,15000000.0,20000.0,50000.0,20,RMS,POW,LIN,0.7499839100000001,0.00077587869,0.0005818965336118779,39044000.0,-39.83094025
2026-10-07T10:24:06,,2400000000.0,5000000000.0,0,8,10,0.6009377006322857,0.6009376,6204385279.999994,6,64,37500000.0,15000000.0,20000.0,50000.0,20,RMS,POW,LIN,0.7499839100000001,0.00077587869,0.0005818965336118779,39048000.0,-39.6447525
2026-10-07T10:24:06,,2400000000.0,5000000000.0,0,8,10,0.6009377006322857,0.6009376,6204385279.999994,6,64,37500000.0,15000000.0,20000.0,50000.0,20,RMS,POW,LIN,0.7499839100000001,0.00077587869,0.0005818965336118779,39052000.0,-39.25939941
2026-10-07T10:24:06,,2400000000.0,5000000000.0,0,8,10,0.6009377006322857,0.6009376,6204385279.999994,6,64,37500000.0,15000000.0,20000.0,50000.0,20,RMS,POW,LIN,0.7499839100000001,0.00077587869,0.0005818965336118779,39056000.0,-38.84519196
2026-10-07T10:24:06,,2400000000.0,5000000000.0,0,8,10,0.6009377006322857,0.6009376,6204385279.999994,6,64,37500000.0,15000000.0,20000.0,50000.0,20,RMS,POW,LIN,0.7499839100000001,0.00077587869,0.0005818965336118779,39060000.0,-38.57091522
2026-10-07T10:24:06,,2400000000.0,5000000000.0,0,8,10,0.6009377006322857,0.6009376,6204385279.999994,6,64,37500000.0,15000000.0,20000.0,50000.0,20,RMS,POW,LIN,0.7499839100000001,0.00077587869,0.0005818965336118779,39064000.0,-38.53369904
2026-10-07T10:24:06,,2400000000.0,5000000000.0,0,8,10,0.6009377006322857,0.6009376,6204385279.999994,6,64,37500000.0,15000000.0,20000.0,50000.0,20,RMS,POW,LIN,0.7499839100000001,0.00077587869,0.0005818965336118779,39068000.0,-38.74238205
2026-10-07T10:24:06,,2400000000.0,5000000000.0,0,8,10,0.6009377006322857,0.6009376,6204385279.999994,6,64,37500000.0,15000000.0,20000.0,50000.0,20,RMS,POW,LIN,0.7499839100000001,0.00077587869,0.0005818965336118779,39072000.0,-39.13290405
2026-10-07T10:24:06,,2400000000.0,5000000000.0,0,8,10,0.6009377006322857,0.6009376,6204385279.999994,6,64,37500000.0,15000000.0,20000.0,50000.0,20,RMS,POW,LIN,0.7499839100000001,0.00077587869,0.0005818965336118779,39076000.0,-39.610466
2026-10-07T10:24:06,,2400000000.0,5000000000.0,0,8,10,0.6009377006322857,0.6009376,6204385279.999994,6,64,37500000.0,15000000.0,20000.0,50000.0,20,RMS,POW,LIN,0.7499839100000001,0.00077587869,0.0005818965336118779,39080000.0,-40.08530807
2026-10-07T10:24:06,,2400000000.0,5000000000.0,0,8,10,0.6009377006322857,0.6009376,6204385279.999994,6,64,37500000.0,15000000.0,20000.0,50000.0,20,RMS,POW,LIN,0.7499839100000001,0.00077587869,0.0005818965336118779,39084000.0,-40.45900726
2026-10-07T10:24:06,,2400000000.0,5000000000.0,0,8,10,0.6009377006322857,0.6009376,6204385279.999994,6,64,37500000.0,15000000.0,20000.0,50000.0,20,RMS,POW,LIN,0.7499839100000001,0.00077587869,0.0005818965336118779,39088000.0,-40.61887741
2026-10-07T10:24:06,,2400000000.0,5000000000.0,0,8,10,0.6009377006322857,0.6009376,6204385279.999994,6,64,37500000.0,15000000.0,20000.0,50000.0,20,RMS,POW,LIN,0.7499839100000001,0.00077587869,0.0005818965336118779,39092000.0,-40.53679657
2026-10-07T10:24:06,,2400000000.0,5000000000.0,0,8,10,0.6009377006322857,0.6009376,6204385279.999994,6,64,37500000.0,15000000.0,20000.0,50000.0,20,RMS,POW,LIN,0.7499839100000001,0.00077587869,0.0005818965336118779,39096000.0,-40.34322739
2026-10-07T10:24:06,,2400000000.0,5000000000.0,0,8,10,0.6009377006322857,0.6009376,6204385279.999994,6,64,37500000.0,15000000.0,20000.0,50000.0,20,RMS,POW,LIN,0.7499839100000001,0.00077587869,0.0005818965336118779,39100000.0,-40.20675278
2026-10-07T10:24:06,,2400000000.0,5000000000.0,0,8,10,0.6009377006322857,0.6009376,6204385279.999994,6,64,37500000.0,15000000.0,20000.0,50000.0,20,RMS,POW,LIN,0.7499839100000001,0.00077587869,0.0005818965336118779,39104000.0,-40.17386246
2026-10-07T10:24:06,,2400000000.0,5000000000.0,0,8,10,0.6009377006322857,0.6009376,6204385279.999994,6,64,37500000.0,15000000.0,20000.0,50000.0,20,RMS,POW,LIN,0.7499839100000001,0.00077587869,0.0005818965336118779,39108000.0,-40.14193726
2026-10-07T10:24:06,,2400000000.0,5000000000.0,0,8,10,0.6009377006322857,0.6009376,6204385279.999994,6,64,37500000.0,15000000.0,20000.0,50000.0,20,RMS,POW,LIN,0.7499839100000001,0.00077587869,0.0005818965336118779,39112000.0,-39.9667511
2026-10-07T10:24:06,,2400000000.0,5000000000.0,0,8,10,0.6009377006322857,0.6009376,6204385279.999994,6,64,37500000.0,15000000.0,20000.0,50000.0,20,RMS,POW,LIN,0.7499839100000001,0.00077587869,0.0005818965336118779,39116000.0,-39.61145782
2026-10-07T10:24:06,,2400000000.0,5000000000.0,0,8,10,0.6009377006322857,0.6009376,6204385279.999994,6,64,37500000.0,15000000.0,20000.0,50000.0,20,RMS,POW,LIN,0.7499839100000001,0.00077587869,0.0005818965336118779,39120000.0,-39.18035507
2026-10-07T10:24:06,,2400000000.0,5000000000.0,0,8,10,0.6009377006322857,0.6009376,6204385279.999994,6,64,37500000.0,15000000.0,20000.0,50000.0,20,RMS,POW,LIN,0.7499839100000001,0.00077587869,0.0005818965336118779,39124000.0,-38.82501602
2026-10-07T10:24:06,,2400000000.0,5000000000.0,0,8,10,0.6009377006322857,0.6009376,6204385279.999994,6,64,37500000.0,15000000.0,20000.0,50000.0,20,RMS,POW,LIN,0.7499839100000001,0.00077587869,0.0005818965336118779,39128000.0,-38.65679169
2026-10-07T10:24:06,,2400000000.0,5000000000.0,0,8,10,0.6009377006322857,0.6009376,6204385279.999994,6,64,37500000.0,15000000.0,20000.0,50000.0,20,RMS,POW,LIN,0.7499839100000001,0.00077587869,0.0005818965336118779,39132000.0,-38.70637131
2026-10-07T10:24:06,,2400000000.0,5000000000.0,0,8,10,0.6009377006322857,0.6009376,6204385279.999994,6,64,37500000.0,15000000.0,20000.0,50000.0,20,RMS,POW,LIN,0.7499839100000001,0.00077587869,0.0005818965336118779,39136000.0,-38.9005127
2026-10-07T10:24:06,,2400000000.0,5000000000.0,0,8,10,0.6009377006322857,0.6009376,6204385279.999994,6,64,37500000.0,15000000.0,20000.0,50000.0,20,RMS,POW,LIN,0.7499839100000001,0.00077587869,0.0005818965336118779,39140000.0,-39.08344269
2026-10-07T10:24:06,,2400000000.0,5000000000.0,0,8,10,0.6009377006322857,0.6009376,6204385279.999994,6,64,37500000.0,15000000.0,20000.0,50000.0,20,RMS,POW,LIN,0.7499839100000001,0.00077587869,0.0005818965336118779,39144000.0,-39.15234756
2026-10-07T10:24:06,,2400000000.0,5000000000.0,0,8,10,0.6009377006322857,0.6009376,6204385279.999994,6,64,37500000.0,15000000.0,20000.0,50000.0,20,RMS,POW,LIN,0.7499839100000001,0.00077587869,0.0005818965336118779,39148000.0,-39.20605469
2026-10-07T10:24:06,,2400000000.0,5000000000.0,0,8,10,0.6009377006322857,0.6009376,6204385279.999994,6,64,37500000.0,15000000.0,20000.0,50000.0,20,RMS,POW,LIN,0.7499839100000001,0.00077587869,0.0005818965336118779,39152000.0,-39.47092056
2026-10-07T10:24:06,,2400000000.0,5000000000.0,0,8,10,0.6009377006322857,0.6009376,6204385279.999994,6,64,37500000.0,15000000.0,20000.0,50000.0,20,RMS,POW,LIN,0.7499839100000001,0.00077587869,0.0005818965336118779,39156000.0,-40.06787109
2026-10-07T10:24:06,,2400000000.0,5000000000.0,0,8,10,0.6009377006322857,0.6009376,6204385279.999994,6,64,37500000.0,15000000.0,20000.0,50000.0,20,RMS,POW,LIN,0.7499839100000001,0.00077587869,0.0005818965336118779,39160000.0,-40.80400467
2026-10-07T10:24:06,,2400000000.0,5000000000.0,0,8,10,0.6009377006322857,0.6009376,6204385279.999994,6,64,37500000.0,15000000.0,20000.0,50000.0,20,RMS,POW,LIN,0.7499839100000001,0.00077587869,0.0005818965336118779,39164000.0,-41.14035797
2026-10-07T10:24:06,,2400000000.0,5000000000.0,0,8,10,0.6009377006322857,0.6009376,6204385279.999994,6,64,37500000.0,15000000.0,20000.0,50000.0,20,RMS,POW,LIN,0.7499839100000001,0.00077587869,0.0005818965336118779,39168000.0,-40.75737381
2026-10-07T10:24:06,,2400000000.0,5000000000.0,0,8,10,0.6009377006322857,0.6009376,6204385279.999994,6,64,37500000.0,15000000.0,20000.0,50000.0,20,RMS,POW,LIN,0.7499839100000001,0.00077587869,0.0005818965336118779,39172000.0,-40.03762054
2026-10-07T10:24:06,,2400000000.0,5000000000.0,0,8,10,0.6009377006322857,0.6009376,6204385279.999994,6,64,37500000.0,15000000.0,20000.0,50000.0,20,RMS,POW,LIN,0.7499839100000001,0.00077587869,0.0005818965336118779,39176000.0,-39.43289185
2026-10-07T10:24:06,,2400000000.0,5000000000.0,0,8,10,0.6009377006322857,0.6009376,6204385279.999994,6,64,37500000.0,15000000.0,20000.0,50000.0,20,RMS,POW,LIN,0.7499839100000001,0.00077587869,0.0005818965336118779,39180000.0,-39.01221466
2026-10-07T10:24:06,,2400000000.0,5000000000.0,0,8,10,0.6009377006322857,0.6009376,6204385279.999994,6,64,37500000.0,15000000.0,20000.0,50000.0,20,RMS,POW,LIN,0.7499839100000001,0.00077587869,0.0005818965336118779,39184000.0,-38.6146698
2026-10-07T10:24:06,,2400000000.0,5000000000.0,0,8,10,0.6009377006322857,0.6009376,6204385279.999994,6,64,37500000.0,15000000.0,20000.0,50000.0,20,RMS,POW,LIN,0.7499839100000001,0.00077587869,0.0005818965336118779,39188000.0,-38.15110397
2026-10-07T10:24:06,,2400000000.0,5000000000.0,0,8,10,0.6009377006322857,0.6009376,6204385279.999994,6,64,37500000.0,15000000.0,20000.0,50000.0,20,RMS,POW,LIN,0.7499839100000001,0.00077587869,0.0005818965336118779,39192000.0,-37.73521805
2026-10-07T10:24:06,,2400000000.0,5000000000.0,0,8,10,0.6009377006322857,0.6009376,6204385279.999994,6,64,37500000.0,15000000.0,20000.0,50000.0,20,RMS,POW,LIN,0.7499839100000001,0.00077587869,0.0005818965336118779,39196000.0,-37.53627396
2026-10-07T10:24:06,,2400000000.0,5000000000.0,0,8,10,0.6009377006322857,0.6009376,6204385279.999994,6,64,37500000.0,15000000.0,20000.0,50000.0,20,RMS,POW,LIN,0.7499839100000001,0.00077587869,0.0005818965336118779,39200000.0,-37.62175751
2026-10-07T10:24:06,,2400000000.0,5000000000.0,0,8,10,0.6009377006322857,0.6009376,6204385279.999994,6,64,37500000.0,15000000.0,20000.0,50000.0,20,RMS,POW,LIN,0.7499839100000001,0.00077587869,0.0005818965336118779,39204000.0,-37.94800186
2026-10-07T10:24:06,,2400000000.0,5000000000.0,0,8,10,0.6009377006322857,0.6009376,6204385279.999994,6,64,37500000.0,15000000.0,20000.0,50000.0,20,RMS,POW,LIN,0.7499839100000001,0.00077587869,0.0005818965336118779,39208000.0,-38.42795181
2026-10-07T10:24:06,,2400000000.0,5000000000.0,0,8,10,0.6009377006322857,0.6009376,6204385279.999994,6,64,37500000.0,15000000.0,20000.0,50000.0,20,RMS,POW,LIN,0.7499839100000001,0.00077587869,0.0005818965336118779,39212000.0,-38.98031235
2026-10-07T10:24:06,,2400000000.0,5000000000.0,0,8,10,0.6009377006322857,0.6009376,6204385279.999994,6,64,37500000.0,15000000.0,20000.0,50000.0,20,RMS,POW,LIN,0.7499839100000001,0.00077587869,0.0005818965336118779,39216000.0,-39.51993179
2026-10-07T10:24:06,,2400000000.0,5000000000.0,0,8,10,0.6009377006322857,0.6009376,6204385279.999994,6,64,37500000.0,15000000.0,20000.0,50000.0,20,RMS,POW,LIN,0.7499839100000001,0.00077587869,0.0005818965336118779,39220000.0,-39.95415878
2026-10-07T10:24:06,,2400000000.0,5000000000.0,0,8,10,0.6009377006322857,0.6009376,6204385279.999994,6,64,37500000.0,15000000.0,20000.0,50000.0,20,RMS,POW,LIN,0.7499839100000001,0.00077587869,0.0005818965336118779,39224000.0,-40.25378036
2026-10-07T10:24:06,,2400000000.0,5000000000.0,0,8,10,0.6009377006322857,0.6009376,6204385279.999994,6,64,37500000.0,15000000.0,20000.0,50000.0,20,RMS,POW,LIN,0.7499839100000001,0.00077587869,0.0005818965336118779,39228000.0,-40.49858093
2026-10-07T10:24:06,,2400000000.0,5000000000.0,0,8,10,0.6009377006322857,0.6009376,6204385279.999994,6,64,37500000.0,15000000.0,20000.0,50000.0,20,RMS,POW,LIN,0.7499839100000001,0.00077587869,0.0005818965336118779,39232000.0,-40.78591156
2026-10-07T10:24:06,,2400000000.0,5000000000.0,0,8,10,0.6009377006322857,0.6009376,6204385279.999994,6,64,37500000.0,15000000.0,20000.0,50000.0,20,RMS,POW,LIN,0.7499839100000001,0.00077587869,0.0005818965336118779,39236000.0,-41.10258865
2026-10-07T10:24:06,,2400000000.0,5000000000.0,0,8,10,0.6009377006322857,0.6009376,6204385279.999994,6,64,37500000.0,15000000.0,20000.0,50000.0,20,RMS,POW,LIN,0.7499839100000001,0.00077587869,0.0005818965336118779,39240000.0,-41.29264069
2026-10-07T10:24:06,,2400000000.0,5000000000.0,0,8,10,0.6009377006322857,0.6009376,6204385279.999994,6,64,37500000.0,15000000.0,20000.0,50000.0,20,RMS,POW,LIN,0.7499839100000001,0.00077587869,0.0005818965336118779,39244000.0,-41.1568985
2026-10-07T10:24:06,,2400000000.0,5000000000.0,0,8,10,0.6009377006322857,0.6009376,6204385279.999994,6,64,37500000.0,15000000.0,20000.0,50000.0,20,RMS,POW,LIN,0.7499839100000001,0.00077587869,0.0005818965336118779,39248000.0,-40.61922455
2026-10-07T10:24:06,,2400000000.0,5000000000.0,0,8,10,0.6009377006322857,0.6009376,6204385279.999994,6,64,37500000.0,15000000.0,20000.0,50000.0,20,RMS,POW,LIN,0.7499839100000001,0.00077587869,0.0005818965336118779,39252000.0,-39.79390335
2026-10-07T10:24:06,,2400000000.0,5000000000.0,0,8,10,0.6009377006322857,0.6009376,6204385279.999994,6,64,37500000.0,15000000.0,20000.0,50000.0,20,RMS,POW,LIN,0.7499839100000001,0.00077587869,0.0005818965336118779,39256000.0,-38.91293335
2026-10-07T10:24:06,,2400000000.0,5000000000.0,0,8,10,0.6009377006322857,0.6009376,6204385279.999994,6,64,37500000.0,15000000.0,20000.0,50000.0,20,RMS,POW,LIN,0.7499839100000001,0.00077587869,0.0005818965336118779,39260000.0,-38.22056198
2026-10-07T10:24:06,,2400000000.0,5000000000.0,0,8,10,0.6009377006322857,0.6009376,6204385279.999994,6,64,37500000.0,15000000.0,20000.0,50000.0,20,RMS,POW,LIN,0.7499839100000001,0.00077587869,0.0005818965336118779,39264000.0,-37.89216232
2026-10-07T10:24:06,,2400000000.0,5000000000.0,0,8,10,0.6009377006322857,0.6009376,6204385279.999994,6,64,37500000.0,15000000.0,20000.0,50000.0,20,RMS,POW,LIN,0.7499839100000001,0.00077587869,0.0005818965336118779,39268000.0,-37.973423
2026-10-07T10:24:06,,2400000000.0,5000000000.0,0,8,10,0.6009377006322857,0.6009376,6204385279.999994,6,64,37500000.0,15000000.0,20000.0,50000.0,20,RMS,POW,LIN,0.7499839100000001,0.00077587869,0.0005818965336118779,39272000.0,-38.32057571
2026-10-07T10:24:06,,2400000000.0,5000000000.0,0,8,10,0.6009377006322857,0.6009376,6204385279.999994,6,64,37500000.0,15000000.0,20000.0,50000.0,20,RMS,POW,LIN,0.7499839100000001,0.00077587869,0.0005818965336118779,39276000.0,-38.59868622
2026-10-07T10:24:06,,2400000000.0,5000000000.0,0,8,10,0.6009377006322857,0.6009376,6204385279.999994,6,64,37500000.0,15000000.0,20000.0,50000.0,20,RMS,POW,LIN,0.7499839100000001,0.00077587869,0.0005818965336118779,39280000.0,-38.53532028
2026-10-07T10:24:06,,2400000000.0,5000000000.0,0,8,10,0.6009377006322857,0.6009376,6204385279.999994,6,64,37500000.0,15000000.0,20000.0,50000.0,20,RMS,POW,LIN,0.7499839100000001,0.00077587869,0.0005818965336118779,39284000.0,-38.25327301
2026-10-07T10:24:06,,2400000000.0,5000000000.0,0,8,10,0.6009377006322857,0.6009376,6204385279.999994,6,64,37500000.0,15000000.0,20000.0,50000.0,20,RMS,POW,LIN,0.7499839100000001,0.00077587869,0.0005818965336118779,39288000.0,-38.09535217
2026-10-07T10:24:06,,2400000000.0,5000000000.0,0,8,10,0.6009377006322857,0.6009376,6204385279.999994,6,64,37500000.0,15000000.0,20000.0,50000.0,20,RMS,POW,LIN,0.7499839100000001,0.00077587869,0.0005818965336118779,39292000.0,-38.25524139
2026-10-07T10:24:06,,2400000000.0,5000000000.0,0,8,10,0.6009377006322857,0.6009376,6204385279.999994,6,64,37500000.0,15000000.0,20000.0,50000.0,20,RMS,POW,LIN,0.7499839100000001,0.00077587869,0.0005818965336118779,39296000.0,-38.67350006
2026-10-07T10:24:06,,2400000000.0,5000000000.0,0,8,10,0.6009377006322857,0.6009376,6204385279.999994,6,64,37500000.0,15000000.0,20000.0,50000.0,20,RMS,POW,LIN,0.7499839100000001,0.00077587869,0.0005818965336118779,39300000.0,-39.10005951
2026-10-07T10:24:06,,2400000000.0,5000000000.0,0,8,10,0.6009377006322857,0.6009376,6204385279.999994,6,64,37500000.0,15000000.0,20000.0,50000.0,20,RMS,POW,LIN,0.7499839100000001,0.00077587869,0.0005818965336118779,39304000.0,-39.29130173
2026-10-07T10:24:06,,2400000000.0,5000000000.0,0,8,10,0.6009377006322857,0.6009376,6204385279.999994,6,64,37500000.0,15000000.0,20000.0,50000.0,20,RMS,POW,LIN,0.7499839100000001,0.00077587869,0.0005818965336118779,39308000.0,-39.23923111
2026-10-07T10:24:06,,2400000000.0,5000000000.0,0,8,10,0.6009377006322857,0.6009376,6204385279.999994,6,64,37500000.0,15000000.0,20000.0,50000.0,20,RMS,POW,LIN,0.7499839100000001,0.00077587869,0.0005818965336118779,39312000.0,-39.10693359
2026-10-07T10:24:06,,2400000000.0,5000000000.0,0,8,10,0.6009377006322857,0.6009376,6204385279.999994,6,64,37500000.0,15000000.0,20000.0,50000.0,20,RMS,POW,LIN,0.7499839100000001,0.00077587869,0.0005818965336118779,39316000.0,-38.99326324
2026-10-07T10:24:06,,2400000000.0,5000000000.0,0,8,10,0.6009377006322857,0.6009376,6204385279.999994,6,64,37500000.0,15000000.0,20000.0,50000.0,20,RMS,POW,LIN,0.7499839100000001,0.00077587869,0.0005818965336118779,39320000.0,-38.88062286
2026-10-07T10:24:06,,2400000000.0,5000000000.0,0,8,10,0.6009377006322857,0.6009376,6204385279.999994,6,64,37500000.0,15000000.0,20000.0,50000.0,20,RMS,POW,LIN,0.7499839100000001,0.00077587869,0.0005818965336118779,39324000.0,-38.73841095
2026-10-07T10:24:06,,2400000000.0,5000000000.0,0,8,10,0.6009377006322857,0.6009376,6204385279.999994,6,64,37500000.0,15000000.0,20000.0,50000.0,20,RMS,POW,LIN,0.7499839100000001,0.00077587869,0.0005818965336118779,39328000.0,-38.58239746
2026-10-07T10:24:06,,2400000000.0,5000000000.0,0,8,10,0.6009377006322857,0.6009376,6204385279.999994,6,64,37500000.0,15000000.0,20000.0,50000.0,20,RMS,POW,LIN,0.7499839100000001,0.00077587869,0.0005818965336118779,39332000.0,-38.42755508
2026-10-07T10:24:06,,2400000000.0,5000000000.0,0,8,10,0.6009377006322857,0.6009376,6204385279.999994,6,64,37500000.0,15000000.0,20000.0,50000.0,20,RMS,POW,LIN,0.7499839100000001,0.00077587869,0.0005818965336118779,39336000.0,-38.25639343
2026-10-07T10:24:06,,2400000000.0,5000000000.0,0,8,10,0.6009377006322857,0.6009376,6204385279.999994,6,64,37500000.0,15000000.0,20000.0,50000.0,20,RMS,POW,LIN,0.7499839100000001,0.00077587869,0.0005818965336118779,39340000.0,-38.07593155
2026-10-07T10:24:06,,2400000000.0,5000000000.0,0,8,10,0.6009377006322857,0.6009376,6204385279.999994,6,64,37500000.0,15000000.0,20000.0,50000.0,20,RMS,POW,LIN,0.7499839100000001,0.00077587869,0.0005818965336118779,39344000.0,-37.96067429
2026-10-07T10:24:06,,2400000000.0,5000000000.0,0,8,10,0.6009377006322857,0.6009376,6204385279.999994,6,64,37500000.0,15000000.0,20000.0,50000.0,20,RMS,POW,LIN,0.7499839100000001,0.00077587869,0.0005818965336118779,39348000.0,-37.99027634
2026-10-07T10:24:06,,2400000000.0,5000000000.0,0,8,10,0.6009377006322857,0.6009376,6204385279.999994,6,64,37500000.0,15000000.0,20000.0,50000.0,20,RMS,POW,LIN,0.7499839100000001,0.00077587869,0.0005818965336118779,39352000.0,-38.15636063
2026-10-07T10:24:06,,2400000000.0,5000000000.0,0,8,10,0.6009377006322857,0.6009376,6204385279.999994,6,64,37500000.0,15000000.0,20000.0,50000.0,20,RMS,POW,LIN,0.7499839100000001,0.00077587869,0.0005818965336118779,39356000.0,-38.34427643
2026-10-07T10:24:06,,2400000000.0,5000000000.0,0,8,10,0.6009377006322857,0.6009376,6204385279.999994,6,64,37500000.0,15000000.0,20000.0,50000.0,20,RMS,POW,LIN,0.7499839100000001,0.00077587869,0.0005818965336118779,39360000.0,-38.41307831
2026-10-07T10:24:06,,2400000000.0,5000000000.0,0,8,10,0.6009377006322857,0.6009376,6204385279.999994,6,64,37500000.0,15000000.0,20000.0,50000.0,20,RMS,POW,LIN,0.7499839100000001,0.00077587869,0.0005818965336118779,39364000.0,-38.29665375
2026-10-07T10:24:06,,2400000000.0,5000000000.0,0,8,10,0.6009377006322857,0.6009376,6204385279.999994,6,64,37500000.0,15000000.0,20000.0,50000.0,20,RMS,POW,LIN,0.7499839100000001,0.00077587869,0.0005818965336118779,39368000.0,-38.01576996
2026-10-07T10:24:06,,2400000000.0,5000000000.0,0,8,10,0.6009377006322857,0.6009376,6204385279.999994,6,64,37500000.0,15000000.0,20000.0,50000.0,20,RMS,POW,LIN,0.7499839100000001,0.00077587869,0.0005818965336118779,39372000.0,-37.63015747
2026-10-07T10:24:06,,2400000000.0,5000000000.0,0,8,10,0.6009377006322857,0.6009376,6204385279.999994,6,64,37500000.0,15000000.0,20000.0,50000.0,20,RMS,POW,LIN,0.7499839100000001,0.00077587869,0.0005818965336118779,39376000.0,-37.21586227
2026-10-07T10:24:06,,2400000000.0,5000000000.0,0,8,10,0.6009377006322857,0.6009376,6204385279.999994,6,64,37500000.0,15000000.0,20000.0,50000.0,20,RMS,POW,LIN,0.7499839100000001,0.00077587869,0.0005818965336118779,39380000.0,-36.85083008
2026-10-07T10:24:06,,2400000000.0,5000000000.0,0,8,10,0.6009377006322857,0.6009376,6204385279.999994,6,64,37500000.0,15000000.0,20000.0,50000.0,20,RMS,POW,LIN,0.7499839100000001,0.00077587869,0.0005818965336118779,39384000.0,-36.59187698
2026-10-07T10:24:06,,2400000000.0,5000000000.0,0,8,10,0.6009377006322857,0.6009376,6204385279.999994,6,64,37500000.0,15000000.0,20000.0,50000.0,20,RMS,POW,LIN,0.7499839100000001,0.00077587869,0.0005818965336118779,39388000.0,-36.47774124
2026-10-07T10:24:06,,2400000000.0,5000000000.0,0,8,10,0.6009377006322857,0.6009376,6204385279.999994,6,64,37500000.0,15000000.0,20000.0,50000.0,20,RMS,POW,LIN,0.7499839100000001,0.00077587869,0.0005818965336118779,39392000.0,-36.55727005
2026-10-07T10:24:06,,2400000000.0,5000000000.0,0,8,10,0.6009377006322857,0.6009376,6204385279.999994,6,64,37500000.0,15000000.0,20000.0,50000.0,20,RMS,POW,LIN,0.7499839100000001,0.00077587869,0.0005818965336118779,39396000.0,-36.88933182
2026-10-07T10:24:06,,2400000000.0,5000000000.0,0,8,10,0.6009377006322857,0.6009376,6204385279.999994,6,64,37500000.0,15000000.0,20000.0,50000.0,20,RMS,POW,LIN,0.7499839100000001,0.00077587869,0.0005818965336118779,39400000.0,-37.47617722
2026-10-07T10:24:06,,2400000000.0,5000000000.0,0,8,10,0.6009377006322857,0.6009376,6204385279.999994,6,64,37500000.0,15000000.0,20000.0,50000.0,20,RMS,POW,LIN,0.7499839100000001,0.00077587869,0.0005818965336118779,39404000.0,-38.14833069
2026-10-07T10:24:06,,2400000000.0,5000000000.0,0,8,10,0.6009377006322857,0.6009376,6204385279.999994,6,64,37500000.0,15000000.0,20000.0,50000.0,20,RMS,POW,LIN,0.7499839100000001,0.00077587869,0.0005818965336118779,39408000.0,-38.52984238
2026-10-07T10:24:06,,2400000000.0,5000000000.0,0,8,10,0.6009377006322857,0.6009376,6204385279.999994,6,64,37500000.0,15000000.0,20000.0,50000.0,20,RMS,POW,LIN,0.7499839100000001,0.00077587869,0.0005818965336118779,39412000.0,-38.33987045
2026-10-07T10:24:06,,2400000000.0,5000000000.0,0,8,10,0.6009377006322857,0.6009376,6204385279.999994,6,64,37500000.0,15000000.0,20000.0,50000.0,20,RMS,POW,LIN,0.7499839100000001,0.00077587869,0.0005818965336118779,39416000.0,-37.73936844
2026-10-07T10:24:06,,2400000000.0,5000000000.0,0,8,10,0.6009377006322857,0.6009376,6204385279.999994,6,64,37500000.0,15000000.0,20000.0,50000.0,20,RMS,POW,LIN,0.7499839100000001,0.00077587869,0.0005818965336118779,39420000.0,-37.06975555
2026-10-07T10:24:06,,2400000000.0,5000000000.0,0,8,10,0.6009377006322857,0.6009376,6204385279.999994,6,64,37500000.0,15000000.0,20000.0,50000.0,20,RMS,POW,LIN,0.7499839100000001,0.00077587869,0.0005818965336118779,39424000.0,-36.51774979
2026-10-07T10:24:06,,2400000000.0,5000000000.0,0,8,10,0.6009377006322857,0.6009376,6204385279.999994,6,64,37500000.0,15000000.0,20000.0,50000.0,20,RMS,POW,LIN,0.7499839100000001,0.00077587869,0.0005818965336118779,39428000.0,-36.1401329
2026-10-07T10:24:06,,2400000000.0,5000000000.0,0,8,10,0.6009377006322857,0.6009376,6204385279.999994,6,64,37500000.0,15000000.0,20000.0,50000.0,20,RMS,POW,LIN,0.7499839100000001,0.00077587869,0.0005818965336118779,39432000.0,-35.97814941
2026-10-07T10:24:06,,2400000000.0,5000000000.0,0,8,10,0.6009377006322857,0.6009376,6204385279.999994,6,64,37500000.0,15000000.0,20000.0,50000.0,20,RMS,POW,LIN,0.7499839100000001,0.00077587869,0.0005818965336118779,39436000.0,-36.08122635
2026-10-07T10:24:06,,2400000000.0,5000000000.0,0,8,10,0.6009377006322857,0.6009376,6204385279.999994,6,64,37500000.0,15000000.0,20000.0,50000.0,20,RMS,POW,LIN,0.7499839100000001,0.00077587869,0.0005818965336118779,39440000.0,-36.44625854
2026-10-07T10:24:06,,2400000000.0,5000000000.0,0,8,10,0.6009377006322857,0.6009376,6204385279.999994,6,64,37500000.0,15000000.0,20000.0,50000.0,20,RMS,POW,LIN,0.7499839100000001,0.00077587869,0.0005818965336118779,39444000.0,-36.93375015
2026-10-07T10:24:06,,2400000000.0,5000000000.0,0,8,10,0.6009377006322857,0.6009376,6204385279.999994,6,64,37500000.0,15000000.0,20000.0,50000.0,20,RMS,POW,LIN,0.7499839100000001,0.00077587869,0.0005818965336118779,39448000.0,-37.25769424
2026-10-07T10:24:06,,2400000000.0,5000000000.0,0,8,10,0.6009377006322857,0.6009376,6204385279.999994,6,64,37500000.0,15000000.0,20000.0,50000.0,20,RMS,POW,LIN,0.7499839100000001,0.00077587869,0.0005818965336118779,39452000.0,-37.19701385
2026-10-07T10:24:06,,2400000000.0,5000000000.0,0,8,10,0.6009377006322857,0.6009376,6204385279.999994,6,64,37500000.0,15000000.0,20000.0,50000.0,20,RMS,POW,LIN,0.7499839100000001,0.00077587869,0.0005818965336118779,39456000.0,-36.85284042
2026-10-07T10:24:06,,2400000000.0,5000000000.0,0,8,10,0.6009377006322857,0.6009376,6204385279.999994,6,64,37500000.0,15000000.0,20000.0,50000.0,20,RMS,POW,LIN,0.7499839100000001,0.00077587869,0.0005818965336118779,39460000.0,-36.50548553
2026-10-07T10:24:06,,2400000000.0,5000000000.0,0,8,10,0.6009377006322857,0.6009376,6204385279.999994,6,64,37500000.0,15000000.0,20000.0,50000.0,20,RMS,POW,LIN,0.7499839100000001,0.00077587869,0.0005818965336118779,39464000.0,-36.3237381
2026-10-07T10:24:06,,2400000000.0,5000000000.0,0,8,10,0.6009377006322857,0.6009376,6204385279.999994,6,64,37500000.0,15000000.0,20000.0,50000.0,20,RMS,POW,LIN,0.7499839100000001,0.00077587869,0.0005818965336118779,39468000.0,-36.30841446
2026-10-07T10:24:06,,2400000000.0,5000000000.0,0,8,10,0.6009377006322857,0.6009376,6204385279.999994,6,64,37500000.0,15000000.0,20000.0,50000.0,20,RMS,POW,LIN,0.7499839100000001,0.00077587869,0.0005818965336118779,39472000.0,-36.38732147
2026-10-07T10:24:06,,2400000000.0,5000000000.0,0,8,10,0.6009377006322857,0.6009376,6204385279.999994,6,64,37500000.0,15000000.0,20000.0,50000.0,20,RMS,POW,LIN,0.7499839100000001,0.00077587869,0.0005818965336118779,39476000.0,-36.51721191
2026-10-07T10:24:06,,2400000000.0,5000000000.0,0,8,10,0.6009377006322857,0.6009376,6204385279.999994,6,64,37500000.0,15000000.0,20000.0,50000.0,20,RMS,POW,LIN,0.7499839100000001,0.00077587869,0.0005818965336118779,39480000.0,-36.70830536
2026-10-07T10:24:06,,2400000000.0,5000000000.0,0,8,10,0.6009377006322857,0.6009376,6204385279.999994,6,64,37500000.0,15000000.0,20000.0,50000.0,20,RMS,POW,LIN,0.7499839100000001,0.00077587869,0.0005818965336118779,39484000.0,-36.96227264
2026-10-07T10:24:06,,2400000000.0,5000000000.0,0,8,10,0.6009377006322857,0.6009376,6204385279.999994,6,64,37500000.0,15000000.0,20000.0,50000.0,20,RMS,POW,LIN,0.7499839100000001,0.00077587869,0.0005818965336118779,39488000.0,-37.20080185
2026-10-07T10:24:06,,2400000000.0,5000000000.0,0,8,10,0.6009377006322857,0.6009376,6204385279.999994,6,64,37500000.0,15000000.0,20000.0,50000.0,20,RMS,POW,LIN,0.7499839100000001,0.00077587869,0.0005818965336118779,39492000.0,-37.28188324
2026-10-07T10:24:06,,2400000000.0,5000000000.0,0,8,10,0.6009377006322857,0.6009376,6204385279.999994,6,64,37500000.0,15000000.0,20000.0,50000.0,20,RMS,POW,LIN,0.7499839100000001,0.00077587869,0.0005818965336118779,39496000.0,-37.13739777
2026-10-07T10:24:06,,2400000000.0,5000000000.0,0,8,10,0.6009377006322857,0.6009376,6204385279.999994,6,64,37500000.0,15000000.0,20000.0,50000.0,20,RMS,POW,LIN,0.7499839100000001,0.00077587869,0.0005818965336118779,39500000.0,-36.86985016
2026-10-07T10:24:06,,2400000000.0,5000000000.0,0,8,10,0.6009377006322857,0.6009376,6204385279.999994,6,64,37500000.0,15000000.0,20000.0,50000.0,20,RMS,POW,LIN,0.7499839100000001,0.00077587869,0.0005818965336118779,39504000.0,-36.64970398
2026-10-07T10:24:06,,2400000000.0,5000000000.0,0,8,10,0.6009377006322857,0.6009376,6204385279.999994,6,64,37500000.0,15000000.0,20000.0,50000.0,20,RMS,POW,LIN,0.7499839100000001,0.00077587869,0.0005818965336118779,39508000.0,-36.57644272
2026-10-07T10:24:06,,2400000000.0,5000000000.0,0,8,10,0.6009377006322857,0.6009376,6204385279.999994,6,64,37500000.0,15000000.0,20000.0,50000.0,20,RMS,POW,LIN,0.7499839100000001,0.00077587869,0.0005818965336118779,39512000.0,-36.66891861
2026-10-07T10:24:06,,2400000000.0,5000000000.0,0,8,10,0.6009377006322857,0.6009376,6204385279.999994,6,64,37500000.0,15000000.0,20000.0,50000.0,20,RMS,POW,LIN,0.7499839100000001,0.00077587869,0.0005818965336118779,39516000.0,-36.93112183
2026-10-07T10:24:06,,2400000000.0,5000000000.0,0,8,10,0.6009377006322857,0.6009376,6204385279.999994,6,64,37500000.0,15000000.0,20000.0,50000.0,20,RMS,POW,LIN,0.7499839100000001,0.00077587869,0.0005818965336118779,39520000.0,-37.37360001
2026-10-07T10:24:06,,2400000000.0,5000000000.0,0,8,10,0.6009377006322857,0.6009376,6204385279.999994,6,64,37500000.0,15000000.0,20000.0,50000.0,20,RMS,POW,LIN,0.7499839100000001,0.00077587869,0.0005818965336118779,39524000.0,-37.9358139
2026-10-07T10:24:06,,2400000000.0,5000000000.0,0,8,10,0.6009377006322857,0.6009376,6204385279.999994,6,64,37500000.0,15000000.0,20000.0,50000.0,20,RMS,POW,LIN,0.7499839100000001,0.00077587869,0.0005818965336118779,39528000.0,-38.38328171
2026-10-07T10:24:06,,2400000000.0,5000000000.0,0,8,10,0.6009377006322857,0.6009376,6204385279.999994,6,64,37500000.0,15000000.0,20000.0,50000.0,20,RMS,POW,LIN,0.7499839100000001,0.00077587869,0.0005818965336118779,39532000.0,-38.39862823
2026-10-07T10:24:06,,2400000000.0,5000000000.0,0,8,10,0.6009377006322857,0.6009376,6204385279.999994,6,64,37500000.0,15000000.0,20000.0,50000.0,20,RMS,POW,LIN,0.7499839100000001,0.00077587869,0.0005818965336118779,39536000.0,-37.94027328
2026-10-07T10:24:06,,2400000000.0,5000000000.0,0,8,10,0.6009377006322857,0.6009376,6204385279.999994,6,64,37500000.0,15000000.0,20000.0,50000.0,20,RMS,POW,LIN,0.7499839100000001,0.00077587869,0.0005818965336118779,39540000.0,-37.3110733
2026-10-07T10:24:06,,2400000000.0,5000000000.0,0,8,10,0.6009377006322857,0.6009376,6204385279.999994,6,64,37500000.0,15000000.0,20000.0,50000.0,20,RMS,POW,LIN,0.7499839100000001,0.00077587869,0.0005818965336118779,39544000.0,-36.81171799
2026-10-07T10:24:06,,2400000000.0,5000000000.0,0,8,10,0.6009377006322857,0.6009376,6204385279.999994,6,64,37500000.0,15000000.0,20000.0,50000.0,20,RMS,POW,LIN,0.7499839100000001,0.00077587869,0.0005818965336118779,39548000.0,-36.56411362
2026-10-07T10:24:06,,2400000000.0,5000000000.0,0,8,10,0.6009377006322857,0.6009376,6204385279.999994,6,64,37500000.0,15000000.0,20000.0,50000.0,20,RMS,POW,LIN,0.7499839100000001,0.00077587869,0.0005818965336118779,39552000.0,-36.54906082
2026-10-07T10:24:06,,2400000000.0,5000000000.0,0,8,10,0.6009377006322857,0.6009376,6204385279.999994,6,64,37500000.0,15000000.0,20000.0,50000.0,20,RMS,POW,LIN,0.7499839100000001,0.00077587869,0.0005818965336118779,39556000.0,-36.67443085
2026-10-07T10:24:06,,2400000000.0,5000000000.0,0,8,10,0.6009377006322857,0.6009376,6204385279.999994,6,64,37500000.0,15000000.0,20000.0,50000.0,20,RMS,POW,LIN,0.7499839100000001,0.00077587869,0.0005818965336118779,39560000.0,-36.83972168
2026-10-07T10:24:06,,2400000000.0,5000000000.0,0,8,10,0.6009377006322857,0.6009376,6204385279.999994,6,64,37500000.0,15000000.0,20000.0,50000.0,20,RMS,POW,LIN,0.7499839100000001,0.00077587869,0.0005818965336118779,39564000.0,-36.99732208
2026-10-07T10:24:06,,2400000000.0,5000000000.0,0,8,10,0.6009377006322857,0.6009376,6204385279.999994,6,64,37500000.0,15000000.0,20000.0,50000.0,20,RMS,POW,LIN,0.7499839100000001,0.00077587869,0.0005818965336118779,39568000.0,-37.16719437
2026-10-07T10:24:06,,2400000000.0,5000000000.0,0,8,10,0.6009377006322857,0.6009376,6204385279.999994,6,64,37500000.0,15000000.0,20000.0,50000.0,20,RMS,POW,LIN,0.7499839100000001,0.00077587869,0.0005818965336118779,39572000.0,-37.3752861
2026-10-07T10:24:06,,2400000000.0,5000000000.0,0,8,10,0.6009377006322857,0.6009376,6204385279.999994,6,64,37500000.0,15000000.0,20000.0,50000.0,20,RMS,POW,LIN,0.7499839100000001,0.00077587869,0.0005818965336118779,39576000.0,-37.56236267
2026-10-07T10:24:06,,2400000000.0,5000000000.0,0,8,10,0.6009377006322857,0.6009376,6204385279.999994,6,64,37500000.0,15000000.0,20000.0,50000.0,20,RMS,POW,LIN,0.7499839100000001,0.00077587869,0.0005818965336118779,39580000.0,-37.56582642
2026-10-07T10:24:06,,2400000000.0,5000000000.0,0,8,10,0.6009377006322857,0.6009376,6204385279.999994,6,64,37500000.0,15000000.0,20000.0,50000.0,20,RMS,POW,LIN,0.7499839100000001,0.00077587869,0.0005818965336118779,39584000.0,-37.27345657
2026-10-07T10:24:06,,2400000000.0,5000000000.0,0,8,10,0.6009377006322857,0.6009376,6204385279.999994,6,64,37500000.0,15000000.0,20000.0,50000.0,20,RMS,POW,LIN,0.7499839100000001,0.00077587869,0.0005818965336118779,39588000.0,-36.80941772
2026-10-07T10:24:06,,2400000000.0,5000000000.0,0,8,10,0.6009377006322857,0.6009376,6204385279.999994,6,64,37500000.0,15000000.0,20000.0,50000.0,20,RMS,POW,LIN,0.7499839100000001,0.00077587869,0.0005818965336118779,39592000.0,-36.44765472
2026-10-07T10:24:06,,2400000000.0,5000000000.0,0,8,10,0.6009377006322857,0.6009376,6204385279.999994,6,64,37500000.0,15000000.0,20000.0,50000.0,20,RMS,POW,LIN,0.7499839100000001,0.00077587869,0.0005818965336118779,39596000.0,-36.38323212
2026-10-07T10:24:06,,2400000000.0,5000000000.0,0,8,10,0.6009377006322857,0.6009376,6204385279.999994,6,64,37500000.0,15000000.0,20000.0,50000.0,20,RMS,POW,LIN,0.7499839100000001,0.00077587869,0.0005818965336118779,39600000.0,-36.61776352
2026-10-07T10:24:06,,2400000000.0,5000000000.0,0,8,10,0.6009377006322857,0.6009376,6204385279.999994,6,64,37500000.0,15000000.0,20000.0,50000.0,20,RMS,POW,LIN,0.7499839100000001,0.00077587869,0.0005818965336118779,39604000.0,-36.94326782
2026-10-07T10:24:06,,2400000000.0,5000000000.0,0,8,10,0.6009377006322857,0.6009376,6204385279.999994,6,64,37500000.0,15000000.0,20000.0,50000.0,20,RMS,POW,LIN,0.7499839100000001,0.00077587869,0.0005818965336118779,39608000.0,-37.04726791
2026-10-07T10:24:06,,2400000000.0,5000000000.0,0,8,10,0.6009377006322857,0.6009376,6204385279.999994,6,64,37500000.0,15000000.0,20000.0,50000.0,20,RMS,POW,LIN,0.7499839100000001,0.00077587869,0.0005818965336118779,39612000.0,-36.79304123
2026-10-07T10:24:06,,2400000000.0,5000000000.0,0,8,10,0.6009377006322857,0.6009376,6204385279.999994,6,64,37500000.0,15000000.0,20000.0,50000.0,20,RMS,POW,LIN,0.7499839100000001,0.00077587869,0.0005818965336118779,39616000.0,-36.34078598
2026-10-07T10:24:06,,2400000000.0,5000000000.0,0,8,10,0.6009377006322857,0.6009376,6204385279.999994,6,64,37500000.0,15000000.0,20000.0,50000.0,20,RMS,POW,LIN,0.7499839100000001,0.00077587869,0.0005818965336118779,39620000.0,-35.91621017
2026-10-07T10:24:06,,2400000000.0,5000000000.0,0,8,10,0.6009377006322857,0.6009376,6204385279.999994,6,64,37500000.0,15000000.0,20000.0,50000.0,20,RMS,POW,LIN,0.7499839100000001,0.00077587869,0.0005818965336118779,39624000.0,-35.6337471
2026-10-07T10:24:06,,2400000000.0,5000000000.0,0,8,10,0.6009377006322857,0.6009376,6204385279.999994,6,64,37500000.0,15000000.0,20000.0,50000.0,20,RMS,POW,LIN,0.7499839100000001,0.00077587869,0.0005818965336118779,39628000.0,-35.51528549
2026-10-07T10:24:06,,2400000000.0,5000000000.0,0,8,10,0.6009377006322857,0.6009376,6204385279.999994,6,64,37500000.0,15000000.0,20000.0,50000.0,20,RMS,POW,LIN,0.7499839100000001,0.00077587869,0.0005818965336118779,39632000.0,-35.54734039
2026-10-07T10:24:06,,2400000000.0,5000000000.0,0,8,10,0.6009377006322857,0.6009376,6204385279.999994,6,64,37500000.0,15000000.0,20000.0,50000.0,20,RMS,POW,LIN,0.7499839100000001,0.00077587869,0.0005818965336118779,39636000.0,-35.70157242
2026-10-07T10:24:06,,2400000000.0,5000000000.0,0,8,10,0.6009377006322857,0.6009376,6204385279.999994,6,64,37500000.0,15000000.0,20000.0,50000.0,20,RMS,POW,LIN,0.7499839100000001,0.00077587869,0.0005818965336118779,39640000.0,-35.93395615
2026-10-07T10:24:06,,2400000000.0,5000000000.0,0,8,10,0.6009377006322857,0.6009376,6204385279.999994,6,64,37500000.0,15000000.0,20000.0,50000.0,20,RMS,POW,LIN,0.7499839100000001,0.00077587869,0.0005818965336118779,39644000.0,-36.18761063
2026-10-07T10:24:06,,2400000000.0,5000000000.0,0,8,10,0.6009377006322857,0.6009376,6204385279.999994,6,64,37500000.0,15000000.0,20000.0,50000.0,20,RMS,POW,LIN,0.7499839100000001,0.00077587869,0.0005818965336118779,39648000.0,-36.40401459
2026-10-07T10:24:06,,2400000000.0,5000000000.0,0,8,10,0.6009377006322857,0.6009376,6204385279.999994,6,64,37500000.0,15000000.0,20000.0,50000.0,20,RMS,POW,LIN,0.7499839100000001,0.00077587869,0.0005818965336118779,39652000.0,-36.5455246
2026-10-07T10:24:06,,2400000000.0,5000000000.0,0,8,10,0.6009377006322857,0.6009376,6204385279.999994,6,64,37500000.0,15000000.0,20000.0,50000.0,20,RMS,POW,LIN,0.7499839100000001,0.00077587869,0.0005818965336118779,39656000.0,-36.62872696
2026-10-07T10:24:06,,2400000000.0,5000000000.0,0,8,10,0.6009377006322857,0.6009376,6204385279.999994,6,64,37500000.0,15000000.0,20000.0,50000.0,20,RMS,POW,LIN,0.7499839100000001,0.00077587869,0.0005818965336118779,39660000.0,-36.73167801
2026-10-07T10:24:06,,2400000000.0,5000000000.0,0,8,10,0.6009377006322857,0.6009376,6204385279.999994,6,64,37500000.0,15000000.0,20000.0,50000.0,20,RMS,POW,LIN,0.7499839100000001,0.00077587869,0.0005818965336118779,39664000.0,-36.93746567
2026-10-07T10:24:06,,2400000000.0,5000000000.0,0,8,10,0.6009377006322857,0.6009376,6204385279.999994,6,64,37500000.0,15000000.0,20000.0,50000.0,20,RMS,POW,LIN,0.7499839100000001,0.00077587869,0.0005818965336118779,39668000.0,-37.24823761
2026-10-07T10:24:06,,2400000000.0,5000000000.0,0,8,10,0.6009377006322857,0.6009376,6204385279.999994,6,64,37500000.0,15000000.0,20000.0,50000.0,20,RMS,POW,LIN,0.7499839100000001,0.00077587869,0.0005818965336118779,39672000.0,-37.54980087
2026-10-07T10:24:06,,2400000000.0,5000000000.0,0,8,10,0.6009377006322857,0.6009376,6204385279.999994,6,64,37500000.0,15000000.0,20000.0,50000.0,20,RMS,POW,LIN,0.7499839100000001,0.00077587869,0.0005818965336118779,39676000.0,-37.69429779
2026-10-07T10:24:06,,2400000000.0,5000000000.0,0,8,10,0.6009377006322857,0.6009376,6204385279.999994,6,64,37500000.0,15000000.0,20000.0,50000.0,20,RMS,POW,LIN,0.7499839100000001,0.00077587869,0.0005818965336118779,39680000.0,-37.64971542
2026-10-07T10:24:06,,2400000000.0,5000000000.0,0,8,10,0.6009377006322857,0.6009376,6204385279.999994,6,64,37500000.0,15000000.0,20000.0,50000.0,20,RMS,POW,LIN,0.7499839100000001,0.00077587869,0.0005818965336118779,39684000.0,-37.51613617
2026-10-07T10:24:06,,2400000000.0,5000000000.0,0,8,10,0.6009377006322857,0.6009376,6204385279.999994,6,64,37500000.0,15000000.0,20000.0,50000.0,20,RMS,POW,LIN,0.7499839100000001,0.00077587869,0.0005818965336118779,39688000.0,-37.40265656
2026-10-07T10:24:06,,2400000000.0,5000000000.0,0,8,10,0.6009377006322857,0.6009376,6204385279.999994,6,64,37500000.0,15000000.0,20000.0,50000.0,20,RMS,POW,LIN,0.7499839100000001,0.00077587869,0.0005818965336118779,39692000.0,-37.36156464
2026-10-07T10:24:06,,2400000000.0,5000000000.0,0,8,10,0.6009377006322857,0.6009376,6204385279.999994,6,64,37500000.0,15000000.0,20000.0,50000.0,20,RMS,POW,LIN,0.7499839100000001,0.00077587869,0.0005818965336118779,39696000.0,-37.40045547
2026-10-07T10:24:06,,2400000000.0,5000000000.0,0,8,10,0.6009377006322857,0.6009376,6204385279.999994,6,64,37500000.0,15000000.0,20000.0,50000.0,20,RMS,POW,LIN,0.7499839100000001,0.00077587869,0.0005818965336118779,39700000.0,-37.47447586
2026-10-07T10:24:06,,2400000000.0,5000000000.0,0,8,10,0.6009377006322857,0.6009376,6204385279.999994,6,64,37500000.0,15000000.0,20000.0,50000.0,20,RMS,POW,LIN,0.7499839100000001,0.00077587869,0.0005818965336118779,39704000.0,-37.46421432
2026-10-07T10:24:06,,2400000000.0,5000000000.0,0,8,10,0.6009377006322857,0.6009376,6204385279.999994,6,64,37500000.0,15000000.0,20000.0,50000.0,20,RMS,POW,LIN,0.7499839100000001,0.00077587869,0.0005818965336118779,39708000.0,-37.24760437
2026-10-07T10:24:06,,2400000000.0,5000000000.0,0,8,10,0.6009377006322857,0.6009376,6204385279.999994,6,64,37500000.0,15000000.0,20000.0,50000.0,20,RMS,POW,LIN,0.7499839100000001,0.00077587869,0.0005818965336118779,39712000.0,-36.85428238
2026-10-07T10:24:06,,2400000000.0,5000000000.0,0,8,10,0.6009377006322857,0.6009376,6204385279.999994,6,64,37500000.0,15000000.0,20000.0,50000.0,20,RMS,POW,LIN,0.7499839100000001,0.00077587869,0.0005818965336118779,39716000.0,-36.48004913
2026-10-07T10:24:06,,2400000000.0,5000000000.0,0,8,10,0.6009377006322857,0.6009376,6204385279.999994,6,64,37500000.0,15000000.0,20000.0,50000.0,20,RMS,POW,LIN,0.7499839100000001,0.00077587869,0.0005818965336118779,39720000.0,-36.33567047
2026-10-07T10:24:06,,2400000000.0,5000000000.0,0,8,10,0.6009377006322857,0.6009376,6204385279.999994,6,64,37500000.0,15000000.0,20000.0,50000.0,20,RMS,POW,LIN,0.7499839100000001,0.00077587869,0.0005818965336118779,39724000.0,-36.53917694
2026-10-07T10:24:06,,2400000000.0,5000000000.0,0,8,10,0.6009377006322857,0.6009376,6204385279.999994,6,64,37500000.0,15000000.0,20000.0,50000.0,20,RMS,POW,LIN,0.7499839100000001,0.00077587869,0.0005818965336118779,39728000.0,-37.09483719
2026-10-07T10:24:06,,2400000000.0,5000000000.0,0,8,10,0.6009377006322857,0.6009376,6204385279.999994,6,64,37500000.0,15000000.0,20000.0,50000.0,20,RMS,POW,LIN,0.7499839100000001,0.00077587869,0.0005818965336118779,39732000.0,-37.88244247
2026-10-07T10:24:06,,2400000000.0,5000000000.0,0,8,10,0.6009377006322857,0.6009376,6204385279.999994,6,64,37500000.0,15000000.0,20000.0,50000.0,20,RMS,POW,LIN,0.7499839100000001,0.00077587869,0.0005818965336118779,39736000.0,-38.64110565
2026-10-07T10:24:06,,2400000000.0,5000000000.0,0,8,10,0.6009377006322857,0.6009376,6204385279.999994,6,64,37500000.0,15000000.0,20000.0,50000.0,20,RMS,POW,LIN,0.7499839100000001,0.00077587869,0.0005818965336118779,39740000.0,-39.04983521
2026-10-07T10:24:06,,2400000000.0,5000000000.0,0,8,10,0.6009377006322857,0.6009376,6204385279.999994,6,64,37500000.0,15000000.0,20000.0,50000.0,20,RMS,POW,LIN,0.7499839100000001,0.00077587869,0.0005818965336118779,39744000.0,-38.97447968
2026-10-07T10:24:06,,2400000000.0,5000000000.0,0,8,10,0.6009377006322857,0.6009376,6204385279.999994,6,64,37500000.0,15000000.0,20000.0,50000.0,20,RMS,POW,LIN,0.7499839100000001,0.00077587869,0.0005818965336118779,39748000.0,-38.58176804
2026-10-07T10:24:06,,2400000000.0,5000000000.0,0,8,10,0.6009377006322857,0.6009376,6204385279.999994,6,64,37500000.0,15000000.0,20000.0,50000.0,20,RMS,POW,LIN,0.7499839100000001,0.00077587869,0.0005818965336118779,39752000.0,-38.1319809
2026-10-07T10:24:06,,2400000000.0,5000000000.0,0,8,10,0.6009377006322857,0.6009376,6204385279.999994,6,64,37500000.0,15000000.0,20000.0,50000.0,20,RMS,POW,LIN,0.7499839100000001,0.00077587869,0.0005818965336118779,39756000.0,-37.79758453
2026-10-07T10:24:06,,2400000000.0,5000000000.0,0,8,10,0.6009377006322857,0.6009376,6204385279.999994,6,64,37500000.0,15000000.0,20000.0,50000.0,20,RMS,POW,LIN,0.7499839100000001,0.00077587869,0.0005818965336118779,39760000.0,-37.64708328
2026-10-07T10:24:06,,2400000000.0,5000000000.0,0,8,10,0.6009377006322857,0.6009376,6204385279.999994,6,64,37500000.0,15000000.0,20000.0,50000.0,20,RMS,POW,LIN,0.7499839100000001,0.00077587869,0.0005818965336118779,39764000.0,-37.67296219
2026-10-07T10:24:06,,2400000000.0,5000000000.0,0,8,10,0.6009377006322857,0.6009376,6204385279.999994,6,64,37500000.0,15000000.0,20000.0,50000.0,20,RMS,POW,LIN,0.7499839100000001,0.00077587869,0.0005818965336118779,39768000.0,-37.80678558
2026-10-07T10:24:06,,2400000000.0,5000000000.0,0,8,10,0.6009377006322857,0.6009376,6204385279.999994,6,64,37500000.0,15000000.0,20000.0,50000.0,20,RMS,POW,LIN,0.7499839100000001,0.00077587869,0.0005818965336118779,39772000.0,-37.93580627
2026-10-07T10:24:06,,2400000000.0,5000000000.0,0,8,10,0.6009377006322857,0.6009376,6204385279.999994,6,64,37500000.0,15000000.0,20000.0,50000.0,20,RMS,POW,LIN,0.7499839100000001,0.00077587869,0.0005818965336118779,39776000.0,-37.94639587
2026-10-07T10:24:06,,2400000000.0,5000000000.0,0,8,10,0.6009377006322857,0.6009376,6204385279.999994,6,64,37500000.0,15000000.0,20000.0,50000.0,20,RMS,POW,LIN,0.7499839100000001,0.00077587869,0.0005818965336118779,39780000.0,-37.79107666
2026-10-07T10:24:06,,2400000000.0,5000000000.0,0,8,10,0.6009377006322857,0.6009376,6204385279.999994,6,64,37500000.0,15000000.0,20000.0,50000.0,20,RMS,POW,LIN,0.7499839100000001,0.00077587869,0.0005818965336118779,39784000.0,-37.5260849
2026-10-07T10:24:06,,2400000000.0,5000000000.0,0,8,10,0.6009377006322857,0.6009376,6204385279.999994,6,64,37500000.0,15000000.0,20000.0,50000.0,20,RMS,POW,LIN,0.7499839100000001,0.00077587869,0.0005818965336118779,39788000.0,-37.27411652
2026-10-07T10:24:06,,2400000000.0,5000000000.0,0,8,10,0.6009377006322857,0.6009376,6204385279.999994,6,64,37500000.0,15000000.0,20000.0,50000.0,20,RMS,POW,LIN,0.7499839100000001,0.00077587869,0.0005818965336118779,39792000.0,-37.14691925
2026-10-07T10:24:06,,2400000000.0,5000000000.0,0,8,10,0.6009377006322857,0.6009376,6204385279.999994,6,64,37500000.0,15000000.0,20000.0,50000.0,20,RMS,POW,LIN,0.7499839100000001,0.00077587869,0.0005818965336118779,39796000.0,-37.19057465
2026-10-07T10:24:06,,2400000000.0,5000000000.0,0,8,10,0.6009377006322857,0.6009376,6204385279.999994,6,64,37500000.0,15000000.0,20000.0,50000.0,20,RMS,POW,LIN,0.7499839100000001,0.00077587869,0.0005818965336118779,39800000.0,-37.37326431
2026-10-07T10:24:06,,2400000000.0,5000000000.0,0,8,10,0.6009377006322857,0.6009376,6204385279.999994,6,64,37500000.0,15000000.0,20000.0,50000.0,20,RMS,POW,LIN,0.7499839100000001,0.00077587869,0.0005818965336118779,39804000.0,-37.60835648
2026-10-07T10:24:06,,2400000000.0,5000000000.0,0,8,10,0.6009377006322857,0.6009376,6204385279.999994,6,64,37500000.0,15000000.0,20000.0,50000.0,20,RMS,POW,LIN,0.7499839100000001,0.00077587869,0.0005818965336118779,39808000.0,-37.802742
2026-10-07T10:24:06,,2400000000.0,5000000000.0,0,8,10,0.6009377006322857,0.6009376,6204385279.999994,6,64,37500000.0,15000000.0,20000.0,50000.0,20,RMS,POW,LIN,0.7499839100000001,0.00077587869,0.0005818965336118779,39812000.0,-37.90818787
2026-10-07T10:24:06,,2400000000.0,5000000000.0,0,8,10,0.6009377006322857,0.6009376,6204385279.999994,6,64,37500000.0,15000000.0,20000.0,50000.0,20,RMS,POW,LIN,0.7499839100000001,0.00077587869,0.0005818965336118779,39816000.0,-37.93984222
2026-10-07T10:24:06,,2400000000.0,5000000000.0,0,8,10,0.6009377006322857,0.6009376,6204385279.999994,6,64,37500000.0,15000000.0,20000.0,50000.0,20,RMS,POW,LIN,0.7499839100000001,0.00077587869,0.0005818965336118779,39820000.0,-37.94989395
2026-10-07T10:24:06,,2400000000.0,5000000000.0,0,8,10,0.6009377006322857,0.6009376,6204385279.999994,6,64,37500000.0,15000000.0,20000.0,50000.0,20,RMS,POW,LIN,0.7499839100000001,0.00077587869,0.0005818965336118779,39824000.0,-37.98604584
2026-10-07T10:24:06,,2400000000.0,5000000000.0,0,8,10,0.6009377006322857,0.6009376,6204385279.999994,6,64,37500000.0,15000000.0,20000.0,50000.0,20,RMS,POW,LIN,0.7499839100000001,0.00077587869,0.0005818965336118779,39828000.0,-38.0717926
2026-10-07T10:24:06,,2400000000.0,5000000000.0,0,8,10,0.6009377006322857,0.6009376,6204385279.999994,6,64,37500000.0,15000000.0,20000.0,50000.0,20,RMS,POW,LIN,0.7499839100000001,0.00077587869,0.0005818965336118779,39832000.0,-38.21756363
2026-10-07T10:24:06,,2400000000.0,5000000000.0,0,8,10,0.6009377006322857,0.6009376,6204385279.999994,6,64,37500000.0,15000000.0,20000.0,50000.0,20,RMS,POW,LIN,0.7499839100000001,0.00077587869,0.0005818965336118779,39836000.0,-38.4417572
2026-10-07T10:24:06,,2400000000.0,5000000000.0,0,8,10,0.6009377006322857,0.6009376,6204385279.999994,6,64,37500000.0,15000000.0,20000.0,50000.0,20,RMS,POW,LIN,0.7499839100000001,0.00077587869,0.0005818965336118779,39840000.0,-38.77331924
2026-10-07T10:24:06,,2400000000.0,5000000000.0,0,8,10,0.6009377006322857,0.6009376,6204385279.999994,6,64,37500000.0,15000000.0,20000.0,50000.0,20,RMS,POW,LIN,0.7499839100000001,0.00077587869,0.0005818965336118779,39844000.0,-39.22869873
2026-10-07T10:24:06,,2400000000.0,5000000000.0,0,8,10,0.6009377006322857,0.6009376,6204385279.999994,6,64,37500000.0,15000000.0,20000.0,50000.0,20,RMS,POW,LIN,0.7499839100000001,0.00077587869,0.0005818965336118779,39848000.0,-39.78076935
2026-10-07T10:24:06,,2400000000.0,5000000000.0,0,8,10,0.6009377006322857,0.6009376,6204385279.999994,6,64,37500000.0,15000000.0,20000.0,50000.0,20,RMS,POW,LIN,0.7499839100000001,0.00077587869,0.0005818965336118779,39852000.0,-40.34273911
2026-10-07T10:24:06,,2400000000.0,5000000000.0,0,8,10,0.6009377006322857,0.6009376,6204385279.999994,6,64,37500000.0,15000000.0,20000.0,50000.0,20,RMS,POW,LIN,0.7499839100000001,0.00077587869,0.0005818965336118779,39856000.0,-40.78565216
2026-10-07T10:24:06,,2400000000.0,5000000000.0,0,8,10,0.6009377006322857,0.6009376,6204385279.999994,6,64,37500000.0,15000000.0,20000.0,50000.0,20,RMS,POW,LIN,0.7499839100000001,0.00077587869,0.0005818965336118779,39860000.0,-40.99754715
2026-10-07T10:24:06,,2400000000.0,5000000000.0,0,8,10,0.6009377006322857,0.6009376,6204385279.999994,6,64,37500000.0,15000000.0,20000.0,50000.0,20,RMS,POW,LIN,0.7499839100000001,0.00077587869,0.0005818965336118779,39864000.0,-40.95227814
2026-10-07T10:24:06,,2400000000.0,5000000000.0,0,8,10,0.6009377006322857,0.6009376,6204385279.999994,6,64,37500000.0,15000000.0,20000.0,50000.0,20,RMS,POW,LIN,0.7499839100000001,0.00077587869,0.0005818965336118779,39868000.0,-40.72007751
2026-10-07T10:24:06,,2400000000.0,5000000000.0,0,8,10,0.6009377006322857,0.6009376,6204385279.999994,6,64,37500000.0,15000000.0,20000.0,50000.0,20,RMS,POW,LIN,0.7499839100000001,0.00077587869,0.0005818965336118779,39872000.0,-40.40840149
2026-10-07T10:24:06,,2400000000.0,5000000000.0,0,8,10,0.6009377006322857,0.6009376,6204385279.999994,6,64,37500000.0,15000000.0,20000.0,50000.0,20,RMS,POW,LIN,0.7499839100000001,0.00077587869,0.0005818965336118779,39876000.0,-40.10187912
2026-10-07T10:24:06,,2400000000.0,5000000000.0,0,8,10,0.6009377006322857,0.6009376,6204385279.999994,6,64,37500000.0,15000000.0,20000.0,50000.0,20,RMS,POW,LIN,0.7499839100000001,0.00077587869,0.0005818965336118779,39880000.0,-39.8469429
2026-10-07T10:24:06,,2400000000.0,5000000000.0,0,8,10,0.6009377006322857,0.6009376,6204385279.999994,6,64,37500000.0,15000000.0,20000.0,50000.0,20,RMS,POW,LIN,0.7499839100000001,0.00077587869,0.0005818965336118779,39884000.0,-39.66637421
2026-10-07T10:24:06,,2400000000.0,5000000000.0,0,8,10,0.6009377006322857,0.6009376,6204385279.999994,6,64,37500000.0,15000000.0,20000.0,50000.0,20,RMS,POW,LIN,0.7499839100000001,0.00077587869,0.0005818965336118779,39888000.0,-39.57770538
2026-10-07T10:24:06,,2400000000.0,5000000000.0,0,8,10,0.6009377006322857,0.6009376,6204385279.999994,6,64,37500000.0,15000000.0,20000.0,50000.0,20,RMS,POW,LIN,0.7499839100000001,0.00077587869,0.0005818965336118779,39892000.0,-39.60484314
2026-10-07T10:24:06,,2400000000.0,5000000000.0,0,8,10,0.6009377006322857,0.6009376,6204385279.999994,6,64,37500000.0,15000000.0,20000.0,50000.0,20,RMS,POW,LIN,0.7499839100000001,0.00077587869,0.0005818965336118779,39896000.0,-39.77727509
2026-10-07T10:24:06,,2400000000.0,5000000000.0,0,8,10,0.6009377006322857,0.6009376,6204385279.999994,6,64,37500000.0,15000000.0,20000.0,50000.0,20,RMS,POW,LIN,0.7499839100000001,0.00077587869,0.0005818965336118779,39900000.0,-40.11087418
2026-10-07T10:24:06,,2400000000.0,5000000000.0,0,8,10,0.6009377006322857,0.6009376,6204385279.999994,6,64,37500000.0,15000000.0,20000.0,50000.0,20,RMS,POW,LIN,0.7499839100000001,0.00077587869,0.0005818965336118779,39904000.0,-40.57578278
2026-10-07T10:24:06,,2400000000.0,5000000000.0,0,8,10,0.6009377006322857,0.6009376,6204385279.999994,6,64,37500000.0,15000000.0,20000.0,50000.0,20,RMS,POW,LIN,0.7499839100000001,0.00077587869,0.0005818965336118779,39908000.0,-41.07663727
2026-10-07T10:24:06,,2400000000.0,5000000000.0,0,8,10,0.6009377006322857,0.6009376,6204385279.999994,6,64,37500000.0,15000000.0,20000.0,50000.0,20,RMS,POW,LIN,0.7499839100000001,0.00077587869,0.0005818965336118779,39912000.0,-41.48046112
2026-10-07T10:24:06,,2400000000.0,5000000000.0,0,8,10,0.6009377006322857,0.6009376,6204385279.999994,6,64,37500000.0,15000000.0,20000.0,50000.0,20,RMS,POW,LIN,0.7499839100000001,0.00077587869,0.0005818965336118779,39916000.0,-41.69701004
2026-10-07T10:24:06,,2400000000.0,5000000000.0,0,8,10,0.6009377006322857,0.6009376,6204385279.999994,6,64,37500000.0,15000000.0,20000.0,50000.0,20,RMS,POW,LIN,0.7499839100000001,0.00077587869,0.0005818965336118779,39920000.0,-41.74471664
2026-10-07T10:24:06,,2400000000.0,5000000000.0,0,8,10,0.6009377006322857,0.6009376,6204385279.999994,6,64,37500000.0,15000000.0,20000.0,50000.0,20,RMS,POW,LIN,0.7499839100000001,0.00077587869,0.0005818965336118779,39924000.0,-41.7302475
2026-10-07T10:24:06,,2400000000.0,5000000000.0,0,8,10,0.6009377006322857,0.6009376,6204385279.999994,6,64,37500000.0,15000000.0,20000.0,50000.0,20,RMS,POW,LIN,0.7499839100000001,0.00077587869,0.0005818965336118779,39928000.0,-41.76430893
2026-10-07T10:24:06,,2400000000.0,5000000000.0,0,8,10,0.6009377006322857,0.6009376,6204385279.999994,6,64,37500000.0,15000000.0,20000.0,50000.0,20,RMS,POW,LIN,0.7499839100000001,0.00077587869,0.0005818965336118779,39932000.0,-41.87653732
2026-10-07T10:24:06,,2400000000.0,5000000000.0,0,8,10,0.6009377006322857,0.6009376,6204385279.999994,6,64,37500000.0,15000000.0,20000.0,50000.0,20,RMS,POW,LIN,0.7499839100000001,0.00077587869,0.0005818965336118779,39936000.0,-41.98044586
2026-10-07T10:24:06,,2400000000.0,5000000000.0,0,8,10,0.6009377006322857,0.6009376,6204385279.999994,6,64,37500000.0,15000000.0,20000.0,50000.0,20,RMS,POW,LIN,0.7499839100000001,0.00077587869,0.0005818965336118779,39940000.0,-41.94833374
2026-10-07T10:24:06,,2400000000.0,5000000000.0,0,8,10,0.6009377006322857,0.6009376,6204385279.999994,6,64,37500000.0,15000000.0,20000.0,50000.0,20,RMS,POW,LIN,0.7499839100000001,0.00077587869,0.0005818965336118779,39944000.0,-41.7701683
2026-10-07T10:24:06,,2400000000.0,5000000000.0,0,8,10,0.6009377006322857,0.6009376,6204385279.999994,6,64,37500000.0,15000000.0,20000.0,50000.0,20,RMS,POW,LIN,0.7499839100000001,0.00077587869,0.0005818965336118779,39948000.0,-41.58778763
2026-10-07T10:24:06,,2400000000.0,5000000000.0,0,8,10,0.6009377006322857,0.6009376,6204385279.999994,6,64,37500000.0,15000000.0,20000.0,50000.0,20,RMS,POW,LIN,0.7499839100000001,0.00077587869,0.0005818965336118779,39952000.0,-41.54345703
2026-10-07T10:24:06,,2400000000.0,5000000000.0,0,8,10,0.6009377006322857,0.6009376,6204385279.999994,6,64,37500000.0,15000000.0,20000.0,50000.0,20,RMS,POW,LIN,0.7499839100000001,0.00077587869,0.0005818965336118779,39956000.0,-41.64596176
2026-10-07T10:24:06,,2400000000.0,5000000000.0,0,8,10,0.6009377006322857,0.6009376,6204385279.999994,6,64,37500000.0,15000000.0,20000.0,50000.0,20,RMS,POW,LIN,0.7499839100000001,0.00077587869,0.0005818965336118779,39960000.0,-41.75863647
2026-10-07T10:24:06,,2400000000.0,5000000000.0,0,8,10,0.6009377006322857,0.6009376,6204385279.999994,6,64,37500000.0,15000000.0,20000.0,50000.0,20,RMS,POW,LIN,0.7499839100000001,0.00077587869,0.0005818965336118779,39964000.0,-41.70836639
2026-10-07T10:24:06,,2400000000.0,5000000000.0,0,8,10,0.6009377006322857,0.6009376,6204385279.999994,6,64,37500000.0,15000000.0,20000.0,50000.0,20,RMS,POW,LIN,0.7499839100000001,0.00077587869,0.0005818965336118779,39968000.0,-41.45991516
2026-10-07T10:24:06,,2400000000.0,5000000000.0,0,8,10,0.6009377006322857,0.6009376,6204385279.999994,6,64,37500000.0,15000000.0,20000.0,50000.0,20,RMS,POW,LIN,0.7499839100000001,0.00077587869,0.0005818965336118779,39972000.0,-41.16628647
2026-10-07T10:24:06,,2400000000.0,5000000000.0,0,8,10,0.6009377006322857,0.6009376,6204385279.999994,6,64,37500000.0,15000000.0,20000.0,50000.0,20,RMS,POW,LIN,0.7499839100000001,0.00077587869,0.0005818965336118779,39976000.0,-41.03483963
2026-10-07T10:24:06,,2400000000.0,5000000000.0,0,8,10,0.6009377006322857,0.6009376,6204385279.999994,6,64,37500000.0,15000000.0,20000.0,50000.0,20,RMS,POW,LIN,0.7499839100000001,0.00077587869,0.0005818965336118779,39980000.0,-41.18401718
2026-10-07T10:24:06,,2400000000.0,5000000000.0,0,8,10,0.6009377006322857,0.6009376,6204385279.999994,6,64,37500000.0,15000000.0,20000.0,50000.0,20,RMS,POW,LIN,0.7499839100000001,0.00077587869,0.0005818965336118779,39984000.0,-41.56578064
2026-10-07T10:24:06,,2400000000.0,5000000000.0,0,8,10,0.6009377006322857,0.6009376,6204385279.999994,6,64,37500000.0,15000000.0,20000.0,50000.0,20,RMS,POW,LIN,0.7499839100000001,0.00077587869,0.0005818965336118779,39988000.0,-41.93859482
2026-10-07T10:24:06,,2400000000.0,5000000000.0,0,8,10,0.6009377006322857,0.6009376,6204385279.999994,6,64,37500000.0,15000000.0,20000.0,50000.0,20,RMS,POW,LIN,0.7499839100000001,0.00077587869,0.0005818965336118779,39992000.0,-42.001091
2026-10-07T10:24:06,,2400000000.0,5000000000.0,0,8,10,0.6009377006322857,0.6009376,6204385279.999994,6,64,37500000.0,15000000.0,20000.0,50000.0,20,RMS,POW,LIN,0.7499839100000001,0.00077587869,0.0005818965336118779,39996000.0,-41.70946503
2026-10-07T10:24:06,,2400000000.0,5000000000.0,0,8,10,0.6009377006322857,0.6009376,6204385279.999994,6,64,37500000.0,15000000.0,20000.0,50000.0,20,RMS,POW,LIN,0.7499839100000001,0.00077587869,0.0005818965336118779,40000000.0,-41.31974411
2026-10-07T10:24:06,,2400000000.0,5000000000.0,0,8,10,0.6009377006322857,0.6009376,6204385279.999994,6,64,37500000.0,15000000.0,20000.0,50000.0,20,RMS,POW,LIN,0.7499839100000001,0.00077587869,0.0005818965336118779,40004000.0,-41.07835007
2026-10-07T10:24:06,,2400000000.0,5000000000.0,0,8,10,0.6009377006322857,0.6009376,6204385279.999994,6,64,37500000.0,15000000.0,20000.0,50000.0,20,RMS,POW,LIN,0.7499839100000001,0.00077587869,0.0005818965336118779,40008000.0,-41.05241013
2026-10-07T10:24:06,,2400000000.0,5000000000.0,0,8,10,0.6009377006322857,0.6009376,6204385279.999994,6,64,37500000.0,15000000.0,20000.0,50000.0,20,RMS,POW,LIN,0.7499839100000001,0.00077587869,0.0005818965336118779,40012000.0,-41.16455078
2026-10-07T10:24:06,,2400000000.0,5000000000.0,0,8,10,0.6009377006322857,0.6009376,6204385279.999994,6,64,37500000.0,15000000.0,20000.0,50000.0,20,RMS,POW,LIN,0.7499839100000001,0.00077587869,0.0005818965336118779,40016000.0,-41.29611969
2026-10-07T10:24:06,,2400000000.0,5000000000.0,0,8,10,0.6009377006322857,0.6009376,6204385279.999994,6,64,37500000.0,15000000.0,20000.0,50000.0,20,RMS,POW,LIN,0.7499839100000001,0.00077587869,0.0005818965336118779,40020000.0,-41.39204788
2026-10-07T10:24:06,,2400000000.0,5000000000.0,0,8,10,0.6009377006322857,0.6009376,6204385279.999994,6,64,37500000.0,15000000.0,20000.0,50000.0,20,RMS,POW,LIN,0.7499839100000001,0.00077587869,0.0005818965336118779,40024000.0,-41.48685455
2026-10-07T10:24:06,,2400000000.0,5000000000.0,0,8,10,0.6009377006322857,0.6009376,6204385279.999994,6,64,37500000.0,15000000.0,20000.0,50000.0,20,RMS,POW,LIN,0.7499839100000001,0.00077587869,0.0005818965336118779,40028000.0,-41.63304901
2026-10-07T10:24:06,,2400000000.0,5000000000.0,0,8,10,0.6009377006322857,0.6009376,6204385279.999994,6,64,37500000.0,15000000.0,20000.0,50000.0,20,RMS,POW,LIN,0.7499839100000001,0.00077587869,0.0005818965336118779,40032000.0,-41.8304863
2026-10-07T10:24:06,,2400000000.0,5000000000.0,0,8,10,0.6009377006322857,0.6009376,6204385279.999994,6,64,37500000.0,15000000.0,20000.0,50000.0,20,RMS,POW,LIN,0.7499839100000001,0.00077587869,0.0005818965336118779,40036000.0,-42.03330994
2026-10-07T10:24:06,,2400000000.0,5000000000.0,0,8,10,0.6009377006322857,0.6009376,6204385279.999994,6,64,37500000.0,15000000.0,20000.0,50000.0,20,RMS,POW,LIN,0.7499839100000001,0.00077587869,0.0005818965336118779,40040000.0,-42.21331406
2026-10-07T10:24:06,,2400000000.0,5000000000.0,0,8,10,0.6009377006322857,0.6009376,6204385279.999994,6,64,37500000.0,15000000.0,20000.0,50000.0,20,RMS,POW,LIN,0.7499839100000001,0.00077587869,0.0005818965336118779,40044000.0,-42.39750671
2026-10-07T10:24:06,,2400000000.0,5000000000.0,0,8,10,0.6009377006322857,0.6009376,6204385279.999994,6,64,37500000.0,15000000.0,20000.0,50000.0,20,RMS,POW,LIN,0.7499839100000001,0.00077587869,0.0005818965336118779,40048000.0,-42.63185501
2026-10-07T10:24:06,,2400000000.0,5000000000.0,0,8,10,0.6009377006322857,0.6009376,6204385279.999994,6,64,37500000.0,15000000.0,20000.0,50000.0,20,RMS,POW,LIN,0.7499839100000001,0.00077587869,0.0005818965336118779,40052000.0,-42.91946793
2026-10-07T10:24:06,,2400000000.0,5000000000.0,0,8,10,0.6009377006322857,0.6009376,6204385279.999994,6,64,37500000.0,15000000.0,20000.0,50000.0,20,RMS,POW,LIN,0.7499839100000001,0.00077587869,0.0005818965336118779,40056000.0,-43.20261002
2026-10-07T10:24:06,,2400000000.0,5000000000.0,0,8,10,0.6009377006322857,0.6009376,6204385279.999994,6,64,37500000.0,15000000.0,20000.0,50000.0,20,RMS,POW,LIN,0.7499839100000001,0.00077587869,0.0005818965336118779,40060000.0,-43.39887619
2026-10-07T10:24:06,,2400000000.0,5000000000.0,0,8,10,0.6009377006322857,0.6009376,6204385279.999994,6,64,37500000.0,15000000.0,20000.0,50000.0,20,RMS,POW,LIN,0.7499839100000001,0.00077587869,0.0005818965336118779,40064000.0,-43.44599533
2026-10-07T10:24:06,,2400000000.0,5000000000.0,0,8,10,0.6009377006322857,0.6009376,6204385279.999994,6,64,37500000.0,15000000.0,20000.0,50000.0,20,RMS,POW,LIN,0.7499839100000001,0.00077587869,0.0005818965336118779,40068000.0,-43.31851578
2026-10-07T10:24:06,,2400000000.0,5000000000.0,0,8,10,0.6009377006322857,0.6009376,6204385279.999994,6,64,37500000.0,15000000.0,20000.0,50000.0,20,RMS,POW,LIN,0.7499839100000001,0.00077587869,0.0005818965336118779,40072000.0,-43.04129028
2026-10-07T10:24:06,,2400000000.0,5000000000.0,0,8,10,0.6009377006322857,0.6009376,6204385279.999994,6,64,37500000.0,15000000.0,20000.0,50000.0,20,RMS,POW,LIN,0.7499839100000001,0.00077587869,0.0005818965336118779,40076000.0,-42.70666885
2026-10-07T10:24:06,,2400000000.0,5000000000.0,0,8,10,0.6009377006322857,0.6009376,6204385279.999994,6,64,37500000.0,15000000.0,20000.0,50000.0,20,RMS,POW,LIN,0.7499839100000001,0.00077587869,0.0005818965336118779,40080000.0,-42.44506454
2026-10-07T10:24:06,,2400000000.0,5000000000.0,0,8,10,0.6009377006322857,0.6009376,6204385279.999994,6,64,37500000.0,15000000.0,20000.0,50000.0,20,RMS,POW,LIN,0.7499839100000001,0.00077587869,0.0005818965336118779,40084000.0,-42.35668945
2026-10-07T10:24:06,,2400000000.0,5000000000.0,0,8,10,0.6009377006322857,0.6009376,6204385279.999994,6,64,37500000.0,15000000.0,20000.0,50000.0,20,RMS,POW,LIN,0.7499839100000001,0.00077587869,0.0005818965336118779,40088000.0,-42.46656799
2026-10-07T10:24:06,,2400000000.0,5000000000.0,0,8,10,0.6009377006322857,0.6009376,6204385279.999994,6,64,37500000.0,15000000.0,20000.0,50000.0,20,RMS,POW,LIN,0.7499839100000001,0.00077587869,0.0005818965336118779,40092000.0,-42.72078323
2026-10-07T10:24:06,,2400000000.0,5000000000.0,0,8,10,0.6009377006322857,0.6009376,6204385279.999994,6,64,37500000.0,15000000.0,20000.0,50000.0,20,RMS,POW,LIN,0.7499839100000001,0.00077587869,0.0005818965336118779,40096000.0,-43.00450134
2026-10-07T10:24:06,,2400000000.0,5000000000.0,0,8,10,0.6009377006322857,0.6009376,6204385279.999994,6,64,37500000.0,15000000.0,20000.0,50000.0,20,RMS,POW,LIN,0.7499839100000001,0.00077587869,0.0005818965336118779,40100000.0,-43.17340469
2026-10-07T10:24:06,,2400000000.0,5000000000.0,0,8,10,0.6009377006322857,0.6009376,6204385279.999994,6,64,37500000.0,15000000.0,20000.0,50000.0,20,RMS,POW,LIN,0.7499839100000001,0.00077587869,0.0005818965336118779,40104000.0,-43.12013626
2026-10-07T10:24:06,,2400000000.0,5000000000.0,0,8,10,0.6009377006322857,0.6009376,6204385279.999994,6,64,37500000.0,15000000.0,20000.0,50000.0,20,RMS,POW,LIN,0.7499839100000001,0.00077587869,0.0005818965336118779,40108000.0,-42.86767197
2026-10-07T10:24:06,,2400000000.0,5000000000.0,0,8,10,0.6009377006322857,0.6009376,6204385279.999994,6,64,37500000.0,15000000.0,20000.0,50000.0,20,RMS,POW,LIN,0.7499839100000001,0.00077587869,0.0005818965336118779,40112000.0,-42.58475876
2026-10-07T10:24:06,,2400000000.0,5000000000.0,0,8,10,0.6009377006322857,0.6009376,6204385279.999994,6,64,37500000.0,15000000.0,20000.0,50000.0,20,RMS,POW,LIN,0.7499839100000001,0.00077587869,0.0005818965336118779,40116000.0,-42.48146057
2026-10-07T10:24:06,,2400000000.0,5000000000.0,0,8,10,0.6009377006322857,0.6009376,6204385279.999994,6,64,37500000.0,15000000.0,20000.0,50000.0,20,RMS,POW,LIN,0.7499839100000001,0.00077587869,0.0005818965336118779,40120000.0,-42.70024872
2026-10-07T10:24:06,,2400000000.0,5000000000.0,0,8,10,0.6009377006322857,0.6009376,6204385279.999994,6,64,37500000.0,15000000.0,20000.0,50000.0,20,RMS,POW,LIN,0.7499839100000001,0.00077587869,0.0005818965336118779,40124000.0,-43.26575851
2026-10-07T10:24:06,,2400000000.0,5000000000.0,0,8,10,0.6009377006322857,0.6009376,6204385279.999994,6,64,37500000.0,15000000.0,20000.0,50000.0,20,RMS,POW,LIN,0.7499839100000001,0.00077587869,0.0005818965336118779,40128000.0,-44.05009079
2026-10-07T10:24:06,,2400000000.0,5000000000.0,0,8,10,0.6009377006322857,0.6009376,6204385279.999994,6,64,37500000.0,15000000.0,20000.0,50000.0,20,RMS,POW,LIN,0.7499839100000001,0.00077587869,0.0005818965336118779,40132000.0,-44.74005127
2026-10-07T10:24:06,,2400000000.0,5000000000.0,0,8,10,0.6009377006322857,0.6009376,6204385279.999994,6,64,37500000.0,15000000.0,20000.0,50000.0,20,RMS,POW,LIN,0.7499839100000001,0.00077587869,0.0005818965336118779,40136000.0,-44.95010376
2026-10-07T10:24:06,,2400000000.0,5000000000.0,0,8,10,0.6009377006322857,0.6009376,6204385279.999994,6,64,37500000.0,15000000.0,20000.0,50000.0,20,RMS,POW,LIN,0.7499839100000001,0.00077587869,0.0005818965336118779,40140000.0,-44.5787735
2026-10-07T10:24:06,,2400000000.0,5000000000.0,0,8,10,0.6009377006322857,0.6009376,6204385279.999994,6,64,37500000.0,15000000.0,20000.0,50000.0,20,RMS,POW,LIN,0.7499839100000001,0.00077587869,0.0005818965336118779,40144000.0,-43.91381836
2026-10-07T10:24:06,,2400000000.0,5000000000.0,0,8,10,0.6009377006322857,0.6009376,6204385279.999994,6,64,37500000.0,15000000.0,20000.0,50000.0,20,RMS,POW,LIN,0.7499839100000001,0.00077587869,0.0005818965336118779,40148000.0,-43.28958893
2026-10-07T10:24:06,,2400000000.0,5000000000.0,0,8,10,0.6009377006322857,0.6009376,6204385279.999994,6,64,37500000.0,15000000.0,20000.0,50000.0,20,RMS,POW,LIN,0.7499839100000001,0.00077587869,0.0005818965336118779,40152000.0,-42.87213898
2026-10-07T10:24:06,,2400000000.0,5000000000.0,0,8,10,0.6009377006322857,0.6009376,6204385279.999994,6,64,37500000.0,15000000.0,20000.0,50000.0,20,RMS,POW,LIN,0.7499839100000001,0.00077587869,0.0005818965336118779,40156000.0,-42.67301941
2026-10-07T10:24:06,,2400000000.0,5000000000.0,0,8,10,0.6009377006322857,0.6009376,6204385279.999994,6,64,37500000.0,15000000.0,20000.0,50000.0,20,RMS,POW,LIN,0.7499839100000001,0.00077587869,0.0005818965336118779,40160000.0,-42.60786057
2026-10-07T10:24:06,,2400000000.0,5000000000.0,0,8,10,0.6009377006322857,0.6009376,6204385279.999994,6,64,37500000.0,15000000.0,20000.0,50000.0,20,RMS,POW,LIN,0.7499839100000001,0.00077587869,0.0005818965336118779,40164000.0,-42.56530762
2026-10-07T10:24:06,,2400000000.0,5000000000.0,0,8,10,0.6009377006322857,0.6009376,6204385279.999994,6,64,37500000.0,15000000.0,20000.0,50000.0,20,RMS,POW,LIN,0.7499839100000001,0.00077587869,0.0005818965336118779,40168000.0,-42.4964447
2026-10-07T10:24:06,,2400000000.0,5000000000.0,0,8,10,0.6009377006322857,0.6009376,6204385279.999994,6,64,37500000.0,15000000.0,20000.0,50000.0,20,RMS,POW,LIN,0.7499839100000001,0.00077587869,0.0005818965336118779,40172000.0,-42.45389175
2026-10-07T10:24:06,,2400000000.0,5000000000.0,0,8,10,0.6009377006322857,0.6009376,6204385279.999994,6,64,37500000.0,15000000.0,20000.0,50000.0,20,RMS,POW,LIN,0.7499839100000001,0.00077587869,0.0005818965336118779,40176000.0,-42.51952362
2026-10-07T10:24:06,,2400000000.0,5000000000.0,0,8,10,0.6009377006322857,0.6009376,6204385279.999994,6,64,37500000.0,15000000.0,20000.0,50000.0,20,RMS,POW,LIN,0.7499839100000001,0.00077587869,0.0005818965336118779,40180000.0,-42.70151901
2026-10-07T10:24:06,,2400000000.0,5000000000.0,0,8,10,0.6009377006322857,0.6009376,6204385279.999994,6,64,37500000.0,15000000.0,20000.0,50000.0,20,RMS,POW,LIN,0.7499839100000001,0.00077587869,0.0005818965336118779,40184000.0,-42.91620636
2026-10-07T10:24:06,,2400000000.0,5000000000.0,0,8,10,0.6009377006322857,0.6009376,6204385279.999994,6,64,37500000.0,15000000.0,20000.0,50000.0,20,RMS,POW,LIN,0.7499839100000001,0.00077587869,0.0005818965336118779,40188000.0,-43.08545303
2026-10-07T10:24:06,,2400000000.0,5000000000.0,0,8,10,0.6009377006322857,0.6009376,6204385279.999994,6,64,37500000.0,15000000.0,20000.0,50000.0,20,RMS,POW,LIN,0.7499839100000001,0.00077587869,0.0005818965336118779,40192000.0,-43.24456787
2026-10-07T10:24:06,,2400000000.0,5000000000.0,0,8,10,0.6009377006322857,0.6009376,6204385279.999994,6,64,37500000.0,15000000.0,20000.0,50000.0,20,RMS,POW,LIN,0.7499839100000001,0.00077587869,0.0005818965336118779,40196000.0,-43.50041962
2026-10-07T10:24:06,,2400000000.0,5000000000.0,0,8,10,0.6009377006322857,0.6009376,6204385279.999994,6,64,37500000.0,15000000.0,20000.0,50000.0,20,RMS,POW,LIN,0.7499839100000001,0.00077587869,0.0005818965336118779,40200000.0,-43.87735367
2026-10-07T10:24:06,,2400000000.0,5000000000.0,0,8,10,0.6009377006322857,0.6009376,6204385279.999994,6,64,37500000.0,15000000.0,20000.0,50000.0,20,RMS,POW,LIN,0.7499839100000001,0.00077587869,0.0005818965336118779,40204000.0,-44.2276268
2026-10-07T10:24:06,,2400000000.0,5000000000.0,0,8,10,0.6009377006322857,0.6009376,6204385279.999994,6,64,37500000.0,15000000.0,20000.0,50000.0,20,RMS,POW,LIN,0.7499839100000001,0.00077587869,0.0005818965336118779,40208000.0,-44.33811569
2026-10-07T10:24:06,,2400000000.0,5000000000.0,0,8,10,0.6009377006322857,0.6009376,6204385279.999994,6,64,37500000.0,15000000.0,20000.0,50000.0,20,RMS,POW,LIN,0.7499839100000001,0.00077587869,0.0005818965336118779,40212000.0,-44.18352127
2026-10-07T10:24:06,,2400000000.0,5000000000.0,0,8,10,0.6009377006322857,0.6009376,6204385279.999994,6,64,37500000.0,15000000.0,20000.0,50000.0,20,RMS,POW,LIN,0.7499839100000001,0.00077587869,0.0005818965336118779,40216000.0,-43.95651627
2026-10-07T10:24:06,,2400000000.0,5000000000.0,0,8,10,0.6009377006322857,0.6009376,6204385279.999994,6,64,37500000.0,15000000.0,20000.0,50000.0,20,RMS,POW,LIN,0.7499839100000001,0.00077587869,0.0005818965336118779,40220000.0,-43.82346725
2026-10-07T10:24:06,,2400000000.0,5000000000.0,0,8,10,0.6009377006322857,0.6009376,6204385279.999994,6,64,37500000.0,15000000.0,20000.0,50000.0,20,RMS,POW,LIN,0.7499839100000001,0.00077587869,0.0005818965336118779,40224000.0,-43.7836113
2026-10-07T10:24:06,,2400000000.0,5000000000.0,0,8,10,0.6009377006322857,0.6009376,6204385279.999994,6,64,37500000.0,15000000.0,20000.0,50000.0,20,RMS,POW,LIN,0.7499839100000001,0.00077587869,0.0005818965336118779,40228000.0,-43.73482513
2026-10-07T10:24:06,,2400000000.0,5000000000.0,0,8,10,0.6009377006322857,0.6009376,6204385279.999994,6,64,37500000.0,15000000.0,20000.0,50000.0,20,RMS,POW,LIN,0.7499839100000001,0.00077587869,0.0005818965336118779,40232000.0,-43.6297226
2026-10-07T10:24:06,,2400000000.0,5000000000.0,0,8,10,0.6009377006322857,0.6009376,6204385279.999994,6,64,37500000.0,15000000.0,20000.0,50000.0,20,RMS,POW,LIN,0.7499839100000001,0.00077587869,0.0005818965336118779,40236000.0,-43.54882431
2026-10-07T10:24:06,,2400000000.0,5000000000.0,0,8,10,0.6009377006322857,0.6009376,6204385279.999994,6,64,37500000.0,15000000.0,20000.0,50000.0,20,RMS,POW,LIN,0.7499839100000001,0.00077587869,0.0005818965336118779,40240000.0,-43.61579895
2026-10-07T10:24:06,,2400000000.0,5000000000.0,0,8,10,0.6009377006322857,0.6009376,6204385279.999994,6,64,37500000.0,15000000.0,20000.0,50000.0,20,RMS,POW,LIN,0.7499839100000001,0.00077587869,0.0005818965336118779,40244000.0,-43.891819
2026-10-07T10:24:06,,2400000000.0,5000000000.0,0,8,10,0.6009377006322857,0.6009376,6204385279.999994,6,64,37500000.0,15000000.0,20000.0,50000.0,20,RMS,POW,LIN,0.7499839100000001,0.00077587869,0.0005818965336118779,40248000.0,-44.35951996
2026-10-07T10:24:06,,2400000000.0,5000000000.0,0,8,10,0.6009377006322857,0.6009376,6204385279.999994,6,64,37500000.0,15000000.0,20000.0,50000.0,20,RMS,POW,LIN,0.7499839100000001,0.00077587869,0.0005818965336118779,40252000.0,-44.97082138
2026-10-07T10:24:06,,2400000000.0,5000000000.0,0,8,10,0.6009377006322857,0.6009376,6204385279.999994,6,64,37500000.0,15000000.0,20000.0,50000.0,20,RMS,POW,LIN,0.7499839100000001,0.00077587869,0.0005818965336118779,40256000.0,-45.67420578
2026-10-07T10:24:06,,2400000000.0,5000000000.0,0,8,10,0.6009377006322857,0.6009376,6204385279.999994,6,64,37500000.0,15000000.0,20000.0,50000.0,20,RMS,POW,LIN,0.7499839100000001,0.00077587869,0.0005818965336118779,40260000.0,-46.34986877
2026-10-07T10:24:06,,2400000000.0,5000000000.0,0,8,10,0.6009377006322857,0.6009376,6204385279.999994,6,64,37500000.0,15000000.0,20000.0,50000.0,20,RMS,POW,LIN,0.7499839100000001,0.00077587869,0.0005818965336118779,40264000.0,-46.7176857
2026-10-07T10:24:06,,2400000000.0,5000000000.0,0,8,10,0.6009377006322857,0.6009376,6204385279.999994,6,64,37500000.0,15000000.0,20000.0,50000.0,20,RMS,POW,LIN,0.7499839100000001,0.00077587869,0.0005818965336118779,40268000.0,-46.49145508
2026-10-07T10:24:06,,2400000000.0,5000000000.0,0,8,10,0.6009377006322857,0.6009376,6204385279.999994,6,64,37500000.0,15000000.0,20000.0,50000.0,20,RMS,POW,LIN,0.7499839100000001,0.00077587869,0.0005818965336118779,40272000.0,-45.76242065
2026-10-07T10:24:06,,2400000000.0,5000000000.0,0,8,10,0.6009377006322857,0.6009376,6204385279.999994,6,64,37500000.0,15000000.0,20000.0,50000.0,20,RMS,POW,LIN,0.7499839100000001,0.00077587869,0.0005818965336118779,40276000.0,-44.92889023
2026-10-07T10:24:06,,2400000000.0,5000000000.0,0,8,10,0.6009377006322857,0.6009376,6204385279.999994,6,64,37500000.0,15000000.0,20000.0,50000.0,20,RMS,POW,LIN,0.7499839100000001,0.00077587869,0.0005818965336118779,40280000.0,-44.30677795
2026-10-07T10:24:06,,2400000000.0,5000000000.0,0,8,10,0.6009377006322857,0.6009376,6204385279.999994,6,64,37500000.0,15000000.0,20000.0,50000.0,20,RMS,POW,LIN,0.7499839100000001,0.00077587869,0.0005818965336118779,40284000.0,-44.02413177
2026-10-07T10:24:06,,2400000000.0,5000000000.0,0,8,10,0.6009377006322857,0.6009376,6204385279.999994,6,64,37500000.0,15000000.0,20000.0,50000.0,20,RMS,POW,LIN,0.7499839100000001,0.00077587869,0.0005818965336118779,40288000.0,-44.09525299
2026-10-07T10:24:06,,2400000000.0,5000000000.0,0,8,10,0.6009377006322857,0.6009376,6204385279.999994,6,64,37500000.0,15000000.0,20000.0,50000.0,20,RMS,POW,LIN,0.7499839100000001,0.00077587869,0.0005818965336118779,40292000.0,-44.47554398
2026-10-07T10:24:06,,2400000000.0,5000000000.0,0,8,10,0.6009377006322857,0.6009376,6204385279.999994,6,64,37500000.0,15000000.0,20000.0,50000.0,20,RMS,POW,LIN,0.7499839100000001,0.00077587869,0.0005818965336118779,40296000.0,-45.04906082
2026-10-07T10:24:06,,2400000000.0,5000000000.0,0,8,10,0.6009377006322857,0.6009376,6204385279.999994,6,64,37500000.0,15000000.0,20000.0,50000.0,20,RMS,POW,LIN,0.7499839100000001,0.00077587869,0.0005818965336118779,40300000.0,-45.57301331
2026-10-07T10:24:06,,2400000000.0,5000000000.0,0,8,10,0.6009377006322857,0.6009376,6204385279.999994,6,64,37500000.0,15000000.0,20000.0,50000.0,20,RMS,POW,LIN,0.7499839100000001,0.00077587869,0.0005818965336118779,40304000.0,-45.72008514
2026-10-07T10:24:06,,2400000000.0,5000000000.0,0,8,10,0.6009377006322857,0.6009376,6204385279.999994,6,64,37500000.0,15000000.0,20000.0,50000.0,20,RMS,POW,LIN,0.7499839100000001,0.00077587869,0.0005818965336118779,40308000.0,-45.35675812
2026-10-07T10:24:06,,2400000000.0,5000000000.0,0,8,10,0.6009377006322857,0.6009376,6204385279.999994,6,64,37500000.0,15000000.0,20000.0,50000.0,20,RMS,POW,LIN,0.7499839100000001,0.00077587869,0.0005818965336118779,40312000.0,-44.70111847
2026-10-07T10:24:06,,2400000000.0,5000000000.0,0,8,10,0.6009377006322857,0.6009376,6204385279.999994,6,64,37500000.0,15000000.0,20000.0,50000.0,20,RMS,POW,LIN,0.7499839100000001,0.00077587869,0.0005818965336118779,40316000.0,-44.0664711
2026-10-07T10:24:06,,2400000000.0,5000000000.0,0,8,10,0.6009377006322857,0.6009376,6204385279.999994,6,64,37500000.0,15000000.0,20000.0,50000.0,20,RMS,POW,LIN,0.7499839100000001,0.00077587869,0.0005818965336118779,40320000.0,-43.63774872
2026-10-07T10:24:06,,2400000000.0,5000000000.0,0,8,10,0.6009377006322857,0.6009376,6204385279.999994,6,64,37500000.0,15000000.0,20000.0,50000.0,20,RMS,POW,LIN,0.7499839100000001,0.00077587869,0.0005818965336118779,40324000.0,-43.46065903
2026-10-07T10:24:06,,2400000000.0,5000000000.0,0,8,10,0.6009377006322857,0.6009376,6204385279.999994,6,64,37500000.0,15000000.0,20000.0,50000.0,20,RMS,POW,LIN,0.7499839100000001,0.00077587869,0.0005818965336118779,40328000.0,-43.48629379
2026-10-07T10:24:06,,2400000000.0,5000000000.0,0,8,10,0.6009377006322857,0.6009376,6204385279.999994,6,64,37500000.0,15000000.0,20000.0,50000.0,20,RMS,POW,LIN,0.7499839100000001,0.00077587869,0.0005818965336118779,40332000.0,-43.61978531
2026-10-07T10:24:06,,2400000000.0,5000000000.0,0,8,10,0.6009377006322857,0.6009376,6204385279.999994,6,64,37500000.0,15000000.0,20000.0,50000.0,20,RMS,POW,LIN,0.7499839100000001,0.00077587869,0.0005818965336118779,40336000.0,-43.78709412
2026-10-07T10:24:06,,2400000000.0,5000000000.0,0,8,10,0.6009377006322857,0.6009376,6204385279.999994,6,64,37500000.0,15000000.0,20000.0,50000.0,20,RMS,POW,LIN,0.7499839100000001,0.00077587869,0.0005818965336118779,40340000.0,-43.98242569
2026-10-07T10:24:06,,2400000000.0,5000000000.0,0,8,10,0.6009377006322857,0.6009376,6204385279.999994,6,64,37500000.0,15000000.0,20000.0,50000.0,20,RMS,POW,LIN,0.7499839100000001,0.00077587869,0.0005818965336118779,40344000.0,-44.23632431
2026-10-07T10:24:06,,2400000000.0,5000000000.0,0,8,10,0.6009377006322857,0.6009376,6204385279.999994,6,64,37500000.0,15000000.0,20000.0,50000.0,20,RMS,POW,LIN,0.7499839100000001,0.00077587869,0.0005818965336118779,40348000.0,-44.53707123
2026-10-07T10:24:06,,2400000000.0,5000000000.0,0,8,10,0.6009377006322857,0.6009376,6204385279.999994,6,64,37500000.0,15000000.0,20000.0,50000.0,20,RMS,POW,LIN,0.7499839100000001,0.00077587869,0.0005818965336118779,40352000.0,-44.79466248
2026-10-07T10:24:06,,2400000000.0,5000000000.0,0,8,10,0.6009377006322857,0.6009376,6204385279.999994,6,64,37500000.0,15000000.0,20000.0,50000.0,20,RMS,POW,LIN,0.7499839100000001,0.00077587869,0.0005818965336118779,40356000.0,-44.89088821
2026-10-07T10:24:06,,2400000000.0,5000000000.0,0,8,10,0.6009377006322857,0.6009376,6204385279.999994,6,64,37500000.0,15000000.0,20000.0,50000.0,20,RMS,POW,LIN,0.7499839100000001,0.00077587869,0.0005818965336118779,40360000.0,-44.77685928
2026-10-07T10:24:06,,2400000000.0,5000000000.0,0,8,10,0.6009377006322857,0.6009376,6204385279.999994,6,64,37500000.0,15000000.0,20000.0,50000.0,20,RMS,POW,LIN,0.7499839100000001,0.00077587869,0.0005818965336118779,40364000.0,-44.51325989
2026-10-07T10:24:06,,2400000000.0,5000000000.0,0,8,10,0.6009377006322857,0.6009376,6204385279.999994,6,64,37500000.0,15000000.0,20000.0,50000.0,20,RMS,POW,LIN,0.7499839100000001,0.00077587869,0.0005818965336118779,40368000.0,-44.21723938
2026-10-07T10:24:06,,2400000000.0,5000000000.0,0,8,10,0.6009377006322857,0.6009376,6204385279.999994,6,64,37500000.0,15000000.0,20000.0,50000.0,20,RMS,POW,LIN,0.7499839100000001,0.00077587869,0.0005818965336118779,40372000.0,-43.9947319
2026-10-07T10:24:06,,2400000000.0,5000000000.0,0,8,10,0.6009377006322857,0.6009376,6204385279.999994,6,64,37500000.0,15000000.0,20000.0,50000.0,20,RMS,POW,LIN,0.7499839100000001,0.00077587869,0.0005818965336118779,40376000.0,-43.90896606
2026-10-07T10:24:06,,2400000000.0,5000000000.0,0,8,10,0.6009377006322857,0.6009376,6204385279.999994,6,64,37500000.0,15000000.0,20000.0,50000.0,20,RMS,POW,LIN,0.7499839100000001,0.00077587869,0.0005818965336118779,40380000.0,-43.96612549
2026-10-07T10:24:06,,2400000000.0,5000000000.0,0,8,10,0.6009377006322857,0.6009376,6204385279.999994,6,64,37500000.0,15000000.0,20000.0,50000.0,20,RMS,POW,LIN,0.7499839100000001,0.00077587869,0.0005818965336118779,40384000.0,-44.10017776
2026-10-07T10:24:06,,2400000000.0,5000000000.0,0,8,10,0.6009377006322857,0.6009376,6204385279.999994,6,64,37500000.0,15000000.0,20000.0,50000.0,20,RMS,POW,LIN,0.7499839100000001,0.00077587869,0.0005818965336118779,40388000.0,-44.18434143
2026-10-07T10:24:06,,2400000000.0,5000000000.0,0,8,10,0.6009377006322857,0.6009376,6204385279.999994,6,64,37500000.0,15000000.0,20000.0,50000.0,20,RMS,POW,LIN,0.7499839100000001,0.00077587869,0.0005818965336118779,40392000.0,-44.11974335
2026-10-07T10:24:06,,2400000000.0,5000000000.0,0,8,10,0.6009377006322857,0.6009376,6204385279.999994,6,64,37500000.0,15000000.0,20000.0,50000.0,20,RMS,POW,LIN,0.7499839100000001,0.00077587869,0.0005818965336118779,40396000.0,-43.95158005
2026-10-07T10:24:06,,2400000000.0,5000000000.0,0,8,10,0.6009377006322857,0.6009376,6204385279.999994,6,64,37500000.0,15000000.0,20000.0,50000.0,20,RMS,POW,LIN,0.7499839100000001,0.00077587869,0.0005818965336118779,40400000.0,-43.85072708
2026-10-07T10:24:06,,2400000000.0,5000000000.0,0,8,10,0.6009377006322857,0.6009376,6204385279.999994,6,64,37500000.0,15000000.0,20000.0,50000.0,20,RMS,POW,LIN,0.7499839100000001,0.00077587869,0.0005818965336118779,40404000.0,-43.97159195
2026-10-07T10:24:06,,2400000000.0,5000000000.0,0,8,10,0.6009377006322857,0.6009376,6204385279.999994,6,64,37500000.0,15000000.0,20000.0,50000.0,20,RMS,POW,LIN,0.7499839100000001,0.00077587869,0.0005818965336118779,40408000.0,-44.34501648
2026-10-07T10:24:06,,2400000000.0,5000000000.0,0,8,10,0.6009377006322857,0.6009376,6204385279.999994,6,64,37500000.0,15000000.0,20000.0,50000.0,20,RMS,POW,LIN,0.7499839100000001,0.00077587869,0.0005818965336118779,40412000.0,-44.85332108
2026-10-07T10:24:06,,2400000000.0,5000000000.0,0,8,10,0.6009377006322857,0.6009376,6204385279.999994,6,64,37500000.0,15000000.0,20000.0,50000.0,20,RMS,POW,LIN,0.7499839100000001,0.00077587869,0.0005818965336118779,40416000.0,-45.27414703
2026-10-07T10:24:06,,2400000000.0,5000000000.0,0,8,10,0.6009377006322857,0.6009376,6204385279.999994,6,64,37500000.0,15000000.0,20000.0,50000.0,20,RMS,POW,LIN,0.7499839100000001,0.00077587869,0.0005818965336118779,40420000.0,-45.39593506
2026-10-07T10:24:06,,2400000000.0,5000000000.0,0,8,10,0.6009377006322857,0.6009376,6204385279.999994,6,64,37500000.0,15000000.0,20000.0,50000.0,20,RMS,POW,LIN,0.7499839100000001,0.00077587869,0.0005818965336118779,40424000.0,-45.14722824
2026-10-07T10:24:06,,2400000000.0,5000000000.0,0,8,10,0.6009377006322857,0.6009376,6204385279.999994,6,64,37500000.0,15000000.0,20000.0,50000.0,20,RMS,POW,LIN,0.7499839100000001,0.00077587869,0.0005818965336118779,40428000.0,-44.63731766
2026-10-07T10:24:06,,2400000000.0,5000000000.0,0,8,10,0.6009377006322857,0.6009376,6204385279.999994,6,64,37500000.0,15000000.0,20000.0,50000.0,20,RMS,POW,LIN,0.7499839100000001,0.00077587869,0.0005818965336118779,40432000.0,-44.08378983
2026-10-07T10:24:06,,2400000000.0,5000000000.0,0,8,10,0.6009377006322857,0.6009376,6204385279.999994,6,64,37500000.0,15000000.0,20000.0,50000.0,20,RMS,POW,LIN,0.7499839100000001,0.00077587869,0.0005818965336118779,40436000.0,-43.68942261
2026-10-07T10:24:06,,2400000000.0,5000000000.0,0,8,10,0.6009377006322857,0.6009376,6204385279.999994,6,64,37500000.0,15000000.0,20000.0,50000.0,20,RMS,POW,LIN,0.7499839100000001,0.00077587869,0.0005818965336118779,40440000.0,-43.54936218
2026-10-07T10:24:06,,2400000000.0,5000000000.0,0,8,10,0.6009377006322857,0.6009376,6204385279.999994,6,64,37500000.0,15000000.0,20000.0,50000.0,20,RMS,POW,LIN,0.7499839100000001,0.00077587869,0.0005818965336118779,40444000.0,-43.61470413
2026-10-07T10:24:06,,2400000000.0,5000000000.0,0,8,10,0.6009377006322857,0.6009376,6204385279.999994,6,64,37500000.0,15000000.0,20000.0,50000.0,20,RMS,POW,LIN,0.7499839100000001,0.00077587869,0.0005818965336118779,40448000.0,-43.71969223
2026-10-07T10:24:06,,2400000000.0,5000000000.0,0,8,10,0.6009377006322857,0.6009376,6204385279.999994,6,64,37500000.0,15000000.0,20000.0,50000.0,20,RMS,POW,LIN,0.7499839100000001,0.00077587869,0.0005818965336118779,40452000.0,-43.71512222
2026-10-07T10:24:06,,2400000000.0,5000000000.0,0,8,10,0.6009377006322857,0.6009376,6204385279.999994,6,64,37500000.0,15000000.0,20000.0,50000.0,20,RMS,POW,LIN,0.7499839100000001,0.00077587869,0.0005818965336118779,40456000.0,-43.63032532
2026-10-07T10:24:06,,2400000000.0,5000000000.0,0,8,10,0.6009377006322857,0.6009376,6204385279.999994,6,64,37500000.0,15000000.0,20000.0,50000.0,20,RMS,POW,LIN,0.7499839100000001,0.00077587869,0.0005818965336118779,40460000.0,-43.63359451
2026-10-07T10:24:06,,2400000000.0,5000000000.0,0,8,10,0.6009377006322857,0.6009376,6204385279.999994,6,64,37500000.0,15000000.0,20000.0,50000.0,20,RMS,POW,LIN,0.7499839100000001,0.00077587869,0.0005818965336118779,40464000.0,-43.82758331
2026-10-07T10:24:06,,2400000000.0,5000000000.0,0,8,10,0.6009377006322857,0.6009376,6204385279.999994,6,64,37500000.0,15000000.0,20000.0,50000.0,20,RMS,POW,LIN,0.7499839100000001,0.00077587869,0.0005818965336118779,40468000.0,-44.11416245
2026-10-07T10:24:06,,2400000000.0,5000000000.0,0,8,10,0.6009377006322857,0.6009376,6204385279.999994,6,64,37500000.0,15000000.0,20000.0,50000.0,20,RMS,POW,LIN,0.7499839100000001,0.00077587869,0.0005818965336118779,40472000.0,-44.23643875
2026-10-07T10:24:06,,2400000000.0,5000000000.0,0,8,10,0.6009377006322857,0.6009376,6204385279.999994,6,64,37500000.0,15000000.0,20000.0,50000.0,20,RMS,POW,LIN,0.7499839100000001,0.00077587869,0.0005818965336118779,40476000.0,-44.02819443
2026-10-07T10:24:06,,2400000000.0,5000000000.0,0,8,10,0.6009377006322857,0.6009376,6204385279.999994,6,64,37500000.0,15000000.0,20000.0,50000.0,20,RMS,POW,LIN,0.7499839100000001,0.00077587869,0.0005818965336118779,40480000.0,-43.60552216
2026-10-07T10:24:06,,2400000000.0,5000000000.0,0,8,10,0.6009377006322857,0.6009376,6204385279.999994,6,64,37500000.0,15000000.0,20000.0,50000.0,20,RMS,POW,LIN,0.7499839100000001,0.00077587869,0.0005818965336118779,40484000.0,-43.20989609
2026-10-07T10:24:06,,2400000000.0,5000000000.0,0,8,10,0.6009377006322857,0.6009376,6204385279.999994,6,64,37500000.0,15000000.0,20000.0,50000.0,20,RMS,POW,LIN,0.7499839100000001,0.00077587869,0.0005818965336118779,40488000.0,-43.00263214
2026-10-07T10:24:06,,2400000000.0,5000000000.0,0,8,10,0.6009377006322857,0.6009376,6204385279.999994,6,64,37500000.0,15000000.0,20000.0,50000.0,20,RMS,POW,LIN,0.7499839100000001,0.00077587869,0.0005818965336118779,40492000.0,-43.03759766
2026-10-07T10:24:06,,2400000000.0,5000000000.0,0,8,10,0.6009377006322857,0.6009376,6204385279.999994,6,64,37500000.0,15000000.0,20000.0,50000.0,20,RMS,POW,LIN,0.7499839100000001,0.00077587869,0.0005818965336118779,40496000.0,-43.29587936
2026-10-07T10:24:06,,2400000000.0,5000000000.0,0,8,10,0.6009377006322857,0.6009376,6204385279.999994,6,64,37500000.0,15000000.0,20000.0,50000.0,20,RMS,POW,LIN,0.7499839100000001,0.00077587869,0.0005818965336118779,40500000.0,-43.69464874
2026-10-07T10:24:06,,2400000000.0,5000000000.0,0,8,10,0.6009377006322857,0.6009376,6204385279.999994,6,64,37500000.0,15000000.0,20000.0,50000.0,20,RMS,POW,LIN,0.7499839100000001,0.00077587869,0.0005818965336118779,40504000.0,-44.09166718
2026-10-07T10:24:06,,2400000000.0,5000000000.0,0,8,10,0.6009377006322857,0.6009376,6204385279.999994,6,64,37500000.0,15000000.0,20000.0,50000.0,20,RMS,POW,LIN,0.7499839100000001,0.00077587869,0.0005818965336118779,40508000.0,-44.34822464
2026-10-07T10:24:06,,2400000000.0,5000000000.0,0,8,10,0.6009377006322857,0.6009376,6204385279.999994,6,64,37500000.0,15000000.0,20000.0,50000.0,20,RMS,POW,LIN,0.7499839100000001,0.00077587869,0.0005818965336118779,40512000.0,-44.43146896
2026-10-07T10:24:06,,2400000000.0,5000000000.0,0,8,10,0.6009377006322857,0.6009376,6204385279.999994,6,64,37500000.0,15000000.0,20000.0,50000.0,20,RMS,POW,LIN,0.7499839100000001,0.00077587869,0.0005818965336118779,40516000.0,-44.41651917
2026-10-07T10:24:06,,2400000000.0,5000000000.0,0,8,10,0.6009377006322857,0.6009376,6204385279.999994,6,64,37500000.0,15000000.0,20000.0,50000.0,20,RMS,POW,LIN,0.7499839100000001,0.00077587869,0.0005818965336118779,40520000.0,-44.3682785
2026-10-07T10:24:06,,2400000000.0,5000000000.0,0,8,10,0.6009377006322857,0.6009376,6204385279.999994,6,64,37500000.0,15000000.0,20000.0,50000.0,20,RMS,POW,LIN,0.7499839100000001,0.00077587869,0.0005818965336118779,40524000.0,-44.26214981
2026-10-07T10:24:06,,2400000000.0,5000000000.0,0,8,10,0.6009377006322857,0.6009376,6204385279.999994,6,64,37500000.0,15000000.0,20000.0,50000.0,20,RMS,POW,LIN,0.7499839100000001,0.00077587869,0.0005818965336118779,40528000.0,-44.0295639
2026-10-07T10:24:06,,2400000000.0,5000000000.0,0,8,10,0.6009377006322857,0.6009376,6204385279.999994,6,64,37500000.0,15000000.0,20000.0,50000.0,20,RMS,POW,LIN,0.7499839100000001,0.00077587869,0.0005818965336118779,40532000.0,-43.66413879
2026-10-07T10:24:06,,2400000000.0,5000000000.0,0,8,10,0.6009377006322857,0.6009376,6204385279.999994,6,64,37500000.0,15000000.0,20000.0,50000.0,20,RMS,POW,LIN,0.7499839100000001,0.00077587869,0.0005818965336118779,40536000.0,-43.25568008
2026-10-07T10:24:06,,2400000000.0,5000000000.0,0,8,10,0.6009377006322857,0.6009376,6204385279.999994,6,64,37500000.0,15000000.0,20000.0,50000.0,20,RMS,POW,LIN,0.7499839100000001,0.00077587869,0.0005818965336118779,40540000.0,-42.92373276
2026-10-07T10:24:06,,2400000000.0,5000000000.0,0,8,10,0.6009377006322857,0.6009376,6204385279.999994,6,64,37500000.0,15000000.0,20000.0,50000.0,20,RMS,POW,LIN,0.7499839100000001,0.00077587869,0.0005818965336118779,40544000.0,-42.74944305
2026-10-07T10:24:06,,2400000000.0,5000000000.0,0,8,10,0.6009377006322857,0.6009376,6204385279.999994,6,64,37500000.0,15000000.0,20000.0,50000.0,20,RMS,POW,LIN,0.7499839100000001,0.00077587869,0.0005818965336118779,40548000.0,-42.75433731
2026-10-07T10:24:06,,2400000000.0,5000000000.0,0,8,10,0.6009377006322857,0.6009376,6204385279.999994,6,64,37500000.0,15000000.0,20000.0,50000.0,20,RMS,POW,LIN,0.7499839100000001,0.00077587869,0.0005818965336118779,40552000.0,-42.90107346
2026-10-07T10:24:06,,2400000000.0,5000000000.0,0,8,10,0.6009377006322857,0.6009376,6204385279.999994,6,64,37500000.0,15000000.0,20000.0,50000.0,20,RMS,POW,LIN,0.7499839100000001,0.00077587869,0.0005818965336118779,40556000.0,-43.10746384
2026-10-07T10:24:06,,2400000000.0,5000000000.0,0,8,10,0.6009377006322857,0.6009376,6204385279.999994,6,64,37500000.0,15000000.0,20000.0,50000.0,20,RMS,POW,LIN,0.7499839100000001,0.00077587869,0.0005818965336118779,40560000.0,-43.28973007
2026-10-07T10:24:06,,2400000000.0,5000000000.0,0,8,10,0.6009377006322857,0.6009376,6204385279.999994,6,64,37500000.0,15000000.0,20000.0,50000.0,20,RMS,POW,LIN,0.7499839100000001,0.00077587869,0.0005818965336118779,40564000.0,-43.4054184
2026-10-07T10:24:06,,2400000000.0,5000000000.0,0,8,10,0.6009377006322857,0.6009376,6204385279.999994,6,64,37500000.0,15000000.0,20000.0,50000.0,20,RMS,POW,LIN,0.7499839100000001,0.00077587869,0.0005818965336118779,40568000.0,-43.42679596
2026-10-07T10:24:06,,2400000000.0,5000000000.0,0,8,10,0.6009377006322857,0.6009376,6204385279.999994,6,64,37500000.0,15000000.0,20000.0,50000.0,20,RMS,POW,LIN,0.7499839100000001,0.00077587869,0.0005818965336118779,40572000.0,-43.28538895
2026-10-07T10:24:06,,2400000000.0,5000000000.0,0,8,10,0.6009377006322857,0.6009376,6204385279.999994,6,64,37500000.0,15000000.0,20000.0,50000.0,20,RMS,POW,LIN,0.7499839100000001,0.00077587869,0.0005818965336118779,40576000.0,-42.92636871
2026-10-07T10:24:06,,2400000000.0,5000000000.0,0,8,10,0.6009377006322857,0.6009376,6204385279.999994,6,64,37500000.0,15000000.0,20000.0,50000.0,20,RMS,POW,LIN,0.7499839100000001,0.00077587869,0.0005818965336118779,40580000.0,-42.43046188
2026-10-07T10:24:06,,2400000000.0,5000000000.0,0,8,10,0.6009377006322857,0.6009376,6204385279.999994,6,64,37500000.0,15000000.0,20000.0,50000.0,20,RMS,POW,LIN,0.7499839100000001,0.00077587869,0.0005818965336118779,40584000.0,-41.98255157
2026-10-07T10:24:06,,2400000000.0,5000000000.0,0,8,10,0.6009377006322857,0.6009376,6204385279.999994,6,64,37500000.0,15000000.0,20000.0,50000.0,20,RMS,POW,LIN,0.7499839100000001,0.00077587869,0.0005818965336118779,40588000.0,-41.7167778
2026-10-07T10:24:06,,2400000000.0,5000000000.0,0,8,10,0.6009377006322857,0.6009376,6204385279.999994,6,64,37500000.0,15000000.0,20000.0,50000.0,20,RMS,POW,LIN,0.7499839100000001,0.00077587869,0.0005818965336118779,40592000.0,-41.6344986
2026-10-07T10:24:06,,2400000000.0,5000000000.0,0,8,10,0.6009377006322857,0.6009376,6204385279.999994,6,64,37500000.0,15000000.0,20000.0,50000.0,20,RMS,POW,LIN,0.7499839100000001,0.00077587869,0.0005818965336118779,40596000.0,-41.63713837
2026-10-07T10:24:06,,2400000000.0,5000000000.0,0,8,10,0.6009377006322857,0.6009376,6204385279.999994,6,64,37500000.0,15000000.0,20000.0,50000.0,20,RMS,POW,LIN,0.7499839100000001,0.00077587869,0.0005818965336118779,40600000.0,-41.63116455
2026-10-07T10:24:06,,2400000000.0,5000000000.0,0,8,10,0.6009377006322857,0.6009376,6204385279.999994,6,64,37500000.0,15000000.0,20000.0,50000.0,20,RMS,POW,LIN,0.7499839100000001,0.00077587869,0.0005818965336118779,40604000.0,-41.61674881
2026-10-07T10:24:06,,2400000000.0,5000000000.0,0,8,10,0.6009377006322857,0.6009376,6204385279.999994,6,64,37500000.0,15000000.0,20000.0,50000.0,20,RMS,POW,LIN,0.7499839100000001,0.00077587869,0.0005818965336118779,40608000.0,-41.65728378
2026-10-07T10:24:06,,2400000000.0,5000000000.0,0,8,10,0.6009377006322857,0.6009376,6204385279.999994,6,64,37500000.0,15000000.0,20000.0,50000.0,20,RMS,POW,LIN,0.7499839100000001,0.00077587869,0.0005818965336118779,40612000.0,-41.76852417
2026-10-07T10:24:06,,2400000000.0,5000000000.0,0,8,10,0.6009377006322857,0.6009376,6204385279.999994,6,64,37500000.0,15000000.0,20000.0,50000.0,20,RMS,POW,LIN,0.7499839100000001,0.00077587869,0.0005818965336118779,40616000.0,-41.86183548
2026-10-07T10:24:06,,2400000000.0,5000000000.0,0,8,10,0.6009377006322857,0.6009376,6204385279.999994,6,64,37500000.0,15000000.0,20000.0,50000.0,20,RMS,POW,LIN,0.7499839100000001,0.00077587869,0.0005818965336118779,40620000.0,-41.81230545
2026-10-07T10:24:06,,2400000000.0,5000000000.0,0,8,10,0.6009377006322857,0.6009376,6204385279.999994,6,64,37500000.0,15000000.0,20000.0,50000.0,20,RMS,POW,LIN,0.7499839100000001,0.00077587869,0.0005818965336118779,40624000.0,-41.59215546
2026-10-07T10:24:06,,2400000000.0,5000000000.0,0,8,10,0.6009377006322857,0.6009376,6204385279.999994,6,64,37500000.0,15000000.0,20000.0,50000.0,20,RMS,POW,LIN,0.7499839100000001,0.00077587869,0.0005818965336118779,40628000.0,-41.29781342
2026-10-07T10:24:06,,2400000000.0,5000000000.0,0,8,10,0.6009377006322857,0.6009376,6204385279.999994,6,64,37500000.0,15000000.0,20000.0,50000.0,20,RMS,POW,LIN,0.7499839100000001,0.00077587869,0.0005818965336118779,40632000.0,-41.04826736
2026-10-07T10:24:06,,2400000000.0,5000000000.0,0,8,10,0.6009377006322857,0.6009376,6204385279.999994,6,64,37500000.0,15000000.0,20000.0,50000.0,20,RMS,POW,LIN,0.7499839100000001,0.00077587869,0.0005818965336118779,40636000.0,-40.91176605
2026-10-07T10:24:06,,2400000000.0,5000000000.0,0,8,10,0.6009377006322857,0.6009376,6204385279.999994,6,64,37500000.0,15000000.0,20000.0,50000.0,20,RMS,POW,LIN,0.7499839100000001,0.00077587869,0.0005818965336118779,40640000.0,-40.9119606
2026-10-07T10:24:06,,2400000000.0,5000000000.0,0,8,10,0.6009377006322857,0.6009376,6204385279.999994,6,64,37500000.0,15000000.0,20000.0,50000.0,20,RMS,POW,LIN,0.7499839100000001,0.00077587869,0.0005818965336118779,40644000.0,-41.05527878
2026-10-07T10:24:06,,2400000000.0,5000000000.0,0,8,10,0.6009377006322857,0.6009376,6204385279.999994,6,64,37500000.0,15000000.0,20000.0,50000.0,20,RMS,POW,LIN,0.7499839100000001,0.00077587869,0.0005818965336118779,40648000.0,-41.34095383
2026-10-07T10:24:06,,2400000000.0,5000000000.0,0,8,10,0.6009377006322857,0.6009376,6204385279.999994,6,64,37500000.0,15000000.0,20000.0,50000.0,20,RMS,POW,LIN,0.7499839100000001,0.00077587869,0.0005818965336118779,40652000.0,-41.75555801
2026-10-07T10:24:06,,2400000000.0,5000000000.0,0,8,10,0.6009377006322857,0.6009376,6204385279.999994,6,64,37500000.0,15000000.0,20000.0,50000.0,20,RMS,POW,LIN,0.7499839100000001,0.00077587869,0.0005818965336118779,40656000.0,-42.25963974
2026-10-07T10:24:06,,2400000000.0,5000000000.0,0,8,10,0.6009377006322857,0.6009376,6204385279.999994,6,64,37500000.0,15000000.0,20000.0,50000.0,20,RMS,POW,LIN,0.7499839100000001,0.00077587869,0.0005818965336118779,40660000.0,-42.76790237
2026-10-07T10:24:06,,2400000000.0,5000000000.0,0,8,10,0.6009377006322857,0.6009376,6204385279.999994,6,64,37500000.0,15000000.0,20000.0,50000.0,20,RMS,POW,LIN,0.7499839100000001,0.00077587869,0.0005818965336118779,40664000.0,-43.14849854
2026-10-07T10:24:06,,2400000000.0,5000000000.0,0,8,10,0.6009377006322857,0.6009376,6204385279.999994,6,64,37500000.0,15000000.0,20000.0,50000.0,20,RMS,POW,LIN,0.7499839100000001,0.00077587869,0.0005818965336118779,40668000.0,-43.29146194
2026-10-07T10:24:06,,2400000000.0,5000000000.0,0,8,10,0.6009377006322857,0.6009376,6204385279.999994,6,64,37500000.0,15000000.0,20000.0,50000.0,20,RMS,POW,LIN,0.7499839100000001,0.00077587869,0.0005818965336118779,40672000.0,-43.20018005
2026-10-07T10:24:06,,2400000000.0,5000000000.0,0,8,10,0.6009377006322857,0.6009376,6204385279.999994,6,64,37500000.0,15000000.0,20000.0,50000.0,20,RMS,POW,LIN,0.7499839100000001,0.00077587869,0.0005818965336118779,40676000.0,-42.96281433
2026-10-07T10:24:06,,2400000000.0,5000000000.0,0,8,10,0.6009377006322857,0.6009376,6204385279.999994,6,64,37500000.0,15000000.0,20000.0,50000.0,20,RMS,POW,LIN,0.7499839100000001,0.00077587869,0.0005818965336118779,40680000.0,-42.64807129
2026-10-07T10:24:06,,2400000000.0,5000000000.0,0,8,10,0.6009377006322857,0.6009376,6204385279.999994,6,64,37500000.0,15000000.0,20000.0,50000.0,20,RMS,POW,LIN,0.7499839100000001,0.00077587869,0.0005818965336118779,40684000.0,-42.29584122
2026-10-07T10:24:06,,2400000000.0,5000000000.0,0,8,10,0.6009377006322857,0.6009376,6204385279.999994,6,64,37500000.0,15000000.0,20000.0,50000.0,20,RMS,POW,LIN,0.7499839100000001,0.00077587869,0.0005818965336118779,40688000.0,-41.98209381
2026-10-07T10:24:06,,2400000000.0,5000000000.0,0,8,10,0.6009377006322857,0.6009376,6204385279.999994,6,64,37500000.0,15000000.0,20000.0,50000.0,20,RMS,POW,LIN,0.7499839100000001,0.00077587869,0.0005818965336118779,40692000.0,-41.82063675
2026-10-07T10:24:06,,2400000000.0,5000000000.0,0,8,10,0.6009377006322857,0.6009376,6204385279.999994,6,64,37500000.0,15000000.0,20000.0,50000.0,20,RMS,POW,LIN,0.7499839100000001,0.00077587869,0.0005818965336118779,40696000.0,-41.89034271
2026-10-07T10:24:06,,2400000000.0,5000000000.0,0,8,10,0.6009377006322857,0.6009376,6204385279.999994,6,64,37500000.0,15000000.0,20000.0,50000.0,20,RMS,POW,LIN,0.7499839100000001,0.00077587869,0.0005818965336118779,40700000.0,-42.17683029
2026-10-07T10:24:06,,2400000000.0,5000000000.0,0,8,10,0.6009377006322857,0.6009376,6204385279.999994,6,64,37500000.0,15000000.0,20000.0,50000.0,20,RMS,POW,LIN,0.7499839100000001,0.00077587869,0.0005818965336118779,40704000.0,-42.57142258
2026-10-07T10:24:06,,2400000000.0,5000000000.0,0,8,10,0.6009377006322857,0.6009376,6204385279.999994,6,64,37500000.0,15000000.0,20000.0,50000.0,20,RMS,POW,LIN,0.7499839100000001,0.00077587869,0.0005818965336118779,40708000.0,-42.92591858
2026-10-07T10:24:06,,2400000000.0,5000000000.0,0,8,10,0.6009377006322857,0.6009376,6204385279.999994,6,64,37500000.0,15000000.0,20000.0,50000.0,20,RMS,POW,LIN,0.7499839100000001,0.00077587869,0.0005818965336118779,40712000.0,-43.14226913
2026-10-07T10:24:06,,2400000000.0,5000000000.0,0,8,10,0.6009377006322857,0.6009376,6204385279.999994,6,64,37500000.0,15000000.0,20000.0,50000.0,20,RMS,POW,LIN,0.7499839100000001,0.00077587869,0.0005818965336118779,40716000.0,-43.23890686
2026-10-07T10:24:06,,2400000000.0,5000000000.0,0,8,10,0.6009377006322857,0.6009376,6204385279.999994,6,64,37500000.0,15000000.0,20000.0,50000.0,20,RMS,POW,LIN,0.7499839100000001,0.00077587869,0.0005818965336118779,40720000.0,-43.33145142
2026-10-07T10:24:06,,2400000000.0,5000000000.0,0,8,10,0.6009377006322857,0.6009376,6204385279.999994,6,64,37500000.0,15000000.0,20000.0,50000.0,20,RMS,POW,LIN,0.7499839100000001,0.00077587869,0.0005818965336118779,40724000.0,-43.53095245
2026-10-07T10:24:06,,2400000000.0,5000000000.0,0,8,10,0.6009377006322857,0.6009376,6204385279.999994,6,64,37500000.0,15000000.0,20000.0,50000.0,20,RMS,POW,LIN,0.7499839100000001,0.00077587869,0.0005818965336118779,40728000.0,-43.8207283
2026-10-07T10:24:06,,2400000000.0,5000000000.0,0,8,10,0.6009377006322857,0.6009376,6204385279.999994,6,64,37500000.0,15000000.0,20000.0,50000.0,20,RMS,POW,LIN,0.7499839100000001,0.00077587869,0.0005818965336118779,40732000.0,-44.00398254
2026-10-07T10:24:06,,2400000000.0,5000000000.0,0,8,10,0.6009377006322857,0.6009376,6204385279.999994,6,64,37500000.0,15000000.0,20000.0,50000.0,20,RMS,POW,LIN,0.7499839100000001,0.00077587869,0.0005818965336118779,40736000.0,-43.86235046
2026-10-07T10:24:06,,2400000000.0,5000000000.0,0,8,10,0.6009377006322857,0.6009376,6204385279.999994,6,64,37500000.0,15000000.0,20000.0,50000.0,20,RMS,POW,LIN,0.7499839100000001,0.00077587869,0.0005818965336118779,40740000.0,-43.44396591
2026-10-07T10:24:06,,2400000000.0,5000000000.0,0,8,10,0.6009377006322857,0.6009376,6204385279.999994,6,64,37500000.0,15000000.0,20000.0,50000.0,20,RMS,POW,LIN,0.7499839100000001,0.00077587869,0.0005818965336118779,40744000.0,-43.02817917
2026-10-07T10:24:06,,2400000000.0,5000000000.0,0,8,10,0.6009377006322857,0.6009376,6204385279.999994,6,64,37500000.0,15000000.0,20000.0,50000.0,20,RMS,POW,LIN,0.7499839100000001,0.00077587869,0.0005818965336118779,40748000.0,-42.84057236
2026-10-07T10:24:06,,2400000000.0,5000000000.0,0,8,10,0.6009377006322857,0.6009376,6204385279.999994,6,64,37500000.0,15000000.0,20000.0,50000.0,20,RMS,POW,LIN,0.7499839100000001,0.00077587869,0.0005818965336118779,40752000.0,-42.92586899
2026-10-07T10:24:06,,2400000000.0,5000000000.0,0,8,10,0.6009377006322857,0.6009376,6204385279.999994,6,64,37500000.0,15000000.0,20000.0,50000.0,20,RMS,POW,LIN,0.7499839100000001,0.00077587869,0.0005818965336118779,40756000.0,-43.15745163
2026-10-07T10:24:06,,2400000000.0,5000000000.0,0,8,10,0.6009377006322857,0.6009376,6204385279.999994,6,64,37500000.0,15000000.0,20000.0,50000.0,20,RMS,POW,LIN,0.7499839100000001,0.00077587869,0.0005818965336118779,40760000.0,-43.30144501
2026-10-07T10:24:06,,2400000000.0,5000000000.0,0,8,10,0.6009377006322857,0.6009376,6204385279.999994,6,64,37500000.0,15000000.0,20000.0,50000.0,20,RMS,POW,LIN,0.7499839100000001,0.00077587869,0.0005818965336118779,40764000.0,-43.18902588
2026-10-07T10:24:06,,2400000000.0,5000000000.0,0,8,10,0.6009377006322857,0.6009376,6204385279.999994,6,64,37500000.0,15000000.0,20000.0,50000.0,20,RMS,POW,LIN,0.7499839100000001,0.00077587869,0.0005818965336118779,40768000.0,-42.88618469
2026-10-07T10:24:06,,2400000000.0,5000000000.0,0,8,10,0.6009377006322857,0.6009376,6204385279.999994,6,64,37500000.0,15000000.0,20000.0,50000.0,20,RMS,POW,LIN,0.7499839100000001,0.00077587869,0.0005818965336118779,40772000.0,-42.60212326
2026-10-07T10:24:06,,2400000000.0,5000000000.0,0,8,10,0.6009377006322857,0.6009376,6204385279.999994,6,64,37500000.0,15000000.0,20000.0,50000.0,20,RMS,POW,LIN,0.7499839100000001,0.00077587869,0.0005818965336118779,40776000.0,-42.47684097
2026-10-07T10:24:06,,2400000000.0,5000000000.0,0,8,10,0.6009377006322857,0.6009376,6204385279.999994,6,64,37500000.0,15000000.0,20000.0,50000.0,20,RMS,POW,LIN,0.7499839100000001,0.00077587869,0.0005818965336118779,40780000.0,-42.51637268
2026-10-07T10:24:06,,2400000000.0,5000000000.0,0,8,10,0.6009377006322857,0.6009376,6204385279.999994,6,64,37500000.0,15000000.0,20000.0,50000.0,20,RMS,POW,LIN,0.7499839100000001,0.00077587869,0.0005818965336118779,40784000.0,-42.67084885
2026-10-07T10:24:06,,2400000000.0,5000000000.0,0,8,10,0.6009377006322857,0.6009376,6204385279.999994,6,64,37500000.0,15000000.0,20000.0,50000.0,20,RMS,POW,LIN,0.7499839100000001,0.00077587869,0.0005818965336118779,40788000.0,-42.9432373
2026-10-07T10:24:06,,2400000000.0,5000000000.0,0,8,10,0.6009377006322857,0.6009376,6204385279.999994,6,64,37500000.0,15000000.0,20000.0,50000.0,20,RMS,POW,LIN,0.7499839100000001,0.00077587869,0.0005818965336118779,40792000.0,-43.41611099
2026-10-07T10:24:06,,2400000000.0,5000000000.0,0,8,10,0.6009377006322857,0.6009376,6204385279.999994,6,64,37500000.0,15000000.0,20000.0,50000.0,20,RMS,POW,LIN,0.7499839100000001,0.00077587869,0.0005818965336118779,40796000.0,-44.16915894
2026-10-07T10:24:06,,2400000000.0,5000000000.0,0,8,10,0.6009377006322857,0.6009376,6204385279.999994,6,64,37500000.0,15000000.0,20000.0,50000.0,20,RMS,POW,LIN,0.7499839100000001,0.00077587869,0.0005818965336118779,40800000.0,-45.14995575
2026-10-07T10:24:06,,2400000000.0,5000000000.0,0,8,10,0.6009377006322857,0.6009376,6204385279.999994,6,64,37500000.0,15000000.0,20000.0,50000.0,20,RMS,POW,LIN,0.7499839100000001,0.00077587869,0.0005818965336118779,40804000.0,-46.04332352
2026-10-07T10:24:06,,2400000000.0,5000000000.0,0,8,10,0.6009377006322857,0.6009376,6204385279.999994,6,64,37500000.0,15000000.0,20000.0,50000.0,20,RMS,POW,LIN,0.7499839100000001,0.00077587869,0.0005818965336118779,40808000.0,-46.33223724
2026-10-07T10:24:06,,2400000000.0,5000000000.0,0,8,10,0.6009377006322857,0.6009376,6204385279.999994,6,64,37500000.0,15000000.0,20000.0,50000.0,20,RMS,POW,LIN,0.7499839100000001,0.00077587869,0.0005818965336118779,40812000.0,-45.84960556
2026-10-07T10:24:06,,2400000000.0,5000000000.0,0,8,10,0.6009377006322857,0.6009376,6204385279.999994,6,64,37500000.0,15000000.0,20000.0,50000.0,20,RMS,POW,LIN,0.7499839100000001,0.00077587869,0.0005818965336118779,40816000.0,-45.02267838
2026-10-07T10:24:06,,2400000000.0,5000000000.0,0,8,10,0.6009377006322857,0.6009376,6204385279.999994,6,64,37500000.0,15000000.0,20000.0,50000.0,20,RMS,POW,LIN,0.7499839100000001,0.00077587869,0.0005818965336118779,40820000.0,-44.30373383
2026-10-07T10:24:06,,2400000000.0,5000000000.0,0,8,10,0.6009377006322857,0.6009376,6204385279.999994,6,64,37500000.0,15000000.0,20000.0,50000.0,20,RMS,POW,LIN,0.7499839100000001,0.00077587869,0.0005818965336118779,40824000.0,-43.87119293
2026-10-07T10:24:06,,2400000000.0,5000000000.0,0,8,10,0.6009377006322857,0.6009376,6204385279.999994,6,64,37500000.0,15000000.0,20000.0,50000.0,20,RMS,POW,LIN,0.7499839100000001,0.00077587869,0.0005818965336118779,40828000.0,-43.71094513
2026-10-07T10:24:06,,2400000000.0,5000000000.0,0,8,10,0.6009377006322857,0.6009376,6204385279.999994,6,64,37500000.0,15000000.0,20000.0,50000.0,20,RMS,POW,LIN,0.7499839100000001,0.00077587869,0.0005818965336118779,40832000.0,-43.72410583
2026-10-07T10:24:06,,2400000000.0,5000000000.0,0,8,10,0.6009377006322857,0.6009376,6204385279.999994,6,64,37500000.0,15000000.0,20000.0,50000.0,20,RMS,POW,LIN,0.7499839100000001,0.00077587869,0.0005818965336118779,40836000.0,-43.80216599
2026-10-07T10:24:06,,2400000000.0,5000000000.0,0,8,10,0.6009377006322857,0.6009376,6204385279.999994,6,64,37500000.0,15000000.0,20000.0,50000.0,20,RMS,POW,LIN,0.7499839100000001,0.00077587869,0.0005818965336118779,40840000.0,-43.88676453
2026-10-07T10:24:06,,2400000000.0,5000000000.0,0,8,10,0.6009377006322857,0.6009376,6204385279.999994,6,64,37500000.0,15000000.0,20000.0,50000.0,20,RMS,POW,LIN,0.7499839100000001,0.00077587869,0.0005818965336118779,40844000.0,-43.99417877
2026-10-07T10:24:06,,2400000000.0,5000000000.0,0,8,10,0.6009377006322857,0.6009376,6204385279.999994,6,64,37500000.0,15000000.0,20000.0,50000.0,20,RMS,POW,LIN,0.7499839100000001,0.00077587869,0.0005818965336118779,40848000.0,-44.17198944
2026-10-07T10:24:06,,2400000000.0,5000000000.0,0,8,10,0.6009377006322857,0.6009376,6204385279.999994,6,64,37500000.0,15000000.0,20000.0,50000.0,20,RMS,POW,LIN,0.7499839100000001,0.00077587869,0.0005818965336118779,40852000.0,-44.41006088
2026-10-07T10:24:06,,2400000000.0,5000000000.0,0,8,10,0.6009377006322857,0.6009376,6204385279.999994,6,64,37500000.0,15000000.0,20000.0,50000.0,20,RMS,POW,LIN,0.7499839100000001,0.00077587869,0.0005818965336118779,40856000.0,-44.59143448
2026-10-07T10:24:06,,2400000000.0,5000000000.0,0,8,10,0.6009377006322857,0.6009376,6204385279.999994,6,64,37500000.0,15000000.0,20000.0,50000.0,20,RMS,POW,LIN,0.7499839100000001,0.00077587869,0.0005818965336118779,40860000.0,-44.57933807
2026-10-07T10:24:06,,2400000000.0,5000000000.0,0,8,10,0.6009377006322857,0.6009376,6204385279.999994,6,64,37500000.0,15000000.0,20000.0,50000.0,20,RMS,POW,LIN,0.7499839100000001,0.00077587869,0.0005818965336118779,40864000.0,-44.38980103
2026-10-07T10:24:06,,2400000000.0,5000000000.0,0,8,10,0.6009377006322857,0.6009376,6204385279.999994,6,64,37500000.0,15000000.0,20000.0,50000.0,20,RMS,POW,LIN,0.7499839100000001,0.00077587869,0.0005818965336118779,40868000.0,-44.19549561
2026-10-07T10:24:06,,2400000000.0,5000000000.0,0,8,10,0.6009377006322857,0.6009376,6204385279.999994,6,64,37500000.0,15000000.0,20000.0,50000.0,20,RMS,POW,LIN,0.7499839100000001,0.00077587869,0.0005818965336118779,40872000.0,-44.14521027
2026-10-07T10:24:06,,2400000000.0,5000000000.0,0,8,10,0.6009377006322857,0.6009376,6204385279.999994,6,64,37500000.0,15000000.0,20000.0,50000.0,20,RMS,POW,LIN,0.7499839100000001,0.00077587869,0.0005818965336118779,40876000.0,-44.24436569
2026-10-07T10:24:06,,2400000000.0,5000000000.0,0,8,10,0.6009377006322857,0.6009376,6204385279.999994,6,64,37500000.0,15000000.0,20000.0,50000.0,20,RMS,POW,LIN,0.7499839100000001,0.00077587869,0.0005818965336118779,40880000.0,-44.37350082
2026-10-07T10:24:06,,2400000000.0,5000000000.0,0,8,10,0.6009377006322857,0.6009376,6204385279.999994,6,64,37500000.0,15000000.0,20000.0,50000.0,20,RMS,POW,LIN,0.7499839100000001,0.00077587869,0.0005818965336118779,40884000.0,-44.40175247
2026-10-07T10:24:06,,2400000000.0,5000000000.0,0,8,10,0.6009377006322857,0.6009376,6204385279.999994,6,64,37500000.0,15000000.0,20000.0,50000.0,20,RMS,POW,LIN,0.7499839100000001,0.00077587869,0.0005818965336118779,40888000.0,-44.30826569
2026-10-07T10:24:06,,2400000000.0,5000000000.0,0,8,10,0.6009377006322857,0.6009376,6204385279.999994,6,64,37500000.0,15000000.0,20000.0,50000.0,20,RMS,POW,LIN,0.7499839100000001,0.00077587869,0.0005818965336118779,40892000.0,-44.1877861
2026-10-07T10:24:06,,2400000000.0,5000000000.0,0,8,10,0.6009377006322857,0.6009376,6204385279.999994,6,64,37500000.0,15000000.0,20000.0,50000.0,20,RMS,POW,LIN,0.7499839100000001,0.00077587869,0.0005818965336118779,40896000.0,-44.15411377
2026-10-07T10:24:06,,2400000000.0,5000000000.0,0,8,10,0.6009377006322857,0.6009376,6204385279.999994,6,64,37500000.0,15000000.0,20000.0,50000.0,20,RMS,POW,LIN,0.7499839100000001,0.00077587869,0.0005818965336118779,40900000.0,-44.262146
2026-10-07T10:24:06,,2400000000.0,5000000000.0,0,8,10,0.6009377006322857,0.6009376,6204385279.999994,6,64,37500000.0,15000000.0,20000.0,50000.0,20,RMS,POW,LIN,0.7499839100000001,0.00077587869,0.0005818965336118779,40904000.0,-44.49240875
2026-10-07T10:24:06,,2400000000.0,5000000000.0,0,8,10,0.6009377006322857,0.6009376,6204385279.999994,6,64,37500000.0,15000000.0,20000.0,50000.0,20,RMS,POW,LIN,0.7499839100000001,0.00077587869,0.0005818965336118779,40908000.0,-44.78234482
2026-10-07T10:24:06,,2400000000.0,5000000000.0,0,8,10,0.6009377006322857,0.6009376,6204385279.999994,6,64,37500000.0,15000000.0,20000.0,50000.0,20,RMS,POW,LIN,0.7499839100000001,0.00077587869,0.0005818965336118779,40912000.0,-45.07672501
2026-10-07T10:24:06,,2400000000.0,5000000000.0,0,8,10,0.6009377006322857,0.6009376,6204385279.999994,6,64,37500000.0,15000000.0,20000.0,50000.0,20,RMS,POW,LIN,0.7499839100000001,0.00077587869,0.0005818965336118779,40916000.0,-45.34928894
2026-10-07T10:24:06,,2400000000.0,5000000000.0,0,8,10,0.6009377006322857,0.6009376,6204385279.999994,6,64,37500000.0,15000000.0,20000.0,50000.0,20,RMS,POW,LIN,0.7499839100000001,0.00077587869,0.0005818965336118779,40920000.0,-45.58150864
2026-10-07T10:24:06,,2400000000.0,5000000000.0,0,8,10,0.6009377006322857,0.6009376,6204385279.999994,6,64,37500000.0,15000000.0,20000.0,50000.0,20,RMS,POW,LIN,0.7499839100000001,0.00077587869,0.0005818965336118779,40924000.0,-45.75537872
2026-10-07T10:24:06,,2400000000.0,5000000000.0,0,8,10,0.6009377006322857,0.6009376,6204385279.999994,6,64,37500000.0,15000000.0,20000.0,50000.0,20,RMS,POW,LIN,0.7499839100000001,0.00077587869,0.0005818965336118779,40928000.0,-45.88700867
2026-10-07T10:24:06,,2400000000.0,5000000000.0,0,8,10,0.6009377006322857,0.6009376,6204385279.999994,6,64,37500000.0,15000000.0,20000.0,50000.0,20,RMS,POW,LIN,0.7499839100000001,0.00077587869,0.0005818965336118779,40932000.0,-46.0330925
2026-10-07T10:24:06,,2400000000.0,5000000000.0,0,8,10,0.6009377006322857,0.6009376,6204385279.999994,6,64,37500000.0,15000000.0,20000.0,50000.0,20,RMS,POW,LIN,0.7499839100000001,0.00077587869,0.0005818965336118779,40936000.0,-46.23041153
2026-10-07T10:24:06,,2400000000.0,5000000000.0,0,8,10,0.6009377006322857,0.6009376,6204385279.999994,6,64,37500000.0,15000000.0,20000.0,50000.0,20,RMS,POW,LIN,0.7499839100000001,0.00077587869,0.0005818965336118779,40940000.0,-46.4344635
2026-10-07T10:24:06,,2400000000.0,5000000000.0,0,8,10,0.6009377006322857,0.6009376,6204385279.999994,6,64,37500000.0,15000000.0,20000.0,50000.0,20,RMS,POW,LIN,0.7499839100000001,0.00077587869,0.0005818965336118779,40944000.0,-46.53819275
2026-10-07T10:24:06,,2400000000.0,5000000000.0,0,8,10,0.6009377006322857,0.6009376,6204385279.999994,6,64,37500000.0,15000000.0,20000.0,50000.0,20,RMS,POW,LIN,0.7499839100000001,0.00077587869,0.0005818965336118779,40948000.0,-46.47078323
2026-10-07T10:24:06,,2400000000.0,5000000000.0,0,8,10,0.6009377006322857,0.6009376,6204385279.999994,6,64,37500000.0,15000000.0,20000.0,50000.0,20,RMS,POW,LIN,0.7499839100000001,0.00077587869,0.0005818965336118779,40952000.0,-46.26405716
2026-10-07T10:24:06,,2400000000.0,5000000000.0,0,8,10,0.6009377006322857,0.6009376,6204385279.999994,6,64,37500000.0,15000000.0,20000.0,50000.0,20,RMS,POW,LIN,0.7499839100000001,0.00077587869,0.0005818965336118779,40956000.0,-46.01254272
2026-10-07T10:24:06,,2400000000.0,5000000000.0,0,8,10,0.6009377006322857,0.6009376,6204385279.999994,6,64,37500000.0,15000000.0,20000.0,50000.0,20,RMS,POW,LIN,0.7499839100000001,0.00077587869,0.0005818965336118779,40960000.0,-45.81996536
2026-10-07T10:24:06,,2400000000.0,5000000000.0,0,8,10,0.6009377006322857,0.6009376,6204385279.999994,6,64,37500000.0,15000000.0,20000.0,50000.0,20,RMS,POW,LIN,0.7499839100000001,0.00077587869,0.0005818965336118779,40964000.0,-45.79334259
2026-10-07T10:24:06,,2400000000.0,5000000000.0,0,8,10,0.6009377006322857,0.6009376,6204385279.999994,6,64,37500000.0,15000000.0,20000.0,50000.0,20,RMS,POW,LIN,0.7499839100000001,0.00077587869,0.0005818965336118779,40968000.0,-46.02568054
2026-10-07T10:24:06,,2400000000.0,5000000000.0,0,8,10,0.6009377006322857,0.6009376,6204385279.999994,6,64,37500000.0,15000000.0,20000.0,50000.0,20,RMS,POW,LIN,0.7499839100000001,0.00077587869,0.0005818965336118779,40972000.0,-46.5247612
2026-10-07T10:24:06,,2400000000.0,5000000000.0,0,8,10,0.6009377006322857,0.6009376,6204385279.999994,6,64,37500000.0,15000000.0,20000.0,50000.0,20,RMS,POW,LIN,0.7499839100000001,0.00077587869,0.0005818965336118779,40976000.0,-47.1119957
2026-10-07T10:24:06,,2400000000.0,5000000000.0,0,8,10,0.6009377006322857,0.6009376,6204385279.999994,6,64,37500000.0,15000000.0,20000.0,50000.0,20,RMS,POW,LIN,0.7499839100000001,0.00077587869,0.0005818965336118779,40980000.0,-47.41812515
2026-10-07T10:24:06,,2400000000.0,5000000000.0,0,8,10,0.6009377006322857,0.6009376,6204385279.999994,6,64,37500000.0,15000000.0,20000.0,50000.0,20,RMS,POW,LIN,0.7499839100000001,0.00077587869,0.0005818965336118779,40984000.0,-47.20281982
2026-10-07T10:24:06,,2400000000.0,5000000000.0,0,8,10,0.6009377006322857,0.6009376,6204385279.999994,6,64,37500000.0,15000000.0,20000.0,50000.0,20,RMS,POW,LIN,0.7499839100000001,0.00077587869,0.0005818965336118779,40988000.0,-46.67068863
2026-10-07T10:24:06,,2400000000.0,5000000000.0,0,8,10,0.6009377006322857,0.6009376,6204385279.999994,6,64,37500000.0,15000000.0,20000.0,50000.0,20,RMS,POW,LIN,0.7499839100000001,0.00077587869,0.0005818965336118779,40992000.0,-46.18906021
2026-10-07T10:24:06,,2400000000.0,5000000000.0,0,8,10,0.6009377006322857,0.6009376,6204385279.999994,6,64,37500000.0,15000000.0,20000.0,50000.0,20,RMS,POW,LIN,0.7499839100000001,0.00077587869,0.0005818965336118779,40996000.0,-45.93474197
2026-10-07T10:24:06,,2400000000.0,5000000000.0,0,8,10,0.6009377006322857,0.6009376,6204385279.999994,6,64,37500000.0,15000000.0,20000.0,50000.0,20,RMS,POW,LIN,0.7499839100000001,0.00077587869,0.0005818965336118779,41000000.0,-45.85794449
2026-10-07T10:24:06,,2400000000.0,5000000000.0,0,8,10,0.6009377006322857,0.6009376,6204385279.999994,6,64,37500000.0,15000000.0,20000.0,50000.0,20,RMS,POW,LIN,0.7499839100000001,0.00077587869,0.0005818965336118779,41004000.0,-45.78225708
2026-10-07T10:24:06,,2400000000.0,5000000000.0,0,8,10,0.6009377006322857,0.6009376,6204385279.999994,6,64,37500000.0,15000000.0,20000.0,50000.0,20,RMS,POW,LIN,0.7499839100000001,0.00077587869,0.0005818965336118779,41008000.0,-45.56391525
2026-10-07T10:24:06,,2400000000.0,5000000000.0,0,8,10,0.6009377006322857,0.6009376,6204385279.999994,6,64,37500000.0,15000000.0,20000.0,50000.0,20,RMS,POW,LIN,0.7499839100000001,0.00077587869,0.0005818965336118779,41012000.0,-45.22399521
2026-10-07T10:24:06,,2400000000.0,5000000000.0,0,8,10,0.6009377006322857,0.6009376,6204385279.999994,6,64,37500000.0,15000000.0,20000.0,50000.0,20,RMS,POW,LIN,0.7499839100000001,0.00077587869,0.0005818965336118779,41016000.0,-44.91106796
2026-10-07T10:24:06,,2400000000.0,5000000000.0,0,8,10,0.6009377006322857,0.6009376,6204385279.999994,6,64,37500000.0,15000000.0,20000.0,50000.0,20,RMS,POW,LIN,0.7499839100000001,0.00077587869,0.0005818965336118779,41020000.0,-44.77337265
2026-10-07T10:24:06,,2400000000.0,5000000000.0,0,8,10,0.6009377006322857,0.6009376,6204385279.999994,6,64,37500000.0,15000000.0,20000.0,50000.0,20,RMS,POW,LIN,0.7499839100000001,0.00077587869,0.0005818965336118779,41024000.0,-44.89525604
2026-10-07T10:24:06,,2400000000.0,5000000000.0,0,8,10,0.6009377006322857,0.6009376,6204385279.999994,6,64,37500000.0,15000000.0,20000.0,50000.0,20,RMS,POW,LIN,0.7499839100000001,0.00077587869,0.0005818965336118779,41028000.0,-45.28800201
2026-10-07T10:24:06,,2400000000.0,5000000000.0,0,8,10,0.6009377006322857,0.6009376,6204385279.999994,6,64,37500000.0,15000000.0,20000.0,50000.0,20,RMS,POW,LIN,0.7499839100000001,0.00077587869,0.0005818965336118779,41032000.0,-45.86995697
2026-10-07T10:24:06,,2400000000.0,5000000000.0,0,8,10,0.6009377006322857,0.6009376,6204385279.999994,6,64,37500000.0,15000000.0,20000.0,50000.0,20,RMS,POW,LIN,0.7499839100000001,0.00077587869,0.0005818965336118779,41036000.0,-46.43651581
2026-10-07T10:24:06,,2400000000.0,5000000000.0,0,8,10,0.6009377006322857,0.6009376,6204385279.999994,6,64,37500000.0,15000000.0,20000.0,50000.0,20,RMS,POW,LIN,0.7499839100000001,0.00077587869,0.0005818965336118779,41040000.0,-46.72416687
2026-10-07T10:24:06,,2400000000.0,5000000000.0,0,8,10,0.6009377006322857,0.6009376,6204385279.999994,6,64,37500000.0,15000000.0,20000.0,50000.0,20,RMS,POW,LIN,0.7499839100000001,0.00077587869,0.0005818965336118779,41044000.0,-46.63537216
2026-10-07T10:24:06,,2400000000.0,5000000000.0,0,8,10,0.6009377006322857,0.6009376,6204385279.999994,6,64,37500000.0,15000000.0,20000.0,50000.0,20,RMS,POW,LIN,0.7499839100000001,0.00077587869,0.0005818965336118779,41048000.0,-46.34289551
2026-10-07T10:24:06,,2400000000.0,5000000000.0,0,8,10,0.6009377006322857,0.6009376,6204385279.999994,6,64,37500000.0,15000000.0,20000.0,50000.0,20,RMS,POW,LIN,0.7499839100000001,0.00077587869,0.0005818965336118779,41052000.0,-46.08548355
2026-10-07T10:24:06,,2400000000.0,5000000000.0,0,8,10,0.6009377006322857,0.6009376,6204385279.999994,6,64,37500000.0,15000000.0,20000.0,50000.0,20,RMS,POW,LIN,0.7499839100000001,0.00077587869,0.0005818965336118779,41056000.0,-45.98170471
2026-10-07T10:24:06,,2400000000.0,5000000000.0,0,8,10,0.6009377006322857,0.6009376,6204385279.999994,6,64,37500000.0,15000000.0,20000.0,50000.0,20,RMS,POW,LIN,0.7499839100000001,0.00077587869,0.0005818965336118779,41060000.0,-46.0172348
2026-10-07T10:24:06,,2400000000.0,5000000000.0,0,8,10,0.6009377006322857,0.6009376,6204385279.999994,6,64,37500000.0,15000000.0,20000.0,50000.0,20,RMS,POW,LIN,0.7499839100000001,0.00077587869,0.0005818965336118779,41064000.0,-46.10381699
2026-10-07T10:24:06,,2400000000.0,5000000000.0,0,8,10,0.6009377006322857,0.6009376,6204385279.999994,6,64,37500000.0,15000000.0,20000.0,50000.0,20,RMS,POW,LIN,0.7499839100000001,0.00077587869,0.0005818965336118779,41068000.0,-46.13998413
2026-10-07T10:24:06,,2400000000.0,5000000000.0,0,8,10,0.6009377006322857,0.6009376,6204385279.999994,6,64,37500000.0,15000000.0,20000.0,50000.0,20,RMS,POW,LIN,0.7499839100000001,0.00077587869,0.0005818965336118779,41072000.0,-46.05469131
2026-10-07T10:24:06,,2400000000.0,5000000000.0,0,8,10,0.6009377006322857,0.6009376,6204385279.999994,6,64,37500000.0,15000000.0,20000.0,50000.0,20,RMS,POW,LIN,0.7499839100000001,0.00077587869,0.0005818965336118779,41076000.0,-45.83782196
2026-10-07T10:24:06,,2400000000.0,5000000000.0,0,8,10,0.6009377006322857,0.6009376,6204385279.999994,6,64,37500000.0,15000000.0,20000.0,50000.0,20,RMS,POW,LIN,0.7499839100000001,0.00077587869,0.0005818965336118779,41080000.0,-45.56110001
2026-10-07T10:24:06,,2400000000.0,5000000000.0,0,8,10,0.6009377006322857,0.6009376,6204385279.999994,6,64,37500000.0,15000000.0,20000.0,50000.0,20,RMS,POW,LIN,0.7499839100000001,0.00077587869,0.0005818965336118779,41084000.0,-45.3577652
2026-10-07T10:24:06,,2400000000.0,5000000000.0,0,8,10,0.6009377006322857,0.6009376,6204385279.999994,6,64,37500000.0,15000000.0,20000.0,50000.0,20,RMS,POW,LIN,0.7499839100000001,0.00077587869,0.0005818965336118779,41088000.0,-45.35044098
2026-10-07T10:24:06,,2400000000.0,5000000000.0,0,8,10,0.6009377006322857,0.6009376,6204385279.999994,6,64,37500000.0,15000000.0,20000.0,50000.0,20,RMS,POW,LIN,0.7499839100000001,0.00077587869,0.0005818965336118779,41092000.0,-45.57591629
2026-10-07T10:24:06,,2400000000.0,5000000000.0,0,8,10,0.6009377006322857,0.6009376,6204385279.999994,6,64,37500000.0,15000000.0,20000.0,50000.0,20,RMS,POW,LIN,0.7499839100000001,0.00077587869,0.0005818965336118779,41096000.0,-45.94547272
2026-10-07T10:24:06,,2400000000.0,5000000000.0,0,8,10,0.6009377006322857,0.6009376,6204385279.999994,6,64,37500000.0,15000000.0,20000.0,50000.0,20,RMS,POW,LIN,0.7499839100000001,0.00077587869,0.0005818965336118779,41100000.0,-46.26301956
2026-10-07T10:24:06,,2400000000.0,5000000000.0,0,8,10,0.6009377006322857,0.6009376,6204385279.999994,6,64,37500000.0,15000000.0,20000.0,50000.0,20,RMS,POW,LIN,0.7499839100000001,0.00077587869,0.0005818965336118779,41104000.0,-46.33732224
2026-10-07T10:24:06,,2400000000.0,5000000000.0,0,8,10,0.6009377006322857,0.6009376,6204385279.999994,6,64,37500000.0,15000000.0,20000.0,50000.0,20,RMS,POW,LIN,0.7499839100000001,0.00077587869,0.0005818965336118779,41108000.0,-46.12990952
2026-10-07T10:24:06,,2400000000.0,5000000000.0,0,8,10,0.6009377006322857,0.6009376,6204385279.999994,6,64,37500000.0,15000000.0,20000.0,50000.0,20,RMS,POW,LIN,0.7499839100000001,0.00077587869,0.0005818965336118779,41112000.0,-45.75764847
2026-10-07T10:24:06,,2400000000.0,5000000000.0,0,8,10,0.6009377006322857,0.6009376,6204385279.999994,6,64,37500000.0,15000000.0,20000.0,50000.0,20,RMS,POW,LIN,0.7499839100000001,0.00077587869,0.0005818965336118779,41116000.0,-45.3600769
2026-10-07T10:24:06,,2400000000.0,5000000000.0,0,8,10,0.6009377006322857,0.6009376,6204385279.999994,6,64,37500000.0,15000000.0,20000.0,50000.0,20,RMS,POW,LIN,0.7499839100000001,0.00077587869,0.0005818965336118779,41120000.0,-45.01858902
2026-10-07T10:24:06,,2400000000.0,5000000000.0,0,8,10,0.6009377006322857,0.6009376,6204385279.999994,6,64,37500000.0,15000000.0,20000.0,50000.0,20,RMS,POW,LIN,0.7499839100000001,0.00077587869,0.0005818965336118779,41124000.0,-44.77140427
2026-10-07T10:24:06,,2400000000.0,5000000000.0,0,8,10,0.6009377006322857,0.6009376,6204385279.999994,6,64,37500000.0,15000000.0,20000.0,50000.0,20,RMS,POW,LIN,0.7499839100000001,0.00077587869,0.0005818965336118779,41128000.0,-44.64902878
2026-10-07T10:24:06,,2400000000.0,5000000000.0,0,8,10,0.6009377006322857,0.6009376,6204385279.999994,6,64,37500000.0,15000000.0,20000.0,50000.0,20,RMS,POW,LIN,0.7499839100000001,0.00077587869,0.0005818965336118779,41132000.0,-44.67031479
2026-10-07T10:24:06,,2400000000.0,5000000000.0,0,8,10,0.6009377006322857,0.6009376,6204385279.999994,6,64,37500000.0,15000000.0,20000.0,50000.0,20,RMS,POW,LIN,0.7499839100000001,0.00077587869,0.0005818965336118779,41136000.0,-44.80235672
2026-10-07T10:24:06,,2400000000.0,5000000000.0,0,8,10,0.6009377006322857,0.6009376,6204385279.999994,6,64,37500000.0,15000000.0,20000.0,50000.0,20,RMS,POW,LIN,0.7499839100000001,0.00077587869,0.0005818965336118779,41140000.0,-44.94234848
2026-10-07T10:24:06,,2400000000.0,5000000000.0,0,8,10,0.6009377006322857,0.6009376,6204385279.999994,6,64,37500000.0,15000000.0,20000.0,50000.0,20,RMS,POW,LIN,0.7499839100000001,0.00077587869,0.0005818965336118779,41144000.0,-44.98457718
2026-10-07T10:24:06,,2400000000.0,5000000000.0,0,8,10,0.6009377006322857,0.6009376,6204385279.999994,6,64,37500000.0,15000000.0,20000.0,50000.0,20,RMS,POW,LIN,0.7499839100000001,0.00077587869,0.0005818965336118779,41148000.0,-44.93641281
2026-10-07T10:24:06,,2400000000.0,5000000000.0,0,8,10,0.6009377006322857,0.6009376,6204385279.999994,6,64,37500000.0,15000000.0,20000.0,50000.0,20,RMS,POW,LIN,0.7499839100000001,0.00077587869,0.0005818965336118779,41152000.0,-44.92790604
2026-10-07T10:24:06,,2400000000.0,5000000000.0,0,8,10,0.6009377006322857,0.6009376,6204385279.999994,6,64,37500000.0,15000000.0,20000.0,50000.0,20,RMS,POW,LIN,0.7499839100000001,0.00077587869,0.0005818965336118779,41156000.0,-45.09576797
2026-10-07T10:24:06,,2400000000.0,5000000000.0,0,8,10,0.6009377006322857,0.6009376,6204385279.999994,6,64,37500000.0,15000000.0,20000.0,50000.0,20,RMS,POW,LIN,0.7499839100000001,0.00077587869,0.0005818965336118779,41160000.0,-45.48871994
2026-10-07T10:24:06,,2400000000.0,5000000000.0,0,8,10,0.6009377006322857,0.6009376,6204385279.999994,6,64,37500000.0,15000000.0,20000.0,50000.0,20,RMS,POW,LIN,0.7499839100000001,0.00077587869,0.0005818965336118779,41164000.0,-46.05065536
2026-10-07T10:24:06,,2400000000.0,5000000000.0,0,8,10,0.6009377006322857,0.6009376,6204385279.999994,6,64,37500000.0,15000000.0,20000.0,50000.0,20,RMS,POW,LIN,0.7499839100000001,0.00077587869,0.0005818965336118779,41168000.0,-46.64400101
2026-10-07T10:24:06,,2400000000.0,5000000000.0,0,8,10,0.6009377006322857,0.6009376,6204385279.999994,6,64,37500000.0,15000000.0,20000.0,50000.0,20,RMS,POW,LIN,0.7499839100000001,0.00077587869,0.0005818965336118779,41172000.0,-47.08753204
2026-10-07T10:24:06,,2400000000.0,5000000000.0,0,8,10,0.6009377006322857,0.6009376,6204385279.999994,6,64,37500000.0,15000000.0,20000.0,50000.0,20,RMS,POW,LIN,0.7499839100000001,0.00077587869,0.0005818965336118779,41176000.0,-47.22146606
2026-10-07T10:24:06,,2400000000.0,5000000000.0,0,8,10,0.6009377006322857,0.6009376,6204385279.999994,6,64,37500000.0,15000000.0,20000.0,50000.0,20,RMS,POW,LIN,0.7499839100000001,0.00077587869,0.0005818965336118779,41180000.0,-47.01110458
2026-10-07T10:24:06,,2400000000.0,5000000000.0,0,8,10,0.6009377006322857,0.6009376,6204385279.999994,6,64,37500000.0,15000000.0,20000.0,50000.0,20,RMS,POW,LIN,0.7499839100000001,0.00077587869,0.0005818965336118779,41184000.0,-46.59247589
2026-10-07T10:24:06,,2400000000.0,5000000000.0,0,8,10,0.6009377006322857,0.6009376,6204385279.999994,6,64,37500000.0,15000000.0,20000.0,50000.0,20,RMS,POW,LIN,0.7499839100000001,0.00077587869,0.0005818965336118779,41188000.0,-46.16272354
2026-10-07T10:24:06,,2400000000.0,5000000000.0,0,8,10,0.6009377006322857,0.6009376,6204385279.999994,6,64,37500000.0,15000000.0,20000.0,50000.0,20,RMS,POW,LIN,0.7499839100000001,0.00077587869,0.0005818965336118779,41192000.0,-45.83293152
2026-10-07T10:24:06,,2400000000.0,5000000000.0,0,8,10,0.6009377006322857,0.6009376,6204385279.999994,6,64,37500000.0,15000000.0,20000.0,50000.0,20,RMS,POW,LIN,0.7499839100000001,0.00077587869,0.0005818965336118779,41196000.0,-45.58487701
2026-10-07T10:24:06,,2400000000.0,5000000000.0,0,8,10,0.6009377006322857,0.6009376,6204385279.999994,6,64,37500000.0,15000000.0,20000.0,50000.0,20,RMS,POW,LIN,0.7499839100000001,0.00077587869,0.0005818965336118779,41200000.0,-45.34173965
2026-10-07T10:24:06,,2400000000.0,5000000000.0,0,8,10,0.6009377006322857,0.6009376,6204385279.999994,6,64,37500000.0,15000000.0,20000.0,50000.0,20,RMS,POW,LIN,0.7499839100000001,0.00077587869,0.0005818965336118779,41204000.0,-45.08363724
2026-10-07T10:24:06,,2400000000.0,5000000000.0,0,8,10,0.6009377006322857,0.6009376,6204385279.999994,6,64,37500000.0,15000000.0,20000.0,50000.0,20,RMS,POW,LIN,0.7499839100000001,0.00077587869,0.0005818965336118779,41208000.0,-44.88247681
2026-10-07T10:24:06,,2400000000.0,5000000000.0,0,8,10,0.6009377006322857,0.6009376,6204385279.999994,6,64,37500000.0,15000000.0,20000.0,50000.0,20,RMS,POW,LIN,0.7499839100000001,0.00077587869,0.0005818965336118779,41212000.0,-44.81739044
2026-10-07T10:24:06,,2400000000.0,5000000000.0,0,8,10,0.6009377006322857,0.6009376,6204385279.999994,6,64,37500000.0,15000000.0,20000.0,50000.0,20,RMS,POW,LIN,0.7499839100000001,0.00077587869,0.0005818965336118779,41216000.0,-44.88149643
2026-10-07T10:24:06,,2400000000.0,5000000000.0,0,8,10,0.6009377006322857,0.6009376,6204385279.999994,6,64,37500000.0,15000000.0,20000.0,50000.0,20,RMS,POW,LIN,0.7499839100000001,0.00077587869,0.0005818965336118779,41220000.0,-44.97537613
2026-10-07T10:24:06,,2400000000.0,5000000000.0,0,8,10,0.6009377006322857,0.6009376,6204385279.999994,6,64,37500000.0,15000000.0,20000.0,50000.0,20,RMS,POW,LIN,0.7499839100000001,0.00077587869,0.0005818965336118779,41224000.0,-45.00116348
2026-10-07T10:24:06,,2400000000.0,5000000000.0,0,8,10,0.6009377006322857,0.6009376,6204385279.999994,6,64,37500000.0,15000000.0,20000.0,50000.0,20,RMS,POW,LIN,0.7499839100000001,0.00077587869,0.0005818965336118779,41228000.0,-44.97206497
2026-10-07T10:24:06,,2400000000.0,5000000000.0,0,8,10,0.6009377006322857,0.6009376,6204385279.999994,6,64,37500000.0,15000000.0,20000.0,50000.0,20,RMS,POW,LIN,0.7499839100000001,0.00077587869,0.0005818965336118779,41232000.0,-44.99815369
2026-10-07T10:24:06,,2400000000.0,5000000000.0,0,8,10,0.6009377006322857,0.6009376,6204385279.999994,6,64,37500000.0,15000000.0,20000.0,50000.0,20,RMS,POW,LIN,0.7499839100000001,0.00077587869,0.0005818965336118779,41236000.0,-45.16732407
2026-10-07T10:24:06,,2400000000.0,5000000000.0,0,8,10,0.6009377006322857,0.6009376,6204385279.999994,6,64,37500000.0,15000000.0,20000.0,50000.0,20,RMS,POW,LIN,0.7499839100000001,0.00077587869,0.0005818965336118779,41240000.0,-45.45397568
2026-10-07T10:24:06,,2400000000.0,5000000000.0,0,8,10,0.6009377006322857,0.6009376,6204385279.999994,6,64,37500000.0,15000000.0,20000.0,50000.0,20,RMS,POW,LIN,0.7499839100000001,0.00077587869,0.0005818965336118779,41244000.0,-45.70926285
2026-10-07T10:24:06,,2400000000.0,5000000000.0,0,8,10,0.6009377006322857,0.6009376,6204385279.999994,6,64,37500000.0,15000000.0,20000.0,50000.0,20,RMS,POW,LIN,0.7499839100000001,0.00077587869,0.0005818965336118779,41248000.0,-45.74396896
2026-10-07T10:24:06,,2400000000.0,5000000000.0,0,8,10,0.6009377006322857,0.6009376,6204385279.999994,6,64,37500000.0,15000000.0,20000.0,50000.0,20,RMS,POW,LIN,0.7499839100000001,0.00077587869,0.0005818965336118779,41252000.0,-45.47315598
2026-10-07T10:24:06,,2400000000.0,5000000000.0,0,8,10,0.6009377006322857,0.6009376,6204385279.999994,6,64,37500000.0,15000000.0,20000.0,50000.0,20,RMS,POW,LIN,0.7499839100000001,0.00077587869,0.0005818965336118779,41256000.0,-44.97655487
2026-10-07T10:24:06,,2400000000.0,5000000000.0,0,8,10,0.6009377006322857,0.6009376,6204385279.999994,6,64,37500000.0,15000000.0,20000.0,50000.0,20,RMS,POW,LIN,0.7499839100000001,0.00077587869,0.0005818965336118779,41260000.0,-44.41291428
2026-10-07T10:24:06,,2400000000.0,5000000000.0,0,8,10,0.6009377006322857,0.6009376,6204385279.999994,6,64,37500000.0,15000000.0,20000.0,50000.0,20,RMS,POW,LIN,0.7499839100000001,0.00077587869,0.0005818965336118779,41264000.0,-43.91600037
2026-10-07T10:24:06,,2400000000.0,5000000000.0,0,8,10,0.6009377006322857,0.6009376,6204385279.999994,6,64,37500000.0,15000000.0,20000.0,50000.0,20,RMS,POW,LIN,0.7499839100000001,0.00077587869,0.0005818965336118779,41268000.0,-43.54759979
2026-10-07T10:24:06,,2400000000.0,5000000000.0,0,8,10,0.6009377006322857,0.6009376,6204385279.999994,6,64,37500000.0,15000000.0,20000.0,50000.0,20,RMS,POW,LIN,0.7499839100000001,0.00077587869,0.0005818965336118779,41272000.0,-43.29139709
2026-10-07T10:24:06,,2400000000.0,5000000000.0,0,8,10,0.6009377006322857,0.6009376,6204385279.999994,6,64,37500000.0,15000000.0,20000.0,50000.0,20,RMS,POW,LIN,0.7499839100000001,0.00077587869,0.0005818965336118779,41276000.0,-43.07975769
2026-10-07T10:24:06,,2400000000.0,5000000000.0,0,8,10,0.6009377006322857,0.6009376,6204385279.999994,6,64,37500000.0,15000000.0,20000.0,50000.0,20,RMS,POW,LIN,0.7499839100000001,0.00077587869,0.0005818965336118779,41280000.0,-42.84981918
2026-10-07T10:24:06,,2400000000.0,5000000000.0,0,8,10,0.6009377006322857,0.6009376,6204385279.999994,6,64,37500000.0,15000000.0,20000.0,50000.0,20,RMS,POW,LIN,0.7499839100000001,0.00077587869,0.0005818965336118779,41284000.0,-42.58977127
2026-10-07T10:24:06,,2400000000.0,5000000000.0,0,8,10,0.6009377006322857,0.6009376,6204385279.999994,6,64,37500000.0,15000000.0,20000.0,50000.0,20,RMS,POW,LIN,0.7499839100000001,0.00077587869,0.0005818965336118779,41288000.0,-42.33504105
2026-10-07T10:24:06,,2400000000.0,5000000000.0,0,8,10,0.6009377006322857,0.6009376,6204385279.999994,6,64,37500000.0,15000000.0,20000.0,50000.0,20,RMS,POW,LIN,0.7499839100000001,0.00077587869,0.0005818965336118779,41292000.0,-42.13814545
2026-10-07T10:24:06,,2400000000.0,5000000000.0,0,8,10,0.6009377006322857,0.6009376,6204385279.999994,6,64,37500000.0,15000000.0,20000.0,50000.0,20,RMS,POW,LIN,0.7499839100000001,0.00077587869,0.0005818965336118779,41296000.0,-42.04908371
2026-10-07T10:24:06,,2400000000.0,5000000000.0,0,8,10,0.6009377006322857,0.6009376,6204385279.999994,6,64,37500000.0,15000000.0,20000.0,50000.0,20,RMS,POW,LIN,0.7499839100000001,0.00077587869,0.0005818965336118779,41300000.0,-42.09380341
2026-10-07T10:24:06,,2400000000.0,5000000000.0,0,8,10,0.6009377006322857,0.6009376,6204385279.999994,6,64,37500000.0,15000000.0,20000.0,50000.0,20,RMS,POW,LIN,0.7499839100000001,0.00077587869,0.0005818965336118779,41304000.0,-42.23542786
2026-10-07T10:24:06,,2400000000.0,5000000000.0,0,8,10,0.6009377006322857,0.6009376,6204385279.999994,6,64,37500000.0,15000000.0,20000.0,50000.0,20,RMS,POW,LIN,0.7499839100000001,0.00077587869,0.0005818965336118779,41308000.0,-42.35558319
2026-10-07T10:24:06,,2400000000.0,5000000000.0,0,8,10,0.6009377006322857,0.6009376,6204385279.999994,6,64,37500000.0,15000000.0,20000.0,50000.0,20,RMS,POW,LIN,0.7499839100000001,0.00077587869,0.0005818965336118779,41312000.0,-42.32297516
2026-10-07T10:24:06,,2400000000.0,5000000000.0,0,8,10,0.6009377006322857,0.6009376,6204385279.999994,6,64,37500000.0,15000000.0,20000.0,50000.0,20,RMS,POW,LIN,0.7499839100000001,0.00077587869,0.0005818965336118779,41316000.0,-42.12036133
2026-10-07T10:24:06,,2400000000.0,5000000000.0,0,8,10,0.6009377006322857,0.6009376,6204385279.999994,6,64,37500000.0,15000000.0,20000.0,50000.0,20,RMS,POW,LIN,0.7499839100000001,0.00077587869,0.0005818965336118779,41320000.0,-41.86450195
2026-10-07T10:24:06,,2400000000.0,5000000000.0,0,8,10,0.6009377006322857,0.6009376,6204385279.999994,6,64,37500000.0,15000000.0,20000.0,50000.0,20,RMS,POW,LIN,0.7499839100000001,0.00077587869,0.0005818965336118779,41324000.0,-41.69499207
2026-10-07T10:24:06,,2400000000.0,5000000000.0,0,8,10,0.6009377006322857,0.6009376,6204385279.999994,6,64,37500000.0,15000000.0,20000.0,50000.0,20,RMS,POW,LIN,0.7499839100000001,0.00077587869,0.0005818965336118779,41328000.0,-41.6894455
2026-10-07T10:24:06,,2400000000.0,5000000000.0,0,8,10,0.6009377006322857,0.6009376,6204385279.999994,6,64,37500000.0,15000000.0,20000.0,50000.0,20,RMS,POW,LIN,0.7499839100000001,0.00077587869,0.0005818965336118779,41332000.0,-41.85630798
2026-10-07T10:24:06,,2400000000.0,5000000000.0,0,8,10,0.6009377006322857,0.6009376,6204385279.999994,6,64,37500000.0,15000000.0,20000.0,50000.0,20,RMS,POW,LIN,0.7499839100000001,0.00077587869,0.0005818965336118779,41336000.0,-42.15550613
2026-10-07T10:24:06,,2400000000.0,5000000000.0,0,8,10,0.6009377006322857,0.6009376,6204385279.999994,6,64,37500000.0,15000000.0,20000.0,50000.0,20,RMS,POW,LIN,0.7499839100000001,0.00077587869,0.0005818965336118779,41340000.0,-42.515625
2026-10-07T10:24:06,,2400000000.0,5000000000.0,0,8,10,0.6009377006322857,0.6009376,6204385279.999994,6,64,37500000.0,15000000.0,20000.0,50000.0,20,RMS,POW,LIN,0.7499839100000001,0.00077587869,0.0005818965336118779,41344000.0,-42.84366989
2026-10-07T10:24:06,,2400000000.0,5000000000.0,0,8,10,0.6009377006322857,0.6009376,6204385279.999994,6,64,37500000.0,15000000.0,20000.0,50000.0,20,RMS,POW,LIN,0.7499839100000001,0.00077587869,0.0005818965336118779,41348000.0,-43.04090118
2026-10-07T10:24:06,,2400000000.0,5000000000.0,0,8,10,0.6009377006322857,0.6009376,6204385279.999994,6,64,37500000.0,15000000.0,20000.0,50000.0,20,RMS,POW,LIN,0.7499839100000001,0.00077587869,0.0005818965336118779,41352000.0,-43.05406189
2026-10-07T10:24:06,,2400000000.0,5000000000.0,0,8,10,0.6009377006322857,0.6009376,6204385279.999994,6,64,37500000.0,15000000.0,20000.0,50000.0,20,RMS,POW,LIN,0.7499839100000001,0.00077587869,0.0005818965336118779,41356000.0,-42.94230652
2026-10-07T10:24:06,,2400000000.0,5000000000.0,0,8,10,0.6009377006322857,0.6009376,6204385279.999994,6,64,37500000.0,15000000.0,20000.0,50000.0,20,RMS,POW,LIN,0.7499839100000001,0.00077587869,0.0005818965336118779,41360000.0,-42.86211014
2026-10-07T10:24:06,,2400000000.0,5000000000.0,0,8,10,0.6009377006322857,0.6009376,6204385279.999994,6,64,37500000.0,15000000.0,20000.0,50000.0,20,RMS,POW,LIN,0.7499839100000001,0.00077587869,0.0005818965336118779,41364000.0,-42.96178436
2026-10-07T10:24:06,,2400000000.0,5000000000.0,0,8,10,0.6009377006322857,0.6009376,6204385279.999994,6,64,37500000.0,15000000.0,20000.0,50000.0,20,RMS,POW,LIN,0.7499839100000001,0.00077587869,0.0005818965336118779,41368000.0,-43.29191589
2026-10-07T10:24:06,,2400000000.0,5000000000.0,0,8,10,0.6009377006322857,0.6009376,6204385279.999994,6,64,37500000.0,15000000.0,20000.0,50000.0,20,RMS,POW,LIN,0.7499839100000001,0.00077587869,0.0005818965336118779,41372000.0,-43.77968597
2026-10-07T10:24:06,,2400000000.0,5000000000.0,0,8,10,0.6009377006322857,0.6009376,6204385279.999994,6,64,37500000.0,15000000.0,20000.0,50000.0,20,RMS,POW,LIN,0.7499839100000001,0.00077587869,0.0005818965336118779,41376000.0,-44.25701904
2026-10-07T10:24:06,,2400000000.0,5000000000.0,0,8,10,0.6009377006322857,0.6009376,6204385279.999994,6,64,37500000.0,15000000.0,20000.0,50000.0,20,RMS,POW,LIN,0.7499839100000001,0.00077587869,0.0005818965336118779,41380000.0,-44.53848267
2026-10-07T10:24:06,,2400000000.0,5000000000.0,0,8,10,0.6009377006322857,0.6009376,6204385279.999994,6,64,37500000.0,15000000.0,20000.0,50000.0,20,RMS,POW,LIN,0.7499839100000001,0.00077587869,0.0005818965336118779,41384000.0,-44.51575089
2026-10-07T10:24:06,,2400000000.0,5000000000.0,0,8,10,0.6009377006322857,0.6009376,6204385279.999994,6,64,37500000.0,15000000.0,20000.0,50000.0,20,RMS,POW,LIN,0.7499839100000001,0.00077587869,0.0005818965336118779,41388000.0,-44.2048111
2026-10-07T10:24:06,,2400000000.0,5000000000.0,0,8,10,0.6009377006322857,0.6009376,6204385279.999994,6,64,37500000.0,15000000.0,20000.0,50000.0,20,RMS,POW,LIN,0.7499839100000001,0.00077587869,0.0005818965336118779,41392000.0,-43.72794342
2026-10-07T10:24:06,,2400000000.0,5000000000.0,0,8,10,0.6009377006322857,0.6009376,6204385279.999994,6,64,37500000.0,15000000.0,20000.0,50000.0,20,RMS,POW,LIN,0.7499839100000001,0.00077587869,0.0005818965336118779,41396000.0,-43.24312592
2026-10-07T10:24:06,,2400000000.0,5000000000.0,0,8,10,0.6009377006322857,0.6009376,6204385279.999994,6,64,37500000.0,15000000.0,20000.0,50000.0,20,RMS,POW,LIN,0.7499839100000001,0.00077587869,0.0005818965336118779,41400000.0,-42.85227585
2026-10-07T10:24:06,,2400000000.0,5000000000.0,0,8,10,0.6009377006322857,0.6009376,6204385279.999994,6,64,37500000.0,15000000.0,20000.0,50000.0,20,RMS,POW,LIN,0.7499839100000001,0.00077587869,0.0005818965336118779,41404000.0,-42.55498505
2026-10-07T10:24:06,,2400000000.0,5000000000.0,0,8,10,0.6009377006322857,0.6009376,6204385279.999994,6,64,37500000.0,15000000.0,20000.0,50000.0,20,RMS,POW,LIN,0.7499839100000001,0.00077587869,0.0005818965336118779,41408000.0,-42.29452133
2026-10-07T10:24:06,,2400000000.0,5000000000.0,0,8,10,0.6009377006322857,0.6009376,6204385279.999994,6,64,37500000.0,15000000.0,20000.0,50000.0,20,RMS,POW,LIN,0.7499839100000001,0.00077587869,0.0005818965336118779,41412000.0,-42.06541443
2026-10-07T10:24:06,,2400000000.0,5000000000.0,0,8,10,0.6009377006322857,0.6009376,6204385279.999994,6,64,37500000.0,15000000.0,20000.0,50000.0,20,RMS,POW,LIN,0.7499839100000001,0.00077587869,0.0005818965336118779,41416000.0,-41.96383667
2026-10-07T10:24:06,,2400000000.0,5000000000.0,0,8,10,0.6009377006322857,0.6009376,6204385279.999994,6,64,37500000.0,15000000.0,20000.0,50000.0,20,RMS,POW,LIN,0.7499839100000001,0.00077587869,0.0005818965336118779,41420000.0,-42.12668228
2026-10-07T10:24:06,,2400000000.0,5000000000.0,0,8,10,0.6009377006322857,0.6009376,6204385279.999994,6,64,37500000.0,15000000.0,20000.0,50000.0,20,RMS,POW,LIN,0.7499839100000001,0.00077587869,0.0005818965336118779,41424000.0,-42.65359879
2026-10-07T10:24:06,,2400000000.0,5000000000.0,0,8,10,0.6009377006322857,0.6009376,6204385279.999994,6,64,37500000.0,15000000.0,20000.0,50000.0,20,RMS,POW,LIN,0.7499839100000001,0.00077587869,0.0005818965336118779,41428000.0,-43.57273102
2026-10-07T10:24:06,,2400000000.0,5000000000.0,0,8,10,0.6009377006322857,0.6009376,6204385279.999994,6,64,37500000.0,15000000.0,20000.0,50000.0,20,RMS,POW,LIN,0.7499839100000001,0.00077587869,0.0005818965336118779,41432000.0,-44.78422546
2026-10-07T10:24:06,,2400000000.0,5000000000.0,0,8,10,0.6009377006322857,0.6009376,6204385279.999994,6,64,37500000.0,15000000.0,20000.0,50000.0,20,RMS,POW,LIN,0.7499839100000001,0.00077587869,0.0005818965336118779,41436000.0,-45.87734222
2026-10-07T10:24:06,,2400000000.0,5000000000.0,0,8,10,0.6009377006322857,0.6009376,6204385279.999994,6,64,37500000.0,15000000.0,20000.0,50000.0,20,RMS,POW,LIN,0.7499839100000001,0.00077587869,0.0005818965336118779,41440000.0,-46.09432602
2026-10-07T10:24:06,,2400000000.0,5000000000.0,0,8,10,0.6009377006322857,0.6009376,6204385279.999994,6,64,37500000.0,15000000.0,20000.0,50000.0,20,RMS,POW,LIN,0.7499839100000001,0.00077587869,0.0005818965336118779,41444000.0,-45.24014282
2026-10-07T10:24:06,,2400000000.0,5000000000.0,0,8,10,0.6009377006322857,0.6009376,6204385279.999994,6,64,37500000.0,15000000.0,20000.0,50000.0,20,RMS,POW,LIN,0.7499839100000001,0.00077587869,0.0005818965336118779,41448000.0,-44.02869415
2026-10-07T10:24:06,,2400000000.0,5000000000.0,0,8,10,0.6009377006322857,0.6009376,6204385279.999994,6,64,37500000.0,15000000.0,20000.0,50000.0,20,RMS,POW,LIN,0.7499839100000001,0.00077587869,0.0005818965336118779,41452000.0,-43.0144043
2026-10-07T10:24:06,,2400000000.0,5000000000.0,0,8,10,0.6009377006322857,0.6009376,6204385279.999994,6,64,37500000.0,15000000.0,20000.0,50000.0,20,RMS,POW,LIN,0.7499839100000001,0.00077587869,0.0005818965336118779,41456000.0,-42.3131218
2026-10-07T10:24:06,,2400000000.0,5000000000.0,0,8,10,0.6009377006322857,0.6009376,6204385279.999994,6,64,37500000.0,15000000.0,20000.0,50000.0,20,RMS,POW,LIN,0.7499839100000001,0.00077587869,0.0005818965336118779,41460000.0,-41.86068344
2026-10-07T10:24:06,,2400000000.0,5000000000.0,0,8,10,0.6009377006322857,0.6009376,6204385279.999994,6,64,37500000.0,15000000.0,20000.0,50000.0,20,RMS,POW,LIN,0.7499839100000001,0.00077587869,0.0005818965336118779,41464000.0,-41.59117126
2026-10-07T10:24:06,,2400000000.0,5000000000.0,0,8,10,0.6009377006322857,0.6009376,6204385279.999994,6,64,37500000.0,15000000.0,20000.0,50000.0,20,RMS,POW,LIN,0.7499839100000001,0.00077587869,0.0005818965336118779,41468000.0,-41.48590851
2026-10-07T10:24:06,,2400000000.0,5000000000.0,0,8,10,0.6009377006322857,0.6009376,6204385279.999994,6,64,37500000.0,15000000.0,20000.0,50000.0,20,RMS,POW,LIN,0.7499839100000001,0.00077587869,0.0005818965336118779,41472000.0,-41.53580475
2026-10-07T10:24:06,,2400000000.0,5000000000.0,0,8,10,0.6009377006322857,0.6009376,6204385279.999994,6,64,37500000.0,15000000.0,20000.0,50000.0,20,RMS,POW,LIN,0.7499839100000001,0.00077587869,0.0005818965336118779,41476000.0,-41.69356918
2026-10-07T10:24:06,,2400000000.0,5000000000.0,0,8,10,0.6009377006322857,0.6009376,6204385279.999994,6,64,37500000.0,15000000.0,20000.0,50000.0,20,RMS,POW,LIN,0.7499839100000001,0.00077587869,0.0005818965336118779,41480000.0,-41.87760544
2026-10-07T10:24:06,,2400000000.0,5000000000.0,0,8,10,0.6009377006322857,0.6009376,6204385279.999994,6,64,37500000.0,15000000.0,20000.0,50000.0,20,RMS,POW,LIN,0.7499839100000001,0.00077587869,0.0005818965336118779,41484000.0,-42.02475357
2026-10-07T10:24:06,,2400000000.0,5000000000.0,0,8,10,0.6009377006322857,0.6009376,6204385279.999994,6,64,37500000.0,15000000.0,20000.0,50000.0,20,RMS,POW,LIN,0.7499839100000001,0.00077587869,0.0005818965336118779,41488000.0,-42.12109375
2026-10-07T10:24:06,,2400000000.0,5000000000.0,0,8,10,0.6009377006322857,0.6009376,6204385279.999994,6,64,37500000.0,15000000.0,20000.0,50000.0,20,RMS,POW,LIN,0.7499839100000001,0.00077587869,0.0005818965336118779,41492000.0,-42.16164398
2026-10-07T10:24:06,,2400000000.0,5000000000.0,0,8,10,0.6009377006322857,0.6009376,6204385279.999994,6,64,37500000.0,15000000.0,20000.0,50000.0,20,RMS,POW,LIN,0.7499839100000001,0.00077587869,0.0005818965336118779,41496000.0,-42.108078
2026-10-07T10:24:06,,2400000000.0,5000000000.0,0,8,10,0.6009377006322857,0.6009376,6204385279.999994,6,64,37500000.0,15000000.0,20000.0,50000.0,20,RMS,POW,LIN,0.7499839100000001,0.00077587869,0.0005818965336118779,41500000.0,-41.93156052
2026-10-07T10:24:06,,2400000000.0,5000000000.0,0,8,10,0.6009377006322857,0.6009376,6204385279.999994,6,64,37500000.0,15000000.0,20000.0,50000.0,20,RMS,POW,LIN,0.7499839100000001,0.00077587869,0.0005818965336118779,41504000.0,-41.68443298
2026-10-07T10:24:06,,2400000000.0,5000000000.0,0,8,10,0.6009377006322857,0.6009376,6204385279.999994,6,64,37500000.0,15000000.0,20000.0,50000.0,20,RMS,POW,LIN,0.7499839100000001,0.00077587869,0.0005818965336118779,41508000.0,-41.47490692
2026-10-07T10:24:06,,2400000000.0,5000000000.0,0,8,10,0.6009377006322857,0.6009376,6204385279.999994,6,64,37500000.0,15000000.0,20000.0,50000.0,20,RMS,POW,LIN,0.7499839100000001,0.00077587869,0.0005818965336118779,41512000.0,-41.37007141
2026-10-07T10:24:06,,2400000000.0,5000000000.0,0,8,10,0.6009377006322857,0.6009376,6204385279.999994,6,64,37500000.0,15000000.0,20000.0,50000.0,20,RMS,POW,LIN,0.7499839100000001,0.00077587869,0.0005818965336118779,41516000.0,-41.34349823
2026-10-07T10:24:06,,2400000000.0,5000000000.0,0,8,10,0.6009377006322857,0.6009376,6204385279.999994,6,64,37500000.0,15000000.0,20000.0,50000.0,20,RMS,POW,LIN,0.7499839100000001,0.00077587869,0.0005818965336118779,41520000.0,-41.30934143
2026-10-07T10:24:06,,2400000000.0,5000000000.0,0,8,10,0.6009377006322857,0.6009376,6204385279.999994,6,64,37500000.0,15000000.0,20000.0,50000.0,20,RMS,POW,LIN,0.7499839100000001,0.00077587869,0.0005818965336118779,41524000.0,-41.21113205
2026-10-07T10:24:06,,2400000000.0,5000000000.0,0,8,10,0.6009377006322857,0.6009376,6204385279.999994,6,64,37500000.0,15000000.0,20000.0,50000.0,20,RMS,POW,LIN,0.7499839100000001,0.00077587869,0.0005818965336118779,41528000.0,-41.07954407
2026-10-07T10:24:06,,2400000000.0,5000000000.0,0,8,10,0.6009377006322857,0.6009376,6204385279.999994,6,64,37500000.0,15000000.0,20000.0,50000.0,20,RMS,POW,LIN,0.7499839100000001,0.00077587869,0.0005818965336118779,41532000.0,-40.99578857
2026-10-07T10:24:06,,2400000000.0,5000000000.0,0,8,10,0.6009377006322857,0.6009376,6204385279.999994,6,64,37500000.0,15000000.0,20000.0,50000.0,20,RMS,POW,LIN,0.7499839100000001,0.00077587869,0.0005818965336118779,41536000.0,-41.01428986
2026-10-07T10:24:06,,2400000000.0,5000000000.0,0,8,10,0.6009377006322857,0.6009376,6204385279.999994,6,64,37500000.0,15000000.0,20000.0,50000.0,20,RMS,POW,LIN,0.7499839100000001,0.00077587869,0.0005818965336118779,41540000.0,-41.12802505
2026-10-07T10:24:06,,2400000000.0,5000000000.0,0,8,10,0.6009377006322857,0.6009376,6204385279.999994,6,64,37500000.0,15000000.0,20000.0,50000.0,20,RMS,POW,LIN,0.7499839100000001,0.00077587869,0.0005818965336118779,41544000.0,-41.29456329
2026-10-07T10:24:06,,2400000000.0,5000000000.0,0,8,10,0.6009377006322857,0.6009376,6204385279.999994,6,64,37500000.0,15000000.0,20000.0,50000.0,20,RMS,POW,LIN,0.7499839100000001,0.00077587869,0.0005818965336118779,41548000.0,-41.49237061
2026-10-07T10:24:06,,2400000000.0,5000000000.0,0,8,10,0.6009377006322857,0.6009376,6204385279.999994,6,64,37500000.0,15000000.0,20000.0,50000.0,20,RMS,POW,LIN,0.7499839100000001,0.00077587869,0.0005818965336118779,41552000.0,-41.75131989
2026-10-07T10:24:06,,2400000000.0,5000000000.0,0,8,10,0.6009377006322857,0.6009376,6204385279.999994,6,64,37500000.0,15000000.0,20000.0,50000.0,20,RMS,POW,LIN,0.7499839100000001,0.00077587869,0.0005818965336118779,41556000.0,-42.11930847
2026-10-07T10:24:06,,2400000000.0,5000000000.0,0,8,10,0.6009377006322857,0.6009376,6204385279.999994,6,64,37500000.0,15000000.0,20000.0,50000.0,20,RMS,POW,LIN,0.7499839100000001,0.00077587869,0.0005818965336118779,41560000.0,-42.58673477
2026-10-07T10:24:06,,2400000000.0,5000000000.0,0,8,10,0.6009377006322857,0.6009376,6204385279.999994,6,64,37500000.0,15000000.0,20000.0,50000.0,20,RMS,POW,LIN,0.7499839100000001,0.00077587869,0.0005818965336118779,41564000.0,-43.02287674
2026-10-07T10:24:06,,2400000000.0,5000000000.0,0,8,10,0.6009377006322857,0.6009376,6204385279.999994,6,64,37500000.0,15000000.0,20000.0,50000.0,20,RMS,POW,LIN,0.7499839100000001,0.00077587869,0.0005818965336118779,41568000.0,-43.20557022
2026-10-07T10:24:06,,2400000000.0,5000000000.0,0,8,10,0.6009377006322857,0.6009376,6204385279.999994,6,64,37500000.0,15000000.0,20000.0,50000.0,20,RMS,POW,LIN,0.7499839100000001,0.00077587869,0.0005818965336118779,41572000.0,-43.01443481
2026-10-07T10:24:06,,2400000000.0,5000000000.0,0,8,10,0.6009377006322857,0.6009376,6204385279.999994,6,64,37500000.0,15000000.0,20000.0,50000.0,20,RMS,POW,LIN,0.7499839100000001,0.00077587869,0.0005818965336118779,41576000.0,-42.58673859
2026-10-07T10:24:06,,2400000000.0,5000000000.0,0,8,10,0.6009377006322857,0.6009376,6204385279.999994,6,64,37500000.0,15000000.0,20000.0,50000.0,20,RMS,POW,LIN,0.7499839100000001,0.00077587869,0.0005818965336118779,41580000.0,-42.17600632
2026-10-07T10:24:06,,2400000000.0,5000000000.0,0,8,10,0.6009377006322857,0.6009376,6204385279.999994,6,64,37500000.0,15000000.0,20000.0,50000.0,20,RMS,POW,LIN,0.7499839100000001,0.00077587869,0.0005818965336118779,41584000.0,-41.93976593
2026-10-07T10:24:06,,2400000000.0,5000000000.0,0,8,10,0.6009377006322857,0.6009376,6204385279.999994,6,64,37500000.0,15000000.0,20000.0,50000.0,20,RMS,POW,LIN,0.7499839100000001,0.00077587869,0.0005818965336118779,41588000.0,-41.88846588
2026-10-07T10:24:06,,2400000000.0,5000000000.0,0,8,10,0.6009377006322857,0.6009376,6204385279.999994,6,64,37500000.0,15000000.0,20000.0,50000.0,20,RMS,POW,LIN,0.7499839100000001,0.00077587869,0.0005818965336118779,41592000.0,-41.95173645
2026-10-07T10:24:06,,2400000000.0,5000000000.0,0,8,10,0.6009377006322857,0.6009376,6204385279.999994,6,64,37500000.0,15000000.0,20000.0,50000.0,20,RMS,POW,LIN,0.7499839100000001,0.00077587869,0.0005818965336118779,41596000.0,-42.08812714
2026-10-07T10:24:06,,2400000000.0,5000000000.0,0,8,10,0.6009377006322857,0.6009376,6204385279.999994,6,64,37500000.0,15000000.0,20000.0,50000.0,20,RMS,POW,LIN,0.7499839100000001,0.00077587869,0.0005818965336118779,41600000.0,-42.35082626
2026-10-07T10:24:06,,2400000000.0,5000000000.0,0,8,10,0.6009377006322857,0.6009376,6204385279.999994,6,64,37500000.0,15000000.0,20000.0,50000.0,20,RMS,POW,LIN,0.7499839100000001,0.00077587869,0.0005818965336118779,41604000.0,-42.83599472
2026-10-07T10:24:06,,2400000000.0,5000000000.0,0,8,10,0.6009377006322857,0.6009376,6204385279.999994,6,64,37500000.0,15000000.0,20000.0,50000.0,20,RMS,POW,LIN,0.7499839100000001,0.00077587869,0.0005818965336118779,41608000.0,-43.56351471
2026-10-07T10:24:06,,2400000000.0,5000000000.0,0,8,10,0.6009377006322857,0.6009376,6204385279.999994,6,64,37500000.0,15000000.0,20000.0,50000.0,20,RMS,POW,LIN,0.7499839100000001,0.00077587869,0.0005818965336118779,41612000.0,-44.39028549
2026-10-07T10:24:06,,2400000000.0,5000000000.0,0,8,10,0.6009377006322857,0.6009376,6204385279.999994,6,64,37500000.0,15000000.0,20000.0,50000.0,20,RMS,POW,LIN,0.7499839100000001,0.00077587869,0.0005818965336118779,41616000.0,-45.04771423
2026-10-07T10:24:06,,2400000000.0,5000000000.0,0,8,10,0.6009377006322857,0.6009376,6204385279.999994,6,64,37500000.0,15000000.0,20000.0,50000.0,20,RMS,POW,LIN,0.7499839100000001,0.00077587869,0.0005818965336118779,41620000.0,-45.3492775
2026-10-07T10:24:06,,2400000000.0,5000000000.0,0,8,10,0.6009377006322857,0.6009376,6204385279.999994,6,64,37500000.0,15000000.0,20000.0,50000.0,20,RMS,POW,LIN,0.7499839100000001,0.00077587869,0.0005818965336118779,41624000.0,-45.31755829
2026-10-07T10:24:06,,2400000000.0,5000000000.0,0,8,10,0.6009377006322857,0.6009376,6204385279.999994,6,64,37500000.0,15000000.0,20000.0,50000.0,20,RMS,POW,LIN,0.7499839100000001,0.00077587869,0.0005818965336118779,41628000.0,-45.03826141
2026-10-07T10:24:06,,2400000000.0,5000000000.0,0,8,10,0.6009377006322857,0.6009376,6204385279.999994,6,64,37500000.0,15000000.0,20000.0,50000.0,20,RMS,POW,LIN,0.7499839100000001,0.00077587869,0.0005818965336118779,41632000.0,-44.57100677
2026-10-07T10:24:06,,2400000000.0,5000000000.0,0,8,10,0.6009377006322857,0.6009376,6204385279.999994,6,64,37500000.0,15000000.0,20000.0,50000.0,20,RMS,POW,LIN,0.7499839100000001,0.00077587869,0.0005818965336118779,41636000.0,-44.03209305
2026-10-07T10:24:06,,2400000000.0,5000000000.0,0,8,10,0.6009377006322857,0.6009376,6204385279.999994,6,64,37500000.0,15000000.0,20000.0,50000.0,20,RMS,POW,LIN,0.7499839100000001,0.00077587869,0.0005818965336118779,41640000.0,-43.60032654
2026-10-07T10:24:06,,2400000000.0,5000000000.0,0,8,10,0.6009377006322857,0.6009376,6204385279.999994,6,64,37500000.0,15000000.0,20000.0,50000.0,20,RMS,POW,LIN,0.7499839100000001,0.00077587869,0.0005818965336118779,41644000.0,-43.41041565
2026-10-07T10:24:06,,2400000000.0,5000000000.0,0,8,10,0.6009377006322857,0.6009376,6204385279.999994,6,64,37500000.0,15000000.0,20000.0,50000.0,20,RMS,POW,LIN,0.7499839100000001,0.00077587869,0.0005818965336118779,41648000.0,-43.47381592
2026-10-07T10:24:06,,2400000000.0,5000000000.0,0,8,10,0.6009377006322857,0.6009376,6204385279.999994,6,64,37500000.0,15000000.0,20000.0,50000.0,20,RMS,POW,LIN,0.7499839100000001,0.00077587869,0.0005818965336118779,41652000.0,-43.67276764
2026-10-07T10:24:06,,2400000000.0,5000000000.0,0,8,10,0.6009377006322857,0.6009376,6204385279.999994,6,64,37500000.0,15000000.0,20000.0,50000.0,20,RMS,POW,LIN,0.7499839100000001,0.00077587869,0.0005818965336118779,41656000.0,-43.84045029
2026-10-07T10:24:06,,2400000000.0,5000000000.0,0,8,10,0.6009377006322857,0.6009376,6204385279.999994,6,64,37500000.0,15000000.0,20000.0,50000.0,20,RMS,POW,LIN,0.7499839100000001,0.00077587869,0.0005818965336118779,41660000.0,-43.90737534
2026-10-07T10:24:06,,2400000000.0,5000000000.0,0,8,10,0.6009377006322857,0.6009376,6204385279.999994,6,64,37500000.0,15000000.0,20000.0,50000.0,20,RMS,POW,LIN,0.7499839100000001,0.00077587869,0.0005818965336118779,41664000.0,-43.9500618
2026-10-07T10:24:06,,2400000000.0,5000000000.0,0,8,10,0.6009377006322857,0.6009376,6204385279.999994,6,64,37500000.0,15000000.0,20000.0,50000.0,20,RMS,POW,LIN,0.7499839100000001,0.00077587869,0.0005818965336118779,41668000.0,-44.06279373
2026-10-07T10:24:06,,2400000000.0,5000000000.0,0,8,10,0.6009377006322857,0.6009376,6204385279.999994,6,64,37500000.0,15000000.0,20000.0,50000.0,20,RMS,POW,LIN,0.7499839100000001,0.00077587869,0.0005818965336118779,41672000.0,-44.23552322
2026-10-07T10:24:06,,2400000000.0,5000000000.0,0,8,10,0.6009377006322857,0.6009376,6204385279.999994,6,64,37500000.0,15000000.0,20000.0,50000.0,20,RMS,POW,LIN,0.7499839100000001,0.00077587869,0.0005818965336118779,41676000.0,-44.37447357
2026-10-07T10:24:06,,2400000000.0,5000000000.0,0,8,10,0.6009377006322857,0.6009376,6204385279.999994,6,64,37500000.0,15000000.0,20000.0,50000.0,20,RMS,POW,LIN,0.7499839100000001,0.00077587869,0.0005818965336118779,41680000.0,-44.42122269
2026-10-07T10:24:06,,2400000000.0,5000000000.0,0,8,10,0.6009377006322857,0.6009376,6204385279.999994,6,64,37500000.0,15000000.0,20000.0,50000.0,20,RMS,POW,LIN,0.7499839100000001,0.00077587869,0.0005818965336118779,41684000.0,-44.41994476
2026-10-07T10:24:06,,2400000000.0,5000000000.0,0,8,10,0.6009377006322857,0.6009376,6204385279.999994,6,64,37500000.0,15000000.0,20000.0,50000.0,20,RMS,POW,LIN,0.7499839100000001,0.00077587869,0.0005818965336118779,41688000.0,-44.45737457
2026-10-07T10:24:06,,2400000000.0,5000000000.0,0,8,10,0.6009377006322857,0.6009376,6204385279.999994,6,64,37500000.0,15000000.0,20000.0,50000.0,20,RMS,POW,LIN,0.7499839100000001,0.00077587869,0.0005818965336118779,41692000.0,-44.58602905
2026-10-07T10:24:06,,2400000000.0,5000000000.0,0,8,10,0.6009377006322857,0.6009376,6204385279.999994,6,64,37500000.0,15000000.0,20000.0,50000.0,20,RMS,POW,LIN,0.7499839100000001,0.00077587869,0.0005818965336118779,41696000.0,-44.8202858
2026-10-07T10:24:06,,2400000000.0,5000000000.0,0,8,10,0.6009377006322857,0.6009376,6204385279.999994,6,64,37500000.0,15000000.0,20000.0,50000.0,20,RMS,POW,LIN,0.7499839100000001,0.00077587869,0.0005818965336118779,41700000.0,-45.16288757
2026-10-07T10:24:06,,2400000000.0,5000000000.0,0,8,10,0.6009377006322857,0.6009376,6204385279.999994,6,64,37500000.0,15000000.0,20000.0,50000.0,20,RMS,POW,LIN,0.7499839100000001,0.00077587869,0.0005818965336118779,41704000.0,-45.58277893
2026-10-07T10:24:06,,2400000000.0,5000000000.0,0,8,10,0.6009377006322857,0.6009376,6204385279.999994,6,64,37500000.0,15000000.0,20000.0,50000.0,20,RMS,POW,LIN,0.7499839100000001,0.00077587869,0.0005818965336118779,41708000.0,-45.93511963
2026-10-07T10:24:06,,2400000000.0,5000000000.0,0,8,10,0.6009377006322857,0.6009376,6204385279.999994,6,64,37500000.0,15000000.0,20000.0,50000.0,20,RMS,POW,LIN,0.7499839100000001,0.00077587869,0.0005818965336118779,41712000.0,-45.95918655
2026-10-07T10:24:06,,2400000000.0,5000000000.0,0,8,10,0.6009377006322857,0.6009376,6204385279.999994,6,64,37500000.0,15000000.0,20000.0,50000.0,20,RMS,POW,LIN,0.7499839100000001,0.00077587869,0.0005818965336118779,41716000.0,-45.53368759
2026-10-07T10:24:06,,2400000000.0,5000000000.0,0,8,10,0.6009377006322857,0.6009376,6204385279.999994,6,64,37500000.0,15000000.0,20000.0,50000.0,20,RMS,POW,LIN,0.7499839100000001,0.00077587869,0.0005818965336118779,41720000.0,-44.89415359
2026-10-07T10:24:06,,2400000000.0,5000000000.0,0,8,10,0.6009377006322857,0.6009376,6204385279.999994,6,64,37500000.0,15000000.0,20000.0,50000.0,20,RMS,POW,LIN,0.7499839100000001,0.00077587869,0.0005818965336118779,41724000.0,-44.40297318
2026-10-07T10:24:06,,2400000000.0,5000000000.0,0,8,10,0.6009377006322857,0.6009376,6204385279.999994,6,64,37500000.0,15000000.0,20000.0,50000.0,20,RMS,POW,LIN,0.7499839100000001,0.00077587869,0.0005818965336118779,41728000.0,-44.27617264
2026-10-07T10:24:06,,2400000000.0,5000000000.0,0,8,10,0.6009377006322857,0.6009376,6204385279.999994,6,64,37500000.0,15000000.0,20000.0,50000.0,20,RMS,POW,LIN,0.7499839100000001,0.00077587869,0.0005818965336118779,41732000.0,-44.54308319
2026-10-07T10:24:06,,2400000000.0,5000000000.0,0,8,10,0.6009377006322857,0.6009376,6204385279.999994,6,64,37500000.0,15000000.0,20000.0,50000.0,20,RMS,POW,LIN,0.7499839100000001,0.00077587869,0.0005818965336118779,41736000.0,-45.08880997
2026-10-07T10:24:06,,2400000000.0,5000000000.0,0,8,10,0.6009377006322857,0.6009376,6204385279.999994,6,64,37500000.0,15000000.0,20000.0,50000.0,20,RMS,POW,LIN,0.7499839100000001,0.00077587869,0.0005818965336118779,41740000.0,-45.71323776
2026-10-07T10:24:06,,2400000000.0,5000000000.0,0,8,10,0.6009377006322857,0.6009376,6204385279.999994,6,64,37500000.0,15000000.0,20000.0,50000.0,20,RMS,POW,LIN,0.7499839100000001,0.00077587869,0.0005818965336118779,41744000.0,-46.22954178
2026-10-07T10:24:06,,2400000000.0,5000000000.0,0,8,10,0.6009377006322857,0.6009376,6204385279.999994,6,64,37500000.0,15000000.0,20000.0,50000.0,20,RMS,POW,LIN,0.7499839100000001,0.00077587869,0.0005818965336118779,41748000.0,-46.53650665
2026-10-07T10:24:06,,2400000000.0,5000000000.0,0,8,10,0.6009377006322857,0.6009376,6204385279.999994,6,64,37500000.0,15000000.0,20000.0,50000.0,20,RMS,POW,LIN,0.7499839100000001,0.00077587869,0.0005818965336118779,41752000.0,-46.57831573
2026-10-07T10:24:06,,2400000000.0,5000000000.0,0,8,10,0.6009377006322857,0.6009376,6204385279.999994,6,64,37500000.0,15000000.0,20000.0,50000.0,20,RMS,POW,LIN,0.7499839100000001,0.00077587869,0.0005818965336118779,41756000.0,-46.32381058
2026-10-07T10:24:06,,2400000000.0,5000000000.0,0,8,10,0.6009377006322857,0.6009376,6204385279.999994,6,64,37500000.0,15000000.0,20000.0,50000.0,20,RMS,POW,LIN,0.7499839100000001,0.00077587869,0.0005818965336118779,41760000.0,-45.86630249
2026-10-07T10:24:06,,2400000000.0,5000000000.0,0,8,10,0.6009377006322857,0.6009376,6204385279.999994,6,64,37500000.0,15000000.0,20000.0,50000.0,20,RMS,POW,LIN,0.7499839100000001,0.00077587869,0.0005818965336118779,41764000.0,-45.43093491
2026-10-07T10:24:06,,2400000000.0,5000000000.0,0,8,10,0.6009377006322857,0.6009376,6204385279.999994,6,64,37500000.0,15000000.0,20000.0,50000.0,20,RMS,POW,LIN,0.7499839100000001,0.00077587869,0.0005818965336118779,41768000.0,-45.21398163
2026-10-07T10:24:06,,2400000000.0,5000000000.0,0,8,10,0.6009377006322857,0.6009376,6204385279.999994,6,64,37500000.0,15000000.0,20000.0,50000.0,20,RMS,POW,LIN,0.7499839100000001,0.00077587869,0.0005818965336118779,41772000.0,-45.25260544
2026-10-07T10:24:06,,2400000000.0,5000000000.0,0,8,10,0.6009377006322857,0.6009376,6204385279.999994,6,64,37500000.0,15000000.0,20000.0,50000.0,20,RMS,POW,LIN,0.7499839100000001,0.00077587869,0.0005818965336118779,41776000.0,-45.40950775
2026-10-07T10:24:06,,2400000000.0,5000000000.0,0,8,10,0.6009377006322857,0.6009376,6204385279.999994,6,64,37500000.0,15000000.0,20000.0,50000.0,20,RMS,POW,LIN,0.7499839100000001,0.00077587869,0.0005818965336118779,41780000.0,-45.48358917
2026-10-07T10:24:06,,2400000000.0,5000000000.0,0,8,10,0.6009377006322857,0.6009376,6204385279.999994,6,64,37500000.0,15000000.0,20000.0,50000.0,20,RMS,POW,LIN,0.7499839100000001,0.00077587869,0.0005818965336118779,41784000.0,-45.40908813
2026-10-07T10:24:06,,2400000000.0,5000000000.0,0,8,10,0.6009377006322857,0.6009376,6204385279.999994,6,64,37500000.0,15000000.0,20000.0,50000.0,20,RMS,POW,LIN,0.7499839100000001,0.00077587869,0.0005818965336118779,41788000.0,-45.30150604
2026-10-07T10:24:06,,2400000000.0,5000000000.0,0,8,10,0.6009377006322857,0.6009376,6204385279.999994,6,64,37500000.0,15000000.0,20000.0,50000.0,20,RMS,POW,LIN,0.7499839100000001,0.00077587869,0.0005818965336118779,41792000.0,-45.28431702
2026-10-07T10:24:06,,2400000000.0,5000000000.0,0,8,10,0.6009377006322857,0.6009376,6204385279.999994,6,64,37500000.0,15000000.0,20000.0,50000.0,20,RMS,POW,LIN,0.7499839100000001,0.00077587869,0.0005818965336118779,41796000.0,-45.37086105
2026-10-07T10:24:06,,2400000000.0,5000000000.0,0,8,10,0.6009377006322857,0.6009376,6204385279.999994,6,64,37500000.0,15000000.0,20000.0,50000.0,20,RMS,POW,LIN,0.7499839100000001,0.00077587869,0.0005818965336118779,41800000.0,-45.51116943
2026-10-07T10:24:06,,2400000000.0,5000000000.0,0,8,10,0.6009377006322857,0.6009376,6204385279.999994,6,64,37500000.0,15000000.0,20000.0,50000.0,20,RMS,POW,LIN,0.7499839100000001,0.00077587869,0.0005818965336118779,41804000.0,-45.67963409
2026-10-07T10:24:06,,2400000000.0,5000000000.0,0,8,10,0.6009377006322857,0.6009376,6204385279.999994,6,64,37500000.0,15000000.0,20000.0,50000.0,20,RMS,POW,LIN,0.7499839100000001,0.00077587869,0.0005818965336118779,41808000.0,-45.86227798
2026-10-07T10:24:06,,2400000000.0,5000000000.0,0,8,10,0.6009377006322857,0.6009376,6204385279.999994,6,64,37500000.0,15000000.0,20000.0,50000.0,20,RMS,POW,LIN,0.7499839100000001,0.00077587869,0.0005818965336118779,41812000.0,-45.9704628
2026-10-07T10:24:06,,2400000000.0,5000000000.0,0,8,10,0.6009377006322857,0.6009376,6204385279.999994,6,64,37500000.0,15000000.0,20000.0,50000.0,20,RMS,POW,LIN,0.7499839100000001,0.00077587869,0.0005818965336118779,41816000.0,-45.86230087
2026-10-07T10:24:06,,2400000000.0,5000000000.0,0,8,10,0.6009377006322857,0.6009376,6204385279.999994,6,64,37500000.0,15000000.0,20000.0,50000.0,20,RMS,POW,LIN,0.7499839100000001,0.00077587869,0.0005818965336118779,41820000.0,-45.52718353
2026-10-07T10:24:06,,2400000000.0,5000000000.0,0,8,10,0.6009377006322857,0.6009376,6204385279.999994,6,64,37500000.0,15000000.0,20000.0,50000.0,20,RMS,POW,LIN,0.7499839100000001,0.00077587869,0.0005818965336118779,41824000.0,-45.16213226
2026-10-07T10:24:06,,2400000000.0,5000000000.0,0,8,10,0.6009377006322857,0.6009376,6204385279.999994,6,64,37500000.0,15000000.0,20000.0,50000.0,20,RMS,POW,LIN,0.7499839100000001,0.00077587869,0.0005818965336118779,41828000.0,-45.0098877
2026-10-07T10:24:06,,2400000000.0,5000000000.0,0,8,10,0.6009377006322857,0.6009376,6204385279.999994,6,64,37500000.0,15000000.0,20000.0,50000.0,20,RMS,POW,LIN,0.7499839100000001,0.00077587869,0.0005818965336118779,41832000.0,-45.21435165
2026-10-07T10:24:06,,2400000000.0,5000000000.0,0,8,10,0.6009377006322857,0.6009376,6204385279.999994,6,64,37500000.0,15000000.0,20000.0,50000.0,20,RMS,POW,LIN,0.7499839100000001,0.00077587869,0.0005818965336118779,41836000.0,-45.79231644
2026-10-07T10:24:06,,2400000000.0,5000000000.0,0,8,10,0.6009377006322857,0.6009376,6204385279.999994,6,64,37500000.0,15000000.0,20000.0,50000.0,20,RMS,POW,LIN,0.7499839100000001,0.00077587869,0.0005818965336118779,41840000.0,-46.62661362
2026-10-07T10:24:06,,2400000000.0,5000000000.0,0,8,10,0.6009377006322857,0.6009376,6204385279.999994,6,64,37500000.0,15000000.0,20000.0,50000.0,20,RMS,POW,LIN,0.7499839100000001,0.00077587869,0.0005818965336118779,41844000.0,-47.44009781
2026-10-07T10:24:06,,2400000000.0,5000000000.0,0,8,10,0.6009377006322857,0.6009376,6204385279.999994,6,64,37500000.0,15000000.0,20000.0,50000.0,20,RMS,POW,LIN,0.7499839100000001,0.00077587869,0.0005818965336118779,41848000.0,-47.85209656
2026-10-07T10:24:06,,2400000000.0,5000000000.0,0,8,10,0.6009377006322857,0.6009376,6204385279.999994,6,64,37500000.0,15000000.0,20000.0,50000.0,20,RMS,POW,LIN,0.7499839100000001,0.00077587869,0.0005818965336118779,41852000.0,-47.65530777
2026-10-07T10:24:06,,2400000000.0,5000000000.0,0,8,10,0.6009377006322857,0.6009376,6204385279.999994,6,64,37500000.0,15000000.0,20000.0,50000.0,20,RMS,POW,LIN,0.7499839100000001,0.00077587869,0.0005818965336118779,41856000.0,-47.02268982
2026-10-07T10:24:06,,2400000000.0,5000000000.0,0,8,10,0.6009377006322857,0.6009376,6204385279.999994,6,64,37500000.0,15000000.0,20000.0,50000.0,20,RMS,POW,LIN,0.7499839100000001,0.00077587869,0.0005818965336118779,41860000.0,-46.29730225
2026-10-07T10:24:06,,2400000000.0,5000000000.0,0,8,10,0.6009377006322857,0.6009376,6204385279.999994,6,64,37500000.0,15000000.0,20000.0,50000.0,20,RMS,POW,LIN,0.7499839100000001,0.00077587869,0.0005818965336118779,41864000.0,-45.74000931
2026-10-07T10:24:06,,2400000000.0,5000000000.0,0,8,10,0.6009377006322857,0.6009376,6204385279.999994,6,64,37500000.0,15000000.0,20000.0,50000.0,20,RMS,POW,LIN,0.7499839100000001,0.00077587869,0.0005818965336118779,41868000.0,-45.48537827
2026-10-07T10:24:06,,2400000000.0,5000000000.0,0,8,10,0.6009377006322857,0.6009376,6204385279.999994,6,64,37500000.0,15000000.0,20000.0,50000.0,20,RMS,POW,LIN,0.7499839100000001,0.00077587869,0.0005818965336118779,41872000.0,-45.57846832
2026-10-07T10:24:06,,2400000000.0,5000000000.0,0,8,10,0.6009377006322857,0.6009376,6204385279.999994,6,64,37500000.0,15000000.0,20000.0,50000.0,20,RMS,POW,LIN,0.7499839100000001,0.00077587869,0.0005818965336118779,41876000.0,-46.00468826
2026-10-07T10:24:06,,2400000000.0,5000000000.0,0,8,10,0.6009377006322857,0.6009376,6204385279.999994,6,64,37500000.0,15000000.0,20000.0,50000.0,20,RMS,POW,LIN,0.7499839100000001,0.00077587869,0.0005818965336118779,41880000.0,-46.69192886
2026-10-07T10:24:06,,2400000000.0,5000000000.0,0,8,10,0.6009377006322857,0.6009376,6204385279.999994,6,64,37500000.0,15000000.0,20000.0,50000.0,20,RMS,POW,LIN,0.7499839100000001,0.00077587869,0.0005818965336118779,41884000.0,-47.47432709
2026-10-07T10:24:06,,2400000000.0,5000000000.0,0,8,10,0.6009377006322857,0.6009376,6204385279.999994,6,64,37500000.0,15000000.0,20000.0,50000.0,20,RMS,POW,LIN,0.7499839100000001,0.00077587869,0.0005818965336118779,41888000.0,-48.05751801
2026-10-07T10:24:06,,2400000000.0,5000000000.0,0,8,10,0.6009377006322857,0.6009376,6204385279.999994,6,64,37500000.0,15000000.0,20000.0,50000.0,20,RMS,POW,LIN,0.7499839100000001,0.00077587869,0.0005818965336118779,41892000.0,-48.15237808
2026-10-07T10:24:06,,2400000000.0,5000000000.0,0,8,10,0.6009377006322857,0.6009376,6204385279.999994,6,64,37500000.0,15000000.0,20000.0,50000.0,20,RMS,POW,LIN,0.7499839100000001,0.00077587869,0.0005818965336118779,41896000.0,-47.77440643
2026-10-07T10:24:06,,2400000000.0,5000000000.0,0,8,10,0.6009377006322857,0.6009376,6204385279.999994,6,64,37500000.0,15000000.0,20000.0,50000.0,20,RMS,POW,LIN,0.7499839100000001,0.00077587869,0.0005818965336118779,41900000.0,-47.22605133
2026-10-07T10:24:06,,2400000000.0,5000000000.0,0,8,10,0.6009377006322857,0.6009376,6204385279.999994,6,64,37500000.0,15000000.0,20000.0,50000.0,20,RMS,POW,LIN,0.7499839100000001,0.00077587869,0.0005818965336118779,41904000.0,-46.7883606
2026-10-07T10:24:06,,2400000000.0,5000000000.0,0,8,10,0.6009377006322857,0.6009376,6204385279.999994,6,64,37500000.0,15000000.0,20000.0,50000.0,20,RMS,POW,LIN,0.7499839100000001,0.00077587869,0.0005818965336118779,41908000.0,-46.60235977
2026-10-07T10:24:06,,2400000000.0,5000000000.0,0,8,10,0.6009377006322857,0.6009376,6204385279.999994,6,64,37500000.0,15000000.0,20000.0,50000.0,20,RMS,POW,LIN,0.7499839100000001,0.00077587869,0.0005818965336118779,41912000.0,-46.71578979
2026-10-07T10:24:06,,2400000000.0,5000000000.0,0,8,10,0.6009377006322857,0.6009376,6204385279.999994,6,64,37500000.0,15000000.0,20000.0,50000.0,20,RMS,POW,LIN,0.7499839100000001,0.00077587869,0.0005818965336118779,41916000.0,-47.11390686
2026-10-07T10:24:06,,2400000000.0,5000000000.0,0,8,10,0.6009377006322857,0.6009376,6204385279.999994,6,64,37500000.0,15000000.0,20000.0,50000.0,20,RMS,POW,LIN,0.7499839100000001,0.00077587869,0.0005818965336118779,41920000.0,-47.6826973
2026-10-07T10:24:06,,2400000000.0,5000000000.0,0,8,10,0.6009377006322857,0.6009376,6204385279.999994,6,64,37500000.0,15000000.0,20000.0,50000.0,20,RMS,POW,LIN,0.7499839100000001,0.00077587869,0.0005818965336118779,41924000.0,-48.14980698
2026-10-07T10:24:06,,2400000000.0,5000000000.0,0,8,10,0.6009377006322857,0.6009376,6204385279.999994,6,64,37500000.0,15000000.0,20000.0,50000.0,20,RMS,POW,LIN,0.7499839100000001,0.00077587869,0.0005818965336118779,41928000.0,-48.17304993
2026-10-07T10:24:06,,2400000000.0,5000000000.0,0,8,10,0.6009377006322857,0.6009376,6204385279.999994,6,64,37500000.0,15000000.0,20000.0,50000.0,20,RMS,POW,LIN,0.7499839100000001,0.00077587869,0.0005818965336118779,41932000.0,-47.66960907
2026-10-07T10:24:06,,2400000000.0,5000000000.0,0,8,10,0.6009377006322857,0.6009376,6204385279.999994,6,64,37500000.0,15000000.0,20000.0,50000.0,20,RMS,POW,LIN,0.7499839100000001,0.00077587869,0.0005818965336118779,41936000.0,-46.92061234
2026-10-07T10:24:06,,2400000000.0,5000000000.0,0,8,10,0.6009377006322857,0.6009376,6204385279.999994,6,64,37500000.0,15000000.0,20000.0,50000.0,20,RMS,POW,LIN,0.7499839100000001,0.00077587869,0.0005818965336118779,41940000.0,-46.26361465
2026-10-07T10:24:06,,2400000000.0,5000000000.0,0,8,10,0.6009377006322857,0.6009376,6204385279.999994,6,64,37500000.0,15000000.0,20000.0,50000.0,20,RMS,POW,LIN,0.7499839100000001,0.00077587869,0.0005818965336118779,41944000.0,-45.89520645
2026-10-07T10:24:06,,2400000000.0,5000000000.0,0,8,10,0.6009377006322857,0.6009376,6204385279.999994,6,64,37500000.0,15000000.0,20000.0,50000.0,20,RMS,POW,LIN,0.7499839100000001,0.00077587869,0.0005818965336118779,41948000.0,-45.87718582
2026-10-07T10:24:06,,2400000000.0,5000000000.0,0,8,10,0.6009377006322857,0.6009376,6204385279.999994,6,64,37500000.0,15000000.0,20000.0,50000.0,20,RMS,POW,LIN,0.7499839100000001,0.00077587869,0.0005818965336118779,41952000.0,-46.16384888
2026-10-07T10:24:06,,2400000000.0,5000000000.0,0,8,10,0.6009377006322857,0.6009376,6204385279.999994,6,64,37500000.0,15000000.0,20000.0,50000.0,20,RMS,POW,LIN,0.7499839100000001,0.00077587869,0.0005818965336118779,41956000.0,-46.60063934
2026-10-07T10:24:06,,2400000000.0,5000000000.0,0,8,10,0.6009377006322857,0.6009376,6204385279.999994,6,64,37500000.0,15000000.0,20000.0,50000.0,20,RMS,POW,LIN,0.7499839100000001,0.00077587869,0.0005818965336118779,41960000.0,-46.9526329
2026-10-07T10:24:06,,2400000000.0,5000000000.0,0,8,10,0.6009377006322857,0.6009376,6204385279.999994,6,64,37500000.0,15000000.0,20000.0,50000.0,20,RMS,POW,LIN,0.7499839100000001,0.00077587869,0.0005818965336118779,41964000.0,-47.04150391
2026-10-07T10:24:06,,2400000000.0,5000000000.0,0,8,10,0.6009377006322857,0.6009376,6204385279.999994,6,64,37500000.0,15000000.0,20000.0,50000.0,20,RMS,POW,LIN,0.7499839100000001,0.00077587869,0.0005818965336118779,41968000.0,-46.89066315
2026-10-07T10:24:06,,2400000000.0,5000000000.0,0,8,10,0.6009377006322857,0.6009376,6204385279.999994,6,64,37500000.0,15000000.0,20000.0,50000.0,20,RMS,POW,LIN,0.7499839100000001,0.00077587869,0.0005818965336118779,41972000.0,-46.66580963
2026-10-07T10:24:06,,2400000000.0,5000000000.0,0,8,10,0.6009377006322857,0.6009376,6204385279.999994,6,64,37500000.0,15000000.0,20000.0,50000.0,20,RMS,POW,LIN,0.7499839100000001,0.00077587869,0.0005818965336118779,41976000.0,-46.51777267
2026-10-07T10:24:06,,2400000000.0,5000000000.0,0,8,10,0.6009377006322857,0.6009376,6204385279.999994,6,64,37500000.0,15000000.0,20000.0,50000.0,20,RMS,POW,LIN,0.7499839100000001,0.00077587869,0.0005818965336118779,41980000.0,-46.53265762
2026-10-07T10:24:06,,2400000000.0,5000000000.0,0,8,10,0.6009377006322857,0.6009376,6204385279.999994,6,64,37500000.0,15000000.0,20000.0,50000.0,20,RMS,POW,LIN,0.7499839100000001,0.00077587869,0.0005818965336118779,41984000.0,-46.75379944
2026-10-07T10:24:06,,2400000000.0,5000000000.0,0,8,10,0.6009377006322857,0.6009376,6204385279.999994,6,64,37500000.0,15000000.0,20000.0,50000.0,20,RMS,POW,LIN,0.7499839100000001,0.00077587869,0.0005818965336118779,41988000.0,-47.17535019
2026-10-07T10:24:06,,2400000000.0,5000000000.0,0,8,10,0.6009377006322857,0.6009376,6204385279.999994,6,64,37500000.0,15000000.0,20000.0,50000.0,20,RMS,POW,LIN,0.7499839100000001,0.00077587869,0.0005818965336118779,41992000.0,-47.69072723
2026-10-07T10:24:06,,2400000000.0,5000000000.0,0,8,10,0.6009377006322857,0.6009376,6204385279.999994,6,64,37500000.0,15000000.0,20000.0,50000.0,20,RMS,POW,LIN,0.7499839100000001,0.00077587869,0.0005818965336118779,41996000.0,-48.07434845
2026-10-07T10:24:06,,2400000000.0,5000000000.0,0,8,10,0.6009377006322857,0.6009376,6204385279.999994,6,64,37500000.0,15000000.0,20000.0,50000.0,20,RMS,POW,LIN,0.7499839100000001,0.00077587869,0.0005818965336118779,42000000.0,-48.12839127
2026-10-07T10:24:06,,2400000000.0,5000000000.0,0,8,10,0.6009377006322857,0.6009376,6204385279.999994,6,64,37500000.0,15000000.0,20000.0,50000.0,20,RMS,POW,LIN,0.7499839100000001,0.00077587869,0.0005818965336118779,42004000.0,-47.90300751
2026-10-07T10:24:06,,2400000000.0,5000000000.0,0,8,10,0.6009377006322857,0.6009376,6204385279.999994,6,64,37500000.0,15000000.0,20000.0,50000.0,20,RMS,POW,LIN,0.7499839100000001,0.00077587869,0.0005818965336118779,42008000.0,-47.64218521
2026-10-07T10:24:06,,2400000000.0,5000000000.0,0,8,10,0.6009377006322857,0.6009376,6204385279.999994,6,64,37500000.0,15000000.0,20000.0,50000.0,20,RMS,POW,LIN,0.7499839100000001,0.00077587869,0.0005818965336118779,42012000.0,-47.55054474
2026-10-07T10:24:06,,2400000000.0,5000000000.0,0,8,10,0.6009377006322857,0.6009376,6204385279.999994,6,64,37500000.0,15000000.0,20000.0,50000.0,20,RMS,POW,LIN,0.7499839100000001,0.00077587869,0.0005818965336118779,42016000.0,-47.6998558
2026-10-07T10:24:06,,2400000000.0,5000000000.0,0,8,10,0.6009377006322857,0.6009376,6204385279.999994,6,64,37500000.0,15000000.0,20000.0,50000.0,20,RMS,POW,LIN,0.7499839100000001,0.00077587869,0.0005818965336118779,42020000.0,-48.06567001
2026-10-07T10:24:06,,2400000000.0,5000000000.0,0,8,10,0.6009377006322857,0.6009376,6204385279.999994,6,64,37500000.0,15000000.0,20000.0,50000.0,20,RMS,POW,LIN,0.7499839100000001,0.00077587869,0.0005818965336118779,42024000.0,-48.59350204
2026-10-07T10:24:06,,2400000000.0,5000000000.0,0,8,10,0.6009377006322857,0.6009376,6204385279.999994,6,64,37500000.0,15000000.0,20000.0,50000.0,20,RMS,POW,LIN,0.7499839100000001,0.00077587869,0.0005818965336118779,42028000.0,-49.23157501
2026-10-07T10:24:06,,2400000000.0,5000000000.0,0,8,10,0.6009377006322857,0.6009376,6204385279.999994,6,64,37500000.0,15000000.0,20000.0,50000.0,20,RMS,POW,LIN,0.7499839100000001,0.00077587869,0.0005818965336118779,42032000.0,-49.86442947
2026-10-07T10:24:06,,2400000000.0,5000000000.0,0,8,10,0.6009377006322857,0.6009376,6204385279.999994,6,64,37500000.0,15000000.0,20000.0,50000.0,20,RMS,POW,LIN,0.7499839100000001,0.00077587869,0.0005818965336118779,42036000.0,-50.18047333
2026-10-07T10:24:06,,2400000000.0,5000000000.0,0,8,10,0.6009377006322857,0.6009376,6204385279.999994,6,64,37500000.0,15000000.0,20000.0,50000.0,20,RMS,POW,LIN,0.7499839100000001,0.00077587869,0.0005818965336118779,42040000.0,-49.8111496
2026-10-07T10:24:06,,2400000000.0,5000000000.0,0,8,10,0.6009377006322857,0.6009376,6204385279.999994,6,64,37500000.0,15000000.0,20000.0,50000.0,20,RMS,POW,LIN,0.7499839100000001,0.00077587869,0.0005818965336118779,42044000.0,-48.85337067
2026-10-07T10:24:06,,2400000000.0,5000000000.0,0,8,10,0.6009377006322857,0.6009376,6204385279.999994,6,64,37500000.0,15000000.0,20000.0,50000.0,20,RMS,POW,LIN,0.7499839100000001,0.00077587869,0.0005818965336118779,42048000.0,-47.80888748
2026-10-07T10:24:06,,2400000000.0,5000000000.0,0,8,10,0.6009377006322857,0.6009376,6204385279.999994,6,64,37500000.0,15000000.0,20000.0,50000.0,20,RMS,POW,LIN,0.7499839100000001,0.00077587869,0.0005818965336118779,42052000.0,-47.03732681
2026-10-07T10:24:06,,2400000000.0,5000000000.0,0,8,10,0.6009377006322857,0.6009376,6204385279.999994,6,64,37500000.0,15000000.0,20000.0,50000.0,20,RMS,POW,LIN,0.7499839100000001,0.00077587869,0.0005818965336118779,42056000.0,-46.61495972
2026-10-07T10:24:06,,2400000000.0,5000000000.0,0,8,10,0.6009377006322857,0.6009376,6204385279.999994,6,64,37500000.0,15000000.0,20000.0,50000.0,20,RMS,POW,LIN,0.7499839100000001,0.00077587869,0.0005818965336118779,42060000.0,-46.44309998
2026-10-07T10:24:06,,2400000000.0,5000000000.0,0,8,10,0.6009377006322857,0.6009376,6204385279.999994,6,64,37500000.0,15000000.0,20000.0,50000.0,20,RMS,POW,LIN,0.7499839100000001,0.00077587869,0.0005818965336118779,42064000.0,-46.3852005
2026-10-07T10:24:06,,2400000000.0,5000000000.0,0,8,10,0.6009377006322857,0.6009376,6204385279.999994,6,64,37500000.0,15000000.0,20000.0,50000.0,20,RMS,POW,LIN,0.7499839100000001,0.00077587869,0.0005818965336118779,42068000.0,-46.39204025
2026-10-07T10:24:06,,2400000000.0,5000000000.0,0,8,10,0.6009377006322857,0.6009376,6204385279.999994,6,64,37500000.0,15000000.0,20000.0,50000.0,20,RMS,POW,LIN,0.7499839100000001,0.00077587869,0.0005818965336118779,42072000.0,-46.51963425
2026-10-07T10:24:06,,2400000000.0,5000000000.0,0,8,10,0.6009377006322857,0.6009376,6204385279.999994,6,64,37500000.0,15000000.0,20000.0,50000.0,20,RMS,POW,LIN,0.7499839100000001,0.00077587869,0.0005818965336118779,42076000.0,-46.82104874
2026-10-07T10:24:06,,2400000000.0,5000000000.0,0,8,10,0.6009377006322857,0.6009376,6204385279.999994,6,64,37500000.0,15000000.0,20000.0,50000.0,20,RMS,POW,LIN,0.7499839100000001,0.00077587869,0.0005818965336118779,42080000.0,-47.24419403
2026-10-07T10:24:06,,2400000000.0,5000000000.0,0,8,10,0.6009377006322857,0.6009376,6204385279.999994,6,64,37500000.0,15000000.0,20000.0,50000.0,20,RMS,POW,LIN,0.7499839100000001,0.00077587869,0.0005818965336118779,42084000.0,-47.63269806
2026-10-07T10:24:06,,2400000000.0,5000000000.0,0,8,10,0.6009377006322857,0.6009376,6204385279.999994,6,64,37500000.0,15000000.0,20000.0,50000.0,20,RMS,POW,LIN,0.7499839100000001,0.00077587869,0.0005818965336118779,42088000.0,-47.82544327
2026-10-07T10:24:06,,2400000000.0,5000000000.0,0,8,10,0.6009377006322857,0.6009376,6204385279.999994,6,64,37500000.0,15000000.0,20000.0,50000.0,20,RMS,POW,LIN,0.7499839100000001,0.00077587869,0.0005818965336118779,42092000.0,-47.76298523
2026-10-07T10:24:06,,2400000000.0,5000000000.0,0,8,10,0.6009377006322857,0.6009376,6204385279.999994,6,64,37500000.0,15000000.0,20000.0,50000.0,20,RMS,POW,LIN,0.7499839100000001,0.00077587869,0.0005818965336118779,42096000.0,-47.50761795
2026-10-07T10:24:06,,2400000000.0,5000000000.0,0,8,10,0.6009377006322857,0.6009376,6204385279.999994,6,64,37500000.0,15000000.0,20000.0,50000.0,20,RMS,POW,LIN,0.7499839100000001,0.00077587869,0.0005818965336118779,42100000.0,-47.1948967
2026-10-07T10:24:06,,2400000000.0,5000000000.0,0,8,10,0.6009377006322857,0.6009376,6204385279.999994,6,64,37500000.0,15000000.0,20000.0,50000.0,20,RMS,POW,LIN,0.7499839100000001,0.00077587869,0.0005818965336118779,42104000.0,-46.9589653
2026-10-07T10:24:06,,2400000000.0,5000000000.0,0,8,10,0.6009377006322857,0.6009376,6204385279.999994,6,64,37500000.0,15000000.0,20000.0,50000.0,20,RMS,POW,LIN,0.7499839100000001,0.00077587869,0.0005818965336118779,42108000.0,-46.8605957
2026-10-07T10:24:06,,2400000000.0,5000000000.0,0,8,10,0.6009377006322857,0.6009376,6204385279.999994,6,64,37500000.0,15000000.0,20000.0,50000.0,20,RMS,POW,LIN,0.7499839100000001,0.00077587869,0.0005818965336118779,42112000.0,-46.85865021
2026-10-07T10:24:06,,2400000000.0,5000000000.0,0,8,10,0.6009377006322857,0.6009376,6204385279.999994,6,64,37500000.0,15000000.0,20000.0,50000.0,20,RMS,POW,LIN,0.7499839100000001,0.00077587869,0.0005818965336118779,42116000.0,-46.84274673
2026-10-07T10:24:06,,2400000000.0,5000000000.0,0,8,10,0.6009377006322857,0.6009376,6204385279.999994,6,64,37500000.0,15000000.0,20000.0,50000.0,20,RMS,POW,LIN,0.7499839100000001,0.00077587869,0.0005818965336118779,42120000.0,-46.70801163
2026-10-07T10:24:06,,2400000000.0,5000000000.0,0,8,10,0.6009377006322857,0.6009376,6204385279.999994,6,64,37500000.0,15000000.0,20000.0,50000.0,20,RMS,POW,LIN,0.7499839100000001,0.00077587869,0.0005818965336118779,42124000.0,-46.42097092
2026-10-07T10:24:06,,2400000000.0,5000000000.0,0,8,10,0.6009377006322857,0.6009376,6204385279.999994,6,64,37500000.0,15000000.0,20000.0,50000.0,20,RMS,POW,LIN,0.7499839100000001,0.00077587869,0.0005818965336118779,42128000.0,-46.03128815
2026-10-07T10:24:06,,2400000000.0,5000000000.0,0,8,10,0.6009377006322857,0.6009376,6204385279.999994,6,64,37500000.0,15000000.0,20000.0,50000.0,20,RMS,POW,LIN,0.7499839100000001,0.00077587869,0.0005818965336118779,42132000.0,-45.63317871
2026-10-07T10:24:06,,2400000000.0,5000000000.0,0,8,10,0.6009377006322857,0.6009376,6204385279.999994,6,64,37500000.0,15000000.0,20000.0,50000.0,20,RMS,POW,LIN,0.7499839100000001,0.00077587869,0.0005818965336118779,42136000.0,-45.31482697
2026-10-07T10:24:06,,2400000000.0,5000000000.0,0,8,10,0.6009377006322857,0.6009376,6204385279.999994,6,64,37500000.0,15000000.0,20000.0,50000.0,20,RMS,POW,LIN,0.7499839100000001,0.00077587869,0.0005818965336118779,42140000.0,-45.13241577
2026-10-07T10:24:06,,2400000000.0,5000000000.0,0,8,10,0.6009377006322857,0.6009376,6204385279.999994,6,64,37500000.0,15000000.0,20000.0,50000.0,20,RMS,POW,LIN,0.7499839100000001,0.00077587869,0.0005818965336118779,42144000.0,-45.11737442
2026-10-07T10:24:06,,2400000000.0,5000000000.0,0,8,10,0.6009377006322857,0.6009376,6204385279.999994,6,64,37500000.0,15000000.0,20000.0,50000.0,20,RMS,POW,LIN,0.7499839100000001,0.00077587869,0.0005818965336118779,42148000.0,-45.28897095
2026-10-07T10:24:06,,2400000000.0,5000000000.0,0,8,10,0.6009377006322857,0.6009376,6204385279.999994,6,64,37500000.0,15000000.0,20000.0,50000.0,20,RMS,POW,LIN,0.7499839100000001,0.00077587869,0.0005818965336118779,42152000.0,-45.63860703
2026-10-07T10:24:06,,2400000000.0,5000000000.0,0,8,10,0.6009377006322857,0.6009376,6204385279.999994,6,64,37500000.0,15000000.0,20000.0,50000.0,20,RMS,POW,LIN,0.7499839100000001,0.00077587869,0.0005818965336118779,42156000.0,-46.09114075
2026-10-07T10:24:06,,2400000000.0,5000000000.0,0,8,10,0.6009377006322857,0.6009376,6204385279.999994,6,64,37500000.0,15000000.0,20000.0,50000.0,20,RMS,POW,LIN,0.7499839100000001,0.00077587869,0.0005818965336118779,42160000.0,-46.49977875
2026-10-07T10:24:06,,2400000000.0,5000000000.0,0,8,10,0.6009377006322857,0.6009376,6204385279.999994,6,64,37500000.0,15000000.0,20000.0,50000.0,20,RMS,POW,LIN,0.7499839100000001,0.00077587869,0.0005818965336118779,42164000.0,-46.72867203
2026-10-07T10:24:06,,2400000000.0,5000000000.0,0,8,10,0.6009377006322857,0.6009376,6204385279.999994,6,64,37500000.0,15000000.0,20000.0,50000.0,20,RMS,POW,LIN,0.7499839100000001,0.00077587869,0.0005818965336118779,42168000.0,-46.75569916
2026-10-07T10:24:06,,2400000000.0,5000000000.0,0,8,10,0.6009377006322857,0.6009376,6204385279.999994,6,64,37500000.0,15000000.0,20000.0,50000.0,20,RMS,POW,LIN,0.7499839100000001,0.00077587869,0.0005818965336118779,42172000.0,-46.65924454
2026-10-07T10:24:06,,2400000000.0,5000000000.0,0,8,10,0.6009377006322857,0.6009376,6204385279.999994,6,64,37500000.0,15000000.0,20000.0,50000.0,20,RMS,POW,LIN,0.7499839100000001,0.00077587869,0.0005818965336118779,42176000.0,-46.5408783
2026-10-07T10:24:06,,2400000000.0,5000000000.0,0,8,10,0.6009377006322857,0.6009376,6204385279.999994,6,64,37500000.0,15000000.0,20000.0,50000.0,20,RMS,POW,LIN,0.7499839100000001,0.00077587869,0.0005818965336118779,42180000.0,-46.49375153
2026-10-07T10:24:06,,2400000000.0,5000000000.0,0,8,10,0.6009377006322857,0.6009376,6204385279.999994,6,64,37500000.0,15000000.0,20000.0,50000.0,20,RMS,POW,LIN,0.7499839100000001,0.00077587869,0.0005818965336118779,42184000.0,-46.56949615
2026-10-07T10:24:06,,2400000000.0,5000000000.0,0,8,10,0.6009377006322857,0.6009376,6204385279.999994,6,64,37500000.0,15000000.0,20000.0,50000.0,20,RMS,POW,LIN,0.7499839100000001,0.00077587869,0.0005818965336118779,42188000.0,-46.70497894
2026-10-07T10:24:06,,2400000000.0,5000000000.0,0,8,10,0.6009377006322857,0.6009376,6204385279.999994,6,64,37500000.0,15000000.0,20000.0,50000.0,20,RMS,POW,LIN,0.7499839100000001,0.00077587869,0.0005818965336118779,42192000.0,-46.71337128
2026-10-07T10:24:06,,2400000000.0,5000000000.0,0,8,10,0.6009377006322857,0.6009376,6204385279.999994,6,64,37500000.0,15000000.0,20000.0,50000.0,20,RMS,POW,LIN,0.7499839100000001,0.00077587869,0.0005818965336118779,42196000.0,-46.47388458
2026-10-07T10:24:06,,2400000000.0,5000000000.0,0,8,10,0.6009377006322857,0.6009376,6204385279.999994,6,64,37500000.0,15000000.0,20000.0,50000.0,20,RMS,POW,LIN,0.7499839100000001,0.00077587869,0.0005818965336118779,42200000.0,-46.1303215
2026-10-07T10:24:06,,2400000000.0,5000000000.0,0,8,10,0.6009377006322857,0.6009376,6204385279.999994,6,64,37500000.0,15000000.0,20000.0,50000.0,20,RMS,POW,LIN,0.7499839100000001,0.00077587869,0.0005818965336118779,42204000.0,-45.96469879
2026-10-07T10:24:06,,2400000000.0,5000000000.0,0,8,10,0.6009377006322857,0.6009376,6204385279.999994,6,64,37500000.0,15000000.0,20000.0,50000.0,20,RMS,POW,LIN,0.7499839100000001,0.00077587869,0.0005818965336118779,42208000.0,-46.16593933
2026-10-07T10:24:06,,2400000000.0,5000000000.0,0,8,10,0.6009377006322857,0.6009376,6204385279.999994,6,64,37500000.0,15000000.0,20000.0,50000.0,20,RMS,POW,LIN,0.7499839100000001,0.00077587869,0.0005818965336118779,42212000.0,-46.75180435
2026-10-07T10:24:06,,2400000000.0,5000000000.0,0,8,10,0.6009377006322857,0.6009376,6204385279.999994,6,64,37500000.0,15000000.0,20000.0,50000.0,20,RMS,POW,LIN,0.7499839100000001,0.00077587869,0.0005818965336118779,42216000.0,-47.55551147
2026-10-07T10:24:06,,2400000000.0,5000000000.0,0,8,10,0.6009377006322857,0.6009376,6204385279.999994,6,64,37500000.0,15000000.0,20000.0,50000.0,20,RMS,POW,LIN,0.7499839100000001,0.00077587869,0.0005818965336118779,42220000.0,-48.22400284
2026-10-07T10:24:06,,2400000000.0,5000000000.0,0,8,10,0.6009377006322857,0.6009376,6204385279.999994,6,64,37500000.0,15000000.0,20000.0,50000.0,20,RMS,POW,LIN,0.7499839100000001,0.00077587869,0.0005818965336118779,42224000.0,-48.39185715
2026-10-07T10:24:06,,2400000000.0,5000000000.0,0,8,10,0.6009377006322857,0.6009376,6204385279.999994,6,64,37500000.0,15000000.0,20000.0,50000.0,20,RMS,POW,LIN,0.7499839100000001,0.00077587869,0.0005818965336118779,42228000.0,-48.03367615
2026-10-07T10:24:06,,2400000000.0,5000000000.0,0,8,10,0.6009377006322857,0.6009376,6204385279.999994,6,64,37500000.0,15000000.0,20000.0,50000.0,20,RMS,POW,LIN,0.7499839100000001,0.00077587869,0.0005818965336118779,42232000.0,-47.44204712
2026-10-07T10:24:06,,2400000000.0,5000000000.0,0,8,10,0.6009377006322857,0.6009376,6204385279.999994,6,64,37500000.0,15000000.0,20000.0,50000.0,20,RMS,POW,LIN,0.7499839100000001,0.00077587869,0.0005818965336118779,42236000.0,-46.88118362
2026-10-07T10:24:06,,2400000000.0,5000000000.0,0,8,10,0.6009377006322857,0.6009376,6204385279.999994,6,64,37500000.0,15000000.0,20000.0,50000.0,20,RMS,POW,LIN,0.7499839100000001,0.00077587869,0.0005818965336118779,42240000.0,-46.4709549
2026-10-07T10:24:06,,2400000000.0,5000000000.0,0,8,10,0.6009377006322857,0.6009376,6204385279.999994,6,64,37500000.0,15000000.0,20000.0,50000.0,20,RMS,POW,LIN,0.7499839100000001,0.00077587869,0.0005818965336118779,42244000.0,-46.24897003
2026-10-07T10:24:06,,2400000000.0,5000000000.0,0,8,10,0.6009377006322857,0.6009376,6204385279.999994,6,64,37500000.0,15000000.0,20000.0,50000.0,20,RMS,POW,LIN,0.7499839100000001,0.00077587869,0.0005818965336118779,42248000.0,-46.20955658
2026-10-07T10:24:06,,2400000000.0,5000000000.0,0,8,10,0.6009377006322857,0.6009376,6204385279.999994,6,64,37500000.0,15000000.0,20000.0,50000.0,20,RMS,POW,LIN,0.7499839100000001,0.00077587869,0.0005818965336118779,42252000.0,-46.29587173
2026-10-07T10:24:06,,2400000000.0,5000000000.0,0,8,10,0.6009377006322857,0.6009376,6204385279.999994,6,64,37500000.0,15000000.0,20000.0,50000.0,20,RMS,POW,LIN,0.7499839100000001,0.00077587869,0.0005818965336118779,42256000.0,-46.40505981
2026-10-07T10:24:06,,2400000000.0,5000000000.0,0,8,10,0.6009377006322857,0.6009376,6204385279.999994,6,64,37500000.0,15000000.0,20000.0,50000.0,20,RMS,POW,LIN,0.7499839100000001,0.00077587869,0.0005818965336118779,42260000.0,-46.45032883
2026-10-07T10:24:06,,2400000000.0,5000000000.0,0,8,10,0.6009377006322857,0.6009376,6204385279.999994,6,64,37500000.0,15000000.0,20000.0,50000.0,20,RMS,POW,LIN,0.7499839100000001,0.00077587869,0.0005818965336118779,42264000.0,-46.43844223
2026-10-07T10:24:06,,2400000000.0,5000000000.0,0,8,10,0.6009377006322857,0.6009376,6204385279.999994,6,64,37500000.0,15000000.0,20000.0,50000.0,20,RMS,POW,LIN,0.7499839100000001,0.00077587869,0.0005818965336118779,42268000.0,-46.46659088
2026-10-07T10:24:06,,2400000000.0,5000000000.0,0,8,10,0.6009377006322857,0.6009376,6204385279.999994,6,64,37500000.0,15000000.0,20000.0,50000.0,20,RMS,POW,LIN,0.7499839100000001,0.00077587869,0.0005818965336118779,42272000.0,-46.63564301
2026-10-07T10:24:06,,2400000000.0,5000000000.0,0,8,10,0.6009377006322857,0.6009376,6204385279.999994,6,64,37500000.0,15000000.0,20000.0,50000.0,20,RMS,POW,LIN,0.7499839100000001,0.00077587869,0.0005818965336118779,42276000.0,-46.96354675
2026-10-07T10:24:06,,2400000000.0,5000000000.0,0,8,10,0.6009377006322857,0.6009376,6204385279.999994,6,64,37500000.0,15000000.0,20000.0,50000.0,20,RMS,POW,LIN,0.7499839100000001,0.00077587869,0.0005818965336118779,42280000.0,-47.35106277
2026-10-07T10:24:06,,2400000000.0,5000000000.0,0,8,10,0.6009377006322857,0.6009376,6204385279.999994,6,64,37500000.0,15000000.0,20000.0,50000.0,20,RMS,POW,LIN,0.7499839100000001,0.00077587869,0.0005818965336118779,42284000.0,-47.63036728
2026-10-07T10:24:06,,2400000000.0,5000000000.0,0,8,10,0.6009377006322857,0.6009376,6204385279.999994,6,64,37500000.0,15000000.0,20000.0,50000.0,20,RMS,POW,LIN,0.7499839100000001,0.00077587869,0.0005818965336118779,42288000.0,-47.69505692
2026-10-07T10:24:06,,2400000000.0,5000000000.0,0,8,10,0.6009377006322857,0.6009376,6204385279.999994,6,64,37500000.0,15000000.0,20000.0,50000.0,20,RMS,POW,LIN,0.7499839100000001,0.00077587869,0.0005818965336118779,42292000.0,-47.58112335
2026-10-07T10:24:06,,2400000000.0,5000000000.0,0,8,10,0.6009377006322857,0.6009376,6204385279.999994,6,64,37500000.0,15000000.0,20000.0,50000.0,20,RMS,POW,LIN,0.7499839100000001,0.00077587869,0.0005818965336118779,42296000.0,-47.40941238
2026-10-07T10:24:06,,2400000000.0,5000000000.0,0,8,10,0.6009377006322857,0.6009376,6204385279.999994,6,64,37500000.0,15000000.0,20000.0,50000.0,20,RMS,POW,LIN,0.7499839100000001,0.00077587869,0.0005818965336118779,42300000.0,-47.3107872
2026-10-07T10:24:06,,2400000000.0,5000000000.0,0,8,10,0.6009377006322857,0.6009376,6204385279.999994,6,64,37500000.0,15000000.0,20000.0,50000.0,20,RMS,POW,LIN,0.7499839100000001,0.00077587869,0.0005818965336118779,42304000.0,-47.39673996
2026-10-07T10:24:06,,2400000000.0,5000000000.0,0,8,10,0.6009377006322857,0.6009376,6204385279.999994,6,64,37500000.0,15000000.0,20000.0,50000.0,20,RMS,POW,LIN,0.7499839100000001,0.00077587869,0.0005818965336118779,42308000.0,-47.70494843
2026-10-07T10:24:06,,2400000000.0,5000000000.0,0,8,10,0.6009377006322857,0.6009376,6204385279.999994,6,64,37500000.0,15000000.0,20000.0,50000.0,20,RMS,POW,LIN,0.7499839100000001,0.00077587869,0.0005818965336118779,42312000.0,-48.09755325
2026-10-07T10:24:06,,2400000000.0,5000000000.0,0,8,10,0.6009377006322857,0.6009376,6204385279.999994,6,64,37500000.0,15000000.0,20000.0,50000.0,20,RMS,POW,LIN,0.7499839100000001,0.00077587869,0.0005818965336118779,42316000.0,-48.23666
2026-10-07T10:24:06,,2400000000.0,5000000000.0,0,8,10,0.6009377006322857,0.6009376,6204385279.999994,6,64,37500000.0,15000000.0,20000.0,50000.0,20,RMS,POW,LIN,0.7499839100000001,0.00077587869,0.0005818965336118779,42320000.0,-47.87934875
2026-10-07T10:24:06,,2400000000.0,5000000000.0,0,8,10,0.6009377006322857,0.6009376,6204385279.999994,6,64,37500000.0,15000000.0,20000.0,50000.0,20,RMS,POW,LIN,0.7499839100000001,0.00077587869,0.0005818965336118779,42324000.0,-47.20759964
2026-10-07T10:24:06,,2400000000.0,5000000000.0,0,8,10,0.6009377006322857,0.6009376,6204385279.999994,6,64,37500000.0,15000000.0,20000.0,50000.0,20,RMS,POW,LIN,0.7499839100000001,0.00077587869,0.0005818965336118779,42328000.0,-46.57591629
2026-10-07T10:24:06,,2400000000.0,5000000000.0,0,8,10,0.6009377006322857,0.6009376,6204385279.999994,6,64,37500000.0,15000000.0,20000.0,50000.0,20,RMS,POW,LIN,0.7499839100000001,0.00077587869,0.0005818965336118779,42332000.0,-46.16604614
2026-10-07T10:24:06,,2400000000.0,5000000000.0,0,8,10,0.6009377006322857,0.6009376,6204385279.999994,6,64,37500000.0,15000000.0,20000.0,50000.0,20,RMS,POW,LIN,0.7499839100000001,0.00077587869,0.0005818965336118779,42336000.0,-45.97687149
2026-10-07T10:24:06,,2400000000.0,5000000000.0,0,8,10,0.6009377006322857,0.6009376,6204385279.999994,6,64,37500000.0,15000000.0,20000.0,50000.0,20,RMS,POW,LIN,0.7499839100000001,0.00077587869,0.0005818965336118779,42340000.0,-45.94594955
2026-10-07T10:24:06,,2400000000.0,5000000000.0,0,8,10,0.6009377006322857,0.6009376,6204385279.999994,6,64,37500000.0,15000000.0,20000.0,50000.0,20,RMS,POW,LIN,0.7499839100000001,0.00077587869,0.0005818965336118779,42344000.0,-46.04614258
2026-10-07T10:24:06,,2400000000.0,5000000000.0,0,8,10,0.6009377006322857,0.6009376,6204385279.999994,6,64,37500000.0,15000000.0,20000.0,50000.0,20,RMS,POW,LIN,0.7499839100000001,0.00077587869,0.0005818965336118779,42348000.0,-46.30337143
2026-10-07T10:24:06,,2400000000.0,5000000000.0,0,8,10,0.6009377006322857,0.6009376,6204385279.999994,6,64,37500000.0,15000000.0,20000.0,50000.0,20,RMS,POW,LIN,0.7499839100000001,0.00077587869,0.0005818965336118779,42352000.0,-46.74323654
2026-10-07T10:24:06,,2400000000.0,5000000000.0,0,8,10,0.6009377006322857,0.6009376,6204385279.999994,6,64,37500000.0,15000000.0,20000.0,50000.0,20,RMS,POW,LIN,0.7499839100000001,0.00077587869,0.0005818965336118779,42356000.0,-47.32067108
2026-10-07T10:24:06,,2400000000.0,5000000000.0,0,8,10,0.6009377006322857,0.6009376,6204385279.999994,6,64,37500000.0,15000000.0,20000.0,50000.0,20,RMS,POW,LIN,0.7499839100000001,0.00077587869,0.0005818965336118779,42360000.0,-47.87472916
2026-10-07T10:24:06,,2400000000.0,5000000000.0,0,8,10,0.6009377006322857,0.6009376,6204385279.999994,6,64,37500000.0,15000000.0,20000.0,50000.0,20,RMS,POW,LIN,0.7499839100000001,0.00077587869,0.0005818965336118779,42364000.0,-48.16171646
2026-10-07T10:24:06,,2400000000.0,5000000000.0,0,8,10,0.6009377006322857,0.6009376,6204385279.999994,6,64,37500000.0,15000000.0,20000.0,50000.0,20,RMS,POW,LIN,0.7499839100000001,0.00077587869,0.0005818965336118779,42368000.0,-48.02964783
2026-10-07T10:24:06,,2400000000.0,5000000000.0,0,8,10,0.6009377006322857,0.6009376,6204385279.999994,6,64,37500000.0,15000000.0,20000.0,50000.0,20,RMS,POW,LIN,0.7499839100000001,0.00077587869,0.0005818965336118779,42372000.0,-47.58242798
2026-10-07T10:24:06,,2400000000.0,5000000000.0,0,8,10,0.6009377006322857,0.6009376,6204385279.999994,6,64,37500000.0,15000000.0,20000.0,50000.0,20,RMS,POW,LIN,0.7499839100000001,0.00077587869,0.0005818965336118779,42376000.0,-47.07551575
2026-10-07T10:24:06,,2400000000.0,5000000000.0,0,8,10,0.6009377006322857,0.6009376,6204385279.999994,6,64,37500000.0,15000000.0,20000.0,50000.0,20,RMS,POW,LIN,0.7499839100000001,0.00077587869,0.0005818965336118779,42380000.0,-46.70464706
2026-10-07T10:24:06,,2400000000.0,5000000000.0,0,8,10,0.6009377006322857,0.6009376,6204385279.999994,6,64,37500000.0,15000000.0,20000.0,50000.0,20,RMS,POW,LIN,0.7499839100000001,0.00077587869,0.0005818965336118779,42384000.0,-46.52774048
2026-10-07T10:24:06,,2400000000.0,5000000000.0,0,8,10,0.6009377006322857,0.6009376,6204385279.999994,6,64,37500000.0,15000000.0,20000.0,50000.0,20,RMS,POW,LIN,0.7499839100000001,0.00077587869,0.0005818965336118779,42388000.0,-46.49541855
2026-10-07T10:24:06,,2400000000.0,5000000000.0,0,8,10,0.6009377006322857,0.6009376,6204385279.999994,6,64,37500000.0,15000000.0,20000.0,50000.0,20,RMS,POW,LIN,0.7499839100000001,0.00077587869,0.0005818965336118779,42392000.0,-46.52748489
2026-10-07T10:24:06,,2400000000.0,5000000000.0,0,8,10,0.6009377006322857,0.6009376,6204385279.999994,6,64,37500000.0,15000000.0,20000.0,50000.0,20,RMS,POW,LIN,0.7499839100000001,0.00077587869,0.0005818965336118779,42396000.0,-46.59893036
2026-10-07T10:24:06,,2400000000.0,5000000000.0,0,8,10,0.6009377006322857,0.6009376,6204385279.999994,6,64,37500000.0,15000000.0,20000.0,50000.0,20,RMS,POW,LIN,0.7499839100000001,0.00077587869,0.0005818965336118779,42400000.0,-46.76915741
2026-10-07T10:24:06,,2400000000.0,5000000000.0,0,8,10,0.6009377006322857,0.6009376,6204385279.999994,6,64,37500000.0,15000000.0,20000.0,50000.0,20,RMS,POW,LIN,0.7499839100000001,0.00077587869,0.0005818965336118779,42404000.0,-47.12542725
2026-10-07T10:24:06,,2400000000.0,5000000000.0,0,8,10,0.6009377006322857,0.6009376,6204385279.999994,6,64,37500000.0,15000000.0,20000.0,50000.0,20,RMS,POW,LIN,0.7499839100000001,0.00077587869,0.0005818965336118779,42408000.0,-47.69827271
2026-10-07T10:24:06,,2400000000.0,5000000000.0,0,8,10,0.6009377006322857,0.6009376,6204385279.999994,6,64,37500000.0,15000000.0,20000.0,50000.0,20,RMS,POW,LIN,0.7499839100000001,0.00077587869,0.0005818965336118779,42412000.0,-48.40355682
2026-10-07T10:24:06,,2400000000.0,5000000000.0,0,8,10,0.6009377006322857,0.6009376,6204385279.999994,6,64,37500000.0,15000000.0,20000.0,50000.0,20,RMS,POW,LIN,0.7499839100000001,0.00077587869,0.0005818965336118779,42416000.0,-49.04647064
2026-10-07T10:24:06,,2400000000.0,5000000000.0,0,8,10,0.6009377006322857,0.6009376,6204385279.999994,6,64,37500000.0,15000000.0,20000.0,50000.0,20,RMS,POW,LIN,0.7499839100000001,0.00077587869,0.0005818965336118779,42420000.0,-49.44445801
2026-10-07T10:24:06,,2400000000.0,5000000000.0,0,8,10,0.6009377006322857,0.6009376,6204385279.999994,6,64,37500000.0,15000000.0,20000.0,50000.0,20,RMS,POW,LIN,0.7499839100000001,0.00077587869,0.0005818965336118779,42424000.0,-49.59350967
2026-10-07T10:24:06,,2400000000.0,5000000000.0,0,8,10,0.6009377006322857,0.6009376,6204385279.999994,6,64,37500000.0,15000000.0,20000.0,50000.0,20,RMS,POW,LIN,0.7499839100000001,0.00077587869,0.0005818965336118779,42428000.0,-49.63016891
2026-10-07T10:24:06,,2400000000.0,5000000000.0,0,8,10,0.6009377006322857,0.6009376,6204385279.999994,6,64,37500000.0,15000000.0,20000.0,50000.0,20,RMS,POW,LIN,0.7499839100000001,0.00077587869,0.0005818965336118779,42432000.0,-49.6415062
2026-10-07T10:24:06,,2400000000.0,5000000000.0,0,8,10,0.6009377006322857,0.6009376,6204385279.999994,6,64,37500000.0,15000000.0,20000.0,50000.0,20,RMS,POW,LIN,0.7499839100000001,0.00077587869,0.0005818965336118779,42436000.0,-49.60123825
2026-10-07T10:24:06,,2400000000.0,5000000000.0,0,8,10,0.6009377006322857,0.6009376,6204385279.999994,6,64,37500000.0,15000000.0,20000.0,50000.0,20,RMS,POW,LIN,0.7499839100000001,0.00077587869,0.0005818965336118779,42440000.0,-49.46703339
2026-10-07T10:24:06,,2400000000.0,5000000000.0,0,8,10,0.6009377006322857,0.6009376,6204385279.999994,6,64,37500000.0,15000000.0,20000.0,50000.0,20,RMS,POW,LIN,0.7499839100000001,0.00077587869,0.0005818965336118779,42444000.0,-49.26934433
2026-10-07T10:24:06,,2400000000.0,5000000000.0,0,8,10,0.6009377006322857,0.6009376,6204385279.999994,6,64,37500000.0,15000000.0,20000.0,50000.0,20,RMS,POW,LIN,0.7499839100000001,0.00077587869,0.0005818965336118779,42448000.0,-49.06818771
2026-10-07T10:24:06,,2400000000.0,5000000000.0,0,8,10,0.6009377006322857,0.6009376,6204385279.999994,6,64,37500000.0,15000000.0,20000.0,50000.0,20,RMS,POW,LIN,0.7499839100000001,0.00077587869,0.0005818965336118779,42452000.0,-48.86618805
2026-10-07T10:24:06,,2400000000.0,5000000000.0,0,8,10,0.6009377006322857,0.6009376,6204385279.999994,6,64,37500000.0,15000000.0,20000.0,50000.0,20,RMS,POW,LIN,0.7499839100000001,0.00077587869,0.0005818965336118779,42456000.0,-48.61208344
2026-10-07T10:24:06,,2400000000.0,5000000000.0,0,8,10,0.6009377006322857,0.6009376,6204385279.999994,6,64,37500000.0,15000000.0,20000.0,50000.0,20,RMS,POW,LIN,0.7499839100000001,0.00077587869,0.0005818965336118779,42460000.0,-48.2894249
2026-10-07T10:24:06,,2400000000.0,5000000000.0,0,8,10,0.6009377006322857,0.6009376,6204385279.999994,6,64,37500000.0,15000000.0,20000.0,50000.0,20,RMS,POW,LIN,0.7499839100000001,0.00077587869,0.0005818965336118779,42464000.0,-47.97346497
2026-10-07T10:24:06,,2400000000.0,5000000000.0,0,8,10,0.6009377006322857,0.6009376,6204385279.999994,6,64,37500000.0,15000000.0,20000.0,50000.0,20,RMS,POW,LIN,0.7499839100000001,0.00077587869,0.0005818965336118779,42468000.0,-47.78449631
2026-10-07T10:24:06,,2400000000.0,5000000000.0,0,8,10,0.6009377006322857,0.6009376,6204385279.999994,6,64,37500000.0,15000000.0,20000.0,50000.0,20,RMS,POW,LIN,0.7499839100000001,0.00077587869,0.0005818965336118779,42472000.0,-47.80369568
2026-10-07T10:24:06,,2400000000.0,5000000000.0,0,8,10,0.6009377006322857,0.6009376,6204385279.999994,6,64,37500000.0,15000000.0,20000.0,50000.0,20,RMS,POW,LIN,0.7499839100000001,0.00077587869,0.0005818965336118779,42476000.0,-48.02945709
2026-10-07T10:24:06,,2400000000.0,5000000000.0,0,8,10,0.6009377006322857,0.6009376,6204385279.999994,6,64,37500000.0,15000000.0,20000.0,50000.0,20,RMS,POW,LIN,0.7499839100000001,0.00077587869,0.0005818965336118779,42480000.0,-48.38411331
2026-10-07T10:24:06,,2400000000.0,5000000000.0,0,8,10,0.6009377006322857,0.6009376,6204385279.999994,6,64,37500000.0,15000000.0,20000.0,50000.0,20,RMS,POW,LIN,0.7499839100000001,0.00077587869,0.0005818965336118779,42484000.0,-48.74789429
2026-10-07T10:24:06,,2400000000.0,5000000000.0,0,8,10,0.6009377006322857,0.6009376,6204385279.999994,6,64,37500000.0,15000000.0,20000.0,50000.0,20,RMS,POW,LIN,0.7499839100000001,0.00077587869,0.0005818965336118779,42488000.0,-48.98134232
2026-10-07T10:24:06,,2400000000.0,5000000000.0,0,8,10,0.6009377006322857,0.6009376,6204385279.999994,6,64,37500000.0,15000000.0,20000.0,50000.0,20,RMS,POW,LIN,0.7499839100000001,0.00077587869,0.0005818965336118779,42492000.0,-48.9458046
2026-10-07T10:24:06,,2400000000.0,5000000000.0,0,8,10,0.6009377006322857,0.6009376,6204385279.999994,6,64,37500000.0,15000000.0,20000.0,50000.0,20,RMS,POW,LIN,0.7499839100000001,0.00077587869,0.0005818965336118779,42496000.0,-48.61109543
2026-10-07T10:24:06,,2400000000.0,5000000000.0,0,8,10,0.6009377006322857,0.6009376,6204385279.999994,6,64,37500000.0,15000000.0,20000.0,50000.0,20,RMS,POW,LIN,0.7499839100000001,0.00077587869,0.0005818965336118779,42500000.0,-48.15953064
2026-10-07T10:24:06,,2400000000.0,5000000000.0,0,8,10,0.6009377006322857,0.6009376,6204385279.999994,6,64,37500000.0,15000000.0,20000.0,50000.0,20,RMS,POW,LIN,0.7499839100000001,0.00077587869,0.0005818965336118779,42504000.0,-47.86773682
2026-10-07T10:24:06,,2400000000.0,5000000000.0,0,8,10,0.6009377006322857,0.6009376,6204385279.999994,6,64,37500000.0,15000000.0,20000.0,50000.0,20,RMS,POW,LIN,0.7499839100000001,0.00077587869,0.0005818965336118779,42508000.0,-47.90498352
2026-10-07T10:24:06,,2400000000.0,5000000000.0,0,8,10,0.6009377006322857,0.6009376,6204385279.999994,6,64,37500000.0,15000000.0,20000.0,50000.0,20,RMS,POW,LIN,0.7499839100000001,0.00077587869,0.0005818965336118779,42512000.0,-48.24399567
2026-10-07T10:24:06,,2400000000.0,5000000000.0,0,8,10,0.6009377006322857,0.6009376,6204385279.999994,6,64,37500000.0,15000000.0,20000.0,50000.0,20,RMS,POW,LIN,0.7499839100000001,0.00077587869,0.0005818965336118779,42516000.0,-48.67337799
2026-10-07T10:24:06,,2400000000.0,5000000000.0,0,8,10,0.6009377006322857,0.6009376,6204385279.999994,6,64,37500000.0,15000000.0,20000.0,50000.0,20,RMS,POW,LIN,0.7499839100000001,0.00077587869,0.0005818965336118779,42520000.0,-48.94330978
2026-10-07T10:24:06,,2400000000.0,5000000000.0,0,8,10,0.6009377006322857,0.6009376,6204385279.999994,6,64,37500000.0,15000000.0,20000.0,50000.0,20,RMS,POW,LIN,0.7499839100000001,0.00077587869,0.0005818965336118779,42524000.0,-49.01327133
2026-10-07T10:24:06,,2400000000.0,5000000000.0,0,8,10,0.6009377006322857,0.6009376,6204385279.999994,6,64,37500000.0,15000000.0,20000.0,50000.0,20,RMS,POW,LIN,0.7499839100000001,0.00077587869,0.0005818965336118779,42528000.0,-49.07091141
2026-10-07T10:24:06,,2400000000.0,5000000000.0,0,8,10,0.6009377006322857,0.6009376,6204385279.999994,6,64,37500000.0,15000000.0,20000.0,50000.0,20,RMS,POW,LIN,0.7499839100000001,0.00077587869,0.0005818965336118779,42532000.0,-49.28327179
2026-10-07T10:24:06,,2400000000.0,5000000000.0,0,8,10,0.6009377006322857,0.6009376,6204385279.999994,6,64,37500000.0,15000000.0,20000.0,50000.0,20,RMS,POW,LIN,0.7499839100000001,0.00077587869,0.0005818965336118779,42536000.0,-49.63364792
2026-10-07T10:24:06,,2400000000.0,5000000000.0,0,8,10,0.6009377006322857,0.6009376,6204385279.999994,6,64,37500000.0,15000000.0,20000.0,50000.0,20,RMS,POW,LIN,0.7499839100000001,0.00077587869,0.0005818965336118779,42540000.0,-49.95331573
2026-10-07T10:24:06,,2400000000.0,5000000000.0,0,8,10,0.6009377006322857,0.6009376,6204385279.999994,6,64,37500000.0,15000000.0,20000.0,50000.0,20,RMS,POW,LIN,0.7499839100000001,0.00077587869,0.0005818965336118779,42544000.0,-50.09891129
2026-10-07T10:24:06,,2400000000.0,5000000000.0,0,8,10,0.6009377006322857,0.6009376,6204385279.999994,6,64,37500000.0,15000000.0,20000.0,50000.0,20,RMS,POW,LIN,0.7499839100000001,0.00077587869,0.0005818965336118779,42548000.0,-50.10964966
2026-10-07T10:24:06,,2400000000.0,5000000000.0,0,8,10,0.6009377006322857,0.6009376,6204385279.999994,6,64,37500000.0,15000000.0,20000.0,50000.0,20,RMS,POW,LIN,0.7499839100000001,0.00077587869,0.0005818965336118779,42552000.0,-50.1290741
2026-10-07T10:24:06,,2400000000.0,5000000000.0,0,8,10,0.6009377006322857,0.6009376,6204385279.999994,6,64,37500000.0,15000000.0,20000.0,50000.0,20,RMS,POW,LIN,0.7499839100000001,0.00077587869,0.0005818965336118779,42556000.0,-50.21917343
2026-10-07T10:24:06,,2400000000.0,5000000000.0,0,8,10,0.6009377006322857,0.6009376,6204385279.999994,6,64,37500000.0,15000000.0,20000.0,50000.0,20,RMS,POW,LIN,0.7499839100000001,0.00077587869,0.0005818965336118779,42560000.0,-50.29963303
2026-10-07T10:24:06,,2400000000.0,5000000000.0,0,8,10,0.6009377006322857,0.6009376,6204385279.999994,6,64,37500000.0,15000000.0,20000.0,50000.0,20,RMS,POW,LIN,0.7499839100000001,0.00077587869,0.0005818965336118779,42564000.0,-50.23281479
2026-10-07T10:24:06,,2400000000.0,5000000000.0,0,8,10,0.6009377006322857,0.6009376,6204385279.999994,6,64,37500000.0,15000000.0,20000.0,50000.0,20,RMS,POW,LIN,0.7499839100000001,0.00077587869,0.0005818965336118779,42568000.0,-49.9473381
2026-10-07T10:24:06,,2400000000.0,5000000000.0,0,8,10,0.6009377006322857,0.6009376,6204385279.999994,6,64,37500000.0,15000000.0,20000.0,50000.0,20,RMS,POW,LIN,0.7499839100000001,0.00077587869,0.0005818965336118779,42572000.0,-49.46653748
2026-10-07T10:24:06,,2400000000.0,5000000000.0,0,8,10,0.6009377006322857,0.6009376,6204385279.999994,6,64,37500000.0,15000000.0,20000.0,50000.0,20,RMS,POW,LIN,0.7499839100000001,0.00077587869,0.0005818965336118779,42576000.0,-48.86706161
2026-10-07T10:24:06,,2400000000.0,5000000000.0,0,8,10,0.6009377006322857,0.6009376,6204385279.999994,6,64,37500000.0,15000000.0,20000.0,50000.0,20,RMS,POW,LIN,0.7499839100000001,0.00077587869,0.0005818965336118779,42580000.0,-48.27097321
2026-10-07T10:24:06,,2400000000.0,5000000000.0,0,8,10,0.6009377006322857,0.6009376,6204385279.999994,6,64,37500000.0,15000000.0,20000.0,50000.0,20,RMS,POW,LIN,0.7499839100000001,0.00077587869,0.0005818965336118779,42584000.0,-47.83440781
2026-10-07T10:24:06,,2400000000.0,5000000000.0,0,8,10,0.6009377006322857,0.6009376,6204385279.999994,6,64,37500000.0,15000000.0,20000.0,50000.0,20,RMS,POW,LIN,0.7499839100000001,0.00077587869,0.0005818965336118779,42588000.0,-47.68850708
2026-10-07T10:24:06,,2400000000.0,5000000000.0,0,8,10,0.6009377006322857,0.6009376,6204385279.999994,6,64,37500000.0,15000000.0,20000.0,50000.0,20,RMS,POW,LIN,0.7499839100000001,0.00077587869,0.0005818965336118779,42592000.0,-47.87779999
2026-10-07T10:24:06,,2400000000.0,5000000000.0,0,8,10,0.6009377006322857,0.6009376,6204385279.999994,6,64,37500000.0,15000000.0,20000.0,50000.0,20,RMS,POW,LIN,0.7499839100000001,0.00077587869,0.0005818965336118779,42596000.0,-48.32891083
2026-10-07T10:24:06,,2400000000.0,5000000000.0,0,8,10,0.6009377006322857,0.6009376,6204385279.999994,6,64,37500000.0,15000000.0,20000.0,50000.0,20,RMS,POW,LIN,0.7499839100000001,0.00077587869,0.0005818965336118779,42600000.0,-48.86095428
2026-10-07T10:24:06,,2400000000.0,5000000000.0,0,8,10,0.6009377006322857,0.6009376,6204385279.999994,6,64,37500000.0,15000000.0,20000.0,50000.0,20,RMS,POW,LIN,0.7499839100000001,0.00077587869,0.0005818965336118779,42604000.0,-49.27555466
2026-10-07T10:24:06,,2400000000.0,5000000000.0,0,8,10,0.6009377006322857,0.6009376,6204385279.999994,6,64,37500000.0,15000000.0,20000.0,50000.0,20,RMS,POW,LIN,0.7499839100000001,0.00077587869,0.0005818965336118779,42608000.0,-49.50273514
2026-10-07T10:24:06,,2400000000.0,5000000000.0,0,8,10,0.6009377006322857,0.6009376,6204385279.999994,6,64,37500000.0,15000000.0,20000.0,50000.0,20,RMS,POW,LIN,0.7499839100000001,0.00077587869,0.0005818965336118779,42612000.0,-49.63729095
2026-10-07T10:24:06,,2400000000.0,5000000000.0,0,8,10,0.6009377006322857,0.6009376,6204385279.999994,6,64,37500000.0,15000000.0,20000.0,50000.0,20,RMS,POW,LIN,0.7499839100000001,0.00077587869,0.0005818965336118779,42616000.0,-49.82143021
2026-10-07T10:24:06,,2400000000.0,5000000000.0,0,8,10,0.6009377006322857,0.6009376,6204385279.999994,6,64,37500000.0,15000000.0,20000.0,50000.0,20,RMS,POW,LIN,0.7499839100000001,0.00077587869,0.0005818965336118779,42620000.0,-50.1374054
2026-10-07T10:24:06,,2400000000.0,5000000000.0,0,8,10,0.6009377006322857,0.6009376,6204385279.999994,6,64,37500000.0,15000000.0,20000.0,50000.0,20,RMS,POW,LIN,0.7499839100000001,0.00077587869,0.0005818965336118779,42624000.0,-50.58424377
2026-10-07T10:24:06,,2400000000.0,5000000000.0,0,8,10,0.6009377006322857,0.6009376,6204385279.999994,6,64,37500000.0,15000000.0,20000.0,50000.0,20,RMS,POW,LIN,0.7499839100000001,0.00077587869,0.0005818965336118779,42628000.0,-51.10018921
2026-10-07T10:24:06,,2400000000.0,5000000000.0,0,8,10,0.6009377006322857,0.6009376,6204385279.999994,6,64,37500000.0,15000000.0,20000.0,50000.0,20,RMS,POW,LIN,0.7499839100000001,0.00077587869,0.0005818965336118779,42632000.0,-51.5835228
2026-10-07T10:24:06,,2400000000.0,5000000000.0,0,8,10,0.6009377006322857,0.6009376,6204385279.999994,6,64,37500000.0,15000000.0,20000.0,50000.0,20,RMS,POW,LIN,0.7499839100000001,0.00077587869,0.0005818965336118779,42636000.0,-51.86959076
2026-10-07T10:24:06,,2400000000.0,5000000000.0,0,8,10,0.6009377006322857,0.6009376,6204385279.999994,6,64,37500000.0,15000000.0,20000.0,50000.0,20,RMS,POW,LIN,0.7499839100000001,0.00077587869,0.0005818965336118779,42640000.0,-51.72040939
2026-10-07T10:24:06,,2400000000.0,5000000000.0,0,8,10,0.6009377006322857,0.6009376,6204385279.999994,6,64,37500000.0,15000000.0,20000.0,50000.0,20,RMS,POW,LIN,0.7499839100000001,0.00077587869,0.0005818965336118779,42644000.0,-51.02297211
2026-10-07T10:24:06,,2400000000.0,5000000000.0,0,8,10,0.6009377006322857,0.6009376,6204385279.999994,6,64,37500000.0,15000000.0,20000.0,50000.0,20,RMS,POW,LIN,0.7499839100000001,0.00077587869,0.0005818965336118779,42648000.0,-50.01649857
2026-10-07T10:24:06,,2400000000.0,5000000000.0,0,8,10,0.6009377006322857,0.6009376,6204385279.999994,6,64,37500000.0,15000000.0,20000.0,50000.0,20,RMS,POW,LIN,0.7499839100000001,0.00077587869,0.0005818965336118779,42652000.0,-49.09334946
2026-10-07T10:24:06,,2400000000.0,5000000000.0,0,8,10,0.6009377006322857,0.6009376,6204385279.999994,6,64,37500000.0,15000000.0,20000.0,50000.0,20,RMS,POW,LIN,0.7499839100000001,0.00077587869,0.0005818965336118779,42656000.0,-48.4990654
2026-10-07T10:24:06,,2400000000.0,5000000000.0,0,8,10,0.6009377006322857,0.6009376,6204385279.999994,6,64,37500000.0,15000000.0,20000.0,50000.0,20,RMS,POW,LIN,0.7499839100000001,0.00077587869,0.0005818965336118779,42660000.0,-48.27197266
2026-10-07T10:24:06,,2400000000.0,5000000000.0,0,8,10,0.6009377006322857,0.6009376,6204385279.999994,6,64,37500000.0,15000000.0,20000.0,50000.0,20,RMS,POW,LIN,0.7499839100000001,0.00077587869,0.0005818965336118779,42664000.0,-48.29241562
2026-10-07T10:24:06,,2400000000.0,5000000000.0,0,8,10,0.6009377006322857,0.6009376,6204385279.999994,6,64,37500000.0,15000000.0,20000.0,50000.0,20,RMS,POW,LIN,0.7499839100000001,0.00077587869,0.0005818965336118779,42668000.0,-48.3663063
2026-10-07T10:24:06,,2400000000.0,5000000000.0,0,8,10,0.6009377006322857,0.6009376,6204385279.999994,6,64,37500000.0,15000000.0,20000.0,50000.0,20,RMS,POW,LIN,0.7499839100000001,0.00077587869,0.0005818965336118779,42672000.0,-48.36050415
2026-10-07T10:24:06,,2400000000.0,5000000000.0,0,8,10,0.6009377006322857,0.6009376,6204385279.999994,6,64,37500000.0,15000000.0,20000.0,50000.0,20,RMS,POW,LIN,0.7499839100000001,0.00077587869,0.0005818965336118779,42676000.0,-48.2977829
2026-10-07T10:24:06,,2400000000.0,5000000000.0,0,8,10,0.6009377006322857,0.6009376,6204385279.999994,6,64,37500000.0,15000000.0,20000.0,50000.0,20,RMS,POW,LIN,0.7499839100000001,0.00077587869,0.0005818965336118779,42680000.0,-48.29232025
2026-10-07T10:24:06,,2400000000.0,5000000000.0,0,8,10,0.6009377006322857,0.6009376,6204385279.999994,6,64,37500000.0,15000000.0,20000.0,50000.0,20,RMS,POW,LIN,0.7499839100000001,0.00077587869,0.0005818965336118779,42684000.0,-48.42178345
2026-10-07T10:24:06,,2400000000.0,5000000000.0,0,8,10,0.6009377006322857,0.6009376,6204385279.999994,6,64,37500000.0,15000000.0,20000.0,50000.0,20,RMS,POW,LIN,0.7499839100000001,0.00077587869,0.0005818965336118779,42688000.0,-48.67589188
2026-10-07T10:24:06,,2400000000.0,5000000000.0,0,8,10,0.6009377006322857,0.6009376,6204385279.999994,6,64,37500000.0,15000000.0,20000.0,50000.0,20,RMS,POW,LIN,0.7499839100000001,0.00077587869,0.0005818965336118779,42692000.0,-48.98822021
2026-10-07T10:24:06,,2400000000.0,5000000000.0,0,8,10,0.6009377006322857,0.6009376,6204385279.999994,6,64,37500000.0,15000000.0,20000.0,50000.0,20,RMS,POW,LIN,0.7499839100000001,0.00077587869,0.0005818965336118779,42696000.0,-49.29894257
2026-10-07T10:24:06,,2400000000.0,5000000000.0,0,8,10,0.6009377006322857,0.6009376,6204385279.999994,6,64,37500000.0,15000000.0,20000.0,50000.0,20,RMS,POW,LIN,0.7499839100000001,0.00077587869,0.0005818965336118779,42700000.0,-49.57648468
2026-10-07T10:24:06,,2400000000.0,5000000000.0,0,8,10,0.6009377006322857,0.6009376,6204385279.999994,6,64,37500000.0,15000000.0,20000.0,50000.0,20,RMS,POW,LIN,0.7499839100000001,0.00077587869,0.0005818965336118779,42704000.0,-49.76742935
2026-10-07T10:24:06,,2400000000.0,5000000000.0,0,8,10,0.6009377006322857,0.6009376,6204385279.999994,6,64,37500000.0,15000000.0,20000.0,50000.0,20,RMS,POW,LIN,0.7499839100000001,0.00077587869,0.0005818965336118779,42708000.0,-49.76625443
2026-10-07T10:24:06,,2400000000.0,5000000000.0,0,8,10,0.6009377006322857,0.6009376,6204385279.999994,6,64,37500000.0,15000000.0,20000.0,50000.0,20,RMS,POW,LIN,0.7499839100000001,0.00077587869,0.0005818965336118779,42712000.0,-49.50690079
2026-10-07T10:24:06,,2400000000.0,5000000000.0,0,8,10,0.6009377006322857,0.6009376,6204385279.999994,6,64,37500000.0,15000000.0,20000.0,50000.0,20,RMS,POW,LIN,0.7499839100000001,0.00077587869,0.0005818965336118779,42716000.0,-49.06672668
2026-10-07T10:24:06,,2400000000.0,5000000000.0,0,8,10,0.6009377006322857,0.6009376,6204385279.999994,6,64,37500000.0,15000000.0,20000.0,50000.0,20,RMS,POW,LIN,0.7499839100000001,0.00077587869,0.0005818965336118779,42720000.0,-48.60661697
2026-10-07T10:24:06,,2400000000.0,5000000000.0,0,8,10,0.6009377006322857,0.6009376,6204385279.999994,6,64,37500000.0,15000000.0,20000.0,50000.0,20,RMS,POW,LIN,0.7499839100000001,0.00077587869,0.0005818965336118779,42724000.0,-48.24992371
2026-10-07T10:24:06,,2400000000.0,5000000000.0,0,8,10,0.6009377006322857,0.6009376,6204385279.999994,6,64,37500000.0,15000000.0,20000.0,50000.0,20,RMS,POW,LIN,0.7499839100000001,0.00077587869,0.0005818965336118779,42728000.0,-48.05003357
2026-10-07T10:24:06,,2400000000.0,5000000000.0,0,8,10,0.6009377006322857,0.6009376,6204385279.999994,6,64,37500000.0,15000000.0,20000.0,50000.0,20,RMS,POW,LIN,0.7499839100000001,0.00077587869,0.0005818965336118779,42732000.0,-48.01845551
2026-10-07T10:24:06,,2400000000.0,5000000000.0,0,8,10,0.6009377006322857,0.6009376,6204385279.999994,6,64,37500000.0,15000000.0,20000.0,50000.0,20,RMS,POW,LIN,0.7499839100000001,0.00077587869,0.0005818965336118779,42736000.0,-48.15173721
2026-10-07T10:24:06,,2400000000.0,5000000000.0,0,8,10,0.6009377006322857,0.6009376,6204385279.999994,6,64,37500000.0,15000000.0,20000.0,50000.0,20,RMS,POW,LIN,0.7499839100000001,0.00077587869,0.0005818965336118779,42740000.0,-48.43968201
2026-10-07T10:24:06,,2400000000.0,5000000000.0,0,8,10,0.6009377006322857,0.6009376,6204385279.999994,6,64,37500000.0,15000000.0,20000.0,50000.0,20,RMS,POW,LIN,0.7499839100000001,0.00077587869,0.0005818965336118779,42744000.0,-48.85049438
2026-10-07T10:24:06,,2400000000.0,5000000000.0,0,8,10,0.6009377006322857,0.6009376,6204385279.999994,6,64,37500000.0,15000000.0,20000.0,50000.0,20,RMS,POW,LIN,0.7499839100000001,0.00077587869,0.0005818965336118779,42748000.0,-49.29150009
2026-10-07T10:24:06,,2400000000.0,5000000000.0,0,8,10,0.6009377006322857,0.6009376,6204385279.999994,6,64,37500000.0,15000000.0,20000.0,50000.0,20,RMS,POW,LIN,0.7499839100000001,0.00077587869,0.0005818965336118779,42752000.0,-49.59184647
2026-10-07T10:24:06,,2400000000.0,5000000000.0,0,8,10,0.6009377006322857,0.6009376,6204385279.999994,6,64,37500000.0,15000000.0,20000.0,50000.0,20,RMS,POW,LIN,0.7499839100000001,0.00077587869,0.0005818965336118779,42756000.0,-49.60784531
2026-10-07T10:24:06,,2400000000.0,5000000000.0,0,8,10,0.6009377006322857,0.6009376,6204385279.999994,6,64,37500000.0,15000000.0,20000.0,50000.0,20,RMS,POW,LIN,0.7499839100000001,0.00077587869,0.0005818965336118779,42760000.0,-49.39554596
2026-10-07T10:24:06,,2400000000.0,5000000000.0,0,8,10,0.6009377006322857,0.6009376,6204385279.999994,6,64,37500000.0,15000000.0,20000.0,50000.0,20,RMS,POW,LIN,0.7499839100000001,0.00077587869,0.0005818965336118779,42764000.0,-49.18099213
2026-10-07T10:24:06,,2400000000.0,5000000000.0,0,8,10,0.6009377006322857,0.6009376,6204385279.999994,6,64,37500000.0,15000000.0,20000.0,50000.0,20,RMS,POW,LIN,0.7499839100000001,0.00077587869,0.0005818965336118779,42768000.0,-49.1638031
2026-10-07T10:24:06,,2400000000.0,5000000000.0,0,8,10,0.6009377006322857,0.6009376,6204385279.999994,6,64,37500000.0,15000000.0,20000.0,50000.0,20,RMS,POW,LIN,0.7499839100000001,0.00077587869,0.0005818965336118779,42772000.0,-49.40800095
2026-10-07T10:24:06,,2400000000.0,5000000000.0,0,8,10,0.6009377006322857,0.6009376,6204385279.999994,6,64,37500000.0,15000000.0,20000.0,50000.0,20,RMS,POW,LIN,0.7499839100000001,0.00077587869,0.0005818965336118779,42776000.0,-49.83034515
2026-10-07T10:24:06,,2400000000.0,5000000000.0,0,8,10,0.6009377006322857,0.6009376,6204385279.999994,6,64,37500000.0,15000000.0,20000.0,50000.0,20,RMS,POW,LIN,0.7499839100000001,0.00077587869,0.0005818965336118779,42780000.0,-50.21546173
2026-10-07T10:24:06,,2400000000.0,5000000000.0,0,8,10,0.6009377006322857,0.6009376,6204385279.999994,6,64,37500000.0,15000000.0,20000.0,50000.0,20,RMS,POW,LIN,0.7499839100000001,0.00077587869,0.0005818965336118779,42784000.0,-50.30643845
2026-10-07T10:24:06,,2400000000.0,5000000000.0,0,8,10,0.6009377006322857,0.6009376,6204385279.999994,6,64,37500000.0,15000000.0,20000.0,50000.0,20,RMS,POW,LIN,0.7499839100000001,0.00077587869,0.0005818965336118779,42788000.0,-50.02412033
2026-10-07T10:24:06,,2400000000.0,5000000000.0,0,8,10,0.6009377006322857,0.6009376,6204385279.999994,6,64,37500000.0,15000000.0,20000.0,50000.0,20,RMS,POW,LIN,0.7499839100000001,0.00077587869,0.0005818965336118779,42792000.0,-49.57455063
2026-10-07T10:24:06,,2400000000.0,5000000000.0,0,8,10,0.6009377006322857,0.6009376,6204385279.999994,6,64,37500000.0,15000000.0,20000.0,50000.0,20,RMS,POW,LIN,0.7499839100000001,0.00077587869,0.0005818965336118779,42796000.0,-49.26225662
2026-10-07T10:24:06,,2400000000.0,5000000000.0,0,8,10,0.6009377006322857,0.6009376,6204385279.999994,6,64,37500000.0,15000000.0,20000.0,50000.0,20,RMS,POW,LIN,0.7499839100000001,0.00077587869,0.0005818965336118779,42800000.0,-49.29111099
2026-10-07T10:24:06,,2400000000.0,5000000000.0,0,8,10,0.6009377006322857,0.6009376,6204385279.999994,6,64,37500000.0,15000000.0,20000.0,50000.0,20,RMS,POW,LIN,0.7499839100000001,0.00077587869,0.0005818965336118779,42804000.0,-49.70383835
2026-10-07T10:24:06,,2400000000.0,5000000000.0,0,8,10,0.6009377006322857,0.6009376,6204385279.999994,6,64,37500000.0,15000000.0,20000.0,50000.0,20,RMS,POW,LIN,0.7499839100000001,0.00077587869,0.0005818965336118779,42808000.0,-50.35746765
2026-10-07T10:24:06,,2400000000.0,5000000000.0,0,8,10,0.6009377006322857,0.6009376,6204385279.999994,6,64,37500000.0,15000000.0,20000.0,50000.0,20,RMS,POW,LIN,0.7499839100000001,0.00077587869,0.0005818965336118779,42812000.0,-50.90993881
2026-10-07T10:24:06,,2400000000.0,5000000000.0,0,8,10,0.6009377006322857,0.6009376,6204385279.999994,6,64,37500000.0,15000000.0,20000.0,50000.0,20,RMS,POW,LIN,0.7499839100000001,0.00077587869,0.0005818965336118779,42816000.0,-50.98495865
2026-10-07T10:24:06,,2400000000.0,5000000000.0,0,8,10,0.6009377006322857,0.6009376,6204385279.999994,6,64,37500000.0,15000000.0,20000.0,50000.0,20,RMS,POW,LIN,0.7499839100000001,0.00077587869,0.0005818965336118779,42820000.0,-50.51833725
2026-10-07T10:24:06,,2400000000.0,5000000000.0,0,8,10,0.6009377006322857,0.6009376,6204385279.999994,6,64,37500000.0,15000000.0,20000.0,50000.0,20,RMS,POW,LIN,0.7499839100000001,0.00077587869,0.0005818965336118779,42824000.0,-49.76071548
2026-10-07T10:24:06,,2400000000.0,5000000000.0,0,8,10,0.6009377006322857,0.6009376,6204385279.999994,6,64,37500000.0,15000000.0,20000.0,50000.0,20,RMS,POW,LIN,0.7499839100000001,0.00077587869,0.0005818965336118779,42828000.0,-48.96063232
2026-10-07T10:24:06,,2400000000.0,5000000000.0,0,8,10,0.6009377006322857,0.6009376,6204385279.999994,6,64,37500000.0,15000000.0,20000.0,50000.0,20,RMS,POW,LIN,0.7499839100000001,0.00077587869,0.0005818965336118779,42832000.0,-48.24409866
2026-10-07T10:24:06,,2400000000.0,5000000000.0,0,8,10,0.6009377006322857,0.6009376,6204385279.999994,6,64,37500000.0,15000000.0,20000.0,50000.0,20,RMS,POW,LIN,0.7499839100000001,0.00077587869,0.0005818965336118779,42836000.0,-47.66739655
2026-10-07T10:24:06,,2400000000.0,5000000000.0,0,8,10,0.6009377006322857,0.6009376,6204385279.999994,6,64,37500000.0,15000000.0,20000.0,50000.0,20,RMS,POW,LIN,0.7499839100000001,0.00077587869,0.0005818965336118779,42840000.0,-47.27587891
2026-10-07T10:24:06,,2400000000.0,5000000000.0,0,8,10,0.6009377006322857,0.6009376,6204385279.999994,6,64,37500000.0,15000000.0,20000.0,50000.0,20,RMS,POW,LIN,0.7499839100000001,0.00077587869,0.0005818965336118779,42844000.0,-47.12631989
2026-10-07T10:24:06,,2400000000.0,5000000000.0,0,8,10,0.6009377006322857,0.6009376,6204385279.999994,6,64,37500000.0,15000000.0,20000.0,50000.0,20,RMS,POW,LIN,0.7499839100000001,0.00077587869,0.0005818965336118779,42848000.0,-47.27142334
2026-10-07T10:24:06,,2400000000.0,5000000000.0,0,8,10,0.6009377006322857,0.6009376,6204385279.999994,6,64,37500000.0,15000000.0,20000.0,50000.0,20,RMS,POW,LIN,0.7499839100000001,0.00077587869,0.0005818965336118779,42852000.0,-47.71459198
2026-10-07T10:24:06,,2400000000.0,5000000000.0,0,8,10,0.6009377006322857,0.6009376,6204385279.999994,6,64,37500000.0,15000000.0,20000.0,50000.0,20,RMS,POW,LIN,0.7499839100000001,0.00077587869,0.0005818965336118779,42856000.0,-48.35528946
2026-10-07T10:24:06,,2400000000.0,5000000000.0,0,8,10,0.6009377006322857,0.6009376,6204385279.999994,6,64,37500000.0,15000000.0,20000.0,50000.0,20,RMS,POW,LIN,0.7499839100000001,0.00077587869,0.0005818965336118779,42860000.0,-48.97595596
2026-10-07T10:24:06,,2400000000.0,5000000000.0,0,8,10,0.6009377006322857,0.6009376,6204385279.999994,6,64,37500000.0,15000000.0,20000.0,50000.0,20,RMS,POW,LIN,0.7499839100000001,0.00077587869,0.0005818965336118779,42864000.0,-49.35383224
2026-10-07T10:24:06,,2400000000.0,5000000000.0,0,8,10,0.6009377006322857,0.6009376,6204385279.999994,6,64,37500000.0,15000000.0,20000.0,50000.0,20,RMS,POW,LIN,0.7499839100000001,0.00077587869,0.0005818965336118779,42868000.0,-49.43636322
2026-10-07T10:24:06,,2400000000.0,5000000000.0,0,8,10,0.6009377006322857,0.6009376,6204385279.999994,6,64,37500000.0,15000000.0,20000.0,50000.0,20,RMS,POW,LIN,0.7499839100000001,0.00077587869,0.0005818965336118779,42872000.0,-49.33101273
2026-10-07T10:24:06,,2400000000.0,5000000000.0,0,8,10,0.6009377006322857,0.6009376,6204385279.999994,6,64,37500000.0,15000000.0,20000.0,50000.0,20,RMS,POW,LIN,0.7499839100000001,0.00077587869,0.0005818965336118779,42876000.0,-49.1593399
2026-10-07T10:24:06,,2400000000.0,5000000000.0,0,8,10,0.6009377006322857,0.6009376,6204385279.999994,6,64,37500000.0,15000000.0,20000.0,50000.0,20,RMS,POW,LIN,0.7499839100000001,0.00077587869,0.0005818965336118779,42880000.0,-49.01563263
2026-10-07T10:24:06,,2400000000.0,5000000000.0,0,8,10,0.6009377006322857,0.6009376,6204385279.999994,6,64,37500000.0,15000000.0,20000.0,50000.0,20,RMS,POW,LIN,0.7499839100000001,0.00077587869,0.0005818965336118779,42884000.0,-48.98846054
2026-10-07T10:24:06,,2400000000.0,5000000000.0,0,8,10,0.6009377006322857,0.6009376,6204385279.999994,6,64,37500000.0,15000000.0,20000.0,50000.0,20,RMS,POW,LIN,0.7499839100000001,0.00077587869,0.0005818965336118779,42888000.0,-49.13041687
2026-10-07T10:24:06,,2400000000.0,5000000000.0,0,8,10,0.6009377006322857,0.6009376,6204385279.999994,6,64,37500000.0,15000000.0,20000.0,50000.0,20,RMS,POW,LIN,0.7499839100000001,0.00077587869,0.0005818965336118779,42892000.0,-49.40561676
2026-10-07T10:24:06,,2400000000.0,5000000000.0,0,8,10,0.6009377006322857,0.6009376,6204385279.999994,6,64,37500000.0,15000000.0,20000.0,50000.0,20,RMS,POW,LIN,0.7499839100000001,0.00077587869,0.0005818965336118779,42896000.0,-49.69848251
2026-10-07T10:24:06,,2400000000.0,5000000000.0,0,8,10,0.6009377006322857,0.6009376,6204385279.999994,6,64,37500000.0,15000000.0,20000.0,50000.0,20,RMS,POW,LIN,0.7499839100000001,0.00077587869,0.0005818965336118779,42900000.0,-49.90862656
2026-10-07T10:24:06,,2400000000.0,5000000000.0,0,8,10,0.6009377006322857,0.6009376,6204385279.999994,6,64,37500000.0,15000000.0,20000.0,50000.0,20,RMS,POW,LIN,0.7499839100000001,0.00077587869,0.0005818965336118779,42904000.0,-50.02194977
2026-10-07T10:24:06,,2400000000.0,5000000000.0,0,8,10,0.6009377006322857,0.6009376,6204385279.999994,6,64,37500000.0,15000000.0,20000.0,50000.0,20,RMS,POW,LIN,0.7499839100000001,0.00077587869,0.0005818965336118779,42908000.0,-50.03372955
2026-10-07T10:24:06,,2400000000.0,5000000000.0,0,8,10,0.6009377006322857,0.6009376,6204385279.999994,6,64,37500000.0,15000000.0,20000.0,50000.0,20,RMS,POW,LIN,0.7499839100000001,0.00077587869,0.0005818965336118779,42912000.0,-49.8401947
2026-10-07T10:24:06,,2400000000.0,5000000000.0,0,8,10,0.6009377006322857,0.6009376,6204385279.999994,6,64,37500000.0,15000000.0,20000.0,50000.0,20,RMS,POW,LIN,0.7499839100000001,0.00077587869,0.0005818965336118779,42916000.0,-49.31885529
2026-10-07T10:24:06,,2400000000.0,5000000000.0,0,8,10,0.6009377006322857,0.6009376,6204385279.999994,6,64,37500000.0,15000000.0,20000.0,50000.0,20,RMS,POW,LIN,0.7499839100000001,0.00077587869,0.0005818965336118779,42920000.0,-48.53304672
2026-10-07T10:24:06,,2400000000.0,5000000000.0,0,8,10,0.6009377006322857,0.6009376,6204385279.999994,6,64,37500000.0,15000000.0,20000.0,50000.0,20,RMS,POW,LIN,0.7499839100000001,0.00077587869,0.0005818965336118779,42924000.0,-47.72541428
2026-10-07T10:24:06,,2400000000.0,5000000000.0,0,8,10,0.6009377006322857,0.6009376,6204385279.999994,6,64,37500000.0,15000000.0,20000.0,50000.0,20,RMS,POW,LIN,0.7499839100000001,0.00077587869,0.0005818965336118779,42928000.0,-47.12696457
2026-10-07T10:24:06,,2400000000.0,5000000000.0,0,8,10,0.6009377006322857,0.6009376,6204385279.999994,6,64,37500000.0,15000000.0,20000.0,50000.0,20,RMS,POW,LIN,0.7499839100000001,0.00077587869,0.0005818965336118779,42932000.0,-46.86025238
2026-10-07T10:24:06,,2400000000.0,5000000000.0,0,8,10,0.6009377006322857,0.6009376,6204385279.999994,6,64,37500000.0,15000000.0,20000.0,50000.0,20,RMS,POW,LIN,0.7499839100000001,0.00077587869,0.0005818965336118779,42936000.0,-46.94950867
2026-10-07T10:24:06,,2400000000.0,5000000000.0,0,8,10,0.6009377006322857,0.6009376,6204385279.999994,6,64,37500000.0,15000000.0,20000.0,50000.0,20,RMS,POW,LIN,0.7499839100000001,0.00077587869,0.0005818965336118779,42940000.0,-47.34944153
2026-10-07T10:24:06,,2400000000.0,5000000000.0,0,8,10,0.6009377006322857,0.6009376,6204385279.999994,6,64,37500000.0,15000000.0,20000.0,50000.0,20,RMS,POW,LIN,0.7499839100000001,0.00077587869,0.0005818965336118779,42944000.0,-47.9706955
2026-10-07T10:24:06,,2400000000.0,5000000000.0,0,8,10,0.6009377006322857,0.6009376,6204385279.999994,6,64,37500000.0,15000000.0,20000.0,50000.0,20,RMS,POW,LIN,0.7499839100000001,0.00077587869,0.0005818965336118779,42948000.0,-48.70988846
2026-10-07T10:24:06,,2400000000.0,5000000000.0,0,8,10,0.6009377006322857,0.6009376,6204385279.999994,6,64,37500000.0,15000000.0,20000.0,50000.0,20,RMS,POW,LIN,0.7499839100000001,0.00077587869,0.0005818965336118779,42952000.0,-49.46696091
2026-10-07T10:24:06,,2400000000.0,5000000000.0,0,8,10,0.6009377006322857,0.6009376,6204385279.999994,6,64,37500000.0,15000000.0,20000.0,50000.0,20,RMS,POW,LIN,0.7499839100000001,0.00077587869,0.0005818965336118779,42956000.0,-50.11996078
2026-10-07T10:24:06,,2400000000.0,5000000000.0,0,8,10,0.6009377006322857,0.6009376,6204385279.999994,6,64,37500000.0,15000000.0,20000.0,50000.0,20,RMS,POW,LIN,0.7499839100000001,0.00077587869,0.0005818965336118779,42960000.0,-50.51588058
2026-10-07T10:24:06,,2400000000.0,5000000000.0,0,8,10,0.6009377006322857,0.6009376,6204385279.999994,6,64,37500000.0,15000000.0,20000.0,50000.0,20,RMS,POW,LIN,0.7499839100000001,0.00077587869,0.0005818965336118779,42964000.0,-50.58908081
2026-10-07T10:24:06,,2400000000.0,5000000000.0,0,8,10,0.6009377006322857,0.6009376,6204385279.999994,6,64,37500000.0,15000000.0,20000.0,50000.0,20,RMS,POW,LIN,0.7499839100000001,0.00077587869,0.0005818965336118779,42968000.0,-50.45811844
2026-10-07T10:24:06,,2400000000.0,5000000000.0,0,8,10,0.6009377006322857,0.6009376,6204385279.999994,6,64,37500000.0,15000000.0,20000.0,50000.0,20,RMS,POW,LIN,0.7499839100000001,0.00077587869,0.0005818965336118779,42972000.0,-50.2649231
2026-10-07T10:24:06,,2400000000.0,5000000000.0,0,8,10,0.6009377006322857,0.6009376,6204385279.999994,6,64,37500000.0,15000000.0,20000.0,50000.0,20,RMS,POW,LIN,0.7499839100000001,0.00077587869,0.0005818965336118779,42976000.0,-49.97920227
2026-10-07T10:24:06,,2400000000.0,5000000000.0,0,8,10,0.6009377006322857,0.6009376,6204385279.999994,6,64,37500000.0,15000000.0,20000.0,50000.0,20,RMS,POW,LIN,0.7499839100000001,0.00077587869,0.0005818965336118779,42980000.0,-49.47148514
2026-10-07T10:24:06,,2400000000.0,5000000000.0,0,8,10,0.6009377006322857,0.6009376,6204385279.999994,6,64,37500000.0,15000000.0,20000.0,50000.0,20,RMS,POW,LIN,0.7499839100000001,0.00077587869,0.0005818965336118779,42984000.0,-48.76696777
2026-10-07T10:24:06,,2400000000.0,5000000000.0,0,8,10,0.6009377006322857,0.6009376,6204385279.999994,6,64,37500000.0,15000000.0,20000.0,50000.0,20,RMS,POW,LIN,0.7499839100000001,0.00077587869,0.0005818965336118779,42988000.0,-48.0798378
2026-10-07T10:24:06,,2400000000.0,5000000000.0,0,8,10,0.6009377006322857,0.6009376,6204385279.999994,6,64,37500000.0,15000000.0,20000.0,50000.0,20,RMS,POW,LIN,0.7499839100000001,0.00077587869,0.0005818965336118779,42992000.0,-47.60123062
2026-10-07T10:24:06,,2400000000.0,5000000000.0,0,8,10,0.6009377006322857,0.6009376,6204385279.999994,6,64,37500000.0,15000000.0,20000.0,50000.0,20,RMS,POW,LIN,0.7499839100000001,0.00077587869,0.0005818965336118779,42996000.0,-47.38159561
2026-10-07T10:24:06,,2400000000.0,5000000000.0,0,8,10,0.6009377006322857,0.6009376,6204385279.999994,6,64,37500000.0,15000000.0,20000.0,50000.0,20,RMS,POW,LIN,0.7499839100000001,0.00077587869,0.0005818965336118779,43000000.0,-47.37057114
2026-10-07T10:24:06,,2400000000.0,5000000000.0,0,8,10,0.6009377006322857,0.6009376,6204385279.999994,6,64,37500000.0,15000000.0,20000.0,50000.0,20,RMS,POW,LIN,0.7499839100000001,0.00077587869,0.0005818965336118779,43004000.0,-47.51084518
2026-10-07T10:24:06,,2400000000.0,5000000000.0,0,8,10,0.6009377006322857,0.6009376,6204385279.999994,6,64,37500000.0,15000000.0,20000.0,50000.0,20,RMS,POW,LIN,0.7499839100000001,0.00077587869,0.0005818965336118779,43008000.0,-47.79798126
2026-10-07T10:24:06,,2400000000.0,5000000000.0,0,8,10,0.6009377006322857,0.6009376,6204385279.999994,6,64,37500000.0,15000000.0,20000.0,50000.0,20,RMS,POW,LIN,0.7499839100000001,0.00077587869,0.0005818965336118779,43012000.0,-48.25259018
2026-10-07T10:24:06,,2400000000.0,5000000000.0,0,8,10,0.6009377006322857,0.6009376,6204385279.999994,6,64,37500000.0,15000000.0,20000.0,50000.0,20,RMS,POW,LIN,0.7499839100000001,0.00077587869,0.0005818965336118779,43016000.0,-48.83473969
2026-10-07T10:24:06,,2400000000.0,5000000000.0,0,8,10,0.6009377006322857,0.6009376,6204385279.999994,6,64,37500000.0,15000000.0,20000.0,50000.0,20,RMS,POW,LIN,0.7499839100000001,0.00077587869,0.0005818965336118779,43020000.0,-49.39280319
2026-10-07T10:24:06,,2400000000.0,5000000000.0,0,8,10,0.6009377006322857,0.6009376,6204385279.999994,6,64,37500000.0,15000000.0,20000.0,50000.0,20,RMS,POW,LIN,0.7499839100000001,0.00077587869,0.0005818965336118779,43024000.0,-49.74568558
2026-10-07T10:24:06,,2400000000.0,5000000000.0,0,8,10,0.6009377006322857,0.6009376,6204385279.999994,6,64,37500000.0,15000000.0,20000.0,50000.0,20,RMS,POW,LIN,0.7499839100000001,0.00077587869,0.0005818965336118779,43028000.0,-49.86536026
2026-10-07T10:24:06,,2400000000.0,5000000000.0,0,8,10,0.6009377006322857,0.6009376,6204385279.999994,6,64,37500000.0,15000000.0,20000.0,50000.0,20,RMS,POW,LIN,0.7499839100000001,0.00077587869,0.0005818965336118779,43032000.0,-49.88314819
2026-10-07T10:24:06,,2400000000.0,5000000000.0,0,8,10,0.6009377006322857,0.6009376,6204385279.999994,6,64,37500000.0,15000000.0,20000.0,50000.0,20,RMS,POW,LIN,0.7499839100000001,0.00077587869,0.0005818965336118779,43036000.0,-49.87148285
2026-10-07T10:24:06,,2400000000.0,5000000000.0,0,8,10,0.6009377006322857,0.6009376,6204385279.999994,6,64,37500000.0,15000000.0,20000.0,50000.0,20,RMS,POW,LIN,0.7499839100000001,0.00077587869,0.0005818965336118779,43040000.0,-49.73201752
2026-10-07T10:24:06,,2400000000.0,5000000000.0,0,8,10,0.6009377006322857,0.6009376,6204385279.999994,6,64,37500000.0,15000000.0,20000.0,50000.0,20,RMS,POW,LIN,0.7499839100000001,0.00077587869,0.0005818965336118779,43044000.0,-49.35888672
2026-10-07T10:24:06,,2400000000.0,5000000000.0,0,8,10,0.6009377006322857,0.6009376,6204385279.999994,6,64,37500000.0,15000000.0,20000.0,50000.0,20,RMS,POW,LIN,0.7499839100000001,0.00077587869,0.0005818965336118779,43048000.0,-48.84204102
2026-10-07T10:24:06,,2400000000.0,5000000000.0,0,8,10,0.6009377006322857,0.6009376,6204385279.999994,6,64,37500000.0,15000000.0,20000.0,50000.0,20,RMS,POW,LIN,0.7499839100000001,0.00077587869,0.0005818965336118779,43052000.0,-48.3716011
2026-10-07T10:24:06,,2400000000.0,5000000000.0,0,8,10,0.6009377006322857,0.6009376,6204385279.999994,6,64,37500000.0,15000000.0,20000.0,50000.0,20,RMS,POW,LIN,0.7499839100000001,0.00077587869,0.0005818965336118779,43056000.0,-48.02875137
2026-10-07T10:24:06,,2400000000.0,5000000000.0,0,8,10,0.6009377006322857,0.6009376,6204385279.999994,6,64,37500000.0,15000000.0,20000.0,50000.0,20,RMS,POW,LIN,0.7499839100000001,0.00077587869,0.0005818965336118779,43060000.0,-47.76869583
2026-10-07T10:24:06,,2400000000.0,5000000000.0,0,8,10,0.6009377006322857,0.6009376,6204385279.999994,6,64,37500000.0,15000000.0,20000.0,50000.0,20,RMS,POW,LIN,0.7499839100000001,0.00077587869,0.0005818965336118779,43064000.0,-47.55811691
2026-10-07T10:24:06,,2400000000.0,5000000000.0,0,8,10,0.6009377006322857,0.6009376,6204385279.999994,6,64,37500000.0,15000000.0,20000.0,50000.0,20,RMS,POW,LIN,0.7499839100000001,0.00077587869,0.0005818965336118779,43068000.0,-47.46641541
2026-10-07T10:24:06,,2400000000.0,5000000000.0,0,8,10,0.6009377006322857,0.6009376,6204385279.999994,6,64,37500000.0,15000000.0,20000.0,50000.0,20,RMS,POW,LIN,0.7499839100000001,0.00077587869,0.0005818965336118779,43072000.0,-47.59347916
2026-10-07T10:24:06,,2400000000.0,5000000000.0,0,8,10,0.6009377006322857,0.6009376,6204385279.999994,6,64,37500000.0,15000000.0,20000.0,50000.0,20,RMS,POW,LIN,0.7499839100000001,0.00077587869,0.0005818965336118779,43076000.0,-47.93941116
2026-10-07T10:24:06,,2400000000.0,5000000000.0,0,8,10,0.6009377006322857,0.6009376,6204385279.999994,6,64,37500000.0,15000000.0,20000.0,50000.0,20,RMS,POW,LIN,0.7499839100000001,0.00077587869,0.0005818965336118779,43080000.0,-48.35593033
2026-10-07T10:24:06,,2400000000.0,5000000000.0,0,8,10,0.6009377006322857,0.6009376,6204385279.999994,6,64,37500000.0,15000000.0,20000.0,50000.0,20,RMS,POW,LIN,0.7499839100000001,0.00077587869,0.0005818965336118779,43084000.0,-48.64020157
2026-10-07T10:24:06,,2400000000.0,5000000000.0,0,8,10,0.6009377006322857,0.6009376,6204385279.999994,6,64,37500000.0,15000000.0,20000.0,50000.0,20,RMS,POW,LIN,0.7499839100000001,0.00077587869,0.0005818965336118779,43088000.0,-48.71563721
2026-10-07T10:24:06,,2400000000.0,5000000000.0,0,8,10,0.6009377006322857,0.6009376,6204385279.999994,6,64,37500000.0,15000000.0,20000.0,50000.0,20,RMS,POW,LIN,0.7499839100000001,0.00077587869,0.0005818965336118779,43092000.0,-48.66830826
2026-10-07T10:24:06,,2400000000.0,5000000000.0,0,8,10,0.6009377006322857,0.6009376,6204385279.999994,6,64,37500000.0,15000000.0,20000.0,50000.0,20,RMS,POW,LIN,0.7499839100000001,0.00077587869,0.0005818965336118779,43096000.0,-48.60185623
2026-10-07T10:24:06,,2400000000.0,5000000000.0,0,8,10,0.6009377006322857,0.6009376,6204385279.999994,6,64,37500000.0,15000000.0,20000.0,50000.0,20,RMS,POW,LIN,0.7499839100000001,0.00077587869,0.0005818965336118779,43100000.0,-48.54768753
2026-10-07T10:24:06,,2400000000.0,5000000000.0,0,8,10,0.6009377006322857,0.6009376,6204385279.999994,6,64,37500000.0,15000000.0,20000.0,50000.0,20,RMS,POW,LIN,0.7499839100000001,0.00077587869,0.0005818965336118779,43104000.0,-48.49807739
2026-10-07T10:24:06,,2400000000.0,5000000000.0,0,8,10,0.6009377006322857,0.6009376,6204385279.999994,6,64,37500000.0,15000000.0,20000.0,50000.0,20,RMS,POW,LIN,0.7499839100000001,0.00077587869,0.0005818965336118779,43108000.0,-48.46097183
2026-10-07T10:24:06,,2400000000.0,5000000000.0,0,8,10,0.6009377006322857,0.6009376,6204385279.999994,6,64,37500000.0,15000000.0,20000.0,50000.0,20,RMS,POW,LIN,0.7499839100000001,0.00077587869,0.0005818965336118779,43112000.0,-48.46130371
2026-10-07T10:24:06,,2400000000.0,5000000000.0,0,8,10,0.6009377006322857,0.6009376,6204385279.999994,6,64,37500000.0,15000000.0,20000.0,50000.0,20,RMS,POW,LIN,0.7499839100000001,0.00077587869,0.0005818965336118779,43116000.0,-48.50068283
2026-10-07T10:24:06,,2400000000.0,5000000000.0,0,8,10,0.6009377006322857,0.6009376,6204385279.999994,6,64,37500000.0,15000000.0,20000.0,50000.0,20,RMS,POW,LIN,0.7499839100000001,0.00077587869,0.0005818965336118779,43120000.0,-48.54060364
2026-10-07T10:24:06,,2400000000.0,5000000000.0,0,8,10,0.6009377006322857,0.6009376,6204385279.999994,6,64,37500000.0,15000000.0,20000.0,50000.0,20,RMS,POW,LIN,0.7499839100000001,0.00077587869,0.0005818965336118779,43124000.0,-48.54608536
2026-10-07T10:24:06,,2400000000.0,5000000000.0,0,8,10,0.6009377006322857,0.6009376,6204385279.999994,6,64,37500000.0,15000000.0,20000.0,50000.0,20,RMS,POW,LIN,0.7499839100000001,0.00077587869,0.0005818965336118779,43128000.0,-48.53887177
2026-10-07T10:24:06,,2400000000.0,5000000000.0,0,8,10,0.6009377006322857,0.6009376,6204385279.999994,6,64,37500000.0,15000000.0,20000.0,50000.0,20,RMS,POW,LIN,0.7499839100000001,0.00077587869,0.0005818965336118779,43132000.0,-48.5788765
2026-10-07T10:24:06,,2400000000.0,5000000000.0,0,8,10,0.6009377006322857,0.6009376,6204385279.999994,6,64,37500000.0,15000000.0,20000.0,50000.0,20,RMS,POW,LIN,0.7499839100000001,0.00077587869,0.0005818965336118779,43136000.0,-48.69787216
2026-10-07T10:24:06,,2400000000.0,5000000000.0,0,8,10,0.6009377006322857,0.6009376,6204385279.999994,6,64,37500000.0,15000000.0,20000.0,50000.0,20,RMS,POW,LIN,0.7499839100000001,0.00077587869,0.0005818965336118779,43140000.0,-48.87330246
2026-10-07T10:24:06,,2400000000.0,5000000000.0,0,8,10,0.6009377006322857,0.6009376,6204385279.999994,6,64,37500000.0,15000000.0,20000.0,50000.0,20,RMS,POW,LIN,0.7499839100000001,0.00077587869,0.0005818965336118779,43144000.0,-49.06129074
2026-10-07T10:24:06,,2400000000.0,5000000000.0,0,8,10,0.6009377006322857,0.6009376,6204385279.999994,6,64,37500000.0,15000000.0,20000.0,50000.0,20,RMS,POW,LIN,0.7499839100000001,0.00077587869,0.0005818965336118779,43148000.0,-49.23542404
2026-10-07T10:24:06,,2400000000.0,5000000000.0,0,8,10,0.6009377006322857,0.6009376,6204385279.999994,6,64,37500000.0,15000000.0,20000.0,50000.0,20,RMS,POW,LIN,0.7499839100000001,0.00077587869,0.0005818965336118779,43152000.0,-49.38938141
2026-10-07T10:24:06,,2400000000.0,5000000000.0,0,8,10,0.6009377006322857,0.6009376,6204385279.999994,6,64,37500000.0,15000000.0,20000.0,50000.0,20,RMS,POW,LIN,0.7499839100000001,0.00077587869,0.0005818965336118779,43156000.0,-49.527668
2026-10-07T10:24:06,,2400000000.0,5000000000.0,0,8,10,0.6009377006322857,0.6009376,6204385279.999994,6,64,37500000.0,15000000.0,20000.0,50000.0,20,RMS,POW,LIN,0.7499839100000001,0.00077587869,0.0005818965336118779,43160000.0,-49.67568207
2026-10-07T10:24:06,,2400000000.0,5000000000.0,0,8,10,0.6009377006322857,0.6009376,6204385279.999994,6,64,37500000.0,15000000.0,20000.0,50000.0,20,RMS,POW,LIN,0.7499839100000001,0.00077587869,0.0005818965336118779,43164000.0,-49.87815475
2026-10-07T10:24:06,,2400000000.0,5000000000.0,0,8,10,0.6009377006322857,0.6009376,6204385279.999994,6,64,37500000.0,15000000.0,20000.0,50000.0,20,RMS,POW,LIN,0.7499839100000001,0.00077587869,0.0005818965336118779,43168000.0,-50.1448822
2026-10-07T10:24:06,,2400000000.0,5000000000.0,0,8,10,0.6009377006322857,0.6009376,6204385279.999994,6,64,37500000.0,15000000.0,20000.0,50000.0,20,RMS,POW,LIN,0.7499839100000001,0.00077587869,0.0005818965336118779,43172000.0,-50.37635803
2026-10-07T10:24:06,,2400000000.0,5000000000.0,0,8,10,0.6009377006322857,0.6009376,6204385279.999994,6,64,37500000.0,15000000.0,20000.0,50000.0,20,RMS,POW,LIN,0.7499839100000001,0.00077587869,0.0005818965336118779,43176000.0,-50.38261032
2026-10-07T10:24:06,,2400000000.0,5000000000.0,0,8,10,0.6009377006322857,0.6009376,6204385279.999994,6,64,37500000.0,15000000.0,20000.0,50000.0,20,RMS,POW,LIN,0.7499839100000001,0.00077587869,0.0005818965336118779,43180000.0,-50.07730484
2026-10-07T10:24:06,,2400000000.0,5000000000.0,0,8,10,0.6009377006322857,0.6009376,6204385279.999994,6,64,37500000.0,15000000.0,20000.0,50000.0,20,RMS,POW,LIN,0.7499839100000001,0.00077587869,0.0005818965336118779,43184000.0,-49.62881851
2026-10-07T10:24:06,,2400000000.0,5000000000.0,0,8,10,0.6009377006322857,0.6009376,6204385279.999994,6,64,37500000.0,15000000.0,20000.0,50000.0,20,RMS,POW,LIN,0.7499839100000001,0.00077587869,0.0005818965336118779,43188000.0,-49.32113266
2026-10-07T10:24:06,,2400000000.0,5000000000.0,0,8,10,0.6009377006322857,0.6009376,6204385279.999994,6,64,37500000.0,15000000.0,20000.0,50000.0,20,RMS,POW,LIN,0.7499839100000001,0.00077587869,0.0005818965336118779,43192000.0,-49.35819626
2026-10-07T10:24:06,,2400000000.0,5000000000.0,0,8,10,0.6009377006322857,0.6009376,6204385279.999994,6,64,37500000.0,15000000.0,20000.0,50000.0,20,RMS,POW,LIN,0.7499839100000001,0.00077587869,0.0005818965336118779,43196000.0,-49.80640411
2026-10-07T10:24:06,,2400000000.0,5000000000.0,0,8,10,0.6009377006322857,0.6009376,6204385279.999994,6,64,37500000.0,15000000.0,20000.0,50000.0,20,RMS,POW,LIN,0.7499839100000001,0.00077587869,0.0005818965336118779,43200000.0,-50.58894348
2026-10-07T10:24:06,,2400000000.0,5000000000.0,0,8,10,0.6009377006322857,0.6009376,6204385279.999994,6,64,37500000.0,15000000.0,20000.0,50000.0,20,RMS,POW,LIN,0.7499839100000001,0.00077587869,0.0005818965336118779,43204000.0,-51.45827103
2026-10-07T10:24:06,,2400000000.0,5000000000.0,0,8,10,0.6009377006322857,0.6009376,6204385279.999994,6,64,37500000.0,15000000.0,20000.0,50000.0,20,RMS,POW,LIN,0.7499839100000001,0.00077587869,0.0005818965336118779,43208000.0,-52.01080704
2026-10-07T10:24:06,,2400000000.0,5000000000.0,0,8,10,0.6009377006322857,0.6009376,6204385279.999994,6,64,37500000.0,15000000.0,20000.0,50000.0,20,RMS,POW,LIN,0.7499839100000001,0.00077587869,0.0005818965336118779,43212000.0,-51.92156601
2026-10-07T10:24:06,,2400000000.0,5000000000.0,0,8,10,0.6009377006322857,0.6009376,6204385279.999994,6,64,37500000.0,15000000.0,20000.0,50000.0,20,RMS,POW,LIN,0.7499839100000001,0.00077587869,0.0005818965336118779,43216000.0,-51.25495148
2026-10-07T10:24:06,,2400000000.0,5000000000.0,0,8,10,0.6009377006322857,0.6009376,6204385279.999994,6,64,37500000.0,15000000.0,20000.0,50000.0,20,RMS,POW,LIN,0.7499839100000001,0.00077587869,0.0005818965336118779,43220000.0,-50.3526268
2026-10-07T10:24:06,,2400000000.0,5000000000.0,0,8,10,0.6009377006322857,0.6009376,6204385279.999994,6,64,37500000.0,15000000.0,20000.0,50000.0,20,RMS,POW,LIN,0.7499839100000001,0.00077587869,0.0005818965336118779,43224000.0,-49.5143013
2026-10-07T10:24:06,,2400000000.0,5000000000.0,0,8,10,0.6009377006322857,0.6009376,6204385279.999994,6,64,37500000.0,15000000.0,20000.0,50000.0,20,RMS,POW,LIN,0.7499839100000001,0.00077587869,0.0005818965336118779,43228000.0,-48.89104462
2026-10-07T10:24:06,,2400000000.0,5000000000.0,0,8,10,0.6009377006322857,0.6009376,6204385279.999994,6,64,37500000.0,15000000.0,20000.0,50000.0,20,RMS,POW,LIN,0.7499839100000001,0.00077587869,0.0005818965336118779,43232000.0,-48.51489639
2026-10-07T10:24:06,,2400000000.0,5000000000.0,0,8,10,0.6009377006322857,0.6009376,6204385279.999994,6,64,37500000.0,15000000.0,20000.0,50000.0,20,RMS,POW,LIN,0.7499839100000001,0.00077587869,0.0005818965336118779,43236000.0,-48.34250641
2026-10-07T10:24:06,,2400000000.0,5000000000.0,0,8,10,0.6009377006322857,0.6009376,6204385279.999994,6,64,37500000.0,15000000.0,20000.0,50000.0,20,RMS,POW,LIN,0.7499839100000001,0.00077587869,0.0005818965336118779,43240000.0,-48.30169678
2026-10-07T10:24:06,,2400000000.0,5000000000.0,0,8,10,0.6009377006322857,0.6009376,6204385279.999994,6,64,37500000.0,15000000.0,20000.0,50000.0,20,RMS,POW,LIN,0.7499839100000001,0.00077587869,0.0005818965336118779,43244000.0,-48.34891129
2026-10-07T10:24:06,,2400000000.0,5000000000.0,0,8,10,0.6009377006322857,0.6009376,6204385279.999994,6,64,37500000.0,15000000.0,20000.0,50000.0,20,RMS,POW,LIN,0.7499839100000001,0.00077587869,0.0005818965336118779,43248000.0,-48.50411606
2026-10-07T10:24:06,,2400000000.0,5000000000.0,0,8,10,0.6009377006322857,0.6009376,6204385279.999994,6,64,37500000.0,15000000.0,20000.0,50000.0,20,RMS,POW,LIN,0.7499839100000001,0.00077587869,0.0005818965336118779,43252000.0,-48.81583023
2026-10-07T10:24:06,,2400000000.0,5000000000.0,0,8,10,0.6009377006322857,0.6009376,6204385279.999994,6,64,37500000.0,15000000.0,20000.0,50000.0,20,RMS,POW,LIN,0.7499839100000001,0.00077587869,0.0005818965336118779,43256000.0,-49.27104187
2026-10-07T10:24:06,,2400000000.0,5000000000.0,0,8,10,0.6009377006322857,0.6009376,6204385279.999994,6,64,37500000.0,15000000.0,20000.0,50000.0,20,RMS,POW,LIN,0.7499839100000001,0.00077587869,0.0005818965336118779,43260000.0,-49.72253418
2026-10-07T10:24:06,,2400000000.0,5000000000.0,0,8,10,0.6009377006322857,0.6009376,6204385279.999994,6,64,37500000.0,15000000.0,20000.0,50000.0,20,RMS,POW,LIN,0.7499839100000001,0.00077587869,0.0005818965336118779,43264000.0,-49.94422531
2026-10-07T10:24:06,,2400000000.0,5000000000.0,0,8,10,0.6009377006322857,0.6009376,6204385279.999994,6,64,37500000.0,15000000.0,20000.0,50000.0,20,RMS,POW,LIN,0.7499839100000001,0.00077587869,0.0005818965336118779,43268000.0,-49.85511017
2026-10-07T10:24:06,,2400000000.0,5000000000.0,0,8,10,0.6009377006322857,0.6009376,6204385279.999994,6,64,37500000.0,15000000.0,20000.0,50000.0,20,RMS,POW,LIN,0.7499839100000001,0.00077587869,0.0005818965336118779,43272000.0,-49.61748505
2026-10-07T10:24:06,,2400000000.0,5000000000.0,0,8,10,0.6009377006322857,0.6009376,6204385279.999994,6,64,37500000.0,15000000.0,20000.0,50000.0,20,RMS,POW,LIN,0.7499839100000001,0.00077587869,0.0005818965336118779,43276000.0,-49.42242813
2026-10-07T10:24:06,,2400000000.0,5000000000.0,0,8,10,0.6009377006322857,0.6009376,6204385279.999994,6,64,37500000.0,15000000.0,20000.0,50000.0,20,RMS,POW,LIN,0.7499839100000001,0.00077587869,0.0005818965336118779,43280000.0,-49.2953186
2026-10-07T10:24:06,,2400000000.0,5000000000.0,0,8,10,0.6009377006322857,0.6009376,6204385279.999994,6,64,37500000.0,15000000.0,20000.0,50000.0,20,RMS,POW,LIN,0.7499839100000001,0.00077587869,0.0005818965336118779,43284000.0,-49.12186813
2026-10-07T10:24:06,,2400000000.0,5000000000.0,0,8,10,0.6009377006322857,0.6009376,6204385279.999994,6,64,37500000.0,15000000.0,20000.0,50000.0,20,RMS,POW,LIN,0.7499839100000001,0.00077587869,0.0005818965336118779,43288000.0,-48.81979752
2026-10-07T10:24:06,,2400000000.0,5000000000.0,0,8,10,0.6009377006322857,0.6009376,6204385279.999994,6,64,37500000.0,15000000.0,20000.0,50000.0,20,RMS,POW,LIN,0.7499839100000001,0.00077587869,0.0005818965336118779,43292000.0,-48.46200943
2026-10-07T10:24:06,,2400000000.0,5000000000.0,0,8,10,0.6009377006322857,0.6009376,6204385279.999994,6,64,37500000.0,15000000.0,20000.0,50000.0,20,RMS,POW,LIN,0.7499839100000001,0.00077587869,0.0005818965336118779,43296000.0,-48.21035767
2026-10-07T10:24:06,,2400000000.0,5000000000.0,0,8,10,0.6009377006322857,0.6009376,6204385279.999994,6,64,37500000.0,15000000.0,20000.0,50000.0,20,RMS,POW,LIN,0.7499839100000001,0.00077587869,0.0005818965336118779,43300000.0,-48.18960571
2026-10-07T10:24:06,,2400000000.0,5000000000.0,0,8,10,0.6009377006322857,0.6009376,6204385279.999994,6,64,37500000.0,15000000.0,20000.0,50000.0,20,RMS,POW,LIN,0.7499839100000001,0.00077587869,0.0005818965336118779,43304000.0,-48.43961334
2026-10-07T10:24:06,,2400000000.0,5000000000.0,0,8,10,0.6009377006322857,0.6009376,6204385279.999994,6,64,37500000.0,15000000.0,20000.0,50000.0,20,RMS,POW,LIN,0.7499839100000001,0.00077587869,0.0005818965336118779,43308000.0,-48.91670227
2026-10-07T10:24:06,,2400000000.0,5000000000.0,0,8,10,0.6009377006322857,0.6009376,6204385279.999994,6,64,37500000.0,15000000.0,20000.0,50000.0,20,RMS,POW,LIN,0.7499839100000001,0.00077587869,0.0005818965336118779,43312000.0,-49.4913559
2026-10-07T10:24:06,,2400000000.0,5000000000.0,0,8,10,0.6009377006322857,0.6009376,6204385279.999994,6,64,37500000.0,15000000.0,20000.0,50000.0,20,RMS,POW,LIN,0.7499839100000001,0.00077587869,0.0005818965336118779,43316000.0,-49.95370102
2026-10-07T10:24:06,,2400000000.0,5000000000.0,0,8,10,0.6009377006322857,0.6009376,6204385279.999994,6,64,37500000.0,15000000.0,20000.0,50000.0,20,RMS,POW,LIN,0.7499839100000001,0.00077587869,0.0005818965336118779,43320000.0,-50.10357285
2026-10-07T10:24:06,,2400000000.0,5000000000.0,0,8,10,0.6009377006322857,0.6009376,6204385279.999994,6,64,37500000.0,15000000.0,20000.0,50000.0,20,RMS,POW,LIN,0.7499839100000001,0.00077587869,0.0005818965336118779,43324000.0,-49.92259216
2026-10-07T10:24:06,,2400000000.0,5000000000.0,0,8,10,0.6009377006322857,0.6009376,6204385279.999994,6,64,37500000.0,15000000.0,20000.0,50000.0,20,RMS,POW,LIN,0.7499839100000001,0.00077587869,0.0005818965336118779,43328000.0,-49.60158157
2026-10-07T10:24:06,,2400000000.0,5000000000.0,0,8,10,0.6009377006322857,0.6009376,6204385279.999994,6,64,37500000.0,15000000.0,20000.0,50000.0,20,RMS,POW,LIN,0.7499839100000001,0.00077587869,0.0005818965336118779,43332000.0,-49.36665344
2026-10-07T10:24:06,,2400000000.0,5000000000.0,0,8,10,0.6009377006322857,0.6009376,6204385279.999994,6,64,37500000.0,15000000.0,20000.0,50000.0,20,RMS,POW,LIN,0.7499839100000001,0.00077587869,0.0005818965336118779,43336000.0,-49.34796143
2026-10-07T10:24:06,,2400000000.0,5000000000.0,0,8,10,0.6009377006322857,0.6009376,6204385279.999994,6,64,37500000.0,15000000.0,20000.0,50000.0,20,RMS,POW,LIN,0.7499839100000001,0.00077587869,0.0005818965336118779,43340000.0,-49.57001114
2026-10-07T10:24:06,,2400000000.0,5000000000.0,0,8,10,0.6009377006322857,0.6009376,6204385279.999994,6,64,37500000.0,15000000.0,20000.0,50000.0,20,RMS,POW,LIN,0.7499839100000001,0.00077587869,0.0005818965336118779,43344000.0,-49.97731018
2026-10-07T10:24:06,,2400000000.0,5000000000.0,0,8,10,0.6009377006322857,0.6009376,6204385279.999994,6,64,37500000.0,15000000.0,20000.0,50000.0,20,RMS,POW,LIN,0.7499839100000001,0.00077587869,0.0005818965336118779,43348000.0,-50.44236755
2026-10-07T10:24:06,,2400000000.0,5000000000.0,0,8,10,0.6009377006322857,0.6009376,6204385279.999994,6,64,37500000.0,15000000.0,20000.0,50000.0,20,RMS,POW,LIN,0.7499839100000001,0.00077587869,0.0005818965336118779,43352000.0,-50.77960205
2026-10-07T10:24:06,,2400000000.0,5000000000.0,0,8,10,0.6009377006322857,0.6009376,6204385279.999994,6,64,37500000.0,15000000.0,20000.0,50000.0,20,RMS,POW,LIN,0.7499839100000001,0.00077587869,0.0005818965336118779,43356000.0,-50.8401413
2026-10-07T10:24:06,,2400000000.0,5000000000.0,0,8,10,0.6009377006322857,0.6009376,6204385279.999994,6,64,37500000.0,15000000.0,20000.0,50000.0,20,RMS,POW,LIN,0.7499839100000001,0.00077587869,0.0005818965336118779,43360000.0,-50.65059662
2026-10-07T10:24:06,,2400000000.0,5000000000.0,0,8,10,0.6009377006322857,0.6009376,6204385279.999994,6,64,37500000.0,15000000.0,20000.0,50000.0,20,RMS,POW,LIN,0.7499839100000001,0.00077587869,0.0005818965336118779,43364000.0,-50.39321518
2026-10-07T10:24:06,,2400000000.0,5000000000.0,0,8,10,0.6009377006322857,0.6009376,6204385279.999994,6,64,37500000.0,15000000.0,20000.0,50000.0,20,RMS,POW,LIN,0.7499839100000001,0.00077587869,0.0005818965336118779,43368000.0,-50.2359848
2026-10-07T10:24:06,,2400000000.0,5000000000.0,0,8,10,0.6009377006322857,0.6009376,6204385279.999994,6,64,37500000.0,15000000.0,20000.0,50000.0,20,RMS,POW,LIN,0.7499839100000001,0.00077587869,0.0005818965336118779,43372000.0,-50.21577454
2026-10-07T10:24:06,,2400000000.0,5000000000.0,0,8,10,0.6009377006322857,0.6009376,6204385279.999994,6,64,37500000.0,15000000.0,20000.0,50000.0,20,RMS,POW,LIN,0.7499839100000001,0.00077587869,0.0005818965336118779,43376000.0,-50.2286644
2026-10-07T10:24:06,,2400000000.0,5000000000.0,0,8,10,0.6009377006322857,0.6009376,6204385279.999994,6,64,37500000.0,15000000.0,20000.0,50000.0,20,RMS,POW,LIN,0.7499839100000001,0.00077587869,0.0005818965336118779,43380000.0,-50.1233139
2026-10-07T10:24:06,,2400000000.0,5000000000.0,0,8,10,0.6009377006322857,0.6009376,6204385279.999994,6,64,37500000.0,15000000.0,20000.0,50000.0,20,RMS,POW,LIN,0.7499839100000001,0.00077587869,0.0005818965336118779,43384000.0,-49.8796463
2026-10-07T10:24:06,,2400000000.0,5000000000.0,0,8,10,0.6009377006322857,0.6009376,6204385279.999994,6,64,37500000.0,15000000.0,20000.0,50000.0,20,RMS,POW,LIN,0.7499839100000001,0.00077587869,0.0005818965336118779,43388000.0,-49.68397141
2026-10-07T10:24:06,,2400000000.0,5000000000.0,0,8,10,0.6009377006322857,0.6009376,6204385279.999994,6,64,37500000.0,15000000.0,20000.0,50000.0,20,RMS,POW,LIN,0.7499839100000001,0.00077587869,0.0005818965336118779,43392000.0,-49.79092407
2026-10-07T10:24:06,,2400000000.0,5000000000.0,0,8,10,0.6009377006322857,0.6009376,6204385279.999994,6,64,37500000.0,15000000.0,20000.0,50000.0,20,RMS,POW,LIN,0.7499839100000001,0.00077587869,0.0005818965336118779,43396000.0,-50.3552475
2026-10-07T10:24:06,,2400000000.0,5000000000.0,0,8,10,0.6009377006322857,0.6009376,6204385279.999994,6,64,37500000.0,15000000.0,20000.0,50000.0,20,RMS,POW,LIN,0.7499839100000001,0.00077587869,0.0005818965336118779,43400000.0,-51.31212616
2026-10-07T10:24:06,,2400000000.0,5000000000.0,0,8,10,0.6009377006322857,0.6009376,6204385279.999994,6,64,37500000.0,15000000.0,20000.0,50000.0,20,RMS,POW,LIN,0.7499839100000001,0.00077587869,0.0005818965336118779,43404000.0,-52.24189377
2026-10-07T10:24:06,,2400000000.0,5000000000.0,0,8,10,0.6009377006322857,0.6009376,6204385279.999994,6,64,37500000.0,15000000.0,20000.0,50000.0,20,RMS,POW,LIN,0.7499839100000001,0.00077587869,0.0005818965336118779,43408000.0,-52.52527618
2026-10-07T10:24:06,,2400000000.0,5000000000.0,0,8,10,0.6009377006322857,0.6009376,6204385279.999994,6,64,37500000.0,15000000.0,20000.0,50000.0,20,RMS,POW,LIN,0.7499839100000001,0.00077587869,0.0005818965336118779,43412000.0,-52.13724518
2026-10-07T10:24:06,,2400000000.0,5000000000.0,0,8,10,0.6009377006322857,0.6009376,6204385279.999994,6,64,37500000.0,15000000.0,20000.0,50000.0,20,RMS,POW,LIN,0.7499839100000001,0.00077587869,0.0005818965336118779,43416000.0,-51.67527771
2026-10-07T10:24:06,,2400000000.0,5000000000.0,0,8,10,0.6009377006322857,0.6009376,6204385279.999994,6,64,37500000.0,15000000.0,20000.0,50000.0,20,RMS,POW,LIN,0.7499839100000001,0.00077587869,0.0005818965336118779,43420000.0,-51.54702759
2026-10-07T10:24:06,,2400000000.0,5000000000.0,0,8,10,0.6009377006322857,0.6009376,6204385279.999994,6,64,37500000.0,15000000.0,20000.0,50000.0,20,RMS,POW,LIN,0.7499839100000001,0.00077587869,0.0005818965336118779,43424000.0,-51.76687241
2026-10-07T10:24:06,,2400000000.0,5000000000.0,0,8,10,0.6009377006322857,0.6009376,6204385279.999994,6,64,37500000.0,15000000.0,20000.0,50000.0,20,RMS,POW,LIN,0.7499839100000001,0.00077587869,0.0005818965336118779,43428000.0,-52.08738708
2026-10-07T10:24:06,,2400000000.0,5000000000.0,0,8,10,0.6009377006322857,0.6009376,6204385279.999994,6,64,37500000.0,15000000.0,20000.0,50000.0,20,RMS,POW,LIN,0.7499839100000001,0.00077587869,0.0005818965336118779,43432000.0,-52.20551682
2026-10-07T10:24:06,,2400000000.0,5000000000.0,0,8,10,0.6009377006322857,0.6009376,6204385279.999994,6,64,37500000.0,15000000.0,20000.0,50000.0,20,RMS,POW,LIN,0.7499839100000001,0.00077587869,0.0005818965336118779,43436000.0,-52.03404617
2026-10-07T10:24:06,,2400000000.0,5000000000.0,0,8,10,0.6009377006322857,0.6009376,6204385279.999994,6,64,37500000.0,15000000.0,20000.0,50000.0,20,RMS,POW,LIN,0.7499839100000001,0.00077587869,0.0005818965336118779,43440000.0,-51.71986008
2026-10-07T10:24:06,,2400000000.0,5000000000.0,0,8,10,0.6009377006322857,0.6009376,6204385279.999994,6,64,37500000.0,15000000.0,20000.0,50000.0,20,RMS,POW,LIN,0.7499839100000001,0.00077587869,0.0005818965336118779,43444000.0,-51.41268921
2026-10-07T10:24:06,,2400000000.0,5000000000.0,0,8,10,0.6009377006322857,0.6009376,6204385279.999994,6,64,37500000.0,15000000.0,20000.0,50000.0,20,RMS,POW,LIN,0.7499839100000001,0.00077587869,0.0005818965336118779,43448000.0,-51.17155838
2026-10-07T10:24:06,,2400000000.0,5000000000.0,0,8,10,0.6009377006322857,0.6009376,6204385279.999994,6,64,37500000.0,15000000.0,20000.0,50000.0,20,RMS,POW,LIN,0.7499839100000001,0.00077587869,0.0005818965336118779,43452000.0,-51.01699066
2026-10-07T10:24:06,,2400000000.0,5000000000.0,0,8,10,0.6009377006322857,0.6009376,6204385279.999994,6,64,37500000.0,15000000.0,20000.0,50000.0,20,RMS,POW,LIN,0.7499839100000001,0.00077587869,0.0005818965336118779,43456000.0,-50.94948578
2026-10-07T10:24:06,,2400000000.0,5000000000.0,0,8,10,0.6009377006322857,0.6009376,6204385279.999994,6,64,37500000.0,15000000.0,20000.0,50000.0,20,RMS,POW,LIN,0.7499839100000001,0.00077587869,0.0005818965336118779,43460000.0,-50.91408539
2026-10-07T10:24:06,,2400000000.0,5000000000.0,0,8,10,0.6009377006322857,0.6009376,6204385279.999994,6,64,37500000.0,15000000.0,20000.0,50000.0,20,RMS,POW,LIN,0.7499839100000001,0.00077587869,0.0005818965336118779,43464000.0,-50.81206131
2026-10-07T10:24:06,,2400000000.0,5000000000.0,0,8,10,0.6009377006322857,0.6009376,6204385279.999994,6,64,37500000.0,15000000.0,20000.0,50000.0,20,RMS,POW,LIN,0.7499839100000001,0.00077587869,0.0005818965336118779,43468000.0,-50.59524155
2026-10-07T10:24:06,,2400000000.0,5000000000.0,0,8,10,0.6009377006322857,0.6009376,6204385279.999994,6,64,37500000.0,15000000.0,20000.0,50000.0,20,RMS,POW,LIN,0.7499839100000001,0.00077587869,0.0005818965336118779,43472000.0,-50.32795334
2026-10-07T10:24:06,,2400000000.0,5000000000.0,0,8,10,0.6009377006322857,0.6009376,6204385279.999994,6,64,37500000.0,15000000.0,20000.0,50000.0,20,RMS,POW,LIN,0.7499839100000001,0.00077587869,0.0005818965336118779,43476000.0,-50.13360214
2026-10-07T10:24:06,,2400000000.0,5000000000.0,0,8,10,0.6009377006322857,0.6009376,6204385279.999994,6,64,37500000.0,15000000.0,20000.0,50000.0,20,RMS,POW,LIN,0.7499839100000001,0.00077587869,0.0005818965336118779,43480000.0,-50.1183548
2026-10-07T10:24:06,,2400000000.0,5000000000.0,0,8,10,0.6009377006322857,0.6009376,6204385279.999994,6,64,37500000.0,15000000.0,20000.0,50000.0,20,RMS,POW,LIN,0.7499839100000001,0.00077587869,0.0005818965336118779,43484000.0,-50.34389496
2026-10-07T10:24:06,,2400000000.0,5000000000.0,0,8,10,0.6009377006322857,0.6009376,6204385279.999994,6,64,37500000.0,15000000.0,20000.0,50000.0,20,RMS,POW,LIN,0.7499839100000001,0.00077587869,0.0005818965336118779,43488000.0,-50.80947113
2026-10-07T10:24:06,,2400000000.0,5000000000.0,0,8,10,0.6009377006322857,0.6009376,6204385279.999994,6,64,37500000.0,15000000.0,20000.0,50000.0,20,RMS,POW,LIN,0.7499839100000001,0.00077587869,0.0005818965336118779,43492000.0,-51.40437317
2026-10-07T10:24:06,,2400000000.0,5000000000.0,0,8,10,0.6009377006322857,0.6009376,6204385279.999994,6,64,37500000.0,15000000.0,20000.0,50000.0,20,RMS,POW,LIN,0.7499839100000001,0.00077587869,0.0005818965336118779,43496000.0,-51.87803268
2026-10-07T10:24:06,,2400000000.0,5000000000.0,0,8,10,0.6009377006322857,0.6009376,6204385279.999994,6,64,37500000.0,15000000.0,20000.0,50000.0,20,RMS,POW,LIN,0.7499839100000001,0.00077587869,0.0005818965336118779,43500000.0,-51.9772377
2026-10-07T10:24:06,,2400000000.0,5000000000.0,0,8,10,0.6009377006322857,0.6009376,6204385279.999994,6,64,37500000.0,15000000.0,20000.0,50000.0,20,RMS,POW,LIN,0.7499839100000001,0.00077587869,0.0005818965336118779,43504000.0,-51.70765305
2026-10-07T10:24:06,,2400000000.0,5000000000.0,0,8,10,0.6009377006322857,0.6009376,6204385279.999994,6,64,37500000.0,15000000.0,20000.0,50000.0,20,RMS,POW,LIN,0.7499839100000001,0.00077587869,0.0005818965336118779,43508000.0,-51.29811478
2026-10-07T10:24:06,,2400000000.0,5000000000.0,0,8,10,0.6009377006322857,0.6009376,6204385279.999994,6,64,37500000.0,15000000.0,20000.0,50000.0,20,RMS,POW,LIN,0.7499839100000001,0.00077587869,0.0005818965336118779,43512000.0,-50.92362976
2026-10-07T10:24:06,,2400000000.0,5000000000.0,0,8,10,0.6009377006322857,0.6009376,6204385279.999994,6,64,37500000.0,15000000.0,20000.0,50000.0,20,RMS,POW,LIN,0.7499839100000001,0.00077587869,0.0005818965336118779,43516000.0,-50.61558533
2026-10-07T10:24:06,,2400000000.0,5000000000.0,0,8,10,0.6009377006322857,0.6009376,6204385279.999994,6,64,37500000.0,15000000.0,20000.0,50000.0,20,RMS,POW,LIN,0.7499839100000001,0.00077587869,0.0005818965336118779,43520000.0,-50.36045074
2026-10-07T10:24:06,,2400000000.0,5000000000.0,0,8,10,0.6009377006322857,0.6009376,6204385279.999994,6,64,37500000.0,15000000.0,20000.0,50000.0,20,RMS,POW,LIN,0.7499839100000001,0.00077587869,0.0005818965336118779,43524000.0,-50.19451523
2026-10-07T10:24:06,,2400000000.0,5000000000.0,0,8,10,0.6009377006322857,0.6009376,6204385279.999994,6,64,37500000.0,15000000.0,20000.0,50000.0,20,RMS,POW,LIN,0.7499839100000001,0.00077587869,0.0005818965336118779,43528000.0,-50.19155884
2026-10-07T10:24:06,,2400000000.0,5000000000.0,0,8,10,0.6009377006322857,0.6009376,6204385279.999994,6,64,37500000.0,15000000.0,20000.0,50000.0,20,RMS,POW,LIN,0.7499839100000001,0.00077587869,0.0005818965336118779,43532000.0,-50.3886528
2026-10-07T10:24:06,,2400000000.0,5000000000.0,0,8,10,0.6009377006322857,0.6009376,6204385279.999994,6,64,37500000.0,15000000.0,20000.0,50000.0,20,RMS,POW,LIN,0.7499839100000001,0.00077587869,0.0005818965336118779,43536000.0,-50.73830795
2026-10-07T10:24:06,,2400000000.0,5000000000.0,0,8,10,0.6009377006322857,0.6009376,6204385279.999994,6,64,37500000.0,15000000.0,20000.0,50000.0,20,RMS,POW,LIN,0.7499839100000001,0.00077587869,0.0005818965336118779,43540000.0,-51.11880112
2026-10-07T10:24:06,,2400000000.0,5000000000.0,0,8,10,0.6009377006322857,0.6009376,6204385279.999994,6,64,37500000.0,15000000.0,20000.0,50000.0,20,RMS,POW,LIN,0.7499839100000001,0.00077587869,0.0005818965336118779,43544000.0,-51.40073013
2026-10-07T10:24:06,,2400000000.0,5000000000.0,0,8,10,0.6009377006322857,0.6009376,6204385279.999994,6,64,37500000.0,15000000.0,20000.0,50000.0,20,RMS,POW,LIN,0.7499839100000001,0.00077587869,0.0005818965336118779,43548000.0,-51.534832
2026-10-07T10:24:06,,2400000000.0,5000000000.0,0,8,10,0.6009377006322857,0.6009376,6204385279.999994,6,64,37500000.0,15000000.0,20000.0,50000.0,20,RMS,POW,LIN,0.7499839100000001,0.00077587869,0.0005818965336118779,43552000.0,-51.57752609
2026-10-07T10:24:06,,2400000000.0,5000000000.0,0,8,10,0.6009377006322857,0.6009376,6204385279.999994,6,64,37500000.0,15000000.0,20000.0,50000.0,20,RMS,POW,LIN,0.7499839100000001,0.00077587869,0.0005818965336118779,43556000.0,-51.61730957
2026-10-07T10:24:06,,2400000000.0,5000000000.0,0,8,10,0.6009377006322857,0.6009376,6204385279.999994,6,64,37500000.0,15000000.0,20000.0,50000.0,20,RMS,POW,LIN,0.7499839100000001,0.00077587869,0.0005818965336118779,43560000.0,-51.6763916
2026-10-07T10:24:06,,2400000000.0,5000000000.0,0,8,10,0.6009377006322857,0.6009376,6204385279.999994,6,64,37500000.0,15000000.0,20000.0,50000.0,20,RMS,POW,LIN,0.7499839100000001,0.00077587869,0.0005818965336118779,43564000.0,-51.68158722
2026-10-07T10:24:06,,2400000000.0,5000000000.0,0,8,10,0.6009377006322857,0.6009376,6204385279.999994,6,64,37500000.0,15000000.0,20000.0,50000.0,20,RMS,POW,LIN,0.7499839100000001,0.00077587869,0.0005818965336118779,43568000.0,-51.54925537
2026-10-07T10:24:06,,2400000000.0,5000000000.0,0,8,10,0.6009377006322857,0.6009376,6204385279.999994,6,64,37500000.0,15000000.0,20000.0,50000.0,20,RMS,POW,LIN,0.7499839100000001,0.00077587869,0.0005818965336118779,43572000.0,-51.31933975
2026-10-07T10:24:06,,2400000000.0,5000000000.0,0,8,10,0.6009377006322857,0.6009376,6204385279.999994,6,64,37500000.0,15000000.0,20000.0,50000.0,20,RMS,POW,LIN,0.7499839100000001,0.00077587869,0.0005818965336118779,43576000.0,-51.17011642
2026-10-07T10:24:06,,2400000000.0,5000000000.0,0,8,10,0.6009377006322857,0.6009376,6204385279.999994,6,64,37500000.0,15000000.0,20000.0,50000.0,20,RMS,POW,LIN,0.7499839100000001,0.00077587869,0.0005818965336118779,43580000.0,-51.29458618
2026-10-07T10:24:06,,2400000000.0,5000000000.0,0,8,10,0.6009377006322857,0.6009376,6204385279.999994,6,64,37500000.0,15000000.0,20000.0,50000.0,20,RMS,POW,LIN,0.7499839100000001,0.00077587869,0.0005818965336118779,43584000.0,-51.76152039
2026-10-07T10:24:06,,2400000000.0,5000000000.0,0,8,10,0.6009377006322857,0.6009376,6204385279.999994,6,64,37500000.0,15000000.0,20000.0,50000.0,20,RMS,POW,LIN,0.7499839100000001,0.00077587869,0.0005818965336118779,43588000.0,-52.37595749
2026-10-07T10:24:06,,2400000000.0,5000000000.0,0,8,10,0.6009377006322857,0.6009376,6204385279.999994,6,64,37500000.0,15000000.0,20000.0,50000.0,20,RMS,POW,LIN,0.7499839100000001,0.00077587869,0.0005818965336118779,43592000.0,-52.63020706
2026-10-07T10:24:06,,2400000000.0,5000000000.0,0,8,10,0.6009377006322857,0.6009376,6204385279.999994,6,64,37500000.0,15000000.0,20000.0,50000.0,20,RMS,POW,LIN,0.7499839100000001,0.00077587869,0.0005818965336118779,43596000.0,-52.19763565
2026-10-07T10:24:06,,2400000000.0,5000000000.0,0,8,10,0.6009377006322857,0.6009376,6204385279.999994,6,64,37500000.0,15000000.0,20000.0,50000.0,20,RMS,POW,LIN,0.7499839100000001,0.00077587869,0.0005818965336118779,43600000.0,-51.45900345
2026-10-07T10:24:06,,2400000000.0,5000000000.0,0,8,10,0.6009377006322857,0.6009376,6204385279.999994,6,64,37500000.0,15000000.0,20000.0,50000.0,20,RMS,POW,LIN,0.7499839100000001,0.00077587869,0.0005818965336118779,43604000.0,-50.95955276
2026-10-07T10:24:06,,2400000000.0,5000000000.0,0,8,10,0.6009377006322857,0.6009376,6204385279.999994,6,64,37500000.0,15000000.0,20000.0,50000.0,20,RMS,POW,LIN,0.7499839100000001,0.00077587869,0.0005818965336118779,43608000.0,-50.92724228
2026-10-07T10:24:06,,2400000000.0,5000000000.0,0,8,10,0.6009377006322857,0.6009376,6204385279.999994,6,64,37500000.0,15000000.0,20000.0,50000.0,20,RMS,POW,LIN,0.7499839100000001,0.00077587869,0.0005818965336118779,43612000.0,-51.32431793
2026-10-07T10:24:06,,2400000000.0,5000000000.0,0,8,10,0.6009377006322857,0.6009376,6204385279.999994,6,64,37500000.0,15000000.0,20000.0,50000.0,20,RMS,POW,LIN,0.7499839100000001,0.00077587869,0.0005818965336118779,43616000.0,-51.96014404
2026-10-07T10:24:06,,2400000000.0,5000000000.0,0,8,10,0.6009377006322857,0.6009376,6204385279.999994,6,64,37500000.0,15000000.0,20000.0,50000.0,20,RMS,POW,LIN,0.7499839100000001,0.00077587869,0.0005818965336118779,43620000.0,-52.56584167
2026-10-07T10:24:06,,2400000000.0,5000000000.0,0,8,10,0.6009377006322857,0.6009376,6204385279.999994,6,64,37500000.0,15000000.0,20000.0,50000.0,20,RMS,POW,LIN,0.7499839100000001,0.00077587869,0.0005818965336118779,43624000.0,-52.91633987
2026-10-07T10:24:06,,2400000000.0,5000000000.0,0,8,10,0.6009377006322857,0.6009376,6204385279.999994,6,64,37500000.0,15000000.0,20000.0,50000.0,20,RMS,POW,LIN,0.7499839100000001,0.00077587869,0.0005818965336118779,43628000.0,-52.98773575
2026-10-07T10:24:06,,2400000000.0,5000000000.0,0,8,10,0.6009377006322857,0.6009376,6204385279.999994,6,64,37500000.0,15000000.0,20000.0,50000.0,20,RMS,POW,LIN,0.7499839100000001,0.00077587869,0.0005818965336118779,43632000.0,-52.94139862
2026-10-07T10:24:06,,2400000000.0,5000000000.0,0,8,10,0.6009377006322857,0.6009376,6204385279.999994,6,64,37500000.0,15000000.0,20000.0,50000.0,20,RMS,POW,LIN,0.7499839100000001,0.00077587869,0.0005818965336118779,43636000.0,-52.92064667
2026-10-07T10:24:06,,2400000000.0,5000000000.0,0,8,10,0.6009377006322857,0.6009376,6204385279.999994,6,64,37500000.0,15000000.0,20000.0,50000.0,20,RMS,POW,LIN,0.7499839100000001,0.00077587869,0.0005818965336118779,43640000.0,-52.93065262
2026-10-07T10:24:06,,2400000000.0,5000000000.0,0,8,10,0.6009377006322857,0.6009376,6204385279.999994,6,64,37500000.0,15000000.0,20000.0,50000.0,20,RMS,POW,LIN,0.7499839100000001,0.00077587869,0.0005818965336118779,43644000.0,-52.88781738
2026-10-07T10:24:06,,2400000000.0,5000000000.0,0,8,10,0.6009377006322857,0.6009376,6204385279.999994,6,64,37500000.0,15000000.0,20000.0,50000.0,20,RMS,POW,LIN,0.7499839100000001,0.00077587869,0.0005818965336118779,43648000.0,-52.7017746
2026-10-07T10:24:06,,2400000000.0,5000000000.0,0,8,10,0.6009377006322857,0.6009376,6204385279.999994,6,64,37500000.0,15000000.0,20000.0,50000.0,20,RMS,POW,LIN,0.7499839100000001,0.00077587869,0.0005818965336118779,43652000.0,-52.29428101
2026-10-07T10:24:06,,2400000000.0,5000000000.0,0,8,10,0.6009377006322857,0.6009376,6204385279.999994,6,64,37500000.0,15000000.0,20000.0,50000.0,20,RMS,POW,LIN,0.7499839100000001,0.00077587869,0.0005818965336118779,43656000.0,-51.65727234
2026-10-07T10:24:06,,2400000000.0,5000000000.0,0,8,10,0.6009377006322857,0.6009376,6204385279.999994,6,64,37500000.0,15000000.0,20000.0,50000.0,20,RMS,POW,LIN,0.7499839100000001,0.00077587869,0.0005818965336118779,43660000.0,-50.94269943
2026-10-07T10:24:06,,2400000000.0,5000000000.0,0,8,10,0.6009377006322857,0.6009376,6204385279.999994,6,64,37500000.0,15000000.0,20000.0,50000.0,20,RMS,POW,LIN,0.7499839100000001,0.00077587869,0.0005818965336118779,43664000.0,-50.3804245
2026-10-07T10:24:06,,2400000000.0,5000000000.0,0,8,10,0.6009377006322857,0.6009376,6204385279.999994,6,64,37500000.0,15000000.0,20000.0,50000.0,20,RMS,POW,LIN,0.7499839100000001,0.00077587869,0.0005818965336118779,43668000.0,-50.10425949
2026-10-07T10:24:06,,2400000000.0,5000000000.0,0,8,10,0.6009377006322857,0.6009376,6204385279.999994,6,64,37500000.0,15000000.0,20000.0,50000.0,20,RMS,POW,LIN,0.7499839100000001,0.00077587869,0.0005818965336118779,43672000.0,-50.08195496
2026-10-07T10:24:06,,2400000000.0,5000000000.0,0,8,10,0.6009377006322857,0.6009376,6204385279.999994,6,64,37500000.0,15000000.0,20000.0,50000.0,20,RMS,POW,LIN,0.7499839100000001,0.00077587869,0.0005818965336118779,43676000.0,-50.15514374
2026-10-07T10:24:06,,2400000000.0,5000000000.0,0,8,10,0.6009377006322857,0.6009376,6204385279.999994,6,64,37500000.0,15000000.0,20000.0,50000.0,20,RMS,POW,LIN,0.7499839100000001,0.00077587869,0.0005818965336118779,43680000.0,-50.15287018
2026-10-07T10:24:06,,2400000000.0,5000000000.0,0,8,10,0.6009377006322857,0.6009376,6204385279.999994,6,64,37500000.0,15000000.0,20000.0,50000.0,20,RMS,POW,LIN,0.7499839100000001,0.00077587869,0.0005818965336118779,43684000.0,-50.01725006
2026-10-07T10:24:06,,2400000000.0,5000000000.0,0,8,10,0.6009377006322857,0.6009376,6204385279.999994,6,64,37500000.0,15000000.0,20000.0,50000.0,20,RMS,POW,LIN,0.7499839100000001,0.00077587869,0.0005818965336118779,43688000.0,-49.82622528
2026-10-07T10:24:06,,2400000000.0,5000000000.0,0,8,10,0.6009377006322857,0.6009376,6204385279.999994,6,64,37500000.0,15000000.0,20000.0,50000.0,20,RMS,POW,LIN,0.7499839100000001,0.00077587869,0.0005818965336118779,43692000.0,-49.7082634
2026-10-07T10:24:06,,2400000000.0,5000000000.0,0,8,10,0.6009377006322857,0.6009376,6204385279.999994,6,64,37500000.0,15000000.0,20000.0,50000.0,20,RMS,POW,LIN,0.7499839100000001,0.00077587869,0.0005818965336118779,43696000.0,-49.75429153
2026-10-07T10:24:06,,2400000000.0,5000000000.0,0,8,10,0.6009377006322857,0.6009376,6204385279.999994,6,64,37500000.0,15000000.0,20000.0,50000.0,20,RMS,POW,LIN,0.7499839100000001,0.00077587869,0.0005818965336118779,43700000.0,-49.97393799
2026-10-07T10:24:06,,2400000000.0,5000000000.0,0,8,10,0.6009377006322857,0.6009376,6204385279.999994,6,64,37500000.0,15000000.0,20000.0,50000.0,20,RMS,POW,LIN,0.7499839100000001,0.00077587869,0.0005818965336118779,43704000.0,-50.29125214
2026-10-07T10:24:06,,2400000000.0,5000000000.0,0,8,10,0.6009377006322857,0.6009376,6204385279.999994,6,64,37500000.0,15000000.0,20000.0,50000.0,20,RMS,POW,LIN,0.7499839100000001,0.00077587869,0.0005818965336118779,43708000.0,-50.58721542
2026-10-07T10:24:06,,2400000000.0,5000000000.0,0,8,10,0.6009377006322857,0.6009376,6204385279.999994,6,64,37500000.0,15000000.0,20000.0,50000.0,20,RMS,POW,LIN,0.7499839100000001,0.00077587869,0.0005818965336118779,43712000.0,-50.78179169
2026-10-07T10:24:06,,2400000000.0,5000000000.0,0,8,10,0.6009377006322857,0.6009376,6204385279.999994,6,64,37500000.0,15000000.0,20000.0,50000.0,20,RMS,POW,LIN,0.7499839100000001,0.00077587869,0.0005818965336118779,43716000.0,-50.88282776
2026-10-07T10:24:06,,2400000000.0,5000000000.0,0,8,10,0.6009377006322857,0.6009376,6204385279.999994,6,64,37500000.0,15000000.0,20000.0,50000.0,20,RMS,POW,LIN,0.7499839100000001,0.00077587869,0.0005818965336118779,43720000.0,-50.94662476
2026-10-07T10:24:06,,2400000000.0,5000000000.0,0,8,10,0.6009377006322857,0.6009376,6204385279.999994,6,64,37500000.0,15000000.0,20000.0,50000.0,20,RMS,POW,LIN,0.7499839100000001,0.00077587869,0.0005818965336118779,43724000.0,-51.01076126
2026-10-07T10:24:06,,2400000000.0,5000000000.0,0,8,10,0.6009377006322857,0.6009376,6204385279.999994,6,64,37500000.0,15000000.0,20000.0,50000.0,20,RMS,POW,LIN,0.7499839100000001,0.00077587869,0.0005818965336118779,43728000.0,-51.07469177
2026-10-07T10:24:06,,2400000000.0,5000000000.0,0,8,10,0.6009377006322857,0.6009376,6204385279.999994,6,64,37500000.0,15000000.0,20000.0,50000.0,20,RMS,POW,LIN,0.7499839100000001,0.00077587869,0.0005818965336118779,43732000.0,-51.12565231
2026-10-07T10:24:06,,2400000000.0,5000000000.0,0,8,10,0.6009377006322857,0.6009376,6204385279.999994,6,64,37500000.0,15000000.0,20000.0,50000.0,20,RMS,POW,LIN,0.7499839100000001,0.00077587869,0.0005818965336118779,43736000.0,-51.17152405
2026-10-07T10:24:06,,2400000000.0,5000000000.0,0,8,10,0.6009377006322857,0.6009376,6204385279.999994,6,64,37500000.0,15000000.0,20000.0,50000.0,20,RMS,POW,LIN,0.7499839100000001,0.00077587869,0.0005818965336118779,43740000.0,-51.2510643
2026-10-07T10:24:06,,2400000000.0,5000000000.0,0,8,10,0.6009377006322857,0.6009376,6204385279.999994,6,64,37500000.0,15000000.0,20000.0,50000.0,20,RMS,POW,LIN,0.7499839100000001,0.00077587869,0.0005818965336118779,43744000.0,-51.41646194
2026-10-07T10:24:06,,2400000000.0,5000000000.0,0,8,10,0.6009377006322857,0.6009376,6204385279.999994,6,64,37500000.0,15000000.0,20000.0,50000.0,20,RMS,POW,LIN,0.7499839100000001,0.00077587869,0.0005818965336118779,43748000.0,-51.70269394
2026-10-07T10:24:06,,2400000000.0,5000000000.0,0,8,10,0.6009377006322857,0.6009376,6204385279.999994,6,64,37500000.0,15000000.0,20000.0,50000.0,20,RMS,POW,LIN,0.7499839100000001,0.00077587869,0.0005818965336118779,43752000.0,-52.1027565
2026-10-07T10:24:06,,2400000000.0,5000000000.0,0,8,10,0.6009377006322857,0.6009376,6204385279.999994,6,64,37500000.0,15000000.0,20000.0,50000.0,20,RMS,POW,LIN,0.7499839100000001,0.00077587869,0.0005818965336118779,43756000.0,-52.55804062
2026-10-07T10:24:06,,2400000000.0,5000000000.0,0,8,10,0.6009377006322857,0.6009376,6204385279.999994,6,64,37500000.0,15000000.0,20000.0,50000.0,20,RMS,POW,LIN,0.7499839100000001,0.00077587869,0.0005818965336118779,43760000.0,-52.96298599
2026-10-07T10:24:06,,2400000000.0,5000000000.0,0,8,10,0.6009377006322857,0.6009376,6204385279.999994,6,64,37500000.0,15000000.0,20000.0,50000.0,20,RMS,POW,LIN,0.7499839100000001,0.00077587869,0.0005818965336118779,43764000.0,-53.19365692
2026-10-07T10:24:06,,2400000000.0,5000000000.0,0,8,10,0.6009377006322857,0.6009376,6204385279.999994,6,64,37500000.0,15000000.0,20000.0,50000.0,20,RMS,POW,LIN,0.7499839100000001,0.00077587869,0.0005818965336118779,43768000.0,-53.18135834
2026-10-07T10:24:06,,2400000000.0,5000000000.0,0,8,10,0.6009377006322857,0.6009376,6204385279.999994,6,64,37500000.0,15000000.0,20000.0,50000.0,20,RMS,POW,LIN,0.7499839100000001,0.00077587869,0.0005818965336118779,43772000.0,-52.98267365
2026-10-07T10:24:06,,2400000000.0,5000000000.0,0,8,10,0.6009377006322857,0.6009376,6204385279.999994,6,64,37500000.0,15000000.0,20000.0,50000.0,20,RMS,POW,LIN,0.7499839100000001,0.00077587869,0.0005818965336118779,43776000.0,-52.73524857
2026-10-07T10:24:06,,2400000000.0,5000000000.0,0,8,10,0.6009377006322857,0.6009376,6204385279.999994,6,64,37500000.0,15000000.0,20000.0,50000.0,20,RMS,POW,LIN,0.7499839100000001,0.00077587869,0.0005818965336118779,43780000.0,-52.53156281
2026-10-07T10:24:06,,2400000000.0,5000000000.0,0,8,10,0.6009377006322857,0.6009376,6204385279.999994,6,64,37500000.0,15000000.0,20000.0,50000.0,20,RMS,POW,LIN,0.7499839100000001,0.00077587869,0.0005818965336118779,43784000.0,-52.35331726
2026-10-07T10:24:06,,2400000000.0,5000000000.0,0,8,10,0.6009377006322857,0.6009376,6204385279.999994,6,64,37500000.0,15000000.0,20000.0,50000.0,20,RMS,POW,LIN,0.7499839100000001,0.00077587869,0.0005818965336118779,43788000.0,-52.12228012
2026-10-07T10:24:06,,2400000000.0,5000000000.0,0,8,10,0.6009377006322857,0.6009376,6204385279.999994,6,64,37500000.0,15000000.0,20000.0,50000.0,20,RMS,POW,LIN,0.7499839100000001,0.00077587869,0.0005818965336118779,43792000.0,-51.81019592
2026-10-07T10:24:06,,2400000000.0,5000000000.0,0,8,10,0.6009377006322857,0.6009376,6204385279.999994,6,64,37500000.0,15000000.0,20000.0,50000.0,20,RMS,POW,LIN,0.7499839100000001,0.00077587869,0.0005818965336118779,43796000.0,-51.47949982
2026-10-07T10:24:06,,2400000000.0,5000000000.0,0,8,10,0.6009377006322857,0.6009376,6204385279.999994,6,64,37500000.0,15000000.0,20000.0,50000.0,20,RMS,POW,LIN,0.7499839100000001,0.00077587869,0.0005818965336118779,43800000.0,-51.21466827
2026-10-07T10:24:06,,2400000000.0,5000000000.0,0,8,10,0.6009377006322857,0.6009376,6204385279.999994,6,64,37500000.0,15000000.0,20000.0,50000.0,20,RMS,POW,LIN,0.7499839100000001,0.00077587869,0.0005818965336118779,43804000.0,-51.05158234
2026-10-07T10:24:06,,2400000000.0,5000000000.0,0,8,10,0.6009377006322857,0.6009376,6204385279.999994,6,64,37500000.0,15000000.0,20000.0,50000.0,20,RMS,POW,LIN,0.7499839100000001,0.00077587869,0.0005818965336118779,43808000.0,-50.97665787
2026-10-07T10:24:06,,2400000000.0,5000000000.0,0,8,10,0.6009377006322857,0.6009376,6204385279.999994,6,64,37500000.0,15000000.0,20000.0,50000.0,20,RMS,POW,LIN,0.7499839100000001,0.00077587869,0.0005818965336118779,43812000.0,-50.96839523
2026-10-07T10:24:06,,2400000000.0,5000000000.0,0,8,10,0.6009377006322857,0.6009376,6204385279.999994,6,64,37500000.0,15000000.0,20000.0,50000.0,20,RMS,POW,LIN,0.7499839100000001,0.00077587869,0.0005818965336118779,43816000.0,-51.02661514
2026-10-07T10:24:06,,2400000000.0,5000000000.0,0,8,10,0.6009377006322857,0.6009376,6204385279.999994,6,64,37500000.0,15000000.0,20000.0,50000.0,20,RMS,POW,LIN,0.7499839100000001,0.00077587869,0.0005818965336118779,43820000.0,-51.16012573
2026-10-07T10:24:06,,2400000000.0,5000000000.0,0,8,10,0.6009377006322857,0.6009376,6204385279.999994,6,64,37500000.0,15000000.0,20000.0,50000.0,20,RMS,POW,LIN,0.7499839100000001,0.00077587869,0.0005818965336118779,43824000.0,-51.34796524
2026-10-07T10:24:06,,2400000000.0,5000000000.0,0,8,10,0.6009377006322857,0.6009376,6204385279.999994,6,64,37500000.0,15000000.0,20000.0,50000.0,20,RMS,POW,LIN,0.7499839100000001,0.00077587869,0.0005818965336118779,43828000.0,-51.51607513
2026-10-07T10:24:06,,2400000000.0,5000000000.0,0,8,10,0.6009377006322857,0.6009376,6204385279.999994,6,64,37500000.0,15000000.0,20000.0,50000.0,20,RMS,POW,LIN,0.7499839100000001,0.00077587869,0.0005818965336118779,43832000.0,-51.57260513
2026-10-07T10:24:06,,2400000000.0,5000000000.0,0,8,10,0.6009377006322857,0.6009376,6204385279.999994,6,64,37500000.0,15000000.0,20000.0,50000.0,20,RMS,POW,LIN,0.7499839100000001,0.00077587869,0.0005818965336118779,43836000.0,-51.49720383
2026-10-07T10:24:06,,2400000000.0,5000000000.0,0,8,10,0.6009377006322857,0.6009376,6204385279.999994,6,64,37500000.0,15000000.0,20000.0,50000.0,20,RMS,POW,LIN,0.7499839100000001,0.00077587869,0.0005818965336118779,43840000.0,-51.38047791
2026-10-07T10:24:06,,2400000000.0,5000000000.0,0,8,10,0.6009377006322857,0.6009376,6204385279.999994,6,64,37500000.0,15000000.0,20000.0,50000.0,20,RMS,POW,LIN,0.7499839100000001,0.00077587869,0.0005818965336118779,43844000.0,-51.34305191
2026-10-07T10:24:06,,2400000000.0,5000000000.0,0,8,10,0.6009377006322857,0.6009376,6204385279.999994,6,64,37500000.0,15000000.0,20000.0,50000.0,20,RMS,POW,LIN,0.7499839100000001,0.00077587869,0.0005818965336118779,43848000.0,-51.42544937
2026-10-07T10:24:06,,2400000000.0,5000000000.0,0,8,10,0.6009377006322857,0.6009376,6204385279.999994,6,64,37500000.0,15000000.0,20000.0,50000.0,20,RMS,POW,LIN,0.7499839100000001,0.00077587869,0.0005818965336118779,43852000.0,-51.55027008
2026-10-07T10:24:06,,2400000000.0,5000000000.0,0,8,10,0.6009377006322857,0.6009376,6204385279.999994,6,64,37500000.0,15000000.0,20000.0,50000.0,20,RMS,POW,LIN,0.7499839100000001,0.00077587869,0.0005818965336118779,43856000.0,-51.579422
2026-10-07T10:24:06,,2400000000.0,5000000000.0,0,8,10,0.6009377006322857,0.6009376,6204385279.999994,6,64,37500000.0,15000000.0,20000.0,50000.0,20,RMS,POW,LIN,0.7499839100000001,0.00077587869,0.0005818965336118779,43860000.0,-51.43202591
2026-10-07T10:24:06,,2400000000.0,5000000000.0,0,8,10,0.6009377006322857,0.6009376,6204385279.999994,6,64,37500000.0,15000000.0,20000.0,50000.0,20,RMS,POW,LIN,0.7499839100000001,0.00077587869,0.0005818965336118779,43864000.0,-51.14962006
2026-10-07T10:24:06,,2400000000.0,5000000000.0,0,8,10,0.6009377006322857,0.6009376,6204385279.999994,6,64,37500000.0,15000000.0,20000.0,50000.0,20,RMS,POW,LIN,0.7499839100000001,0.00077587869,0.0005818965336118779,43868000.0,-50.84149933
2026-10-07T10:24:06,,2400000000.0,5000000000.0,0,8,10,0.6009377006322857,0.6009376,6204385279.999994,6,64,37500000.0,15000000.0,20000.0,50000.0,20,RMS,POW,LIN,0.7499839100000001,0.00077587869,0.0005818965336118779,43872000.0,-50.59605789
2026-10-07T10:24:06,,2400000000.0,5000000000.0,0,8,10,0.6009377006322857,0.6009376,6204385279.999994,6,64,37500000.0,15000000.0,20000.0,50000.0,20,RMS,POW,LIN,0.7499839100000001,0.00077587869,0.0005818965336118779,43876000.0,-50.43941116
2026-10-07T10:24:06,,2400000000.0,5000000000.0,0,8,10,0.6009377006322857,0.6009376,6204385279.999994,6,64,37500000.0,15000000.0,20000.0,50000.0,20,RMS,POW,LIN,0.7499839100000001,0.00077587869,0.0005818965336118779,43880000.0,-50.34571838
2026-10-07T10:24:06,,2400000000.0,5000000000.0,0,8,10,0.6009377006322857,0.6009376,6204385279.999994,6,64,37500000.0,15000000.0,20000.0,50000.0,20,RMS,POW,LIN,0.7499839100000001,0.00077587869,0.0005818965336118779,43884000.0,-50.28287125
2026-10-07T10:24:06,,2400000000.0,5000000000.0,0,8,10,0.6009377006322857,0.6009376,6204385279.999994,6,64,37500000.0,15000000.0,20000.0,50000.0,20,RMS,POW,LIN,0.7499839100000001,0.00077587869,0.0005818965336118779,43888000.0,-50.25580215
2026-10-07T10:24:06,,2400000000.0,5000000000.0,0,8,10,0.6009377006322857,0.6009376,6204385279.999994,6,64,37500000.0,15000000.0,20000.0,50000.0,20,RMS,POW,LIN,0.7499839100000001,0.00077587869,0.0005818965336118779,43892000.0,-50.29802704
2026-10-07T10:24:06,,2400000000.0,5000000000.0,0,8,10,0.6009377006322857,0.6009376,6204385279.999994,6,64,37500000.0,15000000.0,20000.0,50000.0,20,RMS,POW,LIN,0.7499839100000001,0.00077587869,0.0005818965336118779,43896000.0,-50.4228096
2026-10-07T10:24:06,,2400000000.0,5000000000.0,0,8,10,0.6009377006322857,0.6009376,6204385279.999994,6,64,37500000.0,15000000.0,20000.0,50000.0,20,RMS,POW,LIN,0.7499839100000001,0.00077587869,0.0005818965336118779,43900000.0,-50.59672546
2026-10-07T10:24:06,,2400000000.0,5000000000.0,0,8,10,0.6009377006322857,0.6009376,6204385279.999994,6,64,37500000.0,15000000.0,20000.0,50000.0,20,RMS,POW,LIN,0.7499839100000001,0.00077587869,0.0005818965336118779,43904000.0,-50.76128006
2026-10-07T10:24:06,,2400000000.0,5000000000.0,0,8,10,0.6009377006322857,0.6009376,6204385279.999994,6,64,37500000.0,15000000.0,20000.0,50000.0,20,RMS,POW,LIN,0.7499839100000001,0.00077587869,0.0005818965336118779,43908000.0,-50.86741638
2026-10-07T10:24:06,,2400000000.0,5000000000.0,0,8,10,0.6009377006322857,0.6009376,6204385279.999994,6,64,37500000.0,15000000.0,20000.0,50000.0,20,RMS,POW,LIN,0.7499839100000001,0.00077587869,0.0005818965336118779,43912000.0,-50.88637161
2026-10-07T10:24:06,,2400000000.0,5000000000.0,0,8,10,0.6009377006322857,0.6009376,6204385279.999994,6,64,37500000.0,15000000.0,20000.0,50000.0,20,RMS,POW,LIN,0.7499839100000001,0.00077587869,0.0005818965336118779,43916000.0,-50.81175995
2026-10-07T10:24:06,,2400000000.0,5000000000.0,0,8,10,0.6009377006322857,0.6009376,6204385279.999994,6,64,37500000.0,15000000.0,20000.0,50000.0,20,RMS,POW,LIN,0.7499839100000001,0.00077587869,0.0005818965336118779,43920000.0,-50.66936111
2026-10-07T10:24:06,,2400000000.0,5000000000.0,0,8,10,0.6009377006322857,0.6009376,6204385279.999994,6,64,37500000.0,15000000.0,20000.0,50000.0,20,RMS,POW,LIN,0.7499839100000001,0.00077587869,0.0005818965336118779,43924000.0,-50.50797272
2026-10-07T10:24:06,,2400000000.0,5000000000.0,0,8,10,0.6009377006322857,0.6009376,6204385279.999994,6,64,37500000.0,15000000.0,20000.0,50000.0,20,RMS,POW,LIN,0.7499839100000001,0.00077587869,0.0005818965336118779,43928000.0,-50.36669159
2026-10-07T10:24:06,,2400000000.0,5000000000.0,0,8,10,0.6009377006322857,0.6009376,6204385279.999994,6,64,37500000.0,15000000.0,20000.0,50000.0,20,RMS,POW,LIN,0.7499839100000001,0.00077587869,0.0005818965336118779,43932000.0,-50.25923538
2026-10-07T10:24:06,,2400000000.0,5000000000.0,0,8,10,0.6009377006322857,0.6009376,6204385279.999994,6,64,37500000.0,15000000.0,20000.0,50000.0,20,RMS,POW,LIN,0.7499839100000001,0.00077587869,0.0005818965336118779,43936000.0,-50.19115448
2026-10-07T10:24:06,,2400000000.0,5000000000.0,0,8,10,0.6009377006322857,0.6009376,6204385279.999994,6,64,37500000.0,15000000.0,20000.0,50000.0,20,RMS,POW,LIN,0.7499839100000001,0.00077587869,0.0005818965336118779,43940000.0,-50.18011093
2026-10-07T10:24:06,,2400000000.0,5000000000.0,0,8,10,0.6009377006322857,0.6009376,6204385279.999994,6,64,37500000.0,15000000.0,20000.0,50000.0,20,RMS,POW,LIN,0.7499839100000001,0.00077587869,0.0005818965336118779,43944000.0,-50.25647354
2026-10-07T10:24:06,,2400000000.0,5000000000.0,0,8,10,0.6009377006322857,0.6009376,6204385279.999994,6,64,37500000.0,15000000.0,20000.0,50000.0,20,RMS,POW,LIN,0.7499839100000001,0.00077587869,0.0005818965336118779,43948000.0,-50.45660019
2026-10-07T10:24:06,,2400000000.0,5000000000.0,0,8,10,0.6009377006322857,0.6009376,6204385279.999994,6,64,37500000.0,15000000.0,20000.0,50000.0,20,RMS,POW,LIN,0.7499839100000001,0.00077587869,0.0005818965336118779,43952000.0,-50.82250595
2026-10-07T10:24:06,,2400000000.0,5000000000.0,0,8,10,0.6009377006322857,0.6009376,6204385279.999994,6,64,37500000.0,15000000.0,20000.0,50000.0,20,RMS,POW,LIN,0.7499839100000001,0.00077587869,0.0005818965336118779,43956000.0,-51.39129639
2026-10-07T10:24:06,,2400000000.0,5000000000.0,0,8,10,0.6009377006322857,0.6009376,6204385279.999994,6,64,37500000.0,15000000.0,20000.0,50000.0,20,RMS,POW,LIN,0.7499839100000001,0.00077587869,0.0005818965336118779,43960000.0,-52.14916992
2026-10-07T10:24:06,,2400000000.0,5000000000.0,0,8,10,0.6009377006322857,0.6009376,6204385279.999994,6,64,37500000.0,15000000.0,20000.0,50000.0,20,RMS,POW,LIN,0.7499839100000001,0.00077587869,0.0005818965336118779,43964000.0,-52.95702744
2026-10-07T10:24:06,,2400000000.0,5000000000.0,0,8,10,0.6009377006322857,0.6009376,6204385279.999994,6,64,37500000.0,15000000.0,20000.0,50000.0,20,RMS,POW,LIN,0.7499839100000001,0.00077587869,0.0005818965336118779,43968000.0,-53.54014587
2026-10-07T10:24:06,,2400000000.0,5000000000.0,0,8,10,0.6009377006322857,0.6009376,6204385279.999994,6,64,37500000.0,15000000.0,20000.0,50000.0,20,RMS,POW,LIN,0.7499839100000001,0.00077587869,0.0005818965336118779,43972000.0,-53.7018013
2026-10-07T10:24:06,,2400000000.0,5000000000.0,0,8,10,0.6009377006322857,0.6009376,6204385279.999994,6,64,37500000.0,15000000.0,20000.0,50000.0,20,RMS,POW,LIN,0.7499839100000001,0.00077587869,0.0005818965336118779,43976000.0,-53.5782547
2026-10-07T10:24:06,,2400000000.0,5000000000.0,0,8,10,0.6009377006322857,0.6009376,6204385279.999994,6,64,37500000.0,15000000.0,20000.0,50000.0,20,RMS,POW,LIN,0.7499839100000001,0.00077587869,0.0005818965336118779,43980000.0,-53.49161148
2026-10-07T10:24:06,,2400000000.0,5000000000.0,0,8,10,0.6009377006322857,0.6009376,6204385279.999994,6,64,37500000.0,15000000.0,20000.0,50000.0,20,RMS,POW,LIN,0.7499839100000001,0.00077587869,0.0005818965336118779,43984000.0,-53.64936066
2026-10-07T10:24:06,,2400000000.0,5000000000.0,0,8,10,0.6009377006322857,0.6009376,6204385279.999994,6,64,37500000.0,15000000.0,20000.0,50000.0,20,RMS,POW,LIN,0.7499839100000001,0.00077587869,0.0005818965336118779,43988000.0,-54.0312767
2026-10-07T10:24:06,,2400000000.0,5000000000.0,0,8,10,0.6009377006322857,0.6009376,6204385279.999994,6,64,37500000.0,15000000.0,20000.0,50000.0,20,RMS,POW,LIN,0.7499839100000001,0.00077587869,0.0005818965336118779,43992000.0,-54.38825989
2026-10-07T10:24:06,,2400000000.0,5000000000.0,0,8,10,0.6009377006322857,0.6009376,6204385279.999994,6,64,37500000.0,15000000.0,20000.0,50000.0,20,RMS,POW,LIN,0.7499839100000001,0.00077587869,0.0005818965336118779,43996000.0,-54.38542557
2026-10-07T10:24:06,,2400000000.0,5000000000.0,0,8,10,0.6009377006322857,0.6009376,6204385279.999994,6,64,37500000.0,15000000.0,20000.0,50000.0,20,RMS,POW,LIN,0.7499839100000001,0.00077587869,0.0005818965336118779,44000000.0,-53.93170166
2026-10-07T10:24:06,,2400000000.0,5000000000.0,0,8,10,0.6009377006322857,0.6009376,6204385279.999994,6,64,37500000.0,15000000.0,20000.0,50000.0,20,RMS,POW,LIN,0.7499839100000001,0.00077587869,0.0005818965336118779,44004000.0,-53.2389679
2026-10-07T10:24:06,,2400000000.0,5000000000.0,0,8,10,0.6009377006322857,0.6009376,6204385279.999994,6,64,37500000.0,15000000.0,20000.0,50000.0,20,RMS,POW,LIN,0.7499839100000001,0.00077587869,0.0005818965336118779,44008000.0,-52.50505447
2026-10-07T10:24:06,,2400000000.0,5000000000.0,0,8,10,0.6009377006322857,0.6009376,6204385279.999994,6,64,37500000.0,15000000.0,20000.0,50000.0,20,RMS,POW,LIN,0.7499839100000001,0.00077587869,0.0005818965336118779,44012000.0,-51.77458954
2026-10-07T10:24:06,,2400000000.0,5000000000.0,0,8,10,0.6009377006322857,0.6009376,6204385279.999994,6,64,37500000.0,15000000.0,20000.0,50000.0,20,RMS,POW,LIN,0.7499839100000001,0.00077587869,0.0005818965336118779,44016000.0,-51.06053162
2026-10-07T10:24:06,,2400000000.0,5000000000.0,0,8,10,0.6009377006322857,0.6009376,6204385279.999994,6,64,37500000.0,15000000.0,20000.0,50000.0,20,RMS,POW,LIN,0.7499839100000001,0.00077587869,0.0005818965336118779,44020000.0,-50.45767975
2026-10-07T10:24:06,,2400000000.0,5000000000.0,0,8,10,0.6009377006322857,0.6009376,6204385279.999994,6,64,37500000.0,15000000.0,20000.0,50000.0,20,RMS,POW,LIN,0.7499839100000001,0.00077587869,0.0005818965336118779,44024000.0,-50.10480881
2026-10-07T10:24:06,,2400000000.0,5000000000.0,0,8,10,0.6009377006322857,0.6009376,6204385279.999994,6,64,37500000.0,15000000.0,20000.0,50000.0,20,RMS,POW,LIN,0.7499839100000001,0.00077587869,0.0005818965336118779,44028000.0,-50.08599472
2026-10-07T10:24:06,,2400000000.0,5000000000.0,0,8,10,0.6009377006322857,0.6009376,6204385279.999994,6,64,37500000.0,15000000.0,20000.0,50000.0,20,RMS,POW,LIN,0.7499839100000001,0.00077587869,0.0005818965336118779,44032000.0,-50.38602829
2026-10-07T10:24:06,,2400000000.0,5000000000.0,0,8,10,0.6009377006322857,0.6009376,6204385279.999994,6,64,37500000.0,15000000.0,20000.0,50000.0,20,RMS,POW,LIN,0.7499839100000001,0.00077587869,0.0005818965336118779,44036000.0,-50.90914536
2026-10-07T10:24:06,,2400000000.0,5000000000.0,0,8,10,0.6009377006322857,0.6009376,6204385279.999994,6,64,37500000.0,15000000.0,20000.0,50000.0,20,RMS,POW,LIN,0.7499839100000001,0.00077587869,0.0005818965336118779,44040000.0,-51.52901459
2026-10-07T10:24:06,,2400000000.0,5000000000.0,0,8,10,0.6009377006322857,0.6009376,6204385279.999994,6,64,37500000.0,15000000.0,20000.0,50000.0,20,RMS,POW,LIN,0.7499839100000001,0.00077587869,0.0005818965336118779,44044000.0,-52.12687683
2026-10-07T10:24:06,,2400000000.0,5000000000.0,0,8,10,0.6009377006322857,0.6009376,6204385279.999994,6,64,37500000.0,15000000.0,20000.0,50000.0,20,RMS,POW,LIN,0.7499839100000001,0.00077587869,0.0005818965336118779,44048000.0,-52.60043335
2026-10-07T10:24:06,,2400000000.0,5000000000.0,0,8,10,0.6009377006322857,0.6009376,6204385279.999994,6,64,37500000.0,15000000.0,20000.0,50000.0,20,RMS,POW,LIN,0.7499839100000001,0.00077587869,0.0005818965336118779,44052000.0,-52.88915634
2026-10-07T10:24:06,,2400000000.0,5000000000.0,0,8,10,0.6009377006322857,0.6009376,6204385279.999994,6,64,37500000.0,15000000.0,20000.0,50000.0,20,RMS,POW,LIN,0.7499839100000001,0.00077587869,0.0005818965336118779,44056000.0,-53.0051384
2026-10-07T10:24:06,,2400000000.0,5000000000.0,0,8,10,0.6009377006322857,0.6009376,6204385279.999994,6,64,37500000.0,15000000.0,20000.0,50000.0,20,RMS,POW,LIN,0.7499839100000001,0.00077587869,0.0005818965336118779,44060000.0,-52.98103714
2026-10-07T10:24:06,,2400000000.0,5000000000.0,0,8,10,0.6009377006322857,0.6009376,6204385279.999994,6,64,37500000.0,15000000.0,20000.0,50000.0,20,RMS,POW,LIN,0.7499839100000001,0.00077587869,0.0005818965336118779,44064000.0,-52.80264282
2026-10-07T10:24:06,,2400000000.0,5000000000.0,0,8,10,0.6009377006322857,0.6009376,6204385279.999994,6,64,37500000.0,15000000.0,20000.0,50000.0,20,RMS,POW,LIN,0.7499839100000001,0.00077587869,0.0005818965336118779,44068000.0,-52.46845245
2026-10-07T10:24:06,,2400000000.0,5000000000.0,0,8,10,0.6009377006322857,0.6009376,6204385279.999994,6,64,37500000.0,15000000.0,20000.0,50000.0,20,RMS,POW,LIN,0.7499839100000001,0.00077587869,0.0005818965336118779,44072000.0,-52.08008575
2026-10-07T10:24:06,,2400000000.0,5000000000.0,0,8,10,0.6009377006322857,0.6009376,6204385279.999994,6,64,37500000.0,15000000.0,20000.0,50000.0,20,RMS,POW,LIN,0.7499839100000001,0.00077587869,0.0005818965336118779,44076000.0,-51.77977371
2026-10-07T10:24:06,,2400000000.0,5000000000.0,0,8,10,0.6009377006322857,0.6009376,6204385279.999994,6,64,37500000.0,15000000.0,20000.0,50000.0,20,RMS,POW,LIN,0.7499839100000001,0.00077587869,0.0005818965336118779,44080000.0,-51.62038803
2026-10-07T10:24:06,,2400000000.0,5000000000.0,0,8,10,0.6009377006322857,0.6009376,6204385279.999994,6,64,37500000.0,15000000.0,20000.0,50000.0,20,RMS,POW,LIN,0.7499839100000001,0.00077587869,0.0005818965336118779,44084000.0,-51.54262924
2026-10-07T10:24:06,,2400000000.0,5000000000.0,0,8,10,0.6009377006322857,0.6009376,6204385279.999994,6,64,37500000.0,15000000.0,20000.0,50000.0,20,RMS,POW,LIN,0.7499839100000001,0.00077587869,0.0005818965336118779,44088000.0,-51.48156357
2026-10-07T10:24:06,,2400000000.0,5000000000.0,0,8,10,0.6009377006322857,0.6009376,6204385279.999994,6,64,37500000.0,15000000.0,20000.0,50000.0,20,RMS,POW,LIN,0.7499839100000001,0.00077587869,0.0005818965336118779,44092000.0,-51.4768486
2026-10-07T10:24:06,,2400000000.0,5000000000.0,0,8,10,0.6009377006322857,0.6009376,6204385279.999994,6,64,37500000.0,15000000.0,20000.0,50000.0,20,RMS,POW,LIN,0.7499839100000001,0.00077587869,0.0005818965336118779,44096000.0,-51.63825989
2026-10-07T10:24:06,,2400000000.0,5000000000.0,0,8,10,0.6009377006322857,0.6009376,6204385279.999994,6,64,37500000.0,15000000.0,20000.0,50000.0,20,RMS,POW,LIN,0.7499839100000001,0.00077587869,0.0005818965336118779,44100000.0,-52.01060867
2026-10-07T10:24:06,,2400000000.0,5000000000.0,0,8,10,0.6009377006322857,0.6009376,6204385279.999994,6,64,37500000.0,15000000.0,20000.0,50000.0,20,RMS,POW,LIN,0.7499839100000001,0.00077587869,0.0005818965336118779,44104000.0,-52.4776001
2026-10-07T10:24:06,,2400000000.0,5000000000.0,0,8,10,0.6009377006322857,0.6009376,6204385279.999994,6,64,37500000.0,15000000.0,20000.0,50000.0,20,RMS,POW,LIN,0.7499839100000001,0.00077587869,0.0005818965336118779,44108000.0,-52.77663803
2026-10-07T10:24:06,,2400000000.0,5000000000.0,0,8,10,0.6009377006322857,0.6009376,6204385279.999994,6,64,37500000.0,15000000.0,20000.0,50000.0,20,RMS,POW,LIN,0.7499839100000001,0.00077587869,0.0005818965336118779,44112000.0,-52.67494965
2026-10-07T10:24:06,,2400000000.0,5000000000.0,0,8,10,0.6009377006322857,0.6009376,6204385279.999994,6,64,37500000.0,15000000.0,20000.0,50000.0,20,RMS,POW,LIN,0.7499839100000001,0.00077587869,0.0005818965336118779,44116000.0,-52.17974472
2026-10-07T10:24:06,,2400000000.0,5000000000.0,0,8,10,0.6009377006322857,0.6009376,6204385279.999994,6,64,37500000.0,15000000.0,20000.0,50000.0,20,RMS,POW,LIN,0.7499839100000001,0.00077587869,0.0005818965336118779,44120000.0,-51.50244904
2026-10-07T10:24:06,,2400000000.0,5000000000.0,0,8,10,0.6009377006322857,0.6009376,6204385279.999994,6,64,37500000.0,15000000.0,20000.0,50000.0,20,RMS,POW,LIN,0.7499839100000001,0.00077587869,0.0005818965336118779,44124000.0,-50.86960983
2026-10-07T10:24:06,,2400000000.0,5000000000.0,0,8,10,0.6009377006322857,0.6009376,6204385279.999994,6,64,37500000.0,15000000.0,20000.0,50000.0,20,RMS,POW,LIN,0.7499839100000001,0.00077587869,0.0005818965336118779,44128000.0,-50.42284775
2026-10-07T10:24:06,,2400000000.0,5000000000.0,0,8,10,0.6009377006322857,0.6009376,6204385279.999994,6,64,37500000.0,15000000.0,20000.0,50000.0,20,RMS,POW,LIN,0.7499839100000001,0.00077587869,0.0005818965336118779,44132000.0,-50.20466614
2026-10-07T10:24:06,,2400000000.0,5000000000.0,0,8,10,0.6009377006322857,0.6009376,6204385279.999994,6,64,37500000.0,15000000.0,20000.0,50000.0,20,RMS,POW,LIN,0.7499839100000001,0.00077587869,0.0005818965336118779,44136000.0,-50.17000198
2026-10-07T10:24:06,,2400000000.0,5000000000.0,0,8,10,0.6009377006322857,0.6009376,6204385279.999994,6,64,37500000.0,15000000.0,20000.0,50000.0,20,RMS,POW,LIN,0.7499839100000001,0.00077587869,0.0005818965336118779,44140000.0,-50.21969604
2026-10-07T10:24:06,,2400000000.0,5000000000.0,0,8,10,0.6009377006322857,0.6009376,6204385279.999994,6,64,37500000.0,15000000.0,20000.0,50000.0,20,RMS,POW,LIN,0.7499839100000001,0.00077587869,0.0005818965336118779,44144000.0,-50.26399612
2026-10-07T10:24:06,,2400000000.0,5000000000.0,0,8,10,0.6009377006322857,0.6009376,6204385279.999994,6,64,37500000.0,15000000.0,20000.0,50000.0,20,RMS,POW,LIN,0.7499839100000001,0.00077587869,0.0005818965336118779,44148000.0,-50.28508377
2026-10-07T10:24:06,,2400000000.0,5000000000.0,0,8,10,0.6009377006322857,0.6009376,6204385279.999994,6,64,37500000.0,15000000.0,20000.0,50000.0,20,RMS,POW,LIN,0.7499839100000001,0.00077587869,0.0005818965336118779,44152000.0,-50.34696198
2026-10-07T10:24:06,,2400000000.0,5000000000.0,0,8,10,0.6009377006322857,0.6009376,6204385279.999994,6,64,37500000.0,15000000.0,20000.0,50000.0,20,RMS,POW,LIN,0.7499839100000001,0.00077587869,0.0005818965336118779,44156000.0,-50.5530777
2026-10-07T10:24:06,,2400000000.0,5000000000.0,0,8,10,0.6009377006322857,0.6009376,6204385279.999994,6,64,37500000.0,15000000.0,20000.0,50000.0,20,RMS,POW,LIN,0.7499839100000001,0.00077587869,0.0005818965336118779,44160000.0,-50.98266983
2026-10-07T10:24:06,,2400000000.0,5000000000.0,0,8,10,0.6009377006322857,0.6009376,6204385279.999994,6,64,37500000.0,15000000.0,20000.0,50000.0,20,RMS,POW,LIN,0.7499839100000001,0.00077587869,0.0005818965336118779,44164000.0,-51.6020813
2026-10-07T10:24:06,,2400000000.0,5000000000.0,0,8,10,0.6009377006322857,0.6009376,6204385279.999994,6,64,37500000.0,15000000.0,20000.0,50000.0,20,RMS,POW,LIN,0.7499839100000001,0.00077587869,0.0005818965336118779,44168000.0,-52.16345596
2026-10-07T10:24:06,,2400000000.0,5000000000.0,0,8,10,0.6009377006322857,0.6009376,6204385279.999994,6,64,37500000.0,15000000.0,20000.0,50000.0,20,RMS,POW,LIN,0.7499839100000001,0.00077587869,0.0005818965336118779,44172000.0,-52.29191971
2026-10-07T10:24:06,,2400000000.0,5000000000.0,0,8,10,0.6009377006322857,0.6009376,6204385279.999994,6,64,37500000.0,15000000.0,20000.0,50000.0,20,RMS,POW,LIN,0.7499839100000001,0.00077587869,0.0005818965336118779,44176000.0,-51.93099594
2026-10-07T10:24:06,,2400000000.0,5000000000.0,0,8,10,0.6009377006322857,0.6009376,6204385279.999994,6,64,37500000.0,15000000.0,20000.0,50000.0,20,RMS,POW,LIN,0.7499839100000001,0.00077587869,0.0005818965336118779,44180000.0,-51.45932007
2026-10-07T10:24:06,,2400000000.0,5000000000.0,0,8,10,0.6009377006322857,0.6009376,6204385279.999994,6,64,37500000.0,15000000.0,20000.0,50000.0,20,RMS,POW,LIN,0.7499839100000001,0.00077587869,0.0005818965336118779,44184000.0,-51.23119736
2026-10-07T10:24:06,,2400000000.0,5000000000.0,0,8,10,0.6009377006322857,0.6009376,6204385279.999994,6,64,37500000.0,15000000.0,20000.0,50000.0,20,RMS,POW,LIN,0.7499839100000001,0.00077587869,0.0005818965336118779,44188000.0,-51.34238815
2026-10-07T10:24:06,,2400000000.0,5000000000.0,0,8,10,0.6009377006322857,0.6009376,6204385279.999994,6,64,37500000.0,15000000.0,20000.0,50000.0,20,RMS,POW,LIN,0.7499839100000001,0.00077587869,0.0005818965336118779,44192000.0,-51.68442535
2026-10-07T10:24:06,,2400000000.0,5000000000.0,0,8,10,0.6009377006322857,0.6009376,6204385279.999994,6,64,37500000.0,15000000.0,20000.0,50000.0,20,RMS,POW,LIN,0.7499839100000001,0.00077587869,0.0005818965336118779,44196000.0,-52.05670166
2026-10-07T10:24:06,,2400000000.0,5000000000.0,0,8,10,0.6009377006322857,0.6009376,6204385279.999994,6,64,37500000.0,15000000.0,20000.0,50000.0,20,RMS,POW,LIN,0.7499839100000001,0.00077587869,0.0005818965336118779,44200000.0,-52.28920746
2026-10-07T10:24:06,,2400000000.0,5000000000.0,0,8,10,0.6009377006322857,0.6009376,6204385279.999994,6,64,37500000.0,15000000.0,20000.0,50000.0,20,RMS,POW,LIN,0.7499839100000001,0.00077587869,0.0005818965336118779,44204000.0,-52.31122971
2026-10-07T10:24:06,,2400000000.0,5000000000.0,0,8,10,0.6009377006322857,0.6009376,6204385279.999994,6,64,37500000.0,15000000.0,20000.0,50000.0,20,RMS,POW,LIN,0.7499839100000001,0.00077587869,0.0005818965336118779,44208000.0,-52.13139725
2026-10-07T10:24:06,,2400000000.0,5000000000.0,0,8,10,0.6009377006322857,0.6009376,6204385279.999994,6,64,37500000.0,15000000.0,20000.0,50000.0,20,RMS,POW,LIN,0.7499839100000001,0.00077587869,0.0005818965336118779,44212000.0,-51.82455826
2026-10-07T10:24:06,,2400000000.0,5000000000.0,0,8,10,0.6009377006322857,0.6009376,6204385279.999994,6,64,37500000.0,15000000.0,20000.0,50000.0,20,RMS,POW,LIN,0.7499839100000001,0.00077587869,0.0005818965336118779,44216000.0,-51.53738403
2026-10-07T10:24:06,,2400000000.0,5000000000.0,0,8,10,0.6009377006322857,0.6009376,6204385279.999994,6,64,37500000.0,15000000.0,20000.0,50000.0,20,RMS,POW,LIN,0.7499839100000001,0.00077587869,0.0005818965336118779,44220000.0,-51.43101883
2026-10-07T10:24:06,,2400000000.0,5000000000.0,0,8,10,0.6009377006322857,0.6009376,6204385279.999994,6,64,37500000.0,15000000.0,20000.0,50000.0,20,RMS,POW,LIN,0.7499839100000001,0.00077587869,0.0005818965336118779,44224000.0,-51.585186
2026-10-07T10:24:06,,2400000000.0,5000000000.0,0,8,10,0.6009377006322857,0.6009376,6204385279.999994,6,64,37500000.0,15000000.0,20000.0,50000.0,20,RMS,POW,LIN,0.7499839100000001,0.00077587869,0.0005818965336118779,44228000.0,-51.91761398
2026-10-07T10:24:06,,2400000000.0,5000000000.0,0,8,10,0.6009377006322857,0.6009376,6204385279.999994,6,64,37500000.0,15000000.0,20000.0,50000.0,20,RMS,POW,LIN,0.7499839100000001,0.00077587869,0.0005818965336118779,44232000.0,-52.14075089
2026-10-07T10:24:06,,2400000000.0,5000000000.0,0,8,10,0.6009377006322857,0.6009376,6204385279.999994,6,64,37500000.0,15000000.0,20000.0,50000.0,20,RMS,POW,LIN,0.7499839100000001,0.00077587869,0.0005818965336118779,44236000.0,-51.90228271
2026-10-07T10:24:06,,2400000000.0,5000000000.0,0,8,10,0.6009377006322857,0.6009376,6204385279.999994,6,64,37500000.0,15000000.0,20000.0,50000.0,20,RMS,POW,LIN,0.7499839100000001,0.00077587869,0.0005818965336118779,44240000.0,-51.17088699
2026-10-07T10:24:06,,2400000000.0,5000000000.0,0,8,10,0.6009377006322857,0.6009376,6204385279.999994,6,64,37500000.0,15000000.0,20000.0,50000.0,20,RMS,POW,LIN,0.7499839100000001,0.00077587869,0.0005818965336118779,44244000.0,-50.29452133
2026-10-07T10:24:06,,2400000000.0,5000000000.0,0,8,10,0.6009377006322857,0.6009376,6204385279.999994,6,64,37500000.0,15000000.0,20000.0,50000.0,20,RMS,POW,LIN,0.7499839100000001,0.00077587869,0.0005818965336118779,44248000.0,-49.61943054
2026-10-07T10:24:06,,2400000000.0,5000000000.0,0,8,10,0.6009377006322857,0.6009376,6204385279.999994,6,64,37500000.0,15000000.0,20000.0,50000.0,20,RMS,POW,LIN,0.7499839100000001,0.00077587869,0.0005818965336118779,44252000.0,-49.29972076
2026-10-07T10:24:06,,2400000000.0,5000000000.0,0,8,10,0.6009377006322857,0.6009376,6204385279.999994,6,64,37500000.0,15000000.0,20000.0,50000.0,20,RMS,POW,LIN,0.7499839100000001,0.00077587869,0.0005818965336118779,44256000.0,-49.3430748
2026-10-07T10:24:06,,2400000000.0,5000000000.0,0,8,10,0.6009377006322857,0.6009376,6204385279.999994,6,64,37500000.0,15000000.0,20000.0,50000.0,20,RMS,POW,LIN,0.7499839100000001,0.00077587869,0.0005818965336118779,44260000.0,-49.69398117
2026-10-07T10:24:06,,2400000000.0,5000000000.0,0,8,10,0.6009377006322857,0.6009376,6204385279.999994,6,64,37500000.0,15000000.0,20000.0,50000.0,20,RMS,POW,LIN,0.7499839100000001,0.00077587869,0.0005818965336118779,44264000.0,-50.28813934
2026-10-07T10:24:06,,2400000000.0,5000000000.0,0,8,10,0.6009377006322857,0.6009376,6204385279.999994,6,64,37500000.0,15000000.0,20000.0,50000.0,20,RMS,POW,LIN,0.7499839100000001,0.00077587869,0.0005818965336118779,44268000.0,-51.04088211
2026-10-07T10:24:06,,2400000000.0,5000000000.0,0,8,10,0.6009377006322857,0.6009376,6204385279.999994,6,64,37500000.0,15000000.0,20000.0,50000.0,20,RMS,POW,LIN,0.7499839100000001,0.00077587869,0.0005818965336118779,44272000.0,-51.75446701
2026-10-07T10:24:06,,2400000000.0,5000000000.0,0,8,10,0.6009377006322857,0.6009376,6204385279.999994,6,64,37500000.0,15000000.0,20000.0,50000.0,20,RMS,POW,LIN,0.7499839100000001,0.00077587869,0.0005818965336118779,44276000.0,-52.08268738
2026-10-07T10:24:06,,2400000000.0,5000000000.0,0,8,10,0.6009377006322857,0.6009376,6204385279.999994,6,64,37500000.0,15000000.0,20000.0,50000.0,20,RMS,POW,LIN,0.7499839100000001,0.00077587869,0.0005818965336118779,44280000.0,-51.81858063
2026-10-07T10:24:06,,2400000000.0,5000000000.0,0,8,10,0.6009377006322857,0.6009376,6204385279.999994,6,64,37500000.0,15000000.0,20000.0,50000.0,20,RMS,POW,LIN,0.7499839100000001,0.00077587869,0.0005818965336118779,44284000.0,-51.19046402
2026-10-07T10:24:06,,2400000000.0,5000000000.0,0,8,10,0.6009377006322857,0.6009376,6204385279.999994,6,64,37500000.0,15000000.0,20000.0,50000.0,20,RMS,POW,LIN,0.7499839100000001,0.00077587869,0.0005818965336118779,44288000.0,-50.59119797
2026-10-07T10:24:06,,2400000000.0,5000000000.0,0,8,10,0.6009377006322857,0.6009376,6204385279.999994,6,64,37500000.0,15000000.0,20000.0,50000.0,20,RMS,POW,LIN,0.7499839100000001,0.00077587869,0.0005818965336118779,44292000.0,-50.26423645
2026-10-07T10:24:06,,2400000000.0,5000000000.0,0,8,10,0.6009377006322857,0.6009376,6204385279.999994,6,64,37500000.0,15000000.0,20000.0,50000.0,20,RMS,POW,LIN,0.7499839100000001,0.00077587869,0.0005818965336118779,44296000.0,-50.2960968
2026-10-07T10:24:06,,2400000000.0,5000000000.0,0,8,10,0.6009377006322857,0.6009376,6204385279.999994,6,64,37500000.0,15000000.0,20000.0,50000.0,20,RMS,POW,LIN,0.7499839100000001,0.00077587869,0.0005818965336118779,44300000.0,-50.67876053
2026-10-07T10:24:06,,2400000000.0,5000000000.0,0,8,10,0.6009377006322857,0.6009376,6204385279.999994,6,64,37500000.0,15000000.0,20000.0,50000.0,20,RMS,POW,LIN,0.7499839100000001,0.00077587869,0.0005818965336118779,44304000.0,-51.31676865
2026-10-07T10:24:06,,2400000000.0,5000000000.0,0,8,10,0.6009377006322857,0.6009376,6204385279.999994,6,64,37500000.0,15000000.0,20000.0,50000.0,20,RMS,POW,LIN,0.7499839100000001,0.00077587869,0.0005818965336118779,44308000.0,-52.00464249
2026-10-07T10:24:06,,2400000000.0,5000000000.0,0,8,10,0.6009377006322857,0.6009376,6204385279.999994,6,64,37500000.0,15000000.0,20000.0,50000.0,20,RMS,POW,LIN,0.7499839100000001,0.00077587869,0.0005818965336118779,44312000.0,-52.47992706
2026-10-07T10:24:06,,2400000000.0,5000000000.0,0,8,10,0.6009377006322857,0.6009376,6204385279.999994,6,64,37500000.0,15000000.0,20000.0,50000.0,20,RMS,POW,LIN,0.7499839100000001,0.00077587869,0.0005818965336118779,44316000.0,-52.62466049
2026-10-07T10:24:06,,2400000000.0,5000000000.0,0,8,10,0.6009377006322857,0.6009376,6204385279.999994,6,64,37500000.0,15000000.0,20000.0,50000.0,20,RMS,POW,LIN,0.7499839100000001,0.00077587869,0.0005818965336118779,44320000.0,-52.58551788
2026-10-07T10:24:06,,2400000000.0,5000000000.0,0,8,10,0.6009377006322857,0.6009376,6204385279.999994,6,64,37500000.0,15000000.0,20000.0,50000.0,20,RMS,POW,LIN,0.7499839100000001,0.00077587869,0.0005818965336118779,44324000.0,-52.59848022
2026-10-07T10:24:06,,2400000000.0,5000000000.0,0,8,10,0.6009377006322857,0.6009376,6204385279.999994,6,64,37500000.0,15000000.0,20000.0,50000.0,20,RMS,POW,LIN,0.7499839100000001,0.00077587869,0.0005818965336118779,44328000.0,-52.76669312
2026-10-07T10:24:06,,2400000000.0,5000000000.0,0,8,10,0.6009377006322857,0.6009376,6204385279.999994,6,64,37500000.0,15000000.0,20000.0,50000.0,20,RMS,POW,LIN,0.7499839100000001,0.00077587869,0.0005818965336118779,44332000.0,-52.97480392
2026-10-07T10:24:06,,2400000000.0,5000000000.0,0,8,10,0.6009377006322857,0.6009376,6204385279.999994,6,64,37500000.0,15000000.0,20000.0,50000.0,20,RMS,POW,LIN,0.7499839100000001,0.00077587869,0.0005818965336118779,44336000.0,-52.95730209
2026-10-07T10:24:06,,2400000000.0,5000000000.0,0,8,10,0.6009377006322857,0.6009376,6204385279.999994,6,64,37500000.0,15000000.0,20000.0,50000.0,20,RMS,POW,LIN,0.7499839100000001,0.00077587869,0.0005818965336118779,44340000.0,-52.58238983
2026-10-07T10:24:06,,2400000000.0,5000000000.0,0,8,10,0.6009377006322857,0.6009376,6204385279.999994,6,64,37500000.0,15000000.0,20000.0,50000.0,20,RMS,POW,LIN,0.7499839100000001,0.00077587869,0.0005818965336118779,44344000.0,-52.05395889
2026-10-07T10:24:06,,2400000000.0,5000000000.0,0,8,10,0.6009377006322857,0.6009376,6204385279.999994,6,64,37500000.0,15000000.0,20000.0,50000.0,20,RMS,POW,LIN,0.7499839100000001,0.00077587869,0.0005818965336118779,44348000.0,-51.69016266
2026-10-07T10:24:06,,2400000000.0,5000000000.0,0,8,10,0.6009377006322857,0.6009376,6204385279.999994,6,64,37500000.0,15000000.0,20000.0,50000.0,20,RMS,POW,LIN,0.7499839100000001,0.00077587869,0.0005818965336118779,44352000.0,-51.65752411
2026-10-07T10:24:06,,2400000000.0,5000000000.0,0,8,10,0.6009377006322857,0.6009376,6204385279.999994,6,64,37500000.0,15000000.0,20000.0,50000.0,20,RMS,POW,LIN,0.7499839100000001,0.00077587869,0.0005818965336118779,44356000.0,-51.90830231
2026-10-07T10:24:06,,2400000000.0,5000000000.0,0,8,10,0.6009377006322857,0.6009376,6204385279.999994,6,64,37500000.0,15000000.0,20000.0,50000.0,20,RMS,POW,LIN,0.7499839100000001,0.00077587869,0.0005818965336118779,44360000.0,-52.21365356
2026-10-07T10:24:06,,2400000000.0,5000000000.0,0,8,10,0.6009377006322857,0.6009376,6204385279.999994,6,64,37500000.0,15000000.0,20000.0,50000.0,20,RMS,POW,LIN,0.7499839100000001,0.00077587869,0.0005818965336118779,44364000.0,-52.30300903
2026-10-07T10:24:06,,2400000000.0,5000000000.0,0,8,10,0.6009377006322857,0.6009376,6204385279.999994,6,64,37500000.0,15000000.0,20000.0,50000.0,20,RMS,POW,LIN,0.7499839100000001,0.00077587869,0.0005818965336118779,44368000.0,-52.11089325
2026-10-07T10:24:06,,2400000000.0,5000000000.0,0,8,10,0.6009377006322857,0.6009376,6204385279.999994,6,64,37500000.0,15000000.0,20000.0,50000.0,20,RMS,POW,LIN,0.7499839100000001,0.00077587869,0.0005818965336118779,44372000.0,-51.83538437
2026-10-07T10:24:06,,2400000000.0,5000000000.0,0,8,10,0.6009377006322857,0.6009376,6204385279.999994,6,64,37500000.0,15000000.0,20000.0,50000.0,20,RMS,POW,LIN,0.7499839100000001,0.00077587869,0.0005818965336118779,44376000.0,-51.72183228
2026-10-07T10:24:06,,2400000000.0,5000000000.0,0,8,10,0.6009377006322857,0.6009376,6204385279.999994,6,64,37500000.0,15000000.0,20000.0,50000.0,20,RMS,POW,LIN,0.7499839100000001,0.00077587869,0.0005818965336118779,44380000.0,-51.87482071
2026-10-07T10:24:06,,2400000000.0,5000000000.0,0,8,10,0.6009377006322857,0.6009376,6204385279.999994,6,64,37500000.0,15000000.0,20000.0,50000.0,20,RMS,POW,LIN,0.7499839100000001,0.00077587869,0.0005818965336118779,44384000.0,-52.17913055
2026-10-07T10:24:06,,2400000000.0,5000000000.0,0,8,10,0.6009377006322857,0.6009376,6204385279.999994,6,64,37500000.0,15000000.0,20000.0,50000.0,20,RMS,POW,LIN,0.7499839100000001,0.00077587869,0.0005818965336118779,44388000.0,-52.31593704
2026-10-07T10:24:06,,2400000000.0,5000000000.0,0,8,10,0.6009377006322857,0.6009376,6204385279.999994,6,64,37500000.0,15000000.0,20000.0,50000.0,20,RMS,POW,LIN,0.7499839100000001,0.00077587869,0.0005818965336118779,44392000.0,-52.0326767
2026-10-07T10:24:06,,2400000000.0,5000000000.0,0,8,10,0.6009377006322857,0.6009376,6204385279.999994,6,64,37500000.0,15000000.0,20000.0,50000.0,20,RMS,POW,LIN,0.7499839100000001,0.00077587869,0.0005818965336118779,44396000.0,-51.46162796
2026-10-07T10:24:06,,2400000000.0,5000000000.0,0,8,10,0.6009377006322857,0.6009376,6204385279.999994,6,64,37500000.0,15000000.0,20000.0,50000.0,20,RMS,POW,LIN,0.7499839100000001,0.00077587869,0.0005818965336118779,44400000.0,-50.93705368
2026-10-07T10:24:06,,2400000000.0,5000000000.0,0,8,10,0.6009377006322857,0.6009376,6204385279.999994,6,64,37500000.0,15000000.0,20000.0,50000.0,20,RMS,POW,LIN,0.7499839100000001,0.00077587869,0.0005818965336118779,44404000.0,-50.67028809
2026-10-07T10:24:06,,2400000000.0,5000000000.0,0,8,10,0.6009377006322857,0.6009376,6204385279.999994,6,64,37500000.0,15000000.0,20000.0,50000.0,20,RMS,POW,LIN,0.7499839100000001,0.00077587869,0.0005818965336118779,44408000.0,-50.70633316
2026-10-07T10:24:06,,2400000000.0,5000000000.0,0,8,10,0.6009377006322857,0.6009376,6204385279.999994,6,64,37500000.0,15000000.0,20000.0,50000.0,20,RMS,POW,LIN,0.7499839100000001,0.00077587869,0.0005818965336118779,44412000.0,-51.00109863
2026-10-07T10:24:06,,2400000000.0,5000000000.0,0,8,10,0.6009377006322857,0.6009376,6204385279.999994,6,64,37500000.0,15000000.0,20000.0,50000.0,20,RMS,POW,LIN,0.7499839100000001,0.00077587869,0.0005818965336118779,44416000.0,-51.47749329
2026-10-07T10:24:06,,2400000000.0,5000000000.0,0,8,10,0.6009377006322857,0.6009376,6204385279.999994,6,64,37500000.0,15000000.0,20000.0,50000.0,20,RMS,POW,LIN,0.7499839100000001,0.00077587869,0.0005818965336118779,44420000.0,-52.04149628
2026-10-07T10:24:06,,2400000000.0,5000000000.0,0,8,10,0.6009377006322857,0.6009376,6204385279.999994,6,64,37500000.0,15000000.0,20000.0,50000.0,20,RMS,POW,LIN,0.7499839100000001,0.00077587869,0.0005818965336118779,44424000.0,-52.56966782
2026-10-07T10:24:06,,2400000000.0,5000000000.0,0,8,10,0.6009377006322857,0.6009376,6204385279.999994,6,64,37500000.0,15000000.0,20000.0,50000.0,20,RMS,POW,LIN,0.7499839100000001,0.00077587869,0.0005818965336118779,44428000.0,-52.90384293
2026-10-07T10:24:06,,2400000000.0,5000000000.0,0,8,10,0.6009377006322857,0.6009376,6204385279.999994,6,64,37500000.0,15000000.0,20000.0,50000.0,20,RMS,POW,LIN,0.7499839100000001,0.00077587869,0.0005818965336118779,44432000.0,-52.913517
2026-10-07T10:24:06,,2400000000.0,5000000000.0,0,8,10,0.6009377006322857,0.6009376,6204385279.999994,6,64,37500000.0,15000000.0,20000.0,50000.0,20,RMS,POW,LIN,0.7499839100000001,0.00077587869,0.0005818965336118779,44436000.0,-52.5992012
2026-10-07T10:24:06,,2400000000.0,5000000000.0,0,8,10,0.6009377006322857,0.6009376,6204385279.999994,6,64,37500000.0,15000000.0,20000.0,50000.0,20,RMS,POW,LIN,0.7499839100000001,0.00077587869,0.0005818965336118779,44440000.0,-52.08577347
2026-10-07T10:24:06,,2400000000.0,5000000000.0,0,8,10,0.6009377006322857,0.6009376,6204385279.999994,6,64,37500000.0,15000000.0,20000.0,50000.0,20,RMS,POW,LIN,0.7499839100000001,0.00077587869,0.0005818965336118779,44444000.0,-51.51441956
2026-10-07T10:24:06,,2400000000.0,5000000000.0,0,8,10,0.6009377006322857,0.6009376,6204385279.999994,6,64,37500000.0,15000000.0,20000.0,50000.0,20,RMS,POW,LIN,0.7499839100000001,0.00077587869,0.0005818965336118779,44448000.0,-50.9894104
2026-10-07T10:24:06,,2400000000.0,5000000000.0,0,8,10,0.6009377006322857,0.6009376,6204385279.999994,6,64,37500000.0,15000000.0,20000.0,50000.0,20,RMS,POW,LIN,0.7499839100000001,0.00077587869,0.0005818965336118779,44452000.0,-50.58660889
2026-10-07T10:24:06,,2400000000.0,5000000000.0,0,8,10,0.6009377006322857,0.6009376,6204385279.999994,6,64,37500000.0,15000000.0,20000.0,50000.0,20,RMS,POW,LIN,0.7499839100000001,0.00077587869,0.0005818965336118779,44456000.0,-50.34893799
2026-10-07T10:24:06,,2400000000.0,5000000000.0,0,8,10,0.6009377006322857,0.6009376,6204385279.999994,6,64,37500000.0,15000000.0,20000.0,50000.0,20,RMS,POW,LIN,0.7499839100000001,0.00077587869,0.0005818965336118779,44460000.0,-50.26342392
2026-10-07T10:24:06,,2400000000.0,5000000000.0,0,8,10,0.6009377006322857,0.6009376,6204385279.999994,6,64,37500000.0,15000000.0,20000.0,50000.0,20,RMS,POW,LIN,0.7499839100000001,0.00077587869,0.0005818965336118779,44464000.0,-50.2600708
2026-10-07T10:24:06,,2400000000.0,5000000000.0,0,8,10,0.6009377006322857,0.6009376,6204385279.999994,6,64,37500000.0,15000000.0,20000.0,50000.0,20,RMS,POW,LIN,0.7499839100000001,0.00077587869,0.0005818965336118779,44468000.0,-50.25337982
2026-10-07T10:24:06,,2400000000.0,5000000000.0,0,8,10,0.6009377006322857,0.6009376,6204385279.999994,6,64,37500000.0,15000000.0,20000.0,50000.0,20,RMS,POW,LIN,0.7499839100000001,0.00077587869,0.0005818965336118779,44472000.0,-50.19974136
2026-10-07T10:24:06,,2400000000.0,5000000000.0,0,8,10,0.6009377006322857,0.6009376,6204385279.999994,6,64,37500000.0,15000000.0,20000.0,50000.0,20,RMS,POW,LIN,0.7499839100000001,0.00077587869,0.0005818965336118779,44476000.0,-50.11911011
2026-10-07T10:24:06,,2400000000.0,5000000000.0,0,8,10,0.6009377006322857,0.6009376,6204385279.999994,6,64,37500000.0,15000000.0,20000.0,50000.0,20,RMS,POW,LIN,0.7499839100000001,0.00077587869,0.0005818965336118779,44480000.0,-50.06794739
2026-10-07T10:24:06,,2400000000.0,5000000000.0,0,8,10,0.6009377006322857,0.6009376,6204385279.999994,6,64,37500000.0,15000000.0,20000.0,50000.0,20,RMS,POW,LIN,0.7499839100000001,0.00077587869,0.0005818965336118779,44484000.0,-50.09070206
2026-10-07T10:24:06,,2400000000.0,5000000000.0,0,8,10,0.6009377006322857,0.6009376,6204385279.999994,6,64,37500000.0,15000000.0,20000.0,50000.0,20,RMS,POW,LIN,0.7499839100000001,0.00077587869,0.0005818965336118779,44488000.0,-50.1721344
2026-10-07T10:24:06,,2400000000.0,5000000000.0,0,8,10,0.6009377006322857,0.6009376,6204385279.999994,6,64,37500000.0,15000000.0,20000.0,50000.0,20,RMS,POW,LIN,0.7499839100000001,0.00077587869,0.0005818965336118779,44492000.0,-50.22400665
2026-10-07T10:24:06,,2400000000.0,5000000000.0,0,8,10,0.6009377006322857,0.6009376,6204385279.999994,6,64,37500000.0,15000000.0,20000.0,50000.0,20,RMS,POW,LIN,0.7499839100000001,0.00077587869,0.0005818965336118779,44496000.0,-50.15839767
2026-10-07T10:24:06,,2400000000.0,5000000000.0,0,8,10,0.6009377006322857,0.6009376,6204385279.999994,6,64,37500000.0,15000000.0,20000.0,50000.0,20,RMS,POW,LIN,0.7499839100000001,0.00077587869,0.0005818965336118779,44500000.0,-50.00609589
2026-10-07T10:24:06,,2400000000.0,5000000000.0,0,8,10,0.6009377006322857,0.6009376,6204385279.999994,6,64,37500000.0,15000000.0,20000.0,50000.0,20,RMS,POW,LIN,0.7499839100000001,0.00077587869,0.0005818965336118779,44504000.0,-49.91726303
2026-10-07T10:24:06,,2400000000.0,5000000000.0,0,8,10,0.6009377006322857,0.6009376,6204385279.999994,6,64,37500000.0,15000000.0,20000.0,50000.0,20,RMS,POW,LIN,0.7499839100000001,0.00077587869,0.0005818965336118779,44508000.0,-50.03776169
2026-10-07T10:24:06,,2400000000.0,5000000000.0,0,8,10,0.6009377006322857,0.6009376,6204385279.999994,6,64,37500000.0,15000000.0,20000.0,50000.0,20,RMS,POW,LIN,0.7499839100000001,0.00077587869,0.0005818965336118779,44512000.0,-50.41962814
2026-10-07T10:24:06,,2400000000.0,5000000000.0,0,8,10,0.6009377006322857,0.6009376,6204385279.999994,6,64,37500000.0,15000000.0,20000.0,50000.0,20,RMS,POW,LIN,0.7499839100000001,0.00077587869,0.0005818965336118779,44516000.0,-51.00807953
2026-10-07T10:24:06,,2400000000.0,5000000000.0,0,8,10,0.6009377006322857,0.6009376,6204385279.999994,6,64,37500000.0,15000000.0,20000.0,50000.0,20,RMS,POW,LIN,0.7499839100000001,0.00077587869,0.0005818965336118779,44520000.0,-51.64329529
2026-10-07T10:24:06,,2400000000.0,5000000000.0,0,8,10,0.6009377006322857,0.6009376,6204385279.999994,6,64,37500000.0,15000000.0,20000.0,50000.0,20,RMS,POW,LIN,0.7499839100000001,0.00077587869,0.0005818965336118779,44524000.0,-52.0533638
2026-10-07T10:24:06,,2400000000.0,5000000000.0,0,8,10,0.6009377006322857,0.6009376,6204385279.999994,6,64,37500000.0,15000000.0,20000.0,50000.0,20,RMS,POW,LIN,0.7499839100000001,0.00077587869,0.0005818965336118779,44528000.0,-51.95941162
2026-10-07T10:24:06,,2400000000.0,5000000000.0,0,8,10,0.6009377006322857,0.6009376,6204385279.999994,6,64,37500000.0,15000000.0,20000.0,50000.0,20,RMS,POW,LIN,0.7499839100000001,0.00077587869,0.0005818965336118779,44532000.0,-51.3544426
2026-10-07T10:24:06,,2400000000.0,5000000000.0,0,8,10,0.6009377006322857,0.6009376,6204385279.999994,6,64,37500000.0,15000000.0,20000.0,50000.0,20,RMS,POW,LIN,0.7499839100000001,0.00077587869,0.0005818965336118779,44536000.0,-50.53964996
2026-10-07T10:24:06,,2400000000.0,5000000000.0,0,8,10,0.6009377006322857,0.6009376,6204385279.999994,6,64,37500000.0,15000000.0,20000.0,50000.0,20,RMS,POW,LIN,0.7499839100000001,0.00077587869,0.0005818965336118779,44540000.0,-49.82794571
2026-10-07T10:24:06,,2400000000.0,5000000000.0,0,8,10,0.6009377006322857,0.6009376,6204385279.999994,6,64,37500000.0,15000000.0,20000.0,50000.0,20,RMS,POW,LIN,0.7499839100000001,0.00077587869,0.0005818965336118779,44544000.0,-49.39229202
2026-10-07T10:24:06,,2400000000.0,5000000000.0,0,8,10,0.6009377006322857,0.6009376,6204385279.999994,6,64,37500000.0,15000000.0,20000.0,50000.0,20,RMS,POW,LIN,0.7499839100000001,0.00077587869,0.0005818965336118779,44548000.0,-49.30073166
2026-10-07T10:24:06,,2400000000.0,5000000000.0,0,8,10,0.6009377006322857,0.6009376,6204385279.999994,6,64,37500000.0,15000000.0,20000.0,50000.0,20,RMS,POW,LIN,0.7499839100000001,0.00077587869,0.0005818965336118779,44552000.0,-49.55070877
2026-10-07T10:24:06,,2400000000.0,5000000000.0,0,8,10,0.6009377006322857,0.6009376,6204385279.999994,6,64,37500000.0,15000000.0,20000.0,50000.0,20,RMS,POW,LIN,0.7499839100000001,0.00077587869,0.0005818965336118779,44556000.0,-50.04894638
2026-10-07T10:24:06,,2400000000.0,5000000000.0,0,8,10,0.6009377006322857,0.6009376,6204385279.999994,6,64,37500000.0,15000000.0,20000.0,50000.0,20,RMS,POW,LIN,0.7499839100000001,0.00077587869,0.0005818965336118779,44560000.0,-50.59562683
2026-10-07T10:24:06,,2400000000.0,5000000000.0,0,8,10,0.6009377006322857,0.6009376,6204385279.999994,6,64,37500000.0,15000000.0,20000.0,50000.0,20,RMS,POW,LIN,0.7499839100000001,0.00077587869,0.0005818965336118779,44564000.0,-50.98095322
2026-10-07T10:24:06,,2400000000.0,5000000000.0,0,8,10,0.6009377006322857,0.6009376,6204385279.999994,6,64,37500000.0,15000000.0,20000.0,50000.0,20,RMS,POW,LIN,0.7499839100000001,0.00077587869,0.0005818965336118779,44568000.0,-51.14606476
2026-10-07T10:24:06,,2400000000.0,5000000000.0,0,8,10,0.6009377006322857,0.6009376,6204385279.999994,6,64,37500000.0,15000000.0,20000.0,50000.0,20,RMS,POW,LIN,0.7499839100000001,0.00077587869,0.0005818965336118779,44572000.0,-51.13505173
2026-10-07T10:24:06,,2400000000.0,5000000000.0,0,8,10,0.6009377006322857,0.6009376,6204385279.999994,6,64,37500000.0,15000000.0,20000.0,50000.0,20,RMS,POW,LIN,0.7499839100000001,0.00077587869,0.0005818965336118779,44576000.0,-50.90769577
2026-10-07T10:24:06,,2400000000.0,5000000000.0,0,8,10,0.6009377006322857,0.6009376,6204385279.999994,6,64,37500000.0,15000000.0,20000.0,50000.0,20,RMS,POW,LIN,0.7499839100000001,0.00077587869,0.0005818965336118779,44580000.0,-50.39479065
2026-10-07T10:24:06,,2400000000.0,5000000000.0,0,8,10,0.6009377006322857,0.6009376,6204385279.999994,6,64,37500000.0,15000000.0,20000.0,50000.0,20,RMS,POW,LIN,0.7499839100000001,0.00077587869,0.0005818965336118779,44584000.0,-49.71915817
2026-10-07T10:24:06,,2400000000.0,5000000000.0,0,8,10,0.6009377006322857,0.6009376,6204385279.999994,6,64,37500000.0,15000000.0,20000.0,50000.0,20,RMS,POW,LIN,0.7499839100000001,0.00077587869,0.0005818965336118779,44588000.0,-49.16080856
2026-10-07T10:24:06,,2400000000.0,5000000000.0,0,8,10,0.6009377006322857,0.6009376,6204385279.999994,6,64,37500000.0,15000000.0,20000.0,50000.0,20,RMS,POW,LIN,0.7499839100000001,0.00077587869,0.0005818965336118779,44592000.0,-48.94978333
2026-10-07T10:24:06,,2400000000.0,5000000000.0,0,8,10,0.6009377006322857,0.6009376,6204385279.999994,6,64,37500000.0,15000000.0,20000.0,50000.0,20,RMS,POW,LIN,0.7499839100000001,0.00077587869,0.0005818965336118779,44596000.0,-49.18206406
2026-10-07T10:24:06,,2400000000.0,5000000000.0,0,8,10,0.6009377006322857,0.6009376,6204385279.999994,6,64,37500000.0,15000000.0,20000.0,50000.0,20,RMS,POW,LIN,0.7499839100000001,0.00077587869,0.0005818965336118779,44600000.0,-49.82548904
2026-10-07T10:24:06,,2400000000.0,5000000000.0,0,8,10,0.6009377006322857,0.6009376,6204385279.999994,6,64,37500000.0,15000000.0,20000.0,50000.0,20,RMS,POW,LIN,0.7499839100000001,0.00077587869,0.0005818965336118779,44604000.0,-50.71774292
2026-10-07T10:24:06,,2400000000.0,5000000000.0,0,8,10,0.6009377006322857,0.6009376,6204385279.999994,6,64,37500000.0,15000000.0,20000.0,50000.0,20,RMS,POW,LIN,0.7499839100000001,0.00077587869,0.0005818965336118779,44608000.0,-51.57730484
2026-10-07T10:24:06,,2400000000.0,5000000000.0,0,8,10,0.6009377006322857,0.6009376,6204385279.999994,6,64,37500000.0,15000000.0,20000.0,50000.0,20,RMS,POW,LIN,0.7499839100000001,0.00077587869,0.0005818965336118779,44612000.0,-52.12745667
2026-10-07T10:24:06,,2400000000.0,5000000000.0,0,8,10,0.6009377006322857,0.6009376,6204385279.999994,6,64,37500000.0,15000000.0,20000.0,50000.0,20,RMS,POW,LIN,0.7499839100000001,0.00077587869,0.0005818965336118779,44616000.0,-52.26450348
2026-10-07T10:24:06,,2400000000.0,5000000000.0,0,8,10,0.6009377006322857,0.6009376,6204385279.999994,6,64,37500000.0,15000000.0,20000.0,50000.0,20,RMS,POW,LIN,0.7499839100000001,0.00077587869,0.0005818965336118779,44620000.0,-52.00981522
2026-10-07T10:24:06,,2400000000.0,5000000000.0,0,8,10,0.6009377006322857,0.6009376,6204385279.999994,6,64,37500000.0,15000000.0,20000.0,50000.0,20,RMS,POW,LIN,0.7499839100000001,0.00077587869,0.0005818965336118779,44624000.0,-51.39691162
2026-10-07T10:24:06,,2400000000.0,5000000000.0,0,8,10,0.6009377006322857,0.6009376,6204385279.999994,6,64,37500000.0,15000000.0,20000.0,50000.0,20,RMS,POW,LIN,0.7499839100000001,0.00077587869,0.0005818965336118779,44628000.0,-50.55277634
2026-10-07T10:24:06,,2400000000.0,5000000000.0,0,8,10,0.6009377006322857,0.6009376,6204385279.999994,6,64,37500000.0,15000000.0,20000.0,50000.0,20,RMS,POW,LIN,0.7499839100000001,0.00077587869,0.0005818965336118779,44632000.0,-49.72458267
2026-10-07T10:24:06,,2400000000.0,5000000000.0,0,8,10,0.6009377006322857,0.6009376,6204385279.999994,6,64,37500000.0,15000000.0,20000.0,50000.0,20,RMS,POW,LIN,0.7499839100000001,0.00077587869,0.0005818965336118779,44636000.0,-49.12286758
2026-10-07T10:24:06,,2400000000.0,5000000000.0,0,8,10,0.6009377006322857,0.6009376,6204385279.999994,6,64,37500000.0,15000000.0,20000.0,50000.0,20,RMS,POW,LIN,0.7499839100000001,0.00077587869,0.0005818965336118779,44640000.0,-48.80654907
2026-10-07T10:24:06,,2400000000.0,5000000000.0,0,8,10,0.6009377006322857,0.6009376,6204385279.999994,6,64,37500000.0,15000000.0,20000.0,50000.0,20,RMS,POW,LIN,0.7499839100000001,0.00077587869,0.0005818965336118779,44644000.0,-48.69797897
2026-10-07T10:24:06,,2400000000.0,5000000000.0,0,8,10,0.6009377006322857,0.6009376,6204385279.999994,6,64,37500000.0,15000000.0,20000.0,50000.0,20,RMS,POW,LIN,0.7499839100000001,0.00077587869,0.0005818965336118779,44648000.0,-48.6904335
2026-10-07T10:24:06,,2400000000.0,5000000000.0,0,8,10,0.6009377006322857,0.6009376,6204385279.999994,6,64,37500000.0,15000000.0,20000.0,50000.0,20,RMS,POW,LIN,0.7499839100000001,0.00077587869,0.0005818965336118779,44652000.0,-48.77256012
2026-10-07T10:24:06,,2400000000.0,5000000000.0,0,8,10,0.6009377006322857,0.6009376,6204385279.999994,6,64,37500000.0,15000000.0,20000.0,50000.0,20,RMS,POW,LIN,0.7499839100000001,0.00077587869,0.0005818965336118779,44656000.0,-49.03049088
2026-10-07T10:24:06,,2400000000.0,5000000000.0,0,8,10,0.6009377006322857,0.6009376,6204385279.999994,6,64,37500000.0,15000000.0,20000.0,50000.0,20,RMS,POW,LIN,0.7499839100000001,0.00077587869,0.0005818965336118779,44660000.0,-49.50794601
2026-10-07T10:24:06,,2400000000.0,5000000000.0,0,8,10,0.6009377006322857,0.6009376,6204385279.999994,6,64,37500000.0,15000000.0,20000.0,50000.0,20,RMS,POW,LIN,0.7499839100000001,0.00077587869,0.0005818965336118779,44664000.0,-50.06645584
2026-10-07T10:24:06,,2400000000.0,5000000000.0,0,8,10,0.6009377006322857,0.6009376,6204385279.999994,6,64,37500000.0,15000000.0,20000.0,50000.0,20,RMS,POW,LIN,0.7499839100000001,0.00077587869,0.0005818965336118779,44668000.0,-50.41041946
2026-10-07T10:24:06,,2400000000.0,5000000000.0,0,8,10,0.6009377006322857,0.6009376,6204385279.999994,6,64,37500000.0,15000000.0,20000.0,50000.0,20,RMS,POW,LIN,0.7499839100000001,0.00077587869,0.0005818965336118779,44672000.0,-50.38438416
2026-10-07T10:24:06,,2400000000.0,5000000000.0,0,8,10,0.6009377006322857,0.6009376,6204385279.999994,6,64,37500000.0,15000000.0,20000.0,50000.0,20,RMS,POW,LIN,0.7499839100000001,0.00077587869,0.0005818965336118779,44676000.0,-50.1739006
2026-10-07T10:24:06,,2400000000.0,5000000000.0,0,8,10,0.6009377006322857,0.6009376,6204385279.999994,6,64,37500000.0,15000000.0,20000.0,50000.0,20,RMS,POW,LIN,0.7499839100000001,0.00077587869,0.0005818965336118779,44680000.0,-50.04561234
2026-10-07T10:24:06,,2400000000.0,5000000000.0,0,8,10,0.6009377006322857,0.6009376,6204385279.999994,6,64,37500000.0,15000000.0,20000.0,50000.0,20,RMS,POW,LIN,0.7499839100000001,0.00077587869,0.0005818965336118779,44684000.0,-50.08871078
2026-10-07T10:24:06,,2400000000.0,5000000000.0,0,8,10,0.6009377006322857,0.6009376,6204385279.999994,6,64,37500000.0,15000000.0,20000.0,50000.0,20,RMS,POW,LIN,0.7499839100000001,0.00077587869,0.0005818965336118779,44688000.0,-50.22414398
2026-10-07T10:24:06,,2400000000.0,5000000000.0,0,8,10,0.6009377006322857,0.6009376,6204385279.999994,6,64,37500000.0,15000000.0,20000.0,50000.0,20,RMS,POW,LIN,0.7499839100000001,0.00077587869,0.0005818965336118779,44692000.0,-50.336483
2026-10-07T10:24:06,,2400000000.0,5000000000.0,0,8,10,0.6009377006322857,0.6009376,6204385279.999994,6,64,37500000.0,15000000.0,20000.0,50000.0,20,RMS,POW,LIN,0.7499839100000001,0.00077587869,0.0005818965336118779,44696000.0,-50.3878479
2026-10-07T10:24:06,,2400000000.0,5000000000.0,0,8,10,0.6009377006322857,0.6009376,6204385279.999994,6,64,37500000.0,15000000.0,20000.0,50000.0,20,RMS,POW,LIN,0.7499839100000001,0.00077587869,0.0005818965336118779,44700000.0,-50.41718674
2026-10-07T10:24:06,,2400000000.0,5000000000.0,0,8,10,0.6009377006322857,0.6009376,6204385279.999994,6,64,37500000.0,15000000.0,20000.0,50000.0,20,RMS,POW,LIN,0.7499839100000001,0.00077587869,0.0005818965336118779,44704000.0,-50.45776367
2026-10-07T10:24:06,,2400000000.0,5000000000.0,0,8,10,0.6009377006322857,0.6009376,6204385279.999994,6,64,37500000.0,15000000.0,20000.0,50000.0,20,RMS,POW,LIN,0.7499839100000001,0.00077587869,0.0005818965336118779,44708000.0,-50.48253632
2026-10-07T10:24:06,,2400000000.0,5000000000.0,0,8,10,0.6009377006322857,0.6009376,6204385279.999994,6,64,37500000.0,15000000.0,20000.0,50000.0,20,RMS,POW,LIN,0.7499839100000001,0.00077587869,0.0005818965336118779,44712000.0,-50.4209404
2026-10-07T10:24:06,,2400000000.0,5000000000.0,0,8,10,0.6009377006322857,0.6009376,6204385279.999994,6,64,37500000.0,15000000.0,20000.0,50000.0,20,RMS,POW,LIN,0.7499839100000001,0.00077587869,0.0005818965336118779,44716000.0,-50.22983551
2026-10-07T10:24:06,,2400000000.0,5000000000.0,0,8,10,0.6009377006322857,0.6009376,6204385279.999994,6,64,37500000.0,15000000.0,20000.0,50000.0,20,RMS,POW,LIN,0.7499839100000001,0.00077587869,0.0005818965336118779,44720000.0,-49.95692444
2026-10-07T10:24:06,,2400000000.0,5000000000.0,0,8,10,0.6009377006322857,0.6009376,6204385279.999994,6,64,37500000.0,15000000.0,20000.0,50000.0,20,RMS,POW,LIN,0.7499839100000001,0.00077587869,0.0005818965336118779,44724000.0,-49.72064209
2026-10-07T10:24:06,,2400000000.0,5000000000.0,0,8,10,0.6009377006322857,0.6009376,6204385279.999994,6,64,37500000.0,15000000.0,20000.0,50000.0,20,RMS,POW,LIN,0.7499839100000001,0.00077587869,0.0005818965336118779,44728000.0,-49.621315
2026-10-07T10:24:06,,2400000000.0,5000000000.0,0,8,10,0.6009377006322857,0.6009376,6204385279.999994,6,64,37500000.0,15000000.0,20000.0,50000.0,20,RMS,POW,LIN,0.7499839100000001,0.00077587869,0.0005818965336118779,44732000.0,-49.66439056
2026-10-07T10:24:06,,2400000000.0,5000000000.0,0,8,10,0.6009377006322857,0.6009376,6204385279.999994,6,64,37500000.0,15000000.0,20000.0,50000.0,20,RMS,POW,LIN,0.7499839100000001,0.00077587869,0.0005818965336118779,44736000.0,-49.74731827
2026-10-07T10:24:06,,2400000000.0,5000000000.0,0,8,10,0.6009377006322857,0.6009376,6204385279.999994,6,64,37500000.0,15000000.0,20000.0,50000.0,20,RMS,POW,LIN,0.7499839100000001,0.00077587869,0.0005818965336118779,44740000.0,-49.73730469
2026-10-07T10:24:06,,2400000000.0,5000000000.0,0,8,10,0.6009377006322857,0.6009376,6204385279.999994,6,64,37500000.0,15000000.0,20000.0,50000.0,20,RMS,POW,LIN,0.7499839100000001,0.00077587869,0.0005818965336118779,44744000.0,-49.59991074
2026-10-07T10:24:06,,2400000000.0,5000000000.0,0,8,10,0.6009377006322857,0.6009376,6204385279.999994,6,64,37500000.0,15000000.0,20000.0,50000.0,20,RMS,POW,LIN,0.7499839100000001,0.00077587869,0.0005818965336118779,44748000.0,-49.42651749
2026-10-07T10:24:06,,2400000000.0,5000000000.0,0,8,10,0.6009377006322857,0.6009376,6204385279.999994,6,64,37500000.0,15000000.0,20000.0,50000.0,20,RMS,POW,LIN,0.7499839100000001,0.00077587869,0.0005818965336118779,44752000.0,-49.32958603
2026-10-07T10:24:06,,2400000000.0,5000000000.0,0,8,10,0.6009377006322857,0.6009376,6204385279.999994,6,64,37500000.0,15000000.0,20000.0,50000.0,20,RMS,POW,LIN,0.7499839100000001,0.00077587869,0.0005818965336118779,44756000.0,-49.35852051
2026-10-07T10:24:06,,2400000000.0,5000000000.0,0,8,10,0.6009377006322857,0.6009376,6204385279.999994,6,64,37500000.0,15000000.0,20000.0,50000.0,20,RMS,POW,LIN,0.7499839100000001,0.00077587869,0.0005818965336118779,44760000.0,-49.50170135
2026-10-07T10:24:06,,2400000000.0,5000000000.0,0,8,10,0.6009377006322857,0.6009376,6204385279.999994,6,64,37500000.0,15000000.0,20000.0,50000.0,20,RMS,POW,LIN,0.7499839100000001,0.00077587869,0.0005818965336118779,44764000.0,-49.72338867
2026-10-07T10:24:06,,2400000000.0,5000000000.0,0,8,10,0.6009377006322857,0.6009376,6204385279.999994,6,64,37500000.0,15000000.0,20000.0,50000.0,20,RMS,POW,LIN,0.7499839100000001,0.00077587869,0.0005818965336118779,44768000.0,-49.98797226
2026-10-07T10:24:06,,2400000000.0,5000000000.0,0,8,10,0.6009377006322857,0.6009376,6204385279.999994,6,64,37500000.0,15000000.0,20000.0,50000.0,20,RMS,POW,LIN,0.7499839100000001,0.00077587869,0.0005818965336118779,44772000.0,-50.26171494
2026-10-07T10:24:06,,2400000000.0,5000000000.0,0,8,10,0.6009377006322857,0.6009376,6204385279.999994,6,64,37500000.0,15000000.0,20000.0,50000.0,20,RMS,POW,LIN,0.7499839100000001,0.00077587869,0.0005818965336118779,44776000.0,-50.50072479
2026-10-07T10:24:06,,2400000000.0,5000000000.0,0,8,10,0.6009377006322857,0.6009376,6204385279.999994,6,64,37500000.0,15000000.0,20000.0,50000.0,20,RMS,POW,LIN,0.7499839100000001,0.00077587869,0.0005818965336118779,44780000.0,-50.63895035
2026-10-07T10:24:06,,2400000000.0,5000000000.0,0,8,10,0.6009377006322857,0.6009376,6204385279.999994,6,64,37500000.0,15000000.0,20000.0,50000.0,20,RMS,POW,LIN,0.7499839100000001,0.00077587869,0.0005818965336118779,44784000.0,-50.60595322
2026-10-07T10:24:06,,2400000000.0,5000000000.0,0,8,10,0.6009377006322857,0.6009376,6204385279.999994,6,64,37500000.0,15000000.0,20000.0,50000.0,20,RMS,POW,LIN,0.7499839100000001,0.00077587869,0.0005818965336118779,44788000.0,-50.39091492
2026-10-07T10:24:06,,2400000000.0,5000000000.0,0,8,10,0.6009377006322857,0.6009376,6204385279.999994,6,64,37500000.0,15000000.0,20000.0,50000.0,20,RMS,POW,LIN,0.7499839100000001,0.00077587869,0.0005818965336118779,44792000.0,-50.08644104
2026-10-07T10:24:06,,2400000000.0,5000000000.0,0,8,10,0.6009377006322857,0.6009376,6204385279.999994,6,64,37500000.0,15000000.0,20000.0,50000.0,20,RMS,POW,LIN,0.7499839100000001,0.00077587869,0.0005818965336118779,44796000.0,-49.83787918
2026-10-07T10:24:06,,2400000000.0,5000000000.0,0,8,10,0.6009377006322857,0.6009376,6204385279.999994,6,64,37500000.0,15000000.0,20000.0,50000.0,20,RMS,POW,LIN,0.7499839100000001,0.00077587869,0.0005818965336118779,44800000.0,-49.74935532
2026-10-07T10:24:06,,2400000000.0,5000000000.0,0,8,10,0.6009377006322857,0.6009376,6204385279.999994,6,64,37500000.0,15000000.0,20000.0,50000.0,20,RMS,POW,LIN,0.7499839100000001,0.00077587869,0.0005818965336118779,44804000.0,-49.82881546
2026-10-07T10:24:06,,2400000000.0,5000000000.0,0,8,10,0.6009377006322857,0.6009376,6204385279.999994,6,64,37500000.0,15000000.0,20000.0,50000.0,20,RMS,POW,LIN,0.7499839100000001,0.00077587869,0.0005818965336118779,44808000.0,-49.98534393
2026-10-07T10:24:06,,2400000000.0,5000000000.0,0,8,10,0.6009377006322857,0.6009376,6204385279.999994,6,64,37500000.0,15000000.0,20000.0,50000.0,20,RMS,POW,LIN,0.7499839100000001,0.00077587869,0.0005818965336118779,44812000.0,-50.07971573
2026-10-07T10:24:06,,2400000000.0,5000000000.0,0,8,10,0.6009377006322857,0.6009376,6204385279.999994,6,64,37500000.0,15000000.0,20000.0,50000.0,20,RMS,POW,LIN,0.7499839100000001,0.00077587869,0.0005818965336118779,44816000.0,-50.02473831
2026-10-07T10:24:06,,2400000000.0,5000000000.0,0,8,10,0.6009377006322857,0.6009376,6204385279.999994,6,64,37500000.0,15000000.0,20000.0,50000.0,20,RMS,POW,LIN,0.7499839100000001,0.00077587869,0.0005818965336118779,44820000.0,-49.8561554
2026-10-07T10:24:06,,2400000000.0,5000000000.0,0,8,10,0.6009377006322857,0.6009376,6204385279.999994,6,64,37500000.0,15000000.0,20000.0,50000.0,20,RMS,POW,LIN,0.7499839100000001,0.00077587869,0.0005818965336118779,44824000.0,-49.68792725
2026-10-07T10:24:06,,2400000000.0,5000000000.0,0,8,10,0.6009377006322857,0.6009376,6204385279.999994,6,64,37500000.0,15000000.0,20000.0,50000.0,20,RMS,POW,LIN,0.7499839100000001,0.00077587869,0.0005818965336118779,44828000.0,-49.61365509
2026-10-07T10:24:06,,2400000000.0,5000000000.0,0,8,10,0.6009377006322857,0.6009376,6204385279.999994,6,64,37500000.0,15000000.0,20000.0,50000.0,20,RMS,POW,LIN,0.7499839100000001,0.00077587869,0.0005818965336118779,44832000.0,-49.65945435
2026-10-07T10:24:06,,2400000000.0,5000000000.0,0,8,10,0.6009377006322857,0.6009376,6204385279.999994,6,64,37500000.0,15000000.0,20000.0,50000.0,20,RMS,POW,LIN,0.7499839100000001,0.00077587869,0.0005818965336118779,44836000.0,-49.80283737
2026-10-07T10:24:06,,2400000000.0,5000000000.0,0,8,10,0.6009377006322857,0.6009376,6204385279.999994,6,64,37500000.0,15000000.0,20000.0,50000.0,20,RMS,POW,LIN,0.7499839100000001,0.00077587869,0.0005818965336118779,44840000.0,-50.01517868
2026-10-07T10:24:06,,2400000000.0,5000000000.0,0,8,10,0.6009377006322857,0.6009376,6204385279.999994,6,64,37500000.0,15000000.0,20000.0,50000.0,20,RMS,POW,LIN,0.7499839100000001,0.00077587869,0.0005818965336118779,44844000.0,-50.27244949
2026-10-07T10:24:06,,2400000000.0,5000000000.0,0,8,10,0.6009377006322857,0.6009376,6204385279.999994,6,64,37500000.0,15000000.0,20000.0,50000.0,20,RMS,POW,LIN,0.7499839100000001,0.00077587869,0.0005818965336118779,44848000.0,-50.51105881
2026-10-07T10:24:06,,2400000000.0,5000000000.0,0,8,10,0.6009377006322857,0.6009376,6204385279.999994,6,64,37500000.0,15000000.0,20000.0,50000.0,20,RMS,POW,LIN,0.7499839100000001,0.00077587869,0.0005818965336118779,44852000.0,-50.59004211
2026-10-07T10:24:06,,2400000000.0,5000000000.0,0,8,10,0.6009377006322857,0.6009376,6204385279.999994,6,64,37500000.0,15000000.0,20000.0,50000.0,20,RMS,POW,LIN,0.7499839100000001,0.00077587869,0.0005818965336118779,44856000.0,-50.36716461
2026-10-07T10:24:06,,2400000000.0,5000000000.0,0,8,10,0.6009377006322857,0.6009376,6204385279.999994,6,64,37500000.0,15000000.0,20000.0,50000.0,20,RMS,POW,LIN,0.7499839100000001,0.00077587869,0.0005818965336118779,44860000.0,-49.85587311
2026-10-07T10:24:06,,2400000000.0,5000000000.0,0,8,10,0.6009377006322857,0.6009376,6204385279.999994,6,64,37500000.0,15000000.0,20000.0,50000.0,20,RMS,POW,LIN,0.7499839100000001,0.00077587869,0.0005818965336118779,44864000.0,-49.23777771
2026-10-07T10:24:06,,2400000000.0,5000000000.0,0,8,10,0.6009377006322857,0.6009376,6204385279.999994,6,64,37500000.0,15000000.0,20000.0,50000.0,20,RMS,POW,LIN,0.7499839100000001,0.00077587869,0.0005818965336118779,44868000.0,-48.71946335
2026-10-07T10:24:06,,2400000000.0,5000000000.0,0,8,10,0.6009377006322857,0.6009376,6204385279.999994,6,64,37500000.0,15000000.0,20000.0,50000.0,20,RMS,POW,LIN,0.7499839100000001,0.00077587869,0.0005818965336118779,44872000.0,-48.43906403
2026-10-07T10:24:06,,2400000000.0,5000000000.0,0,8,10,0.6009377006322857,0.6009376,6204385279.999994,6,64,37500000.0,15000000.0,20000.0,50000.0,20,RMS,POW,LIN,0.7499839100000001,0.00077587869,0.0005818965336118779,44876000.0,-48.45739746
2026-10-07T10:24:06,,2400000000.0,5000000000.0,0,8,10,0.6009377006322857,0.6009376,6204385279.999994,6,64,37500000.0,15000000.0,20000.0,50000.0,20,RMS,POW,LIN,0.7499839100000001,0.00077587869,0.0005818965336118779,44880000.0,-48.76727295
2026-10-07T10:24:06,,2400000000.0,5000000000.0,0,8,10,0.6009377006322857,0.6009376,6204385279.999994,6,64,37500000.0,15000000.0,20000.0,50000.0,20,RMS,POW,LIN,0.7499839100000001,0.00077587869,0.0005818965336118779,44884000.0,-49.30002594
2026-10-07T10:24:06,,2400000000.0,5000000000.0,0,8,10,0.6009377006322857,0.6009376,6204385279.999994,6,64,37500000.0,15000000.0,20000.0,50000.0,20,RMS,POW,LIN,0.7499839100000001,0.00077587869,0.0005818965336118779,44888000.0,-49.93895721
2026-10-07T10:24:06,,2400000000.0,5000000000.0,0,8,10,0.6009377006322857,0.6009376,6204385279.999994,6,64,37500000.0,15000000.0,20000.0,50000.0,20,RMS,POW,LIN,0.7499839100000001,0.00077587869,0.0005818965336118779,44892000.0,-50.5305481
2026-10-07T10:24:06,,2400000000.0,5000000000.0,0,8,10,0.6009377006322857,0.6009376,6204385279.999994,6,64,37500000.0,15000000.0,20000.0,50000.0,20,RMS,POW,LIN,0.7499839100000001,0.00077587869,0.0005818965336118779,44896000.0,-50.88045502
2026-10-07T10:24:06,,2400000000.0,5000000000.0,0,8,10,0.6009377006322857,0.6009376,6204385279.999994,6,64,37500000.0,15000000.0,20000.0,50000.0,20,RMS,POW,LIN,0.7499839100000001,0.00077587869,0.0005818965336118779,44900000.0,-50.81774521
2026-10-07T10:24:06,,2400000000.0,5000000000.0,0,8,10,0.6009377006322857,0.6009376,6204385279.999994,6,64,37500000.0,15000000.0,20000.0,50000.0,20,RMS,POW,LIN,0.7499839100000001,0.00077587869,0.0005818965336118779,44904000.0,-50.38347244
2026-10-07T10:24:06,,2400000000.0,5000000000.0,0,8,10,0.6009377006322857,0.6009376,6204385279.999994,6,64,37500000.0,15000000.0,20000.0,50000.0,20,RMS,POW,LIN,0.7499839100000001,0.00077587869,0.0005818965336118779,44908000.0,-49.86234283
2026-10-07T10:24:06,,2400000000.0,5000000000.0,0,8,10,0.6009377006322857,0.6009376,6204385279.999994,6,64,37500000.0,15000000.0,20000.0,50000.0,20,RMS,POW,LIN,0.7499839100000001,0.00077587869,0.0005818965336118779,44912000.0,-49.54795837
2026-10-07T10:24:06,,2400000000.0,5000000000.0,0,8,10,0.6009377006322857,0.6009376,6204385279.999994,6,64,37500000.0,15000000.0,20000.0,50000.0,20,RMS,POW,LIN,0.7499839100000001,0.00077587869,0.0005818965336118779,44916000.0,-49.5566597
2026-10-07T10:24:06,,2400000000.0,5000000000.0,0,8,10,0.6009377006322857,0.6009376,6204385279.999994,6,64,37500000.0,15000000.0,20000.0,50000.0,20,RMS,POW,LIN,0.7499839100000001,0.00077587869,0.0005818965336118779,44920000.0,-49.7722702
2026-10-07T10:24:06,,2400000000.0,5000000000.0,0,8,10,0.6009377006322857,0.6009376,6204385279.999994,6,64,37500000.0,15000000.0,20000.0,50000.0,20,RMS,POW,LIN,0.7499839100000001,0.00077587869,0.0005818965336118779,44924000.0,-49.88845825
2026-10-07T10:24:06,,2400000000.0,5000000000.0,0,8,10,0.6009377006322857,0.6009376,6204385279.999994,6,64,37500000.0,15000000.0,20000.0,50000.0,20,RMS,POW,LIN,0.7499839100000001,0.00077587869,0.0005818965336118779,44928000.0,-49.67316818
2026-10-07T10:24:06,,2400000000.0,5000000000.0,0,8,10,0.6009377006322857,0.6009376,6204385279.999994,6,64,37500000.0,15000000.0,20000.0,50000.0,20,RMS,POW,LIN,0.7499839100000001,0.00077587869,0.0005818965336118779,44932000.0,-49.25001144
2026-10-07T10:24:06,,2400000000.0,5000000000.0,0,8,10,0.6009377006322857,0.6009376,6204385279.999994,6,64,37500000.0,15000000.0,20000.0,50000.0,20,RMS,POW,LIN,0.7499839100000001,0.00077587869,0.0005818965336118779,44936000.0,-48.9128952
2026-10-07T10:24:06,,2400000000.0,5000000000.0,0,8,10,0.6009377006322857,0.6009376,6204385279.999994,6,64,37500000.0,15000000.0,20000.0,50000.0,20,RMS,POW,LIN,0.7499839100000001,0.00077587869,0.0005818965336118779,44940000.0,-48.80201721
2026-10-07T10:24:06,,2400000000.0,5000000000.0,0,8,10,0.6009377006322857,0.6009376,6204385279.999994,6,64,37500000.0,15000000.0,20000.0,50000.0,20,RMS,POW,LIN,0.7499839100000001,0.00077587869,0.0005818965336118779,44944000.0,-48.84134674
2026-10-07T10:24:06,,2400000000.0,5000000000.0,0,8,10,0.6009377006322857,0.6009376,6204385279.999994,6,64,37500000.0,15000000.0,20000.0,50000.0,20,RMS,POW,LIN,0.7499839100000001,0.00077587869,0.0005818965336118779,44948000.0,-48.85597229
2026-10-07T10:24:06,,2400000000.0,5000000000.0,0,8,10,0.6009377006322857,0.6009376,6204385279.999994,6,64,37500000.0,15000000.0,20000.0,50000.0,20,RMS,POW,LIN,0.7499839100000001,0.00077587869,0.0005818965336118779,44952000.0,-48.7565155
2026-10-07T10:24:06,,2400000000.0,5000000000.0,0,8,10,0.6009377006322857,0.6009376,6204385279.999994,6,64,37500000.0,15000000.0,20000.0,50000.0,20,RMS,POW,LIN,0.7499839100000001,0.00077587869,0.0005818965336118779,44956000.0,-48.6261673
2026-10-07T10:24:06,,2400000000.0,5000000000.0,0,8,10,0.6009377006322857,0.6009376,6204385279.999994,6,64,37500000.0,15000000.0,20000.0,50000.0,20,RMS,POW,LIN,0.7499839100000001,0.00077587869,0.0005818965336118779,44960000.0,-48.62260818
2026-10-07T10:24:06,,2400000000.0,5000000000.0,0,8,10,0.6009377006322857,0.6009376,6204385279.999994,6,64,37500000.0,15000000.0,20000.0,50000.0,20,RMS,POW,LIN,0.7499839100000001,0.00077587869,0.0005818965336118779,44964000.0,-48.84890747
2026-10-07T10:24:06,,2400000000.0,5000000000.0,0,8,10,0.6009377006322857,0.6009376,6204385279.999994,6,64,37500000.0,15000000.0,20000.0,50000.0,20,RMS,POW,LIN,0.7499839100000001,0.00077587869,0.0005818965336118779,44968000.0,-49.29863739
2026-10-07T10:24:06,,2400000000.0,5000000000.0,0,8,10,0.6009377006322857,0.6009376,6204385279.999994,6,64,37500000.0,15000000.0,20000.0,50000.0,20,RMS,POW,LIN,0.7499839100000001,0.00077587869,0.0005818965336118779,44972000.0,-49.84778214
2026-10-07T10:24:06,,2400000000.0,5000000000.0,0,8,10,0.6009377006322857,0.6009376,6204385279.999994,6,64,37500000.0,15000000.0,20000.0,50000.0,20,RMS,POW,LIN,0.7499839100000001,0.00077587869,0.0005818965336118779,44976000.0,-50.30461884
2026-10-07T10:24:06,,2400000000.0,5000000000.0,0,8,10,0.6009377006322857,0.6009376,6204385279.999994,6,64,37500000.0,15000000.0,20000.0,50000.0,20,RMS,POW,LIN,0.7499839100000001,0.00077587869,0.0005818965336118779,44980000.0,-50.5568428
2026-10-07T10:24:06,,2400000000.0,5000000000.0,0,8,10,0.6009377006322857,0.6009376,6204385279.999994,6,64,37500000.0,15000000.0,20000.0,50000.0,20,RMS,POW,LIN,0.7499839100000001,0.00077587869,0.0005818965336118779,44984000.0,-50.67793274
2026-10-07T10:24:06,,2400000000.0,5000000000.0,0,8,10,0.6009377006322857,0.6009376,6204385279.999994,6,64,37500000.0,15000000.0,20000.0,50000.0,20,RMS,POW,LIN,0.7499839100000001,0.00077587869,0.0005818965336118779,44988000.0,-50.81561661
2026-10-07T10:24:06,,2400000000.0,5000000000.0,0,8,10,0.6009377006322857,0.6009376,6204385279.999994,6,64,37500000.0,15000000.0,20000.0,50000.0,20,RMS,POW,LIN,0.7499839100000001,0.00077587869,0.0005818965336118779,44992000.0,-51.01814651
2026-10-07T10:24:06,,2400000000.0,5000000000.0,0,8,10,0.6009377006322857,0.6009376,6204385279.999994,6,64,37500000.0,15000000.0,20000.0,50000.0,20,RMS,POW,LIN,0.7499839100000001,0.00077587869,0.0005818965336118779,44996000.0,-51.2016983
2026-10-07T10:24:06,,2400000000.0,5000000000.0,0,8,10,0.6009377006322857,0.6009376,6204385279.999994,6,64,37500000.0,15000000.0,20000.0,50000.0,20,RMS,POW,LIN,0.7499839100000001,0.00077587869,0.0005818965336118779,45000000.0,-51.24677658
