time,note,f_target,kvco_target,vco_tune_coarse,vco_current_min,vco_current_max,vctrl_pred,vctrl_meas,kvco_pred,set_div_freq,total_div,center,span,rbw,averages,freq,level_dbm
2026-10-05T11:07:03,,2400000000.0,5000000000.0,2,9,12,0.49922727601866124,0.4992301,4949555200.000001,6,64,37500000.0,15000000.0,200000.0,20,30000000.0,-51.81872177
2026-10-05T11:07:03,,2400000000.0,5000000000.0,2,9,12,0.49922727601866124,0.4992301,4949555200.000001,6,64,37500000.0,15000000.0,200000.0,20,30021739.13043478,-51.35357666
2026-10-05T11:07:03,,2400000000.0,5000000000.0,2,9,12,0.49922727601866124,0.4992301,4949555200.000001,6,64,37500000.0,15000000.0,200000.0,20,30043478.260869566,-50.82250977
2026-10-05T11:07:03,,2400000000.0,5000000000.0,2,9,12,0.49922727601866124,0.4992301,4949555200.000001,6,64,37500000.0,15000000.0,200000.0,20,30065217.391304348,-50.63182831
2026-10-05T11:07:03,,2400000000.0,5000000000.0,2,9,12,0.49922727601866124,0.4992301,4949555200.000001,6,64,37500000.0,15000000.0,200000.0,20,30086956.52173913,-50.65393066
2026-10-05T11:07:03,,2400000000.0,5000000000.0,2,9,12,0.49922727601866124,0.4992301,4949555200.000001,6,64,37500000.0,15000000.0,200000.0,20,30108695.652173914,-50.77505875
2026-10-05T11:07:03,,2400000000.0,5000000000.0,2,9,12,0.49922727601866124,0.4992301,4949555200.000001,6,64,37500000.0,15000000.0,200000.0,20,30130434.782608695,-50.83382416
2026-10-05T11:07:03,,2400000000.0,5000000000.0,2,9,12,0.49922727601866124,0.4992301,4949555200.000001,6,64,37500000.0,15000000.0,200000.0,20,30152173.913043477,-50.80393219
2026-10-05T11:07:03,,2400000000.0,5000000000.0,2,9,12,0.49922727601866124,0.4992301,4949555200.000001,6,64,37500000.0,15000000.0,200000.0,20,30173913.04347826,-50.66159058
2026-10-05T11:07:03,,2400000000.0,5000000000.0,2,9,12,0.49922727601866124,0.4992301,4949555200.000001,6,64,37500000.0,15000000.0,200000.0,20,30195652.173913043,-50.49100494
2026-10-05T11:07:03,,2400000000.0,5000000000.0,2,9,12,0.49922727601866124,0.4992301,4949555200.000001,6,64,37500000.0,15000000.0,200000.0,20,30217391.304347824,-50.44216537
2026-10-05T11:07:03,,2400000000.0,5000000000.0,2,9,12,0.49922727601866124,0.4992301,4949555200.000001,6,64,37500000.0,15000000.0,200000.0,20,30239130.43478261,-50.6799469
2026-10-05T11:07:03,,2400000000.0,5000000000.0,2,9,12,0.49922727601866124,0.4992301,4949555200.000001,6,64,37500000.0,15000000.0,200000.0,20,30260869.56521739,-50.97677612
2026-10-05T11:07:03,,2400000000.0,5000000000.0,2,9,12,0.49922727601866124,0.4992301,4949555200.000001,6,64,37500000.0,15000000.0,200000.0,20,30282608.695652176,-50.9636879
2026-10-05T11:07:03,,2400000000.0,5000000000.0,2,9,12,0.49922727601866124,0.4992301,4949555200.000001,6,64,37500000.0,15000000.0,200000.0,20,30304347.826086957,-51.14655685
2026-10-05T11:07:03,,2400000000.0,5000000000.0,2,9,12,0.49922727601866124,0.4992301,4949555200.000001,6,64,37500000.0,15000000.0,200000.0,20,30326086.95652174,-51.33191681
2026-10-05T11:07:03,,2400000000.0,5000000000.0,2,9,12,0.49922727601866124,0.4992301,4949555200.000001,6,64,37500000.0,15000000.0,200000.0,20,30347826.086956523,-51.2747879
2026-10-05T11:07:03,,2400000000.0,5000000000.0,2,9,12,0.49922727601866124,0.4992301,4949555200.000001,6,64,37500000.0,15000000.0,200000.0,20,30369565.217391305,-51.3193512
2026-10-05T11:07:03,,2400000000.0,5000000000.0,2,9,12,0.49922727601866124,0.4992301,4949555200.000001,6,64,37500000.0,15000000.0,200000.0,20,30391304.347826086,-51.60363388
2026-10-05T11:07:03,,2400000000.0,5000000000.0,2,9,12,0.49922727601866124,0.4992301,4949555200.000001,6,64,37500000.0,15000000.0,200000.0,20,30413043.47826087,-52.10701752
2026-10-05T11:07:03,,2400000000.0,5000000000.0,2,9,12,0.49922727601866124,0.4992301,4949555200.000001,6,64,37500000.0,15000000.0,200000.0,20,30434782.608695652,-52.71619415
2026-10-05T11:07:03,,2400000000.0,5000000000.0,2,9,12,0.49922727601866124,0.4992301,4949555200.000001,6,64,37500000.0,15000000.0,200000.0,20,30456521.739130434,-53.00614929
2026-10-05T11:07:03,,2400000000.0,5000000000.0,2,9,12,0.49922727601866124,0.4992301,4949555200.000001,6,64,37500000.0,15000000.0,200000.0,20,30478260.86956522,-52.96956635
2026-10-05T11:07:03,,2400000000.0,5000000000.0,2,9,12,0.49922727601866124,0.4992301,4949555200.000001,6,64,37500000.0,15000000.0,200000.0,20,30500000.0,-53.2137146
2026-10-05T11:07:03,,2400000000.0,5000000000.0,2,9,12,0.49922727601866124,0.4992301,4949555200.000001,6,64,37500000.0,15000000.0,200000.0,20,30521739.13043478,-53.10699844
2026-10-05T11:07:03,,2400000000.0,5000000000.0,2,9,12,0.49922727601866124,0.4992301,4949555200.000001,6,64,37500000.0,15000000.0,200000.0,20,30543478.260869566,-52.74638367
2026-10-05T11:07:03,,2400000000.0,5000000000.0,2,9,12,0.49922727601866124,0.4992301,4949555200.000001,6,64,37500000.0,15000000.0,200000.0,20,30565217.391304348,-51.4889946
2026-10-05T11:07:03,,2400000000.0,5000000000.0,2,9,12,0.49922727601866124,0.4992301,4949555200.000001,6,64,37500000.0,15000000.0,200000.0,20,30586956.52173913,-50.7108345
2026-10-05T11:07:03,,2400000000.0,5000000000.0,2,9,12,0.49922727601866124,0.4992301,4949555200.000001,6,64,37500000.0,15000000.0,200000.0,20,30608695.652173914,-50.18140411
2026-10-05T11:07:03,,2400000000.0,5000000000.0,2,9,12,0.49922727601866124,0.4992301,4949555200.000001,6,64,37500000.0,15000000.0,200000.0,20,30630434.782608695,-49.7302742
2026-10-05T11:07:03,,2400000000.0,5000000000.0,2,9,12,0.49922727601866124,0.4992301,4949555200.000001,6,64,37500000.0,15000000.0,200000.0,20,30652173.913043477,-49.30773544
2026-10-05T11:07:03,,2400000000.0,5000000000.0,2,9,12,0.49922727601866124,0.4992301,4949555200.000001,6,64,37500000.0,15000000.0,200000.0,20,30673913.04347826,-49.00445175
2026-10-05T11:07:03,,2400000000.0,5000000000.0,2,9,12,0.49922727601866124,0.4992301,4949555200.000001,6,64,37500000.0,15000000.0,200000.0,20,30695652.173913043,-48.83364868
2026-10-05T11:07:03,,2400000000.0,5000000000.0,2,9,12,0.49922727601866124,0.4992301,4949555200.000001,6,64,37500000.0,15000000.0,200000.0,20,30717391.304347824,-48.76500702
2026-10-05T11:07:03,,2400000000.0,5000000000.0,2,9,12,0.49922727601866124,0.4992301,4949555200.000001,6,64,37500000.0,15000000.0,200000.0,20,30739130.43478261,-48.92391586
2026-10-05T11:07:03,,2400000000.0,5000000000.0,2,9,12,0.49922727601866124,0.4992301,4949555200.000001,6,64,37500000.0,15000000.0,200000.0,20,30760869.56521739,-49.07626343
2026-10-05T11:07:03,,2400000000.0,5000000000.0,2,9,12,0.49922727601866124,0.4992301,4949555200.000001,6,64,37500000.0,15000000.0,200000.0,20,30782608.695652176,-48.99608231
2026-10-05T11:07:03,,2400000000.0,5000000000.0,2,9,12,0.49922727601866124,0.4992301,4949555200.000001,6,64,37500000.0,15000000.0,200000.0,20,30804347.826086957,-49.13723373
2026-10-05T11:07:03,,2400000000.0,5000000000.0,2,9,12,0.49922727601866124,0.4992301,4949555200.000001,6,64,37500000.0,15000000.0,200000.0,20,30826086.95652174,-49.22856903
2026-10-05T11:07:03,,2400000000.0,5000000000.0,2,9,12,0.49922727601866124,0.4992301,4949555200.000001,6,64,37500000.0,15000000.0,200000.0,20,30847826.086956523,-49.18654251
2026-10-05T11:07:03,,2400000000.0,5000000000.0,2,9,12,0.49922727601866124,0.4992301,4949555200.000001,6,64,37500000.0,15000000.0,200000.0,20,30869565.217391305,-49.06030655
2026-10-05T11:07:03,,2400000000.0,5000000000.0,2,9,12,0.49922727601866124,0.4992301,4949555200.000001,6,64,37500000.0,15000000.0,200000.0,20,30891304.347826086,-48.97254944
2026-10-05T11:07:03,,2400000000.0,5000000000.0,2,9,12,0.49922727601866124,0.4992301,4949555200.000001,6,64,37500000.0,15000000.0,200000.0,20,30913043.47826087,-48.92319489
2026-10-05T11:07:03,,2400000000.0,5000000000.0,2,9,12,0.49922727601866124,0.4992301,4949555200.000001,6,64,37500000.0,15000000.0,200000.0,20,30934782.608695652,-48.69205093
2026-10-05T11:07:03,,2400000000.0,5000000000.0,2,9,12,0.49922727601866124,0.4992301,4949555200.000001,6,64,37500000.0,15000000.0,200000.0,20,30956521.739130434,-48.71230316
2026-10-05T11:07:03,,2400000000.0,5000000000.0,2,9,12,0.49922727601866124,0.4992301,4949555200.000001,6,64,37500000.0,15000000.0,200000.0,20,30978260.86956522,-48.32493973
2026-10-05T11:07:03,,2400000000.0,5000000000.0,2,9,12,0.49922727601866124,0.4992301,4949555200.000001,6,64,37500000.0,15000000.0,200000.0,20,31000000.0,-48.02361298
2026-10-05T11:07:03,,2400000000.0,5000000000.0,2,9,12,0.49922727601866124,0.4992301,4949555200.000001,6,64,37500000.0,15000000.0,200000.0,20,31021739.13043478,-47.95294571
2026-10-05T11:07:03,,2400000000.0,5000000000.0,2,9,12,0.49922727601866124,0.4992301,4949555200.000001,6,64,37500000.0,15000000.0,200000.0,20,31043478.260869566,-48.04932404
2026-10-05T11:07:03,,2400000000.0,5000000000.0,2,9,12,0.49922727601866124,0.4992301,4949555200.000001,6,64,37500000.0,15000000.0,200000.0,20,31065217.391304348,-48.30320358
2026-10-05T11:07:03,,2400000000.0,5000000000.0,2,9,12,0.49922727601866124,0.4992301,4949555200.000001,6,64,37500000.0,15000000.0,200000.0,20,31086956.52173913,-48.67842865
2026-10-05T11:07:03,,2400000000.0,5000000000.0,2,9,12,0.49922727601866124,0.4992301,4949555200.000001,6,64,37500000.0,15000000.0,200000.0,20,31108695.652173914,-49.0421257
2026-10-05T11:07:03,,2400000000.0,5000000000.0,2,9,12,0.49922727601866124,0.4992301,4949555200.000001,6,64,37500000.0,15000000.0,200000.0,20,31130434.782608695,-49.32067108
2026-10-05T11:07:03,,2400000000.0,5000000000.0,2,9,12,0.49922727601866124,0.4992301,4949555200.000001,6,64,37500000.0,15000000.0,200000.0,20,31152173.913043477,-49.48121643
2026-10-05T11:07:03,,2400000000.0,5000000000.0,2,9,12,0.49922727601866124,0.4992301,4949555200.000001,6,64,37500000.0,15000000.0,200000.0,20,31173913.04347826,-49.49891281
2026-10-05T11:07:03,,2400000000.0,5000000000.0,2,9,12,0.49922727601866124,0.4992301,4949555200.000001,6,64,37500000.0,15000000.0,200000.0,20,31195652.173913043,-49.59667206
2026-10-05T11:07:03,,2400000000.0,5000000000.0,2,9,12,0.49922727601866124,0.4992301,4949555200.000001,6,64,37500000.0,15000000.0,200000.0,20,31217391.304347828,-49.82771301
2026-10-05T11:07:03,,2400000000.0,5000000000.0,2,9,12,0.49922727601866124,0.4992301,4949555200.000001,6,64,37500000.0,15000000.0,200000.0,20,31239130.43478261,-50.02410126
2026-10-05T11:07:03,,2400000000.0,5000000000.0,2,9,12,0.49922727601866124,0.4992301,4949555200.000001,6,64,37500000.0,15000000.0,200000.0,20,31260869.56521739,-50.20304871
2026-10-05T11:07:03,,2400000000.0,5000000000.0,2,9,12,0.49922727601866124,0.4992301,4949555200.000001,6,64,37500000.0,15000000.0,200000.0,20,31282608.695652172,-50.60853195
2026-10-05T11:07:03,,2400000000.0,5000000000.0,2,9,12,0.49922727601866124,0.4992301,4949555200.000001,6,64,37500000.0,15000000.0,200000.0,20,31304347.826086957,-49.69579697
2026-10-05T11:07:03,,2400000000.0,5000000000.0,2,9,12,0.49922727601866124,0.4992301,4949555200.000001,6,64,37500000.0,15000000.0,200000.0,20,31326086.95652174,-49.18057251
2026-10-05T11:07:03,,2400000000.0,5000000000.0,2,9,12,0.49922727601866124,0.4992301,4949555200.000001,6,64,37500000.0,15000000.0,200000.0,20,31347826.086956523,-48.85834503
2026-10-05T11:07:03,,2400000000.0,5000000000.0,2,9,12,0.49922727601866124,0.4992301,4949555200.000001,6,64,37500000.0,15000000.0,200000.0,20,31369565.217391305,-48.70830154
2026-10-05T11:07:03,,2400000000.0,5000000000.0,2,9,12,0.49922727601866124,0.4992301,4949555200.000001,6,64,37500000.0,15000000.0,200000.0,20,31391304.347826086,-48.6892662
2026-10-05T11:07:03,,2400000000.0,5000000000.0,2,9,12,0.49922727601866124,0.4992301,4949555200.000001,6,64,37500000.0,15000000.0,200000.0,20,31413043.47826087,-48.73271179
2026-10-05T11:07:03,,2400000000.0,5000000000.0,2,9,12,0.49922727601866124,0.4992301,4949555200.000001,6,64,37500000.0,15000000.0,200000.0,20,31434782.608695652,-48.73028946
2026-10-05T11:07:03,,2400000000.0,5000000000.0,2,9,12,0.49922727601866124,0.4992301,4949555200.000001,6,64,37500000.0,15000000.0,200000.0,20,31456521.739130434,-48.51426697
2026-10-05T11:07:03,,2400000000.0,5000000000.0,2,9,12,0.49922727601866124,0.4992301,4949555200.000001,6,64,37500000.0,15000000.0,200000.0,20,31478260.86956522,-48.00492477
2026-10-05T11:07:03,,2400000000.0,5000000000.0,2,9,12,0.49922727601866124,0.4992301,4949555200.000001,6,64,37500000.0,15000000.0,200000.0,20,31500000.0,-47.43314743
2026-10-05T11:07:03,,2400000000.0,5000000000.0,2,9,12,0.49922727601866124,0.4992301,4949555200.000001,6,64,37500000.0,15000000.0,200000.0,20,31521739.13043478,-46.91622543
2026-10-05T11:07:03,,2400000000.0,5000000000.0,2,9,12,0.49922727601866124,0.4992301,4949555200.000001,6,64,37500000.0,15000000.0,200000.0,20,31543478.260869566,-46.50199127
2026-10-05T11:07:03,,2400000000.0,5000000000.0,2,9,12,0.49922727601866124,0.4992301,4949555200.000001,6,64,37500000.0,15000000.0,200000.0,20,31565217.391304348,-46.22655106
2026-10-05T11:07:03,,2400000000.0,5000000000.0,2,9,12,0.49922727601866124,0.4992301,4949555200.000001,6,64,37500000.0,15000000.0,200000.0,20,31586956.52173913,-46.12421799
2026-10-05T11:07:03,,2400000000.0,5000000000.0,2,9,12,0.49922727601866124,0.4992301,4949555200.000001,6,64,37500000.0,15000000.0,200000.0,20,31608695.652173914,-46.19353104
2026-10-05T11:07:03,,2400000000.0,5000000000.0,2,9,12,0.49922727601866124,0.4992301,4949555200.000001,6,64,37500000.0,15000000.0,200000.0,20,31630434.782608695,-45.96576691
2026-10-05T11:07:03,,2400000000.0,5000000000.0,2,9,12,0.49922727601866124,0.4992301,4949555200.000001,6,64,37500000.0,15000000.0,200000.0,20,31652173.913043477,-45.61713028
2026-10-05T11:07:03,,2400000000.0,5000000000.0,2,9,12,0.49922727601866124,0.4992301,4949555200.000001,6,64,37500000.0,15000000.0,200000.0,20,31673913.04347826,-45.34564209
2026-10-05T11:07:03,,2400000000.0,5000000000.0,2,9,12,0.49922727601866124,0.4992301,4949555200.000001,6,64,37500000.0,15000000.0,200000.0,20,31695652.173913043,-45.07169342
2026-10-05T11:07:03,,2400000000.0,5000000000.0,2,9,12,0.49922727601866124,0.4992301,4949555200.000001,6,64,37500000.0,15000000.0,200000.0,20,31717391.304347828,-44.8109169
2026-10-05T11:07:03,,2400000000.0,5000000000.0,2,9,12,0.49922727601866124,0.4992301,4949555200.000001,6,64,37500000.0,15000000.0,200000.0,20,31739130.43478261,-44.62605667
2026-10-05T11:07:03,,2400000000.0,5000000000.0,2,9,12,0.49922727601866124,0.4992301,4949555200.000001,6,64,37500000.0,15000000.0,200000.0,20,31760869.56521739,-44.54629517
2026-10-05T11:07:03,,2400000000.0,5000000000.0,2,9,12,0.49922727601866124,0.4992301,4949555200.000001,6,64,37500000.0,15000000.0,200000.0,20,31782608.695652172,-44.58225632
2026-10-05T11:07:03,,2400000000.0,5000000000.0,2,9,12,0.49922727601866124,0.4992301,4949555200.000001,6,64,37500000.0,15000000.0,200000.0,20,31804347.826086957,-45.02941895
2026-10-05T11:07:03,,2400000000.0,5000000000.0,2,9,12,0.49922727601866124,0.4992301,4949555200.000001,6,64,37500000.0,15000000.0,200000.0,20,31826086.95652174,-44.04422379
2026-10-05T11:07:03,,2400000000.0,5000000000.0,2,9,12,0.49922727601866124,0.4992301,4949555200.000001,6,64,37500000.0,15000000.0,200000.0,20,31847826.086956523,-43.59243011
2026-10-05T11:07:03,,2400000000.0,5000000000.0,2,9,12,0.49922727601866124,0.4992301,4949555200.000001,6,64,37500000.0,15000000.0,200000.0,20,31869565.217391305,-43.53295135
2026-10-05T11:07:03,,2400000000.0,5000000000.0,2,9,12,0.49922727601866124,0.4992301,4949555200.000001,6,64,37500000.0,15000000.0,200000.0,20,31891304.347826086,-43.77961349
2026-10-05T11:07:03,,2400000000.0,5000000000.0,2,9,12,0.49922727601866124,0.4992301,4949555200.000001,6,64,37500000.0,15000000.0,200000.0,20,31913043.47826087,-44.22232437
2026-10-05T11:07:03,,2400000000.0,5000000000.0,2,9,12,0.49922727601866124,0.4992301,4949555200.000001,6,64,37500000.0,15000000.0,200000.0,20,31934782.608695652,-44.71810913
2026-10-05T11:07:03,,2400000000.0,5000000000.0,2,9,12,0.49922727601866124,0.4992301,4949555200.000001,6,64,37500000.0,15000000.0,200000.0,20,31956521.739130434,-45.26098633
2026-10-05T11:07:03,,2400000000.0,5000000000.0,2,9,12,0.49922727601866124,0.4992301,4949555200.000001,6,64,37500000.0,15000000.0,200000.0,20,31978260.86956522,-45.82886505
2026-10-05T11:07:03,,2400000000.0,5000000000.0,2,9,12,0.49922727601866124,0.4992301,4949555200.000001,6,64,37500000.0,15000000.0,200000.0,20,32000000.0,-46.3518486
2026-10-05T11:07:03,,2400000000.0,5000000000.0,2,9,12,0.49922727601866124,0.4992301,4949555200.000001,6,64,37500000.0,15000000.0,200000.0,20,32021739.13043478,-46.66691971
2026-10-05T11:07:03,,2400000000.0,5000000000.0,2,9,12,0.49922727601866124,0.4992301,4949555200.000001,6,64,37500000.0,15000000.0,200000.0,20,32043478.260869566,-46.66743088
2026-10-05T11:07:03,,2400000000.0,5000000000.0,2,9,12,0.49922727601866124,0.4992301,4949555200.000001,6,64,37500000.0,15000000.0,200000.0,20,32065217.391304348,-46.56147766
2026-10-05T11:07:03,,2400000000.0,5000000000.0,2,9,12,0.49922727601866124,0.4992301,4949555200.000001,6,64,37500000.0,15000000.0,200000.0,20,32086956.52173913,-46.52641296
2026-10-05T11:07:03,,2400000000.0,5000000000.0,2,9,12,0.49922727601866124,0.4992301,4949555200.000001,6,64,37500000.0,15000000.0,200000.0,20,32108695.652173914,-46.61659241
2026-10-05T11:07:03,,2400000000.0,5000000000.0,2,9,12,0.49922727601866124,0.4992301,4949555200.000001,6,64,37500000.0,15000000.0,200000.0,20,32130434.782608695,-46.848629
2026-10-05T11:07:03,,2400000000.0,5000000000.0,2,9,12,0.49922727601866124,0.4992301,4949555200.000001,6,64,37500000.0,15000000.0,200000.0,20,32152173.913043477,-47.27212524
2026-10-05T11:07:03,,2400000000.0,5000000000.0,2,9,12,0.49922727601866124,0.4992301,4949555200.000001,6,64,37500000.0,15000000.0,200000.0,20,32173913.04347826,-47.9279747
2026-10-05T11:07:03,,2400000000.0,5000000000.0,2,9,12,0.49922727601866124,0.4992301,4949555200.000001,6,64,37500000.0,15000000.0,200000.0,20,32195652.173913043,-47.99884796
2026-10-05T11:07:03,,2400000000.0,5000000000.0,2,9,12,0.49922727601866124,0.4992301,4949555200.000001,6,64,37500000.0,15000000.0,200000.0,20,32217391.304347828,-48.04836655
2026-10-05T11:07:03,,2400000000.0,5000000000.0,2,9,12,0.49922727601866124,0.4992301,4949555200.000001,6,64,37500000.0,15000000.0,200000.0,20,32239130.43478261,-48.08834076
2026-10-05T11:07:03,,2400000000.0,5000000000.0,2,9,12,0.49922727601866124,0.4992301,4949555200.000001,6,64,37500000.0,15000000.0,200000.0,20,32260869.56521739,-48.43740082
2026-10-05T11:07:03,,2400000000.0,5000000000.0,2,9,12,0.49922727601866124,0.4992301,4949555200.000001,6,64,37500000.0,15000000.0,200000.0,20,32282608.695652172,-47.38005447
2026-10-05T11:07:03,,2400000000.0,5000000000.0,2,9,12,0.49922727601866124,0.4992301,4949555200.000001,6,64,37500000.0,15000000.0,200000.0,20,32304347.826086957,-46.67369843
2026-10-05T11:07:03,,2400000000.0,5000000000.0,2,9,12,0.49922727601866124,0.4992301,4949555200.000001,6,64,37500000.0,15000000.0,200000.0,20,32326086.95652174,-45.90392303
2026-10-05T11:07:03,,2400000000.0,5000000000.0,2,9,12,0.49922727601866124,0.4992301,4949555200.000001,6,64,37500000.0,15000000.0,200000.0,20,32347826.086956523,-45.15612793
2026-10-05T11:07:03,,2400000000.0,5000000000.0,2,9,12,0.49922727601866124,0.4992301,4949555200.000001,6,64,37500000.0,15000000.0,200000.0,20,32369565.217391305,-44.51649094
2026-10-05T11:07:03,,2400000000.0,5000000000.0,2,9,12,0.49922727601866124,0.4992301,4949555200.000001,6,64,37500000.0,15000000.0,200000.0,20,32391304.347826086,-43.89424515
2026-10-05T11:07:03,,2400000000.0,5000000000.0,2,9,12,0.49922727601866124,0.4992301,4949555200.000001,6,64,37500000.0,15000000.0,200000.0,20,32413043.47826087,-43.00528717
2026-10-05T11:07:03,,2400000000.0,5000000000.0,2,9,12,0.49922727601866124,0.4992301,4949555200.000001,6,64,37500000.0,15000000.0,200000.0,20,32434782.608695652,-42.16312408
2026-10-05T11:07:03,,2400000000.0,5000000000.0,2,9,12,0.49922727601866124,0.4992301,4949555200.000001,6,64,37500000.0,15000000.0,200000.0,20,32456521.739130434,-41.42957306
2026-10-05T11:07:03,,2400000000.0,5000000000.0,2,9,12,0.49922727601866124,0.4992301,4949555200.000001,6,64,37500000.0,15000000.0,200000.0,20,32478260.86956522,-40.75427246
2026-10-05T11:07:03,,2400000000.0,5000000000.0,2,9,12,0.49922727601866124,0.4992301,4949555200.000001,6,64,37500000.0,15000000.0,200000.0,20,32500000.0,-40.16708374
2026-10-05T11:07:03,,2400000000.0,5000000000.0,2,9,12,0.49922727601866124,0.4992301,4949555200.000001,6,64,37500000.0,15000000.0,200000.0,20,32521739.13043478,-39.34955978
2026-10-05T11:07:03,,2400000000.0,5000000000.0,2,9,12,0.49922727601866124,0.4992301,4949555200.000001,6,64,37500000.0,15000000.0,200000.0,20,32543478.260869566,-38.55306625
2026-10-05T11:07:03,,2400000000.0,5000000000.0,2,9,12,0.49922727601866124,0.4992301,4949555200.000001,6,64,37500000.0,15000000.0,200000.0,20,32565217.391304348,-38.02158356
2026-10-05T11:07:03,,2400000000.0,5000000000.0,2,9,12,0.49922727601866124,0.4992301,4949555200.000001,6,64,37500000.0,15000000.0,200000.0,20,32586956.52173913,-37.75053787
2026-10-05T11:07:03,,2400000000.0,5000000000.0,2,9,12,0.49922727601866124,0.4992301,4949555200.000001,6,64,37500000.0,15000000.0,200000.0,20,32608695.652173914,-37.73190308
2026-10-05T11:07:03,,2400000000.0,5000000000.0,2,9,12,0.49922727601866124,0.4992301,4949555200.000001,6,64,37500000.0,15000000.0,200000.0,20,32630434.782608695,-37.95349503
2026-10-05T11:07:03,,2400000000.0,5000000000.0,2,9,12,0.49922727601866124,0.4992301,4949555200.000001,6,64,37500000.0,15000000.0,200000.0,20,32652173.913043477,-38.39728546
2026-10-05T11:07:03,,2400000000.0,5000000000.0,2,9,12,0.49922727601866124,0.4992301,4949555200.000001,6,64,37500000.0,15000000.0,200000.0,20,32673913.04347826,-39.02171326
2026-10-05T11:07:03,,2400000000.0,5000000000.0,2,9,12,0.49922727601866124,0.4992301,4949555200.000001,6,64,37500000.0,15000000.0,200000.0,20,32695652.173913043,-39.56951523
2026-10-05T11:07:03,,2400000000.0,5000000000.0,2,9,12,0.49922727601866124,0.4992301,4949555200.000001,6,64,37500000.0,15000000.0,200000.0,20,32717391.304347828,-39.86124802
2026-10-05T11:07:03,,2400000000.0,5000000000.0,2,9,12,0.49922727601866124,0.4992301,4949555200.000001,6,64,37500000.0,15000000.0,200000.0,20,32739130.43478261,-40.84237289
2026-10-05T11:07:03,,2400000000.0,5000000000.0,2,9,12,0.49922727601866124,0.4992301,4949555200.000001,6,64,37500000.0,15000000.0,200000.0,20,32760869.56521739,-40.62584686
2026-10-05T11:07:03,,2400000000.0,5000000000.0,2,9,12,0.49922727601866124,0.4992301,4949555200.000001,6,64,37500000.0,15000000.0,200000.0,20,32782608.695652172,-40.89619827
2026-10-05T11:07:03,,2400000000.0,5000000000.0,2,9,12,0.49922727601866124,0.4992301,4949555200.000001,6,64,37500000.0,15000000.0,200000.0,20,32804347.826086957,-41.43038559
2026-10-05T11:07:03,,2400000000.0,5000000000.0,2,9,12,0.49922727601866124,0.4992301,4949555200.000001,6,64,37500000.0,15000000.0,200000.0,20,32826086.95652174,-42.10142517
2026-10-05T11:07:03,,2400000000.0,5000000000.0,2,9,12,0.49922727601866124,0.4992301,4949555200.000001,6,64,37500000.0,15000000.0,200000.0,20,32847826.086956523,-42.86211014
2026-10-05T11:07:03,,2400000000.0,5000000000.0,2,9,12,0.49922727601866124,0.4992301,4949555200.000001,6,64,37500000.0,15000000.0,200000.0,20,32869565.217391305,-43.74208069
2026-10-05T11:07:03,,2400000000.0,5000000000.0,2,9,12,0.49922727601866124,0.4992301,4949555200.000001,6,64,37500000.0,15000000.0,200000.0,20,32891304.347826086,-45.00930023
2026-10-05T11:07:03,,2400000000.0,5000000000.0,2,9,12,0.49922727601866124,0.4992301,4949555200.000001,6,64,37500000.0,15000000.0,200000.0,20,32913043.47826087,-45.62534332
2026-10-05T11:07:03,,2400000000.0,5000000000.0,2,9,12,0.49922727601866124,0.4992301,4949555200.000001,6,64,37500000.0,15000000.0,200000.0,20,32934782.608695652,-46.1926651
2026-10-05T11:07:03,,2400000000.0,5000000000.0,2,9,12,0.49922727601866124,0.4992301,4949555200.000001,6,64,37500000.0,15000000.0,200000.0,20,32956521.739130434,-46.13201141
2026-10-05T11:07:03,,2400000000.0,5000000000.0,2,9,12,0.49922727601866124,0.4992301,4949555200.000001,6,64,37500000.0,15000000.0,200000.0,20,32978260.86956522,-46.02397156
2026-10-05T11:07:03,,2400000000.0,5000000000.0,2,9,12,0.49922727601866124,0.4992301,4949555200.000001,6,64,37500000.0,15000000.0,200000.0,20,33000000.0,-46.25046539
2026-10-05T11:07:03,,2400000000.0,5000000000.0,2,9,12,0.49922727601866124,0.4992301,4949555200.000001,6,64,37500000.0,15000000.0,200000.0,20,33021739.13043478,-45.73337555
2026-10-05T11:07:03,,2400000000.0,5000000000.0,2,9,12,0.49922727601866124,0.4992301,4949555200.000001,6,64,37500000.0,15000000.0,200000.0,20,33043478.260869566,-44.92329407
2026-10-05T11:07:03,,2400000000.0,5000000000.0,2,9,12,0.49922727601866124,0.4992301,4949555200.000001,6,64,37500000.0,15000000.0,200000.0,20,33065217.391304348,-44.45095062
2026-10-05T11:07:03,,2400000000.0,5000000000.0,2,9,12,0.49922727601866124,0.4992301,4949555200.000001,6,64,37500000.0,15000000.0,200000.0,20,33086956.52173913,-44.14186096
2026-10-05T11:07:03,,2400000000.0,5000000000.0,2,9,12,0.49922727601866124,0.4992301,4949555200.000001,6,64,37500000.0,15000000.0,200000.0,20,33108695.652173914,-43.98215866
2026-10-05T11:07:03,,2400000000.0,5000000000.0,2,9,12,0.49922727601866124,0.4992301,4949555200.000001,6,64,37500000.0,15000000.0,200000.0,20,33130434.782608695,-43.96520996
2026-10-05T11:07:03,,2400000000.0,5000000000.0,2,9,12,0.49922727601866124,0.4992301,4949555200.000001,6,64,37500000.0,15000000.0,200000.0,20,33152173.913043477,-43.96163559
2026-10-05T11:07:03,,2400000000.0,5000000000.0,2,9,12,0.49922727601866124,0.4992301,4949555200.000001,6,64,37500000.0,15000000.0,200000.0,20,33173913.04347826,-43.79027176
2026-10-05T11:07:03,,2400000000.0,5000000000.0,2,9,12,0.49922727601866124,0.4992301,4949555200.000001,6,64,37500000.0,15000000.0,200000.0,20,33195652.173913043,-43.44849777
2026-10-05T11:07:03,,2400000000.0,5000000000.0,2,9,12,0.49922727601866124,0.4992301,4949555200.000001,6,64,37500000.0,15000000.0,200000.0,20,33217391.304347828,-43.06660461
2026-10-05T11:07:03,,2400000000.0,5000000000.0,2,9,12,0.49922727601866124,0.4992301,4949555200.000001,6,64,37500000.0,15000000.0,200000.0,20,33239130.43478261,-42.73578262
2026-10-05T11:07:03,,2400000000.0,5000000000.0,2,9,12,0.49922727601866124,0.4992301,4949555200.000001,6,64,37500000.0,15000000.0,200000.0,20,33260869.56521739,-42.4585495
2026-10-05T11:07:03,,2400000000.0,5000000000.0,2,9,12,0.49922727601866124,0.4992301,4949555200.000001,6,64,37500000.0,15000000.0,200000.0,20,33282608.695652172,-42.20316315
2026-10-05T11:07:03,,2400000000.0,5000000000.0,2,9,12,0.49922727601866124,0.4992301,4949555200.000001,6,64,37500000.0,15000000.0,200000.0,20,33304347.826086957,-41.92677307
2026-10-05T11:07:03,,2400000000.0,5000000000.0,2,9,12,0.49922727601866124,0.4992301,4949555200.000001,6,64,37500000.0,15000000.0,200000.0,20,33326086.95652174,-41.51021576
2026-10-05T11:07:03,,2400000000.0,5000000000.0,2,9,12,0.49922727601866124,0.4992301,4949555200.000001,6,64,37500000.0,15000000.0,200000.0,20,33347826.086956523,-40.83955765
2026-10-05T11:07:03,,2400000000.0,5000000000.0,2,9,12,0.49922727601866124,0.4992301,4949555200.000001,6,64,37500000.0,15000000.0,200000.0,20,33369565.217391305,-40.03839874
2026-10-05T11:07:03,,2400000000.0,5000000000.0,2,9,12,0.49922727601866124,0.4992301,4949555200.000001,6,64,37500000.0,15000000.0,200000.0,20,33391304.347826086,-39.31015778
2026-10-05T11:07:03,,2400000000.0,5000000000.0,2,9,12,0.49922727601866124,0.4992301,4949555200.000001,6,64,37500000.0,15000000.0,200000.0,20,33413043.47826087,-38.78059006
2026-10-05T11:07:03,,2400000000.0,5000000000.0,2,9,12,0.49922727601866124,0.4992301,4949555200.000001,6,64,37500000.0,15000000.0,200000.0,20,33434782.608695652,-38.48877335
2026-10-05T11:07:03,,2400000000.0,5000000000.0,2,9,12,0.49922727601866124,0.4992301,4949555200.000001,6,64,37500000.0,15000000.0,200000.0,20,33456521.739130434,-38.43223572
2026-10-05T11:07:03,,2400000000.0,5000000000.0,2,9,12,0.49922727601866124,0.4992301,4949555200.000001,6,64,37500000.0,15000000.0,200000.0,20,33478260.86956522,-38.58990479
2026-10-05T11:07:03,,2400000000.0,5000000000.0,2,9,12,0.49922727601866124,0.4992301,4949555200.000001,6,64,37500000.0,15000000.0,200000.0,20,33500000.0,-38.92095947
2026-10-05T11:07:03,,2400000000.0,5000000000.0,2,9,12,0.49922727601866124,0.4992301,4949555200.000001,6,64,37500000.0,15000000.0,200000.0,20,33521739.13043478,-39.36494064
2026-10-05T11:07:03,,2400000000.0,5000000000.0,2,9,12,0.49922727601866124,0.4992301,4949555200.000001,6,64,37500000.0,15000000.0,200000.0,20,33543478.260869566,-39.88208008
2026-10-05T11:07:03,,2400000000.0,5000000000.0,2,9,12,0.49922727601866124,0.4992301,4949555200.000001,6,64,37500000.0,15000000.0,200000.0,20,33565217.391304344,-40.51549911
2026-10-05T11:07:03,,2400000000.0,5000000000.0,2,9,12,0.49922727601866124,0.4992301,4949555200.000001,6,64,37500000.0,15000000.0,200000.0,20,33586956.52173913,-41.54204941
2026-10-05T11:07:03,,2400000000.0,5000000000.0,2,9,12,0.49922727601866124,0.4992301,4949555200.000001,6,64,37500000.0,15000000.0,200000.0,20,33608695.652173914,-42.09901428
2026-10-05T11:07:03,,2400000000.0,5000000000.0,2,9,12,0.49922727601866124,0.4992301,4949555200.000001,6,64,37500000.0,15000000.0,200000.0,20,33630434.782608695,-42.40871429
2026-10-05T11:07:03,,2400000000.0,5000000000.0,2,9,12,0.49922727601866124,0.4992301,4949555200.000001,6,64,37500000.0,15000000.0,200000.0,20,33652173.91304348,-42.54589462
2026-10-05T11:07:03,,2400000000.0,5000000000.0,2,9,12,0.49922727601866124,0.4992301,4949555200.000001,6,64,37500000.0,15000000.0,200000.0,20,33673913.04347826,-42.38375473
2026-10-05T11:07:03,,2400000000.0,5000000000.0,2,9,12,0.49922727601866124,0.4992301,4949555200.000001,6,64,37500000.0,15000000.0,200000.0,20,33695652.17391305,-41.62778854
2026-10-05T11:07:03,,2400000000.0,5000000000.0,2,9,12,0.49922727601866124,0.4992301,4949555200.000001,6,64,37500000.0,15000000.0,200000.0,20,33717391.30434783,-41.14980698
2026-10-05T11:07:03,,2400000000.0,5000000000.0,2,9,12,0.49922727601866124,0.4992301,4949555200.000001,6,64,37500000.0,15000000.0,200000.0,20,33739130.43478261,-40.72323608
2026-10-05T11:07:03,,2400000000.0,5000000000.0,2,9,12,0.49922727601866124,0.4992301,4949555200.000001,6,64,37500000.0,15000000.0,200000.0,20,33760869.56521739,-40.44573975
2026-10-05T11:07:03,,2400000000.0,5000000000.0,2,9,12,0.49922727601866124,0.4992301,4949555200.000001,6,64,37500000.0,15000000.0,200000.0,20,33782608.69565217,-40.43707275
2026-10-05T11:07:03,,2400000000.0,5000000000.0,2,9,12,0.49922727601866124,0.4992301,4949555200.000001,6,64,37500000.0,15000000.0,200000.0,20,33804347.82608695,-40.63912582
2026-10-05T11:07:03,,2400000000.0,5000000000.0,2,9,12,0.49922727601866124,0.4992301,4949555200.000001,6,64,37500000.0,15000000.0,200000.0,20,33826086.95652174,-39.86698532
2026-10-05T11:07:03,,2400000000.0,5000000000.0,2,9,12,0.49922727601866124,0.4992301,4949555200.000001,6,64,37500000.0,15000000.0,200000.0,20,33847826.08695652,-39.58925247
2026-10-05T11:07:03,,2400000000.0,5000000000.0,2,9,12,0.49922727601866124,0.4992301,4949555200.000001,6,64,37500000.0,15000000.0,200000.0,20,33869565.217391305,-39.5296936
2026-10-05T11:07:03,,2400000000.0,5000000000.0,2,9,12,0.49922727601866124,0.4992301,4949555200.000001,6,64,37500000.0,15000000.0,200000.0,20,33891304.347826086,-39.63705444
2026-10-05T11:07:03,,2400000000.0,5000000000.0,2,9,12,0.49922727601866124,0.4992301,4949555200.000001,6,64,37500000.0,15000000.0,200000.0,20,33913043.47826087,-39.9058075
2026-10-05T11:07:03,,2400000000.0,5000000000.0,2,9,12,0.49922727601866124,0.4992301,4949555200.000001,6,64,37500000.0,15000000.0,200000.0,20,33934782.608695656,-40.36551666
2026-10-05T11:07:03,,2400000000.0,5000000000.0,2,9,12,0.49922727601866124,0.4992301,4949555200.000001,6,64,37500000.0,15000000.0,200000.0,20,33956521.73913044,-41.08812332
2026-10-05T11:07:03,,2400000000.0,5000000000.0,2,9,12,0.49922727601866124,0.4992301,4949555200.000001,6,64,37500000.0,15000000.0,200000.0,20,33978260.86956522,-41.92917633
2026-10-05T11:07:03,,2400000000.0,5000000000.0,2,9,12,0.49922727601866124,0.4992301,4949555200.000001,6,64,37500000.0,15000000.0,200000.0,20,34000000.0,-41.28523254
2026-10-05T11:07:03,,2400000000.0,5000000000.0,2,9,12,0.49922727601866124,0.4992301,4949555200.000001,6,64,37500000.0,15000000.0,200000.0,20,34021739.13043478,-41.25373459
2026-10-05T11:07:03,,2400000000.0,5000000000.0,2,9,12,0.49922727601866124,0.4992301,4949555200.000001,6,64,37500000.0,15000000.0,200000.0,20,34043478.26086956,-41.44397736
2026-10-05T11:07:03,,2400000000.0,5000000000.0,2,9,12,0.49922727601866124,0.4992301,4949555200.000001,6,64,37500000.0,15000000.0,200000.0,20,34065217.391304344,-41.72469711
2026-10-05T11:07:03,,2400000000.0,5000000000.0,2,9,12,0.49922727601866124,0.4992301,4949555200.000001,6,64,37500000.0,15000000.0,200000.0,20,34086956.52173913,-42.00416565
2026-10-05T11:07:03,,2400000000.0,5000000000.0,2,9,12,0.49922727601866124,0.4992301,4949555200.000001,6,64,37500000.0,15000000.0,200000.0,20,34108695.652173914,-41.91349411
2026-10-05T11:07:03,,2400000000.0,5000000000.0,2,9,12,0.49922727601866124,0.4992301,4949555200.000001,6,64,37500000.0,15000000.0,200000.0,20,34130434.782608695,-41.16633224
2026-10-05T11:07:03,,2400000000.0,5000000000.0,2,9,12,0.49922727601866124,0.4992301,4949555200.000001,6,64,37500000.0,15000000.0,200000.0,20,34152173.91304348,-40.61077881
2026-10-05T11:07:03,,2400000000.0,5000000000.0,2,9,12,0.49922727601866124,0.4992301,4949555200.000001,6,64,37500000.0,15000000.0,200000.0,20,34173913.04347826,-39.94745636
2026-10-05T11:07:03,,2400000000.0,5000000000.0,2,9,12,0.49922727601866124,0.4992301,4949555200.000001,6,64,37500000.0,15000000.0,200000.0,20,34195652.17391305,-39.28204346
2026-10-05T11:07:03,,2400000000.0,5000000000.0,2,9,12,0.49922727601866124,0.4992301,4949555200.000001,6,64,37500000.0,15000000.0,200000.0,20,34217391.30434783,-38.51563263
2026-10-05T11:07:03,,2400000000.0,5000000000.0,2,9,12,0.49922727601866124,0.4992301,4949555200.000001,6,64,37500000.0,15000000.0,200000.0,20,34239130.43478261,-37.8090744
2026-10-05T11:07:03,,2400000000.0,5000000000.0,2,9,12,0.49922727601866124,0.4992301,4949555200.000001,6,64,37500000.0,15000000.0,200000.0,20,34260869.56521739,-37.2949028
2026-10-05T11:07:03,,2400000000.0,5000000000.0,2,9,12,0.49922727601866124,0.4992301,4949555200.000001,6,64,37500000.0,15000000.0,200000.0,20,34282608.69565217,-36.96892548
2026-10-05T11:07:03,,2400000000.0,5000000000.0,2,9,12,0.49922727601866124,0.4992301,4949555200.000001,6,64,37500000.0,15000000.0,200000.0,20,34304347.82608695,-36.79906464
2026-10-05T11:07:03,,2400000000.0,5000000000.0,2,9,12,0.49922727601866124,0.4992301,4949555200.000001,6,64,37500000.0,15000000.0,200000.0,20,34326086.95652174,-36.66075516
2026-10-05T11:07:03,,2400000000.0,5000000000.0,2,9,12,0.49922727601866124,0.4992301,4949555200.000001,6,64,37500000.0,15000000.0,200000.0,20,34347826.08695652,-36.04276657
2026-10-05T11:07:03,,2400000000.0,5000000000.0,2,9,12,0.49922727601866124,0.4992301,4949555200.000001,6,64,37500000.0,15000000.0,200000.0,20,34369565.217391305,-35.36677551
2026-10-05T11:07:03,,2400000000.0,5000000000.0,2,9,12,0.49922727601866124,0.4992301,4949555200.000001,6,64,37500000.0,15000000.0,200000.0,20,34391304.347826086,-35.00892639
2026-10-05T11:07:03,,2400000000.0,5000000000.0,2,9,12,0.49922727601866124,0.4992301,4949555200.000001,6,64,37500000.0,15000000.0,200000.0,20,34413043.47826087,-35.08238983
2026-10-05T11:07:03,,2400000000.0,5000000000.0,2,9,12,0.49922727601866124,0.4992301,4949555200.000001,6,64,37500000.0,15000000.0,200000.0,20,34434782.608695656,-36.07714844
2026-10-05T11:07:03,,2400000000.0,5000000000.0,2,9,12,0.49922727601866124,0.4992301,4949555200.000001,6,64,37500000.0,15000000.0,200000.0,20,34456521.73913044,-35.31733322
2026-10-05T11:07:03,,2400000000.0,5000000000.0,2,9,12,0.49922727601866124,0.4992301,4949555200.000001,6,64,37500000.0,15000000.0,200000.0,20,34478260.86956522,-34.81550598
2026-10-05T11:07:03,,2400000000.0,5000000000.0,2,9,12,0.49922727601866124,0.4992301,4949555200.000001,6,64,37500000.0,15000000.0,200000.0,20,34500000.0,-34.74658966
2026-10-05T11:07:03,,2400000000.0,5000000000.0,2,9,12,0.49922727601866124,0.4992301,4949555200.000001,6,64,37500000.0,15000000.0,200000.0,20,34521739.13043478,-34.81768036
2026-10-05T11:07:03,,2400000000.0,5000000000.0,2,9,12,0.49922727601866124,0.4992301,4949555200.000001,6,64,37500000.0,15000000.0,200000.0,20,34543478.26086956,-34.63338852
2026-10-05T11:07:03,,2400000000.0,5000000000.0,2,9,12,0.49922727601866124,0.4992301,4949555200.000001,6,64,37500000.0,15000000.0,200000.0,20,34565217.391304344,-34.5667038
2026-10-05T11:07:03,,2400000000.0,5000000000.0,2,9,12,0.49922727601866124,0.4992301,4949555200.000001,6,64,37500000.0,15000000.0,200000.0,20,34586956.52173913,-34.59171677
2026-10-05T11:07:03,,2400000000.0,5000000000.0,2,9,12,0.49922727601866124,0.4992301,4949555200.000001,6,64,37500000.0,15000000.0,200000.0,20,34608695.652173914,-34.55567169
2026-10-05T11:07:03,,2400000000.0,5000000000.0,2,9,12,0.49922727601866124,0.4992301,4949555200.000001,6,64,37500000.0,15000000.0,200000.0,20,34630434.782608695,-34.6003685
2026-10-05T11:07:03,,2400000000.0,5000000000.0,2,9,12,0.49922727601866124,0.4992301,4949555200.000001,6,64,37500000.0,15000000.0,200000.0,20,34652173.91304348,-34.78917694
2026-10-05T11:07:03,,2400000000.0,5000000000.0,2,9,12,0.49922727601866124,0.4992301,4949555200.000001,6,64,37500000.0,15000000.0,200000.0,20,34673913.04347826,-35.11658478
2026-10-05T11:07:03,,2400000000.0,5000000000.0,2,9,12,0.49922727601866124,0.4992301,4949555200.000001,6,64,37500000.0,15000000.0,200000.0,20,34695652.17391305,-35.53680801
2026-10-05T11:07:03,,2400000000.0,5000000000.0,2,9,12,0.49922727601866124,0.4992301,4949555200.000001,6,64,37500000.0,15000000.0,200000.0,20,34717391.30434783,-35.95565796
2026-10-05T11:07:03,,2400000000.0,5000000000.0,2,9,12,0.49922727601866124,0.4992301,4949555200.000001,6,64,37500000.0,15000000.0,200000.0,20,34739130.43478261,-36.33094025
2026-10-05T11:07:03,,2400000000.0,5000000000.0,2,9,12,0.49922727601866124,0.4992301,4949555200.000001,6,64,37500000.0,15000000.0,200000.0,20,34760869.56521739,-36.62377167
2026-10-05T11:07:03,,2400000000.0,5000000000.0,2,9,12,0.49922727601866124,0.4992301,4949555200.000001,6,64,37500000.0,15000000.0,200000.0,20,34782608.69565217,-36.71601486
2026-10-05T11:07:03,,2400000000.0,5000000000.0,2,9,12,0.49922727601866124,0.4992301,4949555200.000001,6,64,37500000.0,15000000.0,200000.0,20,34804347.82608695,-36.80729675
2026-10-05T11:07:03,,2400000000.0,5000000000.0,2,9,12,0.49922727601866124,0.4992301,4949555200.000001,6,64,37500000.0,15000000.0,200000.0,20,34826086.95652174,-37.0630722
2026-10-05T11:07:03,,2400000000.0,5000000000.0,2,9,12,0.49922727601866124,0.4992301,4949555200.000001,6,64,37500000.0,15000000.0,200000.0,20,34847826.08695652,-37.57954025
2026-10-05T11:07:03,,2400000000.0,5000000000.0,2,9,12,0.49922727601866124,0.4992301,4949555200.000001,6,64,37500000.0,15000000.0,200000.0,20,34869565.217391305,-38.52492142
2026-10-05T11:07:03,,2400000000.0,5000000000.0,2,9,12,0.49922727601866124,0.4992301,4949555200.000001,6,64,37500000.0,15000000.0,200000.0,20,34891304.347826086,-39.38724136
2026-10-05T11:07:03,,2400000000.0,5000000000.0,2,9,12,0.49922727601866124,0.4992301,4949555200.000001,6,64,37500000.0,15000000.0,200000.0,20,34913043.47826087,-39.29203415
2026-10-05T11:07:03,,2400000000.0,5000000000.0,2,9,12,0.49922727601866124,0.4992301,4949555200.000001,6,64,37500000.0,15000000.0,200000.0,20,34934782.608695656,-38.10042572
2026-10-05T11:07:03,,2400000000.0,5000000000.0,2,9,12,0.49922727601866124,0.4992301,4949555200.000001,6,64,37500000.0,15000000.0,200000.0,20,34956521.73913044,-37.06099701
2026-10-05T11:07:03,,2400000000.0,5000000000.0,2,9,12,0.49922727601866124,0.4992301,4949555200.000001,6,64,37500000.0,15000000.0,200000.0,20,34978260.86956522,-36.39047241
2026-10-05T11:07:03,,2400000000.0,5000000000.0,2,9,12,0.49922727601866124,0.4992301,4949555200.000001,6,64,37500000.0,15000000.0,200000.0,20,35000000.0,-35.99687195
2026-10-05T11:07:03,,2400000000.0,5000000000.0,2,9,12,0.49922727601866124,0.4992301,4949555200.000001,6,64,37500000.0,15000000.0,200000.0,20,35021739.13043478,-35.86493301
2026-10-05T11:07:03,,2400000000.0,5000000000.0,2,9,12,0.49922727601866124,0.4992301,4949555200.000001,6,64,37500000.0,15000000.0,200000.0,20,35043478.26086956,-35.99291229
2026-10-05T11:07:03,,2400000000.0,5000000000.0,2,9,12,0.49922727601866124,0.4992301,4949555200.000001,6,64,37500000.0,15000000.0,200000.0,20,35065217.391304344,-36.36464691
2026-10-05T11:07:03,,2400000000.0,5000000000.0,2,9,12,0.49922727601866124,0.4992301,4949555200.000001,6,64,37500000.0,15000000.0,200000.0,20,35086956.52173913,-37.00073242
2026-10-05T11:07:03,,2400000000.0,5000000000.0,2,9,12,0.49922727601866124,0.4992301,4949555200.000001,6,64,37500000.0,15000000.0,200000.0,20,35108695.652173914,-37.61029434
2026-10-05T11:07:03,,2400000000.0,5000000000.0,2,9,12,0.49922727601866124,0.4992301,4949555200.000001,6,64,37500000.0,15000000.0,200000.0,20,35130434.782608695,-37.31555176
2026-10-05T11:07:03,,2400000000.0,5000000000.0,2,9,12,0.49922727601866124,0.4992301,4949555200.000001,6,64,37500000.0,15000000.0,200000.0,20,35152173.91304348,-37.26454926
2026-10-05T11:07:03,,2400000000.0,5000000000.0,2,9,12,0.49922727601866124,0.4992301,4949555200.000001,6,64,37500000.0,15000000.0,200000.0,20,35173913.04347826,-37.60104752
2026-10-05T11:07:03,,2400000000.0,5000000000.0,2,9,12,0.49922727601866124,0.4992301,4949555200.000001,6,64,37500000.0,15000000.0,200000.0,20,35195652.17391305,-37.49938965
2026-10-05T11:07:03,,2400000000.0,5000000000.0,2,9,12,0.49922727601866124,0.4992301,4949555200.000001,6,64,37500000.0,15000000.0,200000.0,20,35217391.30434783,-37.30404663
2026-10-05T11:07:03,,2400000000.0,5000000000.0,2,9,12,0.49922727601866124,0.4992301,4949555200.000001,6,64,37500000.0,15000000.0,200000.0,20,35239130.43478261,-36.84079361
2026-10-05T11:07:03,,2400000000.0,5000000000.0,2,9,12,0.49922727601866124,0.4992301,4949555200.000001,6,64,37500000.0,15000000.0,200000.0,20,35260869.56521739,-36.43628311
2026-10-05T11:07:03,,2400000000.0,5000000000.0,2,9,12,0.49922727601866124,0.4992301,4949555200.000001,6,64,37500000.0,15000000.0,200000.0,20,35282608.69565217,-36.15059662
2026-10-05T11:07:03,,2400000000.0,5000000000.0,2,9,12,0.49922727601866124,0.4992301,4949555200.000001,6,64,37500000.0,15000000.0,200000.0,20,35304347.82608695,-35.62112808
2026-10-05T11:07:03,,2400000000.0,5000000000.0,2,9,12,0.49922727601866124,0.4992301,4949555200.000001,6,64,37500000.0,15000000.0,200000.0,20,35326086.95652174,-35.14002609
2026-10-05T11:07:03,,2400000000.0,5000000000.0,2,9,12,0.49922727601866124,0.4992301,4949555200.000001,6,64,37500000.0,15000000.0,200000.0,20,35347826.08695652,-34.90953064
2026-10-05T11:07:03,,2400000000.0,5000000000.0,2,9,12,0.49922727601866124,0.4992301,4949555200.000001,6,64,37500000.0,15000000.0,200000.0,20,35369565.217391305,-34.66041183
2026-10-05T11:07:03,,2400000000.0,5000000000.0,2,9,12,0.49922727601866124,0.4992301,4949555200.000001,6,64,37500000.0,15000000.0,200000.0,20,35391304.347826086,-33.49678421
2026-10-05T11:07:03,,2400000000.0,5000000000.0,2,9,12,0.49922727601866124,0.4992301,4949555200.000001,6,64,37500000.0,15000000.0,200000.0,20,35413043.47826087,-32.78382874
2026-10-05T11:07:03,,2400000000.0,5000000000.0,2,9,12,0.49922727601866124,0.4992301,4949555200.000001,6,64,37500000.0,15000000.0,200000.0,20,35434782.608695656,-32.31179428
2026-10-05T11:07:03,,2400000000.0,5000000000.0,2,9,12,0.49922727601866124,0.4992301,4949555200.000001,6,64,37500000.0,15000000.0,200000.0,20,35456521.73913044,-32.03186417
2026-10-05T11:07:03,,2400000000.0,5000000000.0,2,9,12,0.49922727601866124,0.4992301,4949555200.000001,6,64,37500000.0,15000000.0,200000.0,20,35478260.86956522,-31.55739594
2026-10-05T11:07:03,,2400000000.0,5000000000.0,2,9,12,0.49922727601866124,0.4992301,4949555200.000001,6,64,37500000.0,15000000.0,200000.0,20,35500000.0,-30.97267342
2026-10-05T11:07:03,,2400000000.0,5000000000.0,2,9,12,0.49922727601866124,0.4992301,4949555200.000001,6,64,37500000.0,15000000.0,200000.0,20,35521739.13043478,-30.58156204
2026-10-05T11:07:03,,2400000000.0,5000000000.0,2,9,12,0.49922727601866124,0.4992301,4949555200.000001,6,64,37500000.0,15000000.0,200000.0,20,35543478.26086956,-30.12421227
2026-10-05T11:07:03,,2400000000.0,5000000000.0,2,9,12,0.49922727601866124,0.4992301,4949555200.000001,6,64,37500000.0,15000000.0,200000.0,20,35565217.391304344,-29.4929657
2026-10-05T11:07:03,,2400000000.0,5000000000.0,2,9,12,0.49922727601866124,0.4992301,4949555200.000001,6,64,37500000.0,15000000.0,200000.0,20,35586956.52173913,-28.94056702
2026-10-05T11:07:03,,2400000000.0,5000000000.0,2,9,12,0.49922727601866124,0.4992301,4949555200.000001,6,64,37500000.0,15000000.0,200000.0,20,35608695.652173914,-28.43339348
2026-10-05T11:07:03,,2400000000.0,5000000000.0,2,9,12,0.49922727601866124,0.4992301,4949555200.000001,6,64,37500000.0,15000000.0,200000.0,20,35630434.782608695,-28.08366394
2026-10-05T11:07:03,,2400000000.0,5000000000.0,2,9,12,0.49922727601866124,0.4992301,4949555200.000001,6,64,37500000.0,15000000.0,200000.0,20,35652173.91304348,-27.86442566
2026-10-05T11:07:03,,2400000000.0,5000000000.0,2,9,12,0.49922727601866124,0.4992301,4949555200.000001,6,64,37500000.0,15000000.0,200000.0,20,35673913.04347826,-27.71836472
2026-10-05T11:07:03,,2400000000.0,5000000000.0,2,9,12,0.49922727601866124,0.4992301,4949555200.000001,6,64,37500000.0,15000000.0,200000.0,20,35695652.17391305,-27.64315224
2026-10-05T11:07:03,,2400000000.0,5000000000.0,2,9,12,0.49922727601866124,0.4992301,4949555200.000001,6,64,37500000.0,15000000.0,200000.0,20,35717391.30434783,-27.67258644
2026-10-05T11:07:03,,2400000000.0,5000000000.0,2,9,12,0.49922727601866124,0.4992301,4949555200.000001,6,64,37500000.0,15000000.0,200000.0,20,35739130.43478261,-27.81516457
2026-10-05T11:07:03,,2400000000.0,5000000000.0,2,9,12,0.49922727601866124,0.4992301,4949555200.000001,6,64,37500000.0,15000000.0,200000.0,20,35760869.56521739,-28.04538155
2026-10-05T11:07:03,,2400000000.0,5000000000.0,2,9,12,0.49922727601866124,0.4992301,4949555200.000001,6,64,37500000.0,15000000.0,200000.0,20,35782608.69565217,-28.36978531
2026-10-05T11:07:03,,2400000000.0,5000000000.0,2,9,12,0.49922727601866124,0.4992301,4949555200.000001,6,64,37500000.0,15000000.0,200000.0,20,35804347.82608695,-28.8267765
2026-10-05T11:07:03,,2400000000.0,5000000000.0,2,9,12,0.49922727601866124,0.4992301,4949555200.000001,6,64,37500000.0,15000000.0,200000.0,20,35826086.95652174,-29.43963051
2026-10-05T11:07:03,,2400000000.0,5000000000.0,2,9,12,0.49922727601866124,0.4992301,4949555200.000001,6,64,37500000.0,15000000.0,200000.0,20,35847826.08695652,-30.21268654
2026-10-05T11:07:03,,2400000000.0,5000000000.0,2,9,12,0.49922727601866124,0.4992301,4949555200.000001,6,64,37500000.0,15000000.0,200000.0,20,35869565.217391305,-31.07503891
2026-10-05T11:07:03,,2400000000.0,5000000000.0,2,9,12,0.49922727601866124,0.4992301,4949555200.000001,6,64,37500000.0,15000000.0,200000.0,20,35891304.347826086,-32.1617012
2026-10-05T11:07:03,,2400000000.0,5000000000.0,2,9,12,0.49922727601866124,0.4992301,4949555200.000001,6,64,37500000.0,15000000.0,200000.0,20,35913043.47826087,-32.07560349
2026-10-05T11:07:03,,2400000000.0,5000000000.0,2,9,12,0.49922727601866124,0.4992301,4949555200.000001,6,64,37500000.0,15000000.0,200000.0,20,35934782.608695656,-32.40192413
2026-10-05T11:07:03,,2400000000.0,5000000000.0,2,9,12,0.49922727601866124,0.4992301,4949555200.000001,6,64,37500000.0,15000000.0,200000.0,20,35956521.73913044,-32.4540329
2026-10-05T11:07:03,,2400000000.0,5000000000.0,2,9,12,0.49922727601866124,0.4992301,4949555200.000001,6,64,37500000.0,15000000.0,200000.0,20,35978260.86956522,-32.52399826
2026-10-05T11:07:03,,2400000000.0,5000000000.0,2,9,12,0.49922727601866124,0.4992301,4949555200.000001,6,64,37500000.0,15000000.0,200000.0,20,36000000.0,-32.46741486
2026-10-05T11:07:03,,2400000000.0,5000000000.0,2,9,12,0.49922727601866124,0.4992301,4949555200.000001,6,64,37500000.0,15000000.0,200000.0,20,36021739.13043478,-31.84913445
2026-10-05T11:07:03,,2400000000.0,5000000000.0,2,9,12,0.49922727601866124,0.4992301,4949555200.000001,6,64,37500000.0,15000000.0,200000.0,20,36043478.26086956,-31.27595139
2026-10-05T11:07:03,,2400000000.0,5000000000.0,2,9,12,0.49922727601866124,0.4992301,4949555200.000001,6,64,37500000.0,15000000.0,200000.0,20,36065217.391304344,-30.8618927
2026-10-05T11:07:03,,2400000000.0,5000000000.0,2,9,12,0.49922727601866124,0.4992301,4949555200.000001,6,64,37500000.0,15000000.0,200000.0,20,36086956.52173913,-30.58107758
2026-10-05T11:07:03,,2400000000.0,5000000000.0,2,9,12,0.49922727601866124,0.4992301,4949555200.000001,6,64,37500000.0,15000000.0,200000.0,20,36108695.652173914,-30.39531326
2026-10-05T11:07:03,,2400000000.0,5000000000.0,2,9,12,0.49922727601866124,0.4992301,4949555200.000001,6,64,37500000.0,15000000.0,200000.0,20,36130434.782608695,-29.83443642
2026-10-05T11:07:03,,2400000000.0,5000000000.0,2,9,12,0.49922727601866124,0.4992301,4949555200.000001,6,64,37500000.0,15000000.0,200000.0,20,36152173.91304348,-29.21775246
2026-10-05T11:07:03,,2400000000.0,5000000000.0,2,9,12,0.49922727601866124,0.4992301,4949555200.000001,6,64,37500000.0,15000000.0,200000.0,20,36173913.04347826,-28.91189194
2026-10-05T11:07:03,,2400000000.0,5000000000.0,2,9,12,0.49922727601866124,0.4992301,4949555200.000001,6,64,37500000.0,15000000.0,200000.0,20,36195652.17391305,-28.84051895
2026-10-05T11:07:03,,2400000000.0,5000000000.0,2,9,12,0.49922727601866124,0.4992301,4949555200.000001,6,64,37500000.0,15000000.0,200000.0,20,36217391.30434783,-28.1314621
2026-10-05T11:07:03,,2400000000.0,5000000000.0,2,9,12,0.49922727601866124,0.4992301,4949555200.000001,6,64,37500000.0,15000000.0,200000.0,20,36239130.43478261,-26.92665291
2026-10-05T11:07:03,,2400000000.0,5000000000.0,2,9,12,0.49922727601866124,0.4992301,4949555200.000001,6,64,37500000.0,15000000.0,200000.0,20,36260869.56521739,-25.616745
2026-10-05T11:07:03,,2400000000.0,5000000000.0,2,9,12,0.49922727601866124,0.4992301,4949555200.000001,6,64,37500000.0,15000000.0,200000.0,20,36282608.69565217,-24.32762527
2026-10-05T11:07:03,,2400000000.0,5000000000.0,2,9,12,0.49922727601866124,0.4992301,4949555200.000001,6,64,37500000.0,15000000.0,200000.0,20,36304347.82608695,-23.34472656
2026-10-05T11:07:03,,2400000000.0,5000000000.0,2,9,12,0.49922727601866124,0.4992301,4949555200.000001,6,64,37500000.0,15000000.0,200000.0,20,36326086.95652174,-21.13187408
2026-10-05T11:07:03,,2400000000.0,5000000000.0,2,9,12,0.49922727601866124,0.4992301,4949555200.000001,6,64,37500000.0,15000000.0,200000.0,20,36347826.08695652,-18.81573486
2026-10-05T11:07:03,,2400000000.0,5000000000.0,2,9,12,0.49922727601866124,0.4992301,4949555200.000001,6,64,37500000.0,15000000.0,200000.0,20,36369565.217391305,-16.97086906
2026-10-05T11:07:03,,2400000000.0,5000000000.0,2,9,12,0.49922727601866124,0.4992301,4949555200.000001,6,64,37500000.0,15000000.0,200000.0,20,36391304.347826086,-14.50050163
2026-10-05T11:07:03,,2400000000.0,5000000000.0,2,9,12,0.49922727601866124,0.4992301,4949555200.000001,6,64,37500000.0,15000000.0,200000.0,20,36413043.47826087,-12.3035574
2026-10-05T11:07:03,,2400000000.0,5000000000.0,2,9,12,0.49922727601866124,0.4992301,4949555200.000001,6,64,37500000.0,15000000.0,200000.0,20,36434782.608695656,-10.38932514
2026-10-05T11:07:03,,2400000000.0,5000000000.0,2,9,12,0.49922727601866124,0.4992301,4949555200.000001,6,64,37500000.0,15000000.0,200000.0,20,36456521.73913044,-8.5965271
2026-10-05T11:07:03,,2400000000.0,5000000000.0,2,9,12,0.49922727601866124,0.4992301,4949555200.000001,6,64,37500000.0,15000000.0,200000.0,20,36478260.86956522,-6.901113033
2026-10-05T11:07:03,,2400000000.0,5000000000.0,2,9,12,0.49922727601866124,0.4992301,4949555200.000001,6,64,37500000.0,15000000.0,200000.0,20,36500000.0,-5.497348309
2026-10-05T11:07:03,,2400000000.0,5000000000.0,2,9,12,0.49922727601866124,0.4992301,4949555200.000001,6,64,37500000.0,15000000.0,200000.0,20,36521739.13043478,-4.416571617
2026-10-05T11:07:03,,2400000000.0,5000000000.0,2,9,12,0.49922727601866124,0.4992301,4949555200.000001,6,64,37500000.0,15000000.0,200000.0,20,36543478.26086956,-3.647209883
2026-10-05T11:07:03,,2400000000.0,5000000000.0,2,9,12,0.49922727601866124,0.4992301,4949555200.000001,6,64,37500000.0,15000000.0,200000.0,20,36565217.391304344,-3.178002119
2026-10-05T11:07:03,,2400000000.0,5000000000.0,2,9,12,0.49922727601866124,0.4992301,4949555200.000001,6,64,37500000.0,15000000.0,200000.0,20,36586956.52173913,-3.000953436
2026-10-05T11:07:03,,2400000000.0,5000000000.0,2,9,12,0.49922727601866124,0.4992301,4949555200.000001,6,64,37500000.0,15000000.0,200000.0,20,36608695.652173914,-3.110409737
2026-10-05T11:07:03,,2400000000.0,5000000000.0,2,9,12,0.49922727601866124,0.4992301,4949555200.000001,6,64,37500000.0,15000000.0,200000.0,20,36630434.782608695,-3.501731634
2026-10-05T11:07:03,,2400000000.0,5000000000.0,2,9,12,0.49922727601866124,0.4992301,4949555200.000001,6,64,37500000.0,15000000.0,200000.0,20,36652173.91304348,-4.169576168
2026-10-05T11:07:03,,2400000000.0,5000000000.0,2,9,12,0.49922727601866124,0.4992301,4949555200.000001,6,64,37500000.0,15000000.0,200000.0,20,36673913.04347826,-5.105734348
2026-10-05T11:07:03,,2400000000.0,5000000000.0,2,9,12,0.49922727601866124,0.4992301,4949555200.000001,6,64,37500000.0,15000000.0,200000.0,20,36695652.17391305,-6.297145367
2026-10-05T11:07:03,,2400000000.0,5000000000.0,2,9,12,0.49922727601866124,0.4992301,4949555200.000001,6,64,37500000.0,15000000.0,200000.0,20,36717391.30434783,-7.72491312
2026-10-05T11:07:03,,2400000000.0,5000000000.0,2,9,12,0.49922727601866124,0.4992301,4949555200.000001,6,64,37500000.0,15000000.0,200000.0,20,36739130.43478261,-9.361992836
2026-10-05T11:07:03,,2400000000.0,5000000000.0,2,9,12,0.49922727601866124,0.4992301,4949555200.000001,6,64,37500000.0,15000000.0,200000.0,20,36760869.56521739,-11.17019081
2026-10-05T11:07:03,,2400000000.0,5000000000.0,2,9,12,0.49922727601866124,0.4992301,4949555200.000001,6,64,37500000.0,15000000.0,200000.0,20,36782608.69565217,-13.11299896
2026-10-05T11:07:03,,2400000000.0,5000000000.0,2,9,12,0.49922727601866124,0.4992301,4949555200.000001,6,64,37500000.0,15000000.0,200000.0,20,36804347.82608695,-15.13660812
2026-10-05T11:07:03,,2400000000.0,5000000000.0,2,9,12,0.49922727601866124,0.4992301,4949555200.000001,6,64,37500000.0,15000000.0,200000.0,20,36826086.95652174,-17.18190002
2026-10-05T11:07:03,,2400000000.0,5000000000.0,2,9,12,0.49922727601866124,0.4992301,4949555200.000001,6,64,37500000.0,15000000.0,200000.0,20,36847826.08695652,-19.28398514
2026-10-05T11:07:03,,2400000000.0,5000000000.0,2,9,12,0.49922727601866124,0.4992301,4949555200.000001,6,64,37500000.0,15000000.0,200000.0,20,36869565.217391305,-21.44411469
2026-10-05T11:07:03,,2400000000.0,5000000000.0,2,9,12,0.49922727601866124,0.4992301,4949555200.000001,6,64,37500000.0,15000000.0,200000.0,20,36891304.347826086,-23.59783936
2026-10-05T11:07:03,,2400000000.0,5000000000.0,2,9,12,0.49922727601866124,0.4992301,4949555200.000001,6,64,37500000.0,15000000.0,200000.0,20,36913043.47826087,-25.17419052
2026-10-05T11:07:03,,2400000000.0,5000000000.0,2,9,12,0.49922727601866124,0.4992301,4949555200.000001,6,64,37500000.0,15000000.0,200000.0,20,36934782.608695656,-26.58559799
2026-10-05T11:07:03,,2400000000.0,5000000000.0,2,9,12,0.49922727601866124,0.4992301,4949555200.000001,6,64,37500000.0,15000000.0,200000.0,20,36956521.73913044,-27.98072243
2026-10-05T11:07:03,,2400000000.0,5000000000.0,2,9,12,0.49922727601866124,0.4992301,4949555200.000001,6,64,37500000.0,15000000.0,200000.0,20,36978260.86956522,-28.71362877
2026-10-05T11:07:03,,2400000000.0,5000000000.0,2,9,12,0.49922727601866124,0.4992301,4949555200.000001,6,64,37500000.0,15000000.0,200000.0,20,37000000.0,-29.23436356
2026-10-05T11:07:03,,2400000000.0,5000000000.0,2,9,12,0.49922727601866124,0.4992301,4949555200.000001,6,64,37500000.0,15000000.0,200000.0,20,37021739.13043478,-29.72888947
2026-10-05T11:07:03,,2400000000.0,5000000000.0,2,9,12,0.49922727601866124,0.4992301,4949555200.000001,6,64,37500000.0,15000000.0,200000.0,20,37043478.26086956,-30.32676506
2026-10-05T11:07:03,,2400000000.0,5000000000.0,2,9,12,0.49922727601866124,0.4992301,4949555200.000001,6,64,37500000.0,15000000.0,200000.0,20,37065217.391304344,-30.98888588
2026-10-05T11:07:03,,2400000000.0,5000000000.0,2,9,12,0.49922727601866124,0.4992301,4949555200.000001,6,64,37500000.0,15000000.0,200000.0,20,37086956.52173913,-31.60481262
2026-10-05T11:07:03,,2400000000.0,5000000000.0,2,9,12,0.49922727601866124,0.4992301,4949555200.000001,6,64,37500000.0,15000000.0,200000.0,20,37108695.652173914,-32.15495682
2026-10-05T11:07:03,,2400000000.0,5000000000.0,2,9,12,0.49922727601866124,0.4992301,4949555200.000001,6,64,37500000.0,15000000.0,200000.0,20,37130434.782608695,-32.74606323
2026-10-05T11:07:03,,2400000000.0,5000000000.0,2,9,12,0.49922727601866124,0.4992301,4949555200.000001,6,64,37500000.0,15000000.0,200000.0,20,37152173.91304348,-33.33302689
2026-10-05T11:07:03,,2400000000.0,5000000000.0,2,9,12,0.49922727601866124,0.4992301,4949555200.000001,6,64,37500000.0,15000000.0,200000.0,20,37173913.04347826,-33.79066467
2026-10-05T11:07:03,,2400000000.0,5000000000.0,2,9,12,0.49922727601866124,0.4992301,4949555200.000001,6,64,37500000.0,15000000.0,200000.0,20,37195652.17391305,-34.12067413
2026-10-05T11:07:03,,2400000000.0,5000000000.0,2,9,12,0.49922727601866124,0.4992301,4949555200.000001,6,64,37500000.0,15000000.0,200000.0,20,37217391.30434783,-34.40743637
2026-10-05T11:07:03,,2400000000.0,5000000000.0,2,9,12,0.49922727601866124,0.4992301,4949555200.000001,6,64,37500000.0,15000000.0,200000.0,20,37239130.43478261,-34.90139771
2026-10-05T11:07:03,,2400000000.0,5000000000.0,2,9,12,0.49922727601866124,0.4992301,4949555200.000001,6,64,37500000.0,15000000.0,200000.0,20,37260869.56521739,-35.61079407
2026-10-05T11:07:03,,2400000000.0,5000000000.0,2,9,12,0.49922727601866124,0.4992301,4949555200.000001,6,64,37500000.0,15000000.0,200000.0,20,37282608.69565217,-34.61147308
2026-10-05T11:07:03,,2400000000.0,5000000000.0,2,9,12,0.49922727601866124,0.4992301,4949555200.000001,6,64,37500000.0,15000000.0,200000.0,20,37304347.82608695,-33.5220108
2026-10-05T11:07:03,,2400000000.0,5000000000.0,2,9,12,0.49922727601866124,0.4992301,4949555200.000001,6,64,37500000.0,15000000.0,200000.0,20,37326086.95652174,-32.83177567
2026-10-05T11:07:03,,2400000000.0,5000000000.0,2,9,12,0.49922727601866124,0.4992301,4949555200.000001,6,64,37500000.0,15000000.0,200000.0,20,37347826.08695652,-31.40964699
2026-10-05T11:07:03,,2400000000.0,5000000000.0,2,9,12,0.49922727601866124,0.4992301,4949555200.000001,6,64,37500000.0,15000000.0,200000.0,20,37369565.217391305,-29.86850166
2026-10-05T11:07:03,,2400000000.0,5000000000.0,2,9,12,0.49922727601866124,0.4992301,4949555200.000001,6,64,37500000.0,15000000.0,200000.0,20,37391304.347826086,-28.58591652
2026-10-05T11:07:03,,2400000000.0,5000000000.0,2,9,12,0.49922727601866124,0.4992301,4949555200.000001,6,64,37500000.0,15000000.0,200000.0,20,37413043.47826087,-27.903965
2026-10-05T11:07:03,,2400000000.0,5000000000.0,2,9,12,0.49922727601866124,0.4992301,4949555200.000001,6,64,37500000.0,15000000.0,200000.0,20,37434782.608695656,-26.35553169
2026-10-05T11:07:03,,2400000000.0,5000000000.0,2,9,12,0.49922727601866124,0.4992301,4949555200.000001,6,64,37500000.0,15000000.0,200000.0,20,37456521.73913044,-25.36638451
2026-10-05T11:07:03,,2400000000.0,5000000000.0,2,9,12,0.49922727601866124,0.4992301,4949555200.000001,6,64,37500000.0,15000000.0,200000.0,20,37478260.86956522,-24.76593399
2026-10-05T11:07:03,,2400000000.0,5000000000.0,2,9,12,0.49922727601866124,0.4992301,4949555200.000001,6,64,37500000.0,15000000.0,200000.0,20,37500000.0,-24.47212982
2026-10-05T11:07:03,,2400000000.0,5000000000.0,2,9,12,0.49922727601866124,0.4992301,4949555200.000001,6,64,37500000.0,15000000.0,200000.0,20,37521739.13043478,-24.45118904
2026-10-05T11:07:03,,2400000000.0,5000000000.0,2,9,12,0.49922727601866124,0.4992301,4949555200.000001,6,64,37500000.0,15000000.0,200000.0,20,37543478.26086956,-24.68085098
2026-10-05T11:07:03,,2400000000.0,5000000000.0,2,9,12,0.49922727601866124,0.4992301,4949555200.000001,6,64,37500000.0,15000000.0,200000.0,20,37565217.391304344,-25.13945961
2026-10-05T11:07:03,,2400000000.0,5000000000.0,2,9,12,0.49922727601866124,0.4992301,4949555200.000001,6,64,37500000.0,15000000.0,200000.0,20,37586956.52173913,-25.79915237
2026-10-05T11:07:03,,2400000000.0,5000000000.0,2,9,12,0.49922727601866124,0.4992301,4949555200.000001,6,64,37500000.0,15000000.0,200000.0,20,37608695.652173914,-26.62317276
2026-10-05T11:07:03,,2400000000.0,5000000000.0,2,9,12,0.49922727601866124,0.4992301,4949555200.000001,6,64,37500000.0,15000000.0,200000.0,20,37630434.782608695,-27.57941437
2026-10-05T11:07:03,,2400000000.0,5000000000.0,2,9,12,0.49922727601866124,0.4992301,4949555200.000001,6,64,37500000.0,15000000.0,200000.0,20,37652173.91304348,-28.65995979
2026-10-05T11:07:03,,2400000000.0,5000000000.0,2,9,12,0.49922727601866124,0.4992301,4949555200.000001,6,64,37500000.0,15000000.0,200000.0,20,37673913.04347826,-29.87003899
2026-10-05T11:07:03,,2400000000.0,5000000000.0,2,9,12,0.49922727601866124,0.4992301,4949555200.000001,6,64,37500000.0,15000000.0,200000.0,20,37695652.17391305,-31.2126255
2026-10-05T11:07:03,,2400000000.0,5000000000.0,2,9,12,0.49922727601866124,0.4992301,4949555200.000001,6,64,37500000.0,15000000.0,200000.0,20,37717391.30434783,-32.69426346
2026-10-05T11:07:03,,2400000000.0,5000000000.0,2,9,12,0.49922727601866124,0.4992301,4949555200.000001,6,64,37500000.0,15000000.0,200000.0,20,37739130.43478261,-34.17520142
2026-10-05T11:07:03,,2400000000.0,5000000000.0,2,9,12,0.49922727601866124,0.4992301,4949555200.000001,6,64,37500000.0,15000000.0,200000.0,20,37760869.56521739,-35.42689896
2026-10-05T11:07:03,,2400000000.0,5000000000.0,2,9,12,0.49922727601866124,0.4992301,4949555200.000001,6,64,37500000.0,15000000.0,200000.0,20,37782608.69565217,-37.03484344
2026-10-05T11:07:03,,2400000000.0,5000000000.0,2,9,12,0.49922727601866124,0.4992301,4949555200.000001,6,64,37500000.0,15000000.0,200000.0,20,37804347.82608695,-37.62813568
2026-10-05T11:07:03,,2400000000.0,5000000000.0,2,9,12,0.49922727601866124,0.4992301,4949555200.000001,6,64,37500000.0,15000000.0,200000.0,20,37826086.95652174,-37.45613861
2026-10-05T11:07:03,,2400000000.0,5000000000.0,2,9,12,0.49922727601866124,0.4992301,4949555200.000001,6,64,37500000.0,15000000.0,200000.0,20,37847826.08695652,-37.6092453
2026-10-05T11:07:03,,2400000000.0,5000000000.0,2,9,12,0.49922727601866124,0.4992301,4949555200.000001,6,64,37500000.0,15000000.0,200000.0,20,37869565.217391305,-37.76273727
2026-10-05T11:07:03,,2400000000.0,5000000000.0,2,9,12,0.49922727601866124,0.4992301,4949555200.000001,6,64,37500000.0,15000000.0,200000.0,20,37891304.347826086,-36.97098923
2026-10-05T11:07:03,,2400000000.0,5000000000.0,2,9,12,0.49922727601866124,0.4992301,4949555200.000001,6,64,37500000.0,15000000.0,200000.0,20,37913043.47826087,-36.99547958
2026-10-05T11:07:03,,2400000000.0,5000000000.0,2,9,12,0.49922727601866124,0.4992301,4949555200.000001,6,64,37500000.0,15000000.0,200000.0,20,37934782.608695656,-37.69712448
2026-10-05T11:07:03,,2400000000.0,5000000000.0,2,9,12,0.49922727601866124,0.4992301,4949555200.000001,6,64,37500000.0,15000000.0,200000.0,20,37956521.73913044,-37.97953415
2026-10-05T11:07:03,,2400000000.0,5000000000.0,2,9,12,0.49922727601866124,0.4992301,4949555200.000001,6,64,37500000.0,15000000.0,200000.0,20,37978260.86956522,-37.55179977
2026-10-05T11:07:03,,2400000000.0,5000000000.0,2,9,12,0.49922727601866124,0.4992301,4949555200.000001,6,64,37500000.0,15000000.0,200000.0,20,38000000.0,-37.447258
2026-10-05T11:07:03,,2400000000.0,5000000000.0,2,9,12,0.49922727601866124,0.4992301,4949555200.000001,6,64,37500000.0,15000000.0,200000.0,20,38021739.13043478,-38.15037155
2026-10-05T11:07:03,,2400000000.0,5000000000.0,2,9,12,0.49922727601866124,0.4992301,4949555200.000001,6,64,37500000.0,15000000.0,200000.0,20,38043478.26086956,-37.1024704
2026-10-05T11:07:03,,2400000000.0,5000000000.0,2,9,12,0.49922727601866124,0.4992301,4949555200.000001,6,64,37500000.0,15000000.0,200000.0,20,38065217.391304344,-36.9414978
2026-10-05T11:07:03,,2400000000.0,5000000000.0,2,9,12,0.49922727601866124,0.4992301,4949555200.000001,6,64,37500000.0,15000000.0,200000.0,20,38086956.52173913,-37.13185883
2026-10-05T11:07:03,,2400000000.0,5000000000.0,2,9,12,0.49922727601866124,0.4992301,4949555200.000001,6,64,37500000.0,15000000.0,200000.0,20,38108695.652173914,-36.58348083
2026-10-05T11:07:03,,2400000000.0,5000000000.0,2,9,12,0.49922727601866124,0.4992301,4949555200.000001,6,64,37500000.0,15000000.0,200000.0,20,38130434.782608695,-36.23270035
2026-10-05T11:07:03,,2400000000.0,5000000000.0,2,9,12,0.49922727601866124,0.4992301,4949555200.000001,6,64,37500000.0,15000000.0,200000.0,20,38152173.91304348,-35.92690277
2026-10-05T11:07:03,,2400000000.0,5000000000.0,2,9,12,0.49922727601866124,0.4992301,4949555200.000001,6,64,37500000.0,15000000.0,200000.0,20,38173913.04347826,-35.67021942
2026-10-05T11:07:03,,2400000000.0,5000000000.0,2,9,12,0.49922727601866124,0.4992301,4949555200.000001,6,64,37500000.0,15000000.0,200000.0,20,38195652.17391305,-35.54811859
2026-10-05T11:07:03,,2400000000.0,5000000000.0,2,9,12,0.49922727601866124,0.4992301,4949555200.000001,6,64,37500000.0,15000000.0,200000.0,20,38217391.30434783,-35.61808777
2026-10-05T11:07:03,,2400000000.0,5000000000.0,2,9,12,0.49922727601866124,0.4992301,4949555200.000001,6,64,37500000.0,15000000.0,200000.0,20,38239130.43478261,-35.81663895
2026-10-05T11:07:03,,2400000000.0,5000000000.0,2,9,12,0.49922727601866124,0.4992301,4949555200.000001,6,64,37500000.0,15000000.0,200000.0,20,38260869.56521739,-35.9447937
2026-10-05T11:07:03,,2400000000.0,5000000000.0,2,9,12,0.49922727601866124,0.4992301,4949555200.000001,6,64,37500000.0,15000000.0,200000.0,20,38282608.69565217,-36.10045624
2026-10-05T11:07:03,,2400000000.0,5000000000.0,2,9,12,0.49922727601866124,0.4992301,4949555200.000001,6,64,37500000.0,15000000.0,200000.0,20,38304347.82608695,-35.79772568
2026-10-05T11:07:03,,2400000000.0,5000000000.0,2,9,12,0.49922727601866124,0.4992301,4949555200.000001,6,64,37500000.0,15000000.0,200000.0,20,38326086.95652174,-35.83454132
2026-10-05T11:07:03,,2400000000.0,5000000000.0,2,9,12,0.49922727601866124,0.4992301,4949555200.000001,6,64,37500000.0,15000000.0,200000.0,20,38347826.08695652,-36.46791077
2026-10-05T11:07:03,,2400000000.0,5000000000.0,2,9,12,0.49922727601866124,0.4992301,4949555200.000001,6,64,37500000.0,15000000.0,200000.0,20,38369565.217391305,-35.47773361
2026-10-05T11:07:03,,2400000000.0,5000000000.0,2,9,12,0.49922727601866124,0.4992301,4949555200.000001,6,64,37500000.0,15000000.0,200000.0,20,38391304.347826086,-34.4797821
2026-10-05T11:07:03,,2400000000.0,5000000000.0,2,9,12,0.49922727601866124,0.4992301,4949555200.000001,6,64,37500000.0,15000000.0,200000.0,20,38413043.47826087,-34.03048325
2026-10-05T11:07:03,,2400000000.0,5000000000.0,2,9,12,0.49922727601866124,0.4992301,4949555200.000001,6,64,37500000.0,15000000.0,200000.0,20,38434782.608695656,-33.89671707
2026-10-05T11:07:03,,2400000000.0,5000000000.0,2,9,12,0.49922727601866124,0.4992301,4949555200.000001,6,64,37500000.0,15000000.0,200000.0,20,38456521.73913044,-33.97060394
2026-10-05T11:07:03,,2400000000.0,5000000000.0,2,9,12,0.49922727601866124,0.4992301,4949555200.000001,6,64,37500000.0,15000000.0,200000.0,20,38478260.86956522,-34.20235062
2026-10-05T11:07:03,,2400000000.0,5000000000.0,2,9,12,0.49922727601866124,0.4992301,4949555200.000001,6,64,37500000.0,15000000.0,200000.0,20,38500000.0,-34.62685394
2026-10-05T11:07:03,,2400000000.0,5000000000.0,2,9,12,0.49922727601866124,0.4992301,4949555200.000001,6,64,37500000.0,15000000.0,200000.0,20,38521739.13043478,-35.34701538
2026-10-05T11:07:03,,2400000000.0,5000000000.0,2,9,12,0.49922727601866124,0.4992301,4949555200.000001,6,64,37500000.0,15000000.0,200000.0,20,38543478.26086956,-35.40115738
2026-10-05T11:07:03,,2400000000.0,5000000000.0,2,9,12,0.49922727601866124,0.4992301,4949555200.000001,6,64,37500000.0,15000000.0,200000.0,20,38565217.391304344,-35.0437851
2026-10-05T11:07:03,,2400000000.0,5000000000.0,2,9,12,0.49922727601866124,0.4992301,4949555200.000001,6,64,37500000.0,15000000.0,200000.0,20,38586956.52173913,-35.04930115
2026-10-05T11:07:03,,2400000000.0,5000000000.0,2,9,12,0.49922727601866124,0.4992301,4949555200.000001,6,64,37500000.0,15000000.0,200000.0,20,38608695.652173914,-35.32806015
2026-10-05T11:07:03,,2400000000.0,5000000000.0,2,9,12,0.49922727601866124,0.4992301,4949555200.000001,6,64,37500000.0,15000000.0,200000.0,20,38630434.782608695,-35.28426361
2026-10-05T11:07:03,,2400000000.0,5000000000.0,2,9,12,0.49922727601866124,0.4992301,4949555200.000001,6,64,37500000.0,15000000.0,200000.0,20,38652173.91304348,-35.06159973
2026-10-05T11:07:03,,2400000000.0,5000000000.0,2,9,12,0.49922727601866124,0.4992301,4949555200.000001,6,64,37500000.0,15000000.0,200000.0,20,38673913.043478265,-34.78170395
2026-10-05T11:07:03,,2400000000.0,5000000000.0,2,9,12,0.49922727601866124,0.4992301,4949555200.000001,6,64,37500000.0,15000000.0,200000.0,20,38695652.17391305,-34.46466064
2026-10-05T11:07:03,,2400000000.0,5000000000.0,2,9,12,0.49922727601866124,0.4992301,4949555200.000001,6,64,37500000.0,15000000.0,200000.0,20,38717391.30434783,-34.31231308
2026-10-05T11:07:03,,2400000000.0,5000000000.0,2,9,12,0.49922727601866124,0.4992301,4949555200.000001,6,64,37500000.0,15000000.0,200000.0,20,38739130.43478261,-34.42535782
2026-10-05T11:07:03,,2400000000.0,5000000000.0,2,9,12,0.49922727601866124,0.4992301,4949555200.000001,6,64,37500000.0,15000000.0,200000.0,20,38760869.56521739,-35.01525497
2026-10-05T11:07:03,,2400000000.0,5000000000.0,2,9,12,0.49922727601866124,0.4992301,4949555200.000001,6,64,37500000.0,15000000.0,200000.0,20,38782608.69565217,-34.98392487
2026-10-05T11:07:03,,2400000000.0,5000000000.0,2,9,12,0.49922727601866124,0.4992301,4949555200.000001,6,64,37500000.0,15000000.0,200000.0,20,38804347.82608695,-35.1205101
2026-10-05T11:07:03,,2400000000.0,5000000000.0,2,9,12,0.49922727601866124,0.4992301,4949555200.000001,6,64,37500000.0,15000000.0,200000.0,20,38826086.956521735,-35.57304382
2026-10-05T11:07:03,,2400000000.0,5000000000.0,2,9,12,0.49922727601866124,0.4992301,4949555200.000001,6,64,37500000.0,15000000.0,200000.0,20,38847826.08695652,-36.19551086
2026-10-05T11:07:03,,2400000000.0,5000000000.0,2,9,12,0.49922727601866124,0.4992301,4949555200.000001,6,64,37500000.0,15000000.0,200000.0,20,38869565.217391305,-36.99308777
2026-10-05T11:07:03,,2400000000.0,5000000000.0,2,9,12,0.49922727601866124,0.4992301,4949555200.000001,6,64,37500000.0,15000000.0,200000.0,20,38891304.347826086,-38.02510071
2026-10-05T11:07:03,,2400000000.0,5000000000.0,2,9,12,0.49922727601866124,0.4992301,4949555200.000001,6,64,37500000.0,15000000.0,200000.0,20,38913043.47826087,-38.89860535
2026-10-05T11:07:03,,2400000000.0,5000000000.0,2,9,12,0.49922727601866124,0.4992301,4949555200.000001,6,64,37500000.0,15000000.0,200000.0,20,38934782.608695656,-39.51478195
2026-10-05T11:07:03,,2400000000.0,5000000000.0,2,9,12,0.49922727601866124,0.4992301,4949555200.000001,6,64,37500000.0,15000000.0,200000.0,20,38956521.73913044,-40.73018646
2026-10-05T11:07:03,,2400000000.0,5000000000.0,2,9,12,0.49922727601866124,0.4992301,4949555200.000001,6,64,37500000.0,15000000.0,200000.0,20,38978260.86956522,-41.61594391
2026-10-05T11:07:03,,2400000000.0,5000000000.0,2,9,12,0.49922727601866124,0.4992301,4949555200.000001,6,64,37500000.0,15000000.0,200000.0,20,39000000.0,-42.31124878
2026-10-05T11:07:03,,2400000000.0,5000000000.0,2,9,12,0.49922727601866124,0.4992301,4949555200.000001,6,64,37500000.0,15000000.0,200000.0,20,39021739.13043478,-41.85824966
2026-10-05T11:07:03,,2400000000.0,5000000000.0,2,9,12,0.49922727601866124,0.4992301,4949555200.000001,6,64,37500000.0,15000000.0,200000.0,20,39043478.26086956,-41.22189331
2026-10-05T11:07:03,,2400000000.0,5000000000.0,2,9,12,0.49922727601866124,0.4992301,4949555200.000001,6,64,37500000.0,15000000.0,200000.0,20,39065217.391304344,-39.77995682
2026-10-05T11:07:03,,2400000000.0,5000000000.0,2,9,12,0.49922727601866124,0.4992301,4949555200.000001,6,64,37500000.0,15000000.0,200000.0,20,39086956.52173913,-39.00309753
2026-10-05T11:07:03,,2400000000.0,5000000000.0,2,9,12,0.49922727601866124,0.4992301,4949555200.000001,6,64,37500000.0,15000000.0,200000.0,20,39108695.652173914,-38.63947296
2026-10-05T11:07:03,,2400000000.0,5000000000.0,2,9,12,0.49922727601866124,0.4992301,4949555200.000001,6,64,37500000.0,15000000.0,200000.0,20,39130434.782608695,-38.6204834
2026-10-05T11:07:03,,2400000000.0,5000000000.0,2,9,12,0.49922727601866124,0.4992301,4949555200.000001,6,64,37500000.0,15000000.0,200000.0,20,39152173.91304348,-38.92658615
2026-10-05T11:07:03,,2400000000.0,5000000000.0,2,9,12,0.49922727601866124,0.4992301,4949555200.000001,6,64,37500000.0,15000000.0,200000.0,20,39173913.043478265,-39.39021301
2026-10-05T11:07:03,,2400000000.0,5000000000.0,2,9,12,0.49922727601866124,0.4992301,4949555200.000001,6,64,37500000.0,15000000.0,200000.0,20,39195652.17391305,-39.38568878
2026-10-05T11:07:03,,2400000000.0,5000000000.0,2,9,12,0.49922727601866124,0.4992301,4949555200.000001,6,64,37500000.0,15000000.0,200000.0,20,39217391.30434783,-39.40485764
2026-10-05T11:07:03,,2400000000.0,5000000000.0,2,9,12,0.49922727601866124,0.4992301,4949555200.000001,6,64,37500000.0,15000000.0,200000.0,20,39239130.43478261,-39.46881866
2026-10-05T11:07:03,,2400000000.0,5000000000.0,2,9,12,0.49922727601866124,0.4992301,4949555200.000001,6,64,37500000.0,15000000.0,200000.0,20,39260869.56521739,-39.56328583
2026-10-05T11:07:03,,2400000000.0,5000000000.0,2,9,12,0.49922727601866124,0.4992301,4949555200.000001,6,64,37500000.0,15000000.0,200000.0,20,39282608.69565217,-39.69483948
2026-10-05T11:07:03,,2400000000.0,5000000000.0,2,9,12,0.49922727601866124,0.4992301,4949555200.000001,6,64,37500000.0,15000000.0,200000.0,20,39304347.82608695,-39.91288757
2026-10-05T11:07:03,,2400000000.0,5000000000.0,2,9,12,0.49922727601866124,0.4992301,4949555200.000001,6,64,37500000.0,15000000.0,200000.0,20,39326086.956521735,-40.28323364
2026-10-05T11:07:03,,2400000000.0,5000000000.0,2,9,12,0.49922727601866124,0.4992301,4949555200.000001,6,64,37500000.0,15000000.0,200000.0,20,39347826.08695652,-40.71223068
2026-10-05T11:07:03,,2400000000.0,5000000000.0,2,9,12,0.49922727601866124,0.4992301,4949555200.000001,6,64,37500000.0,15000000.0,200000.0,20,39369565.217391305,-40.2615242
2026-10-05T11:07:03,,2400000000.0,5000000000.0,2,9,12,0.49922727601866124,0.4992301,4949555200.000001,6,64,37500000.0,15000000.0,200000.0,20,39391304.347826086,-40.15898514
2026-10-05T11:07:03,,2400000000.0,5000000000.0,2,9,12,0.49922727601866124,0.4992301,4949555200.000001,6,64,37500000.0,15000000.0,200000.0,20,39413043.47826087,-40.17910767
2026-10-05T11:07:03,,2400000000.0,5000000000.0,2,9,12,0.49922727601866124,0.4992301,4949555200.000001,6,64,37500000.0,15000000.0,200000.0,20,39434782.608695656,-40.25542068
2026-10-05T11:07:03,,2400000000.0,5000000000.0,2,9,12,0.49922727601866124,0.4992301,4949555200.000001,6,64,37500000.0,15000000.0,200000.0,20,39456521.73913044,-40.5291748
2026-10-05T11:07:03,,2400000000.0,5000000000.0,2,9,12,0.49922727601866124,0.4992301,4949555200.000001,6,64,37500000.0,15000000.0,200000.0,20,39478260.86956522,-41.18095016
2026-10-05T11:07:03,,2400000000.0,5000000000.0,2,9,12,0.49922727601866124,0.4992301,4949555200.000001,6,64,37500000.0,15000000.0,200000.0,20,39500000.0,-41.57403946
2026-10-05T11:07:03,,2400000000.0,5000000000.0,2,9,12,0.49922727601866124,0.4992301,4949555200.000001,6,64,37500000.0,15000000.0,200000.0,20,39521739.13043478,-41.18248749
2026-10-05T11:07:03,,2400000000.0,5000000000.0,2,9,12,0.49922727601866124,0.4992301,4949555200.000001,6,64,37500000.0,15000000.0,200000.0,20,39543478.26086956,-40.90213013
2026-10-05T11:07:03,,2400000000.0,5000000000.0,2,9,12,0.49922727601866124,0.4992301,4949555200.000001,6,64,37500000.0,15000000.0,200000.0,20,39565217.391304344,-40.72412109
2026-10-05T11:07:03,,2400000000.0,5000000000.0,2,9,12,0.49922727601866124,0.4992301,4949555200.000001,6,64,37500000.0,15000000.0,200000.0,20,39586956.52173913,-40.58091736
2026-10-05T11:07:03,,2400000000.0,5000000000.0,2,9,12,0.49922727601866124,0.4992301,4949555200.000001,6,64,37500000.0,15000000.0,200000.0,20,39608695.652173914,-40.41015244
2026-10-05T11:07:03,,2400000000.0,5000000000.0,2,9,12,0.49922727601866124,0.4992301,4949555200.000001,6,64,37500000.0,15000000.0,200000.0,20,39630434.782608695,-39.94591141
2026-10-05T11:07:03,,2400000000.0,5000000000.0,2,9,12,0.49922727601866124,0.4992301,4949555200.000001,6,64,37500000.0,15000000.0,200000.0,20,39652173.91304348,-39.2616806
2026-10-05T11:07:03,,2400000000.0,5000000000.0,2,9,12,0.49922727601866124,0.4992301,4949555200.000001,6,64,37500000.0,15000000.0,200000.0,20,39673913.043478265,-38.87217712
2026-10-05T11:07:03,,2400000000.0,5000000000.0,2,9,12,0.49922727601866124,0.4992301,4949555200.000001,6,64,37500000.0,15000000.0,200000.0,20,39695652.17391305,-38.88390732
2026-10-05T11:07:03,,2400000000.0,5000000000.0,2,9,12,0.49922727601866124,0.4992301,4949555200.000001,6,64,37500000.0,15000000.0,200000.0,20,39717391.30434783,-38.65630341
2026-10-05T11:07:03,,2400000000.0,5000000000.0,2,9,12,0.49922727601866124,0.4992301,4949555200.000001,6,64,37500000.0,15000000.0,200000.0,20,39739130.43478261,-38.15512466
2026-10-05T11:07:03,,2400000000.0,5000000000.0,2,9,12,0.49922727601866124,0.4992301,4949555200.000001,6,64,37500000.0,15000000.0,200000.0,20,39760869.56521739,-38.0693779
2026-10-05T11:07:03,,2400000000.0,5000000000.0,2,9,12,0.49922727601866124,0.4992301,4949555200.000001,6,64,37500000.0,15000000.0,200000.0,20,39782608.69565217,-38.44248962
2026-10-05T11:07:03,,2400000000.0,5000000000.0,2,9,12,0.49922727601866124,0.4992301,4949555200.000001,6,64,37500000.0,15000000.0,200000.0,20,39804347.82608695,-38.48438644
2026-10-05T11:07:03,,2400000000.0,5000000000.0,2,9,12,0.49922727601866124,0.4992301,4949555200.000001,6,64,37500000.0,15000000.0,200000.0,20,39826086.956521735,-38.31452179
2026-10-05T11:07:03,,2400000000.0,5000000000.0,2,9,12,0.49922727601866124,0.4992301,4949555200.000001,6,64,37500000.0,15000000.0,200000.0,20,39847826.08695652,-38.48414993
2026-10-05T11:07:03,,2400000000.0,5000000000.0,2,9,12,0.49922727601866124,0.4992301,4949555200.000001,6,64,37500000.0,15000000.0,200000.0,20,39869565.217391305,-38.81613922
2026-10-05T11:07:03,,2400000000.0,5000000000.0,2,9,12,0.49922727601866124,0.4992301,4949555200.000001,6,64,37500000.0,15000000.0,200000.0,20,39891304.347826086,-39.23236084
2026-10-05T11:07:03,,2400000000.0,5000000000.0,2,9,12,0.49922727601866124,0.4992301,4949555200.000001,6,64,37500000.0,15000000.0,200000.0,20,39913043.47826087,-39.69101334
2026-10-05T11:07:03,,2400000000.0,5000000000.0,2,9,12,0.49922727601866124,0.4992301,4949555200.000001,6,64,37500000.0,15000000.0,200000.0,20,39934782.608695656,-40.17077637
2026-10-05T11:07:03,,2400000000.0,5000000000.0,2,9,12,0.49922727601866124,0.4992301,4949555200.000001,6,64,37500000.0,15000000.0,200000.0,20,39956521.73913044,-40.63965607
2026-10-05T11:07:03,,2400000000.0,5000000000.0,2,9,12,0.49922727601866124,0.4992301,4949555200.000001,6,64,37500000.0,15000000.0,200000.0,20,39978260.86956522,-41.05638885
2026-10-05T11:07:03,,2400000000.0,5000000000.0,2,9,12,0.49922727601866124,0.4992301,4949555200.000001,6,64,37500000.0,15000000.0,200000.0,20,40000000.0,-41.41073227
2026-10-05T11:07:03,,2400000000.0,5000000000.0,2,9,12,0.49922727601866124,0.4992301,4949555200.000001,6,64,37500000.0,15000000.0,200000.0,20,40021739.13043478,-41.71166992
2026-10-05T11:07:03,,2400000000.0,5000000000.0,2,9,12,0.49922727601866124,0.4992301,4949555200.000001,6,64,37500000.0,15000000.0,200000.0,20,40043478.26086956,-41.73508072
2026-10-05T11:07:03,,2400000000.0,5000000000.0,2,9,12,0.49922727601866124,0.4992301,4949555200.000001,6,64,37500000.0,15000000.0,200000.0,20,40065217.391304344,-41.71560669
2026-10-05T11:07:03,,2400000000.0,5000000000.0,2,9,12,0.49922727601866124,0.4992301,4949555200.000001,6,64,37500000.0,15000000.0,200000.0,20,40086956.52173913,-41.95416641
2026-10-05T11:07:03,,2400000000.0,5000000000.0,2,9,12,0.49922727601866124,0.4992301,4949555200.000001,6,64,37500000.0,15000000.0,200000.0,20,40108695.652173914,-42.42287827
2026-10-05T11:07:03,,2400000000.0,5000000000.0,2,9,12,0.49922727601866124,0.4992301,4949555200.000001,6,64,37500000.0,15000000.0,200000.0,20,40130434.782608695,-41.88277054
2026-10-05T11:07:03,,2400000000.0,5000000000.0,2,9,12,0.49922727601866124,0.4992301,4949555200.000001,6,64,37500000.0,15000000.0,200000.0,20,40152173.91304348,-41.823349
2026-10-05T11:07:03,,2400000000.0,5000000000.0,2,9,12,0.49922727601866124,0.4992301,4949555200.000001,6,64,37500000.0,15000000.0,200000.0,20,40173913.043478265,-42.07907486
2026-10-05T11:07:03,,2400000000.0,5000000000.0,2,9,12,0.49922727601866124,0.4992301,4949555200.000001,6,64,37500000.0,15000000.0,200000.0,20,40195652.17391305,-41.58342743
2026-10-05T11:07:03,,2400000000.0,5000000000.0,2,9,12,0.49922727601866124,0.4992301,4949555200.000001,6,64,37500000.0,15000000.0,200000.0,20,40217391.30434783,-41.71861649
2026-10-05T11:07:03,,2400000000.0,5000000000.0,2,9,12,0.49922727601866124,0.4992301,4949555200.000001,6,64,37500000.0,15000000.0,200000.0,20,40239130.43478261,-42.15377045
2026-10-05T11:07:03,,2400000000.0,5000000000.0,2,9,12,0.49922727601866124,0.4992301,4949555200.000001,6,64,37500000.0,15000000.0,200000.0,20,40260869.56521739,-42.70827866
2026-10-05T11:07:03,,2400000000.0,5000000000.0,2,9,12,0.49922727601866124,0.4992301,4949555200.000001,6,64,37500000.0,15000000.0,200000.0,20,40282608.69565217,-43.15061188
2026-10-05T11:07:03,,2400000000.0,5000000000.0,2,9,12,0.49922727601866124,0.4992301,4949555200.000001,6,64,37500000.0,15000000.0,200000.0,20,40304347.82608695,-43.62293243
2026-10-05T11:07:03,,2400000000.0,5000000000.0,2,9,12,0.49922727601866124,0.4992301,4949555200.000001,6,64,37500000.0,15000000.0,200000.0,20,40326086.956521735,-43.04008102
2026-10-05T11:07:03,,2400000000.0,5000000000.0,2,9,12,0.49922727601866124,0.4992301,4949555200.000001,6,64,37500000.0,15000000.0,200000.0,20,40347826.08695652,-42.56797791
2026-10-05T11:07:03,,2400000000.0,5000000000.0,2,9,12,0.49922727601866124,0.4992301,4949555200.000001,6,64,37500000.0,15000000.0,200000.0,20,40369565.217391305,-42.57779312
2026-10-05T11:07:03,,2400000000.0,5000000000.0,2,9,12,0.49922727601866124,0.4992301,4949555200.000001,6,64,37500000.0,15000000.0,200000.0,20,40391304.347826086,-41.97805023
2026-10-05T11:07:03,,2400000000.0,5000000000.0,2,9,12,0.49922727601866124,0.4992301,4949555200.000001,6,64,37500000.0,15000000.0,200000.0,20,40413043.47826087,-41.6041832
2026-10-05T11:07:03,,2400000000.0,5000000000.0,2,9,12,0.49922727601866124,0.4992301,4949555200.000001,6,64,37500000.0,15000000.0,200000.0,20,40434782.608695656,-41.85915375
2026-10-05T11:07:03,,2400000000.0,5000000000.0,2,9,12,0.49922727601866124,0.4992301,4949555200.000001,6,64,37500000.0,15000000.0,200000.0,20,40456521.73913044,-40.78541183
2026-10-05T11:07:03,,2400000000.0,5000000000.0,2,9,12,0.49922727601866124,0.4992301,4949555200.000001,6,64,37500000.0,15000000.0,200000.0,20,40478260.86956522,-39.53038025
2026-10-05T11:07:03,,2400000000.0,5000000000.0,2,9,12,0.49922727601866124,0.4992301,4949555200.000001,6,64,37500000.0,15000000.0,200000.0,20,40500000.0,-38.74541473
2026-10-05T11:07:03,,2400000000.0,5000000000.0,2,9,12,0.49922727601866124,0.4992301,4949555200.000001,6,64,37500000.0,15000000.0,200000.0,20,40521739.13043478,-37.99163818
2026-10-05T11:07:03,,2400000000.0,5000000000.0,2,9,12,0.49922727601866124,0.4992301,4949555200.000001,6,64,37500000.0,15000000.0,200000.0,20,40543478.26086956,-37.19405365
2026-10-05T11:07:03,,2400000000.0,5000000000.0,2,9,12,0.49922727601866124,0.4992301,4949555200.000001,6,64,37500000.0,15000000.0,200000.0,20,40565217.391304344,-36.6890564
2026-10-05T11:07:03,,2400000000.0,5000000000.0,2,9,12,0.49922727601866124,0.4992301,4949555200.000001,6,64,37500000.0,15000000.0,200000.0,20,40586956.52173913,-36.47052765
2026-10-05T11:07:03,,2400000000.0,5000000000.0,2,9,12,0.49922727601866124,0.4992301,4949555200.000001,6,64,37500000.0,15000000.0,200000.0,20,40608695.652173914,-36.51437378
2026-10-05T11:07:03,,2400000000.0,5000000000.0,2,9,12,0.49922727601866124,0.4992301,4949555200.000001,6,64,37500000.0,15000000.0,200000.0,20,40630434.782608695,-36.80621338
2026-10-05T11:07:03,,2400000000.0,5000000000.0,2,9,12,0.49922727601866124,0.4992301,4949555200.000001,6,64,37500000.0,15000000.0,200000.0,20,40652173.91304348,-37.33481216
2026-10-05T11:07:03,,2400000000.0,5000000000.0,2,9,12,0.49922727601866124,0.4992301,4949555200.000001,6,64,37500000.0,15000000.0,200000.0,20,40673913.043478265,-38.08654022
2026-10-05T11:07:03,,2400000000.0,5000000000.0,2,9,12,0.49922727601866124,0.4992301,4949555200.000001,6,64,37500000.0,15000000.0,200000.0,20,40695652.17391305,-39.03921509
2026-10-05T11:07:03,,2400000000.0,5000000000.0,2,9,12,0.49922727601866124,0.4992301,4949555200.000001,6,64,37500000.0,15000000.0,200000.0,20,40717391.30434783,-40.14454651
2026-10-05T11:07:03,,2400000000.0,5000000000.0,2,9,12,0.49922727601866124,0.4992301,4949555200.000001,6,64,37500000.0,15000000.0,200000.0,20,40739130.43478261,-41.1850853
2026-10-05T11:07:03,,2400000000.0,5000000000.0,2,9,12,0.49922727601866124,0.4992301,4949555200.000001,6,64,37500000.0,15000000.0,200000.0,20,40760869.56521739,-41.66242981
2026-10-05T11:07:03,,2400000000.0,5000000000.0,2,9,12,0.49922727601866124,0.4992301,4949555200.000001,6,64,37500000.0,15000000.0,200000.0,20,40782608.69565217,-41.8980217
2026-10-05T11:07:03,,2400000000.0,5000000000.0,2,9,12,0.49922727601866124,0.4992301,4949555200.000001,6,64,37500000.0,15000000.0,200000.0,20,40804347.82608695,-42.22610474
2026-10-05T11:07:03,,2400000000.0,5000000000.0,2,9,12,0.49922727601866124,0.4992301,4949555200.000001,6,64,37500000.0,15000000.0,200000.0,20,40826086.956521735,-42.66174316
2026-10-05T11:07:03,,2400000000.0,5000000000.0,2,9,12,0.49922727601866124,0.4992301,4949555200.000001,6,64,37500000.0,15000000.0,200000.0,20,40847826.08695652,-43.18510056
2026-10-05T11:07:03,,2400000000.0,5000000000.0,2,9,12,0.49922727601866124,0.4992301,4949555200.000001,6,64,37500000.0,15000000.0,200000.0,20,40869565.217391305,-43.76207352
2026-10-05T11:07:03,,2400000000.0,5000000000.0,2,9,12,0.49922727601866124,0.4992301,4949555200.000001,6,64,37500000.0,15000000.0,200000.0,20,40891304.347826086,-44.36717987
2026-10-05T11:07:03,,2400000000.0,5000000000.0,2,9,12,0.49922727601866124,0.4992301,4949555200.000001,6,64,37500000.0,15000000.0,200000.0,20,40913043.47826087,-45.02733612
2026-10-05T11:07:03,,2400000000.0,5000000000.0,2,9,12,0.49922727601866124,0.4992301,4949555200.000001,6,64,37500000.0,15000000.0,200000.0,20,40934782.608695656,-45.70685577
2026-10-05T11:07:03,,2400000000.0,5000000000.0,2,9,12,0.49922727601866124,0.4992301,4949555200.000001,6,64,37500000.0,15000000.0,200000.0,20,40956521.73913044,-46.1623764
2026-10-05T11:07:03,,2400000000.0,5000000000.0,2,9,12,0.49922727601866124,0.4992301,4949555200.000001,6,64,37500000.0,15000000.0,200000.0,20,40978260.86956522,-46.8265419
2026-10-05T11:07:03,,2400000000.0,5000000000.0,2,9,12,0.49922727601866124,0.4992301,4949555200.000001,6,64,37500000.0,15000000.0,200000.0,20,41000000.0,-46.63652802
2026-10-05T11:07:03,,2400000000.0,5000000000.0,2,9,12,0.49922727601866124,0.4992301,4949555200.000001,6,64,37500000.0,15000000.0,200000.0,20,41021739.13043478,-46.05921173
2026-10-05T11:07:03,,2400000000.0,5000000000.0,2,9,12,0.49922727601866124,0.4992301,4949555200.000001,6,64,37500000.0,15000000.0,200000.0,20,41043478.26086956,-46.02814865
2026-10-05T11:07:03,,2400000000.0,5000000000.0,2,9,12,0.49922727601866124,0.4992301,4949555200.000001,6,64,37500000.0,15000000.0,200000.0,20,41065217.391304344,-46.17274475
2026-10-05T11:07:03,,2400000000.0,5000000000.0,2,9,12,0.49922727601866124,0.4992301,4949555200.000001,6,64,37500000.0,15000000.0,200000.0,20,41086956.52173913,-46.05451202
2026-10-05T11:07:03,,2400000000.0,5000000000.0,2,9,12,0.49922727601866124,0.4992301,4949555200.000001,6,64,37500000.0,15000000.0,200000.0,20,41108695.652173914,-45.98046875
2026-10-05T11:07:03,,2400000000.0,5000000000.0,2,9,12,0.49922727601866124,0.4992301,4949555200.000001,6,64,37500000.0,15000000.0,200000.0,20,41130434.782608695,-45.61715317
2026-10-05T11:07:03,,2400000000.0,5000000000.0,2,9,12,0.49922727601866124,0.4992301,4949555200.000001,6,64,37500000.0,15000000.0,200000.0,20,41152173.91304348,-45.0281868
2026-10-05T11:07:03,,2400000000.0,5000000000.0,2,9,12,0.49922727601866124,0.4992301,4949555200.000001,6,64,37500000.0,15000000.0,200000.0,20,41173913.043478265,-44.6272583
2026-10-05T11:07:03,,2400000000.0,5000000000.0,2,9,12,0.49922727601866124,0.4992301,4949555200.000001,6,64,37500000.0,15000000.0,200000.0,20,41195652.17391305,-44.31510162
2026-10-05T11:07:03,,2400000000.0,5000000000.0,2,9,12,0.49922727601866124,0.4992301,4949555200.000001,6,64,37500000.0,15000000.0,200000.0,20,41217391.30434783,-43.65081024
2026-10-05T11:07:03,,2400000000.0,5000000000.0,2,9,12,0.49922727601866124,0.4992301,4949555200.000001,6,64,37500000.0,15000000.0,200000.0,20,41239130.43478261,-43.12071228
2026-10-05T11:07:03,,2400000000.0,5000000000.0,2,9,12,0.49922727601866124,0.4992301,4949555200.000001,6,64,37500000.0,15000000.0,200000.0,20,41260869.56521739,-42.7822876
2026-10-05T11:07:03,,2400000000.0,5000000000.0,2,9,12,0.49922727601866124,0.4992301,4949555200.000001,6,64,37500000.0,15000000.0,200000.0,20,41282608.69565217,-42.6288147
2026-10-05T11:07:03,,2400000000.0,5000000000.0,2,9,12,0.49922727601866124,0.4992301,4949555200.000001,6,64,37500000.0,15000000.0,200000.0,20,41304347.82608695,-42.64195251
2026-10-05T11:07:03,,2400000000.0,5000000000.0,2,9,12,0.49922727601866124,0.4992301,4949555200.000001,6,64,37500000.0,15000000.0,200000.0,20,41326086.956521735,-42.75834656
2026-10-05T11:07:03,,2400000000.0,5000000000.0,2,9,12,0.49922727601866124,0.4992301,4949555200.000001,6,64,37500000.0,15000000.0,200000.0,20,41347826.08695652,-42.81737518
2026-10-05T11:07:03,,2400000000.0,5000000000.0,2,9,12,0.49922727601866124,0.4992301,4949555200.000001,6,64,37500000.0,15000000.0,200000.0,20,41369565.217391305,-42.75695801
2026-10-05T11:07:03,,2400000000.0,5000000000.0,2,9,12,0.49922727601866124,0.4992301,4949555200.000001,6,64,37500000.0,15000000.0,200000.0,20,41391304.347826086,-42.75212097
2026-10-05T11:07:03,,2400000000.0,5000000000.0,2,9,12,0.49922727601866124,0.4992301,4949555200.000001,6,64,37500000.0,15000000.0,200000.0,20,41413043.47826087,-42.91923141
2026-10-05T11:07:03,,2400000000.0,5000000000.0,2,9,12,0.49922727601866124,0.4992301,4949555200.000001,6,64,37500000.0,15000000.0,200000.0,20,41434782.608695656,-43.21741486
2026-10-05T11:07:03,,2400000000.0,5000000000.0,2,9,12,0.49922727601866124,0.4992301,4949555200.000001,6,64,37500000.0,15000000.0,200000.0,20,41456521.73913044,-43.59184265
2026-10-05T11:07:03,,2400000000.0,5000000000.0,2,9,12,0.49922727601866124,0.4992301,4949555200.000001,6,64,37500000.0,15000000.0,200000.0,20,41478260.86956522,-44.14923859
2026-10-05T11:07:03,,2400000000.0,5000000000.0,2,9,12,0.49922727601866124,0.4992301,4949555200.000001,6,64,37500000.0,15000000.0,200000.0,20,41500000.0,-44.68351746
2026-10-05T11:07:03,,2400000000.0,5000000000.0,2,9,12,0.49922727601866124,0.4992301,4949555200.000001,6,64,37500000.0,15000000.0,200000.0,20,41521739.13043478,-45.02569962
2026-10-05T11:07:03,,2400000000.0,5000000000.0,2,9,12,0.49922727601866124,0.4992301,4949555200.000001,6,64,37500000.0,15000000.0,200000.0,20,41543478.26086956,-45.41151428
2026-10-05T11:07:03,,2400000000.0,5000000000.0,2,9,12,0.49922727601866124,0.4992301,4949555200.000001,6,64,37500000.0,15000000.0,200000.0,20,41565217.391304344,-45.86940002
2026-10-05T11:07:03,,2400000000.0,5000000000.0,2,9,12,0.49922727601866124,0.4992301,4949555200.000001,6,64,37500000.0,15000000.0,200000.0,20,41586956.52173913,-46.37893677
2026-10-05T11:07:03,,2400000000.0,5000000000.0,2,9,12,0.49922727601866124,0.4992301,4949555200.000001,6,64,37500000.0,15000000.0,200000.0,20,41608695.652173914,-46.60634995
2026-10-05T11:07:03,,2400000000.0,5000000000.0,2,9,12,0.49922727601866124,0.4992301,4949555200.000001,6,64,37500000.0,15000000.0,200000.0,20,41630434.782608695,-46.11813354
2026-10-05T11:07:03,,2400000000.0,5000000000.0,2,9,12,0.49922727601866124,0.4992301,4949555200.000001,6,64,37500000.0,15000000.0,200000.0,20,41652173.91304348,-45.98449326
2026-10-05T11:07:03,,2400000000.0,5000000000.0,2,9,12,0.49922727601866124,0.4992301,4949555200.000001,6,64,37500000.0,15000000.0,200000.0,20,41673913.043478265,-46.02851105
2026-10-05T11:07:03,,2400000000.0,5000000000.0,2,9,12,0.49922727601866124,0.4992301,4949555200.000001,6,64,37500000.0,15000000.0,200000.0,20,41695652.17391305,-46.19257355
2026-10-05T11:07:03,,2400000000.0,5000000000.0,2,9,12,0.49922727601866124,0.4992301,4949555200.000001,6,64,37500000.0,15000000.0,200000.0,20,41717391.30434783,-46.44433594
2026-10-05T11:07:03,,2400000000.0,5000000000.0,2,9,12,0.49922727601866124,0.4992301,4949555200.000001,6,64,37500000.0,15000000.0,200000.0,20,41739130.43478261,-46.78445816
2026-10-05T11:07:03,,2400000000.0,5000000000.0,2,9,12,0.49922727601866124,0.4992301,4949555200.000001,6,64,37500000.0,15000000.0,200000.0,20,41760869.56521739,-47.24328613
2026-10-05T11:07:03,,2400000000.0,5000000000.0,2,9,12,0.49922727601866124,0.4992301,4949555200.000001,6,64,37500000.0,15000000.0,200000.0,20,41782608.69565217,-47.81964493
2026-10-05T11:07:03,,2400000000.0,5000000000.0,2,9,12,0.49922727601866124,0.4992301,4949555200.000001,6,64,37500000.0,15000000.0,200000.0,20,41804347.82608695,-48.38573837
2026-10-05T11:07:03,,2400000000.0,5000000000.0,2,9,12,0.49922727601866124,0.4992301,4949555200.000001,6,64,37500000.0,15000000.0,200000.0,20,41826086.956521735,-48.89680481
2026-10-05T11:07:03,,2400000000.0,5000000000.0,2,9,12,0.49922727601866124,0.4992301,4949555200.000001,6,64,37500000.0,15000000.0,200000.0,20,41847826.08695652,-49.24563599
2026-10-05T11:07:03,,2400000000.0,5000000000.0,2,9,12,0.49922727601866124,0.4992301,4949555200.000001,6,64,37500000.0,15000000.0,200000.0,20,41869565.217391305,-49.29660797
2026-10-05T11:07:03,,2400000000.0,5000000000.0,2,9,12,0.49922727601866124,0.4992301,4949555200.000001,6,64,37500000.0,15000000.0,200000.0,20,41891304.347826086,-49.23604202
2026-10-05T11:07:03,,2400000000.0,5000000000.0,2,9,12,0.49922727601866124,0.4992301,4949555200.000001,6,64,37500000.0,15000000.0,200000.0,20,41913043.47826087,-48.98595047
2026-10-05T11:07:03,,2400000000.0,5000000000.0,2,9,12,0.49922727601866124,0.4992301,4949555200.000001,6,64,37500000.0,15000000.0,200000.0,20,41934782.608695656,-48.73218155
2026-10-05T11:07:03,,2400000000.0,5000000000.0,2,9,12,0.49922727601866124,0.4992301,4949555200.000001,6,64,37500000.0,15000000.0,200000.0,20,41956521.73913044,-48.39647293
2026-10-05T11:07:03,,2400000000.0,5000000000.0,2,9,12,0.49922727601866124,0.4992301,4949555200.000001,6,64,37500000.0,15000000.0,200000.0,20,41978260.86956522,-48.05451584
2026-10-05T11:07:03,,2400000000.0,5000000000.0,2,9,12,0.49922727601866124,0.4992301,4949555200.000001,6,64,37500000.0,15000000.0,200000.0,20,42000000.0,-47.79541779
2026-10-05T11:07:03,,2400000000.0,5000000000.0,2,9,12,0.49922727601866124,0.4992301,4949555200.000001,6,64,37500000.0,15000000.0,200000.0,20,42021739.13043478,-47.62386703
2026-10-05T11:07:03,,2400000000.0,5000000000.0,2,9,12,0.49922727601866124,0.4992301,4949555200.000001,6,64,37500000.0,15000000.0,200000.0,20,42043478.26086956,-47.54781723
2026-10-05T11:07:03,,2400000000.0,5000000000.0,2,9,12,0.49922727601866124,0.4992301,4949555200.000001,6,64,37500000.0,15000000.0,200000.0,20,42065217.391304344,-47.59365463
2026-10-05T11:07:03,,2400000000.0,5000000000.0,2,9,12,0.49922727601866124,0.4992301,4949555200.000001,6,64,37500000.0,15000000.0,200000.0,20,42086956.52173913,-47.81001282
2026-10-05T11:07:03,,2400000000.0,5000000000.0,2,9,12,0.49922727601866124,0.4992301,4949555200.000001,6,64,37500000.0,15000000.0,200000.0,20,42108695.652173914,-48.07964706
2026-10-05T11:07:03,,2400000000.0,5000000000.0,2,9,12,0.49922727601866124,0.4992301,4949555200.000001,6,64,37500000.0,15000000.0,200000.0,20,42130434.782608695,-48.07155991
2026-10-05T11:07:03,,2400000000.0,5000000000.0,2,9,12,0.49922727601866124,0.4992301,4949555200.000001,6,64,37500000.0,15000000.0,200000.0,20,42152173.91304348,-48.29596329
2026-10-05T11:07:03,,2400000000.0,5000000000.0,2,9,12,0.49922727601866124,0.4992301,4949555200.000001,6,64,37500000.0,15000000.0,200000.0,20,42173913.043478265,-48.54944611
2026-10-05T11:07:03,,2400000000.0,5000000000.0,2,9,12,0.49922727601866124,0.4992301,4949555200.000001,6,64,37500000.0,15000000.0,200000.0,20,42195652.17391305,-48.45082092
2026-10-05T11:07:03,,2400000000.0,5000000000.0,2,9,12,0.49922727601866124,0.4992301,4949555200.000001,6,64,37500000.0,15000000.0,200000.0,20,42217391.30434783,-48.46944046
2026-10-05T11:07:03,,2400000000.0,5000000000.0,2,9,12,0.49922727601866124,0.4992301,4949555200.000001,6,64,37500000.0,15000000.0,200000.0,20,42239130.43478261,-47.87961197
2026-10-05T11:07:03,,2400000000.0,5000000000.0,2,9,12,0.49922727601866124,0.4992301,4949555200.000001,6,64,37500000.0,15000000.0,200000.0,20,42260869.56521739,-47.40458298
2026-10-05T11:07:03,,2400000000.0,5000000000.0,2,9,12,0.49922727601866124,0.4992301,4949555200.000001,6,64,37500000.0,15000000.0,200000.0,20,42282608.69565217,-47.18881989
2026-10-05T11:07:03,,2400000000.0,5000000000.0,2,9,12,0.49922727601866124,0.4992301,4949555200.000001,6,64,37500000.0,15000000.0,200000.0,20,42304347.82608695,-47.22517776
2026-10-05T11:07:03,,2400000000.0,5000000000.0,2,9,12,0.49922727601866124,0.4992301,4949555200.000001,6,64,37500000.0,15000000.0,200000.0,20,42326086.956521735,-47.54994202
2026-10-05T11:07:03,,2400000000.0,5000000000.0,2,9,12,0.49922727601866124,0.4992301,4949555200.000001,6,64,37500000.0,15000000.0,200000.0,20,42347826.08695652,-48.41571045
2026-10-05T11:07:03,,2400000000.0,5000000000.0,2,9,12,0.49922727601866124,0.4992301,4949555200.000001,6,64,37500000.0,15000000.0,200000.0,20,42369565.217391305,-48.54692078
2026-10-05T11:07:03,,2400000000.0,5000000000.0,2,9,12,0.49922727601866124,0.4992301,4949555200.000001,6,64,37500000.0,15000000.0,200000.0,20,42391304.347826086,-48.86160278
2026-10-05T11:07:03,,2400000000.0,5000000000.0,2,9,12,0.49922727601866124,0.4992301,4949555200.000001,6,64,37500000.0,15000000.0,200000.0,20,42413043.47826087,-48.7069397
2026-10-05T11:07:03,,2400000000.0,5000000000.0,2,9,12,0.49922727601866124,0.4992301,4949555200.000001,6,64,37500000.0,15000000.0,200000.0,20,42434782.608695656,-48.27709579
2026-10-05T11:07:03,,2400000000.0,5000000000.0,2,9,12,0.49922727601866124,0.4992301,4949555200.000001,6,64,37500000.0,15000000.0,200000.0,20,42456521.73913044,-47.97042084
2026-10-05T11:07:03,,2400000000.0,5000000000.0,2,9,12,0.49922727601866124,0.4992301,4949555200.000001,6,64,37500000.0,15000000.0,200000.0,20,42478260.86956522,-47.69426346
2026-10-05T11:07:03,,2400000000.0,5000000000.0,2,9,12,0.49922727601866124,0.4992301,4949555200.000001,6,64,37500000.0,15000000.0,200000.0,20,42500000.0,-47.71187592
2026-10-05T11:07:03,,2400000000.0,5000000000.0,2,9,12,0.49922727601866124,0.4992301,4949555200.000001,6,64,37500000.0,15000000.0,200000.0,20,42521739.13043478,-48.13227844
2026-10-05T11:07:03,,2400000000.0,5000000000.0,2,9,12,0.49922727601866124,0.4992301,4949555200.000001,6,64,37500000.0,15000000.0,200000.0,20,42543478.26086956,-48.94381714
2026-10-05T11:07:03,,2400000000.0,5000000000.0,2,9,12,0.49922727601866124,0.4992301,4949555200.000001,6,64,37500000.0,15000000.0,200000.0,20,42565217.391304344,-49.66811371
2026-10-05T11:07:03,,2400000000.0,5000000000.0,2,9,12,0.49922727601866124,0.4992301,4949555200.000001,6,64,37500000.0,15000000.0,200000.0,20,42586956.52173913,-49.76511002
2026-10-05T11:07:03,,2400000000.0,5000000000.0,2,9,12,0.49922727601866124,0.4992301,4949555200.000001,6,64,37500000.0,15000000.0,200000.0,20,42608695.652173914,-49.82929611
2026-10-05T11:07:03,,2400000000.0,5000000000.0,2,9,12,0.49922727601866124,0.4992301,4949555200.000001,6,64,37500000.0,15000000.0,200000.0,20,42630434.782608695,-50.01581573
2026-10-05T11:07:03,,2400000000.0,5000000000.0,2,9,12,0.49922727601866124,0.4992301,4949555200.000001,6,64,37500000.0,15000000.0,200000.0,20,42652173.91304348,-50.09293747
2026-10-05T11:07:03,,2400000000.0,5000000000.0,2,9,12,0.49922727601866124,0.4992301,4949555200.000001,6,64,37500000.0,15000000.0,200000.0,20,42673913.043478265,-50.22919464
2026-10-05T11:07:03,,2400000000.0,5000000000.0,2,9,12,0.49922727601866124,0.4992301,4949555200.000001,6,64,37500000.0,15000000.0,200000.0,20,42695652.17391305,-50.95503616
2026-10-05T11:07:03,,2400000000.0,5000000000.0,2,9,12,0.49922727601866124,0.4992301,4949555200.000001,6,64,37500000.0,15000000.0,200000.0,20,42717391.30434783,-50.41326141
2026-10-05T11:07:03,,2400000000.0,5000000000.0,2,9,12,0.49922727601866124,0.4992301,4949555200.000001,6,64,37500000.0,15000000.0,200000.0,20,42739130.43478261,-49.86378098
2026-10-05T11:07:03,,2400000000.0,5000000000.0,2,9,12,0.49922727601866124,0.4992301,4949555200.000001,6,64,37500000.0,15000000.0,200000.0,20,42760869.56521739,-49.63063431
2026-10-05T11:07:03,,2400000000.0,5000000000.0,2,9,12,0.49922727601866124,0.4992301,4949555200.000001,6,64,37500000.0,15000000.0,200000.0,20,42782608.69565217,-49.76794052
2026-10-05T11:07:03,,2400000000.0,5000000000.0,2,9,12,0.49922727601866124,0.4992301,4949555200.000001,6,64,37500000.0,15000000.0,200000.0,20,42804347.82608695,-50.44906998
2026-10-05T11:07:03,,2400000000.0,5000000000.0,2,9,12,0.49922727601866124,0.4992301,4949555200.000001,6,64,37500000.0,15000000.0,200000.0,20,42826086.956521735,-50.89921951
2026-10-05T11:07:03,,2400000000.0,5000000000.0,2,9,12,0.49922727601866124,0.4992301,4949555200.000001,6,64,37500000.0,15000000.0,200000.0,20,42847826.08695652,-50.69574738
2026-10-05T11:07:03,,2400000000.0,5000000000.0,2,9,12,0.49922727601866124,0.4992301,4949555200.000001,6,64,37500000.0,15000000.0,200000.0,20,42869565.217391305,-50.9107132
2026-10-05T11:07:03,,2400000000.0,5000000000.0,2,9,12,0.49922727601866124,0.4992301,4949555200.000001,6,64,37500000.0,15000000.0,200000.0,20,42891304.347826086,-50.62909698
2026-10-05T11:07:03,,2400000000.0,5000000000.0,2,9,12,0.49922727601866124,0.4992301,4949555200.000001,6,64,37500000.0,15000000.0,200000.0,20,42913043.47826087,-50.76968384
2026-10-05T11:07:03,,2400000000.0,5000000000.0,2,9,12,0.49922727601866124,0.4992301,4949555200.000001,6,64,37500000.0,15000000.0,200000.0,20,42934782.608695656,-51.29406738
2026-10-05T11:07:03,,2400000000.0,5000000000.0,2,9,12,0.49922727601866124,0.4992301,4949555200.000001,6,64,37500000.0,15000000.0,200000.0,20,42956521.73913044,-51.29011154
2026-10-05T11:07:03,,2400000000.0,5000000000.0,2,9,12,0.49922727601866124,0.4992301,4949555200.000001,6,64,37500000.0,15000000.0,200000.0,20,42978260.86956522,-50.81200409
2026-10-05T11:07:03,,2400000000.0,5000000000.0,2,9,12,0.49922727601866124,0.4992301,4949555200.000001,6,64,37500000.0,15000000.0,200000.0,20,43000000.0,-50.00719833
2026-10-05T11:07:03,,2400000000.0,5000000000.0,2,9,12,0.49922727601866124,0.4992301,4949555200.000001,6,64,37500000.0,15000000.0,200000.0,20,43021739.13043478,-49.42888641
2026-10-05T11:07:03,,2400000000.0,5000000000.0,2,9,12,0.49922727601866124,0.4992301,4949555200.000001,6,64,37500000.0,15000000.0,200000.0,20,43043478.26086956,-49.02234268
2026-10-05T11:07:03,,2400000000.0,5000000000.0,2,9,12,0.49922727601866124,0.4992301,4949555200.000001,6,64,37500000.0,15000000.0,200000.0,20,43065217.391304344,-48.72396851
2026-10-05T11:07:03,,2400000000.0,5000000000.0,2,9,12,0.49922727601866124,0.4992301,4949555200.000001,6,64,37500000.0,15000000.0,200000.0,20,43086956.52173913,-48.56909943
2026-10-05T11:07:03,,2400000000.0,5000000000.0,2,9,12,0.49922727601866124,0.4992301,4949555200.000001,6,64,37500000.0,15000000.0,200000.0,20,43108695.652173914,-48.65932465
2026-10-05T11:07:03,,2400000000.0,5000000000.0,2,9,12,0.49922727601866124,0.4992301,4949555200.000001,6,64,37500000.0,15000000.0,200000.0,20,43130434.782608695,-49.19720459
2026-10-05T11:07:03,,2400000000.0,5000000000.0,2,9,12,0.49922727601866124,0.4992301,4949555200.000001,6,64,37500000.0,15000000.0,200000.0,20,43152173.91304348,-48.85949326
2026-10-05T11:07:03,,2400000000.0,5000000000.0,2,9,12,0.49922727601866124,0.4992301,4949555200.000001,6,64,37500000.0,15000000.0,200000.0,20,43173913.043478265,-48.81125259
2026-10-05T11:07:03,,2400000000.0,5000000000.0,2,9,12,0.49922727601866124,0.4992301,4949555200.000001,6,64,37500000.0,15000000.0,200000.0,20,43195652.17391305,-49.05762482
2026-10-05T11:07:03,,2400000000.0,5000000000.0,2,9,12,0.49922727601866124,0.4992301,4949555200.000001,6,64,37500000.0,15000000.0,200000.0,20,43217391.30434783,-49.98673248
2026-10-05T11:07:03,,2400000000.0,5000000000.0,2,9,12,0.49922727601866124,0.4992301,4949555200.000001,6,64,37500000.0,15000000.0,200000.0,20,43239130.43478261,-49.08153534
2026-10-05T11:07:03,,2400000000.0,5000000000.0,2,9,12,0.49922727601866124,0.4992301,4949555200.000001,6,64,37500000.0,15000000.0,200000.0,20,43260869.56521739,-48.66201782
2026-10-05T11:07:03,,2400000000.0,5000000000.0,2,9,12,0.49922727601866124,0.4992301,4949555200.000001,6,64,37500000.0,15000000.0,200000.0,20,43282608.69565217,-48.45669937
2026-10-05T11:07:03,,2400000000.0,5000000000.0,2,9,12,0.49922727601866124,0.4992301,4949555200.000001,6,64,37500000.0,15000000.0,200000.0,20,43304347.82608695,-48.43333817
2026-10-05T11:07:03,,2400000000.0,5000000000.0,2,9,12,0.49922727601866124,0.4992301,4949555200.000001,6,64,37500000.0,15000000.0,200000.0,20,43326086.956521735,-48.46860886
2026-10-05T11:07:03,,2400000000.0,5000000000.0,2,9,12,0.49922727601866124,0.4992301,4949555200.000001,6,64,37500000.0,15000000.0,200000.0,20,43347826.08695652,-48.47114944
2026-10-05T11:07:03,,2400000000.0,5000000000.0,2,9,12,0.49922727601866124,0.4992301,4949555200.000001,6,64,37500000.0,15000000.0,200000.0,20,43369565.217391305,-48.4058075
2026-10-05T11:07:03,,2400000000.0,5000000000.0,2,9,12,0.49922727601866124,0.4992301,4949555200.000001,6,64,37500000.0,15000000.0,200000.0,20,43391304.347826086,-47.97794724
2026-10-05T11:07:03,,2400000000.0,5000000000.0,2,9,12,0.49922727601866124,0.4992301,4949555200.000001,6,64,37500000.0,15000000.0,200000.0,20,43413043.47826087,-47.46025848
2026-10-05T11:07:03,,2400000000.0,5000000000.0,2,9,12,0.49922727601866124,0.4992301,4949555200.000001,6,64,37500000.0,15000000.0,200000.0,20,43434782.608695656,-47.12332916
2026-10-05T11:07:03,,2400000000.0,5000000000.0,2,9,12,0.49922727601866124,0.4992301,4949555200.000001,6,64,37500000.0,15000000.0,200000.0,20,43456521.73913044,-47.01813889
2026-10-05T11:07:03,,2400000000.0,5000000000.0,2,9,12,0.49922727601866124,0.4992301,4949555200.000001,6,64,37500000.0,15000000.0,200000.0,20,43478260.86956522,-46.85078049
2026-10-05T11:07:03,,2400000000.0,5000000000.0,2,9,12,0.49922727601866124,0.4992301,4949555200.000001,6,64,37500000.0,15000000.0,200000.0,20,43500000.0,-46.5954361
2026-10-05T11:07:03,,2400000000.0,5000000000.0,2,9,12,0.49922727601866124,0.4992301,4949555200.000001,6,64,37500000.0,15000000.0,200000.0,20,43521739.13043478,-46.73770523
2026-10-05T11:07:03,,2400000000.0,5000000000.0,2,9,12,0.49922727601866124,0.4992301,4949555200.000001,6,64,37500000.0,15000000.0,200000.0,20,43543478.26086956,-46.93056107
2026-10-05T11:07:03,,2400000000.0,5000000000.0,2,9,12,0.49922727601866124,0.4992301,4949555200.000001,6,64,37500000.0,15000000.0,200000.0,20,43565217.391304344,-46.05171967
2026-10-05T11:07:03,,2400000000.0,5000000000.0,2,9,12,0.49922727601866124,0.4992301,4949555200.000001,6,64,37500000.0,15000000.0,200000.0,20,43586956.52173913,-45.43598557
2026-10-05T11:07:03,,2400000000.0,5000000000.0,2,9,12,0.49922727601866124,0.4992301,4949555200.000001,6,64,37500000.0,15000000.0,200000.0,20,43608695.652173914,-44.93593597
2026-10-05T11:07:03,,2400000000.0,5000000000.0,2,9,12,0.49922727601866124,0.4992301,4949555200.000001,6,64,37500000.0,15000000.0,200000.0,20,43630434.782608695,-44.59613037
2026-10-05T11:07:03,,2400000000.0,5000000000.0,2,9,12,0.49922727601866124,0.4992301,4949555200.000001,6,64,37500000.0,15000000.0,200000.0,20,43652173.91304348,-44.42177963
2026-10-05T11:07:03,,2400000000.0,5000000000.0,2,9,12,0.49922727601866124,0.4992301,4949555200.000001,6,64,37500000.0,15000000.0,200000.0,20,43673913.043478265,-44.41543579
2026-10-05T11:07:03,,2400000000.0,5000000000.0,2,9,12,0.49922727601866124,0.4992301,4949555200.000001,6,64,37500000.0,15000000.0,200000.0,20,43695652.17391305,-44.60962296
2026-10-05T11:07:03,,2400000000.0,5000000000.0,2,9,12,0.49922727601866124,0.4992301,4949555200.000001,6,64,37500000.0,15000000.0,200000.0,20,43717391.30434783,-45.07411194
2026-10-05T11:07:03,,2400000000.0,5000000000.0,2,9,12,0.49922727601866124,0.4992301,4949555200.000001,6,64,37500000.0,15000000.0,200000.0,20,43739130.43478261,-45.80964279
2026-10-05T11:07:03,,2400000000.0,5000000000.0,2,9,12,0.49922727601866124,0.4992301,4949555200.000001,6,64,37500000.0,15000000.0,200000.0,20,43760869.56521739,-45.89632416
2026-10-05T11:07:03,,2400000000.0,5000000000.0,2,9,12,0.49922727601866124,0.4992301,4949555200.000001,6,64,37500000.0,15000000.0,200000.0,20,43782608.69565217,-46.34635925
2026-10-05T11:07:03,,2400000000.0,5000000000.0,2,9,12,0.49922727601866124,0.4992301,4949555200.000001,6,64,37500000.0,15000000.0,200000.0,20,43804347.82608695,-46.90121841
2026-10-05T11:07:03,,2400000000.0,5000000000.0,2,9,12,0.49922727601866124,0.4992301,4949555200.000001,6,64,37500000.0,15000000.0,200000.0,20,43826086.956521735,-47.28250504
2026-10-05T11:07:03,,2400000000.0,5000000000.0,2,9,12,0.49922727601866124,0.4992301,4949555200.000001,6,64,37500000.0,15000000.0,200000.0,20,43847826.08695652,-47.27941513
2026-10-05T11:07:03,,2400000000.0,5000000000.0,2,9,12,0.49922727601866124,0.4992301,4949555200.000001,6,64,37500000.0,15000000.0,200000.0,20,43869565.217391305,-46.5030365
2026-10-05T11:07:03,,2400000000.0,5000000000.0,2,9,12,0.49922727601866124,0.4992301,4949555200.000001,6,64,37500000.0,15000000.0,200000.0,20,43891304.347826086,-46.397892
2026-10-05T11:07:03,,2400000000.0,5000000000.0,2,9,12,0.49922727601866124,0.4992301,4949555200.000001,6,64,37500000.0,15000000.0,200000.0,20,43913043.47826087,-45.26662445
2026-10-05T11:07:03,,2400000000.0,5000000000.0,2,9,12,0.49922727601866124,0.4992301,4949555200.000001,6,64,37500000.0,15000000.0,200000.0,20,43934782.608695656,-44.67871857
2026-10-05T11:07:03,,2400000000.0,5000000000.0,2,9,12,0.49922727601866124,0.4992301,4949555200.000001,6,64,37500000.0,15000000.0,200000.0,20,43956521.73913044,-44.30707932
2026-10-05T11:07:03,,2400000000.0,5000000000.0,2,9,12,0.49922727601866124,0.4992301,4949555200.000001,6,64,37500000.0,15000000.0,200000.0,20,43978260.86956522,-44.11661911
2026-10-05T11:07:03,,2400000000.0,5000000000.0,2,9,12,0.49922727601866124,0.4992301,4949555200.000001,6,64,37500000.0,15000000.0,200000.0,20,44000000.0,-44.10614777
2026-10-05T11:07:03,,2400000000.0,5000000000.0,2,9,12,0.49922727601866124,0.4992301,4949555200.000001,6,64,37500000.0,15000000.0,200000.0,20,44021739.13043478,-44.25873566
2026-10-05T11:07:03,,2400000000.0,5000000000.0,2,9,12,0.49922727601866124,0.4992301,4949555200.000001,6,64,37500000.0,15000000.0,200000.0,20,44043478.26086956,-44.55479813
2026-10-05T11:07:03,,2400000000.0,5000000000.0,2,9,12,0.49922727601866124,0.4992301,4949555200.000001,6,64,37500000.0,15000000.0,200000.0,20,44065217.391304344,-45.0007515
2026-10-05T11:07:03,,2400000000.0,5000000000.0,2,9,12,0.49922727601866124,0.4992301,4949555200.000001,6,64,37500000.0,15000000.0,200000.0,20,44086956.52173913,-45.59290695
2026-10-05T11:07:03,,2400000000.0,5000000000.0,2,9,12,0.49922727601866124,0.4992301,4949555200.000001,6,64,37500000.0,15000000.0,200000.0,20,44108695.652173914,-45.4540596
2026-10-05T11:07:03,,2400000000.0,5000000000.0,2,9,12,0.49922727601866124,0.4992301,4949555200.000001,6,64,37500000.0,15000000.0,200000.0,20,44130434.782608695,-45.31621552
2026-10-05T11:07:03,,2400000000.0,5000000000.0,2,9,12,0.49922727601866124,0.4992301,4949555200.000001,6,64,37500000.0,15000000.0,200000.0,20,44152173.91304348,-45.59615707
2026-10-05T11:07:03,,2400000000.0,5000000000.0,2,9,12,0.49922727601866124,0.4992301,4949555200.000001,6,64,37500000.0,15000000.0,200000.0,20,44173913.043478265,-46.56653976
2026-10-05T11:07:03,,2400000000.0,5000000000.0,2,9,12,0.49922727601866124,0.4992301,4949555200.000001,6,64,37500000.0,15000000.0,200000.0,20,44195652.17391305,-46.5441246
2026-10-05T11:07:03,,2400000000.0,5000000000.0,2,9,12,0.49922727601866124,0.4992301,4949555200.000001,6,64,37500000.0,15000000.0,200000.0,20,44217391.30434783,-46.30611038
2026-10-05T11:07:03,,2400000000.0,5000000000.0,2,9,12,0.49922727601866124,0.4992301,4949555200.000001,6,64,37500000.0,15000000.0,200000.0,20,44239130.43478261,-46.30338669
2026-10-05T11:07:03,,2400000000.0,5000000000.0,2,9,12,0.49922727601866124,0.4992301,4949555200.000001,6,64,37500000.0,15000000.0,200000.0,20,44260869.56521739,-45.78746033
2026-10-05T11:07:03,,2400000000.0,5000000000.0,2,9,12,0.49922727601866124,0.4992301,4949555200.000001,6,64,37500000.0,15000000.0,200000.0,20,44282608.69565217,-45.52967072
2026-10-05T11:07:03,,2400000000.0,5000000000.0,2,9,12,0.49922727601866124,0.4992301,4949555200.000001,6,64,37500000.0,15000000.0,200000.0,20,44304347.82608695,-45.51550674
2026-10-05T11:07:03,,2400000000.0,5000000000.0,2,9,12,0.49922727601866124,0.4992301,4949555200.000001,6,64,37500000.0,15000000.0,200000.0,20,44326086.956521735,-45.67588806
2026-10-05T11:07:03,,2400000000.0,5000000000.0,2,9,12,0.49922727601866124,0.4992301,4949555200.000001,6,64,37500000.0,15000000.0,200000.0,20,44347826.08695652,-45.91553497
2026-10-05T11:07:03,,2400000000.0,5000000000.0,2,9,12,0.49922727601866124,0.4992301,4949555200.000001,6,64,37500000.0,15000000.0,200000.0,20,44369565.217391305,-46.11758423
2026-10-05T11:07:03,,2400000000.0,5000000000.0,2,9,12,0.49922727601866124,0.4992301,4949555200.000001,6,64,37500000.0,15000000.0,200000.0,20,44391304.347826086,-46.23160934
2026-10-05T11:07:03,,2400000000.0,5000000000.0,2,9,12,0.49922727601866124,0.4992301,4949555200.000001,6,64,37500000.0,15000000.0,200000.0,20,44413043.47826087,-46.26580429
2026-10-05T11:07:03,,2400000000.0,5000000000.0,2,9,12,0.49922727601866124,0.4992301,4949555200.000001,6,64,37500000.0,15000000.0,200000.0,20,44434782.608695656,-46.21906662
2026-10-05T11:07:03,,2400000000.0,5000000000.0,2,9,12,0.49922727601866124,0.4992301,4949555200.000001,6,64,37500000.0,15000000.0,200000.0,20,44456521.73913044,-46.15603256
2026-10-05T11:07:03,,2400000000.0,5000000000.0,2,9,12,0.49922727601866124,0.4992301,4949555200.000001,6,64,37500000.0,15000000.0,200000.0,20,44478260.86956522,-46.265522
2026-10-05T11:07:03,,2400000000.0,5000000000.0,2,9,12,0.49922727601866124,0.4992301,4949555200.000001,6,64,37500000.0,15000000.0,200000.0,20,44500000.0,-46.17813873
2026-10-05T11:07:03,,2400000000.0,5000000000.0,2,9,12,0.49922727601866124,0.4992301,4949555200.000001,6,64,37500000.0,15000000.0,200000.0,20,44521739.13043478,-45.7460556
2026-10-05T11:07:03,,2400000000.0,5000000000.0,2,9,12,0.49922727601866124,0.4992301,4949555200.000001,6,64,37500000.0,15000000.0,200000.0,20,44543478.26086956,-45.52473831
2026-10-05T11:07:03,,2400000000.0,5000000000.0,2,9,12,0.49922727601866124,0.4992301,4949555200.000001,6,64,37500000.0,15000000.0,200000.0,20,44565217.391304344,-45.58887863
2026-10-05T11:07:03,,2400000000.0,5000000000.0,2,9,12,0.49922727601866124,0.4992301,4949555200.000001,6,64,37500000.0,15000000.0,200000.0,20,44586956.52173913,-46.05187607
2026-10-05T11:07:03,,2400000000.0,5000000000.0,2,9,12,0.49922727601866124,0.4992301,4949555200.000001,6,64,37500000.0,15000000.0,200000.0,20,44608695.652173914,-46.41896439
2026-10-05T11:07:03,,2400000000.0,5000000000.0,2,9,12,0.49922727601866124,0.4992301,4949555200.000001,6,64,37500000.0,15000000.0,200000.0,20,44630434.782608695,-46.55762482
2026-10-05T11:07:03,,2400000000.0,5000000000.0,2,9,12,0.49922727601866124,0.4992301,4949555200.000001,6,64,37500000.0,15000000.0,200000.0,20,44652173.91304348,-46.19981766
2026-10-05T11:07:03,,2400000000.0,5000000000.0,2,9,12,0.49922727601866124,0.4992301,4949555200.000001,6,64,37500000.0,15000000.0,200000.0,20,44673913.043478265,-46.13731003
2026-10-05T11:07:03,,2400000000.0,5000000000.0,2,9,12,0.49922727601866124,0.4992301,4949555200.000001,6,64,37500000.0,15000000.0,200000.0,20,44695652.17391305,-46.24753952
2026-10-05T11:07:03,,2400000000.0,5000000000.0,2,9,12,0.49922727601866124,0.4992301,4949555200.000001,6,64,37500000.0,15000000.0,200000.0,20,44717391.30434783,-46.39829254
2026-10-05T11:07:03,,2400000000.0,5000000000.0,2,9,12,0.49922727601866124,0.4992301,4949555200.000001,6,64,37500000.0,15000000.0,200000.0,20,44739130.43478261,-46.48404312
2026-10-05T11:07:03,,2400000000.0,5000000000.0,2,9,12,0.49922727601866124,0.4992301,4949555200.000001,6,64,37500000.0,15000000.0,200000.0,20,44760869.56521739,-46.46681976
2026-10-05T11:07:03,,2400000000.0,5000000000.0,2,9,12,0.49922727601866124,0.4992301,4949555200.000001,6,64,37500000.0,15000000.0,200000.0,20,44782608.69565217,-46.4389801
2026-10-05T11:07:03,,2400000000.0,5000000000.0,2,9,12,0.49922727601866124,0.4992301,4949555200.000001,6,64,37500000.0,15000000.0,200000.0,20,44804347.82608695,-46.54460907
2026-10-05T11:07:03,,2400000000.0,5000000000.0,2,9,12,0.49922727601866124,0.4992301,4949555200.000001,6,64,37500000.0,15000000.0,200000.0,20,44826086.956521735,-46.82326508
2026-10-05T11:07:03,,2400000000.0,5000000000.0,2,9,12,0.49922727601866124,0.4992301,4949555200.000001,6,64,37500000.0,15000000.0,200000.0,20,44847826.08695652,-47.09955597
2026-10-05T11:07:03,,2400000000.0,5000000000.0,2,9,12,0.49922727601866124,0.4992301,4949555200.000001,6,64,37500000.0,15000000.0,200000.0,20,44869565.217391305,-47.32322311
2026-10-05T11:07:03,,2400000000.0,5000000000.0,2,9,12,0.49922727601866124,0.4992301,4949555200.000001,6,64,37500000.0,15000000.0,200000.0,20,44891304.347826086,-47.4619751
2026-10-05T11:07:03,,2400000000.0,5000000000.0,2,9,12,0.49922727601866124,0.4992301,4949555200.000001,6,64,37500000.0,15000000.0,200000.0,20,44913043.47826087,-47.22381973
2026-10-05T11:07:03,,2400000000.0,5000000000.0,2,9,12,0.49922727601866124,0.4992301,4949555200.000001,6,64,37500000.0,15000000.0,200000.0,20,44934782.608695656,-46.84031677
2026-10-05T11:07:03,,2400000000.0,5000000000.0,2,9,12,0.49922727601866124,0.4992301,4949555200.000001,6,64,37500000.0,15000000.0,200000.0,20,44956521.73913044,-46.77127838
2026-10-05T11:07:03,,2400000000.0,5000000000.0,2,9,12,0.49922727601866124,0.4992301,4949555200.000001,6,64,37500000.0,15000000.0,200000.0,20,44978260.86956522,-46.11856842
2026-10-05T11:07:03,,2400000000.0,5000000000.0,2,9,12,0.49922727601866124,0.4992301,4949555200.000001,6,64,37500000.0,15000000.0,200000.0,20,45000000.0,-45.25857925
